signal_id,ticker,signal_date,primary_date,primary_target,range_low,range_high,spot_price_at_signal,side,direction,bucket,flow_score,flow_classification,flow_premium,flow_count,gateway_coil_position,gateway_pos_drift,gateway_above_50sma,coil_pct_raw,rs_delta_raw,source
trackb_cont_HCC_20260603,HCC,2026-06-03,2026-08-02,,,,107.1099,call,BULLISH,CONTINUATION,10.0,BULLISH,425051.0,8,True,True,True,0.9962,0.00852,track_b_cont
trackb_cont_CSCO_20260603,CSCO,2026-06-03,2026-08-02,,,,127.93,call,BULLISH,CONTINUATION,9.35,BULLISH,8687626.0,58,True,True,True,0.9941,0.023345,track_b_cont
trackb_cont_AAPL_20260603,AAPL,2026-06-03,2026-08-02,,,,311.5,call,BULLISH,CONTINUATION,8.67,BULLISH,47202227.0,100,True,True,True,0.9936,0.01491,track_b_cont
trackb_cont_ALAB_20260603,ALAB,2026-06-03,2026-08-02,,,,354.75,call,BULLISH,CONTINUATION,6.99,LEAN BULLISH,5735495.0,34,True,True,True,0.9962,0.130999,track_b_cont
trackb_cont_AMAT_20260603,AMAT,2026-06-03,2026-08-02,,,,498.0,call,BULLISH,CONTINUATION,6.73,LEAN BULLISH,6738070.0,30,True,True,True,0.9846,0.013426,track_b_cont
trackb_cont_LRCX_20260603,LRCX,2026-06-03,2026-08-02,,,,339.195,call,BULLISH,CONTINUATION,6.33,LEAN BULLISH,10073639.0,71,True,True,True,0.9841,0.022658,track_b_cont
trackb_cont_FLEX_20260603,FLEX,2026-06-03,2026-08-02,,,,164.195,call,BULLISH,CONTINUATION,5.61,LEAN BULLISH,448902.0,6,True,True,True,0.9936,0.010814,track_b_cont
trackb_cont_CDNS_20260603,CDNS,2026-06-03,2026-08-02,,,,401.56,call,BULLISH,CONTINUATION,5.21,NEUTRAL,1397773.0,9,True,True,True,0.9965,0.017491,track_b_cont
trackb_cont_NVRI_20260603,NVRI,2026-06-03,2026-08-02,,,,18.33,call,BULLISH,CONTINUATION,5.0,NEUTRAL,0.0,0,True,True,True,1.0,0.002075,track_b_cont
trackb_cont_EXTR_20260603,EXTR,2026-06-03,2026-08-02,,,,28.67,call,BULLISH,CONTINUATION,5.0,NEUTRAL,0.0,0,True,True,True,1.0,0.002527,track_b_cont
trackb_cont_SPXC_20260603,SPXC,2026-06-03,2026-08-02,,,,239.62,call,BULLISH,CONTINUATION,5.0,NEUTRAL,147000.0,1,True,True,True,0.9974,0.006647,track_b_cont
trackb_cont_HPP_20260603,HPP,2026-06-03,2026-08-02,,,,12.915,call,BULLISH,CONTINUATION,5.0,NEUTRAL,0.0,0,True,True,True,0.9955,0.000778,track_b_cont
trackb_cont_CVLG_20260603,CVLG,2026-06-03,2026-08-02,,,,42.0588,call,BULLISH,CONTINUATION,5.0,NEUTRAL,0.0,0,True,True,True,0.9955,0.007161,track_b_cont
trackb_cont_CUZ_20260603,CUZ,2026-06-03,2026-08-02,,,,27.18,call,BULLISH,CONTINUATION,5.0,NEUTRAL,0.0,0,True,True,True,0.995,-0.000196,track_b_cont
trackb_cont_ORA_20260603,ORA,2026-06-03,2026-08-02,,,,145.665,call,BULLISH,CONTINUATION,5.0,NEUTRAL,80200.0,2,True,True,True,0.9922,0.013721,track_b_cont
trackb_cont_DBI_20260603,DBI,2026-06-03,2026-08-02,,,,8.6,call,BULLISH,CONTINUATION,5.0,NEUTRAL,0.0,0,True,True,True,0.9889,0.00068,track_b_cont
trackb_cont_PRLB_20260603,PRLB,2026-06-03,2026-08-02,,,,75.6,call,BULLISH,CONTINUATION,5.0,NEUTRAL,0.0,0,True,True,True,0.9886,0.003348,track_b_cont
trackb_cont_PK_20260603,PK,2026-06-03,2026-08-02,,,,13.625,call,BULLISH,CONTINUATION,5.0,NEUTRAL,20780.0,2,True,True,True,0.9869,0.000963,track_b_cont
trackb_cont_SANM_20260603,SANM,2026-06-03,2026-08-02,,,,283.72,call,BULLISH,CONTINUATION,5.0,NEUTRAL,0.0,0,True,True,True,0.9868,0.015842,track_b_cont
trackb_cont_MEC_20260603,MEC,2026-06-03,2026-08-02,,,,32.37,call,BULLISH,CONTINUATION,5.0,NEUTRAL,0.0,0,True,True,True,0.9852,0.001266,track_b_cont
trackb_cont_KREF_20260603,KREF,2026-06-03,2026-08-02,,,,6.735,call,BULLISH,CONTINUATION,5.0,NEUTRAL,0.0,0,True,True,True,0.9851,-8.6e-05,track_b_cont
trackb_cont_SHOO_20260603,SHOO,2026-06-03,2026-08-02,,,,43.79,call,BULLISH,CONTINUATION,5.0,NEUTRAL,0.0,0,True,True,True,0.9847,0.003512,track_b_cont
trackb_cont_CZR_20260603,CZR,2026-06-03,2026-08-02,,,,29.245,call,BULLISH,CONTINUATION,5.0,NEUTRAL,94278.0,4,True,True,True,0.9841,0.000759,track_b_cont
trackb_cont_MRVL_20260603,MRVL,2026-06-03,2026-08-02,,,,303.73,call,BULLISH,CONTINUATION,4.26,NEUTRAL,16677506.0,100,True,True,True,0.9962,0.044703,track_b_cont
trackb_cont_FTNT_20260603,FTNT,2026-06-03,2026-08-02,,,,147.055,call,BULLISH,CONTINUATION,3.34,NEUTRAL,866313.0,6,True,True,True,0.9972,0.032516,track_b_cont
trackb_cont_RMBS_20260603,RMBS,2026-06-03,2026-08-02,,,,169.9175,call,BULLISH,CONTINUATION,,,,,True,True,True,0.9831,0.020905,track_b_cont
trackb_cont_TMHC_20260603,TMHC,2026-06-03,2026-08-02,,,,71.585,call,BULLISH,CONTINUATION,,,,,True,True,True,0.9824,0.001461,track_b_cont
trackb_cont_TKR_20260603,TKR,2026-06-03,2026-08-02,,,,131.815,call,BULLISH,CONTINUATION,,,,,True,True,True,0.9806,0.008299,track_b_cont
trackb_cont_CIEN_20260603,CIEN,2026-06-03,2026-08-02,,,,627.195,call,BULLISH,CONTINUATION,,,,,True,True,True,0.98,0.008186,track_b_cont
trackb_cont_NET_20260603,NET,2026-06-03,2026-08-02,,,,261.1,call,BULLISH,CONTINUATION,,,,,True,True,True,0.9778,0.013381,track_b_cont
trackb_cont_PACK_20260603,PACK,2026-06-03,2026-08-02,,,,7.02,call,BULLISH,CONTINUATION,,,,,True,True,True,0.9778,0.00034,track_b_cont
trackb_cont_SNDR_20260603,SNDR,2026-06-03,2026-08-02,,,,36.68,call,BULLISH,CONTINUATION,,,,,True,True,True,0.9774,0.00458,track_b_cont
trackb_cont_ATEX_20260603,ATEX,2026-06-03,2026-08-02,,,,65.525,call,BULLISH,CONTINUATION,,,,,True,True,True,0.9773,0.011044,track_b_cont
trackb_cont_LFUS_20260603,LFUS,2026-06-03,2026-08-02,,,,493.53,call,BULLISH,CONTINUATION,,,,,True,True,True,0.9767,0.005767,track_b_cont
trackb_cont_CLDT_20260603,CLDT,2026-06-03,2026-08-02,,,,11.15,call,BULLISH,CONTINUATION,,,,,True,True,True,0.9764,0.001376,track_b_cont
trackb_cont_ARCB_20260603,ARCB,2026-06-03,2026-08-02,,,,140.76,call,BULLISH,CONTINUATION,,,,,True,True,True,0.9746,0.013723,track_b_cont
trackb_cont_MU_20260603,MU,2026-06-03,2026-08-02,,,,1058.15,call,BULLISH,CONTINUATION,,,,,True,True,True,0.9736,0.197073,track_b_cont
trackb_cont_IBM_20260603,IBM,2026-06-03,2026-08-02,,,,304.0991,call,BULLISH,CONTINUATION,,,,,True,True,True,0.9731,0.052212,track_b_cont
trackb_cont_FSLR_20260603,FSLR,2026-06-03,2026-08-02,,,,316.44,call,BULLISH,CONTINUATION,,,,,True,True,True,0.9731,0.059288,track_b_cont
trackb_cont_AEHR_20260603,AEHR,2026-06-03,2026-08-02,,,,114.93,call,BULLISH,CONTINUATION,,,,,True,True,True,0.9726,-0.003833,track_b_cont
trackb_cont_WERN_20260603,WERN,2026-06-03,2026-08-02,,,,43.1,call,BULLISH,CONTINUATION,,,,,True,True,True,0.9719,0.005842,track_b_cont
trackb_cont_AXON_20260603,AXON,2026-06-03,2026-08-02,,,,479.07,call,BULLISH,CONTINUATION,,,,,True,True,True,0.9716,0.024485,track_b_cont
trackb_cont_TE_20260603,TE,2026-06-03,2026-08-02,,,,11.58,call,BULLISH,CONTINUATION,,,,,True,True,True,0.971,0.005406,track_b_cont
trackb_cont_JEF_20260603,JEF,2026-06-03,2026-08-02,,,,53.02,call,BULLISH,CONTINUATION,,,,,True,True,True,0.9697,-4.1e-05,track_b_cont
trackb_cont_MSGS_20260603,MSGS,2026-06-03,2026-08-02,,,,381.76,call,BULLISH,CONTINUATION,,,,,True,True,True,0.9691,0.023792,track_b_cont
trackb_cont_AMD_20260603,AMD,2026-06-03,2026-08-02,,,,531.4,call,BULLISH,CONTINUATION,,,,,True,True,True,0.969,0.074102,track_b_cont
trackb_cont_PUSA_20260603,PUSA,2026-06-03,2026-08-02,,,,5.88,call,BULLISH,CONTINUATION,,,,,True,True,True,0.9686,-0.000499,track_b_cont
trackb_cont_TITN_20260603,TITN,2026-06-03,2026-08-02,,,,23.35,call,BULLISH,CONTINUATION,,,,,True,True,True,0.9685,-0.000947,track_b_cont
trackb_cont_VSXY_20260603,VSXY,2026-06-03,2026-08-02,,,,73.71,call,BULLISH,CONTINUATION,,,,,True,True,True,0.968,0.009232,track_b_cont
trackb_cont_UTI_20260603,UTI,2026-06-03,2026-08-02,,,,43.5599,call,BULLISH,CONTINUATION,,,,,True,True,True,0.9679,0.000295,track_b_cont
trackb_cont_HTLD_20260603,HTLD,2026-06-03,2026-08-02,,,,15.53,call,BULLISH,CONTINUATION,,,,,True,True,True,0.9668,0.002163,track_b_cont
trackb_cont_VNO_20260603,VNO,2026-06-03,2026-08-02,,,,33.6,call,BULLISH,CONTINUATION,,,,,True,True,True,0.9657,0.001384,track_b_cont
trackb_cont_ENPH_20260603,ENPH,2026-06-03,2026-08-02,,,,69.13,call,BULLISH,CONTINUATION,,,,,True,True,True,0.9655,0.031397,track_b_cont
trackb_cont_CIFR_20260603,CIFR,2026-06-03,2026-08-02,,,,26.735,call,BULLISH,CONTINUATION,,,,,True,True,True,0.9655,0.002269,track_b_cont
trackb_cont_ODFL_20260603,ODFL,2026-06-03,2026-08-02,,,,233.44,call,BULLISH,CONTINUATION,,,,,True,True,True,0.9652,0.022805,track_b_cont
trackb_cont_BZH_20260603,BZH,2026-06-03,2026-08-02,,,,25.785,call,BULLISH,CONTINUATION,,,,,True,True,True,0.9631,0.004163,track_b_cont
trackb_cont_SRG_20260603,SRG,2026-06-03,2026-08-02,,,,2.74,call,BULLISH,CONTINUATION,,,,,True,True,True,0.963,-0.000149,track_b_cont
trackb_cont_MRTN_20260603,MRTN,2026-06-03,2026-08-02,,,,17.65,call,BULLISH,CONTINUATION,,,,,True,True,True,0.9626,0.002151,track_b_cont
trackb_cont_TBCH_20260603,TBCH,2026-06-03,2026-08-02,,,,12.78,call,BULLISH,CONTINUATION,,,,,True,True,True,0.9623,0.00032,track_b_cont
trackb_cont_VSTS_20260603,VSTS,2026-06-03,2026-08-02,,,,13.16,call,BULLISH,CONTINUATION,,,,,True,True,True,0.9616,0.002299,track_b_cont
trackb_cont_R_20260603,R,2026-06-03,2026-08-02,,,,258.92,call,BULLISH,CONTINUATION,,,,,True,True,True,0.9616,0.009704,track_b_cont
trackb_cont_TWST_20260603,TWST,2026-06-03,2026-08-02,,,,71.24,call,BULLISH,CONTINUATION,,,,,True,True,True,0.9614,0.007673,track_b_cont
trackb_cont_CDW_20260603,CDW,2026-06-03,2026-08-02,,,,137.235,call,BULLISH,CONTINUATION,,,,,True,True,True,0.9613,0.006897,track_b_cont
trackb_cont_TXG_20260603,TXG,2026-06-03,2026-08-02,,,,31.55,call,BULLISH,CONTINUATION,,,,,True,True,True,0.9612,0.005508,track_b_cont
trackb_cont_ARMK_20260603,ARMK,2026-06-03,2026-08-02,,,,53.6,call,BULLISH,CONTINUATION,,,,,True,True,True,0.9611,0.005789,track_b_cont
trackb_cont_PEB_20260603,PEB,2026-06-03,2026-08-02,,,,15.91,call,BULLISH,CONTINUATION,,,,,True,True,True,0.961,0.00078,track_b_cont
trackb_cont_STLD_20260603,STLD,2026-06-03,2026-08-02,,,,275.23,call,BULLISH,CONTINUATION,,,,,True,True,True,0.9607,0.01232,track_b_cont
trackb_cont_NTRS_20260603,NTRS,2026-06-03,2026-08-02,,,,166.85,call,BULLISH,CONTINUATION,,,,,True,True,True,0.96,0.003101,track_b_cont
trackb_cont_KLAC_20260603,KLAC,2026-06-03,2026-08-02,,,,2075.8999,call,BULLISH,CONTINUATION,,,,,True,True,True,0.9598,0.090489,track_b_cont
trackb_cont_TWLO_20260603,TWLO,2026-06-03,2026-08-02,,,,218.485,call,BULLISH,CONTINUATION,,,,,True,True,True,0.9596,-0.004588,track_b_cont
trackb_cont_ROK_20260603,ROK,2026-06-03,2026-08-02,,,,462.165,call,BULLISH,CONTINUATION,,,,,True,True,True,0.9589,-0.00698,track_b_cont
trackb_cont_LSTR_20260603,LSTR,2026-06-03,2026-08-02,,,,214.9,call,BULLISH,CONTINUATION,,,,,True,True,True,0.9588,0.025025,track_b_cont
trackb_cont_VMI_20260603,VMI,2026-06-03,2026-08-02,,,,544.88,call,BULLISH,CONTINUATION,,,,,True,True,True,0.9586,-0.006896,track_b_cont
trackb_cont_MTUS_20260603,MTUS,2026-06-03,2026-08-02,,,,20.035,call,BULLISH,CONTINUATION,,,,,True,True,True,0.9578,0.000614,track_b_cont
trackb_cont_SAH_20260603,SAH,2026-06-03,2026-08-02,,,,83.43,call,BULLISH,CONTINUATION,,,,,True,True,True,0.9574,5.3e-05,track_b_cont
trackb_cont_VPG_20260603,VPG,2026-06-03,2026-08-02,,,,130.55,call,BULLISH,CONTINUATION,,,,,True,True,True,0.9567,0.052624,track_b_cont
trackb_cont_BXP_20260603,BXP,2026-06-03,2026-08-02,,,,60.37,call,BULLISH,CONTINUATION,,,,,True,True,True,0.9566,3.3e-05,track_b_cont
trackb_cont_PAG_20260603,PAG,2026-06-03,2026-08-02,,,,171.935,call,BULLISH,CONTINUATION,,,,,True,True,True,0.9565,-0.007593,track_b_cont
trackb_cont_UMAC_20260603,UMAC,2026-06-03,2026-08-02,,,,29.4,call,BULLISH,CONTINUATION,,,,,True,True,True,0.9561,0.009318,track_b_cont
trackb_cont_IONQ_20260603,IONQ,2026-06-03,2026-08-02,,,,68.64,call,BULLISH,CONTINUATION,,,,,True,True,True,0.9558,0.013912,track_b_cont
trackb_cont_TRU_20260603,TRU,2026-06-03,2026-08-02,,,,69.015,call,BULLISH,CONTINUATION,,,,,True,True,True,0.9546,0.000386,track_b_cont
trackb_cont_MTB_20260603,MTB,2026-06-03,2026-08-02,,,,214.235,call,BULLISH,CONTINUATION,,,,,True,True,True,0.9537,-0.001284,track_b_cont
trackb_cont_SHO_20260603,SHO,2026-06-03,2026-08-02,,,,11.255,call,BULLISH,CONTINUATION,,,,,True,True,True,0.9536,0.000488,track_b_cont
trackb_cont_SXC_20260603,SXC,2026-06-03,2026-08-02,,,,9.355,call,BULLISH,CONTINUATION,,,,,True,True,True,0.9534,0.001699,track_b_cont
trackb_cont_PANW_20260603,PANW,2026-06-03,2026-08-02,,,,282.64,call,BULLISH,CONTINUATION,,,,,True,True,True,0.9534,0.067768,track_b_cont
trackb_cont_NUE_20260603,NUE,2026-06-03,2026-08-02,,,,259.73,call,BULLISH,CONTINUATION,,,,,True,True,True,0.9533,0.007477,track_b_cont
trackb_cont_SKLZ_20260603,SKLZ,2026-06-03,2026-08-02,,,,9.52,call,BULLISH,CONTINUATION,,,,,True,True,True,0.9525,0.002925,track_b_cont
trackb_cont_FLS_20260603,FLS,2026-06-03,2026-08-02,,,,75.79,call,BULLISH,CONTINUATION,,,,,True,True,True,0.9525,0.001212,track_b_cont
trackb_cont_BOC_20260603,BOC,2026-06-03,2026-08-02,,,,13.27,call,BULLISH,CONTINUATION,,,,,True,True,True,0.9512,0.001413,track_b_cont
trackb_cont_ABAT_20260603,ABAT,2026-06-03,2026-08-02,,,,3.6901,call,BULLISH,CONTINUATION,,,,,True,True,True,0.9508,0.000122,track_b_cont
trackb_cont_RLJ_20260603,RLJ,2026-06-03,2026-08-02,,,,10.105,call,BULLISH,CONTINUATION,,,,,True,True,True,0.9508,0.00098,track_b_cont
trackb_cont_TNL_20260603,TNL,2026-06-03,2026-08-02,,,,69.65,call,BULLISH,CONTINUATION,,,,,True,True,True,0.9506,0.002638,track_b_cont
trackb_cont_HST_20260603,HST,2026-06-03,2026-08-02,,,,23.935,call,BULLISH,CONTINUATION,,,,,True,True,True,0.9502,0.001142,track_b_cont
trackb_cont_RXO_20260603,RXO,2026-06-03,2026-08-02,,,,26.72,call,BULLISH,CONTINUATION,,,,,True,True,True,0.9497,0.006405,track_b_cont
trackb_cont_ANET_20260603,ANET,2026-06-03,2026-08-02,,,,174.94,call,BULLISH,CONTINUATION,,,,,True,True,True,0.9492,0.005892,track_b_cont
trackb_cont_PVH_20260603,PVH,2026-06-03,2026-08-02,,,,100.28,call,BULLISH,CONTINUATION,,,,,True,True,True,0.9492,0.005444,track_b_cont
trackb_cont_VC_20260603,VC,2026-06-03,2026-08-02,,,,123.53,call,BULLISH,CONTINUATION,,,,,True,True,True,0.9492,6.3e-05,track_b_cont
trackb_cont_CRWD_20260603,CRWD,2026-06-03,2026-08-02,,,,751.71,call,BULLISH,CONTINUATION,,,,,True,True,True,0.9491,0.196737,track_b_cont
trackb_cont_SMCI_20260603,SMCI,2026-06-03,2026-08-02,,,,46.47,call,BULLISH,CONTINUATION,,,,,True,True,True,0.9487,0.00859,track_b_cont
trackb_cont_KN_20260603,KN,2026-06-03,2026-08-02,,,,39.2901,call,BULLISH,CONTINUATION,,,,,True,True,True,0.9484,0.002046,track_b_cont
trackb_cont_EFC_20260603,EFC,2026-06-03,2026-08-02,,,,13.4175,call,BULLISH,CONTINUATION,,,,,True,True,True,0.9483,-0.000124,track_b_cont
trackb_cont_RCL_20260603,RCL,2026-06-03,2026-08-02,,,,292.81,call,BULLISH,CONTINUATION,,,,,True,True,True,0.9483,-0.003354,track_b_cont
trackb_cont_COHU_20260603,COHU,2026-06-03,2026-08-02,,,,56.5,call,BULLISH,CONTINUATION,,,,,True,True,True,0.948,0.000833,track_b_cont
trackb_cont_MSM_20260603,MSM,2026-06-03,2026-08-02,,,,116.22,call,BULLISH,CONTINUATION,,,,,True,True,True,0.9478,0.001925,track_b_cont
trackb_cont_ARE_20260603,ARE,2026-06-03,2026-08-02,,,,52.29,call,BULLISH,CONTINUATION,,,,,True,True,True,0.9477,0.003625,track_b_cont
trackb_cont_ROG_20260603,ROG,2026-06-03,2026-08-02,,,,151.22,call,BULLISH,CONTINUATION,,,,,True,True,True,0.9467,-0.001698,track_b_cont
trackb_cont_ON_20260603,ON,2026-06-03,2026-08-02,,,,131.83,call,BULLISH,CONTINUATION,,,,,True,True,True,0.9465,0.012571,track_b_cont
trackb_cont_ALNT_20260603,ALNT,2026-06-03,2026-08-02,,,,85.37,call,BULLISH,CONTINUATION,,,,,True,True,True,0.9463,0.003464,track_b_cont
trackb_cont_IPGP_20260603,IPGP,2026-06-03,2026-08-02,,,,132.72,call,BULLISH,CONTINUATION,,,,,True,True,True,0.9463,0.015693,track_b_cont
trackb_cont_FTCI_20260603,FTCI,2026-06-03,2026-08-02,,,,5.6644,call,BULLISH,CONTINUATION,,,,,True,True,True,0.9459,0.000925,track_b_cont
trackb_cont_CVI_20260603,CVI,2026-06-03,2026-08-02,,,,36.0,call,BULLISH,CONTINUATION,,,,,True,True,True,0.9459,-0.001512,track_b_cont
trackb_cont_COHR_20260603,COHR,2026-06-03,2026-08-02,,,,417.665,call,BULLISH,CONTINUATION,,,,,True,True,True,0.9458,0.010682,track_b_cont
trackb_cont_SN_20260603,SN,2026-06-03,2026-08-02,,,,122.12,call,BULLISH,CONTINUATION,,,,,True,True,True,0.9455,0.003575,track_b_cont
trackb_cont_HIW_20260603,HIW,2026-06-03,2026-08-02,,,,26.8,call,BULLISH,CONTINUATION,,,,,True,True,True,0.9453,0.000657,track_b_cont
trackb_cont_ACMR_20260603,ACMR,2026-06-03,2026-08-02,,,,89.165,call,BULLISH,CONTINUATION,,,,,True,True,True,0.9452,0.026943,track_b_cont
trackb_cont_GS_20260603,GS,2026-06-03,2026-08-02,,,,1037.63,call,BULLISH,CONTINUATION,,,,,True,True,True,0.9447,0.063124,track_b_cont
trackb_cont_TUSK_20260603,TUSK,2026-06-03,2026-08-02,,,,3.54,call,BULLISH,CONTINUATION,,,,,True,True,True,0.9446,0.000583,track_b_cont
trackb_cont_ST_20260603,ST,2026-06-03,2026-08-02,,,,53.1,call,BULLISH,CONTINUATION,,,,,True,True,True,0.9438,0.004148,track_b_cont
trackb_cont_ASPI_20260603,ASPI,2026-06-03,2026-08-02,,,,7.7392,call,BULLISH,CONTINUATION,,,,,True,True,True,0.9438,0.001092,track_b_cont
trackb_cont_MPC_20260603,MPC,2026-06-03,2026-08-02,,,,270.43,call,BULLISH,CONTINUATION,,,,,True,True,True,0.9437,-0.00022,track_b_cont
trackb_cont_INN_20260603,INN,2026-06-03,2026-08-02,,,,5.955,call,BULLISH,CONTINUATION,,,,,True,True,True,0.9435,0.000425,track_b_cont
trackb_cont_INOD_20260603,INOD,2026-06-03,2026-08-02,,,,107.81,call,BULLISH,CONTINUATION,,,,,True,True,True,0.9434,0.032342,track_b_cont
trackb_cont_LAD_20260603,LAD,2026-06-03,2026-08-02,,,,293.3,call,BULLISH,CONTINUATION,,,,,True,True,True,0.9424,-0.005083,track_b_cont
trackb_cont_WDC_20260603,WDC,2026-06-03,2026-08-02,,,,597.575,call,BULLISH,CONTINUATION,,,,,True,True,True,0.9411,0.028577,track_b_cont
trackb_cont_RH_20260603,RH,2026-06-03,2026-08-02,,,,148.92,call,BULLISH,CONTINUATION,,,,,True,True,True,0.9407,0.013997,track_b_cont
trackb_cont_NSIT_20260603,NSIT,2026-06-03,2026-08-02,,,,112.515,call,BULLISH,CONTINUATION,,,,,True,True,True,0.9402,0.026784,track_b_cont
trackb_cont_CLF_20260603,CLF,2026-06-03,2026-08-02,,,,14.28,call,BULLISH,CONTINUATION,,,,,True,True,True,0.9379,0.001635,track_b_cont
trackb_cont_SLDP_20260603,SLDP,2026-06-03,2026-08-02,,,,3.2939,call,BULLISH,CONTINUATION,,,,,True,True,True,0.9375,-3.7e-05,track_b_cont
trackb_cont_KNX_20260603,KNX,2026-06-03,2026-08-02,,,,78.23,call,BULLISH,CONTINUATION,,,,,True,True,True,0.9374,0.011532,track_b_cont
trackb_cont_NMAX_20260603,NMAX,2026-06-03,2026-08-02,,,,8.34,call,BULLISH,CONTINUATION,,,,,True,True,True,0.9357,0.001904,track_b_cont
trackb_cont_PENG_20260603,PENG,2026-06-03,2026-08-02,,,,68.63,call,BULLISH,CONTINUATION,,,,,True,True,True,0.9356,0.015235,track_b_cont
trackb_cont_TTI_20260603,TTI,2026-06-03,2026-08-02,,,,9.99,call,BULLISH,CONTINUATION,,,,,True,True,True,0.9353,0.000241,track_b_cont
trackb_cont_ETSY_20260603,ETSY,2026-06-03,2026-08-02,,,,68.51,call,BULLISH,CONTINUATION,,,,,True,True,True,0.9353,0.002556,track_b_cont
trackb_cont_AYI_20260603,AYI,2026-06-03,2026-08-02,,,,310.88,call,BULLISH,CONTINUATION,,,,,True,True,True,0.9347,-0.001722,track_b_cont
trackb_cont_LODE_20260603,LODE,2026-06-03,2026-08-02,,,,3.955,call,BULLISH,CONTINUATION,,,,,True,True,True,0.9333,0.000958,track_b_cont
trackb_cont_KDP_20260603,KDP,2026-06-03,2026-08-02,,,,30.85,call,BULLISH,CONTINUATION,,,,,True,True,True,0.9333,0.000157,track_b_cont
trackb_cont_MS_20260603,MS,2026-06-03,2026-08-02,,,,209.76,call,BULLISH,CONTINUATION,,,,,True,True,True,0.933,0.009992,track_b_cont
trackb_cont_GCO_20260603,GCO,2026-06-03,2026-08-02,,,,38.95,call,BULLISH,CONTINUATION,,,,,True,True,True,0.9329,0.003409,track_b_cont
trackb_cont_ARW_20260603,ARW,2026-06-03,2026-08-02,,,,230.8,call,BULLISH,CONTINUATION,,,,,True,True,True,0.9324,0.019122,track_b_cont
trackb_cont_GRBK_20260603,GRBK,2026-06-03,2026-08-02,,,,68.35,call,BULLISH,CONTINUATION,,,,,True,True,True,0.9324,0.001192,track_b_cont
trackb_cont_TOMZ_20260603,TOMZ,2026-06-03,2026-08-02,,,,1.03,call,BULLISH,CONTINUATION,,,,,True,True,True,0.9318,0.000139,track_b_cont
trackb_cont_RS_20260603,RS,2026-06-03,2026-08-02,,,,392.6,call,BULLISH,CONTINUATION,,,,,True,True,True,0.9313,-0.000112,track_b_cont
trackb_cont_WATT_20260603,WATT,2026-06-03,2026-08-02,,,,29.13,call,BULLISH,CONTINUATION,,,,,True,True,True,0.9311,0.001211,track_b_cont
trackb_cont_NOVT_20260603,NOVT,2026-06-03,2026-08-02,,,,170.07,call,BULLISH,CONTINUATION,,,,,True,True,True,0.9307,0.017208,track_b_cont
trackb_cont_DDOG_20260603,DDOG,2026-06-03,2026-08-02,,,,246.39,call,BULLISH,CONTINUATION,,,,,True,True,True,0.9306,0.060601,track_b_cont
trackb_cont_KBH_20260603,KBH,2026-06-03,2026-08-02,,,,50.59,call,BULLISH,CONTINUATION,,,,,True,True,True,0.9298,0.000161,track_b_cont
trackb_cont_DORM_20260603,DORM,2026-06-03,2026-08-02,,,,124.28,call,BULLISH,CONTINUATION,,,,,True,True,True,0.9295,-0.00138,track_b_cont
trackb_cont_URG_20260603,URG,2026-06-03,2026-08-02,,,,1.915,call,BULLISH,CONTINUATION,,,,,True,True,True,0.9286,-0.000275,track_b_cont
trackb_cont_APLE_20260603,APLE,2026-06-03,2026-08-02,,,,15.115,call,BULLISH,CONTINUATION,,,,,True,True,True,0.928,0.000797,track_b_cont
trackb_cont_DGII_20260603,DGII,2026-06-03,2026-08-02,,,,67.735,call,BULLISH,CONTINUATION,,,,,True,True,True,0.9272,0.004362,track_b_cont
trackb_cont_USAR_20260603,USAR,2026-06-03,2026-08-02,,,,28.285,call,BULLISH,CONTINUATION,,,,,True,True,True,0.9272,-0.000529,track_b_cont
trackb_cont_LRN_20260603,LRN,2026-06-03,2026-08-02,,,,97.875,call,BULLISH,CONTINUATION,,,,,True,True,True,0.9267,-0.000165,track_b_cont
trackb_cont_RGTI_20260603,RGTI,2026-06-03,2026-08-02,,,,24.4178,call,BULLISH,CONTINUATION,,,,,True,True,True,0.9266,0.005828,track_b_cont
trackb_cont_RAL_20260603,RAL,2026-06-03,2026-08-02,,,,62.36,call,BULLISH,CONTINUATION,,,,,True,True,True,0.926,0.010761,track_b_cont
trackb_cont_PCT_20260603,PCT,2026-06-03,2026-08-02,,,,13.2524,call,BULLISH,CONTINUATION,,,,,True,True,True,0.9258,0.003261,track_b_cont
trackb_cont_BRKR_20260603,BRKR,2026-06-03,2026-08-02,,,,58.38,call,BULLISH,CONTINUATION,,,,,True,True,True,0.9256,0.009359,track_b_cont
trackb_cont_VLY_20260603,VLY,2026-06-03,2026-08-02,,,,13.56,call,BULLISH,CONTINUATION,,,,,True,True,True,0.9252,-3e-05,track_b_cont
trackb_cont_CWEN_20260603,CWEN,2026-06-03,2026-08-02,,,,41.24,call,BULLISH,CONTINUATION,,,,,True,True,True,0.9248,0.000971,track_b_cont
trackb_cont_SMR_20260603,SMR,2026-06-03,2026-08-02,,,,12.265,call,BULLISH,CONTINUATION,,,,,True,True,True,0.9245,-0.000876,track_b_cont
trackb_cont_SONO_20260603,SONO,2026-06-03,2026-08-02,,,,15.64,call,BULLISH,CONTINUATION,,,,,True,True,True,0.9239,0.000782,track_b_cont
trackb_cont_VAC_20260603,VAC,2026-06-03,2026-08-02,,,,84.75,call,BULLISH,CONTINUATION,,,,,True,True,True,0.9239,0.007662,track_b_cont
trackb_cont_OPLN_20260603,OPLN,2026-06-03,2026-08-02,,,,37.32,call,BULLISH,CONTINUATION,,,,,True,True,True,0.9229,-3.6e-05,track_b_cont
trackb_cont_DAN_20260603,DAN,2026-06-03,2026-08-02,,,,37.28,call,BULLISH,CONTINUATION,,,,,True,True,True,0.9227,-0.000275,track_b_cont
trackb_cont_PSN_20260603,PSN,2026-06-03,2026-08-02,,,,59.545,call,BULLISH,CONTINUATION,,,,,True,True,True,0.9225,0.006062,track_b_cont
trackb_cont_MTRN_20260603,MTRN,2026-06-03,2026-08-02,,,,227.57,call,BULLISH,CONTINUATION,,,,,True,True,True,0.9223,0.015958,track_b_cont
trackb_cont_SCSC_20260603,SCSC,2026-06-03,2026-08-02,,,,45.6,call,BULLISH,CONTINUATION,,,,,True,True,True,0.9219,0.001967,track_b_cont
trackb_cont_AMR_20260603,AMR,2026-06-03,2026-08-02,,,,215.03,call,BULLISH,CONTINUATION,,,,,True,True,True,0.9211,0.004806,track_b_cont
trackb_cont_CRS_20260603,CRS,2026-06-03,2026-08-02,,,,486.31,call,BULLISH,CONTINUATION,,,,,True,True,True,0.9211,0.013566,track_b_cont
trackb_cont_ORCL_20260603,ORCL,2026-06-03,2026-08-02,,,,229.505,call,BULLISH,CONTINUATION,,,,,True,True,True,0.9206,0.014684,track_b_cont
trackb_cont_RIVN_20260603,RIVN,2026-06-03,2026-08-02,,,,17.665,call,BULLISH,CONTINUATION,,,,,True,True,True,0.9206,0.000578,track_b_cont
trackb_cont_GEO_20260603,GEO,2026-06-03,2026-08-02,,,,23.155,call,BULLISH,CONTINUATION,,,,,True,True,True,0.9194,0.001689,track_b_cont
trackb_cont_IP_20260603,IP,2026-06-03,2026-08-02,,,,33.48,call,BULLISH,CONTINUATION,,,,,True,True,True,0.9191,-0.000403,track_b_cont
trackb_cont_OSS_20260603,OSS,2026-06-03,2026-08-02,,,,18.99,call,BULLISH,CONTINUATION,,,,,True,True,True,0.9183,0.00348,track_b_cont
trackb_cont_GH_20260603,GH,2026-06-03,2026-08-02,,,,128.145,call,BULLISH,CONTINUATION,,,,,True,True,True,0.9181,0.033517,track_b_cont
trackb_cont_HUBG_20260603,HUBG,2026-06-03,2026-08-02,,,,43.24,call,BULLISH,CONTINUATION,,,,,True,True,True,0.9179,0.001023,track_b_cont
trackb_cont_DOCN_20260603,DOCN,2026-06-03,2026-08-02,,,,174.6,call,BULLISH,CONTINUATION,,,,,True,True,True,0.9172,0.00481,track_b_cont
trackb_cont_IESC_20260603,IESC,2026-06-03,2026-08-02,,,,727.44,call,BULLISH,CONTINUATION,,,,,True,True,True,0.9172,-0.013066,track_b_cont
trackb_cont_QMCO_20260603,QMCO,2026-06-03,2026-08-02,,,,13.82,call,BULLISH,CONTINUATION,,,,,True,True,True,0.9161,0.000382,track_b_cont
trackb_cont_PLXS_20260603,PLXS,2026-06-03,2026-08-02,,,,287.3,call,BULLISH,CONTINUATION,,,,,True,True,True,0.9161,-0.004138,track_b_cont
trackb_cont_SVV_20260603,SVV,2026-06-03,2026-08-02,,,,9.375,call,BULLISH,CONTINUATION,,,,,True,True,True,0.9155,0.000567,track_b_cont
trackb_cont_PPG_20260603,PPG,2026-06-03,2026-08-02,,,,111.75,call,BULLISH,CONTINUATION,,,,,True,True,True,0.9154,0.001089,track_b_cont
trackb_cont_CURI_20260603,CURI,2026-06-03,2026-08-02,,,,3.05,call,BULLISH,CONTINUATION,,,,,True,True,True,0.9151,-0.000368,track_b_cont
trackb_cont_BWA_20260603,BWA,2026-06-03,2026-08-02,,,,77.615,call,BULLISH,CONTINUATION,,,,,True,True,True,0.9148,0.006977,track_b_cont
trackb_cont_FSTR_20260603,FSTR,2026-06-03,2026-08-02,,,,41.8,call,BULLISH,CONTINUATION,,,,,True,True,True,0.9145,-0.001749,track_b_cont
trackb_cont_UPS_20260603,UPS,2026-06-03,2026-08-02,,,,110.43,call,BULLISH,CONTINUATION,,,,,True,True,True,0.9144,0.005417,track_b_cont
trackb_cont_AVGO_20260603,AVGO,2026-06-03,2026-08-02,,,,485.18,call,BULLISH,CONTINUATION,,,,,True,True,True,0.9137,-0.001114,track_b_cont
trackb_cont_MDB_20260603,MDB,2026-06-03,2026-08-02,,,,372.07,call,BULLISH,CONTINUATION,,,,,True,True,True,0.9134,0.054105,track_b_cont
trackb_cont_NNBR_20260603,NNBR,2026-06-03,2026-08-02,,,,3.055,call,BULLISH,CONTINUATION,,,,,True,True,True,0.9123,0.000305,track_b_cont
trackb_cont_AREC_20260603,AREC,2026-06-03,2026-08-02,,,,2.555,call,BULLISH,CONTINUATION,,,,,True,True,True,0.9121,-0.000103,track_b_cont
trackb_cont_SMTC_20260603,SMTC,2026-06-03,2026-08-02,,,,163.27,call,BULLISH,CONTINUATION,,,,,True,True,True,0.9121,0.03242,track_b_cont
trackb_cont_KFRC_20260603,KFRC,2026-06-03,2026-08-02,,,,46.19,call,BULLISH,CONTINUATION,,,,,True,True,True,0.9119,0.001405,track_b_cont
trackb_cont_AKAM_20260603,AKAM,2026-06-03,2026-08-02,,,,162.24,call,BULLISH,CONTINUATION,,,,,True,True,True,0.9118,0.00969,track_b_cont
trackb_cont_DRH_20260603,DRH,2026-06-03,2026-08-02,,,,11.225,call,BULLISH,CONTINUATION,,,,,True,True,True,0.9118,0.000244,track_b_cont
trackb_cont_CLMT_20260603,CLMT,2026-06-03,2026-08-02,,,,37.755,call,BULLISH,CONTINUATION,,,,,True,True,True,0.9114,0.000746,track_b_cont
trackb_cont_JBHT_20260603,JBHT,2026-06-03,2026-08-02,,,,279.08,call,BULLISH,CONTINUATION,,,,,True,True,True,0.9106,0.024945,track_b_cont
trackb_cont_AAON_20260603,AAON,2026-06-03,2026-08-02,,,,146.99,call,BULLISH,CONTINUATION,,,,,True,True,True,0.9091,0.015341,track_b_cont
trackb_cont_APP_20260603,APP,2026-06-03,2026-08-02,,,,573.165,call,BULLISH,CONTINUATION,,,,,True,True,True,0.9085,0.072715,track_b_cont
trackb_cont_STRL_20260603,STRL,2026-06-03,2026-08-02,,,,950.03,call,BULLISH,CONTINUATION,,,,,True,True,True,0.9076,-0.054198,track_b_cont
trackb_cont_PENN_20260603,PENN,2026-06-03,2026-08-02,,,,19.675,call,BULLISH,CONTINUATION,,,,,True,True,True,0.9075,0.001819,track_b_cont
trackb_cont_XHR_20260603,XHR,2026-06-03,2026-08-02,,,,17.68,call,BULLISH,CONTINUATION,,,,,True,True,True,0.907,0.000505,track_b_cont
trackb_cont_C_20260603,C,2026-06-03,2026-08-02,,,,129.15,call,BULLISH,CONTINUATION,,,,,True,True,True,0.9055,-0.003588,track_b_cont
trackb_cont_MSEX_20260603,MSEX,2026-06-03,2026-08-02,,,,52.51,call,BULLISH,CONTINUATION,,,,,True,True,True,0.9042,-0.000124,track_b_cont
trackb_cont_APH_20260603,APH,2026-06-03,2026-08-02,,,,149.48,call,BULLISH,CONTINUATION,,,,,True,True,True,0.9042,0.004428,track_b_cont
trackb_cont_KEEL_20260603,KEEL,2026-06-03,2026-08-02,,,,6.26,call,BULLISH,CONTINUATION,,,,,True,True,True,0.9034,0.001449,track_b_cont
trackb_cont_PRU_20260603,PRU,2026-06-03,2026-08-02,,,,100.975,call,BULLISH,CONTINUATION,,,,,True,True,True,0.9001,0.0001,track_b_cont
trackb_cont_MTN_20260603,MTN,2026-06-03,2026-08-02,,,,134.99,call,BULLISH,CONTINUATION,,,,,True,True,True,0.8995,0.005426,track_b_cont
trackb_cont_SSYS_20260603,SSYS,2026-06-03,2026-08-02,,,,10.055,call,BULLISH,CONTINUATION,,,,,True,True,True,0.8982,0.000915,track_b_cont
trackb_cont_BOOT_20260603,BOOT,2026-06-03,2026-08-02,,,,169.155,call,BULLISH,CONTINUATION,,,,,True,True,True,0.8981,0.000944,track_b_cont
trackb_cont_MATX_20260603,MATX,2026-06-03,2026-08-02,,,,187.2,call,BULLISH,CONTINUATION,,,,,True,True,True,0.8977,-0.000533,track_b_cont
trackb_cont_AAT_20260603,AAT,2026-06-03,2026-08-02,,,,23.27,call,BULLISH,CONTINUATION,,,,,True,True,True,0.8971,0.001738,track_b_cont
trackb_cont_UCTT_20260603,UCTT,2026-06-03,2026-08-02,,,,92.52,call,BULLISH,CONTINUATION,,,,,True,True,True,0.896,7e-06,track_b_cont
trackb_cont_LNN_20260603,LNN,2026-06-03,2026-08-02,,,,112.38,call,BULLISH,CONTINUATION,,,,,True,True,True,0.8959,-0.001011,track_b_cont
trackb_cont_STX_20260603,STX,2026-06-03,2026-08-02,,,,953.75,call,BULLISH,CONTINUATION,,,,,True,True,True,0.8952,0.049458,track_b_cont
trackb_cont_OKTA_20260603,OKTA,2026-06-03,2026-08-02,,,,124.87,call,BULLISH,CONTINUATION,,,,,True,True,True,0.8948,0.028813,track_b_cont
trackb_cont_ONDS_20260603,ONDS,2026-06-03,2026-08-02,,,,11.76,call,BULLISH,CONTINUATION,,,,,True,True,True,0.8947,0.001776,track_b_cont
trackb_cont_CYRX_20260603,CYRX,2026-06-03,2026-08-02,,,,16.38,call,BULLISH,CONTINUATION,,,,,True,True,True,0.8945,0.002167,track_b_cont
trackb_cont_WSM_20260603,WSM,2026-06-03,2026-08-02,,,,204.05,call,BULLISH,CONTINUATION,,,,,True,True,True,0.8945,0.019202,track_b_cont
trackb_cont_PSX_20260603,PSX,2026-06-03,2026-08-02,,,,186.47,call,BULLISH,CONTINUATION,,,,,True,True,True,0.8945,0.002101,track_b_cont
trackb_cont_SNX_20260603,SNX,2026-06-03,2026-08-02,,,,278.2175,call,BULLISH,CONTINUATION,,,,,True,True,True,0.893,0.012051,track_b_cont
trackb_cont_PRMB_20260603,PRMB,2026-06-03,2026-08-02,,,,24.205,call,BULLISH,CONTINUATION,,,,,True,True,True,0.8925,0.001623,track_b_cont
trackb_cont_KLIC_20260603,KLIC,2026-06-03,2026-08-02,,,,107.645,call,BULLISH,CONTINUATION,,,,,True,True,True,0.8922,0.00423,track_b_cont
trackb_cont_MNST_20260603,MNST,2026-06-03,2026-08-02,,,,88.91,call,BULLISH,CONTINUATION,,,,,True,True,True,0.8921,0.005258,track_b_cont
trackb_cont_WOR_20260603,WOR,2026-06-03,2026-08-02,,,,57.37,call,BULLISH,CONTINUATION,,,,,True,True,True,0.8918,6.8e-05,track_b_cont
trackb_cont_CMP_20260603,CMP,2026-06-03,2026-08-02,,,,32.98,call,BULLISH,CONTINUATION,,,,,True,True,True,0.8916,0.00323,track_b_cont
trackb_cont_SEZL_20260603,SEZL,2026-06-03,2026-08-02,,,,109.25,call,BULLISH,CONTINUATION,,,,,True,True,True,0.8908,0.019638,track_b_cont
trackb_cont_RF_20260603,RF,2026-06-03,2026-08-02,,,,27.46,call,BULLISH,CONTINUATION,,,,,True,True,True,0.8908,-0.000124,track_b_cont
trackb_cont_ILMN_20260603,ILMN,2026-06-03,2026-08-02,,,,167.275,call,BULLISH,CONTINUATION,,,,,True,True,True,0.8907,0.009101,track_b_cont
trackb_cont_GNTX_20260603,GNTX,2026-06-03,2026-08-02,,,,24.99,call,BULLISH,CONTINUATION,,,,,True,True,True,0.8906,0.000345,track_b_cont
trackb_cont_OPAD_20260603,OPAD,2026-06-03,2026-08-02,,,,0.7801,call,BULLISH,CONTINUATION,,,,,True,True,True,0.8901,7.1e-05,track_b_cont
trackb_cont_HOV_20260603,HOV,2026-06-03,2026-08-02,,,,108.12,call,BULLISH,CONTINUATION,,,,,True,True,True,0.8898,0.002703,track_b_cont
trackb_cont_BBBY_20260603,BBBY,2026-06-03,2026-08-02,,,,6.025,call,BULLISH,CONTINUATION,,,,,True,True,True,0.8894,0.001087,track_b_cont
trackb_cont_GWW_20260603,GWW,2026-06-03,2026-08-02,,,,1293.62,call,BULLISH,CONTINUATION,,,,,True,True,True,0.8888,0.007671,track_b_cont
trackb_cont_GIII_20260603,GIII,2026-06-03,2026-08-02,,,,32.205,call,BULLISH,CONTINUATION,,,,,True,True,True,0.8885,0.000368,track_b_cont
trackb_cont_PBI_20260603,PBI,2026-06-03,2026-08-02,,,,16.23,call,BULLISH,CONTINUATION,,,,,True,True,True,0.8878,0.000143,track_b_cont
trackb_cont_RCAT_20260603,RCAT,2026-06-03,2026-08-02,,,,13.685,call,BULLISH,CONTINUATION,,,,,True,True,True,0.887,0.001179,track_b_cont
trackb_cont_HAE_20260603,HAE,2026-06-03,2026-08-02,,,,65.27,call,BULLISH,CONTINUATION,,,,,True,True,True,0.8864,0.011424,track_b_cont
trackb_cont_CWT_20260603,CWT,2026-06-03,2026-08-02,,,,45.1025,call,BULLISH,CONTINUATION,,,,,True,True,True,0.8851,8.8e-05,track_b_cont
trackb_cont_AGL_20260603,AGL,2026-06-03,2026-08-02,,,,84.64,call,BULLISH,CONTINUATION,,,,,True,True,True,0.885,0.040935,track_b_cont
trackb_cont_PLPC_20260603,PLPC,2026-06-03,2026-08-02,,,,375.0,call,BULLISH,CONTINUATION,,,,,True,True,True,0.8842,0.011908,track_b_cont
trackb_cont_FLNC_20260603,FLNC,2026-06-03,2026-08-02,,,,25.56,call,BULLISH,CONTINUATION,,,,,True,True,True,0.8837,0.002778,track_b_cont
trackb_cont_VLO_20260603,VLO,2026-06-03,2026-08-02,,,,263.89,call,BULLISH,CONTINUATION,,,,,True,True,True,0.8832,-0.000714,track_b_cont
trackb_cont_EW_20260603,EW,2026-06-03,2026-08-02,,,,86.295,call,BULLISH,CONTINUATION,,,,,True,True,True,0.883,0.003636,track_b_cont
trackb_cont_WALD_20260603,WALD,2026-06-03,2026-08-02,,,,1.775,call,BULLISH,CONTINUATION,,,,,True,True,True,0.8829,-8.6e-05,track_b_cont
trackb_cont_METC_20260603,METC,2026-06-03,2026-08-02,,,,16.845,call,BULLISH,CONTINUATION,,,,,True,True,True,0.8828,-0.000422,track_b_cont
trackb_cont_ADP_20260603,ADP,2026-06-03,2026-08-02,,,,225.73,call,BULLISH,CONTINUATION,,,,,True,True,True,0.8823,0.009996,track_b_cont
trackb_cont_IPX_20260603,IPX,2026-06-03,2026-08-02,,,,40.38,call,BULLISH,CONTINUATION,,,,,True,True,True,0.8819,-0.000352,track_b_cont
trackb_cont_KFY_20260603,KFY,2026-06-03,2026-08-02,,,,69.64,call,BULLISH,CONTINUATION,,,,,True,True,True,0.8816,0.001904,track_b_cont
trackb_cont_RYZ_20260603,RYZ,2026-06-03,2026-08-02,,,,28.0575,call,BULLISH,CONTINUATION,,,,,True,True,True,0.8816,6.7e-05,track_b_cont
trackb_cont_QBTS_20260603,QBTS,2026-06-03,2026-08-02,,,,27.615,call,BULLISH,CONTINUATION,,,,,True,True,True,0.8813,0.005456,track_b_cont
trackb_cont_WCC_20260603,WCC,2026-06-03,2026-08-02,,,,374.165,call,BULLISH,CONTINUATION,,,,,True,True,True,0.8812,-0.007528,track_b_cont
trackb_cont_NB_20260603,NB,2026-06-03,2026-08-02,,,,5.875,call,BULLISH,CONTINUATION,,,,,True,True,True,0.879,-0.000624,track_b_cont
trackb_cont_CVCO_20260603,CVCO,2026-06-03,2026-08-02,,,,537.86,call,BULLISH,CONTINUATION,,,,,True,True,True,0.8788,0.041934,track_b_cont
trackb_cont_PTON_20260603,PTON,2026-06-03,2026-08-02,,,,6.035,call,BULLISH,CONTINUATION,,,,,True,True,True,0.8788,0.000527,track_b_cont
trackb_cont_TRIP_20260603,TRIP,2026-06-03,2026-08-02,,,,11.875,call,BULLISH,CONTINUATION,,,,,True,True,True,0.8788,1.8e-05,track_b_cont
trackb_cont_RLGT_20260603,RLGT,2026-06-03,2026-08-02,,,,8.59,call,BULLISH,CONTINUATION,,,,,True,True,True,0.8785,0.000126,track_b_cont
trackb_cont_CNK_20260603,CNK,2026-06-03,2026-08-02,,,,29.96,call,BULLISH,CONTINUATION,,,,,True,True,True,0.8783,0.000526,track_b_cont
trackb_cont_HUT_20260603,HUT,2026-06-03,2026-08-02,,,,131.045,call,BULLISH,CONTINUATION,,,,,True,True,True,0.8781,0.017256,track_b_cont
trackb_cont_FOR_20260603,FOR,2026-06-03,2026-08-02,,,,26.875,call,BULLISH,CONTINUATION,,,,,True,True,True,0.8778,-0.000653,track_b_cont
trackb_cont_BRC_20260603,BRC,2026-06-03,2026-08-02,,,,87.615,call,BULLISH,CONTINUATION,,,,,True,True,True,0.8769,0.011038,track_b_cont
trackb_cont_BBSI_20260603,BBSI,2026-06-03,2026-08-02,,,,32.375,call,BULLISH,CONTINUATION,,,,,True,True,True,0.8767,0.002209,track_b_cont
trackb_cont_LEA_20260603,LEA,2026-06-03,2026-08-02,,,,146.55,call,BULLISH,CONTINUATION,,,,,True,True,True,0.8765,0.003645,track_b_cont
trackb_cont_AMN_20260603,AMN,2026-06-03,2026-08-02,,,,29.5,call,BULLISH,CONTINUATION,,,,,True,True,True,0.876,0.001242,track_b_cont
trackb_cont_WULF_20260603,WULF,2026-06-03,2026-08-02,,,,26.11,call,BULLISH,CONTINUATION,,,,,True,True,True,0.8755,0.000712,track_b_cont
trackb_cont_TNET_20260603,TNET,2026-06-03,2026-08-02,,,,46.26,call,BULLISH,CONTINUATION,,,,,True,True,True,0.8743,0.002766,track_b_cont
trackb_cont_EEX_20260603,EEX,2026-06-03,2026-08-02,,,,4.975,call,BULLISH,CONTINUATION,,,,,True,True,True,0.8732,0.000141,track_b_cont
trackb_cont_BHE_20260603,BHE,2026-06-03,2026-08-02,,,,88.33,call,BULLISH,CONTINUATION,,,,,True,True,True,0.8729,-0.002441,track_b_cont
trackb_cont_BCAR_20260603,BCAR,2026-06-03,2026-08-02,,,,10.995,call,BULLISH,CONTINUATION,,,,,True,True,True,0.8721,3.8e-05,track_b_cont
trackb_cont_MYPS_20260603,MYPS,2026-06-03,2026-08-02,,,,0.5396,call,BULLISH,CONTINUATION,,,,,True,True,True,0.8713,5.2e-05,track_b_cont
trackb_cont_SOLV_20260603,SOLV,2026-06-03,2026-08-02,,,,77.7201,call,BULLISH,CONTINUATION,,,,,True,True,True,0.8712,0.002834,track_b_cont
trackb_cont_HRL_20260603,HRL,2026-06-03,2026-08-02,,,,23.435,call,BULLISH,CONTINUATION,,,,,True,True,True,0.8711,0.001509,track_b_cont
trackb_cont_AMRZ_20260603,AMRZ,2026-06-03,2026-08-02,,,,54.055,call,BULLISH,CONTINUATION,,,,,True,True,True,0.8707,-0.001551,track_b_cont
trackb_cont_DINO_20260603,DINO,2026-06-03,2026-08-02,,,,74.035,call,BULLISH,CONTINUATION,,,,,True,True,True,0.8702,-0.003179,track_b_cont
trackb_cont_HUM_20260603,HUM,2026-06-03,2026-08-02,,,,328.49,call,BULLISH,CONTINUATION,,,,,True,True,True,0.8701,0.04276,track_b_cont
trackb_cont_MKSI_20260603,MKSI,2026-06-03,2026-08-02,,,,337.78,call,BULLISH,CONTINUATION,,,,,True,True,True,0.8701,0.01157,track_b_cont
trackb_cont_BFH_20260603,BFH,2026-06-03,2026-08-02,,,,89.21,call,BULLISH,CONTINUATION,,,,,True,True,True,0.8699,0.001138,track_b_cont
trackb_cont_OUST_20260603,OUST,2026-06-03,2026-08-02,,,,43.74,call,BULLISH,CONTINUATION,,,,,True,True,True,0.8697,0.013249,track_b_cont
trackb_cont_ATI_20260603,ATI,2026-06-03,2026-08-02,,,,178.775,call,BULLISH,CONTINUATION,,,,,True,True,True,0.8696,0.005058,track_b_cont
trackb_cont_IAUX_20260603,IAUX,2026-06-03,2026-08-02,,,,1.555,call,BULLISH,CONTINUATION,,,,,True,True,True,0.8696,-1.7e-05,track_b_cont
trackb_cont_TBI_20260603,TBI,2026-06-03,2026-08-02,,,,6.655,call,BULLISH,CONTINUATION,,,,,True,True,True,0.8693,0.00012,track_b_cont
trackb_cont_CLMB_20260603,CLMB,2026-06-03,2026-08-02,,,,21.58,call,BULLISH,CONTINUATION,,,,,True,True,True,0.869,0.001667,track_b_cont
trackb_cont_AMPX_20260603,AMPX,2026-06-03,2026-08-02,,,,22.34,call,BULLISH,CONTINUATION,,,,,True,True,True,0.8682,-0.000914,track_b_cont
trackb_cont_SHLS_20260603,SHLS,2026-06-03,2026-08-02,,,,12.5305,call,BULLISH,CONTINUATION,,,,,True,True,True,0.868,0.002775,track_b_cont
trackb_cont_DELL_20260603,DELL,2026-06-03,2026-08-02,,,,415.17,call,BULLISH,CONTINUATION,,,,,True,True,True,0.8679,0.112987,track_b_cont
trackb_cont_RBRK_20260603,RBRK,2026-06-03,2026-08-02,,,,77.92,call,BULLISH,CONTINUATION,,,,,True,True,True,0.8667,0.012756,track_b_cont
trackb_cont_DDD_20260603,DDD,2026-06-03,2026-08-02,,,,3.75,call,BULLISH,CONTINUATION,,,,,True,True,True,0.8667,0.000706,track_b_cont
trackb_cont_ALOY_20260603,ALOY,2026-06-03,2026-08-02,,,,10.4521,call,BULLISH,CONTINUATION,,,,,True,True,True,0.8655,0.000442,track_b_cont
trackb_cont_ADM_20260603,ADM,2026-06-03,2026-08-02,,,,84.835,call,BULLISH,CONTINUATION,,,,,True,True,True,0.8653,-0.001389,track_b_cont
trackb_cont_LGIH_20260603,LGIH,2026-06-03,2026-08-02,,,,47.31,call,BULLISH,CONTINUATION,,,,,True,True,True,0.8639,0.000892,track_b_cont
trackb_cont_HRB_20260603,HRB,2026-06-03,2026-08-02,,,,37.33,call,BULLISH,CONTINUATION,,,,,True,True,True,0.8631,0.004807,track_b_cont
trackb_cont_FORR_20260603,FORR,2026-06-03,2026-08-02,,,,6.75,call,BULLISH,CONTINUATION,,,,,True,True,True,0.863,0.000493,track_b_cont
trackb_cont_PAYX_20260603,PAYX,2026-06-03,2026-08-02,,,,98.21,call,BULLISH,CONTINUATION,,,,,True,True,True,0.8625,0.004434,track_b_cont
trackb_cont_PFG_20260603,PFG,2026-06-03,2026-08-02,,,,102.01,call,BULLISH,CONTINUATION,,,,,True,True,True,0.8621,0.001484,track_b_cont
trackb_cont_MHO_20260603,MHO,2026-06-03,2026-08-02,,,,136.07,call,BULLISH,CONTINUATION,,,,,True,True,True,0.8621,0.001136,track_b_cont
trackb_cont_A_20260603,A,2026-06-03,2026-08-02,,,,138.695,call,BULLISH,CONTINUATION,,,,,True,True,True,0.8613,0.008021,track_b_cont
trackb_cont_NCMI_20260603,NCMI,2026-06-03,2026-08-02,,,,3.555,call,BULLISH,CONTINUATION,,,,,True,True,True,0.8605,-0.000315,track_b_cont
trackb_cont_ENVX_20260603,ENVX,2026-06-03,2026-08-02,,,,8.405,call,BULLISH,CONTINUATION,,,,,True,True,True,0.859,0.000514,track_b_cont
trackb_cont_FA_20260603,FA,2026-06-03,2026-08-02,,,,15.915,call,BULLISH,CONTINUATION,,,,,True,True,True,0.859,0.000954,track_b_cont
trackb_cont_ICHR_20260603,ICHR,2026-06-03,2026-08-02,,,,72.92,call,BULLISH,CONTINUATION,,,,,True,True,True,0.8575,-0.005919,track_b_cont
trackb_cont_WS_20260603,WS,2026-06-03,2026-08-02,,,,42.59,call,BULLISH,CONTINUATION,,,,,True,True,True,0.8567,0.000228,track_b_cont
trackb_cont_TER_20260603,TER,2026-06-03,2026-08-02,,,,407.64,call,BULLISH,CONTINUATION,,,,,True,True,True,0.8559,0.002488,track_b_cont
trackb_cont_AMT_20260603,AMT,2026-06-03,2026-08-02,,,,186.33,call,BULLISH,CONTINUATION,,,,,True,True,True,0.8558,0.006676,track_b_cont
trackb_cont_STT_20260603,STT,2026-06-03,2026-08-02,,,,157.06,call,BULLISH,CONTINUATION,,,,,True,True,True,0.8554,0.00369,track_b_cont
trackb_cont_HON_20260603,HON,2026-06-03,2026-08-02,,,,232.91,call,BULLISH,CONTINUATION,,,,,True,True,True,0.8553,0.014654,track_b_cont
trackb_cont_CAL_20260603,CAL,2026-06-03,2026-08-02,,,,14.12,call,BULLISH,CONTINUATION,,,,,True,True,True,0.8552,0.001389,track_b_cont
trackb_cont_ASH_20260603,ASH,2026-06-03,2026-08-02,,,,57.185,call,BULLISH,CONTINUATION,,,,,True,True,True,0.8551,0.001807,track_b_cont
trackb_cont_EOSE_20260603,EOSE,2026-06-03,2026-08-02,,,,8.595,call,BULLISH,CONTINUATION,,,,,True,True,True,0.8548,0.000993,track_b_cont
trackb_cont_CORZ_20260603,CORZ,2026-06-03,2026-08-02,,,,29.22,call,BULLISH,CONTINUATION,,,,,True,True,True,0.8539,0.003379,track_b_cont
trackb_cont_KMX_20260603,KMX,2026-06-03,2026-08-02,,,,46.585,call,BULLISH,CONTINUATION,,,,,True,True,True,0.8538,0.002985,track_b_cont
trackb_cont_JBL_20260603,JBL,2026-06-03,2026-08-02,,,,380.9,call,BULLISH,CONTINUATION,,,,,True,True,True,0.8537,0.003116,track_b_cont
trackb_cont_LCUT_20260603,LCUT,2026-06-03,2026-08-02,,,,8.97,call,BULLISH,CONTINUATION,,,,,True,True,True,0.8529,0.002473,track_b_cont
trackb_cont_ZM_20260603,ZM,2026-06-03,2026-08-02,,,,105.99,call,BULLISH,CONTINUATION,,,,,True,True,True,0.8524,-0.006063,track_b_cont
trackb_cont_BDN_20260603,BDN,2026-06-03,2026-08-02,,,,3.055,call,BULLISH,CONTINUATION,,,,,True,True,True,0.8519,-8.5e-05,track_b_cont
trackb_cont_EFX_20260603,EFX,2026-06-03,2026-08-02,,,,167.585,call,BULLISH,CONTINUATION,,,,,True,True,True,0.8518,-0.00639,track_b_cont
trackb_cont_RHI_20260603,RHI,2026-06-03,2026-08-02,,,,29.525,call,BULLISH,CONTINUATION,,,,,True,True,True,0.8514,0.002276,track_b_cont
trackb_cont_MLAB_20260603,MLAB,2026-06-03,2026-08-02,,,,102.07,call,BULLISH,CONTINUATION,,,,,True,True,True,0.8511,-0.001575,track_b_cont
trackb_cont_GHI_20260603,GHI,2026-06-03,2026-08-02,,,,5.386,call,BULLISH,CONTINUATION,,,,,True,True,True,0.8511,-0.000145,track_b_cont
trackb_cont_LIND_20260603,LIND,2026-06-03,2026-08-02,,,,22.31,call,BULLISH,CONTINUATION,,,,,True,True,True,0.8492,0.001599,track_b_cont
trackb_cont_COLM_20260603,COLM,2026-06-03,2026-08-02,,,,65.71,call,BULLISH,CONTINUATION,,,,,True,True,True,0.8491,0.004219,track_b_cont
trackb_cont_ILPT_20260603,ILPT,2026-06-03,2026-08-02,,,,8.755,call,BULLISH,CONTINUATION,,,,,True,True,True,0.8488,0.001015,track_b_cont
trackb_cont_EA_20260603,EA,2026-06-03,2026-08-02,,,,202.54,call,BULLISH,CONTINUATION,,,,,True,True,True,0.8487,-0.004065,track_b_cont
trackb_cont_AMC_20260603,AMC,2026-06-03,2026-08-02,,,,1.875,call,BULLISH,CONTINUATION,,,,,True,True,True,0.8469,0.000255,track_b_cont
trackb_cont_AVT_20260603,AVT,2026-06-03,2026-08-02,,,,93.26,call,BULLISH,CONTINUATION,,,,,True,True,True,0.8466,0.00253,track_b_cont
trackb_cont_EIX_20260603,EIX,2026-06-03,2026-08-02,,,,72.345,call,BULLISH,CONTINUATION,,,,,True,True,True,0.8465,-0.000647,track_b_cont
trackb_cont_CCL_20260603,CCL,2026-06-03,2026-08-02,,,,27.385,call,BULLISH,CONTINUATION,,,,,True,True,True,0.8465,0.00092,track_b_cont
trackb_cont_CMC_20260603,CMC,2026-06-03,2026-08-02,,,,76.75,call,BULLISH,CONTINUATION,,,,,True,True,True,0.8457,0.002576,track_b_cont
trackb_cont_ARRY_20260603,ARRY,2026-06-03,2026-08-02,,,,8.885,call,BULLISH,CONTINUATION,,,,,True,True,True,0.8457,0.000158,track_b_cont
trackb_cont_OPEN_20260603,OPEN,2026-06-03,2026-08-02,,,,4.9,call,BULLISH,CONTINUATION,,,,,True,True,True,0.8456,-0.000306,track_b_cont
trackb_cont_IDT_20260603,IDT,2026-06-03,2026-08-02,,,,53.465,call,BULLISH,CONTINUATION,,,,,True,True,True,0.8452,0.000106,track_b_cont
trackb_cont_NSP_20260603,NSP,2026-06-03,2026-08-02,,,,34.11,call,BULLISH,CONTINUATION,,,,,True,True,True,0.8449,0.002837,track_b_cont
trackb_cont_DXCM_20260603,DXCM,2026-06-03,2026-08-02,,,,72.125,call,BULLISH,CONTINUATION,,,,,True,True,True,0.8448,0.014331,track_b_cont
trackb_cont_KOPN_20260603,KOPN,2026-06-03,2026-08-02,,,,6.145,call,BULLISH,CONTINUATION,,,,,True,True,True,0.8444,0.000342,track_b_cont
trackb_cont_NEU_20260603,NEU,2026-06-03,2026-08-02,,,,786.615,call,BULLISH,CONTINUATION,,,,,True,True,True,0.8438,0.073958,track_b_cont
trackb_cont_MSCI_20260603,MSCI,2026-06-03,2026-08-02,,,,622.0175,call,BULLISH,CONTINUATION,,,,,True,True,True,0.8437,0.022991,track_b_cont
trackb_cont_ASTI_20260603,ASTI,2026-06-03,2026-08-02,,,,7.9,call,BULLISH,CONTINUATION,,,,,True,True,True,0.8425,0.00227,track_b_cont
trackb_cont_UVV_20260603,UVV,2026-06-03,2026-08-02,,,,53.72,call,BULLISH,CONTINUATION,,,,,True,True,True,0.8412,-0.001129,track_b_cont
trackb_cont_SNOW_20260603,SNOW,2026-06-03,2026-08-02,,,,245.945,call,BULLISH,CONTINUATION,,,,,True,True,True,0.8397,0.071378,track_b_cont
trackb_cont_H_20260603,H,2026-06-03,2026-08-02,,,,185.66,call,BULLISH,CONTINUATION,,,,,True,True,True,0.8396,0.011655,track_b_cont
trackb_cont_RHP_20260603,RHP,2026-06-03,2026-08-02,,,,115.54,call,BULLISH,CONTINUATION,,,,,True,True,True,0.8392,0.004615,track_b_cont
trackb_cont_WRLD_20260603,WRLD,2026-06-03,2026-08-02,,,,166.0,call,BULLISH,CONTINUATION,,,,,True,True,True,0.8383,0.015345,track_b_cont
trackb_cont_EMN_20260603,EMN,2026-06-03,2026-08-02,,,,76.44,call,BULLISH,CONTINUATION,,,,,True,True,True,0.8381,-0.002377,track_b_cont
trackb_cont_CRI_20260603,CRI,2026-06-03,2026-08-02,,,,39.22,call,BULLISH,CONTINUATION,,,,,True,True,True,0.8379,0.004728,track_b_cont
trackb_cont_STGW_20260603,STGW,2026-06-03,2026-08-02,,,,6.625,call,BULLISH,CONTINUATION,,,,,True,True,True,0.8363,0.000469,track_b_cont
trackb_cont_RIOT_20260603,RIOT,2026-06-03,2026-08-02,,,,27.975,call,BULLISH,CONTINUATION,,,,,True,True,True,0.836,0.002727,track_b_cont
trackb_cont_ITGR_20260603,ITGR,2026-06-03,2026-08-02,,,,90.15,call,BULLISH,CONTINUATION,,,,,True,True,True,0.836,0.001909,track_b_cont
trackb_cont_BROS_20260603,BROS,2026-06-03,2026-08-02,,,,55.595,call,BULLISH,CONTINUATION,,,,,True,True,True,0.8354,0.001732,track_b_cont
trackb_cont_BIO_20260603,BIO,2026-06-03,2026-08-02,,,,303.69,call,BULLISH,CONTINUATION,,,,,True,True,True,0.8348,0.057306,track_b_cont
trackb_cont_XPO_20260603,XPO,2026-06-03,2026-08-02,,,,219.515,call,BULLISH,CONTINUATION,,,,,True,True,True,0.8346,0.004487,track_b_cont
trackb_cont_CROX_20260603,CROX,2026-06-03,2026-08-02,,,,118.78,call,BULLISH,CONTINUATION,,,,,True,True,True,0.8337,0.013651,track_b_cont
trackb_cont_SNDK_20260603,SNDK,2026-06-03,2026-08-02,,,,1780.285,call,BULLISH,CONTINUATION,,,,,True,True,True,0.8336,0.173221,track_b_cont
trackb_cont_PGNY_20260603,PGNY,2026-06-03,2026-08-02,,,,24.835,call,BULLISH,CONTINUATION,,,,,True,True,True,0.8327,0.004514,track_b_cont
trackb_cont_AP_20260603,AP,2026-06-03,2026-08-02,,,,11.64,call,BULLISH,CONTINUATION,,,,,True,True,True,0.8324,-0.00126,track_b_cont
trackb_cont_ASPN_20260603,ASPN,2026-06-03,2026-08-02,,,,5.875,call,BULLISH,CONTINUATION,,,,,True,True,True,0.8322,0.001165,track_b_cont
trackb_cont_EVR_20260603,EVR,2026-06-03,2026-08-02,,,,340.69,call,BULLISH,CONTINUATION,,,,,True,True,True,0.832,0.002838,track_b_cont
trackb_cont_VISN_20260603,VISN,2026-06-03,2026-08-02,,,,12.2,call,BULLISH,CONTINUATION,,,,,True,True,True,0.8319,0.000107,track_b_cont
trackb_cont_EIG_20260603,EIG,2026-06-03,2026-08-02,,,,43.415,call,BULLISH,CONTINUATION,,,,,True,True,True,0.831,0.001898,track_b_cont
trackb_cont_CBZ_20260603,CBZ,2026-06-03,2026-08-02,,,,31.72,call,BULLISH,CONTINUATION,,,,,True,True,True,0.831,0.002191,track_b_cont
trackb_cont_XIFR_20260603,XIFR,2026-06-03,2026-08-02,,,,12.6,call,BULLISH,CONTINUATION,,,,,True,True,True,0.8304,0.000417,track_b_cont
trackb_cont_CHRW_20260603,CHRW,2026-06-03,2026-08-02,,,,181.36,call,BULLISH,CONTINUATION,,,,,True,True,True,0.8302,0.010293,track_b_cont
trackb_cont_RFIL_20260603,RFIL,2026-06-03,2026-08-02,,,,18.555,call,BULLISH,CONTINUATION,,,,,True,True,True,0.8293,0.002294,track_b_cont
trackb_cont_GNRC_20260603,GNRC,2026-06-03,2026-08-02,,,,287.39,call,BULLISH,CONTINUATION,,,,,True,True,True,0.8286,-0.006876,track_b_cont
trackb_cont_SAIA_20260603,SAIA,2026-06-03,2026-08-02,,,,461.91,call,BULLISH,CONTINUATION,,,,,True,True,True,0.8278,0.023303,track_b_cont
trackb_cont_BEPC_20260603,BEPC,2026-06-03,2026-08-02,,,,40.3199,call,BULLISH,CONTINUATION,,,,,True,True,True,0.8274,0.00142,track_b_cont
trackb_cont_UNFI_20260603,UNFI,2026-06-03,2026-08-02,,,,51.88,call,BULLISH,CONTINUATION,,,,,True,True,True,0.8263,-0.001826,track_b_cont
trackb_cont_EVC_20260603,EVC,2026-06-03,2026-08-02,,,,8.57,call,BULLISH,CONTINUATION,,,,,True,True,True,0.8244,0.002303,track_b_cont
trackb_cont_STUB_20260603,STUB,2026-06-03,2026-08-02,,,,9.585,call,BULLISH,CONTINUATION,,,,,True,True,True,0.8241,0.00254,track_b_cont
trackb_cont_CTAS_20260603,CTAS,2026-06-03,2026-08-02,,,,173.55,call,BULLISH,CONTINUATION,,,,,True,True,True,0.8239,0.0029,track_b_cont
trackb_cont_DEVS_20260603,DEVS,2026-06-03,2026-08-02,,,,0.7962,call,BULLISH,CONTINUATION,,,,,True,True,True,0.8235,6.3e-05,track_b_cont
trackb_cont_WMK_20260603,WMK,2026-06-03,2026-08-02,,,,75.4,call,BULLISH,CONTINUATION,,,,,True,True,True,0.8234,0.002317,track_b_cont
trackb_cont_ARR_20260603,ARR,2026-06-03,2026-08-02,,,,17.08,call,BULLISH,CONTINUATION,,,,,True,True,True,0.8233,-0.000886,track_b_cont
trackb_cont_WY_20260603,WY,2026-06-03,2026-08-02,,,,24.53,call,BULLISH,CONTINUATION,,,,,True,True,True,0.822,-3.7e-05,track_b_cont
trackb_cont_QS_20260603,QS,2026-06-03,2026-08-02,,,,8.8499,call,BULLISH,CONTINUATION,,,,,True,True,True,0.8214,0.000704,track_b_cont
trackb_cont_HZO_20260603,HZO,2026-06-03,2026-08-02,,,,34.56,call,BULLISH,CONTINUATION,,,,,True,True,True,0.821,0.001959,track_b_cont
trackb_cont_MOD_20260603,MOD,2026-06-03,2026-08-02,,,,308.74,call,BULLISH,CONTINUATION,,,,,True,True,True,0.8201,-0.009696,track_b_cont
trackb_cont_HGV_20260603,HGV,2026-06-03,2026-08-02,,,,50.64,call,BULLISH,CONTINUATION,,,,,True,True,True,0.8199,0.003939,track_b_cont
trackb_cont_FVR_20260603,FVR,2026-06-03,2026-08-02,,,,17.97,call,BULLISH,CONTINUATION,,,,,True,True,True,0.8189,-0.000498,track_b_cont
trackb_cont_ULCC_20260603,ULCC,2026-06-03,2026-08-02,,,,5.7,call,BULLISH,CONTINUATION,,,,,True,True,True,0.8184,0.000591,track_b_cont
trackb_cont_HLT_20260603,HLT,2026-06-03,2026-08-02,,,,333.54,call,BULLISH,CONTINUATION,,,,,True,True,True,0.8169,0.007752,track_b_cont
trackb_cont_ESS_20260603,ESS,2026-06-03,2026-08-02,,,,279.42,call,BULLISH,CONTINUATION,,,,,True,True,True,0.8162,0.003977,track_b_cont
trackb_cont_BBGI_20260603,BBGI,2026-06-03,2026-08-02,,,,19.06,call,BULLISH,CONTINUATION,,,,,True,True,True,0.8154,-0.002328,track_b_cont
trackb_cont_CNM_20260603,CNM,2026-06-03,2026-08-02,,,,51.28,call,BULLISH,CONTINUATION,,,,,True,True,True,0.815,-0.001653,track_b_cont
trackb_cont_FC_20260603,FC,2026-06-03,2026-08-02,,,,23.145,call,BULLISH,CONTINUATION,,,,,True,True,True,0.8147,0.001436,track_b_cont
trackb_cont_FPH_20260603,FPH,2026-06-03,2026-08-02,,,,4.97,call,BULLISH,CONTINUATION,,,,,True,True,True,0.8142,7e-06,track_b_cont
trackb_cont_MHK_20260603,MHK,2026-06-03,2026-08-02,,,,104.545,call,BULLISH,CONTINUATION,,,,,True,True,True,0.8132,0.002562,track_b_cont
trackb_cont_DE_20260603,DE,2026-06-03,2026-08-02,,,,589.68,call,BULLISH,CONTINUATION,,,,,True,True,True,0.8131,-0.062424,track_b_cont
trackb_cont_PLUG_20260603,PLUG,2026-06-03,2026-08-02,,,,3.8132,call,BULLISH,CONTINUATION,,,,,True,True,True,0.8125,0.000396,track_b_cont
trackb_cont_VRSK_20260603,VRSK,2026-06-03,2026-08-02,,,,177.96,call,BULLISH,CONTINUATION,,,,,True,True,True,0.8123,0.001592,track_b_cont
trackb_cont_UNM_20260603,UNM,2026-06-03,2026-08-02,,,,83.155,call,BULLISH,CONTINUATION,,,,,True,True,True,0.8123,0.001656,track_b_cont
trackb_cont_NWPX_20260603,NWPX,2026-06-03,2026-08-02,,,,119.9565,call,BULLISH,CONTINUATION,,,,,True,True,True,0.8106,0.002352,track_b_cont
trackb_cont_APLD_20260603,APLD,2026-06-03,2026-08-02,,,,46.11,call,BULLISH,CONTINUATION,,,,,True,True,True,0.8096,0.00305,track_b_cont
trackb_cont_BIPC_20260603,BIPC,2026-06-03,2026-08-02,,,,40.98,call,BULLISH,CONTINUATION,,,,,True,True,True,0.8095,0.002204,track_b_cont
trackb_cont_FCEL_20260603,FCEL,2026-06-03,2026-08-02,,,,22.63,call,BULLISH,CONTINUATION,,,,,True,True,True,0.809,0.008657,track_b_cont
trackb_cont_JRSH_20260603,JRSH,2026-06-03,2026-08-02,,,,3.41,call,BULLISH,CONTINUATION,,,,,True,True,True,0.8089,-8.1e-05,track_b_cont
trackb_cont_IRDM_20260603,IRDM,2026-06-03,2026-08-02,,,,51.1,call,BULLISH,CONTINUATION,,,,,True,True,True,0.8087,0.008409,track_b_cont
trackb_cont_WFC_20260603,WFC,2026-06-03,2026-08-02,,,,77.98,call,BULLISH,CONTINUATION,,,,,True,True,True,0.8086,-0.001323,track_b_cont
trackb_cont_LEGH_20260603,LEGH,2026-06-03,2026-08-02,,,,23.165,call,BULLISH,CONTINUATION,,,,,True,True,True,0.8084,0.001439,track_b_cont
trackb_cont_IBKR_20260603,IBKR,2026-06-03,2026-08-02,,,,87.825,call,BULLISH,CONTINUATION,,,,,True,True,True,0.808,-0.00309,track_b_cont
trackb_cont_ZBRA_20260603,ZBRA,2026-06-03,2026-08-02,,,,246.25,call,BULLISH,CONTINUATION,,,,,True,True,True,0.8078,0.011362,track_b_cont
trackb_cont_GE_20260603,GE,2026-06-03,2026-08-02,,,,316.15,call,BULLISH,CONTINUATION,,,,,True,True,True,0.8075,0.014983,track_b_cont
trackb_cont_MMI_20260603,MMI,2026-06-03,2026-08-02,,,,28.89,call,BULLISH,CONTINUATION,,,,,True,True,True,0.8065,-0.001554,track_b_cont
trackb_cont_BNY_20260603,BNY,2026-06-03,2026-08-02,,,,139.91,call,BULLISH,CONTINUATION,,,,,True,True,True,0.8064,0.005279,track_b_cont
trackb_cont_NTGR_20260603,NTGR,2026-06-03,2026-08-02,,,,26.14,call,BULLISH,CONTINUATION,,,,,True,True,True,0.8064,-0.000719,track_b_cont
trackb_cont_PII_20260603,PII,2026-06-03,2026-08-02,,,,68.3,call,BULLISH,CONTINUATION,,,,,True,True,True,0.8057,0.000506,track_b_cont
trackb_cont_URI_20260603,URI,2026-06-03,2026-08-02,,,,1030.52,call,BULLISH,CONTINUATION,,,,,True,True,True,0.8057,0.003223,track_b_cont
trackb_cont_KELYA_20260603,KELYA,2026-06-03,2026-08-02,,,,11.39,call,BULLISH,CONTINUATION,,,,,True,True,True,0.8053,0.001514,track_b_cont
trackb_cont_AWR_20260603,AWR,2026-06-03,2026-08-02,,,,77.21,call,BULLISH,CONTINUATION,,,,,True,True,True,0.8041,-0.001666,track_b_cont
trackb_cont_OPAL_20260603,OPAL,2026-06-03,2026-08-02,,,,2.255,call,BULLISH,CONTINUATION,,,,,True,True,True,0.8039,-6.3e-05,track_b_cont
trackb_cont_CMCO_20260603,CMCO,2026-06-03,2026-08-02,,,,15.16,call,BULLISH,CONTINUATION,,,,,True,True,True,0.8039,-0.00044,track_b_cont
trackb_cont_MP_20260603,MP,2026-06-03,2026-08-02,,,,68.66,call,BULLISH,CONTINUATION,,,,,True,True,True,0.8037,-0.004318,track_b_cont
trackb_cont_FBIN_20260603,FBIN,2026-06-03,2026-08-02,,,,38.8,call,BULLISH,CONTINUATION,,,,,True,True,True,0.8037,-0.000401,track_b_cont
trackb_cont_DOC_20260603,DOC,2026-06-03,2026-08-02,,,,19.335,call,BULLISH,CONTINUATION,,,,,True,True,True,0.8036,0.000431,track_b_cont
trackb_cont_TLYS_20260603,TLYS,2026-06-03,2026-08-02,,,,4.47,call,BULLISH,CONTINUATION,,,,,True,True,True,0.8017,0.000248,track_b_cont
trackb_cont_MGM_20260603,MGM,2026-06-03,2026-08-02,,,,47.79,call,BULLISH,CONTINUATION,,,,,True,True,True,0.8015,0.004035,track_b_cont
trackb_cont_AVTR_20260603,AVTR,2026-06-03,2026-08-02,,,,8.87,call,BULLISH,CONTINUATION,,,,,True,True,True,0.8006,0.000297,track_b_cont
trackb_cont_TALK_20260603,TALK,2026-06-03,2026-08-02,,,,5.22,call,BULLISH,CONTINUATION,,,,,True,True,True,0.8,-0.000118,track_b_cont
trackb_cont_QCOM_20260603,QCOM,2026-06-03,2026-08-02,,,,250.08,call,BULLISH,CONTINUATION,,,,,True,True,True,0.7994,0.030029,track_b_cont
trackb_cont_EXP_20260603,EXP,2026-06-03,2026-08-02,,,,218.27,call,BULLISH,CONTINUATION,,,,,True,True,True,0.7988,0.000236,track_b_cont
trackb_cont_OLOX_20260603,OLOX,2026-06-03,2026-08-02,,,,9.49,call,BULLISH,CONTINUATION,,,,,True,True,True,0.7986,0.00153,track_b_cont
trackb_cont_PFGC_20260603,PFGC,2026-06-03,2026-08-02,,,,96.82,call,BULLISH,CONTINUATION,,,,,True,True,True,0.7984,0.001185,track_b_cont
trackb_cont_MAN_20260603,MAN,2026-06-03,2026-08-02,,,,30.46,call,BULLISH,CONTINUATION,,,,,True,True,True,0.7983,0.00123,track_b_cont
trackb_cont_MTH_20260603,MTH,2026-06-03,2026-08-02,,,,67.28,call,BULLISH,CONTINUATION,,,,,True,True,True,0.7979,0.001151,track_b_cont
trackb_cont_LITE_20260603,LITE,2026-06-03,2026-08-02,,,,964.75,call,BULLISH,CONTINUATION,,,,,True,True,True,0.7974,-0.108775,track_b_cont
trackb_cont_IVT_20260603,IVT,2026-06-03,2026-08-02,,,,32.745,call,BULLISH,CONTINUATION,,,,,True,True,True,0.7972,0.000969,track_b_cont
trackb_cont_ZD_20260603,ZD,2026-06-03,2026-08-02,,,,44.675,call,BULLISH,CONTINUATION,,,,,True,True,True,0.7967,0.001272,track_b_cont
trackb_cont_NRGV_20260603,NRGV,2026-06-03,2026-08-02,,,,6.07,call,BULLISH,CONTINUATION,,,,,True,True,True,0.7962,1.5e-05,track_b_cont
trackb_cont_AZTA_20260603,AZTA,2026-06-03,2026-08-02,,,,23.945,call,BULLISH,CONTINUATION,,,,,True,True,True,0.7962,0.002022,track_b_cont
trackb_cont_BBAI_20260603,BBAI,2026-06-03,2026-08-02,,,,4.7827,call,BULLISH,CONTINUATION,,,,,True,True,True,0.7953,0.000295,track_b_cont
trackb_cont_LINE_20260603,LINE,2026-06-03,2026-08-02,,,,41.69,call,BULLISH,CONTINUATION,,,,,True,True,True,0.7951,0.003542,track_b_cont
trackb_cont_PRKS_20260603,PRKS,2026-06-03,2026-08-02,,,,38.33,call,BULLISH,CONTINUATION,,,,,True,True,True,0.7945,0.001857,track_b_cont
trackb_cont_ENS_20260603,ENS,2026-06-03,2026-08-02,,,,238.715,call,BULLISH,CONTINUATION,,,,,True,True,True,0.7942,-0.003638,track_b_cont
trackb_cont_ARQ_20260603,ARQ,2026-06-03,2026-08-02,,,,2.655,call,BULLISH,CONTINUATION,,,,,True,True,True,0.7937,1.5e-05,track_b_cont
trackb_cont_W_20260603,W,2026-06-03,2026-08-02,,,,68.5675,call,BULLISH,CONTINUATION,,,,,True,True,True,0.7924,0.006568,track_b_cont
trackb_cont_ADI_20260603,ADI,2026-06-03,2026-08-02,,,,431.22,call,BULLISH,CONTINUATION,,,,,True,True,True,0.7915,-0.020079,track_b_cont
trackb_cont_NTAP_20260603,NTAP,2026-06-03,2026-08-02,,,,179.3,call,BULLISH,CONTINUATION,,,,,True,True,True,0.7914,0.03633,track_b_cont
trackb_cont_OMDA_20260603,OMDA,2026-06-03,2026-08-02,,,,17.3699,call,BULLISH,CONTINUATION,,,,,True,True,True,0.7914,0.001371,track_b_cont
trackb_cont_RPM_20260603,RPM,2026-06-03,2026-08-02,,,,104.39,call,BULLISH,CONTINUATION,,,,,True,True,True,0.7913,0.001748,track_b_cont
trackb_cont_CNC_20260603,CNC,2026-06-03,2026-08-02,,,,58.73,call,BULLISH,CONTINUATION,,,,,True,True,True,0.7911,0.002119,track_b_cont
trackb_cont_RGP_20260603,RGP,2026-06-03,2026-08-02,,,,4.465,call,BULLISH,CONTINUATION,,,,,True,True,True,0.7898,8.5e-05,track_b_cont
trackb_cont_FITB_20260603,FITB,2026-06-03,2026-08-02,,,,49.65,call,BULLISH,CONTINUATION,,,,,True,True,True,0.7888,-0.000684,track_b_cont
trackb_cont_MYE_20260603,MYE,2026-06-03,2026-08-02,,,,23.55,call,BULLISH,CONTINUATION,,,,,True,True,True,0.7885,0.000272,track_b_cont
trackb_cont_AHRT_20260603,AHRT,2026-06-03,2026-08-02,,,,6.6001,call,BULLISH,CONTINUATION,,,,,True,True,True,0.7885,0.00037,track_b_cont
trackb_cont_WDAY_20260603,WDAY,2026-06-03,2026-08-02,,,,144.25,call,BULLISH,CONTINUATION,,,,,True,True,True,0.7882,0.009774,track_b_cont
trackb_cont_CURB_20260603,CURB,2026-06-03,2026-08-02,,,,28.94,call,BULLISH,CONTINUATION,,,,,True,True,True,0.7873,0.000654,track_b_cont
trackb_cont_XOS_20260603,XOS,2026-06-03,2026-08-02,,,,6.2186,call,BULLISH,CONTINUATION,,,,,True,True,True,0.7862,0.000292,track_b_cont
trackb_cont_MGNI_20260603,MGNI,2026-06-03,2026-08-02,,,,14.09,call,BULLISH,CONTINUATION,,,,,True,True,True,0.7862,0.000233,track_b_cont
trackb_cont_HSIC_20260603,HSIC,2026-06-03,2026-08-02,,,,75.985,call,BULLISH,CONTINUATION,,,,,True,True,True,0.7859,0.002874,track_b_cont
trackb_cont_VGZ_20260603,VGZ,2026-06-03,2026-08-02,,,,2.315,call,BULLISH,CONTINUATION,,,,,True,True,True,0.7857,-1.9e-05,track_b_cont
trackb_cont_DECK_20260603,DECK,2026-06-03,2026-08-02,,,,106.805,call,BULLISH,CONTINUATION,,,,,True,True,True,0.7857,0.010741,track_b_cont
trackb_cont_NOW_20260603,NOW,2026-06-03,2026-08-02,,,,119.96,call,BULLISH,CONTINUATION,,,,,True,True,True,0.7852,0.023492,track_b_cont
trackb_cont_GLW_20260603,GLW,2026-06-03,2026-08-02,,,,200.43,call,BULLISH,CONTINUATION,,,,,True,True,True,0.7847,-0.00644,track_b_cont
trackb_cont_EPSM_20260603,EPSM,2026-06-03,2026-08-02,,,,1.6,call,BULLISH,CONTINUATION,,,,,True,True,True,0.7838,-7.2e-05,track_b_cont
trackb_cont_FLYX_20260603,FLYX,2026-06-03,2026-08-02,,,,2.54,call,BULLISH,CONTINUATION,,,,,True,True,True,0.7829,0.000257,track_b_cont
trackb_cont_AVAV_20260603,AVAV,2026-06-03,2026-08-02,,,,192.22,call,BULLISH,CONTINUATION,,,,,True,True,True,0.7827,0.019079,track_b_cont
trackb_cont_WAT_20260603,WAT,2026-06-03,2026-08-02,,,,376.62,call,BULLISH,CONTINUATION,,,,,True,True,True,0.7826,0.010046,track_b_cont
trackb_cont_PL_20260603,PL,2026-06-03,2026-08-02,,,,44.605,call,BULLISH,CONTINUATION,,,,,True,True,True,0.7819,0.008225,track_b_cont
trackb_cont_FDS_20260603,FDS,2026-06-03,2026-08-02,,,,253.33,call,BULLISH,CONTINUATION,,,,,True,True,True,0.78,0.024946,track_b_cont
trackb_cont_EVGO_20260603,EVGO,2026-06-03,2026-08-02,,,,2.26,call,BULLISH,CONTINUATION,,,,,True,True,True,0.7792,5.7e-05,track_b_cont
trackb_cont_VICR_20260603,VICR,2026-06-03,2026-08-02,,,,327.25,call,BULLISH,CONTINUATION,,,,,True,True,True,0.7789,0.028219,track_b_cont
trackb_cont_AIV_20260603,AIV,2026-06-03,2026-08-02,,,,4.275,call,BULLISH,CONTINUATION,,,,,True,True,True,0.7778,-0.000136,track_b_cont
trackb_cont_ASTS_20260603,ASTS,2026-06-03,2026-08-02,,,,108.95,call,BULLISH,CONTINUATION,,,,,True,True,True,0.7772,0.045941,track_b_cont
trackb_cont_CRM_20260603,CRM,2026-06-03,2026-08-02,,,,191.065,call,BULLISH,CONTINUATION,,,,,True,True,True,0.7766,0.004924,track_b_cont
trackb_cont_RMR_20260603,RMR,2026-06-03,2026-08-02,,,,19.81,call,BULLISH,CONTINUATION,,,,,True,True,True,0.7731,0.000323,track_b_cont
trackb_cont_FDX_20260603,FDX,2026-06-03,2026-08-02,,,,327.65,call,BULLISH,CONTINUATION,,,,,True,True,True,0.773,0.021778,track_b_cont
trackb_cont_PKG_20260603,PKG,2026-06-03,2026-08-02,,,,225.17,call,BULLISH,CONTINUATION,,,,,True,True,True,0.7728,-0.011292,track_b_cont
trackb_cont_HUN_20260603,HUN,2026-06-03,2026-08-02,,,,14.84,call,BULLISH,CONTINUATION,,,,,True,True,True,0.7725,-0.000246,track_b_cont
trackb_cont_LEN_20260603,LEN,2026-06-03,2026-08-02,,,,89.18,call,BULLISH,CONTINUATION,,,,,True,True,True,0.7714,0.001235,track_b_cont
trackb_cont_TOL_20260603,TOL,2026-06-03,2026-08-02,,,,136.88,call,BULLISH,CONTINUATION,,,,,True,True,True,0.7708,-0.001933,track_b_cont
trackb_cont_HPE_20260603,HPE,2026-06-03,2026-08-02,,,,54.91,call,BULLISH,CONTINUATION,,,,,True,True,True,0.7705,0.010763,track_b_cont
trackb_cont_EXPD_20260603,EXPD,2026-06-03,2026-08-02,,,,159.46,call,BULLISH,CONTINUATION,,,,,True,True,True,0.77,0.004497,track_b_cont
trackb_cont_VEEV_20260603,VEEV,2026-06-03,2026-08-02,,,,176.305,call,BULLISH,CONTINUATION,,,,,True,True,True,0.7694,0.001113,track_b_cont
trackb_cont_ABBV_20260603,ABBV,2026-06-03,2026-08-02,,,,218.64,call,BULLISH,CONTINUATION,,,,,True,True,True,0.7694,0.006111,track_b_cont
trackb_cont_D_20260603,D,2026-06-03,2026-08-02,,,,66.59,call,BULLISH,CONTINUATION,,,,,True,True,True,0.7687,0.004984,track_b_cont
trackb_cont_SOLS_20260603,SOLS,2026-06-03,2026-08-02,,,,88.65,call,BULLISH,CONTINUATION,,,,,True,True,True,0.7678,-0.002053,track_b_cont
trackb_cont_CAKE_20260603,CAKE,2026-06-03,2026-08-02,,,,65.19,call,BULLISH,CONTINUATION,,,,,True,True,True,0.7657,0.002842,track_b_cont
trackb_cont_GM_20260603,GM,2026-06-03,2026-08-02,,,,82.97,call,BULLISH,CONTINUATION,,,,,True,True,True,0.7656,0.002353,track_b_cont
trackb_cont_BBY_20260603,BBY,2026-06-03,2026-08-02,,,,71.22,call,BULLISH,CONTINUATION,,,,,True,True,True,0.7654,0.011299,track_b_cont
trackb_cont_CLSK_20260603,CLSK,2026-06-03,2026-08-02,,,,17.69,call,BULLISH,CONTINUATION,,,,,True,True,True,0.7651,0.004002,track_b_cont
trackb_cont_LUMN_20260603,LUMN,2026-06-03,2026-08-02,,,,10.095,call,BULLISH,CONTINUATION,,,,,True,True,True,0.7651,0.000975,track_b_cont
trackb_cont_XMAX_20260603,XMAX,2026-06-03,2026-08-02,,,,8.58,call,BULLISH,CONTINUATION,,,,,True,True,True,0.7642,-4.4e-05,track_b_cont
trackb_cont_PHR_20260603,PHR,2026-06-03,2026-08-02,,,,9.66,call,BULLISH,CONTINUATION,,,,,True,True,True,0.7638,-0.000338,track_b_cont
trackb_cont_SLG_20260603,SLG,2026-06-03,2026-08-02,,,,44.23,call,BULLISH,CONTINUATION,,,,,True,True,True,0.7629,-0.001245,track_b_cont
trackb_cont_DAL_20260603,DAL,2026-06-03,2026-08-02,,,,79.04,call,BULLISH,CONTINUATION,,,,,True,True,True,0.7629,0.007319,track_b_cont
trackb_cont_RRR_20260603,RRR,2026-06-03,2026-08-02,,,,56.75,call,BULLISH,CONTINUATION,,,,,True,True,True,0.7625,0.003208,track_b_cont
trackb_cont_U_20260603,U,2026-06-03,2026-08-02,,,,29.195,call,BULLISH,CONTINUATION,,,,,True,True,True,0.7617,0.00049,track_b_cont
trackb_cont_NXT_20260603,NXT,2026-06-03,2026-08-02,,,,146.45,call,BULLISH,CONTINUATION,,,,,True,True,True,0.7615,0.006495,track_b_cont
trackb_cont_DHI_20260603,DHI,2026-06-03,2026-08-02,,,,145.0,call,BULLISH,CONTINUATION,,,,,True,True,True,0.7606,-0.002231,track_b_cont
trackb_cont_DLTR_20260603,DLTR,2026-06-03,2026-08-02,,,,110.335,call,BULLISH,CONTINUATION,,,,,True,True,True,0.7584,0.010017,track_b_cont
trackb_cont_SILA_20260603,SILA,2026-06-03,2026-08-02,,,,30.245,call,BULLISH,CONTINUATION,,,,,True,True,True,0.7572,-0.000654,track_b_cont
trackb_cont_INSE_20260603,INSE,2026-06-03,2026-08-02,,,,7.55,call,BULLISH,CONTINUATION,,,,,True,True,True,0.7569,-0.000135,track_b_cont
trackb_cont_CRSR_20260603,CRSR,2026-06-03,2026-08-02,,,,10.685,call,BULLISH,CONTINUATION,,,,,True,True,True,0.7562,0.002466,track_b_cont
trackb_cont_COLD_20260603,COLD,2026-06-03,2026-08-02,,,,14.755,call,BULLISH,CONTINUATION,,,,,True,True,True,0.7547,0.001004,track_b_cont
trackb_cont_MMM_20260603,MMM,2026-06-03,2026-08-02,,,,153.03,call,BULLISH,CONTINUATION,,,,,True,True,True,0.7539,0.007561,track_b_cont
trackb_cont_BE_20260603,BE,2026-06-03,2026-08-02,,,,289.695,call,BULLISH,CONTINUATION,,,,,True,True,True,0.7536,0.003212,track_b_cont
trackb_cont_IT_20260603,IT,2026-06-03,2026-08-02,,,,165.11,call,BULLISH,CONTINUATION,,,,,True,True,True,0.7536,0.01185,track_b_cont
trackb_cont_TKO_20260603,TKO,2026-06-03,2026-08-02,,,,198.835,call,BULLISH,CONTINUATION,,,,,True,True,True,0.753,0.007561,track_b_cont
trackb_cont_CIA_20260603,CIA,2026-06-03,2026-08-02,,,,5.19,call,BULLISH,CONTINUATION,,,,,True,True,True,0.7525,-0.000437,track_b_cont
trackb_cont_UHAL-B_20260603,UHAL-B,2026-06-03,2026-08-02,,,,49.52,call,BULLISH,CONTINUATION,,,,,True,True,True,0.7509,0.000632,track_b_cont
trackb_cont_KRC_20260603,KRC,2026-06-03,2026-08-02,,,,34.52,call,BULLISH,CONTINUATION,,,,,True,True,True,0.7508,-0.00099,track_b_cont
trackb_cont_HUBS_20260603,HUBS,2026-06-03,2026-08-02,,,,222.02,call,BULLISH,CONTINUATION,,,,,True,True,True,0.7507,-0.001828,track_b_cont
trackb_cont_PHIN_20260603,PHIN,2026-06-03,2026-08-02,,,,80.07,call,BULLISH,CONTINUATION,,,,,True,True,True,0.7504,-0.004878,track_b_cont
trackb_cont_TEAM_20260603,TEAM,2026-06-03,2026-08-02,,,,101.4401,call,BULLISH,CONTINUATION,,,,,True,True,True,0.7504,0.005674,track_b_cont
trackb_cont_NGVC_20260603,NGVC,2026-06-03,2026-08-02,,,,28.625,call,BULLISH,CONTINUATION,,,,,True,True,True,0.7501,0.001258,track_b_cont
trackb_cont_CCO_20260603,CCO,2026-06-03,2026-08-02,,,,2.405,call,BULLISH,CONTINUATION,,,,,True,True,True,0.75,-4.4e-05,track_b_cont
trackb_cont_ALGT_20260603,ALGT,2026-06-03,2026-08-02,,,,84.76,call,BULLISH,CONTINUATION,,,,,True,True,True,0.75,0.00669,track_b_cont
trackb_cont_BTSG_20260603,BTSG,2026-06-03,2026-08-02,,,,60.5,call,BULLISH,CONTINUATION,,,,,True,True,True,0.7498,0.004689,track_b_cont
trackb_cont_PRSU_20260603,PRSU,2026-06-03,2026-08-02,,,,43.51,call,BULLISH,CONTINUATION,,,,,True,True,True,0.7495,0.00265,track_b_cont
trackb_cont_BURL_20260603,BURL,2026-06-03,2026-08-02,,,,328.95,call,BULLISH,CONTINUATION,,,,,True,True,True,0.7493,0.011519,track_b_cont
trackb_cont_CAT_20260603,CAT,2026-06-03,2026-08-02,,,,930.7,call,BULLISH,CONTINUATION,,,,,True,True,True,0.749,-0.05177,track_b_cont
trackb_cont_YETI_20260603,YETI,2026-06-03,2026-08-02,,,,47.26,call,BULLISH,CONTINUATION,,,,,True,True,True,0.7488,0.005784,track_b_cont
trackb_cont_CPB_20260603,CPB,2026-06-03,2026-08-02,,,,21.58,call,BULLISH,CONTINUATION,,,,,True,True,True,0.7487,-0.000606,track_b_cont
trackb_cont_PSMT_20260603,PSMT,2026-06-03,2026-08-02,,,,171.1,call,BULLISH,CONTINUATION,,,,,True,True,True,0.7484,0.009427,track_b_cont
trackb_cont_AXTA_20260603,AXTA,2026-06-03,2026-08-02,,,,31.26,call,BULLISH,CONTINUATION,,,,,True,True,True,0.7479,0.001645,track_b_cont
trackb_cont_FICO_20260603,FICO,2026-06-03,2026-08-02,,,,1161.21,call,BULLISH,CONTINUATION,,,,,True,True,True,0.7471,0.190681,track_b_cont
trackb_cont_OKLO_20260603,OKLO,2026-06-03,2026-08-02,,,,65.3399,call,BULLISH,CONTINUATION,,,,,True,True,True,0.747,-0.00863,track_b_cont
trackb_cont_SDGR_20260603,SDGR,2026-06-03,2026-08-02,,,,14.69,call,BULLISH,CONTINUATION,,,,,True,True,True,0.7461,0.000913,track_b_cont
trackb_cont_BTOC_20260603,BTOC,2026-06-03,2026-08-02,,,,0.3429,call,BULLISH,CONTINUATION,,,,,True,True,True,0.7459,1.9e-05,track_b_cont
trackb_cont_HPQ_20260603,HPQ,2026-06-03,2026-08-02,,,,26.34,call,BULLISH,CONTINUATION,,,,,True,True,True,0.7457,0.004112,track_b_cont
trackb_cont_NBIX_20260603,NBIX,2026-06-03,2026-08-02,,,,163.52,call,BULLISH,CONTINUATION,,,,,True,True,True,0.7452,0.004275,track_b_cont
trackb_cont_PATH_20260603,PATH,2026-06-03,2026-08-02,,,,11.57,call,BULLISH,CONTINUATION,,,,,True,True,True,0.745,0.001029,track_b_cont
trackb_cont_IQV_20260603,IQV,2026-06-03,2026-08-02,,,,176.0,call,BULLISH,CONTINUATION,,,,,True,True,True,0.745,-0.003562,track_b_cont
trackb_cont_AMKR_20260603,AMKR,2026-06-03,2026-08-02,,,,76.07,call,BULLISH,CONTINUATION,,,,,True,True,True,0.7444,-0.007548,track_b_cont
trackb_cont_FUL_20260603,FUL,2026-06-03,2026-08-02,,,,62.505,call,BULLISH,CONTINUATION,,,,,True,True,True,0.7442,-0.000745,track_b_cont
trackb_cont_F_20260603,F,2026-06-03,2026-08-02,,,,15.805,call,BULLISH,CONTINUATION,,,,,True,True,True,0.7439,0.003475,track_b_cont
trackb_cont_HNGE_20260603,HNGE,2026-06-03,2026-08-02,,,,58.3,call,BULLISH,CONTINUATION,,,,,True,True,True,0.7431,0.001336,track_b_cont
trackb_cont_RVTY_20260603,RVTY,2026-06-03,2026-08-02,,,,101.38,call,BULLISH,CONTINUATION,,,,,True,True,True,0.7417,0.000461,track_b_cont
trackb_cont_BG_20260603,BG,2026-06-03,2026-08-02,,,,133.98,call,BULLISH,CONTINUATION,,,,,True,True,True,0.7411,-0.006027,track_b_cont
trackb_cont_ZONE_20260603,ZONE,2026-06-03,2026-08-02,,,,0.7607,call,BULLISH,CONTINUATION,,,,,True,True,True,0.7411,0.000401,track_b_cont
trackb_cont_XRN_20260603,XRN,2026-06-03,2026-08-02,,,,35.61,call,BULLISH,CONTINUATION,,,,,True,True,True,0.741,0.002094,track_b_cont
trackb_cont_CBRL_20260603,CBRL,2026-06-03,2026-08-02,,,,33.32,call,BULLISH,CONTINUATION,,,,,True,True,True,0.7406,0.002697,track_b_cont
trackb_cont_BAH_20260603,BAH,2026-06-03,2026-08-02,,,,78.26,call,BULLISH,CONTINUATION,,,,,True,True,True,0.7403,0.003714,track_b_cont
trackb_cont_BYD_20260603,BYD,2026-06-03,2026-08-02,,,,85.71,call,BULLISH,CONTINUATION,,,,,True,True,True,0.736,-0.003528,track_b_cont
trackb_cont_ARES_20260603,ARES,2026-06-03,2026-08-02,,,,121.9,call,BULLISH,CONTINUATION,,,,,True,True,True,0.7356,-0.001142,track_b_cont
trackb_cont_ONL_20260603,ONL,2026-06-03,2026-08-02,,,,2.915,call,BULLISH,CONTINUATION,,,,,True,True,True,0.7353,2.8e-05,track_b_cont
trackb_cont_UNF_20260603,UNF,2026-06-03,2026-08-02,,,,264.575,call,BULLISH,CONTINUATION,,,,,True,True,True,0.7349,0.00678,track_b_cont
trackb_cont_UHAL_20260603,UHAL,2026-06-03,2026-08-02,,,,55.4004,call,BULLISH,CONTINUATION,,,,,True,True,True,0.7349,0.002092,track_b_cont
trackb_cont_TMO_20260603,TMO,2026-06-03,2026-08-02,,,,472.57,call,BULLISH,CONTINUATION,,,,,True,True,True,0.7345,-0.002623,track_b_cont
trackb_cont_ACVA_20260603,ACVA,2026-06-03,2026-08-02,,,,5.935,call,BULLISH,CONTINUATION,,,,,True,True,True,0.7333,0.000303,track_b_cont
trackb_cont_TBLA_20260603,TBLA,2026-06-03,2026-08-02,,,,4.625,call,BULLISH,CONTINUATION,,,,,True,True,True,0.7324,2.7e-05,track_b_cont
trackb_cont_WYNN_20260603,WYNN,2026-06-03,2026-08-02,,,,103.43,call,BULLISH,CONTINUATION,,,,,True,True,True,0.7318,-0.003479,track_b_cont
trackb_cont_ARI_20260603,ARI,2026-06-03,2026-08-02,,,,10.93,call,BULLISH,CONTINUATION,,,,,True,True,True,0.7317,-0.000262,track_b_cont
trackb_cont_BCHT_20260603,BCHT,2026-06-03,2026-08-02,,,,2.0322,call,BULLISH,CONTINUATION,,,,,True,True,True,0.7317,0.000118,track_b_cont
trackb_cont_TDG_20260603,TDG,2026-06-03,2026-08-02,,,,1228.765,call,BULLISH,CONTINUATION,,,,,True,True,True,0.7315,0.012359,track_b_cont
trackb_cont_ALM_20260603,ALM,2026-06-03,2026-08-02,,,,20.495,call,BULLISH,CONTINUATION,,,,,True,True,True,0.7304,-0.001373,track_b_cont
trackb_cont_DVA_20260603,DVA,2026-06-03,2026-08-02,,,,192.41,call,BULLISH,CONTINUATION,,,,,True,True,True,0.7294,0.003196,track_b_cont
trackb_cont_GTLS_20260603,GTLS,2026-06-03,2026-08-02,,,,207.68,call,BULLISH,CONTINUATION,,,,,True,True,True,0.7293,-0.004896,track_b_cont
trackb_cont_UPST_20260603,UPST,2026-06-03,2026-08-02,,,,30.16,call,BULLISH,CONTINUATION,,,,,True,True,True,0.7285,0.001272,track_b_cont
trackb_cont_NIXX_20260603,NIXX,2026-06-03,2026-08-02,,,,0.7163,call,BULLISH,CONTINUATION,,,,,True,True,True,0.7284,1.6e-05,track_b_cont
trackb_cont_AFRM_20260603,AFRM,2026-06-03,2026-08-02,,,,65.645,call,BULLISH,CONTINUATION,,,,,True,True,True,0.7279,0.00299,track_b_cont
trackb_cont_SOFI_20260603,SOFI,2026-06-03,2026-08-02,,,,16.685,call,BULLISH,CONTINUATION,,,,,True,True,True,0.7277,0.000438,track_b_cont
trackb_cont_MTSI_20260603,MTSI,2026-06-03,2026-08-02,,,,391.69,call,BULLISH,CONTINUATION,,,,,True,True,True,0.7265,0.0348,track_b_cont
trackb_cont_VECO_20260603,VECO,2026-06-03,2026-08-02,,,,60.45,call,BULLISH,CONTINUATION,,,,,True,True,True,0.7263,-0.000702,track_b_cont
trackb_cont_CDZI_20260603,CDZI,2026-06-03,2026-08-02,,,,4.625,call,BULLISH,CONTINUATION,,,,,True,True,True,0.7258,-0.000288,track_b_cont
trackb_cont_MARA_20260603,MARA,2026-06-03,2026-08-02,,,,14.06,call,BULLISH,CONTINUATION,,,,,True,True,True,0.7256,0.001256,track_b_cont
trackb_cont_FRT_20260603,FRT,2026-06-03,2026-08-02,,,,119.43,call,BULLISH,CONTINUATION,,,,,True,True,True,0.7252,0.002255,track_b_cont
trackb_cont_UEC_20260603,UEC,2026-06-03,2026-08-02,,,,14.1,call,BULLISH,CONTINUATION,,,,,True,True,True,0.7248,-0.002743,track_b_cont
trackb_cont_TDOC_20260603,TDOC,2026-06-03,2026-08-02,,,,7.185,call,BULLISH,CONTINUATION,,,,,True,True,True,0.7232,0.000117,track_b_cont
trackb_cont_SAIC_20260603,SAIC,2026-06-03,2026-08-02,,,,112.53,call,BULLISH,CONTINUATION,,,,,True,True,True,0.7231,0.009482,track_b_cont
trackb_cont_DFH_20260603,DFH,2026-06-03,2026-08-02,,,,14.33,call,BULLISH,CONTINUATION,,,,,True,True,True,0.7215,0.00069,track_b_cont
trackb_cont_MASI_20260603,MASI,2026-06-03,2026-08-02,,,,178.695,call,BULLISH,CONTINUATION,,,,,True,True,True,0.72,-0.004279,track_b_cont
trackb_cont_PXED_20260603,PXED,2026-06-03,2026-08-02,,,,30.1,call,BULLISH,CONTINUATION,,,,,True,True,True,0.7179,-0.000685,track_b_cont
trackb_cont_SPHR_20260603,SPHR,2026-06-03,2026-08-02,,,,139.58,call,BULLISH,CONTINUATION,,,,,True,True,True,0.7168,-0.003002,track_b_cont
trackb_cont_LPX_20260603,LPX,2026-06-03,2026-08-02,,,,73.995,call,BULLISH,CONTINUATION,,,,,True,True,True,0.7163,-0.000605,track_b_cont
trackb_cont_OXM_20260603,OXM,2026-06-03,2026-08-02,,,,45.01,call,BULLISH,CONTINUATION,,,,,True,True,True,0.7155,-0.000447,track_b_cont
trackb_cont_MET_20260603,MET,2026-06-03,2026-08-02,,,,81.04,call,BULLISH,CONTINUATION,,,,,True,True,True,0.7145,0.003549,track_b_cont
trackb_cont_WKC_20260603,WKC,2026-06-03,2026-08-02,,,,29.19,call,BULLISH,CONTINUATION,,,,,True,True,True,0.7143,0.001334,track_b_cont
trackb_cont_OII_20260603,OII,2026-06-03,2026-08-02,,,,38.65,call,BULLISH,CONTINUATION,,,,,True,True,True,0.7112,3.8e-05,track_b_cont
trackb_cont_RUM_20260603,RUM,2026-06-03,2026-08-02,,,,8.56,call,BULLISH,CONTINUATION,,,,,True,True,True,0.7096,0.000931,track_b_cont
trackb_cont_TLN_20260603,TLN,2026-06-03,2026-08-02,,,,380.47,call,BULLISH,CONTINUATION,,,,,True,True,True,0.7096,-0.018246,track_b_cont
trackb_cont_LUV_20260603,LUV,2026-06-03,2026-08-02,,,,41.38,call,BULLISH,CONTINUATION,,,,,True,True,True,0.7087,0.001226,track_b_cont
trackb_cont_SIRI_20260603,SIRI,2026-06-03,2026-08-02,,,,28.105,call,BULLISH,CONTINUATION,,,,,True,True,True,0.7087,0.002478,track_b_cont
trackb_cont_ADTN_20260603,ADTN,2026-06-03,2026-08-02,,,,17.31,call,BULLISH,CONTINUATION,,,,,True,True,True,0.7075,0.000842,track_b_cont
trackb_cont_DEA_20260603,DEA,2026-06-03,2026-08-02,,,,23.68,call,BULLISH,CONTINUATION,,,,,True,True,True,0.7062,0.000617,track_b_cont
trackb_cont_RPRX_20260603,RPRX,2026-06-03,2026-08-02,,,,55.19,call,BULLISH,CONTINUATION,,,,,True,True,True,0.7061,0.00237,track_b_cont
trackb_cont_GFS_20260603,GFS,2026-06-03,2026-08-02,,,,86.19,call,BULLISH,CONTINUATION,,,,,True,True,True,0.706,0.008041,track_b_cont
trackb_cont_HOOD_20260603,HOOD,2026-06-03,2026-08-02,,,,82.98,call,BULLISH,CONTINUATION,,,,,True,True,True,0.7059,0.001693,track_b_cont
trackb_cont_CXW_20260603,CXW,2026-06-03,2026-08-02,,,,21.555,call,BULLISH,CONTINUATION,,,,,True,True,True,0.7059,0.000523,track_b_cont
trackb_cont_VELO_20260603,VELO,2026-06-03,2026-08-02,,,,20.24,call,BULLISH,CONTINUATION,,,,,True,True,True,0.7057,0.008902,track_b_cont
trackb_cont_MPWR_20260603,MPWR,2026-06-03,2026-08-02,,,,1659.02,call,BULLISH,CONTINUATION,,,,,True,True,True,0.7042,-0.074029,track_b_cont
trackb_cont_ESRT_20260603,ESRT,2026-06-03,2026-08-02,,,,5.435,call,BULLISH,CONTINUATION,,,,,True,True,True,0.7018,2.6e-05,track_b_cont
trackb_cont_DGXX_20260603,DGXX,2026-06-03,2026-08-02,,,,7.69,call,BULLISH,CONTINUATION,,,,,True,True,True,0.7016,0.001404,track_b_cont
trackb_cont_UFPT_20260603,UFPT,2026-06-03,2026-08-02,,,,214.535,call,BULLISH,CONTINUATION,,,,,True,True,True,0.7005,0.002975,track_b_cont
trackb_rev_WING_20260603,WING,2026-06-03,2026-08-02,,,,143.21,call,BULLISH,SHALLOW,0.0,NEUTRAL,282860.0,2,False,True,False,0.7543,0.012355,track_b_rev
trackb_rev_SYK_20260603,SYK,2026-06-03,2026-08-02,,,,293.165,call,BULLISH,SHALLOW,5.0,NEUTRAL,134400.0,1,False,True,False,0.2938,0.011785,track_b_rev
trackb_rev_CAR_20260603,CAR,2026-06-03,2026-08-02,,,,174.175,call,BULLISH,SHALLOW,5.0,NEUTRAL,357264.0,10,False,True,False,0.7815,0.010623,track_b_rev
trackb_rev_WGS_20260603,WGS,2026-06-03,2026-08-02,,,,52.33,call,BULLISH,SHALLOW,5.0,NEUTRAL,17160.0,1,False,False,False,0.9986,0.008192,track_b_rev
trackb_rev_CAH_20260603,CAH,2026-06-03,2026-08-02,,,,196.89,call,BULLISH,SHALLOW,5.0,NEUTRAL,513300.0,4,False,False,False,0.6133,0.007426,track_b_rev
trackb_rev_MEDP_20260603,MEDP,2026-06-03,2026-08-02,,,,439.12,call,BULLISH,SHALLOW,5.0,NEUTRAL,0.0,0,False,True,False,0.7335,0.006591,track_b_rev
trackb_rev_CTSH_20260603,CTSH,2026-06-03,2026-08-02,,,,53.15,call,BULLISH,SHALLOW,4.21,NEUTRAL,208478.0,7,False,True,False,0.799,0.004392,track_b_rev
trackb_rev_MRK_20260603,MRK,2026-06-03,2026-08-02,,,,116.01,call,BULLISH,SHALLOW,5.0,NEUTRAL,0.0,0,False,True,False,0.3864,0.003699,track_b_rev
trackb_rev_BMI_20260603,BMI,2026-06-03,2026-08-02,,,,128.38,call,BULLISH,SHALLOW,5.0,NEUTRAL,0.0,0,False,True,False,0.7619,0.003589,track_b_rev
trackb_rev_LMT_20260603,LMT,2026-06-03,2026-08-02,,,,523.65,call,BULLISH,SHALLOW,5.0,NEUTRAL,166530.0,1,False,False,False,0.403,0.003268,track_b_rev
trackb_rev_CACI_20260603,CACI,2026-06-03,2026-08-02,,,,531.1965,call,BULLISH,SHALLOW,5.0,NEUTRAL,0.0,0,False,True,False,0.7448,0.003193,track_b_rev
trackb_rev_RLI_20260603,RLI,2026-06-03,2026-08-02,,,,50.73,call,BULLISH,SHALLOW,5.0,NEUTRAL,0.0,0,False,True,False,0.8602,0.002699,track_b_rev
trackb_rev_RBLX_20260603,RBLX,2026-06-03,2026-08-02,,,,43.115,call,BULLISH,SHALLOW,4.18,NEUTRAL,2299784.0,32,False,False,False,0.5788,0.00269,track_b_rev
trackb_rev_CLX_20260603,CLX,2026-06-03,2026-08-02,,,,88.86,call,BULLISH,SHALLOW,9.26,BULLISH,855192.5,9,False,True,False,0.3557,0.002649,track_b_rev
trackb_rev_DHR_20260603,DHR,2026-06-03,2026-08-02,,,,176.76,call,BULLISH,SHALLOW,6.32,LEAN BULLISH,271577.0,3,False,True,False,0.6487,0.002608,track_b_rev
trackb_rev_TJX_20260603,TJX,2026-06-03,2026-08-02,,,,157.05,call,BULLISH,SHALLOW,,,,,False,False,False,0.5272,0.002457,track_b_rev
trackb_rev_CCOI_20260603,CCOI,2026-06-03,2026-08-02,,,,16.48,call,BULLISH,SHALLOW,,,,,False,True,False,0.3053,0.002447,track_b_rev
trackb_rev_LMND_20260603,LMND,2026-06-03,2026-08-02,,,,52.53,call,BULLISH,SHALLOW,,,,,False,True,False,0.7634,0.002427,track_b_rev
trackb_rev_RYAN_20260603,RYAN,2026-06-03,2026-08-02,,,,31.47,call,BULLISH,SHALLOW,,,,,False,True,False,0.5969,0.001747,track_b_rev
trackb_rev_NKE_20260603,NKE,2026-06-03,2026-08-02,,,,43.4193,call,BULLISH,SHALLOW,,,,,False,True,False,0.4399,0.001675,track_b_rev
trackb_rev_SYY_20260603,SYY,2026-06-03,2026-08-02,,,,75.11,call,BULLISH,SHALLOW,,,,,False,True,False,0.4565,0.001562,track_b_rev
trackb_rev_EPAM_20260603,EPAM,2026-06-03,2026-08-02,,,,97.245,call,BULLISH,SHALLOW,,,,,False,False,False,0.6312,0.001544,track_b_rev
trackb_rev_KTOS_20260603,KTOS,2026-06-03,2026-08-02,,,,58.995,call,BULLISH,SHALLOW,,,,,False,True,False,0.7653,0.000965,track_b_rev
trackb_rev_UGI_20260603,UGI,2026-06-03,2026-08-02,,,,34.97,call,BULLISH,SHALLOW,,,,,False,False,False,0.5727,0.000903,track_b_rev
trackb_rev_AJG_20260603,AJG,2026-06-03,2026-08-02,,,,201.445,call,BULLISH,SHALLOW,,,,,False,False,False,0.7707,0.000883,track_b_rev
trackb_rev_SFM_20260603,SFM,2026-06-03,2026-08-02,,,,78.02,call,BULLISH,SHALLOW,,,,,False,False,False,0.0421,0.000779,track_b_rev
trackb_rev_MMSI_20260603,MMSI,2026-06-03,2026-08-02,,,,60.63,call,BULLISH,SHALLOW,,,,,False,False,False,0.2186,0.00072,track_b_rev
trackb_rev_OPCH_20260603,OPCH,2026-06-03,2026-08-02,,,,20.275,call,BULLISH,SHALLOW,,,,,False,False,False,0.4124,0.000696,track_b_rev
trackb_rev_LHX_20260603,LHX,2026-06-03,2026-08-02,,,,307.83,call,BULLISH,SHALLOW,,,,,False,True,False,0.6116,0.000661,track_b_rev
trackb_rev_DGX_20260603,DGX,2026-06-03,2026-08-02,,,,193.818,call,BULLISH,SHALLOW,,,,,False,True,False,0.6215,0.000626,track_b_rev
trackb_rev_MH_20260603,MH,2026-06-03,2026-08-02,,,,11.535,call,BULLISH,SHALLOW,,,,,False,True,False,0.7066,0.000491,track_b_rev
trackb_rev_ETD_20260603,ETD,2026-06-03,2026-08-02,,,,20.47,call,BULLISH,SHALLOW,,,,,False,True,False,0.7273,0.000486,track_b_rev
trackb_rev_GEHC_20260603,GEHC,2026-06-03,2026-08-02,,,,61.585,call,BULLISH,SHALLOW,,,,,False,True,False,0.337,0.000348,track_b_rev
trackb_rev_ABT_20260603,ABT,2026-06-03,2026-08-02,,,,87.26,call,BULLISH,SHALLOW,,,,,False,False,False,0.6784,0.000323,track_b_rev
trackb_rev_JNJ_20260603,JNJ,2026-06-03,2026-08-02,,,,224.53,call,BULLISH,SHALLOW,,,,,False,True,False,0.2513,0.000309,track_b_rev
trackb_rev_WNC_20260603,WNC,2026-06-03,2026-08-02,,,,7.795,call,BULLISH,SHALLOW,,,,,False,True,False,0.6339,0.000302,track_b_rev
trackb_rev_FE_20260603,FE,2026-06-03,2026-08-02,,,,46.06,call,BULLISH,SHALLOW,,,,,False,False,False,0.4663,0.000299,track_b_rev
trackb_rev_NCLH_20260603,NCLH,2026-06-03,2026-08-02,,,,18.335,call,BULLISH,SHALLOW,,,,,False,True,False,0.8759,0.000266,track_b_rev
trackb_rev_EDHL_20260603,EDHL,2026-06-03,2026-08-02,,,,2.63,call,BULLISH,SHALLOW,,,,,False,True,False,0.4932,0.000256,track_b_rev
trackb_rev_SFD_20260603,SFD,2026-06-03,2026-08-02,,,,26.21,call,BULLISH,SHALLOW,,,,,False,False,False,0.5932,0.000248,track_b_rev
trackb_rev_EVTV_20260603,EVTV,2026-06-03,2026-08-02,,,,1.95,call,BULLISH,SHALLOW,,,,,False,True,False,0.1041,0.00023,track_b_rev
trackb_rev_GWRS_20260603,GWRS,2026-06-03,2026-08-02,,,,7.07,call,BULLISH,SHALLOW,,,,,False,True,False,0.4649,0.000221,track_b_rev
trackb_rev_VG_20260603,VG,2026-06-03,2026-08-02,,,,12.905,call,BULLISH,SHALLOW,,,,,False,False,False,0.3193,0.00022,track_b_rev
trackb_rev_AEO_20260603,AEO,2026-06-03,2026-08-02,,,,15.9561,call,BULLISH,SHALLOW,,,,,False,False,False,0.3827,0.000208,track_b_rev
trackb_rev_AMSF_20260603,AMSF,2026-06-03,2026-08-02,,,,30.53,call,BULLISH,SHALLOW,,,,,False,True,False,0.5991,0.000199,track_b_rev
trackb_rev_LOCL_20260603,LOCL,2026-06-03,2026-08-02,,,,1.5799,call,BULLISH,SHALLOW,,,,,False,False,False,0.3714,0.000163,track_b_rev
trackb_rev_GIPR_20260603,GIPR,2026-06-03,2026-08-02,,,,0.2083,call,BULLISH,SHALLOW,,,,,False,True,False,0.0932,0.000118,track_b_rev
trackb_rev_OLLI_20260603,OLLI,2026-06-03,2026-08-02,,,,79.87,call,BULLISH,SHALLOW,,,,,False,False,False,0.5105,9.2e-05,track_b_rev
trackb_rev_ORGN_20260603,ORGN,2026-06-03,2026-08-02,,,,1.33,call,BULLISH,SHALLOW,,,,,False,False,False,0.1532,8.5e-05,track_b_rev
trackb_rev_THO_20260603,THO,2026-06-03,2026-08-02,,,,77.375,call,BULLISH,SHALLOW,,,,,False,True,False,0.6254,7.8e-05,track_b_rev
trackb_rev_ORBS_20260603,ORBS,2026-06-03,2026-08-02,,,,0.948,call,BULLISH,SHALLOW,,,,,False,True,False,0.3608,7.4e-05,track_b_rev
trackb_rev_BFRG_20260603,BFRG,2026-06-03,2026-08-02,,,,0.7403,call,BULLISH,SHALLOW,,,,,False,True,False,0.8312,3.4e-05,track_b_rev
trackb_rev_HFFG_20260603,HFFG,2026-06-03,2026-08-02,,,,1.85,call,BULLISH,SHALLOW,,,,,False,True,False,0.1649,2.9e-05,track_b_rev
trackb_rev_LILAK_20260603,LILAK,2026-06-03,2026-08-02,,,,7.74,call,BULLISH,SHALLOW,,,,,False,True,False,0.6129,2.3e-05,track_b_rev
trackb_rev_RIME_20260603,RIME,2026-06-03,2026-08-02,,,,0.7182,call,BULLISH,SHALLOW,,,,,False,False,False,0.4524,-2.6e-05,track_b_rev
trackb_rev_ANF_20260603,ANF,2026-06-03,2026-08-02,,,,75.36,call,BULLISH,SHALLOW,,,,,False,False,False,0.3853,-3.1e-05,track_b_rev
trackb_rev_MOS_20260603,MOS,2026-06-03,2026-08-02,,,,23.7,call,BULLISH,SHALLOW,,,,,False,True,False,0.6859,-3.3e-05,track_b_rev
trackb_rev_IMKTA_20260603,IMKTA,2026-06-03,2026-08-02,,,,89.66,call,BULLISH,SHALLOW,,,,,False,True,False,0.7134,-5.3e-05,track_b_rev
trackb_rev_BBW_20260603,BBW,2026-06-03,2026-08-02,,,,35.57,call,BULLISH,SHALLOW,,,,,False,False,False,0.3016,-0.000189,track_b_rev
trackb_rev_BMY_20260603,BMY,2026-06-03,2026-08-02,,,,54.755,call,BULLISH,SHALLOW,,,,,False,False,False,0.043,-0.0002,track_b_rev
trackb_rev_COO_20260603,COO,2026-06-03,2026-08-02,,,,60.11,call,BULLISH,SHALLOW,,,,,False,False,False,0.1354,-0.000223,track_b_rev
trackb_rev_EXC_20260603,EXC,2026-06-03,2026-08-02,,,,45.89,call,BULLISH,SHALLOW,,,,,False,False,False,0.4779,-0.000248,track_b_rev
trackb_rev_IPAR_20260603,IPAR,2026-06-03,2026-08-02,,,,90.13,call,BULLISH,SHALLOW,,,,,False,True,False,0.533,-0.000298,track_b_rev
trackb_rev_TGT_20260603,TGT,2026-06-03,2026-08-02,,,,124.99,call,BULLISH,SHALLOW,,,,,False,False,False,0.4519,-0.000318,track_b_rev
trackb_rev_VITL_20260603,VITL,2026-06-03,2026-08-02,,,,9.76,call,BULLISH,SHALLOW,,,,,False,False,False,0.3376,-0.000365,track_b_rev
trackb_rev_FISV_20260603,FISV,2026-06-03,2026-08-02,,,,53.05,call,BULLISH,SHALLOW,,,,,False,False,False,0.5821,-0.000735,track_b_rev
trackb_rev_GMED_20260603,GMED,2026-06-03,2026-08-02,,,,78.03,call,BULLISH,SHALLOW,,,,,False,False,False,0.2193,-0.001063,track_b_rev
trackb_rev_TECH_20260603,TECH,2026-06-03,2026-08-02,,,,49.935,call,BULLISH,SHALLOW,,,,,False,False,False,0.4824,-0.001075,track_b_rev
trackb_rev_BKNG_20260603,BKNG,2026-06-03,2026-08-02,,,,165.92,call,BULLISH,SHALLOW,,,,,False,True,False,0.6726,-0.002055,track_b_rev
trackb_rev_IDXX_20260603,IDXX,2026-06-03,2026-08-02,,,,558.885,call,BULLISH,SHALLOW,,,,,False,False,False,0.4444,-0.004251,track_b_rev
trackb_rev_COR_20260603,COR,2026-06-03,2026-08-02,,,,263.115,call,BULLISH,SHALLOW,,,,,False,False,False,0.3359,-0.006165,track_b_rev
trackb_cont_ORCL_20260604,ORCL,2026-06-04,2026-08-03,,,,229.505,call,BULLISH,CONTINUATION,9.38,BULLISH,26321764.0,100,69.603,True,True,True,0.9206,0.014684,track_b_cont
trackb_cont_DOCN_20260604,DOCN,2026-06-04,2026-08-03,,,,174.6,call,BULLISH,CONTINUATION,10.0,BULLISH,5173096.0,30,67.138,True,True,True,0.9172,0.00481,track_b_cont
trackb_cont_AAPL_20260604,AAPL,2026-06-04,2026-08-03,,,,311.5,call,BULLISH,CONTINUATION,8.68,BULLISH,45958844.0,100,66.509,True,True,True,0.9936,0.01491,track_b_cont
trackb_cont_TE_20260604,TE,2026-06-04,2026-08-03,,,,11.58,call,BULLISH,CONTINUATION,9.85,BULLISH,5433829.0,98,66.341,True,True,True,0.971,0.005406,track_b_cont
trackb_cont_TER_20260604,TER,2026-06-04,2026-08-03,,,,407.64,call,BULLISH,CONTINUATION,9.57,BULLISH,5601218.0,19,64.581,True,True,True,0.8559,0.002488,track_b_cont
trackb_cont_CSCO_20260604,CSCO,2026-06-04,2026-08-03,,,,127.93,call,BULLISH,CONTINUATION,9.32,BULLISH,8321318.0,52,64.496,True,True,True,0.9941,0.023345,track_b_cont
trackb_cont_ASTS_20260604,ASTS,2026-06-04,2026-08-03,,,,108.95,call,BULLISH,CONTINUATION,9.58,BULLISH,5107153.0,100,64.264,True,True,True,0.7772,0.045941,track_b_cont
trackb_cont_AVGO_20260604,AVGO,2026-06-04,2026-08-03,,,,485.18,call,BULLISH,CONTINUATION,8.41,BULLISH,40977954.0,100,64.022,True,True,True,0.9137,-0.001114,track_b_cont
trackb_cont_PENG_20260604,PENG,2026-06-04,2026-08-03,,,,68.63,call,BULLISH,CONTINUATION,10.0,BULLISH,1913088.0,24,62.817,True,True,True,0.9356,0.015235,track_b_cont
trackb_cont_DELL_20260604,DELL,2026-06-04,2026-08-03,,,,415.17,call,BULLISH,CONTINUATION,8.52,BULLISH,22756539.0,100,62.682,True,True,True,0.8679,0.112987,track_b_cont
trackb_cont_ONDS_20260604,ONDS,2026-06-04,2026-08-03,,,,11.76,call,BULLISH,CONTINUATION,9.78,BULLISH,2476514.0,83,62.532,True,True,True,0.8947,0.001776,track_b_cont
trackb_cont_AMAT_20260604,AMAT,2026-06-04,2026-08-03,,,,498.0,call,BULLISH,CONTINUATION,9.32,BULLISH,4829524.0,26,62.294,True,True,True,0.9846,0.013426,track_b_cont
trackb_cont_KEEL_20260604,KEEL,2026-06-04,2026-08-03,,,,6.26,call,BULLISH,CONTINUATION,10.0,BULLISH,1657544.0,33,62.195,True,True,True,0.9034,0.001449,track_b_cont
trackb_cont_WFC_20260604,WFC,2026-06-04,2026-08-03,,,,77.98,call,BULLISH,CONTINUATION,10.0,BULLISH,1583356.0,12,61.996,True,True,True,0.8086,-0.001323,track_b_cont
trackb_cont_BWA_20260604,BWA,2026-06-04,2026-08-03,,,,77.615,call,BULLISH,CONTINUATION,10.0,BULLISH,1568608.0,23,61.955,True,True,True,0.9148,0.006977,track_b_cont
trackb_cont_RGTI_20260604,RGTI,2026-06-04,2026-08-03,,,,24.4178,call,BULLISH,CONTINUATION,9.44,BULLISH,3247443.0,100,61.469,True,True,True,0.9266,0.005828,track_b_cont
trackb_cont_AMKR_20260604,AMKR,2026-06-04,2026-08-03,,,,76.07,call,BULLISH,CONTINUATION,10.0,BULLISH,1210563.0,38,60.83,True,True,True,0.7444,-0.007548,track_b_cont
trackb_cont_SOLS_20260604,SOLS,2026-06-04,2026-08-03,,,,88.65,call,BULLISH,CONTINUATION,9.9,BULLISH,1310322.0,21,60.562,True,True,True,0.7678,-0.002053,track_b_cont
trackb_cont_NOW_20260604,NOW,2026-06-04,2026-08-03,,,,119.96,call,BULLISH,CONTINUATION,8.22,BULLISH,21123313.0,100,60.209,True,True,True,0.7852,0.023492,track_b_cont
trackb_cont_MTSI_20260604,MTSI,2026-06-04,2026-08-03,,,,391.69,call,BULLISH,CONTINUATION,9.37,BULLISH,2423123.0,8,59.822,True,True,True,0.7265,0.0348,track_b_cont
trackb_cont_UPS_20260604,UPS,2026-06-04,2026-08-03,,,,110.43,call,BULLISH,CONTINUATION,9.48,BULLISH,1928359.0,5,59.584,True,True,True,0.9144,0.005417,track_b_cont
trackb_cont_HON_20260604,HON,2026-06-04,2026-08-03,,,,232.91,call,BULLISH,CONTINUATION,9.3,BULLISH,2521530.0,16,59.535,True,True,True,0.8553,0.014654,track_b_cont
trackb_cont_RBRK_20260604,RBRK,2026-06-04,2026-08-03,,,,77.92,call,BULLISH,CONTINUATION,9.54,BULLISH,1677338.0,27,59.383,True,True,True,0.8667,0.012756,track_b_cont
trackb_cont_CLSK_20260604,CLSK,2026-06-04,2026-08-03,,,,17.69,call,BULLISH,CONTINUATION,9.74,BULLISH,1205977.0,29,59.232,True,True,True,0.7651,0.004002,track_b_cont
trackb_cont_PLUG_20260604,PLUG,2026-06-04,2026-08-03,,,,3.8132,call,BULLISH,CONTINUATION,10.0,BULLISH,829098.0,30,59.186,True,True,True,0.8125,0.000396,track_b_cont
trackb_cont_SMTC_20260604,SMTC,2026-06-04,2026-08-03,,,,163.27,call,BULLISH,CONTINUATION,9.36,BULLISH,1838803.0,6,58.636,True,True,True,0.9121,0.03242,track_b_cont
trackb_cont_FLNC_20260604,FLNC,2026-06-04,2026-08-03,,,,25.56,call,BULLISH,CONTINUATION,8.93,BULLISH,3338062.0,49,58.255,True,True,True,0.8837,0.002778,track_b_cont
trackb_cont_OPEN_20260604,OPEN,2026-06-04,2026-08-03,,,,4.9,call,BULLISH,CONTINUATION,9.41,BULLISH,1379996.0,60,57.776,True,True,True,0.8456,-0.000306,track_b_cont
trackb_cont_SMR_20260604,SMR,2026-06-04,2026-08-03,,,,12.265,call,BULLISH,CONTINUATION,9.58,BULLISH,1028432.0,49,57.597,True,True,True,0.9245,-0.000876,track_b_cont
trackb_cont_AMPX_20260604,AMPX,2026-06-04,2026-08-03,,,,22.34,call,BULLISH,CONTINUATION,9.48,BULLISH,1188244.0,23,57.59,True,True,True,0.8682,-0.000914,track_b_cont
trackb_cont_ON_20260604,ON,2026-06-04,2026-08-03,,,,131.83,call,BULLISH,CONTINUATION,9.05,BULLISH,2200249.0,17,57.399,True,True,True,0.9465,0.012571,track_b_cont
trackb_cont_C_20260604,C,2026-06-04,2026-08-03,,,,129.15,call,BULLISH,CONTINUATION,8.98,BULLISH,2450504.0,15,57.376,True,True,True,0.9055,-0.003588,track_b_cont
trackb_cont_ST_20260604,ST,2026-06-04,2026-08-03,,,,53.1,call,BULLISH,CONTINUATION,10.0,BULLISH,539634.0,15,57.321,True,True,True,0.9438,0.004148,track_b_cont
trackb_cont_HPE_20260604,HPE,2026-06-04,2026-08-03,,,,54.91,call,BULLISH,CONTINUATION,7.83,BULLISH,20832450.0,54,57.306,True,True,True,0.7705,0.010763,track_b_cont
trackb_cont_PCT_20260604,PCT,2026-06-04,2026-08-03,,,,13.2524,call,BULLISH,CONTINUATION,10.0,BULLISH,527966.0,12,57.226,True,True,True,0.9258,0.003261,track_b_cont
trackb_cont_F_20260604,F,2026-06-04,2026-08-03,,,,15.805,call,BULLISH,CONTINUATION,8.6,BULLISH,3750360.0,32,56.537,True,True,True,0.7439,0.003475,track_b_cont
trackb_cont_HCC_20260604,HCC,2026-06-04,2026-08-03,,,,107.1099,call,BULLISH,CONTINUATION,10.0,BULLISH,425051.0,8,56.284,True,True,True,0.9962,0.00852,track_b_cont
trackb_cont_CIEN_20260604,CIEN,2026-06-04,2026-08-03,,,,627.195,call,BULLISH,CONTINUATION,8.74,BULLISH,2652328.0,23,56.142,True,True,True,0.98,0.008186,track_b_cont
trackb_cont_BNY_20260604,BNY,2026-06-04,2026-08-03,,,,139.91,call,BULLISH,CONTINUATION,8.51,BULLISH,3944104.0,14,56.132,True,True,True,0.8064,0.005279,track_b_cont
trackb_cont_APH_20260604,APH,2026-06-04,2026-08-03,,,,149.48,call,BULLISH,CONTINUATION,10.0,BULLISH,380140.0,3,55.799,True,True,True,0.9042,0.004428,track_b_cont
trackb_cont_ALAB_20260604,ALAB,2026-06-04,2026-08-03,,,,354.75,call,BULLISH,CONTINUATION,8.33,BULLISH,4919895.0,30,55.744,True,True,True,0.9962,0.130999,track_b_cont
trackb_cont_MU_20260604,MU,2026-06-04,2026-08-03,,,,1058.15,call,BULLISH,CONTINUATION,7.24,LEAN BULLISH,49185278.0,100,55.689,True,True,True,0.9736,0.197073,track_b_cont
trackb_cont_GM_20260604,GM,2026-06-04,2026-08-03,,,,82.97,call,BULLISH,CONTINUATION,10.0,BULLISH,357788.0,4,55.536,True,True,True,0.7656,0.002353,track_b_cont
trackb_cont_AMC_20260604,AMC,2026-06-04,2026-08-03,,,,1.875,call,BULLISH,CONTINUATION,10.0,BULLISH,356375.0,21,55.519,True,True,True,0.8469,0.000255,track_b_cont
trackb_cont_MPC_20260604,MPC,2026-06-04,2026-08-03,,,,270.43,call,BULLISH,CONTINUATION,10.0,BULLISH,346400.0,3,55.396,True,True,True,0.9437,-0.00022,track_b_cont
trackb_cont_ADI_20260604,ADI,2026-06-04,2026-08-03,,,,431.22,call,BULLISH,CONTINUATION,8.71,BULLISH,2161946.0,15,55.176,True,True,True,0.7915,-0.020079,track_b_cont
trackb_cont_NET_20260604,NET,2026-06-04,2026-08-03,,,,261.1,call,BULLISH,CONTINUATION,8.15,BULLISH,5815087.0,27,55.131,True,True,True,0.9778,0.013381,track_b_cont
trackb_cont_CLF_20260604,CLF,2026-06-04,2026-08-03,,,,14.28,call,BULLISH,CONTINUATION,8.96,BULLISH,1409367.0,40,55.095,True,True,True,0.9379,0.001635,track_b_cont
trackb_cont_SEZL_20260604,SEZL,2026-06-04,2026-08-03,,,,109.25,call,BULLISH,CONTINUATION,9.6,BULLISH,523410.0,5,54.901,True,True,True,0.8908,0.019638,track_b_cont
trackb_cont_WULF_20260604,WULF,2026-06-04,2026-08-03,,,,26.11,call,BULLISH,CONTINUATION,8.69,BULLISH,2034660.0,37,54.821,True,True,True,0.8755,0.000712,track_b_cont
trackb_cont_RCAT_20260604,RCAT,2026-06-04,2026-08-03,,,,13.685,call,BULLISH,CONTINUATION,9.52,BULLISH,569057.0,11,54.789,True,True,True,0.887,0.001179,track_b_cont
trackb_cont_QS_20260604,QS,2026-06-04,2026-08-03,,,,8.8499,call,BULLISH,CONTINUATION,9.31,BULLISH,766002.0,22,54.782,True,True,True,0.8214,0.000704,track_b_cont
trackb_cont_RMBS_20260604,RMBS,2026-06-04,2026-08-03,,,,169.9175,call,BULLISH,CONTINUATION,8.75,BULLISH,1751711.0,13,54.63,True,True,True,0.9831,0.020905,track_b_cont
trackb_cont_ENVX_20260604,ENVX,2026-06-04,2026-08-03,,,,8.405,call,BULLISH,CONTINUATION,10.0,BULLISH,287717.0,8,54.59,True,True,True,0.859,0.000514,track_b_cont
trackb_cont_USAR_20260604,USAR,2026-06-04,2026-08-03,,,,28.285,call,BULLISH,CONTINUATION,8.8,BULLISH,1537259.0,40,54.443,True,True,True,0.9272,-0.000529,track_b_cont
trackb_cont_CORZ_20260604,CORZ,2026-06-04,2026-08-03,,,,29.22,call,BULLISH,CONTINUATION,8.28,BULLISH,3438476.0,63,54.121,True,True,True,0.8539,0.003379,track_b_cont
trackb_cont_PATH_20260604,PATH,2026-06-04,2026-08-03,,,,11.57,call,BULLISH,CONTINUATION,9.07,BULLISH,921064.0,32,54.096,True,True,True,0.745,0.001029,track_b_cont
trackb_cont_SOFI_20260604,SOFI,2026-06-04,2026-08-03,,,,16.685,call,BULLISH,CONTINUATION,8.49,BULLISH,2161428.0,80,53.782,True,True,True,0.7277,0.000438,track_b_cont
trackb_cont_ALOY_20260604,ALOY,2026-06-04,2026-08-03,,,,10.4521,call,BULLISH,CONTINUATION,10.0,BULLISH,238616.0,5,53.777,True,True,True,0.8655,0.000442,track_b_cont
trackb_cont_AXON_20260604,AXON,2026-06-04,2026-08-03,,,,479.07,call,BULLISH,CONTINUATION,9.15,BULLISH,675780.0,5,53.343,True,True,True,0.9716,0.024485,track_b_cont
trackb_cont_ZM_20260604,ZM,2026-06-04,2026-08-03,,,,105.99,call,BULLISH,CONTINUATION,9.04,BULLISH,735757.0,21,53.035,True,True,True,0.8524,-0.006063,track_b_cont
trackb_cont_IBM_20260604,IBM,2026-06-04,2026-08-03,,,,304.0991,call,BULLISH,CONTINUATION,7.26,LEAN BULLISH,19182209.0,100,52.874,True,True,True,0.9731,0.052212,track_b_cont
trackb_cont_QCOM_20260604,QCOM,2026-06-04,2026-08-03,,,,250.08,call,BULLISH,CONTINUATION,7.29,LEAN BULLISH,17567479.0,100,52.814,True,True,True,0.7994,0.030029,track_b_cont
trackb_cont_ARW_20260604,ARW,2026-06-04,2026-08-03,,,,230.8,call,BULLISH,CONTINUATION,10.0,BULLISH,189000.0,1,52.765,True,True,True,0.9324,0.019122,track_b_cont
trackb_cont_GH_20260604,GH,2026-06-04,2026-08-03,,,,128.145,call,BULLISH,CONTINUATION,10.0,BULLISH,187800.0,7,52.737,True,True,True,0.9181,0.033517,track_b_cont
trackb_cont_VSXY_20260604,VSXY,2026-06-04,2026-08-03,,,,73.71,call,BULLISH,CONTINUATION,10.0,BULLISH,187600.0,1,52.732,True,True,True,0.968,0.009232,track_b_cont
trackb_cont_PL_20260604,PL,2026-06-04,2026-08-03,,,,44.605,call,BULLISH,CONTINUATION,8.57,BULLISH,1355656.0,29,52.553,True,True,True,0.7819,0.008225,track_b_cont
trackb_cont_URI_20260604,URI,2026-06-04,2026-08-03,,,,1030.52,call,BULLISH,CONTINUATION,8.73,BULLISH,864650.0,5,51.829,True,True,True,0.8057,0.003223,track_b_cont
trackb_cont_ANET_20260604,ANET,2026-06-04,2026-08-03,,,,174.94,call,BULLISH,CONTINUATION,7.69,BULLISH,4349105.0,11,51.049,True,True,True,0.9492,0.005892,track_b_cont
trackb_cont_INOD_20260604,INOD,2026-06-04,2026-08-03,,,,107.81,call,BULLISH,CONTINUATION,8.96,BULLISH,447916.0,12,50.635,True,True,True,0.9434,0.032342,track_b_cont
trackb_cont_SNDK_20260604,SNDK,2026-06-04,2026-08-03,,,,1780.285,call,BULLISH,CONTINUATION,6.63,LEAN BULLISH,40638672.0,100,50.447,True,True,True,0.8336,0.173221,track_b_cont
trackb_cont_VEEV_20260604,VEEV,2026-06-04,2026-08-03,,,,176.305,call,BULLISH,CONTINUATION,8.23,BULLISH,1284895.0,20,50.276,True,True,True,0.7694,0.001113,track_b_cont
trackb_cont_OKTA_20260604,OKTA,2026-06-04,2026-08-03,,,,124.87,call,BULLISH,CONTINUATION,7.41,LEAN BULLISH,6085700.0,72,50.272,True,True,True,0.8948,0.028813,track_b_cont
trackb_cont_KLIC_20260604,KLIC,2026-06-04,2026-08-03,,,,107.645,call,BULLISH,CONTINUATION,10.0,BULLISH,103860.0,1,50.164,True,True,True,0.8922,0.00423,track_b_cont
trackb_cont_OUST_20260604,OUST,2026-06-04,2026-08-03,,,,43.74,call,BULLISH,CONTINUATION,8.29,BULLISH,993141.0,17,49.715,True,True,True,0.8697,0.013249,track_b_cont
trackb_cont_CIFR_20260604,CIFR,2026-06-04,2026-08-03,,,,26.735,call,BULLISH,CONTINUATION,7.39,LEAN BULLISH,3777334.0,56,48.605,True,True,True,0.9655,0.002269,track_b_cont
trackb_cont_AKAM_20260604,AKAM,2026-06-04,2026-08-03,,,,162.24,call,BULLISH,CONTINUATION,7.87,BULLISH,1346726.0,31,48.237,True,True,True,0.9118,0.00969,track_b_cont
trackb_cont_HOOD_20260604,HOOD,2026-06-04,2026-08-03,,,,82.98,call,BULLISH,CONTINUATION,6.8,LEAN BULLISH,12343388.0,69,48.222,True,True,True,0.7059,0.001693,track_b_cont
trackb_cont_U_20260604,U,2026-06-04,2026-08-03,,,,29.195,call,BULLISH,CONTINUATION,8.17,BULLISH,769871.0,18,48.092,True,True,True,0.7617,0.00049,track_b_cont
trackb_cont_QBTS_20260604,QBTS,2026-06-04,2026-08-03,,,,27.615,call,BULLISH,CONTINUATION,7.29,LEAN BULLISH,3021647.0,100,47.241,True,True,True,0.8813,0.005456,track_b_cont
trackb_cont_SMCI_20260604,SMCI,2026-06-04,2026-08-03,,,,46.47,call,BULLISH,CONTINUATION,7.0,LEAN BULLISH,5269262.0,100,47.052,True,True,True,0.9487,0.00859,track_b_cont
trackb_cont_DLTR_20260604,DLTR,2026-06-04,2026-08-03,,,,110.335,call,BULLISH,CONTINUATION,7.92,BULLISH,862244.0,11,47.01,True,True,True,0.7584,0.010017,track_b_cont
trackb_cont_GLW_20260604,GLW,2026-06-04,2026-08-03,,,,200.43,call,BULLISH,CONTINUATION,6.66,LEAN BULLISH,10538355.0,48,46.772,True,True,True,0.7847,-0.00644,track_b_cont
trackb_cont_HUBS_20260604,HUBS,2026-06-04,2026-08-03,,,,222.02,call,BULLISH,CONTINUATION,7.65,BULLISH,1106951.0,16,46.238,True,True,True,0.7507,-0.001828,track_b_cont
trackb_cont_CDNS_20260604,CDNS,2026-06-04,2026-08-03,,,,401.56,call,BULLISH,CONTINUATION,7.82,BULLISH,676437.0,6,45.592,True,True,True,0.9965,0.017491,track_b_cont
trackb_cont_LRCX_20260604,LRCX,2026-06-04,2026-08-03,,,,339.195,call,BULLISH,CONTINUATION,6.31,LEAN BULLISH,11853496.0,84,44.636,True,True,True,0.9841,0.022658,track_b_cont
trackb_cont_AVAV_20260604,AVAV,2026-06-04,2026-08-03,,,,192.22,call,BULLISH,CONTINUATION,8.02,BULLISH,314919.0,12,44.096,True,True,True,0.7827,0.019079,track_b_cont
trackb_cont_RIOT_20260604,RIOT,2026-06-04,2026-08-03,,,,27.975,call,BULLISH,CONTINUATION,7.28,LEAN BULLISH,1115664.0,32,44.026,True,True,True,0.836,0.002727,track_b_cont
trackb_cont_MDB_20260604,MDB,2026-06-04,2026-08-03,,,,372.07,call,BULLISH,CONTINUATION,6.28,LEAN BULLISH,9360386.0,97,43.78,True,True,True,0.9134,0.054105,track_b_cont
trackb_cont_CPB_20260604,CPB,2026-06-04,2026-08-03,,,,21.58,call,BULLISH,CONTINUATION,7.53,BULLISH,425314.0,10,42.384,True,True,True,0.7487,-0.000606,track_b_cont
trackb_cont_COHR_20260604,COHR,2026-06-04,2026-08-03,,,,417.665,call,BULLISH,CONTINUATION,6.01,LEAN BULLISH,9255804.0,34,41.868,True,True,True,0.9458,0.010682,track_b_cont
trackb_cont_STX_20260604,STX,2026-06-04,2026-08-03,,,,953.75,call,BULLISH,CONTINUATION,6.32,LEAN BULLISH,4085760.0,16,41.783,True,True,True,0.8952,0.049458,track_b_cont
trackb_cont_OKLO_20260604,OKLO,2026-06-04,2026-08-03,,,,65.3399,call,BULLISH,CONTINUATION,6.35,LEAN BULLISH,3506303.0,100,41.56,True,True,True,0.747,-0.00863,track_b_cont
trackb_cont_DECK_20260604,DECK,2026-06-04,2026-08-03,,,,106.805,call,BULLISH,CONTINUATION,7.93,BULLISH,163911.0,6,41.352,True,True,True,0.7857,0.010741,track_b_cont
trackb_cont_MRVL_20260604,MRVL,2026-06-04,2026-08-03,,,,303.73,call,BULLISH,CONTINUATION,5.65,LEAN BULLISH,18558823.0,100,41.067,True,True,True,0.9962,0.044703,track_b_cont
trackb_cont_UEC_20260604,UEC,2026-06-04,2026-08-03,,,,14.1,call,BULLISH,CONTINUATION,6.94,LEAN BULLISH,773173.0,16,40.865,True,True,True,0.7248,-0.002743,track_b_cont
trackb_cont_CRM_20260604,CRM,2026-06-04,2026-08-03,,,,191.065,call,BULLISH,CONTINUATION,5.75,LEAN BULLISH,8828468.0,58,39.939,True,True,True,0.7766,0.004924,track_b_cont
trackb_cont_LITE_20260604,LITE,2026-06-04,2026-08-03,,,,964.75,call,BULLISH,CONTINUATION,5.35,NEUTRAL,25351243.0,99,39.611,True,True,True,0.7974,-0.108775,track_b_cont
trackb_cont_CDW_20260604,CDW,2026-06-04,2026-08-03,,,,137.235,call,BULLISH,CONTINUATION,7.12,LEAN BULLISH,292030.0,4,38.914,True,True,True,0.9613,0.006897,track_b_cont
trackb_cont_ETSY_20260604,ETSY,2026-06-04,2026-08-03,,,,68.51,call,BULLISH,CONTINUATION,6.74,LEAN BULLISH,475681.0,14,38.265,True,True,True,0.9353,0.002556,track_b_cont
trackb_cont_ENPH_20260604,ENPH,2026-06-04,2026-08-03,,,,69.13,call,BULLISH,CONTINUATION,5.69,LEAN BULLISH,4981781.0,100,38.108,True,True,True,0.9655,0.031397,track_b_cont
trackb_cont_IONQ_20260604,IONQ,2026-06-04,2026-08-03,,,,68.64,call,BULLISH,CONTINUATION,5.88,LEAN BULLISH,2824088.0,75,37.931,True,True,True,0.9558,0.013912,track_b_cont
trackb_cont_APLD_20260604,APLD,2026-06-04,2026-08-03,,,,46.11,call,BULLISH,CONTINUATION,5.85,LEAN BULLISH,3041208.0,52,37.926,True,True,True,0.8096,0.00305,track_b_cont
trackb_cont_CNC_20260604,CNC,2026-06-04,2026-08-03,,,,58.73,call,BULLISH,CONTINUATION,5.94,LEAN BULLISH,1793173.0,20,37.147,True,True,True,0.7911,0.002119,track_b_cont
trackb_cont_ATI_20260604,ATI,2026-06-04,2026-08-03,,,,178.775,call,BULLISH,CONTINUATION,6.94,LEAN BULLISH,189183.0,3,36.622,True,True,True,0.8696,0.005058,track_b_cont
trackb_cont_RIVN_20260604,RIVN,2026-06-04,2026-08-03,,,,17.665,call,BULLISH,CONTINUATION,5.42,NEUTRAL,3488829.0,100,35.461,True,True,True,0.9206,0.000578,track_b_cont
trackb_cont_BE_20260604,BE,2026-06-04,2026-08-03,,,,289.695,call,BULLISH,CONTINUATION,5.0,NEUTRAL,11374556.0,46,35.28,True,True,True,0.7536,0.003212,track_b_cont
trackb_cont_PANW_20260604,PANW,2026-06-04,2026-08-03,,,,282.64,call,BULLISH,CONTINUATION,4.71,NEUTRAL,16038754.0,100,33.936,True,True,True,0.9534,0.067768,track_b_cont
trackb_cont_HUT_20260604,HUT,2026-06-04,2026-08-03,,,,131.045,call,BULLISH,CONTINUATION,5.03,NEUTRAL,4134368.0,22,33.281,True,True,True,0.8781,0.017256,track_b_cont
trackb_cont_FSLR_20260604,FSLR,2026-06-04,2026-08-03,,,,316.44,call,BULLISH,CONTINUATION,4.79,NEUTRAL,6817421.0,54,32.733,True,True,True,0.9731,0.059288,track_b_cont
trackb_cont_AMD_20260604,AMD,2026-06-04,2026-08-03,,,,531.4,call,BULLISH,CONTINUATION,4.39,NEUTRAL,28539240.0,100,32.729,True,True,True,0.969,0.074102,track_b_cont
trackb_cont_DE_20260604,DE,2026-06-04,2026-08-03,,,,589.68,call,BULLISH,CONTINUATION,5.54,LEAN BULLISH,770411.0,4,32.612,True,True,True,0.8131,-0.062424,track_b_cont
trackb_cont_WDC_20260604,WDC,2026-06-04,2026-08-03,,,,597.575,call,BULLISH,CONTINUATION,4.68,NEUTRAL,6718010.0,32,31.951,True,True,True,0.9411,0.028577,track_b_cont
trackb_cont_FLEX_20260604,FLEX,2026-06-04,2026-08-03,,,,164.195,call,BULLISH,CONTINUATION,5.61,LEAN BULLISH,448902.0,6,31.709,True,True,True,0.9936,0.010814,track_b_cont
trackb_cont_DDOG_20260604,DDOG,2026-06-04,2026-08-03,,,,246.39,call,BULLISH,CONTINUATION,4.58,NEUTRAL,6360728.0,36,31.16,True,True,True,0.9306,0.060601,track_b_cont
trackb_cont_TLN_20260604,TLN,2026-06-04,2026-08-03,,,,380.47,call,BULLISH,CONTINUATION,5.0,NEUTRAL,1602396.0,4,31.024,True,True,True,0.7096,-0.018246,track_b_cont
trackb_cont_MPWR_20260604,MPWR,2026-06-04,2026-08-03,,,,1659.02,call,BULLISH,CONTINUATION,5.0,NEUTRAL,1411200.0,1,30.748,True,True,True,0.7042,-0.074029,track_b_cont
trackb_cont_EOSE_20260604,EOSE,2026-06-04,2026-08-03,,,,8.595,call,BULLISH,CONTINUATION,5.0,NEUTRAL,1325110.0,36,30.611,True,True,True,0.8548,0.000993,track_b_cont
trackb_cont_CROX_20260604,CROX,2026-06-04,2026-08-03,,,,118.78,call,BULLISH,CONTINUATION,5.34,NEUTRAL,516324.0,10,30.507,True,True,True,0.8337,0.013651,track_b_cont
trackb_cont_FICO_20260604,FICO,2026-06-04,2026-08-03,,,,1161.21,call,BULLISH,CONTINUATION,4.7,NEUTRAL,2550480.0,5,30.111,True,True,True,0.7471,0.190681,track_b_cont
trackb_cont_CAT_20260604,CAT,2026-06-04,2026-08-03,,,,930.7,call,BULLISH,CONTINUATION,4.4,NEUTRAL,6354614.0,36,29.934,True,True,True,0.749,-0.05177,track_b_cont
trackb_cont_UPST_20260604,UPST,2026-06-04,2026-08-03,,,,30.16,call,BULLISH,CONTINUATION,5.0,NEUTRAL,787928.0,15,29.482,True,True,True,0.7285,0.001272,track_b_cont
trackb_cont_DINO_20260604,DINO,2026-06-04,2026-08-03,,,,74.035,call,BULLISH,CONTINUATION,5.0,NEUTRAL,515646.0,12,28.562,True,True,True,0.8702,-0.003179,track_b_cont
trackb_cont_NXT_20260604,NXT,2026-06-04,2026-08-03,,,,146.45,call,BULLISH,CONTINUATION,4.62,NEUTRAL,1513438.0,11,28.551,True,True,True,0.7615,0.006495,track_b_cont
trackb_cont_BBAI_20260604,BBAI,2026-06-04,2026-08-03,,,,4.7827,call,BULLISH,CONTINUATION,5.0,NEUTRAL,477883.0,17,28.397,True,True,True,0.7953,0.000295,track_b_cont
trackb_cont_DGXX_20260604,DGXX,2026-06-04,2026-08-03,,,,7.69,call,BULLISH,CONTINUATION,5.0,NEUTRAL,469568.0,7,28.358,True,True,True,0.7016,0.001404,track_b_cont
trackb_cont_WDAY_20260604,WDAY,2026-06-04,2026-08-03,,,,144.25,call,BULLISH,CONTINUATION,4.81,NEUTRAL,722623.0,19,28.181,True,True,True,0.7882,0.009774,track_b_cont
trackb_cont_FCEL_20260604,FCEL,2026-06-04,2026-08-03,,,,22.63,call,BULLISH,CONTINUATION,5.0,NEUTRAL,402318.0,15,28.023,True,True,True,0.809,0.008657,track_b_cont
trackb_cont_MS_20260604,MS,2026-06-04,2026-08-03,,,,209.76,call,BULLISH,CONTINUATION,5.0,NEUTRAL,390392.0,4,27.957,True,True,True,0.933,0.009992,track_b_cont
trackb_cont_CLMT_20260604,CLMT,2026-06-04,2026-08-03,,,,37.755,call,BULLISH,CONTINUATION,5.0,NEUTRAL,373555.0,4,27.862,True,True,True,0.9114,0.000746,track_b_cont
trackb_cont_VECO_20260604,VECO,2026-06-04,2026-08-03,,,,60.45,call,BULLISH,CONTINUATION,5.0,NEUTRAL,358316.0,6,27.771,True,True,True,0.7263,-0.000702,track_b_cont
trackb_cont_MET_20260604,MET,2026-06-04,2026-08-03,,,,81.04,call,BULLISH,CONTINUATION,5.0,NEUTRAL,330026.0,1,27.593,True,True,True,0.7145,0.003549,track_b_cont
trackb_cont_CRSR_20260604,CRSR,2026-06-04,2026-08-03,,,,10.685,call,BULLISH,CONTINUATION,5.0,NEUTRAL,327128.0,10,27.574,True,True,True,0.7562,0.002466,track_b_cont
trackb_cont_GWW_20260604,GWW,2026-06-04,2026-08-03,,,,1293.62,call,BULLISH,CONTINUATION,5.0,NEUTRAL,323880.0,2,27.552,True,True,True,0.8888,0.007671,track_b_cont
trackb_cont_BRKR_20260604,BRKR,2026-06-04,2026-08-03,,,,58.38,call,BULLISH,CONTINUATION,5.0,NEUTRAL,319037.0,6,27.519,True,True,True,0.9256,0.009359,track_b_cont
trackb_cont_IBKR_20260604,IBKR,2026-06-04,2026-08-03,,,,87.825,call,BULLISH,CONTINUATION,5.0,NEUTRAL,293686.0,8,27.339,True,True,True,0.808,-0.00309,track_b_cont
trackb_cont_APP_20260604,APP,2026-06-04,2026-08-03,,,,573.165,call,BULLISH,CONTINUATION,3.97,NEUTRAL,7174547.0,31,27.218,True,True,True,0.9085,0.072715,track_b_cont
trackb_cont_TMO_20260604,TMO,2026-06-04,2026-08-03,,,,472.57,call,BULLISH,CONTINUATION,4.67,NEUTRAL,629330.0,4,27.081,True,True,True,0.7345,-0.002623,track_b_cont
trackb_cont_KOPN_20260604,KOPN,2026-06-04,2026-08-03,,,,6.145,call,BULLISH,CONTINUATION,5.0,NEUTRAL,219935.0,11,26.712,True,True,True,0.8444,0.000342,track_b_cont
trackb_cont_METC_20260604,METC,2026-06-04,2026-08-03,,,,16.845,call,BULLISH,CONTINUATION,5.0,NEUTRAL,214224.0,10,26.654,True,True,True,0.8828,-0.000422,track_b_cont
trackb_cont_VLO_20260604,VLO,2026-06-04,2026-08-03,,,,263.89,call,BULLISH,CONTINUATION,5.0,NEUTRAL,211280.0,2,26.624,True,True,True,0.8832,-0.000714,track_b_cont
trackb_cont_BBY_20260604,BBY,2026-06-04,2026-08-03,,,,71.22,call,BULLISH,CONTINUATION,5.0,NEUTRAL,208884.0,9,26.599,True,True,True,0.7654,0.011299,track_b_cont
trackb_cont_ADM_20260604,ADM,2026-06-04,2026-08-03,,,,84.835,call,BULLISH,CONTINUATION,5.0,NEUTRAL,200933.0,7,26.515,True,True,True,0.8653,-0.001389,track_b_cont
trackb_cont_ASPI_20260604,ASPI,2026-06-04,2026-08-03,,,,7.7392,call,BULLISH,CONTINUATION,5.0,NEUTRAL,197580.0,6,26.479,True,True,True,0.9438,0.001092,track_b_cont
trackb_cont_FBIN_20260604,FBIN,2026-06-04,2026-08-03,,,,38.8,call,BULLISH,CONTINUATION,5.0,NEUTRAL,196796.0,6,26.47,True,True,True,0.8037,-0.000401,track_b_cont
trackb_cont_DHI_20260604,DHI,2026-06-04,2026-08-03,,,,145.0,call,BULLISH,CONTINUATION,5.0,NEUTRAL,193464.0,6,26.433,True,True,True,0.7606,-0.002231,track_b_cont
trackb_cont_VPG_20260604,VPG,2026-06-04,2026-08-03,,,,130.55,call,BULLISH,CONTINUATION,5.0,NEUTRAL,183950.0,1,26.323,True,True,True,0.9567,0.052624,track_b_cont
trackb_cont_PUSA_20260604,PUSA,2026-06-04,2026-08-03,,,,5.88,call,BULLISH,CONTINUATION,5.0,NEUTRAL,176548.0,5,26.234,True,True,True,0.9686,-0.000499,track_b_cont
trackb_cont_TWLO_20260604,TWLO,2026-06-04,2026-08-03,,,,218.485,call,BULLISH,CONTINUATION,4.21,NEUTRAL,1677904.0,20,26.206,True,True,True,0.9596,-0.004588,track_b_cont
trackb_cont_MGM_20260604,MGM,2026-06-04,2026-08-03,,,,47.79,call,BULLISH,CONTINUATION,5.0,NEUTRAL,160115.0,8,26.022,True,True,True,0.8015,0.004035,track_b_cont
trackb_cont_AVT_20260604,AVT,2026-06-04,2026-08-03,,,,93.26,call,BULLISH,CONTINUATION,5.0,NEUTRAL,148817.0,6,25.863,True,True,True,0.8466,0.00253,track_b_cont
trackb_cont_STLD_20260604,STLD,2026-06-04,2026-08-03,,,,275.23,call,BULLISH,CONTINUATION,5.0,NEUTRAL,147975.0,4,25.851,True,True,True,0.9607,0.01232,track_b_cont
trackb_cont_SPXC_20260604,SPXC,2026-06-04,2026-08-03,,,,239.62,call,BULLISH,CONTINUATION,5.0,NEUTRAL,147000.0,1,25.837,True,True,True,0.9974,0.006647,track_b_cont
trackb_cont_CCL_20260604,CCL,2026-06-04,2026-08-03,,,,27.385,call,BULLISH,CONTINUATION,3.88,NEUTRAL,4547275.0,22,25.832,True,True,True,0.8465,0.00092,track_b_cont
trackb_cont_CYRX_20260604,CYRX,2026-06-04,2026-08-03,,,,16.38,call,BULLISH,CONTINUATION,5.0,NEUTRAL,142680.0,1,25.772,True,True,True,0.8945,0.002167,track_b_cont
trackb_cont_DAL_20260604,DAL,2026-06-04,2026-08-03,,,,79.04,call,BULLISH,CONTINUATION,5.0,NEUTRAL,130242.0,1,25.574,True,True,True,0.7629,0.007319,track_b_cont
trackb_cont_UTI_20260604,UTI,2026-06-04,2026-08-03,,,,43.5599,call,BULLISH,CONTINUATION,5.0,NEUTRAL,129747.0,3,25.566,True,True,True,0.9679,0.000295,track_b_cont
trackb_cont_IQV_20260604,IQV,2026-06-04,2026-08-03,,,,176.0,call,BULLISH,CONTINUATION,5.0,NEUTRAL,121820.0,2,25.429,True,True,True,0.745,-0.003562,track_b_cont
trackb_cont_UMAC_20260604,UMAC,2026-06-04,2026-08-03,,,,29.4,call,BULLISH,CONTINUATION,4.23,NEUTRAL,1021413.0,33,25.419,True,True,True,0.9561,0.009318,track_b_cont
trackb_cont_CRS_20260604,CRS,2026-06-04,2026-08-03,,,,486.31,call,BULLISH,CONTINUATION,4.54,NEUTRAL,384481.0,4,25.355,True,True,True,0.9211,0.013566,track_b_cont
trackb_cont_ADP_20260604,ADP,2026-06-04,2026-08-03,,,,225.73,call,BULLISH,CONTINUATION,5.0,NEUTRAL,115056.0,2,25.305,True,True,True,0.8823,0.009996,track_b_cont
trackb_cont_DXCM_20260604,DXCM,2026-06-04,2026-08-03,,,,72.125,call,BULLISH,CONTINUATION,5.0,NEUTRAL,112979.0,4,25.265,True,True,True,0.8448,0.014331,track_b_cont
trackb_cont_ARRY_20260604,ARRY,2026-06-04,2026-08-03,,,,8.885,call,BULLISH,CONTINUATION,5.0,NEUTRAL,110115.0,6,25.209,True,True,True,0.8457,0.000158,track_b_cont
trackb_cont_VRSK_20260604,VRSK,2026-06-04,2026-08-03,,,,177.96,call,BULLISH,CONTINUATION,5.0,NEUTRAL,107184.0,2,25.151,True,True,True,0.8123,0.001592,track_b_cont
trackb_cont_RH_20260604,RH,2026-06-04,2026-08-03,,,,148.92,call,BULLISH,CONTINUATION,5.0,NEUTRAL,107049.0,4,25.148,True,True,True,0.9407,0.013997,track_b_cont
trackb_cont_VAC_20260604,VAC,2026-06-04,2026-08-03,,,,84.75,call,BULLISH,CONTINUATION,5.0,NEUTRAL,104314.0,5,25.092,True,True,True,0.9239,0.007662,track_b_cont
trackb_cont_PTON_20260604,PTON,2026-06-04,2026-08-03,,,,6.035,call,BULLISH,CONTINUATION,5.0,NEUTRAL,103399.0,4,25.073,True,True,True,0.8788,0.000527,track_b_cont
trackb_cont_LUMN_20260604,LUMN,2026-06-04,2026-08-03,,,,10.095,call,BULLISH,CONTINUATION,5.0,NEUTRAL,102600.0,3,25.056,True,True,True,0.7651,0.000975,track_b_cont
trackb_cont_CXW_20260604,CXW,2026-06-04,2026-08-03,,,,21.555,call,BULLISH,CONTINUATION,5.0,NEUTRAL,98121.0,3,24.959,True,True,True,0.7059,0.000523,track_b_cont
trackb_cont_LUV_20260604,LUV,2026-06-04,2026-08-03,,,,41.38,call,BULLISH,CONTINUATION,5.0,NEUTRAL,97164.0,5,24.938,True,True,True,0.7087,0.001226,track_b_cont
trackb_cont_KMX_20260604,KMX,2026-06-04,2026-08-03,,,,46.585,call,BULLISH,CONTINUATION,5.0,NEUTRAL,90150.0,3,24.775,True,True,True,0.8538,0.002985,track_b_cont
trackb_cont_NTAP_20260604,NTAP,2026-06-04,2026-08-03,,,,179.3,call,BULLISH,CONTINUATION,4.19,NEUTRAL,806584.0,10,24.749,True,True,True,0.7914,0.03633,track_b_cont
trackb_cont_IRDM_20260604,IRDM,2026-06-04,2026-08-03,,,,51.1,call,BULLISH,CONTINUATION,5.0,NEUTRAL,86906.0,2,24.695,True,True,True,0.8087,0.008409,track_b_cont
trackb_cont_NRGV_20260604,NRGV,2026-06-04,2026-08-03,,,,6.07,call,BULLISH,CONTINUATION,5.0,NEUTRAL,86767.0,3,24.692,True,True,True,0.7962,1.5e-05,track_b_cont
trackb_cont_SIRI_20260604,SIRI,2026-06-04,2026-08-03,,,,28.105,call,BULLISH,CONTINUATION,5.0,NEUTRAL,84478.0,3,24.634,True,True,True,0.7087,0.002478,track_b_cont
trackb_cont_STRL_20260604,STRL,2026-06-04,2026-08-03,,,,950.03,call,BULLISH,CONTINUATION,5.0,NEUTRAL,83990.0,3,24.621,True,True,True,0.9076,-0.054198,track_b_cont
trackb_cont_ENS_20260604,ENS,2026-06-04,2026-08-03,,,,238.715,call,BULLISH,CONTINUATION,5.0,NEUTRAL,83588.0,4,24.611,True,True,True,0.7942,-0.003638,track_b_cont
trackb_cont_ORA_20260604,ORA,2026-06-04,2026-08-03,,,,145.665,call,BULLISH,CONTINUATION,5.0,NEUTRAL,80200.0,2,24.521,True,True,True,0.9922,0.013721,track_b_cont
trackb_cont_ILMN_20260604,ILMN,2026-06-04,2026-08-03,,,,167.275,call,BULLISH,CONTINUATION,5.0,NEUTRAL,79380.0,3,24.499,True,True,True,0.8907,0.009101,track_b_cont
trackb_cont_FDX_20260604,FDX,2026-06-04,2026-08-03,,,,327.65,call,BULLISH,CONTINUATION,5.0,NEUTRAL,76379.0,1,24.415,True,True,True,0.773,0.021778,track_b_cont
trackb_cont_AMT_20260604,AMT,2026-06-04,2026-08-03,,,,186.33,call,BULLISH,CONTINUATION,5.0,NEUTRAL,73720.0,1,24.338,True,True,True,0.8558,0.006676,track_b_cont
trackb_cont_PBI_20260604,PBI,2026-06-04,2026-08-03,,,,16.23,call,BULLISH,CONTINUATION,5.0,NEUTRAL,73500.0,1,24.331,True,True,True,0.8878,0.000143,track_b_cont
trackb_cont_SSYS_20260604,SSYS,2026-06-04,2026-08-03,,,,10.055,call,BULLISH,CONTINUATION,5.0,NEUTRAL,71789.0,3,24.28,True,True,True,0.8982,0.000915,track_b_cont
trackb_cont_SLDP_20260604,SLDP,2026-06-04,2026-08-03,,,,3.2939,call,BULLISH,CONTINUATION,5.0,NEUTRAL,71500.0,2,24.272,True,True,True,0.9375,-3.7e-05,track_b_cont
trackb_cont_CHRW_20260604,CHRW,2026-06-04,2026-08-03,,,,181.36,call,BULLISH,CONTINUATION,5.0,NEUTRAL,68862.0,2,24.19,True,True,True,0.8302,0.010293,track_b_cont
trackb_cont_MARA_20260604,MARA,2026-06-04,2026-08-03,,,,14.06,call,BULLISH,CONTINUATION,3.85,NEUTRAL,1813490.0,59,24.095,True,True,True,0.7256,0.001256,track_b_cont
trackb_cont_OII_20260604,OII,2026-06-04,2026-08-03,,,,38.65,call,BULLISH,CONTINUATION,5.0,NEUTRAL,63842.0,2,24.026,True,True,True,0.7112,3.8e-05,track_b_cont
trackb_cont_CMCO_20260604,CMCO,2026-06-04,2026-08-03,,,,15.16,call,BULLISH,CONTINUATION,5.0,NEUTRAL,62133.0,3,23.967,True,True,True,0.8039,-0.00044,track_b_cont
trackb_cont_NTGR_20260604,NTGR,2026-06-04,2026-08-03,,,,26.14,call,BULLISH,CONTINUATION,5.0,NEUTRAL,61000.0,3,23.927,True,True,True,0.8064,-0.000719,track_b_cont
trackb_cont_ADTN_20260604,ADTN,2026-06-04,2026-08-03,,,,17.31,call,BULLISH,CONTINUATION,5.0,NEUTRAL,58732.0,2,23.844,True,True,True,0.7075,0.000842,track_b_cont
trackb_cont_VELO_20260604,VELO,2026-06-04,2026-08-03,,,,20.24,call,BULLISH,CONTINUATION,5.0,NEUTRAL,55400.0,3,23.718,True,True,True,0.7057,0.008902,track_b_cont
trackb_cont_NTRS_20260604,NTRS,2026-06-04,2026-08-03,,,,166.85,call,BULLISH,CONTINUATION,5.0,NEUTRAL,54612.0,3,23.686,True,True,True,0.96,0.003101,track_b_cont
trackb_cont_WYNN_20260604,WYNN,2026-06-04,2026-08-03,,,,103.43,call,BULLISH,CONTINUATION,4.08,NEUTRAL,621771.0,11,23.638,True,True,True,0.7318,-0.003479,track_b_cont
trackb_cont_BOOT_20260604,BOOT,2026-06-04,2026-08-03,,,,169.155,call,BULLISH,CONTINUATION,5.0,NEUTRAL,51850.0,1,23.574,True,True,True,0.8981,0.000944,track_b_cont
trackb_cont_MNST_20260604,MNST,2026-06-04,2026-08-03,,,,88.91,call,BULLISH,CONTINUATION,5.0,NEUTRAL,50830.0,1,23.531,True,True,True,0.8921,0.005258,track_b_cont
trackb_cont_DDD_20260604,DDD,2026-06-04,2026-08-03,,,,3.75,call,BULLISH,CONTINUATION,5.0,NEUTRAL,50055.0,3,23.497,True,True,True,0.8667,0.000706,track_b_cont
trackb_cont_PVH_20260604,PVH,2026-06-04,2026-08-03,,,,100.28,call,BULLISH,CONTINUATION,5.0,NEUTRAL,49530.0,2,23.474,True,True,True,0.9492,0.005444,track_b_cont
trackb_cont_UCTT_20260604,UCTT,2026-06-04,2026-08-03,,,,92.52,call,BULLISH,CONTINUATION,5.0,NEUTRAL,48925.0,2,23.448,True,True,True,0.896,7e-06,track_b_cont
trackb_cont_MP_20260604,MP,2026-06-04,2026-08-03,,,,68.66,call,BULLISH,CONTINUATION,3.7,NEUTRAL,2120146.0,47,23.408,True,True,True,0.8037,-0.004318,track_b_cont
trackb_cont_GS_20260604,GS,2026-06-04,2026-08-03,,,,1037.63,call,BULLISH,CONTINUATION,3.3,NEUTRAL,12126611.0,54,23.376,True,True,True,0.9447,0.063124,track_b_cont
trackb_cont_MKSI_20260604,MKSI,2026-06-04,2026-08-03,,,,337.78,call,BULLISH,CONTINUATION,5.0,NEUTRAL,44860.0,1,23.259,True,True,True,0.8701,0.01157,track_b_cont
trackb_cont_SNX_20260604,SNX,2026-06-04,2026-08-03,,,,278.2175,call,BULLISH,CONTINUATION,5.0,NEUTRAL,42537.0,2,23.144,True,True,True,0.893,0.012051,track_b_cont
trackb_cont_BXP_20260604,BXP,2026-06-04,2026-08-03,,,,60.37,call,BULLISH,CONTINUATION,5.0,NEUTRAL,42150.0,1,23.124,True,True,True,0.9566,3.3e-05,track_b_cont
trackb_cont_TDOC_20260604,TDOC,2026-06-04,2026-08-03,,,,7.185,call,BULLISH,CONTINUATION,5.0,NEUTRAL,40367.0,3,23.03,True,True,True,0.7232,0.000117,track_b_cont
trackb_cont_JBHT_20260604,JBHT,2026-06-04,2026-08-03,,,,279.08,call,BULLISH,CONTINUATION,5.0,NEUTRAL,39600.0,1,22.988,True,True,True,0.9106,0.024945,track_b_cont
trackb_cont_HRL_20260604,HRL,2026-06-04,2026-08-03,,,,23.435,call,BULLISH,CONTINUATION,5.0,NEUTRAL,37649.0,2,22.879,True,True,True,0.8711,0.001509,track_b_cont
trackb_cont_CZR_20260604,CZR,2026-06-04,2026-08-03,,,,29.245,call,BULLISH,CONTINUATION,5.0,NEUTRAL,35248.0,2,22.736,True,True,True,0.9841,0.000759,track_b_cont
trackb_cont_TNL_20260604,TNL,2026-06-04,2026-08-03,,,,69.65,call,BULLISH,CONTINUATION,5.0,NEUTRAL,35230.0,2,22.735,True,True,True,0.9506,0.002638,track_b_cont
trackb_cont_PRU_20260604,PRU,2026-06-04,2026-08-03,,,,100.975,call,BULLISH,CONTINUATION,5.0,NEUTRAL,30999.0,2,22.457,True,True,True,0.9001,0.0001,track_b_cont
trackb_cont_PENN_20260604,PENN,2026-06-04,2026-08-03,,,,19.675,call,BULLISH,CONTINUATION,5.0,NEUTRAL,30506.0,2,22.422,True,True,True,0.9075,0.001819,track_b_cont
trackb_cont_AXTA_20260604,AXTA,2026-06-04,2026-08-03,,,,31.26,call,BULLISH,CONTINUATION,5.0,NEUTRAL,29725.0,1,22.366,True,True,True,0.7479,0.001645,track_b_cont
trackb_cont_COHU_20260604,COHU,2026-06-04,2026-08-03,,,,56.5,call,BULLISH,CONTINUATION,5.0,NEUTRAL,29000.0,1,22.312,True,True,True,0.948,0.000833,track_b_cont
trackb_cont_ABAT_20260604,ABAT,2026-06-04,2026-08-03,,,,3.6901,call,BULLISH,CONTINUATION,5.0,NEUTRAL,27984.0,2,22.235,True,True,True,0.9508,0.000122,track_b_cont
trackb_cont_STT_20260604,STT,2026-06-04,2026-08-03,,,,157.06,call,BULLISH,CONTINUATION,5.0,NEUTRAL,27499.0,1,22.197,True,True,True,0.8554,0.00369,track_b_cont
trackb_cont_PRMB_20260604,PRMB,2026-06-04,2026-08-03,,,,24.205,call,BULLISH,CONTINUATION,5.0,NEUTRAL,27000.0,2,22.157,True,True,True,0.8925,0.001623,track_b_cont
trackb_cont_ALM_20260604,ALM,2026-06-04,2026-08-03,,,,20.495,call,BULLISH,CONTINUATION,5.0,NEUTRAL,26105.0,1,22.084,True,True,True,0.7304,-0.001373,track_b_cont
trackb_cont_NNBR_20260604,NNBR,2026-06-04,2026-08-03,,,,3.055,call,BULLISH,CONTINUATION,5.0,NEUTRAL,26000.0,1,22.075,True,True,True,0.9123,0.000305,track_b_cont
trackb_cont_HPQ_20260604,HPQ,2026-06-04,2026-08-03,,,,26.34,call,BULLISH,CONTINUATION,3.41,NEUTRAL,2932509.0,40,22.053,True,True,True,0.7457,0.004112,track_b_cont
trackb_cont_TEAM_20260604,TEAM,2026-06-04,2026-08-03,,,,101.4401,call,BULLISH,CONTINUATION,3.61,NEUTRAL,1217706.0,29,21.969,True,True,True,0.7504,0.005674,track_b_cont
trackb_cont_YETI_20260604,YETI,2026-06-04,2026-08-03,,,,47.26,call,BULLISH,CONTINUATION,5.0,NEUTRAL,24720.0,2,21.965,True,True,True,0.7488,0.005784,track_b_cont
trackb_cont_TRIP_20260604,TRIP,2026-06-04,2026-08-03,,,,11.875,call,BULLISH,CONTINUATION,5.0,NEUTRAL,21300.0,2,21.642,True,True,True,0.8788,1.8e-05,track_b_cont
trackb_cont_PK_20260604,PK,2026-06-04,2026-08-03,,,,13.625,call,BULLISH,CONTINUATION,5.0,NEUTRAL,20780.0,2,21.588,True,True,True,0.9869,0.000963,track_b_cont
trackb_cont_ROK_20260604,ROK,2026-06-04,2026-08-03,,,,462.165,call,BULLISH,CONTINUATION,3.75,NEUTRAL,511982.0,3,21.41,True,True,True,0.9589,-0.00698,track_b_cont
trackb_cont_LSTR_20260604,LSTR,2026-06-04,2026-08-03,,,,214.9,call,BULLISH,CONTINUATION,5.0,NEUTRAL,17100.0,1,21.165,True,True,True,0.9588,0.025025,track_b_cont
trackb_cont_RUM_20260604,RUM,2026-06-04,2026-08-03,,,,8.56,call,BULLISH,CONTINUATION,5.0,NEUTRAL,16650.0,1,21.107,True,True,True,0.7096,0.000931,track_b_cont
trackb_cont_SDGR_20260604,SDGR,2026-06-04,2026-08-03,,,,14.69,call,BULLISH,CONTINUATION,5.0,NEUTRAL,16500.0,1,21.088,True,True,True,0.7461,0.000913,track_b_cont
trackb_cont_RRR_20260604,RRR,2026-06-04,2026-08-03,,,,56.75,call,BULLISH,CONTINUATION,5.0,NEUTRAL,16350.0,1,21.068,True,True,True,0.7625,0.003208,track_b_cont
trackb_cont_CAKE_20260604,CAKE,2026-06-04,2026-08-03,,,,65.19,call,BULLISH,CONTINUATION,5.0,NEUTRAL,15500.0,1,20.952,True,True,True,0.7657,0.002842,track_b_cont
trackb_cont_EIX_20260604,EIX,2026-06-04,2026-08-03,,,,72.345,call,BULLISH,CONTINUATION,5.0,NEUTRAL,15075.0,1,20.891,True,True,True,0.8465,-0.000647,track_b_cont
trackb_cont_NUE_20260604,NUE,2026-06-04,2026-08-03,,,,259.73,call,BULLISH,CONTINUATION,3.65,NEUTRAL,515340.0,3,20.849,True,True,True,0.9533,0.007477,track_b_cont
trackb_cont_W_20260604,W,2026-06-04,2026-08-03,,,,68.5675,call,BULLISH,CONTINUATION,3.48,NEUTRAL,951359.0,24,20.805,True,True,True,0.7924,0.006568,track_b_cont
trackb_cont_SKLZ_20260604,SKLZ,2026-06-04,2026-08-03,,,,9.52,call,BULLISH,CONTINUATION,5.0,NEUTRAL,13585.0,1,20.666,True,True,True,0.9525,0.002925,track_b_cont
trackb_cont_FITB_20260604,FITB,2026-06-04,2026-08-03,,,,49.65,call,BULLISH,CONTINUATION,5.0,NEUTRAL,12480.0,1,20.481,True,True,True,0.7888,-0.000684,track_b_cont
trackb_cont_PPG_20260604,PPG,2026-06-04,2026-08-03,,,,111.75,call,BULLISH,CONTINUATION,5.0,NEUTRAL,12396.0,1,20.467,True,True,True,0.9154,0.001089,track_b_cont
trackb_cont_TBCH_20260604,TBCH,2026-06-04,2026-08-03,,,,12.78,call,BULLISH,CONTINUATION,5.0,NEUTRAL,12150.0,1,20.423,True,True,True,0.9623,0.00032,track_b_cont
trackb_cont_RF_20260604,RF,2026-06-04,2026-08-03,,,,27.46,call,BULLISH,CONTINUATION,5.0,NEUTRAL,12150.0,1,20.423,True,True,True,0.8908,-0.000124,track_b_cont
trackb_cont_PAYX_20260604,PAYX,2026-06-04,2026-08-03,,,,98.21,call,BULLISH,CONTINUATION,5.0,NEUTRAL,12076.0,1,20.41,True,True,True,0.8625,0.004434,track_b_cont
trackb_cont_STUB_20260604,STUB,2026-06-04,2026-08-03,,,,9.585,call,BULLISH,CONTINUATION,5.0,NEUTRAL,12001.0,1,20.396,True,True,True,0.8241,0.00254,track_b_cont
trackb_cont_SHLS_20260604,SHLS,2026-06-04,2026-08-03,,,,12.5305,call,BULLISH,CONTINUATION,5.0,NEUTRAL,12000.0,1,20.396,True,True,True,0.868,0.002775,track_b_cont
trackb_cont_VLY_20260604,VLY,2026-06-04,2026-08-03,,,,13.56,call,BULLISH,CONTINUATION,5.0,NEUTRAL,11760.0,1,20.352,True,True,True,0.9252,-3e-05,track_b_cont
trackb_cont_LRN_20260604,LRN,2026-06-04,2026-08-03,,,,97.875,call,BULLISH,CONTINUATION,5.0,NEUTRAL,11700.0,1,20.341,True,True,True,0.9267,-0.000165,track_b_cont
trackb_cont_RLGT_20260604,RLGT,2026-06-04,2026-08-03,,,,8.59,call,BULLISH,CONTINUATION,5.0,NEUTRAL,11250.0,1,20.256,True,True,True,0.8785,0.000126,track_b_cont
trackb_cont_WOR_20260604,WOR,2026-06-04,2026-08-03,,,,57.37,call,BULLISH,CONTINUATION,5.0,NEUTRAL,11074.0,1,20.222,True,True,True,0.8918,6.8e-05,track_b_cont
trackb_cont_NMAX_20260604,NMAX,2026-06-04,2026-08-03,,,,8.34,call,BULLISH,CONTINUATION,5.0,NEUTRAL,11000.0,1,20.207,True,True,True,0.9357,0.001904,track_b_cont
trackb_cont_OSS_20260604,OSS,2026-06-04,2026-08-03,,,,18.99,call,BULLISH,CONTINUATION,5.0,NEUTRAL,11000.0,1,20.207,True,True,True,0.9183,0.00348,track_b_cont
trackb_cont_MSM_20260604,MSM,2026-06-04,2026-08-03,,,,116.22,call,BULLISH,CONTINUATION,5.0,NEUTRAL,10500.0,1,20.106,True,True,True,0.9478,0.001925,track_b_cont
trackb_cont_TMHC_20260604,TMHC,2026-06-04,2026-08-03,,,,71.585,call,BULLISH,CONTINUATION,5.0,NEUTRAL,10000.0,1,20.0,True,True,True,0.9824,0.001461,track_b_cont
trackb_cont_PSX_20260604,PSX,2026-06-04,2026-08-03,,,,186.47,call,BULLISH,CONTINUATION,3.06,NEUTRAL,912657.0,7,18.238,True,True,True,0.8945,0.002101,track_b_cont
trackb_cont_GNRC_20260604,GNRC,2026-06-04,2026-08-03,,,,287.39,call,BULLISH,CONTINUATION,2.89,NEUTRAL,1680278.0,13,17.991,True,True,True,0.8286,-0.006876,track_b_cont
trackb_cont_ABBV_20260604,ABBV,2026-06-04,2026-08-03,,,,218.64,call,BULLISH,CONTINUATION,3.06,NEUTRAL,334254.0,5,16.904,True,True,True,0.7694,0.006111,track_b_cont
trackb_cont_AEHR_20260604,AEHR,2026-06-04,2026-08-03,,,,114.93,call,BULLISH,CONTINUATION,2.5,NEUTRAL,746302.0,13,14.682,True,True,True,0.9726,-0.003833,track_b_cont
trackb_cont_A_20260604,A,2026-06-04,2026-08-03,,,,138.695,call,BULLISH,CONTINUATION,2.74,NEUTRAL,101194.0,2,13.714,True,True,True,0.8613,0.008021,track_b_cont
trackb_cont_MOD_20260604,MOD,2026-06-04,2026-08-03,,,,308.74,call,BULLISH,CONTINUATION,1.92,NEUTRAL,820565.0,8,11.355,True,True,True,0.8201,-0.009696,track_b_cont
trackb_cont_FTNT_20260604,FTNT,2026-06-04,2026-08-03,,,,147.055,call,BULLISH,CONTINUATION,1.78,NEUTRAL,1311050.0,7,10.889,True,True,True,0.9972,0.032516,track_b_cont
trackb_cont_GFS_20260604,GFS,2026-06-04,2026-08-03,,,,86.19,call,BULLISH,CONTINUATION,1.6,NEUTRAL,2726649.0,37,10.297,True,True,True,0.706,0.008041,track_b_cont
trackb_cont_GE_20260604,GE,2026-06-04,2026-08-03,,,,316.15,call,BULLISH,CONTINUATION,1.67,NEUTRAL,1227210.0,10,10.168,True,True,True,0.8075,0.014983,track_b_cont
trackb_cont_LEN_20260604,LEN,2026-06-04,2026-08-03,,,,89.18,call,BULLISH,CONTINUATION,1.74,NEUTRAL,177256.0,4,9.133,True,True,True,0.7714,0.001235,track_b_cont
trackb_cont_HUM_20260604,HUM,2026-06-04,2026-08-03,,,,328.49,call,BULLISH,CONTINUATION,1.51,NEUTRAL,827393.0,12,8.936,True,True,True,0.8701,0.04276,track_b_cont
trackb_cont_ARES_20260604,ARES,2026-06-04,2026-08-03,,,,121.9,call,BULLISH,CONTINUATION,1.56,NEUTRAL,169833.0,4,8.159,True,True,True,0.7356,-0.001142,track_b_cont
trackb_cont_CRWD_20260604,CRWD,2026-06-04,2026-08-03,,,,751.71,call,BULLISH,CONTINUATION,1.0,NEUTRAL,18899747.0,63,7.277,True,True,True,0.9491,0.196737,track_b_cont
trackb_cont_JBL_20260604,JBL,2026-06-04,2026-08-03,,,,380.9,call,BULLISH,CONTINUATION,0.88,NEUTRAL,2574458.0,11,5.641,True,True,True,0.8537,0.003116,track_b_cont
trackb_cont_AFRM_20260604,AFRM,2026-06-04,2026-08-03,,,,65.645,call,BULLISH,CONTINUATION,0.54,NEUTRAL,349487.0,9,2.994,True,True,True,0.7279,0.00299,track_b_cont
trackb_cont_NVRI_20260604,NVRI,2026-06-04,2026-08-03,,,,18.33,call,BULLISH,CONTINUATION,5.0,NEUTRAL,0.0,0,0.0,True,True,True,1.0,0.002075,track_b_cont
trackb_cont_EXTR_20260604,EXTR,2026-06-04,2026-08-03,,,,28.67,call,BULLISH,CONTINUATION,5.0,NEUTRAL,0.0,0,0.0,True,True,True,1.0,0.002527,track_b_cont
trackb_cont_HPP_20260604,HPP,2026-06-04,2026-08-03,,,,12.915,call,BULLISH,CONTINUATION,5.0,NEUTRAL,0.0,0,0.0,True,True,True,0.9955,0.000778,track_b_cont
trackb_cont_CVLG_20260604,CVLG,2026-06-04,2026-08-03,,,,42.0588,call,BULLISH,CONTINUATION,5.0,NEUTRAL,0.0,0,0.0,True,True,True,0.9955,0.007161,track_b_cont
trackb_cont_CUZ_20260604,CUZ,2026-06-04,2026-08-03,,,,27.18,call,BULLISH,CONTINUATION,5.0,NEUTRAL,0.0,0,0.0,True,True,True,0.995,-0.000196,track_b_cont
trackb_cont_DBI_20260604,DBI,2026-06-04,2026-08-03,,,,8.6,call,BULLISH,CONTINUATION,5.0,NEUTRAL,0.0,0,0.0,True,True,True,0.9889,0.00068,track_b_cont
trackb_cont_PRLB_20260604,PRLB,2026-06-04,2026-08-03,,,,75.6,call,BULLISH,CONTINUATION,5.0,NEUTRAL,0.0,0,0.0,True,True,True,0.9886,0.003348,track_b_cont
trackb_cont_SANM_20260604,SANM,2026-06-04,2026-08-03,,,,283.72,call,BULLISH,CONTINUATION,5.0,NEUTRAL,0.0,0,0.0,True,True,True,0.9868,0.015842,track_b_cont
trackb_cont_MEC_20260604,MEC,2026-06-04,2026-08-03,,,,32.37,call,BULLISH,CONTINUATION,5.0,NEUTRAL,0.0,0,0.0,True,True,True,0.9852,0.001266,track_b_cont
trackb_cont_KREF_20260604,KREF,2026-06-04,2026-08-03,,,,6.735,call,BULLISH,CONTINUATION,5.0,NEUTRAL,0.0,0,0.0,True,True,True,0.9851,-8.6e-05,track_b_cont
trackb_cont_SHOO_20260604,SHOO,2026-06-04,2026-08-03,,,,43.79,call,BULLISH,CONTINUATION,5.0,NEUTRAL,0.0,0,0.0,True,True,True,0.9847,0.003512,track_b_cont
trackb_cont_TKR_20260604,TKR,2026-06-04,2026-08-03,,,,131.815,call,BULLISH,CONTINUATION,5.0,NEUTRAL,0.0,0,0.0,True,True,True,0.9806,0.008299,track_b_cont
trackb_cont_PACK_20260604,PACK,2026-06-04,2026-08-03,,,,7.02,call,BULLISH,CONTINUATION,5.0,NEUTRAL,0.0,0,0.0,True,True,True,0.9778,0.00034,track_b_cont
trackb_cont_SNDR_20260604,SNDR,2026-06-04,2026-08-03,,,,36.68,call,BULLISH,CONTINUATION,5.0,NEUTRAL,0.0,0,0.0,True,True,True,0.9774,0.00458,track_b_cont
trackb_cont_ATEX_20260604,ATEX,2026-06-04,2026-08-03,,,,65.525,call,BULLISH,CONTINUATION,5.0,NEUTRAL,0.0,0,0.0,True,True,True,0.9773,0.011044,track_b_cont
trackb_cont_LFUS_20260604,LFUS,2026-06-04,2026-08-03,,,,493.53,call,BULLISH,CONTINUATION,5.0,NEUTRAL,0.0,0,0.0,True,True,True,0.9767,0.005767,track_b_cont
trackb_cont_CLDT_20260604,CLDT,2026-06-04,2026-08-03,,,,11.15,call,BULLISH,CONTINUATION,5.0,NEUTRAL,0.0,0,0.0,True,True,True,0.9764,0.001376,track_b_cont
trackb_cont_ARCB_20260604,ARCB,2026-06-04,2026-08-03,,,,140.76,call,BULLISH,CONTINUATION,5.0,NEUTRAL,0.0,0,0.0,True,True,True,0.9746,0.013723,track_b_cont
trackb_cont_WERN_20260604,WERN,2026-06-04,2026-08-03,,,,43.1,call,BULLISH,CONTINUATION,5.0,NEUTRAL,0.0,0,0.0,True,True,True,0.9719,0.005842,track_b_cont
trackb_cont_JEF_20260604,JEF,2026-06-04,2026-08-03,,,,53.02,call,BULLISH,CONTINUATION,5.0,NEUTRAL,0.0,0,0.0,True,True,True,0.9697,-4.1e-05,track_b_cont
trackb_cont_MSGS_20260604,MSGS,2026-06-04,2026-08-03,,,,381.76,call,BULLISH,CONTINUATION,5.0,NEUTRAL,0.0,0,0.0,True,True,True,0.9691,0.023792,track_b_cont
trackb_cont_TITN_20260604,TITN,2026-06-04,2026-08-03,,,,23.35,call,BULLISH,CONTINUATION,5.0,NEUTRAL,0.0,0,0.0,True,True,True,0.9685,-0.000947,track_b_cont
trackb_cont_HTLD_20260604,HTLD,2026-06-04,2026-08-03,,,,15.53,call,BULLISH,CONTINUATION,5.0,NEUTRAL,0.0,0,0.0,True,True,True,0.9668,0.002163,track_b_cont
trackb_cont_VNO_20260604,VNO,2026-06-04,2026-08-03,,,,33.6,call,BULLISH,CONTINUATION,5.0,NEUTRAL,0.0,0,0.0,True,True,True,0.9657,0.001384,track_b_cont
trackb_cont_ODFL_20260604,ODFL,2026-06-04,2026-08-03,,,,233.44,call,BULLISH,CONTINUATION,5.0,NEUTRAL,0.0,0,0.0,True,True,True,0.9652,0.022805,track_b_cont
trackb_cont_BZH_20260604,BZH,2026-06-04,2026-08-03,,,,25.785,call,BULLISH,CONTINUATION,5.0,NEUTRAL,0.0,0,0.0,True,True,True,0.9631,0.004163,track_b_cont
trackb_cont_SRG_20260604,SRG,2026-06-04,2026-08-03,,,,2.74,call,BULLISH,CONTINUATION,5.0,NEUTRAL,0.0,0,0.0,True,True,True,0.963,-0.000149,track_b_cont
trackb_cont_MRTN_20260604,MRTN,2026-06-04,2026-08-03,,,,17.65,call,BULLISH,CONTINUATION,5.0,NEUTRAL,0.0,0,0.0,True,True,True,0.9626,0.002151,track_b_cont
trackb_cont_VSTS_20260604,VSTS,2026-06-04,2026-08-03,,,,13.16,call,BULLISH,CONTINUATION,5.0,NEUTRAL,0.0,0,0.0,True,True,True,0.9616,0.002299,track_b_cont
trackb_cont_R_20260604,R,2026-06-04,2026-08-03,,,,258.92,call,BULLISH,CONTINUATION,5.0,NEUTRAL,0.0,0,0.0,True,True,True,0.9616,0.009704,track_b_cont
trackb_cont_TWST_20260604,TWST,2026-06-04,2026-08-03,,,,71.24,call,BULLISH,CONTINUATION,5.0,NEUTRAL,0.0,0,0.0,True,True,True,0.9614,0.007673,track_b_cont
trackb_cont_TXG_20260604,TXG,2026-06-04,2026-08-03,,,,31.55,call,BULLISH,CONTINUATION,5.0,NEUTRAL,0.0,0,0.0,True,True,True,0.9612,0.005508,track_b_cont
trackb_cont_ARMK_20260604,ARMK,2026-06-04,2026-08-03,,,,53.6,call,BULLISH,CONTINUATION,5.0,NEUTRAL,0.0,0,0.0,True,True,True,0.9611,0.005789,track_b_cont
trackb_cont_PEB_20260604,PEB,2026-06-04,2026-08-03,,,,15.91,call,BULLISH,CONTINUATION,5.0,NEUTRAL,0.0,0,0.0,True,True,True,0.961,0.00078,track_b_cont
trackb_cont_KLAC_20260604,KLAC,2026-06-04,2026-08-03,,,,2075.8999,call,BULLISH,CONTINUATION,0.0,NEUTRAL,3416185.0,9,0.0,True,True,True,0.9598,0.090489,track_b_cont
trackb_cont_VMI_20260604,VMI,2026-06-04,2026-08-03,,,,544.88,call,BULLISH,CONTINUATION,5.0,NEUTRAL,0.0,0,0.0,True,True,True,0.9586,-0.006896,track_b_cont
trackb_cont_MTUS_20260604,MTUS,2026-06-04,2026-08-03,,,,20.035,call,BULLISH,CONTINUATION,5.0,NEUTRAL,0.0,0,0.0,True,True,True,0.9578,0.000614,track_b_cont
trackb_cont_SAH_20260604,SAH,2026-06-04,2026-08-03,,,,83.43,call,BULLISH,CONTINUATION,5.0,NEUTRAL,0.0,0,0.0,True,True,True,0.9574,5.3e-05,track_b_cont
trackb_cont_PAG_20260604,PAG,2026-06-04,2026-08-03,,,,171.935,call,BULLISH,CONTINUATION,5.0,NEUTRAL,0.0,0,0.0,True,True,True,0.9565,-0.007593,track_b_cont
trackb_cont_TRU_20260604,TRU,2026-06-04,2026-08-03,,,,69.015,call,BULLISH,CONTINUATION,5.0,NEUTRAL,0.0,0,0.0,True,True,True,0.9546,0.000386,track_b_cont
trackb_cont_MTB_20260604,MTB,2026-06-04,2026-08-03,,,,214.235,call,BULLISH,CONTINUATION,5.0,NEUTRAL,0.0,0,0.0,True,True,True,0.9537,-0.001284,track_b_cont
trackb_cont_SHO_20260604,SHO,2026-06-04,2026-08-03,,,,11.255,call,BULLISH,CONTINUATION,5.0,NEUTRAL,0.0,0,0.0,True,True,True,0.9536,0.000488,track_b_cont
trackb_cont_SXC_20260604,SXC,2026-06-04,2026-08-03,,,,9.355,call,BULLISH,CONTINUATION,5.0,NEUTRAL,0.0,0,0.0,True,True,True,0.9534,0.001699,track_b_cont
trackb_cont_FLS_20260604,FLS,2026-06-04,2026-08-03,,,,75.79,call,BULLISH,CONTINUATION,5.0,NEUTRAL,0.0,0,0.0,True,True,True,0.9525,0.001212,track_b_cont
trackb_cont_BOC_20260604,BOC,2026-06-04,2026-08-03,,,,13.27,call,BULLISH,CONTINUATION,5.0,NEUTRAL,0.0,0,0.0,True,True,True,0.9512,0.001413,track_b_cont
trackb_cont_RLJ_20260604,RLJ,2026-06-04,2026-08-03,,,,10.105,call,BULLISH,CONTINUATION,5.0,NEUTRAL,0.0,0,0.0,True,True,True,0.9508,0.00098,track_b_cont
trackb_cont_HST_20260604,HST,2026-06-04,2026-08-03,,,,23.935,call,BULLISH,CONTINUATION,5.0,NEUTRAL,0.0,0,0.0,True,True,True,0.9502,0.001142,track_b_cont
trackb_cont_RXO_20260604,RXO,2026-06-04,2026-08-03,,,,26.72,call,BULLISH,CONTINUATION,5.0,NEUTRAL,0.0,0,0.0,True,True,True,0.9497,0.006405,track_b_cont
trackb_cont_VC_20260604,VC,2026-06-04,2026-08-03,,,,123.53,call,BULLISH,CONTINUATION,5.0,NEUTRAL,0.0,0,0.0,True,True,True,0.9492,6.3e-05,track_b_cont
trackb_cont_KN_20260604,KN,2026-06-04,2026-08-03,,,,39.2901,call,BULLISH,CONTINUATION,5.0,NEUTRAL,0.0,0,0.0,True,True,True,0.9484,0.002046,track_b_cont
trackb_cont_EFC_20260604,EFC,2026-06-04,2026-08-03,,,,13.4175,call,BULLISH,CONTINUATION,5.0,NEUTRAL,0.0,0,0.0,True,True,True,0.9483,-0.000124,track_b_cont
trackb_cont_RCL_20260604,RCL,2026-06-04,2026-08-03,,,,292.81,call,BULLISH,CONTINUATION,0.0,NEUTRAL,1701790.0,5,0.0,True,True,True,0.9483,-0.003354,track_b_cont
trackb_cont_ARE_20260604,ARE,2026-06-04,2026-08-03,,,,52.29,call,BULLISH,CONTINUATION,5.0,NEUTRAL,0.0,0,0.0,True,True,True,0.9477,0.003625,track_b_cont
trackb_cont_ROG_20260604,ROG,2026-06-04,2026-08-03,,,,151.22,call,BULLISH,CONTINUATION,5.0,NEUTRAL,0.0,0,0.0,True,True,True,0.9467,-0.001698,track_b_cont
trackb_cont_ALNT_20260604,ALNT,2026-06-04,2026-08-03,,,,85.37,call,BULLISH,CONTINUATION,5.0,NEUTRAL,0.0,0,0.0,True,True,True,0.9463,0.003464,track_b_cont
trackb_cont_IPGP_20260604,IPGP,2026-06-04,2026-08-03,,,,132.72,call,BULLISH,CONTINUATION,5.0,NEUTRAL,0.0,0,0.0,True,True,True,0.9463,0.015693,track_b_cont
trackb_cont_FTCI_20260604,FTCI,2026-06-04,2026-08-03,,,,5.6644,call,BULLISH,CONTINUATION,5.0,NEUTRAL,0.0,0,0.0,True,True,True,0.9459,0.000925,track_b_cont
trackb_cont_CVI_20260604,CVI,2026-06-04,2026-08-03,,,,36.0,call,BULLISH,CONTINUATION,5.0,NEUTRAL,0.0,0,0.0,True,True,True,0.9459,-0.001512,track_b_cont
trackb_cont_SN_20260604,SN,2026-06-04,2026-08-03,,,,122.12,call,BULLISH,CONTINUATION,5.0,NEUTRAL,0.0,0,0.0,True,True,True,0.9455,0.003575,track_b_cont
trackb_cont_HIW_20260604,HIW,2026-06-04,2026-08-03,,,,26.8,call,BULLISH,CONTINUATION,5.0,NEUTRAL,0.0,0,0.0,True,True,True,0.9453,0.000657,track_b_cont
trackb_cont_ACMR_20260604,ACMR,2026-06-04,2026-08-03,,,,89.165,call,BULLISH,CONTINUATION,0.0,NEUTRAL,307440.0,2,0.0,True,True,True,0.9452,0.026943,track_b_cont
trackb_cont_TUSK_20260604,TUSK,2026-06-04,2026-08-03,,,,3.54,call,BULLISH,CONTINUATION,5.0,NEUTRAL,0.0,0,0.0,True,True,True,0.9446,0.000583,track_b_cont
trackb_cont_INN_20260604,INN,2026-06-04,2026-08-03,,,,5.955,call,BULLISH,CONTINUATION,5.0,NEUTRAL,0.0,0,0.0,True,True,True,0.9435,0.000425,track_b_cont
trackb_cont_LAD_20260604,LAD,2026-06-04,2026-08-03,,,,293.3,call,BULLISH,CONTINUATION,5.0,NEUTRAL,0.0,0,0.0,True,True,True,0.9424,-0.005083,track_b_cont
trackb_cont_NSIT_20260604,NSIT,2026-06-04,2026-08-03,,,,112.515,call,BULLISH,CONTINUATION,5.0,NEUTRAL,0.0,0,0.0,True,True,True,0.9402,0.026784,track_b_cont
trackb_cont_KNX_20260604,KNX,2026-06-04,2026-08-03,,,,78.23,call,BULLISH,CONTINUATION,0.0,NEUTRAL,339760.0,1,0.0,True,True,True,0.9374,0.011532,track_b_cont
trackb_cont_TTI_20260604,TTI,2026-06-04,2026-08-03,,,,9.99,call,BULLISH,CONTINUATION,5.0,NEUTRAL,0.0,0,0.0,True,True,True,0.9353,0.000241,track_b_cont
trackb_cont_AYI_20260604,AYI,2026-06-04,2026-08-03,,,,310.88,call,BULLISH,CONTINUATION,5.0,NEUTRAL,0.0,0,0.0,True,True,True,0.9347,-0.001722,track_b_cont
trackb_cont_LODE_20260604,LODE,2026-06-04,2026-08-03,,,,3.955,call,BULLISH,CONTINUATION,5.0,NEUTRAL,0.0,0,0.0,True,True,True,0.9333,0.000958,track_b_cont
trackb_cont_KDP_20260604,KDP,2026-06-04,2026-08-03,,,,30.85,call,BULLISH,CONTINUATION,5.0,NEUTRAL,0.0,0,0.0,True,True,True,0.9333,0.000157,track_b_cont
trackb_cont_GCO_20260604,GCO,2026-06-04,2026-08-03,,,,38.95,call,BULLISH,CONTINUATION,5.0,NEUTRAL,0.0,0,0.0,True,True,True,0.9329,0.003409,track_b_cont
trackb_cont_GRBK_20260604,GRBK,2026-06-04,2026-08-03,,,,68.35,call,BULLISH,CONTINUATION,5.0,NEUTRAL,0.0,0,0.0,True,True,True,0.9324,0.001192,track_b_cont
trackb_cont_TOMZ_20260604,TOMZ,2026-06-04,2026-08-03,,,,1.03,call,BULLISH,CONTINUATION,5.0,NEUTRAL,0.0,0,0.0,True,True,True,0.9318,0.000139,track_b_cont
trackb_cont_RS_20260604,RS,2026-06-04,2026-08-03,,,,392.6,call,BULLISH,CONTINUATION,5.0,NEUTRAL,0.0,0,0.0,True,True,True,0.9313,-0.000112,track_b_cont
trackb_cont_WATT_20260604,WATT,2026-06-04,2026-08-03,,,,29.13,call,BULLISH,CONTINUATION,5.0,NEUTRAL,0.0,0,0.0,True,True,True,0.9311,0.001211,track_b_cont
trackb_cont_NOVT_20260604,NOVT,2026-06-04,2026-08-03,,,,170.07,call,BULLISH,CONTINUATION,5.0,NEUTRAL,0.0,0,0.0,True,True,True,0.9307,0.017208,track_b_cont
trackb_cont_KBH_20260604,KBH,2026-06-04,2026-08-03,,,,50.59,call,BULLISH,CONTINUATION,5.0,NEUTRAL,0.0,0,0.0,True,True,True,0.9298,0.000161,track_b_cont
trackb_cont_DORM_20260604,DORM,2026-06-04,2026-08-03,,,,124.28,call,BULLISH,CONTINUATION,5.0,NEUTRAL,0.0,0,0.0,True,True,True,0.9295,-0.00138,track_b_cont
trackb_cont_URG_20260604,URG,2026-06-04,2026-08-03,,,,1.915,call,BULLISH,CONTINUATION,5.0,NEUTRAL,0.0,0,0.0,True,True,True,0.9286,-0.000275,track_b_cont
trackb_cont_APLE_20260604,APLE,2026-06-04,2026-08-03,,,,15.115,call,BULLISH,CONTINUATION,5.0,NEUTRAL,0.0,0,0.0,True,True,True,0.928,0.000797,track_b_cont
trackb_cont_DGII_20260604,DGII,2026-06-04,2026-08-03,,,,67.735,call,BULLISH,CONTINUATION,5.0,NEUTRAL,0.0,0,0.0,True,True,True,0.9272,0.004362,track_b_cont
trackb_cont_RAL_20260604,RAL,2026-06-04,2026-08-03,,,,62.36,call,BULLISH,CONTINUATION,5.0,NEUTRAL,0.0,0,0.0,True,True,True,0.926,0.010761,track_b_cont
trackb_cont_CWEN_20260604,CWEN,2026-06-04,2026-08-03,,,,41.24,call,BULLISH,CONTINUATION,5.0,NEUTRAL,0.0,0,0.0,True,True,True,0.9248,0.000971,track_b_cont
trackb_cont_SONO_20260604,SONO,2026-06-04,2026-08-03,,,,15.64,call,BULLISH,CONTINUATION,5.0,NEUTRAL,0.0,0,0.0,True,True,True,0.9239,0.000782,track_b_cont
trackb_cont_OPLN_20260604,OPLN,2026-06-04,2026-08-03,,,,37.32,call,BULLISH,CONTINUATION,5.0,NEUTRAL,0.0,0,0.0,True,True,True,0.9229,-3.6e-05,track_b_cont
trackb_cont_DAN_20260604,DAN,2026-06-04,2026-08-03,,,,37.28,call,BULLISH,CONTINUATION,5.0,NEUTRAL,0.0,0,0.0,True,True,True,0.9227,-0.000275,track_b_cont
trackb_cont_PSN_20260604,PSN,2026-06-04,2026-08-03,,,,59.545,call,BULLISH,CONTINUATION,5.0,NEUTRAL,0.0,0,0.0,True,True,True,0.9225,0.006062,track_b_cont
trackb_cont_MTRN_20260604,MTRN,2026-06-04,2026-08-03,,,,227.57,call,BULLISH,CONTINUATION,5.0,NEUTRAL,0.0,0,0.0,True,True,True,0.9223,0.015958,track_b_cont
trackb_cont_SCSC_20260604,SCSC,2026-06-04,2026-08-03,,,,45.6,call,BULLISH,CONTINUATION,5.0,NEUTRAL,0.0,0,0.0,True,True,True,0.9219,0.001967,track_b_cont
trackb_cont_AMR_20260604,AMR,2026-06-04,2026-08-03,,,,215.03,call,BULLISH,CONTINUATION,5.0,NEUTRAL,0.0,0,0.0,True,True,True,0.9211,0.004806,track_b_cont
trackb_cont_GEO_20260604,GEO,2026-06-04,2026-08-03,,,,23.155,call,BULLISH,CONTINUATION,5.0,NEUTRAL,0.0,0,0.0,True,True,True,0.9194,0.001689,track_b_cont
trackb_cont_IP_20260604,IP,2026-06-04,2026-08-03,,,,33.48,call,BULLISH,CONTINUATION,5.0,NEUTRAL,0.0,0,0.0,True,True,True,0.9191,-0.000403,track_b_cont
trackb_cont_HUBG_20260604,HUBG,2026-06-04,2026-08-03,,,,43.24,call,BULLISH,CONTINUATION,5.0,NEUTRAL,0.0,0,0.0,True,True,True,0.9179,0.001023,track_b_cont
trackb_cont_IESC_20260604,IESC,2026-06-04,2026-08-03,,,,727.44,call,BULLISH,CONTINUATION,5.0,NEUTRAL,0.0,0,0.0,True,True,True,0.9172,-0.013066,track_b_cont
trackb_cont_QMCO_20260604,QMCO,2026-06-04,2026-08-03,,,,13.82,call,BULLISH,CONTINUATION,5.0,NEUTRAL,0.0,0,0.0,True,True,True,0.9161,0.000382,track_b_cont
trackb_cont_PLXS_20260604,PLXS,2026-06-04,2026-08-03,,,,287.3,call,BULLISH,CONTINUATION,5.0,NEUTRAL,0.0,0,0.0,True,True,True,0.9161,-0.004138,track_b_cont
trackb_cont_SVV_20260604,SVV,2026-06-04,2026-08-03,,,,9.375,call,BULLISH,CONTINUATION,5.0,NEUTRAL,0.0,0,0.0,True,True,True,0.9155,0.000567,track_b_cont
trackb_cont_CURI_20260604,CURI,2026-06-04,2026-08-03,,,,3.05,call,BULLISH,CONTINUATION,5.0,NEUTRAL,0.0,0,0.0,True,True,True,0.9151,-0.000368,track_b_cont
trackb_cont_FSTR_20260604,FSTR,2026-06-04,2026-08-03,,,,41.8,call,BULLISH,CONTINUATION,5.0,NEUTRAL,0.0,0,0.0,True,True,True,0.9145,-0.001749,track_b_cont
trackb_cont_AREC_20260604,AREC,2026-06-04,2026-08-03,,,,2.555,call,BULLISH,CONTINUATION,5.0,NEUTRAL,0.0,0,0.0,True,True,True,0.9121,-0.000103,track_b_cont
trackb_cont_KFRC_20260604,KFRC,2026-06-04,2026-08-03,,,,46.19,call,BULLISH,CONTINUATION,5.0,NEUTRAL,0.0,0,0.0,True,True,True,0.9119,0.001405,track_b_cont
trackb_cont_DRH_20260604,DRH,2026-06-04,2026-08-03,,,,11.225,call,BULLISH,CONTINUATION,5.0,NEUTRAL,0.0,0,0.0,True,True,True,0.9118,0.000244,track_b_cont
trackb_cont_AAON_20260604,AAON,2026-06-04,2026-08-03,,,,146.99,call,BULLISH,CONTINUATION,5.0,NEUTRAL,0.0,0,0.0,True,True,True,0.9091,0.015341,track_b_cont
trackb_cont_XHR_20260604,XHR,2026-06-04,2026-08-03,,,,17.68,call,BULLISH,CONTINUATION,5.0,NEUTRAL,0.0,0,0.0,True,True,True,0.907,0.000505,track_b_cont
trackb_cont_MSEX_20260604,MSEX,2026-06-04,2026-08-03,,,,52.51,call,BULLISH,CONTINUATION,5.0,NEUTRAL,0.0,0,0.0,True,True,True,0.9042,-0.000124,track_b_cont
trackb_cont_MTN_20260604,MTN,2026-06-04,2026-08-03,,,,134.99,call,BULLISH,CONTINUATION,5.0,NEUTRAL,0.0,0,0.0,True,True,True,0.8995,0.005426,track_b_cont
trackb_cont_MATX_20260604,MATX,2026-06-04,2026-08-03,,,,187.2,call,BULLISH,CONTINUATION,5.0,NEUTRAL,0.0,0,0.0,True,True,True,0.8977,-0.000533,track_b_cont
trackb_cont_AAT_20260604,AAT,2026-06-04,2026-08-03,,,,23.27,call,BULLISH,CONTINUATION,5.0,NEUTRAL,0.0,0,0.0,True,True,True,0.8971,0.001738,track_b_cont
trackb_cont_LNN_20260604,LNN,2026-06-04,2026-08-03,,,,112.38,call,BULLISH,CONTINUATION,5.0,NEUTRAL,0.0,0,0.0,True,True,True,0.8959,-0.001011,track_b_cont
trackb_cont_WSM_20260604,WSM,2026-06-04,2026-08-03,,,,204.05,call,BULLISH,CONTINUATION,0.0,NEUTRAL,264150.0,4,0.0,True,True,True,0.8945,0.019202,track_b_cont
trackb_cont_CMP_20260604,CMP,2026-06-04,2026-08-03,,,,32.98,call,BULLISH,CONTINUATION,5.0,NEUTRAL,0.0,0,0.0,True,True,True,0.8916,0.00323,track_b_cont
trackb_cont_GNTX_20260604,GNTX,2026-06-04,2026-08-03,,,,24.99,call,BULLISH,CONTINUATION,5.0,NEUTRAL,0.0,0,0.0,True,True,True,0.8906,0.000345,track_b_cont
trackb_cont_OPAD_20260604,OPAD,2026-06-04,2026-08-03,,,,0.7801,call,BULLISH,CONTINUATION,5.0,NEUTRAL,0.0,0,0.0,True,True,True,0.8901,7.1e-05,track_b_cont
trackb_cont_HOV_20260604,HOV,2026-06-04,2026-08-03,,,,108.12,call,BULLISH,CONTINUATION,5.0,NEUTRAL,0.0,0,0.0,True,True,True,0.8898,0.002703,track_b_cont
trackb_cont_BBBY_20260604,BBBY,2026-06-04,2026-08-03,,,,6.025,call,BULLISH,CONTINUATION,5.0,NEUTRAL,0.0,0,0.0,True,True,True,0.8894,0.001087,track_b_cont
trackb_cont_GIII_20260604,GIII,2026-06-04,2026-08-03,,,,32.205,call,BULLISH,CONTINUATION,5.0,NEUTRAL,0.0,0,0.0,True,True,True,0.8885,0.000368,track_b_cont
trackb_cont_HAE_20260604,HAE,2026-06-04,2026-08-03,,,,65.27,call,BULLISH,CONTINUATION,5.0,NEUTRAL,0.0,0,0.0,True,True,True,0.8864,0.011424,track_b_cont
trackb_cont_CWT_20260604,CWT,2026-06-04,2026-08-03,,,,45.1025,call,BULLISH,CONTINUATION,5.0,NEUTRAL,0.0,0,0.0,True,True,True,0.8851,8.8e-05,track_b_cont
trackb_cont_AGL_20260604,AGL,2026-06-04,2026-08-03,,,,84.64,call,BULLISH,CONTINUATION,5.0,NEUTRAL,0.0,0,0.0,True,True,True,0.885,0.040935,track_b_cont
trackb_cont_PLPC_20260604,PLPC,2026-06-04,2026-08-03,,,,375.0,call,BULLISH,CONTINUATION,5.0,NEUTRAL,0.0,0,0.0,True,True,True,0.8842,0.011908,track_b_cont
trackb_cont_EW_20260604,EW,2026-06-04,2026-08-03,,,,86.295,call,BULLISH,CONTINUATION,5.0,NEUTRAL,0.0,0,0.0,True,True,True,0.883,0.003636,track_b_cont
trackb_cont_WALD_20260604,WALD,2026-06-04,2026-08-03,,,,1.775,call,BULLISH,CONTINUATION,5.0,NEUTRAL,0.0,0,0.0,True,True,True,0.8829,-8.6e-05,track_b_cont
trackb_cont_IPX_20260604,IPX,2026-06-04,2026-08-03,,,,40.38,call,BULLISH,CONTINUATION,5.0,NEUTRAL,0.0,0,0.0,True,True,True,0.8819,-0.000352,track_b_cont
trackb_cont_KFY_20260604,KFY,2026-06-04,2026-08-03,,,,69.64,call,BULLISH,CONTINUATION,5.0,NEUTRAL,0.0,0,0.0,True,True,True,0.8816,0.001904,track_b_cont
trackb_cont_RYZ_20260604,RYZ,2026-06-04,2026-08-03,,,,28.0575,call,BULLISH,CONTINUATION,5.0,NEUTRAL,0.0,0,0.0,True,True,True,0.8816,6.7e-05,track_b_cont
trackb_cont_WCC_20260604,WCC,2026-06-04,2026-08-03,,,,374.165,call,BULLISH,CONTINUATION,5.0,NEUTRAL,0.0,0,0.0,True,True,True,0.8812,-0.007528,track_b_cont
trackb_cont_NB_20260604,NB,2026-06-04,2026-08-03,,,,5.875,call,BULLISH,CONTINUATION,5.0,NEUTRAL,0.0,0,0.0,True,True,True,0.879,-0.000624,track_b_cont
trackb_cont_CVCO_20260604,CVCO,2026-06-04,2026-08-03,,,,537.86,call,BULLISH,CONTINUATION,5.0,NEUTRAL,0.0,0,0.0,True,True,True,0.8788,0.041934,track_b_cont
trackb_cont_CNK_20260604,CNK,2026-06-04,2026-08-03,,,,29.96,call,BULLISH,CONTINUATION,5.0,NEUTRAL,0.0,0,0.0,True,True,True,0.8783,0.000526,track_b_cont
trackb_cont_FOR_20260604,FOR,2026-06-04,2026-08-03,,,,26.875,call,BULLISH,CONTINUATION,5.0,NEUTRAL,0.0,0,0.0,True,True,True,0.8778,-0.000653,track_b_cont
trackb_cont_BRC_20260604,BRC,2026-06-04,2026-08-03,,,,87.615,call,BULLISH,CONTINUATION,5.0,NEUTRAL,0.0,0,0.0,True,True,True,0.8769,0.011038,track_b_cont
trackb_cont_BBSI_20260604,BBSI,2026-06-04,2026-08-03,,,,32.375,call,BULLISH,CONTINUATION,5.0,NEUTRAL,0.0,0,0.0,True,True,True,0.8767,0.002209,track_b_cont
trackb_cont_LEA_20260604,LEA,2026-06-04,2026-08-03,,,,146.55,call,BULLISH,CONTINUATION,5.0,NEUTRAL,0.0,0,0.0,True,True,True,0.8765,0.003645,track_b_cont
trackb_cont_AMN_20260604,AMN,2026-06-04,2026-08-03,,,,29.5,call,BULLISH,CONTINUATION,5.0,NEUTRAL,0.0,0,0.0,True,True,True,0.876,0.001242,track_b_cont
trackb_cont_TNET_20260604,TNET,2026-06-04,2026-08-03,,,,46.26,call,BULLISH,CONTINUATION,5.0,NEUTRAL,0.0,0,0.0,True,True,True,0.8743,0.002766,track_b_cont
trackb_cont_EEX_20260604,EEX,2026-06-04,2026-08-03,,,,4.975,call,BULLISH,CONTINUATION,5.0,NEUTRAL,0.0,0,0.0,True,True,True,0.8732,0.000141,track_b_cont
trackb_cont_BHE_20260604,BHE,2026-06-04,2026-08-03,,,,88.33,call,BULLISH,CONTINUATION,5.0,NEUTRAL,0.0,0,0.0,True,True,True,0.8729,-0.002441,track_b_cont
trackb_cont_BCAR_20260604,BCAR,2026-06-04,2026-08-03,,,,10.995,call,BULLISH,CONTINUATION,5.0,NEUTRAL,0.0,0,0.0,True,True,True,0.8721,3.8e-05,track_b_cont
trackb_cont_MYPS_20260604,MYPS,2026-06-04,2026-08-03,,,,0.5396,call,BULLISH,CONTINUATION,5.0,NEUTRAL,0.0,0,0.0,True,True,True,0.8713,5.2e-05,track_b_cont
trackb_cont_SOLV_20260604,SOLV,2026-06-04,2026-08-03,,,,77.7201,call,BULLISH,CONTINUATION,5.0,NEUTRAL,0.0,0,0.0,True,True,True,0.8712,0.002834,track_b_cont
trackb_cont_AMRZ_20260604,AMRZ,2026-06-04,2026-08-03,,,,54.055,call,BULLISH,CONTINUATION,5.0,NEUTRAL,0.0,0,0.0,True,True,True,0.8707,-0.001551,track_b_cont
trackb_cont_BFH_20260604,BFH,2026-06-04,2026-08-03,,,,89.21,call,BULLISH,CONTINUATION,5.0,NEUTRAL,0.0,0,0.0,True,True,True,0.8699,0.001138,track_b_cont
trackb_cont_IAUX_20260604,IAUX,2026-06-04,2026-08-03,,,,1.555,call,BULLISH,CONTINUATION,5.0,NEUTRAL,0.0,0,0.0,True,True,True,0.8696,-1.7e-05,track_b_cont
trackb_cont_TBI_20260604,TBI,2026-06-04,2026-08-03,,,,6.655,call,BULLISH,CONTINUATION,5.0,NEUTRAL,0.0,0,0.0,True,True,True,0.8693,0.00012,track_b_cont
trackb_cont_CLMB_20260604,CLMB,2026-06-04,2026-08-03,,,,21.58,call,BULLISH,CONTINUATION,5.0,NEUTRAL,0.0,0,0.0,True,True,True,0.869,0.001667,track_b_cont
trackb_cont_LGIH_20260604,LGIH,2026-06-04,2026-08-03,,,,47.31,call,BULLISH,CONTINUATION,5.0,NEUTRAL,0.0,0,0.0,True,True,True,0.8639,0.000892,track_b_cont
trackb_cont_HRB_20260604,HRB,2026-06-04,2026-08-03,,,,37.33,call,BULLISH,CONTINUATION,5.0,NEUTRAL,0.0,0,0.0,True,True,True,0.8631,0.004807,track_b_cont
trackb_cont_PFG_20260604,PFG,2026-06-04,2026-08-03,,,,102.01,call,BULLISH,CONTINUATION,5.0,NEUTRAL,0.0,0,0.0,True,True,True,0.8621,0.001484,track_b_cont
trackb_cont_MHO_20260604,MHO,2026-06-04,2026-08-03,,,,136.07,call,BULLISH,CONTINUATION,5.0,NEUTRAL,0.0,0,0.0,True,True,True,0.8621,0.001136,track_b_cont
trackb_cont_NCMI_20260604,NCMI,2026-06-04,2026-08-03,,,,3.555,call,BULLISH,CONTINUATION,5.0,NEUTRAL,0.0,0,0.0,True,True,True,0.8605,-0.000315,track_b_cont
trackb_cont_FA_20260604,FA,2026-06-04,2026-08-03,,,,15.915,call,BULLISH,CONTINUATION,5.0,NEUTRAL,0.0,0,0.0,True,True,True,0.859,0.000954,track_b_cont
trackb_cont_ICHR_20260604,ICHR,2026-06-04,2026-08-03,,,,72.92,call,BULLISH,CONTINUATION,5.0,NEUTRAL,0.0,0,0.0,True,True,True,0.8575,-0.005919,track_b_cont
trackb_cont_WS_20260604,WS,2026-06-04,2026-08-03,,,,42.59,call,BULLISH,CONTINUATION,5.0,NEUTRAL,0.0,0,0.0,True,True,True,0.8567,0.000228,track_b_cont
trackb_cont_CAL_20260604,CAL,2026-06-04,2026-08-03,,,,14.12,call,BULLISH,CONTINUATION,5.0,NEUTRAL,0.0,0,0.0,True,True,True,0.8552,0.001389,track_b_cont
trackb_cont_ASH_20260604,ASH,2026-06-04,2026-08-03,,,,57.185,call,BULLISH,CONTINUATION,5.0,NEUTRAL,0.0,0,0.0,True,True,True,0.8551,0.001807,track_b_cont
trackb_cont_LCUT_20260604,LCUT,2026-06-04,2026-08-03,,,,8.97,call,BULLISH,CONTINUATION,5.0,NEUTRAL,0.0,0,0.0,True,True,True,0.8529,0.002473,track_b_cont
trackb_cont_BDN_20260604,BDN,2026-06-04,2026-08-03,,,,3.055,call,BULLISH,CONTINUATION,5.0,NEUTRAL,0.0,0,0.0,True,True,True,0.8519,-8.5e-05,track_b_cont
trackb_cont_EFX_20260604,EFX,2026-06-04,2026-08-03,,,,167.585,call,BULLISH,CONTINUATION,5.0,NEUTRAL,0.0,0,0.0,True,True,True,0.8518,-0.00639,track_b_cont
trackb_cont_RHI_20260604,RHI,2026-06-04,2026-08-03,,,,29.525,call,BULLISH,CONTINUATION,5.0,NEUTRAL,0.0,0,0.0,True,True,True,0.8514,0.002276,track_b_cont
trackb_cont_MLAB_20260604,MLAB,2026-06-04,2026-08-03,,,,102.07,call,BULLISH,CONTINUATION,5.0,NEUTRAL,0.0,0,0.0,True,True,True,0.8511,-0.001575,track_b_cont
trackb_cont_GHI_20260604,GHI,2026-06-04,2026-08-03,,,,5.386,call,BULLISH,CONTINUATION,5.0,NEUTRAL,0.0,0,0.0,True,True,True,0.8511,-0.000145,track_b_cont
trackb_cont_LIND_20260604,LIND,2026-06-04,2026-08-03,,,,22.31,call,BULLISH,CONTINUATION,5.0,NEUTRAL,0.0,0,0.0,True,True,True,0.8492,0.001599,track_b_cont
trackb_cont_COLM_20260604,COLM,2026-06-04,2026-08-03,,,,65.71,call,BULLISH,CONTINUATION,5.0,NEUTRAL,0.0,0,0.0,True,True,True,0.8491,0.004219,track_b_cont
trackb_cont_ILPT_20260604,ILPT,2026-06-04,2026-08-03,,,,8.755,call,BULLISH,CONTINUATION,5.0,NEUTRAL,0.0,0,0.0,True,True,True,0.8488,0.001015,track_b_cont
trackb_cont_EA_20260604,EA,2026-06-04,2026-08-03,,,,202.54,call,BULLISH,CONTINUATION,5.0,NEUTRAL,0.0,0,0.0,True,True,True,0.8487,-0.004065,track_b_cont
trackb_cont_CMC_20260604,CMC,2026-06-04,2026-08-03,,,,76.75,call,BULLISH,CONTINUATION,5.0,NEUTRAL,0.0,0,0.0,True,True,True,0.8457,0.002576,track_b_cont
trackb_cont_IDT_20260604,IDT,2026-06-04,2026-08-03,,,,53.465,call,BULLISH,CONTINUATION,5.0,NEUTRAL,0.0,0,0.0,True,True,True,0.8452,0.000106,track_b_cont
trackb_cont_NSP_20260604,NSP,2026-06-04,2026-08-03,,,,34.11,call,BULLISH,CONTINUATION,5.0,NEUTRAL,0.0,0,0.0,True,True,True,0.8449,0.002837,track_b_cont
trackb_cont_NEU_20260604,NEU,2026-06-04,2026-08-03,,,,786.615,call,BULLISH,CONTINUATION,5.0,NEUTRAL,0.0,0,0.0,True,True,True,0.8438,0.073958,track_b_cont
trackb_cont_MSCI_20260604,MSCI,2026-06-04,2026-08-03,,,,622.0175,call,BULLISH,CONTINUATION,5.0,NEUTRAL,0.0,0,0.0,True,True,True,0.8437,0.022991,track_b_cont
trackb_cont_ASTI_20260604,ASTI,2026-06-04,2026-08-03,,,,7.9,call,BULLISH,CONTINUATION,5.0,NEUTRAL,0.0,0,0.0,True,True,True,0.8425,0.00227,track_b_cont
trackb_cont_UVV_20260604,UVV,2026-06-04,2026-08-03,,,,53.72,call,BULLISH,CONTINUATION,5.0,NEUTRAL,0.0,0,0.0,True,True,True,0.8412,-0.001129,track_b_cont
trackb_cont_SNOW_20260604,SNOW,2026-06-04,2026-08-03,,,,245.945,call,BULLISH,CONTINUATION,0.0,NEUTRAL,3358678.0,25,0.0,True,True,True,0.8397,0.071378,track_b_cont
trackb_cont_H_20260604,H,2026-06-04,2026-08-03,,,,185.66,call,BULLISH,CONTINUATION,5.0,NEUTRAL,0.0,0,0.0,True,True,True,0.8396,0.011655,track_b_cont
trackb_cont_RHP_20260604,RHP,2026-06-04,2026-08-03,,,,115.54,call,BULLISH,CONTINUATION,5.0,NEUTRAL,0.0,0,0.0,True,True,True,0.8392,0.004615,track_b_cont
trackb_cont_WRLD_20260604,WRLD,2026-06-04,2026-08-03,,,,166.0,call,BULLISH,CONTINUATION,5.0,NEUTRAL,0.0,0,0.0,True,True,True,0.8383,0.015345,track_b_cont
trackb_cont_EMN_20260604,EMN,2026-06-04,2026-08-03,,,,76.44,call,BULLISH,CONTINUATION,5.0,NEUTRAL,0.0,0,0.0,True,True,True,0.8381,-0.002377,track_b_cont
trackb_cont_CRI_20260604,CRI,2026-06-04,2026-08-03,,,,39.22,call,BULLISH,CONTINUATION,5.0,NEUTRAL,0.0,0,0.0,True,True,True,0.8379,0.004728,track_b_cont
trackb_cont_STGW_20260604,STGW,2026-06-04,2026-08-03,,,,6.625,call,BULLISH,CONTINUATION,5.0,NEUTRAL,0.0,0,0.0,True,True,True,0.8363,0.000469,track_b_cont
trackb_cont_ITGR_20260604,ITGR,2026-06-04,2026-08-03,,,,90.15,call,BULLISH,CONTINUATION,5.0,NEUTRAL,0.0,0,0.0,True,True,True,0.836,0.001909,track_b_cont
trackb_cont_BROS_20260604,BROS,2026-06-04,2026-08-03,,,,55.595,call,BULLISH,CONTINUATION,0.0,NEUTRAL,114240.0,1,0.0,True,True,True,0.8354,0.001732,track_b_cont
trackb_cont_BIO_20260604,BIO,2026-06-04,2026-08-03,,,,303.69,call,BULLISH,CONTINUATION,5.0,NEUTRAL,0.0,0,0.0,True,True,True,0.8348,0.057306,track_b_cont
trackb_cont_XPO_20260604,XPO,2026-06-04,2026-08-03,,,,219.515,call,BULLISH,CONTINUATION,5.0,NEUTRAL,0.0,0,0.0,True,True,True,0.8346,0.004487,track_b_cont
trackb_cont_PGNY_20260604,PGNY,2026-06-04,2026-08-03,,,,24.835,call,BULLISH,CONTINUATION,5.0,NEUTRAL,0.0,0,0.0,True,True,True,0.8327,0.004514,track_b_cont
trackb_cont_AP_20260604,AP,2026-06-04,2026-08-03,,,,11.64,call,BULLISH,CONTINUATION,5.0,NEUTRAL,0.0,0,0.0,True,True,True,0.8324,-0.00126,track_b_cont
trackb_cont_ASPN_20260604,ASPN,2026-06-04,2026-08-03,,,,5.875,call,BULLISH,CONTINUATION,5.0,NEUTRAL,0.0,0,0.0,True,True,True,0.8322,0.001165,track_b_cont
trackb_cont_EVR_20260604,EVR,2026-06-04,2026-08-03,,,,340.69,call,BULLISH,CONTINUATION,5.0,NEUTRAL,0.0,0,0.0,True,True,True,0.832,0.002838,track_b_cont
trackb_cont_VISN_20260604,VISN,2026-06-04,2026-08-03,,,,12.2,call,BULLISH,CONTINUATION,5.0,NEUTRAL,0.0,0,0.0,True,True,True,0.8319,0.000107,track_b_cont
trackb_cont_EIG_20260604,EIG,2026-06-04,2026-08-03,,,,43.415,call,BULLISH,CONTINUATION,5.0,NEUTRAL,0.0,0,0.0,True,True,True,0.831,0.001898,track_b_cont
trackb_cont_CBZ_20260604,CBZ,2026-06-04,2026-08-03,,,,31.72,call,BULLISH,CONTINUATION,5.0,NEUTRAL,0.0,0,0.0,True,True,True,0.831,0.002191,track_b_cont
trackb_cont_XIFR_20260604,XIFR,2026-06-04,2026-08-03,,,,12.6,call,BULLISH,CONTINUATION,5.0,NEUTRAL,0.0,0,0.0,True,True,True,0.8304,0.000417,track_b_cont
trackb_cont_RFIL_20260604,RFIL,2026-06-04,2026-08-03,,,,18.555,call,BULLISH,CONTINUATION,5.0,NEUTRAL,0.0,0,0.0,True,True,True,0.8293,0.002294,track_b_cont
trackb_cont_SAIA_20260604,SAIA,2026-06-04,2026-08-03,,,,461.91,call,BULLISH,CONTINUATION,5.0,NEUTRAL,0.0,0,0.0,True,True,True,0.8278,0.023303,track_b_cont
trackb_cont_BEPC_20260604,BEPC,2026-06-04,2026-08-03,,,,40.3199,call,BULLISH,CONTINUATION,5.0,NEUTRAL,0.0,0,0.0,True,True,True,0.8274,0.00142,track_b_cont
trackb_cont_UNFI_20260604,UNFI,2026-06-04,2026-08-03,,,,51.88,call,BULLISH,CONTINUATION,5.0,NEUTRAL,0.0,0,0.0,True,True,True,0.8263,-0.001826,track_b_cont
trackb_cont_EVC_20260604,EVC,2026-06-04,2026-08-03,,,,8.57,call,BULLISH,CONTINUATION,5.0,NEUTRAL,0.0,0,0.0,True,True,True,0.8244,0.002303,track_b_cont
trackb_cont_CTAS_20260604,CTAS,2026-06-04,2026-08-03,,,,173.55,call,BULLISH,CONTINUATION,5.0,NEUTRAL,0.0,0,0.0,True,True,True,0.8239,0.0029,track_b_cont
trackb_cont_DEVS_20260604,DEVS,2026-06-04,2026-08-03,,,,0.7962,call,BULLISH,CONTINUATION,5.0,NEUTRAL,0.0,0,0.0,True,True,True,0.8235,6.3e-05,track_b_cont
trackb_cont_WMK_20260604,WMK,2026-06-04,2026-08-03,,,,75.4,call,BULLISH,CONTINUATION,5.0,NEUTRAL,0.0,0,0.0,True,True,True,0.8234,0.002317,track_b_cont
trackb_cont_ARR_20260604,ARR,2026-06-04,2026-08-03,,,,17.08,call,BULLISH,CONTINUATION,5.0,NEUTRAL,0.0,0,0.0,True,True,True,0.8233,-0.000886,track_b_cont
trackb_cont_WY_20260604,WY,2026-06-04,2026-08-03,,,,24.53,call,BULLISH,CONTINUATION,5.0,NEUTRAL,0.0,0,0.0,True,True,True,0.822,-3.7e-05,track_b_cont
trackb_cont_HZO_20260604,HZO,2026-06-04,2026-08-03,,,,34.56,call,BULLISH,CONTINUATION,5.0,NEUTRAL,0.0,0,0.0,True,True,True,0.821,0.001959,track_b_cont
trackb_cont_HGV_20260604,HGV,2026-06-04,2026-08-03,,,,50.64,call,BULLISH,CONTINUATION,5.0,NEUTRAL,0.0,0,0.0,True,True,True,0.8199,0.003939,track_b_cont
trackb_cont_FVR_20260604,FVR,2026-06-04,2026-08-03,,,,17.97,call,BULLISH,CONTINUATION,5.0,NEUTRAL,0.0,0,0.0,True,True,True,0.8189,-0.000498,track_b_cont
trackb_cont_ULCC_20260604,ULCC,2026-06-04,2026-08-03,,,,5.7,call,BULLISH,CONTINUATION,5.0,NEUTRAL,0.0,0,0.0,True,True,True,0.8184,0.000591,track_b_cont
trackb_cont_HLT_20260604,HLT,2026-06-04,2026-08-03,,,,333.54,call,BULLISH,CONTINUATION,5.0,NEUTRAL,0.0,0,0.0,True,True,True,0.8169,0.007752,track_b_cont
trackb_cont_ESS_20260604,ESS,2026-06-04,2026-08-03,,,,279.42,call,BULLISH,CONTINUATION,5.0,NEUTRAL,0.0,0,0.0,True,True,True,0.8162,0.003977,track_b_cont
trackb_cont_BBGI_20260604,BBGI,2026-06-04,2026-08-03,,,,19.06,call,BULLISH,CONTINUATION,5.0,NEUTRAL,0.0,0,0.0,True,True,True,0.8154,-0.002328,track_b_cont
trackb_cont_CNM_20260604,CNM,2026-06-04,2026-08-03,,,,51.28,call,BULLISH,CONTINUATION,5.0,NEUTRAL,0.0,0,0.0,True,True,True,0.815,-0.001653,track_b_cont
trackb_cont_FC_20260604,FC,2026-06-04,2026-08-03,,,,23.145,call,BULLISH,CONTINUATION,5.0,NEUTRAL,0.0,0,0.0,True,True,True,0.8147,0.001436,track_b_cont
trackb_cont_FPH_20260604,FPH,2026-06-04,2026-08-03,,,,4.97,call,BULLISH,CONTINUATION,5.0,NEUTRAL,0.0,0,0.0,True,True,True,0.8142,7e-06,track_b_cont
trackb_cont_MHK_20260604,MHK,2026-06-04,2026-08-03,,,,104.545,call,BULLISH,CONTINUATION,5.0,NEUTRAL,0.0,0,0.0,True,True,True,0.8132,0.002562,track_b_cont
trackb_cont_UNM_20260604,UNM,2026-06-04,2026-08-03,,,,83.155,call,BULLISH,CONTINUATION,5.0,NEUTRAL,0.0,0,0.0,True,True,True,0.8123,0.001656,track_b_cont
trackb_cont_NWPX_20260604,NWPX,2026-06-04,2026-08-03,,,,119.9565,call,BULLISH,CONTINUATION,5.0,NEUTRAL,0.0,0,0.0,True,True,True,0.8106,0.002352,track_b_cont
trackb_cont_BIPC_20260604,BIPC,2026-06-04,2026-08-03,,,,40.98,call,BULLISH,CONTINUATION,5.0,NEUTRAL,0.0,0,0.0,True,True,True,0.8095,0.002204,track_b_cont
trackb_cont_JRSH_20260604,JRSH,2026-06-04,2026-08-03,,,,3.41,call,BULLISH,CONTINUATION,5.0,NEUTRAL,0.0,0,0.0,True,True,True,0.8089,-8.1e-05,track_b_cont
trackb_cont_LEGH_20260604,LEGH,2026-06-04,2026-08-03,,,,23.165,call,BULLISH,CONTINUATION,5.0,NEUTRAL,0.0,0,0.0,True,True,True,0.8084,0.001439,track_b_cont
trackb_cont_ZBRA_20260604,ZBRA,2026-06-04,2026-08-03,,,,246.25,call,BULLISH,CONTINUATION,5.0,NEUTRAL,0.0,0,0.0,True,True,True,0.8078,0.011362,track_b_cont
trackb_cont_MMI_20260604,MMI,2026-06-04,2026-08-03,,,,28.89,call,BULLISH,CONTINUATION,5.0,NEUTRAL,0.0,0,0.0,True,True,True,0.8065,-0.001554,track_b_cont
trackb_cont_PII_20260604,PII,2026-06-04,2026-08-03,,,,68.3,call,BULLISH,CONTINUATION,5.0,NEUTRAL,0.0,0,0.0,True,True,True,0.8057,0.000506,track_b_cont
trackb_cont_KELYA_20260604,KELYA,2026-06-04,2026-08-03,,,,11.39,call,BULLISH,CONTINUATION,5.0,NEUTRAL,0.0,0,0.0,True,True,True,0.8053,0.001514,track_b_cont
trackb_cont_AWR_20260604,AWR,2026-06-04,2026-08-03,,,,77.21,call,BULLISH,CONTINUATION,5.0,NEUTRAL,0.0,0,0.0,True,True,True,0.8041,-0.001666,track_b_cont
trackb_cont_OPAL_20260604,OPAL,2026-06-04,2026-08-03,,,,2.255,call,BULLISH,CONTINUATION,5.0,NEUTRAL,0.0,0,0.0,True,True,True,0.8039,-6.3e-05,track_b_cont
trackb_cont_DOC_20260604,DOC,2026-06-04,2026-08-03,,,,19.335,call,BULLISH,CONTINUATION,5.0,NEUTRAL,0.0,0,0.0,True,True,True,0.8036,0.000431,track_b_cont
trackb_cont_TLYS_20260604,TLYS,2026-06-04,2026-08-03,,,,4.47,call,BULLISH,CONTINUATION,5.0,NEUTRAL,0.0,0,0.0,True,True,True,0.8017,0.000248,track_b_cont
trackb_cont_AVTR_20260604,AVTR,2026-06-04,2026-08-03,,,,8.87,call,BULLISH,CONTINUATION,5.0,NEUTRAL,0.0,0,0.0,True,True,True,0.8006,0.000297,track_b_cont
trackb_cont_TALK_20260604,TALK,2026-06-04,2026-08-03,,,,5.22,call,BULLISH,CONTINUATION,5.0,NEUTRAL,0.0,0,0.0,True,True,True,0.8,-0.000118,track_b_cont
trackb_cont_EXP_20260604,EXP,2026-06-04,2026-08-03,,,,218.27,call,BULLISH,CONTINUATION,5.0,NEUTRAL,0.0,0,0.0,True,True,True,0.7988,0.000236,track_b_cont
trackb_cont_OLOX_20260604,OLOX,2026-06-04,2026-08-03,,,,9.49,call,BULLISH,CONTINUATION,5.0,NEUTRAL,0.0,0,0.0,True,True,True,0.7986,0.00153,track_b_cont
trackb_cont_PFGC_20260604,PFGC,2026-06-04,2026-08-03,,,,96.82,call,BULLISH,CONTINUATION,5.0,NEUTRAL,0.0,0,0.0,True,True,True,0.7984,0.001185,track_b_cont
trackb_cont_MAN_20260604,MAN,2026-06-04,2026-08-03,,,,30.46,call,BULLISH,CONTINUATION,5.0,NEUTRAL,0.0,0,0.0,True,True,True,0.7983,0.00123,track_b_cont
trackb_cont_MTH_20260604,MTH,2026-06-04,2026-08-03,,,,67.28,call,BULLISH,CONTINUATION,5.0,NEUTRAL,0.0,0,0.0,True,True,True,0.7979,0.001151,track_b_cont
trackb_cont_IVT_20260604,IVT,2026-06-04,2026-08-03,,,,32.745,call,BULLISH,CONTINUATION,5.0,NEUTRAL,0.0,0,0.0,True,True,True,0.7972,0.000969,track_b_cont
trackb_cont_ZD_20260604,ZD,2026-06-04,2026-08-03,,,,44.675,call,BULLISH,CONTINUATION,5.0,NEUTRAL,0.0,0,0.0,True,True,True,0.7967,0.001272,track_b_cont
trackb_cont_AZTA_20260604,AZTA,2026-06-04,2026-08-03,,,,23.945,call,BULLISH,CONTINUATION,5.0,NEUTRAL,0.0,0,0.0,True,True,True,0.7962,0.002022,track_b_cont
trackb_cont_LINE_20260604,LINE,2026-06-04,2026-08-03,,,,41.69,call,BULLISH,CONTINUATION,5.0,NEUTRAL,0.0,0,0.0,True,True,True,0.7951,0.003542,track_b_cont
trackb_cont_PRKS_20260604,PRKS,2026-06-04,2026-08-03,,,,38.33,call,BULLISH,CONTINUATION,5.0,NEUTRAL,0.0,0,0.0,True,True,True,0.7945,0.001857,track_b_cont
trackb_cont_ARQ_20260604,ARQ,2026-06-04,2026-08-03,,,,2.655,call,BULLISH,CONTINUATION,5.0,NEUTRAL,0.0,0,0.0,True,True,True,0.7937,1.5e-05,track_b_cont
trackb_cont_OMDA_20260604,OMDA,2026-06-04,2026-08-03,,,,17.3699,call,BULLISH,CONTINUATION,5.0,NEUTRAL,0.0,0,0.0,True,True,True,0.7914,0.001371,track_b_cont
trackb_cont_RPM_20260604,RPM,2026-06-04,2026-08-03,,,,104.39,call,BULLISH,CONTINUATION,5.0,NEUTRAL,0.0,0,0.0,True,True,True,0.7913,0.001748,track_b_cont
trackb_cont_RGP_20260604,RGP,2026-06-04,2026-08-03,,,,4.465,call,BULLISH,CONTINUATION,5.0,NEUTRAL,0.0,0,0.0,True,True,True,0.7898,8.5e-05,track_b_cont
trackb_cont_MYE_20260604,MYE,2026-06-04,2026-08-03,,,,23.55,call,BULLISH,CONTINUATION,5.0,NEUTRAL,0.0,0,0.0,True,True,True,0.7885,0.000272,track_b_cont
trackb_cont_AHRT_20260604,AHRT,2026-06-04,2026-08-03,,,,6.6001,call,BULLISH,CONTINUATION,5.0,NEUTRAL,0.0,0,0.0,True,True,True,0.7885,0.00037,track_b_cont
trackb_cont_CURB_20260604,CURB,2026-06-04,2026-08-03,,,,28.94,call,BULLISH,CONTINUATION,5.0,NEUTRAL,0.0,0,0.0,True,True,True,0.7873,0.000654,track_b_cont
trackb_cont_XOS_20260604,XOS,2026-06-04,2026-08-03,,,,6.2186,call,BULLISH,CONTINUATION,5.0,NEUTRAL,0.0,0,0.0,True,True,True,0.7862,0.000292,track_b_cont
trackb_cont_MGNI_20260604,MGNI,2026-06-04,2026-08-03,,,,14.09,call,BULLISH,CONTINUATION,5.0,NEUTRAL,0.0,0,0.0,True,True,True,0.7862,0.000233,track_b_cont
trackb_cont_HSIC_20260604,HSIC,2026-06-04,2026-08-03,,,,75.985,call,BULLISH,CONTINUATION,5.0,NEUTRAL,0.0,0,0.0,True,True,True,0.7859,0.002874,track_b_cont
trackb_cont_VGZ_20260604,VGZ,2026-06-04,2026-08-03,,,,2.315,call,BULLISH,CONTINUATION,5.0,NEUTRAL,0.0,0,0.0,True,True,True,0.7857,-1.9e-05,track_b_cont
trackb_cont_EPSM_20260604,EPSM,2026-06-04,2026-08-03,,,,1.6,call,BULLISH,CONTINUATION,5.0,NEUTRAL,0.0,0,0.0,True,True,True,0.7838,-7.2e-05,track_b_cont
trackb_cont_FLYX_20260604,FLYX,2026-06-04,2026-08-03,,,,2.54,call,BULLISH,CONTINUATION,5.0,NEUTRAL,0.0,0,0.0,True,True,True,0.7829,0.000257,track_b_cont
trackb_cont_WAT_20260604,WAT,2026-06-04,2026-08-03,,,,376.62,call,BULLISH,CONTINUATION,5.0,NEUTRAL,0.0,0,0.0,True,True,True,0.7826,0.010046,track_b_cont
trackb_cont_FDS_20260604,FDS,2026-06-04,2026-08-03,,,,253.33,call,BULLISH,CONTINUATION,0.0,NEUTRAL,122150.0,2,0.0,True,True,True,0.78,0.024946,track_b_cont
trackb_cont_EVGO_20260604,EVGO,2026-06-04,2026-08-03,,,,2.26,call,BULLISH,CONTINUATION,5.0,NEUTRAL,0.0,0,0.0,True,True,True,0.7792,5.7e-05,track_b_cont
trackb_cont_VICR_20260604,VICR,2026-06-04,2026-08-03,,,,327.25,call,BULLISH,CONTINUATION,5.0,NEUTRAL,0.0,0,0.0,True,True,True,0.7789,0.028219,track_b_cont
trackb_cont_AIV_20260604,AIV,2026-06-04,2026-08-03,,,,4.275,call,BULLISH,CONTINUATION,5.0,NEUTRAL,0.0,0,0.0,True,True,True,0.7778,-0.000136,track_b_cont
trackb_cont_RMR_20260604,RMR,2026-06-04,2026-08-03,,,,19.81,call,BULLISH,CONTINUATION,5.0,NEUTRAL,0.0,0,0.0,True,True,True,0.7731,0.000323,track_b_cont
trackb_cont_PKG_20260604,PKG,2026-06-04,2026-08-03,,,,225.17,call,BULLISH,CONTINUATION,5.0,NEUTRAL,0.0,0,0.0,True,True,True,0.7728,-0.011292,track_b_cont
trackb_cont_HUN_20260604,HUN,2026-06-04,2026-08-03,,,,14.84,call,BULLISH,CONTINUATION,5.0,NEUTRAL,0.0,0,0.0,True,True,True,0.7725,-0.000246,track_b_cont
trackb_cont_TOL_20260604,TOL,2026-06-04,2026-08-03,,,,136.88,call,BULLISH,CONTINUATION,5.0,NEUTRAL,0.0,0,0.0,True,True,True,0.7708,-0.001933,track_b_cont
trackb_cont_EXPD_20260604,EXPD,2026-06-04,2026-08-03,,,,159.46,call,BULLISH,CONTINUATION,5.0,NEUTRAL,0.0,0,0.0,True,True,True,0.77,0.004497,track_b_cont
trackb_cont_D_20260604,D,2026-06-04,2026-08-03,,,,66.59,call,BULLISH,CONTINUATION,5.0,NEUTRAL,0.0,0,0.0,True,True,True,0.7687,0.004984,track_b_cont
trackb_cont_XMAX_20260604,XMAX,2026-06-04,2026-08-03,,,,8.58,call,BULLISH,CONTINUATION,5.0,NEUTRAL,0.0,0,0.0,True,True,True,0.7642,-4.4e-05,track_b_cont
trackb_cont_PHR_20260604,PHR,2026-06-04,2026-08-03,,,,9.66,call,BULLISH,CONTINUATION,5.0,NEUTRAL,0.0,0,0.0,True,True,True,0.7638,-0.000338,track_b_cont
trackb_cont_SLG_20260604,SLG,2026-06-04,2026-08-03,,,,44.23,call,BULLISH,CONTINUATION,5.0,NEUTRAL,0.0,0,0.0,True,True,True,0.7629,-0.001245,track_b_cont
trackb_cont_SILA_20260604,SILA,2026-06-04,2026-08-03,,,,30.245,call,BULLISH,CONTINUATION,5.0,NEUTRAL,0.0,0,0.0,True,True,True,0.7572,-0.000654,track_b_cont
trackb_cont_INSE_20260604,INSE,2026-06-04,2026-08-03,,,,7.55,call,BULLISH,CONTINUATION,5.0,NEUTRAL,0.0,0,0.0,True,True,True,0.7569,-0.000135,track_b_cont
trackb_cont_COLD_20260604,COLD,2026-06-04,2026-08-03,,,,14.755,call,BULLISH,CONTINUATION,5.0,NEUTRAL,0.0,0,0.0,True,True,True,0.7547,0.001004,track_b_cont
trackb_cont_MMM_20260604,MMM,2026-06-04,2026-08-03,,,,153.03,call,BULLISH,CONTINUATION,0.0,NEUTRAL,170973.0,2,0.0,True,True,True,0.7539,0.007561,track_b_cont
trackb_cont_IT_20260604,IT,2026-06-04,2026-08-03,,,,165.11,call,BULLISH,CONTINUATION,5.0,NEUTRAL,0.0,0,0.0,True,True,True,0.7536,0.01185,track_b_cont
trackb_cont_TKO_20260604,TKO,2026-06-04,2026-08-03,,,,198.835,call,BULLISH,CONTINUATION,5.0,NEUTRAL,0.0,0,0.0,True,True,True,0.753,0.007561,track_b_cont
trackb_cont_CIA_20260604,CIA,2026-06-04,2026-08-03,,,,5.19,call,BULLISH,CONTINUATION,5.0,NEUTRAL,0.0,0,0.0,True,True,True,0.7525,-0.000437,track_b_cont
trackb_cont_UHAL-B_20260604,UHAL-B,2026-06-04,2026-08-03,,,,49.52,call,BULLISH,CONTINUATION,5.0,NEUTRAL,0.0,0,0.0,True,True,True,0.7509,0.000632,track_b_cont
trackb_cont_KRC_20260604,KRC,2026-06-04,2026-08-03,,,,34.52,call,BULLISH,CONTINUATION,5.0,NEUTRAL,0.0,0,0.0,True,True,True,0.7508,-0.00099,track_b_cont
trackb_cont_PHIN_20260604,PHIN,2026-06-04,2026-08-03,,,,80.07,call,BULLISH,CONTINUATION,5.0,NEUTRAL,0.0,0,0.0,True,True,True,0.7504,-0.004878,track_b_cont
trackb_cont_NGVC_20260604,NGVC,2026-06-04,2026-08-03,,,,28.625,call,BULLISH,CONTINUATION,5.0,NEUTRAL,0.0,0,0.0,True,True,True,0.7501,0.001258,track_b_cont
trackb_cont_CCO_20260604,CCO,2026-06-04,2026-08-03,,,,2.405,call,BULLISH,CONTINUATION,5.0,NEUTRAL,0.0,0,0.0,True,True,True,0.75,-4.4e-05,track_b_cont
trackb_cont_ALGT_20260604,ALGT,2026-06-04,2026-08-03,,,,84.76,call,BULLISH,CONTINUATION,5.0,NEUTRAL,0.0,0,0.0,True,True,True,0.75,0.00669,track_b_cont
trackb_cont_BTSG_20260604,BTSG,2026-06-04,2026-08-03,,,,60.5,call,BULLISH,CONTINUATION,5.0,NEUTRAL,0.0,0,0.0,True,True,True,0.7498,0.004689,track_b_cont
trackb_cont_PRSU_20260604,PRSU,2026-06-04,2026-08-03,,,,43.51,call,BULLISH,CONTINUATION,5.0,NEUTRAL,0.0,0,0.0,True,True,True,0.7495,0.00265,track_b_cont
trackb_cont_BURL_20260604,BURL,2026-06-04,2026-08-03,,,,328.95,call,BULLISH,CONTINUATION,0.0,NEUTRAL,283577.0,9,0.0,True,True,True,0.7493,0.011519,track_b_cont
trackb_cont_PSMT_20260604,PSMT,2026-06-04,2026-08-03,,,,171.1,call,BULLISH,CONTINUATION,5.0,NEUTRAL,0.0,0,0.0,True,True,True,0.7484,0.009427,track_b_cont
trackb_cont_BTOC_20260604,BTOC,2026-06-04,2026-08-03,,,,0.3429,call,BULLISH,CONTINUATION,5.0,NEUTRAL,0.0,0,0.0,True,True,True,0.7459,1.9e-05,track_b_cont
trackb_cont_NBIX_20260604,NBIX,2026-06-04,2026-08-03,,,,163.52,call,BULLISH,CONTINUATION,5.0,NEUTRAL,0.0,0,0.0,True,True,True,0.7452,0.004275,track_b_cont
trackb_cont_FUL_20260604,FUL,2026-06-04,2026-08-03,,,,62.505,call,BULLISH,CONTINUATION,5.0,NEUTRAL,0.0,0,0.0,True,True,True,0.7442,-0.000745,track_b_cont
trackb_cont_HNGE_20260604,HNGE,2026-06-04,2026-08-03,,,,58.3,call,BULLISH,CONTINUATION,5.0,NEUTRAL,0.0,0,0.0,True,True,True,0.7431,0.001336,track_b_cont
trackb_cont_RVTY_20260604,RVTY,2026-06-04,2026-08-03,,,,101.38,call,BULLISH,CONTINUATION,5.0,NEUTRAL,0.0,0,0.0,True,True,True,0.7417,0.000461,track_b_cont
trackb_cont_BG_20260604,BG,2026-06-04,2026-08-03,,,,133.98,call,BULLISH,CONTINUATION,5.0,NEUTRAL,0.0,0,0.0,True,True,True,0.7411,-0.006027,track_b_cont
trackb_cont_ZONE_20260604,ZONE,2026-06-04,2026-08-03,,,,0.7607,call,BULLISH,CONTINUATION,5.0,NEUTRAL,0.0,0,0.0,True,True,True,0.7411,0.000401,track_b_cont
trackb_cont_XRN_20260604,XRN,2026-06-04,2026-08-03,,,,35.61,call,BULLISH,CONTINUATION,5.0,NEUTRAL,0.0,0,0.0,True,True,True,0.741,0.002094,track_b_cont
trackb_cont_CBRL_20260604,CBRL,2026-06-04,2026-08-03,,,,33.32,call,BULLISH,CONTINUATION,5.0,NEUTRAL,0.0,0,0.0,True,True,True,0.7406,0.002697,track_b_cont
trackb_cont_BAH_20260604,BAH,2026-06-04,2026-08-03,,,,78.26,call,BULLISH,CONTINUATION,5.0,NEUTRAL,0.0,0,0.0,True,True,True,0.7403,0.003714,track_b_cont
trackb_cont_BYD_20260604,BYD,2026-06-04,2026-08-03,,,,85.71,call,BULLISH,CONTINUATION,5.0,NEUTRAL,0.0,0,0.0,True,True,True,0.736,-0.003528,track_b_cont
trackb_cont_ONL_20260604,ONL,2026-06-04,2026-08-03,,,,2.915,call,BULLISH,CONTINUATION,5.0,NEUTRAL,0.0,0,0.0,True,True,True,0.7353,2.8e-05,track_b_cont
trackb_cont_UNF_20260604,UNF,2026-06-04,2026-08-03,,,,264.575,call,BULLISH,CONTINUATION,5.0,NEUTRAL,0.0,0,0.0,True,True,True,0.7349,0.00678,track_b_cont
trackb_cont_UHAL_20260604,UHAL,2026-06-04,2026-08-03,,,,55.4004,call,BULLISH,CONTINUATION,5.0,NEUTRAL,0.0,0,0.0,True,True,True,0.7349,0.002092,track_b_cont
trackb_cont_ACVA_20260604,ACVA,2026-06-04,2026-08-03,,,,5.935,call,BULLISH,CONTINUATION,5.0,NEUTRAL,0.0,0,0.0,True,True,True,0.7333,0.000303,track_b_cont
trackb_cont_TBLA_20260604,TBLA,2026-06-04,2026-08-03,,,,4.625,call,BULLISH,CONTINUATION,5.0,NEUTRAL,0.0,0,0.0,True,True,True,0.7324,2.7e-05,track_b_cont
trackb_cont_ARI_20260604,ARI,2026-06-04,2026-08-03,,,,10.93,call,BULLISH,CONTINUATION,5.0,NEUTRAL,0.0,0,0.0,True,True,True,0.7317,-0.000262,track_b_cont
trackb_cont_BCHT_20260604,BCHT,2026-06-04,2026-08-03,,,,2.0322,call,BULLISH,CONTINUATION,5.0,NEUTRAL,0.0,0,0.0,True,True,True,0.7317,0.000118,track_b_cont
trackb_cont_TDG_20260604,TDG,2026-06-04,2026-08-03,,,,1228.765,call,BULLISH,CONTINUATION,5.0,NEUTRAL,0.0,0,0.0,True,True,True,0.7315,0.012359,track_b_cont
trackb_cont_DVA_20260604,DVA,2026-06-04,2026-08-03,,,,192.41,call,BULLISH,CONTINUATION,5.0,NEUTRAL,0.0,0,0.0,True,True,True,0.7294,0.003196,track_b_cont
trackb_cont_GTLS_20260604,GTLS,2026-06-04,2026-08-03,,,,207.68,call,BULLISH,CONTINUATION,5.0,NEUTRAL,0.0,0,0.0,True,True,True,0.7293,-0.004896,track_b_cont
trackb_cont_NIXX_20260604,NIXX,2026-06-04,2026-08-03,,,,0.7163,call,BULLISH,CONTINUATION,5.0,NEUTRAL,0.0,0,0.0,True,True,True,0.7284,1.6e-05,track_b_cont
trackb_cont_CDZI_20260604,CDZI,2026-06-04,2026-08-03,,,,4.625,call,BULLISH,CONTINUATION,5.0,NEUTRAL,0.0,0,0.0,True,True,True,0.7258,-0.000288,track_b_cont
trackb_cont_FRT_20260604,FRT,2026-06-04,2026-08-03,,,,119.43,call,BULLISH,CONTINUATION,5.0,NEUTRAL,0.0,0,0.0,True,True,True,0.7252,0.002255,track_b_cont
trackb_cont_SAIC_20260604,SAIC,2026-06-04,2026-08-03,,,,112.53,call,BULLISH,CONTINUATION,5.0,NEUTRAL,0.0,0,0.0,True,True,True,0.7231,0.009482,track_b_cont
trackb_cont_DFH_20260604,DFH,2026-06-04,2026-08-03,,,,14.33,call,BULLISH,CONTINUATION,5.0,NEUTRAL,0.0,0,0.0,True,True,True,0.7215,0.00069,track_b_cont
trackb_cont_MASI_20260604,MASI,2026-06-04,2026-08-03,,,,178.695,call,BULLISH,CONTINUATION,5.0,NEUTRAL,0.0,0,0.0,True,True,True,0.72,-0.004279,track_b_cont
trackb_cont_PXED_20260604,PXED,2026-06-04,2026-08-03,,,,30.1,call,BULLISH,CONTINUATION,5.0,NEUTRAL,0.0,0,0.0,True,True,True,0.7179,-0.000685,track_b_cont
trackb_cont_SPHR_20260604,SPHR,2026-06-04,2026-08-03,,,,139.58,call,BULLISH,CONTINUATION,5.0,NEUTRAL,0.0,0,0.0,True,True,True,0.7168,-0.003002,track_b_cont
trackb_cont_LPX_20260604,LPX,2026-06-04,2026-08-03,,,,73.995,call,BULLISH,CONTINUATION,5.0,NEUTRAL,0.0,0,0.0,True,True,True,0.7163,-0.000605,track_b_cont
trackb_cont_OXM_20260604,OXM,2026-06-04,2026-08-03,,,,45.01,call,BULLISH,CONTINUATION,5.0,NEUTRAL,0.0,0,0.0,True,True,True,0.7155,-0.000447,track_b_cont
trackb_cont_WKC_20260604,WKC,2026-06-04,2026-08-03,,,,29.19,call,BULLISH,CONTINUATION,5.0,NEUTRAL,0.0,0,0.0,True,True,True,0.7143,0.001334,track_b_cont
trackb_cont_DEA_20260604,DEA,2026-06-04,2026-08-03,,,,23.68,call,BULLISH,CONTINUATION,5.0,NEUTRAL,0.0,0,0.0,True,True,True,0.7062,0.000617,track_b_cont
trackb_cont_RPRX_20260604,RPRX,2026-06-04,2026-08-03,,,,55.19,call,BULLISH,CONTINUATION,5.0,NEUTRAL,0.0,0,0.0,True,True,True,0.7061,0.00237,track_b_cont
trackb_cont_ESRT_20260604,ESRT,2026-06-04,2026-08-03,,,,5.435,call,BULLISH,CONTINUATION,5.0,NEUTRAL,0.0,0,0.0,True,True,True,0.7018,2.6e-05,track_b_cont
trackb_cont_UFPT_20260604,UFPT,2026-06-04,2026-08-03,,,,214.535,call,BULLISH,CONTINUATION,5.0,NEUTRAL,0.0,0,0.0,True,True,True,0.7005,0.002975,track_b_cont
trackb_rev_LMND_20260604,LMND,2026-06-04,2026-08-03,,,,52.53,call,BULLISH,SHALLOW,10.0,BULLISH,868429.0,5,59.387,False,True,False,0.7634,0.002427,track_b_rev
trackb_rev_CLX_20260604,CLX,2026-06-04,2026-08-03,,,,88.86,call,BULLISH,SHALLOW,9.28,BULLISH,916943.5,10,55.331,False,True,False,0.3557,0.002649,track_b_rev
trackb_rev_JNJ_20260604,JNJ,2026-06-04,2026-08-03,,,,224.53,call,BULLISH,SHALLOW,10.0,BULLISH,160159.0,1,52.045,False,True,False,0.2513,0.000309,track_b_rev
trackb_rev_OLLI_20260604,OLLI,2026-06-04,2026-08-03,,,,79.87,call,BULLISH,SHALLOW,8.41,BULLISH,684975.0,16,49.078,False,False,False,0.5105,9.2e-05,track_b_rev
trackb_rev_NCLH_20260604,NCLH,2026-06-04,2026-08-03,,,,18.335,call,BULLISH,SHALLOW,6.92,LEAN BULLISH,576744.0,19,39.866,False,True,False,0.8759,0.000266,track_b_rev
trackb_rev_DHR_20260604,DHR,2026-06-04,2026-08-03,,,,176.76,call,BULLISH,SHALLOW,6.32,LEAN BULLISH,140151.0,2,32.526,False,True,False,0.6487,0.002608,track_b_rev
trackb_rev_MOS_20260604,MOS,2026-06-04,2026-08-03,,,,23.7,call,BULLISH,SHALLOW,5.0,NEUTRAL,2251288.0,10,31.762,False,True,False,0.6859,-3.3e-05,track_b_rev
trackb_rev_NKE_20260604,NKE,2026-06-04,2026-08-03,,,,43.4193,call,BULLISH,SHALLOW,4.8,NEUTRAL,1831579.0,21,30.062,False,True,False,0.4399,0.001675,track_b_rev
trackb_rev_BMY_20260604,BMY,2026-06-04,2026-08-03,,,,54.755,call,BULLISH,SHALLOW,5.0,NEUTRAL,718490.0,7,29.282,False,False,False,0.043,-0.0002,track_b_rev
trackb_rev_VG_20260604,VG,2026-06-04,2026-08-03,,,,12.905,call,BULLISH,SHALLOW,5.0,NEUTRAL,688996.0,9,29.191,False,False,False,0.3193,0.00022,track_b_rev
trackb_rev_CAH_20260604,CAH,2026-06-04,2026-08-03,,,,196.89,call,BULLISH,SHALLOW,5.0,NEUTRAL,513300.0,4,28.552,False,False,False,0.6133,0.007426,track_b_rev
trackb_rev_BKNG_20260604,BKNG,2026-06-04,2026-08-03,,,,165.92,call,BULLISH,SHALLOW,4.91,NEUTRAL,620804.0,8,28.443,False,True,False,0.6726,-0.002055,track_b_rev
trackb_rev_CAR_20260604,CAR,2026-06-04,2026-08-03,,,,174.175,call,BULLISH,SHALLOW,5.0,NEUTRAL,409214.0,10,28.06,False,True,False,0.7815,0.010623,track_b_rev
trackb_rev_TGT_20260604,TGT,2026-06-04,2026-08-03,,,,124.99,call,BULLISH,SHALLOW,5.0,NEUTRAL,356477.0,5,27.76,False,False,False,0.4519,-0.000318,track_b_rev
trackb_rev_LMT_20260604,LMT,2026-06-04,2026-08-03,,,,523.65,call,BULLISH,SHALLOW,5.0,NEUTRAL,326130.0,2,27.567,False,False,False,0.403,0.003268,track_b_rev
trackb_rev_ABT_20260604,ABT,2026-06-04,2026-08-03,,,,87.26,call,BULLISH,SHALLOW,5.0,NEUTRAL,167005.0,2,26.114,False,False,False,0.6784,0.000323,track_b_rev
trackb_rev_SYK_20260604,SYK,2026-06-04,2026-08-03,,,,293.165,call,BULLISH,SHALLOW,5.0,NEUTRAL,134400.0,1,25.642,False,True,False,0.2938,0.011785,track_b_rev
trackb_rev_ORBS_20260604,ORBS,2026-06-04,2026-08-03,,,,0.948,call,BULLISH,SHALLOW,5.0,NEUTRAL,114170.0,6,25.288,False,True,False,0.3608,7.4e-05,track_b_rev
trackb_rev_GEHC_20260604,GEHC,2026-06-04,2026-08-03,,,,61.585,call,BULLISH,SHALLOW,5.0,NEUTRAL,105615.0,3,25.119,False,True,False,0.337,0.000348,track_b_rev
trackb_rev_RBLX_20260604,RBLX,2026-06-04,2026-08-03,,,,43.115,call,BULLISH,SHALLOW,3.81,NEUTRAL,2039234.0,21,24.039,False,False,False,0.5788,0.00269,track_b_rev
trackb_rev_AEO_20260604,AEO,2026-06-04,2026-08-03,,,,15.9561,call,BULLISH,SHALLOW,5.0,NEUTRAL,56375.0,1,23.756,False,False,False,0.3827,0.000208,track_b_rev
trackb_rev_VITL_20260604,VITL,2026-06-04,2026-08-03,,,,9.76,call,BULLISH,SHALLOW,5.0,NEUTRAL,55965.0,2,23.74,False,False,False,0.3376,-0.000365,track_b_rev
trackb_rev_THO_20260604,THO,2026-06-04,2026-08-03,,,,77.375,call,BULLISH,SHALLOW,5.0,NEUTRAL,35750.0,1,22.766,False,True,False,0.6254,7.8e-05,track_b_rev
trackb_rev_WGS_20260604,WGS,2026-06-04,2026-08-03,,,,52.33,call,BULLISH,SHALLOW,5.0,NEUTRAL,17160.0,1,21.173,False,False,False,0.9986,0.008192,track_b_rev
trackb_rev_DGX_20260604,DGX,2026-06-04,2026-08-03,,,,193.818,call,BULLISH,SHALLOW,5.0,NEUTRAL,12720.0,1,20.523,False,True,False,0.6215,0.000626,track_b_rev
trackb_rev_KTOS_20260604,KTOS,2026-06-04,2026-08-03,,,,58.995,call,BULLISH,SHALLOW,3.31,NEUTRAL,410145.0,11,18.579,False,True,False,0.7653,0.000965,track_b_rev
trackb_rev_FISV_20260604,FISV,2026-06-04,2026-08-03,,,,53.05,call,BULLISH,SHALLOW,2.64,NEUTRAL,916425.0,12,15.74,False,False,False,0.5821,-0.000735,track_b_rev
trackb_rev_CTSH_20260604,CTSH,2026-06-04,2026-08-03,,,,53.15,call,BULLISH,SHALLOW,2.27,NEUTRAL,151553.0,6,11.76,False,True,False,0.799,0.004392,track_b_rev
trackb_rev_WING_20260604,WING,2026-06-04,2026-08-03,,,,143.21,call,BULLISH,SHALLOW,0.0,NEUTRAL,282860.0,2,0.0,False,True,False,0.7543,0.012355,track_b_rev
trackb_rev_MEDP_20260604,MEDP,2026-06-04,2026-08-03,,,,439.12,call,BULLISH,SHALLOW,5.0,NEUTRAL,0.0,0,0.0,False,True,False,0.7335,0.006591,track_b_rev
trackb_rev_MRK_20260604,MRK,2026-06-04,2026-08-03,,,,116.01,call,BULLISH,SHALLOW,5.0,NEUTRAL,0.0,0,0.0,False,True,False,0.3864,0.003699,track_b_rev
trackb_rev_BMI_20260604,BMI,2026-06-04,2026-08-03,,,,128.38,call,BULLISH,SHALLOW,5.0,NEUTRAL,0.0,0,0.0,False,True,False,0.7619,0.003589,track_b_rev
trackb_rev_CACI_20260604,CACI,2026-06-04,2026-08-03,,,,531.1965,call,BULLISH,SHALLOW,5.0,NEUTRAL,0.0,0,0.0,False,True,False,0.7448,0.003193,track_b_rev
trackb_rev_RLI_20260604,RLI,2026-06-04,2026-08-03,,,,50.73,call,BULLISH,SHALLOW,5.0,NEUTRAL,0.0,0,0.0,False,True,False,0.8602,0.002699,track_b_rev
trackb_rev_TJX_20260604,TJX,2026-06-04,2026-08-03,,,,157.05,call,BULLISH,SHALLOW,5.0,NEUTRAL,0.0,0,0.0,False,False,False,0.5272,0.002457,track_b_rev
trackb_rev_CCOI_20260604,CCOI,2026-06-04,2026-08-03,,,,16.48,call,BULLISH,SHALLOW,5.0,NEUTRAL,0.0,0,0.0,False,True,False,0.3053,0.002447,track_b_rev
trackb_rev_RYAN_20260604,RYAN,2026-06-04,2026-08-03,,,,31.47,call,BULLISH,SHALLOW,5.0,NEUTRAL,0.0,0,0.0,False,True,False,0.5969,0.001747,track_b_rev
trackb_rev_SYY_20260604,SYY,2026-06-04,2026-08-03,,,,75.11,call,BULLISH,SHALLOW,5.0,NEUTRAL,0.0,0,0.0,False,True,False,0.4565,0.001562,track_b_rev
trackb_rev_EPAM_20260604,EPAM,2026-06-04,2026-08-03,,,,97.245,call,BULLISH,SHALLOW,5.0,NEUTRAL,0.0,0,0.0,False,False,False,0.6312,0.001544,track_b_rev
trackb_rev_UGI_20260604,UGI,2026-06-04,2026-08-03,,,,34.97,call,BULLISH,SHALLOW,5.0,NEUTRAL,0.0,0,0.0,False,False,False,0.5727,0.000903,track_b_rev
trackb_rev_AJG_20260604,AJG,2026-06-04,2026-08-03,,,,201.445,call,BULLISH,SHALLOW,5.0,NEUTRAL,0.0,0,0.0,False,False,False,0.7707,0.000883,track_b_rev
trackb_rev_SFM_20260604,SFM,2026-06-04,2026-08-03,,,,78.02,call,BULLISH,SHALLOW,0.0,NEUTRAL,163999.0,1,0.0,False,False,False,0.0421,0.000779,track_b_rev
trackb_rev_MMSI_20260604,MMSI,2026-06-04,2026-08-03,,,,60.63,call,BULLISH,SHALLOW,5.0,NEUTRAL,0.0,0,0.0,False,False,False,0.2186,0.00072,track_b_rev
trackb_rev_OPCH_20260604,OPCH,2026-06-04,2026-08-03,,,,20.275,call,BULLISH,SHALLOW,5.0,NEUTRAL,0.0,0,0.0,False,False,False,0.4124,0.000696,track_b_rev
trackb_rev_LHX_20260604,LHX,2026-06-04,2026-08-03,,,,307.83,call,BULLISH,SHALLOW,5.0,NEUTRAL,0.0,0,0.0,False,True,False,0.6116,0.000661,track_b_rev
trackb_rev_MH_20260604,MH,2026-06-04,2026-08-03,,,,11.535,call,BULLISH,SHALLOW,5.0,NEUTRAL,0.0,0,0.0,False,True,False,0.7066,0.000491,track_b_rev
trackb_rev_ETD_20260604,ETD,2026-06-04,2026-08-03,,,,20.47,call,BULLISH,SHALLOW,5.0,NEUTRAL,0.0,0,0.0,False,True,False,0.7273,0.000486,track_b_rev
trackb_rev_WNC_20260604,WNC,2026-06-04,2026-08-03,,,,7.795,call,BULLISH,SHALLOW,5.0,NEUTRAL,0.0,0,0.0,False,True,False,0.6339,0.000302,track_b_rev
trackb_rev_FE_20260604,FE,2026-06-04,2026-08-03,,,,46.06,call,BULLISH,SHALLOW,5.0,NEUTRAL,0.0,0,0.0,False,False,False,0.4663,0.000299,track_b_rev
trackb_rev_EDHL_20260604,EDHL,2026-06-04,2026-08-03,,,,2.63,call,BULLISH,SHALLOW,5.0,NEUTRAL,0.0,0,0.0,False,True,False,0.4932,0.000256,track_b_rev
trackb_rev_SFD_20260604,SFD,2026-06-04,2026-08-03,,,,26.21,call,BULLISH,SHALLOW,5.0,NEUTRAL,0.0,0,0.0,False,False,False,0.5932,0.000248,track_b_rev
trackb_rev_EVTV_20260604,EVTV,2026-06-04,2026-08-03,,,,1.95,call,BULLISH,SHALLOW,5.0,NEUTRAL,0.0,0,0.0,False,True,False,0.1041,0.00023,track_b_rev
trackb_rev_GWRS_20260604,GWRS,2026-06-04,2026-08-03,,,,7.07,call,BULLISH,SHALLOW,5.0,NEUTRAL,0.0,0,0.0,False,True,False,0.4649,0.000221,track_b_rev
trackb_rev_AMSF_20260604,AMSF,2026-06-04,2026-08-03,,,,30.53,call,BULLISH,SHALLOW,5.0,NEUTRAL,0.0,0,0.0,False,True,False,0.5991,0.000199,track_b_rev
trackb_rev_LOCL_20260604,LOCL,2026-06-04,2026-08-03,,,,1.5799,call,BULLISH,SHALLOW,5.0,NEUTRAL,0.0,0,0.0,False,False,False,0.3714,0.000163,track_b_rev
trackb_rev_GIPR_20260604,GIPR,2026-06-04,2026-08-03,,,,0.2083,call,BULLISH,SHALLOW,5.0,NEUTRAL,0.0,0,0.0,False,True,False,0.0932,0.000118,track_b_rev
trackb_rev_ORGN_20260604,ORGN,2026-06-04,2026-08-03,,,,1.33,call,BULLISH,SHALLOW,5.0,NEUTRAL,0.0,0,0.0,False,False,False,0.1532,8.5e-05,track_b_rev
trackb_rev_BFRG_20260604,BFRG,2026-06-04,2026-08-03,,,,0.7403,call,BULLISH,SHALLOW,5.0,NEUTRAL,0.0,0,0.0,False,True,False,0.8312,3.4e-05,track_b_rev
trackb_rev_HFFG_20260604,HFFG,2026-06-04,2026-08-03,,,,1.85,call,BULLISH,SHALLOW,5.0,NEUTRAL,0.0,0,0.0,False,True,False,0.1649,2.9e-05,track_b_rev
trackb_rev_LILAK_20260604,LILAK,2026-06-04,2026-08-03,,,,7.74,call,BULLISH,SHALLOW,5.0,NEUTRAL,0.0,0,0.0,False,True,False,0.6129,2.3e-05,track_b_rev
trackb_rev_RIME_20260604,RIME,2026-06-04,2026-08-03,,,,0.7182,call,BULLISH,SHALLOW,5.0,NEUTRAL,0.0,0,0.0,False,False,False,0.4524,-2.6e-05,track_b_rev
trackb_rev_ANF_20260604,ANF,2026-06-04,2026-08-03,,,,75.36,call,BULLISH,SHALLOW,0.0,NEUTRAL,168484.0,1,0.0,False,False,False,0.3853,-3.1e-05,track_b_rev
trackb_rev_IMKTA_20260604,IMKTA,2026-06-04,2026-08-03,,,,89.66,call,BULLISH,SHALLOW,5.0,NEUTRAL,0.0,0,0.0,False,True,False,0.7134,-5.3e-05,track_b_rev
trackb_rev_BBW_20260604,BBW,2026-06-04,2026-08-03,,,,35.57,call,BULLISH,SHALLOW,5.0,NEUTRAL,0.0,0,0.0,False,False,False,0.3016,-0.000189,track_b_rev
trackb_rev_COO_20260604,COO,2026-06-04,2026-08-03,,,,60.11,call,BULLISH,SHALLOW,0.0,NEUTRAL,142460.0,1,0.0,False,False,False,0.1354,-0.000223,track_b_rev
trackb_rev_EXC_20260604,EXC,2026-06-04,2026-08-03,,,,45.89,call,BULLISH,SHALLOW,0.0,NEUTRAL,251647.0,3,0.0,False,False,False,0.4779,-0.000248,track_b_rev
trackb_rev_IPAR_20260604,IPAR,2026-06-04,2026-08-03,,,,90.13,call,BULLISH,SHALLOW,5.0,NEUTRAL,0.0,0,0.0,False,True,False,0.533,-0.000298,track_b_rev
trackb_rev_GMED_20260604,GMED,2026-06-04,2026-08-03,,,,78.03,call,BULLISH,SHALLOW,5.0,NEUTRAL,0.0,0,0.0,False,False,False,0.2193,-0.001063,track_b_rev
trackb_rev_TECH_20260604,TECH,2026-06-04,2026-08-03,,,,49.935,call,BULLISH,SHALLOW,5.0,NEUTRAL,0.0,0,0.0,False,False,False,0.4824,-0.001075,track_b_rev
trackb_rev_IDXX_20260604,IDXX,2026-06-04,2026-08-03,,,,558.885,call,BULLISH,SHALLOW,5.0,NEUTRAL,0.0,0,0.0,False,False,False,0.4444,-0.004251,track_b_rev
trackb_rev_COR_20260604,COR,2026-06-04,2026-08-03,,,,263.115,call,BULLISH,SHALLOW,5.0,NEUTRAL,0.0,0,0.0,False,False,False,0.3359,-0.006165,track_b_rev
trackb_cont_ORCL_20260605,ORCL,2026-06-05,2026-08-04,,,,229.505,call,BULLISH,CONTINUATION,9.68,BULLISH,28567902.0,100,72.173,True,True,True,0.9206,0.014684,track_b_cont
trackb_cont_ASTS_20260605,ASTS,2026-06-05,2026-08-04,,,,108.95,call,BULLISH,CONTINUATION,9.96,BULLISH,6604746.0,100,67.926,True,True,True,0.7772,0.045941,track_b_cont
trackb_cont_DOCN_20260605,DOCN,2026-06-05,2026-08-04,,,,174.6,call,BULLISH,CONTINUATION,10.0,BULLISH,5562897.0,34,67.453,True,True,True,0.9172,0.00481,track_b_cont
trackb_cont_MRVL_20260605,MRVL,2026-06-05,2026-08-04,,,,303.73,call,BULLISH,CONTINUATION,8.87,BULLISH,33230606.0,100,66.716,True,True,True,0.9962,0.044703,track_b_cont
trackb_cont_ARRY_20260605,ARRY,2026-06-05,2026-08-04,,,,8.885,call,BULLISH,CONTINUATION,10.0,BULLISH,3770496.0,93,65.764,True,True,True,0.8457,0.000158,track_b_cont
trackb_cont_TLN_20260605,TLN,2026-06-05,2026-08-04,,,,380.47,call,BULLISH,CONTINUATION,10.0,BULLISH,3224515.0,10,65.085,True,True,True,0.7096,-0.018246,track_b_cont
trackb_cont_TER_20260605,TER,2026-06-05,2026-08-04,,,,407.64,call,BULLISH,CONTINUATION,9.66,BULLISH,5227440.0,19,64.899,True,True,True,0.8559,0.002488,track_b_cont
trackb_cont_AAPL_20260605,AAPL,2026-06-05,2026-08-04,,,,311.5,call,BULLISH,CONTINUATION,8.47,BULLISH,39328369.0,97,64.327,True,True,True,0.9936,0.01491,track_b_cont
trackb_cont_IBM_20260605,IBM,2026-06-05,2026-08-04,,,,304.0991,call,BULLISH,CONTINUATION,8.51,BULLISH,26317496.0,86,63.146,True,True,True,0.9731,0.052212,track_b_cont
trackb_cont_UPS_20260605,UPS,2026-06-05,2026-08-04,,,,110.43,call,BULLISH,CONTINUATION,10.0,BULLISH,1935794.0,5,62.869,True,True,True,0.9144,0.005417,track_b_cont
trackb_cont_STX_20260605,STX,2026-06-05,2026-08-04,,,,953.75,call,BULLISH,CONTINUATION,10.0,BULLISH,1917253.0,11,62.827,True,True,True,0.8952,0.049458,track_b_cont
trackb_cont_ADI_20260605,ADI,2026-06-05,2026-08-04,,,,431.22,call,BULLISH,CONTINUATION,10.0,BULLISH,1818213.0,15,62.596,True,True,True,0.7915,-0.020079,track_b_cont
trackb_cont_MU_20260605,MU,2026-06-05,2026-08-04,,,,1058.15,call,BULLISH,CONTINUATION,8.24,BULLISH,39119108.0,100,62.561,True,True,True,0.9736,0.197073,track_b_cont
trackb_cont_CIEN_20260605,CIEN,2026-06-05,2026-08-04,,,,627.195,call,BULLISH,CONTINUATION,9.16,BULLISH,5968061.0,42,62.067,True,True,True,0.98,0.008186,track_b_cont
trackb_cont_SMTC_20260605,SMTC,2026-06-05,2026-08-04,,,,163.27,call,BULLISH,CONTINUATION,9.67,BULLISH,2554349.0,10,61.958,True,True,True,0.9121,0.03242,track_b_cont
trackb_cont_HON_20260605,HON,2026-06-05,2026-08-04,,,,232.91,call,BULLISH,CONTINUATION,9.64,BULLISH,2604164.0,18,61.847,True,True,True,0.8553,0.014654,track_b_cont
trackb_cont_AVGO_20260605,AVGO,2026-06-05,2026-08-04,,,,485.18,call,BULLISH,CONTINUATION,8.29,BULLISH,26702245.0,100,61.566,True,True,True,0.9137,-0.001114,track_b_cont
trackb_cont_RMBS_20260605,RMBS,2026-06-05,2026-08-04,,,,169.9175,call,BULLISH,CONTINUATION,9.58,BULLISH,2476848.0,14,61.254,True,True,True,0.9831,0.020905,track_b_cont
trackb_cont_ALAB_20260605,ALAB,2026-06-05,2026-08-04,,,,354.75,call,BULLISH,CONTINUATION,9.69,BULLISH,2039906.0,13,61.14,True,True,True,0.9962,0.130999,track_b_cont
trackb_cont_AMC_20260605,AMC,2026-06-05,2026-08-04,,,,1.875,call,BULLISH,CONTINUATION,10.0,BULLISH,1197297.0,33,60.782,True,True,True,0.8469,0.000255,track_b_cont
trackb_cont_USAR_20260605,USAR,2026-06-05,2026-08-04,,,,28.285,call,BULLISH,CONTINUATION,9.55,BULLISH,2261209.0,28,60.684,True,True,True,0.9272,-0.000529,track_b_cont
trackb_cont_U_20260605,U,2026-06-05,2026-08-04,,,,29.195,call,BULLISH,CONTINUATION,9.66,BULLISH,1865927.0,16,60.577,True,True,True,0.7617,0.00049,track_b_cont
trackb_cont_PL_20260605,PL,2026-06-05,2026-08-04,,,,44.605,call,BULLISH,CONTINUATION,9.68,BULLISH,1650538.0,37,60.187,True,True,True,0.7819,0.008225,track_b_cont
trackb_cont_SOLS_20260605,SOLS,2026-06-05,2026-08-04,,,,88.65,call,BULLISH,CONTINUATION,9.8,BULLISH,1351184.0,23,60.081,True,True,True,0.7678,-0.002053,track_b_cont
trackb_cont_CLSK_20260605,CLSK,2026-06-05,2026-08-04,,,,17.69,call,BULLISH,CONTINUATION,10.0,BULLISH,993787.0,24,59.973,True,True,True,0.7651,0.004002,track_b_cont
trackb_cont_WULF_20260605,WULF,2026-06-05,2026-08-04,,,,26.11,call,BULLISH,CONTINUATION,9.55,BULLISH,1884212.0,25,59.928,True,True,True,0.8755,0.000712,track_b_cont
trackb_cont_CDW_20260605,CDW,2026-06-05,2026-08-04,,,,137.235,call,BULLISH,CONTINUATION,10.0,BULLISH,885197.0,2,59.47,True,True,True,0.9613,0.006897,track_b_cont
trackb_cont_KEEL_20260605,KEEL,2026-06-05,2026-08-04,,,,6.26,call,BULLISH,CONTINUATION,9.8,BULLISH,1160356.0,19,59.433,True,True,True,0.9034,0.001449,track_b_cont
trackb_cont_BNY_20260605,BNY,2026-06-05,2026-08-04,,,,139.91,call,BULLISH,CONTINUATION,10.0,BULLISH,836817.0,7,59.226,True,True,True,0.8064,0.005279,track_b_cont
trackb_cont_AMD_20260605,AMD,2026-06-05,2026-08-04,,,,531.4,call,BULLISH,CONTINUATION,7.79,BULLISH,37622721.0,100,59.013,True,True,True,0.969,0.074102,track_b_cont
trackb_cont_BE_20260605,BE,2026-06-05,2026-08-04,,,,289.695,call,BULLISH,CONTINUATION,8.1,BULLISH,19021072.0,50,58.962,True,True,True,0.7536,0.003212,track_b_cont
trackb_cont_NXT_20260605,NXT,2026-06-05,2026-08-04,,,,146.45,call,BULLISH,CONTINUATION,10.0,BULLISH,768522.0,7,58.857,True,True,True,0.7615,0.006495,track_b_cont
trackb_cont_AMPX_20260605,AMPX,2026-06-05,2026-08-04,,,,22.34,call,BULLISH,CONTINUATION,9.73,BULLISH,1082367.0,9,58.715,True,True,True,0.8682,-0.000914,track_b_cont
trackb_cont_AMKR_20260605,AMKR,2026-06-05,2026-08-04,,,,76.07,call,BULLISH,CONTINUATION,9.33,BULLISH,1771015.0,30,58.296,True,True,True,0.7444,-0.007548,track_b_cont
trackb_cont_ON_20260605,ON,2026-06-05,2026-08-04,,,,131.83,call,BULLISH,CONTINUATION,10.0,BULLISH,647519.0,4,58.112,True,True,True,0.9465,0.012571,track_b_cont
trackb_cont_PATH_20260605,PATH,2026-06-05,2026-08-04,,,,11.57,call,BULLISH,CONTINUATION,10.0,BULLISH,641400.0,26,58.071,True,True,True,0.745,0.001029,track_b_cont
trackb_cont_MARA_20260605,MARA,2026-06-05,2026-08-04,,,,14.06,call,BULLISH,CONTINUATION,9.21,BULLISH,1924463.0,56,57.879,True,True,True,0.7256,0.001256,track_b_cont
trackb_cont_QCOM_20260605,QCOM,2026-06-05,2026-08-04,,,,250.08,call,BULLISH,CONTINUATION,7.92,BULLISH,19770361.0,100,57.784,True,True,True,0.7994,0.030029,track_b_cont
trackb_cont_RGTI_20260605,RGTI,2026-06-05,2026-08-04,,,,24.4178,call,BULLISH,CONTINUATION,8.88,BULLISH,2981543.0,100,57.493,True,True,True,0.9266,0.005828,track_b_cont
trackb_cont_RCAT_20260605,RCAT,2026-06-05,2026-08-04,,,,13.685,call,BULLISH,CONTINUATION,10.0,BULLISH,550476.0,18,57.407,True,True,True,0.887,0.001179,track_b_cont
trackb_cont_OUST_20260605,OUST,2026-06-05,2026-08-04,,,,43.74,call,BULLISH,CONTINUATION,9.31,BULLISH,1346112.0,14,57.062,True,True,True,0.8697,0.013249,track_b_cont
trackb_cont_PCT_20260605,PCT,2026-06-05,2026-08-04,,,,13.2524,call,BULLISH,CONTINUATION,10.0,BULLISH,490611.0,10,56.907,True,True,True,0.9258,0.003261,track_b_cont
trackb_cont_RBRK_20260605,RBRK,2026-06-05,2026-08-04,,,,77.92,call,BULLISH,CONTINUATION,8.93,BULLISH,2160147.0,51,56.567,True,True,True,0.8667,0.012756,track_b_cont
trackb_cont_MSGS_20260605,MSGS,2026-06-05,2026-08-04,,,,381.76,call,BULLISH,CONTINUATION,10.0,BULLISH,443040.0,7,56.464,True,True,True,0.9691,0.023792,track_b_cont
trackb_cont_SEZL_20260605,SEZL,2026-06-05,2026-08-04,,,,109.25,call,BULLISH,CONTINUATION,10.0,BULLISH,431360.0,2,56.348,True,True,True,0.8908,0.019638,track_b_cont
trackb_cont_VEEV_20260605,VEEV,2026-06-05,2026-08-04,,,,176.305,call,BULLISH,CONTINUATION,9.15,BULLISH,1432382.0,17,56.328,True,True,True,0.7694,0.001113,track_b_cont
trackb_cont_F_20260605,F,2026-06-05,2026-08-04,,,,15.805,call,BULLISH,CONTINUATION,8.93,BULLISH,2030966.0,19,56.328,True,True,True,0.7439,0.003475,track_b_cont
trackb_cont_AXON_20260605,AXON,2026-06-05,2026-08-04,,,,479.07,call,BULLISH,CONTINUATION,9.76,BULLISH,589750.0,9,56.322,True,True,True,0.9716,0.024485,track_b_cont
trackb_cont_UEC_20260605,UEC,2026-06-05,2026-08-04,,,,14.1,call,BULLISH,CONTINUATION,10.0,BULLISH,411010.0,5,56.139,True,True,True,0.7248,-0.002743,track_b_cont
trackb_cont_HPE_20260605,HPE,2026-06-05,2026-08-04,,,,54.91,call,BULLISH,CONTINUATION,8.76,BULLISH,2423619.0,13,55.928,True,True,True,0.7705,0.010763,track_b_cont
trackb_cont_TDG_20260605,TDG,2026-06-05,2026-08-04,,,,1228.765,call,BULLISH,CONTINUATION,10.0,BULLISH,384360.0,2,55.847,True,True,True,0.7315,0.012359,track_b_cont
trackb_cont_ONDS_20260605,ONDS,2026-06-05,2026-08-04,,,,11.76,call,BULLISH,CONTINUATION,8.81,BULLISH,2079313.0,79,55.661,True,True,True,0.8947,0.001776,track_b_cont
trackb_cont_VICR_20260605,VICR,2026-06-05,2026-08-04,,,,327.25,call,BULLISH,CONTINUATION,10.0,BULLISH,356980.0,3,55.526,True,True,True,0.7789,0.028219,track_b_cont
trackb_cont_C_20260605,C,2026-06-05,2026-08-04,,,,129.15,call,BULLISH,CONTINUATION,8.33,BULLISH,4583862.0,22,55.488,True,True,True,0.9055,-0.003588,track_b_cont
trackb_cont_OKLO_20260605,OKLO,2026-06-05,2026-08-04,,,,65.3399,call,BULLISH,CONTINUATION,8.26,BULLISH,4490361.0,100,54.948,True,True,True,0.747,-0.00863,track_b_cont
trackb_cont_HLT_20260605,HLT,2026-06-05,2026-08-04,,,,333.54,call,BULLISH,CONTINUATION,10.0,BULLISH,293100.0,2,54.67,True,True,True,0.8169,0.007752,track_b_cont
trackb_cont_TE_20260605,TE,2026-06-05,2026-08-04,,,,11.58,call,BULLISH,CONTINUATION,8.58,BULLISH,2234938.0,47,54.477,True,True,True,0.971,0.005406,track_b_cont
trackb_cont_LUMN_20260605,LUMN,2026-06-05,2026-08-04,,,,10.095,call,BULLISH,CONTINUATION,10.0,BULLISH,279083.0,6,54.457,True,True,True,0.7651,0.000975,track_b_cont
trackb_cont_BWA_20260605,BWA,2026-06-05,2026-08-04,,,,77.615,call,BULLISH,CONTINUATION,9.0,BULLISH,1043434.0,15,54.166,True,True,True,0.9148,0.006977,track_b_cont
trackb_cont_TXG_20260605,TXG,2026-06-05,2026-08-04,,,,31.55,call,BULLISH,CONTINUATION,10.0,BULLISH,248773.0,1,53.958,True,True,True,0.9612,0.005508,track_b_cont
trackb_cont_SMR_20260605,SMR,2026-06-05,2026-08-04,,,,12.265,call,BULLISH,CONTINUATION,8.91,BULLISH,932463.0,44,53.189,True,True,True,0.9245,-0.000876,track_b_cont
trackb_cont_ENPH_20260605,ENPH,2026-06-05,2026-08-04,,,,69.13,call,BULLISH,CONTINUATION,8.68,BULLISH,1321210.0,34,53.13,True,True,True,0.9655,0.031397,track_b_cont
trackb_cont_ARW_20260605,ARW,2026-06-05,2026-08-04,,,,230.8,call,BULLISH,CONTINUATION,10.0,BULLISH,189000.0,1,52.765,True,True,True,0.9324,0.019122,track_b_cont
trackb_cont_ENVX_20260605,ENVX,2026-06-05,2026-08-04,,,,8.405,call,BULLISH,CONTINUATION,10.0,BULLISH,181992.0,6,52.6,True,True,True,0.859,0.000514,track_b_cont
trackb_cont_HUT_20260605,HUT,2026-06-05,2026-08-04,,,,131.045,call,BULLISH,CONTINUATION,7.53,BULLISH,8470003.0,75,52.167,True,True,True,0.8781,0.017256,track_b_cont
trackb_cont_GH_20260605,GH,2026-06-05,2026-08-04,,,,128.145,call,BULLISH,CONTINUATION,10.0,BULLISH,163800.0,6,52.143,True,True,True,0.9181,0.033517,track_b_cont
trackb_cont_CLF_20260605,CLF,2026-06-05,2026-08-04,,,,14.28,call,BULLISH,CONTINUATION,8.52,BULLISH,1316662.0,30,52.138,True,True,True,0.9379,0.001635,track_b_cont
trackb_cont_SNDK_20260605,SNDK,2026-06-05,2026-08-04,,,,1780.285,call,BULLISH,CONTINUATION,6.37,LEAN BULLISH,133192527.0,100,51.753,True,True,True,0.8336,0.173221,track_b_cont
trackb_cont_QS_20260605,QS,2026-06-05,2026-08-04,,,,8.8499,call,BULLISH,CONTINUATION,9.38,BULLISH,292925.0,13,51.278,True,True,True,0.8214,0.000704,track_b_cont
trackb_cont_NET_20260605,NET,2026-06-05,2026-08-04,,,,261.1,call,BULLISH,CONTINUATION,7.61,BULLISH,4446582.0,33,50.592,True,True,True,0.9778,0.013381,track_b_cont
trackb_cont_KLIC_20260605,KLIC,2026-06-05,2026-08-04,,,,107.645,call,BULLISH,CONTINUATION,10.0,BULLISH,103860.0,1,50.164,True,True,True,0.8922,0.00423,track_b_cont
trackb_cont_GS_20260605,GS,2026-06-05,2026-08-04,,,,1037.63,call,BULLISH,CONTINUATION,6.87,LEAN BULLISH,18851062.0,89,49.982,True,True,True,0.9447,0.063124,track_b_cont
trackb_cont_MS_20260605,MS,2026-06-05,2026-08-04,,,,209.76,call,BULLISH,CONTINUATION,8.48,BULLISH,775322.0,7,49.943,True,True,True,0.933,0.009992,track_b_cont
trackb_cont_CORZ_20260605,CORZ,2026-06-05,2026-08-04,,,,29.22,call,BULLISH,CONTINUATION,7.47,LEAN BULLISH,4176390.0,36,49.457,True,True,True,0.8539,0.003379,track_b_cont
trackb_cont_OKTA_20260605,OKTA,2026-06-05,2026-08-04,,,,124.87,call,BULLISH,CONTINUATION,7.4,LEAN BULLISH,4111650.0,50,48.944,True,True,True,0.8948,0.028813,track_b_cont
trackb_cont_DELL_20260605,DELL,2026-06-05,2026-08-04,,,,415.17,call,BULLISH,CONTINUATION,7.09,LEAN BULLISH,7595036.0,65,48.783,True,True,True,0.8679,0.112987,track_b_cont
trackb_cont_TEAM_20260605,TEAM,2026-06-05,2026-08-04,,,,101.4401,call,BULLISH,CONTINUATION,8.51,BULLISH,479695.0,8,48.345,True,True,True,0.7504,0.005674,track_b_cont
trackb_cont_QBTS_20260605,QBTS,2026-06-05,2026-08-04,,,,27.615,call,BULLISH,CONTINUATION,7.56,BULLISH,1716219.0,57,47.133,True,True,True,0.8813,0.005456,track_b_cont
trackb_cont_APH_20260605,APH,2026-06-05,2026-08-04,,,,149.48,call,BULLISH,CONTINUATION,7.74,BULLISH,1153943.0,9,46.921,True,True,True,0.9042,0.004428,track_b_cont
trackb_cont_MDB_20260605,MDB,2026-06-05,2026-08-04,,,,372.07,call,BULLISH,CONTINUATION,6.87,LEAN BULLISH,6537450.0,72,46.822,True,True,True,0.9134,0.054105,track_b_cont
trackb_cont_AKAM_20260605,AKAM,2026-06-05,2026-08-04,,,,162.24,call,BULLISH,CONTINUATION,7.93,BULLISH,795674.0,22,46.793,True,True,True,0.9118,0.00969,track_b_cont
trackb_cont_TWLO_20260605,TWLO,2026-06-05,2026-08-04,,,,218.485,call,BULLISH,CONTINUATION,7.93,BULLISH,771391.0,18,46.686,True,True,True,0.9596,-0.004588,track_b_cont
trackb_cont_VSXY_20260605,VSXY,2026-06-05,2026-08-04,,,,73.71,call,BULLISH,CONTINUATION,8.7,BULLISH,215740.0,2,46.405,True,True,True,0.968,0.009232,track_b_cont
trackb_cont_AMAT_20260605,AMAT,2026-06-05,2026-08-04,,,,498.0,call,BULLISH,CONTINUATION,7.32,LEAN BULLISH,1947131.0,17,46.038,True,True,True,0.9846,0.013426,track_b_cont
trackb_cont_CIFR_20260605,CIFR,2026-06-05,2026-08-04,,,,26.735,call,BULLISH,CONTINUATION,6.78,LEAN BULLISH,3367722.0,45,44.255,True,True,True,0.9655,0.002269,track_b_cont
trackb_cont_SOFI_20260605,SOFI,2026-06-05,2026-08-04,,,,16.685,call,BULLISH,CONTINUATION,6.66,LEAN BULLISH,3104946.0,99,43.237,True,True,True,0.7277,0.000438,track_b_cont
trackb_cont_FSLR_20260605,FSLR,2026-06-05,2026-08-04,,,,316.44,call,BULLISH,CONTINUATION,6.51,LEAN BULLISH,3791255.0,48,42.828,True,True,True,0.9731,0.059288,track_b_cont
trackb_cont_GLW_20260605,GLW,2026-06-05,2026-08-04,,,,200.43,call,BULLISH,CONTINUATION,6.29,LEAN BULLISH,5774543.0,27,42.53,True,True,True,0.7847,-0.00644,track_b_cont
trackb_cont_MPC_20260605,MPC,2026-06-05,2026-08-04,,,,270.43,call,BULLISH,CONTINUATION,7.28,LEAN BULLISH,664488.0,6,42.388,True,True,True,0.9437,-0.00022,track_b_cont
trackb_cont_KLAC_20260605,KLAC,2026-06-05,2026-08-04,,,,2075.8999,call,BULLISH,CONTINUATION,6.36,LEAN BULLISH,3645165.0,11,41.733,True,True,True,0.9598,0.090489,track_b_cont
trackb_cont_ATI_20260605,ATI,2026-06-05,2026-08-04,,,,178.775,call,BULLISH,CONTINUATION,7.34,LEAN BULLISH,446388.0,6,41.469,True,True,True,0.8696,0.005058,track_b_cont
trackb_cont_FDX_20260605,FDX,2026-06-05,2026-08-04,,,,327.65,call,BULLISH,CONTINUATION,7.21,LEAN BULLISH,539809.0,6,41.33,True,True,True,0.773,0.021778,track_b_cont
trackb_cont_RIVN_20260605,RIVN,2026-06-05,2026-08-04,,,,17.665,call,BULLISH,CONTINUATION,6.22,LEAN BULLISH,2386003.0,81,39.669,True,True,True,0.9206,0.000578,track_b_cont
trackb_cont_FLNC_20260605,FLNC,2026-06-05,2026-08-04,,,,25.56,call,BULLISH,CONTINUATION,6.43,LEAN BULLISH,1343956.0,17,39.406,True,True,True,0.8837,0.002778,track_b_cont
trackb_cont_WFC_20260605,WFC,2026-06-05,2026-08-04,,,,77.98,call,BULLISH,CONTINUATION,6.31,LEAN BULLISH,1731060.0,13,39.364,True,True,True,0.8086,-0.001323,track_b_cont
trackb_cont_CROX_20260605,CROX,2026-06-05,2026-08-04,,,,118.78,call,BULLISH,CONTINUATION,6.74,LEAN BULLISH,467210.0,9,38.212,True,True,True,0.8337,0.013651,track_b_cont
trackb_cont_CSCO_20260605,CSCO,2026-06-05,2026-08-04,,,,127.93,call,BULLISH,CONTINUATION,6.06,LEAN BULLISH,1806383.0,11,37.916,True,True,True,0.9941,0.023345,track_b_cont
trackb_cont_CRWD_20260605,CRWD,2026-06-05,2026-08-04,,,,751.71,call,BULLISH,CONTINUATION,5.13,NEUTRAL,17160892.0,100,37.113,True,True,True,0.9491,0.196737,track_b_cont
trackb_cont_ANET_20260605,ANET,2026-06-05,2026-08-04,,,,174.94,call,BULLISH,CONTINUATION,5.44,NEUTRAL,5845971.0,21,36.812,True,True,True,0.9492,0.005892,track_b_cont
trackb_cont_SNOW_20260605,SNOW,2026-06-05,2026-08-04,,,,245.945,call,BULLISH,CONTINUATION,5.61,LEAN BULLISH,3293032.0,26,36.564,True,True,True,0.8397,0.071378,track_b_cont
trackb_cont_CCL_20260605,CCL,2026-06-05,2026-08-04,,,,27.385,call,BULLISH,CONTINUATION,6.08,LEAN BULLISH,983986.0,27,36.437,True,True,True,0.8465,0.00092,track_b_cont
trackb_cont_LITE_20260605,LITE,2026-06-05,2026-08-04,,,,964.75,call,BULLISH,CONTINUATION,5.09,NEUTRAL,13308850.0,56,36.262,True,True,True,0.7974,-0.108775,track_b_cont
trackb_cont_APLD_20260605,APLD,2026-06-05,2026-08-04,,,,46.11,call,BULLISH,CONTINUATION,6.14,LEAN BULLISH,785484.0,26,36.196,True,True,True,0.8096,0.00305,track_b_cont
trackb_cont_DDOG_20260605,DDOG,2026-06-05,2026-08-04,,,,246.39,call,BULLISH,CONTINUATION,5.41,NEUTRAL,4579267.0,29,36.035,True,True,True,0.9306,0.060601,track_b_cont
trackb_cont_DE_20260605,DE,2026-06-05,2026-08-04,,,,589.68,call,BULLISH,CONTINUATION,5.74,LEAN BULLISH,1811133.0,10,35.921,True,True,True,0.8131,-0.062424,track_b_cont
trackb_cont_APP_20260605,APP,2026-06-05,2026-08-04,,,,573.165,call,BULLISH,CONTINUATION,5.44,NEUTRAL,2873614.0,28,35.134,True,True,True,0.9085,0.072715,track_b_cont
trackb_cont_CAT_20260605,CAT,2026-06-05,2026-08-04,,,,930.7,call,BULLISH,CONTINUATION,5.17,NEUTRAL,4774624.0,27,34.53,True,True,True,0.749,-0.05177,track_b_cont
trackb_cont_MP_20260605,MP,2026-06-05,2026-08-04,,,,68.66,call,BULLISH,CONTINUATION,5.44,NEUTRAL,2103066.0,41,34.396,True,True,True,0.8037,-0.004318,track_b_cont
trackb_cont_HUM_20260605,HUM,2026-06-05,2026-08-04,,,,328.49,call,BULLISH,CONTINUATION,5.44,NEUTRAL,1902686.0,15,34.16,True,True,True,0.8701,0.04276,track_b_cont
trackb_cont_URI_20260605,URI,2026-06-05,2026-08-04,,,,1030.52,call,BULLISH,CONTINUATION,5.84,LEAN BULLISH,445789.0,4,32.991,True,True,True,0.8057,0.003223,track_b_cont
trackb_cont_CRM_20260605,CRM,2026-06-05,2026-08-04,,,,191.065,call,BULLISH,CONTINUATION,4.91,NEUTRAL,4735277.0,31,32.776,True,True,True,0.7766,0.004924,track_b_cont
trackb_cont_UMAC_20260605,UMAC,2026-06-05,2026-08-04,,,,29.4,call,BULLISH,CONTINUATION,5.41,NEUTRAL,930178.0,25,32.29,True,True,True,0.9561,0.009318,track_b_cont
trackb_cont_IONQ_20260605,IONQ,2026-06-05,2026-08-04,,,,68.64,call,BULLISH,CONTINUATION,4.99,NEUTRAL,2630934.0,62,32.036,True,True,True,0.9558,0.013912,track_b_cont
trackb_cont_W_20260605,W,2026-06-05,2026-08-04,,,,68.5675,call,BULLISH,CONTINUATION,5.5,LEAN BULLISH,568341.0,15,31.65,True,True,True,0.7924,0.006568,track_b_cont
trackb_cont_HOOD_20260605,HOOD,2026-06-05,2026-08-04,,,,82.98,call,BULLISH,CONTINUATION,4.36,NEUTRAL,16978394.0,94,31.522,True,True,True,0.7059,0.001693,track_b_cont
trackb_cont_CPB_20260605,CPB,2026-06-05,2026-08-04,,,,21.58,call,BULLISH,CONTINUATION,5.5,LEAN BULLISH,440081.0,13,31.039,True,True,True,0.7487,-0.000606,track_b_cont
trackb_cont_PANW_20260605,PANW,2026-06-05,2026-08-04,,,,282.64,call,BULLISH,CONTINUATION,4.31,NEUTRAL,13194920.0,64,30.689,True,True,True,0.9534,0.067768,track_b_cont
trackb_cont_HUBS_20260605,HUBS,2026-06-05,2026-08-04,,,,222.02,call,BULLISH,CONTINUATION,5.0,NEUTRAL,823665.0,7,29.579,True,True,True,0.7507,-0.001828,track_b_cont
trackb_cont_PENG_20260605,PENG,2026-06-05,2026-08-04,,,,68.63,call,BULLISH,CONTINUATION,5.0,NEUTRAL,792784.0,25,29.496,True,True,True,0.9356,0.015235,track_b_cont
trackb_cont_RIOT_20260605,RIOT,2026-06-05,2026-08-04,,,,27.975,call,BULLISH,CONTINUATION,5.0,NEUTRAL,727888.0,22,29.31,True,True,True,0.836,0.002727,track_b_cont
trackb_cont_NUE_20260605,NUE,2026-06-05,2026-08-04,,,,259.73,call,BULLISH,CONTINUATION,5.0,NEUTRAL,682290.0,2,29.17,True,True,True,0.9533,0.007477,track_b_cont
trackb_cont_EOSE_20260605,EOSE,2026-06-05,2026-08-04,,,,8.595,call,BULLISH,CONTINUATION,5.0,NEUTRAL,664055.0,12,29.111,True,True,True,0.8548,0.000993,track_b_cont
trackb_cont_GWW_20260605,GWW,2026-06-05,2026-08-04,,,,1293.62,call,BULLISH,CONTINUATION,5.0,NEUTRAL,651992.0,4,29.071,True,True,True,0.8888,0.007671,track_b_cont
trackb_cont_DINO_20260605,DINO,2026-06-05,2026-08-04,,,,74.035,call,BULLISH,CONTINUATION,5.0,NEUTRAL,614400.0,6,28.942,True,True,True,0.8702,-0.003179,track_b_cont
trackb_cont_CNC_20260605,CNC,2026-06-05,2026-08-04,,,,58.73,call,BULLISH,CONTINUATION,5.0,NEUTRAL,608381.0,16,28.921,True,True,True,0.7911,0.002119,track_b_cont
trackb_cont_OPEN_20260605,OPEN,2026-06-05,2026-08-04,,,,4.9,call,BULLISH,CONTINUATION,5.0,NEUTRAL,606421.0,25,28.914,True,True,True,0.8456,-0.000306,track_b_cont
trackb_cont_WDAY_20260605,WDAY,2026-06-05,2026-08-04,,,,144.25,call,BULLISH,CONTINUATION,5.0,NEUTRAL,574796.0,16,28.798,True,True,True,0.7882,0.009774,track_b_cont
trackb_cont_DAL_20260605,DAL,2026-06-05,2026-08-04,,,,79.04,call,BULLISH,CONTINUATION,5.0,NEUTRAL,494293.0,3,28.47,True,True,True,0.7629,0.007319,track_b_cont
trackb_cont_DLTR_20260605,DLTR,2026-06-05,2026-08-04,,,,110.335,call,BULLISH,CONTINUATION,5.0,NEUTRAL,409307.0,6,28.06,True,True,True,0.7584,0.010017,track_b_cont
trackb_cont_TMO_20260605,TMO,2026-06-05,2026-08-04,,,,472.57,call,BULLISH,CONTINUATION,5.0,NEUTRAL,403257.0,2,28.028,True,True,True,0.7345,-0.002623,track_b_cont
trackb_cont_LRCX_20260605,LRCX,2026-06-05,2026-08-04,,,,339.195,call,BULLISH,CONTINUATION,4.04,NEUTRAL,7899726.0,47,27.866,True,True,True,0.9841,0.022658,track_b_cont
trackb_cont_CLMT_20260605,CLMT,2026-06-05,2026-08-04,,,,37.755,call,BULLISH,CONTINUATION,5.0,NEUTRAL,373555.0,4,27.862,True,True,True,0.9114,0.000746,track_b_cont
trackb_cont_AFRM_20260605,AFRM,2026-06-05,2026-08-04,,,,65.645,call,BULLISH,CONTINUATION,5.0,NEUTRAL,358476.0,9,27.772,True,True,True,0.7279,0.00299,track_b_cont
trackb_cont_MET_20260605,MET,2026-06-05,2026-08-04,,,,81.04,call,BULLISH,CONTINUATION,5.0,NEUTRAL,330026.0,1,27.593,True,True,True,0.7145,0.003549,track_b_cont
trackb_cont_DGXX_20260605,DGXX,2026-06-05,2026-08-04,,,,7.69,call,BULLISH,CONTINUATION,5.0,NEUTRAL,308953.0,6,27.45,True,True,True,0.7016,0.001404,track_b_cont
trackb_cont_PVH_20260605,PVH,2026-06-05,2026-08-04,,,,100.28,call,BULLISH,CONTINUATION,5.0,NEUTRAL,284670.0,8,27.272,True,True,True,0.9492,0.005444,track_b_cont
trackb_cont_FLEX_20260605,FLEX,2026-06-05,2026-08-04,,,,164.195,call,BULLISH,CONTINUATION,5.0,NEUTRAL,280870.0,3,27.242,True,True,True,0.9936,0.010814,track_b_cont
trackb_cont_CRS_20260605,CRS,2026-06-05,2026-08-04,,,,486.31,call,BULLISH,CONTINUATION,4.8,NEUTRAL,445701.0,4,27.115,True,True,True,0.9211,0.013566,track_b_cont
trackb_cont_HCC_20260605,HCC,2026-06-05,2026-08-04,,,,107.1099,call,BULLISH,CONTINUATION,5.0,NEUTRAL,264525.0,6,27.112,True,True,True,0.9962,0.00852,track_b_cont
trackb_cont_SDGR_20260605,SDGR,2026-06-05,2026-08-04,,,,14.69,call,BULLISH,CONTINUATION,5.0,NEUTRAL,233095.0,3,26.838,True,True,True,0.7461,0.000913,track_b_cont
trackb_cont_AGL_20260605,AGL,2026-06-05,2026-08-04,,,,84.64,call,BULLISH,CONTINUATION,5.0,NEUTRAL,226479.0,6,26.775,True,True,True,0.885,0.040935,track_b_cont
trackb_cont_EVC_20260605,EVC,2026-06-05,2026-08-04,,,,8.57,call,BULLISH,CONTINUATION,5.0,NEUTRAL,226225.0,2,26.773,True,True,True,0.8244,0.002303,track_b_cont
trackb_cont_ABBV_20260605,ABBV,2026-06-05,2026-08-04,,,,218.64,call,BULLISH,CONTINUATION,5.0,NEUTRAL,225715.0,3,26.768,True,True,True,0.7694,0.006111,track_b_cont
trackb_cont_BURL_20260605,BURL,2026-06-05,2026-08-04,,,,328.95,call,BULLISH,CONTINUATION,5.0,NEUTRAL,219997.0,6,26.712,True,True,True,0.7493,0.011519,track_b_cont
trackb_cont_PLUG_20260605,PLUG,2026-06-05,2026-08-04,,,,3.8132,call,BULLISH,CONTINUATION,5.0,NEUTRAL,219936.0,10,26.712,True,True,True,0.8125,0.000396,track_b_cont
trackb_cont_DHI_20260605,DHI,2026-06-05,2026-08-04,,,,145.0,call,BULLISH,CONTINUATION,5.0,NEUTRAL,216600.0,7,26.678,True,True,True,0.7606,-0.002231,track_b_cont
trackb_cont_SIRI_20260605,SIRI,2026-06-05,2026-08-04,,,,28.105,call,BULLISH,CONTINUATION,5.0,NEUTRAL,200547.0,7,26.511,True,True,True,0.7087,0.002478,track_b_cont
trackb_cont_RUM_20260605,RUM,2026-06-05,2026-08-04,,,,8.56,call,BULLISH,CONTINUATION,5.0,NEUTRAL,180168.0,9,26.278,True,True,True,0.7096,0.000931,track_b_cont
trackb_cont_FCEL_20260605,FCEL,2026-06-05,2026-08-04,,,,22.63,call,BULLISH,CONTINUATION,5.0,NEUTRAL,174932.0,6,26.214,True,True,True,0.809,0.008657,track_b_cont
trackb_cont_SANM_20260605,SANM,2026-06-05,2026-08-04,,,,283.72,call,BULLISH,CONTINUATION,5.0,NEUTRAL,173420.0,3,26.195,True,True,True,0.9868,0.015842,track_b_cont
trackb_cont_IT_20260605,IT,2026-06-05,2026-08-04,,,,165.11,call,BULLISH,CONTINUATION,5.0,NEUTRAL,167000.0,1,26.114,True,True,True,0.7536,0.01185,track_b_cont
trackb_cont_ETSY_20260605,ETSY,2026-06-05,2026-08-04,,,,68.51,call,BULLISH,CONTINUATION,4.75,NEUTRAL,314039.0,11,26.111,True,True,True,0.9353,0.002556,track_b_cont
trackb_cont_BBAI_20260605,BBAI,2026-06-05,2026-08-04,,,,4.7827,call,BULLISH,CONTINUATION,5.0,NEUTRAL,162372.0,8,26.053,True,True,True,0.7953,0.000295,track_b_cont
trackb_cont_ST_20260605,ST,2026-06-05,2026-08-04,,,,53.1,call,BULLISH,CONTINUATION,5.0,NEUTRAL,149172.0,8,25.869,True,True,True,0.9438,0.004148,track_b_cont
trackb_cont_SPXC_20260605,SPXC,2026-06-05,2026-08-04,,,,239.62,call,BULLISH,CONTINUATION,5.0,NEUTRAL,147000.0,1,25.837,True,True,True,0.9974,0.006647,track_b_cont
trackb_cont_CYRX_20260605,CYRX,2026-06-05,2026-08-04,,,,16.38,call,BULLISH,CONTINUATION,5.0,NEUTRAL,142680.0,1,25.772,True,True,True,0.8945,0.002167,track_b_cont
trackb_cont_ROK_20260605,ROK,2026-06-05,2026-08-04,,,,462.165,call,BULLISH,CONTINUATION,5.0,NEUTRAL,132130.0,1,25.605,True,True,True,0.9589,-0.00698,track_b_cont
trackb_cont_VPG_20260605,VPG,2026-06-05,2026-08-04,,,,130.55,call,BULLISH,CONTINUATION,5.0,NEUTRAL,130239.0,2,25.574,True,True,True,0.9567,0.052624,track_b_cont
trackb_cont_UTI_20260605,UTI,2026-06-05,2026-08-04,,,,43.5599,call,BULLISH,CONTINUATION,5.0,NEUTRAL,129747.0,3,25.566,True,True,True,0.9679,0.000295,track_b_cont
trackb_cont_RH_20260605,RH,2026-06-05,2026-08-04,,,,148.92,call,BULLISH,CONTINUATION,5.0,NEUTRAL,129610.0,5,25.563,True,True,True,0.9407,0.013997,track_b_cont
trackb_cont_STLD_20260605,STLD,2026-06-05,2026-08-04,,,,275.23,call,BULLISH,CONTINUATION,5.0,NEUTRAL,128380.0,3,25.543,True,True,True,0.9607,0.01232,track_b_cont
trackb_cont_ADM_20260605,ADM,2026-06-05,2026-08-04,,,,84.835,call,BULLISH,CONTINUATION,5.0,NEUTRAL,127620.0,3,25.53,True,True,True,0.8653,-0.001389,track_b_cont
trackb_cont_ILMN_20260605,ILMN,2026-06-05,2026-08-04,,,,167.275,call,BULLISH,CONTINUATION,5.0,NEUTRAL,125180.0,3,25.488,True,True,True,0.8907,0.009101,track_b_cont
trackb_cont_FBIN_20260605,FBIN,2026-06-05,2026-08-04,,,,38.8,call,BULLISH,CONTINUATION,5.0,NEUTRAL,120000.0,2,25.396,True,True,True,0.8037,-0.000401,track_b_cont
trackb_cont_PUSA_20260605,PUSA,2026-06-05,2026-08-04,,,,5.88,call,BULLISH,CONTINUATION,5.0,NEUTRAL,119965.0,2,25.395,True,True,True,0.9686,-0.000499,track_b_cont
trackb_cont_JBHT_20260605,JBHT,2026-06-05,2026-08-04,,,,279.08,call,BULLISH,CONTINUATION,5.0,NEUTRAL,116760.0,1,25.337,True,True,True,0.9106,0.024945,track_b_cont
trackb_cont_LUV_20260605,LUV,2026-06-05,2026-08-04,,,,41.38,call,BULLISH,CONTINUATION,5.0,NEUTRAL,111364.0,6,25.234,True,True,True,0.7087,0.001226,track_b_cont
trackb_cont_TRIP_20260605,TRIP,2026-06-05,2026-08-04,,,,11.875,call,BULLISH,CONTINUATION,5.0,NEUTRAL,109305.0,6,25.193,True,True,True,0.8788,1.8e-05,track_b_cont
trackb_cont_CXW_20260605,CXW,2026-06-05,2026-08-04,,,,21.555,call,BULLISH,CONTINUATION,5.0,NEUTRAL,106323.0,4,25.133,True,True,True,0.7059,0.000523,track_b_cont
trackb_cont_KOPN_20260605,KOPN,2026-06-05,2026-08-04,,,,6.145,call,BULLISH,CONTINUATION,5.0,NEUTRAL,104505.0,7,25.096,True,True,True,0.8444,0.000342,track_b_cont
trackb_cont_UPST_20260605,UPST,2026-06-05,2026-08-04,,,,30.16,call,BULLISH,CONTINUATION,4.44,NEUTRAL,437289.0,18,25.045,True,True,True,0.7285,0.001272,track_b_cont
trackb_cont_METC_20260605,METC,2026-06-05,2026-08-04,,,,16.845,call,BULLISH,CONTINUATION,5.0,NEUTRAL,98780.0,1,24.973,True,True,True,0.8828,-0.000422,track_b_cont
trackb_cont_ENS_20260605,ENS,2026-06-05,2026-08-04,,,,238.715,call,BULLISH,CONTINUATION,5.0,NEUTRAL,98528.0,5,24.968,True,True,True,0.7942,-0.003638,track_b_cont
trackb_cont_CDNS_20260605,CDNS,2026-06-05,2026-08-04,,,,401.56,call,BULLISH,CONTINUATION,4.35,NEUTRAL,529516.0,5,24.899,True,True,True,0.9965,0.017491,track_b_cont
trackb_cont_PTON_20260605,PTON,2026-06-05,2026-08-04,,,,6.035,call,BULLISH,CONTINUATION,5.0,NEUTRAL,92959.0,3,24.841,True,True,True,0.8788,0.000527,track_b_cont
trackb_cont_GEO_20260605,GEO,2026-06-05,2026-08-04,,,,23.155,call,BULLISH,CONTINUATION,5.0,NEUTRAL,92530.0,4,24.831,True,True,True,0.9194,0.001689,track_b_cont
trackb_cont_ALOY_20260605,ALOY,2026-06-05,2026-08-04,,,,10.4521,call,BULLISH,CONTINUATION,5.0,NEUTRAL,92186.0,2,24.823,True,True,True,0.8655,0.000442,track_b_cont
trackb_cont_BBY_20260605,BBY,2026-06-05,2026-08-04,,,,71.22,call,BULLISH,CONTINUATION,4.7,NEUTRAL,173630.0,6,24.626,True,True,True,0.7654,0.011299,track_b_cont
trackb_cont_CHRW_20260605,CHRW,2026-06-05,2026-08-04,,,,181.36,call,BULLISH,CONTINUATION,5.0,NEUTRAL,83210.0,3,24.601,True,True,True,0.8302,0.010293,track_b_cont
trackb_cont_VLO_20260605,VLO,2026-06-05,2026-08-04,,,,263.89,call,BULLISH,CONTINUATION,5.0,NEUTRAL,77000.0,1,24.433,True,True,True,0.8832,-0.000714,track_b_cont
trackb_cont_MGM_20260605,MGM,2026-06-05,2026-08-04,,,,47.79,call,BULLISH,CONTINUATION,5.0,NEUTRAL,74060.0,3,24.348,True,True,True,0.8015,0.004035,track_b_cont
trackb_cont_NRGV_20260605,NRGV,2026-06-05,2026-08-04,,,,6.07,call,BULLISH,CONTINUATION,5.0,NEUTRAL,73946.0,4,24.345,True,True,True,0.7962,1.5e-05,track_b_cont
trackb_cont_AMT_20260605,AMT,2026-06-05,2026-08-04,,,,186.33,call,BULLISH,CONTINUATION,5.0,NEUTRAL,73720.0,1,24.338,True,True,True,0.8558,0.006676,track_b_cont
trackb_cont_ZD_20260605,ZD,2026-06-05,2026-08-04,,,,44.675,call,BULLISH,CONTINUATION,5.0,NEUTRAL,71087.0,3,24.259,True,True,True,0.7967,0.001272,track_b_cont
trackb_cont_CZR_20260605,CZR,2026-06-05,2026-08-04,,,,29.245,call,BULLISH,CONTINUATION,5.0,NEUTRAL,69991.0,3,24.225,True,True,True,0.9841,0.000759,track_b_cont
trackb_cont_DECK_20260605,DECK,2026-06-05,2026-08-04,,,,106.805,call,BULLISH,CONTINUATION,5.0,NEUTRAL,69236.0,3,24.202,True,True,True,0.7857,0.010741,track_b_cont
trackb_cont_KDP_20260605,KDP,2026-06-05,2026-08-04,,,,30.85,call,BULLISH,CONTINUATION,5.0,NEUTRAL,65730.0,1,24.089,True,True,True,0.9333,0.000157,track_b_cont
trackb_cont_BOOT_20260605,BOOT,2026-06-05,2026-08-04,,,,169.155,call,BULLISH,CONTINUATION,5.0,NEUTRAL,63840.0,1,24.026,True,True,True,0.8981,0.000944,track_b_cont
trackb_cont_ASPI_20260605,ASPI,2026-06-05,2026-08-04,,,,7.7392,call,BULLISH,CONTINUATION,5.0,NEUTRAL,62370.0,4,23.975,True,True,True,0.9438,0.001092,track_b_cont
trackb_cont_CMCO_20260605,CMCO,2026-06-05,2026-08-04,,,,15.16,call,BULLISH,CONTINUATION,5.0,NEUTRAL,62133.0,3,23.967,True,True,True,0.8039,-0.00044,track_b_cont
trackb_cont_CRSR_20260605,CRSR,2026-06-05,2026-08-04,,,,10.685,call,BULLISH,CONTINUATION,5.0,NEUTRAL,54400.0,3,23.678,True,True,True,0.7562,0.002466,track_b_cont
trackb_cont_SLDP_20260605,SLDP,2026-06-05,2026-08-04,,,,3.2939,call,BULLISH,CONTINUATION,5.0,NEUTRAL,54000.0,1,23.662,True,True,True,0.9375,-3.7e-05,track_b_cont
trackb_cont_ARES_20260605,ARES,2026-06-05,2026-08-04,,,,121.9,call,BULLISH,CONTINUATION,5.0,NEUTRAL,53480.0,2,23.641,True,True,True,0.7356,-0.001142,track_b_cont
trackb_cont_JEF_20260605,JEF,2026-06-05,2026-08-04,,,,53.02,call,BULLISH,CONTINUATION,5.0,NEUTRAL,51940.0,2,23.578,True,True,True,0.9697,-4.1e-05,track_b_cont
trackb_cont_BXP_20260605,BXP,2026-06-05,2026-08-04,,,,60.37,call,BULLISH,CONTINUATION,5.0,NEUTRAL,51371.0,2,23.554,True,True,True,0.9566,3.3e-05,track_b_cont
trackb_cont_UCTT_20260605,UCTT,2026-06-05,2026-08-04,,,,92.52,call,BULLISH,CONTINUATION,5.0,NEUTRAL,48925.0,2,23.448,True,True,True,0.896,7e-06,track_b_cont
trackb_cont_IRDM_20260605,IRDM,2026-06-05,2026-08-04,,,,51.1,call,BULLISH,CONTINUATION,5.0,NEUTRAL,47498.0,2,23.383,True,True,True,0.8087,0.008409,track_b_cont
trackb_cont_OII_20260605,OII,2026-06-05,2026-08-04,,,,38.65,call,BULLISH,CONTINUATION,5.0,NEUTRAL,45042.0,1,23.268,True,True,True,0.7112,3.8e-05,track_b_cont
trackb_cont_ADTN_20260605,ADTN,2026-06-05,2026-08-04,,,,17.31,call,BULLISH,CONTINUATION,5.0,NEUTRAL,45004.0,2,23.266,True,True,True,0.7075,0.000842,track_b_cont
trackb_cont_MKSI_20260605,MKSI,2026-06-05,2026-08-04,,,,337.78,call,BULLISH,CONTINUATION,5.0,NEUTRAL,44860.0,1,23.259,True,True,True,0.8701,0.01157,track_b_cont
trackb_cont_NMAX_20260605,NMAX,2026-06-05,2026-08-04,,,,8.34,call,BULLISH,CONTINUATION,5.0,NEUTRAL,42400.0,2,23.137,True,True,True,0.9357,0.001904,track_b_cont
trackb_cont_WYNN_20260605,WYNN,2026-06-05,2026-08-04,,,,103.43,call,BULLISH,CONTINUATION,3.86,NEUTRAL,977702.0,15,23.122,True,True,True,0.7318,-0.003479,track_b_cont
trackb_cont_VELO_20260605,VELO,2026-06-05,2026-08-04,,,,20.24,call,BULLISH,CONTINUATION,5.0,NEUTRAL,40998.0,2,23.064,True,True,True,0.7057,0.008902,track_b_cont
trackb_cont_TBLA_20260605,TBLA,2026-06-05,2026-08-04,,,,4.625,call,BULLISH,CONTINUATION,5.0,NEUTRAL,35998.0,1,22.782,True,True,True,0.7324,2.7e-05,track_b_cont
trackb_cont_DDD_20260605,DDD,2026-06-05,2026-08-04,,,,3.75,call,BULLISH,CONTINUATION,5.0,NEUTRAL,35055.0,2,22.724,True,True,True,0.8667,0.000706,track_b_cont
trackb_cont_SOLV_20260605,SOLV,2026-06-05,2026-08-04,,,,77.7201,call,BULLISH,CONTINUATION,5.0,NEUTRAL,33870.0,1,22.649,True,True,True,0.8712,0.002834,track_b_cont
trackb_cont_PRU_20260605,PRU,2026-06-05,2026-08-04,,,,100.975,call,BULLISH,CONTINUATION,5.0,NEUTRAL,30999.0,2,22.457,True,True,True,0.9001,0.0001,track_b_cont
trackb_cont_FTNT_20260605,FTNT,2026-06-05,2026-08-04,,,,147.055,call,BULLISH,CONTINUATION,3.62,NEUTRAL,1510349.0,11,22.368,True,True,True,0.9972,0.032516,track_b_cont
trackb_cont_PRMB_20260605,PRMB,2026-06-05,2026-08-04,,,,24.205,call,BULLISH,CONTINUATION,5.0,NEUTRAL,28486.0,2,22.273,True,True,True,0.8925,0.001623,track_b_cont
trackb_cont_STT_20260605,STT,2026-06-05,2026-08-04,,,,157.06,call,BULLISH,CONTINUATION,5.0,NEUTRAL,27499.0,1,22.197,True,True,True,0.8554,0.00369,track_b_cont
trackb_cont_VAC_20260605,VAC,2026-06-05,2026-08-04,,,,84.75,call,BULLISH,CONTINUATION,5.0,NEUTRAL,26394.0,2,22.108,True,True,True,0.9239,0.007662,track_b_cont
trackb_cont_NTAP_20260605,NTAP,2026-06-05,2026-08-04,,,,179.3,call,BULLISH,CONTINUATION,3.88,NEUTRAL,494649.0,7,22.094,True,True,True,0.7914,0.03633,track_b_cont
trackb_cont_TDOC_20260605,TDOC,2026-06-05,2026-08-04,,,,7.185,call,BULLISH,CONTINUATION,5.0,NEUTRAL,25954.0,1,22.071,True,True,True,0.7232,0.000117,track_b_cont
trackb_cont_YETI_20260605,YETI,2026-06-05,2026-08-04,,,,47.26,call,BULLISH,CONTINUATION,5.0,NEUTRAL,24720.0,2,21.965,True,True,True,0.7488,0.005784,track_b_cont
trackb_cont_VECO_20260605,VECO,2026-06-05,2026-08-04,,,,60.45,call,BULLISH,CONTINUATION,5.0,NEUTRAL,22890.0,2,21.798,True,True,True,0.7263,-0.000702,track_b_cont
trackb_cont_HRL_20260605,HRL,2026-06-05,2026-08-04,,,,23.435,call,BULLISH,CONTINUATION,5.0,NEUTRAL,21905.0,1,21.703,True,True,True,0.8711,0.001509,track_b_cont
trackb_cont_SHLS_20260605,SHLS,2026-06-05,2026-08-04,,,,12.5305,call,BULLISH,CONTINUATION,5.0,NEUTRAL,21780.0,1,21.69,True,True,True,0.868,0.002775,track_b_cont
trackb_cont_PK_20260605,PK,2026-06-05,2026-08-04,,,,13.625,call,BULLISH,CONTINUATION,5.0,NEUTRAL,20780.0,2,21.588,True,True,True,0.9869,0.000963,track_b_cont
trackb_cont_ZM_20260605,ZM,2026-06-05,2026-08-04,,,,105.99,call,BULLISH,CONTINUATION,3.75,NEUTRAL,567291.0,19,21.577,True,True,True,0.8524,-0.006063,track_b_cont
trackb_cont_EFX_20260605,EFX,2026-06-05,2026-08-04,,,,167.585,call,BULLISH,CONTINUATION,5.0,NEUTRAL,18530.0,1,21.34,True,True,True,0.8518,-0.00639,track_b_cont
trackb_cont_CAKE_20260605,CAKE,2026-06-05,2026-08-04,,,,65.19,call,BULLISH,CONTINUATION,5.0,NEUTRAL,15500.0,1,20.952,True,True,True,0.7657,0.002842,track_b_cont
trackb_cont_KMX_20260605,KMX,2026-06-05,2026-08-04,,,,46.585,call,BULLISH,CONTINUATION,5.0,NEUTRAL,15040.0,1,20.886,True,True,True,0.8538,0.002985,track_b_cont
trackb_cont_SMCI_20260605,SMCI,2026-06-05,2026-08-04,,,,46.47,call,BULLISH,CONTINUATION,3.09,NEUTRAL,5311466.0,100,20.781,True,True,True,0.9487,0.00859,track_b_cont
trackb_cont_TNL_20260605,TNL,2026-06-05,2026-08-04,,,,69.65,call,BULLISH,CONTINUATION,5.0,NEUTRAL,13650.0,1,20.676,True,True,True,0.9506,0.002638,track_b_cont
trackb_cont_SKLZ_20260605,SKLZ,2026-06-05,2026-08-04,,,,9.52,call,BULLISH,CONTINUATION,5.0,NEUTRAL,13585.0,1,20.666,True,True,True,0.9525,0.002925,track_b_cont
trackb_cont_NOW_20260605,NOW,2026-06-05,2026-08-04,,,,119.96,call,BULLISH,CONTINUATION,3.06,NEUTRAL,5446837.0,43,20.613,True,True,True,0.7852,0.023492,track_b_cont
trackb_cont_AMR_20260605,AMR,2026-06-05,2026-08-04,,,,215.03,call,BULLISH,CONTINUATION,5.0,NEUTRAL,12800.0,1,20.536,True,True,True,0.9211,0.004806,track_b_cont
trackb_cont_OSS_20260605,OSS,2026-06-05,2026-08-04,,,,18.99,call,BULLISH,CONTINUATION,5.0,NEUTRAL,12648.0,1,20.51,True,True,True,0.9183,0.00348,track_b_cont
trackb_cont_FITB_20260605,FITB,2026-06-05,2026-08-04,,,,49.65,call,BULLISH,CONTINUATION,5.0,NEUTRAL,12480.0,1,20.481,True,True,True,0.7888,-0.000684,track_b_cont
trackb_cont_HPP_20260605,HPP,2026-06-05,2026-08-04,,,,12.915,call,BULLISH,CONTINUATION,5.0,NEUTRAL,12400.0,1,20.467,True,True,True,0.9955,0.000778,track_b_cont
trackb_cont_ODFL_20260605,ODFL,2026-06-05,2026-08-04,,,,233.44,call,BULLISH,CONTINUATION,5.0,NEUTRAL,12240.0,1,20.439,True,True,True,0.9652,0.022805,track_b_cont
trackb_cont_VLY_20260605,VLY,2026-06-05,2026-08-04,,,,13.56,call,BULLISH,CONTINUATION,5.0,NEUTRAL,11760.0,1,20.352,True,True,True,0.9252,-3e-05,track_b_cont
trackb_cont_LRN_20260605,LRN,2026-06-05,2026-08-04,,,,97.875,call,BULLISH,CONTINUATION,5.0,NEUTRAL,11700.0,1,20.341,True,True,True,0.9267,-0.000165,track_b_cont
trackb_cont_TLYS_20260605,TLYS,2026-06-05,2026-08-04,,,,4.47,call,BULLISH,CONTINUATION,5.0,NEUTRAL,10964.0,1,20.2,True,True,True,0.8017,0.000248,track_b_cont
trackb_cont_BAH_20260605,BAH,2026-06-05,2026-08-04,,,,78.26,call,BULLISH,CONTINUATION,5.0,NEUTRAL,10800.0,1,20.167,True,True,True,0.7403,0.003714,track_b_cont
trackb_cont_MSM_20260605,MSM,2026-06-05,2026-08-04,,,,116.22,call,BULLISH,CONTINUATION,5.0,NEUTRAL,10500.0,1,20.106,True,True,True,0.9478,0.001925,track_b_cont
trackb_cont_PENN_20260605,PENN,2026-06-05,2026-08-04,,,,19.675,call,BULLISH,CONTINUATION,5.0,NEUTRAL,10500.0,1,20.106,True,True,True,0.9075,0.001819,track_b_cont
trackb_cont_MTH_20260605,MTH,2026-06-05,2026-08-04,,,,67.28,call,BULLISH,CONTINUATION,5.0,NEUTRAL,10280.0,1,20.06,True,True,True,0.7979,0.001151,track_b_cont
trackb_cont_ORA_20260605,ORA,2026-06-05,2026-08-04,,,,145.665,call,BULLISH,CONTINUATION,5.0,NEUTRAL,10000.0,1,20.0,True,True,True,0.9922,0.013721,track_b_cont
trackb_cont_TMHC_20260605,TMHC,2026-06-05,2026-08-04,,,,71.585,call,BULLISH,CONTINUATION,5.0,NEUTRAL,10000.0,1,20.0,True,True,True,0.9824,0.001461,track_b_cont
trackb_cont_AVAV_20260605,AVAV,2026-06-05,2026-08-04,,,,192.22,call,BULLISH,CONTINUATION,3.32,NEUTRAL,768059.0,13,19.54,True,True,True,0.7827,0.019079,track_b_cont
trackb_cont_HPQ_20260605,HPQ,2026-06-05,2026-08-04,,,,26.34,call,BULLISH,CONTINUATION,2.94,NEUTRAL,884157.0,20,17.483,True,True,True,0.7457,0.004112,track_b_cont
trackb_cont_WDC_20260605,WDC,2026-06-05,2026-08-04,,,,597.575,call,BULLISH,CONTINUATION,2.46,NEUTRAL,7675483.0,28,16.937,True,True,True,0.9411,0.028577,track_b_cont
trackb_cont_FICO_20260605,FICO,2026-06-05,2026-08-04,,,,1161.21,call,BULLISH,CONTINUATION,2.32,NEUTRAL,3375788.0,3,15.146,True,True,True,0.7471,0.190681,track_b_cont
trackb_cont_LEN_20260605,LEN,2026-06-05,2026-08-04,,,,89.18,call,BULLISH,CONTINUATION,2.91,NEUTRAL,141060.0,3,14.985,True,True,True,0.7714,0.001235,track_b_cont
trackb_cont_GE_20260605,GE,2026-06-05,2026-08-04,,,,316.15,call,BULLISH,CONTINUATION,2.36,NEUTRAL,2139716.0,7,14.94,True,True,True,0.8075,0.014983,track_b_cont
trackb_cont_BRKR_20260605,BRKR,2026-06-05,2026-08-04,,,,58.38,call,BULLISH,CONTINUATION,2.17,NEUTRAL,585448.0,10,12.515,True,True,True,0.9256,0.009359,track_b_cont
trackb_cont_IBKR_20260605,IBKR,2026-06-05,2026-08-04,,,,87.825,call,BULLISH,CONTINUATION,2.23,NEUTRAL,400581.0,11,12.494,True,True,True,0.808,-0.00309,track_b_cont
trackb_cont_HNGE_20260605,HNGE,2026-06-05,2026-08-04,,,,58.3,call,BULLISH,CONTINUATION,2.2,NEUTRAL,436953.0,15,12.409,True,True,True,0.7431,0.001336,track_b_cont
trackb_cont_GNRC_20260605,GNRC,2026-06-05,2026-08-04,,,,287.39,call,BULLISH,CONTINUATION,1.8,NEUTRAL,1304221.0,5,11.008,True,True,True,0.8286,-0.006876,track_b_cont
trackb_cont_DXCM_20260605,DXCM,2026-06-05,2026-08-04,,,,72.125,call,BULLISH,CONTINUATION,1.8,NEUTRAL,176180.0,6,9.443,True,True,True,0.8448,0.014331,track_b_cont
trackb_cont_STRL_20260605,STRL,2026-06-05,2026-08-04,,,,950.03,call,BULLISH,CONTINUATION,1.32,NEUTRAL,358390.0,4,7.332,True,True,True,0.9076,-0.054198,track_b_cont
trackb_cont_GFS_20260605,GFS,2026-06-05,2026-08-04,,,,86.19,call,BULLISH,CONTINUATION,0.99,NEUTRAL,1520659.0,27,6.12,True,True,True,0.706,0.008041,track_b_cont
trackb_cont_MTSI_20260605,MTSI,2026-06-05,2026-08-04,,,,391.69,call,BULLISH,CONTINUATION,0.82,NEUTRAL,277534.0,2,4.463,True,True,True,0.7265,0.0348,track_b_cont
trackb_cont_COHR_20260605,COHR,2026-06-05,2026-08-04,,,,417.665,call,BULLISH,CONTINUATION,0.66,NEUTRAL,3178443.0,18,4.292,True,True,True,0.9458,0.010682,track_b_cont
trackb_cont_AEHR_20260605,AEHR,2026-06-05,2026-08-04,,,,114.93,call,BULLISH,CONTINUATION,0.69,NEUTRAL,400160.0,6,3.865,True,True,True,0.9726,-0.003833,track_b_cont
trackb_cont_INOD_20260605,INOD,2026-06-05,2026-08-04,,,,107.81,call,BULLISH,CONTINUATION,0.37,NEUTRAL,2106704.0,19,2.34,True,True,True,0.9434,0.032342,track_b_cont
trackb_cont_JBL_20260605,JBL,2026-06-05,2026-08-04,,,,380.9,call,BULLISH,CONTINUATION,0.29,NEUTRAL,598171.0,5,1.675,True,True,True,0.8537,0.003116,track_b_cont
trackb_cont_NVRI_20260605,NVRI,2026-06-05,2026-08-04,,,,18.33,call,BULLISH,CONTINUATION,5.0,NEUTRAL,0.0,0,0.0,True,True,True,1.0,0.002075,track_b_cont
trackb_cont_EXTR_20260605,EXTR,2026-06-05,2026-08-04,,,,28.67,call,BULLISH,CONTINUATION,5.0,NEUTRAL,0.0,0,0.0,True,True,True,1.0,0.002527,track_b_cont
trackb_cont_CVLG_20260605,CVLG,2026-06-05,2026-08-04,,,,42.0588,call,BULLISH,CONTINUATION,5.0,NEUTRAL,0.0,0,0.0,True,True,True,0.9955,0.007161,track_b_cont
trackb_cont_CUZ_20260605,CUZ,2026-06-05,2026-08-04,,,,27.18,call,BULLISH,CONTINUATION,5.0,NEUTRAL,0.0,0,0.0,True,True,True,0.995,-0.000196,track_b_cont
trackb_cont_DBI_20260605,DBI,2026-06-05,2026-08-04,,,,8.6,call,BULLISH,CONTINUATION,5.0,NEUTRAL,0.0,0,0.0,True,True,True,0.9889,0.00068,track_b_cont
trackb_cont_PRLB_20260605,PRLB,2026-06-05,2026-08-04,,,,75.6,call,BULLISH,CONTINUATION,5.0,NEUTRAL,0.0,0,0.0,True,True,True,0.9886,0.003348,track_b_cont
trackb_cont_MEC_20260605,MEC,2026-06-05,2026-08-04,,,,32.37,call,BULLISH,CONTINUATION,5.0,NEUTRAL,0.0,0,0.0,True,True,True,0.9852,0.001266,track_b_cont
trackb_cont_KREF_20260605,KREF,2026-06-05,2026-08-04,,,,6.735,call,BULLISH,CONTINUATION,5.0,NEUTRAL,0.0,0,0.0,True,True,True,0.9851,-8.6e-05,track_b_cont
trackb_cont_SHOO_20260605,SHOO,2026-06-05,2026-08-04,,,,43.79,call,BULLISH,CONTINUATION,5.0,NEUTRAL,0.0,0,0.0,True,True,True,0.9847,0.003512,track_b_cont
trackb_cont_TKR_20260605,TKR,2026-06-05,2026-08-04,,,,131.815,call,BULLISH,CONTINUATION,5.0,NEUTRAL,0.0,0,0.0,True,True,True,0.9806,0.008299,track_b_cont
trackb_cont_PACK_20260605,PACK,2026-06-05,2026-08-04,,,,7.02,call,BULLISH,CONTINUATION,5.0,NEUTRAL,0.0,0,0.0,True,True,True,0.9778,0.00034,track_b_cont
trackb_cont_SNDR_20260605,SNDR,2026-06-05,2026-08-04,,,,36.68,call,BULLISH,CONTINUATION,5.0,NEUTRAL,0.0,0,0.0,True,True,True,0.9774,0.00458,track_b_cont
trackb_cont_ATEX_20260605,ATEX,2026-06-05,2026-08-04,,,,65.525,call,BULLISH,CONTINUATION,5.0,NEUTRAL,0.0,0,0.0,True,True,True,0.9773,0.011044,track_b_cont
trackb_cont_LFUS_20260605,LFUS,2026-06-05,2026-08-04,,,,493.53,call,BULLISH,CONTINUATION,5.0,NEUTRAL,0.0,0,0.0,True,True,True,0.9767,0.005767,track_b_cont
trackb_cont_CLDT_20260605,CLDT,2026-06-05,2026-08-04,,,,11.15,call,BULLISH,CONTINUATION,5.0,NEUTRAL,0.0,0,0.0,True,True,True,0.9764,0.001376,track_b_cont
trackb_cont_ARCB_20260605,ARCB,2026-06-05,2026-08-04,,,,140.76,call,BULLISH,CONTINUATION,5.0,NEUTRAL,0.0,0,0.0,True,True,True,0.9746,0.013723,track_b_cont
trackb_cont_WERN_20260605,WERN,2026-06-05,2026-08-04,,,,43.1,call,BULLISH,CONTINUATION,5.0,NEUTRAL,0.0,0,0.0,True,True,True,0.9719,0.005842,track_b_cont
trackb_cont_TITN_20260605,TITN,2026-06-05,2026-08-04,,,,23.35,call,BULLISH,CONTINUATION,5.0,NEUTRAL,0.0,0,0.0,True,True,True,0.9685,-0.000947,track_b_cont
trackb_cont_HTLD_20260605,HTLD,2026-06-05,2026-08-04,,,,15.53,call,BULLISH,CONTINUATION,5.0,NEUTRAL,0.0,0,0.0,True,True,True,0.9668,0.002163,track_b_cont
trackb_cont_VNO_20260605,VNO,2026-06-05,2026-08-04,,,,33.6,call,BULLISH,CONTINUATION,5.0,NEUTRAL,0.0,0,0.0,True,True,True,0.9657,0.001384,track_b_cont
trackb_cont_BZH_20260605,BZH,2026-06-05,2026-08-04,,,,25.785,call,BULLISH,CONTINUATION,5.0,NEUTRAL,0.0,0,0.0,True,True,True,0.9631,0.004163,track_b_cont
trackb_cont_SRG_20260605,SRG,2026-06-05,2026-08-04,,,,2.74,call,BULLISH,CONTINUATION,5.0,NEUTRAL,0.0,0,0.0,True,True,True,0.963,-0.000149,track_b_cont
trackb_cont_MRTN_20260605,MRTN,2026-06-05,2026-08-04,,,,17.65,call,BULLISH,CONTINUATION,5.0,NEUTRAL,0.0,0,0.0,True,True,True,0.9626,0.002151,track_b_cont
trackb_cont_TBCH_20260605,TBCH,2026-06-05,2026-08-04,,,,12.78,call,BULLISH,CONTINUATION,5.0,NEUTRAL,0.0,0,0.0,True,True,True,0.9623,0.00032,track_b_cont
trackb_cont_VSTS_20260605,VSTS,2026-06-05,2026-08-04,,,,13.16,call,BULLISH,CONTINUATION,5.0,NEUTRAL,0.0,0,0.0,True,True,True,0.9616,0.002299,track_b_cont
trackb_cont_R_20260605,R,2026-06-05,2026-08-04,,,,258.92,call,BULLISH,CONTINUATION,5.0,NEUTRAL,0.0,0,0.0,True,True,True,0.9616,0.009704,track_b_cont
trackb_cont_TWST_20260605,TWST,2026-06-05,2026-08-04,,,,71.24,call,BULLISH,CONTINUATION,5.0,NEUTRAL,0.0,0,0.0,True,True,True,0.9614,0.007673,track_b_cont
trackb_cont_ARMK_20260605,ARMK,2026-06-05,2026-08-04,,,,53.6,call,BULLISH,CONTINUATION,5.0,NEUTRAL,0.0,0,0.0,True,True,True,0.9611,0.005789,track_b_cont
trackb_cont_PEB_20260605,PEB,2026-06-05,2026-08-04,,,,15.91,call,BULLISH,CONTINUATION,5.0,NEUTRAL,0.0,0,0.0,True,True,True,0.961,0.00078,track_b_cont
trackb_cont_NTRS_20260605,NTRS,2026-06-05,2026-08-04,,,,166.85,call,BULLISH,CONTINUATION,5.0,NEUTRAL,0.0,0,0.0,True,True,True,0.96,0.003101,track_b_cont
trackb_cont_LSTR_20260605,LSTR,2026-06-05,2026-08-04,,,,214.9,call,BULLISH,CONTINUATION,5.0,NEUTRAL,0.0,0,0.0,True,True,True,0.9588,0.025025,track_b_cont
trackb_cont_VMI_20260605,VMI,2026-06-05,2026-08-04,,,,544.88,call,BULLISH,CONTINUATION,5.0,NEUTRAL,0.0,0,0.0,True,True,True,0.9586,-0.006896,track_b_cont
trackb_cont_MTUS_20260605,MTUS,2026-06-05,2026-08-04,,,,20.035,call,BULLISH,CONTINUATION,5.0,NEUTRAL,0.0,0,0.0,True,True,True,0.9578,0.000614,track_b_cont
trackb_cont_SAH_20260605,SAH,2026-06-05,2026-08-04,,,,83.43,call,BULLISH,CONTINUATION,5.0,NEUTRAL,0.0,0,0.0,True,True,True,0.9574,5.3e-05,track_b_cont
trackb_cont_PAG_20260605,PAG,2026-06-05,2026-08-04,,,,171.935,call,BULLISH,CONTINUATION,5.0,NEUTRAL,0.0,0,0.0,True,True,True,0.9565,-0.007593,track_b_cont
trackb_cont_TRU_20260605,TRU,2026-06-05,2026-08-04,,,,69.015,call,BULLISH,CONTINUATION,5.0,NEUTRAL,0.0,0,0.0,True,True,True,0.9546,0.000386,track_b_cont
trackb_cont_MTB_20260605,MTB,2026-06-05,2026-08-04,,,,214.235,call,BULLISH,CONTINUATION,5.0,NEUTRAL,0.0,0,0.0,True,True,True,0.9537,-0.001284,track_b_cont
trackb_cont_SHO_20260605,SHO,2026-06-05,2026-08-04,,,,11.255,call,BULLISH,CONTINUATION,5.0,NEUTRAL,0.0,0,0.0,True,True,True,0.9536,0.000488,track_b_cont
trackb_cont_SXC_20260605,SXC,2026-06-05,2026-08-04,,,,9.355,call,BULLISH,CONTINUATION,5.0,NEUTRAL,0.0,0,0.0,True,True,True,0.9534,0.001699,track_b_cont
trackb_cont_FLS_20260605,FLS,2026-06-05,2026-08-04,,,,75.79,call,BULLISH,CONTINUATION,5.0,NEUTRAL,0.0,0,0.0,True,True,True,0.9525,0.001212,track_b_cont
trackb_cont_BOC_20260605,BOC,2026-06-05,2026-08-04,,,,13.27,call,BULLISH,CONTINUATION,5.0,NEUTRAL,0.0,0,0.0,True,True,True,0.9512,0.001413,track_b_cont
trackb_cont_ABAT_20260605,ABAT,2026-06-05,2026-08-04,,,,3.6901,call,BULLISH,CONTINUATION,5.0,NEUTRAL,0.0,0,0.0,True,True,True,0.9508,0.000122,track_b_cont
trackb_cont_RLJ_20260605,RLJ,2026-06-05,2026-08-04,,,,10.105,call,BULLISH,CONTINUATION,5.0,NEUTRAL,0.0,0,0.0,True,True,True,0.9508,0.00098,track_b_cont
trackb_cont_HST_20260605,HST,2026-06-05,2026-08-04,,,,23.935,call,BULLISH,CONTINUATION,5.0,NEUTRAL,0.0,0,0.0,True,True,True,0.9502,0.001142,track_b_cont
trackb_cont_RXO_20260605,RXO,2026-06-05,2026-08-04,,,,26.72,call,BULLISH,CONTINUATION,5.0,NEUTRAL,0.0,0,0.0,True,True,True,0.9497,0.006405,track_b_cont
trackb_cont_VC_20260605,VC,2026-06-05,2026-08-04,,,,123.53,call,BULLISH,CONTINUATION,5.0,NEUTRAL,0.0,0,0.0,True,True,True,0.9492,6.3e-05,track_b_cont
trackb_cont_KN_20260605,KN,2026-06-05,2026-08-04,,,,39.2901,call,BULLISH,CONTINUATION,5.0,NEUTRAL,0.0,0,0.0,True,True,True,0.9484,0.002046,track_b_cont
trackb_cont_EFC_20260605,EFC,2026-06-05,2026-08-04,,,,13.4175,call,BULLISH,CONTINUATION,5.0,NEUTRAL,0.0,0,0.0,True,True,True,0.9483,-0.000124,track_b_cont
trackb_cont_RCL_20260605,RCL,2026-06-05,2026-08-04,,,,292.81,call,BULLISH,CONTINUATION,0.0,NEUTRAL,1973951.0,6,0.0,True,True,True,0.9483,-0.003354,track_b_cont
trackb_cont_COHU_20260605,COHU,2026-06-05,2026-08-04,,,,56.5,call,BULLISH,CONTINUATION,5.0,NEUTRAL,0.0,0,0.0,True,True,True,0.948,0.000833,track_b_cont
trackb_cont_ARE_20260605,ARE,2026-06-05,2026-08-04,,,,52.29,call,BULLISH,CONTINUATION,5.0,NEUTRAL,0.0,0,0.0,True,True,True,0.9477,0.003625,track_b_cont
trackb_cont_ROG_20260605,ROG,2026-06-05,2026-08-04,,,,151.22,call,BULLISH,CONTINUATION,5.0,NEUTRAL,0.0,0,0.0,True,True,True,0.9467,-0.001698,track_b_cont
trackb_cont_ALNT_20260605,ALNT,2026-06-05,2026-08-04,,,,85.37,call,BULLISH,CONTINUATION,5.0,NEUTRAL,0.0,0,0.0,True,True,True,0.9463,0.003464,track_b_cont
trackb_cont_IPGP_20260605,IPGP,2026-06-05,2026-08-04,,,,132.72,call,BULLISH,CONTINUATION,5.0,NEUTRAL,0.0,0,0.0,True,True,True,0.9463,0.015693,track_b_cont
trackb_cont_FTCI_20260605,FTCI,2026-06-05,2026-08-04,,,,5.6644,call,BULLISH,CONTINUATION,5.0,NEUTRAL,0.0,0,0.0,True,True,True,0.9459,0.000925,track_b_cont
trackb_cont_CVI_20260605,CVI,2026-06-05,2026-08-04,,,,36.0,call,BULLISH,CONTINUATION,5.0,NEUTRAL,0.0,0,0.0,True,True,True,0.9459,-0.001512,track_b_cont
trackb_cont_SN_20260605,SN,2026-06-05,2026-08-04,,,,122.12,call,BULLISH,CONTINUATION,5.0,NEUTRAL,0.0,0,0.0,True,True,True,0.9455,0.003575,track_b_cont
trackb_cont_HIW_20260605,HIW,2026-06-05,2026-08-04,,,,26.8,call,BULLISH,CONTINUATION,5.0,NEUTRAL,0.0,0,0.0,True,True,True,0.9453,0.000657,track_b_cont
trackb_cont_ACMR_20260605,ACMR,2026-06-05,2026-08-04,,,,89.165,call,BULLISH,CONTINUATION,0.0,NEUTRAL,373272.0,3,0.0,True,True,True,0.9452,0.026943,track_b_cont
trackb_cont_TUSK_20260605,TUSK,2026-06-05,2026-08-04,,,,3.54,call,BULLISH,CONTINUATION,5.0,NEUTRAL,0.0,0,0.0,True,True,True,0.9446,0.000583,track_b_cont
trackb_cont_INN_20260605,INN,2026-06-05,2026-08-04,,,,5.955,call,BULLISH,CONTINUATION,5.0,NEUTRAL,0.0,0,0.0,True,True,True,0.9435,0.000425,track_b_cont
trackb_cont_LAD_20260605,LAD,2026-06-05,2026-08-04,,,,293.3,call,BULLISH,CONTINUATION,5.0,NEUTRAL,0.0,0,0.0,True,True,True,0.9424,-0.005083,track_b_cont
trackb_cont_NSIT_20260605,NSIT,2026-06-05,2026-08-04,,,,112.515,call,BULLISH,CONTINUATION,5.0,NEUTRAL,0.0,0,0.0,True,True,True,0.9402,0.026784,track_b_cont
trackb_cont_KNX_20260605,KNX,2026-06-05,2026-08-04,,,,78.23,call,BULLISH,CONTINUATION,0.0,NEUTRAL,339760.0,1,0.0,True,True,True,0.9374,0.011532,track_b_cont
trackb_cont_TTI_20260605,TTI,2026-06-05,2026-08-04,,,,9.99,call,BULLISH,CONTINUATION,5.0,NEUTRAL,0.0,0,0.0,True,True,True,0.9353,0.000241,track_b_cont
trackb_cont_AYI_20260605,AYI,2026-06-05,2026-08-04,,,,310.88,call,BULLISH,CONTINUATION,5.0,NEUTRAL,0.0,0,0.0,True,True,True,0.9347,-0.001722,track_b_cont
trackb_cont_LODE_20260605,LODE,2026-06-05,2026-08-04,,,,3.955,call,BULLISH,CONTINUATION,5.0,NEUTRAL,0.0,0,0.0,True,True,True,0.9333,0.000958,track_b_cont
trackb_cont_GCO_20260605,GCO,2026-06-05,2026-08-04,,,,38.95,call,BULLISH,CONTINUATION,5.0,NEUTRAL,0.0,0,0.0,True,True,True,0.9329,0.003409,track_b_cont
trackb_cont_GRBK_20260605,GRBK,2026-06-05,2026-08-04,,,,68.35,call,BULLISH,CONTINUATION,5.0,NEUTRAL,0.0,0,0.0,True,True,True,0.9324,0.001192,track_b_cont
trackb_cont_TOMZ_20260605,TOMZ,2026-06-05,2026-08-04,,,,1.03,call,BULLISH,CONTINUATION,5.0,NEUTRAL,0.0,0,0.0,True,True,True,0.9318,0.000139,track_b_cont
trackb_cont_RS_20260605,RS,2026-06-05,2026-08-04,,,,392.6,call,BULLISH,CONTINUATION,5.0,NEUTRAL,0.0,0,0.0,True,True,True,0.9313,-0.000112,track_b_cont
trackb_cont_WATT_20260605,WATT,2026-06-05,2026-08-04,,,,29.13,call,BULLISH,CONTINUATION,5.0,NEUTRAL,0.0,0,0.0,True,True,True,0.9311,0.001211,track_b_cont
trackb_cont_NOVT_20260605,NOVT,2026-06-05,2026-08-04,,,,170.07,call,BULLISH,CONTINUATION,5.0,NEUTRAL,0.0,0,0.0,True,True,True,0.9307,0.017208,track_b_cont
trackb_cont_KBH_20260605,KBH,2026-06-05,2026-08-04,,,,50.59,call,BULLISH,CONTINUATION,5.0,NEUTRAL,0.0,0,0.0,True,True,True,0.9298,0.000161,track_b_cont
trackb_cont_DORM_20260605,DORM,2026-06-05,2026-08-04,,,,124.28,call,BULLISH,CONTINUATION,5.0,NEUTRAL,0.0,0,0.0,True,True,True,0.9295,-0.00138,track_b_cont
trackb_cont_URG_20260605,URG,2026-06-05,2026-08-04,,,,1.915,call,BULLISH,CONTINUATION,5.0,NEUTRAL,0.0,0,0.0,True,True,True,0.9286,-0.000275,track_b_cont
trackb_cont_APLE_20260605,APLE,2026-06-05,2026-08-04,,,,15.115,call,BULLISH,CONTINUATION,5.0,NEUTRAL,0.0,0,0.0,True,True,True,0.928,0.000797,track_b_cont
trackb_cont_DGII_20260605,DGII,2026-06-05,2026-08-04,,,,67.735,call,BULLISH,CONTINUATION,5.0,NEUTRAL,0.0,0,0.0,True,True,True,0.9272,0.004362,track_b_cont
trackb_cont_RAL_20260605,RAL,2026-06-05,2026-08-04,,,,62.36,call,BULLISH,CONTINUATION,5.0,NEUTRAL,0.0,0,0.0,True,True,True,0.926,0.010761,track_b_cont
trackb_cont_CWEN_20260605,CWEN,2026-06-05,2026-08-04,,,,41.24,call,BULLISH,CONTINUATION,5.0,NEUTRAL,0.0,0,0.0,True,True,True,0.9248,0.000971,track_b_cont
trackb_cont_SONO_20260605,SONO,2026-06-05,2026-08-04,,,,15.64,call,BULLISH,CONTINUATION,5.0,NEUTRAL,0.0,0,0.0,True,True,True,0.9239,0.000782,track_b_cont
trackb_cont_OPLN_20260605,OPLN,2026-06-05,2026-08-04,,,,37.32,call,BULLISH,CONTINUATION,5.0,NEUTRAL,0.0,0,0.0,True,True,True,0.9229,-3.6e-05,track_b_cont
trackb_cont_DAN_20260605,DAN,2026-06-05,2026-08-04,,,,37.28,call,BULLISH,CONTINUATION,5.0,NEUTRAL,0.0,0,0.0,True,True,True,0.9227,-0.000275,track_b_cont
trackb_cont_PSN_20260605,PSN,2026-06-05,2026-08-04,,,,59.545,call,BULLISH,CONTINUATION,5.0,NEUTRAL,0.0,0,0.0,True,True,True,0.9225,0.006062,track_b_cont
trackb_cont_MTRN_20260605,MTRN,2026-06-05,2026-08-04,,,,227.57,call,BULLISH,CONTINUATION,5.0,NEUTRAL,0.0,0,0.0,True,True,True,0.9223,0.015958,track_b_cont
trackb_cont_SCSC_20260605,SCSC,2026-06-05,2026-08-04,,,,45.6,call,BULLISH,CONTINUATION,5.0,NEUTRAL,0.0,0,0.0,True,True,True,0.9219,0.001967,track_b_cont
trackb_cont_IP_20260605,IP,2026-06-05,2026-08-04,,,,33.48,call,BULLISH,CONTINUATION,5.0,NEUTRAL,0.0,0,0.0,True,True,True,0.9191,-0.000403,track_b_cont
trackb_cont_HUBG_20260605,HUBG,2026-06-05,2026-08-04,,,,43.24,call,BULLISH,CONTINUATION,5.0,NEUTRAL,0.0,0,0.0,True,True,True,0.9179,0.001023,track_b_cont
trackb_cont_IESC_20260605,IESC,2026-06-05,2026-08-04,,,,727.44,call,BULLISH,CONTINUATION,5.0,NEUTRAL,0.0,0,0.0,True,True,True,0.9172,-0.013066,track_b_cont
trackb_cont_QMCO_20260605,QMCO,2026-06-05,2026-08-04,,,,13.82,call,BULLISH,CONTINUATION,5.0,NEUTRAL,0.0,0,0.0,True,True,True,0.9161,0.000382,track_b_cont
trackb_cont_PLXS_20260605,PLXS,2026-06-05,2026-08-04,,,,287.3,call,BULLISH,CONTINUATION,5.0,NEUTRAL,0.0,0,0.0,True,True,True,0.9161,-0.004138,track_b_cont
trackb_cont_SVV_20260605,SVV,2026-06-05,2026-08-04,,,,9.375,call,BULLISH,CONTINUATION,5.0,NEUTRAL,0.0,0,0.0,True,True,True,0.9155,0.000567,track_b_cont
trackb_cont_PPG_20260605,PPG,2026-06-05,2026-08-04,,,,111.75,call,BULLISH,CONTINUATION,5.0,NEUTRAL,0.0,0,0.0,True,True,True,0.9154,0.001089,track_b_cont
trackb_cont_CURI_20260605,CURI,2026-06-05,2026-08-04,,,,3.05,call,BULLISH,CONTINUATION,5.0,NEUTRAL,0.0,0,0.0,True,True,True,0.9151,-0.000368,track_b_cont
trackb_cont_FSTR_20260605,FSTR,2026-06-05,2026-08-04,,,,41.8,call,BULLISH,CONTINUATION,5.0,NEUTRAL,0.0,0,0.0,True,True,True,0.9145,-0.001749,track_b_cont
trackb_cont_NNBR_20260605,NNBR,2026-06-05,2026-08-04,,,,3.055,call,BULLISH,CONTINUATION,5.0,NEUTRAL,0.0,0,0.0,True,True,True,0.9123,0.000305,track_b_cont
trackb_cont_AREC_20260605,AREC,2026-06-05,2026-08-04,,,,2.555,call,BULLISH,CONTINUATION,5.0,NEUTRAL,0.0,0,0.0,True,True,True,0.9121,-0.000103,track_b_cont
trackb_cont_KFRC_20260605,KFRC,2026-06-05,2026-08-04,,,,46.19,call,BULLISH,CONTINUATION,5.0,NEUTRAL,0.0,0,0.0,True,True,True,0.9119,0.001405,track_b_cont
trackb_cont_DRH_20260605,DRH,2026-06-05,2026-08-04,,,,11.225,call,BULLISH,CONTINUATION,5.0,NEUTRAL,0.0,0,0.0,True,True,True,0.9118,0.000244,track_b_cont
trackb_cont_AAON_20260605,AAON,2026-06-05,2026-08-04,,,,146.99,call,BULLISH,CONTINUATION,5.0,NEUTRAL,0.0,0,0.0,True,True,True,0.9091,0.015341,track_b_cont
trackb_cont_XHR_20260605,XHR,2026-06-05,2026-08-04,,,,17.68,call,BULLISH,CONTINUATION,5.0,NEUTRAL,0.0,0,0.0,True,True,True,0.907,0.000505,track_b_cont
trackb_cont_MSEX_20260605,MSEX,2026-06-05,2026-08-04,,,,52.51,call,BULLISH,CONTINUATION,5.0,NEUTRAL,0.0,0,0.0,True,True,True,0.9042,-0.000124,track_b_cont
trackb_cont_MTN_20260605,MTN,2026-06-05,2026-08-04,,,,134.99,call,BULLISH,CONTINUATION,5.0,NEUTRAL,0.0,0,0.0,True,True,True,0.8995,0.005426,track_b_cont
trackb_cont_SSYS_20260605,SSYS,2026-06-05,2026-08-04,,,,10.055,call,BULLISH,CONTINUATION,5.0,NEUTRAL,0.0,0,0.0,True,True,True,0.8982,0.000915,track_b_cont
trackb_cont_MATX_20260605,MATX,2026-06-05,2026-08-04,,,,187.2,call,BULLISH,CONTINUATION,5.0,NEUTRAL,0.0,0,0.0,True,True,True,0.8977,-0.000533,track_b_cont
trackb_cont_AAT_20260605,AAT,2026-06-05,2026-08-04,,,,23.27,call,BULLISH,CONTINUATION,5.0,NEUTRAL,0.0,0,0.0,True,True,True,0.8971,0.001738,track_b_cont
trackb_cont_LNN_20260605,LNN,2026-06-05,2026-08-04,,,,112.38,call,BULLISH,CONTINUATION,5.0,NEUTRAL,0.0,0,0.0,True,True,True,0.8959,-0.001011,track_b_cont
trackb_cont_WSM_20260605,WSM,2026-06-05,2026-08-04,,,,204.05,call,BULLISH,CONTINUATION,0.0,NEUTRAL,178261.0,2,0.0,True,True,True,0.8945,0.019202,track_b_cont
trackb_cont_PSX_20260605,PSX,2026-06-05,2026-08-04,,,,186.47,call,BULLISH,CONTINUATION,0.0,NEUTRAL,1043617.0,6,0.0,True,True,True,0.8945,0.002101,track_b_cont
trackb_cont_SNX_20260605,SNX,2026-06-05,2026-08-04,,,,278.2175,call,BULLISH,CONTINUATION,5.0,NEUTRAL,0.0,0,0.0,True,True,True,0.893,0.012051,track_b_cont
trackb_cont_MNST_20260605,MNST,2026-06-05,2026-08-04,,,,88.91,call,BULLISH,CONTINUATION,5.0,NEUTRAL,0.0,0,0.0,True,True,True,0.8921,0.005258,track_b_cont
trackb_cont_WOR_20260605,WOR,2026-06-05,2026-08-04,,,,57.37,call,BULLISH,CONTINUATION,5.0,NEUTRAL,0.0,0,0.0,True,True,True,0.8918,6.8e-05,track_b_cont
trackb_cont_CMP_20260605,CMP,2026-06-05,2026-08-04,,,,32.98,call,BULLISH,CONTINUATION,5.0,NEUTRAL,0.0,0,0.0,True,True,True,0.8916,0.00323,track_b_cont
trackb_cont_RF_20260605,RF,2026-06-05,2026-08-04,,,,27.46,call,BULLISH,CONTINUATION,5.0,NEUTRAL,0.0,0,0.0,True,True,True,0.8908,-0.000124,track_b_cont
trackb_cont_GNTX_20260605,GNTX,2026-06-05,2026-08-04,,,,24.99,call,BULLISH,CONTINUATION,5.0,NEUTRAL,0.0,0,0.0,True,True,True,0.8906,0.000345,track_b_cont
trackb_cont_OPAD_20260605,OPAD,2026-06-05,2026-08-04,,,,0.7801,call,BULLISH,CONTINUATION,5.0,NEUTRAL,0.0,0,0.0,True,True,True,0.8901,7.1e-05,track_b_cont
trackb_cont_HOV_20260605,HOV,2026-06-05,2026-08-04,,,,108.12,call,BULLISH,CONTINUATION,5.0,NEUTRAL,0.0,0,0.0,True,True,True,0.8898,0.002703,track_b_cont
trackb_cont_BBBY_20260605,BBBY,2026-06-05,2026-08-04,,,,6.025,call,BULLISH,CONTINUATION,5.0,NEUTRAL,0.0,0,0.0,True,True,True,0.8894,0.001087,track_b_cont
trackb_cont_GIII_20260605,GIII,2026-06-05,2026-08-04,,,,32.205,call,BULLISH,CONTINUATION,5.0,NEUTRAL,0.0,0,0.0,True,True,True,0.8885,0.000368,track_b_cont
trackb_cont_PBI_20260605,PBI,2026-06-05,2026-08-04,,,,16.23,call,BULLISH,CONTINUATION,5.0,NEUTRAL,0.0,0,0.0,True,True,True,0.8878,0.000143,track_b_cont
trackb_cont_HAE_20260605,HAE,2026-06-05,2026-08-04,,,,65.27,call,BULLISH,CONTINUATION,5.0,NEUTRAL,0.0,0,0.0,True,True,True,0.8864,0.011424,track_b_cont
trackb_cont_CWT_20260605,CWT,2026-06-05,2026-08-04,,,,45.1025,call,BULLISH,CONTINUATION,5.0,NEUTRAL,0.0,0,0.0,True,True,True,0.8851,8.8e-05,track_b_cont
trackb_cont_PLPC_20260605,PLPC,2026-06-05,2026-08-04,,,,375.0,call,BULLISH,CONTINUATION,5.0,NEUTRAL,0.0,0,0.0,True,True,True,0.8842,0.011908,track_b_cont
trackb_cont_EW_20260605,EW,2026-06-05,2026-08-04,,,,86.295,call,BULLISH,CONTINUATION,5.0,NEUTRAL,0.0,0,0.0,True,True,True,0.883,0.003636,track_b_cont
trackb_cont_WALD_20260605,WALD,2026-06-05,2026-08-04,,,,1.775,call,BULLISH,CONTINUATION,5.0,NEUTRAL,0.0,0,0.0,True,True,True,0.8829,-8.6e-05,track_b_cont
trackb_cont_ADP_20260605,ADP,2026-06-05,2026-08-04,,,,225.73,call,BULLISH,CONTINUATION,5.0,NEUTRAL,0.0,0,0.0,True,True,True,0.8823,0.009996,track_b_cont
trackb_cont_IPX_20260605,IPX,2026-06-05,2026-08-04,,,,40.38,call,BULLISH,CONTINUATION,5.0,NEUTRAL,0.0,0,0.0,True,True,True,0.8819,-0.000352,track_b_cont
trackb_cont_KFY_20260605,KFY,2026-06-05,2026-08-04,,,,69.64,call,BULLISH,CONTINUATION,5.0,NEUTRAL,0.0,0,0.0,True,True,True,0.8816,0.001904,track_b_cont
trackb_cont_RYZ_20260605,RYZ,2026-06-05,2026-08-04,,,,28.0575,call,BULLISH,CONTINUATION,5.0,NEUTRAL,0.0,0,0.0,True,True,True,0.8816,6.7e-05,track_b_cont
trackb_cont_WCC_20260605,WCC,2026-06-05,2026-08-04,,,,374.165,call,BULLISH,CONTINUATION,5.0,NEUTRAL,0.0,0,0.0,True,True,True,0.8812,-0.007528,track_b_cont
trackb_cont_NB_20260605,NB,2026-06-05,2026-08-04,,,,5.875,call,BULLISH,CONTINUATION,5.0,NEUTRAL,0.0,0,0.0,True,True,True,0.879,-0.000624,track_b_cont
trackb_cont_CVCO_20260605,CVCO,2026-06-05,2026-08-04,,,,537.86,call,BULLISH,CONTINUATION,5.0,NEUTRAL,0.0,0,0.0,True,True,True,0.8788,0.041934,track_b_cont
trackb_cont_RLGT_20260605,RLGT,2026-06-05,2026-08-04,,,,8.59,call,BULLISH,CONTINUATION,5.0,NEUTRAL,0.0,0,0.0,True,True,True,0.8785,0.000126,track_b_cont
trackb_cont_CNK_20260605,CNK,2026-06-05,2026-08-04,,,,29.96,call,BULLISH,CONTINUATION,5.0,NEUTRAL,0.0,0,0.0,True,True,True,0.8783,0.000526,track_b_cont
trackb_cont_FOR_20260605,FOR,2026-06-05,2026-08-04,,,,26.875,call,BULLISH,CONTINUATION,5.0,NEUTRAL,0.0,0,0.0,True,True,True,0.8778,-0.000653,track_b_cont
trackb_cont_BRC_20260605,BRC,2026-06-05,2026-08-04,,,,87.615,call,BULLISH,CONTINUATION,5.0,NEUTRAL,0.0,0,0.0,True,True,True,0.8769,0.011038,track_b_cont
trackb_cont_BBSI_20260605,BBSI,2026-06-05,2026-08-04,,,,32.375,call,BULLISH,CONTINUATION,5.0,NEUTRAL,0.0,0,0.0,True,True,True,0.8767,0.002209,track_b_cont
trackb_cont_LEA_20260605,LEA,2026-06-05,2026-08-04,,,,146.55,call,BULLISH,CONTINUATION,5.0,NEUTRAL,0.0,0,0.0,True,True,True,0.8765,0.003645,track_b_cont
trackb_cont_AMN_20260605,AMN,2026-06-05,2026-08-04,,,,29.5,call,BULLISH,CONTINUATION,5.0,NEUTRAL,0.0,0,0.0,True,True,True,0.876,0.001242,track_b_cont
trackb_cont_TNET_20260605,TNET,2026-06-05,2026-08-04,,,,46.26,call,BULLISH,CONTINUATION,5.0,NEUTRAL,0.0,0,0.0,True,True,True,0.8743,0.002766,track_b_cont
trackb_cont_EEX_20260605,EEX,2026-06-05,2026-08-04,,,,4.975,call,BULLISH,CONTINUATION,5.0,NEUTRAL,0.0,0,0.0,True,True,True,0.8732,0.000141,track_b_cont
trackb_cont_BHE_20260605,BHE,2026-06-05,2026-08-04,,,,88.33,call,BULLISH,CONTINUATION,5.0,NEUTRAL,0.0,0,0.0,True,True,True,0.8729,-0.002441,track_b_cont
trackb_cont_BCAR_20260605,BCAR,2026-06-05,2026-08-04,,,,10.995,call,BULLISH,CONTINUATION,5.0,NEUTRAL,0.0,0,0.0,True,True,True,0.8721,3.8e-05,track_b_cont
trackb_cont_MYPS_20260605,MYPS,2026-06-05,2026-08-04,,,,0.5396,call,BULLISH,CONTINUATION,5.0,NEUTRAL,0.0,0,0.0,True,True,True,0.8713,5.2e-05,track_b_cont
trackb_cont_AMRZ_20260605,AMRZ,2026-06-05,2026-08-04,,,,54.055,call,BULLISH,CONTINUATION,5.0,NEUTRAL,0.0,0,0.0,True,True,True,0.8707,-0.001551,track_b_cont
trackb_cont_BFH_20260605,BFH,2026-06-05,2026-08-04,,,,89.21,call,BULLISH,CONTINUATION,5.0,NEUTRAL,0.0,0,0.0,True,True,True,0.8699,0.001138,track_b_cont
trackb_cont_IAUX_20260605,IAUX,2026-06-05,2026-08-04,,,,1.555,call,BULLISH,CONTINUATION,5.0,NEUTRAL,0.0,0,0.0,True,True,True,0.8696,-1.7e-05,track_b_cont
trackb_cont_TBI_20260605,TBI,2026-06-05,2026-08-04,,,,6.655,call,BULLISH,CONTINUATION,5.0,NEUTRAL,0.0,0,0.0,True,True,True,0.8693,0.00012,track_b_cont
trackb_cont_CLMB_20260605,CLMB,2026-06-05,2026-08-04,,,,21.58,call,BULLISH,CONTINUATION,5.0,NEUTRAL,0.0,0,0.0,True,True,True,0.869,0.001667,track_b_cont
trackb_cont_LGIH_20260605,LGIH,2026-06-05,2026-08-04,,,,47.31,call,BULLISH,CONTINUATION,5.0,NEUTRAL,0.0,0,0.0,True,True,True,0.8639,0.000892,track_b_cont
trackb_cont_HRB_20260605,HRB,2026-06-05,2026-08-04,,,,37.33,call,BULLISH,CONTINUATION,5.0,NEUTRAL,0.0,0,0.0,True,True,True,0.8631,0.004807,track_b_cont
trackb_cont_PAYX_20260605,PAYX,2026-06-05,2026-08-04,,,,98.21,call,BULLISH,CONTINUATION,5.0,NEUTRAL,0.0,0,0.0,True,True,True,0.8625,0.004434,track_b_cont
trackb_cont_PFG_20260605,PFG,2026-06-05,2026-08-04,,,,102.01,call,BULLISH,CONTINUATION,5.0,NEUTRAL,0.0,0,0.0,True,True,True,0.8621,0.001484,track_b_cont
trackb_cont_MHO_20260605,MHO,2026-06-05,2026-08-04,,,,136.07,call,BULLISH,CONTINUATION,5.0,NEUTRAL,0.0,0,0.0,True,True,True,0.8621,0.001136,track_b_cont
trackb_cont_A_20260605,A,2026-06-05,2026-08-04,,,,138.695,call,BULLISH,CONTINUATION,0.0,NEUTRAL,208479.0,5,0.0,True,True,True,0.8613,0.008021,track_b_cont
trackb_cont_NCMI_20260605,NCMI,2026-06-05,2026-08-04,,,,3.555,call,BULLISH,CONTINUATION,5.0,NEUTRAL,0.0,0,0.0,True,True,True,0.8605,-0.000315,track_b_cont
trackb_cont_FA_20260605,FA,2026-06-05,2026-08-04,,,,15.915,call,BULLISH,CONTINUATION,5.0,NEUTRAL,0.0,0,0.0,True,True,True,0.859,0.000954,track_b_cont
trackb_cont_ICHR_20260605,ICHR,2026-06-05,2026-08-04,,,,72.92,call,BULLISH,CONTINUATION,5.0,NEUTRAL,0.0,0,0.0,True,True,True,0.8575,-0.005919,track_b_cont
trackb_cont_WS_20260605,WS,2026-06-05,2026-08-04,,,,42.59,call,BULLISH,CONTINUATION,5.0,NEUTRAL,0.0,0,0.0,True,True,True,0.8567,0.000228,track_b_cont
trackb_cont_CAL_20260605,CAL,2026-06-05,2026-08-04,,,,14.12,call,BULLISH,CONTINUATION,5.0,NEUTRAL,0.0,0,0.0,True,True,True,0.8552,0.001389,track_b_cont
trackb_cont_ASH_20260605,ASH,2026-06-05,2026-08-04,,,,57.185,call,BULLISH,CONTINUATION,5.0,NEUTRAL,0.0,0,0.0,True,True,True,0.8551,0.001807,track_b_cont
trackb_cont_LCUT_20260605,LCUT,2026-06-05,2026-08-04,,,,8.97,call,BULLISH,CONTINUATION,5.0,NEUTRAL,0.0,0,0.0,True,True,True,0.8529,0.002473,track_b_cont
trackb_cont_BDN_20260605,BDN,2026-06-05,2026-08-04,,,,3.055,call,BULLISH,CONTINUATION,5.0,NEUTRAL,0.0,0,0.0,True,True,True,0.8519,-8.5e-05,track_b_cont
trackb_cont_RHI_20260605,RHI,2026-06-05,2026-08-04,,,,29.525,call,BULLISH,CONTINUATION,5.0,NEUTRAL,0.0,0,0.0,True,True,True,0.8514,0.002276,track_b_cont
trackb_cont_MLAB_20260605,MLAB,2026-06-05,2026-08-04,,,,102.07,call,BULLISH,CONTINUATION,5.0,NEUTRAL,0.0,0,0.0,True,True,True,0.8511,-0.001575,track_b_cont
trackb_cont_GHI_20260605,GHI,2026-06-05,2026-08-04,,,,5.386,call,BULLISH,CONTINUATION,5.0,NEUTRAL,0.0,0,0.0,True,True,True,0.8511,-0.000145,track_b_cont
trackb_cont_LIND_20260605,LIND,2026-06-05,2026-08-04,,,,22.31,call,BULLISH,CONTINUATION,5.0,NEUTRAL,0.0,0,0.0,True,True,True,0.8492,0.001599,track_b_cont
trackb_cont_COLM_20260605,COLM,2026-06-05,2026-08-04,,,,65.71,call,BULLISH,CONTINUATION,5.0,NEUTRAL,0.0,0,0.0,True,True,True,0.8491,0.004219,track_b_cont
trackb_cont_ILPT_20260605,ILPT,2026-06-05,2026-08-04,,,,8.755,call,BULLISH,CONTINUATION,5.0,NEUTRAL,0.0,0,0.0,True,True,True,0.8488,0.001015,track_b_cont
trackb_cont_EA_20260605,EA,2026-06-05,2026-08-04,,,,202.54,call,BULLISH,CONTINUATION,5.0,NEUTRAL,0.0,0,0.0,True,True,True,0.8487,-0.004065,track_b_cont
trackb_cont_AVT_20260605,AVT,2026-06-05,2026-08-04,,,,93.26,call,BULLISH,CONTINUATION,5.0,NEUTRAL,0.0,0,0.0,True,True,True,0.8466,0.00253,track_b_cont
trackb_cont_EIX_20260605,EIX,2026-06-05,2026-08-04,,,,72.345,call,BULLISH,CONTINUATION,5.0,NEUTRAL,0.0,0,0.0,True,True,True,0.8465,-0.000647,track_b_cont
trackb_cont_CMC_20260605,CMC,2026-06-05,2026-08-04,,,,76.75,call,BULLISH,CONTINUATION,5.0,NEUTRAL,0.0,0,0.0,True,True,True,0.8457,0.002576,track_b_cont
trackb_cont_IDT_20260605,IDT,2026-06-05,2026-08-04,,,,53.465,call,BULLISH,CONTINUATION,5.0,NEUTRAL,0.0,0,0.0,True,True,True,0.8452,0.000106,track_b_cont
trackb_cont_NSP_20260605,NSP,2026-06-05,2026-08-04,,,,34.11,call,BULLISH,CONTINUATION,5.0,NEUTRAL,0.0,0,0.0,True,True,True,0.8449,0.002837,track_b_cont
trackb_cont_NEU_20260605,NEU,2026-06-05,2026-08-04,,,,786.615,call,BULLISH,CONTINUATION,5.0,NEUTRAL,0.0,0,0.0,True,True,True,0.8438,0.073958,track_b_cont
trackb_cont_MSCI_20260605,MSCI,2026-06-05,2026-08-04,,,,622.0175,call,BULLISH,CONTINUATION,5.0,NEUTRAL,0.0,0,0.0,True,True,True,0.8437,0.022991,track_b_cont
trackb_cont_ASTI_20260605,ASTI,2026-06-05,2026-08-04,,,,7.9,call,BULLISH,CONTINUATION,5.0,NEUTRAL,0.0,0,0.0,True,True,True,0.8425,0.00227,track_b_cont
trackb_cont_UVV_20260605,UVV,2026-06-05,2026-08-04,,,,53.72,call,BULLISH,CONTINUATION,5.0,NEUTRAL,0.0,0,0.0,True,True,True,0.8412,-0.001129,track_b_cont
trackb_cont_H_20260605,H,2026-06-05,2026-08-04,,,,185.66,call,BULLISH,CONTINUATION,5.0,NEUTRAL,0.0,0,0.0,True,True,True,0.8396,0.011655,track_b_cont
trackb_cont_RHP_20260605,RHP,2026-06-05,2026-08-04,,,,115.54,call,BULLISH,CONTINUATION,5.0,NEUTRAL,0.0,0,0.0,True,True,True,0.8392,0.004615,track_b_cont
trackb_cont_WRLD_20260605,WRLD,2026-06-05,2026-08-04,,,,166.0,call,BULLISH,CONTINUATION,5.0,NEUTRAL,0.0,0,0.0,True,True,True,0.8383,0.015345,track_b_cont
trackb_cont_EMN_20260605,EMN,2026-06-05,2026-08-04,,,,76.44,call,BULLISH,CONTINUATION,5.0,NEUTRAL,0.0,0,0.0,True,True,True,0.8381,-0.002377,track_b_cont
trackb_cont_CRI_20260605,CRI,2026-06-05,2026-08-04,,,,39.22,call,BULLISH,CONTINUATION,5.0,NEUTRAL,0.0,0,0.0,True,True,True,0.8379,0.004728,track_b_cont
trackb_cont_STGW_20260605,STGW,2026-06-05,2026-08-04,,,,6.625,call,BULLISH,CONTINUATION,5.0,NEUTRAL,0.0,0,0.0,True,True,True,0.8363,0.000469,track_b_cont
trackb_cont_ITGR_20260605,ITGR,2026-06-05,2026-08-04,,,,90.15,call,BULLISH,CONTINUATION,5.0,NEUTRAL,0.0,0,0.0,True,True,True,0.836,0.001909,track_b_cont
trackb_cont_BROS_20260605,BROS,2026-06-05,2026-08-04,,,,55.595,call,BULLISH,CONTINUATION,5.0,NEUTRAL,0.0,0,0.0,True,True,True,0.8354,0.001732,track_b_cont
trackb_cont_BIO_20260605,BIO,2026-06-05,2026-08-04,,,,303.69,call,BULLISH,CONTINUATION,5.0,NEUTRAL,0.0,0,0.0,True,True,True,0.8348,0.057306,track_b_cont
trackb_cont_XPO_20260605,XPO,2026-06-05,2026-08-04,,,,219.515,call,BULLISH,CONTINUATION,5.0,NEUTRAL,0.0,0,0.0,True,True,True,0.8346,0.004487,track_b_cont
trackb_cont_PGNY_20260605,PGNY,2026-06-05,2026-08-04,,,,24.835,call,BULLISH,CONTINUATION,5.0,NEUTRAL,0.0,0,0.0,True,True,True,0.8327,0.004514,track_b_cont
trackb_cont_AP_20260605,AP,2026-06-05,2026-08-04,,,,11.64,call,BULLISH,CONTINUATION,5.0,NEUTRAL,0.0,0,0.0,True,True,True,0.8324,-0.00126,track_b_cont
trackb_cont_ASPN_20260605,ASPN,2026-06-05,2026-08-04,,,,5.875,call,BULLISH,CONTINUATION,5.0,NEUTRAL,0.0,0,0.0,True,True,True,0.8322,0.001165,track_b_cont
trackb_cont_EVR_20260605,EVR,2026-06-05,2026-08-04,,,,340.69,call,BULLISH,CONTINUATION,5.0,NEUTRAL,0.0,0,0.0,True,True,True,0.832,0.002838,track_b_cont
trackb_cont_VISN_20260605,VISN,2026-06-05,2026-08-04,,,,12.2,call,BULLISH,CONTINUATION,5.0,NEUTRAL,0.0,0,0.0,True,True,True,0.8319,0.000107,track_b_cont
trackb_cont_EIG_20260605,EIG,2026-06-05,2026-08-04,,,,43.415,call,BULLISH,CONTINUATION,5.0,NEUTRAL,0.0,0,0.0,True,True,True,0.831,0.001898,track_b_cont
trackb_cont_CBZ_20260605,CBZ,2026-06-05,2026-08-04,,,,31.72,call,BULLISH,CONTINUATION,5.0,NEUTRAL,0.0,0,0.0,True,True,True,0.831,0.002191,track_b_cont
trackb_cont_XIFR_20260605,XIFR,2026-06-05,2026-08-04,,,,12.6,call,BULLISH,CONTINUATION,5.0,NEUTRAL,0.0,0,0.0,True,True,True,0.8304,0.000417,track_b_cont
trackb_cont_RFIL_20260605,RFIL,2026-06-05,2026-08-04,,,,18.555,call,BULLISH,CONTINUATION,5.0,NEUTRAL,0.0,0,0.0,True,True,True,0.8293,0.002294,track_b_cont
trackb_cont_SAIA_20260605,SAIA,2026-06-05,2026-08-04,,,,461.91,call,BULLISH,CONTINUATION,5.0,NEUTRAL,0.0,0,0.0,True,True,True,0.8278,0.023303,track_b_cont
trackb_cont_BEPC_20260605,BEPC,2026-06-05,2026-08-04,,,,40.3199,call,BULLISH,CONTINUATION,5.0,NEUTRAL,0.0,0,0.0,True,True,True,0.8274,0.00142,track_b_cont
trackb_cont_UNFI_20260605,UNFI,2026-06-05,2026-08-04,,,,51.88,call,BULLISH,CONTINUATION,5.0,NEUTRAL,0.0,0,0.0,True,True,True,0.8263,-0.001826,track_b_cont
trackb_cont_STUB_20260605,STUB,2026-06-05,2026-08-04,,,,9.585,call,BULLISH,CONTINUATION,5.0,NEUTRAL,0.0,0,0.0,True,True,True,0.8241,0.00254,track_b_cont
trackb_cont_CTAS_20260605,CTAS,2026-06-05,2026-08-04,,,,173.55,call,BULLISH,CONTINUATION,5.0,NEUTRAL,0.0,0,0.0,True,True,True,0.8239,0.0029,track_b_cont
trackb_cont_DEVS_20260605,DEVS,2026-06-05,2026-08-04,,,,0.7962,call,BULLISH,CONTINUATION,5.0,NEUTRAL,0.0,0,0.0,True,True,True,0.8235,6.3e-05,track_b_cont
trackb_cont_WMK_20260605,WMK,2026-06-05,2026-08-04,,,,75.4,call,BULLISH,CONTINUATION,5.0,NEUTRAL,0.0,0,0.0,True,True,True,0.8234,0.002317,track_b_cont
trackb_cont_ARR_20260605,ARR,2026-06-05,2026-08-04,,,,17.08,call,BULLISH,CONTINUATION,5.0,NEUTRAL,0.0,0,0.0,True,True,True,0.8233,-0.000886,track_b_cont
trackb_cont_WY_20260605,WY,2026-06-05,2026-08-04,,,,24.53,call,BULLISH,CONTINUATION,5.0,NEUTRAL,0.0,0,0.0,True,True,True,0.822,-3.7e-05,track_b_cont
trackb_cont_HZO_20260605,HZO,2026-06-05,2026-08-04,,,,34.56,call,BULLISH,CONTINUATION,5.0,NEUTRAL,0.0,0,0.0,True,True,True,0.821,0.001959,track_b_cont
trackb_cont_MOD_20260605,MOD,2026-06-05,2026-08-04,,,,308.74,call,BULLISH,CONTINUATION,0.0,NEUTRAL,493159.0,2,0.0,True,True,True,0.8201,-0.009696,track_b_cont
trackb_cont_HGV_20260605,HGV,2026-06-05,2026-08-04,,,,50.64,call,BULLISH,CONTINUATION,5.0,NEUTRAL,0.0,0,0.0,True,True,True,0.8199,0.003939,track_b_cont
trackb_cont_FVR_20260605,FVR,2026-06-05,2026-08-04,,,,17.97,call,BULLISH,CONTINUATION,5.0,NEUTRAL,0.0,0,0.0,True,True,True,0.8189,-0.000498,track_b_cont
trackb_cont_ULCC_20260605,ULCC,2026-06-05,2026-08-04,,,,5.7,call,BULLISH,CONTINUATION,5.0,NEUTRAL,0.0,0,0.0,True,True,True,0.8184,0.000591,track_b_cont
trackb_cont_ESS_20260605,ESS,2026-06-05,2026-08-04,,,,279.42,call,BULLISH,CONTINUATION,5.0,NEUTRAL,0.0,0,0.0,True,True,True,0.8162,0.003977,track_b_cont
trackb_cont_BBGI_20260605,BBGI,2026-06-05,2026-08-04,,,,19.06,call,BULLISH,CONTINUATION,5.0,NEUTRAL,0.0,0,0.0,True,True,True,0.8154,-0.002328,track_b_cont
trackb_cont_CNM_20260605,CNM,2026-06-05,2026-08-04,,,,51.28,call,BULLISH,CONTINUATION,5.0,NEUTRAL,0.0,0,0.0,True,True,True,0.815,-0.001653,track_b_cont
trackb_cont_FC_20260605,FC,2026-06-05,2026-08-04,,,,23.145,call,BULLISH,CONTINUATION,5.0,NEUTRAL,0.0,0,0.0,True,True,True,0.8147,0.001436,track_b_cont
trackb_cont_FPH_20260605,FPH,2026-06-05,2026-08-04,,,,4.97,call,BULLISH,CONTINUATION,5.0,NEUTRAL,0.0,0,0.0,True,True,True,0.8142,7e-06,track_b_cont
trackb_cont_MHK_20260605,MHK,2026-06-05,2026-08-04,,,,104.545,call,BULLISH,CONTINUATION,5.0,NEUTRAL,0.0,0,0.0,True,True,True,0.8132,0.002562,track_b_cont
trackb_cont_VRSK_20260605,VRSK,2026-06-05,2026-08-04,,,,177.96,call,BULLISH,CONTINUATION,5.0,NEUTRAL,0.0,0,0.0,True,True,True,0.8123,0.001592,track_b_cont
trackb_cont_UNM_20260605,UNM,2026-06-05,2026-08-04,,,,83.155,call,BULLISH,CONTINUATION,5.0,NEUTRAL,0.0,0,0.0,True,True,True,0.8123,0.001656,track_b_cont
trackb_cont_NWPX_20260605,NWPX,2026-06-05,2026-08-04,,,,119.9565,call,BULLISH,CONTINUATION,5.0,NEUTRAL,0.0,0,0.0,True,True,True,0.8106,0.002352,track_b_cont
trackb_cont_BIPC_20260605,BIPC,2026-06-05,2026-08-04,,,,40.98,call,BULLISH,CONTINUATION,5.0,NEUTRAL,0.0,0,0.0,True,True,True,0.8095,0.002204,track_b_cont
trackb_cont_JRSH_20260605,JRSH,2026-06-05,2026-08-04,,,,3.41,call,BULLISH,CONTINUATION,5.0,NEUTRAL,0.0,0,0.0,True,True,True,0.8089,-8.1e-05,track_b_cont
trackb_cont_LEGH_20260605,LEGH,2026-06-05,2026-08-04,,,,23.165,call,BULLISH,CONTINUATION,5.0,NEUTRAL,0.0,0,0.0,True,True,True,0.8084,0.001439,track_b_cont
trackb_cont_ZBRA_20260605,ZBRA,2026-06-05,2026-08-04,,,,246.25,call,BULLISH,CONTINUATION,5.0,NEUTRAL,0.0,0,0.0,True,True,True,0.8078,0.011362,track_b_cont
trackb_cont_MMI_20260605,MMI,2026-06-05,2026-08-04,,,,28.89,call,BULLISH,CONTINUATION,5.0,NEUTRAL,0.0,0,0.0,True,True,True,0.8065,-0.001554,track_b_cont
trackb_cont_NTGR_20260605,NTGR,2026-06-05,2026-08-04,,,,26.14,call,BULLISH,CONTINUATION,5.0,NEUTRAL,0.0,0,0.0,True,True,True,0.8064,-0.000719,track_b_cont
trackb_cont_PII_20260605,PII,2026-06-05,2026-08-04,,,,68.3,call,BULLISH,CONTINUATION,5.0,NEUTRAL,0.0,0,0.0,True,True,True,0.8057,0.000506,track_b_cont
trackb_cont_KELYA_20260605,KELYA,2026-06-05,2026-08-04,,,,11.39,call,BULLISH,CONTINUATION,5.0,NEUTRAL,0.0,0,0.0,True,True,True,0.8053,0.001514,track_b_cont
trackb_cont_AWR_20260605,AWR,2026-06-05,2026-08-04,,,,77.21,call,BULLISH,CONTINUATION,5.0,NEUTRAL,0.0,0,0.0,True,True,True,0.8041,-0.001666,track_b_cont
trackb_cont_OPAL_20260605,OPAL,2026-06-05,2026-08-04,,,,2.255,call,BULLISH,CONTINUATION,5.0,NEUTRAL,0.0,0,0.0,True,True,True,0.8039,-6.3e-05,track_b_cont
trackb_cont_DOC_20260605,DOC,2026-06-05,2026-08-04,,,,19.335,call,BULLISH,CONTINUATION,5.0,NEUTRAL,0.0,0,0.0,True,True,True,0.8036,0.000431,track_b_cont
trackb_cont_AVTR_20260605,AVTR,2026-06-05,2026-08-04,,,,8.87,call,BULLISH,CONTINUATION,5.0,NEUTRAL,0.0,0,0.0,True,True,True,0.8006,0.000297,track_b_cont
trackb_cont_TALK_20260605,TALK,2026-06-05,2026-08-04,,,,5.22,call,BULLISH,CONTINUATION,5.0,NEUTRAL,0.0,0,0.0,True,True,True,0.8,-0.000118,track_b_cont
trackb_cont_EXP_20260605,EXP,2026-06-05,2026-08-04,,,,218.27,call,BULLISH,CONTINUATION,5.0,NEUTRAL,0.0,0,0.0,True,True,True,0.7988,0.000236,track_b_cont
trackb_cont_OLOX_20260605,OLOX,2026-06-05,2026-08-04,,,,9.49,call,BULLISH,CONTINUATION,5.0,NEUTRAL,0.0,0,0.0,True,True,True,0.7986,0.00153,track_b_cont
trackb_cont_PFGC_20260605,PFGC,2026-06-05,2026-08-04,,,,96.82,call,BULLISH,CONTINUATION,5.0,NEUTRAL,0.0,0,0.0,True,True,True,0.7984,0.001185,track_b_cont
trackb_cont_MAN_20260605,MAN,2026-06-05,2026-08-04,,,,30.46,call,BULLISH,CONTINUATION,5.0,NEUTRAL,0.0,0,0.0,True,True,True,0.7983,0.00123,track_b_cont
trackb_cont_IVT_20260605,IVT,2026-06-05,2026-08-04,,,,32.745,call,BULLISH,CONTINUATION,5.0,NEUTRAL,0.0,0,0.0,True,True,True,0.7972,0.000969,track_b_cont
trackb_cont_AZTA_20260605,AZTA,2026-06-05,2026-08-04,,,,23.945,call,BULLISH,CONTINUATION,5.0,NEUTRAL,0.0,0,0.0,True,True,True,0.7962,0.002022,track_b_cont
trackb_cont_LINE_20260605,LINE,2026-06-05,2026-08-04,,,,41.69,call,BULLISH,CONTINUATION,5.0,NEUTRAL,0.0,0,0.0,True,True,True,0.7951,0.003542,track_b_cont
trackb_cont_PRKS_20260605,PRKS,2026-06-05,2026-08-04,,,,38.33,call,BULLISH,CONTINUATION,5.0,NEUTRAL,0.0,0,0.0,True,True,True,0.7945,0.001857,track_b_cont
trackb_cont_ARQ_20260605,ARQ,2026-06-05,2026-08-04,,,,2.655,call,BULLISH,CONTINUATION,5.0,NEUTRAL,0.0,0,0.0,True,True,True,0.7937,1.5e-05,track_b_cont
trackb_cont_OMDA_20260605,OMDA,2026-06-05,2026-08-04,,,,17.3699,call,BULLISH,CONTINUATION,5.0,NEUTRAL,0.0,0,0.0,True,True,True,0.7914,0.001371,track_b_cont
trackb_cont_RPM_20260605,RPM,2026-06-05,2026-08-04,,,,104.39,call,BULLISH,CONTINUATION,5.0,NEUTRAL,0.0,0,0.0,True,True,True,0.7913,0.001748,track_b_cont
trackb_cont_RGP_20260605,RGP,2026-06-05,2026-08-04,,,,4.465,call,BULLISH,CONTINUATION,5.0,NEUTRAL,0.0,0,0.0,True,True,True,0.7898,8.5e-05,track_b_cont
trackb_cont_MYE_20260605,MYE,2026-06-05,2026-08-04,,,,23.55,call,BULLISH,CONTINUATION,5.0,NEUTRAL,0.0,0,0.0,True,True,True,0.7885,0.000272,track_b_cont
trackb_cont_AHRT_20260605,AHRT,2026-06-05,2026-08-04,,,,6.6001,call,BULLISH,CONTINUATION,5.0,NEUTRAL,0.0,0,0.0,True,True,True,0.7885,0.00037,track_b_cont
trackb_cont_CURB_20260605,CURB,2026-06-05,2026-08-04,,,,28.94,call,BULLISH,CONTINUATION,5.0,NEUTRAL,0.0,0,0.0,True,True,True,0.7873,0.000654,track_b_cont
trackb_cont_XOS_20260605,XOS,2026-06-05,2026-08-04,,,,6.2186,call,BULLISH,CONTINUATION,5.0,NEUTRAL,0.0,0,0.0,True,True,True,0.7862,0.000292,track_b_cont
trackb_cont_MGNI_20260605,MGNI,2026-06-05,2026-08-04,,,,14.09,call,BULLISH,CONTINUATION,5.0,NEUTRAL,0.0,0,0.0,True,True,True,0.7862,0.000233,track_b_cont
trackb_cont_HSIC_20260605,HSIC,2026-06-05,2026-08-04,,,,75.985,call,BULLISH,CONTINUATION,5.0,NEUTRAL,0.0,0,0.0,True,True,True,0.7859,0.002874,track_b_cont
trackb_cont_VGZ_20260605,VGZ,2026-06-05,2026-08-04,,,,2.315,call,BULLISH,CONTINUATION,5.0,NEUTRAL,0.0,0,0.0,True,True,True,0.7857,-1.9e-05,track_b_cont
trackb_cont_EPSM_20260605,EPSM,2026-06-05,2026-08-04,,,,1.6,call,BULLISH,CONTINUATION,5.0,NEUTRAL,0.0,0,0.0,True,True,True,0.7838,-7.2e-05,track_b_cont
trackb_cont_FLYX_20260605,FLYX,2026-06-05,2026-08-04,,,,2.54,call,BULLISH,CONTINUATION,5.0,NEUTRAL,0.0,0,0.0,True,True,True,0.7829,0.000257,track_b_cont
trackb_cont_WAT_20260605,WAT,2026-06-05,2026-08-04,,,,376.62,call,BULLISH,CONTINUATION,5.0,NEUTRAL,0.0,0,0.0,True,True,True,0.7826,0.010046,track_b_cont
trackb_cont_FDS_20260605,FDS,2026-06-05,2026-08-04,,,,253.33,call,BULLISH,CONTINUATION,0.0,NEUTRAL,256120.0,2,0.0,True,True,True,0.78,0.024946,track_b_cont
trackb_cont_EVGO_20260605,EVGO,2026-06-05,2026-08-04,,,,2.26,call,BULLISH,CONTINUATION,5.0,NEUTRAL,0.0,0,0.0,True,True,True,0.7792,5.7e-05,track_b_cont
trackb_cont_AIV_20260605,AIV,2026-06-05,2026-08-04,,,,4.275,call,BULLISH,CONTINUATION,5.0,NEUTRAL,0.0,0,0.0,True,True,True,0.7778,-0.000136,track_b_cont
trackb_cont_RMR_20260605,RMR,2026-06-05,2026-08-04,,,,19.81,call,BULLISH,CONTINUATION,5.0,NEUTRAL,0.0,0,0.0,True,True,True,0.7731,0.000323,track_b_cont
trackb_cont_PKG_20260605,PKG,2026-06-05,2026-08-04,,,,225.17,call,BULLISH,CONTINUATION,5.0,NEUTRAL,0.0,0,0.0,True,True,True,0.7728,-0.011292,track_b_cont
trackb_cont_HUN_20260605,HUN,2026-06-05,2026-08-04,,,,14.84,call,BULLISH,CONTINUATION,5.0,NEUTRAL,0.0,0,0.0,True,True,True,0.7725,-0.000246,track_b_cont
trackb_cont_TOL_20260605,TOL,2026-06-05,2026-08-04,,,,136.88,call,BULLISH,CONTINUATION,5.0,NEUTRAL,0.0,0,0.0,True,True,True,0.7708,-0.001933,track_b_cont
trackb_cont_EXPD_20260605,EXPD,2026-06-05,2026-08-04,,,,159.46,call,BULLISH,CONTINUATION,5.0,NEUTRAL,0.0,0,0.0,True,True,True,0.77,0.004497,track_b_cont
trackb_cont_D_20260605,D,2026-06-05,2026-08-04,,,,66.59,call,BULLISH,CONTINUATION,5.0,NEUTRAL,0.0,0,0.0,True,True,True,0.7687,0.004984,track_b_cont
trackb_cont_GM_20260605,GM,2026-06-05,2026-08-04,,,,82.97,call,BULLISH,CONTINUATION,5.0,NEUTRAL,0.0,0,0.0,True,True,True,0.7656,0.002353,track_b_cont
trackb_cont_XMAX_20260605,XMAX,2026-06-05,2026-08-04,,,,8.58,call,BULLISH,CONTINUATION,5.0,NEUTRAL,0.0,0,0.0,True,True,True,0.7642,-4.4e-05,track_b_cont
trackb_cont_PHR_20260605,PHR,2026-06-05,2026-08-04,,,,9.66,call,BULLISH,CONTINUATION,5.0,NEUTRAL,0.0,0,0.0,True,True,True,0.7638,-0.000338,track_b_cont
trackb_cont_SLG_20260605,SLG,2026-06-05,2026-08-04,,,,44.23,call,BULLISH,CONTINUATION,5.0,NEUTRAL,0.0,0,0.0,True,True,True,0.7629,-0.001245,track_b_cont
trackb_cont_RRR_20260605,RRR,2026-06-05,2026-08-04,,,,56.75,call,BULLISH,CONTINUATION,5.0,NEUTRAL,0.0,0,0.0,True,True,True,0.7625,0.003208,track_b_cont
trackb_cont_SILA_20260605,SILA,2026-06-05,2026-08-04,,,,30.245,call,BULLISH,CONTINUATION,5.0,NEUTRAL,0.0,0,0.0,True,True,True,0.7572,-0.000654,track_b_cont
trackb_cont_INSE_20260605,INSE,2026-06-05,2026-08-04,,,,7.55,call,BULLISH,CONTINUATION,5.0,NEUTRAL,0.0,0,0.0,True,True,True,0.7569,-0.000135,track_b_cont
trackb_cont_COLD_20260605,COLD,2026-06-05,2026-08-04,,,,14.755,call,BULLISH,CONTINUATION,5.0,NEUTRAL,0.0,0,0.0,True,True,True,0.7547,0.001004,track_b_cont
trackb_cont_MMM_20260605,MMM,2026-06-05,2026-08-04,,,,153.03,call,BULLISH,CONTINUATION,0.0,NEUTRAL,170973.0,2,0.0,True,True,True,0.7539,0.007561,track_b_cont
trackb_cont_TKO_20260605,TKO,2026-06-05,2026-08-04,,,,198.835,call,BULLISH,CONTINUATION,5.0,NEUTRAL,0.0,0,0.0,True,True,True,0.753,0.007561,track_b_cont
trackb_cont_CIA_20260605,CIA,2026-06-05,2026-08-04,,,,5.19,call,BULLISH,CONTINUATION,5.0,NEUTRAL,0.0,0,0.0,True,True,True,0.7525,-0.000437,track_b_cont
trackb_cont_UHAL-B_20260605,UHAL-B,2026-06-05,2026-08-04,,,,49.52,call,BULLISH,CONTINUATION,5.0,NEUTRAL,0.0,0,0.0,True,True,True,0.7509,0.000632,track_b_cont
trackb_cont_KRC_20260605,KRC,2026-06-05,2026-08-04,,,,34.52,call,BULLISH,CONTINUATION,5.0,NEUTRAL,0.0,0,0.0,True,True,True,0.7508,-0.00099,track_b_cont
trackb_cont_PHIN_20260605,PHIN,2026-06-05,2026-08-04,,,,80.07,call,BULLISH,CONTINUATION,5.0,NEUTRAL,0.0,0,0.0,True,True,True,0.7504,-0.004878,track_b_cont
trackb_cont_NGVC_20260605,NGVC,2026-06-05,2026-08-04,,,,28.625,call,BULLISH,CONTINUATION,5.0,NEUTRAL,0.0,0,0.0,True,True,True,0.7501,0.001258,track_b_cont
trackb_cont_CCO_20260605,CCO,2026-06-05,2026-08-04,,,,2.405,call,BULLISH,CONTINUATION,5.0,NEUTRAL,0.0,0,0.0,True,True,True,0.75,-4.4e-05,track_b_cont
trackb_cont_ALGT_20260605,ALGT,2026-06-05,2026-08-04,,,,84.76,call,BULLISH,CONTINUATION,5.0,NEUTRAL,0.0,0,0.0,True,True,True,0.75,0.00669,track_b_cont
trackb_cont_BTSG_20260605,BTSG,2026-06-05,2026-08-04,,,,60.5,call,BULLISH,CONTINUATION,5.0,NEUTRAL,0.0,0,0.0,True,True,True,0.7498,0.004689,track_b_cont
trackb_cont_PRSU_20260605,PRSU,2026-06-05,2026-08-04,,,,43.51,call,BULLISH,CONTINUATION,5.0,NEUTRAL,0.0,0,0.0,True,True,True,0.7495,0.00265,track_b_cont
trackb_cont_PSMT_20260605,PSMT,2026-06-05,2026-08-04,,,,171.1,call,BULLISH,CONTINUATION,5.0,NEUTRAL,0.0,0,0.0,True,True,True,0.7484,0.009427,track_b_cont
trackb_cont_AXTA_20260605,AXTA,2026-06-05,2026-08-04,,,,31.26,call,BULLISH,CONTINUATION,5.0,NEUTRAL,0.0,0,0.0,True,True,True,0.7479,0.001645,track_b_cont
trackb_cont_BTOC_20260605,BTOC,2026-06-05,2026-08-04,,,,0.3429,call,BULLISH,CONTINUATION,5.0,NEUTRAL,0.0,0,0.0,True,True,True,0.7459,1.9e-05,track_b_cont
trackb_cont_NBIX_20260605,NBIX,2026-06-05,2026-08-04,,,,163.52,call,BULLISH,CONTINUATION,5.0,NEUTRAL,0.0,0,0.0,True,True,True,0.7452,0.004275,track_b_cont
trackb_cont_IQV_20260605,IQV,2026-06-05,2026-08-04,,,,176.0,call,BULLISH,CONTINUATION,5.0,NEUTRAL,0.0,0,0.0,True,True,True,0.745,-0.003562,track_b_cont
trackb_cont_FUL_20260605,FUL,2026-06-05,2026-08-04,,,,62.505,call,BULLISH,CONTINUATION,5.0,NEUTRAL,0.0,0,0.0,True,True,True,0.7442,-0.000745,track_b_cont
trackb_cont_RVTY_20260605,RVTY,2026-06-05,2026-08-04,,,,101.38,call,BULLISH,CONTINUATION,5.0,NEUTRAL,0.0,0,0.0,True,True,True,0.7417,0.000461,track_b_cont
trackb_cont_BG_20260605,BG,2026-06-05,2026-08-04,,,,133.98,call,BULLISH,CONTINUATION,5.0,NEUTRAL,0.0,0,0.0,True,True,True,0.7411,-0.006027,track_b_cont
trackb_cont_ZONE_20260605,ZONE,2026-06-05,2026-08-04,,,,0.7607,call,BULLISH,CONTINUATION,5.0,NEUTRAL,0.0,0,0.0,True,True,True,0.7411,0.000401,track_b_cont
trackb_cont_XRN_20260605,XRN,2026-06-05,2026-08-04,,,,35.61,call,BULLISH,CONTINUATION,5.0,NEUTRAL,0.0,0,0.0,True,True,True,0.741,0.002094,track_b_cont
trackb_cont_CBRL_20260605,CBRL,2026-06-05,2026-08-04,,,,33.32,call,BULLISH,CONTINUATION,5.0,NEUTRAL,0.0,0,0.0,True,True,True,0.7406,0.002697,track_b_cont
trackb_cont_BYD_20260605,BYD,2026-06-05,2026-08-04,,,,85.71,call,BULLISH,CONTINUATION,5.0,NEUTRAL,0.0,0,0.0,True,True,True,0.736,-0.003528,track_b_cont
trackb_cont_ONL_20260605,ONL,2026-06-05,2026-08-04,,,,2.915,call,BULLISH,CONTINUATION,5.0,NEUTRAL,0.0,0,0.0,True,True,True,0.7353,2.8e-05,track_b_cont
trackb_cont_UNF_20260605,UNF,2026-06-05,2026-08-04,,,,264.575,call,BULLISH,CONTINUATION,5.0,NEUTRAL,0.0,0,0.0,True,True,True,0.7349,0.00678,track_b_cont
trackb_cont_UHAL_20260605,UHAL,2026-06-05,2026-08-04,,,,55.4004,call,BULLISH,CONTINUATION,5.0,NEUTRAL,0.0,0,0.0,True,True,True,0.7349,0.002092,track_b_cont
trackb_cont_ACVA_20260605,ACVA,2026-06-05,2026-08-04,,,,5.935,call,BULLISH,CONTINUATION,5.0,NEUTRAL,0.0,0,0.0,True,True,True,0.7333,0.000303,track_b_cont
trackb_cont_ARI_20260605,ARI,2026-06-05,2026-08-04,,,,10.93,call,BULLISH,CONTINUATION,5.0,NEUTRAL,0.0,0,0.0,True,True,True,0.7317,-0.000262,track_b_cont
trackb_cont_BCHT_20260605,BCHT,2026-06-05,2026-08-04,,,,2.0322,call,BULLISH,CONTINUATION,5.0,NEUTRAL,0.0,0,0.0,True,True,True,0.7317,0.000118,track_b_cont
trackb_cont_ALM_20260605,ALM,2026-06-05,2026-08-04,,,,20.495,call,BULLISH,CONTINUATION,5.0,NEUTRAL,0.0,0,0.0,True,True,True,0.7304,-0.001373,track_b_cont
trackb_cont_DVA_20260605,DVA,2026-06-05,2026-08-04,,,,192.41,call,BULLISH,CONTINUATION,5.0,NEUTRAL,0.0,0,0.0,True,True,True,0.7294,0.003196,track_b_cont
trackb_cont_GTLS_20260605,GTLS,2026-06-05,2026-08-04,,,,207.68,call,BULLISH,CONTINUATION,5.0,NEUTRAL,0.0,0,0.0,True,True,True,0.7293,-0.004896,track_b_cont
trackb_cont_NIXX_20260605,NIXX,2026-06-05,2026-08-04,,,,0.7163,call,BULLISH,CONTINUATION,5.0,NEUTRAL,0.0,0,0.0,True,True,True,0.7284,1.6e-05,track_b_cont
trackb_cont_CDZI_20260605,CDZI,2026-06-05,2026-08-04,,,,4.625,call,BULLISH,CONTINUATION,5.0,NEUTRAL,0.0,0,0.0,True,True,True,0.7258,-0.000288,track_b_cont
trackb_cont_FRT_20260605,FRT,2026-06-05,2026-08-04,,,,119.43,call,BULLISH,CONTINUATION,5.0,NEUTRAL,0.0,0,0.0,True,True,True,0.7252,0.002255,track_b_cont
trackb_cont_SAIC_20260605,SAIC,2026-06-05,2026-08-04,,,,112.53,call,BULLISH,CONTINUATION,5.0,NEUTRAL,0.0,0,0.0,True,True,True,0.7231,0.009482,track_b_cont
trackb_cont_DFH_20260605,DFH,2026-06-05,2026-08-04,,,,14.33,call,BULLISH,CONTINUATION,5.0,NEUTRAL,0.0,0,0.0,True,True,True,0.7215,0.00069,track_b_cont
trackb_cont_MASI_20260605,MASI,2026-06-05,2026-08-04,,,,178.695,call,BULLISH,CONTINUATION,5.0,NEUTRAL,0.0,0,0.0,True,True,True,0.72,-0.004279,track_b_cont
trackb_cont_PXED_20260605,PXED,2026-06-05,2026-08-04,,,,30.1,call,BULLISH,CONTINUATION,5.0,NEUTRAL,0.0,0,0.0,True,True,True,0.7179,-0.000685,track_b_cont
trackb_cont_SPHR_20260605,SPHR,2026-06-05,2026-08-04,,,,139.58,call,BULLISH,CONTINUATION,5.0,NEUTRAL,0.0,0,0.0,True,True,True,0.7168,-0.003002,track_b_cont
trackb_cont_LPX_20260605,LPX,2026-06-05,2026-08-04,,,,73.995,call,BULLISH,CONTINUATION,5.0,NEUTRAL,0.0,0,0.0,True,True,True,0.7163,-0.000605,track_b_cont
trackb_cont_OXM_20260605,OXM,2026-06-05,2026-08-04,,,,45.01,call,BULLISH,CONTINUATION,5.0,NEUTRAL,0.0,0,0.0,True,True,True,0.7155,-0.000447,track_b_cont
trackb_cont_WKC_20260605,WKC,2026-06-05,2026-08-04,,,,29.19,call,BULLISH,CONTINUATION,5.0,NEUTRAL,0.0,0,0.0,True,True,True,0.7143,0.001334,track_b_cont
trackb_cont_DEA_20260605,DEA,2026-06-05,2026-08-04,,,,23.68,call,BULLISH,CONTINUATION,5.0,NEUTRAL,0.0,0,0.0,True,True,True,0.7062,0.000617,track_b_cont
trackb_cont_RPRX_20260605,RPRX,2026-06-05,2026-08-04,,,,55.19,call,BULLISH,CONTINUATION,5.0,NEUTRAL,0.0,0,0.0,True,True,True,0.7061,0.00237,track_b_cont
trackb_cont_MPWR_20260605,MPWR,2026-06-05,2026-08-04,,,,1659.02,call,BULLISH,CONTINUATION,0.0,NEUTRAL,3308529.0,3,0.0,True,True,True,0.7042,-0.074029,track_b_cont
trackb_cont_ESRT_20260605,ESRT,2026-06-05,2026-08-04,,,,5.435,call,BULLISH,CONTINUATION,5.0,NEUTRAL,0.0,0,0.0,True,True,True,0.7018,2.6e-05,track_b_cont
trackb_cont_UFPT_20260605,UFPT,2026-06-05,2026-08-04,,,,214.535,call,BULLISH,CONTINUATION,5.0,NEUTRAL,0.0,0,0.0,True,True,True,0.7005,0.002975,track_b_cont
trackb_rev_NKE_20260605,NKE,2026-06-05,2026-08-04,,,,43.4193,call,BULLISH,SHALLOW,10.0,BULLISH,950937.0,12,59.782,False,True,False,0.4399,0.001675,track_b_rev
trackb_rev_LMND_20260605,LMND,2026-06-05,2026-08-04,,,,52.53,call,BULLISH,SHALLOW,10.0,BULLISH,857304.0,7,59.331,False,True,False,0.7634,0.002427,track_b_rev
trackb_rev_JNJ_20260605,JNJ,2026-06-05,2026-08-04,,,,224.53,call,BULLISH,SHALLOW,10.0,BULLISH,351307.0,2,55.457,False,True,False,0.2513,0.000309,track_b_rev
trackb_rev_KTOS_20260605,KTOS,2026-06-05,2026-08-04,,,,58.995,call,BULLISH,SHALLOW,9.5,BULLISH,603834.0,17,54.919,False,True,False,0.7653,0.000965,track_b_rev
trackb_rev_TJX_20260605,TJX,2026-06-05,2026-08-04,,,,157.05,call,BULLISH,SHALLOW,10.0,BULLISH,233855.0,2,53.69,False,False,False,0.5272,0.002457,track_b_rev
trackb_rev_SFM_20260605,SFM,2026-06-05,2026-08-04,,,,78.02,call,BULLISH,SHALLOW,10.0,BULLISH,172697.0,2,52.373,False,False,False,0.0421,0.000779,track_b_rev
trackb_rev_MRK_20260605,MRK,2026-06-05,2026-08-04,,,,116.01,call,BULLISH,SHALLOW,7.48,LEAN BULLISH,416737.0,3,42.037,False,True,False,0.3864,0.003699,track_b_rev
trackb_rev_CAR_20260605,CAR,2026-06-05,2026-08-04,,,,174.175,call,BULLISH,SHALLOW,6.66,LEAN BULLISH,1550854.0,21,41.229,False,True,False,0.7815,0.010623,track_b_rev
trackb_rev_NCLH_20260605,NCLH,2026-06-05,2026-08-04,,,,18.335,call,BULLISH,SHALLOW,6.52,LEAN BULLISH,542526.0,19,37.388,False,True,False,0.8759,0.000266,track_b_rev
trackb_rev_TGT_20260605,TGT,2026-06-05,2026-08-04,,,,124.99,call,BULLISH,SHALLOW,6.24,LEAN BULLISH,886818.0,8,37.114,False,False,False,0.4519,-0.000318,track_b_rev
trackb_rev_AEO_20260605,AEO,2026-06-05,2026-08-04,,,,15.9561,call,BULLISH,SHALLOW,6.66,LEAN BULLISH,154261.0,5,34.554,False,False,False,0.3827,0.000208,track_b_rev
trackb_rev_FISV_20260605,FISV,2026-06-05,2026-08-04,,,,53.05,call,BULLISH,SHALLOW,5.73,LEAN BULLISH,1054353.0,12,34.512,False,False,False,0.5821,-0.000735,track_b_rev
trackb_rev_MOS_20260605,MOS,2026-06-05,2026-08-04,,,,23.7,call,BULLISH,SHALLOW,5.0,NEUTRAL,1790500.0,10,31.265,False,True,False,0.6859,-3.3e-05,track_b_rev
trackb_rev_VG_20260605,VG,2026-06-05,2026-08-04,,,,12.905,call,BULLISH,SHALLOW,5.0,NEUTRAL,983713.0,14,29.964,False,False,False,0.3193,0.00022,track_b_rev
trackb_rev_RBLX_20260605,RBLX,2026-06-05,2026-08-04,,,,43.115,call,BULLISH,SHALLOW,5.0,NEUTRAL,706843.0,12,29.247,False,False,False,0.5788,0.00269,track_b_rev
trackb_rev_BMY_20260605,BMY,2026-06-05,2026-08-04,,,,54.755,call,BULLISH,SHALLOW,5.0,NEUTRAL,598726.0,6,28.886,False,False,False,0.043,-0.0002,track_b_rev
trackb_rev_LMT_20260605,LMT,2026-06-05,2026-08-04,,,,523.65,call,BULLISH,SHALLOW,5.0,NEUTRAL,579346.0,4,28.815,False,False,False,0.403,0.003268,track_b_rev
trackb_rev_CAH_20260605,CAH,2026-06-05,2026-08-04,,,,196.89,call,BULLISH,SHALLOW,5.0,NEUTRAL,529382.0,6,28.619,False,False,False,0.6133,0.007426,track_b_rev
trackb_rev_WING_20260605,WING,2026-06-05,2026-08-04,,,,143.21,call,BULLISH,SHALLOW,5.23,NEUTRAL,206420.0,4,27.796,False,True,False,0.7543,0.012355,track_b_rev
trackb_rev_DHR_20260605,DHR,2026-06-05,2026-08-04,,,,176.76,call,BULLISH,SHALLOW,5.0,NEUTRAL,354890.0,3,27.75,False,True,False,0.6487,0.002608,track_b_rev
trackb_rev_CACI_20260605,CACI,2026-06-05,2026-08-04,,,,531.1965,call,BULLISH,SHALLOW,5.0,NEUTRAL,217209.0,1,26.684,False,True,False,0.7448,0.003193,track_b_rev
trackb_rev_CLX_20260605,CLX,2026-06-05,2026-08-04,,,,88.86,call,BULLISH,SHALLOW,5.0,NEUTRAL,205162.0,8,26.561,False,True,False,0.3557,0.002649,track_b_rev
trackb_rev_OLLI_20260605,OLLI,2026-06-05,2026-08-04,,,,79.87,call,BULLISH,SHALLOW,5.0,NEUTRAL,116750.0,6,25.336,False,False,False,0.5105,9.2e-05,track_b_rev
trackb_rev_ABT_20260605,ABT,2026-06-05,2026-08-04,,,,87.26,call,BULLISH,SHALLOW,5.0,NEUTRAL,112700.0,1,25.26,False,False,False,0.6784,0.000323,track_b_rev
trackb_rev_SYY_20260605,SYY,2026-06-05,2026-08-04,,,,75.11,call,BULLISH,SHALLOW,5.0,NEUTRAL,75330.0,1,24.385,False,True,False,0.4565,0.001562,track_b_rev
trackb_rev_COO_20260605,COO,2026-06-05,2026-08-04,,,,60.11,call,BULLISH,SHALLOW,5.0,NEUTRAL,62999.0,1,23.997,False,False,False,0.1354,-0.000223,track_b_rev
trackb_rev_THO_20260605,THO,2026-06-05,2026-08-04,,,,77.375,call,BULLISH,SHALLOW,5.0,NEUTRAL,57210.0,2,23.787,False,True,False,0.6254,7.8e-05,track_b_rev
trackb_rev_VITL_20260605,VITL,2026-06-05,2026-08-04,,,,9.76,call,BULLISH,SHALLOW,5.0,NEUTRAL,55965.0,2,23.74,False,False,False,0.3376,-0.000365,track_b_rev
trackb_rev_ORBS_20260605,ORBS,2026-06-05,2026-08-04,,,,0.948,call,BULLISH,SHALLOW,5.0,NEUTRAL,52500.0,2,23.601,False,True,False,0.3608,7.4e-05,track_b_rev
trackb_rev_MEDP_20260605,MEDP,2026-06-05,2026-08-04,,,,439.12,call,BULLISH,SHALLOW,5.0,NEUTRAL,37750.0,1,22.885,False,True,False,0.7335,0.006591,track_b_rev
trackb_rev_GEHC_20260605,GEHC,2026-06-05,2026-08-04,,,,61.585,call,BULLISH,SHALLOW,5.0,NEUTRAL,31015.0,2,22.458,False,True,False,0.337,0.000348,track_b_rev
trackb_rev_CTSH_20260605,CTSH,2026-06-05,2026-08-04,,,,53.15,call,BULLISH,SHALLOW,5.0,NEUTRAL,27000.0,2,22.157,False,True,False,0.799,0.004392,track_b_rev
trackb_rev_WGS_20260605,WGS,2026-06-05,2026-08-04,,,,52.33,call,BULLISH,SHALLOW,5.0,NEUTRAL,14400.0,1,20.792,False,False,False,0.9986,0.008192,track_b_rev
trackb_rev_DGX_20260605,DGX,2026-06-05,2026-08-04,,,,193.818,call,BULLISH,SHALLOW,5.0,NEUTRAL,12720.0,1,20.523,False,True,False,0.6215,0.000626,track_b_rev
trackb_rev_BKNG_20260605,BKNG,2026-06-05,2026-08-04,,,,165.92,call,BULLISH,SHALLOW,1.93,NEUTRAL,679915.0,6,11.257,False,True,False,0.6726,-0.002055,track_b_rev
trackb_rev_SYK_20260605,SYK,2026-06-05,2026-08-04,,,,293.165,call,BULLISH,SHALLOW,5.0,NEUTRAL,0.0,0,0.0,False,True,False,0.2938,0.011785,track_b_rev
trackb_rev_BMI_20260605,BMI,2026-06-05,2026-08-04,,,,128.38,call,BULLISH,SHALLOW,5.0,NEUTRAL,0.0,0,0.0,False,True,False,0.7619,0.003589,track_b_rev
trackb_rev_RLI_20260605,RLI,2026-06-05,2026-08-04,,,,50.73,call,BULLISH,SHALLOW,5.0,NEUTRAL,0.0,0,0.0,False,True,False,0.8602,0.002699,track_b_rev
trackb_rev_CCOI_20260605,CCOI,2026-06-05,2026-08-04,,,,16.48,call,BULLISH,SHALLOW,5.0,NEUTRAL,0.0,0,0.0,False,True,False,0.3053,0.002447,track_b_rev
trackb_rev_RYAN_20260605,RYAN,2026-06-05,2026-08-04,,,,31.47,call,BULLISH,SHALLOW,5.0,NEUTRAL,0.0,0,0.0,False,True,False,0.5969,0.001747,track_b_rev
trackb_rev_EPAM_20260605,EPAM,2026-06-05,2026-08-04,,,,97.245,call,BULLISH,SHALLOW,5.0,NEUTRAL,0.0,0,0.0,False,False,False,0.6312,0.001544,track_b_rev
trackb_rev_UGI_20260605,UGI,2026-06-05,2026-08-04,,,,34.97,call,BULLISH,SHALLOW,5.0,NEUTRAL,0.0,0,0.0,False,False,False,0.5727,0.000903,track_b_rev
trackb_rev_AJG_20260605,AJG,2026-06-05,2026-08-04,,,,201.445,call,BULLISH,SHALLOW,5.0,NEUTRAL,0.0,0,0.0,False,False,False,0.7707,0.000883,track_b_rev
trackb_rev_MMSI_20260605,MMSI,2026-06-05,2026-08-04,,,,60.63,call,BULLISH,SHALLOW,5.0,NEUTRAL,0.0,0,0.0,False,False,False,0.2186,0.00072,track_b_rev
trackb_rev_OPCH_20260605,OPCH,2026-06-05,2026-08-04,,,,20.275,call,BULLISH,SHALLOW,5.0,NEUTRAL,0.0,0,0.0,False,False,False,0.4124,0.000696,track_b_rev
trackb_rev_LHX_20260605,LHX,2026-06-05,2026-08-04,,,,307.83,call,BULLISH,SHALLOW,5.0,NEUTRAL,0.0,0,0.0,False,True,False,0.6116,0.000661,track_b_rev
trackb_rev_MH_20260605,MH,2026-06-05,2026-08-04,,,,11.535,call,BULLISH,SHALLOW,5.0,NEUTRAL,0.0,0,0.0,False,True,False,0.7066,0.000491,track_b_rev
trackb_rev_ETD_20260605,ETD,2026-06-05,2026-08-04,,,,20.47,call,BULLISH,SHALLOW,5.0,NEUTRAL,0.0,0,0.0,False,True,False,0.7273,0.000486,track_b_rev
trackb_rev_WNC_20260605,WNC,2026-06-05,2026-08-04,,,,7.795,call,BULLISH,SHALLOW,5.0,NEUTRAL,0.0,0,0.0,False,True,False,0.6339,0.000302,track_b_rev
trackb_rev_FE_20260605,FE,2026-06-05,2026-08-04,,,,46.06,call,BULLISH,SHALLOW,5.0,NEUTRAL,0.0,0,0.0,False,False,False,0.4663,0.000299,track_b_rev
trackb_rev_EDHL_20260605,EDHL,2026-06-05,2026-08-04,,,,2.63,call,BULLISH,SHALLOW,5.0,NEUTRAL,0.0,0,0.0,False,True,False,0.4932,0.000256,track_b_rev
trackb_rev_SFD_20260605,SFD,2026-06-05,2026-08-04,,,,26.21,call,BULLISH,SHALLOW,5.0,NEUTRAL,0.0,0,0.0,False,False,False,0.5932,0.000248,track_b_rev
trackb_rev_EVTV_20260605,EVTV,2026-06-05,2026-08-04,,,,1.95,call,BULLISH,SHALLOW,5.0,NEUTRAL,0.0,0,0.0,False,True,False,0.1041,0.00023,track_b_rev
trackb_rev_GWRS_20260605,GWRS,2026-06-05,2026-08-04,,,,7.07,call,BULLISH,SHALLOW,5.0,NEUTRAL,0.0,0,0.0,False,True,False,0.4649,0.000221,track_b_rev
trackb_rev_AMSF_20260605,AMSF,2026-06-05,2026-08-04,,,,30.53,call,BULLISH,SHALLOW,5.0,NEUTRAL,0.0,0,0.0,False,True,False,0.5991,0.000199,track_b_rev
trackb_rev_LOCL_20260605,LOCL,2026-06-05,2026-08-04,,,,1.5799,call,BULLISH,SHALLOW,5.0,NEUTRAL,0.0,0,0.0,False,False,False,0.3714,0.000163,track_b_rev
trackb_rev_GIPR_20260605,GIPR,2026-06-05,2026-08-04,,,,0.2083,call,BULLISH,SHALLOW,5.0,NEUTRAL,0.0,0,0.0,False,True,False,0.0932,0.000118,track_b_rev
trackb_rev_ORGN_20260605,ORGN,2026-06-05,2026-08-04,,,,1.33,call,BULLISH,SHALLOW,5.0,NEUTRAL,0.0,0,0.0,False,False,False,0.1532,8.5e-05,track_b_rev
trackb_rev_BFRG_20260605,BFRG,2026-06-05,2026-08-04,,,,0.7403,call,BULLISH,SHALLOW,5.0,NEUTRAL,0.0,0,0.0,False,True,False,0.8312,3.4e-05,track_b_rev
trackb_rev_HFFG_20260605,HFFG,2026-06-05,2026-08-04,,,,1.85,call,BULLISH,SHALLOW,5.0,NEUTRAL,0.0,0,0.0,False,True,False,0.1649,2.9e-05,track_b_rev
trackb_rev_LILAK_20260605,LILAK,2026-06-05,2026-08-04,,,,7.74,call,BULLISH,SHALLOW,5.0,NEUTRAL,0.0,0,0.0,False,True,False,0.6129,2.3e-05,track_b_rev
trackb_rev_RIME_20260605,RIME,2026-06-05,2026-08-04,,,,0.7182,call,BULLISH,SHALLOW,5.0,NEUTRAL,0.0,0,0.0,False,False,False,0.4524,-2.6e-05,track_b_rev
trackb_rev_ANF_20260605,ANF,2026-06-05,2026-08-04,,,,75.36,call,BULLISH,SHALLOW,5.0,NEUTRAL,0.0,0,0.0,False,False,False,0.3853,-3.1e-05,track_b_rev
trackb_rev_IMKTA_20260605,IMKTA,2026-06-05,2026-08-04,,,,89.66,call,BULLISH,SHALLOW,5.0,NEUTRAL,0.0,0,0.0,False,True,False,0.7134,-5.3e-05,track_b_rev
trackb_rev_BBW_20260605,BBW,2026-06-05,2026-08-04,,,,35.57,call,BULLISH,SHALLOW,5.0,NEUTRAL,0.0,0,0.0,False,False,False,0.3016,-0.000189,track_b_rev
trackb_rev_EXC_20260605,EXC,2026-06-05,2026-08-04,,,,45.89,call,BULLISH,SHALLOW,0.0,NEUTRAL,251647.0,3,0.0,False,False,False,0.4779,-0.000248,track_b_rev
trackb_rev_IPAR_20260605,IPAR,2026-06-05,2026-08-04,,,,90.13,call,BULLISH,SHALLOW,5.0,NEUTRAL,0.0,0,0.0,False,True,False,0.533,-0.000298,track_b_rev
trackb_rev_GMED_20260605,GMED,2026-06-05,2026-08-04,,,,78.03,call,BULLISH,SHALLOW,5.0,NEUTRAL,0.0,0,0.0,False,False,False,0.2193,-0.001063,track_b_rev
trackb_rev_TECH_20260605,TECH,2026-06-05,2026-08-04,,,,49.935,call,BULLISH,SHALLOW,5.0,NEUTRAL,0.0,0,0.0,False,False,False,0.4824,-0.001075,track_b_rev
trackb_rev_IDXX_20260605,IDXX,2026-06-05,2026-08-04,,,,558.885,call,BULLISH,SHALLOW,5.0,NEUTRAL,0.0,0,0.0,False,False,False,0.4444,-0.004251,track_b_rev
trackb_rev_COR_20260605,COR,2026-06-05,2026-08-04,,,,263.115,call,BULLISH,SHALLOW,5.0,NEUTRAL,0.0,0,0.0,False,False,False,0.3359,-0.006165,track_b_rev
trackb_cont_EXTR_20260608,EXTR,2026-06-08,2026-08-07,,,,28.67,call,BULLISH,CONTINUATION,5.0,NEUTRAL,0.0,0,0.0,True,True,True,1.0,0.002527,track_b_cont
trackb_cont_TOMZ_20260608,TOMZ,2026-06-08,2026-08-07,,,,1.04,call,BULLISH,CONTINUATION,5.0,NEUTRAL,0.0,0,0.0,True,True,True,1.0,0.000208,track_b_cont
trackb_cont_SLG_20260608,SLG,2026-06-08,2026-08-07,,,,47.83,call,BULLISH,CONTINUATION,5.0,NEUTRAL,0.0,0,0.0,True,True,True,0.9986,0.000319,track_b_cont
trackb_cont_ESS_20260608,ESS,2026-06-08,2026-08-07,,,,285.43,call,BULLISH,CONTINUATION,5.0,NEUTRAL,0.0,0,0.0,True,True,True,0.9986,0.003899,track_b_cont
trackb_cont_ABBV_20260608,ABBV,2026-06-08,2026-08-07,,,,227.23,call,BULLISH,CONTINUATION,5.0,NEUTRAL,0.0,0,0.0,True,True,True,0.998,0.006871,track_b_cont
trackb_cont_SPXC_20260608,SPXC,2026-06-08,2026-08-07,,,,239.62,call,BULLISH,CONTINUATION,5.0,NEUTRAL,0.0,0,0.0,True,True,True,0.9974,0.006647,track_b_cont
trackb_cont_HCC_20260608,HCC,2026-06-08,2026-08-07,,,,107.1099,call,BULLISH,CONTINUATION,5.0,NEUTRAL,0.0,0,0.0,True,True,True,0.9962,0.00852,track_b_cont
trackb_cont_ALAB_20260608,ALAB,2026-06-08,2026-08-07,,,,354.75,call,BULLISH,CONTINUATION,5.0,NEUTRAL,0.0,0,0.0,True,True,True,0.9962,0.130999,track_b_cont
trackb_cont_MRVL_20260608,MRVL,2026-06-08,2026-08-07,,,,303.73,call,BULLISH,CONTINUATION,5.0,NEUTRAL,0.0,0,0.0,True,True,True,0.9962,0.044703,track_b_cont
trackb_cont_UDR_20260608,UDR,2026-06-08,2026-08-07,,,,39.2,call,BULLISH,CONTINUATION,5.0,NEUTRAL,0.0,0,0.0,True,True,True,0.996,-0.000413,track_b_cont
trackb_cont_ODFL_20260608,ODFL,2026-06-08,2026-08-07,,,,242.57,call,BULLISH,CONTINUATION,5.0,NEUTRAL,0.0,0,0.0,True,True,True,0.9956,0.028769,track_b_cont
trackb_cont_CVLG_20260608,CVLG,2026-06-08,2026-08-07,,,,42.0588,call,BULLISH,CONTINUATION,5.0,NEUTRAL,0.0,0,0.0,True,True,True,0.9955,0.007161,track_b_cont
trackb_cont_ARCB_20260608,ARCB,2026-06-08,2026-08-07,,,,155.09,call,BULLISH,CONTINUATION,5.0,NEUTRAL,0.0,0,0.0,True,True,True,0.9937,0.018454,track_b_cont
trackb_cont_AAPL_20260608,AAPL,2026-06-08,2026-08-07,,,,311.5,call,BULLISH,CONTINUATION,5.0,NEUTRAL,0.0,0,0.0,True,True,True,0.9936,0.01491,track_b_cont
trackb_cont_BYD_20260608,BYD,2026-06-08,2026-08-07,,,,87.87,call,BULLISH,CONTINUATION,5.0,NEUTRAL,0.0,0,0.0,True,True,True,0.9928,0.000165,track_b_cont
trackb_cont_FTNT_20260608,FTNT,2026-06-08,2026-08-07,,,,144.68,call,BULLISH,CONTINUATION,5.0,NEUTRAL,0.0,0,0.0,True,True,True,0.9912,0.027136,track_b_cont
trackb_cont_HST_20260608,HST,2026-06-08,2026-08-07,,,,24.62,call,BULLISH,CONTINUATION,5.0,NEUTRAL,0.0,0,0.0,True,True,True,0.991,0.00148,track_b_cont
trackb_cont_CCS_20260608,CCS,2026-06-08,2026-08-07,,,,55.54,call,BULLISH,CONTINUATION,5.0,NEUTRAL,0.0,0,0.0,True,True,True,0.9906,0.000951,track_b_cont
trackb_cont_CSCO_20260608,CSCO,2026-06-08,2026-08-07,,,,121.64,call,BULLISH,CONTINUATION,5.0,NEUTRAL,0.0,0,0.0,True,True,True,0.9905,0.020276,track_b_cont
trackb_cont_ZD_20260608,ZD,2026-06-08,2026-08-07,,,,45.81,call,BULLISH,CONTINUATION,5.0,NEUTRAL,0.0,0,0.0,True,True,True,0.9904,0.003488,track_b_cont
trackb_cont_EQR_20260608,EQR,2026-06-08,2026-08-07,,,,68.19,call,BULLISH,CONTINUATION,5.0,NEUTRAL,0.0,0,0.0,True,True,True,0.9902,-0.000801,track_b_cont
trackb_cont_MAC_20260608,MAC,2026-06-08,2026-08-07,,,,23.66,call,BULLISH,CONTINUATION,5.0,NEUTRAL,0.0,0,0.0,True,True,True,0.9899,0.000234,track_b_cont
trackb_cont_PNC_20260608,PNC,2026-06-08,2026-08-07,,,,228.37,call,BULLISH,CONTINUATION,5.0,NEUTRAL,0.0,0,0.0,True,True,True,0.9892,0.001104,track_b_cont
trackb_cont_DBI_20260608,DBI,2026-06-08,2026-08-07,,,,8.6,call,BULLISH,CONTINUATION,5.0,NEUTRAL,0.0,0,0.0,True,True,True,0.9889,0.00068,track_b_cont
trackb_cont_PRLB_20260608,PRLB,2026-06-08,2026-08-07,,,,75.6,call,BULLISH,CONTINUATION,5.0,NEUTRAL,0.0,0,0.0,True,True,True,0.9886,0.003348,track_b_cont
trackb_cont_CZR_20260608,CZR,2026-06-08,2026-08-07,,,,29.2,call,BULLISH,CONTINUATION,5.0,NEUTRAL,0.0,0,0.0,True,True,True,0.9878,0.001247,track_b_cont
trackb_cont_AVB_20260608,AVB,2026-06-08,2026-08-07,,,,189.72,call,BULLISH,CONTINUATION,5.0,NEUTRAL,0.0,0,0.0,True,True,True,0.9877,-0.005497,track_b_cont
trackb_cont_PK_20260608,PK,2026-06-08,2026-08-07,,,,13.625,call,BULLISH,CONTINUATION,5.0,NEUTRAL,0.0,0,0.0,True,True,True,0.9869,0.000963,track_b_cont
trackb_cont_PEB_20260608,PEB,2026-06-08,2026-08-07,,,,16.89,call,BULLISH,CONTINUATION,5.0,NEUTRAL,0.0,0,0.0,True,True,True,0.9863,0.001192,track_b_cont
trackb_cont_MEC_20260608,MEC,2026-06-08,2026-08-07,,,,32.37,call,BULLISH,CONTINUATION,5.0,NEUTRAL,0.0,0,0.0,True,True,True,0.9852,0.001266,track_b_cont
trackb_cont_KREF_20260608,KREF,2026-06-08,2026-08-07,,,,6.735,call,BULLISH,CONTINUATION,5.0,NEUTRAL,0.0,0,0.0,True,True,True,0.9851,-8.6e-05,track_b_cont
trackb_cont_MAA_20260608,MAA,2026-06-08,2026-08-07,,,,137.54,call,BULLISH,CONTINUATION,5.0,NEUTRAL,0.0,0,0.0,True,True,True,0.9849,-0.000632,track_b_cont
trackb_cont_LRCX_20260608,LRCX,2026-06-08,2026-08-07,,,,339.195,call,BULLISH,CONTINUATION,5.0,NEUTRAL,0.0,0,0.0,True,True,True,0.9841,0.022658,track_b_cont
trackb_cont_RMBS_20260608,RMBS,2026-06-08,2026-08-07,,,,169.9175,call,BULLISH,CONTINUATION,5.0,NEUTRAL,0.0,0,0.0,True,True,True,0.9831,0.020905,track_b_cont
trackb_cont_TMHC_20260608,TMHC,2026-06-08,2026-08-07,,,,71.53,call,BULLISH,CONTINUATION,5.0,NEUTRAL,0.0,0,0.0,True,True,True,0.9824,0.00641,track_b_cont
trackb_cont_GS_20260608,GS,2026-06-08,2026-08-07,,,,1038.6801,call,BULLISH,CONTINUATION,5.0,NEUTRAL,0.0,0,0.0,True,True,True,0.9816,0.087679,track_b_cont
trackb_cont_RHI_20260608,RHI,2026-06-08,2026-08-07,,,,31.26,call,BULLISH,CONTINUATION,5.0,NEUTRAL,0.0,0,0.0,True,True,True,0.9816,0.003672,track_b_cont
trackb_cont_HUM_20260608,HUM,2026-06-08,2026-08-07,,,,350.08,call,BULLISH,CONTINUATION,5.0,NEUTRAL,0.0,0,0.0,True,True,True,0.9815,0.031604,track_b_cont
trackb_cont_TKR_20260608,TKR,2026-06-08,2026-08-07,,,,131.815,call,BULLISH,CONTINUATION,5.0,NEUTRAL,0.0,0,0.0,True,True,True,0.9806,0.008299,track_b_cont
trackb_cont_SN_20260608,SN,2026-06-08,2026-08-07,,,,119.82,call,BULLISH,CONTINUATION,5.0,NEUTRAL,0.0,0,0.0,True,True,True,0.9803,0.011536,track_b_cont
trackb_cont_IESC_20260608,IESC,2026-06-08,2026-08-07,,,,720.72,call,BULLISH,CONTINUATION,5.0,NEUTRAL,0.0,0,0.0,True,True,True,0.9799,0.008435,track_b_cont
trackb_cont_ATEX_20260608,ATEX,2026-06-08,2026-08-07,,,,66.64,call,BULLISH,CONTINUATION,5.0,NEUTRAL,0.0,0,0.0,True,True,True,0.9795,0.010947,track_b_cont
trackb_cont_DORM_20260608,DORM,2026-06-08,2026-08-07,,,,127.03,call,BULLISH,CONTINUATION,5.0,NEUTRAL,0.0,0,0.0,True,True,True,0.9792,0.001929,track_b_cont
trackb_cont_CUZ_20260608,CUZ,2026-06-08,2026-08-07,,,,27.69,call,BULLISH,CONTINUATION,5.0,NEUTRAL,0.0,0,0.0,True,True,True,0.9789,4.2e-05,track_b_cont
trackb_cont_SNDR_20260608,SNDR,2026-06-08,2026-08-07,,,,36.68,call,BULLISH,CONTINUATION,5.0,NEUTRAL,0.0,0,0.0,True,True,True,0.9774,0.00458,track_b_cont
trackb_cont_LFUS_20260608,LFUS,2026-06-08,2026-08-07,,,,493.53,call,BULLISH,CONTINUATION,5.0,NEUTRAL,0.0,0,0.0,True,True,True,0.9767,0.005767,track_b_cont
trackb_cont_FITB_20260608,FITB,2026-06-08,2026-08-07,,,,52.01,call,BULLISH,CONTINUATION,5.0,NEUTRAL,0.0,0,0.0,True,True,True,0.9766,0.000504,track_b_cont
trackb_cont_CLDT_20260608,CLDT,2026-06-08,2026-08-07,,,,11.15,call,BULLISH,CONTINUATION,5.0,NEUTRAL,0.0,0,0.0,True,True,True,0.9764,0.001376,track_b_cont
trackb_cont_CTAS_20260608,CTAS,2026-06-08,2026-08-07,,,,179.85,call,BULLISH,CONTINUATION,5.0,NEUTRAL,0.0,0,0.0,True,True,True,0.9757,0.002695,track_b_cont
trackb_cont_HTLD_20260608,HTLD,2026-06-08,2026-08-07,,,,15.74,call,BULLISH,CONTINUATION,5.0,NEUTRAL,0.0,0,0.0,True,True,True,0.9738,0.00225,track_b_cont
trackb_cont_GEO_20260608,GEO,2026-06-08,2026-08-07,,,,25.31,call,BULLISH,CONTINUATION,5.0,NEUTRAL,0.0,0,0.0,True,True,True,0.9738,0.000826,track_b_cont
trackb_cont_IBM_20260608,IBM,2026-06-08,2026-08-07,,,,304.0991,call,BULLISH,CONTINUATION,5.0,NEUTRAL,0.0,0,0.0,True,True,True,0.9731,0.052212,track_b_cont
trackb_cont_FSLR_20260608,FSLR,2026-06-08,2026-08-07,,,,316.44,call,BULLISH,CONTINUATION,5.0,NEUTRAL,0.0,0,0.0,True,True,True,0.9731,0.059288,track_b_cont
trackb_cont_APLE_20260608,APLE,2026-06-08,2026-08-07,,,,15.64,call,BULLISH,CONTINUATION,5.0,NEUTRAL,0.0,0,0.0,True,True,True,0.973,0.000961,track_b_cont
trackb_cont_AEHR_20260608,AEHR,2026-06-08,2026-08-07,,,,114.93,call,BULLISH,CONTINUATION,5.0,NEUTRAL,0.0,0,0.0,True,True,True,0.9726,-0.003833,track_b_cont
trackb_cont_CRS_20260608,CRS,2026-06-08,2026-08-07,,,,483.6,call,BULLISH,CONTINUATION,5.0,NEUTRAL,0.0,0,0.0,True,True,True,0.972,0.041927,track_b_cont
trackb_cont_AXON_20260608,AXON,2026-06-08,2026-08-07,,,,479.07,call,BULLISH,CONTINUATION,5.0,NEUTRAL,0.0,0,0.0,True,True,True,0.9716,0.024485,track_b_cont
trackb_cont_TE_20260608,TE,2026-06-08,2026-08-07,,,,11.58,call,BULLISH,CONTINUATION,5.0,NEUTRAL,0.0,0,0.0,True,True,True,0.971,0.005406,track_b_cont
trackb_cont_WFC_20260608,WFC,2026-06-08,2026-08-07,,,,81.94,call,BULLISH,CONTINUATION,5.0,NEUTRAL,0.0,0,0.0,True,True,True,0.9704,0.001231,track_b_cont
trackb_cont_VNO_20260608,VNO,2026-06-08,2026-08-07,,,,35.21,call,BULLISH,CONTINUATION,5.0,NEUTRAL,0.0,0,0.0,True,True,True,0.9703,0.002013,track_b_cont
trackb_cont_CROX_20260608,CROX,2026-06-08,2026-08-07,,,,119.35,call,BULLISH,CONTINUATION,5.0,NEUTRAL,0.0,0,0.0,True,True,True,0.9702,0.019762,track_b_cont
trackb_cont_DRH_20260608,DRH,2026-06-08,2026-08-07,,,,11.61,call,BULLISH,CONTINUATION,5.0,NEUTRAL,0.0,0,0.0,True,True,True,0.9699,0.000406,track_b_cont
trackb_cont_JEF_20260608,JEF,2026-06-08,2026-08-07,,,,53.02,call,BULLISH,CONTINUATION,5.0,NEUTRAL,0.0,0,0.0,True,True,True,0.9697,-4.1e-05,track_b_cont
trackb_cont_MSGS_20260608,MSGS,2026-06-08,2026-08-07,,,,381.76,call,BULLISH,CONTINUATION,5.0,NEUTRAL,0.0,0,0.0,True,True,True,0.9691,0.023792,track_b_cont
trackb_cont_TWLO_20260608,TWLO,2026-06-08,2026-08-07,,,,225.99,call,BULLISH,CONTINUATION,5.0,NEUTRAL,0.0,0,0.0,True,True,True,0.9683,0.004574,track_b_cont
trackb_cont_SHOO_20260608,SHOO,2026-06-08,2026-08-07,,,,44.03,call,BULLISH,CONTINUATION,5.0,NEUTRAL,0.0,0,0.0,True,True,True,0.9682,0.004355,track_b_cont
trackb_cont_AAT_20260608,AAT,2026-06-08,2026-08-07,,,,23.66,call,BULLISH,CONTINUATION,5.0,NEUTRAL,0.0,0,0.0,True,True,True,0.9678,0.00215,track_b_cont
trackb_cont_C_20260608,C,2026-06-08,2026-08-07,,,,132.47,call,BULLISH,CONTINUATION,5.0,NEUTRAL,0.0,0,0.0,True,True,True,0.9673,0.000591,track_b_cont
trackb_cont_ENPH_20260608,ENPH,2026-06-08,2026-08-07,,,,69.13,call,BULLISH,CONTINUATION,5.0,NEUTRAL,0.0,0,0.0,True,True,True,0.9655,0.031397,track_b_cont
trackb_cont_CIFR_20260608,CIFR,2026-06-08,2026-08-07,,,,26.735,call,BULLISH,CONTINUATION,5.0,NEUTRAL,0.0,0,0.0,True,True,True,0.9655,0.002269,track_b_cont
trackb_cont_URI_20260608,URI,2026-06-08,2026-08-07,,,,1067.77,call,BULLISH,CONTINUATION,5.0,NEUTRAL,0.0,0,0.0,True,True,True,0.9633,0.037138,track_b_cont
trackb_cont_MRTN_20260608,MRTN,2026-06-08,2026-08-07,,,,17.65,call,BULLISH,CONTINUATION,5.0,NEUTRAL,0.0,0,0.0,True,True,True,0.9626,0.002151,track_b_cont
trackb_cont_AMT_20260608,AMT,2026-06-08,2026-08-07,,,,194.12,call,BULLISH,CONTINUATION,5.0,NEUTRAL,0.0,0,0.0,True,True,True,0.9616,0.007588,track_b_cont
trackb_cont_R_20260608,R,2026-06-08,2026-08-07,,,,258.92,call,BULLISH,CONTINUATION,5.0,NEUTRAL,0.0,0,0.0,True,True,True,0.9616,0.009704,track_b_cont
trackb_cont_TWST_20260608,TWST,2026-06-08,2026-08-07,,,,71.24,call,BULLISH,CONTINUATION,5.0,NEUTRAL,0.0,0,0.0,True,True,True,0.9614,0.007673,track_b_cont
trackb_cont_TXG_20260608,TXG,2026-06-08,2026-08-07,,,,31.55,call,BULLISH,CONTINUATION,5.0,NEUTRAL,0.0,0,0.0,True,True,True,0.9612,0.005508,track_b_cont
trackb_cont_ARMK_20260608,ARMK,2026-06-08,2026-08-07,,,,53.6,call,BULLISH,CONTINUATION,5.0,NEUTRAL,0.0,0,0.0,True,True,True,0.9611,0.005789,track_b_cont
trackb_cont_WGS_20260608,WGS,2026-06-08,2026-08-07,,,,52.21,call,BULLISH,CONTINUATION,5.0,NEUTRAL,0.0,0,0.0,True,True,True,0.9603,0.013598,track_b_cont
trackb_cont_NOV_20260608,NOV,2026-06-08,2026-08-07,,,,20.14,call,BULLISH,CONTINUATION,5.0,NEUTRAL,0.0,0,0.0,True,True,True,0.9599,-3e-06,track_b_cont
trackb_cont_NTRS_20260608,NTRS,2026-06-08,2026-08-07,,,,170.47,call,BULLISH,CONTINUATION,5.0,NEUTRAL,0.0,0,0.0,True,True,True,0.9591,0.003401,track_b_cont
trackb_cont_LSTR_20260608,LSTR,2026-06-08,2026-08-07,,,,214.9,call,BULLISH,CONTINUATION,5.0,NEUTRAL,0.0,0,0.0,True,True,True,0.9588,0.025025,track_b_cont
trackb_cont_RF_20260608,RF,2026-06-08,2026-08-07,,,,28.54,call,BULLISH,CONTINUATION,5.0,NEUTRAL,0.0,0,0.0,True,True,True,0.9578,0.00049,track_b_cont
trackb_cont_SAH_20260608,SAH,2026-06-08,2026-08-07,,,,83.43,call,BULLISH,CONTINUATION,5.0,NEUTRAL,0.0,0,0.0,True,True,True,0.9574,5.3e-05,track_b_cont
trackb_cont_PAG_20260608,PAG,2026-06-08,2026-08-07,,,,171.935,call,BULLISH,CONTINUATION,5.0,NEUTRAL,0.0,0,0.0,True,True,True,0.9565,-0.007593,track_b_cont
trackb_cont_IONQ_20260608,IONQ,2026-06-08,2026-08-07,,,,68.64,call,BULLISH,CONTINUATION,5.0,NEUTRAL,0.0,0,0.0,True,True,True,0.9558,0.013912,track_b_cont
trackb_cont_PCT_20260608,PCT,2026-06-08,2026-08-07,,,,12.515,call,BULLISH,CONTINUATION,5.0,NEUTRAL,0.0,0,0.0,True,True,True,0.9557,0.002307,track_b_cont
trackb_cont_CDW_20260608,CDW,2026-06-08,2026-08-07,,,,133.04,call,BULLISH,CONTINUATION,5.0,NEUTRAL,0.0,0,0.0,True,True,True,0.9552,0.024387,track_b_cont
trackb_cont_BOC_20260608,BOC,2026-06-08,2026-08-07,,,,13.73,call,BULLISH,CONTINUATION,5.0,NEUTRAL,0.0,0,0.0,True,True,True,0.9543,0.001692,track_b_cont
trackb_cont_WERN_20260608,WERN,2026-06-08,2026-08-07,,,,43.46,call,BULLISH,CONTINUATION,5.0,NEUTRAL,0.0,0,0.0,True,True,True,0.9538,0.006033,track_b_cont
trackb_cont_MTB_20260608,MTB,2026-06-08,2026-08-07,,,,214.235,call,BULLISH,CONTINUATION,5.0,NEUTRAL,0.0,0,0.0,True,True,True,0.9537,-0.001284,track_b_cont
trackb_cont_SHO_20260608,SHO,2026-06-08,2026-08-07,,,,11.255,call,BULLISH,CONTINUATION,5.0,NEUTRAL,0.0,0,0.0,True,True,True,0.9536,0.000488,track_b_cont
trackb_cont_CLMB_20260608,CLMB,2026-06-08,2026-08-07,,,,23.82,call,BULLISH,CONTINUATION,5.0,NEUTRAL,0.0,0,0.0,True,True,True,0.9536,0.001905,track_b_cont
trackb_cont_SKLZ_20260608,SKLZ,2026-06-08,2026-08-07,,,,9.52,call,BULLISH,CONTINUATION,5.0,NEUTRAL,0.0,0,0.0,True,True,True,0.9525,0.002925,track_b_cont
trackb_cont_FLS_20260608,FLS,2026-06-08,2026-08-07,,,,75.79,call,BULLISH,CONTINUATION,5.0,NEUTRAL,0.0,0,0.0,True,True,True,0.9525,0.001212,track_b_cont
trackb_cont_TUSK_20260608,TUSK,2026-06-08,2026-08-07,,,,3.32,call,BULLISH,CONTINUATION,5.0,NEUTRAL,0.0,0,0.0,True,True,True,0.9515,0.000563,track_b_cont
trackb_cont_ABAT_20260608,ABAT,2026-06-08,2026-08-07,,,,3.6901,call,BULLISH,CONTINUATION,5.0,NEUTRAL,0.0,0,0.0,True,True,True,0.9508,0.000122,track_b_cont
trackb_cont_RLJ_20260608,RLJ,2026-06-08,2026-08-07,,,,10.105,call,BULLISH,CONTINUATION,5.0,NEUTRAL,0.0,0,0.0,True,True,True,0.9508,0.00098,track_b_cont
trackb_cont_RAL_20260608,RAL,2026-06-08,2026-08-07,,,,60.17,call,BULLISH,CONTINUATION,5.0,NEUTRAL,0.0,0,0.0,True,True,True,0.9506,0.008104,track_b_cont
trackb_cont_TNL_20260608,TNL,2026-06-08,2026-08-07,,,,69.65,call,BULLISH,CONTINUATION,5.0,NEUTRAL,0.0,0,0.0,True,True,True,0.9506,0.002638,track_b_cont
trackb_cont_RXO_20260608,RXO,2026-06-08,2026-08-07,,,,26.72,call,BULLISH,CONTINUATION,5.0,NEUTRAL,0.0,0,0.0,True,True,True,0.9497,0.006405,track_b_cont
trackb_cont_ANET_20260608,ANET,2026-06-08,2026-08-07,,,,174.94,call,BULLISH,CONTINUATION,5.0,NEUTRAL,0.0,0,0.0,True,True,True,0.9492,0.005892,track_b_cont
trackb_cont_VC_20260608,VC,2026-06-08,2026-08-07,,,,123.53,call,BULLISH,CONTINUATION,5.0,NEUTRAL,0.0,0,0.0,True,True,True,0.9492,6.3e-05,track_b_cont
trackb_cont_CRWD_20260608,CRWD,2026-06-08,2026-08-07,,,,751.71,call,BULLISH,CONTINUATION,5.0,NEUTRAL,0.0,0,0.0,True,True,True,0.9491,0.196737,track_b_cont
trackb_cont_SMCI_20260608,SMCI,2026-06-08,2026-08-07,,,,46.47,call,BULLISH,CONTINUATION,5.0,NEUTRAL,0.0,0,0.0,True,True,True,0.9487,0.00859,track_b_cont
trackb_cont_COHU_20260608,COHU,2026-06-08,2026-08-07,,,,56.5,call,BULLISH,CONTINUATION,5.0,NEUTRAL,0.0,0,0.0,True,True,True,0.948,0.000833,track_b_cont
trackb_cont_MSM_20260608,MSM,2026-06-08,2026-08-07,,,,116.22,call,BULLISH,CONTINUATION,5.0,NEUTRAL,0.0,0,0.0,True,True,True,0.9478,0.001925,track_b_cont
trackb_cont_ARE_20260608,ARE,2026-06-08,2026-08-07,,,,52.29,call,BULLISH,CONTINUATION,5.0,NEUTRAL,0.0,0,0.0,True,True,True,0.9477,0.003625,track_b_cont
trackb_cont_NUE_20260608,NUE,2026-06-08,2026-08-07,,,,254.39,call,BULLISH,CONTINUATION,5.0,NEUTRAL,0.0,0,0.0,True,True,True,0.9471,0.018318,track_b_cont
trackb_cont_ON_20260608,ON,2026-06-08,2026-08-07,,,,131.83,call,BULLISH,CONTINUATION,5.0,NEUTRAL,0.0,0,0.0,True,True,True,0.9465,0.012571,track_b_cont
trackb_cont_ALNT_20260608,ALNT,2026-06-08,2026-08-07,,,,85.37,call,BULLISH,CONTINUATION,5.0,NEUTRAL,0.0,0,0.0,True,True,True,0.9463,0.003464,track_b_cont
trackb_cont_IPGP_20260608,IPGP,2026-06-08,2026-08-07,,,,132.72,call,BULLISH,CONTINUATION,5.0,NEUTRAL,0.0,0,0.0,True,True,True,0.9463,0.015693,track_b_cont
trackb_cont_COHR_20260608,COHR,2026-06-08,2026-08-07,,,,417.665,call,BULLISH,CONTINUATION,5.0,NEUTRAL,0.0,0,0.0,True,True,True,0.9458,0.010682,track_b_cont
trackb_cont_SMTC_20260608,SMTC,2026-06-08,2026-08-07,,,,151.02,call,BULLISH,CONTINUATION,5.0,NEUTRAL,0.0,0,0.0,True,True,True,0.9458,0.033229,track_b_cont
trackb_cont_ACMR_20260608,ACMR,2026-06-08,2026-08-07,,,,89.165,call,BULLISH,CONTINUATION,5.0,NEUTRAL,0.0,0,0.0,True,True,True,0.9452,0.026943,track_b_cont
trackb_cont_KLAC_20260608,KLAC,2026-06-08,2026-08-07,,,,1929.2,call,BULLISH,CONTINUATION,5.0,NEUTRAL,0.0,0,0.0,True,True,True,0.9451,0.172274,track_b_cont
trackb_cont_UCTT_20260608,UCTT,2026-06-08,2026-08-07,,,,82.07,call,BULLISH,CONTINUATION,5.0,NEUTRAL,0.0,0,0.0,True,True,True,0.9444,0.004025,track_b_cont
trackb_cont_HPP_20260608,HPP,2026-06-08,2026-08-07,,,,13.74,call,BULLISH,CONTINUATION,5.0,NEUTRAL,0.0,0,0.0,True,True,True,0.9443,0.00114,track_b_cont
trackb_cont_ST_20260608,ST,2026-06-08,2026-08-07,,,,53.1,call,BULLISH,CONTINUATION,5.0,NEUTRAL,0.0,0,0.0,True,True,True,0.9438,0.004148,track_b_cont
trackb_cont_MPC_20260608,MPC,2026-06-08,2026-08-07,,,,270.43,call,BULLISH,CONTINUATION,5.0,NEUTRAL,0.0,0,0.0,True,True,True,0.9437,-0.00022,track_b_cont
trackb_cont_INN_20260608,INN,2026-06-08,2026-08-07,,,,5.955,call,BULLISH,CONTINUATION,5.0,NEUTRAL,0.0,0,0.0,True,True,True,0.9435,0.000425,track_b_cont
trackb_cont_INOD_20260608,INOD,2026-06-08,2026-08-07,,,,107.81,call,BULLISH,CONTINUATION,5.0,NEUTRAL,0.0,0,0.0,True,True,True,0.9434,0.032342,track_b_cont
trackb_cont_CNM_20260608,CNM,2026-06-08,2026-08-07,,,,51.97,call,BULLISH,CONTINUATION,5.0,NEUTRAL,0.0,0,0.0,True,True,True,0.9433,0.000846,track_b_cont
trackb_cont_PENG_20260608,PENG,2026-06-08,2026-08-07,,,,59.86,call,BULLISH,CONTINUATION,5.0,NEUTRAL,0.0,0,0.0,True,True,True,0.9428,0.018439,track_b_cont
trackb_cont_PCAR_20260608,PCAR,2026-06-08,2026-08-07,,,,116.68,call,BULLISH,CONTINUATION,5.0,NEUTRAL,0.0,0,0.0,True,True,True,0.9425,-0.003565,track_b_cont
trackb_cont_LAD_20260608,LAD,2026-06-08,2026-08-07,,,,293.3,call,BULLISH,CONTINUATION,5.0,NEUTRAL,0.0,0,0.0,True,True,True,0.9424,-0.005083,track_b_cont
trackb_cont_UPS_20260608,UPS,2026-06-08,2026-08-07,,,,108.54,call,BULLISH,CONTINUATION,5.0,NEUTRAL,0.0,0,0.0,True,True,True,0.9424,0.008037,track_b_cont
trackb_cont_UTI_20260608,UTI,2026-06-08,2026-08-07,,,,43.57,call,BULLISH,CONTINUATION,5.0,NEUTRAL,0.0,0,0.0,True,True,True,0.9413,0.002513,track_b_cont
trackb_cont_CDNS_20260608,CDNS,2026-06-08,2026-08-07,,,,376.19,call,BULLISH,CONTINUATION,5.0,NEUTRAL,0.0,0,0.0,True,True,True,0.9411,0.037246,track_b_cont
trackb_cont_WDC_20260608,WDC,2026-06-08,2026-08-07,,,,597.575,call,BULLISH,CONTINUATION,5.0,NEUTRAL,0.0,0,0.0,True,True,True,0.9411,0.028577,track_b_cont
trackb_cont_STLD_20260608,STLD,2026-06-08,2026-08-07,,,,268.5,call,BULLISH,CONTINUATION,5.0,NEUTRAL,0.0,0,0.0,True,True,True,0.9408,0.027611,track_b_cont
trackb_cont_RH_20260608,RH,2026-06-08,2026-08-07,,,,148.92,call,BULLISH,CONTINUATION,5.0,NEUTRAL,0.0,0,0.0,True,True,True,0.9407,0.013997,track_b_cont
trackb_cont_MCRI_20260608,MCRI,2026-06-08,2026-08-07,,,,122.7,call,BULLISH,CONTINUATION,5.0,NEUTRAL,0.0,0,0.0,True,True,True,0.9396,-0.000251,track_b_cont
trackb_cont_CLF_20260608,CLF,2026-06-08,2026-08-07,,,,14.28,call,BULLISH,CONTINUATION,5.0,NEUTRAL,0.0,0,0.0,True,True,True,0.9379,0.001635,track_b_cont
trackb_cont_SLDP_20260608,SLDP,2026-06-08,2026-08-07,,,,3.2939,call,BULLISH,CONTINUATION,5.0,NEUTRAL,0.0,0,0.0,True,True,True,0.9375,-3.7e-05,track_b_cont
trackb_cont_KNX_20260608,KNX,2026-06-08,2026-08-07,,,,78.23,call,BULLISH,CONTINUATION,5.0,NEUTRAL,0.0,0,0.0,True,True,True,0.9374,0.011532,track_b_cont
trackb_cont_VMI_20260608,VMI,2026-06-08,2026-08-07,,,,533.8,call,BULLISH,CONTINUATION,5.0,NEUTRAL,0.0,0,0.0,True,True,True,0.9368,0.010385,track_b_cont
trackb_cont_VSTS_20260608,VSTS,2026-06-08,2026-08-07,,,,12.85,call,BULLISH,CONTINUATION,5.0,NEUTRAL,0.0,0,0.0,True,True,True,0.9364,0.001864,track_b_cont
trackb_cont_ETSY_20260608,ETSY,2026-06-08,2026-08-07,,,,68.51,call,BULLISH,CONTINUATION,5.0,NEUTRAL,0.0,0,0.0,True,True,True,0.9353,0.002556,track_b_cont
trackb_cont_LNTH_20260608,LNTH,2026-06-08,2026-08-07,,,,100.98,call,BULLISH,CONTINUATION,5.0,NEUTRAL,0.0,0,0.0,True,True,True,0.9338,0.005331,track_b_cont
trackb_cont_SEZL_20260608,SEZL,2026-06-08,2026-08-07,,,,116.01,call,BULLISH,CONTINUATION,5.0,NEUTRAL,0.0,0,0.0,True,True,True,0.9337,0.017268,track_b_cont
trackb_cont_LODE_20260608,LODE,2026-06-08,2026-08-07,,,,3.955,call,BULLISH,CONTINUATION,5.0,NEUTRAL,0.0,0,0.0,True,True,True,0.9333,0.000958,track_b_cont
trackb_cont_KDP_20260608,KDP,2026-06-08,2026-08-07,,,,30.85,call,BULLISH,CONTINUATION,5.0,NEUTRAL,0.0,0,0.0,True,True,True,0.9333,0.000157,track_b_cont
trackb_cont_MS_20260608,MS,2026-06-08,2026-08-07,,,,209.76,call,BULLISH,CONTINUATION,5.0,NEUTRAL,0.0,0,0.0,True,True,True,0.933,0.009992,track_b_cont
trackb_cont_GCO_20260608,GCO,2026-06-08,2026-08-07,,,,38.95,call,BULLISH,CONTINUATION,5.0,NEUTRAL,0.0,0,0.0,True,True,True,0.9329,0.003409,track_b_cont
trackb_cont_ARW_20260608,ARW,2026-06-08,2026-08-07,,,,230.8,call,BULLISH,CONTINUATION,5.0,NEUTRAL,0.0,0,0.0,True,True,True,0.9324,0.019122,track_b_cont
trackb_cont_GRBK_20260608,GRBK,2026-06-08,2026-08-07,,,,68.35,call,BULLISH,CONTINUATION,5.0,NEUTRAL,0.0,0,0.0,True,True,True,0.9324,0.001192,track_b_cont
trackb_cont_BXP_20260608,BXP,2026-06-08,2026-08-07,,,,62.33,call,BULLISH,CONTINUATION,5.0,NEUTRAL,0.0,0,0.0,True,True,True,0.9322,0.000377,track_b_cont
trackb_cont_EWBC_20260608,EWBC,2026-06-08,2026-08-07,,,,125.94,call,BULLISH,CONTINUATION,5.0,NEUTRAL,0.0,0,0.0,True,True,True,0.9321,-0.001201,track_b_cont
trackb_cont_NIXX_20260608,NIXX,2026-06-08,2026-08-07,,,,0.8445,call,BULLISH,CONTINUATION,5.0,NEUTRAL,0.0,0,0.0,True,True,True,0.9315,0.000112,track_b_cont
trackb_cont_TITN_20260608,TITN,2026-06-08,2026-08-07,,,,23.18,call,BULLISH,CONTINUATION,5.0,NEUTRAL,0.0,0,0.0,True,True,True,0.9313,0.000894,track_b_cont
trackb_cont_RS_20260608,RS,2026-06-08,2026-08-07,,,,392.6,call,BULLISH,CONTINUATION,5.0,NEUTRAL,0.0,0,0.0,True,True,True,0.9313,-0.000112,track_b_cont
trackb_cont_NOVT_20260608,NOVT,2026-06-08,2026-08-07,,,,170.07,call,BULLISH,CONTINUATION,5.0,NEUTRAL,0.0,0,0.0,True,True,True,0.9307,0.017208,track_b_cont
trackb_cont_DDOG_20260608,DDOG,2026-06-08,2026-08-07,,,,246.39,call,BULLISH,CONTINUATION,5.0,NEUTRAL,0.0,0,0.0,True,True,True,0.9306,0.060601,track_b_cont
trackb_cont_AJG_20260608,AJG,2026-06-08,2026-08-07,,,,216.14,call,BULLISH,CONTINUATION,5.0,NEUTRAL,0.0,0,0.0,True,True,True,0.9302,0.001947,track_b_cont
trackb_cont_KBH_20260608,KBH,2026-06-08,2026-08-07,,,,50.59,call,BULLISH,CONTINUATION,5.0,NEUTRAL,0.0,0,0.0,True,True,True,0.9298,0.000161,track_b_cont
trackb_cont_NCLH_20260608,NCLH,2026-06-08,2026-08-07,,,,18.75,call,BULLISH,CONTINUATION,5.0,NEUTRAL,0.0,0,0.0,True,True,True,0.9293,0.00168,track_b_cont
trackb_cont_LGIH_20260608,LGIH,2026-06-08,2026-08-07,,,,50.35,call,BULLISH,CONTINUATION,5.0,NEUTRAL,0.0,0,0.0,True,True,True,0.929,0.003853,track_b_cont
trackb_cont_MAR_20260608,MAR,2026-06-08,2026-08-07,,,,392.51,call,BULLISH,CONTINUATION,5.0,NEUTRAL,0.0,0,0.0,True,True,True,0.9283,0.022,track_b_cont
trackb_cont_RDDT_20260608,RDDT,2026-06-08,2026-08-07,,,,173.45,call,BULLISH,CONTINUATION,5.0,NEUTRAL,0.0,0,0.0,True,True,True,0.9282,0.002878,track_b_cont
trackb_cont_MLAB_20260608,MLAB,2026-06-08,2026-08-07,,,,103.89,call,BULLISH,CONTINUATION,5.0,NEUTRAL,0.0,0,0.0,True,True,True,0.928,0.000529,track_b_cont
trackb_cont_RIVN_20260608,RIVN,2026-06-08,2026-08-07,,,,16.35,call,BULLISH,CONTINUATION,5.0,NEUTRAL,0.0,0,0.0,True,True,True,0.9271,0.00226,track_b_cont
trackb_cont_LRN_20260608,LRN,2026-06-08,2026-08-07,,,,97.875,call,BULLISH,CONTINUATION,5.0,NEUTRAL,0.0,0,0.0,True,True,True,0.9267,-0.000165,track_b_cont
trackb_cont_UNFI_20260608,UNFI,2026-06-08,2026-08-07,,,,55.52,call,BULLISH,CONTINUATION,5.0,NEUTRAL,0.0,0,0.0,True,True,True,0.9266,-0.001189,track_b_cont
trackb_cont_KFRC_20260608,KFRC,2026-06-08,2026-08-07,,,,47.55,call,BULLISH,CONTINUATION,5.0,NEUTRAL,0.0,0,0.0,True,True,True,0.9266,0.003999,track_b_cont
trackb_cont_RGTI_20260608,RGTI,2026-06-08,2026-08-07,,,,24.4178,call,BULLISH,CONTINUATION,5.0,NEUTRAL,0.0,0,0.0,True,True,True,0.9266,0.005828,track_b_cont
trackb_cont_BRKR_20260608,BRKR,2026-06-08,2026-08-07,,,,58.38,call,BULLISH,CONTINUATION,5.0,NEUTRAL,0.0,0,0.0,True,True,True,0.9256,0.009359,track_b_cont
trackb_cont_STT_20260608,STT,2026-06-08,2026-08-07,,,,161.75,call,BULLISH,CONTINUATION,5.0,NEUTRAL,0.0,0,0.0,True,True,True,0.9256,0.004595,track_b_cont
trackb_cont_VLY_20260608,VLY,2026-06-08,2026-08-07,,,,13.56,call,BULLISH,CONTINUATION,5.0,NEUTRAL,0.0,0,0.0,True,True,True,0.9252,-3e-05,track_b_cont
trackb_cont_SMR_20260608,SMR,2026-06-08,2026-08-07,,,,12.265,call,BULLISH,CONTINUATION,5.0,NEUTRAL,0.0,0,0.0,True,True,True,0.9245,-0.000876,track_b_cont
trackb_cont_EA_20260608,EA,2026-06-08,2026-08-07,,,,203.0,call,BULLISH,CONTINUATION,5.0,NEUTRAL,0.0,0,0.0,True,True,True,0.9241,-0.003675,track_b_cont
trackb_cont_SONO_20260608,SONO,2026-06-08,2026-08-07,,,,15.64,call,BULLISH,CONTINUATION,5.0,NEUTRAL,0.0,0,0.0,True,True,True,0.9239,0.000782,track_b_cont
trackb_cont_OPLN_20260608,OPLN,2026-06-08,2026-08-07,,,,37.32,call,BULLISH,CONTINUATION,5.0,NEUTRAL,0.0,0,0.0,True,True,True,0.9229,-3.6e-05,track_b_cont
trackb_cont_DAN_20260608,DAN,2026-06-08,2026-08-07,,,,37.28,call,BULLISH,CONTINUATION,5.0,NEUTRAL,0.0,0,0.0,True,True,True,0.9227,-0.000275,track_b_cont
trackb_cont_PSN_20260608,PSN,2026-06-08,2026-08-07,,,,59.545,call,BULLISH,CONTINUATION,5.0,NEUTRAL,0.0,0,0.0,True,True,True,0.9225,0.006062,track_b_cont
trackb_cont_MTRN_20260608,MTRN,2026-06-08,2026-08-07,,,,227.57,call,BULLISH,CONTINUATION,5.0,NEUTRAL,0.0,0,0.0,True,True,True,0.9223,0.015958,track_b_cont
trackb_cont_SCSC_20260608,SCSC,2026-06-08,2026-08-07,,,,45.6,call,BULLISH,CONTINUATION,5.0,NEUTRAL,0.0,0,0.0,True,True,True,0.9219,0.001967,track_b_cont
trackb_cont_ORCL_20260608,ORCL,2026-06-08,2026-08-07,,,,229.505,call,BULLISH,CONTINUATION,5.0,NEUTRAL,0.0,0,0.0,True,True,True,0.9206,0.014684,track_b_cont
trackb_cont_AMAT_20260608,AMAT,2026-06-08,2026-08-07,,,,453.01,call,BULLISH,CONTINUATION,5.0,NEUTRAL,0.0,0,0.0,True,True,True,0.9202,0.032905,track_b_cont
trackb_cont_NSIT_20260608,NSIT,2026-06-08,2026-08-07,,,,111.07,call,BULLISH,CONTINUATION,5.0,NEUTRAL,0.0,0,0.0,True,True,True,0.92,0.028669,track_b_cont
trackb_cont_OSS_20260608,OSS,2026-06-08,2026-08-07,,,,18.99,call,BULLISH,CONTINUATION,5.0,NEUTRAL,0.0,0,0.0,True,True,True,0.9183,0.00348,track_b_cont
trackb_cont_GH_20260608,GH,2026-06-08,2026-08-07,,,,128.145,call,BULLISH,CONTINUATION,5.0,NEUTRAL,0.0,0,0.0,True,True,True,0.9181,0.033517,track_b_cont
trackb_cont_DOCN_20260608,DOCN,2026-06-08,2026-08-07,,,,174.6,call,BULLISH,CONTINUATION,5.0,NEUTRAL,0.0,0,0.0,True,True,True,0.9172,0.00481,track_b_cont
trackb_cont_RCL_20260608,RCL,2026-06-08,2026-08-07,,,,280.0,call,BULLISH,CONTINUATION,5.0,NEUTRAL,0.0,0,0.0,True,True,True,0.9168,0.010206,track_b_cont
trackb_cont_CVCO_20260608,CVCO,2026-06-08,2026-08-07,,,,549.91,call,BULLISH,CONTINUATION,5.0,NEUTRAL,0.0,0,0.0,True,True,True,0.9161,0.065059,track_b_cont
trackb_cont_QMCO_20260608,QMCO,2026-06-08,2026-08-07,,,,13.82,call,BULLISH,CONTINUATION,5.0,NEUTRAL,0.0,0,0.0,True,True,True,0.9161,0.000382,track_b_cont
trackb_cont_PLXS_20260608,PLXS,2026-06-08,2026-08-07,,,,287.3,call,BULLISH,CONTINUATION,5.0,NEUTRAL,0.0,0,0.0,True,True,True,0.9161,-0.004138,track_b_cont
trackb_cont_KN_20260608,KN,2026-06-08,2026-08-07,,,,37.26,call,BULLISH,CONTINUATION,5.0,NEUTRAL,0.0,0,0.0,True,True,True,0.9159,0.00271,track_b_cont
trackb_cont_SVV_20260608,SVV,2026-06-08,2026-08-07,,,,9.375,call,BULLISH,CONTINUATION,5.0,NEUTRAL,0.0,0,0.0,True,True,True,0.9155,0.000567,track_b_cont
trackb_cont_CURI_20260608,CURI,2026-06-08,2026-08-07,,,,3.05,call,BULLISH,CONTINUATION,5.0,NEUTRAL,0.0,0,0.0,True,True,True,0.9151,-0.000368,track_b_cont
trackb_cont_BWA_20260608,BWA,2026-06-08,2026-08-07,,,,72.63,call,BULLISH,CONTINUATION,5.0,NEUTRAL,0.0,0,0.0,True,True,True,0.9143,0.009652,track_b_cont
trackb_cont_AVGO_20260608,AVGO,2026-06-08,2026-08-07,,,,485.18,call,BULLISH,CONTINUATION,5.0,NEUTRAL,0.0,0,0.0,True,True,True,0.9137,-0.001114,track_b_cont
trackb_cont_MDB_20260608,MDB,2026-06-08,2026-08-07,,,,372.07,call,BULLISH,CONTINUATION,5.0,NEUTRAL,0.0,0,0.0,True,True,True,0.9134,0.054105,track_b_cont
trackb_cont_PSMT_20260608,PSMT,2026-06-08,2026-08-07,,,,173.97,call,BULLISH,CONTINUATION,5.0,NEUTRAL,0.0,0,0.0,True,True,True,0.9127,0.009475,track_b_cont
trackb_cont_NNBR_20260608,NNBR,2026-06-08,2026-08-07,,,,3.055,call,BULLISH,CONTINUATION,5.0,NEUTRAL,0.0,0,0.0,True,True,True,0.9123,0.000305,track_b_cont
trackb_cont_BHE_20260608,BHE,2026-06-08,2026-08-07,,,,83.92,call,BULLISH,CONTINUATION,5.0,NEUTRAL,0.0,0,0.0,True,True,True,0.9122,-0.00042,track_b_cont
trackb_cont_AKAM_20260608,AKAM,2026-06-08,2026-08-07,,,,162.24,call,BULLISH,CONTINUATION,5.0,NEUTRAL,0.0,0,0.0,True,True,True,0.9118,0.00969,track_b_cont
trackb_cont_CLMT_20260608,CLMT,2026-06-08,2026-08-07,,,,37.755,call,BULLISH,CONTINUATION,5.0,NEUTRAL,0.0,0,0.0,True,True,True,0.9114,0.000746,track_b_cont
trackb_cont_JBHT_20260608,JBHT,2026-06-08,2026-08-07,,,,279.08,call,BULLISH,CONTINUATION,5.0,NEUTRAL,0.0,0,0.0,True,True,True,0.9106,0.024945,track_b_cont
trackb_cont_NET_20260608,NET,2026-06-08,2026-08-07,,,,250.11,call,BULLISH,CONTINUATION,5.0,NEUTRAL,0.0,0,0.0,True,True,True,0.9102,0.037083,track_b_cont
trackb_cont_PHIN_20260608,PHIN,2026-06-08,2026-08-07,,,,79.48,call,BULLISH,CONTINUATION,5.0,NEUTRAL,0.0,0,0.0,True,True,True,0.9094,-0.002229,track_b_cont
trackb_cont_AAON_20260608,AAON,2026-06-08,2026-08-07,,,,146.99,call,BULLISH,CONTINUATION,5.0,NEUTRAL,0.0,0,0.0,True,True,True,0.9091,0.015341,track_b_cont
trackb_cont_KOPN_20260608,KOPN,2026-06-08,2026-08-07,,,,5.46,call,BULLISH,CONTINUATION,5.0,NEUTRAL,0.0,0,0.0,True,True,True,0.9087,0.00079,track_b_cont
trackb_cont_STRL_20260608,STRL,2026-06-08,2026-08-07,,,,950.03,call,BULLISH,CONTINUATION,5.0,NEUTRAL,0.0,0,0.0,True,True,True,0.9076,-0.054198,track_b_cont
trackb_cont_XHR_20260608,XHR,2026-06-08,2026-08-07,,,,17.68,call,BULLISH,CONTINUATION,5.0,NEUTRAL,0.0,0,0.0,True,True,True,0.907,0.000505,track_b_cont
trackb_cont_HIW_20260608,HIW,2026-06-08,2026-08-07,,,,27.88,call,BULLISH,CONTINUATION,5.0,NEUTRAL,0.0,0,0.0,True,True,True,0.9045,0.000775,track_b_cont
trackb_cont_MSEX_20260608,MSEX,2026-06-08,2026-08-07,,,,52.51,call,BULLISH,CONTINUATION,5.0,NEUTRAL,0.0,0,0.0,True,True,True,0.9042,-0.000124,track_b_cont
trackb_cont_UMAC_20260608,UMAC,2026-06-08,2026-08-07,,,,26.7,call,BULLISH,CONTINUATION,5.0,NEUTRAL,0.0,0,0.0,True,True,True,0.9038,0.013601,track_b_cont
trackb_cont_KEEL_20260608,KEEL,2026-06-08,2026-08-07,,,,6.26,call,BULLISH,CONTINUATION,5.0,NEUTRAL,0.0,0,0.0,True,True,True,0.9034,0.001449,track_b_cont
trackb_cont_YETI_20260608,YETI,2026-06-08,2026-08-07,,,,47.37,call,BULLISH,CONTINUATION,5.0,NEUTRAL,0.0,0,0.0,True,True,True,0.9018,0.005926,track_b_cont
trackb_cont_LCUT_20260608,LCUT,2026-06-08,2026-08-07,,,,8.91,call,BULLISH,CONTINUATION,5.0,NEUTRAL,0.0,0,0.0,True,True,True,0.9011,0.002478,track_b_cont
trackb_cont_MTN_20260608,MTN,2026-06-08,2026-08-07,,,,134.99,call,BULLISH,CONTINUATION,5.0,NEUTRAL,0.0,0,0.0,True,True,True,0.8995,0.005426,track_b_cont
trackb_cont_SSYS_20260608,SSYS,2026-06-08,2026-08-07,,,,10.055,call,BULLISH,CONTINUATION,5.0,NEUTRAL,0.0,0,0.0,True,True,True,0.8982,0.000915,track_b_cont
trackb_cont_BOOT_20260608,BOOT,2026-06-08,2026-08-07,,,,169.155,call,BULLISH,CONTINUATION,5.0,NEUTRAL,0.0,0,0.0,True,True,True,0.8981,0.000944,track_b_cont
trackb_cont_MATX_20260608,MATX,2026-06-08,2026-08-07,,,,187.2,call,BULLISH,CONTINUATION,5.0,NEUTRAL,0.0,0,0.0,True,True,True,0.8977,-0.000533,track_b_cont
trackb_cont_LNN_20260608,LNN,2026-06-08,2026-08-07,,,,112.38,call,BULLISH,CONTINUATION,5.0,NEUTRAL,0.0,0,0.0,True,True,True,0.8959,-0.001011,track_b_cont
trackb_cont_NVRI_20260608,NVRI,2026-06-08,2026-08-07,,,,19.3,call,BULLISH,CONTINUATION,5.0,NEUTRAL,0.0,0,0.0,True,True,True,0.8949,0.012404,track_b_cont
trackb_cont_ONDS_20260608,ONDS,2026-06-08,2026-08-07,,,,11.76,call,BULLISH,CONTINUATION,5.0,NEUTRAL,0.0,0,0.0,True,True,True,0.8947,0.001776,track_b_cont
trackb_cont_NMAX_20260608,NMAX,2026-06-08,2026-08-07,,,,9.11,call,BULLISH,CONTINUATION,5.0,NEUTRAL,0.0,0,0.0,True,True,True,0.8946,0.002085,track_b_cont
trackb_cont_CYRX_20260608,CYRX,2026-06-08,2026-08-07,,,,16.38,call,BULLISH,CONTINUATION,5.0,NEUTRAL,0.0,0,0.0,True,True,True,0.8945,0.002167,track_b_cont
trackb_cont_WSM_20260608,WSM,2026-06-08,2026-08-07,,,,204.05,call,BULLISH,CONTINUATION,5.0,NEUTRAL,0.0,0,0.0,True,True,True,0.8945,0.019202,track_b_cont
trackb_cont_VPG_20260608,VPG,2026-06-08,2026-08-07,,,,117.51,call,BULLISH,CONTINUATION,5.0,NEUTRAL,0.0,0,0.0,True,True,True,0.8944,0.049484,track_b_cont
trackb_cont_ENR_20260608,ENR,2026-06-08,2026-08-07,,,,19.44,call,BULLISH,CONTINUATION,5.0,NEUTRAL,0.0,0,0.0,True,True,True,0.8943,0.000955,track_b_cont
trackb_cont_BZH_20260608,BZH,2026-06-08,2026-08-07,,,,25.96,call,BULLISH,CONTINUATION,5.0,NEUTRAL,0.0,0,0.0,True,True,True,0.8916,0.004207,track_b_cont
trackb_cont_WOR_20260608,WOR,2026-06-08,2026-08-07,,,,57.31,call,BULLISH,CONTINUATION,5.0,NEUTRAL,0.0,0,0.0,True,True,True,0.8916,0.000919,track_b_cont
trackb_cont_INVH_20260608,INVH,2026-06-08,2026-08-07,,,,30.04,call,BULLISH,CONTINUATION,5.0,NEUTRAL,0.0,0,0.0,True,True,True,0.8909,5.6e-05,track_b_cont
trackb_cont_ILMN_20260608,ILMN,2026-06-08,2026-08-07,,,,167.275,call,BULLISH,CONTINUATION,5.0,NEUTRAL,0.0,0,0.0,True,True,True,0.8907,0.009101,track_b_cont
trackb_cont_GNTX_20260608,GNTX,2026-06-08,2026-08-07,,,,24.99,call,BULLISH,CONTINUATION,5.0,NEUTRAL,0.0,0,0.0,True,True,True,0.8906,0.000345,track_b_cont
trackb_cont_HUBG_20260608,HUBG,2026-06-08,2026-08-07,,,,42.93,call,BULLISH,CONTINUATION,5.0,NEUTRAL,0.0,0,0.0,True,True,True,0.8905,0.002866,track_b_cont
trackb_cont_MTUS_20260608,MTUS,2026-06-08,2026-08-07,,,,19.66,call,BULLISH,CONTINUATION,5.0,NEUTRAL,0.0,0,0.0,True,True,True,0.8905,0.001496,track_b_cont
trackb_cont_HOV_20260608,HOV,2026-06-08,2026-08-07,,,,108.12,call,BULLISH,CONTINUATION,5.0,NEUTRAL,0.0,0,0.0,True,True,True,0.8898,0.002703,track_b_cont
trackb_cont_BBBY_20260608,BBBY,2026-06-08,2026-08-07,,,,6.025,call,BULLISH,CONTINUATION,5.0,NEUTRAL,0.0,0,0.0,True,True,True,0.8894,0.001087,track_b_cont
trackb_cont_CCL_20260608,CCL,2026-06-08,2026-08-07,,,,27.41,call,BULLISH,CONTINUATION,5.0,NEUTRAL,0.0,0,0.0,True,True,True,0.8889,0.001884,track_b_cont
trackb_cont_GIII_20260608,GIII,2026-06-08,2026-08-07,,,,32.205,call,BULLISH,CONTINUATION,5.0,NEUTRAL,0.0,0,0.0,True,True,True,0.8885,0.000368,track_b_cont
trackb_cont_PBI_20260608,PBI,2026-06-08,2026-08-07,,,,16.23,call,BULLISH,CONTINUATION,5.0,NEUTRAL,0.0,0,0.0,True,True,True,0.8878,0.000143,track_b_cont
trackb_cont_FRT_20260608,FRT,2026-06-08,2026-08-07,,,,122.56,call,BULLISH,CONTINUATION,5.0,NEUTRAL,0.0,0,0.0,True,True,True,0.8877,0.003424,track_b_cont
trackb_cont_HAE_20260608,HAE,2026-06-08,2026-08-07,,,,65.27,call,BULLISH,CONTINUATION,5.0,NEUTRAL,0.0,0,0.0,True,True,True,0.8864,0.011424,track_b_cont
trackb_cont_SXC_20260608,SXC,2026-06-08,2026-08-07,,,,9.08,call,BULLISH,CONTINUATION,5.0,NEUTRAL,0.0,0,0.0,True,True,True,0.8863,0.001874,track_b_cont
trackb_cont_SANM_20260608,SANM,2026-06-08,2026-08-07,,,,252.08,call,BULLISH,CONTINUATION,5.0,NEUTRAL,0.0,0,0.0,True,True,True,0.8863,0.028287,track_b_cont
trackb_cont_LLY_20260608,LLY,2026-06-08,2026-08-07,,,,1131.42,call,BULLISH,CONTINUATION,5.0,NEUTRAL,0.0,0,0.0,True,True,True,0.8851,0.099338,track_b_cont
trackb_cont_AGL_20260608,AGL,2026-06-08,2026-08-07,,,,84.64,call,BULLISH,CONTINUATION,5.0,NEUTRAL,0.0,0,0.0,True,True,True,0.885,0.040935,track_b_cont
trackb_cont_FLNC_20260608,FLNC,2026-06-08,2026-08-07,,,,25.56,call,BULLISH,CONTINUATION,5.0,NEUTRAL,0.0,0,0.0,True,True,True,0.8837,0.002778,track_b_cont
trackb_cont_VLO_20260608,VLO,2026-06-08,2026-08-07,,,,263.89,call,BULLISH,CONTINUATION,5.0,NEUTRAL,0.0,0,0.0,True,True,True,0.8832,-0.000714,track_b_cont
trackb_cont_EW_20260608,EW,2026-06-08,2026-08-07,,,,86.295,call,BULLISH,CONTINUATION,5.0,NEUTRAL,0.0,0,0.0,True,True,True,0.883,0.003636,track_b_cont
trackb_cont_ADP_20260608,ADP,2026-06-08,2026-08-07,,,,225.73,call,BULLISH,CONTINUATION,5.0,NEUTRAL,0.0,0,0.0,True,True,True,0.8823,0.009996,track_b_cont
trackb_cont_TRIP_20260608,TRIP,2026-06-08,2026-08-07,,,,11.86,call,BULLISH,CONTINUATION,5.0,NEUTRAL,0.0,0,0.0,True,True,True,0.8818,0.001154,track_b_cont
trackb_cont_RYZ_20260608,RYZ,2026-06-08,2026-08-07,,,,28.0575,call,BULLISH,CONTINUATION,5.0,NEUTRAL,0.0,0,0.0,True,True,True,0.8816,6.7e-05,track_b_cont
trackb_cont_GWW_20260608,GWW,2026-06-08,2026-08-07,,,,1300.01,call,BULLISH,CONTINUATION,5.0,NEUTRAL,0.0,0,0.0,True,True,True,0.8815,-0.014552,track_b_cont
trackb_cont_ROK_20260608,ROK,2026-06-08,2026-08-07,,,,446.71,call,BULLISH,CONTINUATION,5.0,NEUTRAL,0.0,0,0.0,True,True,True,0.8809,-0.0022,track_b_cont
trackb_cont_MEDP_20260608,MEDP,2026-06-08,2026-08-07,,,,454.25,call,BULLISH,CONTINUATION,5.0,NEUTRAL,0.0,0,0.0,True,True,True,0.88,0.01626,track_b_cont
trackb_cont_CNK_20260608,CNK,2026-06-08,2026-08-07,,,,29.96,call,BULLISH,CONTINUATION,5.0,NEUTRAL,0.0,0,0.0,True,True,True,0.8783,0.000526,track_b_cont
trackb_cont_FOR_20260608,FOR,2026-06-08,2026-08-07,,,,26.875,call,BULLISH,CONTINUATION,5.0,NEUTRAL,0.0,0,0.0,True,True,True,0.8778,-0.000653,track_b_cont
trackb_cont_BRC_20260608,BRC,2026-06-08,2026-08-07,,,,87.615,call,BULLISH,CONTINUATION,5.0,NEUTRAL,0.0,0,0.0,True,True,True,0.8769,0.011038,track_b_cont
trackb_cont_IP_20260608,IP,2026-06-08,2026-08-07,,,,33.61,call,BULLISH,CONTINUATION,5.0,NEUTRAL,0.0,0,0.0,True,True,True,0.8767,0.000959,track_b_cont
trackb_cont_LEA_20260608,LEA,2026-06-08,2026-08-07,,,,146.55,call,BULLISH,CONTINUATION,5.0,NEUTRAL,0.0,0,0.0,True,True,True,0.8765,0.003645,track_b_cont
trackb_cont_AMN_20260608,AMN,2026-06-08,2026-08-07,,,,29.5,call,BULLISH,CONTINUATION,5.0,NEUTRAL,0.0,0,0.0,True,True,True,0.876,0.001242,track_b_cont
trackb_cont_WULF_20260608,WULF,2026-06-08,2026-08-07,,,,26.11,call,BULLISH,CONTINUATION,5.0,NEUTRAL,0.0,0,0.0,True,True,True,0.8755,0.000712,track_b_cont
trackb_cont_ES_20260608,ES,2026-06-08,2026-08-07,,,,70.6,call,BULLISH,CONTINUATION,5.0,NEUTRAL,0.0,0,0.0,True,True,True,0.8747,0.00035,track_b_cont
trackb_cont_TNET_20260608,TNET,2026-06-08,2026-08-07,,,,46.26,call,BULLISH,CONTINUATION,5.0,NEUTRAL,0.0,0,0.0,True,True,True,0.8743,0.002766,track_b_cont
trackb_cont_BMRN_20260608,BMRN,2026-06-08,2026-08-07,,,,56.77,call,BULLISH,CONTINUATION,5.0,NEUTRAL,0.0,0,0.0,True,True,True,0.8739,0.000823,track_b_cont
trackb_cont_MNST_20260608,MNST,2026-06-08,2026-08-07,,,,89.55,call,BULLISH,CONTINUATION,5.0,NEUTRAL,0.0,0,0.0,True,True,True,0.8738,0.002479,track_b_cont
trackb_cont_EEX_20260608,EEX,2026-06-08,2026-08-07,,,,4.975,call,BULLISH,CONTINUATION,5.0,NEUTRAL,0.0,0,0.0,True,True,True,0.8732,0.000141,track_b_cont
trackb_cont_TBI_20260608,TBI,2026-06-08,2026-08-07,,,,6.63,call,BULLISH,CONTINUATION,5.0,NEUTRAL,0.0,0,0.0,True,True,True,0.873,0.000634,track_b_cont
trackb_cont_EXR_20260608,EXR,2026-06-08,2026-08-07,,,,145.31,call,BULLISH,CONTINUATION,5.0,NEUTRAL,0.0,0,0.0,True,True,True,0.8718,-0.001554,track_b_cont
trackb_cont_SOLV_20260608,SOLV,2026-06-08,2026-08-07,,,,77.7201,call,BULLISH,CONTINUATION,5.0,NEUTRAL,0.0,0,0.0,True,True,True,0.8712,0.002834,track_b_cont
trackb_cont_HRL_20260608,HRL,2026-06-08,2026-08-07,,,,23.435,call,BULLISH,CONTINUATION,5.0,NEUTRAL,0.0,0,0.0,True,True,True,0.8711,0.001509,track_b_cont
trackb_cont_AMRZ_20260608,AMRZ,2026-06-08,2026-08-07,,,,54.055,call,BULLISH,CONTINUATION,5.0,NEUTRAL,0.0,0,0.0,True,True,True,0.8707,-0.001551,track_b_cont
trackb_cont_BFH_20260608,BFH,2026-06-08,2026-08-07,,,,89.21,call,BULLISH,CONTINUATION,5.0,NEUTRAL,0.0,0,0.0,True,True,True,0.8699,0.001138,track_b_cont
trackb_cont_OUST_20260608,OUST,2026-06-08,2026-08-07,,,,43.74,call,BULLISH,CONTINUATION,5.0,NEUTRAL,0.0,0,0.0,True,True,True,0.8697,0.013249,track_b_cont
trackb_cont_ATI_20260608,ATI,2026-06-08,2026-08-07,,,,178.775,call,BULLISH,CONTINUATION,5.0,NEUTRAL,0.0,0,0.0,True,True,True,0.8696,0.005058,track_b_cont
trackb_cont_IAUX_20260608,IAUX,2026-06-08,2026-08-07,,,,1.555,call,BULLISH,CONTINUATION,5.0,NEUTRAL,0.0,0,0.0,True,True,True,0.8696,-1.7e-05,track_b_cont
trackb_cont_AMR_20260608,AMR,2026-06-08,2026-08-07,,,,202.38,call,BULLISH,CONTINUATION,5.0,NEUTRAL,0.0,0,0.0,True,True,True,0.8694,0.016918,track_b_cont
trackb_cont_AMPX_20260608,AMPX,2026-06-08,2026-08-07,,,,22.34,call,BULLISH,CONTINUATION,5.0,NEUTRAL,0.0,0,0.0,True,True,True,0.8682,-0.000914,track_b_cont
trackb_cont_SHLS_20260608,SHLS,2026-06-08,2026-08-07,,,,12.5305,call,BULLISH,CONTINUATION,5.0,NEUTRAL,0.0,0,0.0,True,True,True,0.868,0.002775,track_b_cont
trackb_cont_DELL_20260608,DELL,2026-06-08,2026-08-07,,,,415.17,call,BULLISH,CONTINUATION,5.0,NEUTRAL,0.0,0,0.0,True,True,True,0.8679,0.112987,track_b_cont
trackb_cont_SLB_20260608,SLB,2026-06-08,2026-08-07,,,,54.87,call,BULLISH,CONTINUATION,5.0,NEUTRAL,0.0,0,0.0,True,True,True,0.867,0.000206,track_b_cont
trackb_cont_RBRK_20260608,RBRK,2026-06-08,2026-08-07,,,,77.92,call,BULLISH,CONTINUATION,5.0,NEUTRAL,0.0,0,0.0,True,True,True,0.8667,0.012756,track_b_cont
trackb_cont_DDD_20260608,DDD,2026-06-08,2026-08-07,,,,3.75,call,BULLISH,CONTINUATION,5.0,NEUTRAL,0.0,0,0.0,True,True,True,0.8667,0.000706,track_b_cont
trackb_cont_GM_20260608,GM,2026-06-08,2026-08-07,,,,82.11,call,BULLISH,CONTINUATION,5.0,NEUTRAL,0.0,0,0.0,True,True,True,0.8665,0.005294,track_b_cont
trackb_cont_SNX_20260608,SNX,2026-06-08,2026-08-07,,,,268.8,call,BULLISH,CONTINUATION,5.0,NEUTRAL,0.0,0,0.0,True,True,True,0.8658,0.026315,track_b_cont
trackb_cont_ALOY_20260608,ALOY,2026-06-08,2026-08-07,,,,10.4521,call,BULLISH,CONTINUATION,5.0,NEUTRAL,0.0,0,0.0,True,True,True,0.8655,0.000442,track_b_cont
trackb_cont_ADM_20260608,ADM,2026-06-08,2026-08-07,,,,84.835,call,BULLISH,CONTINUATION,5.0,NEUTRAL,0.0,0,0.0,True,True,True,0.8653,-0.001389,track_b_cont
trackb_cont_HRB_20260608,HRB,2026-06-08,2026-08-07,,,,37.33,call,BULLISH,CONTINUATION,5.0,NEUTRAL,0.0,0,0.0,True,True,True,0.8631,0.004807,track_b_cont
trackb_cont_PFG_20260608,PFG,2026-06-08,2026-08-07,,,,102.01,call,BULLISH,CONTINUATION,5.0,NEUTRAL,0.0,0,0.0,True,True,True,0.8621,0.001484,track_b_cont
trackb_cont_A_20260608,A,2026-06-08,2026-08-07,,,,138.695,call,BULLISH,CONTINUATION,5.0,NEUTRAL,0.0,0,0.0,True,True,True,0.8613,0.008021,track_b_cont
trackb_cont_NCMI_20260608,NCMI,2026-06-08,2026-08-07,,,,3.555,call,BULLISH,CONTINUATION,5.0,NEUTRAL,0.0,0,0.0,True,True,True,0.8605,-0.000315,track_b_cont
trackb_cont_ENVX_20260608,ENVX,2026-06-08,2026-08-07,,,,8.405,call,BULLISH,CONTINUATION,5.0,NEUTRAL,0.0,0,0.0,True,True,True,0.859,0.000514,track_b_cont
trackb_cont_FA_20260608,FA,2026-06-08,2026-08-07,,,,15.915,call,BULLISH,CONTINUATION,5.0,NEUTRAL,0.0,0,0.0,True,True,True,0.859,0.000954,track_b_cont
trackb_cont_RCAT_20260608,RCAT,2026-06-08,2026-08-07,,,,12.68,call,BULLISH,CONTINUATION,5.0,NEUTRAL,0.0,0,0.0,True,True,True,0.8588,0.003185,track_b_cont
trackb_cont_MHO_20260608,MHO,2026-06-08,2026-08-07,,,,137.33,call,BULLISH,CONTINUATION,5.0,NEUTRAL,0.0,0,0.0,True,True,True,0.8587,0.005398,track_b_cont
trackb_cont_DNOW_20260608,DNOW,2026-06-08,2026-08-07,,,,13.23,call,BULLISH,CONTINUATION,5.0,NEUTRAL,0.0,0,0.0,True,True,True,0.8586,-0.000417,track_b_cont
trackb_cont_HRI_20260608,HRI,2026-06-08,2026-08-07,,,,136.68,call,BULLISH,CONTINUATION,5.0,NEUTRAL,0.0,0,0.0,True,True,True,0.8576,-0.005739,track_b_cont
trackb_cont_CWT_20260608,CWT,2026-06-08,2026-08-07,,,,45.82,call,BULLISH,CONTINUATION,5.0,NEUTRAL,0.0,0,0.0,True,True,True,0.857,0.000517,track_b_cont
trackb_cont_AYI_20260608,AYI,2026-06-08,2026-08-07,,,,302.04,call,BULLISH,CONTINUATION,5.0,NEUTRAL,0.0,0,0.0,True,True,True,0.857,0.010433,track_b_cont
trackb_cont_WS_20260608,WS,2026-06-08,2026-08-07,,,,42.59,call,BULLISH,CONTINUATION,5.0,NEUTRAL,0.0,0,0.0,True,True,True,0.8567,0.000228,track_b_cont
trackb_cont_TER_20260608,TER,2026-06-08,2026-08-07,,,,407.64,call,BULLISH,CONTINUATION,5.0,NEUTRAL,0.0,0,0.0,True,True,True,0.8559,0.002488,track_b_cont
trackb_cont_HON_20260608,HON,2026-06-08,2026-08-07,,,,232.91,call,BULLISH,CONTINUATION,5.0,NEUTRAL,0.0,0,0.0,True,True,True,0.8553,0.014654,track_b_cont
trackb_cont_ORA_20260608,ORA,2026-06-08,2026-08-07,,,,140.0,call,BULLISH,CONTINUATION,5.0,NEUTRAL,0.0,0,0.0,True,True,True,0.8553,0.012791,track_b_cont
trackb_cont_ASH_20260608,ASH,2026-06-08,2026-08-07,,,,57.185,call,BULLISH,CONTINUATION,5.0,NEUTRAL,0.0,0,0.0,True,True,True,0.8551,0.001807,track_b_cont
trackb_cont_PSX_20260608,PSX,2026-06-08,2026-08-07,,,,183.08,call,BULLISH,CONTINUATION,5.0,NEUTRAL,0.0,0,0.0,True,True,True,0.8548,0.001931,track_b_cont
trackb_cont_KMX_20260608,KMX,2026-06-08,2026-08-07,,,,46.585,call,BULLISH,CONTINUATION,5.0,NEUTRAL,0.0,0,0.0,True,True,True,0.8538,0.002985,track_b_cont
trackb_cont_JBL_20260608,JBL,2026-06-08,2026-08-07,,,,380.9,call,BULLISH,CONTINUATION,5.0,NEUTRAL,0.0,0,0.0,True,True,True,0.8537,0.003116,track_b_cont
trackb_cont_WY_20260608,WY,2026-06-08,2026-08-07,,,,24.48,call,BULLISH,CONTINUATION,5.0,NEUTRAL,0.0,0,0.0,True,True,True,0.8523,0.000556,track_b_cont
trackb_cont_DGII_20260608,DGII,2026-06-08,2026-08-07,,,,65.95,call,BULLISH,CONTINUATION,5.0,NEUTRAL,0.0,0,0.0,True,True,True,0.8512,0.004924,track_b_cont
trackb_cont_GHI_20260608,GHI,2026-06-08,2026-08-07,,,,5.386,call,BULLISH,CONTINUATION,5.0,NEUTRAL,0.0,0,0.0,True,True,True,0.8511,-0.000145,track_b_cont
trackb_cont_BIO_20260608,BIO,2026-06-08,2026-08-07,,,,294.32,call,BULLISH,CONTINUATION,5.0,NEUTRAL,0.0,0,0.0,True,True,True,0.851,0.056243,track_b_cont
trackb_cont_RPRX_20260608,RPRX,2026-06-08,2026-08-07,,,,55.87,call,BULLISH,CONTINUATION,5.0,NEUTRAL,0.0,0,0.0,True,True,True,0.8502,0.002343,track_b_cont
trackb_cont_STX_20260608,STX,2026-06-08,2026-08-07,,,,847.47,call,BULLISH,CONTINUATION,5.0,NEUTRAL,0.0,0,0.0,True,True,True,0.8498,0.104555,track_b_cont
trackb_cont_LEN_20260608,LEN,2026-06-08,2026-08-07,,,,90.49,call,BULLISH,CONTINUATION,5.0,NEUTRAL,0.0,0,0.0,True,True,True,0.8492,0.00316,track_b_cont
trackb_cont_LIND_20260608,LIND,2026-06-08,2026-08-07,,,,22.31,call,BULLISH,CONTINUATION,5.0,NEUTRAL,0.0,0,0.0,True,True,True,0.8492,0.001599,track_b_cont
trackb_cont_ILPT_20260608,ILPT,2026-06-08,2026-08-07,,,,8.755,call,BULLISH,CONTINUATION,5.0,NEUTRAL,0.0,0,0.0,True,True,True,0.8488,0.001015,track_b_cont
trackb_cont_AMD_20260608,AMD,2026-06-08,2026-08-07,,,,466.38,call,BULLISH,CONTINUATION,5.0,NEUTRAL,0.0,0,0.0,True,True,True,0.8482,0.081664,track_b_cont
trackb_cont_APH_20260608,APH,2026-06-08,2026-08-07,,,,138.81,call,BULLISH,CONTINUATION,5.0,NEUTRAL,0.0,0,0.0,True,True,True,0.8481,0.016375,track_b_cont
trackb_cont_ASPI_20260608,ASPI,2026-06-08,2026-08-07,,,,6.71,call,BULLISH,CONTINUATION,5.0,NEUTRAL,0.0,0,0.0,True,True,True,0.8474,0.001832,track_b_cont
trackb_cont_AMC_20260608,AMC,2026-06-08,2026-08-07,,,,1.875,call,BULLISH,CONTINUATION,5.0,NEUTRAL,0.0,0,0.0,True,True,True,0.8469,0.000255,track_b_cont
trackb_cont_AVT_20260608,AVT,2026-06-08,2026-08-07,,,,93.26,call,BULLISH,CONTINUATION,5.0,NEUTRAL,0.0,0,0.0,True,True,True,0.8466,0.00253,track_b_cont
trackb_cont_EIX_20260608,EIX,2026-06-08,2026-08-07,,,,72.345,call,BULLISH,CONTINUATION,5.0,NEUTRAL,0.0,0,0.0,True,True,True,0.8465,-0.000647,track_b_cont
trackb_cont_ARRY_20260608,ARRY,2026-06-08,2026-08-07,,,,8.885,call,BULLISH,CONTINUATION,5.0,NEUTRAL,0.0,0,0.0,True,True,True,0.8457,0.000158,track_b_cont
trackb_cont_MRP_20260608,MRP,2026-06-08,2026-08-07,,,,28.93,call,BULLISH,CONTINUATION,5.0,NEUTRAL,0.0,0,0.0,True,True,True,0.8451,0.000485,track_b_cont
trackb_cont_PACK_20260608,PACK,2026-06-08,2026-08-07,,,,6.79,call,BULLISH,CONTINUATION,5.0,NEUTRAL,0.0,0,0.0,True,True,True,0.8444,0.000712,track_b_cont
trackb_cont_NEU_20260608,NEU,2026-06-08,2026-08-07,,,,786.615,call,BULLISH,CONTINUATION,5.0,NEUTRAL,0.0,0,0.0,True,True,True,0.8438,0.073958,track_b_cont
trackb_cont_MSCI_20260608,MSCI,2026-06-08,2026-08-07,,,,622.0175,call,BULLISH,CONTINUATION,5.0,NEUTRAL,0.0,0,0.0,True,True,True,0.8437,0.022991,track_b_cont
trackb_cont_CLOV_20260608,CLOV,2026-06-08,2026-08-07,,,,3.83,call,BULLISH,CONTINUATION,5.0,NEUTRAL,0.0,0,0.0,True,True,True,0.8421,0.000619,track_b_cont
trackb_cont_FSTR_20260608,FSTR,2026-06-08,2026-08-07,,,,41.51,call,BULLISH,CONTINUATION,5.0,NEUTRAL,0.0,0,0.0,True,True,True,0.8397,-0.000799,track_b_cont
trackb_cont_H_20260608,H,2026-06-08,2026-08-07,,,,185.66,call,BULLISH,CONTINUATION,5.0,NEUTRAL,0.0,0,0.0,True,True,True,0.8396,0.011655,track_b_cont
trackb_cont_RHP_20260608,RHP,2026-06-08,2026-08-07,,,,115.54,call,BULLISH,CONTINUATION,5.0,NEUTRAL,0.0,0,0.0,True,True,True,0.8392,0.004615,track_b_cont
trackb_cont_DK_20260608,DK,2026-06-08,2026-08-07,,,,48.28,call,BULLISH,CONTINUATION,5.0,NEUTRAL,0.0,0,0.0,True,True,True,0.8389,-0.001773,track_b_cont
trackb_cont_FLEX_20260608,FLEX,2026-06-08,2026-08-07,,,,151.92,call,BULLISH,CONTINUATION,5.0,NEUTRAL,0.0,0,0.0,True,True,True,0.8387,0.009774,track_b_cont
trackb_cont_WRLD_20260608,WRLD,2026-06-08,2026-08-07,,,,166.0,call,BULLISH,CONTINUATION,5.0,NEUTRAL,0.0,0,0.0,True,True,True,0.8383,0.015345,track_b_cont
trackb_cont_EMN_20260608,EMN,2026-06-08,2026-08-07,,,,76.44,call,BULLISH,CONTINUATION,5.0,NEUTRAL,0.0,0,0.0,True,True,True,0.8381,-0.002377,track_b_cont
trackb_cont_CRI_20260608,CRI,2026-06-08,2026-08-07,,,,39.22,call,BULLISH,CONTINUATION,5.0,NEUTRAL,0.0,0,0.0,True,True,True,0.8379,0.004728,track_b_cont
trackb_cont_INCY_20260608,INCY,2026-06-08,2026-08-07,,,,102.38,call,BULLISH,CONTINUATION,5.0,NEUTRAL,0.0,0,0.0,True,True,True,0.8366,-0.003611,track_b_cont
trackb_cont_STGW_20260608,STGW,2026-06-08,2026-08-07,,,,6.625,call,BULLISH,CONTINUATION,5.0,NEUTRAL,0.0,0,0.0,True,True,True,0.8363,0.000469,track_b_cont
trackb_cont_RIOT_20260608,RIOT,2026-06-08,2026-08-07,,,,27.975,call,BULLISH,CONTINUATION,5.0,NEUTRAL,0.0,0,0.0,True,True,True,0.836,0.002727,track_b_cont
trackb_cont_ITGR_20260608,ITGR,2026-06-08,2026-08-07,,,,90.15,call,BULLISH,CONTINUATION,5.0,NEUTRAL,0.0,0,0.0,True,True,True,0.836,0.001909,track_b_cont
trackb_cont_XPO_20260608,XPO,2026-06-08,2026-08-07,,,,219.515,call,BULLISH,CONTINUATION,5.0,NEUTRAL,0.0,0,0.0,True,True,True,0.8346,0.004487,track_b_cont
trackb_cont_SNDK_20260608,SNDK,2026-06-08,2026-08-07,,,,1780.285,call,BULLISH,CONTINUATION,5.0,NEUTRAL,0.0,0,0.0,True,True,True,0.8336,0.173221,track_b_cont
trackb_cont_PGNY_20260608,PGNY,2026-06-08,2026-08-07,,,,24.835,call,BULLISH,CONTINUATION,5.0,NEUTRAL,0.0,0,0.0,True,True,True,0.8327,0.004514,track_b_cont
trackb_cont_AP_20260608,AP,2026-06-08,2026-08-07,,,,11.64,call,BULLISH,CONTINUATION,5.0,NEUTRAL,0.0,0,0.0,True,True,True,0.8324,-0.00126,track_b_cont
trackb_cont_EVR_20260608,EVR,2026-06-08,2026-08-07,,,,340.69,call,BULLISH,CONTINUATION,5.0,NEUTRAL,0.0,0,0.0,True,True,True,0.832,0.002838,track_b_cont
trackb_cont_EIG_20260608,EIG,2026-06-08,2026-08-07,,,,43.415,call,BULLISH,CONTINUATION,5.0,NEUTRAL,0.0,0,0.0,True,True,True,0.831,0.001898,track_b_cont
trackb_cont_CHRW_20260608,CHRW,2026-06-08,2026-08-07,,,,181.36,call,BULLISH,CONTINUATION,5.0,NEUTRAL,0.0,0,0.0,True,True,True,0.8302,0.010293,track_b_cont
trackb_cont_NTAP_20260608,NTAP,2026-06-08,2026-08-07,,,,167.04,call,BULLISH,CONTINUATION,5.0,NEUTRAL,0.0,0,0.0,True,True,True,0.8297,0.049977,track_b_cont
trackb_cont_GNRC_20260608,GNRC,2026-06-08,2026-08-07,,,,287.39,call,BULLISH,CONTINUATION,5.0,NEUTRAL,0.0,0,0.0,True,True,True,0.8286,-0.006876,track_b_cont
trackb_cont_KLIC_20260608,KLIC,2026-06-08,2026-08-07,,,,98.16,call,BULLISH,CONTINUATION,5.0,NEUTRAL,0.0,0,0.0,True,True,True,0.8282,0.003972,track_b_cont
trackb_cont_SAIA_20260608,SAIA,2026-06-08,2026-08-07,,,,461.91,call,BULLISH,CONTINUATION,5.0,NEUTRAL,0.0,0,0.0,True,True,True,0.8278,0.023303,track_b_cont
trackb_cont_BEPC_20260608,BEPC,2026-06-08,2026-08-07,,,,40.3199,call,BULLISH,CONTINUATION,5.0,NEUTRAL,0.0,0,0.0,True,True,True,0.8274,0.00142,track_b_cont
trackb_cont_STUB_20260608,STUB,2026-06-08,2026-08-07,,,,9.585,call,BULLISH,CONTINUATION,5.0,NEUTRAL,0.0,0,0.0,True,True,True,0.8241,0.00254,track_b_cont
trackb_cont_DEVS_20260608,DEVS,2026-06-08,2026-08-07,,,,0.7962,call,BULLISH,CONTINUATION,5.0,NEUTRAL,0.0,0,0.0,True,True,True,0.8235,6.3e-05,track_b_cont
trackb_cont_WMK_20260608,WMK,2026-06-08,2026-08-07,,,,75.4,call,BULLISH,CONTINUATION,5.0,NEUTRAL,0.0,0,0.0,True,True,True,0.8234,0.002317,track_b_cont
trackb_cont_ARR_20260608,ARR,2026-06-08,2026-08-07,,,,17.08,call,BULLISH,CONTINUATION,5.0,NEUTRAL,0.0,0,0.0,True,True,True,0.8233,-0.000886,track_b_cont
trackb_cont_KFY_20260608,KFY,2026-06-08,2026-08-07,,,,72.32,call,BULLISH,CONTINUATION,5.0,NEUTRAL,0.0,0,0.0,True,True,True,0.8225,0.003327,track_b_cont
trackb_cont_TILE_20260608,TILE,2026-06-08,2026-08-07,,,,30.14,call,BULLISH,CONTINUATION,5.0,NEUTRAL,0.0,0,0.0,True,True,True,0.8212,0.00076,track_b_cont
trackb_cont_HZO_20260608,HZO,2026-06-08,2026-08-07,,,,34.56,call,BULLISH,CONTINUATION,5.0,NEUTRAL,0.0,0,0.0,True,True,True,0.821,0.001959,track_b_cont
trackb_cont_MOD_20260608,MOD,2026-06-08,2026-08-07,,,,308.74,call,BULLISH,CONTINUATION,5.0,NEUTRAL,0.0,0,0.0,True,True,True,0.8201,-0.009696,track_b_cont
trackb_cont_ENS_20260608,ENS,2026-06-08,2026-08-07,,,,227.08,call,BULLISH,CONTINUATION,5.0,NEUTRAL,0.0,0,0.0,True,True,True,0.8197,0.001015,track_b_cont
trackb_cont_AZTA_20260608,AZTA,2026-06-08,2026-08-07,,,,22.69,call,BULLISH,CONTINUATION,5.0,NEUTRAL,0.0,0,0.0,True,True,True,0.8197,0.005485,track_b_cont
trackb_cont_FVR_20260608,FVR,2026-06-08,2026-08-07,,,,17.97,call,BULLISH,CONTINUATION,5.0,NEUTRAL,0.0,0,0.0,True,True,True,0.8189,-0.000498,track_b_cont
trackb_cont_BEN_20260608,BEN,2026-06-08,2026-08-07,,,,31.33,call,BULLISH,CONTINUATION,5.0,NEUTRAL,0.0,0,0.0,True,True,True,0.8188,-0.001234,track_b_cont
trackb_cont_CRL_20260608,CRL,2026-06-08,2026-08-07,,,,181.34,call,BULLISH,CONTINUATION,5.0,NEUTRAL,0.0,0,0.0,True,True,True,0.8185,0.005046,track_b_cont
trackb_cont_ULCC_20260608,ULCC,2026-06-08,2026-08-07,,,,5.7,call,BULLISH,CONTINUATION,5.0,NEUTRAL,0.0,0,0.0,True,True,True,0.8184,0.000591,track_b_cont
trackb_cont_NVTS_20260608,NVTS,2026-06-08,2026-08-07,,,,25.08,call,BULLISH,CONTINUATION,5.0,NEUTRAL,0.0,0,0.0,True,True,True,0.8179,0.010811,track_b_cont
trackb_cont_HLT_20260608,HLT,2026-06-08,2026-08-07,,,,333.54,call,BULLISH,CONTINUATION,5.0,NEUTRAL,0.0,0,0.0,True,True,True,0.8169,0.007752,track_b_cont
trackb_cont_CMC_20260608,CMC,2026-06-08,2026-08-07,,,,74.15,call,BULLISH,CONTINUATION,5.0,NEUTRAL,0.0,0,0.0,True,True,True,0.8156,0.003828,track_b_cont
trackb_cont_BBGI_20260608,BBGI,2026-06-08,2026-08-07,,,,19.06,call,BULLISH,CONTINUATION,5.0,NEUTRAL,0.0,0,0.0,True,True,True,0.8154,-0.002328,track_b_cont
trackb_cont_VISN_20260608,VISN,2026-06-08,2026-08-07,,,,11.75,call,BULLISH,CONTINUATION,5.0,NEUTRAL,0.0,0,0.0,True,True,True,0.8151,0.000661,track_b_cont
trackb_cont_BDN_20260608,BDN,2026-06-08,2026-08-07,,,,3.17,call,BULLISH,CONTINUATION,5.0,NEUTRAL,0.0,0,0.0,True,True,True,0.8148,-5.4e-05,track_b_cont
trackb_cont_FC_20260608,FC,2026-06-08,2026-08-07,,,,23.145,call,BULLISH,CONTINUATION,5.0,NEUTRAL,0.0,0,0.0,True,True,True,0.8147,0.001436,track_b_cont
trackb_cont_PXED_20260608,PXED,2026-06-08,2026-08-07,,,,30.33,call,BULLISH,CONTINUATION,5.0,NEUTRAL,0.0,0,0.0,True,True,True,0.8144,-0.00018,track_b_cont
trackb_cont_RLGT_20260608,RLGT,2026-06-08,2026-08-07,,,,8.57,call,BULLISH,CONTINUATION,5.0,NEUTRAL,0.0,0,0.0,True,True,True,0.814,3.1e-05,track_b_cont
trackb_cont_SRG_20260608,SRG,2026-06-08,2026-08-07,,,,2.69,call,BULLISH,CONTINUATION,5.0,NEUTRAL,0.0,0,0.0,True,True,True,0.8136,2.4e-05,track_b_cont
trackb_cont_MHK_20260608,MHK,2026-06-08,2026-08-07,,,,104.545,call,BULLISH,CONTINUATION,5.0,NEUTRAL,0.0,0,0.0,True,True,True,0.8132,0.002562,track_b_cont
trackb_cont_DE_20260608,DE,2026-06-08,2026-08-07,,,,589.68,call,BULLISH,CONTINUATION,5.0,NEUTRAL,0.0,0,0.0,True,True,True,0.8131,-0.062424,track_b_cont
trackb_cont_CAL_20260608,CAL,2026-06-08,2026-08-07,,,,12.37,call,BULLISH,CONTINUATION,5.0,NEUTRAL,0.0,0,0.0,True,True,True,0.8131,0.002639,track_b_cont
trackb_cont_PENN_20260608,PENN,2026-06-08,2026-08-07,,,,19.23,call,BULLISH,CONTINUATION,5.0,NEUTRAL,0.0,0,0.0,True,True,True,0.813,0.002916,track_b_cont
trackb_cont_ADI_20260608,ADI,2026-06-08,2026-08-07,,,,401.39,call,BULLISH,CONTINUATION,5.0,NEUTRAL,0.0,0,0.0,True,True,True,0.8129,-0.016527,track_b_cont
trackb_cont_PLUG_20260608,PLUG,2026-06-08,2026-08-07,,,,3.8132,call,BULLISH,CONTINUATION,5.0,NEUTRAL,0.0,0,0.0,True,True,True,0.8125,0.000396,track_b_cont
trackb_cont_VRSK_20260608,VRSK,2026-06-08,2026-08-07,,,,177.96,call,BULLISH,CONTINUATION,5.0,NEUTRAL,0.0,0,0.0,True,True,True,0.8123,0.001592,track_b_cont
trackb_cont_UNM_20260608,UNM,2026-06-08,2026-08-07,,,,83.155,call,BULLISH,CONTINUATION,5.0,NEUTRAL,0.0,0,0.0,True,True,True,0.8123,0.001656,track_b_cont
trackb_cont_IVT_20260608,IVT,2026-06-08,2026-08-07,,,,33.45,call,BULLISH,CONTINUATION,5.0,NEUTRAL,0.0,0,0.0,True,True,True,0.8114,0.000964,track_b_cont
trackb_cont_NWPX_20260608,NWPX,2026-06-08,2026-08-07,,,,119.9565,call,BULLISH,CONTINUATION,5.0,NEUTRAL,0.0,0,0.0,True,True,True,0.8106,0.002352,track_b_cont
trackb_cont_MKSI_20260608,MKSI,2026-06-08,2026-08-07,,,,301.65,call,BULLISH,CONTINUATION,5.0,NEUTRAL,0.0,0,0.0,True,True,True,0.8101,0.017834,track_b_cont
trackb_cont_APLD_20260608,APLD,2026-06-08,2026-08-07,,,,46.11,call,BULLISH,CONTINUATION,5.0,NEUTRAL,0.0,0,0.0,True,True,True,0.8096,0.00305,track_b_cont
trackb_cont_BIPC_20260608,BIPC,2026-06-08,2026-08-07,,,,40.98,call,BULLISH,CONTINUATION,5.0,NEUTRAL,0.0,0,0.0,True,True,True,0.8095,0.002204,track_b_cont
trackb_cont_DINO_20260608,DINO,2026-06-08,2026-08-07,,,,71.39,call,BULLISH,CONTINUATION,5.0,NEUTRAL,0.0,0,0.0,True,True,True,0.8093,-0.002357,track_b_cont
trackb_cont_JRSH_20260608,JRSH,2026-06-08,2026-08-07,,,,3.41,call,BULLISH,CONTINUATION,5.0,NEUTRAL,0.0,0,0.0,True,True,True,0.8089,-8.1e-05,track_b_cont
trackb_cont_IRDM_20260608,IRDM,2026-06-08,2026-08-07,,,,51.1,call,BULLISH,CONTINUATION,5.0,NEUTRAL,0.0,0,0.0,True,True,True,0.8087,0.008409,track_b_cont
trackb_cont_LEGH_20260608,LEGH,2026-06-08,2026-08-07,,,,23.165,call,BULLISH,CONTINUATION,5.0,NEUTRAL,0.0,0,0.0,True,True,True,0.8084,0.001439,track_b_cont
trackb_cont_ZBRA_20260608,ZBRA,2026-06-08,2026-08-07,,,,246.25,call,BULLISH,CONTINUATION,5.0,NEUTRAL,0.0,0,0.0,True,True,True,0.8078,0.011362,track_b_cont
trackb_cont_GE_20260608,GE,2026-06-08,2026-08-07,,,,316.15,call,BULLISH,CONTINUATION,5.0,NEUTRAL,0.0,0,0.0,True,True,True,0.8075,0.014983,track_b_cont
trackb_cont_BNY_20260608,BNY,2026-06-08,2026-08-07,,,,139.91,call,BULLISH,CONTINUATION,5.0,NEUTRAL,0.0,0,0.0,True,True,True,0.8064,0.005279,track_b_cont
trackb_cont_NTGR_20260608,NTGR,2026-06-08,2026-08-07,,,,26.14,call,BULLISH,CONTINUATION,5.0,NEUTRAL,0.0,0,0.0,True,True,True,0.8064,-0.000719,track_b_cont
trackb_cont_KELYA_20260608,KELYA,2026-06-08,2026-08-07,,,,11.39,call,BULLISH,CONTINUATION,5.0,NEUTRAL,0.0,0,0.0,True,True,True,0.8053,0.001514,track_b_cont
trackb_cont_MTH_20260608,MTH,2026-06-08,2026-08-07,,,,68.33,call,BULLISH,CONTINUATION,5.0,NEUTRAL,0.0,0,0.0,True,True,True,0.8041,0.003242,track_b_cont
trackb_cont_OPAL_20260608,OPAL,2026-06-08,2026-08-07,,,,2.255,call,BULLISH,CONTINUATION,5.0,NEUTRAL,0.0,0,0.0,True,True,True,0.8039,-6.3e-05,track_b_cont
trackb_cont_CMCO_20260608,CMCO,2026-06-08,2026-08-07,,,,15.16,call,BULLISH,CONTINUATION,5.0,NEUTRAL,0.0,0,0.0,True,True,True,0.8039,-0.00044,track_b_cont
trackb_cont_MP_20260608,MP,2026-06-08,2026-08-07,,,,68.66,call,BULLISH,CONTINUATION,5.0,NEUTRAL,0.0,0,0.0,True,True,True,0.8037,-0.004318,track_b_cont
trackb_cont_FBIN_20260608,FBIN,2026-06-08,2026-08-07,,,,38.8,call,BULLISH,CONTINUATION,5.0,NEUTRAL,0.0,0,0.0,True,True,True,0.8037,-0.000401,track_b_cont
trackb_cont_PPG_20260608,PPG,2026-06-08,2026-08-07,,,,113.8,call,BULLISH,CONTINUATION,5.0,NEUTRAL,0.0,0,0.0,True,True,True,0.8027,0.003841,track_b_cont
trackb_cont_PII_20260608,PII,2026-06-08,2026-08-07,,,,66.06,call,BULLISH,CONTINUATION,5.0,NEUTRAL,0.0,0,0.0,True,True,True,0.8014,0.003399,track_b_cont
trackb_cont_AVTR_20260608,AVTR,2026-06-08,2026-08-07,,,,8.87,call,BULLISH,CONTINUATION,5.0,NEUTRAL,0.0,0,0.0,True,True,True,0.8006,0.000297,track_b_cont
trackb_cont_TALK_20260608,TALK,2026-06-08,2026-08-07,,,,5.22,call,BULLISH,CONTINUATION,5.0,NEUTRAL,0.0,0,0.0,True,True,True,0.8,-0.000118,track_b_cont
trackb_cont_QCOM_20260608,QCOM,2026-06-08,2026-08-07,,,,250.08,call,BULLISH,CONTINUATION,5.0,NEUTRAL,0.0,0,0.0,True,True,True,0.7994,0.030029,track_b_cont
trackb_cont_DXCM_20260608,DXCM,2026-06-08,2026-08-07,,,,72.86,call,BULLISH,CONTINUATION,5.0,NEUTRAL,0.0,0,0.0,True,True,True,0.7988,0.013464,track_b_cont
trackb_cont_OLOX_20260608,OLOX,2026-06-08,2026-08-07,,,,9.49,call,BULLISH,CONTINUATION,5.0,NEUTRAL,0.0,0,0.0,True,True,True,0.7986,0.00153,track_b_cont
trackb_cont_PFGC_20260608,PFGC,2026-06-08,2026-08-07,,,,96.82,call,BULLISH,CONTINUATION,5.0,NEUTRAL,0.0,0,0.0,True,True,True,0.7984,0.001185,track_b_cont
trackb_cont_MAN_20260608,MAN,2026-06-08,2026-08-07,,,,30.46,call,BULLISH,CONTINUATION,5.0,NEUTRAL,0.0,0,0.0,True,True,True,0.7983,0.00123,track_b_cont
trackb_cont_LITE_20260608,LITE,2026-06-08,2026-08-07,,,,964.75,call,BULLISH,CONTINUATION,5.0,NEUTRAL,0.0,0,0.0,True,True,True,0.7974,-0.108775,track_b_cont
trackb_cont_FABC_20260608,FABC,2026-06-08,2026-08-07,,,,4.25,call,BULLISH,CONTINUATION,5.0,NEUTRAL,0.0,0,0.0,True,True,True,0.7972,0.001334,track_b_cont
trackb_cont_VAC_20260608,VAC,2026-06-08,2026-08-07,,,,89.49,call,BULLISH,CONTINUATION,5.0,NEUTRAL,0.0,0,0.0,True,True,True,0.7964,0.011691,track_b_cont
trackb_cont_NRGV_20260608,NRGV,2026-06-08,2026-08-07,,,,6.07,call,BULLISH,CONTINUATION,5.0,NEUTRAL,0.0,0,0.0,True,True,True,0.7962,1.5e-05,track_b_cont
trackb_cont_BBAI_20260608,BBAI,2026-06-08,2026-08-07,,,,4.7827,call,BULLISH,CONTINUATION,5.0,NEUTRAL,0.0,0,0.0,True,True,True,0.7953,0.000295,track_b_cont
trackb_cont_LINE_20260608,LINE,2026-06-08,2026-08-07,,,,41.69,call,BULLISH,CONTINUATION,5.0,NEUTRAL,0.0,0,0.0,True,True,True,0.7951,0.003542,track_b_cont
trackb_cont_PRKS_20260608,PRKS,2026-06-08,2026-08-07,,,,38.33,call,BULLISH,CONTINUATION,5.0,NEUTRAL,0.0,0,0.0,True,True,True,0.7945,0.001857,track_b_cont
trackb_cont_MU_20260608,MU,2026-06-08,2026-08-07,,,,864.01,call,BULLISH,CONTINUATION,5.0,NEUTRAL,0.0,0,0.0,True,True,True,0.7945,0.259225,track_b_cont
trackb_cont_PUSA_20260608,PUSA,2026-06-08,2026-08-07,,,,5.16,call,BULLISH,CONTINUATION,5.0,NEUTRAL,0.0,0,0.0,True,True,True,0.7938,0.000329,track_b_cont
trackb_cont_W_20260608,W,2026-06-08,2026-08-07,,,,68.5675,call,BULLISH,CONTINUATION,5.0,NEUTRAL,0.0,0,0.0,True,True,True,0.7924,0.006568,track_b_cont
trackb_cont_OMDA_20260608,OMDA,2026-06-08,2026-08-07,,,,17.3699,call,BULLISH,CONTINUATION,5.0,NEUTRAL,0.0,0,0.0,True,True,True,0.7914,0.001371,track_b_cont
trackb_cont_RPM_20260608,RPM,2026-06-08,2026-08-07,,,,104.39,call,BULLISH,CONTINUATION,5.0,NEUTRAL,0.0,0,0.0,True,True,True,0.7913,0.001748,track_b_cont
trackb_cont_CNC_20260608,CNC,2026-06-08,2026-08-07,,,,58.73,call,BULLISH,CONTINUATION,5.0,NEUTRAL,0.0,0,0.0,True,True,True,0.7911,0.002119,track_b_cont
trackb_cont_METC_20260608,METC,2026-06-08,2026-08-07,,,,15.65,call,BULLISH,CONTINUATION,5.0,NEUTRAL,0.0,0,0.0,True,True,True,0.7899,0.000794,track_b_cont
trackb_cont_RGP_20260608,RGP,2026-06-08,2026-08-07,,,,4.465,call,BULLISH,CONTINUATION,5.0,NEUTRAL,0.0,0,0.0,True,True,True,0.7898,8.5e-05,track_b_cont
trackb_cont_PRU_20260608,PRU,2026-06-08,2026-08-07,,,,104.62,call,BULLISH,CONTINUATION,5.0,NEUTRAL,0.0,0,0.0,True,True,True,0.7896,-0.00066,track_b_cont
trackb_cont_MGNI_20260608,MGNI,2026-06-08,2026-08-07,,,,14.68,call,BULLISH,CONTINUATION,5.0,NEUTRAL,0.0,0,0.0,True,True,True,0.7893,0.000661,track_b_cont
trackb_cont_PANW_20260608,PANW,2026-06-08,2026-08-07,,,,272.05,call,BULLISH,CONTINUATION,5.0,NEUTRAL,0.0,0,0.0,True,True,True,0.7887,0.060774,track_b_cont
trackb_cont_MYE_20260608,MYE,2026-06-08,2026-08-07,,,,23.55,call,BULLISH,CONTINUATION,5.0,NEUTRAL,0.0,0,0.0,True,True,True,0.7885,0.000272,track_b_cont
trackb_cont_AHRT_20260608,AHRT,2026-06-08,2026-08-07,,,,6.6001,call,BULLISH,CONTINUATION,5.0,NEUTRAL,0.0,0,0.0,True,True,True,0.7885,0.00037,track_b_cont
trackb_cont_MET_20260608,MET,2026-06-08,2026-08-07,,,,84.49,call,BULLISH,CONTINUATION,5.0,NEUTRAL,0.0,0,0.0,True,True,True,0.7884,0.002942,track_b_cont
trackb_cont_WDAY_20260608,WDAY,2026-06-08,2026-08-07,,,,144.25,call,BULLISH,CONTINUATION,5.0,NEUTRAL,0.0,0,0.0,True,True,True,0.7882,0.009774,track_b_cont
trackb_cont_SM_20260608,SM,2026-06-08,2026-08-07,,,,32.21,call,BULLISH,CONTINUATION,5.0,NEUTRAL,0.0,0,0.0,True,True,True,0.7881,0.00097,track_b_cont
trackb_cont_CURB_20260608,CURB,2026-06-08,2026-08-07,,,,28.94,call,BULLISH,CONTINUATION,5.0,NEUTRAL,0.0,0,0.0,True,True,True,0.7873,0.000654,track_b_cont
trackb_cont_WBI_20260608,WBI,2026-06-08,2026-08-07,,,,29.44,call,BULLISH,CONTINUATION,5.0,NEUTRAL,0.0,0,0.0,True,True,True,0.7871,0.000305,track_b_cont
trackb_cont_XOS_20260608,XOS,2026-06-08,2026-08-07,,,,6.2186,call,BULLISH,CONTINUATION,5.0,NEUTRAL,0.0,0,0.0,True,True,True,0.7862,0.000292,track_b_cont
trackb_cont_HSIC_20260608,HSIC,2026-06-08,2026-08-07,,,,75.985,call,BULLISH,CONTINUATION,5.0,NEUTRAL,0.0,0,0.0,True,True,True,0.7859,0.002874,track_b_cont
trackb_cont_NOW_20260608,NOW,2026-06-08,2026-08-07,,,,119.96,call,BULLISH,CONTINUATION,5.0,NEUTRAL,0.0,0,0.0,True,True,True,0.7852,0.023492,track_b_cont
trackb_cont_VSXY_20260608,VSXY,2026-06-08,2026-08-07,,,,74.6,call,BULLISH,CONTINUATION,5.0,NEUTRAL,0.0,0,0.0,True,True,True,0.7851,0.018558,track_b_cont
trackb_cont_GLW_20260608,GLW,2026-06-08,2026-08-07,,,,200.43,call,BULLISH,CONTINUATION,5.0,NEUTRAL,0.0,0,0.0,True,True,True,0.7847,-0.00644,track_b_cont
trackb_cont_AVAV_20260608,AVAV,2026-06-08,2026-08-07,,,,192.22,call,BULLISH,CONTINUATION,5.0,NEUTRAL,0.0,0,0.0,True,True,True,0.7827,0.019079,track_b_cont
trackb_cont_WAT_20260608,WAT,2026-06-08,2026-08-07,,,,376.62,call,BULLISH,CONTINUATION,5.0,NEUTRAL,0.0,0,0.0,True,True,True,0.7826,0.010046,track_b_cont
trackb_cont_PL_20260608,PL,2026-06-08,2026-08-07,,,,44.605,call,BULLISH,CONTINUATION,5.0,NEUTRAL,0.0,0,0.0,True,True,True,0.7819,0.008225,track_b_cont
trackb_cont_FDS_20260608,FDS,2026-06-08,2026-08-07,,,,253.33,call,BULLISH,CONTINUATION,5.0,NEUTRAL,0.0,0,0.0,True,True,True,0.78,0.024946,track_b_cont
trackb_cont_EVGO_20260608,EVGO,2026-06-08,2026-08-07,,,,2.26,call,BULLISH,CONTINUATION,5.0,NEUTRAL,0.0,0,0.0,True,True,True,0.7792,5.7e-05,track_b_cont
trackb_cont_VICR_20260608,VICR,2026-06-08,2026-08-07,,,,327.25,call,BULLISH,CONTINUATION,5.0,NEUTRAL,0.0,0,0.0,True,True,True,0.7789,0.028219,track_b_cont
trackb_cont_PAYX_20260608,PAYX,2026-06-08,2026-08-07,,,,100.53,call,BULLISH,CONTINUATION,5.0,NEUTRAL,0.0,0,0.0,True,True,True,0.7779,0.004679,track_b_cont
trackb_cont_EXP_20260608,EXP,2026-06-08,2026-08-07,,,,212.72,call,BULLISH,CONTINUATION,5.0,NEUTRAL,0.0,0,0.0,True,True,True,0.7776,0.007359,track_b_cont
trackb_cont_ASTS_20260608,ASTS,2026-06-08,2026-08-07,,,,108.95,call,BULLISH,CONTINUATION,5.0,NEUTRAL,0.0,0,0.0,True,True,True,0.7772,0.045941,track_b_cont
trackb_cont_ASPN_20260608,ASPN,2026-06-08,2026-08-07,,,,5.64,call,BULLISH,CONTINUATION,5.0,NEUTRAL,0.0,0,0.0,True,True,True,0.777,0.001095,track_b_cont
trackb_cont_DEI_20260608,DEI,2026-06-08,2026-08-07,,,,12.2,call,BULLISH,CONTINUATION,5.0,NEUTRAL,0.0,0,0.0,True,True,True,0.7769,-0.000606,track_b_cont
trackb_cont_CRM_20260608,CRM,2026-06-08,2026-08-07,,,,191.065,call,BULLISH,CONTINUATION,5.0,NEUTRAL,0.0,0,0.0,True,True,True,0.7766,0.004924,track_b_cont
trackb_cont_PTON_20260608,PTON,2026-06-08,2026-08-07,,,,5.77,call,BULLISH,CONTINUATION,5.0,NEUTRAL,0.0,0,0.0,True,True,True,0.7758,0.000727,track_b_cont
trackb_cont_MGM_20260608,MGM,2026-06-08,2026-08-07,,,,47.51,call,BULLISH,CONTINUATION,5.0,NEUTRAL,0.0,0,0.0,True,True,True,0.7757,0.00758,track_b_cont
trackb_cont_QS_20260608,QS,2026-06-08,2026-08-07,,,,7.67,call,BULLISH,CONTINUATION,5.0,NEUTRAL,0.0,0,0.0,True,True,True,0.7738,0.001022,track_b_cont
trackb_cont_RMR_20260608,RMR,2026-06-08,2026-08-07,,,,19.81,call,BULLISH,CONTINUATION,5.0,NEUTRAL,0.0,0,0.0,True,True,True,0.7731,0.000323,track_b_cont
trackb_cont_FDX_20260608,FDX,2026-06-08,2026-08-07,,,,327.65,call,BULLISH,CONTINUATION,5.0,NEUTRAL,0.0,0,0.0,True,True,True,0.773,0.021778,track_b_cont
trackb_cont_PKG_20260608,PKG,2026-06-08,2026-08-07,,,,225.17,call,BULLISH,CONTINUATION,5.0,NEUTRAL,0.0,0,0.0,True,True,True,0.7728,-0.011292,track_b_cont
trackb_cont_CBZ_20260608,CBZ,2026-06-08,2026-08-07,,,,33.93,call,BULLISH,CONTINUATION,5.0,NEUTRAL,0.0,0,0.0,True,True,True,0.7727,0.002829,track_b_cont
trackb_cont_CWEN_20260608,CWEN,2026-06-08,2026-08-07,,,,39.74,call,BULLISH,CONTINUATION,5.0,NEUTRAL,0.0,0,0.0,True,True,True,0.7726,0.002924,track_b_cont
trackb_cont_TOL_20260608,TOL,2026-06-08,2026-08-07,,,,136.88,call,BULLISH,CONTINUATION,5.0,NEUTRAL,0.0,0,0.0,True,True,True,0.7708,-0.001933,track_b_cont
trackb_cont_HPE_20260608,HPE,2026-06-08,2026-08-07,,,,54.91,call,BULLISH,CONTINUATION,5.0,NEUTRAL,0.0,0,0.0,True,True,True,0.7705,0.010763,track_b_cont
trackb_cont_IVZ_20260608,IVZ,2026-06-08,2026-08-07,,,,27.35,call,BULLISH,CONTINUATION,5.0,NEUTRAL,0.0,0,0.0,True,True,True,0.7702,-0.000357,track_b_cont
trackb_cont_EXPD_20260608,EXPD,2026-06-08,2026-08-07,,,,159.46,call,BULLISH,CONTINUATION,5.0,NEUTRAL,0.0,0,0.0,True,True,True,0.77,0.004497,track_b_cont
trackb_cont_VEEV_20260608,VEEV,2026-06-08,2026-08-07,,,,176.305,call,BULLISH,CONTINUATION,5.0,NEUTRAL,0.0,0,0.0,True,True,True,0.7694,0.001113,track_b_cont
trackb_cont_D_20260608,D,2026-06-08,2026-08-07,,,,66.59,call,BULLISH,CONTINUATION,5.0,NEUTRAL,0.0,0,0.0,True,True,True,0.7687,0.004984,track_b_cont
trackb_cont_BURL_20260608,BURL,2026-06-08,2026-08-07,,,,317.05,call,BULLISH,CONTINUATION,5.0,NEUTRAL,0.0,0,0.0,True,True,True,0.7657,0.02483,track_b_cont
trackb_cont_CLSK_20260608,CLSK,2026-06-08,2026-08-07,,,,17.69,call,BULLISH,CONTINUATION,5.0,NEUTRAL,0.0,0,0.0,True,True,True,0.7651,0.004002,track_b_cont
trackb_cont_LUMN_20260608,LUMN,2026-06-08,2026-08-07,,,,10.095,call,BULLISH,CONTINUATION,5.0,NEUTRAL,0.0,0,0.0,True,True,True,0.7651,0.000975,track_b_cont
trackb_cont_XMAX_20260608,XMAX,2026-06-08,2026-08-07,,,,8.58,call,BULLISH,CONTINUATION,5.0,NEUTRAL,0.0,0,0.0,True,True,True,0.7642,-4.4e-05,track_b_cont
trackb_cont_PHR_20260608,PHR,2026-06-08,2026-08-07,,,,9.66,call,BULLISH,CONTINUATION,5.0,NEUTRAL,0.0,0,0.0,True,True,True,0.7638,-0.000338,track_b_cont
trackb_cont_DAL_20260608,DAL,2026-06-08,2026-08-07,,,,79.04,call,BULLISH,CONTINUATION,5.0,NEUTRAL,0.0,0,0.0,True,True,True,0.7629,0.007319,track_b_cont
trackb_cont_LOVE_20260608,LOVE,2026-06-08,2026-08-07,,,,15.73,call,BULLISH,CONTINUATION,5.0,NEUTRAL,0.0,0,0.0,True,True,True,0.7628,-5.3e-05,track_b_cont
trackb_cont_U_20260608,U,2026-06-08,2026-08-07,,,,29.195,call,BULLISH,CONTINUATION,5.0,NEUTRAL,0.0,0,0.0,True,True,True,0.7617,0.00049,track_b_cont
trackb_cont_NXT_20260608,NXT,2026-06-08,2026-08-07,,,,146.45,call,BULLISH,CONTINUATION,5.0,NEUTRAL,0.0,0,0.0,True,True,True,0.7615,0.006495,track_b_cont
trackb_cont_DHI_20260608,DHI,2026-06-08,2026-08-07,,,,145.0,call,BULLISH,CONTINUATION,5.0,NEUTRAL,0.0,0,0.0,True,True,True,0.7606,-0.002231,track_b_cont
trackb_cont_HUT_20260608,HUT,2026-06-08,2026-08-07,,,,112.24,call,BULLISH,CONTINUATION,5.0,NEUTRAL,0.0,0,0.0,True,True,True,0.7584,0.022086,track_b_cont
trackb_cont_DLTR_20260608,DLTR,2026-06-08,2026-08-07,,,,110.335,call,BULLISH,CONTINUATION,5.0,NEUTRAL,0.0,0,0.0,True,True,True,0.7584,0.010017,track_b_cont
trackb_cont_SILA_20260608,SILA,2026-06-08,2026-08-07,,,,30.245,call,BULLISH,CONTINUATION,5.0,NEUTRAL,0.0,0,0.0,True,True,True,0.7572,-0.000654,track_b_cont
trackb_cont_INSE_20260608,INSE,2026-06-08,2026-08-07,,,,7.55,call,BULLISH,CONTINUATION,5.0,NEUTRAL,0.0,0,0.0,True,True,True,0.7569,-0.000135,track_b_cont
trackb_cont_IT_20260608,IT,2026-06-08,2026-08-07,,,,165.11,call,BULLISH,CONTINUATION,5.0,NEUTRAL,0.0,0,0.0,True,True,True,0.7536,0.01185,track_b_cont
trackb_cont_VIAV_20260608,VIAV,2026-06-08,2026-08-07,,,,47.56,call,BULLISH,CONTINUATION,5.0,NEUTRAL,0.0,0,0.0,True,True,True,0.7529,-0.003011,track_b_cont
trackb_cont_UHAL_20260608,UHAL,2026-06-08,2026-08-07,,,,57.55,call,BULLISH,CONTINUATION,5.0,NEUTRAL,0.0,0,0.0,True,True,True,0.7523,0.004146,track_b_cont
trackb_cont_UHAL-B_20260608,UHAL-B,2026-06-08,2026-08-07,,,,49.52,call,BULLISH,CONTINUATION,5.0,NEUTRAL,0.0,0,0.0,True,True,True,0.7509,0.000632,track_b_cont
trackb_cont_KRC_20260608,KRC,2026-06-08,2026-08-07,,,,34.52,call,BULLISH,CONTINUATION,5.0,NEUTRAL,0.0,0,0.0,True,True,True,0.7508,-0.00099,track_b_cont
trackb_cont_HUBS_20260608,HUBS,2026-06-08,2026-08-07,,,,222.02,call,BULLISH,CONTINUATION,5.0,NEUTRAL,0.0,0,0.0,True,True,True,0.7507,-0.001828,track_b_cont
trackb_cont_TEAM_20260608,TEAM,2026-06-08,2026-08-07,,,,101.4401,call,BULLISH,CONTINUATION,5.0,NEUTRAL,0.0,0,0.0,True,True,True,0.7504,0.005674,track_b_cont
trackb_cont_AWR_20260608,AWR,2026-06-08,2026-08-07,,,,78.37,call,BULLISH,CONTINUATION,5.0,NEUTRAL,0.0,0,0.0,True,True,True,0.7502,-0.001558,track_b_cont
trackb_cont_NGVC_20260608,NGVC,2026-06-08,2026-08-07,,,,28.625,call,BULLISH,CONTINUATION,5.0,NEUTRAL,0.0,0,0.0,True,True,True,0.7501,0.001258,track_b_cont
trackb_cont_CCO_20260608,CCO,2026-06-08,2026-08-07,,,,2.4,call,BULLISH,CONTINUATION,5.0,NEUTRAL,0.0,0,0.0,True,True,True,0.75,-4.2e-05,track_b_cont
trackb_cont_ALGT_20260608,ALGT,2026-06-08,2026-08-07,,,,84.76,call,BULLISH,CONTINUATION,5.0,NEUTRAL,0.0,0,0.0,True,True,True,0.75,0.00669,track_b_cont
trackb_cont_BTSG_20260608,BTSG,2026-06-08,2026-08-07,,,,60.5,call,BULLISH,CONTINUATION,5.0,NEUTRAL,0.0,0,0.0,True,True,True,0.7498,0.004689,track_b_cont
trackb_cont_CAT_20260608,CAT,2026-06-08,2026-08-07,,,,930.7,call,BULLISH,CONTINUATION,5.0,NEUTRAL,0.0,0,0.0,True,True,True,0.749,-0.05177,track_b_cont
trackb_cont_CPB_20260608,CPB,2026-06-08,2026-08-07,,,,21.58,call,BULLISH,CONTINUATION,5.0,NEUTRAL,0.0,0,0.0,True,True,True,0.7487,-0.000606,track_b_cont
trackb_cont_AXTA_20260608,AXTA,2026-06-08,2026-08-07,,,,31.26,call,BULLISH,CONTINUATION,5.0,NEUTRAL,0.0,0,0.0,True,True,True,0.7479,0.001645,track_b_cont
trackb_cont_OKLO_20260608,OKLO,2026-06-08,2026-08-07,,,,65.3399,call,BULLISH,CONTINUATION,5.0,NEUTRAL,0.0,0,0.0,True,True,True,0.747,-0.00863,track_b_cont
trackb_cont_SPG_20260608,SPG,2026-06-08,2026-08-07,,,,210.31,call,BULLISH,CONTINUATION,5.0,NEUTRAL,0.0,0,0.0,True,True,True,0.7468,-0.001275,track_b_cont
trackb_cont_SDGR_20260608,SDGR,2026-06-08,2026-08-07,,,,14.69,call,BULLISH,CONTINUATION,5.0,NEUTRAL,0.0,0,0.0,True,True,True,0.7461,0.000913,track_b_cont
trackb_cont_BTOC_20260608,BTOC,2026-06-08,2026-08-07,,,,0.3429,call,BULLISH,CONTINUATION,5.0,NEUTRAL,0.0,0,0.0,True,True,True,0.7459,1.9e-05,track_b_cont
trackb_cont_MMM_20260608,MMM,2026-06-08,2026-08-07,,,,153.76,call,BULLISH,CONTINUATION,5.0,NEUTRAL,0.0,0,0.0,True,True,True,0.7455,0.005768,track_b_cont
trackb_cont_NBIX_20260608,NBIX,2026-06-08,2026-08-07,,,,163.52,call,BULLISH,CONTINUATION,5.0,NEUTRAL,0.0,0,0.0,True,True,True,0.7452,0.004275,track_b_cont
trackb_cont_IQV_20260608,IQV,2026-06-08,2026-08-07,,,,176.0,call,BULLISH,CONTINUATION,5.0,NEUTRAL,0.0,0,0.0,True,True,True,0.745,-0.003562,track_b_cont
trackb_cont_AMKR_20260608,AMKR,2026-06-08,2026-08-07,,,,76.07,call,BULLISH,CONTINUATION,5.0,NEUTRAL,0.0,0,0.0,True,True,True,0.7444,-0.007548,track_b_cont
trackb_cont_FUL_20260608,FUL,2026-06-08,2026-08-07,,,,62.505,call,BULLISH,CONTINUATION,5.0,NEUTRAL,0.0,0,0.0,True,True,True,0.7442,-0.000745,track_b_cont
trackb_cont_F_20260608,F,2026-06-08,2026-08-07,,,,15.805,call,BULLISH,CONTINUATION,5.0,NEUTRAL,0.0,0,0.0,True,True,True,0.7439,0.003475,track_b_cont
trackb_cont_HNGE_20260608,HNGE,2026-06-08,2026-08-07,,,,58.3,call,BULLISH,CONTINUATION,5.0,NEUTRAL,0.0,0,0.0,True,True,True,0.7431,0.001336,track_b_cont
trackb_cont_RVTY_20260608,RVTY,2026-06-08,2026-08-07,,,,101.38,call,BULLISH,CONTINUATION,5.0,NEUTRAL,0.0,0,0.0,True,True,True,0.7417,0.000461,track_b_cont
trackb_cont_BG_20260608,BG,2026-06-08,2026-08-07,,,,133.98,call,BULLISH,CONTINUATION,5.0,NEUTRAL,0.0,0,0.0,True,True,True,0.7411,-0.006027,track_b_cont
trackb_cont_ZONE_20260608,ZONE,2026-06-08,2026-08-07,,,,0.7607,call,BULLISH,CONTINUATION,5.0,NEUTRAL,0.0,0,0.0,True,True,True,0.7411,0.000401,track_b_cont
trackb_cont_XRN_20260608,XRN,2026-06-08,2026-08-07,,,,35.61,call,BULLISH,CONTINUATION,5.0,NEUTRAL,0.0,0,0.0,True,True,True,0.741,0.002094,track_b_cont
trackb_cont_CBRL_20260608,CBRL,2026-06-08,2026-08-07,,,,33.32,call,BULLISH,CONTINUATION,5.0,NEUTRAL,0.0,0,0.0,True,True,True,0.7406,0.002697,track_b_cont
trackb_cont_BAH_20260608,BAH,2026-06-08,2026-08-07,,,,78.26,call,BULLISH,CONTINUATION,5.0,NEUTRAL,0.0,0,0.0,True,True,True,0.7403,0.003714,track_b_cont
trackb_cont_WCC_20260608,WCC,2026-06-08,2026-08-07,,,,354.31,call,BULLISH,CONTINUATION,5.0,NEUTRAL,0.0,0,0.0,True,True,True,0.7396,0.000999,track_b_cont
trackb_cont_ATKR_20260608,ATKR,2026-06-08,2026-08-07,,,,80.61,call,BULLISH,CONTINUATION,5.0,NEUTRAL,0.0,0,0.0,True,True,True,0.738,0.0095,track_b_cont
trackb_cont_RFIL_20260608,RFIL,2026-06-08,2026-08-07,,,,16.04,call,BULLISH,CONTINUATION,5.0,NEUTRAL,0.0,0,0.0,True,True,True,0.7365,0.001948,track_b_cont
trackb_cont_FLYX_20260608,FLYX,2026-06-08,2026-08-07,,,,2.5,call,BULLISH,CONTINUATION,5.0,NEUTRAL,0.0,0,0.0,True,True,True,0.7364,0.000198,track_b_cont
trackb_cont_CORZ_20260608,CORZ,2026-06-08,2026-08-07,,,,25.85,call,BULLISH,CONTINUATION,5.0,NEUTRAL,0.0,0,0.0,True,True,True,0.7358,0.004346,track_b_cont
trackb_cont_ARES_20260608,ARES,2026-06-08,2026-08-07,,,,121.9,call,BULLISH,CONTINUATION,5.0,NEUTRAL,0.0,0,0.0,True,True,True,0.7356,-0.001142,track_b_cont
trackb_cont_ONL_20260608,ONL,2026-06-08,2026-08-07,,,,2.915,call,BULLISH,CONTINUATION,5.0,NEUTRAL,0.0,0,0.0,True,True,True,0.7353,2.8e-05,track_b_cont
trackb_cont_UNF_20260608,UNF,2026-06-08,2026-08-07,,,,264.575,call,BULLISH,CONTINUATION,5.0,NEUTRAL,0.0,0,0.0,True,True,True,0.7349,0.00678,track_b_cont
trackb_cont_TMO_20260608,TMO,2026-06-08,2026-08-07,,,,472.57,call,BULLISH,CONTINUATION,5.0,NEUTRAL,0.0,0,0.0,True,True,True,0.7345,-0.002623,track_b_cont
trackb_cont_ACVA_20260608,ACVA,2026-06-08,2026-08-07,,,,5.935,call,BULLISH,CONTINUATION,5.0,NEUTRAL,0.0,0,0.0,True,True,True,0.7333,0.000303,track_b_cont
trackb_cont_TLYS_20260608,TLYS,2026-06-08,2026-08-07,,,,5.13,call,BULLISH,CONTINUATION,5.0,NEUTRAL,0.0,0,0.0,True,True,True,0.7331,0.000453,track_b_cont
trackb_cont_WALD_20260608,WALD,2026-06-08,2026-08-07,,,,1.72,call,BULLISH,CONTINUATION,5.0,NEUTRAL,0.0,0,0.0,True,True,True,0.7326,-0.000106,track_b_cont
trackb_cont_EVC_20260608,EVC,2026-06-08,2026-08-07,,,,8.77,call,BULLISH,CONTINUATION,5.0,NEUTRAL,0.0,0,0.0,True,True,True,0.7321,0.001332,track_b_cont
trackb_cont_WYNN_20260608,WYNN,2026-06-08,2026-08-07,,,,103.43,call,BULLISH,CONTINUATION,5.0,NEUTRAL,0.0,0,0.0,True,True,True,0.7318,-0.003479,track_b_cont
trackb_cont_ARI_20260608,ARI,2026-06-08,2026-08-07,,,,10.93,call,BULLISH,CONTINUATION,5.0,NEUTRAL,0.0,0,0.0,True,True,True,0.7317,-0.000262,track_b_cont
trackb_cont_BCHT_20260608,BCHT,2026-06-08,2026-08-07,,,,2.0322,call,BULLISH,CONTINUATION,5.0,NEUTRAL,0.0,0,0.0,True,True,True,0.7317,0.000118,track_b_cont
trackb_cont_TDG_20260608,TDG,2026-06-08,2026-08-07,,,,1228.765,call,BULLISH,CONTINUATION,5.0,NEUTRAL,0.0,0,0.0,True,True,True,0.7315,0.012359,track_b_cont
trackb_cont_DVA_20260608,DVA,2026-06-08,2026-08-07,,,,192.41,call,BULLISH,CONTINUATION,5.0,NEUTRAL,0.0,0,0.0,True,True,True,0.7294,0.003196,track_b_cont
trackb_cont_GTLS_20260608,GTLS,2026-06-08,2026-08-07,,,,207.68,call,BULLISH,CONTINUATION,5.0,NEUTRAL,0.0,0,0.0,True,True,True,0.7293,-0.004896,track_b_cont
trackb_cont_UPST_20260608,UPST,2026-06-08,2026-08-07,,,,30.16,call,BULLISH,CONTINUATION,5.0,NEUTRAL,0.0,0,0.0,True,True,True,0.7285,0.001272,track_b_cont
trackb_cont_SOFI_20260608,SOFI,2026-06-08,2026-08-07,,,,16.685,call,BULLISH,CONTINUATION,5.0,NEUTRAL,0.0,0,0.0,True,True,True,0.7277,0.000438,track_b_cont
trackb_cont_VECO_20260608,VECO,2026-06-08,2026-08-07,,,,60.45,call,BULLISH,CONTINUATION,5.0,NEUTRAL,0.0,0,0.0,True,True,True,0.7263,-0.000702,track_b_cont
trackb_cont_CDZI_20260608,CDZI,2026-06-08,2026-08-07,,,,4.625,call,BULLISH,CONTINUATION,5.0,NEUTRAL,0.0,0,0.0,True,True,True,0.7258,-0.000288,track_b_cont
trackb_cont_UEC_20260608,UEC,2026-06-08,2026-08-07,,,,14.1,call,BULLISH,CONTINUATION,5.0,NEUTRAL,0.0,0,0.0,True,True,True,0.7248,-0.002743,track_b_cont
trackb_cont_TDOC_20260608,TDOC,2026-06-08,2026-08-07,,,,7.185,call,BULLISH,CONTINUATION,5.0,NEUTRAL,0.0,0,0.0,True,True,True,0.7232,0.000117,track_b_cont
trackb_cont_SAIC_20260608,SAIC,2026-06-08,2026-08-07,,,,112.53,call,BULLISH,CONTINUATION,5.0,NEUTRAL,0.0,0,0.0,True,True,True,0.7231,0.009482,track_b_cont
trackb_cont_MASI_20260608,MASI,2026-06-08,2026-08-07,,,,178.695,call,BULLISH,CONTINUATION,5.0,NEUTRAL,0.0,0,0.0,True,True,True,0.72,-0.004279,track_b_cont
trackb_cont_PLPC_20260608,PLPC,2026-06-08,2026-08-07,,,,363.02,call,BULLISH,CONTINUATION,5.0,NEUTRAL,0.0,0,0.0,True,True,True,0.7189,0.023851,track_b_cont
trackb_cont_TBCH_20260608,TBCH,2026-06-08,2026-08-07,,,,12.51,call,BULLISH,CONTINUATION,5.0,NEUTRAL,0.0,0,0.0,True,True,True,0.717,0.001158,track_b_cont
trackb_cont_QBTS_20260608,QBTS,2026-06-08,2026-08-07,,,,23.85,call,BULLISH,CONTINUATION,5.0,NEUTRAL,0.0,0,0.0,True,True,True,0.717,0.008513,track_b_cont
trackb_cont_SPHR_20260608,SPHR,2026-06-08,2026-08-07,,,,139.58,call,BULLISH,CONTINUATION,5.0,NEUTRAL,0.0,0,0.0,True,True,True,0.7168,-0.003002,track_b_cont
trackb_cont_LPX_20260608,LPX,2026-06-08,2026-08-07,,,,73.995,call,BULLISH,CONTINUATION,5.0,NEUTRAL,0.0,0,0.0,True,True,True,0.7163,-0.000605,track_b_cont
trackb_cont_MMI_20260608,MMI,2026-06-08,2026-08-07,,,,30.1,call,BULLISH,CONTINUATION,5.0,NEUTRAL,0.0,0,0.0,True,True,True,0.7143,-0.001429,track_b_cont
trackb_cont_WKC_20260608,WKC,2026-06-08,2026-08-07,,,,29.19,call,BULLISH,CONTINUATION,5.0,NEUTRAL,0.0,0,0.0,True,True,True,0.7143,0.001334,track_b_cont
trackb_cont_VGZ_20260608,VGZ,2026-06-08,2026-08-07,,,,2.17,call,BULLISH,CONTINUATION,5.0,NEUTRAL,0.0,0,0.0,True,True,True,0.7143,1.1e-05,track_b_cont
trackb_cont_EQIX_20260608,EQIX,2026-06-08,2026-08-07,,,,1080.95,call,BULLISH,CONTINUATION,5.0,NEUTRAL,0.0,0,0.0,True,True,True,0.7136,-0.021592,track_b_cont
trackb_cont_CMP_20260608,CMP,2026-06-08,2026-08-07,,,,29.63,call,BULLISH,CONTINUATION,5.0,NEUTRAL,0.0,0,0.0,True,True,True,0.7126,0.003315,track_b_cont
trackb_cont_OII_20260608,OII,2026-06-08,2026-08-07,,,,38.65,call,BULLISH,CONTINUATION,5.0,NEUTRAL,0.0,0,0.0,True,True,True,0.7112,3.8e-05,track_b_cont
trackb_cont_RUM_20260608,RUM,2026-06-08,2026-08-07,,,,8.56,call,BULLISH,CONTINUATION,5.0,NEUTRAL,0.0,0,0.0,True,True,True,0.7096,0.000931,track_b_cont
trackb_cont_TLN_20260608,TLN,2026-06-08,2026-08-07,,,,380.47,call,BULLISH,CONTINUATION,5.0,NEUTRAL,0.0,0,0.0,True,True,True,0.7096,-0.018246,track_b_cont
trackb_cont_SNOW_20260608,SNOW,2026-06-08,2026-08-07,,,,238.26,call,BULLISH,CONTINUATION,5.0,NEUTRAL,0.0,0,0.0,True,True,True,0.7096,0.084361,track_b_cont
trackb_cont_OKTA_20260608,OKTA,2026-06-08,2026-08-07,,,,118.72,call,BULLISH,CONTINUATION,5.0,NEUTRAL,0.0,0,0.0,True,True,True,0.7092,0.03602,track_b_cont
trackb_cont_LUV_20260608,LUV,2026-06-08,2026-08-07,,,,41.38,call,BULLISH,CONTINUATION,5.0,NEUTRAL,0.0,0,0.0,True,True,True,0.7087,0.001226,track_b_cont
trackb_cont_CAKE_20260608,CAKE,2026-06-08,2026-08-07,,,,66.13,call,BULLISH,CONTINUATION,5.0,NEUTRAL,0.0,0,0.0,True,True,True,0.7082,0.004356,track_b_cont
trackb_cont_DECK_20260608,DECK,2026-06-08,2026-08-07,,,,108.13,call,BULLISH,CONTINUATION,5.0,NEUTRAL,0.0,0,0.0,True,True,True,0.7079,0.014848,track_b_cont
trackb_cont_ADTN_20260608,ADTN,2026-06-08,2026-08-07,,,,17.31,call,BULLISH,CONTINUATION,5.0,NEUTRAL,0.0,0,0.0,True,True,True,0.7075,0.000842,track_b_cont
trackb_cont_GFS_20260608,GFS,2026-06-08,2026-08-07,,,,86.19,call,BULLISH,CONTINUATION,5.0,NEUTRAL,0.0,0,0.0,True,True,True,0.706,0.008041,track_b_cont
trackb_cont_HOOD_20260608,HOOD,2026-06-08,2026-08-07,,,,82.98,call,BULLISH,CONTINUATION,5.0,NEUTRAL,0.0,0,0.0,True,True,True,0.7059,0.001693,track_b_cont
trackb_cont_CXW_20260608,CXW,2026-06-08,2026-08-07,,,,21.555,call,BULLISH,CONTINUATION,5.0,NEUTRAL,0.0,0,0.0,True,True,True,0.7059,0.000523,track_b_cont
trackb_cont_MPWR_20260608,MPWR,2026-06-08,2026-08-07,,,,1659.02,call,BULLISH,CONTINUATION,5.0,NEUTRAL,0.0,0,0.0,True,True,True,0.7042,-0.074029,track_b_cont
trackb_cont_PRSU_20260608,PRSU,2026-06-08,2026-08-07,,,,43.92,call,BULLISH,CONTINUATION,5.0,NEUTRAL,0.0,0,0.0,True,True,True,0.7033,0.002181,track_b_cont
trackb_cont_FTCI_20260608,FTCI,2026-06-08,2026-08-07,,,,4.75,call,BULLISH,CONTINUATION,5.0,NEUTRAL,0.0,0,0.0,True,True,True,0.7005,0.001183,track_b_cont
trackb_rev_WING_20260608,WING,2026-06-08,2026-08-07,,,,142.23,call,BULLISH,SHALLOW,5.0,NEUTRAL,0.0,0,0.0,False,True,False,0.6136,0.022387,track_b_rev
trackb_rev_PRIM_20260608,PRIM,2026-06-08,2026-08-07,,,,121.84,call,BULLISH,SHALLOW,5.0,NEUTRAL,0.0,0,0.0,False,True,False,0.7643,0.016085,track_b_rev
trackb_rev_SYK_20260608,SYK,2026-06-08,2026-08-07,,,,293.165,call,BULLISH,SHALLOW,5.0,NEUTRAL,0.0,0,0.0,False,True,False,0.2938,0.011785,track_b_rev
trackb_rev_CAR_20260608,CAR,2026-06-08,2026-08-07,,,,174.175,call,BULLISH,SHALLOW,5.0,NEUTRAL,0.0,0,0.0,False,True,False,0.7815,0.010623,track_b_rev
trackb_rev_PVH_20260608,PVH,2026-06-08,2026-08-07,,,,77.8,call,BULLISH,SHALLOW,5.0,NEUTRAL,0.0,0,0.0,False,False,False,0.2885,0.009339,track_b_rev
trackb_rev_CAH_20260608,CAH,2026-06-08,2026-08-07,,,,196.89,call,BULLISH,SHALLOW,5.0,NEUTRAL,0.0,0,0.0,False,False,False,0.6133,0.007426,track_b_rev
trackb_rev_BMI_20260608,BMI,2026-06-08,2026-08-07,,,,126.53,call,BULLISH,SHALLOW,5.0,NEUTRAL,0.0,0,0.0,False,True,False,0.8578,0.006661,track_b_rev
trackb_rev_COR_20260608,COR,2026-06-08,2026-08-07,,,,275.04,call,BULLISH,SHALLOW,5.0,NEUTRAL,0.0,0,0.0,False,True,False,0.736,0.005195,track_b_rev
trackb_rev_CTSH_20260608,CTSH,2026-06-08,2026-08-07,,,,53.15,call,BULLISH,SHALLOW,5.0,NEUTRAL,0.0,0,0.0,False,True,False,0.799,0.004392,track_b_rev
trackb_rev_CHH_20260608,CHH,2026-06-08,2026-08-07,,,,109.81,call,BULLISH,SHALLOW,5.0,NEUTRAL,0.0,0,0.0,False,True,False,0.3547,0.004319,track_b_rev
trackb_rev_MRK_20260608,MRK,2026-06-08,2026-08-07,,,,116.01,call,BULLISH,SHALLOW,5.0,NEUTRAL,0.0,0,0.0,False,True,False,0.3864,0.003699,track_b_rev
trackb_rev_LMT_20260608,LMT,2026-06-08,2026-08-07,,,,523.65,call,BULLISH,SHALLOW,5.0,NEUTRAL,0.0,0,0.0,False,False,False,0.403,0.003268,track_b_rev
trackb_rev_CACI_20260608,CACI,2026-06-08,2026-08-07,,,,531.1965,call,BULLISH,SHALLOW,5.0,NEUTRAL,0.0,0,0.0,False,True,False,0.7448,0.003193,track_b_rev
trackb_rev_ANF_20260608,ANF,2026-06-08,2026-08-07,,,,75.34,call,BULLISH,SHALLOW,5.0,NEUTRAL,0.0,0,0.0,False,False,False,0.4555,0.002735,track_b_rev
trackb_rev_RLI_20260608,RLI,2026-06-08,2026-08-07,,,,50.73,call,BULLISH,SHALLOW,5.0,NEUTRAL,0.0,0,0.0,False,True,False,0.8602,0.002699,track_b_rev
trackb_rev_RBLX_20260608,RBLX,2026-06-08,2026-08-07,,,,43.115,call,BULLISH,SHALLOW,5.0,NEUTRAL,0.0,0,0.0,False,False,False,0.5788,0.00269,track_b_rev
trackb_rev_CLX_20260608,CLX,2026-06-08,2026-08-07,,,,88.86,call,BULLISH,SHALLOW,5.0,NEUTRAL,0.0,0,0.0,False,True,False,0.3557,0.002649,track_b_rev
trackb_rev_DHR_20260608,DHR,2026-06-08,2026-08-07,,,,176.76,call,BULLISH,SHALLOW,5.0,NEUTRAL,0.0,0,0.0,False,True,False,0.6487,0.002608,track_b_rev
trackb_rev_TJX_20260608,TJX,2026-06-08,2026-08-07,,,,157.05,call,BULLISH,SHALLOW,5.0,NEUTRAL,0.0,0,0.0,False,False,False,0.5272,0.002457,track_b_rev
trackb_rev_CCOI_20260608,CCOI,2026-06-08,2026-08-07,,,,16.48,call,BULLISH,SHALLOW,5.0,NEUTRAL,0.0,0,0.0,False,True,False,0.3053,0.002447,track_b_rev
trackb_rev_NKE_20260608,NKE,2026-06-08,2026-08-07,,,,42.98,call,BULLISH,SHALLOW,5.0,NEUTRAL,0.0,0,0.0,False,True,False,0.3623,0.002189,track_b_rev
trackb_rev_LMND_20260608,LMND,2026-06-08,2026-08-07,,,,51.46,call,BULLISH,SHALLOW,5.0,NEUTRAL,0.0,0,0.0,False,False,False,0.0819,0.001973,track_b_rev
trackb_rev_SGI_20260608,SGI,2026-06-08,2026-08-07,,,,68.01,call,BULLISH,SHALLOW,5.0,NEUTRAL,0.0,0,0.0,False,False,False,0.4945,0.001646,track_b_rev
trackb_rev_KTB_20260608,KTB,2026-06-08,2026-08-07,,,,70.07,call,BULLISH,SHALLOW,5.0,NEUTRAL,0.0,0,0.0,False,False,False,0.2987,0.001634,track_b_rev
trackb_rev_SYY_20260608,SYY,2026-06-08,2026-08-07,,,,75.11,call,BULLISH,SHALLOW,5.0,NEUTRAL,0.0,0,0.0,False,True,False,0.4565,0.001562,track_b_rev
trackb_rev_EPAM_20260608,EPAM,2026-06-08,2026-08-07,,,,97.245,call,BULLISH,SHALLOW,5.0,NEUTRAL,0.0,0,0.0,False,False,False,0.6312,0.001544,track_b_rev
trackb_rev_MBC_20260608,MBC,2026-06-08,2026-08-07,,,,8.46,call,BULLISH,SHALLOW,5.0,NEUTRAL,0.0,0,0.0,False,True,False,0.5568,0.001405,track_b_rev
trackb_rev_DFH_20260608,DFH,2026-06-08,2026-08-07,,,,14.6,call,BULLISH,SHALLOW,5.0,NEUTRAL,0.0,0,0.0,False,True,False,0.5443,0.001382,track_b_rev
trackb_rev_PHM_20260608,PHM,2026-06-08,2026-08-07,,,,118.4,call,BULLISH,SHALLOW,5.0,NEUTRAL,0.0,0,0.0,False,False,False,0.698,0.001299,track_b_rev
trackb_rev_KTOS_20260608,KTOS,2026-06-08,2026-08-07,,,,58.995,call,BULLISH,SHALLOW,5.0,NEUTRAL,0.0,0,0.0,False,True,False,0.7653,0.000965,track_b_rev
trackb_rev_VITL_20260608,VITL,2026-06-08,2026-08-07,,,,10.04,call,BULLISH,SHALLOW,5.0,NEUTRAL,0.0,0,0.0,False,False,False,0.7094,0.00093,track_b_rev
trackb_rev_UGI_20260608,UGI,2026-06-08,2026-08-07,,,,34.97,call,BULLISH,SHALLOW,5.0,NEUTRAL,0.0,0,0.0,False,False,False,0.5727,0.000903,track_b_rev
trackb_rev_WNC_20260608,WNC,2026-06-08,2026-08-07,,,,7.34,call,BULLISH,SHALLOW,5.0,NEUTRAL,0.0,0,0.0,False,True,False,0.7541,0.000812,track_b_rev
trackb_rev_MOS_20260608,MOS,2026-06-08,2026-08-07,,,,22.24,call,BULLISH,SHALLOW,5.0,NEUTRAL,0.0,0,0.0,False,False,False,0.5568,0.000783,track_b_rev
trackb_rev_SFM_20260608,SFM,2026-06-08,2026-08-07,,,,78.02,call,BULLISH,SHALLOW,5.0,NEUTRAL,0.0,0,0.0,False,False,False,0.0421,0.000779,track_b_rev
trackb_rev_IPAR_20260608,IPAR,2026-06-08,2026-08-07,,,,91.27,call,BULLISH,SHALLOW,5.0,NEUTRAL,0.0,0,0.0,False,False,False,0.2865,0.000756,track_b_rev
trackb_rev_MMSI_20260608,MMSI,2026-06-08,2026-08-07,,,,60.63,call,BULLISH,SHALLOW,5.0,NEUTRAL,0.0,0,0.0,False,False,False,0.2186,0.00072,track_b_rev
trackb_rev_OPCH_20260608,OPCH,2026-06-08,2026-08-07,,,,20.275,call,BULLISH,SHALLOW,5.0,NEUTRAL,0.0,0,0.0,False,False,False,0.4124,0.000696,track_b_rev
trackb_rev_FE_20260608,FE,2026-06-08,2026-08-07,,,,46.42,call,BULLISH,SHALLOW,5.0,NEUTRAL,0.0,0,0.0,False,True,False,0.5601,0.000683,track_b_rev
trackb_rev_LHX_20260608,LHX,2026-06-08,2026-08-07,,,,307.83,call,BULLISH,SHALLOW,5.0,NEUTRAL,0.0,0,0.0,False,True,False,0.6116,0.000661,track_b_rev
trackb_rev_DGX_20260608,DGX,2026-06-08,2026-08-07,,,,193.818,call,BULLISH,SHALLOW,5.0,NEUTRAL,0.0,0,0.0,False,True,False,0.6215,0.000626,track_b_rev
trackb_rev_SCVL_20260608,SCVL,2026-06-08,2026-08-07,,,,16.33,call,BULLISH,SHALLOW,5.0,NEUTRAL,0.0,0,0.0,False,False,False,0.6847,0.000507,track_b_rev
trackb_rev_MH_20260608,MH,2026-06-08,2026-08-07,,,,11.535,call,BULLISH,SHALLOW,5.0,NEUTRAL,0.0,0,0.0,False,True,False,0.7066,0.000491,track_b_rev
trackb_rev_ETD_20260608,ETD,2026-06-08,2026-08-07,,,,20.47,call,BULLISH,SHALLOW,5.0,NEUTRAL,0.0,0,0.0,False,True,False,0.7273,0.000486,track_b_rev
trackb_rev_GEHC_20260608,GEHC,2026-06-08,2026-08-07,,,,61.585,call,BULLISH,SHALLOW,5.0,NEUTRAL,0.0,0,0.0,False,True,False,0.337,0.000348,track_b_rev
trackb_rev_ABT_20260608,ABT,2026-06-08,2026-08-07,,,,87.26,call,BULLISH,SHALLOW,5.0,NEUTRAL,0.0,0,0.0,False,False,False,0.6784,0.000323,track_b_rev
trackb_rev_CWH_20260608,CWH,2026-06-08,2026-08-07,,,,6.41,call,BULLISH,SHALLOW,5.0,NEUTRAL,0.0,0,0.0,False,False,False,0.3354,0.000307,track_b_rev
trackb_rev_EDHL_20260608,EDHL,2026-06-08,2026-08-07,,,,2.63,call,BULLISH,SHALLOW,5.0,NEUTRAL,0.0,0,0.0,False,True,False,0.4932,0.000256,track_b_rev
trackb_rev_SFD_20260608,SFD,2026-06-08,2026-08-07,,,,26.21,call,BULLISH,SHALLOW,5.0,NEUTRAL,0.0,0,0.0,False,False,False,0.5932,0.000248,track_b_rev
trackb_rev_LEG_20260608,LEG,2026-06-08,2026-08-07,,,,10.01,call,BULLISH,SHALLOW,5.0,NEUTRAL,0.0,0,0.0,False,False,False,0.4583,0.000221,track_b_rev
trackb_rev_GWRS_20260608,GWRS,2026-06-08,2026-08-07,,,,7.07,call,BULLISH,SHALLOW,5.0,NEUTRAL,0.0,0,0.0,False,True,False,0.4649,0.000221,track_b_rev
trackb_rev_MLKN_20260608,MLKN,2026-06-08,2026-08-07,,,,14.78,call,BULLISH,SHALLOW,5.0,NEUTRAL,0.0,0,0.0,False,False,False,0.2925,0.000209,track_b_rev
trackb_rev_AEO_20260608,AEO,2026-06-08,2026-08-07,,,,15.9561,call,BULLISH,SHALLOW,5.0,NEUTRAL,0.0,0,0.0,False,False,False,0.3827,0.000208,track_b_rev
trackb_rev_LOCL_20260608,LOCL,2026-06-08,2026-08-07,,,,1.5799,call,BULLISH,SHALLOW,5.0,NEUTRAL,0.0,0,0.0,False,False,False,0.3714,0.000163,track_b_rev
trackb_rev_GAP_20260608,GAP,2026-06-08,2026-08-07,,,,21.56,call,BULLISH,SHALLOW,5.0,NEUTRAL,0.0,0,0.0,False,False,False,0.2865,0.000152,track_b_rev
trackb_rev_BLDR_20260608,BLDR,2026-06-08,2026-08-07,,,,73.64,call,BULLISH,SHALLOW,5.0,NEUTRAL,0.0,0,0.0,False,False,False,0.545,0.000137,track_b_rev
trackb_rev_JFB_20260608,JFB,2026-06-08,2026-08-07,,,,5.57,call,BULLISH,SHALLOW,5.0,NEUTRAL,0.0,0,0.0,False,True,False,0.5061,0.000134,track_b_rev
trackb_rev_RVLV_20260608,RVLV,2026-06-08,2026-08-07,,,,18.88,call,BULLISH,SHALLOW,5.0,NEUTRAL,0.0,0,0.0,False,False,False,0.4615,0.000133,track_b_rev
trackb_rev_GIPR_20260608,GIPR,2026-06-08,2026-08-07,,,,0.2083,call,BULLISH,SHALLOW,5.0,NEUTRAL,0.0,0,0.0,False,True,False,0.0932,0.000118,track_b_rev
trackb_rev_FISV_20260608,FISV,2026-06-08,2026-08-07,,,,54.43,call,BULLISH,SHALLOW,5.0,NEUTRAL,0.0,0,0.0,False,True,False,0.5876,0.000116,track_b_rev
trackb_rev_DRVN_20260608,DRVN,2026-06-08,2026-08-07,,,,13.0,call,BULLISH,SHALLOW,5.0,NEUTRAL,0.0,0,0.0,False,False,False,0.2051,0.000112,track_b_rev
trackb_rev_OLLI_20260608,OLLI,2026-06-08,2026-08-07,,,,79.87,call,BULLISH,SHALLOW,5.0,NEUTRAL,0.0,0,0.0,False,False,False,0.5105,9.2e-05,track_b_rev
trackb_rev_THO_20260608,THO,2026-06-08,2026-08-07,,,,77.375,call,BULLISH,SHALLOW,5.0,NEUTRAL,0.0,0,0.0,False,True,False,0.6254,7.8e-05,track_b_rev
trackb_rev_ORBS_20260608,ORBS,2026-06-08,2026-08-07,,,,0.948,call,BULLISH,SHALLOW,5.0,NEUTRAL,0.0,0,0.0,False,True,False,0.3608,7.4e-05,track_b_rev
trackb_rev_LZ_20260608,LZ,2026-06-08,2026-08-07,,,,5.74,call,BULLISH,SHALLOW,5.0,NEUTRAL,0.0,0,0.0,False,False,False,0.1724,7.1e-05,track_b_rev
trackb_rev_ORGN_20260608,ORGN,2026-06-08,2026-08-07,,,,1.31,call,BULLISH,SHALLOW,5.0,NEUTRAL,0.0,0,0.0,False,False,False,0.1622,6.2e-05,track_b_rev
trackb_rev_RIME_20260608,RIME,2026-06-08,2026-08-07,,,,0.67,call,BULLISH,SHALLOW,5.0,NEUTRAL,0.0,0,0.0,False,True,False,0.4524,4.1e-05,track_b_rev
trackb_rev_BFRG_20260608,BFRG,2026-06-08,2026-08-07,,,,0.7403,call,BULLISH,SHALLOW,5.0,NEUTRAL,0.0,0,0.0,False,True,False,0.8312,3.4e-05,track_b_rev
trackb_rev_HFFG_20260608,HFFG,2026-06-08,2026-08-07,,,,1.85,call,BULLISH,SHALLOW,5.0,NEUTRAL,0.0,0,0.0,False,True,False,0.1649,2.9e-05,track_b_rev
trackb_rev_LILAK_20260608,LILAK,2026-06-08,2026-08-07,,,,7.74,call,BULLISH,SHALLOW,5.0,NEUTRAL,0.0,0,0.0,False,True,False,0.6129,2.3e-05,track_b_rev
trackb_rev_PLNT_20260608,PLNT,2026-06-08,2026-08-07,,,,50.68,call,BULLISH,SHALLOW,5.0,NEUTRAL,0.0,0,0.0,False,False,False,0.7944,1.5e-05,track_b_rev
trackb_rev_SKIN_20260608,SKIN,2026-06-08,2026-08-07,,,,0.608,call,BULLISH,SHALLOW,5.0,NEUTRAL,0.0,0,0.0,False,False,False,0.1457,7e-06,track_b_rev
trackb_rev_ASO_20260608,ASO,2026-06-08,2026-08-07,,,,51.75,call,BULLISH,SHALLOW,5.0,NEUTRAL,0.0,0,0.0,False,False,False,0.3796,-1.7e-05,track_b_rev
trackb_rev_WAY_20260608,WAY,2026-06-08,2026-08-07,,,,20.0,call,BULLISH,SHALLOW,5.0,NEUTRAL,0.0,0,0.0,False,True,False,0.5725,-2e-05,track_b_rev
trackb_rev_BBWI_20260608,BBWI,2026-06-08,2026-08-07,,,,17.43,call,BULLISH,SHALLOW,5.0,NEUTRAL,0.0,0,0.0,False,False,False,0.4264,-3.8e-05,track_b_rev
trackb_rev_IMKTA_20260608,IMKTA,2026-06-08,2026-08-07,,,,89.66,call,BULLISH,SHALLOW,5.0,NEUTRAL,0.0,0,0.0,False,True,False,0.7134,-5.3e-05,track_b_rev
trackb_rev_HTFL_20260608,HTFL,2026-06-08,2026-08-07,,,,28.1,call,BULLISH,SHALLOW,5.0,NEUTRAL,0.0,0,0.0,False,False,False,0.516,-0.000142,track_b_rev
trackb_rev_EVLV_20260608,EVLV,2026-06-08,2026-08-07,,,,5.91,call,BULLISH,SHALLOW,5.0,NEUTRAL,0.0,0,0.0,False,False,False,0.481,-0.000151,track_b_rev
trackb_rev_BBW_20260608,BBW,2026-06-08,2026-08-07,,,,35.57,call,BULLISH,SHALLOW,5.0,NEUTRAL,0.0,0,0.0,False,False,False,0.3016,-0.000189,track_b_rev
trackb_rev_COO_20260608,COO,2026-06-08,2026-08-07,,,,60.11,call,BULLISH,SHALLOW,5.0,NEUTRAL,0.0,0,0.0,False,False,False,0.1354,-0.000223,track_b_rev
trackb_rev_EXC_20260608,EXC,2026-06-08,2026-08-07,,,,45.89,call,BULLISH,SHALLOW,5.0,NEUTRAL,0.0,0,0.0,False,False,False,0.4779,-0.000248,track_b_rev
trackb_rev_FLUT_20260608,FLUT,2026-06-08,2026-08-07,,,,100.49,call,BULLISH,SHALLOW,5.0,NEUTRAL,0.0,0,0.0,False,True,False,0.7011,-0.000317,track_b_rev
trackb_rev_HROW_20260608,HROW,2026-06-08,2026-08-07,,,,33.19,call,BULLISH,SHALLOW,5.0,NEUTRAL,0.0,0,0.0,False,False,False,0.5087,-0.000638,track_b_rev
trackb_rev_GMED_20260608,GMED,2026-06-08,2026-08-07,,,,78.03,call,BULLISH,SHALLOW,5.0,NEUTRAL,0.0,0,0.0,False,False,False,0.2193,-0.001063,track_b_rev
trackb_rev_TECH_20260608,TECH,2026-06-08,2026-08-07,,,,49.935,call,BULLISH,SHALLOW,5.0,NEUTRAL,0.0,0,0.0,False,False,False,0.4824,-0.001075,track_b_rev
trackb_rev_ECL_20260608,ECL,2026-06-08,2026-08-07,,,,257.97,call,BULLISH,SHALLOW,5.0,NEUTRAL,0.0,0,0.0,False,False,False,0.4705,-0.001962,track_b_rev
trackb_rev_BKNG_20260608,BKNG,2026-06-08,2026-08-07,,,,165.92,call,BULLISH,SHALLOW,5.0,NEUTRAL,0.0,0,0.0,False,True,False,0.6726,-0.002055,track_b_rev
trackb_rev_COKE_20260608,COKE,2026-06-08,2026-08-07,,,,179.91,call,BULLISH,SHALLOW,5.0,NEUTRAL,0.0,0,0.0,False,False,False,0.1983,-0.004883,track_b_rev
trackb_cont_PANW_20260609,PANW,2026-06-09,2026-08-08,,,,266.33,call,BULLISH,CONTINUATION,10.0,BULLISH,3127057.0,10,64.951,True,True,True,0.7179,0.054506,track_b_cont
trackb_cont_CNC_20260609,CNC,2026-06-09,2026-08-08,,,,65.03,call,BULLISH,CONTINUATION,10.0,BULLISH,849541.0,23,59.292,True,True,True,0.8806,0.001376,track_b_cont
trackb_cont_KRC_20260609,KRC,2026-06-09,2026-08-08,,,,37.89,call,BULLISH,CONTINUATION,10.0,BULLISH,826400.0,2,59.172,True,True,True,0.9424,-9.3e-05,track_b_cont
trackb_cont_FTNT_20260609,FTNT,2026-06-09,2026-08-08,,,,143.04,call,BULLISH,CONTINUATION,10.0,BULLISH,388427.0,3,55.893,True,True,True,0.8758,0.023587,track_b_cont
trackb_cont_GWW_20260609,GWW,2026-06-09,2026-08-08,,,,1304.5699,call,BULLISH,CONTINUATION,10.0,BULLISH,309540.0,1,54.907,True,True,True,0.9324,-0.017963,track_b_cont
trackb_cont_PBF_20260609,PBF,2026-06-09,2026-08-08,,,,42.37,call,BULLISH,CONTINUATION,10.0,BULLISH,278510.0,2,54.448,True,True,True,0.8091,-0.00177,track_b_cont
trackb_cont_TFC_20260609,TFC,2026-06-09,2026-08-08,,,,48.83,call,BULLISH,CONTINUATION,10.0,BULLISH,264790.0,2,54.229,True,True,True,0.8655,-0.000527,track_b_cont
trackb_cont_PSX_20260609,PSX,2026-06-09,2026-08-08,,,,183.42,call,BULLISH,CONTINUATION,10.0,BULLISH,226960.0,2,53.559,True,True,True,0.7973,0.001954,track_b_cont
trackb_cont_UNH_20260609,UNH,2026-06-09,2026-08-08,,,,406.57,call,BULLISH,CONTINUATION,5.21,NEUTRAL,5070993.0,21,34.934,True,True,True,0.8545,-0.016507,track_b_cont
trackb_cont_PINS_20260609,PINS,2026-06-09,2026-08-08,,,,21.99,call,BULLISH,CONTINUATION,5.0,NEUTRAL,717337.0,7,29.279,True,True,True,0.7825,0.000204,track_b_cont
trackb_cont_WFC_20260609,WFC,2026-06-09,2026-08-08,,,,80.96,call,BULLISH,CONTINUATION,5.0,NEUTRAL,623609.0,7,28.975,True,True,True,0.9473,0.002531,track_b_cont
trackb_cont_D_20260609,D,2026-06-09,2026-08-08,,,,65.52,call,BULLISH,CONTINUATION,5.0,NEUTRAL,431632.0,6,28.176,True,True,True,0.7575,0.002379,track_b_cont
trackb_cont_ETSY_20260609,ETSY,2026-06-09,2026-08-08,,,,68.83,call,BULLISH,CONTINUATION,5.19,NEUTRAL,230394.0,5,27.831,True,True,True,0.7356,0.007367,track_b_cont
trackb_cont_ABBV_20260609,ABBV,2026-06-09,2026-08-08,,,,223.07,call,BULLISH,CONTINUATION,5.0,NEUTRAL,340458.0,4,27.66,True,True,True,0.8936,0.007384,track_b_cont
trackb_cont_SJM_20260609,SJM,2026-06-09,2026-08-08,,,,101.77,call,BULLISH,CONTINUATION,5.0,NEUTRAL,262213.0,4,27.093,True,True,True,0.8322,0.000303,track_b_cont
trackb_cont_NCLH_20260609,NCLH,2026-06-09,2026-08-08,,,,18.55,call,BULLISH,CONTINUATION,5.0,NEUTRAL,255789.0,1,27.039,True,True,True,0.839,0.002202,track_b_cont
trackb_cont_TRV_20260609,TRV,2026-06-09,2026-08-08,,,,296.73,call,BULLISH,CONTINUATION,5.0,NEUTRAL,200159.0,1,26.507,True,True,True,0.7088,-0.013294,track_b_cont
trackb_cont_GEO_20260609,GEO,2026-06-09,2026-08-08,,,,26.68,call,BULLISH,CONTINUATION,5.0,NEUTRAL,167408.0,6,26.119,True,True,True,0.9199,0.000958,track_b_cont
trackb_cont_BBY_20260609,BBY,2026-06-09,2026-08-08,,,,74.17,call,BULLISH,CONTINUATION,5.0,NEUTRAL,153205.0,3,25.926,True,True,True,0.7117,0.014931,track_b_cont
trackb_cont_PCG_20260609,PCG,2026-06-09,2026-08-08,,,,16.48,call,BULLISH,CONTINUATION,5.0,NEUTRAL,142410.0,6,25.768,True,True,True,0.9289,-0.000153,track_b_cont
trackb_cont_DLTR_20260609,DLTR,2026-06-09,2026-08-08,,,,107.69,call,BULLISH,CONTINUATION,5.0,NEUTRAL,138589.0,6,25.709,True,True,True,0.7394,0.017835,track_b_cont
trackb_cont_NUE_20260609,NUE,2026-06-09,2026-08-08,,,,253.4,call,BULLISH,CONTINUATION,5.0,NEUTRAL,129980.0,1,25.569,True,True,True,0.7725,0.022995,track_b_cont
trackb_cont_IQV_20260609,IQV,2026-06-09,2026-08-08,,,,183.69,call,BULLISH,CONTINUATION,5.0,NEUTRAL,118369.0,1,25.366,True,True,True,0.7987,0.000938,track_b_cont
trackb_cont_ORA_20260609,ORA,2026-06-09,2026-08-08,,,,136.47,call,BULLISH,CONTINUATION,5.0,NEUTRAL,88560.0,1,24.736,True,True,True,0.7639,0.011183,track_b_cont
trackb_cont_CXW_20260609,CXW,2026-06-09,2026-08-08,,,,24.72,call,BULLISH,CONTINUATION,5.0,NEUTRAL,85071.0,2,24.649,True,True,True,0.9466,0.000713,track_b_cont
trackb_cont_CVS_20260609,CVS,2026-06-09,2026-08-08,,,,97.08,call,BULLISH,CONTINUATION,5.0,NEUTRAL,75956.0,1,24.403,True,True,True,0.7742,-0.004865,track_b_cont
trackb_cont_VLO_20260609,VLO,2026-06-09,2026-08-08,,,,258.39,call,BULLISH,CONTINUATION,5.0,NEUTRAL,75420.0,1,24.387,True,True,True,0.7115,-0.003273,track_b_cont
trackb_cont_SAIC_20260609,SAIC,2026-06-09,2026-08-08,,,,113.2,call,BULLISH,CONTINUATION,5.0,NEUTRAL,69150.0,1,24.199,True,True,True,0.7503,0.01684,track_b_cont
trackb_cont_MEC_20260609,MEC,2026-06-09,2026-08-08,,,,33.6,call,BULLISH,CONTINUATION,5.0,NEUTRAL,64000.0,1,24.031,True,True,True,0.98,0.00435,track_b_cont
trackb_cont_ARCB_20260609,ARCB,2026-06-09,2026-08-08,,,,166.22,call,BULLISH,CONTINUATION,5.0,NEUTRAL,56000.0,1,23.741,True,True,True,0.9871,0.021961,track_b_cont
trackb_cont_FDS_20260609,FDS,2026-06-09,2026-08-08,,,,246.38,call,BULLISH,CONTINUATION,5.0,NEUTRAL,47960.0,1,23.404,True,True,True,0.7773,0.035673,track_b_cont
trackb_cont_EW_20260609,EW,2026-06-09,2026-08-08,,,,85.85,call,BULLISH,CONTINUATION,5.0,NEUTRAL,21450.0,1,21.657,True,True,True,0.729,0.005254,track_b_cont
trackb_cont_HAE_20260609,HAE,2026-06-09,2026-08-08,,,,74.88,call,BULLISH,CONTINUATION,5.0,NEUTRAL,13600.0,1,20.668,True,True,True,0.9816,0.013747,track_b_cont
trackb_cont_PENN_20260609,PENN,2026-06-09,2026-08-08,,,,19.17,call,BULLISH,CONTINUATION,5.0,NEUTRAL,12740.0,1,20.526,True,True,True,0.7343,0.003315,track_b_cont
trackb_cont_LRN_20260609,LRN,2026-06-09,2026-08-08,,,,96.73,call,BULLISH,CONTINUATION,5.0,NEUTRAL,11800.0,1,20.36,True,True,True,0.8128,0.005686,track_b_cont
trackb_cont_MOH_20260609,MOH,2026-06-09,2026-08-08,,,,198.41,call,BULLISH,CONTINUATION,5.0,NEUTRAL,10665.0,1,20.14,True,True,True,0.7881,-0.011492,track_b_cont
trackb_cont_FBIN_20260609,FBIN,2026-06-09,2026-08-08,,,,39.47,call,BULLISH,CONTINUATION,5.0,NEUTRAL,10240.0,1,20.052,True,True,True,0.8485,0.003131,track_b_cont
trackb_cont_DE_20260609,DE,2026-06-09,2026-08-08,,,,573.66,call,BULLISH,CONTINUATION,3.24,NEUTRAL,1138528.0,3,19.623,True,True,True,0.7642,-0.039432,track_b_cont
trackb_cont_CLMB_20260609,CLMB,2026-06-09,2026-08-08,,,,23.77,call,BULLISH,CONTINUATION,5.0,NEUTRAL,0.0,0,0.0,True,True,True,0.9863,0.002194,track_b_cont
trackb_cont_GL_20260609,GL,2026-06-09,2026-08-08,,,,157.13,call,BULLISH,CONTINUATION,5.0,NEUTRAL,0.0,0,0.0,True,True,True,0.9837,-0.003376,track_b_cont
trackb_cont_INVH_20260609,INVH,2026-06-09,2026-08-08,,,,29.38,call,BULLISH,CONTINUATION,5.0,NEUTRAL,0.0,0,0.0,True,True,True,0.9681,0.000108,track_b_cont
trackb_cont_EXEL_20260609,EXEL,2026-06-09,2026-08-08,,,,51.74,call,BULLISH,CONTINUATION,5.0,NEUTRAL,0.0,0,0.0,True,True,True,0.9571,0.000423,track_b_cont
trackb_cont_CNK_20260609,CNK,2026-06-09,2026-08-08,,,,31.45,call,BULLISH,CONTINUATION,5.0,NEUTRAL,0.0,0,0.0,True,True,True,0.9568,0.002513,track_b_cont
trackb_cont_UNFI_20260609,UNFI,2026-06-09,2026-08-08,,,,51.64,call,BULLISH,CONTINUATION,5.0,NEUTRAL,0.0,0,0.0,True,True,True,0.9545,-0.000291,track_b_cont
trackb_cont_CUZ_20260609,CUZ,2026-06-09,2026-08-08,,,,28.32,call,BULLISH,CONTINUATION,5.0,NEUTRAL,0.0,0,0.0,True,True,True,0.9536,0.000245,track_b_cont
trackb_cont_RLJ_20260609,RLJ,2026-06-09,2026-08-08,,,,10.51,call,BULLISH,CONTINUATION,5.0,NEUTRAL,0.0,0,0.0,True,True,True,0.9517,0.001113,track_b_cont
trackb_cont_RF_20260609,RF,2026-06-09,2026-08-08,,,,28.56,call,BULLISH,CONTINUATION,5.0,NEUTRAL,0.0,0,0.0,True,True,True,0.9494,0.000667,track_b_cont
trackb_cont_CVLG_20260609,CVLG,2026-06-09,2026-08-08,,,,44.53,call,BULLISH,CONTINUATION,5.0,NEUTRAL,0.0,0,0.0,True,True,True,0.949,0.008115,track_b_cont
trackb_cont_VNO_20260609,VNO,2026-06-09,2026-08-08,,,,36.2,call,BULLISH,CONTINUATION,5.0,NEUTRAL,0.0,0,0.0,True,True,True,0.9488,0.002455,track_b_cont
trackb_cont_WKC_20260609,WKC,2026-06-09,2026-08-08,,,,30.15,call,BULLISH,CONTINUATION,5.0,NEUTRAL,0.0,0,0.0,True,True,True,0.9451,0.000909,track_b_cont
trackb_cont_H_20260609,H,2026-06-09,2026-08-08,,,,193.72,call,BULLISH,CONTINUATION,5.0,NEUTRAL,0.0,0,0.0,True,True,True,0.9381,0.016492,track_b_cont
trackb_cont_DRH_20260609,DRH,2026-06-09,2026-08-08,,,,11.61,call,BULLISH,CONTINUATION,5.0,NEUTRAL,0.0,0,0.0,True,True,True,0.9379,0.000495,track_b_cont
trackb_cont_HSIC_20260609,HSIC,2026-06-09,2026-08-08,,,,78.05,call,BULLISH,CONTINUATION,5.0,NEUTRAL,0.0,0,0.0,True,True,True,0.9368,0.004074,track_b_cont
trackb_cont_HRL_20260609,HRL,2026-06-09,2026-08-08,,,,23.64,call,BULLISH,CONTINUATION,5.0,NEUTRAL,0.0,0,0.0,True,True,True,0.9356,0.002616,track_b_cont
trackb_cont_XHR_20260609,XHR,2026-06-09,2026-08-08,,,,18.33,call,BULLISH,CONTINUATION,5.0,NEUTRAL,0.0,0,0.0,True,True,True,0.9314,0.001007,track_b_cont
trackb_cont_APLE_20260609,APLE,2026-06-09,2026-08-08,,,,15.59,call,BULLISH,CONTINUATION,5.0,NEUTRAL,0.0,0,0.0,True,True,True,0.9302,0.001026,track_b_cont
trackb_cont_MRTN_20260609,MRTN,2026-06-09,2026-08-08,,,,18.09,call,BULLISH,CONTINUATION,5.0,NEUTRAL,0.0,0,0.0,True,True,True,0.9294,0.002074,track_b_cont
trackb_cont_KBH_20260609,KBH,2026-06-09,2026-08-08,,,,51.42,call,BULLISH,CONTINUATION,5.0,NEUTRAL,0.0,0,0.0,True,True,True,0.9292,0.003163,track_b_cont
trackb_cont_CNO_20260609,CNO,2026-06-09,2026-08-08,,,,47.99,call,BULLISH,CONTINUATION,5.0,NEUTRAL,0.0,0,0.0,True,True,True,0.9279,-0.001106,track_b_cont
trackb_cont_WMK_20260609,WMK,2026-06-09,2026-08-08,,,,79.68,call,BULLISH,CONTINUATION,5.0,NEUTRAL,0.0,0,0.0,True,True,True,0.9257,0.00254,track_b_cont
trackb_cont_SHO_20260609,SHO,2026-06-09,2026-08-08,,,,11.52,call,BULLISH,CONTINUATION,5.0,NEUTRAL,0.0,0,0.0,True,True,True,0.9257,0.000646,track_b_cont
trackb_cont_SFD_20260609,SFD,2026-06-09,2026-08-08,,,,26.25,call,BULLISH,CONTINUATION,5.0,NEUTRAL,0.0,0,0.0,True,True,True,0.9187,0.000363,track_b_cont
trackb_cont_CLDT_20260609,CLDT,2026-06-09,2026-08-08,,,,11.53,call,BULLISH,CONTINUATION,5.0,NEUTRAL,0.0,0,0.0,True,True,True,0.9179,0.00103,track_b_cont
trackb_cont_TKR_20260609,TKR,2026-06-09,2026-08-08,,,,134.67,call,BULLISH,CONTINUATION,5.0,NEUTRAL,0.0,0,0.0,True,True,True,0.9151,0.014444,track_b_cont
trackb_cont_JBHT_20260609,JBHT,2026-06-09,2026-08-08,,,,288.17,call,BULLISH,CONTINUATION,5.0,NEUTRAL,0.0,0,0.0,True,True,True,0.9145,0.026262,track_b_cont
trackb_cont_CPT_20260609,CPT,2026-06-09,2026-08-08,,,,112.97,call,BULLISH,CONTINUATION,5.0,NEUTRAL,0.0,0,0.0,True,True,True,0.9123,0.002163,track_b_cont
trackb_cont_UDR_20260609,UDR,2026-06-09,2026-08-08,,,,38.61,call,BULLISH,CONTINUATION,5.0,NEUTRAL,0.0,0,0.0,True,True,True,0.9088,-0.000327,track_b_cont
trackb_cont_PEB_20260609,PEB,2026-06-09,2026-08-08,,,,16.84,call,BULLISH,CONTINUATION,5.0,NEUTRAL,0.0,0,0.0,True,True,True,0.904,0.001402,track_b_cont
trackb_cont_FPH_20260609,FPH,2026-06-09,2026-08-08,,,,5.08,call,BULLISH,CONTINUATION,5.0,NEUTRAL,0.0,0,0.0,True,True,True,0.9027,0.000116,track_b_cont
trackb_cont_ATEX_20260609,ATEX,2026-06-09,2026-08-08,,,,66.24,call,BULLISH,CONTINUATION,5.0,NEUTRAL,0.0,0,0.0,True,True,True,0.8991,0.010554,track_b_cont
trackb_cont_R_20260609,R,2026-06-09,2026-08-08,,,,270.94,call,BULLISH,CONTINUATION,5.0,NEUTRAL,0.0,0,0.0,True,True,True,0.8962,0.023592,track_b_cont
trackb_cont_CNM_20260609,CNM,2026-06-09,2026-08-08,,,,52.18,call,BULLISH,CONTINUATION,5.0,NEUTRAL,0.0,0,0.0,True,True,True,0.8941,0.001927,track_b_cont
trackb_cont_MYE_20260609,MYE,2026-06-09,2026-08-08,,,,24.61,call,BULLISH,CONTINUATION,5.0,NEUTRAL,0.0,0,0.0,True,True,True,0.8927,0.000329,track_b_cont
trackb_cont_CWT_20260609,CWT,2026-06-09,2026-08-08,,,,45.13,call,BULLISH,CONTINUATION,5.0,NEUTRAL,0.0,0,0.0,True,True,True,0.8921,0.000739,track_b_cont
trackb_cont_UHAL-B_20260609,UHAL-B,2026-06-09,2026-08-08,,,,53.16,call,BULLISH,CONTINUATION,5.0,NEUTRAL,0.0,0,0.0,True,True,True,0.8912,0.003142,track_b_cont
trackb_cont_PGNY_20260609,PGNY,2026-06-09,2026-08-08,,,,25.92,call,BULLISH,CONTINUATION,5.0,NEUTRAL,0.0,0,0.0,True,True,True,0.8912,0.002224,track_b_cont
trackb_cont_CVCO_20260609,CVCO,2026-06-09,2026-08-08,,,,562.96,call,BULLISH,CONTINUATION,5.0,NEUTRAL,0.0,0,0.0,True,True,True,0.8908,0.073072,track_b_cont
trackb_cont_AVB_20260609,AVB,2026-06-09,2026-08-08,,,,187.61,call,BULLISH,CONTINUATION,5.0,NEUTRAL,0.0,0,0.0,True,True,True,0.889,-0.004938,track_b_cont
trackb_cont_NEU_20260609,NEU,2026-06-09,2026-08-08,,,,803.0,call,BULLISH,CONTINUATION,5.0,NEUTRAL,0.0,0,0.0,True,True,True,0.8865,0.097371,track_b_cont
trackb_cont_KRG_20260609,KRG,2026-06-09,2026-08-08,,,,27.88,call,BULLISH,CONTINUATION,5.0,NEUTRAL,0.0,0,0.0,True,True,True,0.8846,0.00045,track_b_cont
trackb_cont_BRC_20260609,BRC,2026-06-09,2026-08-08,,,,75.28,call,BULLISH,CONTINUATION,5.0,NEUTRAL,0.0,0,0.0,True,True,True,0.884,0.010447,track_b_cont
trackb_cont_LH_20260609,LH,2026-06-09,2026-08-08,,,,262.01,call,BULLISH,CONTINUATION,5.0,NEUTRAL,0.0,0,0.0,True,True,True,0.8811,0.000233,track_b_cont
trackb_cont_KFRC_20260609,KFRC,2026-06-09,2026-08-08,,,,47.89,call,BULLISH,CONTINUATION,5.0,NEUTRAL,0.0,0,0.0,True,True,True,0.8767,0.005021,track_b_cont
trackb_cont_JPM_20260609,JPM,2026-06-09,2026-08-08,,,,311.11,call,BULLISH,CONTINUATION,0.0,NEUTRAL,3558021.0,15,0.0,True,True,True,0.8767,-0.00544,track_b_cont
trackb_cont_AIZ_20260609,AIZ,2026-06-09,2026-08-08,,,,252.02,call,BULLISH,CONTINUATION,5.0,NEUTRAL,0.0,0,0.0,True,True,True,0.8729,-0.002454,track_b_cont
trackb_cont_CTAS_20260609,CTAS,2026-06-09,2026-08-08,,,,173.65,call,BULLISH,CONTINUATION,0.0,NEUTRAL,659168.0,2,0.0,True,True,True,0.8691,0.003206,track_b_cont
trackb_cont_SNA_20260609,SNA,2026-06-09,2026-08-08,,,,380.65,call,BULLISH,CONTINUATION,5.0,NEUTRAL,0.0,0,0.0,True,True,True,0.8658,0.001399,track_b_cont
trackb_cont_SEM_20260609,SEM,2026-06-09,2026-08-08,,,,16.57,call,BULLISH,CONTINUATION,5.0,NEUTRAL,0.0,0,0.0,True,True,True,0.8653,-0.000348,track_b_cont
trackb_cont_STT_20260609,STT,2026-06-09,2026-08-08,,,,161.81,call,BULLISH,CONTINUATION,5.0,NEUTRAL,0.0,0,0.0,True,True,True,0.8635,0.00515,track_b_cont
trackb_cont_MCRI_20260609,MCRI,2026-06-09,2026-08-08,,,,122.65,call,BULLISH,CONTINUATION,5.0,NEUTRAL,0.0,0,0.0,True,True,True,0.8625,0.000703,track_b_cont
trackb_cont_RS_20260609,RS,2026-06-09,2026-08-08,,,,396.26,call,BULLISH,CONTINUATION,5.0,NEUTRAL,0.0,0,0.0,True,True,True,0.859,0.017027,track_b_cont
trackb_cont_MSEX_20260609,MSEX,2026-06-09,2026-08-08,,,,52.62,call,BULLISH,CONTINUATION,5.0,NEUTRAL,0.0,0,0.0,True,True,True,0.8552,0.000155,track_b_cont
trackb_cont_TRIP_20260609,TRIP,2026-06-09,2026-08-08,,,,11.81,call,BULLISH,CONTINUATION,5.0,NEUTRAL,0.0,0,0.0,True,True,True,0.8545,0.001576,track_b_cont
trackb_cont_PSMT_20260609,PSMT,2026-06-09,2026-08-08,,,,177.03,call,BULLISH,CONTINUATION,5.0,NEUTRAL,0.0,0,0.0,True,True,True,0.8539,0.009757,track_b_cont
trackb_cont_ACEL_20260609,ACEL,2026-06-09,2026-08-08,,,,12.08,call,BULLISH,CONTINUATION,5.0,NEUTRAL,0.0,0,0.0,True,True,True,0.85,0.000127,track_b_cont
trackb_cont_KELYA_20260609,KELYA,2026-06-09,2026-08-08,,,,11.88,call,BULLISH,CONTINUATION,5.0,NEUTRAL,0.0,0,0.0,True,True,True,0.8484,0.001995,track_b_cont
trackb_cont_PAG_20260609,PAG,2026-06-09,2026-08-08,,,,172.49,call,BULLISH,CONTINUATION,5.0,NEUTRAL,0.0,0,0.0,True,True,True,0.8446,0.001174,track_b_cont
trackb_cont_SYY_20260609,SYY,2026-06-09,2026-08-08,,,,76.48,call,BULLISH,CONTINUATION,5.0,NEUTRAL,0.0,0,0.0,True,True,True,0.843,0.000455,track_b_cont
trackb_cont_ATI_20260609,ATI,2026-06-09,2026-08-08,,,,180.14,call,BULLISH,CONTINUATION,5.0,NEUTRAL,0.0,0,0.0,True,True,True,0.8423,0.017434,track_b_cont
trackb_cont_UNF_20260609,UNF,2026-06-09,2026-08-08,,,,264.07,call,BULLISH,CONTINUATION,5.0,NEUTRAL,0.0,0,0.0,True,True,True,0.8422,0.002859,track_b_cont
trackb_cont_ADP_20260609,ADP,2026-06-09,2026-08-08,,,,229.08,call,BULLISH,CONTINUATION,5.0,NEUTRAL,0.0,0,0.0,True,True,True,0.8415,0.008833,track_b_cont
trackb_cont_AWR_20260609,AWR,2026-06-09,2026-08-08,,,,76.89,call,BULLISH,CONTINUATION,5.0,NEUTRAL,0.0,0,0.0,True,True,True,0.8361,-0.001363,track_b_cont
trackb_cont_KBR_20260609,KBR,2026-06-09,2026-08-08,,,,35.21,call,BULLISH,CONTINUATION,5.0,NEUTRAL,0.0,0,0.0,True,True,True,0.8338,0.003108,track_b_cont
trackb_cont_SN_20260609,SN,2026-06-09,2026-08-08,,,,118.28,call,BULLISH,CONTINUATION,5.0,NEUTRAL,0.0,0,0.0,True,True,True,0.8272,0.013581,track_b_cont
trackb_cont_BFH_20260609,BFH,2026-06-09,2026-08-08,,,,91.42,call,BULLISH,CONTINUATION,5.0,NEUTRAL,0.0,0,0.0,True,True,True,0.8251,0.002557,track_b_cont
trackb_cont_MSM_20260609,MSM,2026-06-09,2026-08-08,,,,115.59,call,BULLISH,CONTINUATION,5.0,NEUTRAL,0.0,0,0.0,True,True,True,0.8231,0.005486,track_b_cont
trackb_cont_SAFE_20260609,SAFE,2026-06-09,2026-08-08,,,,15.64,call,BULLISH,CONTINUATION,5.0,NEUTRAL,0.0,0,0.0,True,True,True,0.8182,-0.000134,track_b_cont
trackb_cont_HUBG_20260609,HUBG,2026-06-09,2026-08-08,,,,44.61,call,BULLISH,CONTINUATION,5.0,NEUTRAL,0.0,0,0.0,True,True,True,0.8171,0.003469,track_b_cont
trackb_cont_MTH_20260609,MTH,2026-06-09,2026-08-08,,,,68.24,call,BULLISH,CONTINUATION,5.0,NEUTRAL,0.0,0,0.0,True,True,True,0.8165,0.003938,track_b_cont
trackb_cont_UTI_20260609,UTI,2026-06-09,2026-08-08,,,,42.96,call,BULLISH,CONTINUATION,5.0,NEUTRAL,0.0,0,0.0,True,True,True,0.8098,0.00339,track_b_cont
trackb_cont_ALNT_20260609,ALNT,2026-06-09,2026-08-08,,,,87.18,call,BULLISH,CONTINUATION,5.0,NEUTRAL,0.0,0,0.0,True,True,True,0.8075,0.019529,track_b_cont
trackb_cont_HNGE_20260609,HNGE,2026-06-09,2026-08-08,,,,62.86,call,BULLISH,CONTINUATION,5.0,NEUTRAL,0.0,0,0.0,True,True,True,0.8024,0.00245,track_b_cont
trackb_cont_AZTA_20260609,AZTA,2026-06-09,2026-08-08,,,,22.71,call,BULLISH,CONTINUATION,5.0,NEUTRAL,0.0,0,0.0,True,True,True,0.8019,0.005859,track_b_cont
trackb_cont_FDX_20260609,FDX,2026-06-09,2026-08-08,,,,330.22,call,BULLISH,CONTINUATION,0.0,NEUTRAL,547780.0,5,0.0,True,True,True,0.7978,0.024997,track_b_cont
trackb_cont_SOLV_20260609,SOLV,2026-06-09,2026-08-08,,,,78.76,call,BULLISH,CONTINUATION,5.0,NEUTRAL,0.0,0,0.0,True,True,True,0.7978,0.001912,track_b_cont
trackb_cont_BAX_20260609,BAX,2026-06-09,2026-08-08,,,,19.24,call,BULLISH,CONTINUATION,5.0,NEUTRAL,0.0,0,0.0,True,True,True,0.7958,0.00113,track_b_cont
trackb_cont_PACK_20260609,PACK,2026-06-09,2026-08-08,,,,6.83,call,BULLISH,CONTINUATION,5.0,NEUTRAL,0.0,0,0.0,True,True,True,0.7944,0.000816,track_b_cont
trackb_cont_MPLX_20260609,MPLX,2026-06-09,2026-08-08,,,,56.41,call,BULLISH,CONTINUATION,5.0,NEUTRAL,0.0,0,0.0,True,True,True,0.7938,-0.000387,track_b_cont
trackb_cont_EXR_20260609,EXR,2026-06-09,2026-08-08,,,,145.0,call,BULLISH,CONTINUATION,5.0,NEUTRAL,0.0,0,0.0,True,True,True,0.793,-0.001272,track_b_cont
trackb_cont_BOOT_20260609,BOOT,2026-06-09,2026-08-08,,,,162.2,call,BULLISH,CONTINUATION,5.0,NEUTRAL,0.0,0,0.0,True,True,True,0.7859,0.02098,track_b_cont
trackb_cont_JEF_20260609,JEF,2026-06-09,2026-08-08,,,,57.9,call,BULLISH,CONTINUATION,5.0,NEUTRAL,0.0,0,0.0,True,True,True,0.7859,0.0003,track_b_cont
trackb_cont_NTRS_20260609,NTRS,2026-06-09,2026-08-08,,,,169.11,call,BULLISH,CONTINUATION,5.0,NEUTRAL,0.0,0,0.0,True,True,True,0.7827,0.00334,track_b_cont
trackb_cont_NMAX_20260609,NMAX,2026-06-09,2026-08-08,,,,8.89,call,BULLISH,CONTINUATION,5.0,NEUTRAL,0.0,0,0.0,True,True,True,0.7819,0.002128,track_b_cont
trackb_cont_NWSA_20260609,NWSA,2026-06-09,2026-08-08,,,,27.06,call,BULLISH,CONTINUATION,5.0,NEUTRAL,0.0,0,0.0,True,True,True,0.7814,-0.000725,track_b_cont
trackb_cont_HCI_20260609,HCI,2026-06-09,2026-08-08,,,,153.87,call,BULLISH,CONTINUATION,5.0,NEUTRAL,0.0,0,0.0,True,True,True,0.7801,-0.004706,track_b_cont
trackb_cont_LCUT_20260609,LCUT,2026-06-09,2026-08-08,,,,9.15,call,BULLISH,CONTINUATION,5.0,NEUTRAL,0.0,0,0.0,True,True,True,0.7792,0.002226,track_b_cont
trackb_cont_MS_20260609,MS,2026-06-09,2026-08-08,,,,212.24,call,BULLISH,CONTINUATION,5.0,NEUTRAL,0.0,0,0.0,True,True,True,0.779,0.015361,track_b_cont
trackb_cont_GNTX_20260609,GNTX,2026-06-09,2026-08-08,,,,24.71,call,BULLISH,CONTINUATION,5.0,NEUTRAL,0.0,0,0.0,True,True,True,0.7789,0.001148,track_b_cont
trackb_cont_NSIT_20260609,NSIT,2026-06-09,2026-08-08,,,,110.14,call,BULLISH,CONTINUATION,5.0,NEUTRAL,0.0,0,0.0,True,True,True,0.7736,0.027749,track_b_cont
trackb_cont_HALO_20260609,HALO,2026-06-09,2026-08-08,,,,70.73,call,BULLISH,CONTINUATION,5.0,NEUTRAL,0.0,0,0.0,True,True,True,0.7729,-0.000554,track_b_cont
trackb_cont_NNN_20260609,NNN,2026-06-09,2026-08-08,,,,45.01,call,BULLISH,CONTINUATION,5.0,NEUTRAL,0.0,0,0.0,True,True,True,0.7709,-0.001086,track_b_cont
trackb_cont_RRR_20260609,RRR,2026-06-09,2026-08-08,,,,58.09,call,BULLISH,CONTINUATION,5.0,NEUTRAL,0.0,0,0.0,True,True,True,0.7659,0.005126,track_b_cont
trackb_cont_ICUI_20260609,ICUI,2026-06-09,2026-08-08,,,,137.48,call,BULLISH,CONTINUATION,5.0,NEUTRAL,0.0,0,0.0,True,True,True,0.7644,0.010955,track_b_cont
trackb_cont_EXTR_20260609,EXTR,2026-06-09,2026-08-08,,,,29.57,call,BULLISH,CONTINUATION,5.0,NEUTRAL,0.0,0,0.0,True,True,True,0.7638,0.004404,track_b_cont
trackb_cont_VMI_20260609,VMI,2026-06-09,2026-08-08,,,,535.64,call,BULLISH,CONTINUATION,5.0,NEUTRAL,0.0,0,0.0,True,True,True,0.7626,0.016279,track_b_cont
trackb_cont_MASI_20260609,MASI,2026-06-09,2026-08-08,,,,179.94,call,BULLISH,CONTINUATION,5.0,NEUTRAL,0.0,0,0.0,True,True,True,0.7568,-0.004642,track_b_cont
trackb_cont_PSN_20260609,PSN,2026-06-09,2026-08-08,,,,57.83,call,BULLISH,CONTINUATION,5.0,NEUTRAL,0.0,0,0.0,True,True,True,0.756,0.008931,track_b_cont
trackb_cont_LNTH_20260609,LNTH,2026-06-09,2026-08-08,,,,100.01,call,BULLISH,CONTINUATION,5.0,NEUTRAL,0.0,0,0.0,True,True,True,0.7555,0.004762,track_b_cont
trackb_cont_MLAB_20260609,MLAB,2026-06-09,2026-08-08,,,,108.46,call,BULLISH,CONTINUATION,5.0,NEUTRAL,0.0,0,0.0,True,True,True,0.7533,4e-06,track_b_cont
trackb_cont_MGM_20260609,MGM,2026-06-09,2026-08-08,,,,47.26,call,BULLISH,CONTINUATION,5.0,NEUTRAL,0.0,0,0.0,True,True,True,0.7492,0.009083,track_b_cont
trackb_cont_CHEF_20260609,CHEF,2026-06-09,2026-08-08,,,,80.9,call,BULLISH,CONTINUATION,5.0,NEUTRAL,0.0,0,0.0,True,True,True,0.7473,-0.005306,track_b_cont
trackb_cont_SCSC_20260609,SCSC,2026-06-09,2026-08-08,,,,48.15,call,BULLISH,CONTINUATION,5.0,NEUTRAL,0.0,0,0.0,True,True,True,0.7455,0.002898,track_b_cont
trackb_cont_MTUS_20260609,MTUS,2026-06-09,2026-08-08,,,,19.65,call,BULLISH,CONTINUATION,5.0,NEUTRAL,0.0,0,0.0,True,True,True,0.7436,0.00174,track_b_cont
trackb_cont_VPG_20260609,VPG,2026-06-09,2026-08-08,,,,119.96,call,BULLISH,CONTINUATION,5.0,NEUTRAL,0.0,0,0.0,True,True,True,0.743,0.046115,track_b_cont
trackb_cont_UVV_20260609,UVV,2026-06-09,2026-08-08,,,,52.75,call,BULLISH,CONTINUATION,5.0,NEUTRAL,0.0,0,0.0,True,True,True,0.7407,-0.002,track_b_cont
trackb_cont_LEN_20260609,LEN,2026-06-09,2026-08-08,,,,90.74,call,BULLISH,CONTINUATION,5.0,NEUTRAL,0.0,0,0.0,True,True,True,0.7389,0.003744,track_b_cont
trackb_cont_ARI_20260609,ARI,2026-06-09,2026-08-08,,,,10.83,call,BULLISH,CONTINUATION,5.0,NEUTRAL,0.0,0,0.0,True,True,True,0.7368,-0.000236,track_b_cont
trackb_cont_CNP_20260609,CNP,2026-06-09,2026-08-08,,,,41.85,call,BULLISH,CONTINUATION,5.0,NEUTRAL,0.0,0,0.0,True,True,True,0.7339,-0.000741,track_b_cont
trackb_cont_VRTX_20260609,VRTX,2026-06-09,2026-08-08,,,,442.96,call,BULLISH,CONTINUATION,5.0,NEUTRAL,0.0,0,0.0,True,True,True,0.7314,-0.011357,track_b_cont
trackb_cont_COLB_20260609,COLB,2026-06-09,2026-08-08,,,,29.68,call,BULLISH,CONTINUATION,5.0,NEUTRAL,0.0,0,0.0,True,True,True,0.7245,-9e-05,track_b_cont
trackb_cont_DEA_20260609,DEA,2026-06-09,2026-08-08,,,,23.91,call,BULLISH,CONTINUATION,5.0,NEUTRAL,0.0,0,0.0,True,True,True,0.7227,0.000185,track_b_cont
trackb_cont_CUBE_20260609,CUBE,2026-06-09,2026-08-08,,,,40.17,call,BULLISH,CONTINUATION,5.0,NEUTRAL,0.0,0,0.0,True,True,True,0.7213,-0.000964,track_b_cont
trackb_cont_CHD_20260609,CHD,2026-06-09,2026-08-08,,,,95.35,call,BULLISH,CONTINUATION,5.0,NEUTRAL,0.0,0,0.0,True,True,True,0.7189,-0.000267,track_b_cont
trackb_cont_TBCH_20260609,TBCH,2026-06-09,2026-08-08,,,,12.97,call,BULLISH,CONTINUATION,5.0,NEUTRAL,0.0,0,0.0,True,True,True,0.717,0.0016,track_b_cont
trackb_cont_NBIX_20260609,NBIX,2026-06-09,2026-08-08,,,,163.12,call,BULLISH,CONTINUATION,5.0,NEUTRAL,0.0,0,0.0,True,True,True,0.7159,0.001352,track_b_cont
trackb_cont_FOX_20260609,FOX,2026-06-09,2026-08-08,,,,60.34,call,BULLISH,CONTINUATION,5.0,NEUTRAL,0.0,0,0.0,True,True,True,0.7138,-0.001457,track_b_cont
trackb_cont_SAIA_20260609,SAIA,2026-06-09,2026-08-08,,,,480.68,call,BULLISH,CONTINUATION,5.0,NEUTRAL,0.0,0,0.0,True,True,True,0.7137,0.013072,track_b_cont
trackb_cont_TROW_20260609,TROW,2026-06-09,2026-08-08,,,,105.45,call,BULLISH,CONTINUATION,5.0,NEUTRAL,0.0,0,0.0,True,True,True,0.713,-0.000792,track_b_cont
trackb_cont_EVH_20260609,EVH,2026-06-09,2026-08-08,,,,4.66,call,BULLISH,CONTINUATION,5.0,NEUTRAL,0.0,0,0.0,True,True,True,0.7097,-0.000183,track_b_cont
trackb_rev_PLTR_20260609,PLTR,2026-06-09,2026-08-08,,,,136.47,call,BULLISH,SHALLOW,7.18,LEAN BULLISH,7734152.0,49,49.459,False,True,False,0.194,0.007557,track_b_rev
trackb_rev_FLUT_20260609,FLUT,2026-06-09,2026-08-08,,,,104.95,call,BULLISH,SHALLOW,7.49,LEAN BULLISH,299200.0,10,41.015,False,True,False,0.6755,0.000369,track_b_rev
trackb_rev_AVGO_20260609,AVGO,2026-06-09,2026-08-08,,,,396.6,call,BULLISH,SHALLOW,5.33,NEUTRAL,12458276.0,42,37.819,False,False,False,0.0013,0.006414,track_b_rev
trackb_rev_HON_20260609,HON,2026-06-09,2026-08-08,,,,211.8,call,BULLISH,SHALLOW,6.07,LEAN BULLISH,237944.0,4,32.635,False,False,False,0.0868,0.011148,track_b_rev
trackb_rev_PL_20260609,PL,2026-06-09,2026-08-08,,,,32.74,call,BULLISH,SHALLOW,5.01,NEUTRAL,571636.0,18,28.843,False,False,False,0.0279,0.005677,track_b_rev
trackb_rev_DJT_20260609,DJT,2026-06-09,2026-08-08,,,,8.15,call,BULLISH,SHALLOW,5.0,NEUTRAL,156500.0,2,25.973,False,False,False,0.2291,-0.000129,track_b_rev
trackb_rev_SMR_20260609,SMR,2026-06-09,2026-08-08,,,,10.76,call,BULLISH,SHALLOW,5.0,NEUTRAL,126141.0,8,25.504,False,False,False,0.1802,0.000418,track_b_rev
trackb_rev_OPEN_20260609,OPEN,2026-06-09,2026-08-08,,,,4.31,call,BULLISH,SHALLOW,5.0,NEUTRAL,109116.0,7,25.189,False,False,False,0.1812,0.000207,track_b_rev
trackb_rev_ALGN_20260609,ALGN,2026-06-09,2026-08-08,,,,172.05,call,BULLISH,SHALLOW,5.0,NEUTRAL,105525.0,3,25.117,False,True,False,0.6196,0.001942,track_b_rev
trackb_rev_BLDR_20260609,BLDR,2026-06-09,2026-08-08,,,,73.12,call,BULLISH,SHALLOW,5.0,NEUTRAL,92340.0,3,24.827,False,False,False,0.5739,0.001242,track_b_rev
trackb_rev_EFX_20260609,EFX,2026-06-09,2026-08-08,,,,167.89,call,BULLISH,SHALLOW,5.0,NEUTRAL,76630.0,1,24.422,False,False,False,0.6838,0.000141,track_b_rev
trackb_rev_RUN_20260609,RUN,2026-06-09,2026-08-08,,,,13.46,call,BULLISH,SHALLOW,4.28,NEUTRAL,332686.0,4,23.634,False,False,False,0.1593,0.001011,track_b_rev
trackb_rev_DKS_20260609,DKS,2026-06-09,2026-08-08,,,,213.38,call,BULLISH,SHALLOW,5.0,NEUTRAL,46200.0,1,23.323,False,False,False,0.2609,4e-06,track_b_rev
trackb_rev_EAT_20260609,EAT,2026-06-09,2026-08-08,,,,146.14,call,BULLISH,SHALLOW,5.0,NEUTRAL,39900.0,1,23.005,False,False,False,0.6502,0.002701,track_b_rev
trackb_rev_ANF_20260609,ANF,2026-06-09,2026-08-08,,,,79.52,call,BULLISH,SHALLOW,5.0,NEUTRAL,16250.0,1,21.054,False,False,False,0.3231,0.003153,track_b_rev
trackb_rev_JBLU_20260609,JBLU,2026-06-09,2026-08-08,,,,4.76,call,BULLISH,SHALLOW,5.0,NEUTRAL,11128.0,1,20.232,False,False,False,0.4065,0.000314,track_b_rev
trackb_rev_W_20260609,W,2026-06-09,2026-08-08,,,,67.15,call,BULLISH,SHALLOW,2.09,NEUTRAL,1474985.0,12,12.893,False,True,False,0.6043,0.011105,track_b_rev
trackb_rev_TGT_20260609,TGT,2026-06-09,2026-08-08,,,,123.97,call,BULLISH,SHALLOW,2.17,NEUTRAL,423150.0,5,12.21,False,False,False,0.4102,0.000301,track_b_rev
trackb_rev_MTD_20260609,MTD,2026-06-09,2026-08-08,,,,1138.88,call,BULLISH,SHALLOW,5.0,NEUTRAL,0.0,0,0.0,False,False,False,0.6378,0.049126,track_b_rev
trackb_rev_PRIM_20260609,PRIM,2026-06-09,2026-08-08,,,,122.82,call,BULLISH,SHALLOW,5.0,NEUTRAL,0.0,0,0.0,False,True,False,0.569,0.016812,track_b_rev
trackb_rev_TMO_20260609,TMO,2026-06-09,2026-08-08,,,,469.63,call,BULLISH,SHALLOW,5.0,NEUTRAL,0.0,0,0.0,False,True,False,0.5889,0.015672,track_b_rev
trackb_rev_WGS_20260609,WGS,2026-06-09,2026-08-08,,,,51.8,call,BULLISH,SHALLOW,5.0,NEUTRAL,0.0,0,0.0,False,True,False,0.7477,0.012836,track_b_rev
trackb_rev_HOV_20260609,HOV,2026-06-09,2026-08-08,,,,108.01,call,BULLISH,SHALLOW,5.0,NEUTRAL,0.0,0,0.0,False,True,False,0.6664,0.009295,track_b_rev
trackb_rev_PVH_20260609,PVH,2026-06-09,2026-08-08,,,,76.8,call,BULLISH,SHALLOW,5.0,NEUTRAL,0.0,0,0.0,False,False,False,0.2772,0.009067,track_b_rev
trackb_rev_BMI_20260609,BMI,2026-06-09,2026-08-08,,,,130.34,call,BULLISH,SHALLOW,5.0,NEUTRAL,0.0,0,0.0,False,True,False,0.7642,0.008162,track_b_rev
trackb_rev_CIEN_20260609,CIEN,2026-06-09,2026-08-08,,,,466.67,call,BULLISH,SHALLOW,0.0,NEUTRAL,3003468.0,16,0.0,False,False,False,0.0005,0.007341,track_b_rev
trackb_rev_J_20260609,J,2026-06-09,2026-08-08,,,,119.96,call,BULLISH,SHALLOW,5.0,NEUTRAL,0.0,0,0.0,False,True,False,0.8661,0.004421,track_b_rev
trackb_rev_TECH_20260609,TECH,2026-06-09,2026-08-08,,,,52.65,call,BULLISH,SHALLOW,5.0,NEUTRAL,0.0,0,0.0,False,True,False,0.8713,0.004077,track_b_rev
trackb_rev_KTB_20260609,KTB,2026-06-09,2026-08-08,,,,72.25,call,BULLISH,SHALLOW,5.0,NEUTRAL,0.0,0,0.0,False,False,False,0.4876,0.003004,track_b_rev
trackb_rev_EPAM_20260609,EPAM,2026-06-09,2026-08-08,,,,96.72,call,BULLISH,SHALLOW,5.0,NEUTRAL,0.0,0,0.0,False,False,False,0.3976,0.002437,track_b_rev
trackb_rev_TMDX_20260609,TMDX,2026-06-09,2026-08-08,,,,71.14,call,BULLISH,SHALLOW,5.0,NEUTRAL,0.0,0,0.0,False,False,False,0.6755,0.002198,track_b_rev
trackb_rev_AMRZ_20260609,AMRZ,2026-06-09,2026-08-08,,,,50.8,call,BULLISH,SHALLOW,5.0,NEUTRAL,0.0,0,0.0,False,True,False,0.8401,0.001611,track_b_rev
trackb_rev_IPAR_20260609,IPAR,2026-06-09,2026-08-08,,,,92.39,call,BULLISH,SHALLOW,5.0,NEUTRAL,0.0,0,0.0,False,False,False,0.4965,0.001312,track_b_rev
trackb_rev_SCVL_20260609,SCVL,2026-06-09,2026-08-08,,,,16.73,call,BULLISH,SHALLOW,5.0,NEUTRAL,0.0,0,0.0,False,False,False,0.4465,0.000682,track_b_rev
trackb_rev_HROW_20260609,HROW,2026-06-09,2026-08-08,,,,33.1,call,BULLISH,SHALLOW,5.0,NEUTRAL,0.0,0,0.0,False,False,False,0.4115,0.000644,track_b_rev
trackb_rev_CERT_20260609,CERT,2026-06-09,2026-08-08,,,,5.22,call,BULLISH,SHALLOW,5.0,NEUTRAL,0.0,0,0.0,False,False,False,0.4589,0.000531,track_b_rev
trackb_rev_BAER_20260609,BAER,2026-06-09,2026-08-08,,,,1.92,call,BULLISH,SHALLOW,5.0,NEUTRAL,0.0,0,0.0,False,True,False,0.2653,0.000503,track_b_rev
trackb_rev_LE_20260609,LE,2026-06-09,2026-08-08,,,,11.21,call,BULLISH,SHALLOW,5.0,NEUTRAL,0.0,0,0.0,False,False,False,0.2008,0.000494,track_b_rev
trackb_rev_SLDP_20260609,SLDP,2026-06-09,2026-08-08,,,,2.955,call,BULLISH,SHALLOW,5.0,NEUTRAL,0.0,0,0.0,False,True,False,0.3214,0.000422,track_b_rev
trackb_rev_GWRS_20260609,GWRS,2026-06-09,2026-08-08,,,,7.05,call,BULLISH,SHALLOW,5.0,NEUTRAL,0.0,0,0.0,False,True,False,0.5784,0.000386,track_b_rev
trackb_rev_EXC_20260609,EXC,2026-06-09,2026-08-08,,,,44.8,call,BULLISH,SHALLOW,5.0,NEUTRAL,0.0,0,0.0,False,True,False,0.723,0.000372,track_b_rev
trackb_rev_SDOT_20260609,SDOT,2026-06-09,2026-08-08,,,,20.53,call,BULLISH,SHALLOW,5.0,NEUTRAL,0.0,0,0.0,False,True,False,0.6832,0.000365,track_b_rev
trackb_rev_RVLV_20260609,RVLV,2026-06-09,2026-08-08,,,,19.54,call,BULLISH,SHALLOW,5.0,NEUTRAL,0.0,0,0.0,False,False,False,0.3566,0.0003,track_b_rev
trackb_rev_SFIX_20260609,SFIX,2026-06-09,2026-08-08,,,,3.66,call,BULLISH,SHALLOW,5.0,NEUTRAL,0.0,0,0.0,False,False,False,0.5697,0.000294,track_b_rev
trackb_rev_MLKN_20260609,MLKN,2026-06-09,2026-08-08,,,,14.52,call,BULLISH,SHALLOW,5.0,NEUTRAL,0.0,0,0.0,False,False,False,0.3043,0.000236,track_b_rev
trackb_rev_OPCH_20260609,OPCH,2026-06-09,2026-08-08,,,,20.08,call,BULLISH,SHALLOW,5.0,NEUTRAL,0.0,0,0.0,False,False,False,0.4021,0.000216,track_b_rev
trackb_rev_FUBO_20260609,FUBO,2026-06-09,2026-08-08,,,,9.7,call,BULLISH,SHALLOW,5.0,NEUTRAL,0.0,0,0.0,False,False,False,0.2438,0.000195,track_b_rev
trackb_rev_MH_20260609,MH,2026-06-09,2026-08-08,,,,11.91,call,BULLISH,SHALLOW,5.0,NEUTRAL,0.0,0,0.0,False,True,False,0.6807,0.000158,track_b_rev
trackb_rev_AIRE_20260609,AIRE,2026-06-09,2026-08-08,,,,2.11,call,BULLISH,SHALLOW,5.0,NEUTRAL,0.0,0,0.0,False,False,False,0.2562,9.6e-05,track_b_rev
trackb_rev_UAA_20260609,UAA,2026-06-09,2026-08-08,,,,5.67,call,BULLISH,SHALLOW,5.0,NEUTRAL,0.0,0,0.0,False,False,False,0.436,9e-05,track_b_rev
trackb_rev_ASIX_20260609,ASIX,2026-06-09,2026-08-08,,,,21.37,call,BULLISH,SHALLOW,5.0,NEUTRAL,0.0,0,0.0,False,False,False,0.5739,8.4e-05,track_b_rev
trackb_rev_HTFL_20260609,HTFL,2026-06-09,2026-08-08,,,,28.45,call,BULLISH,SHALLOW,5.0,NEUTRAL,0.0,0,0.0,False,False,False,0.4253,8.3e-05,track_b_rev
trackb_rev_GOLF_20260609,GOLF,2026-06-09,2026-08-08,,,,90.52,call,BULLISH,SHALLOW,5.0,NEUTRAL,0.0,0,0.0,False,True,False,0.6155,7.3e-05,track_b_rev
trackb_rev_MIRA_20260609,MIRA,2026-06-09,2026-08-08,,,,1.0,call,BULLISH,SHALLOW,5.0,NEUTRAL,0.0,0,0.0,False,True,False,0.2754,5.6e-05,track_b_rev
trackb_rev_SAFX_20260609,SAFX,2026-06-09,2026-08-08,,,,0.38,call,BULLISH,SHALLOW,5.0,NEUTRAL,0.0,0,0.0,False,True,False,0.1509,5.4e-05,track_b_rev
trackb_rev_ORGN_20260609,ORGN,2026-06-09,2026-08-08,,,,1.28,call,BULLISH,SHALLOW,5.0,NEUTRAL,0.0,0,0.0,False,False,False,0.0811,4.2e-05,track_b_rev
trackb_rev_IVDA_20260609,IVDA,2026-06-09,2026-08-08,,,,0.29,call,BULLISH,SHALLOW,5.0,NEUTRAL,0.0,0,0.0,False,False,False,0.1429,2.7e-05,track_b_rev
trackb_rev_NB_20260609,NB,2026-06-09,2026-08-08,,,,4.99,call,BULLISH,SHALLOW,5.0,NEUTRAL,0.0,0,0.0,False,False,False,0.2711,5e-06,track_b_rev
trackb_rev_EVLV_20260609,EVLV,2026-06-09,2026-08-08,,,,5.82,call,BULLISH,SHALLOW,5.0,NEUTRAL,0.0,0,0.0,False,False,False,0.2903,-2e-06,track_b_rev
trackb_rev_ALBT_20260609,ALBT,2026-06-09,2026-08-08,,,,0.341,call,BULLISH,SHALLOW,5.0,NEUTRAL,0.0,0,0.0,False,False,False,0.7,-2e-06,track_b_rev
trackb_rev_FSP_20260609,FSP,2026-06-09,2026-08-08,,,,0.63,call,BULLISH,SHALLOW,5.0,NEUTRAL,0.0,0,0.0,False,True,False,0.7,-7e-06,track_b_rev
trackb_rev_CURI_20260609,CURI,2026-06-09,2026-08-08,,,,2.84,call,BULLISH,SHALLOW,5.0,NEUTRAL,0.0,0,0.0,False,False,False,0.4481,-3.7e-05,track_b_rev
trackb_rev_FWRD_20260609,FWRD,2026-06-09,2026-08-08,,,,11.5,call,BULLISH,SHALLOW,5.0,NEUTRAL,0.0,0,0.0,False,False,False,0.625,-4.3e-05,track_b_rev
trackb_rev_NLOP_20260609,NLOP,2026-06-09,2026-08-08,,,,11.9,call,BULLISH,SHALLOW,5.0,NEUTRAL,0.0,0,0.0,False,False,False,0.3901,-4.7e-05,track_b_rev
trackb_rev_QNST_20260609,QNST,2026-06-09,2026-08-08,,,,11.86,call,BULLISH,SHALLOW,5.0,NEUTRAL,0.0,0,0.0,False,False,False,0.4078,-9.8e-05,track_b_rev
trackb_rev_UPWK_20260609,UPWK,2026-06-09,2026-08-08,,,,8.87,call,BULLISH,SHALLOW,5.0,NEUTRAL,0.0,0,0.0,False,False,False,0.6667,-0.00014,track_b_rev
trackb_rev_GT_20260609,GT,2026-06-09,2026-08-08,,,,5.8,call,BULLISH,SHALLOW,5.0,NEUTRAL,0.0,0,0.0,False,False,False,0.1905,-0.000145,track_b_rev
trackb_rev_FRPT_20260609,FRPT,2026-06-09,2026-08-08,,,,51.4,call,BULLISH,SHALLOW,5.0,NEUTRAL,0.0,0,0.0,False,False,False,0.3485,-0.000506,track_b_rev
trackb_rev_VMC_20260609,VMC,2026-06-09,2026-08-08,,,,269.98,call,BULLISH,SHALLOW,5.0,NEUTRAL,0.0,0,0.0,False,False,False,0.7613,-0.002076,track_b_rev
trackb_cont_MMM_20260610,MMM,2026-06-10,2026-08-09,,,,153.85,call,BULLISH,CONTINUATION,10.0,BULLISH,1479364.0,7,61.701,True,True,True,0.8097,0.005932,track_b_cont
trackb_cont_LLY_20260610,LLY,2026-06-10,2026-08-09,,,,1149.15,call,BULLISH,CONTINUATION,8.72,BULLISH,10777709.0,26,61.324,True,True,True,0.8448,0.109063,track_b_cont
trackb_cont_AXON_20260610,AXON,2026-06-10,2026-08-09,,,,471.06,call,BULLISH,CONTINUATION,9.64,BULLISH,1945273.0,15,60.626,True,True,True,0.8019,0.061019,track_b_cont
trackb_cont_AVTR_20260610,AVTR,2026-06-10,2026-08-09,,,,9.69,call,BULLISH,CONTINUATION,10.0,BULLISH,586531.0,12,57.683,True,True,True,0.7905,0.001075,track_b_cont
trackb_cont_GM_20260610,GM,2026-06-10,2026-08-09,,,,83.77,call,BULLISH,CONTINUATION,8.76,BULLISH,3176365.0,14,56.957,True,True,True,0.7913,0.006465,track_b_cont
trackb_cont_UNH_20260610,UNH,2026-06-10,2026-08-09,,,,406.57,call,BULLISH,CONTINUATION,7.88,BULLISH,11484356.0,51,55.634,True,True,True,0.8545,-0.015342,track_b_cont
trackb_cont_GWW_20260610,GWW,2026-06-10,2026-08-09,,,,1304.5699,call,BULLISH,CONTINUATION,10.0,BULLISH,309540.0,1,54.907,True,True,True,0.9324,-0.014163,track_b_cont
trackb_cont_RCL_20260610,RCL,2026-06-10,2026-08-09,,,,272.0,call,BULLISH,CONTINUATION,10.0,BULLISH,284360.0,2,54.539,True,True,True,0.7178,0.017924,track_b_cont
trackb_cont_RDDT_20260610,RDDT,2026-06-10,2026-08-09,,,,171.13,call,BULLISH,CONTINUATION,8.44,BULLISH,2752834.0,62,54.352,True,True,True,0.7094,0.009055,track_b_cont
trackb_cont_GEO_20260610,GEO,2026-06-10,2026-08-09,,,,26.68,call,BULLISH,CONTINUATION,10.0,BULLISH,228206.0,8,53.583,True,True,True,0.9199,0.001032,track_b_cont
trackb_cont_MGNI_20260610,MGNI,2026-06-10,2026-08-09,,,,14.63,call,BULLISH,CONTINUATION,10.0,BULLISH,217236.0,3,53.369,True,True,True,0.7327,0.000935,track_b_cont
trackb_cont_CSX_20260610,CSX,2026-06-10,2026-08-09,,,,47.11,call,BULLISH,CONTINUATION,10.0,BULLISH,204537.0,2,53.108,True,True,True,0.9176,0.000267,track_b_cont
trackb_cont_TWLO_20260610,TWLO,2026-06-10,2026-08-09,,,,212.54,call,BULLISH,CONTINUATION,7.93,BULLISH,876859.0,14,47.127,True,True,True,0.7851,0.011023,track_b_cont
trackb_cont_CNC_20260610,CNC,2026-06-10,2026-08-09,,,,65.03,call,BULLISH,CONTINUATION,7.16,LEAN BULLISH,2615418.0,35,45.95,True,True,True,0.8806,0.001558,track_b_cont
trackb_cont_GE_20260610,GE,2026-06-10,2026-08-09,,,,322.04,call,BULLISH,CONTINUATION,7.11,LEAN BULLISH,2156704.0,8,45.033,True,True,True,0.9123,0.026703,track_b_cont
trackb_cont_FTNT_20260610,FTNT,2026-06-10,2026-08-09,,,,143.04,call,BULLISH,CONTINUATION,5.68,LEAN BULLISH,2052086.0,14,35.853,True,True,True,0.8758,0.024008,track_b_cont
trackb_cont_FITB_20260610,FITB,2026-06-10,2026-08-09,,,,51.96,call,BULLISH,CONTINUATION,6.18,LEAN BULLISH,225165.0,9,33.078,True,True,True,0.9354,0.001262,track_b_cont
trackb_cont_AMGN_20260610,AMGN,2026-06-10,2026-08-09,,,,345.73,call,BULLISH,CONTINUATION,5.0,NEUTRAL,2258050.0,2,31.769,True,True,True,0.8052,0.002448,track_b_cont
trackb_cont_PRKS_20260610,PRKS,2026-06-10,2026-08-09,,,,42.04,call,BULLISH,CONTINUATION,5.0,NEUTRAL,1197700.0,1,30.392,True,True,True,0.858,0.003634,track_b_cont
trackb_cont_ABBV_20260610,ABBV,2026-06-10,2026-08-09,,,,223.07,call,BULLISH,CONTINUATION,5.0,NEUTRAL,518958.0,5,28.576,True,True,True,0.8936,0.008048,track_b_cont
trackb_cont_D_20260610,D,2026-06-10,2026-08-09,,,,65.52,call,BULLISH,CONTINUATION,5.0,NEUTRAL,431632.0,6,28.176,True,True,True,0.7575,0.002575,track_b_cont
trackb_cont_SJM_20260610,SJM,2026-06-10,2026-08-09,,,,101.77,call,BULLISH,CONTINUATION,5.0,NEUTRAL,374758.0,7,27.869,True,True,True,0.8322,0.000606,track_b_cont
trackb_cont_MS_20260610,MS,2026-06-10,2026-08-09,,,,212.24,call,BULLISH,CONTINUATION,5.0,NEUTRAL,363092.0,2,27.8,True,True,True,0.779,0.015978,track_b_cont
trackb_cont_NCLH_20260610,NCLH,2026-06-10,2026-08-09,,,,18.55,call,BULLISH,CONTINUATION,5.0,NEUTRAL,317595.0,4,27.509,True,True,True,0.839,0.002257,track_b_cont
trackb_cont_CLOV_20260610,CLOV,2026-06-10,2026-08-09,,,,3.92,call,BULLISH,CONTINUATION,5.0,NEUTRAL,270077.0,8,27.157,True,True,True,0.7351,0.000534,track_b_cont
trackb_cont_MTN_20260610,MTN,2026-06-10,2026-08-09,,,,137.21,call,BULLISH,CONTINUATION,5.0,NEUTRAL,204230.0,4,26.551,True,True,True,0.8609,0.008989,track_b_cont
trackb_cont_SEZL_20260610,SEZL,2026-06-10,2026-08-09,,,,121.16,call,BULLISH,CONTINUATION,5.0,NEUTRAL,180720.0,6,26.285,True,True,True,0.7753,0.016338,track_b_cont
trackb_cont_HNGE_20260610,HNGE,2026-06-10,2026-08-09,,,,62.86,call,BULLISH,CONTINUATION,5.0,NEUTRAL,166810.0,11,26.111,True,True,True,0.8024,0.002636,track_b_cont
trackb_cont_KMX_20260610,KMX,2026-06-10,2026-08-09,,,,47.5,call,BULLISH,CONTINUATION,5.0,NEUTRAL,142134.0,7,25.764,True,True,True,0.9493,0.007119,track_b_cont
trackb_cont_JNJ_20260610,JNJ,2026-06-10,2026-08-09,,,,232.16,call,BULLISH,CONTINUATION,5.0,NEUTRAL,100102.0,1,25.002,True,True,True,0.8334,-0.001975,track_b_cont
trackb_cont_BMRN_20260610,BMRN,2026-06-10,2026-08-09,,,,56.55,call,BULLISH,CONTINUATION,5.0,NEUTRAL,97656.0,3,24.948,True,True,True,0.8888,0.001892,track_b_cont
trackb_cont_EW_20260610,EW,2026-06-10,2026-08-09,,,,85.85,call,BULLISH,CONTINUATION,5.0,NEUTRAL,97270.0,3,24.94,True,True,True,0.729,0.005505,track_b_cont
trackb_cont_USB_20260610,USB,2026-06-10,2026-08-09,,,,55.35,call,BULLISH,CONTINUATION,4.76,NEUTRAL,162021.0,2,24.798,True,True,True,0.9256,-0.00049,track_b_cont
trackb_cont_ORA_20260610,ORA,2026-06-10,2026-08-09,,,,136.47,call,BULLISH,CONTINUATION,5.0,NEUTRAL,88560.0,1,24.736,True,True,True,0.7639,0.011592,track_b_cont
trackb_cont_SKY_20260610,SKY,2026-06-10,2026-08-09,,,,75.2,call,BULLISH,CONTINUATION,5.0,NEUTRAL,79213.0,4,24.494,True,True,True,0.8847,0.003851,track_b_cont
trackb_cont_KNX_20260610,KNX,2026-06-10,2026-08-09,,,,80.71,call,BULLISH,CONTINUATION,5.0,NEUTRAL,78648.0,2,24.479,True,True,True,0.9326,0.012236,track_b_cont
trackb_cont_SAIC_20260610,SAIC,2026-06-10,2026-08-09,,,,113.2,call,BULLISH,CONTINUATION,5.0,NEUTRAL,69150.0,1,24.199,True,True,True,0.7503,0.017174,track_b_cont
trackb_cont_PAYX_20260610,PAYX,2026-06-10,2026-08-09,,,,98.92,call,BULLISH,CONTINUATION,5.0,NEUTRAL,67810.0,4,24.157,True,True,True,0.8457,0.005087,track_b_cont
trackb_cont_HRL_20260610,HRL,2026-06-10,2026-08-09,,,,23.64,call,BULLISH,CONTINUATION,5.0,NEUTRAL,66602.0,2,24.117,True,True,True,0.9356,0.002685,track_b_cont
trackb_cont_GH_20260610,GH,2026-06-10,2026-08-09,,,,124.89,call,BULLISH,CONTINUATION,5.0,NEUTRAL,64540.0,4,24.049,True,True,True,0.8082,0.035977,track_b_cont
trackb_cont_ARCB_20260610,ARCB,2026-06-10,2026-08-09,,,,166.22,call,BULLISH,CONTINUATION,5.0,NEUTRAL,56000.0,1,23.741,True,True,True,0.9871,0.022415,track_b_cont
trackb_cont_UNFI_20260610,UNFI,2026-06-10,2026-08-09,,,,51.64,call,BULLISH,CONTINUATION,5.0,NEUTRAL,54575.0,3,23.685,True,True,True,0.9545,-0.000128,track_b_cont
trackb_cont_CUZ_20260610,CUZ,2026-06-10,2026-08-09,,,,28.32,call,BULLISH,CONTINUATION,5.0,NEUTRAL,53000.0,3,23.621,True,True,True,0.9536,0.000326,track_b_cont
trackb_cont_LRN_20260610,LRN,2026-06-10,2026-08-09,,,,96.73,call,BULLISH,CONTINUATION,5.0,NEUTRAL,51820.0,2,23.573,True,True,True,0.8128,0.005978,track_b_cont
trackb_cont_LSTR_20260610,LSTR,2026-06-10,2026-08-09,,,,225.37,call,BULLISH,CONTINUATION,5.0,NEUTRAL,47517.0,1,23.384,True,True,True,0.8924,0.035498,track_b_cont
trackb_cont_COO_20260610,COO,2026-06-10,2026-08-09,,,,66.79,call,BULLISH,CONTINUATION,5.0,NEUTRAL,39060.0,2,22.959,True,True,True,0.969,0.000336,track_b_cont
trackb_cont_YETI_20260610,YETI,2026-06-10,2026-08-09,,,,47.67,call,BULLISH,CONTINUATION,5.0,NEUTRAL,37420.0,2,22.866,True,True,True,0.8601,0.006175,track_b_cont
trackb_cont_TKR_20260610,TKR,2026-06-10,2026-08-09,,,,134.67,call,BULLISH,CONTINUATION,5.0,NEUTRAL,31500.0,2,22.492,True,True,True,0.9151,0.014829,track_b_cont
trackb_cont_TRIP_20260610,TRIP,2026-06-10,2026-08-09,,,,11.81,call,BULLISH,CONTINUATION,5.0,NEUTRAL,26568.0,2,22.122,True,True,True,0.8545,0.00161,track_b_cont
trackb_cont_PENN_20260610,PENN,2026-06-10,2026-08-09,,,,19.17,call,BULLISH,CONTINUATION,5.0,NEUTRAL,12740.0,1,20.526,True,True,True,0.7343,0.003371,track_b_cont
trackb_cont_TXG_20260610,TXG,2026-06-10,2026-08-09,,,,29.18,call,BULLISH,CONTINUATION,5.0,NEUTRAL,10986.0,1,20.204,True,True,True,0.709,0.008788,track_b_cont
trackb_cont_FBIN_20260610,FBIN,2026-06-10,2026-08-09,,,,39.47,call,BULLISH,CONTINUATION,5.0,NEUTRAL,10240.0,1,20.052,True,True,True,0.8485,0.003246,track_b_cont
trackb_cont_PG_20260610,PG,2026-06-10,2026-08-09,,,,145.1,call,BULLISH,CONTINUATION,3.29,NEUTRAL,648742.0,6,19.122,True,True,True,0.7934,-0.003374,track_b_cont
trackb_cont_VSXY_20260610,VSXY,2026-06-10,2026-08-09,,,,76.26,call,BULLISH,CONTINUATION,3.14,NEUTRAL,578183.0,3,18.093,True,True,True,0.8249,0.022436,track_b_cont
trackb_cont_DHR_20260610,DHR,2026-06-10,2026-08-09,,,,183.53,call,BULLISH,CONTINUATION,2.59,NEUTRAL,498034.0,3,14.756,True,True,True,0.84,0.010839,track_b_cont
trackb_cont_RH_20260610,RH,2026-06-10,2026-08-09,,,,146.8,call,BULLISH,CONTINUATION,1.29,NEUTRAL,1172853.0,28,7.829,True,True,True,0.7306,0.022094,track_b_cont
trackb_cont_EIG_20260610,EIG,2026-06-10,2026-08-09,,,,45.59,call,BULLISH,CONTINUATION,5.0,NEUTRAL,0.0,0,0.0,True,True,True,1.0,0.001615,track_b_cont
trackb_cont_TMHC_20260610,TMHC,2026-06-10,2026-08-09,,,,71.44,call,BULLISH,CONTINUATION,5.0,NEUTRAL,0.0,0,0.0,True,True,True,0.9841,0.008783,track_b_cont
trackb_cont_BXP_20260610,BXP,2026-06-10,2026-08-09,,,,64.53,call,BULLISH,CONTINUATION,5.0,NEUTRAL,0.0,0,0.0,True,True,True,0.9788,0.000792,track_b_cont
trackb_cont_AMN_20260610,AMN,2026-06-10,2026-08-09,,,,31.04,call,BULLISH,CONTINUATION,5.0,NEUTRAL,0.0,0,0.0,True,True,True,0.9778,0.000339,track_b_cont
trackb_cont_AJG_20260610,AJG,2026-06-10,2026-08-09,,,,212.52,call,BULLISH,CONTINUATION,5.0,NEUTRAL,0.0,0,0.0,True,True,True,0.9773,0.002644,track_b_cont
trackb_cont_INVH_20260610,INVH,2026-06-10,2026-08-09,,,,29.38,call,BULLISH,CONTINUATION,5.0,NEUTRAL,0.0,0,0.0,True,True,True,0.9681,0.000195,track_b_cont
trackb_cont_RPRX_20260610,RPRX,2026-06-10,2026-08-09,,,,54.86,call,BULLISH,CONTINUATION,5.0,NEUTRAL,0.0,0,0.0,True,True,True,0.9656,0.002419,track_b_cont
trackb_cont_CNK_20260610,CNK,2026-06-10,2026-08-09,,,,31.45,call,BULLISH,CONTINUATION,5.0,NEUTRAL,0.0,0,0.0,True,True,True,0.9568,0.002605,track_b_cont
trackb_cont_PFG_20260610,PFG,2026-06-10,2026-08-09,,,,105.03,call,BULLISH,CONTINUATION,5.0,NEUTRAL,0.0,0,0.0,True,True,True,0.9561,0.00185,track_b_cont
trackb_cont_HST_20260610,HST,2026-06-10,2026-08-09,,,,24.44,call,BULLISH,CONTINUATION,5.0,NEUTRAL,0.0,0,0.0,True,True,True,0.956,0.001741,track_b_cont
trackb_cont_RLJ_20260610,RLJ,2026-06-10,2026-08-09,,,,10.51,call,BULLISH,CONTINUATION,5.0,NEUTRAL,0.0,0,0.0,True,True,True,0.9517,0.001144,track_b_cont
trackb_cont_CVLG_20260610,CVLG,2026-06-10,2026-08-09,,,,44.53,call,BULLISH,CONTINUATION,5.0,NEUTRAL,0.0,0,0.0,True,True,True,0.949,0.008242,track_b_cont
trackb_cont_WKC_20260610,WKC,2026-06-10,2026-08-09,,,,30.15,call,BULLISH,CONTINUATION,5.0,NEUTRAL,0.0,0,0.0,True,True,True,0.9451,0.000996,track_b_cont
trackb_cont_AIT_20260610,AIT,2026-06-10,2026-08-09,,,,314.42,call,BULLISH,CONTINUATION,5.0,NEUTRAL,0.0,0,0.0,True,True,True,0.9448,-0.006538,track_b_cont
trackb_cont_EIX_20260610,EIX,2026-06-10,2026-08-09,,,,70.84,call,BULLISH,CONTINUATION,5.0,NEUTRAL,0.0,0,0.0,True,True,True,0.9432,-0.00014,track_b_cont
trackb_cont_HSIC_20260610,HSIC,2026-06-10,2026-08-09,,,,78.05,call,BULLISH,CONTINUATION,5.0,NEUTRAL,0.0,0,0.0,True,True,True,0.9368,0.0043,track_b_cont
trackb_cont_WERN_20260610,WERN,2026-06-10,2026-08-09,,,,44.51,call,BULLISH,CONTINUATION,5.0,NEUTRAL,0.0,0,0.0,True,True,True,0.9363,0.006123,track_b_cont
trackb_cont_KFY_20260610,KFY,2026-06-10,2026-08-09,,,,72.66,call,BULLISH,CONTINUATION,5.0,NEUTRAL,0.0,0,0.0,True,True,True,0.9349,0.004199,track_b_cont
trackb_cont_TJX_20260610,TJX,2026-06-10,2026-08-09,,,,159.75,call,BULLISH,CONTINUATION,0.0,NEUTRAL,457169.0,5,0.0,True,True,True,0.9336,0.004484,track_b_cont
trackb_cont_NGVC_20260610,NGVC,2026-06-10,2026-08-09,,,,30.1,call,BULLISH,CONTINUATION,5.0,NEUTRAL,0.0,0,0.0,True,True,True,0.9335,0.000762,track_b_cont
trackb_cont_AMT_20260610,AMT,2026-06-10,2026-08-09,,,,189.1,call,BULLISH,CONTINUATION,5.0,NEUTRAL,0.0,0,0.0,True,True,True,0.9317,0.008844,track_b_cont
trackb_cont_XHR_20260610,XHR,2026-06-10,2026-08-09,,,,18.33,call,BULLISH,CONTINUATION,5.0,NEUTRAL,0.0,0,0.0,True,True,True,0.9314,0.001061,track_b_cont
trackb_cont_CNO_20260610,CNO,2026-06-10,2026-08-09,,,,47.99,call,BULLISH,CONTINUATION,5.0,NEUTRAL,0.0,0,0.0,True,True,True,0.9279,-0.000966,track_b_cont
trackb_cont_PPG_20260610,PPG,2026-06-10,2026-08-09,,,,112.88,call,BULLISH,CONTINUATION,5.0,NEUTRAL,0.0,0,0.0,True,True,True,0.9262,0.005906,track_b_cont
trackb_cont_WMK_20260610,WMK,2026-06-10,2026-08-09,,,,79.68,call,BULLISH,CONTINUATION,5.0,NEUTRAL,0.0,0,0.0,True,True,True,0.9257,0.002769,track_b_cont
trackb_cont_PRU_20260610,PRU,2026-06-10,2026-08-09,,,,103.72,call,BULLISH,CONTINUATION,5.0,NEUTRAL,0.0,0,0.0,True,True,True,0.9255,-0.000807,track_b_cont
trackb_cont_WRB_20260610,WRB,2026-06-10,2026-08-09,,,,66.75,call,BULLISH,CONTINUATION,5.0,NEUTRAL,0.0,0,0.0,True,True,True,0.9149,-0.003056,track_b_cont
trackb_cont_RXO_20260610,RXO,2026-06-10,2026-08-09,,,,28.07,call,BULLISH,CONTINUATION,5.0,NEUTRAL,0.0,0,0.0,True,True,True,0.9125,0.006845,track_b_cont
trackb_cont_CPT_20260610,CPT,2026-06-10,2026-08-09,,,,112.97,call,BULLISH,CONTINUATION,5.0,NEUTRAL,0.0,0,0.0,True,True,True,0.9123,0.002492,track_b_cont
trackb_cont_TILE_20260610,TILE,2026-06-10,2026-08-09,,,,30.5,call,BULLISH,CONTINUATION,5.0,NEUTRAL,0.0,0,0.0,True,True,True,0.9118,0.000834,track_b_cont
trackb_cont_CAKE_20260610,CAKE,2026-06-10,2026-08-09,,,,67.22,call,BULLISH,CONTINUATION,5.0,NEUTRAL,0.0,0,0.0,True,True,True,0.9107,0.005238,track_b_cont
trackb_cont_REYN_20260610,REYN,2026-06-10,2026-08-09,,,,22.45,call,BULLISH,CONTINUATION,5.0,NEUTRAL,0.0,0,0.0,True,True,True,0.9068,-5.2e-05,track_b_cont
trackb_cont_FRT_20260610,FRT,2026-06-10,2026-08-09,,,,122.1,call,BULLISH,CONTINUATION,5.0,NEUTRAL,0.0,0,0.0,True,True,True,0.9057,0.0043,track_b_cont
trackb_cont_TOMZ_20260610,TOMZ,2026-06-10,2026-08-09,,,,0.95,call,BULLISH,CONTINUATION,5.0,NEUTRAL,0.0,0,0.0,True,True,True,0.9048,0.000238,track_b_cont
trackb_cont_EWBC_20260610,EWBC,2026-06-10,2026-08-09,,,,126.26,call,BULLISH,CONTINUATION,5.0,NEUTRAL,0.0,0,0.0,True,True,True,0.9029,-0.000283,track_b_cont
trackb_cont_FPH_20260610,FPH,2026-06-10,2026-08-09,,,,5.08,call,BULLISH,CONTINUATION,5.0,NEUTRAL,0.0,0,0.0,True,True,True,0.9027,0.000131,track_b_cont
trackb_cont_BBGI_20260610,BBGI,2026-06-10,2026-08-09,,,,21.08,call,BULLISH,CONTINUATION,5.0,NEUTRAL,0.0,0,0.0,True,True,True,0.8999,0.001914,track_b_cont
trackb_cont_CHRW_20260610,CHRW,2026-06-10,2026-08-09,,,,188.14,call,BULLISH,CONTINUATION,5.0,NEUTRAL,0.0,0,0.0,True,True,True,0.8967,0.009258,track_b_cont
trackb_cont_R_20260610,R,2026-06-10,2026-08-09,,,,270.94,call,BULLISH,CONTINUATION,5.0,NEUTRAL,0.0,0,0.0,True,True,True,0.8962,0.024366,track_b_cont
trackb_cont_YORW_20260610,YORW,2026-06-10,2026-08-09,,,,29.69,call,BULLISH,CONTINUATION,5.0,NEUTRAL,0.0,0,0.0,True,True,True,0.8951,-0.000151,track_b_cont
trackb_cont_ODFL_20260610,ODFL,2026-06-10,2026-08-09,,,,247.01,call,BULLISH,CONTINUATION,5.0,NEUTRAL,0.0,0,0.0,True,True,True,0.8945,0.032671,track_b_cont
trackb_cont_PDM_20260610,PDM,2026-06-10,2026-08-09,,,,8.92,call,BULLISH,CONTINUATION,5.0,NEUTRAL,0.0,0,0.0,True,True,True,0.8926,0.00027,track_b_cont
trackb_cont_FTV_20260610,FTV,2026-06-10,2026-08-09,,,,61.16,call,BULLISH,CONTINUATION,5.0,NEUTRAL,0.0,0,0.0,True,True,True,0.8924,-0.000924,track_b_cont
trackb_cont_CWT_20260610,CWT,2026-06-10,2026-08-09,,,,45.13,call,BULLISH,CONTINUATION,5.0,NEUTRAL,0.0,0,0.0,True,True,True,0.8921,0.000873,track_b_cont
trackb_cont_VRSK_20260610,VRSK,2026-06-10,2026-08-09,,,,178.97,call,BULLISH,CONTINUATION,5.0,NEUTRAL,0.0,0,0.0,True,True,True,0.8921,0.007859,track_b_cont
trackb_cont_IVT_20260610,IVT,2026-06-10,2026-08-09,,,,34.28,call,BULLISH,CONTINUATION,5.0,NEUTRAL,0.0,0,0.0,True,True,True,0.8914,0.001054,track_b_cont
trackb_cont_CVCO_20260610,CVCO,2026-06-10,2026-08-09,,,,562.96,call,BULLISH,CONTINUATION,5.0,NEUTRAL,0.0,0,0.0,True,True,True,0.8908,0.074678,track_b_cont
trackb_cont_ARMK_20260610,ARMK,2026-06-10,2026-08-09,,,,52.82,call,BULLISH,CONTINUATION,5.0,NEUTRAL,0.0,0,0.0,True,True,True,0.8899,0.003804,track_b_cont
trackb_cont_MRP_20260610,MRP,2026-06-10,2026-08-09,,,,28.9,call,BULLISH,CONTINUATION,5.0,NEUTRAL,0.0,0,0.0,True,True,True,0.8855,0.000802,track_b_cont
trackb_cont_EQR_20260610,EQR,2026-06-10,2026-08-09,,,,67.34,call,BULLISH,CONTINUATION,5.0,NEUTRAL,0.0,0,0.0,True,True,True,0.8852,-0.00035,track_b_cont
trackb_cont_DK_20260610,DK,2026-06-10,2026-08-09,,,,48.48,call,BULLISH,CONTINUATION,5.0,NEUTRAL,0.0,0,0.0,True,True,True,0.8852,-0.000789,track_b_cont
trackb_cont_KRG_20260610,KRG,2026-06-10,2026-08-09,,,,27.88,call,BULLISH,CONTINUATION,5.0,NEUTRAL,0.0,0,0.0,True,True,True,0.8846,0.000531,track_b_cont
trackb_cont_BRC_20260610,BRC,2026-06-10,2026-08-09,,,,75.28,call,BULLISH,CONTINUATION,5.0,NEUTRAL,0.0,0,0.0,True,True,True,0.884,0.010706,track_b_cont
trackb_cont_MNST_20260610,MNST,2026-06-10,2026-08-09,,,,88.47,call,BULLISH,CONTINUATION,5.0,NEUTRAL,0.0,0,0.0,True,True,True,0.8782,0.001778,track_b_cont
trackb_cont_KFRC_20260610,KFRC,2026-06-10,2026-08-09,,,,47.89,call,BULLISH,CONTINUATION,5.0,NEUTRAL,0.0,0,0.0,True,True,True,0.8767,0.00516,track_b_cont
trackb_cont_MAN_20260610,MAN,2026-06-10,2026-08-09,,,,32.43,call,BULLISH,CONTINUATION,5.0,NEUTRAL,0.0,0,0.0,True,True,True,0.8758,0.003989,track_b_cont
trackb_cont_SPB_20260610,SPB,2026-06-10,2026-08-09,,,,81.4,call,BULLISH,CONTINUATION,5.0,NEUTRAL,0.0,0,0.0,True,True,True,0.8748,6.9e-05,track_b_cont
trackb_cont_AIZ_20260610,AIZ,2026-06-10,2026-08-09,,,,252.02,call,BULLISH,CONTINUATION,5.0,NEUTRAL,0.0,0,0.0,True,True,True,0.8729,-0.001701,track_b_cont
trackb_cont_NVRI_20260610,NVRI,2026-06-10,2026-08-09,,,,19.88,call,BULLISH,CONTINUATION,5.0,NEUTRAL,0.0,0,0.0,True,True,True,0.8703,0.012333,track_b_cont
trackb_cont_SNA_20260610,SNA,2026-06-10,2026-08-09,,,,380.65,call,BULLISH,CONTINUATION,5.0,NEUTRAL,0.0,0,0.0,True,True,True,0.8658,0.002509,track_b_cont
trackb_cont_MYPS_20260610,MYPS,2026-06-10,2026-08-09,,,,0.592,call,BULLISH,CONTINUATION,5.0,NEUTRAL,0.0,0,0.0,True,True,True,0.8636,6.3e-05,track_b_cont
trackb_cont_MCRI_20260610,MCRI,2026-06-10,2026-08-09,,,,122.65,call,BULLISH,CONTINUATION,5.0,NEUTRAL,0.0,0,0.0,True,True,True,0.8625,0.001062,track_b_cont
trackb_cont_ULCC_20260610,ULCC,2026-06-10,2026-08-09,,,,5.99,call,BULLISH,CONTINUATION,5.0,NEUTRAL,0.0,0,0.0,True,True,True,0.8613,0.001042,track_b_cont
trackb_cont_RS_20260610,RS,2026-06-10,2026-08-09,,,,396.26,call,BULLISH,CONTINUATION,5.0,NEUTRAL,0.0,0,0.0,True,True,True,0.859,0.018179,track_b_cont
trackb_cont_CBZ_20260610,CBZ,2026-06-10,2026-08-09,,,,33.58,call,BULLISH,CONTINUATION,5.0,NEUTRAL,0.0,0,0.0,True,True,True,0.8551,0.002887,track_b_cont
trackb_cont_UHAL_20260610,UHAL,2026-06-10,2026-08-09,,,,59.53,call,BULLISH,CONTINUATION,5.0,NEUTRAL,0.0,0,0.0,True,True,True,0.8537,0.00536,track_b_cont
trackb_cont_GRBK_20260610,GRBK,2026-06-10,2026-08-09,,,,67.94,call,BULLISH,CONTINUATION,5.0,NEUTRAL,0.0,0,0.0,True,True,True,0.8514,0.003397,track_b_cont
trackb_cont_CRS_20260610,CRS,2026-06-10,2026-08-09,,,,499.09,call,BULLISH,CONTINUATION,5.0,NEUTRAL,0.0,0,0.0,True,True,True,0.8497,0.053873,track_b_cont
trackb_cont_KELYA_20260610,KELYA,2026-06-10,2026-08-09,,,,11.88,call,BULLISH,CONTINUATION,5.0,NEUTRAL,0.0,0,0.0,True,True,True,0.8484,0.002029,track_b_cont
trackb_cont_VSTS_20260610,VSTS,2026-06-10,2026-08-09,,,,12.46,call,BULLISH,CONTINUATION,5.0,NEUTRAL,0.0,0,0.0,True,True,True,0.8479,0.001718,track_b_cont
trackb_cont_PAG_20260610,PAG,2026-06-10,2026-08-09,,,,172.49,call,BULLISH,CONTINUATION,5.0,NEUTRAL,0.0,0,0.0,True,True,True,0.8446,0.001673,track_b_cont
trackb_cont_BDN_20260610,BDN,2026-06-10,2026-08-09,,,,3.2,call,BULLISH,CONTINUATION,5.0,NEUTRAL,0.0,0,0.0,True,True,True,0.8438,-1.4e-05,track_b_cont
trackb_cont_UNF_20260610,UNF,2026-06-10,2026-08-09,,,,264.07,call,BULLISH,CONTINUATION,5.0,NEUTRAL,0.0,0,0.0,True,True,True,0.8422,0.003647,track_b_cont
trackb_cont_AFL_20260610,AFL,2026-06-10,2026-08-09,,,,115.24,call,BULLISH,CONTINUATION,5.0,NEUTRAL,0.0,0,0.0,True,True,True,0.8306,-0.003948,track_b_cont
trackb_cont_SN_20260610,SN,2026-06-10,2026-08-09,,,,118.28,call,BULLISH,CONTINUATION,5.0,NEUTRAL,0.0,0,0.0,True,True,True,0.8272,0.01393,track_b_cont
trackb_cont_CACI_20260610,CACI,2026-06-10,2026-08-09,,,,519.14,call,BULLISH,CONTINUATION,5.0,NEUTRAL,0.0,0,0.0,True,True,True,0.8271,0.022937,track_b_cont
trackb_cont_BNY_20260610,BNY,2026-06-10,2026-08-09,,,,141.78,call,BULLISH,CONTINUATION,0.0,NEUTRAL,400115.0,8,0.0,True,True,True,0.8252,0.005743,track_b_cont
trackb_cont_MSM_20260610,MSM,2026-06-10,2026-08-09,,,,115.59,call,BULLISH,CONTINUATION,5.0,NEUTRAL,0.0,0,0.0,True,True,True,0.8231,0.005823,track_b_cont
trackb_cont_OMDA_20260610,OMDA,2026-06-10,2026-08-09,,,,17.88,call,BULLISH,CONTINUATION,5.0,NEUTRAL,0.0,0,0.0,True,True,True,0.8231,0.001593,track_b_cont
trackb_cont_RAL_20260610,RAL,2026-06-10,2026-08-09,,,,61.03,call,BULLISH,CONTINUATION,5.0,NEUTRAL,0.0,0,0.0,True,True,True,0.8223,0.00655,track_b_cont
trackb_cont_EXPD_20260610,EXPD,2026-06-10,2026-08-09,,,,163.44,call,BULLISH,CONTINUATION,5.0,NEUTRAL,0.0,0,0.0,True,True,True,0.8194,0.002128,track_b_cont
trackb_cont_KREF_20260610,KREF,2026-06-10,2026-08-09,,,,6.97,call,BULLISH,CONTINUATION,5.0,NEUTRAL,0.0,0,0.0,True,True,True,0.8191,0.000232,track_b_cont
trackb_cont_EEX_20260610,EEX,2026-06-10,2026-08-09,,,,4.99,call,BULLISH,CONTINUATION,5.0,NEUTRAL,0.0,0,0.0,True,True,True,0.8173,-2.5e-05,track_b_cont
trackb_cont_MTH_20260610,MTH,2026-06-10,2026-08-09,,,,68.24,call,BULLISH,CONTINUATION,5.0,NEUTRAL,0.0,0,0.0,True,True,True,0.8165,0.004138,track_b_cont
trackb_cont_FC_20260610,FC,2026-06-10,2026-08-09,,,,23.97,call,BULLISH,CONTINUATION,5.0,NEUTRAL,0.0,0,0.0,True,True,True,0.8126,0.002557,track_b_cont
trackb_cont_EA_20260610,EA,2026-06-10,2026-08-09,,,,203.2,call,BULLISH,CONTINUATION,5.0,NEUTRAL,0.0,0,0.0,True,True,True,0.806,-0.00321,track_b_cont
trackb_cont_AZTA_20260610,AZTA,2026-06-10,2026-08-09,,,,22.71,call,BULLISH,CONTINUATION,5.0,NEUTRAL,0.0,0,0.0,True,True,True,0.8019,0.005926,track_b_cont
trackb_cont_TALK_20260610,TALK,2026-06-10,2026-08-09,,,,5.21,call,BULLISH,CONTINUATION,5.0,NEUTRAL,0.0,0,0.0,True,True,True,0.8,-0.000103,track_b_cont
trackb_cont_RLI_20260610,RLI,2026-06-10,2026-08-09,,,,52.11,call,BULLISH,CONTINUATION,5.0,NEUTRAL,0.0,0,0.0,True,True,True,0.7982,0.002234,track_b_cont
trackb_cont_FDX_20260610,FDX,2026-06-10,2026-08-09,,,,330.22,call,BULLISH,CONTINUATION,0.0,NEUTRAL,623673.0,6,0.0,True,True,True,0.7978,0.025965,track_b_cont
trackb_cont_PKG_20260610,PKG,2026-06-10,2026-08-09,,,,219.43,call,BULLISH,CONTINUATION,5.0,NEUTRAL,0.0,0,0.0,True,True,True,0.7969,0.000185,track_b_cont
trackb_cont_MPLX_20260610,MPLX,2026-06-10,2026-08-09,,,,56.41,call,BULLISH,CONTINUATION,5.0,NEUTRAL,0.0,0,0.0,True,True,True,0.7938,-0.000222,track_b_cont
trackb_cont_KVUE_20260610,KVUE,2026-06-10,2026-08-09,,,,17.55,call,BULLISH,CONTINUATION,5.0,NEUTRAL,0.0,0,0.0,True,True,True,0.7893,-0.000221,track_b_cont
trackb_cont_BHF_20260610,BHF,2026-06-10,2026-08-09,,,,62.54,call,BULLISH,CONTINUATION,5.0,NEUTRAL,0.0,0,0.0,True,True,True,0.7868,-0.000525,track_b_cont
trackb_cont_BOOT_20260610,BOOT,2026-06-10,2026-08-09,,,,162.2,call,BULLISH,CONTINUATION,5.0,NEUTRAL,0.0,0,0.0,True,True,True,0.7859,0.021469,track_b_cont
trackb_cont_JEF_20260610,JEF,2026-06-10,2026-08-09,,,,57.9,call,BULLISH,CONTINUATION,5.0,NEUTRAL,0.0,0,0.0,True,True,True,0.7859,0.000463,track_b_cont
trackb_cont_NTRS_20260610,NTRS,2026-06-10,2026-08-09,,,,169.11,call,BULLISH,CONTINUATION,5.0,NEUTRAL,0.0,0,0.0,True,True,True,0.7827,0.003837,track_b_cont
trackb_cont_NMAX_20260610,NMAX,2026-06-10,2026-08-09,,,,8.89,call,BULLISH,CONTINUATION,5.0,NEUTRAL,0.0,0,0.0,True,True,True,0.7819,0.002154,track_b_cont
trackb_cont_RPM_20260610,RPM,2026-06-10,2026-08-09,,,,104.61,call,BULLISH,CONTINUATION,5.0,NEUTRAL,0.0,0,0.0,True,True,True,0.7796,0.005894,track_b_cont
trackb_cont_RLGT_20260610,RLGT,2026-06-10,2026-08-09,,,,9.0,call,BULLISH,CONTINUATION,5.0,NEUTRAL,0.0,0,0.0,True,True,True,0.7778,4.9e-05,track_b_cont
trackb_cont_PFGC_20260610,PFGC,2026-06-10,2026-08-09,,,,97.37,call,BULLISH,CONTINUATION,5.0,NEUTRAL,0.0,0,0.0,True,True,True,0.777,-0.000594,track_b_cont
trackb_cont_SAH_20260610,SAH,2026-06-10,2026-08-09,,,,82.69,call,BULLISH,CONTINUATION,5.0,NEUTRAL,0.0,0,0.0,True,True,True,0.7758,0.005561,track_b_cont
trackb_cont_MMI_20260610,MMI,2026-06-10,2026-08-09,,,,30.09,call,BULLISH,CONTINUATION,5.0,NEUTRAL,0.0,0,0.0,True,True,True,0.7755,-0.001093,track_b_cont
trackb_cont_KIM_20260610,KIM,2026-06-10,2026-08-09,,,,24.24,call,BULLISH,CONTINUATION,5.0,NEUTRAL,0.0,0,0.0,True,True,True,0.7692,0.000334,track_b_cont
trackb_cont_LAUR_20260610,LAUR,2026-06-10,2026-08-09,,,,34.16,call,BULLISH,CONTINUATION,5.0,NEUTRAL,0.0,0,0.0,True,True,True,0.766,-0.000238,track_b_cont
trackb_cont_RRR_20260610,RRR,2026-06-10,2026-08-09,,,,58.09,call,BULLISH,CONTINUATION,5.0,NEUTRAL,0.0,0,0.0,True,True,True,0.7659,0.005294,track_b_cont
trackb_cont_FSTR_20260610,FSTR,2026-06-10,2026-08-09,,,,41.76,call,BULLISH,CONTINUATION,5.0,NEUTRAL,0.0,0,0.0,True,True,True,0.7634,0.000138,track_b_cont
trackb_cont_RYN_20260610,RYN,2026-06-10,2026-08-09,,,,20.78,call,BULLISH,CONTINUATION,5.0,NEUTRAL,0.0,0,0.0,True,True,True,0.7622,0.000361,track_b_cont
trackb_cont_ROST_20260610,ROST,2026-06-10,2026-08-09,,,,227.42,call,BULLISH,CONTINUATION,0.0,NEUTRAL,452920.0,4,0.0,True,True,True,0.759,0.01391,track_b_cont
trackb_cont_MASI_20260610,MASI,2026-06-10,2026-08-09,,,,179.94,call,BULLISH,CONTINUATION,5.0,NEUTRAL,0.0,0,0.0,True,True,True,0.7568,-0.00412,track_b_cont
trackb_cont_VVV_20260610,VVV,2026-06-10,2026-08-09,,,,36.18,call,BULLISH,CONTINUATION,5.0,NEUTRAL,0.0,0,0.0,True,True,True,0.7566,0.000349,track_b_cont
trackb_cont_ARE_20260610,ARE,2026-06-10,2026-08-09,,,,50.26,call,BULLISH,CONTINUATION,0.0,NEUTRAL,618057.0,15,0.0,True,True,True,0.7558,0.004253,track_b_cont
trackb_cont_LNTH_20260610,LNTH,2026-06-10,2026-08-09,,,,100.01,call,BULLISH,CONTINUATION,5.0,NEUTRAL,0.0,0,0.0,True,True,True,0.7555,0.005057,track_b_cont
trackb_cont_TBI_20260610,TBI,2026-06-10,2026-08-09,,,,6.66,call,BULLISH,CONTINUATION,5.0,NEUTRAL,0.0,0,0.0,True,True,True,0.7513,0.000871,track_b_cont
trackb_cont_CYRX_20260610,CYRX,2026-06-10,2026-08-09,,,,15.48,call,BULLISH,CONTINUATION,5.0,NEUTRAL,0.0,0,0.0,True,True,True,0.75,0.002389,track_b_cont
trackb_cont_CHEF_20260610,CHEF,2026-06-10,2026-08-09,,,,80.9,call,BULLISH,CONTINUATION,5.0,NEUTRAL,0.0,0,0.0,True,True,True,0.7473,-0.005069,track_b_cont
trackb_cont_SCSC_20260610,SCSC,2026-06-10,2026-08-09,,,,48.15,call,BULLISH,CONTINUATION,5.0,NEUTRAL,0.0,0,0.0,True,True,True,0.7455,0.003035,track_b_cont
trackb_cont_MTUS_20260610,MTUS,2026-06-10,2026-08-09,,,,19.65,call,BULLISH,CONTINUATION,5.0,NEUTRAL,0.0,0,0.0,True,True,True,0.7436,0.001797,track_b_cont
trackb_cont_GCO_20260610,GCO,2026-06-10,2026-08-09,,,,39.21,call,BULLISH,CONTINUATION,5.0,NEUTRAL,0.0,0,0.0,True,True,True,0.7435,0.00608,track_b_cont
trackb_cont_VPG_20260610,VPG,2026-06-10,2026-08-09,,,,119.96,call,BULLISH,CONTINUATION,5.0,NEUTRAL,0.0,0,0.0,True,True,True,0.743,0.046457,track_b_cont
trackb_cont_UVV_20260610,UVV,2026-06-10,2026-08-09,,,,52.75,call,BULLISH,CONTINUATION,5.0,NEUTRAL,0.0,0,0.0,True,True,True,0.7407,-0.001842,track_b_cont
trackb_cont_ALL_20260610,ALL,2026-06-10,2026-08-09,,,,215.02,call,BULLISH,CONTINUATION,5.0,NEUTRAL,0.0,0,0.0,True,True,True,0.7399,-0.012484,track_b_cont
trackb_cont_ARI_20260610,ARI,2026-06-10,2026-08-09,,,,10.83,call,BULLISH,CONTINUATION,5.0,NEUTRAL,0.0,0,0.0,True,True,True,0.7368,-0.000204,track_b_cont
trackb_cont_COLB_20260610,COLB,2026-06-10,2026-08-09,,,,29.68,call,BULLISH,CONTINUATION,5.0,NEUTRAL,0.0,0,0.0,True,True,True,0.7245,-3e-06,track_b_cont
trackb_cont_MCY_20260610,MCY,2026-06-10,2026-08-09,,,,101.04,call,BULLISH,CONTINUATION,5.0,NEUTRAL,0.0,0,0.0,True,True,True,0.7234,-0.00379,track_b_cont
trackb_cont_CHD_20260610,CHD,2026-06-10,2026-08-09,,,,95.35,call,BULLISH,CONTINUATION,5.0,NEUTRAL,0.0,0,0.0,True,True,True,0.7189,1.6e-05,track_b_cont
trackb_cont_GOOD_20260610,GOOD,2026-06-10,2026-08-09,,,,12.53,call,BULLISH,CONTINUATION,5.0,NEUTRAL,0.0,0,0.0,True,True,True,0.7171,-4.7e-05,track_b_cont
trackb_cont_NBIX_20260610,NBIX,2026-06-10,2026-08-09,,,,163.12,call,BULLISH,CONTINUATION,5.0,NEUTRAL,0.0,0,0.0,True,True,True,0.7159,0.00183,track_b_cont
trackb_rev_AVGO_20260610,AVGO,2026-06-10,2026-08-09,,,,396.6,call,BULLISH,SHALLOW,6.07,LEAN BULLISH,68914019.0,91,47.578,False,False,False,0.0013,0.007542,track_b_rev
trackb_rev_RBLX_20260610,RBLX,2026-06-10,2026-08-09,,,,42.3,call,BULLISH,SHALLOW,7.81,BULLISH,1092767.0,32,47.161,False,False,False,0.1993,0.001507,track_b_rev
trackb_rev_RUN_20260610,RUN,2026-06-10,2026-08-09,,,,13.46,call,BULLISH,SHALLOW,7.23,LEAN BULLISH,844618.0,23,42.85,False,False,False,0.1593,0.00105,track_b_rev
trackb_rev_BKNG_20260610,BKNG,2026-06-10,2026-08-09,,,,162.3,call,BULLISH,SHALLOW,6.34,LEAN BULLISH,1059730.0,7,38.2,False,False,False,0.7208,0.006594,track_b_rev
trackb_rev_VST_20260610,VST,2026-06-10,2026-08-09,,,,146.9,call,BULLISH,SHALLOW,5.35,NEUTRAL,5480529.0,37,36.053,False,False,False,0.4634,0.013798,track_b_rev
trackb_rev_PL_20260610,PL,2026-06-10,2026-08-09,,,,32.74,call,BULLISH,SHALLOW,5.66,LEAN BULLISH,738189.0,26,33.214,False,False,False,0.0279,0.005768,track_b_rev
trackb_rev_CELH_20260610,CELH,2026-06-10,2026-08-09,,,,28.0,call,BULLISH,SHALLOW,5.0,NEUTRAL,1073397.0,52,30.154,False,False,False,0.0812,-0.00017,track_b_rev
trackb_rev_MOS_20260610,MOS,2026-06-10,2026-08-09,,,,21.38,call,BULLISH,SHALLOW,5.0,NEUTRAL,429436.0,4,28.165,False,False,False,0.374,0.001098,track_b_rev
trackb_rev_CAR_20260610,CAR,2026-06-10,2026-08-09,,,,179.1,call,BULLISH,SHALLOW,5.0,NEUTRAL,310100.0,14,27.457,False,True,False,0.8894,0.02549,track_b_rev
trackb_rev_FLY_20260610,FLY,2026-06-10,2026-08-09,,,,36.18,call,BULLISH,SHALLOW,5.0,NEUTRAL,304632.0,10,27.419,False,True,False,0.1131,0.007537,track_b_rev
trackb_rev_GAP_20260610,GAP,2026-06-10,2026-08-09,,,,21.29,call,BULLISH,SHALLOW,5.0,NEUTRAL,131208.0,6,25.59,False,False,False,0.2865,0.000289,track_b_rev
trackb_rev_ALGN_20260610,ALGN,2026-06-10,2026-08-09,,,,172.05,call,BULLISH,SHALLOW,5.0,NEUTRAL,105525.0,3,25.117,False,True,False,0.6196,0.002432,track_b_rev
trackb_rev_TGT_20260610,TGT,2026-06-10,2026-08-09,,,,123.97,call,BULLISH,SHALLOW,4.17,NEUTRAL,803806.0,9,24.625,False,False,False,0.4102,0.000659,track_b_rev
trackb_rev_AREC_20260610,AREC,2026-06-10,2026-08-09,,,,2.155,call,BULLISH,SHALLOW,5.0,NEUTRAL,58505.0,3,23.836,False,False,False,0.2198,0.000107,track_b_rev
trackb_rev_PRIM_20260610,PRIM,2026-06-10,2026-08-09,,,,122.82,call,BULLISH,SHALLOW,5.0,NEUTRAL,46409.0,2,23.333,False,True,False,0.569,0.017167,track_b_rev
trackb_rev_ORBS_20260610,ORBS,2026-06-10,2026-08-09,,,,0.873,call,BULLISH,SHALLOW,5.0,NEUTRAL,43250.0,3,23.18,False,True,False,0.299,0.000118,track_b_rev
trackb_rev_PLNT_20260610,PLNT,2026-06-10,2026-08-09,,,,50.73,call,BULLISH,SHALLOW,5.0,NEUTRAL,38891.0,1,22.949,False,True,False,0.6785,0.002017,track_b_rev
trackb_rev_CAL_20260610,CAL,2026-06-10,2026-08-09,,,,13.63,call,BULLISH,SHALLOW,5.0,NEUTRAL,37040.0,3,22.843,False,False,False,0.3986,0.002742,track_b_rev
trackb_rev_WGS_20260610,WGS,2026-06-10,2026-08-09,,,,51.8,call,BULLISH,SHALLOW,5.0,NEUTRAL,35406.0,2,22.745,False,True,False,0.7477,0.012987,track_b_rev
trackb_rev_ADTN_20260610,ADTN,2026-06-10,2026-08-09,,,,16.02,call,BULLISH,SHALLOW,5.0,NEUTRAL,31748.0,1,22.509,False,True,False,0.2126,0.002444,track_b_rev
trackb_rev_FLS_20260610,FLS,2026-06-10,2026-08-09,,,,74.86,call,BULLISH,SHALLOW,5.0,NEUTRAL,28650.0,1,22.286,False,True,False,0.7572,0.006493,track_b_rev
trackb_rev_J_20260610,J,2026-06-10,2026-08-09,,,,119.96,call,BULLISH,SHALLOW,5.0,NEUTRAL,20230.0,1,21.53,False,True,False,0.8661,0.004778,track_b_rev
trackb_rev_EMN_20260610,EMN,2026-06-10,2026-08-09,,,,71.67,call,BULLISH,SHALLOW,5.0,NEUTRAL,14080.0,1,20.743,False,False,False,0.4323,0.001438,track_b_rev
trackb_rev_PHM_20260610,PHM,2026-06-10,2026-08-09,,,,117.71,call,BULLISH,SHALLOW,5.0,NEUTRAL,12838.0,1,20.543,False,True,False,0.7109,0.00235,track_b_rev
trackb_rev_NKE_20260610,NKE,2026-06-10,2026-08-09,,,,43.23,call,BULLISH,SHALLOW,2.93,NEUTRAL,1200182.0,11,17.812,False,False,False,0.2611,0.002045,track_b_rev
trackb_rev_W_20260610,W,2026-06-10,2026-08-09,,,,67.15,call,BULLISH,SHALLOW,2.14,NEUTRAL,1817446.0,21,13.395,False,True,False,0.6043,0.011303,track_b_rev
trackb_rev_BKSY_20260610,BKSY,2026-06-10,2026-08-09,,,,34.28,call,BULLISH,SHALLOW,1.59,NEUTRAL,188632.0,4,8.388,False,True,False,0.0904,0.003824,track_b_rev
trackb_rev_MP_20260610,MP,2026-06-10,2026-08-09,,,,57.58,call,BULLISH,SHALLOW,1.03,NEUTRAL,1019565.0,19,6.189,False,False,False,0.2415,0.003762,track_b_rev
trackb_rev_IPGP_20260610,IPGP,2026-06-10,2026-08-09,,,,111.27,call,BULLISH,SHALLOW,5.0,NEUTRAL,0.0,0,0.0,False,True,False,0.253,0.011897,track_b_rev
trackb_rev_HOV_20260610,HOV,2026-06-10,2026-08-09,,,,108.01,call,BULLISH,SHALLOW,5.0,NEUTRAL,0.0,0,0.0,False,True,False,0.6664,0.009613,track_b_rev
trackb_rev_BMI_20260610,BMI,2026-06-10,2026-08-09,,,,130.34,call,BULLISH,SHALLOW,5.0,NEUTRAL,0.0,0,0.0,False,True,False,0.7642,0.008532,track_b_rev
trackb_rev_COR_20260610,COR,2026-06-10,2026-08-09,,,,274.08,call,BULLISH,SHALLOW,5.0,NEUTRAL,0.0,0,0.0,False,True,False,0.8882,0.005333,track_b_rev
trackb_rev_SPIR_20260610,SPIR,2026-06-10,2026-08-09,,,,17.02,call,BULLISH,SHALLOW,5.0,NEUTRAL,0.0,0,0.0,False,True,False,0.0987,0.00347,track_b_rev
trackb_rev_CTRN_20260610,CTRN,2026-06-10,2026-08-09,,,,43.6,call,BULLISH,SHALLOW,5.0,NEUTRAL,0.0,0,0.0,False,False,False,0.3841,0.003441,track_b_rev
trackb_rev_CHH_20260610,CHH,2026-06-10,2026-08-09,,,,105.42,call,BULLISH,SHALLOW,5.0,NEUTRAL,0.0,0,0.0,False,True,False,0.4138,0.003359,track_b_rev
trackb_rev_TMDX_20260610,TMDX,2026-06-10,2026-08-09,,,,71.14,call,BULLISH,SHALLOW,0.0,NEUTRAL,326920.0,3,0.0,False,False,False,0.6755,0.0024,track_b_rev
trackb_rev_CCS_20260610,CCS,2026-06-10,2026-08-09,,,,55.37,call,BULLISH,SHALLOW,5.0,NEUTRAL,0.0,0,0.0,False,True,False,0.8732,0.001995,track_b_rev
trackb_rev_IPAR_20260610,IPAR,2026-06-10,2026-08-09,,,,92.39,call,BULLISH,SHALLOW,5.0,NEUTRAL,0.0,0,0.0,False,False,False,0.4965,0.00158,track_b_rev
trackb_rev_VITL_20260610,VITL,2026-06-10,2026-08-09,,,,10.06,call,BULLISH,SHALLOW,5.0,NEUTRAL,0.0,0,0.0,False,True,False,0.7887,0.001408,track_b_rev
trackb_rev_GMED_20260610,GMED,2026-06-10,2026-08-09,,,,78.3,call,BULLISH,SHALLOW,5.0,NEUTRAL,0.0,0,0.0,False,False,False,0.4774,0.001363,track_b_rev
trackb_rev_FUL_20260610,FUL,2026-06-10,2026-08-09,,,,60.03,call,BULLISH,SHALLOW,5.0,NEUTRAL,0.0,0,0.0,False,False,False,0.4544,0.001256,track_b_rev
trackb_rev_WWW_20260610,WWW,2026-06-10,2026-08-09,,,,16.8,call,BULLISH,SHALLOW,5.0,NEUTRAL,0.0,0,0.0,False,False,False,0.4471,0.001216,track_b_rev
trackb_rev_ETD_20260610,ETD,2026-06-10,2026-08-09,,,,20.69,call,BULLISH,SHALLOW,5.0,NEUTRAL,0.0,0,0.0,False,True,False,0.8047,0.001201,track_b_rev
trackb_rev_WNC_20260610,WNC,2026-06-10,2026-08-09,,,,7.76,call,BULLISH,SHALLOW,5.0,NEUTRAL,0.0,0,0.0,False,False,False,0.388,0.000924,track_b_rev
trackb_rev_ITRI_20260610,ITRI,2026-06-10,2026-08-09,,,,81.8,call,BULLISH,SHALLOW,5.0,NEUTRAL,0.0,0,0.0,False,False,False,0.2556,0.000918,track_b_rev
trackb_rev_HROW_20260610,HROW,2026-06-10,2026-08-09,,,,33.1,call,BULLISH,SHALLOW,5.0,NEUTRAL,0.0,0,0.0,False,False,False,0.4115,0.000741,track_b_rev
trackb_rev_STEM_20260610,STEM,2026-06-10,2026-08-09,,,,7.78,call,BULLISH,SHALLOW,5.0,NEUTRAL,0.0,0,0.0,False,False,False,0.0319,0.000669,track_b_rev
trackb_rev_STGW_20260610,STGW,2026-06-10,2026-08-09,,,,6.44,call,BULLISH,SHALLOW,5.0,NEUTRAL,0.0,0,0.0,False,True,False,0.3918,0.000661,track_b_rev
trackb_rev_BAER_20260610,BAER,2026-06-10,2026-08-09,,,,1.92,call,BULLISH,SHALLOW,5.0,NEUTRAL,0.0,0,0.0,False,True,False,0.2653,0.000508,track_b_rev
trackb_rev_RVLV_20260610,RVLV,2026-06-10,2026-08-09,,,,19.54,call,BULLISH,SHALLOW,5.0,NEUTRAL,0.0,0,0.0,False,False,False,0.3566,0.000355,track_b_rev
trackb_rev_GOLF_20260610,GOLF,2026-06-10,2026-08-09,,,,90.52,call,BULLISH,SHALLOW,5.0,NEUTRAL,0.0,0,0.0,False,True,False,0.6155,0.000336,track_b_rev
trackb_rev_ROCK_20260610,ROCK,2026-06-10,2026-08-09,,,,38.39,call,BULLISH,SHALLOW,5.0,NEUTRAL,0.0,0,0.0,False,False,False,0.4627,0.000311,track_b_rev
trackb_rev_CWH_20260610,CWH,2026-06-10,2026-08-09,,,,6.83,call,BULLISH,SHALLOW,5.0,NEUTRAL,0.0,0,0.0,False,False,False,0.0452,0.000307,track_b_rev
trackb_rev_ALM_20260610,ALM,2026-06-10,2026-08-09,,,,16.45,call,BULLISH,SHALLOW,0.0,NEUTRAL,225261.0,6,0.0,False,False,False,0.0212,0.000291,track_b_rev
trackb_rev_CMCO_20260610,CMCO,2026-06-10,2026-08-09,,,,12.46,call,BULLISH,SHALLOW,5.0,NEUTRAL,0.0,0,0.0,False,False,False,0.0166,0.00013,track_b_rev
trackb_rev_DRVN_20260610,DRVN,2026-06-10,2026-08-09,,,,13.47,call,BULLISH,SHALLOW,5.0,NEUTRAL,0.0,0,0.0,False,False,False,0.2615,0.000121,track_b_rev
trackb_rev_OPAL_20260610,OPAL,2026-06-10,2026-08-09,,,,2.135,call,BULLISH,SHALLOW,5.0,NEUTRAL,0.0,0,0.0,False,False,False,0.4412,0.000115,track_b_rev
trackb_rev_UAA_20260610,UAA,2026-06-10,2026-08-09,,,,5.67,call,BULLISH,SHALLOW,5.0,NEUTRAL,0.0,0,0.0,False,False,False,0.436,0.000106,track_b_rev
trackb_rev_AIRE_20260610,AIRE,2026-06-10,2026-08-09,,,,2.11,call,BULLISH,SHALLOW,5.0,NEUTRAL,0.0,0,0.0,False,False,False,0.2562,0.000102,track_b_rev
trackb_rev_HNST_20260610,HNST,2026-06-10,2026-08-09,,,,3.37,call,BULLISH,SHALLOW,5.0,NEUTRAL,0.0,0,0.0,False,False,False,0.2375,7.8e-05,track_b_rev
trackb_rev_MIRA_20260610,MIRA,2026-06-10,2026-08-09,,,,1.0,call,BULLISH,SHALLOW,5.0,NEUTRAL,0.0,0,0.0,False,True,False,0.2754,5.9e-05,track_b_rev
trackb_rev_RIME_20260610,RIME,2026-06-10,2026-08-09,,,,0.68,call,BULLISH,SHALLOW,5.0,NEUTRAL,0.0,0,0.0,False,False,False,0.3095,5.2e-05,track_b_rev
trackb_rev_BBUC_20260610,BBUC,2026-06-10,2026-08-09,,,,31.78,call,BULLISH,SHALLOW,5.0,NEUTRAL,0.0,0,0.0,False,False,False,0.6465,4e-05,track_b_rev
trackb_rev_SKIN_20260610,SKIN,2026-06-10,2026-08-09,,,,0.634,call,BULLISH,SHALLOW,5.0,NEUTRAL,0.0,0,0.0,False,False,False,0.1733,3.6e-05,track_b_rev
trackb_rev_IVDA_20260610,IVDA,2026-06-10,2026-08-09,,,,0.29,call,BULLISH,SHALLOW,5.0,NEUTRAL,0.0,0,0.0,False,False,False,0.1429,2.8e-05,track_b_rev
trackb_rev_EVLV_20260610,EVLV,2026-06-10,2026-08-09,,,,5.82,call,BULLISH,SHALLOW,5.0,NEUTRAL,0.0,0,0.0,False,False,False,0.2903,1.5e-05,track_b_rev
trackb_rev_IAUX_20260610,IAUX,2026-06-10,2026-08-09,,,,1.4,call,BULLISH,SHALLOW,5.0,NEUTRAL,0.0,0,0.0,False,False,False,0.0435,1.3e-05,track_b_rev
trackb_rev_BOXL_20260610,BOXL,2026-06-10,2026-08-09,,,,0.699,call,BULLISH,SHALLOW,5.0,NEUTRAL,0.0,0,0.0,False,False,False,0.0489,1.2e-05,track_b_rev
trackb_rev_PAL_20260610,PAL,2026-06-10,2026-08-09,,,,7.16,call,BULLISH,SHALLOW,5.0,NEUTRAL,0.0,0,0.0,False,False,False,0.7,6e-06,track_b_rev
trackb_rev_EEIQ_20260610,EEIQ,2026-06-10,2026-08-09,,,,3.55,call,BULLISH,SHALLOW,5.0,NEUTRAL,0.0,0,0.0,False,True,False,0.3497,1e-06,track_b_rev
trackb_rev_ALBT_20260610,ALBT,2026-06-10,2026-08-09,,,,0.341,call,BULLISH,SHALLOW,5.0,NEUTRAL,0.0,0,0.0,False,False,False,0.7,-1e-06,track_b_rev
trackb_rev_NLOP_20260610,NLOP,2026-06-10,2026-08-09,,,,11.9,call,BULLISH,SHALLOW,5.0,NEUTRAL,0.0,0,0.0,False,False,False,0.3901,-1.2e-05,track_b_rev
trackb_rev_USLM_20260610,USLM,2026-06-10,2026-08-09,,,,105.67,call,BULLISH,SHALLOW,5.0,NEUTRAL,0.0,0,0.0,False,False,False,0.2825,-1.9e-05,track_b_rev
trackb_rev_CURI_20260610,CURI,2026-06-10,2026-08-09,,,,2.84,call,BULLISH,SHALLOW,5.0,NEUTRAL,0.0,0,0.0,False,False,False,0.4481,-2.9e-05,track_b_rev
trackb_rev_EU_20260610,EU,2026-06-10,2026-08-09,,,,1.35,call,BULLISH,SHALLOW,5.0,NEUTRAL,0.0,0,0.0,False,False,False,0.0741,-5.7e-05,track_b_rev
trackb_rev_QNST_20260610,QNST,2026-06-10,2026-08-09,,,,11.86,call,BULLISH,SHALLOW,5.0,NEUTRAL,0.0,0,0.0,False,False,False,0.4078,-6.3e-05,track_b_rev
trackb_rev_GT_20260610,GT,2026-06-10,2026-08-09,,,,5.8,call,BULLISH,SHALLOW,5.0,NEUTRAL,0.0,0,0.0,False,False,False,0.1905,-0.000128,track_b_rev
trackb_rev_NTGR_20260610,NTGR,2026-06-10,2026-08-09,,,,25.2,call,BULLISH,SHALLOW,5.0,NEUTRAL,0.0,0,0.0,False,False,False,0.0847,-0.000146,track_b_rev
trackb_rev_EPC_20260610,EPC,2026-06-10,2026-08-09,,,,20.28,call,BULLISH,SHALLOW,5.0,NEUTRAL,0.0,0,0.0,False,False,False,0.6743,-0.000336,track_b_rev
trackb_rev_FRPT_20260610,FRPT,2026-06-10,2026-08-09,,,,51.4,call,BULLISH,SHALLOW,5.0,NEUTRAL,0.0,0,0.0,False,False,False,0.3485,-0.000361,track_b_rev
trackb_cont_UNH_20260611,UNH,2026-06-11,2026-08-10,,,,407.46,call,BULLISH,CONTINUATION,9.84,BULLISH,11035168.0,53,69.301,True,True,True,1.0,-0.01181,track_b_cont
trackb_cont_WFC_20260611,WFC,2026-06-11,2026-08-10,,,,81.97,call,BULLISH,CONTINUATION,10.0,BULLISH,3483103.0,14,65.42,True,True,True,0.9427,0.004085,track_b_cont
trackb_cont_APH_20260611,APH,2026-06-11,2026-08-10,,,,149.22,call,BULLISH,CONTINUATION,10.0,BULLISH,1735224.0,12,62.394,True,True,True,0.977,0.024847,track_b_cont
trackb_cont_RGEN_20260611,RGEN,2026-06-11,2026-08-10,,,,130.76,call,BULLISH,CONTINUATION,9.87,BULLISH,1726762.0,5,61.562,True,True,True,0.9322,0.014934,track_b_cont
trackb_cont_CSX_20260611,CSX,2026-06-11,2026-08-10,,,,46.41,call,BULLISH,CONTINUATION,10.0,BULLISH,1404537.0,3,61.475,True,True,True,0.9219,0.000149,track_b_cont
trackb_cont_HIMS_20260611,HIMS,2026-06-11,2026-08-10,,,,27.78,call,BULLISH,CONTINUATION,9.11,BULLISH,4932188.0,100,60.974,True,True,True,0.8987,0.002903,track_b_cont
trackb_cont_GEO_20260611,GEO,2026-06-11,2026-08-10,,,,28.14,call,BULLISH,CONTINUATION,10.0,BULLISH,806934.0,10,59.068,True,True,True,0.9762,0.001481,track_b_cont
trackb_cont_GM_20260611,GM,2026-06-11,2026-08-10,,,,79.4,call,BULLISH,CONTINUATION,8.74,BULLISH,3638665.0,19,57.343,True,True,True,0.9031,0.007656,track_b_cont
trackb_cont_TDG_20260611,TDG,2026-06-11,2026-08-10,,,,1212.36,call,BULLISH,CONTINUATION,10.0,BULLISH,354837.0,2,55.5,True,True,True,0.804,0.033908,track_b_cont
trackb_cont_AMC_20260611,AMC,2026-06-11,2026-08-10,,,,2.08,call,BULLISH,CONTINUATION,10.0,BULLISH,248472.0,11,53.953,True,True,True,0.7143,0.000544,track_b_cont
trackb_cont_NWL_20260611,NWL,2026-06-11,2026-08-10,,,,4.48,call,BULLISH,CONTINUATION,10.0,BULLISH,158562.0,5,52.002,True,True,True,0.8705,-0.000184,track_b_cont
trackb_cont_TRIP_20260611,TRIP,2026-06-11,2026-08-10,,,,11.57,call,BULLISH,CONTINUATION,10.0,BULLISH,110562.0,6,50.436,True,True,True,0.8818,0.0023,track_b_cont
trackb_cont_ATI_20260611,ATI,2026-06-11,2026-08-10,,,,183.37,call,BULLISH,CONTINUATION,8.36,BULLISH,675048.0,9,48.733,True,True,True,0.9407,0.022172,track_b_cont
trackb_cont_BROS_20260611,BROS,2026-06-11,2026-08-10,,,,60.28,call,BULLISH,CONTINUATION,7.89,BULLISH,739330.0,9,46.305,True,True,True,0.8926,0.005513,track_b_cont
trackb_cont_C_20260611,C,2026-06-11,2026-08-10,,,,133.38,call,BULLISH,CONTINUATION,6.08,LEAN BULLISH,5026250.0,31,40.744,True,True,True,0.9258,0.004674,track_b_cont
trackb_cont_BWA_20260611,BWA,2026-06-11,2026-08-10,,,,71.29,call,BULLISH,CONTINUATION,6.69,LEAN BULLISH,703109.0,9,39.117,True,True,True,0.7102,0.010993,track_b_cont
trackb_cont_LQDA_20260611,LQDA,2026-06-11,2026-08-10,,,,65.25,call,BULLISH,CONTINUATION,7.13,LEAN BULLISH,264140.0,10,38.658,True,True,True,0.8309,0.001472,track_b_cont
trackb_cont_DLTR_20260611,DLTR,2026-06-11,2026-08-10,,,,110.32,call,BULLISH,CONTINUATION,7.07,LEAN BULLISH,279081.0,7,38.501,True,True,True,0.8474,0.022108,track_b_cont
trackb_cont_PNC_20260611,PNC,2026-06-11,2026-08-10,,,,232.64,call,BULLISH,CONTINUATION,6.07,LEAN BULLISH,597636.0,6,35.063,True,True,True,0.9677,0.005591,track_b_cont
trackb_cont_RH_20260611,RH,2026-06-11,2026-08-10,,,,148.69,call,BULLISH,CONTINUATION,5.6,LEAN BULLISH,732019.0,24,32.841,True,True,True,0.8071,0.023644,track_b_cont
trackb_cont_BAC_20260611,BAC,2026-06-11,2026-08-10,,,,54.54,call,BULLISH,CONTINUATION,4.66,NEUTRAL,8242518.0,44,32.229,True,True,True,0.9624,0.001222,track_b_cont
trackb_cont_NUE_20260611,NUE,2026-06-11,2026-08-10,,,,250.49,call,BULLISH,CONTINUATION,5.09,NEUTRAL,777981.0,4,29.985,True,True,True,0.7709,0.027339,track_b_cont
trackb_cont_GO_20260611,GO,2026-06-11,2026-08-10,,,,9.24,call,BULLISH,CONTINUATION,5.0,NEUTRAL,797480.0,1,29.509,True,True,True,0.7415,0.000662,track_b_cont
trackb_cont_LUV_20260611,LUV,2026-06-11,2026-08-10,,,,41.4,call,BULLISH,CONTINUATION,5.0,NEUTRAL,620370.0,13,28.963,True,True,True,0.8239,0.002843,track_b_cont
trackb_cont_ARES_20260611,ARES,2026-06-11,2026-08-10,,,,128.31,call,BULLISH,CONTINUATION,5.0,NEUTRAL,558220.0,7,28.734,True,True,True,0.9001,0.001561,track_b_cont
trackb_cont_WYNN_20260611,WYNN,2026-06-11,2026-08-10,,,,105.26,call,BULLISH,CONTINUATION,5.0,NEUTRAL,508313.0,17,28.531,True,True,True,0.8367,0.007259,track_b_cont
trackb_cont_FLUT_20260611,FLUT,2026-06-11,2026-08-10,,,,112.94,call,BULLISH,CONTINUATION,5.0,NEUTRAL,424895.0,14,28.141,True,True,True,0.9471,0.004869,track_b_cont
trackb_cont_UNM_20260611,UNM,2026-06-11,2026-08-10,,,,90.68,call,BULLISH,CONTINUATION,5.0,NEUTRAL,405184.0,8,28.038,True,True,True,0.8962,0.000965,track_b_cont
trackb_cont_CLOV_20260611,CLOV,2026-06-11,2026-08-10,,,,4.89,call,BULLISH,CONTINUATION,5.0,NEUTRAL,374594.0,13,27.868,True,True,True,0.879,0.0005,track_b_cont
trackb_cont_CXW_20260611,CXW,2026-06-11,2026-08-10,,,,26.45,call,BULLISH,CONTINUATION,5.0,NEUTRAL,264457.0,3,27.112,True,True,True,0.9639,0.001627,track_b_cont
trackb_cont_HRI_20260611,HRI,2026-06-11,2026-08-10,,,,141.38,call,BULLISH,CONTINUATION,5.0,NEUTRAL,262572.0,5,27.096,True,True,True,0.9687,0.000453,track_b_cont
trackb_cont_ABBV_20260611,ABBV,2026-06-11,2026-08-10,,,,224.95,call,BULLISH,CONTINUATION,5.0,NEUTRAL,249220.0,2,26.983,True,True,True,0.8127,0.006687,track_b_cont
trackb_cont_LEN_20260611,LEN,2026-06-11,2026-08-10,,,,89.85,call,BULLISH,CONTINUATION,5.0,NEUTRAL,199799.0,8,26.503,True,True,True,0.8734,0.004305,track_b_cont
trackb_cont_NTRA_20260611,NTRA,2026-06-11,2026-08-10,,,,216.5,call,BULLISH,CONTINUATION,5.0,NEUTRAL,165409.0,1,26.093,True,True,True,0.8821,0.018022,track_b_cont
trackb_cont_INCY_20260611,INCY,2026-06-11,2026-08-10,,,,105.39,call,BULLISH,CONTINUATION,5.0,NEUTRAL,162661.0,5,26.056,True,True,True,0.7787,-0.001042,track_b_cont
trackb_cont_BBY_20260611,BBY,2026-06-11,2026-08-10,,,,75.64,call,BULLISH,CONTINUATION,5.0,NEUTRAL,158577.0,4,26.001,True,True,True,0.8667,0.017572,track_b_cont
trackb_cont_HPP_20260611,HPP,2026-06-11,2026-08-10,,,,15.06,call,BULLISH,CONTINUATION,5.0,NEUTRAL,132000.0,1,25.603,True,True,True,0.9789,0.002408,track_b_cont
trackb_cont_FITB_20260611,FITB,2026-06-11,2026-08-10,,,,52.65,call,BULLISH,CONTINUATION,5.0,NEUTRAL,125084.0,6,25.486,True,True,True,0.9351,0.001922,track_b_cont
trackb_cont_CIA_20260611,CIA,2026-06-11,2026-08-10,,,,5.38,call,BULLISH,CONTINUATION,5.0,NEUTRAL,123772.0,2,25.463,True,True,True,0.8961,0.000119,track_b_cont
trackb_cont_KMX_20260611,KMX,2026-06-11,2026-08-10,,,,48.5,call,BULLISH,CONTINUATION,5.0,NEUTRAL,118239.0,6,25.364,True,True,True,0.9004,0.009083,track_b_cont
trackb_cont_CI_20260611,CI,2026-06-11,2026-08-10,,,,295.81,call,BULLISH,CONTINUATION,5.0,NEUTRAL,116205.0,1,25.326,True,True,True,0.7468,-0.017848,track_b_cont
trackb_cont_NNN_20260611,NNN,2026-06-11,2026-08-10,,,,46.3,call,BULLISH,CONTINUATION,5.0,NEUTRAL,108070.0,2,25.169,True,True,True,0.9205,-0.001065,track_b_cont
trackb_cont_NCLH_20260611,NCLH,2026-06-11,2026-08-10,,,,17.92,call,BULLISH,CONTINUATION,5.0,NEUTRAL,100886.0,5,25.019,True,True,True,0.8946,0.002981,track_b_cont
trackb_cont_PENN_20260611,PENN,2026-06-11,2026-08-10,,,,21.45,call,BULLISH,CONTINUATION,5.0,NEUTRAL,96520.0,3,24.923,True,True,True,0.9488,0.004058,track_b_cont
trackb_cont_SYY_20260611,SYY,2026-06-11,2026-08-10,,,,78.54,call,BULLISH,CONTINUATION,5.0,NEUTRAL,96067.0,2,24.913,True,True,True,0.899,-0.000227,track_b_cont
trackb_cont_ETSY_20260611,ETSY,2026-06-11,2026-08-10,,,,68.73,call,BULLISH,CONTINUATION,5.0,NEUTRAL,94527.0,6,24.878,True,True,True,0.8678,0.009588,track_b_cont
trackb_cont_KDP_20260611,KDP,2026-06-11,2026-08-10,,,,31.7,call,BULLISH,CONTINUATION,5.0,NEUTRAL,92293.0,5,24.826,True,True,True,0.9639,0.001099,track_b_cont
trackb_cont_JEF_20260611,JEF,2026-06-11,2026-08-10,,,,57.9,call,BULLISH,CONTINUATION,5.0,NEUTRAL,87975.0,1,24.722,True,True,True,0.9074,0.001969,track_b_cont
trackb_cont_PLD_20260611,PLD,2026-06-11,2026-08-10,,,,145.77,call,BULLISH,CONTINUATION,5.0,NEUTRAL,72900.0,1,24.314,True,True,True,0.9304,-0.003388,track_b_cont
trackb_cont_ELV_20260611,ELV,2026-06-11,2026-08-10,,,,404.56,call,BULLISH,CONTINUATION,4.14,NEUTRAL,688997.0,5,24.17,True,True,True,0.9566,0.001218,track_b_cont
trackb_cont_IP_20260611,IP,2026-06-11,2026-08-10,,,,31.85,call,BULLISH,CONTINUATION,5.0,NEUTRAL,65220.0,2,24.072,True,True,True,0.9222,0.00241,track_b_cont
trackb_cont_AJG_20260611,AJG,2026-06-11,2026-08-10,,,,220.14,call,BULLISH,CONTINUATION,5.0,NEUTRAL,56060.0,1,23.743,True,True,True,0.9141,0.003452,track_b_cont
trackb_cont_DGX_20260611,DGX,2026-06-11,2026-08-10,,,,203.78,call,BULLISH,CONTINUATION,5.0,NEUTRAL,55832.0,2,23.735,True,True,True,0.9832,0.002165,track_b_cont
trackb_cont_IIPR_20260611,IIPR,2026-06-11,2026-08-10,,,,58.16,call,BULLISH,CONTINUATION,5.0,NEUTRAL,54800.0,3,23.694,True,True,True,0.8992,0.002277,track_b_cont
trackb_cont_MNST_20260611,MNST,2026-06-11,2026-08-10,,,,91.21,call,BULLISH,CONTINUATION,5.0,NEUTRAL,50750.0,1,23.527,True,True,True,0.9401,0.000708,track_b_cont
trackb_cont_KNX_20260611,KNX,2026-06-11,2026-08-10,,,,79.25,call,BULLISH,CONTINUATION,5.0,NEUTRAL,49500.0,1,23.473,True,True,True,0.9095,0.01271,track_b_cont
trackb_cont_CZR_20260611,CZR,2026-06-11,2026-08-10,,,,29.47,call,BULLISH,CONTINUATION,5.0,NEUTRAL,43785.0,2,23.207,True,True,True,0.9884,0.001632,track_b_cont
trackb_cont_ICUI_20260611,ICUI,2026-06-11,2026-08-10,,,,139.83,call,BULLISH,CONTINUATION,5.0,NEUTRAL,42000.0,1,23.116,True,True,True,0.9851,0.010514,track_b_cont
trackb_cont_PRU_20260611,PRU,2026-06-11,2026-08-10,,,,105.17,call,BULLISH,CONTINUATION,5.0,NEUTRAL,40563.0,1,23.041,True,True,True,0.7759,-0.002383,track_b_cont
trackb_cont_J_20260611,J,2026-06-11,2026-08-10,,,,121.76,call,BULLISH,CONTINUATION,5.0,NEUTRAL,40070.0,2,23.014,True,True,True,0.98,0.008103,track_b_cont
trackb_cont_BAX_20260611,BAX,2026-06-11,2026-08-10,,,,20.31,call,BULLISH,CONTINUATION,5.0,NEUTRAL,40022.0,2,23.012,True,True,True,0.9578,0.00087,track_b_cont
trackb_cont_MATX_20260611,MATX,2026-06-11,2026-08-10,,,,193.43,call,BULLISH,CONTINUATION,5.0,NEUTRAL,38000.0,1,22.899,True,True,True,0.8464,0.001337,track_b_cont
trackb_cont_HBAN_20260611,HBAN,2026-06-11,2026-08-10,,,,16.84,call,BULLISH,CONTINUATION,5.0,NEUTRAL,26280.0,1,22.098,True,True,True,0.8639,0.000409,track_b_cont
trackb_cont_W_20260611,W,2026-06-11,2026-08-10,,,,68.67,call,BULLISH,CONTINUATION,3.83,NEUTRAL,513628.0,15,21.872,True,True,True,0.746,0.010975,track_b_cont
trackb_cont_FUN_20260611,FUN,2026-06-11,2026-08-10,,,,23.14,call,BULLISH,CONTINUATION,5.0,NEUTRAL,20881.0,1,21.599,True,True,True,0.8615,0.001032,track_b_cont
trackb_cont_LII_20260611,LII,2026-06-11,2026-08-10,,,,504.8,call,BULLISH,CONTINUATION,5.0,NEUTRAL,17750.0,1,21.246,True,True,True,0.8036,0.000934,track_b_cont
trackb_cont_IEX_20260611,IEX,2026-06-11,2026-08-10,,,,214.5,call,BULLISH,CONTINUATION,5.0,NEUTRAL,13020.0,1,20.573,True,True,True,0.9162,0.000947,track_b_cont
trackb_cont_RAL_20260611,RAL,2026-06-11,2026-08-10,,,,62.45,call,BULLISH,CONTINUATION,5.0,NEUTRAL,12685.0,1,20.517,True,True,True,0.9562,0.002746,track_b_cont
trackb_cont_CNM_20260611,CNM,2026-06-11,2026-08-10,,,,49.44,call,BULLISH,CONTINUATION,5.0,NEUTRAL,12271.0,1,20.445,True,True,True,0.9352,0.003727,track_b_cont
trackb_cont_TREX_20260611,TREX,2026-06-11,2026-08-10,,,,42.79,call,BULLISH,CONTINUATION,5.0,NEUTRAL,10000.0,1,20.0,True,True,True,0.9787,0.003236,track_b_cont
trackb_cont_DHI_20260611,DHI,2026-06-11,2026-08-10,,,,146.71,call,BULLISH,CONTINUATION,3.31,NEUTRAL,328290.0,7,18.259,True,True,True,0.9546,0.004689,track_b_cont
trackb_cont_HUM_20260611,HUM,2026-06-11,2026-08-10,,,,364.46,call,BULLISH,CONTINUATION,2.82,NEUTRAL,1432732.0,8,17.36,True,True,True,0.9781,0.032246,track_b_cont
trackb_cont_TJX_20260611,TJX,2026-06-11,2026-08-10,,,,167.66,call,BULLISH,CONTINUATION,2.14,NEUTRAL,996347.0,10,12.837,True,True,True,1.0,0.003947,track_b_cont
trackb_cont_TMO_20260611,TMO,2026-06-11,2026-08-10,,,,482.04,call,BULLISH,CONTINUATION,1.97,NEUTRAL,295630.0,4,10.777,True,True,True,0.9226,0.030748,track_b_cont
trackb_cont_HNGE_20260611,HNGE,2026-06-11,2026-08-10,,,,62.06,call,BULLISH,CONTINUATION,1.13,NEUTRAL,422148.0,13,6.357,True,True,True,0.7458,0.004904,track_b_cont
trackb_cont_INN_20260611,INN,2026-06-11,2026-08-10,,,,6.12,call,BULLISH,CONTINUATION,5.0,NEUTRAL,0.0,0,0.0,True,True,True,1.0,0.000476,track_b_cont
trackb_cont_MYE_20260611,MYE,2026-06-11,2026-08-10,,,,24.99,call,BULLISH,CONTINUATION,5.0,NEUTRAL,0.0,0,0.0,True,True,True,0.998,0.001195,track_b_cont
trackb_cont_CLDT_20260611,CLDT,2026-06-11,2026-08-10,,,,12.22,call,BULLISH,CONTINUATION,5.0,NEUTRAL,0.0,0,0.0,True,True,True,0.9959,0.001087,track_b_cont
trackb_cont_ARCB_20260611,ARCB,2026-06-11,2026-08-10,,,,165.16,call,BULLISH,CONTINUATION,5.0,NEUTRAL,0.0,0,0.0,True,True,True,0.9942,0.032532,track_b_cont
trackb_cont_ABM_20260611,ABM,2026-06-11,2026-08-10,,,,44.87,call,BULLISH,CONTINUATION,5.0,NEUTRAL,0.0,0,0.0,True,True,True,0.9935,0.000335,track_b_cont
trackb_cont_USFD_20260611,USFD,2026-06-11,2026-08-10,,,,90.18,call,BULLISH,CONTINUATION,5.0,NEUTRAL,0.0,0,0.0,True,True,True,0.9929,-0.001069,track_b_cont
trackb_cont_TMHC_20260611,TMHC,2026-06-11,2026-08-10,,,,71.6,call,BULLISH,CONTINUATION,5.0,NEUTRAL,0.0,0,0.0,True,True,True,0.9904,0.012644,track_b_cont
trackb_cont_IPAR_20260611,IPAR,2026-06-11,2026-08-10,,,,98.36,call,BULLISH,CONTINUATION,5.0,NEUTRAL,0.0,0,0.0,True,True,True,0.986,0.002556,track_b_cont
trackb_cont_WKC_20260611,WKC,2026-06-11,2026-08-10,,,,31.45,call,BULLISH,CONTINUATION,5.0,NEUTRAL,0.0,0,0.0,True,True,True,0.9823,0.000657,track_b_cont
trackb_cont_LADR_20260611,LADR,2026-06-11,2026-08-10,,,,10.31,call,BULLISH,CONTINUATION,5.0,NEUTRAL,0.0,0,0.0,True,True,True,0.9821,-3.2e-05,track_b_cont
trackb_cont_EVR_20260611,EVR,2026-06-11,2026-08-10,,,,340.78,call,BULLISH,CONTINUATION,5.0,NEUTRAL,0.0,0,0.0,True,True,True,0.9806,0.001816,track_b_cont
trackb_cont_CHRW_20260611,CHRW,2026-06-11,2026-08-10,,,,185.0,call,BULLISH,CONTINUATION,5.0,NEUTRAL,0.0,0,0.0,True,True,True,0.9798,0.011262,track_b_cont
trackb_cont_BMRN_20260611,BMRN,2026-06-11,2026-08-10,,,,56.17,call,BULLISH,CONTINUATION,5.0,NEUTRAL,0.0,0,0.0,True,True,True,0.9774,0.002775,track_b_cont
trackb_cont_UHAL_20260611,UHAL,2026-06-11,2026-08-10,,,,61.15,call,BULLISH,CONTINUATION,5.0,NEUTRAL,0.0,0,0.0,True,True,True,0.9748,0.008013,track_b_cont
trackb_cont_R_20260611,R,2026-06-11,2026-08-10,,,,270.25,call,BULLISH,CONTINUATION,5.0,NEUTRAL,0.0,0,0.0,True,True,True,0.9748,0.030686,track_b_cont
trackb_cont_BRX_20260611,BRX,2026-06-11,2026-08-10,,,,31.86,call,BULLISH,CONTINUATION,5.0,NEUTRAL,0.0,0,0.0,True,True,True,0.9709,0.000128,track_b_cont
trackb_cont_PRSU_20260611,PRSU,2026-06-11,2026-08-10,,,,46.36,call,BULLISH,CONTINUATION,5.0,NEUTRAL,0.0,0,0.0,True,True,True,0.9688,0.001318,track_b_cont
trackb_cont_CNO_20260611,CNO,2026-06-11,2026-08-10,,,,49.63,call,BULLISH,CONTINUATION,5.0,NEUTRAL,0.0,0,0.0,True,True,True,0.9679,-0.001119,track_b_cont
trackb_cont_SXT_20260611,SXT,2026-06-11,2026-08-10,,,,119.78,call,BULLISH,CONTINUATION,5.0,NEUTRAL,0.0,0,0.0,True,True,True,0.9653,-0.003821,track_b_cont
trackb_cont_LQDT_20260611,LQDT,2026-06-11,2026-08-10,,,,37.82,call,BULLISH,CONTINUATION,5.0,NEUTRAL,0.0,0,0.0,True,True,True,0.9649,0.002865,track_b_cont
trackb_cont_EXPD_20260611,EXPD,2026-06-11,2026-08-10,,,,164.71,call,BULLISH,CONTINUATION,5.0,NEUTRAL,0.0,0,0.0,True,True,True,0.9646,0.002039,track_b_cont
trackb_cont_UDR_20260611,UDR,2026-06-11,2026-08-10,,,,39.32,call,BULLISH,CONTINUATION,5.0,NEUTRAL,0.0,0,0.0,True,True,True,0.9642,-0.00026,track_b_cont
trackb_cont_RS_20260611,RS,2026-06-11,2026-08-10,,,,394.29,call,BULLISH,CONTINUATION,5.0,NEUTRAL,0.0,0,0.0,True,True,True,0.9638,0.025251,track_b_cont
trackb_cont_NEU_20260611,NEU,2026-06-11,2026-08-10,,,,823.94,call,BULLISH,CONTINUATION,5.0,NEUTRAL,0.0,0,0.0,True,True,True,0.9635,0.10189,track_b_cont
trackb_cont_GOLF_20260611,GOLF,2026-06-11,2026-08-10,,,,94.55,call,BULLISH,CONTINUATION,5.0,NEUTRAL,0.0,0,0.0,True,True,True,0.9631,0.001591,track_b_cont
trackb_cont_FOXA_20260611,FOXA,2026-06-11,2026-08-10,,,,68.0,call,BULLISH,CONTINUATION,5.0,NEUTRAL,0.0,0,0.0,True,True,True,0.9597,-0.000792,track_b_cont
trackb_cont_KIM_20260611,KIM,2026-06-11,2026-08-10,,,,25.38,call,BULLISH,CONTINUATION,5.0,NEUTRAL,0.0,0,0.0,True,True,True,0.9576,0.000235,track_b_cont
trackb_cont_KRG_20260611,KRG,2026-06-11,2026-08-10,,,,28.84,call,BULLISH,CONTINUATION,5.0,NEUTRAL,0.0,0,0.0,True,True,True,0.9564,0.000681,track_b_cont
trackb_cont_IDXX_20260611,IDXX,2026-06-11,2026-08-10,,,,556.94,call,BULLISH,CONTINUATION,5.0,NEUTRAL,0.0,0,0.0,True,True,True,0.9556,0.014129,track_b_cont
trackb_cont_HAYW_20260611,HAYW,2026-06-11,2026-08-10,,,,14.11,call,BULLISH,CONTINUATION,5.0,NEUTRAL,0.0,0,0.0,True,True,True,0.9542,0.000154,track_b_cont
trackb_cont_SMPL_20260611,SMPL,2026-06-11,2026-08-10,,,,12.61,call,BULLISH,CONTINUATION,5.0,NEUTRAL,0.0,0,0.0,True,True,True,0.9538,0.000104,track_b_cont
trackb_cont_STT_20260611,STT,2026-06-11,2026-08-10,,,,161.8,call,BULLISH,CONTINUATION,0.0,NEUTRAL,460570.0,3,0.0,True,True,True,0.9507,0.005699,track_b_cont
trackb_cont_SAH_20260611,SAH,2026-06-11,2026-08-10,,,,84.15,call,BULLISH,CONTINUATION,5.0,NEUTRAL,0.0,0,0.0,True,True,True,0.9502,0.007801,track_b_cont
trackb_cont_TRNO_20260611,TRNO,2026-06-11,2026-08-10,,,,66.2,call,BULLISH,CONTINUATION,5.0,NEUTRAL,0.0,0,0.0,True,True,True,0.9501,-0.002758,track_b_cont
trackb_cont_LAUR_20260611,LAUR,2026-06-11,2026-08-10,,,,36.49,call,BULLISH,CONTINUATION,5.0,NEUTRAL,0.0,0,0.0,True,True,True,0.9475,-9.4e-05,track_b_cont
trackb_cont_RHP_20260611,RHP,2026-06-11,2026-08-10,,,,118.67,call,BULLISH,CONTINUATION,5.0,NEUTRAL,0.0,0,0.0,True,True,True,0.9438,0.007623,track_b_cont
trackb_cont_AAT_20260611,AAT,2026-06-11,2026-08-10,,,,24.5,call,BULLISH,CONTINUATION,5.0,NEUTRAL,0.0,0,0.0,True,True,True,0.9393,0.002325,track_b_cont
trackb_cont_CFG_20260611,CFG,2026-06-11,2026-08-10,,,,64.96,call,BULLISH,CONTINUATION,5.0,NEUTRAL,0.0,0,0.0,True,True,True,0.939,7.5e-05,track_b_cont
trackb_cont_FOR_20260611,FOR,2026-06-11,2026-08-10,,,,28.32,call,BULLISH,CONTINUATION,5.0,NEUTRAL,0.0,0,0.0,True,True,True,0.9388,0.00168,track_b_cont
trackb_cont_JRSH_20260611,JRSH,2026-06-11,2026-08-10,,,,3.59,call,BULLISH,CONTINUATION,5.0,NEUTRAL,0.0,0,0.0,True,True,True,0.9388,0.000164,track_b_cont
trackb_cont_MMSI_20260611,MMSI,2026-06-11,2026-08-10,,,,66.99,call,BULLISH,CONTINUATION,5.0,NEUTRAL,0.0,0,0.0,True,True,True,0.9361,-0.000801,track_b_cont
trackb_cont_BXP_20260611,BXP,2026-06-11,2026-08-10,,,,65.48,call,BULLISH,CONTINUATION,5.0,NEUTRAL,0.0,0,0.0,True,True,True,0.9361,0.001821,track_b_cont
trackb_cont_WPC_20260611,WPC,2026-06-11,2026-08-10,,,,75.84,call,BULLISH,CONTINUATION,5.0,NEUTRAL,0.0,0,0.0,True,True,True,0.9355,-0.002068,track_b_cont
trackb_cont_PCAR_20260611,PCAR,2026-06-11,2026-08-10,,,,113.99,call,BULLISH,CONTINUATION,0.0,NEUTRAL,420570.0,1,0.0,True,True,True,0.9342,0.001488,track_b_cont
trackb_cont_MTB_20260611,MTB,2026-06-11,2026-08-10,,,,223.93,call,BULLISH,CONTINUATION,5.0,NEUTRAL,0.0,0,0.0,True,True,True,0.9324,0.008853,track_b_cont
trackb_cont_MTRN_20260611,MTRN,2026-06-11,2026-08-10,,,,224.05,call,BULLISH,CONTINUATION,5.0,NEUTRAL,0.0,0,0.0,True,True,True,0.9314,0.019841,track_b_cont
trackb_cont_DEI_20260611,DEI,2026-06-11,2026-08-10,,,,12.42,call,BULLISH,CONTINUATION,5.0,NEUTRAL,0.0,0,0.0,True,True,True,0.9299,2.7e-05,track_b_cont
trackb_cont_DRH_20260611,DRH,2026-06-11,2026-08-10,,,,11.64,call,BULLISH,CONTINUATION,5.0,NEUTRAL,0.0,0,0.0,True,True,True,0.9295,0.000704,track_b_cont
trackb_cont_CTOS_20260611,CTOS,2026-06-11,2026-08-10,,,,10.27,call,BULLISH,CONTINUATION,5.0,NEUTRAL,0.0,0,0.0,True,True,True,0.929,4.2e-05,track_b_cont
trackb_cont_TWFG_20260611,TWFG,2026-06-11,2026-08-10,,,,21.85,call,BULLISH,CONTINUATION,5.0,NEUTRAL,0.0,0,0.0,True,True,True,0.929,0.000242,track_b_cont
trackb_cont_HUBG_20260611,HUBG,2026-06-11,2026-08-10,,,,44.44,call,BULLISH,CONTINUATION,5.0,NEUTRAL,0.0,0,0.0,True,True,True,0.9288,0.004715,track_b_cont
trackb_cont_BNL_20260611,BNL,2026-06-11,2026-08-10,,,,21.08,call,BULLISH,CONTINUATION,5.0,NEUTRAL,0.0,0,0.0,True,True,True,0.9272,-0.00021,track_b_cont
trackb_cont_AXTA_20260611,AXTA,2026-06-11,2026-08-10,,,,32.1,call,BULLISH,CONTINUATION,5.0,NEUTRAL,0.0,0,0.0,True,True,True,0.9259,0.003288,track_b_cont
trackb_cont_PAL_20260611,PAL,2026-06-11,2026-08-10,,,,8.02,call,BULLISH,CONTINUATION,5.0,NEUTRAL,0.0,0,0.0,True,True,True,0.924,0.001056,track_b_cont
trackb_cont_LGIH_20260611,LGIH,2026-06-11,2026-08-10,,,,52.56,call,BULLISH,CONTINUATION,5.0,NEUTRAL,0.0,0,0.0,True,True,True,0.9237,0.006327,track_b_cont
trackb_cont_SHO_20260611,SHO,2026-06-11,2026-08-10,,,,11.43,call,BULLISH,CONTINUATION,5.0,NEUTRAL,0.0,0,0.0,True,True,True,0.9187,0.000805,track_b_cont
trackb_cont_VLY_20260611,VLY,2026-06-11,2026-08-10,,,,14.16,call,BULLISH,CONTINUATION,5.0,NEUTRAL,0.0,0,0.0,True,True,True,0.9178,0.000391,track_b_cont
trackb_cont_FHN_20260611,FHN,2026-06-11,2026-08-10,,,,24.72,call,BULLISH,CONTINUATION,5.0,NEUTRAL,0.0,0,0.0,True,True,True,0.9146,-0.000253,track_b_cont
trackb_cont_XHR_20260611,XHR,2026-06-11,2026-08-10,,,,18.46,call,BULLISH,CONTINUATION,5.0,NEUTRAL,0.0,0,0.0,True,True,True,0.911,0.001393,track_b_cont
trackb_cont_KFRC_20260611,KFRC,2026-06-11,2026-08-10,,,,49.16,call,BULLISH,CONTINUATION,5.0,NEUTRAL,0.0,0,0.0,True,True,True,0.91,0.007287,track_b_cont
trackb_cont_DEA_20260611,DEA,2026-06-11,2026-08-10,,,,23.88,call,BULLISH,CONTINUATION,5.0,NEUTRAL,0.0,0,0.0,True,True,True,0.9091,0.000129,track_b_cont
trackb_cont_CURB_20260611,CURB,2026-06-11,2026-08-10,,,,29.63,call,BULLISH,CONTINUATION,5.0,NEUTRAL,0.0,0,0.0,True,True,True,0.9084,0.000824,track_b_cont
trackb_cont_MCRI_20260611,MCRI,2026-06-11,2026-08-10,,,,127.22,call,BULLISH,CONTINUATION,5.0,NEUTRAL,0.0,0,0.0,True,True,True,0.9082,0.00283,track_b_cont
trackb_cont_BFH_20260611,BFH,2026-06-11,2026-08-10,,,,96.45,call,BULLISH,CONTINUATION,5.0,NEUTRAL,0.0,0,0.0,True,True,True,0.908,0.004174,track_b_cont
trackb_cont_SVV_20260611,SVV,2026-06-11,2026-08-10,,,,9.52,call,BULLISH,CONTINUATION,5.0,NEUTRAL,0.0,0,0.0,True,True,True,0.9071,0.001849,track_b_cont
trackb_cont_MRP_20260611,MRP,2026-06-11,2026-08-10,,,,28.8,call,BULLISH,CONTINUATION,5.0,NEUTRAL,0.0,0,0.0,True,True,True,0.9063,0.000947,track_b_cont
trackb_cont_CVCO_20260611,CVCO,2026-06-11,2026-08-10,,,,564.51,call,BULLISH,CONTINUATION,5.0,NEUTRAL,0.0,0,0.0,True,True,True,0.9058,0.082619,track_b_cont
trackb_cont_PK_20260611,PK,2026-06-11,2026-08-10,,,,13.92,call,BULLISH,CONTINUATION,5.0,NEUTRAL,0.0,0,0.0,True,True,True,0.8983,0.002575,track_b_cont
trackb_cont_INSE_20260611,INSE,2026-06-11,2026-08-10,,,,8.01,call,BULLISH,CONTINUATION,5.0,NEUTRAL,0.0,0,0.0,True,True,True,0.8982,0.000374,track_b_cont
trackb_cont_JBHT_20260611,JBHT,2026-06-11,2026-08-10,,,,280.75,call,BULLISH,CONTINUATION,5.0,NEUTRAL,0.0,0,0.0,True,True,True,0.8977,0.02881,track_b_cont
trackb_cont_SLM_20260611,SLM,2026-06-11,2026-08-10,,,,21.3,call,BULLISH,CONTINUATION,5.0,NEUTRAL,0.0,0,0.0,True,True,True,0.8908,2.2e-05,track_b_cont
trackb_cont_BXC_20260611,BXC,2026-06-11,2026-08-10,,,,52.23,call,BULLISH,CONTINUATION,5.0,NEUTRAL,0.0,0,0.0,True,True,True,0.8878,0.001613,track_b_cont
trackb_cont_GL_20260611,GL,2026-06-11,2026-08-10,,,,162.52,call,BULLISH,CONTINUATION,5.0,NEUTRAL,0.0,0,0.0,True,True,True,0.8863,-0.004029,track_b_cont
trackb_cont_RLJ_20260611,RLJ,2026-06-11,2026-08-10,,,,10.64,call,BULLISH,CONTINUATION,5.0,NEUTRAL,0.0,0,0.0,True,True,True,0.8853,0.001156,track_b_cont
trackb_cont_SWK_20260611,SWK,2026-06-11,2026-08-10,,,,77.47,call,BULLISH,CONTINUATION,5.0,NEUTRAL,0.0,0,0.0,True,True,True,0.8837,0.00146,track_b_cont
trackb_cont_ROLR_20260611,ROLR,2026-06-11,2026-08-10,,,,7.05,call,BULLISH,CONTINUATION,5.0,NEUTRAL,0.0,0,0.0,True,True,True,0.8828,-0.000219,track_b_cont
trackb_cont_EWBC_20260611,EWBC,2026-06-11,2026-08-10,,,,128.09,call,BULLISH,CONTINUATION,5.0,NEUTRAL,0.0,0,0.0,True,True,True,0.8816,0.000254,track_b_cont
trackb_cont_LNN_20260611,LNN,2026-06-11,2026-08-10,,,,112.75,call,BULLISH,CONTINUATION,5.0,NEUTRAL,0.0,0,0.0,True,True,True,0.8768,0.003185,track_b_cont
trackb_cont_BNY_20260611,BNY,2026-06-11,2026-08-10,,,,139.75,call,BULLISH,CONTINUATION,0.0,NEUTRAL,874359.0,13,0.0,True,True,True,0.8763,0.003806,track_b_cont
trackb_cont_WAL_20260611,WAL,2026-06-11,2026-08-10,,,,81.57,call,BULLISH,CONTINUATION,5.0,NEUTRAL,0.0,0,0.0,True,True,True,0.8733,0.002039,track_b_cont
trackb_cont_BOOT_20260611,BOOT,2026-06-11,2026-08-10,,,,165.19,call,BULLISH,CONTINUATION,5.0,NEUTRAL,0.0,0,0.0,True,True,True,0.8698,0.025411,track_b_cont
trackb_cont_INVH_20260611,INVH,2026-06-11,2026-08-10,,,,29.71,call,BULLISH,CONTINUATION,5.0,NEUTRAL,0.0,0,0.0,True,True,True,0.866,0.000119,track_b_cont
trackb_cont_RGP_20260611,RGP,2026-06-11,2026-08-10,,,,4.71,call,BULLISH,CONTINUATION,5.0,NEUTRAL,0.0,0,0.0,True,True,True,0.8648,8.3e-05,track_b_cont
trackb_cont_OTTR_20260611,OTTR,2026-06-11,2026-08-10,,,,89.6,call,BULLISH,CONTINUATION,5.0,NEUTRAL,0.0,0,0.0,True,True,True,0.8644,-0.00368,track_b_cont
trackb_cont_BTSG_20260611,BTSG,2026-06-11,2026-08-10,,,,60.59,call,BULLISH,CONTINUATION,5.0,NEUTRAL,0.0,0,0.0,True,True,True,0.8614,0.002081,track_b_cont
trackb_cont_PGNY_20260611,PGNY,2026-06-11,2026-08-10,,,,25.89,call,BULLISH,CONTINUATION,5.0,NEUTRAL,0.0,0,0.0,True,True,True,0.8568,0.001578,track_b_cont
trackb_cont_CTO_20260611,CTO,2026-06-11,2026-08-10,,,,20.98,call,BULLISH,CONTINUATION,5.0,NEUTRAL,0.0,0,0.0,True,True,True,0.8561,-0.000338,track_b_cont
trackb_cont_EVH_20260611,EVH,2026-06-11,2026-08-10,,,,4.47,call,BULLISH,CONTINUATION,5.0,NEUTRAL,0.0,0,0.0,True,True,True,0.855,0.000123,track_b_cont
trackb_cont_MSEX_20260611,MSEX,2026-06-11,2026-08-10,,,,53.72,call,BULLISH,CONTINUATION,5.0,NEUTRAL,0.0,0,0.0,True,True,True,0.8534,0.000293,track_b_cont
trackb_cont_RVTY_20260611,RVTY,2026-06-11,2026-08-10,,,,101.29,call,BULLISH,CONTINUATION,5.0,NEUTRAL,0.0,0,0.0,True,True,True,0.85,0.003796,track_b_cont
trackb_cont_MLAB_20260611,MLAB,2026-06-11,2026-08-10,,,,107.22,call,BULLISH,CONTINUATION,5.0,NEUTRAL,0.0,0,0.0,True,True,True,0.8483,-0.000517,track_b_cont
trackb_cont_EEX_20260611,EEX,2026-06-11,2026-08-10,,,,5.03,call,BULLISH,CONTINUATION,5.0,NEUTRAL,0.0,0,0.0,True,True,True,0.8461,-0.000116,track_b_cont
trackb_cont_H_20260611,H,2026-06-11,2026-08-10,,,,190.63,call,BULLISH,CONTINUATION,5.0,NEUTRAL,0.0,0,0.0,True,True,True,0.8428,0.019578,track_b_cont
trackb_cont_FVR_20260611,FVR,2026-06-11,2026-08-10,,,,19.62,call,BULLISH,CONTINUATION,5.0,NEUTRAL,0.0,0,0.0,True,True,True,0.8407,0.000223,track_b_cont
trackb_cont_SEM_20260611,SEM,2026-06-11,2026-08-10,,,,16.6,call,BULLISH,CONTINUATION,5.0,NEUTRAL,0.0,0,0.0,True,True,True,0.8402,-0.000358,track_b_cont
trackb_cont_RPRX_20260611,RPRX,2026-06-11,2026-08-10,,,,54.52,call,BULLISH,CONTINUATION,5.0,NEUTRAL,0.0,0,0.0,True,True,True,0.8383,0.001572,track_b_cont
trackb_cont_SIGI_20260611,SIGI,2026-06-11,2026-08-10,,,,91.34,call,BULLISH,CONTINUATION,5.0,NEUTRAL,0.0,0,0.0,True,True,True,0.837,-0.002762,track_b_cont
trackb_cont_LEG_20260611,LEG,2026-06-11,2026-08-10,,,,10.21,call,BULLISH,CONTINUATION,5.0,NEUTRAL,0.0,0,0.0,True,True,True,0.8354,0.000504,track_b_cont
trackb_cont_CHCT_20260611,CHCT,2026-06-11,2026-08-10,,,,17.86,call,BULLISH,CONTINUATION,5.0,NEUTRAL,0.0,0,0.0,True,True,True,0.834,-0.000235,track_b_cont
trackb_cont_WY_20260611,WY,2026-06-11,2026-08-10,,,,24.16,call,BULLISH,CONTINUATION,5.0,NEUTRAL,0.0,0,0.0,True,True,True,0.8333,0.000968,track_b_cont
trackb_cont_PBI_20260611,PBI,2026-06-11,2026-08-10,,,,16.91,call,BULLISH,CONTINUATION,5.0,NEUTRAL,0.0,0,0.0,True,True,True,0.833,0.000814,track_b_cont
trackb_cont_XRN_20260611,XRN,2026-06-11,2026-08-10,,,,37.0,call,BULLISH,CONTINUATION,5.0,NEUTRAL,0.0,0,0.0,True,True,True,0.8175,0.000586,track_b_cont
trackb_cont_EXTR_20260611,EXTR,2026-06-11,2026-08-10,,,,28.58,call,BULLISH,CONTINUATION,5.0,NEUTRAL,0.0,0,0.0,True,True,True,0.8174,0.004915,track_b_cont
trackb_cont_FDX_20260611,FDX,2026-06-11,2026-08-10,,,,319.25,call,BULLISH,CONTINUATION,0.0,NEUTRAL,664389.0,7,0.0,True,True,True,0.813,0.025099,track_b_cont
trackb_cont_CRBG_20260611,CRBG,2026-06-11,2026-08-10,,,,27.18,call,BULLISH,CONTINUATION,5.0,NEUTRAL,0.0,0,0.0,True,True,True,0.8078,-0.001126,track_b_cont
trackb_cont_YORW_20260611,YORW,2026-06-11,2026-08-10,,,,30.27,call,BULLISH,CONTINUATION,5.0,NEUTRAL,0.0,0,0.0,True,True,True,0.8077,-0.000307,track_b_cont
trackb_cont_AZTA_20260611,AZTA,2026-06-11,2026-08-10,,,,22.38,call,BULLISH,CONTINUATION,5.0,NEUTRAL,0.0,0,0.0,True,True,True,0.8055,0.006245,track_b_cont
trackb_cont_DORM_20260611,DORM,2026-06-11,2026-08-10,,,,126.83,call,BULLISH,CONTINUATION,5.0,NEUTRAL,0.0,0,0.0,True,True,True,0.8016,0.007807,track_b_cont
trackb_cont_NMAX_20260611,NMAX,2026-06-11,2026-08-10,,,,8.97,call,BULLISH,CONTINUATION,5.0,NEUTRAL,0.0,0,0.0,True,True,True,0.8015,0.002174,track_b_cont
trackb_cont_BC_20260611,BC,2026-06-11,2026-08-10,,,,78.68,call,BULLISH,CONTINUATION,5.0,NEUTRAL,0.0,0,0.0,True,True,True,0.8008,0.004151,track_b_cont
trackb_cont_KBR_20260611,KBR,2026-06-11,2026-08-10,,,,34.22,call,BULLISH,CONTINUATION,5.0,NEUTRAL,0.0,0,0.0,True,True,True,0.7982,0.003636,track_b_cont
trackb_cont_DNUT_20260611,DNUT,2026-06-11,2026-08-10,,,,3.9,call,BULLISH,CONTINUATION,5.0,NEUTRAL,0.0,0,0.0,True,True,True,0.7975,0.00018,track_b_cont
trackb_cont_UFPT_20260611,UFPT,2026-06-11,2026-08-10,,,,232.48,call,BULLISH,CONTINUATION,5.0,NEUTRAL,0.0,0,0.0,True,True,True,0.7961,-0.002739,track_b_cont
trackb_cont_SAIA_20260611,SAIA,2026-06-11,2026-08-10,,,,463.7,call,BULLISH,CONTINUATION,5.0,NEUTRAL,0.0,0,0.0,True,True,True,0.7926,0.016153,track_b_cont
trackb_cont_FLR_20260611,FLR,2026-06-11,2026-08-10,,,,46.84,call,BULLISH,CONTINUATION,0.0,NEUTRAL,724739.0,12,0.0,True,True,True,0.792,0.004142,track_b_cont
trackb_cont_FC_20260611,FC,2026-06-11,2026-08-10,,,,24.59,call,BULLISH,CONTINUATION,5.0,NEUTRAL,0.0,0,0.0,True,True,True,0.7898,0.002419,track_b_cont
trackb_cont_BESS_20260611,BESS,2026-06-11,2026-08-10,,,,3.61,call,BULLISH,CONTINUATION,5.0,NEUTRAL,0.0,0,0.0,True,True,True,0.7891,4.3e-05,track_b_cont
trackb_cont_MPLX_20260611,MPLX,2026-06-11,2026-08-10,,,,56.39,call,BULLISH,CONTINUATION,5.0,NEUTRAL,0.0,0,0.0,True,True,True,0.7815,-0.000727,track_b_cont
trackb_cont_ELS_20260611,ELS,2026-06-11,2026-08-10,,,,64.32,call,BULLISH,CONTINUATION,5.0,NEUTRAL,0.0,0,0.0,True,True,True,0.7768,-0.00275,track_b_cont
trackb_cont_SAFE_20260611,SAFE,2026-06-11,2026-08-10,,,,15.75,call,BULLISH,CONTINUATION,5.0,NEUTRAL,0.0,0,0.0,True,True,True,0.7763,0.000355,track_b_cont
trackb_cont_LZB_20260611,LZB,2026-06-11,2026-08-10,,,,37.36,call,BULLISH,CONTINUATION,5.0,NEUTRAL,0.0,0,0.0,True,True,True,0.7758,0.001552,track_b_cont
trackb_cont_AVD_20260611,AVD,2026-06-11,2026-08-10,,,,2.93,call,BULLISH,CONTINUATION,5.0,NEUTRAL,0.0,0,0.0,True,True,True,0.7746,-0.000337,track_b_cont
trackb_cont_LXP_20260611,LXP,2026-06-11,2026-08-10,,,,52.75,call,BULLISH,CONTINUATION,5.0,NEUTRAL,0.0,0,0.0,True,True,True,0.7743,-0.001512,track_b_cont
trackb_cont_ILPT_20260611,ILPT,2026-06-11,2026-08-10,,,,8.66,call,BULLISH,CONTINUATION,5.0,NEUTRAL,0.0,0,0.0,True,True,True,0.7707,0.000667,track_b_cont
trackb_cont_LW_20260611,LW,2026-06-11,2026-08-10,,,,44.13,call,BULLISH,CONTINUATION,5.0,NEUTRAL,0.0,0,0.0,True,True,True,0.7687,-0.000816,track_b_cont
trackb_cont_RYN_20260611,RYN,2026-06-11,2026-08-10,,,,20.69,call,BULLISH,CONTINUATION,5.0,NEUTRAL,0.0,0,0.0,True,True,True,0.7676,0.00045,track_b_cont
trackb_cont_ZD_20260611,ZD,2026-06-11,2026-08-10,,,,45.8,call,BULLISH,CONTINUATION,5.0,NEUTRAL,0.0,0,0.0,True,True,True,0.7582,0.004673,track_b_cont
trackb_cont_THO_20260611,THO,2026-06-11,2026-08-10,,,,74.84,call,BULLISH,CONTINUATION,5.0,NEUTRAL,0.0,0,0.0,True,True,True,0.7577,0.002192,track_b_cont
trackb_cont_VMI_20260611,VMI,2026-06-11,2026-08-10,,,,512.25,call,BULLISH,CONTINUATION,5.0,NEUTRAL,0.0,0,0.0,True,True,True,0.7571,0.020318,track_b_cont
trackb_cont_FAST_20260611,FAST,2026-06-11,2026-08-10,,,,46.03,call,BULLISH,CONTINUATION,5.0,NEUTRAL,0.0,0,0.0,True,True,True,0.7536,0.001399,track_b_cont
trackb_cont_COLB_20260611,COLB,2026-06-11,2026-08-10,,,,30.32,call,BULLISH,CONTINUATION,5.0,NEUTRAL,0.0,0,0.0,True,True,True,0.7368,-0.000122,track_b_cont
trackb_cont_CWST_20260611,CWST,2026-06-11,2026-08-10,,,,91.03,call,BULLISH,CONTINUATION,5.0,NEUTRAL,0.0,0,0.0,True,True,True,0.7364,-0.004096,track_b_cont
trackb_cont_CHD_20260611,CHD,2026-06-11,2026-08-10,,,,98.19,call,BULLISH,CONTINUATION,5.0,NEUTRAL,0.0,0,0.0,True,True,True,0.7338,-0.000944,track_b_cont
trackb_cont_OII_20260611,OII,2026-06-11,2026-08-10,,,,39.3,call,BULLISH,CONTINUATION,5.0,NEUTRAL,0.0,0,0.0,True,True,True,0.7315,-0.000877,track_b_cont
trackb_cont_PSN_20260611,PSN,2026-06-11,2026-08-10,,,,56.47,call,BULLISH,CONTINUATION,5.0,NEUTRAL,0.0,0,0.0,True,True,True,0.7306,0.00912,track_b_cont
trackb_cont_PRLB_20260611,PRLB,2026-06-11,2026-08-10,,,,73.78,call,BULLISH,CONTINUATION,5.0,NEUTRAL,0.0,0,0.0,True,True,True,0.7246,0.00339,track_b_cont
trackb_cont_WWW_20260611,WWW,2026-06-11,2026-08-10,,,,17.17,call,BULLISH,CONTINUATION,5.0,NEUTRAL,0.0,0,0.0,True,True,True,0.72,0.001379,track_b_cont
trackb_cont_CAL_20260611,CAL,2026-06-11,2026-08-10,,,,13.74,call,BULLISH,CONTINUATION,5.0,NEUTRAL,0.0,0,0.0,True,True,True,0.714,0.002726,track_b_cont
trackb_cont_URBN_20260611,URBN,2026-06-11,2026-08-10,,,,72.69,call,BULLISH,CONTINUATION,5.0,NEUTRAL,0.0,0,0.0,True,True,True,0.7092,0.00248,track_b_cont
trackb_cont_VRTX_20260611,VRTX,2026-06-11,2026-08-10,,,,435.71,call,BULLISH,CONTINUATION,5.0,NEUTRAL,0.0,0,0.0,True,True,True,0.7025,-0.010285,track_b_cont
trackb_rev_QUBT_20260611,QUBT,2026-06-11,2026-08-10,,,,9.53,call,BULLISH,SHALLOW,9.08,BULLISH,252260.0,9,49.049,False,False,False,0.0817,0.000401,track_b_rev
trackb_rev_AVGO_20260611,AVGO,2026-06-11,2026-08-10,,,,372.1,call,BULLISH,SHALLOW,4.05,NEUTRAL,75128734.0,92,31.897,False,False,False,0.1751,0.002444,track_b_rev
trackb_rev_MSFT_20260611,MSFT,2026-06-11,2026-08-10,,,,397.36,call,BULLISH,SHALLOW,4.22,NEUTRAL,16300278.0,76,30.436,False,False,False,0.0727,0.005894,track_b_rev
trackb_rev_MP_20260611,MP,2026-06-11,2026-08-10,,,,53.45,call,BULLISH,SHALLOW,5.0,NEUTRAL,1206462.0,17,30.408,False,False,False,0.0891,0.002471,track_b_rev
trackb_rev_ARRY_20260611,ARRY,2026-06-11,2026-08-10,,,,6.835,call,BULLISH,SHALLOW,5.0,NEUTRAL,443040.0,8,28.232,False,False,False,0.1406,2.5e-05,track_b_rev
trackb_rev_ADBE_20260611,ADBE,2026-06-11,2026-08-10,,,,233.38,call,BULLISH,SHALLOW,4.02,NEUTRAL,10540350.0,56,28.232,False,False,False,0.1405,0.001926,track_b_rev
trackb_rev_EXPE_20260611,EXPE,2026-06-11,2026-08-10,,,,218.94,call,BULLISH,SHALLOW,5.0,NEUTRAL,267410.0,3,27.136,False,True,False,0.8673,0.007525,track_b_rev
trackb_rev_BLDR_20260611,BLDR,2026-06-11,2026-08-10,,,,74.62,call,BULLISH,SHALLOW,5.0,NEUTRAL,93490.0,5,24.854,False,True,False,0.8451,0.002797,track_b_rev
trackb_rev_OSK_20260611,OSK,2026-06-11,2026-08-10,,,,126.95,call,BULLISH,SHALLOW,5.0,NEUTRAL,46740.0,2,23.349,False,True,False,0.8386,0.003617,track_b_rev
trackb_rev_ANF_20260611,ANF,2026-06-11,2026-08-10,,,,85.33,call,BULLISH,SHALLOW,5.0,NEUTRAL,40610.0,2,23.043,False,True,False,0.7985,0.005087,track_b_rev
trackb_rev_XYZ_20260611,XYZ,2026-06-11,2026-08-10,,,,66.63,call,BULLISH,SHALLOW,3.71,NEUTRAL,1253563.0,24,22.624,False,False,False,0.2126,6.5e-05,track_b_rev
trackb_rev_POOL_20260611,POOL,2026-06-11,2026-08-10,,,,189.89,call,BULLISH,SHALLOW,5.0,NEUTRAL,18200.0,1,21.3,False,True,False,0.8932,0.000331,track_b_rev
trackb_rev_ASO_20260611,ASO,2026-06-11,2026-08-10,,,,49.88,call,BULLISH,SHALLOW,5.0,NEUTRAL,18170.0,1,21.297,False,False,False,0.2333,0.000509,track_b_rev
trackb_rev_NXT_20260611,NXT,2026-06-11,2026-08-10,,,,111.95,call,BULLISH,SHALLOW,3.39,NEUTRAL,1746068.0,15,21.161,False,False,False,0.1071,0.007995,track_b_rev
trackb_rev_FUBO_20260611,FUBO,2026-06-11,2026-08-10,,,,9.98,call,BULLISH,SHALLOW,5.0,NEUTRAL,14300.0,1,20.777,False,True,False,0.311,0.000523,track_b_rev
trackb_rev_EPAM_20260611,EPAM,2026-06-11,2026-08-10,,,,93.04,call,BULLISH,SHALLOW,5.0,NEUTRAL,13200.0,1,20.603,False,False,False,0.2895,0.000897,track_b_rev
trackb_rev_ONDS_20260611,ONDS,2026-06-11,2026-08-10,,,,9.31,call,BULLISH,SHALLOW,3.24,NEUTRAL,1850409.0,65,20.306,False,True,False,0.1785,0.002753,track_b_rev
trackb_rev_PVH_20260611,PVH,2026-06-11,2026-08-10,,,,78.32,call,BULLISH,SHALLOW,5.0,NEUTRAL,10694.0,1,20.146,False,False,False,0.3439,0.005963,track_b_rev
trackb_rev_VST_20260611,VST,2026-06-11,2026-08-10,,,,138.54,call,BULLISH,SHALLOW,1.59,NEUTRAL,6371149.0,72,10.819,False,False,False,0.3903,0.009344,track_b_rev
trackb_rev_BR_20260611,BR,2026-06-11,2026-08-10,,,,146.44,call,BULLISH,SHALLOW,1.67,NEUTRAL,298362.0,3,9.143,False,True,False,0.5072,0.001553,track_b_rev
trackb_rev_HUBS_20260611,HUBS,2026-06-11,2026-08-10,,,,192.79,call,BULLISH,SHALLOW,1.47,NEUTRAL,426983.0,8,8.277,False,True,False,0.2742,0.02548,track_b_rev
trackb_rev_AMR_20260611,AMR,2026-06-11,2026-08-10,,,,194.29,call,BULLISH,SHALLOW,5.0,NEUTRAL,0.0,0,0.0,False,True,False,0.4534,0.03176,track_b_rev
trackb_rev_MLM_20260611,MLM,2026-06-11,2026-08-10,,,,552.87,call,BULLISH,SHALLOW,5.0,NEUTRAL,0.0,0,0.0,False,False,False,0.7012,0.007526,track_b_rev
trackb_rev_VMC_20260611,VMC,2026-06-11,2026-08-10,,,,272.67,call,BULLISH,SHALLOW,5.0,NEUTRAL,0.0,0,0.0,False,False,False,0.727,0.007407,track_b_rev
trackb_rev_BRC_20260611,BRC,2026-06-11,2026-08-10,,,,77.87,call,BULLISH,SHALLOW,5.0,NEUTRAL,0.0,0,0.0,False,True,False,0.2873,0.005476,track_b_rev
trackb_rev_EFX_20260611,EFX,2026-06-11,2026-08-10,,,,166.06,call,BULLISH,SHALLOW,5.0,NEUTRAL,0.0,0,0.0,False,True,False,0.5251,0.004705,track_b_rev
trackb_rev_JJSF_20260611,JJSF,2026-06-11,2026-08-10,,,,79.3,call,BULLISH,SHALLOW,5.0,NEUTRAL,0.0,0,0.0,False,True,False,0.8471,0.003389,track_b_rev
trackb_rev_CWEN_20260611,CWEN,2026-06-11,2026-08-10,,,,37.4,call,BULLISH,SHALLOW,5.0,NEUTRAL,0.0,0,0.0,False,True,False,0.5318,0.002888,track_b_rev
trackb_rev_AMRZ_20260611,AMRZ,2026-06-11,2026-08-10,,,,50.51,call,BULLISH,SHALLOW,5.0,NEUTRAL,0.0,0,0.0,False,True,False,0.7108,0.002716,track_b_rev
trackb_rev_DBI_20260611,DBI,2026-06-11,2026-08-10,,,,7.0,call,BULLISH,SHALLOW,5.0,NEUTRAL,0.0,0,0.0,False,True,False,0.3425,0.002124,track_b_rev
trackb_rev_WATT_20260611,WATT,2026-06-11,2026-08-10,,,,22.92,call,BULLISH,SHALLOW,5.0,NEUTRAL,0.0,0,0.0,False,False,False,0.237,0.001784,track_b_rev
trackb_rev_VITL_20260611,VITL,2026-06-11,2026-08-10,,,,10.54,call,BULLISH,SHALLOW,5.0,NEUTRAL,0.0,0,0.0,False,True,False,0.8877,0.001337,track_b_rev
trackb_rev_SCVL_20260611,SCVL,2026-06-11,2026-08-10,,,,16.65,call,BULLISH,SHALLOW,5.0,NEUTRAL,0.0,0,0.0,False,True,False,0.6578,0.00092,track_b_rev
trackb_rev_CERT_20260611,CERT,2026-06-11,2026-08-10,,,,5.18,call,BULLISH,SHALLOW,5.0,NEUTRAL,0.0,0,0.0,False,True,False,0.4257,0.000831,track_b_rev
trackb_rev_ONT_20260611,ONT,2026-06-11,2026-08-10,,,,16.81,call,BULLISH,SHALLOW,5.0,NEUTRAL,0.0,0,0.0,False,True,False,0.7226,0.000718,track_b_rev
trackb_rev_STGW_20260611,STGW,2026-06-11,2026-08-10,,,,6.53,call,BULLISH,SHALLOW,5.0,NEUTRAL,0.0,0,0.0,False,True,False,0.3626,0.000628,track_b_rev
trackb_rev_GXO_20260611,GXO,2026-06-11,2026-08-10,,,,47.8,call,BULLISH,SHALLOW,5.0,NEUTRAL,0.0,0,0.0,False,False,False,0.8432,0.00058,track_b_rev
trackb_rev_ALTG_20260611,ALTG,2026-06-11,2026-08-10,,,,6.42,call,BULLISH,SHALLOW,5.0,NEUTRAL,0.0,0,0.0,False,True,False,0.6435,0.000383,track_b_rev
trackb_rev_EEIQ_20260611,EEIQ,2026-06-11,2026-08-10,,,,3.45,call,BULLISH,SHALLOW,5.0,NEUTRAL,0.0,0,0.0,False,True,False,0.3427,0.000334,track_b_rev
trackb_rev_DEVS_20260611,DEVS,2026-06-11,2026-08-10,,,,0.295,call,BULLISH,SHALLOW,5.0,NEUTRAL,0.0,0,0.0,False,True,False,0.316,0.00031,track_b_rev
trackb_rev_GWRS_20260611,GWRS,2026-06-11,2026-08-10,,,,7.06,call,BULLISH,SHALLOW,5.0,NEUTRAL,0.0,0,0.0,False,True,False,0.4082,0.000274,track_b_rev
trackb_rev_EXLS_20260611,EXLS,2026-06-11,2026-08-10,,,,29.02,call,BULLISH,SHALLOW,5.0,NEUTRAL,0.0,0,0.0,False,False,False,0.7429,0.000197,track_b_rev
trackb_rev_ROP_20260611,ROP,2026-06-11,2026-08-10,,,,334.1,call,BULLISH,SHALLOW,5.0,NEUTRAL,0.0,0,0.0,False,True,False,0.7152,0.000188,track_b_rev
trackb_rev_PESI_20260611,PESI,2026-06-11,2026-08-10,,,,9.45,call,BULLISH,SHALLOW,5.0,NEUTRAL,0.0,0,0.0,False,False,False,0.5059,0.000181,track_b_rev
trackb_rev_EVLV_20260611,EVLV,2026-06-11,2026-08-10,,,,5.84,call,BULLISH,SHALLOW,5.0,NEUTRAL,0.0,0,0.0,False,False,False,0.3931,0.000173,track_b_rev
trackb_rev_NLOP_20260611,NLOP,2026-06-11,2026-08-10,,,,11.8,call,BULLISH,SHALLOW,5.0,NEUTRAL,0.0,0,0.0,False,False,False,0.623,0.00014,track_b_rev
trackb_rev_HTFL_20260611,HTFL,2026-06-11,2026-08-10,,,,29.43,call,BULLISH,SHALLOW,5.0,NEUTRAL,0.0,0,0.0,False,True,False,0.4981,0.000121,track_b_rev
trackb_rev_BFRG_20260611,BFRG,2026-06-11,2026-08-10,,,,0.678,call,BULLISH,SHALLOW,5.0,NEUTRAL,0.0,0,0.0,False,True,False,0.4051,9.4e-05,track_b_rev
trackb_rev_GT_20260611,GT,2026-06-11,2026-08-10,,,,5.87,call,BULLISH,SHALLOW,5.0,NEUTRAL,0.0,0,0.0,False,False,False,0.5663,5.2e-05,track_b_rev
trackb_rev_AIRE_20260611,AIRE,2026-06-11,2026-08-10,,,,1.99,call,BULLISH,SHALLOW,5.0,NEUTRAL,0.0,0,0.0,False,False,False,0.1667,3.8e-05,track_b_rev
trackb_rev_NB_20260611,NB,2026-06-11,2026-08-10,,,,4.84,call,BULLISH,SHALLOW,5.0,NEUTRAL,0.0,0,0.0,False,False,False,0.1895,3.2e-05,track_b_rev
trackb_rev_SAFX_20260611,SAFX,2026-06-11,2026-08-10,,,,0.379,call,BULLISH,SHALLOW,5.0,NEUTRAL,0.0,0,0.0,False,False,False,0.0862,2.5e-05,track_b_rev
trackb_rev_IVDA_20260611,IVDA,2026-06-11,2026-08-10,,,,0.27,call,BULLISH,SHALLOW,5.0,NEUTRAL,0.0,0,0.0,False,False,False,0.0,2.3e-05,track_b_rev
trackb_rev_ALBT_20260611,ALBT,2026-06-11,2026-08-10,,,,0.348,call,BULLISH,SHALLOW,5.0,NEUTRAL,0.0,0,0.0,False,False,False,0.7,3e-06,track_b_rev
trackb_rev_FOSL_20260611,FOSL,2026-06-11,2026-08-10,,,,4.2,call,BULLISH,SHALLOW,5.0,NEUTRAL,0.0,0,0.0,False,False,False,0.5,-2.9e-05,track_b_rev
trackb_rev_SKIL_20260611,SKIL,2026-06-11,2026-08-10,,,,5.29,call,BULLISH,SHALLOW,5.0,NEUTRAL,0.0,0,0.0,False,False,False,0.1081,-3e-05,track_b_rev
trackb_rev_GPC_20260611,GPC,2026-06-11,2026-08-10,,,,98.43,call,BULLISH,SHALLOW,5.0,NEUTRAL,0.0,0,0.0,False,False,False,0.7472,-0.000221,track_b_rev
trackb_rev_TTEK_20260611,TTEK,2026-06-11,2026-08-10,,,,27.15,call,BULLISH,SHALLOW,5.0,NEUTRAL,0.0,0,0.0,False,False,False,0.5093,-0.000259,track_b_rev
trackb_cont_BAC_20260612,BAC,2026-06-12,2026-08-11,,,,55.16,call,BULLISH,CONTINUATION,10.0,BULLISH,6031442.0,24,67.804,True,True,True,0.8733,0.002299,track_b_cont
trackb_cont_OSCR_20260612,OSCR,2026-06-12,2026-08-11,,,,28.91,call,BULLISH,CONTINUATION,10.0,BULLISH,4190251.0,35,66.222,True,True,True,0.8426,0.000599,track_b_cont
trackb_cont_C_20260612,C,2026-06-12,2026-08-11,,,,138.07,call,BULLISH,CONTINUATION,10.0,BULLISH,3666919.0,21,65.643,True,True,True,0.7846,0.007673,track_b_cont
trackb_cont_DOCN_20260612,DOCN,2026-06-12,2026-08-11,,,,174.75,call,BULLISH,CONTINUATION,10.0,BULLISH,3555346.0,24,65.509,True,True,True,0.7129,0.015026,track_b_cont
trackb_cont_CRS_20260612,CRS,2026-06-12,2026-08-11,,,,562.45,call,BULLISH,CONTINUATION,10.0,BULLISH,1744054.0,7,62.416,True,True,True,0.9026,0.083677,track_b_cont
trackb_cont_FTNT_20260612,FTNT,2026-06-12,2026-08-11,,,,145.06,call,BULLISH,CONTINUATION,10.0,BULLISH,962503.0,4,59.834,True,True,True,0.7005,0.021021,track_b_cont
trackb_cont_APH_20260612,APH,2026-06-12,2026-08-11,,,,152.46,call,BULLISH,CONTINUATION,10.0,BULLISH,752070.0,6,58.763,True,True,True,0.7468,0.026011,track_b_cont
trackb_cont_USB_20260612,USB,2026-06-12,2026-08-11,,,,57.63,call,BULLISH,CONTINUATION,10.0,BULLISH,543668.0,6,57.353,True,True,True,0.8421,0.000834,track_b_cont
trackb_cont_HAE_20260612,HAE,2026-06-12,2026-08-11,,,,79.84,call,BULLISH,CONTINUATION,10.0,BULLISH,453470.0,2,56.566,True,True,True,0.9276,0.014932,track_b_cont
trackb_cont_DKNG_20260612,DKNG,2026-06-12,2026-08-11,,,,30.02,call,BULLISH,CONTINUATION,8.76,BULLISH,2314797.0,66,55.753,True,True,True,0.819,0.000659,track_b_cont
trackb_cont_ABBV_20260612,ABBV,2026-06-12,2026-08-11,,,,224.77,call,BULLISH,CONTINUATION,10.0,BULLISH,342545.0,3,55.347,True,True,True,0.7891,0.010053,track_b_cont
trackb_cont_KO_20260612,KO,2026-06-12,2026-08-11,,,,82.53,call,BULLISH,CONTINUATION,8.54,BULLISH,2391691.0,14,54.474,True,True,True,0.9631,-0.002601,track_b_cont
trackb_cont_DNOW_20260612,DNOW,2026-06-12,2026-08-11,,,,13.66,call,BULLISH,CONTINUATION,10.0,BULLISH,227091.0,9,53.562,True,True,True,0.9012,0.000111,track_b_cont
trackb_cont_NWL_20260612,NWL,2026-06-12,2026-08-11,,,,4.62,call,BULLISH,CONTINUATION,10.0,BULLISH,158562.0,5,52.002,True,True,True,0.805,5.4e-05,track_b_cont
trackb_cont_HUM_20260612,HUM,2026-06-12,2026-08-11,,,,368.69,call,BULLISH,CONTINUATION,8.04,BULLISH,2475372.0,19,51.405,True,True,True,0.9368,0.041782,track_b_cont
trackb_cont_RH_20260612,RH,2026-06-12,2026-08-11,,,,159.32,call,BULLISH,CONTINUATION,8.89,BULLISH,479934.0,15,50.506,True,True,True,0.7762,0.025366,track_b_cont
trackb_cont_HIMS_20260612,HIMS,2026-06-12,2026-08-11,,,,28.87,call,BULLISH,CONTINUATION,7.72,BULLISH,2215602.0,59,48.987,True,True,True,0.7539,0.004385,track_b_cont
trackb_cont_UNH_20260612,UNH,2026-06-12,2026-08-11,,,,405.55,call,BULLISH,CONTINUATION,6.96,LEAN BULLISH,8505595.0,37,48.231,True,True,True,0.7935,-0.001367,track_b_cont
trackb_cont_DECK_20260612,DECK,2026-06-12,2026-08-11,,,,114.37,call,BULLISH,CONTINUATION,8.9,BULLISH,111582.0,3,44.924,True,True,True,0.8023,0.015373,track_b_cont
trackb_cont_GO_20260612,GO,2026-06-12,2026-08-11,,,,9.42,call,BULLISH,CONTINUATION,5.0,NEUTRAL,797480.0,1,29.509,True,True,True,0.9093,0.000927,track_b_cont
trackb_cont_UNIT_20260612,UNIT,2026-06-12,2026-08-11,,,,12.52,call,BULLISH,CONTINUATION,5.0,NEUTRAL,372540.0,3,27.856,True,True,True,0.8,0.000378,track_b_cont
trackb_cont_GWW_20260612,GWW,2026-06-12,2026-08-11,,,,1313.96,call,BULLISH,CONTINUATION,5.0,NEUTRAL,312700.0,1,27.476,True,True,True,0.7525,0.025042,track_b_cont
trackb_cont_SPG_20260612,SPG,2026-06-12,2026-08-11,,,,214.86,call,BULLISH,CONTINUATION,5.0,NEUTRAL,299078.0,3,27.379,True,True,True,0.8868,0.003221,track_b_cont
trackb_cont_AMC_20260612,AMC,2026-06-12,2026-08-11,,,,2.28,call,BULLISH,CONTINUATION,5.0,NEUTRAL,292654.0,17,27.332,True,True,True,0.8571,0.000616,track_b_cont
trackb_cont_KMB_20260612,KMB,2026-06-12,2026-08-11,,,,101.54,call,BULLISH,CONTINUATION,5.0,NEUTRAL,284954.0,6,27.274,True,True,True,0.9429,-2.7e-05,track_b_cont
trackb_cont_BROS_20260612,BROS,2026-06-12,2026-08-11,,,,65.03,call,BULLISH,CONTINUATION,5.0,NEUTRAL,276426.0,11,27.208,True,True,True,0.9207,0.00666,track_b_cont
trackb_cont_DHR_20260612,DHR,2026-06-12,2026-08-11,,,,180.79,call,BULLISH,CONTINUATION,5.0,NEUTRAL,265601.0,3,27.121,True,True,True,0.8027,0.017694,track_b_cont
trackb_cont_CALM_20260612,CALM,2026-06-12,2026-08-11,,,,79.87,call,BULLISH,CONTINUATION,5.0,NEUTRAL,259528.0,5,27.071,True,True,True,0.7875,-0.003226,track_b_cont
trackb_cont_ETSY_20260612,ETSY,2026-06-12,2026-08-11,,,,69.44,call,BULLISH,CONTINUATION,5.0,NEUTRAL,251805.0,16,27.005,True,True,True,0.8657,0.010699,track_b_cont
trackb_cont_EVER_20260612,EVER,2026-06-12,2026-08-11,,,,19.84,call,BULLISH,CONTINUATION,5.0,NEUTRAL,225000.0,1,26.761,True,True,True,0.7741,0.00077,track_b_cont
trackb_cont_MPLX_20260612,MPLX,2026-06-12,2026-08-11,,,,56.49,call,BULLISH,CONTINUATION,5.0,NEUTRAL,194165.0,2,26.441,True,True,True,0.7335,-8.4e-05,track_b_cont
trackb_cont_TRGP_20260612,TRGP,2026-06-12,2026-08-11,,,,269.37,call,BULLISH,CONTINUATION,5.0,NEUTRAL,191360.0,2,26.409,True,True,True,0.7318,-0.011025,track_b_cont
trackb_cont_RL_20260612,RL,2026-06-12,2026-08-11,,,,393.3,call,BULLISH,CONTINUATION,5.0,NEUTRAL,179597.0,2,26.271,True,True,True,0.777,0.031124,track_b_cont
trackb_cont_CLOV_20260612,CLOV,2026-06-12,2026-08-11,,,,4.9,call,BULLISH,CONTINUATION,5.0,NEUTRAL,143966.0,7,25.791,True,True,True,0.8675,0.000684,track_b_cont
trackb_cont_AAP_20260612,AAP,2026-06-12,2026-08-11,,,,60.62,call,BULLISH,CONTINUATION,5.0,NEUTRAL,140603.0,4,25.74,True,True,True,0.8051,0.007875,track_b_cont
trackb_cont_CROX_20260612,CROX,2026-06-12,2026-08-11,,,,125.87,call,BULLISH,CONTINUATION,5.0,NEUTRAL,123325.0,2,25.455,True,True,True,0.7833,0.023122,track_b_cont
trackb_cont_SEZL_20260612,SEZL,2026-06-12,2026-08-11,,,,128.83,call,BULLISH,CONTINUATION,5.0,NEUTRAL,110520.0,2,25.217,True,True,True,0.8183,0.01973,track_b_cont
trackb_cont_TRIP_20260612,TRIP,2026-06-12,2026-08-11,,,,11.91,call,BULLISH,CONTINUATION,5.0,NEUTRAL,96083.0,5,24.913,True,True,True,0.7667,0.002613,track_b_cont
trackb_cont_SYY_20260612,SYY,2026-06-12,2026-08-11,,,,79.64,call,BULLISH,CONTINUATION,5.0,NEUTRAL,96067.0,2,24.913,True,True,True,0.9187,0.001048,track_b_cont
trackb_cont_IQV_20260612,IQV,2026-06-12,2026-08-11,,,,181.06,call,BULLISH,CONTINUATION,5.0,NEUTRAL,95465.0,1,24.899,True,True,True,0.7058,0.015933,track_b_cont
trackb_cont_JEF_20260612,JEF,2026-06-12,2026-08-11,,,,59.66,call,BULLISH,CONTINUATION,5.0,NEUTRAL,87975.0,1,24.722,True,True,True,0.7766,0.003635,track_b_cont
trackb_cont_BURL_20260612,BURL,2026-06-12,2026-08-11,,,,342.37,call,BULLISH,CONTINUATION,5.0,NEUTRAL,79921.0,1,24.513,True,True,True,0.8577,0.020718,track_b_cont
trackb_cont_SO_20260612,SO,2026-06-12,2026-08-11,,,,93.27,call,BULLISH,CONTINUATION,4.37,NEUTRAL,366415.0,4,24.315,True,True,True,0.8432,-0.003234,track_b_cont
trackb_cont_BMRN_20260612,BMRN,2026-06-12,2026-08-11,,,,55.54,call,BULLISH,CONTINUATION,5.0,NEUTRAL,72400.0,2,24.299,True,True,True,0.7678,0.004118,track_b_cont
trackb_cont_AEO_20260612,AEO,2026-06-12,2026-08-11,,,,18.29,call,BULLISH,CONTINUATION,5.0,NEUTRAL,68480.0,3,24.178,True,True,True,0.7628,0.00105,track_b_cont
trackb_cont_UFPT_20260612,UFPT,2026-06-12,2026-08-11,,,,238.6,call,BULLISH,CONTINUATION,5.0,NEUTRAL,59200.0,1,23.862,True,True,True,0.8474,0.000694,track_b_cont
trackb_cont_DGX_20260612,DGX,2026-06-12,2026-08-11,,,,203.83,call,BULLISH,CONTINUATION,5.0,NEUTRAL,55832.0,2,23.735,True,True,True,0.8313,0.00619,track_b_cont
trackb_cont_PRU_20260612,PRU,2026-06-12,2026-08-11,,,,106.51,call,BULLISH,CONTINUATION,5.0,NEUTRAL,55083.0,2,23.705,True,True,True,0.8567,-0.000465,track_b_cont
trackb_cont_KNX_20260612,KNX,2026-06-12,2026-08-11,,,,82.45,call,BULLISH,CONTINUATION,5.0,NEUTRAL,49500.0,1,23.473,True,True,True,0.8614,0.013128,track_b_cont
trackb_cont_LSTR_20260612,LSTR,2026-06-12,2026-08-11,,,,225.2,call,BULLISH,CONTINUATION,5.0,NEUTRAL,47246.0,1,23.372,True,True,True,0.857,0.041884,track_b_cont
trackb_cont_FITB_20260612,FITB,2026-06-12,2026-08-11,,,,53.42,call,BULLISH,CONTINUATION,5.0,NEUTRAL,43989.0,2,23.217,True,True,True,0.8205,0.002944,track_b_cont
trackb_cont_ICUI_20260612,ICUI,2026-06-12,2026-08-11,,,,142.86,call,BULLISH,CONTINUATION,5.0,NEUTRAL,42000.0,1,23.116,True,True,True,0.8267,0.011486,track_b_cont
trackb_cont_ANF_20260612,ANF,2026-06-12,2026-08-11,,,,90.62,call,BULLISH,CONTINUATION,5.0,NEUTRAL,40610.0,2,23.043,True,True,True,0.8933,0.006536,track_b_cont
trackb_cont_TKO_20260612,TKO,2026-06-12,2026-08-11,,,,213.7,call,BULLISH,CONTINUATION,5.0,NEUTRAL,40230.0,3,23.023,True,True,True,0.8143,0.016017,track_b_cont
trackb_cont_CNK_20260612,CNK,2026-06-12,2026-08-11,,,,34.01,call,BULLISH,CONTINUATION,5.0,NEUTRAL,39360.0,1,22.975,True,True,True,0.9316,0.005211,track_b_cont
trackb_cont_WST_20260612,WST,2026-06-12,2026-08-11,,,,330.34,call,BULLISH,CONTINUATION,5.0,NEUTRAL,35200.0,2,22.733,True,True,True,0.8558,0.013799,track_b_cont
trackb_cont_ALHC_20260612,ALHC,2026-06-12,2026-08-11,,,,20.24,call,BULLISH,CONTINUATION,5.0,NEUTRAL,32260.0,2,22.543,True,True,True,0.9579,-0.00135,track_b_cont
trackb_cont_SKY_20260612,SKY,2026-06-12,2026-08-11,,,,80.46,call,BULLISH,CONTINUATION,5.0,NEUTRAL,30678.0,1,22.434,True,True,True,0.7127,0.006776,track_b_cont
trackb_cont_CFG_20260612,CFG,2026-06-12,2026-08-11,,,,66.51,call,BULLISH,CONTINUATION,5.0,NEUTRAL,22885.0,1,21.798,True,True,True,0.7324,0.001133,track_b_cont
trackb_cont_H_20260612,H,2026-06-12,2026-08-11,,,,197.86,call,BULLISH,CONTINUATION,5.0,NEUTRAL,18598.0,1,21.347,True,True,True,0.7491,0.021615,track_b_cont
trackb_cont_CAH_20260612,CAH,2026-06-12,2026-08-11,,,,221.16,call,BULLISH,CONTINUATION,5.0,NEUTRAL,15980.0,1,21.018,True,True,True,0.9309,0.006646,track_b_cont
trackb_cont_CAKE_20260612,CAKE,2026-06-12,2026-08-11,,,,74.98,call,BULLISH,CONTINUATION,5.0,NEUTRAL,15810.0,1,20.995,True,True,True,0.9598,0.007674,track_b_cont
trackb_cont_ODFL_20260612,ODFL,2026-06-12,2026-08-11,,,,247.76,call,BULLISH,CONTINUATION,5.0,NEUTRAL,15032.0,1,20.885,True,True,True,0.7492,0.041335,track_b_cont
trackb_cont_BHF_20260612,BHF,2026-06-12,2026-08-11,,,,63.24,call,BULLISH,CONTINUATION,5.0,NEUTRAL,11730.0,1,20.347,True,True,True,0.8745,-7e-05,track_b_cont
trackb_cont_ARCC_20260612,ARCC,2026-06-12,2026-08-11,,,,19.07,call,BULLISH,CONTINUATION,5.0,NEUTRAL,10920.0,1,20.191,True,True,True,0.7654,8e-06,track_b_cont
trackb_cont_RF_20260612,RF,2026-06-12,2026-08-11,,,,28.89,call,BULLISH,CONTINUATION,5.0,NEUTRAL,10040.0,1,20.009,True,True,True,0.7945,0.001092,track_b_cont
trackb_cont_LLY_20260612,LLY,2026-06-12,2026-08-11,,,,1160.95,call,BULLISH,CONTINUATION,1.7,NEUTRAL,10046319.0,18,11.903,True,True,True,0.7726,0.114528,track_b_cont
trackb_cont_PINS_20260612,PINS,2026-06-12,2026-08-11,,,,21.5,call,BULLISH,CONTINUATION,0.89,NEUTRAL,790589.0,19,5.249,True,True,True,0.8631,0.002322,track_b_cont
trackb_cont_EPC_20260612,EPC,2026-06-12,2026-08-11,,,,21.65,call,BULLISH,CONTINUATION,5.0,NEUTRAL,0.0,0,0.0,True,True,True,0.9899,0.002582,track_b_cont
trackb_cont_TMHC_20260612,TMHC,2026-06-12,2026-08-11,,,,71.91,call,BULLISH,CONTINUATION,5.0,NEUTRAL,0.0,0,0.0,True,True,True,0.9881,0.015468,track_b_cont
trackb_cont_EIG_20260612,EIG,2026-06-12,2026-08-11,,,,46.41,call,BULLISH,CONTINUATION,5.0,NEUTRAL,0.0,0,0.0,True,True,True,0.9864,0.00212,track_b_cont
trackb_cont_MUSA_20260612,MUSA,2026-06-12,2026-08-11,,,,622.07,call,BULLISH,CONTINUATION,5.0,NEUTRAL,0.0,0,0.0,True,True,True,0.9815,-0.033132,track_b_cont
trackb_cont_MASI_20260612,MASI,2026-06-12,2026-08-11,,,,179.95,call,BULLISH,CONTINUATION,5.0,NEUTRAL,0.0,0,0.0,True,True,True,0.9766,-0.001284,track_b_cont
trackb_cont_CWST_20260612,CWST,2026-06-12,2026-08-11,,,,89.76,call,BULLISH,CONTINUATION,5.0,NEUTRAL,0.0,0,0.0,True,True,True,0.9731,-0.002622,track_b_cont
trackb_cont_RLI_20260612,RLI,2026-06-12,2026-08-11,,,,54.13,call,BULLISH,CONTINUATION,5.0,NEUTRAL,0.0,0,0.0,True,True,True,0.9709,0.001128,track_b_cont
trackb_cont_NGVC_20260612,NGVC,2026-06-12,2026-08-11,,,,31.35,call,BULLISH,CONTINUATION,5.0,NEUTRAL,0.0,0,0.0,True,True,True,0.9693,0.00116,track_b_cont
trackb_cont_GOLF_20260612,GOLF,2026-06-12,2026-08-11,,,,99.44,call,BULLISH,CONTINUATION,5.0,NEUTRAL,0.0,0,0.0,True,True,True,0.9663,0.003273,track_b_cont
trackb_cont_CLDT_20260612,CLDT,2026-06-12,2026-08-11,,,,12.68,call,BULLISH,CONTINUATION,5.0,NEUTRAL,0.0,0,0.0,True,True,True,0.9659,0.001287,track_b_cont
trackb_cont_ACEL_20260612,ACEL,2026-06-12,2026-08-11,,,,13.41,call,BULLISH,CONTINUATION,5.0,NEUTRAL,0.0,0,0.0,True,True,True,0.9538,0.000581,track_b_cont
trackb_cont_MCRI_20260612,MCRI,2026-06-12,2026-08-11,,,,127.65,call,BULLISH,CONTINUATION,5.0,NEUTRAL,0.0,0,0.0,True,True,True,0.953,0.005577,track_b_cont
trackb_cont_HRL_20260612,HRL,2026-06-12,2026-08-11,,,,24.44,call,BULLISH,CONTINUATION,5.0,NEUTRAL,0.0,0,0.0,True,True,True,0.9464,0.003925,track_b_cont
trackb_cont_BOC_20260612,BOC,2026-06-12,2026-08-11,,,,13.37,call,BULLISH,CONTINUATION,5.0,NEUTRAL,0.0,0,0.0,True,True,True,0.9461,0.00185,track_b_cont
trackb_cont_KVUE_20260612,KVUE,2026-06-12,2026-08-11,,,,18.07,call,BULLISH,CONTINUATION,5.0,NEUTRAL,0.0,0,0.0,True,True,True,0.9454,4.7e-05,track_b_cont
trackb_cont_NVRI_20260612,NVRI,2026-06-12,2026-08-11,,,,21.13,call,BULLISH,CONTINUATION,5.0,NEUTRAL,0.0,0,0.0,True,True,True,0.9399,0.008887,track_b_cont
trackb_cont_MAA_20260612,MAA,2026-06-12,2026-08-11,,,,138.1,call,BULLISH,CONTINUATION,5.0,NEUTRAL,0.0,0,0.0,True,True,True,0.9378,0.005366,track_b_cont
trackb_cont_UHAL_20260612,UHAL,2026-06-12,2026-08-11,,,,62.03,call,BULLISH,CONTINUATION,5.0,NEUTRAL,0.0,0,0.0,True,True,True,0.9309,0.010262,track_b_cont
trackb_cont_VRSK_20260612,VRSK,2026-06-12,2026-08-11,,,,182.0,call,BULLISH,CONTINUATION,5.0,NEUTRAL,0.0,0,0.0,True,True,True,0.927,0.014487,track_b_cont
trackb_cont_PAL_20260612,PAL,2026-06-12,2026-08-11,,,,8.4,call,BULLISH,CONTINUATION,5.0,NEUTRAL,0.0,0,0.0,True,True,True,0.9269,0.001658,track_b_cont
trackb_cont_UHAL-B_20260612,UHAL-B,2026-06-12,2026-08-11,,,,54.61,call,BULLISH,CONTINUATION,5.0,NEUTRAL,0.0,0,0.0,True,True,True,0.9262,0.00741,track_b_cont
trackb_cont_ERIE_20260612,ERIE,2026-06-12,2026-08-11,,,,226.01,call,BULLISH,CONTINUATION,5.0,NEUTRAL,0.0,0,0.0,True,True,True,0.9255,-0.003149,track_b_cont
trackb_cont_GLPI_20260612,GLPI,2026-06-12,2026-08-11,,,,47.87,call,BULLISH,CONTINUATION,5.0,NEUTRAL,0.0,0,0.0,True,True,True,0.9242,-0.000916,track_b_cont
trackb_cont_NCMI_20260612,NCMI,2026-06-12,2026-08-11,,,,3.58,call,BULLISH,CONTINUATION,5.0,NEUTRAL,0.0,0,0.0,True,True,True,0.9212,0.000618,track_b_cont
trackb_cont_JJSF_20260612,JJSF,2026-06-12,2026-08-11,,,,78.42,call,BULLISH,CONTINUATION,5.0,NEUTRAL,0.0,0,0.0,True,True,True,0.9205,0.004293,track_b_cont
trackb_cont_LAD_20260612,LAD,2026-06-12,2026-08-11,,,,312.66,call,BULLISH,CONTINUATION,5.0,NEUTRAL,0.0,0,0.0,True,True,True,0.9175,0.028554,track_b_cont
trackb_cont_TWFG_20260612,TWFG,2026-06-12,2026-08-11,,,,21.19,call,BULLISH,CONTINUATION,5.0,NEUTRAL,0.0,0,0.0,True,True,True,0.9168,0.001044,track_b_cont
trackb_cont_CPT_20260612,CPT,2026-06-12,2026-08-11,,,,114.44,call,BULLISH,CONTINUATION,5.0,NEUTRAL,0.0,0,0.0,True,True,True,0.9104,0.00558,track_b_cont
trackb_cont_HIW_20260612,HIW,2026-06-12,2026-08-11,,,,30.25,call,BULLISH,CONTINUATION,5.0,NEUTRAL,0.0,0,0.0,True,True,True,0.9101,0.002606,track_b_cont
trackb_cont_MAN_20260612,MAN,2026-06-12,2026-08-11,,,,34.0,call,BULLISH,CONTINUATION,5.0,NEUTRAL,0.0,0,0.0,True,True,True,0.9096,0.005991,track_b_cont
trackb_cont_SCSC_20260612,SCSC,2026-06-12,2026-08-11,,,,49.54,call,BULLISH,CONTINUATION,5.0,NEUTRAL,0.0,0,0.0,True,True,True,0.9058,0.005367,track_b_cont
trackb_cont_VNO_20260612,VNO,2026-06-12,2026-08-11,,,,38.97,call,BULLISH,CONTINUATION,5.0,NEUTRAL,0.0,0,0.0,True,True,True,0.9047,0.004899,track_b_cont
trackb_cont_PRSU_20260612,PRSU,2026-06-12,2026-08-11,,,,47.75,call,BULLISH,CONTINUATION,5.0,NEUTRAL,0.0,0,0.0,True,True,True,0.9033,0.001816,track_b_cont
trackb_cont_MEC_20260612,MEC,2026-06-12,2026-08-11,,,,35.24,call,BULLISH,CONTINUATION,5.0,NEUTRAL,0.0,0,0.0,True,True,True,0.9026,0.008641,track_b_cont
trackb_cont_ZION_20260612,ZION,2026-06-12,2026-08-11,,,,66.44,call,BULLISH,CONTINUATION,5.0,NEUTRAL,0.0,0,0.0,True,True,True,0.8963,0.002175,track_b_cont
trackb_cont_FVR_20260612,FVR,2026-06-12,2026-08-11,,,,19.57,call,BULLISH,CONTINUATION,5.0,NEUTRAL,0.0,0,0.0,True,True,True,0.8963,0.000828,track_b_cont
trackb_cont_PBI_20260612,PBI,2026-06-12,2026-08-11,,,,17.14,call,BULLISH,CONTINUATION,5.0,NEUTRAL,0.0,0,0.0,True,True,True,0.895,0.001287,track_b_cont
trackb_cont_LW_20260612,LW,2026-06-12,2026-08-11,,,,45.1,call,BULLISH,CONTINUATION,5.0,NEUTRAL,0.0,0,0.0,True,True,True,0.8941,-0.000202,track_b_cont
trackb_cont_CBZ_20260612,CBZ,2026-06-12,2026-08-11,,,,33.94,call,BULLISH,CONTINUATION,5.0,NEUTRAL,0.0,0,0.0,True,True,True,0.8935,0.003744,track_b_cont
trackb_cont_TFC_20260612,TFC,2026-06-12,2026-08-11,,,,50.68,call,BULLISH,CONTINUATION,5.0,NEUTRAL,0.0,0,0.0,True,True,True,0.8934,0.000809,track_b_cont
trackb_cont_ETD_20260612,ETD,2026-06-12,2026-08-11,,,,22.13,call,BULLISH,CONTINUATION,5.0,NEUTRAL,0.0,0,0.0,True,True,True,0.8924,0.001896,track_b_cont
trackb_cont_RGP_20260612,RGP,2026-06-12,2026-08-11,,,,4.67,call,BULLISH,CONTINUATION,5.0,NEUTRAL,0.0,0,0.0,True,True,True,0.8923,0.000234,track_b_cont
trackb_cont_RLJ_20260612,RLJ,2026-06-12,2026-08-11,,,,10.97,call,BULLISH,CONTINUATION,5.0,NEUTRAL,0.0,0,0.0,True,True,True,0.8905,0.001267,track_b_cont
trackb_cont_INDV_20260612,INDV,2026-06-12,2026-08-11,,,,38.13,call,BULLISH,CONTINUATION,5.0,NEUTRAL,0.0,0,0.0,True,True,True,0.8889,-0.001662,track_b_cont
trackb_cont_NIXX_20260612,NIXX,2026-06-12,2026-08-11,,,,0.9098,call,BULLISH,CONTINUATION,5.0,NEUTRAL,0.0,0,0.0,True,True,True,0.8875,0.000302,track_b_cont
trackb_cont_KFY_20260612,KFY,2026-06-12,2026-08-11,,,,73.26,call,BULLISH,CONTINUATION,5.0,NEUTRAL,0.0,0,0.0,True,True,True,0.8832,0.007008,track_b_cont
trackb_cont_ALOY_20260612,ALOY,2026-06-12,2026-08-11,,,,14.06,call,BULLISH,CONTINUATION,5.0,NEUTRAL,0.0,0,0.0,True,True,True,0.8824,0.003935,track_b_cont
trackb_cont_EEX_20260612,EEX,2026-06-12,2026-08-11,,,,5.02,call,BULLISH,CONTINUATION,5.0,NEUTRAL,0.0,0,0.0,True,True,True,0.8823,-3.5e-05,track_b_cont
trackb_cont_SAH_20260612,SAH,2026-06-12,2026-08-11,,,,84.25,call,BULLISH,CONTINUATION,5.0,NEUTRAL,0.0,0,0.0,True,True,True,0.8823,0.00946,track_b_cont
trackb_cont_ENVA_20260612,ENVA,2026-06-12,2026-08-11,,,,189.59,call,BULLISH,CONTINUATION,5.0,NEUTRAL,0.0,0,0.0,True,True,True,0.8808,0.004537,track_b_cont
trackb_cont_CDP_20260612,CDP,2026-06-12,2026-08-11,,,,34.3,call,BULLISH,CONTINUATION,5.0,NEUTRAL,0.0,0,0.0,True,True,True,0.8787,0.000495,track_b_cont
trackb_cont_GFF_20260612,GFF,2026-06-12,2026-08-11,,,,95.3,call,BULLISH,CONTINUATION,5.0,NEUTRAL,0.0,0,0.0,True,True,True,0.8784,0.004341,track_b_cont
trackb_cont_REG_20260612,REG,2026-06-12,2026-08-11,,,,80.69,call,BULLISH,CONTINUATION,5.0,NEUTRAL,0.0,0,0.0,True,True,True,0.8782,-0.000768,track_b_cont
trackb_cont_EXPD_20260612,EXPD,2026-06-12,2026-08-11,,,,166.44,call,BULLISH,CONTINUATION,5.0,NEUTRAL,0.0,0,0.0,True,True,True,0.877,0.004323,track_b_cont
trackb_cont_RYZ_20260612,RYZ,2026-06-12,2026-08-11,,,,29.6,call,BULLISH,CONTINUATION,5.0,NEUTRAL,0.0,0,0.0,True,True,True,0.877,0.003237,track_b_cont
trackb_cont_KRC_20260612,KRC,2026-06-12,2026-08-11,,,,38.7,call,BULLISH,CONTINUATION,5.0,NEUTRAL,0.0,0,0.0,True,True,True,0.8726,0.002211,track_b_cont
trackb_cont_ANDE_20260612,ANDE,2026-06-12,2026-08-11,,,,70.64,call,BULLISH,CONTINUATION,5.0,NEUTRAL,0.0,0,0.0,True,True,True,0.8701,0.001467,track_b_cont
trackb_cont_RYAN_20260612,RYAN,2026-06-12,2026-08-11,,,,34.49,call,BULLISH,CONTINUATION,5.0,NEUTRAL,0.0,0,0.0,True,True,True,0.8689,-0.000281,track_b_cont
trackb_cont_COO_20260612,COO,2026-06-12,2026-08-11,,,,67.51,call,BULLISH,CONTINUATION,5.0,NEUTRAL,0.0,0,0.0,True,True,True,0.8682,0.002608,track_b_cont
trackb_cont_BFH_20260612,BFH,2026-06-12,2026-08-11,,,,101.63,call,BULLISH,CONTINUATION,5.0,NEUTRAL,0.0,0,0.0,True,True,True,0.8667,0.006013,track_b_cont
trackb_cont_CVLG_20260612,CVLG,2026-06-12,2026-08-11,,,,46.32,call,BULLISH,CONTINUATION,5.0,NEUTRAL,0.0,0,0.0,True,True,True,0.8665,0.009177,track_b_cont
trackb_cont_LINE_20260612,LINE,2026-06-12,2026-08-11,,,,44.57,call,BULLISH,CONTINUATION,5.0,NEUTRAL,0.0,0,0.0,True,True,True,0.8608,0.004618,track_b_cont
trackb_cont_WALD_20260612,WALD,2026-06-12,2026-08-11,,,,1.86,call,BULLISH,CONTINUATION,5.0,NEUTRAL,0.0,0,0.0,True,True,True,0.8608,0.000267,track_b_cont
trackb_cont_PGNY_20260612,PGNY,2026-06-12,2026-08-11,,,,25.65,call,BULLISH,CONTINUATION,5.0,NEUTRAL,0.0,0,0.0,True,True,True,0.8601,0.001697,track_b_cont
trackb_cont_BRX_20260612,BRX,2026-06-12,2026-08-11,,,,32.18,call,BULLISH,CONTINUATION,5.0,NEUTRAL,0.0,0,0.0,True,True,True,0.8599,0.000568,track_b_cont
trackb_cont_DRH_20260612,DRH,2026-06-12,2026-08-11,,,,11.84,call,BULLISH,CONTINUATION,5.0,NEUTRAL,0.0,0,0.0,True,True,True,0.858,0.000888,track_b_cont
trackb_cont_TNET_20260612,TNET,2026-06-12,2026-08-11,,,,47.82,call,BULLISH,CONTINUATION,5.0,NEUTRAL,0.0,0,0.0,True,True,True,0.8537,0.006574,track_b_cont
trackb_cont_VLY_20260612,VLY,2026-06-12,2026-08-11,,,,14.41,call,BULLISH,CONTINUATION,5.0,NEUTRAL,0.0,0,0.0,True,True,True,0.8528,0.000618,track_b_cont
trackb_cont_THG_20260612,THG,2026-06-12,2026-08-11,,,,196.07,call,BULLISH,CONTINUATION,5.0,NEUTRAL,0.0,0,0.0,True,True,True,0.8523,-0.007952,track_b_cont
trackb_cont_SMPL_20260612,SMPL,2026-06-12,2026-08-11,,,,12.64,call,BULLISH,CONTINUATION,5.0,NEUTRAL,0.0,0,0.0,True,True,True,0.8515,0.000412,track_b_cont
trackb_cont_FGI_20260612,FGI,2026-06-12,2026-08-11,,,,6.31,call,BULLISH,CONTINUATION,5.0,NEUTRAL,0.0,0,0.0,True,True,True,0.8491,0.000705,track_b_cont
trackb_cont_FRT_20260612,FRT,2026-06-12,2026-08-11,,,,124.72,call,BULLISH,CONTINUATION,5.0,NEUTRAL,0.0,0,0.0,True,True,True,0.8482,0.005609,track_b_cont
trackb_cont_WRB_20260612,WRB,2026-06-12,2026-08-11,,,,67.54,call,BULLISH,CONTINUATION,5.0,NEUTRAL,0.0,0,0.0,True,True,True,0.8475,-0.002371,track_b_cont
trackb_cont_CUZ_20260612,CUZ,2026-06-12,2026-08-11,,,,28.96,call,BULLISH,CONTINUATION,5.0,NEUTRAL,0.0,0,0.0,True,True,True,0.8419,0.00152,track_b_cont
trackb_cont_FOXA_20260612,FOXA,2026-06-12,2026-08-11,,,,68.3,call,BULLISH,CONTINUATION,5.0,NEUTRAL,0.0,0,0.0,True,True,True,0.8417,0.000969,track_b_cont
trackb_cont_ESS_20260612,ESS,2026-06-12,2026-08-11,,,,280.59,call,BULLISH,CONTINUATION,5.0,NEUTRAL,0.0,0,0.0,True,True,True,0.8411,0.007797,track_b_cont
trackb_cont_ABG_20260612,ABG,2026-06-12,2026-08-11,,,,199.48,call,BULLISH,CONTINUATION,5.0,NEUTRAL,0.0,0,0.0,True,True,True,0.8407,0.006347,track_b_cont
trackb_cont_FNB_20260612,FNB,2026-06-12,2026-08-11,,,,18.29,call,BULLISH,CONTINUATION,5.0,NEUTRAL,0.0,0,0.0,True,True,True,0.8385,0.000178,track_b_cont
trackb_cont_MEDP_20260612,MEDP,2026-06-12,2026-08-11,,,,475.07,call,BULLISH,CONTINUATION,5.0,NEUTRAL,0.0,0,0.0,True,True,True,0.8354,0.03772,track_b_cont
trackb_cont_ALNT_20260612,ALNT,2026-06-12,2026-08-11,,,,91.23,call,BULLISH,CONTINUATION,5.0,NEUTRAL,0.0,0,0.0,True,True,True,0.8352,0.027546,track_b_cont
trackb_cont_ALL_20260612,ALL,2026-06-12,2026-08-11,,,,219.57,call,BULLISH,CONTINUATION,5.0,NEUTRAL,0.0,0,0.0,True,True,True,0.8316,-0.007926,track_b_cont
trackb_cont_VSTS_20260612,VSTS,2026-06-12,2026-08-11,,,,13.31,call,BULLISH,CONTINUATION,5.0,NEUTRAL,0.0,0,0.0,True,True,True,0.8282,0.001277,track_b_cont
trackb_cont_KTB_20260612,KTB,2026-06-12,2026-08-11,,,,80.41,call,BULLISH,CONTINUATION,5.0,NEUTRAL,0.0,0,0.0,True,True,True,0.8256,0.006985,track_b_cont
trackb_cont_AIZ_20260612,AIZ,2026-06-12,2026-08-11,,,,258.5,call,BULLISH,CONTINUATION,5.0,NEUTRAL,0.0,0,0.0,True,True,True,0.824,-0.005187,track_b_cont
trackb_cont_CCI_20260612,CCI,2026-06-12,2026-08-11,,,,92.04,call,BULLISH,CONTINUATION,5.0,NEUTRAL,0.0,0,0.0,True,True,True,0.824,0.000951,track_b_cont
trackb_cont_DOC_20260612,DOC,2026-06-12,2026-08-11,,,,20.5,call,BULLISH,CONTINUATION,5.0,NEUTRAL,0.0,0,0.0,True,True,True,0.822,-0.000111,track_b_cont
trackb_cont_ADP_20260612,ADP,2026-06-12,2026-08-11,,,,225.77,call,BULLISH,CONTINUATION,5.0,NEUTRAL,0.0,0,0.0,True,True,True,0.8154,0.013245,track_b_cont
trackb_cont_MH_20260612,MH,2026-06-12,2026-08-11,,,,12.36,call,BULLISH,CONTINUATION,5.0,NEUTRAL,0.0,0,0.0,True,True,True,0.8152,0.000388,track_b_cont
trackb_cont_CHD_20260612,CHD,2026-06-12,2026-08-11,,,,97.08,call,BULLISH,CONTINUATION,5.0,NEUTRAL,0.0,0,0.0,True,True,True,0.8145,-0.000249,track_b_cont
trackb_cont_MAC_20260612,MAC,2026-06-12,2026-08-11,,,,25.01,call,BULLISH,CONTINUATION,5.0,NEUTRAL,0.0,0,0.0,True,True,True,0.8134,0.001106,track_b_cont
trackb_cont_EWBC_20260612,EWBC,2026-06-12,2026-08-11,,,,130.18,call,BULLISH,CONTINUATION,5.0,NEUTRAL,0.0,0,0.0,True,True,True,0.8133,0.002475,track_b_cont
trackb_cont_CVCO_20260612,CVCO,2026-06-12,2026-08-11,,,,598.95,call,BULLISH,CONTINUATION,5.0,NEUTRAL,0.0,0,0.0,True,True,True,0.8132,0.087296,track_b_cont
trackb_cont_ROST_20260612,ROST,2026-06-12,2026-08-11,,,,239.11,call,BULLISH,CONTINUATION,0.0,NEUTRAL,619904.0,3,0.0,True,True,True,0.8121,0.012227,track_b_cont
trackb_cont_HSIC_20260612,HSIC,2026-06-12,2026-08-11,,,,80.22,call,BULLISH,CONTINUATION,5.0,NEUTRAL,0.0,0,0.0,True,True,True,0.8092,0.005581,track_b_cont
trackb_cont_DXPE_20260612,DXPE,2026-06-12,2026-08-11,,,,167.44,call,BULLISH,CONTINUATION,5.0,NEUTRAL,0.0,0,0.0,True,True,True,0.8086,0.01072,track_b_cont
trackb_cont_HTLD_20260612,HTLD,2026-06-12,2026-08-11,,,,16.22,call,BULLISH,CONTINUATION,5.0,NEUTRAL,0.0,0,0.0,True,True,True,0.8067,0.002529,track_b_cont
trackb_cont_MMI_20260612,MMI,2026-06-12,2026-08-11,,,,30.33,call,BULLISH,CONTINUATION,5.0,NEUTRAL,0.0,0,0.0,True,True,True,0.8013,0.000781,track_b_cont
trackb_cont_AXTA_20260612,AXTA,2026-06-12,2026-08-11,,,,32.68,call,BULLISH,CONTINUATION,5.0,NEUTRAL,0.0,0,0.0,True,True,True,0.7985,0.003804,track_b_cont
trackb_cont_EXTR_20260612,EXTR,2026-06-12,2026-08-11,,,,31.07,call,BULLISH,CONTINUATION,5.0,NEUTRAL,0.0,0,0.0,True,True,True,0.7982,0.005248,track_b_cont
trackb_cont_KBH_20260612,KBH,2026-06-12,2026-08-11,,,,54.31,call,BULLISH,CONTINUATION,5.0,NEUTRAL,0.0,0,0.0,True,True,True,0.7978,0.005389,track_b_cont
trackb_cont_MLAB_20260612,MLAB,2026-06-12,2026-08-11,,,,107.35,call,BULLISH,CONTINUATION,5.0,NEUTRAL,0.0,0,0.0,True,True,True,0.7929,0.002897,track_b_cont
trackb_cont_MO_20260612,MO,2026-06-12,2026-08-11,,,,71.41,call,BULLISH,CONTINUATION,5.0,NEUTRAL,0.0,0,0.0,True,True,True,0.7929,-0.003339,track_b_cont
trackb_cont_XMAX_20260612,XMAX,2026-06-12,2026-08-11,,,,8.63,call,BULLISH,CONTINUATION,5.0,NEUTRAL,0.0,0,0.0,True,True,True,0.7925,0.000232,track_b_cont
trackb_cont_CHCT_20260612,CHCT,2026-06-12,2026-08-11,,,,17.87,call,BULLISH,CONTINUATION,5.0,NEUTRAL,0.0,0,0.0,True,True,True,0.7902,-1.7e-05,track_b_cont
trackb_cont_OTTR_20260612,OTTR,2026-06-12,2026-08-11,,,,88.51,call,BULLISH,CONTINUATION,5.0,NEUTRAL,0.0,0,0.0,True,True,True,0.7885,-0.002168,track_b_cont
trackb_cont_SNDR_20260612,SNDR,2026-06-12,2026-08-11,,,,38.11,call,BULLISH,CONTINUATION,5.0,NEUTRAL,0.0,0,0.0,True,True,True,0.7881,0.005765,track_b_cont
trackb_cont_WAL_20260612,WAL,2026-06-12,2026-08-11,,,,82.32,call,BULLISH,CONTINUATION,5.0,NEUTRAL,0.0,0,0.0,True,True,True,0.7868,0.003307,track_b_cont
trackb_cont_EXEL_20260612,EXEL,2026-06-12,2026-08-11,,,,53.5,call,BULLISH,CONTINUATION,5.0,NEUTRAL,0.0,0,0.0,True,True,True,0.7832,0.001463,track_b_cont
trackb_cont_FHN_20260612,FHN,2026-06-12,2026-08-11,,,,24.99,call,BULLISH,CONTINUATION,5.0,NEUTRAL,0.0,0,0.0,True,True,True,0.7831,0.000152,track_b_cont
trackb_cont_JBHT_20260612,JBHT,2026-06-12,2026-08-11,,,,289.14,call,BULLISH,CONTINUATION,5.0,NEUTRAL,0.0,0,0.0,True,True,True,0.7808,0.030904,track_b_cont
trackb_cont_TREX_20260612,TREX,2026-06-12,2026-08-11,,,,46.34,call,BULLISH,CONTINUATION,5.0,NEUTRAL,0.0,0,0.0,True,True,True,0.7794,0.003937,track_b_cont
trackb_cont_TECH_20260612,TECH,2026-06-12,2026-08-11,,,,54.02,call,BULLISH,CONTINUATION,5.0,NEUTRAL,0.0,0,0.0,True,True,True,0.7791,0.007363,track_b_cont
trackb_cont_FOR_20260612,FOR,2026-06-12,2026-08-11,,,,28.79,call,BULLISH,CONTINUATION,5.0,NEUTRAL,0.0,0,0.0,True,True,True,0.7778,0.002352,track_b_cont
trackb_cont_FSP_20260612,FSP,2026-06-12,2026-08-11,,,,0.68,call,BULLISH,CONTINUATION,5.0,NEUTRAL,0.0,0,0.0,True,True,True,0.7778,6.6e-05,track_b_cont
trackb_cont_CURB_20260612,CURB,2026-06-12,2026-08-11,,,,29.87,call,BULLISH,CONTINUATION,5.0,NEUTRAL,0.0,0,0.0,True,True,True,0.775,0.001269,track_b_cont
trackb_cont_MSM_20260612,MSM,2026-06-12,2026-08-11,,,,115.57,call,BULLISH,CONTINUATION,5.0,NEUTRAL,0.0,0,0.0,True,True,True,0.7748,0.009953,track_b_cont
trackb_cont_PLD_20260612,PLD,2026-06-12,2026-08-11,,,,147.19,call,BULLISH,CONTINUATION,5.0,NEUTRAL,0.0,0,0.0,True,True,True,0.7724,-0.001603,track_b_cont
trackb_cont_CNP_20260612,CNP,2026-06-12,2026-08-11,,,,42.55,call,BULLISH,CONTINUATION,5.0,NEUTRAL,0.0,0,0.0,True,True,True,0.769,-0.000611,track_b_cont
trackb_cont_PPG_20260612,PPG,2026-06-12,2026-08-11,,,,118.24,call,BULLISH,CONTINUATION,5.0,NEUTRAL,0.0,0,0.0,True,True,True,0.7679,0.009199,track_b_cont
trackb_cont_MG_20260612,MG,2026-06-12,2026-08-11,,,,18.63,call,BULLISH,CONTINUATION,5.0,NEUTRAL,0.0,0,0.0,True,True,True,0.7662,0.000813,track_b_cont
trackb_cont_HLT_20260612,HLT,2026-06-12,2026-08-11,,,,341.86,call,BULLISH,CONTINUATION,5.0,NEUTRAL,0.0,0,0.0,True,True,True,0.7659,0.021203,track_b_cont
trackb_cont_FLL_20260612,FLL,2026-06-12,2026-08-11,,,,2.9,call,BULLISH,CONTINUATION,5.0,NEUTRAL,0.0,0,0.0,True,True,True,0.7656,-0.00032,track_b_cont
trackb_cont_MYE_20260612,MYE,2026-06-12,2026-08-11,,,,26.45,call,BULLISH,CONTINUATION,5.0,NEUTRAL,0.0,0,0.0,True,True,True,0.7609,0.001802,track_b_cont
trackb_cont_ROLR_20260612,ROLR,2026-06-12,2026-08-11,,,,7.36,call,BULLISH,CONTINUATION,5.0,NEUTRAL,0.0,0,0.0,True,True,True,0.7576,0.000371,track_b_cont
trackb_cont_BDN_20260612,BDN,2026-06-12,2026-08-11,,,,3.21,call,BULLISH,CONTINUATION,5.0,NEUTRAL,0.0,0,0.0,True,True,True,0.7561,0.000153,track_b_cont
trackb_cont_LH_20260612,LH,2026-06-12,2026-08-11,,,,265.27,call,BULLISH,CONTINUATION,5.0,NEUTRAL,0.0,0,0.0,True,True,True,0.752,0.006888,track_b_cont
trackb_cont_DV_20260612,DV,2026-06-12,2026-08-11,,,,10.23,call,BULLISH,CONTINUATION,5.0,NEUTRAL,0.0,0,0.0,True,True,True,0.7478,0.001091,track_b_cont
trackb_cont_MBI_20260612,MBI,2026-06-12,2026-08-11,,,,6.18,call,BULLISH,CONTINUATION,5.0,NEUTRAL,0.0,0,0.0,True,True,True,0.7471,-0.00029,track_b_cont
trackb_cont_SAIC_20260612,SAIC,2026-06-12,2026-08-11,,,,114.93,call,BULLISH,CONTINUATION,5.0,NEUTRAL,0.0,0,0.0,True,True,True,0.747,0.021515,track_b_cont
trackb_cont_KEY_20260612,KEY,2026-06-12,2026-08-11,,,,22.33,call,BULLISH,CONTINUATION,5.0,NEUTRAL,0.0,0,0.0,True,True,True,0.7454,0.000268,track_b_cont
trackb_cont_SEM_20260612,SEM,2026-06-12,2026-08-11,,,,16.66,call,BULLISH,CONTINUATION,5.0,NEUTRAL,0.0,0,0.0,True,True,True,0.7443,-0.000109,track_b_cont
trackb_cont_DHC_20260612,DHC,2026-06-12,2026-08-11,,,,8.8,call,BULLISH,CONTINUATION,5.0,NEUTRAL,0.0,0,0.0,True,True,True,0.7404,-0.000299,track_b_cont
trackb_cont_UMBF_20260612,UMBF,2026-06-12,2026-08-11,,,,132.51,call,BULLISH,CONTINUATION,5.0,NEUTRAL,0.0,0,0.0,True,True,True,0.7401,0.000178,track_b_cont
trackb_cont_SAFE_20260612,SAFE,2026-06-12,2026-08-11,,,,16.09,call,BULLISH,CONTINUATION,5.0,NEUTRAL,0.0,0,0.0,True,True,True,0.7397,0.000771,track_b_cont
trackb_cont_PBF_20260612,PBF,2026-06-12,2026-08-11,,,,41.13,call,BULLISH,CONTINUATION,0.0,NEUTRAL,316040.0,2,0.0,True,True,True,0.7395,0.000725,track_b_cont
trackb_cont_FIZZ_20260612,FIZZ,2026-06-12,2026-08-11,,,,36.96,call,BULLISH,CONTINUATION,5.0,NEUTRAL,0.0,0,0.0,True,True,True,0.7393,0.00147,track_b_cont
trackb_cont_MSEX_20260612,MSEX,2026-06-12,2026-08-11,,,,52.46,call,BULLISH,CONTINUATION,5.0,NEUTRAL,0.0,0,0.0,True,True,True,0.7357,0.001184,track_b_cont
trackb_cont_TILE_20260612,TILE,2026-06-12,2026-08-11,,,,31.32,call,BULLISH,CONTINUATION,5.0,NEUTRAL,0.0,0,0.0,True,True,True,0.7352,0.001645,track_b_cont
trackb_cont_PXED_20260612,PXED,2026-06-12,2026-08-11,,,,31.26,call,BULLISH,CONTINUATION,5.0,NEUTRAL,0.0,0,0.0,True,True,True,0.7351,0.001257,track_b_cont
trackb_cont_SGRY_20260612,SGRY,2026-06-12,2026-08-11,,,,14.94,call,BULLISH,CONTINUATION,5.0,NEUTRAL,0.0,0,0.0,True,True,True,0.7351,-0.000277,track_b_cont
trackb_cont_NMAX_20260612,NMAX,2026-06-12,2026-08-11,,,,8.76,call,BULLISH,CONTINUATION,5.0,NEUTRAL,0.0,0,0.0,True,True,True,0.7345,0.002284,track_b_cont
trackb_cont_ARE_20260612,ARE,2026-06-12,2026-08-11,,,,52.77,call,BULLISH,CONTINUATION,5.0,NEUTRAL,0.0,0,0.0,True,True,True,0.726,0.005186,track_b_cont
trackb_cont_NWS_20260612,NWS,2026-06-12,2026-08-11,,,,30.13,call,BULLISH,CONTINUATION,5.0,NEUTRAL,0.0,0,0.0,True,True,True,0.7256,0.00038,track_b_cont
trackb_cont_EQR_20260612,EQR,2026-06-12,2026-08-11,,,,66.65,call,BULLISH,CONTINUATION,5.0,NEUTRAL,0.0,0,0.0,True,True,True,0.7248,0.001016,track_b_cont
trackb_cont_RPM_20260612,RPM,2026-06-12,2026-08-11,,,,107.53,call,BULLISH,CONTINUATION,5.0,NEUTRAL,0.0,0,0.0,True,True,True,0.7233,0.008113,track_b_cont
trackb_cont_PSMT_20260612,PSMT,2026-06-12,2026-08-11,,,,180.29,call,BULLISH,CONTINUATION,5.0,NEUTRAL,0.0,0,0.0,True,True,True,0.7188,0.012805,track_b_cont
trackb_cont_HR_20260612,HR,2026-06-12,2026-08-11,,,,20.5,call,BULLISH,CONTINUATION,5.0,NEUTRAL,0.0,0,0.0,True,True,True,0.7161,-0.000927,track_b_cont
trackb_cont_SNX_20260612,SNX,2026-06-12,2026-08-11,,,,277.09,call,BULLISH,CONTINUATION,5.0,NEUTRAL,0.0,0,0.0,True,True,True,0.7149,0.047767,track_b_cont
trackb_cont_TRV_20260612,TRV,2026-06-12,2026-08-11,,,,303.9,call,BULLISH,CONTINUATION,5.0,NEUTRAL,0.0,0,0.0,True,True,True,0.7137,-0.013012,track_b_cont
trackb_cont_FPH_20260612,FPH,2026-06-12,2026-08-11,,,,5.12,call,BULLISH,CONTINUATION,5.0,NEUTRAL,0.0,0,0.0,True,True,True,0.7119,0.000207,track_b_cont
trackb_cont_AFL_20260612,AFL,2026-06-12,2026-08-11,,,,116.45,call,BULLISH,CONTINUATION,5.0,NEUTRAL,0.0,0,0.0,True,True,True,0.7087,-0.004112,track_b_cont
trackb_cont_MTRN_20260612,MTRN,2026-06-12,2026-08-11,,,,246.0,call,BULLISH,CONTINUATION,5.0,NEUTRAL,0.0,0,0.0,True,True,True,0.7081,0.020931,track_b_cont
trackb_cont_LEVI_20260612,LEVI,2026-06-12,2026-08-11,,,,24.24,call,BULLISH,CONTINUATION,5.0,NEUTRAL,0.0,0,0.0,True,True,True,0.7018,0.001783,track_b_cont
trackb_rev_CPNG_20260612,CPNG,2026-06-12,2026-08-11,,,,17.25,call,BULLISH,SHALLOW,10.0,BULLISH,2823035.0,57,64.507,False,False,False,0.1005,9e-05,track_b_rev
trackb_rev_GNRC_20260612,GNRC,2026-06-12,2026-08-11,,,,257.33,call,BULLISH,SHALLOW,10.0,BULLISH,2161856.0,18,63.348,False,False,False,0.0369,0.009156,track_b_rev
trackb_rev_POWL_20260612,POWL,2026-06-12,2026-08-11,,,,290.5,call,BULLISH,SHALLOW,10.0,BULLISH,1371207.0,3,61.371,False,False,False,0.1783,0.00297,track_b_rev
trackb_rev_ADBE_20260612,ADBE,2026-06-12,2026-08-11,,,,218.8,call,BULLISH,SHALLOW,8.32,BULLISH,18448605.0,99,60.453,False,False,False,0.0375,0.005803,track_b_rev
trackb_rev_ASTS_20260612,ASTS,2026-06-12,2026-08-11,,,,97.56,call,BULLISH,SHALLOW,8.87,BULLISH,5214667.0,100,59.582,False,True,False,0.2525,0.018462,track_b_rev
trackb_rev_ONDS_20260612,ONDS,2026-06-12,2026-08-11,,,,9.83,call,BULLISH,SHALLOW,9.61,BULLISH,1253326.0,43,58.602,False,True,False,0.1166,0.002661,track_b_rev
trackb_rev_ENTG_20260612,ENTG,2026-06-12,2026-08-11,,,,144.92,call,BULLISH,SHALLOW,10.0,BULLISH,602220.0,5,57.798,False,False,False,0.2519,-0.000553,track_b_rev
trackb_rev_EMR_20260612,EMR,2026-06-12,2026-08-11,,,,142.09,call,BULLISH,SHALLOW,10.0,BULLISH,329670.0,3,55.181,False,True,False,0.5149,0.00615,track_b_rev
trackb_rev_VEEV_20260612,VEEV,2026-06-12,2026-08-11,,,,161.55,call,BULLISH,SHALLOW,10.0,BULLISH,277565.0,4,54.434,False,True,False,0.2796,0.016865,track_b_rev
trackb_rev_CCL_20260612,CCL,2026-06-12,2026-08-11,,,,28.12,call,BULLISH,SHALLOW,8.02,BULLISH,804164.0,27,47.361,False,True,False,0.5131,0.002608,track_b_rev
trackb_rev_HON_20260612,HON,2026-06-12,2026-08-11,,,,219.12,call,BULLISH,SHALLOW,8.04,BULLISH,725611.0,10,47.12,False,False,False,0.0105,0.00179,track_b_rev
trackb_rev_LVS_20260612,LVS,2026-06-12,2026-08-11,,,,50.61,call,BULLISH,SHALLOW,7.92,BULLISH,689561.0,6,46.242,False,False,False,0.4849,0.000546,track_b_rev
trackb_rev_RCL_20260612,RCL,2026-06-12,2026-08-11,,,,287.96,call,BULLISH,SHALLOW,7.29,LEAN BULLISH,726143.0,6,42.727,False,True,False,0.5489,0.029661,track_b_rev
trackb_rev_DE_20260612,DE,2026-06-12,2026-08-11,,,,568.64,call,BULLISH,SHALLOW,7.04,LEAN BULLISH,880611.0,6,41.851,False,False,False,0.5025,0.007325,track_b_rev
trackb_rev_MP_20260612,MP,2026-06-12,2026-08-11,,,,57.18,call,BULLISH,SHALLOW,5.95,LEAN BULLISH,971165.0,12,35.624,False,False,False,0.0488,0.001854,track_b_rev
trackb_rev_CAR_20260612,CAR,2026-06-12,2026-08-11,,,,189.61,call,BULLISH,SHALLOW,6.29,LEAN BULLISH,237033.0,11,33.808,False,True,False,0.9707,0.028933,track_b_rev
trackb_rev_CVNA_20260612,CVNA,2026-06-12,2026-08-11,,,,67.82,call,BULLISH,SHALLOW,5.14,NEUTRAL,1480826.0,30,31.716,False,False,False,0.4418,0.000409,track_b_rev
trackb_rev_ABT_20260612,ABT,2026-06-12,2026-08-11,,,,89.65,call,BULLISH,SHALLOW,5.0,NEUTRAL,889377.0,3,29.745,False,True,False,0.6454,0.002049,track_b_rev
trackb_rev_KTOS_20260612,KTOS,2026-06-12,2026-08-11,,,,58.78,call,BULLISH,SHALLOW,5.0,NEUTRAL,301305.0,17,27.395,False,False,False,0.2083,0.007025,track_b_rev
trackb_rev_QUBT_20260612,QUBT,2026-06-12,2026-08-11,,,,9.91,call,BULLISH,SHALLOW,5.0,NEUTRAL,298815.0,6,27.377,False,False,False,0.1075,0.000103,track_b_rev
trackb_rev_NCLH_20260612,NCLH,2026-06-12,2026-08-11,,,,19.06,call,BULLISH,SHALLOW,5.0,NEUTRAL,218576.0,8,26.698,False,True,False,0.674,0.003166,track_b_rev
trackb_rev_BDX_20260612,BDX,2026-06-12,2026-08-11,,,,147.35,call,BULLISH,SHALLOW,5.0,NEUTRAL,207601.0,4,26.586,False,True,False,0.5228,0.001711,track_b_rev
trackb_rev_EFX_20260612,EFX,2026-06-12,2026-08-11,,,,159.58,call,BULLISH,SHALLOW,5.0,NEUTRAL,158400.0,1,25.999,False,True,False,0.4275,0.008315,track_b_rev
trackb_rev_WING_20260612,WING,2026-06-12,2026-08-11,,,,153.88,call,BULLISH,SHALLOW,5.0,NEUTRAL,150470.0,2,25.887,False,True,False,0.6375,0.0251,track_b_rev
trackb_rev_PRIM_20260612,PRIM,2026-06-12,2026-08-11,,,,94.5,call,BULLISH,SHALLOW,5.0,NEUTRAL,137665.0,7,25.694,False,False,False,0.0144,0.007044,track_b_rev
trackb_rev_DJT_20260612,DJT,2026-06-12,2026-08-11,,,,8.25,call,BULLISH,SHALLOW,5.0,NEUTRAL,126938.0,4,25.518,False,False,False,0.0159,0.000266,track_b_rev
trackb_rev_QS_20260612,QS,2026-06-12,2026-08-11,,,,7.23,call,BULLISH,SHALLOW,5.0,NEUTRAL,125672.0,7,25.496,False,False,False,0.0149,0.000225,track_b_rev
trackb_rev_CTSH_20260612,CTSH,2026-06-12,2026-08-11,,,,51.18,call,BULLISH,SHALLOW,5.0,NEUTRAL,99160.0,5,24.982,False,True,False,0.5324,0.005309,track_b_rev
trackb_rev_RCAT_20260612,RCAT,2026-06-12,2026-08-11,,,,12.01,call,BULLISH,SHALLOW,5.0,NEUTRAL,91410.0,5,24.805,False,True,False,0.3416,0.005252,track_b_rev
trackb_rev_FIG_20260612,FIG,2026-06-12,2026-08-11,,,,19.34,call,BULLISH,SHALLOW,3.81,NEUTRAL,2871148.0,19,24.605,False,True,False,0.1383,0.001189,track_b_rev
trackb_rev_DOCS_20260612,DOCS,2026-06-12,2026-08-11,,,,20.02,call,BULLISH,SHALLOW,5.0,NEUTRAL,81795.0,3,24.564,False,False,False,0.3308,0.000504,track_b_rev
trackb_rev_MOS_20260612,MOS,2026-06-12,2026-08-11,,,,21.09,call,BULLISH,SHALLOW,5.0,NEUTRAL,77076.0,4,24.435,False,False,False,0.0043,0.000455,track_b_rev
trackb_rev_AVGO_20260612,AVGO,2026-06-12,2026-08-11,,,,385.57,call,BULLISH,SHALLOW,3.26,NEUTRAL,25580407.0,74,24.15,False,False,False,0.0142,0.002771,track_b_rev
trackb_rev_ENVX_20260612,ENVX,2026-06-12,2026-08-11,,,,6.7,call,BULLISH,SHALLOW,5.0,NEUTRAL,64640.0,2,24.052,False,False,False,0.2367,0.001569,track_b_rev
trackb_rev_METC_20260612,METC,2026-06-12,2026-08-11,,,,14.87,call,BULLISH,SHALLOW,5.0,NEUTRAL,48585.0,2,23.433,False,False,False,0.2283,0.001887,track_b_rev
trackb_rev_MHK_20260612,MHK,2026-06-12,2026-08-11,,,,109.35,call,BULLISH,SHALLOW,5.0,NEUTRAL,48000.0,1,23.406,False,True,False,0.5623,0.00651,track_b_rev
trackb_rev_OSK_20260612,OSK,2026-06-12,2026-08-11,,,,133.96,call,BULLISH,SHALLOW,5.0,NEUTRAL,46740.0,2,23.349,False,False,False,0.5386,0.005924,track_b_rev
trackb_rev_CSGP_20260612,CSGP,2026-06-12,2026-08-11,,,,32.65,call,BULLISH,SHALLOW,5.0,NEUTRAL,42625.0,3,23.148,False,True,False,0.82,0.000135,track_b_rev
trackb_rev_HROW_20260612,HROW,2026-06-12,2026-08-11,,,,37.65,call,BULLISH,SHALLOW,5.0,NEUTRAL,39710.0,2,22.995,False,True,False,0.8088,0.003391,track_b_rev
trackb_rev_PSKY_20260612,PSKY,2026-06-12,2026-08-11,,,,10.49,call,BULLISH,SHALLOW,5.0,NEUTRAL,29415.0,2,22.343,False,False,False,0.411,0.000338,track_b_rev
trackb_rev_ALGN_20260612,ALGN,2026-06-12,2026-08-11,,,,176.51,call,BULLISH,SHALLOW,5.0,NEUTRAL,28000.0,1,22.236,False,True,False,0.6693,0.010419,track_b_rev
trackb_rev_J_20260612,J,2026-06-12,2026-08-11,,,,126.31,call,BULLISH,SHALLOW,5.0,NEUTRAL,19840.0,1,21.488,False,True,False,0.7626,0.010939,track_b_rev
trackb_rev_COUR_20260612,COUR,2026-06-12,2026-08-11,,,,5.33,call,BULLISH,SHALLOW,5.0,NEUTRAL,18000.0,1,21.276,False,False,False,0.3452,3.9e-05,track_b_rev
trackb_rev_KBR_20260612,KBR,2026-06-12,2026-08-11,,,,35.36,call,BULLISH,SHALLOW,5.0,NEUTRAL,14998.0,1,20.88,False,True,False,0.635,0.004199,track_b_rev
trackb_rev_IIIN_20260612,IIIN,2026-06-12,2026-08-11,,,,28.9,call,BULLISH,SHALLOW,5.0,NEUTRAL,12320.0,1,20.453,False,True,False,0.7261,0.002242,track_b_rev
trackb_rev_NB_20260612,NB,2026-06-12,2026-08-11,,,,5.42,call,BULLISH,SHALLOW,5.0,NEUTRAL,12000.0,1,20.396,False,False,False,0.102,3.6e-05,track_b_rev
trackb_rev_SOFI_20260612,SOFI,2026-06-12,2026-08-11,,,,16.67,call,BULLISH,SHALLOW,2.9,NEUTRAL,3192348.0,78,18.862,False,True,False,0.2452,0.001627,track_b_rev
trackb_rev_VST_20260612,VST,2026-06-12,2026-08-11,,,,146.38,call,BULLISH,SHALLOW,2.57,NEUTRAL,4261396.0,69,17.038,False,False,False,0.1693,0.007067,track_b_rev
trackb_rev_MOD_20260612,MOD,2026-06-12,2026-08-11,,,,271.51,call,BULLISH,SHALLOW,1.89,NEUTRAL,1242992.0,16,11.518,False,False,False,0.2844,0.018752,track_b_rev
trackb_rev_TLN_20260612,TLN,2026-06-12,2026-08-11,,,,344.8,call,BULLISH,SHALLOW,1.2,NEUTRAL,914134.0,7,7.153,False,False,False,0.3193,0.022334,track_b_rev
trackb_rev_MTD_20260612,MTD,2026-06-12,2026-08-11,,,,1141.25,call,BULLISH,SHALLOW,5.0,NEUTRAL,0.0,0,0.0,False,True,False,0.6286,0.117263,track_b_rev
trackb_rev_AYI_20260612,AYI,2026-06-12,2026-08-11,,,,288.6,call,BULLISH,SHALLOW,5.0,NEUTRAL,0.0,0,0.0,False,False,False,0.2239,0.021025,track_b_rev
trackb_rev_MLM_20260612,MLM,2026-06-12,2026-08-11,,,,565.54,call,BULLISH,SHALLOW,5.0,NEUTRAL,0.0,0,0.0,False,False,False,0.4113,0.016826,track_b_rev
trackb_rev_ALGT_20260612,ALGT,2026-06-12,2026-08-11,,,,86.04,call,BULLISH,SHALLOW,5.0,NEUTRAL,0.0,0,0.0,False,True,False,0.4372,0.010057,track_b_rev
trackb_rev_LMB_20260612,LMB,2026-06-12,2026-08-11,,,,81.37,call,BULLISH,SHALLOW,5.0,NEUTRAL,0.0,0,0.0,False,True,False,0.411,0.009069,track_b_rev
trackb_rev_ROP_20260612,ROP,2026-06-12,2026-08-11,,,,332.71,call,BULLISH,SHALLOW,5.0,NEUTRAL,0.0,0,0.0,False,True,False,0.6843,0.008855,track_b_rev
trackb_rev_RRX_20260612,RRX,2026-06-12,2026-08-11,,,,211.24,call,BULLISH,SHALLOW,5.0,NEUTRAL,0.0,0,0.0,False,False,False,0.5063,0.008804,track_b_rev
trackb_rev_FLS_20260612,FLS,2026-06-12,2026-08-11,,,,78.1,call,BULLISH,SHALLOW,5.0,NEUTRAL,0.0,0,0.0,False,True,False,0.7046,0.008772,track_b_rev
trackb_rev_COR_20260612,COR,2026-06-12,2026-08-11,,,,281.48,call,BULLISH,SHALLOW,5.0,NEUTRAL,0.0,0,0.0,False,True,False,0.9449,0.007128,track_b_rev
trackb_rev_BAH_20260612,BAH,2026-06-12,2026-08-11,,,,77.2,call,BULLISH,SHALLOW,5.0,NEUTRAL,0.0,0,0.0,False,True,False,0.5445,0.004634,track_b_rev
trackb_rev_BC_20260612,BC,2026-06-12,2026-08-11,,,,81.62,call,BULLISH,SHALLOW,5.0,NEUTRAL,0.0,0,0.0,False,True,False,0.4642,0.004184,track_b_rev
trackb_rev_POOL_20260612,POOL,2026-06-12,2026-08-11,,,,192.34,call,BULLISH,SHALLOW,5.0,NEUTRAL,0.0,0,0.0,False,True,False,0.7237,0.004124,track_b_rev
trackb_rev_BRC_20260612,BRC,2026-06-12,2026-08-11,,,,81.17,call,BULLISH,SHALLOW,5.0,NEUTRAL,0.0,0,0.0,False,True,False,0.3573,0.003984,track_b_rev
trackb_rev_TITN_20260612,TITN,2026-06-12,2026-08-11,,,,19.05,call,BULLISH,SHALLOW,5.0,NEUTRAL,0.0,0,0.0,False,False,False,0.3039,0.003717,track_b_rev
trackb_rev_PCAR_20260612,PCAR,2026-06-12,2026-08-11,,,,117.58,call,BULLISH,SHALLOW,0.0,NEUTRAL,420570.0,1,0.0,False,True,False,0.5092,0.003615,track_b_rev
trackb_rev_PVH_20260612,PVH,2026-06-12,2026-08-11,,,,81.81,call,BULLISH,SHALLOW,5.0,NEUTRAL,0.0,0,0.0,False,False,False,0.2935,0.003334,track_b_rev
trackb_rev_CWEN_20260612,CWEN,2026-06-12,2026-08-11,,,,37.69,call,BULLISH,SHALLOW,5.0,NEUTRAL,0.0,0,0.0,False,True,False,0.2931,0.002863,track_b_rev
trackb_rev_BEPC_20260612,BEPC,2026-06-12,2026-08-11,,,,37.68,call,BULLISH,SHALLOW,5.0,NEUTRAL,0.0,0,0.0,False,True,False,0.4288,0.002328,track_b_rev
trackb_rev_ROCK_20260612,ROCK,2026-06-12,2026-08-11,,,,39.41,call,BULLISH,SHALLOW,5.0,NEUTRAL,0.0,0,0.0,False,False,False,0.5559,0.001976,track_b_rev
trackb_rev_CHDN_20260612,CHDN,2026-06-12,2026-08-11,,,,87.07,call,BULLISH,SHALLOW,5.0,NEUTRAL,0.0,0,0.0,False,True,False,0.763,0.001473,track_b_rev
trackb_rev_MRP_20260612,MRP,2026-06-12,2026-08-11,,,,29.28,call,BULLISH,SHALLOW,5.0,NEUTRAL,0.0,0,0.0,False,True,False,0.7553,0.001444,track_b_rev
trackb_rev_AN_20260612,AN,2026-06-12,2026-08-11,,,,194.07,call,BULLISH,SHALLOW,5.0,NEUTRAL,0.0,0,0.0,False,False,False,0.735,0.001436,track_b_rev
trackb_rev_EMN_20260612,EMN,2026-06-12,2026-08-11,,,,73.32,call,BULLISH,SHALLOW,5.0,NEUTRAL,0.0,0,0.0,False,False,False,0.3785,0.001344,track_b_rev
trackb_rev_WY_20260612,WY,2026-06-12,2026-08-11,,,,24.33,call,BULLISH,SHALLOW,5.0,NEUTRAL,0.0,0,0.0,False,True,False,0.6477,0.001246,track_b_rev
trackb_rev_OMF_20260612,OMF,2026-06-12,2026-08-11,,,,56.72,call,BULLISH,SHALLOW,5.0,NEUTRAL,0.0,0,0.0,False,True,False,0.6067,0.001118,track_b_rev
trackb_rev_USLM_20260612,USLM,2026-06-12,2026-08-11,,,,105.95,call,BULLISH,SHALLOW,5.0,NEUTRAL,0.0,0,0.0,False,False,False,0.2403,0.001106,track_b_rev
trackb_rev_YELP_20260612,YELP,2026-06-12,2026-08-11,,,,23.02,call,BULLISH,SHALLOW,5.0,NEUTRAL,0.0,0,0.0,False,True,False,0.9255,0.001086,track_b_rev
trackb_rev_WAY_20260612,WAY,2026-06-12,2026-08-11,,,,18.45,call,BULLISH,SHALLOW,5.0,NEUTRAL,0.0,0,0.0,False,False,False,0.2236,0.000914,track_b_rev
trackb_rev_CRAI_20260612,CRAI,2026-06-12,2026-08-11,,,,147.68,call,BULLISH,SHALLOW,5.0,NEUTRAL,0.0,0,0.0,False,True,False,0.8915,0.000889,track_b_rev
trackb_rev_FUBO_20260612,FUBO,2026-06-12,2026-08-11,,,,10.47,call,BULLISH,SHALLOW,5.0,NEUTRAL,0.0,0,0.0,False,True,False,0.3993,0.00075,track_b_rev
trackb_rev_SONO_20260612,SONO,2026-06-12,2026-08-11,,,,15.44,call,BULLISH,SHALLOW,5.0,NEUTRAL,0.0,0,0.0,False,True,False,0.087,0.000701,track_b_rev
trackb_rev_FE_20260612,FE,2026-06-12,2026-08-11,,,,46.67,call,BULLISH,SHALLOW,5.0,NEUTRAL,0.0,0,0.0,False,True,False,0.7918,0.000675,track_b_rev
trackb_rev_STGW_20260612,STGW,2026-06-12,2026-08-11,,,,6.56,call,BULLISH,SHALLOW,5.0,NEUTRAL,0.0,0,0.0,False,True,False,0.4444,0.000619,track_b_rev
trackb_rev_HNI_20260612,HNI,2026-06-12,2026-08-11,,,,33.12,call,BULLISH,SHALLOW,5.0,NEUTRAL,0.0,0,0.0,False,True,False,0.643,0.000606,track_b_rev
trackb_rev_XPOF_20260612,XPOF,2026-06-12,2026-08-11,,,,6.36,call,BULLISH,SHALLOW,5.0,NEUTRAL,0.0,0,0.0,False,True,False,0.9263,0.000528,track_b_rev
trackb_rev_UA_20260612,UA,2026-06-12,2026-08-11,,,,5.83,call,BULLISH,SHALLOW,5.0,NEUTRAL,0.0,0,0.0,False,True,False,0.6666,0.000482,track_b_rev
trackb_rev_DOV_20260612,DOV,2026-06-12,2026-08-11,,,,218.53,call,BULLISH,SHALLOW,5.0,NEUTRAL,0.0,0,0.0,False,False,False,0.4897,0.000469,track_b_rev
trackb_rev_PPC_20260612,PPC,2026-06-12,2026-08-11,,,,29.66,call,BULLISH,SHALLOW,5.0,NEUTRAL,0.0,0,0.0,False,True,False,0.7476,0.000448,track_b_rev
trackb_rev_UONE_20260612,UONE,2026-06-12,2026-08-11,,,,5.69,call,BULLISH,SHALLOW,5.0,NEUTRAL,0.0,0,0.0,False,False,False,0.1928,0.000437,track_b_rev
trackb_rev_WKHS_20260612,WKHS,2026-06-12,2026-08-11,,,,3.14,call,BULLISH,SHALLOW,5.0,NEUTRAL,0.0,0,0.0,False,False,False,0.1414,0.000435,track_b_rev
trackb_rev_SBH_20260612,SBH,2026-06-12,2026-08-11,,,,13.56,call,BULLISH,SHALLOW,5.0,NEUTRAL,0.0,0,0.0,False,True,False,0.8105,0.000425,track_b_rev
trackb_rev_HAYW_20260612,HAYW,2026-06-12,2026-08-11,,,,14.71,call,BULLISH,SHALLOW,5.0,NEUTRAL,0.0,0,0.0,False,True,False,0.6361,0.000422,track_b_rev
trackb_rev_ABAT_20260612,ABAT,2026-06-12,2026-08-11,,,,3.42,call,BULLISH,SHALLOW,5.0,NEUTRAL,0.0,0,0.0,False,True,False,0.2007,0.000405,track_b_rev
trackb_rev_EVGO_20260612,EVGO,2026-06-12,2026-08-11,,,,1.98,call,BULLISH,SHALLOW,5.0,NEUTRAL,0.0,0,0.0,False,True,False,0.1429,0.000379,track_b_rev
trackb_rev_DEVS_20260612,DEVS,2026-06-12,2026-08-11,,,,0.277,call,BULLISH,SHALLOW,5.0,NEUTRAL,0.0,0,0.0,False,True,False,0.2268,0.000343,track_b_rev
trackb_rev_GEHC_20260612,GEHC,2026-06-12,2026-08-11,,,,64.51,call,BULLISH,SHALLOW,5.0,NEUTRAL,0.0,0,0.0,False,True,False,0.5383,0.000324,track_b_rev
trackb_rev_NLOP_20260612,NLOP,2026-06-12,2026-08-11,,,,11.65,call,BULLISH,SHALLOW,5.0,NEUTRAL,0.0,0,0.0,False,True,False,0.5437,0.000286,track_b_rev
trackb_rev_EVLV_20260612,EVLV,2026-06-12,2026-08-11,,,,6.14,call,BULLISH,SHALLOW,5.0,NEUTRAL,0.0,0,0.0,False,False,False,0.2994,0.00028,track_b_rev
trackb_rev_SLM_20260612,SLM,2026-06-12,2026-08-11,,,,22.14,call,BULLISH,SHALLOW,5.0,NEUTRAL,0.0,0,0.0,False,False,False,0.1555,0.000248,track_b_rev
trackb_rev_GWRS_20260612,GWRS,2026-06-12,2026-08-11,,,,6.99,call,BULLISH,SHALLOW,5.0,NEUTRAL,0.0,0,0.0,False,True,False,0.4325,0.000221,track_b_rev
trackb_rev_SKYH_20260612,SKYH,2026-06-12,2026-08-11,,,,9.12,call,BULLISH,SHALLOW,5.0,NEUTRAL,0.0,0,0.0,False,False,False,0.6519,0.000141,track_b_rev
trackb_rev_GXAI_20260612,GXAI,2026-06-12,2026-08-11,,,,1.22,call,BULLISH,SHALLOW,5.0,NEUTRAL,0.0,0,0.0,False,True,False,0.1468,0.000124,track_b_rev
trackb_rev_DCH_20260612,DCH,2026-06-12,2026-08-11,,,,6.23,call,BULLISH,SHALLOW,5.0,NEUTRAL,0.0,0,0.0,False,False,False,0.3179,0.000117,track_b_rev
trackb_rev_GT_20260612,GT,2026-06-12,2026-08-11,,,,5.99,call,BULLISH,SHALLOW,5.0,NEUTRAL,0.0,0,0.0,False,True,False,0.5301,0.000103,track_b_rev
trackb_rev_FOSL_20260612,FOSL,2026-06-12,2026-08-11,,,,4.18,call,BULLISH,SHALLOW,5.0,NEUTRAL,0.0,0,0.0,False,True,False,0.5213,8.7e-05,track_b_rev
trackb_rev_AIRE_20260612,AIRE,2026-06-12,2026-08-11,,,,2.06,call,BULLISH,SHALLOW,5.0,NEUTRAL,0.0,0,0.0,False,False,False,0.1331,6.4e-05,track_b_rev
trackb_rev_ORBS_20260612,ORBS,2026-06-12,2026-08-11,,,,0.89,call,BULLISH,SHALLOW,5.0,NEUTRAL,0.0,0,0.0,False,True,False,0.3402,6.4e-05,track_b_rev
trackb_rev_ARLO_20260612,ARLO,2026-06-12,2026-08-11,,,,12.71,call,BULLISH,SHALLOW,5.0,NEUTRAL,0.0,0,0.0,False,False,False,0.108,4.3e-05,track_b_rev
trackb_rev_DOUG_20260612,DOUG,2026-06-12,2026-08-11,,,,1.75,call,BULLISH,SHALLOW,5.0,NEUTRAL,0.0,0,0.0,False,True,False,0.6,3.3e-05,track_b_rev
trackb_rev_UAVS_20260612,UAVS,2026-06-12,2026-08-11,,,,0.94,call,BULLISH,SHALLOW,5.0,NEUTRAL,0.0,0,0.0,False,False,False,0.0238,2.6e-05,track_b_rev
trackb_rev_MSS_20260612,MSS,2026-06-12,2026-08-11,,,,1.07,call,BULLISH,SHALLOW,5.0,NEUTRAL,0.0,0,0.0,False,False,False,0.1154,2.4e-05,track_b_rev
trackb_rev_RIME_20260612,RIME,2026-06-12,2026-08-11,,,,0.68,call,BULLISH,SHALLOW,5.0,NEUTRAL,0.0,0,0.0,False,False,False,0.1765,1.1e-05,track_b_rev
trackb_rev_DTCX_20260612,DTCX,2026-06-12,2026-08-11,,,,2.12,call,BULLISH,SHALLOW,5.0,NEUTRAL,0.0,0,0.0,False,False,False,0.1042,6e-06,track_b_rev
trackb_rev_GAME_20260612,GAME,2026-06-12,2026-08-11,,,,0.447,call,BULLISH,SHALLOW,5.0,NEUTRAL,0.0,0,0.0,False,True,False,0.4,-4e-06,track_b_rev
trackb_rev_SBC_20260612,SBC,2026-06-12,2026-08-11,,,,2.99,call,BULLISH,SHALLOW,5.0,NEUTRAL,0.0,0,0.0,False,False,False,0.3117,-1.3e-05,track_b_rev
trackb_rev_CDZI_20260612,CDZI,2026-06-12,2026-08-11,,,,4.02,call,BULLISH,SHALLOW,5.0,NEUTRAL,0.0,0,0.0,False,False,False,0.0227,-1.4e-05,track_b_rev
trackb_rev_BETR_20260612,BETR,2026-06-12,2026-08-11,,,,24.1,call,BULLISH,SHALLOW,5.0,NEUTRAL,0.0,0,0.0,False,False,False,0.0549,-0.000119,track_b_rev
trackb_rev_XYL_20260612,XYL,2026-06-12,2026-08-11,,,,109.05,call,BULLISH,SHALLOW,5.0,NEUTRAL,0.0,0,0.0,False,False,False,0.2466,-0.00036,track_b_rev
trackb_rev_RBC_20260612,RBC,2026-06-12,2026-08-11,,,,607.46,call,BULLISH,SHALLOW,5.0,NEUTRAL,0.0,0,0.0,False,False,False,0.3743,-0.005043,track_b_rev
