signal_id,spot_at_5d,spot_at_10d,spot_at_20d,spot_at_40d,spot_at_primary_date,max_high_to_primary,max_low_to_primary,hit_primary,hit_range_low,hit_range_high,direction_correct,days_to_primary_hit,max_drawdown_pct,final_status,resolved_date,last_updated
trackb_cont_AAL_20260615,,,,,,15.895,15.2,,,,,,-4.0398,pending,,2026-06-16T13:18:18+00:00
trackb_cont_AAL_20260616,,,,,,,,,,,,,,pending,,2026-06-16T13:18:18+00:00
trackb_cont_AAON_20260603,121.120003,,,,,150.460007,118.610001,,,,,,-19.3074,pending,,2026-06-16T13:15:45+00:00
trackb_cont_AAON_20260604,128.639999,,,,,145.770004,118.610001,,,,,,-19.3074,pending,,2026-06-16T13:15:45+00:00
trackb_cont_AAON_20260605,127.190002,,,,,141.729996,118.610001,,,,,,-19.3074,pending,,2026-06-16T13:15:45+00:00
trackb_cont_AAON_20260608,,,,,,138.660004,118.610001,,,,,,-19.3074,pending,,2026-06-16T13:15:45+00:00
trackb_cont_AAPL_20260603,291.579987,,,,,317.399994,287.380005,,,,,,-7.7432,pending,,2026-06-16T13:15:06+00:00
trackb_cont_AAPL_20260604,295.630005,,,,,317.399994,287.380005,,,,,,-7.7432,pending,,2026-06-16T13:15:06+00:00
trackb_cont_AAPL_20260605,291.130005,,,,,317.399994,287.380005,,,,,,-7.7432,pending,,2026-06-16T13:15:06+00:00
trackb_cont_AAPL_20260608,,,,,,317.399994,287.380005,,,,,,-7.7432,pending,,2026-06-16T13:15:06+00:00
trackb_cont_AAP_20260612,,,,,,62.470001,59.900002,,,,,,-1.1877,pending,,2026-06-16T13:18:03+00:00
trackb_cont_AAP_20260615,,,,,,62.470001,60.279999,,,,,,-2.8055,pending,,2026-06-16T13:18:03+00:00
trackb_cont_AAP_20260616,,,,,,,,,,,,,,pending,,2026-06-16T13:18:03+00:00
trackb_cont_AAT_20260603,24.5,,,,,24.85,23.190001,,,,,,-0.3438,pending,,2026-06-16T13:15:47+00:00
trackb_cont_AAT_20260604,24.469999,,,,,24.85,23.32,,,,,,0.2149,pending,,2026-06-16T13:15:47+00:00
trackb_cont_AAT_20260605,24.41,,,,,24.85,23.59,,,,,,1.3752,pending,,2026-06-16T13:15:47+00:00
trackb_cont_AAT_20260608,,,,,,24.85,23.66,,,,,,-0.0,pending,,2026-06-16T13:15:47+00:00
trackb_cont_AAT_20260611,,,,,,24.85,24.040001,,,,,,-1.8775,pending,,2026-06-16T13:15:47+00:00
trackb_cont_AAT_20260615,,,,,,24.42,24.040001,,,,,,-1.5158,pending,,2026-06-16T13:15:47+00:00
trackb_cont_AAT_20260616,,,,,,,,,,,,,,pending,,2026-06-16T13:15:47+00:00
trackb_cont_ABAT_20260603,3.075,,,,,4.25,3.03,,,,,,-17.8884,pending,,2026-06-16T13:15:24+00:00
trackb_cont_ABAT_20260604,3.42,,,,,4.25,3.03,,,,,,-17.8884,pending,,2026-06-16T13:15:24+00:00
trackb_cont_ABAT_20260605,3.38,,,,,4.25,3.03,,,,,,-17.8884,pending,,2026-06-16T13:15:24+00:00
trackb_cont_ABAT_20260608,3.39,,,,,4.25,3.03,,,,,,-17.8884,pending,,2026-06-16T13:15:24+00:00
trackb_cont_ABBV_20260603,224.949997,,,,,230.470001,213.729996,,,,,,-2.2457,pending,,2026-06-16T13:16:38+00:00
trackb_cont_ABBV_20260604,224.770004,,,,,230.470001,219.839996,,,,,,0.5488,pending,,2026-06-16T13:16:38+00:00
trackb_cont_ABBV_20260605,227.729996,,,,,230.470001,220.0,,,,,,0.622,pending,,2026-06-16T13:16:38+00:00
trackb_cont_ABBV_20260608,221.589996,,,,,228.580002,220.0,,,,,,-3.1818,pending,,2026-06-16T13:16:38+00:00
trackb_cont_ABBV_20260609,,,,,,228.399994,220.0,,,,,,-1.3762,pending,,2026-06-16T13:16:38+00:00
trackb_cont_ABBV_20260610,,,,,,228.399994,220.0,,,,,,-1.3762,pending,,2026-06-16T13:16:38+00:00
trackb_cont_ABBV_20260611,,,,,,228.399994,220.0,,,,,,-2.2005,pending,,2026-06-16T13:16:38+00:00
trackb_cont_ABBV_20260612,,,,,,228.399994,220.0,,,,,,-2.1222,pending,,2026-06-16T13:16:38+00:00
trackb_cont_ABBV_20260616,,,,,,,,,,,,,,pending,,2026-06-16T13:16:38+00:00
trackb_cont_ABG_20260612,,,,,,204.039993,195.789993,,,,,,-1.8498,pending,,2026-06-16T13:18:07+00:00
trackb_cont_ABG_20260616,,,,,,,,,,,,,,pending,,2026-06-16T13:18:07+00:00
trackb_cont_ABM_20260611,,,,,,47.0,43.84,,,,,,-2.2955,pending,,2026-06-16T13:17:50+00:00
trackb_cont_ABM_20260615,,,,,,45.654999,43.84,,,,,,-3.3467,pending,,2026-06-16T13:17:50+00:00
trackb_cont_ABM_20260616,,,,,,,,,,,,,,pending,,2026-06-16T13:17:50+00:00
trackb_cont_ABX_20260616,,,,,,,,,,,,,,pending,,2026-06-16T13:18:42+00:00
trackb_cont_ACEL_20260609,,,,,,14.0,12.25,,,,,,1.4073,pending,,2026-06-16T13:17:29+00:00
trackb_cont_ACEL_20260612,,,,,,14.0,12.81,,,,,,-4.4743,pending,,2026-06-16T13:17:29+00:00
trackb_cont_ACH_20260616,,,,,,,,,,,,,,pending,,2026-06-16T13:18:39+00:00
trackb_cont_ACLS_20260615,,,,,,193.645004,185.309998,,,,,,-2.1491,pending,,2026-06-16T13:18:21+00:00
trackb_cont_ACLS_20260616,,,,,,,,,,,,,,pending,,2026-06-16T13:18:21+00:00
trackb_cont_ACMR_20260603,79.959999,,,,,99.449997,74.190002,,,,,,-16.7947,pending,,2026-06-16T13:15:29+00:00
trackb_cont_ACMR_20260604,91.699997,,,,,99.449997,74.190002,,,,,,-16.7947,pending,,2026-06-16T13:15:29+00:00
trackb_cont_ACMR_20260605,93.949997,,,,,99.449997,74.190002,,,,,,-16.7947,pending,,2026-06-16T13:15:29+00:00
trackb_cont_ACMR_20260608,95.209999,,,,,99.449997,74.190002,,,,,,-16.7947,pending,,2026-06-16T13:15:29+00:00
trackb_cont_ACMR_20260616,,,,,,,,,,,,,,pending,,2026-06-16T13:15:29+00:00
trackb_cont_ACVA_20260603,5.94,,,,,6.49,5.54,,,,,,-6.6554,pending,,2026-06-16T13:16:51+00:00
trackb_cont_ACVA_20260604,6.45,,,,,6.49,5.54,,,,,,-6.6554,pending,,2026-06-16T13:16:51+00:00
trackb_cont_ACVA_20260605,6.01,,,,,6.49,5.54,,,,,,-6.6554,pending,,2026-06-16T13:16:51+00:00
trackb_cont_ACVA_20260608,6.31,,,,,6.49,5.555,,,,,,-6.4027,pending,,2026-06-16T13:16:51+00:00
trackb_cont_ADC_20260615,,,,,,75.709999,74.339996,,,,,,-1.4451,pending,,2026-06-16T13:18:22+00:00
trackb_cont_ADC_20260616,,,,,,,,,,,,,,pending,,2026-06-16T13:18:22+00:00
trackb_cont_ADI_20260603,392.670013,,,,,439.700012,383.320007,,,,,,-11.108,pending,,2026-06-16T13:16:31+00:00
trackb_cont_ADI_20260604,412.130005,,,,,433.0,383.320007,,,,,,-11.108,pending,,2026-06-16T13:16:31+00:00
trackb_cont_ADI_20260605,417.790009,,,,,433.0,383.320007,,,,,,-11.108,pending,,2026-06-16T13:16:31+00:00
trackb_cont_ADI_20260608,,,,,,433.0,383.320007,,,,,,-4.5019,pending,,2026-06-16T13:16:31+00:00
trackb_cont_ADM_20260603,81.279999,,,,,85.370003,77.720001,,,,,,-8.3869,pending,,2026-06-16T13:16:02+00:00
trackb_cont_ADM_20260604,78.900002,,,,,84.739998,77.720001,,,,,,-8.3869,pending,,2026-06-16T13:16:02+00:00
trackb_cont_ADM_20260605,80.239998,,,,,83.190002,77.720001,,,,,,-8.3869,pending,,2026-06-16T13:16:02+00:00
trackb_cont_ADM_20260608,,,,,,82.690002,77.720001,,,,,,-8.3869,pending,,2026-06-16T13:16:02+00:00
trackb_cont_ADP_20260603,231.100006,,,,,237.110001,221.839996,,,,,,-1.7233,pending,,2026-06-16T13:15:54+00:00
trackb_cont_ADP_20260604,225.770004,,,,,237.110001,221.839996,,,,,,-1.7233,pending,,2026-06-16T13:15:54+00:00
trackb_cont_ADP_20260605,226.210007,,,,,234.850006,221.839996,,,,,,-1.7233,pending,,2026-06-16T13:15:54+00:00
trackb_cont_ADP_20260608,,,,,,233.199997,221.839996,,,,,,-1.7233,pending,,2026-06-16T13:15:54+00:00
trackb_cont_ADP_20260609,,,,,,233.199997,221.839996,,,,,,-3.1605,pending,,2026-06-16T13:15:54+00:00
trackb_cont_ADP_20260612,,,,,,227.199997,221.839996,,,,,,-1.7407,pending,,2026-06-16T13:15:54+00:00
trackb_cont_ADTN_20260603,14.95,,,,,18.299999,14.0,,,,,,-19.1219,pending,,2026-06-16T13:16:57+00:00
trackb_cont_ADTN_20260604,15.2,,,,,17.32,14.0,,,,,,-19.1219,pending,,2026-06-16T13:16:57+00:00
trackb_cont_ADTN_20260605,15.26,,,,,17.059999,14.0,,,,,,-19.1219,pending,,2026-06-16T13:16:57+00:00
trackb_cont_ADTN_20260608,,,,,,17.059999,14.0,,,,,,-19.1219,pending,,2026-06-16T13:16:57+00:00
trackb_cont_AEHR_20260603,93.32,,,,,126.620003,84.620003,,,,,,-26.3726,pending,,2026-06-16T13:15:15+00:00
trackb_cont_AEHR_20260604,103.029999,,,,,126.620003,84.620003,,,,,,-26.3726,pending,,2026-06-16T13:15:15+00:00
trackb_cont_AEHR_20260605,108.470001,,,,,126.620003,84.620003,,,,,,-26.3726,pending,,2026-06-16T13:15:15+00:00
trackb_cont_AEHR_20260608,,,,,,126.620003,84.620003,,,,,,-26.3726,pending,,2026-06-16T13:15:15+00:00
trackb_cont_AEHR_20260615,,,,,,126.620003,115.389999,,,,,,-7.5993,pending,,2026-06-16T13:15:15+00:00
trackb_cont_AEHR_20260616,,,,,,,,,,,,,,pending,,2026-06-16T13:15:15+00:00
trackb_cont_AEIS_20260615,,,,,,380.059998,365.429993,,,,,,-2.33,pending,,2026-06-16T13:18:19+00:00
trackb_cont_AEIS_20260616,,,,,,,,,,,,,,pending,,2026-06-16T13:18:19+00:00
trackb_cont_AEO_20260612,,,,,,19.280001,18.33,,,,,,0.2187,pending,,2026-06-16T13:17:07+00:00
trackb_cont_AEO_20260616,,,,,,,,,,,,,,pending,,2026-06-16T13:17:07+00:00
trackb_cont_AFL_20260610,,,,,,118.389999,115.660004,,,,,,0.3645,pending,,2026-06-16T13:17:41+00:00
trackb_cont_AFL_20260612,,,,,,118.389999,115.660004,,,,,,-0.6784,pending,,2026-06-16T13:17:41+00:00
trackb_cont_AFL_20260616,,,,,,,,,,,,,,pending,,2026-06-16T13:17:41+00:00
trackb_cont_AFRM_20260603,62.810001,,,,,73.449997,61.18,,,,,,-6.8017,pending,,2026-06-16T13:16:53+00:00
trackb_cont_AFRM_20260604,66.489998,,,,,73.449997,61.18,,,,,,-6.8017,pending,,2026-06-16T13:16:53+00:00
trackb_cont_AFRM_20260605,66.169998,,,,,73.449997,61.18,,,,,,-6.8017,pending,,2026-06-16T13:16:53+00:00
trackb_cont_AGL_20260603,101.699997,,,,,118.25,80.0,,,,,,-5.482,pending,,2026-06-16T13:15:53+00:00
trackb_cont_AGL_20260604,116.160004,,,,,118.25,83.294998,,,,,,-1.5891,pending,,2026-06-16T13:15:53+00:00
trackb_cont_AGL_20260605,112.910004,,,,,118.25,91.168999,,,,,,7.7138,pending,,2026-06-16T13:15:53+00:00
trackb_cont_AGL_20260608,114.339996,,,,,118.25,93.769997,,,,,,10.7869,pending,,2026-06-16T13:15:53+00:00
trackb_cont_AGL_20260616,,,,,,,,,,,,,,pending,,2026-06-16T13:15:53+00:00
trackb_cont_AHRT_20260603,6.85,,,,,6.94,6.59,,,,,,-0.153,pending,,2026-06-16T13:16:32+00:00
trackb_cont_AHRT_20260604,6.85,,,,,6.94,6.7,,,,,,1.5136,pending,,2026-06-16T13:16:32+00:00
trackb_cont_AHRT_20260605,6.88,,,,,6.94,6.7,,,,,,1.5136,pending,,2026-06-16T13:16:32+00:00
trackb_cont_AHRT_20260608,6.79,,,,,6.94,6.73,,,,,,1.9682,pending,,2026-06-16T13:16:32+00:00
trackb_cont_AHRT_20260616,,,,,,,,,,,,,,pending,,2026-06-16T13:16:32+00:00
trackb_cont_AIT_20260610,,,,,,326.410004,313.839996,,,,,,-0.1845,pending,,2026-06-16T13:17:40+00:00
trackb_cont_AIT_20260616,,,,,,,,,,,,,,pending,,2026-06-16T13:17:40+00:00
trackb_cont_AIV_20260603,2.89,,,,,4.3,2.85,,,,,,-33.3333,pending,,2026-06-16T13:16:36+00:00
trackb_cont_AIV_20260604,2.87,,,,,3.1,2.85,,,,,,-33.3333,pending,,2026-06-16T13:16:36+00:00
trackb_cont_AIV_20260605,2.88,,,,,3.1,2.85,,,,,,-33.3333,pending,,2026-06-16T13:16:36+00:00
trackb_cont_AIZ_20260609,,,,,,262.98999,248.809998,,,,,,-1.2737,pending,,2026-06-16T13:17:29+00:00
trackb_cont_AIZ_20260610,,,,,,262.98999,252.289993,,,,,,0.1071,pending,,2026-06-16T13:17:29+00:00
trackb_cont_AIZ_20260612,,,,,,262.98999,255.369995,,,,,,-1.2108,pending,,2026-06-16T13:17:29+00:00
trackb_cont_AIZ_20260616,,,,,,,,,,,,,,pending,,2026-06-16T13:17:29+00:00
trackb_cont_AJG_20260608,,,,,,225.339996,211.5,,,,,,-2.1468,pending,,2026-06-16T13:17:04+00:00
trackb_cont_AJG_20260610,,,,,,225.339996,214.490005,,,,,,0.927,pending,,2026-06-16T13:17:04+00:00
trackb_cont_AJG_20260611,,,,,,223.660004,214.490005,,,,,,-2.5665,pending,,2026-06-16T13:17:04+00:00
trackb_cont_AJG_20260615,,,,,,218.752502,214.490005,,,,,,-1.3113,pending,,2026-06-16T13:17:04+00:00
trackb_cont_AJG_20260616,,,,,,,,,,,,,,pending,,2026-06-16T13:17:04+00:00
trackb_cont_AKAM_20260603,129.970001,,,,,164.800003,127.489998,,,,,,-21.4189,pending,,2026-06-16T13:15:44+00:00
trackb_cont_AKAM_20260604,132.460007,,,,,160.880005,127.489998,,,,,,-21.4189,pending,,2026-06-16T13:15:44+00:00
trackb_cont_AKAM_20260605,133.5,,,,,158.050003,127.489998,,,,,,-21.4189,pending,,2026-06-16T13:15:44+00:00
trackb_cont_AKAM_20260608,,,,,,150.360001,127.489998,,,,,,-21.4189,pending,,2026-06-16T13:15:44+00:00
trackb_cont_ALAB_20260603,330.859985,,,,,398.130005,303.0,,,,,,-14.5877,pending,,2026-06-16T13:15:06+00:00
trackb_cont_ALAB_20260604,367.470001,,,,,398.130005,303.0,,,,,,-14.5877,pending,,2026-06-16T13:15:06+00:00
trackb_cont_ALAB_20260605,367.149994,,,,,398.130005,303.0,,,,,,-14.5877,pending,,2026-06-16T13:15:06+00:00
trackb_cont_ALAB_20260608,,,,,,398.130005,303.0,,,,,,-14.5877,pending,,2026-06-16T13:15:06+00:00
trackb_cont_ALAB_20260615,,,,,,398.130005,364.410004,,,,,,-1.9613,pending,,2026-06-16T13:15:06+00:00
trackb_cont_ALAB_20260616,,,,,,,,,,,,,,pending,,2026-06-16T13:15:06+00:00
trackb_cont_ALGN_20260615,,,,,,182.589996,177.270004,,,,,,-1.2217,pending,,2026-06-16T13:17:33+00:00
trackb_cont_ALGN_20260616,,,,,,,,,,,,,,pending,,2026-06-16T13:17:33+00:00
trackb_cont_ALGT_20260603,80.150002,,,,,101.540001,80.0,,,,,,-5.6159,pending,,2026-06-16T13:16:44+00:00
trackb_cont_ALGT_20260604,86.040001,,,,,101.540001,80.0,,,,,,-5.6159,pending,,2026-06-16T13:16:44+00:00
trackb_cont_ALGT_20260605,91.589996,,,,,101.540001,80.0,,,,,,-5.6159,pending,,2026-06-16T13:16:44+00:00
trackb_cont_ALGT_20260608,,,,,,101.540001,80.0,,,,,,-5.6159,pending,,2026-06-16T13:16:44+00:00
trackb_cont_ALGT_20260615,,,,,,101.540001,94.709999,,,,,,-5.5497,pending,,2026-06-16T13:16:44+00:00
trackb_cont_ALGT_20260616,,,,,,,,,,,,,,pending,,2026-06-16T13:16:44+00:00
trackb_cont_ALHC_20260612,,,,,,20.43,19.15,,,,,,-5.3854,pending,,2026-06-16T13:18:04+00:00
trackb_cont_ALHC_20260615,,,,,,19.870001,19.15,,,,,,-0.9312,pending,,2026-06-16T13:18:04+00:00
trackb_cont_ALHC_20260616,,,,,,,,,,,,,,pending,,2026-06-16T13:18:04+00:00
trackb_cont_ALK_20260615,,,,,,51.439999,48.869999,,,,,,-4.8111,pending,,2026-06-16T13:18:20+00:00
trackb_cont_ALK_20260616,,,,,,,,,,,,,,pending,,2026-06-16T13:18:20+00:00
trackb_cont_ALLY_20260616,,,,,,,,,,,,,,pending,,2026-06-16T13:18:35+00:00
trackb_cont_ALL_20260610,,,,,,225.270004,217.539993,,,,,,1.172,pending,,2026-06-16T13:17:43+00:00
trackb_cont_ALL_20260612,,,,,,222.679993,218.289993,,,,,,-0.583,pending,,2026-06-16T13:17:43+00:00
trackb_cont_ALL_20260616,,,,,,,,,,,,,,pending,,2026-06-16T13:17:43+00:00
trackb_cont_ALM_20260603,15.3,,,,,21.24,14.7,,,,,,-28.2752,pending,,2026-06-16T13:16:52+00:00
trackb_cont_ALM_20260604,17.07,,,,,21.24,14.7,,,,,,-28.2752,pending,,2026-06-16T13:16:52+00:00
trackb_cont_ALM_20260605,17.68,,,,,18.91,14.7,,,,,,-28.2752,pending,,2026-06-16T13:16:52+00:00
trackb_cont_ALNT_20260603,85.760002,,,,,96.760002,82.669998,,,,,,-3.1627,pending,,2026-06-16T13:15:28+00:00
trackb_cont_ALNT_20260604,91.230003,,,,,96.760002,82.669998,,,,,,-3.1627,pending,,2026-06-16T13:15:28+00:00
trackb_cont_ALNT_20260605,91.370003,,,,,96.760002,82.669998,,,,,,-3.1627,pending,,2026-06-16T13:15:28+00:00
trackb_cont_ALNT_20260608,,,,,,96.760002,82.669998,,,,,,-3.1627,pending,,2026-06-16T13:15:28+00:00
trackb_cont_ALNT_20260609,,,,,,96.760002,82.669998,,,,,,-5.1732,pending,,2026-06-16T13:15:28+00:00
trackb_cont_ALNT_20260612,,,,,,96.760002,90.470001,,,,,,-0.8331,pending,,2026-06-16T13:15:28+00:00
trackb_cont_ALNT_20260616,,,,,,,,,,,,,,pending,,2026-06-16T13:15:28+00:00
trackb_cont_ALOY_20260603,13.91,,,,,17.784,10.38,,,,,,-0.6898,pending,,2026-06-16T13:16:02+00:00
trackb_cont_ALOY_20260604,14.06,,,,,17.784,11.95,,,,,,14.3311,pending,,2026-06-16T13:16:02+00:00
trackb_cont_ALOY_20260605,15.22,,,,,17.784,11.95,,,,,,14.3311,pending,,2026-06-16T13:16:02+00:00
trackb_cont_ALOY_20260608,15.4,,,,,17.784,11.95,,,,,,14.3311,pending,,2026-06-16T13:16:02+00:00
trackb_cont_ALOY_20260612,,,,,,17.784,14.21,,,,,,1.0669,pending,,2026-06-16T13:16:02+00:00
trackb_cont_ALOY_20260615,,,,,,17.784,15.17,,,,,,-12.8662,pending,,2026-06-16T13:16:02+00:00
trackb_cont_ALOY_20260616,,,,,,,,,,,,,,pending,,2026-06-16T13:16:02+00:00
trackb_cont_ALTG_20260616,,,,,,,,,,,,,,pending,,2026-06-16T13:18:00+00:00
trackb_cont_AMAT_20260603,497.01001,,,,,599.52002,452.910004,,,,,,-9.0542,pending,,2026-06-16T13:15:07+00:00
trackb_cont_AMAT_20260604,552.640015,,,,,599.52002,452.910004,,,,,,-9.0542,pending,,2026-06-16T13:15:07+00:00
trackb_cont_AMAT_20260605,567.25,,,,,599.52002,452.910004,,,,,,-9.0542,pending,,2026-06-16T13:15:07+00:00
trackb_cont_AMAT_20260608,,,,,,599.52002,466.51001,,,,,,2.9801,pending,,2026-06-16T13:15:07+00:00
trackb_cont_AMAT_20260616,,,,,,,,,,,,,,pending,,2026-06-16T13:15:07+00:00
trackb_cont_AMC_20260603,2.08,,,,,2.46,1.72,,,,,,-8.2667,pending,,2026-06-16T13:16:09+00:00
trackb_cont_AMC_20260604,2.28,,,,,2.46,1.72,,,,,,-8.2667,pending,,2026-06-16T13:16:09+00:00
trackb_cont_AMC_20260605,2.34,,,,,2.46,1.72,,,,,,-8.2667,pending,,2026-06-16T13:16:09+00:00
trackb_cont_AMC_20260608,2.28,,,,,2.46,1.79,,,,,,-4.5333,pending,,2026-06-16T13:16:09+00:00
trackb_cont_AMC_20260611,,,,,,2.46,2.05,,,,,,-1.4423,pending,,2026-06-16T13:16:09+00:00
trackb_cont_AMC_20260612,,,,,,2.46,2.19,,,,,,-3.9474,pending,,2026-06-16T13:16:09+00:00
trackb_cont_AMC_20260615,,,,,,2.46,2.25,,,,,,-4.943,pending,,2026-06-16T13:16:09+00:00
trackb_cont_AMC_20260616,,,,,,,,,,,,,,pending,,2026-06-16T13:16:09+00:00
trackb_cont_AMD_20260603,452.399994,,,,,558.369995,437.230011,,,,,,-17.7211,pending,,2026-06-16T13:15:16+00:00
trackb_cont_AMD_20260604,488.450012,,,,,558.369995,437.230011,,,,,,-17.7211,pending,,2026-06-16T13:15:16+00:00
trackb_cont_AMD_20260605,511.570007,,,,,558.369995,437.230011,,,,,,-17.7211,pending,,2026-06-16T13:15:16+00:00
trackb_cont_AMD_20260608,,,,,,558.369995,437.230011,,,,,,-6.2503,pending,,2026-06-16T13:15:16+00:00
trackb_cont_AMD_20260615,,,,,,558.369995,530.5,,,,,,-3.257,pending,,2026-06-16T13:15:16+00:00
trackb_cont_AMD_20260616,,,,,,,,,,,,,,pending,,2026-06-16T13:15:16+00:00
trackb_cont_AMGN_20260610,,,,,,358.459991,337.48999,,,,,,-2.3834,pending,,2026-06-16T13:17:39+00:00
trackb_cont_AMGN_20260616,,,,,,,,,,,,,,pending,,2026-06-16T13:17:39+00:00
trackb_cont_AMH_20260616,,,,,,,,,,,,,,pending,,2026-06-16T13:18:40+00:00
trackb_cont_AMKR_20260603,69.610001,,,,,88.639999,64.32,,,,,,-15.4463,pending,,2026-06-16T13:16:47+00:00
trackb_cont_AMKR_20260604,76.150002,,,,,88.639999,64.32,,,,,,-15.4463,pending,,2026-06-16T13:16:47+00:00
trackb_cont_AMKR_20260605,82.779999,,,,,88.639999,64.32,,,,,,-15.4463,pending,,2026-06-16T13:16:47+00:00
trackb_cont_AMKR_20260608,,,,,,88.639999,65.199997,,,,,,-14.2895,pending,,2026-06-16T13:16:47+00:00
trackb_cont_AMKR_20260615,,,,,,88.639999,82.606697,,,,,,-3.1006,pending,,2026-06-16T13:16:47+00:00
trackb_cont_AMKR_20260616,,,,,,,,,,,,,,pending,,2026-06-16T13:16:47+00:00
trackb_cont_AMN_20260603,29.379999,,,,,32.52,28.93,,,,,,-1.9322,pending,,2026-06-16T13:15:58+00:00
trackb_cont_AMN_20260604,30.790001,,,,,32.52,29.280001,,,,,,-0.7458,pending,,2026-06-16T13:15:58+00:00
trackb_cont_AMN_20260605,30.799999,,,,,32.52,29.280001,,,,,,-0.7458,pending,,2026-06-16T13:15:58+00:00
trackb_cont_AMN_20260608,,,,,,32.52,29.280001,,,,,,-0.7458,pending,,2026-06-16T13:15:58+00:00
trackb_cont_AMN_20260610,,,,,,31.51,29.280001,,,,,,-5.6701,pending,,2026-06-16T13:15:58+00:00
trackb_cont_AMN_20260616,,,,,,,,,,,,,,pending,,2026-06-16T13:15:58+00:00
trackb_cont_AMPX_20260603,16.43,,,,,23.4,15.85,,,,,,-29.051,pending,,2026-06-16T13:16:01+00:00
trackb_cont_AMPX_20260604,17.1,,,,,22.940001,15.85,,,,,,-29.051,pending,,2026-06-16T13:16:01+00:00
trackb_cont_AMPX_20260605,16.309999,,,,,22.000999,15.85,,,,,,-29.051,pending,,2026-06-16T13:16:01+00:00
trackb_cont_AMPX_20260608,16.82,,,,,20.441,15.85,,,,,,-29.051,pending,,2026-06-16T13:16:01+00:00
trackb_cont_AMRX_20260616,,,,,,,,,,,,,,pending,,2026-06-16T13:18:37+00:00
trackb_cont_AMRZ_20260603,50.509998,,,,,55.59,50.41,,,,,,-6.7431,pending,,2026-06-16T13:15:59+00:00
trackb_cont_AMRZ_20260604,52.330002,,,,,55.59,50.41,,,,,,-6.7431,pending,,2026-06-16T13:15:59+00:00
trackb_cont_AMRZ_20260605,53.169998,,,,,55.59,50.41,,,,,,-6.7431,pending,,2026-06-16T13:15:59+00:00
trackb_cont_AMRZ_20260608,,,,,,55.59,50.41,,,,,,-6.7431,pending,,2026-06-16T13:15:59+00:00
trackb_cont_AMR_20260603,194.289993,,,,,220.580002,186.720001,,,,,,-13.1656,pending,,2026-06-16T13:15:39+00:00
trackb_cont_AMR_20260604,189.130005,,,,,220.580002,186.720001,,,,,,-13.1656,pending,,2026-06-16T13:15:39+00:00
trackb_cont_AMR_20260605,200.820007,,,,,213.964996,186.720001,,,,,,-13.1656,pending,,2026-06-16T13:15:39+00:00
trackb_cont_AMR_20260608,190.289993,,,,,208.0,186.720001,,,,,,-7.7379,pending,,2026-06-16T13:15:39+00:00
trackb_cont_AMT_20260603,192.5,,,,,196.080002,181.470001,,,,,,-2.6083,pending,,2026-06-16T13:16:05+00:00
trackb_cont_AMT_20260604,189.309998,,,,,196.080002,183.690002,,,,,,-1.4168,pending,,2026-06-16T13:16:05+00:00
trackb_cont_AMT_20260605,187.179993,,,,,196.080002,183.690002,,,,,,-1.4168,pending,,2026-06-16T13:16:05+00:00
trackb_cont_AMT_20260608,185.759995,,,,,193.929993,183.690002,,,,,,-5.373,pending,,2026-06-16T13:16:05+00:00
trackb_cont_AMT_20260610,,,,,,192.940002,183.690002,,,,,,-2.8609,pending,,2026-06-16T13:16:05+00:00
trackb_cont_ANDE_20260612,,,,,,72.25,69.080002,,,,,,-2.2084,pending,,2026-06-16T13:18:06+00:00
trackb_cont_ANET_20260603,151.759995,,,,,177.479996,145.320007,,,,,,-16.9315,pending,,2026-06-16T13:15:25+00:00
trackb_cont_ANET_20260604,156.399994,,,,,169.279999,145.320007,,,,,,-16.9315,pending,,2026-06-16T13:15:25+00:00
trackb_cont_ANET_20260605,163.240005,,,,,169.279999,145.320007,,,,,,-16.9315,pending,,2026-06-16T13:15:25+00:00
trackb_cont_ANET_20260608,169.089996,,,,,169.279999,145.320007,,,,,,-16.9315,pending,,2026-06-16T13:15:25+00:00
trackb_cont_ANF_20260612,,,,,,94.809998,90.089996,,,,,,-0.5849,pending,,2026-06-16T13:17:09+00:00
trackb_cont_ANF_20260616,,,,,,,,,,,,,,pending,,2026-06-16T13:17:09+00:00
trackb_cont_ANIP_20260616,,,,,,,,,,,,,,pending,,2026-06-16T13:18:43+00:00
trackb_cont_APH_20260603,149.220001,,,,,159.800003,138.199997,,,,,,-7.5462,pending,,2026-06-16T13:15:46+00:00
trackb_cont_APH_20260604,152.460007,,,,,159.800003,138.199997,,,,,,-7.5462,pending,,2026-06-16T13:15:46+00:00
trackb_cont_APH_20260605,153.800003,,,,,159.800003,138.199997,,,,,,-7.5462,pending,,2026-06-16T13:15:46+00:00
trackb_cont_APH_20260608,,,,,,159.800003,141.860001,,,,,,2.1972,pending,,2026-06-16T13:15:46+00:00
trackb_cont_APH_20260611,,,,,,159.354996,147.699997,,,,,,-1.0186,pending,,2026-06-16T13:15:46+00:00
trackb_cont_APH_20260612,,,,,,159.354996,151.779999,,,,,,-0.446,pending,,2026-06-16T13:15:46+00:00
trackb_cont_APH_20260616,,,,,,,,,,,,,,pending,,2026-06-16T13:15:46+00:00
trackb_cont_APLD_20260603,38.919998,,,,,48.66,37.689999,,,,,,-18.2607,pending,,2026-06-16T13:16:22+00:00
trackb_cont_APLD_20260604,41.470001,,,,,46.985001,37.689999,,,,,,-18.2607,pending,,2026-06-16T13:16:22+00:00
trackb_cont_APLD_20260605,42.700001,,,,,46.985001,37.689999,,,,,,-18.2607,pending,,2026-06-16T13:16:22+00:00
trackb_cont_APLD_20260608,46.470001,,,,,46.985001,37.93,,,,,,-17.7402,pending,,2026-06-16T13:16:22+00:00
trackb_cont_APLE_20260603,15.86,,,,,16.35,14.825,,,,,,-1.9186,pending,,2026-06-16T13:15:36+00:00
trackb_cont_APLE_20260604,16.16,,,,,16.35,15.25,,,,,,0.8932,pending,,2026-06-16T13:15:36+00:00
trackb_cont_APLE_20260605,16.219999,,,,,16.35,15.49,,,,,,2.481,pending,,2026-06-16T13:15:36+00:00
trackb_cont_APLE_20260608,16.15,,,,,16.35,15.57,,,,,,-0.4476,pending,,2026-06-16T13:15:36+00:00
trackb_cont_APLE_20260609,,,,,,16.35,15.66,,,,,,0.449,pending,,2026-06-16T13:15:36+00:00
trackb_cont_APLE_20260615,,,,,,16.309999,16.059999,,,,,,-0.9864,pending,,2026-06-16T13:15:36+00:00
trackb_cont_APLE_20260616,,,,,,,,,,,,,,pending,,2026-06-16T13:15:36+00:00
trackb_cont_APP_20260603,492.980011,,,,,599.642029,472.0,,,,,,-17.6502,pending,,2026-06-16T13:15:45+00:00
trackb_cont_APP_20260604,478.570007,,,,,595.0,472.0,,,,,,-17.6502,pending,,2026-06-16T13:15:45+00:00
trackb_cont_APP_20260605,496.769989,,,,,595.0,472.0,,,,,,-17.6502,pending,,2026-06-16T13:15:45+00:00
trackb_cont_AP_20260603,10.12,,,,,12.81,9.51,,,,,,-18.299,pending,,2026-06-16T13:16:15+00:00
trackb_cont_AP_20260604,11.21,,,,,12.81,9.51,,,,,,-18.299,pending,,2026-06-16T13:16:15+00:00
trackb_cont_AP_20260605,11.83,,,,,12.81,9.51,,,,,,-18.299,pending,,2026-06-16T13:16:15+00:00
trackb_cont_AP_20260608,,,,,,12.81,9.51,,,,,,-18.299,pending,,2026-06-16T13:16:15+00:00
trackb_cont_AP_20260616,,,,,,,,,,,,,,pending,,2026-06-16T13:16:15+00:00
trackb_cont_ARCB_20260603,165.160004,,,,,176.690002,138.990005,,,,,,-1.2575,pending,,2026-06-16T13:15:14+00:00
trackb_cont_ARCB_20260604,172.669998,,,,,176.690002,141.970001,,,,,,0.8596,pending,,2026-06-16T13:15:14+00:00
trackb_cont_ARCB_20260605,173.039993,,,,,176.690002,149.990005,,,,,,6.5573,pending,,2026-06-16T13:15:14+00:00
trackb_cont_ARCB_20260608,,,,,,176.690002,156.029999,,,,,,0.6061,pending,,2026-06-16T13:15:14+00:00
trackb_cont_ARCB_20260609,,,,,,176.690002,156.029999,,,,,,-6.1304,pending,,2026-06-16T13:15:14+00:00
trackb_cont_ARCB_20260610,,,,,,176.690002,156.029999,,,,,,-6.1304,pending,,2026-06-16T13:15:14+00:00
trackb_cont_ARCB_20260611,,,,,,176.690002,162.320007,,,,,,-1.7195,pending,,2026-06-16T13:15:14+00:00
trackb_cont_ARCB_20260615,,,,,,172.789993,162.320007,,,,,,-1.8977,pending,,2026-06-16T13:15:14+00:00
trackb_cont_ARCB_20260616,,,,,,,,,,,,,,pending,,2026-06-16T13:15:14+00:00
trackb_cont_ARCC_20260612,,,,,,19.280001,18.610001,,,,,,-2.4122,pending,,2026-06-16T13:18:04+00:00
trackb_cont_ARCC_20260616,,,,,,,,,,,,,,pending,,2026-06-16T13:18:04+00:00
trackb_cont_AREC_20260603,2.06,,,,,2.75,2.01,,,,,,-21.3307,pending,,2026-06-16T13:15:43+00:00
trackb_cont_AREC_20260604,2.17,,,,,2.51,2.01,,,,,,-21.3307,pending,,2026-06-16T13:15:43+00:00
trackb_cont_AREC_20260605,2.14,,,,,2.32,2.01,,,,,,-21.3307,pending,,2026-06-16T13:15:43+00:00
trackb_cont_ARES_20260603,128.309998,,,,,141.899994,120.0,,,,,,-1.5587,pending,,2026-06-16T13:16:50+00:00
trackb_cont_ARES_20260604,132.820007,,,,,141.899994,124.230003,,,,,,1.9114,pending,,2026-06-16T13:16:50+00:00
trackb_cont_ARES_20260605,134.899994,,,,,141.899994,124.230003,,,,,,1.9114,pending,,2026-06-16T13:16:50+00:00
trackb_cont_ARES_20260608,135.360001,,,,,141.899994,125.209999,,,,,,2.7153,pending,,2026-06-16T13:16:50+00:00
trackb_cont_ARES_20260611,,,,,,141.899994,126.68,,,,,,-1.2704,pending,,2026-06-16T13:16:50+00:00
trackb_cont_ARES_20260615,,,,,,141.899994,135.160004,,,,,,-4.6726,pending,,2026-06-16T13:16:50+00:00
trackb_cont_ARES_20260616,,,,,,,,,,,,,,pending,,2026-06-16T13:16:50+00:00
trackb_cont_ARE_20260603,52.310001,,,,,55.139999,50.189999,,,,,,-4.0161,pending,,2026-06-16T13:15:28+00:00
trackb_cont_ARE_20260604,52.77,,,,,55.139999,50.189999,,,,,,-4.0161,pending,,2026-06-16T13:15:28+00:00
trackb_cont_ARE_20260605,53.169998,,,,,55.139999,50.189999,,,,,,-4.0161,pending,,2026-06-16T13:15:28+00:00
trackb_cont_ARE_20260608,52.380001,,,,,55.139999,50.189999,,,,,,-4.0161,pending,,2026-06-16T13:15:28+00:00
trackb_cont_ARE_20260610,,,,,,54.689999,51.470001,,,,,,2.4075,pending,,2026-06-16T13:15:28+00:00
trackb_cont_ARE_20260612,,,,,,54.689999,52.310001,,,,,,-0.8717,pending,,2026-06-16T13:15:28+00:00
trackb_cont_ARE_20260615,,,,,,54.689999,52.310001,,,,,,-3.5938,pending,,2026-06-16T13:15:28+00:00
trackb_cont_ARE_20260616,,,,,,,,,,,,,,pending,,2026-06-16T13:15:28+00:00
trackb_cont_ARI_20260603,10.89,,,,,11.06,10.63,,,,,,-2.7447,pending,,2026-06-16T13:16:51+00:00
trackb_cont_ARI_20260604,10.78,,,,,11.06,10.63,,,,,,-2.7447,pending,,2026-06-16T13:16:51+00:00
trackb_cont_ARI_20260605,10.74,,,,,11.06,10.63,,,,,,-2.7447,pending,,2026-06-16T13:16:51+00:00
trackb_cont_ARI_20260608,,,,,,11.06,10.63,,,,,,-2.7447,pending,,2026-06-16T13:16:51+00:00
trackb_cont_ARI_20260609,,,,,,11.04,10.63,,,,,,-1.8467,pending,,2026-06-16T13:16:51+00:00
trackb_cont_ARI_20260610,,,,,,11.04,10.63,,,,,,-1.8467,pending,,2026-06-16T13:16:51+00:00
trackb_cont_ARMK_20260603,53.299999,,,,,54.93,52.790001,,,,,,-1.5112,pending,,2026-06-16T13:15:20+00:00
trackb_cont_ARMK_20260604,54.529999,,,,,54.93,52.790001,,,,,,-1.5112,pending,,2026-06-16T13:15:20+00:00
trackb_cont_ARMK_20260605,54.27,,,,,54.93,52.790001,,,,,,-1.5112,pending,,2026-06-16T13:15:20+00:00
trackb_cont_ARMK_20260608,54.200001,,,,,54.93,52.790001,,,,,,-1.5112,pending,,2026-06-16T13:15:20+00:00
trackb_cont_ARMK_20260610,,,,,,54.93,53.220001,,,,,,0.7573,pending,,2026-06-16T13:15:20+00:00
trackb_cont_ARMK_20260615,,,,,,54.919998,54.16,,,,,,-1.1228,pending,,2026-06-16T13:15:20+00:00
trackb_cont_ARMK_20260616,,,,,,,,,,,,,,pending,,2026-06-16T13:15:20+00:00
trackb_cont_ARQ_20260603,2.67,,,,,2.855,2.56,,,,,,-3.5782,pending,,2026-06-16T13:16:30+00:00
trackb_cont_ARQ_20260604,2.66,,,,,2.855,2.56,,,,,,-3.5782,pending,,2026-06-16T13:16:30+00:00
trackb_cont_ARQ_20260605,2.68,,,,,2.855,2.58,,,,,,-2.8249,pending,,2026-06-16T13:16:30+00:00
trackb_cont_ARRY_20260603,6.835,,,,,9.545,6.8,,,,,,-23.4665,pending,,2026-06-16T13:16:10+00:00
trackb_cont_ARRY_20260604,7.45,,,,,9.545,6.8,,,,,,-23.4665,pending,,2026-06-16T13:16:10+00:00
trackb_cont_ARRY_20260605,7.77,,,,,9.09,6.8,,,,,,-23.4665,pending,,2026-06-16T13:16:10+00:00
trackb_cont_ARRY_20260608,8.08,,,,,8.53,6.8,,,,,,-23.4665,pending,,2026-06-16T13:16:10+00:00
trackb_cont_ARR_20260603,16.83,,,,,17.290001,16.65,,,,,,-2.5176,pending,,2026-06-16T13:16:19+00:00
trackb_cont_ARR_20260604,17.129999,,,,,17.290001,16.65,,,,,,-2.5176,pending,,2026-06-16T13:16:19+00:00
trackb_cont_ARR_20260605,17.1,,,,,17.23,16.65,,,,,,-2.5176,pending,,2026-06-16T13:16:19+00:00
trackb_cont_ARR_20260608,,,,,,17.219999,16.65,,,,,,-2.5176,pending,,2026-06-16T13:16:19+00:00
trackb_cont_ARR_20260615,,,,,,17.180099,16.965,,,,,,-0.0295,pending,,2026-06-16T13:16:19+00:00
trackb_cont_ARR_20260616,,,,,,,,,,,,,,pending,,2026-06-16T13:16:19+00:00
trackb_cont_ARW_20260603,215.490005,,,,,233.300003,210.089996,,,,,,-8.9731,pending,,2026-06-16T13:15:34+00:00
trackb_cont_ARW_20260604,222.860001,,,,,232.199799,210.089996,,,,,,-8.9731,pending,,2026-06-16T13:15:34+00:00
trackb_cont_ARW_20260605,226.779999,,,,,232.199799,210.089996,,,,,,-8.9731,pending,,2026-06-16T13:15:34+00:00
trackb_cont_ARW_20260608,,,,,,232.199799,210.089996,,,,,,-8.9731,pending,,2026-06-16T13:15:34+00:00
trackb_cont_ARW_20260616,,,,,,,,,,,,,,pending,,2026-06-16T13:15:34+00:00
trackb_cont_ASH_20260603,64.870003,,,,,67.199997,54.98,,,,,,-3.8559,pending,,2026-06-16T13:16:06+00:00
trackb_cont_ASH_20260604,65.529999,,,,,67.199997,54.98,,,,,,-3.8559,pending,,2026-06-16T13:16:06+00:00
trackb_cont_ASH_20260605,64.980003,,,,,67.199997,54.98,,,,,,-3.8559,pending,,2026-06-16T13:16:06+00:00
trackb_cont_ASH_20260608,,,,,,67.199997,54.98,,,,,,-3.8559,pending,,2026-06-16T13:16:06+00:00
trackb_cont_ASH_20260616,,,,,,,,,,,,,,pending,,2026-06-16T13:16:06+00:00
trackb_cont_ASPI_20260603,5.85,,,,,8.18,5.675,,,,,,-26.672,pending,,2026-06-16T13:15:30+00:00
trackb_cont_ASPI_20260604,6.23,,,,,8.13,5.675,,,,,,-26.672,pending,,2026-06-16T13:15:30+00:00
trackb_cont_ASPI_20260605,6.55,,,,,7.39,5.675,,,,,,-26.672,pending,,2026-06-16T13:15:30+00:00
trackb_cont_ASPI_20260608,6.64,,,,,7.28,5.675,,,,,,-15.4247,pending,,2026-06-16T13:15:30+00:00
trackb_cont_ASPN_20260603,5.44,,,,,6.29,5.16,,,,,,-12.1702,pending,,2026-06-16T13:16:15+00:00
trackb_cont_ASPN_20260604,5.72,,,,,6.24,5.16,,,,,,-12.1702,pending,,2026-06-16T13:16:15+00:00
trackb_cont_ASPN_20260605,5.92,,,,,6.21,5.16,,,,,,-12.1702,pending,,2026-06-16T13:16:15+00:00
trackb_cont_ASPN_20260608,6.04,,,,,6.21,5.16,,,,,,-8.5106,pending,,2026-06-16T13:16:15+00:00
trackb_cont_ASTI_20260603,6.99,,,,,9.64,6.245,,,,,,-20.9494,pending,,2026-06-16T13:16:12+00:00
trackb_cont_ASTI_20260604,8.71,,,,,9.64,6.245,,,,,,-20.9494,pending,,2026-06-16T13:16:12+00:00
trackb_cont_ASTI_20260605,7.68,,,,,9.64,6.245,,,,,,-20.9494,pending,,2026-06-16T13:16:12+00:00
trackb_cont_ASTS_20260603,87.32,,,,,114.339996,81.5,,,,,,-25.195,pending,,2026-06-16T13:16:36+00:00
trackb_cont_ASTS_20260604,97.559998,,,,,111.57,81.5,,,,,,-25.195,pending,,2026-06-16T13:16:36+00:00
trackb_cont_ASTS_20260605,82.410004,,,,,104.489998,81.5,,,,,,-25.195,pending,,2026-06-16T13:16:36+00:00
trackb_cont_ASTS_20260608,87.57,,,,,100.940002,81.5,,,,,,-25.195,pending,,2026-06-16T13:16:36+00:00
trackb_cont_ATEX_20260603,64.779999,,,,,88.120003,61.505001,,,,,,-6.1351,pending,,2026-06-16T13:15:14+00:00
trackb_cont_ATEX_20260604,81.440002,,,,,88.120003,61.505001,,,,,,-6.1351,pending,,2026-06-16T13:15:14+00:00
trackb_cont_ATEX_20260605,82.5,,,,,88.120003,61.505001,,,,,,-6.1351,pending,,2026-06-16T13:15:14+00:00
trackb_cont_ATEX_20260608,83.010002,,,,,88.120003,61.505001,,,,,,-7.7056,pending,,2026-06-16T13:15:14+00:00
trackb_cont_ATEX_20260609,,,,,,88.120003,61.505001,,,,,,-7.1482,pending,,2026-06-16T13:15:14+00:00
trackb_cont_ATEX_20260615,,,,,,84.959999,77.639999,,,,,,-2.5847,pending,,2026-06-16T13:15:14+00:00
trackb_cont_ATEX_20260616,,,,,,,,,,,,,,pending,,2026-06-16T13:15:14+00:00
trackb_cont_ATI_20260603,183.369995,,,,,203.600006,174.949997,,,,,,-2.1396,pending,,2026-06-16T13:16:00+00:00
trackb_cont_ATI_20260604,199.5,,,,,203.600006,175.660004,,,,,,-1.7424,pending,,2026-06-16T13:16:00+00:00
trackb_cont_ATI_20260605,198.479996,,,,,203.600006,175.660004,,,,,,-1.7424,pending,,2026-06-16T13:16:00+00:00
trackb_cont_ATI_20260608,,,,,,203.600006,176.539993,,,,,,-1.2502,pending,,2026-06-16T13:16:00+00:00
trackb_cont_ATI_20260609,,,,,,203.600006,177.339996,,,,,,-1.5543,pending,,2026-06-16T13:16:00+00:00
trackb_cont_ATI_20260611,,,,,,203.600006,185.889999,,,,,,1.3743,pending,,2026-06-16T13:16:00+00:00
trackb_cont_ATI_20260616,,,,,,,,,,,,,,pending,,2026-06-16T13:16:00+00:00
trackb_cont_ATKR_20260608,79.25,,,,,83.065002,76.120003,,,,,,-5.57,pending,,2026-06-16T13:17:20+00:00
trackb_cont_AVAV_20260603,172.929993,,,,,205.550003,169.0,,,,,,-12.0799,pending,,2026-06-16T13:16:35+00:00
trackb_cont_AVAV_20260604,183.690002,,,,,205.550003,169.0,,,,,,-12.0799,pending,,2026-06-16T13:16:35+00:00
trackb_cont_AVAV_20260605,170.580002,,,,,200.869995,169.0,,,,,,-12.0799,pending,,2026-06-16T13:16:35+00:00
trackb_cont_AVAV_20260608,,,,,,190.220001,169.0,,,,,,-12.0799,pending,,2026-06-16T13:16:35+00:00
trackb_cont_AVB_20260608,184.479996,,,,,190.389999,183.690002,,,,,,-3.1784,pending,,2026-06-16T13:17:14+00:00
trackb_cont_AVB_20260609,,,,,,188.970001,183.690002,,,,,,-2.0894,pending,,2026-06-16T13:17:14+00:00
trackb_cont_AVD_20260611,,,,,,3.045,2.67,,,,,,-8.8737,pending,,2026-06-16T13:17:56+00:00
trackb_cont_AVGO_20260603,372.100006,,,,,495.0,370.329987,,,,,,-23.6716,pending,,2026-06-16T13:15:43+00:00
trackb_cont_AVGO_20260604,385.570007,,,,,426.480011,370.329987,,,,,,-23.6716,pending,,2026-06-16T13:15:43+00:00
trackb_cont_AVGO_20260605,382.070007,,,,,410.5,370.329987,,,,,,-23.6716,pending,,2026-06-16T13:15:43+00:00
trackb_cont_AVGO_20260608,,,,,,407.869995,370.329987,,,,,,-23.6716,pending,,2026-06-16T13:15:43+00:00
trackb_cont_AVTR_20260603,9.65,,,,,10.06,8.825,,,,,,-0.5073,pending,,2026-06-16T13:16:27+00:00
trackb_cont_AVTR_20260604,9.66,,,,,10.06,9.04,,,,,,1.9166,pending,,2026-06-16T13:16:27+00:00
trackb_cont_AVTR_20260605,9.39,,,,,10.06,9.04,,,,,,1.9166,pending,,2026-06-16T13:16:27+00:00
trackb_cont_AVTR_20260608,9.71,,,,,10.06,9.2,,,,,,3.7204,pending,,2026-06-16T13:16:27+00:00
trackb_cont_AVTR_20260610,,,,,,10.06,9.35,,,,,,-3.5088,pending,,2026-06-16T13:16:27+00:00
trackb_cont_AVTR_20260616,,,,,,,,,,,,,,pending,,2026-06-16T13:16:27+00:00
trackb_cont_AVT_20260603,85.389999,,,,,94.099998,82.760002,,,,,,-11.2588,pending,,2026-06-16T13:16:09+00:00
trackb_cont_AVT_20260604,88.489998,,,,,93.370003,82.760002,,,,,,-11.2588,pending,,2026-06-16T13:16:09+00:00
trackb_cont_AVT_20260605,90.589996,,,,,93.370003,82.760002,,,,,,-11.2588,pending,,2026-06-16T13:16:09+00:00
trackb_cont_AVT_20260608,,,,,,93.370003,82.760002,,,,,,-11.2588,pending,,2026-06-16T13:16:09+00:00
trackb_cont_AWR_20260603,78.519997,,,,,81.019997,76.220001,,,,,,-1.2822,pending,,2026-06-16T13:16:26+00:00
trackb_cont_AWR_20260604,76.879997,,,,,81.019997,76.400002,,,,,,-1.0491,pending,,2026-06-16T13:16:26+00:00
trackb_cont_AWR_20260605,77.769997,,,,,81.019997,76.400002,,,,,,-1.0491,pending,,2026-06-16T13:16:26+00:00
trackb_cont_AWR_20260608,,,,,,81.019997,76.480003,,,,,,-2.4116,pending,,2026-06-16T13:16:26+00:00
trackb_cont_AWR_20260609,,,,,,81.019997,76.480003,,,,,,-0.5332,pending,,2026-06-16T13:16:26+00:00
trackb_cont_AXON_20260603,447.589996,,,,,515.799988,423.040009,,,,,,-11.6956,pending,,2026-06-16T13:15:16+00:00
trackb_cont_AXON_20260604,446.200012,,,,,515.799988,423.040009,,,,,,-11.6956,pending,,2026-06-16T13:15:16+00:00
trackb_cont_AXON_20260605,441.730011,,,,,514.98999,423.040009,,,,,,-11.6956,pending,,2026-06-16T13:15:16+00:00
trackb_cont_AXON_20260608,,,,,,492.589996,423.040009,,,,,,-11.6956,pending,,2026-06-16T13:15:16+00:00
trackb_cont_AXON_20260610,,,,,,462.98999,423.040009,,,,,,-10.194,pending,,2026-06-16T13:15:16+00:00
trackb_cont_AXP_20260616,,,,,,,,,,,,,,pending,,2026-06-16T13:18:30+00:00
trackb_cont_AXSM_20260615,,,,,,255.089996,251.143997,,,,,,-0.6236,pending,,2026-06-16T13:18:20+00:00
trackb_cont_AXSM_20260616,,,,,,,,,,,,,,pending,,2026-06-16T13:18:20+00:00
trackb_cont_AXTA_20260603,32.099998,,,,,34.66,30.57,,,,,,-2.2073,pending,,2026-06-16T13:16:46+00:00
trackb_cont_AXTA_20260604,32.68,,,,,34.66,31.615,,,,,,1.1356,pending,,2026-06-16T13:16:46+00:00
trackb_cont_AXTA_20260605,33.110001,,,,,34.66,31.84,,,,,,1.8554,pending,,2026-06-16T13:16:46+00:00
trackb_cont_AXTA_20260608,33.77,,,,,34.66,31.84,,,,,,1.8554,pending,,2026-06-16T13:16:46+00:00
trackb_cont_AXTA_20260611,,,,,,34.66,31.969999,,,,,,-0.405,pending,,2026-06-16T13:16:46+00:00
trackb_cont_AXTA_20260612,,,,,,34.66,32.84,,,,,,0.4896,pending,,2026-06-16T13:16:46+00:00
trackb_cont_AXTA_20260615,,,,,,34.66,33.66,,,,,,-2.8291,pending,,2026-06-16T13:16:46+00:00
trackb_cont_AXTA_20260616,,,,,,,,,,,,,,pending,,2026-06-16T13:16:46+00:00
trackb_cont_AYI_20260603,280.390015,,,,,313.769989,279.730011,,,,,,-10.0199,pending,,2026-06-16T13:15:33+00:00
trackb_cont_AYI_20260604,288.600006,,,,,312.25,279.730011,,,,,,-10.0199,pending,,2026-06-16T13:15:33+00:00
trackb_cont_AYI_20260605,297.23999,,,,,308.190002,279.730011,,,,,,-10.0199,pending,,2026-06-16T13:15:33+00:00
trackb_cont_AYI_20260608,,,,,,306.829895,279.730011,,,,,,-7.3864,pending,,2026-06-16T13:15:33+00:00
trackb_cont_AZTA_20260603,22.379999,,,,,24.360001,21.77,,,,,,-9.0833,pending,,2026-06-16T13:16:29+00:00
trackb_cont_AZTA_20260604,22.459999,,,,,24.209999,21.77,,,,,,-9.0833,pending,,2026-06-16T13:16:29+00:00
trackb_cont_AZTA_20260605,22.59,,,,,23.41,21.77,,,,,,-9.0833,pending,,2026-06-16T13:16:29+00:00
trackb_cont_AZTA_20260608,,,,,,23.41,21.77,,,,,,-4.0546,pending,,2026-06-16T13:16:29+00:00
trackb_cont_AZTA_20260609,,,,,,23.41,21.77,,,,,,-4.1391,pending,,2026-06-16T13:16:29+00:00
trackb_cont_AZTA_20260610,,,,,,23.299999,21.77,,,,,,-4.1391,pending,,2026-06-16T13:16:29+00:00
trackb_cont_AZTA_20260611,,,,,,23.299999,21.77,,,,,,-2.7256,pending,,2026-06-16T13:16:29+00:00
trackb_cont_AZTA_20260616,,,,,,,,,,,,,,pending,,2026-06-16T13:16:29+00:00
trackb_cont_AZZ_20260616,,,,,,,,,,,,,,pending,,2026-06-16T13:18:40+00:00
trackb_cont_A_20260603,131.619995,,,,,141.089996,127.470001,,,,,,-8.0933,pending,,2026-06-16T13:16:04+00:00
trackb_cont_A_20260604,129.550003,,,,,141.089996,127.470001,,,,,,-8.0933,pending,,2026-06-16T13:16:04+00:00
trackb_cont_A_20260605,129.839996,,,,,139.0,127.470001,,,,,,-8.0933,pending,,2026-06-16T13:16:04+00:00
trackb_cont_A_20260608,,,,,,137.639999,127.470001,,,,,,-8.0933,pending,,2026-06-16T13:16:04+00:00
trackb_cont_BAC_20260611,,,,,,56.785,54.07,,,,,,-0.8618,pending,,2026-06-16T13:17:47+00:00
trackb_cont_BAC_20260612,,,,,,56.785,55.259998,,,,,,0.1813,pending,,2026-06-16T13:17:47+00:00
trackb_cont_BAC_20260616,,,,,,,,,,,,,,pending,,2026-06-16T13:17:47+00:00
trackb_cont_BAH_20260603,77.290001,,,,,81.940002,73.550003,,,,,,-6.0184,pending,,2026-06-16T13:16:49+00:00
trackb_cont_BAH_20260604,77.199997,,,,,81.940002,73.550003,,,,,,-6.0184,pending,,2026-06-16T13:16:49+00:00
trackb_cont_BAH_20260605,77.410004,,,,,80.959999,73.550003,,,,,,-6.0184,pending,,2026-06-16T13:16:49+00:00
trackb_cont_BAH_20260608,,,,,,80.349998,73.550003,,,,,,-6.0184,pending,,2026-06-16T13:16:49+00:00
trackb_cont_BAX_20260609,,,,,,21.299999,19.360001,,,,,,0.6237,pending,,2026-06-16T13:17:30+00:00
trackb_cont_BAX_20260611,,,,,,21.299999,20.040001,,,,,,-1.3294,pending,,2026-06-16T13:17:30+00:00
trackb_cont_BAX_20260616,,,,,,,,,,,,,,pending,,2026-06-16T13:17:30+00:00
trackb_cont_BBAI_20260603,4.02,,,,,5.0,3.83,,,,,,-19.9197,pending,,2026-06-16T13:16:30+00:00
trackb_cont_BBAI_20260604,4.14,,,,,4.98,3.83,,,,,,-19.9197,pending,,2026-06-16T13:16:30+00:00
trackb_cont_BBAI_20260605,4.02,,,,,4.67,3.83,,,,,,-19.9197,pending,,2026-06-16T13:16:30+00:00
trackb_cont_BBAI_20260608,4.05,,,,,4.49,3.83,,,,,,-19.9197,pending,,2026-06-16T13:16:30+00:00
trackb_cont_BBBY_20260603,5.55,,,,,6.52,5.37,,,,,,-10.8714,pending,,2026-06-16T13:15:51+00:00
trackb_cont_BBBY_20260604,5.96,,,,,6.52,5.37,,,,,,-10.8714,pending,,2026-06-16T13:15:51+00:00
trackb_cont_BBBY_20260605,5.88,,,,,6.52,5.37,,,,,,-10.8714,pending,,2026-06-16T13:15:51+00:00
trackb_cont_BBBY_20260608,,,,,,6.52,5.37,,,,,,-10.8714,pending,,2026-06-16T13:15:51+00:00
trackb_cont_BBGI_20260603,23.059999,,,,,24.5,16.5501,,,,,,-13.1684,pending,,2026-06-16T13:16:20+00:00
trackb_cont_BBGI_20260604,23.540001,,,,,24.5,16.5501,,,,,,-13.1684,pending,,2026-06-16T13:16:20+00:00
trackb_cont_BBGI_20260605,17.77,,,,,24.5,16.5501,,,,,,-13.1684,pending,,2026-06-16T13:16:20+00:00
trackb_cont_BBGI_20260608,,,,,,24.5,16.5501,,,,,,-13.1684,pending,,2026-06-16T13:16:20+00:00
trackb_cont_BBGI_20260610,,,,,,24.5,16.5501,,,,,,-21.4891,pending,,2026-06-16T13:16:20+00:00
trackb_cont_BBSI_20260603,34.34,,,,,35.130001,32.02,,,,,,-1.0965,pending,,2026-06-16T13:15:57+00:00
trackb_cont_BBSI_20260604,34.25,,,,,35.130001,32.330002,,,,,,-0.139,pending,,2026-06-16T13:15:57+00:00
trackb_cont_BBSI_20260605,34.169998,,,,,35.009998,32.389999,,,,,,0.0463,pending,,2026-06-16T13:15:57+00:00
trackb_cont_BBSI_20260616,,,,,,,,,,,,,,pending,,2026-06-16T13:15:57+00:00
trackb_cont_BBWI_20260616,,,,,,,,,,,,,,pending,,2026-06-16T13:17:24+00:00
trackb_cont_BBY_20260603,75.639999,,,,,79.497398,69.709999,,,,,,-2.1202,pending,,2026-06-16T13:16:39+00:00
trackb_cont_BBY_20260604,77.099998,,,,,79.497398,69.709999,,,,,,-2.1202,pending,,2026-06-16T13:16:39+00:00
trackb_cont_BBY_20260605,78.529999,,,,,79.497398,69.709999,,,,,,-2.1202,pending,,2026-06-16T13:16:39+00:00
trackb_cont_BBY_20260609,,,,,,79.497398,74.279999,,,,,,0.1483,pending,,2026-06-16T13:16:39+00:00
trackb_cont_BBY_20260611,,,,,,79.497398,75.230003,,,,,,-0.542,pending,,2026-06-16T13:16:39+00:00
trackb_cont_BBY_20260616,,,,,,,,,,,,,,pending,,2026-06-16T13:16:39+00:00
trackb_cont_BCAR_20260603,10.57,,,,,11.17,10.48,,,,,,-4.684,pending,,2026-06-16T13:15:58+00:00
trackb_cont_BCAR_20260604,10.6,,,,,11.07,10.48,,,,,,-4.684,pending,,2026-06-16T13:15:58+00:00
trackb_cont_BCAR_20260605,10.6,,,,,10.93,10.48,,,,,,-4.684,pending,,2026-06-16T13:15:58+00:00
trackb_cont_BCHT_20260603,1.93,,,,,2.28,1.86,,,,,,-8.4736,pending,,2026-06-16T13:16:51+00:00
trackb_cont_BCHT_20260604,2.08,,,,,2.22,1.86,,,,,,-8.4736,pending,,2026-06-16T13:16:51+00:00
trackb_cont_BCHT_20260605,2.1,,,,,2.22,1.86,,,,,,-8.4736,pending,,2026-06-16T13:16:51+00:00
trackb_cont_BCHT_20260608,2.06,,,,,2.22,1.86,,,,,,-8.4736,pending,,2026-06-16T13:16:51+00:00
trackb_cont_BCHT_20260616,,,,,,,,,,,,,,pending,,2026-06-16T13:16:51+00:00
trackb_cont_BC_20260611,,,,,,85.745003,78.309998,,,,,,-0.4703,pending,,2026-06-16T13:17:55+00:00
trackb_cont_BC_20260615,,,,,,85.745003,81.404999,,,,,,-5.0615,pending,,2026-06-16T13:17:55+00:00
trackb_cont_BC_20260616,,,,,,,,,,,,,,pending,,2026-06-16T13:17:55+00:00
trackb_cont_BDN_20260603,3.21,,,,,3.31,3.05,,,,,,-0.1637,pending,,2026-06-16T13:16:07+00:00
trackb_cont_BDN_20260604,3.21,,,,,3.31,3.05,,,,,,-0.1637,pending,,2026-06-16T13:16:07+00:00
trackb_cont_BDN_20260605,3.24,,,,,3.31,3.11,,,,,,1.8003,pending,,2026-06-16T13:16:07+00:00
trackb_cont_BDN_20260608,,,,,,3.31,3.17,,,,,,0.0,pending,,2026-06-16T13:16:07+00:00
trackb_cont_BDN_20260610,,,,,,3.31,3.17,,,,,,-0.9375,pending,,2026-06-16T13:16:07+00:00
trackb_cont_BDN_20260612,,,,,,3.27,3.18,,,,,,-0.9346,pending,,2026-06-16T13:16:07+00:00
trackb_cont_BDN_20260615,,,,,,3.255,3.18,,,,,,-1.8518,pending,,2026-06-16T13:16:07+00:00
trackb_cont_BDN_20260616,,,,,,,,,,,,,,pending,,2026-06-16T13:16:07+00:00
trackb_cont_BELFB_20260615,,,,,,304.290009,292.950012,,,,,,-2.35,pending,,2026-06-16T13:18:25+00:00
trackb_cont_BELFB_20260616,,,,,,,,,,,,,,pending,,2026-06-16T13:18:25+00:00
trackb_cont_BEN_20260608,,,,,,32.93,30.85,,,,,,-1.5321,pending,,2026-06-16T13:17:18+00:00
trackb_cont_BEPC_20260603,37.490002,,,,,40.540001,36.09,,,,,,-10.4908,pending,,2026-06-16T13:16:17+00:00
trackb_cont_BEPC_20260604,37.68,,,,,39.52,36.09,,,,,,-10.4908,pending,,2026-06-16T13:16:17+00:00
trackb_cont_BEPC_20260605,36.490002,,,,,39.380001,36.09,,,,,,-10.4908,pending,,2026-06-16T13:16:17+00:00
trackb_cont_BEPC_20260608,36.630001,,,,,39.380001,36.09,,,,,,-10.4908,pending,,2026-06-16T13:16:17+00:00
trackb_cont_BESS_20260611,,,,,,4.48,3.35,,,,,,-7.2022,pending,,2026-06-16T13:17:56+00:00
trackb_cont_BE_20260603,234.229996,,,,,298.5,230.604996,,,,,,-20.3973,pending,,2026-06-16T13:16:42+00:00
trackb_cont_BE_20260604,248.880005,,,,,295.690002,230.604996,,,,,,-20.3973,pending,,2026-06-16T13:16:42+00:00
trackb_cont_BE_20260605,260.220001,,,,,280.73999,230.604996,,,,,,-20.3973,pending,,2026-06-16T13:16:42+00:00
trackb_cont_BF-B_20260616,,,,,,,,,,,,,,pending,,2026-06-16T13:18:35+00:00
trackb_cont_BFH_20260603,96.449997,,,,,105.199997,87.449997,,,,,,-1.9729,pending,,2026-06-16T13:16:00+00:00
trackb_cont_BFH_20260604,101.629997,,,,,105.199997,88.790001,,,,,,-0.4708,pending,,2026-06-16T13:16:00+00:00
trackb_cont_BFH_20260605,101.709999,,,,,105.199997,90.080002,,,,,,0.9752,pending,,2026-06-16T13:16:00+00:00
trackb_cont_BFH_20260608,,,,,,105.199997,90.919998,,,,,,1.9168,pending,,2026-06-16T13:16:00+00:00
trackb_cont_BFH_20260609,,,,,,105.199997,91.540001,,,,,,0.1313,pending,,2026-06-16T13:16:00+00:00
trackb_cont_BFH_20260611,,,,,,105.199997,96.25,,,,,,-0.2074,pending,,2026-06-16T13:16:00+00:00
trackb_cont_BFH_20260612,,,,,,105.199997,101.169998,,,,,,-0.4526,pending,,2026-06-16T13:16:00+00:00
trackb_cont_BFH_20260616,,,,,,,,,,,,,,pending,,2026-06-16T13:16:00+00:00
trackb_cont_BG_20260603,128.210007,,,,,134.869995,120.949997,,,,,,-9.7253,pending,,2026-06-16T13:16:48+00:00
trackb_cont_BG_20260604,125.279999,,,,,132.910004,120.949997,,,,,,-9.7253,pending,,2026-06-16T13:16:48+00:00
trackb_cont_BG_20260605,127.169998,,,,,130.149994,120.949997,,,,,,-9.7253,pending,,2026-06-16T13:16:48+00:00
trackb_cont_BG_20260608,,,,,,130.149994,120.949997,,,,,,-9.7253,pending,,2026-06-16T13:16:48+00:00
trackb_cont_BHE_20260603,82.860001,,,,,92.419998,81.540001,,,,,,-7.6871,pending,,2026-06-16T13:15:58+00:00
trackb_cont_BHE_20260604,88.989998,,,,,92.419998,81.540001,,,,,,-7.6871,pending,,2026-06-16T13:15:58+00:00
trackb_cont_BHE_20260605,89.93,,,,,92.419998,81.540001,,,,,,-7.6871,pending,,2026-06-16T13:15:58+00:00
trackb_cont_BHE_20260608,,,,,,92.419998,81.540001,,,,,,-2.836,pending,,2026-06-16T13:15:58+00:00
trackb_cont_BHE_20260616,,,,,,,,,,,,,,pending,,2026-06-16T13:15:58+00:00
trackb_cont_BHF_20260610,,,,,,63.505001,62.325001,,,,,,-0.3438,pending,,2026-06-16T13:17:42+00:00
trackb_cont_BHF_20260612,,,,,,63.505001,62.75,,,,,,-0.7748,pending,,2026-06-16T13:17:42+00:00
trackb_cont_BHF_20260616,,,,,,,,,,,,,,pending,,2026-06-16T13:17:42+00:00
trackb_cont_BIIB_20260616,,,,,,,,,,,,,,pending,,2026-06-16T13:18:32+00:00
trackb_cont_BIO_20260603,291.01001,,,,,312.269989,284.570007,,,,,,-6.2959,pending,,2026-06-16T13:16:14+00:00
trackb_cont_BIO_20260604,292.440002,,,,,312.269989,284.570007,,,,,,-6.2959,pending,,2026-06-16T13:16:14+00:00
trackb_cont_BIO_20260605,285.940002,,,,,307.350006,284.570007,,,,,,-6.2959,pending,,2026-06-16T13:16:14+00:00
trackb_cont_BIO_20260608,,,,,,298.579987,284.570007,,,,,,-3.3127,pending,,2026-06-16T13:16:14+00:00
trackb_cont_BIPC_20260603,41.310001,,,,,41.924999,40.290001,,,,,,-1.6837,pending,,2026-06-16T13:16:23+00:00
trackb_cont_BIPC_20260604,40.459999,,,,,41.924999,40.290001,,,,,,-1.6837,pending,,2026-06-16T13:16:23+00:00
trackb_cont_BIPC_20260605,40.41,,,,,41.924999,40.290001,,,,,,-1.6837,pending,,2026-06-16T13:16:23+00:00
trackb_cont_BIPC_20260608,40.52,,,,,41.924999,40.290001,,,,,,-1.6837,pending,,2026-06-16T13:16:23+00:00
trackb_cont_BJRI_20260615,,,,,,52.34,50.77,,,,,,-1.979,pending,,2026-06-16T13:18:21+00:00
trackb_cont_BJRI_20260616,,,,,,,,,,,,,,pending,,2026-06-16T13:18:21+00:00
trackb_cont_BKD_20260616,,,,,,,,,,,,,,pending,,2026-06-16T13:18:38+00:00
trackb_cont_BKH_20260616,,,,,,,,,,,,,,pending,,2026-06-16T13:18:43+00:00
trackb_cont_BLLN_20260616,,,,,,,,,,,,,,pending,,2026-06-16T13:18:45+00:00
trackb_cont_BLMN_20260615,,,,,,8.32,7.62,,,,,,-7.6364,pending,,2026-06-16T13:18:27+00:00
trackb_cont_BLMN_20260616,,,,,,,,,,,,,,pending,,2026-06-16T13:18:27+00:00
trackb_cont_BMI_20260616,,,,,,,,,,,,,,pending,,2026-06-16T13:17:00+00:00
trackb_cont_BMRN_20260608,,,,,,58.259998,54.990002,,,,,,-3.1355,pending,,2026-06-16T13:17:16+00:00
trackb_cont_BMRN_20260610,,,,,,58.259998,54.990002,,,,,,-2.7586,pending,,2026-06-16T13:17:16+00:00
trackb_cont_BMRN_20260611,,,,,,56.59,54.990002,,,,,,-2.1008,pending,,2026-06-16T13:17:16+00:00
trackb_cont_BMRN_20260612,,,,,,56.345001,54.990002,,,,,,-0.9903,pending,,2026-06-16T13:17:16+00:00
trackb_cont_BMRN_20260616,,,,,,,,,,,,,,pending,,2026-06-16T13:17:16+00:00
trackb_cont_BNL_20260611,,,,,,21.5,20.725,,,,,,-1.6841,pending,,2026-06-16T13:17:53+00:00
trackb_cont_BNL_20260615,,,,,,21.1,20.725,,,,,,-1.2625,pending,,2026-06-16T13:17:53+00:00
trackb_cont_BNL_20260616,,,,,,,,,,,,,,pending,,2026-06-16T13:17:53+00:00
trackb_cont_BNY_20260603,139.75,,,,,146.449905,138.559998,,,,,,-0.9649,pending,,2026-06-16T13:16:25+00:00
trackb_cont_BNY_20260604,142.089996,,,,,146.449905,139.679993,,,,,,-0.1644,pending,,2026-06-16T13:16:25+00:00
trackb_cont_BNY_20260605,143.979996,,,,,146.449905,139.679993,,,,,,-0.1644,pending,,2026-06-16T13:16:25+00:00
trackb_cont_BNY_20260608,,,,,,146.449905,139.679993,,,,,,-0.1644,pending,,2026-06-16T13:16:25+00:00
trackb_cont_BNY_20260610,,,,,,146.449905,139.679993,,,,,,-1.4812,pending,,2026-06-16T13:16:25+00:00
trackb_cont_BNY_20260611,,,,,,146.449905,140.070007,,,,,,0.229,pending,,2026-06-16T13:16:25+00:00
trackb_cont_BNY_20260615,,,,,,146.449905,142.350006,,,,,,-2.1179,pending,,2026-06-16T13:16:25+00:00
trackb_cont_BNY_20260616,,,,,,,,,,,,,,pending,,2026-06-16T13:16:25+00:00
trackb_cont_BOC_20260603,13.68,,,,,13.86,13.06,,,,,,-1.5825,pending,,2026-06-16T13:15:24+00:00
trackb_cont_BOC_20260604,13.37,,,,,13.86,13.2,,,,,,-0.5275,pending,,2026-06-16T13:15:24+00:00
trackb_cont_BOC_20260605,13.61,,,,,13.86,13.2,,,,,,-0.5275,pending,,2026-06-16T13:15:24+00:00
trackb_cont_BOC_20260608,13.7,,,,,13.845,13.2,,,,,,-3.8602,pending,,2026-06-16T13:15:24+00:00
trackb_cont_BOC_20260612,,,,,,13.78,13.2,,,,,,-1.2715,pending,,2026-06-16T13:15:24+00:00
trackb_cont_BOC_20260615,,,,,,13.779,13.2,,,,,,-2.9412,pending,,2026-06-16T13:15:24+00:00
trackb_cont_BOC_20260616,,,,,,,,,,,,,,pending,,2026-06-16T13:15:24+00:00
trackb_cont_BOOT_20260603,165.190002,,,,,178.070007,160.869995,,,,,,-4.8979,pending,,2026-06-16T13:15:47+00:00
trackb_cont_BOOT_20260604,174.979996,,,,,178.070007,160.869995,,,,,,-4.8979,pending,,2026-06-16T13:15:47+00:00
trackb_cont_BOOT_20260605,170.610001,,,,,178.070007,160.869995,,,,,,-4.8979,pending,,2026-06-16T13:15:47+00:00
trackb_cont_BOOT_20260608,165.880005,,,,,178.070007,160.869995,,,,,,-4.8979,pending,,2026-06-16T13:15:47+00:00
trackb_cont_BOOT_20260609,,,,,,178.070007,162.460007,,,,,,0.1603,pending,,2026-06-16T13:15:47+00:00
trackb_cont_BOOT_20260610,,,,,,178.070007,162.460007,,,,,,0.1603,pending,,2026-06-16T13:15:47+00:00
trackb_cont_BOOT_20260611,,,,,,178.070007,164.270004,,,,,,-0.5569,pending,,2026-06-16T13:15:47+00:00
trackb_cont_BOOT_20260616,,,,,,,,,,,,,,pending,,2026-06-16T13:15:47+00:00
trackb_cont_BRC_20260603,77.870003,,,,,91.0,73.209999,,,,,,-16.4412,pending,,2026-06-16T13:15:57+00:00
trackb_cont_BRC_20260604,81.169998,,,,,91.0,73.209999,,,,,,-16.4412,pending,,2026-06-16T13:15:57+00:00
trackb_cont_BRC_20260605,82.629997,,,,,91.0,73.209999,,,,,,-16.4412,pending,,2026-06-16T13:15:57+00:00
trackb_cont_BRC_20260608,,,,,,88.0,73.209999,,,,,,-16.4412,pending,,2026-06-16T13:15:57+00:00
trackb_cont_BRC_20260609,,,,,,85.150002,75.169998,,,,,,-0.1461,pending,,2026-06-16T13:15:57+00:00
trackb_cont_BRC_20260610,,,,,,85.150002,75.169998,,,,,,-0.1461,pending,,2026-06-16T13:15:57+00:00
trackb_cont_BRKR_20260603,54.919998,,,,,64.540001,52.900002,,,,,,-9.3868,pending,,2026-06-16T13:15:37+00:00
trackb_cont_BRKR_20260604,55.18,,,,,64.540001,52.900002,,,,,,-9.3868,pending,,2026-06-16T13:15:37+00:00
trackb_cont_BRKR_20260605,54.23,,,,,59.959999,52.900002,,,,,,-9.3868,pending,,2026-06-16T13:15:37+00:00
trackb_cont_BRKR_20260608,,,,,,58.580002,52.900002,,,,,,-9.3868,pending,,2026-06-16T13:15:37+00:00
trackb_cont_BROS_20260603,60.279999,,,,,68.5,54.0,,,,,,-2.869,pending,,2026-06-16T13:16:14+00:00
trackb_cont_BROS_20260604,65.029999,,,,,68.5,54.0,,,,,,-2.869,pending,,2026-06-16T13:16:14+00:00
trackb_cont_BROS_20260605,65.889999,,,,,68.5,54.0,,,,,,-2.869,pending,,2026-06-16T13:16:14+00:00
trackb_cont_BROS_20260611,,,,,,68.5,59.470001,,,,,,-1.3437,pending,,2026-06-16T13:16:14+00:00
trackb_cont_BROS_20260612,,,,,,68.5,64.07,,,,,,-1.4762,pending,,2026-06-16T13:16:14+00:00
trackb_cont_BROS_20260616,,,,,,,,,,,,,,pending,,2026-06-16T13:16:14+00:00
trackb_cont_BRX_20260611,,,,,,32.799999,31.879999,,,,,,0.0628,pending,,2026-06-16T13:17:51+00:00
trackb_cont_BRX_20260612,,,,,,32.799999,31.879999,,,,,,-0.9323,pending,,2026-06-16T13:17:51+00:00
trackb_cont_BRX_20260615,,,,,,32.700001,31.879999,,,,,,-2.0433,pending,,2026-06-16T13:17:51+00:00
trackb_cont_BRX_20260616,,,,,,,,,,,,,,pending,,2026-06-16T13:17:51+00:00
trackb_cont_BTOC_20260603,0.315,,,,,0.352,0.3,,,,,,-12.5109,pending,,2026-06-16T13:16:47+00:00
trackb_cont_BTOC_20260604,0.315,,,,,0.352,0.3,,,,,,-12.5109,pending,,2026-06-16T13:16:47+00:00
trackb_cont_BTOC_20260605,0.3,,,,,0.352,0.3,,,,,,-12.5109,pending,,2026-06-16T13:16:47+00:00
trackb_cont_BTOC_20260608,,,,,,0.34,0.3,,,,,,-12.5109,pending,,2026-06-16T13:16:47+00:00
trackb_cont_BTSG_20260603,60.59,,,,,64.18,56.200001,,,,,,-7.1074,pending,,2026-06-16T13:16:44+00:00
trackb_cont_BTSG_20260604,63.080002,,,,,64.18,56.200001,,,,,,-7.1074,pending,,2026-06-16T13:16:44+00:00
trackb_cont_BTSG_20260605,63.23,,,,,64.18,56.200001,,,,,,-7.1074,pending,,2026-06-16T13:16:44+00:00
trackb_cont_BTSG_20260608,,,,,,64.18,58.099998,,,,,,-3.9669,pending,,2026-06-16T13:16:44+00:00
trackb_cont_BTSG_20260611,,,,,,64.18,61.040001,,,,,,0.7427,pending,,2026-06-16T13:16:44+00:00
trackb_cont_BTSG_20260616,,,,,,,,,,,,,,pending,,2026-06-16T13:16:44+00:00
trackb_cont_BURL_20260603,327.01001,,,,,346.299988,313.799988,,,,,,-4.6056,pending,,2026-06-16T13:16:44+00:00
trackb_cont_BURL_20260604,342.369995,,,,,346.299988,313.799988,,,,,,-4.6056,pending,,2026-06-16T13:16:44+00:00
trackb_cont_BURL_20260605,338.450012,,,,,346.299988,313.799988,,,,,,-4.6056,pending,,2026-06-16T13:16:44+00:00
trackb_cont_BURL_20260608,336.600006,,,,,346.299988,313.799988,,,,,,-1.0251,pending,,2026-06-16T13:16:44+00:00
trackb_cont_BURL_20260612,,,,,,346.299988,334.5,,,,,,-2.2987,pending,,2026-06-16T13:16:44+00:00
trackb_cont_BURL_20260616,,,,,,,,,,,,,,pending,,2026-06-16T13:16:44+00:00
trackb_cont_BWA_20260603,71.290001,,,,,78.82,71.0,,,,,,-8.5228,pending,,2026-06-16T13:15:42+00:00
trackb_cont_BWA_20260604,74.849998,,,,,77.07,71.0,,,,,,-8.5228,pending,,2026-06-16T13:15:42+00:00
trackb_cont_BWA_20260605,74.510002,,,,,76.5,71.0,,,,,,-8.5228,pending,,2026-06-16T13:15:42+00:00
trackb_cont_BWA_20260608,73.519997,,,,,76.5,71.0,,,,,,-2.2443,pending,,2026-06-16T13:15:42+00:00
trackb_cont_BWA_20260611,,,,,,76.5,71.800003,,,,,,0.7154,pending,,2026-06-16T13:15:42+00:00
trackb_cont_BWA_20260615,,,,,,76.5,73.480003,,,,,,-3.2012,pending,,2026-06-16T13:15:42+00:00
trackb_cont_BWA_20260616,,,,,,,,,,,,,,pending,,2026-06-16T13:15:42+00:00
trackb_cont_BXC_20260611,,,,,,57.849998,51.669998,,,,,,-1.0722,pending,,2026-06-16T13:17:53+00:00
trackb_cont_BXC_20260616,,,,,,,,,,,,,,pending,,2026-06-16T13:17:53+00:00
trackb_cont_BXP_20260603,65.480003,,,,,67.440002,60.310001,,,,,,-0.0994,pending,,2026-06-16T13:15:22+00:00
trackb_cont_BXP_20260604,66.230003,,,,,67.440002,61.200001,,,,,,1.3749,pending,,2026-06-16T13:15:22+00:00
trackb_cont_BXP_20260605,66.279999,,,,,67.440002,61.400002,,,,,,1.7061,pending,,2026-06-16T13:15:22+00:00
trackb_cont_BXP_20260608,65.980003,,,,,67.440002,62.23,,,,,,-0.1604,pending,,2026-06-16T13:15:22+00:00
trackb_cont_BXP_20260610,,,,,,67.440002,64.989998,,,,,,0.7128,pending,,2026-06-16T13:15:22+00:00
trackb_cont_BXP_20260611,,,,,,67.269997,64.989998,,,,,,-0.7483,pending,,2026-06-16T13:15:22+00:00
trackb_cont_BXP_20260615,,,,,,67.199997,65.610001,,,,,,-2.2424,pending,,2026-06-16T13:15:22+00:00
trackb_cont_BXP_20260616,,,,,,,,,,,,,,pending,,2026-06-16T13:15:22+00:00
trackb_cont_BX_20260616,,,,,,,,,,,,,,pending,,2026-06-16T13:18:33+00:00
trackb_cont_BYD_20260603,86.82,,,,,89.93,84.449997,,,,,,-1.4701,pending,,2026-06-16T13:16:49+00:00
trackb_cont_BYD_20260604,86.550003,,,,,89.93,85.25,,,,,,-0.5367,pending,,2026-06-16T13:16:49+00:00
trackb_cont_BYD_20260605,87.459999,,,,,89.93,85.25,,,,,,-0.5367,pending,,2026-06-16T13:16:49+00:00
trackb_cont_BYD_20260608,87.669998,,,,,89.18,85.25,,,,,,-2.9817,pending,,2026-06-16T13:16:49+00:00
trackb_cont_BYD_20260615,,,,,,88.269997,86.730003,,,,,,-1.5774,pending,,2026-06-16T13:16:49+00:00
trackb_cont_BYD_20260616,,,,,,,,,,,,,,pending,,2026-06-16T13:16:49+00:00
trackb_cont_BZH_20260603,26.4,,,,,27.799999,25.370001,,,,,,-1.6095,pending,,2026-06-16T13:15:18+00:00
trackb_cont_BZH_20260604,27.65,,,,,27.799999,25.370001,,,,,,-1.6095,pending,,2026-06-16T13:15:18+00:00
trackb_cont_BZH_20260605,27.370001,,,,,27.799999,25.370001,,,,,,-1.6095,pending,,2026-06-16T13:15:18+00:00
trackb_cont_BZH_20260608,26.85,,,,,27.799999,25.51,,,,,,-1.7334,pending,,2026-06-16T13:15:18+00:00
trackb_cont_BZH_20260616,,,,,,,,,,,,,,pending,,2026-06-16T13:15:18+00:00
trackb_cont_CACI_20260610,,,,,,535.469971,500.049988,,,,,,-3.6772,pending,,2026-06-16T13:17:01+00:00
trackb_cont_CAH_20260612,,,,,,226.660004,221.089996,,,,,,-0.0317,pending,,2026-06-16T13:17:00+00:00
trackb_cont_CAH_20260616,,,,,,,,,,,,,,pending,,2026-06-16T13:17:00+00:00
trackb_cont_CAKE_20260603,70.620003,,,,,76.519997,63.080002,,,,,,-3.2367,pending,,2026-06-16T13:16:38+00:00
trackb_cont_CAKE_20260604,74.980003,,,,,76.519997,63.080002,,,,,,-3.2367,pending,,2026-06-16T13:16:38+00:00
trackb_cont_CAKE_20260605,75.279999,,,,,76.519997,64.199997,,,,,,-1.5186,pending,,2026-06-16T13:16:38+00:00
trackb_cont_CAKE_20260608,,,,,,76.519997,65.43,,,,,,-1.0585,pending,,2026-06-16T13:16:38+00:00
trackb_cont_CAKE_20260610,,,,,,76.519997,68.25,,,,,,1.5323,pending,,2026-06-16T13:16:38+00:00
trackb_cont_CAKE_20260612,,,,,,76.519997,72.709999,,,,,,-3.0275,pending,,2026-06-16T13:16:38+00:00
trackb_cont_CAKE_20260615,,,,,,74.595001,72.709999,,,,,,-2.3896,pending,,2026-06-16T13:16:38+00:00
trackb_cont_CAKE_20260616,,,,,,,,,,,,,,pending,,2026-06-16T13:16:38+00:00
trackb_cont_CALM_20260612,,,,,,80.5,76.989998,,,,,,-3.6059,pending,,2026-06-16T13:18:02+00:00
trackb_cont_CALY_20260615,,,,,,17.82,16.77,,,,,,-4.5315,pending,,2026-06-16T13:18:18+00:00
trackb_cont_CALY_20260616,,,,,,,,,,,,,,pending,,2026-06-16T13:18:18+00:00
trackb_cont_CAL_20260603,13.74,,,,,15.04,12.17,,,,,,-13.8102,pending,,2026-06-16T13:16:06+00:00
trackb_cont_CAL_20260604,14.73,,,,,15.04,12.17,,,,,,-13.8102,pending,,2026-06-16T13:16:06+00:00
trackb_cont_CAL_20260605,14.64,,,,,15.01,12.17,,,,,,-13.8102,pending,,2026-06-16T13:16:06+00:00
trackb_cont_CAL_20260608,,,,,,15.01,12.54,,,,,,1.3743,pending,,2026-06-16T13:16:06+00:00
trackb_cont_CAL_20260611,,,,,,15.01,13.59,,,,,,-1.0917,pending,,2026-06-16T13:16:06+00:00
trackb_cont_CAL_20260616,,,,,,,,,,,,,,pending,,2026-06-16T13:16:06+00:00
trackb_cont_CARR_20260616,,,,,,,,,,,,,,pending,,2026-06-16T13:18:33+00:00
trackb_cont_CASY_20260615,,,,,,900.650024,853.450012,,,,,,-2.3814,pending,,2026-06-16T13:18:24+00:00
trackb_cont_CASY_20260616,,,,,,,,,,,,,,pending,,2026-06-16T13:18:24+00:00
trackb_cont_CAT_20260603,856.159973,,,,,946.830017,854.72998,,,,,,-8.1627,pending,,2026-06-16T13:16:45+00:00
trackb_cont_CAT_20260604,897.630005,,,,,946.830017,854.72998,,,,,,-8.1627,pending,,2026-06-16T13:16:45+00:00
trackb_cont_CAT_20260605,910.570007,,,,,946.0,854.72998,,,,,,-8.1627,pending,,2026-06-16T13:16:45+00:00
trackb_cont_CAT_20260608,,,,,,946.0,854.72998,,,,,,-8.1627,pending,,2026-06-16T13:16:45+00:00
trackb_cont_CAVA_20260616,,,,,,,,,,,,,,pending,,2026-06-16T13:18:30+00:00
trackb_cont_CBRL_20260603,44.490002,,,,,48.91,32.360001,,,,,,-2.8812,pending,,2026-06-16T13:16:49+00:00
trackb_cont_CBRL_20260604,45.5,,,,,48.91,32.360001,,,,,,-2.8812,pending,,2026-06-16T13:16:49+00:00
trackb_cont_CBRL_20260605,46.689999,,,,,48.91,32.360001,,,,,,-2.8812,pending,,2026-06-16T13:16:49+00:00
trackb_cont_CBRL_20260608,,,,,,48.91,32.57,,,,,,-2.2509,pending,,2026-06-16T13:16:49+00:00
trackb_cont_CBRL_20260615,,,,,,46.98,43.23,,,,,,-7.2118,pending,,2026-06-16T13:16:49+00:00
trackb_cont_CBRL_20260616,,,,,,,,,,,,,,pending,,2026-06-16T13:16:49+00:00
trackb_cont_CBZ_20260603,34.200001,,,,,35.669998,31.59,,,,,,-0.4098,pending,,2026-06-16T13:16:16+00:00
trackb_cont_CBZ_20260604,33.939999,,,,,35.669998,32.93,,,,,,3.8146,pending,,2026-06-16T13:16:16+00:00
trackb_cont_CBZ_20260605,35.259998,,,,,35.669998,32.93,,,,,,3.8146,pending,,2026-06-16T13:16:16+00:00
trackb_cont_CBZ_20260608,33.900002,,,,,35.669998,32.93,,,,,,-2.9472,pending,,2026-06-16T13:16:16+00:00
trackb_cont_CBZ_20260610,,,,,,35.669998,32.93,,,,,,-1.9357,pending,,2026-06-16T13:16:16+00:00
trackb_cont_CBZ_20260612,,,,,,35.669998,33.200001,,,,,,-2.1803,pending,,2026-06-16T13:16:16+00:00
trackb_cont_CBZ_20260616,,,,,,,,,,,,,,pending,,2026-06-16T13:16:16+00:00
trackb_cont_CCI_20260612,,,,,,93.650002,87.989998,,,,,,-4.4003,pending,,2026-06-16T13:18:07+00:00
trackb_cont_CCL_20260603,25.99,,,,,31.145,25.65,,,,,,-6.3356,pending,,2026-06-16T13:16:10+00:00
trackb_cont_CCL_20260604,28.120001,,,,,31.145,25.65,,,,,,-6.3356,pending,,2026-06-16T13:16:10+00:00
trackb_cont_CCL_20260605,29.18,,,,,31.145,25.65,,,,,,-6.3356,pending,,2026-06-16T13:16:10+00:00
trackb_cont_CCL_20260608,,,,,,31.145,25.65,,,,,,-6.421,pending,,2026-06-16T13:16:10+00:00
trackb_cont_CCL_20260616,,,,,,,,,,,,,,pending,,2026-06-16T13:16:10+00:00
trackb_cont_CCO_20260603,2.41,,,,,2.41,2.39,,,,,,-0.6237,pending,,2026-06-16T13:16:44+00:00
trackb_cont_CCO_20260604,2.4,,,,,2.41,2.39,,,,,,-0.6237,pending,,2026-06-16T13:16:44+00:00
trackb_cont_CCO_20260605,2.41,,,,,2.41,2.39,,,,,,-0.6237,pending,,2026-06-16T13:16:44+00:00
trackb_cont_CCO_20260608,,,,,,2.41,2.39,,,,,,-0.4167,pending,,2026-06-16T13:16:44+00:00
trackb_cont_CCO_20260616,,,,,,,,,,,,,,pending,,2026-06-16T13:16:44+00:00
trackb_cont_CCS_20260608,60.639999,,,,,62.529999,55.099998,,,,,,-0.7922,pending,,2026-06-16T13:17:13+00:00
trackb_cont_CCS_20260616,,,,,,,,,,,,,,pending,,2026-06-16T13:17:13+00:00
trackb_cont_CDNS_20260603,385.130005,,,,,415.829987,373.540009,,,,,,-6.9778,pending,,2026-06-16T13:15:07+00:00
trackb_cont_CDNS_20260604,383.73999,,,,,415.829987,373.540009,,,,,,-6.9778,pending,,2026-06-16T13:15:07+00:00
trackb_cont_CDNS_20260605,384.959991,,,,,407.0,373.540009,,,,,,-6.9778,pending,,2026-06-16T13:15:07+00:00
trackb_cont_CDNS_20260608,,,,,,406.670013,375.940002,,,,,,-0.0665,pending,,2026-06-16T13:15:07+00:00
trackb_cont_CDP_20260612,,,,,,34.759998,33.759998,,,,,,-1.5743,pending,,2026-06-16T13:18:05+00:00
trackb_cont_CDP_20260616,,,,,,,,,,,,,,pending,,2026-06-16T13:18:05+00:00
trackb_cont_CDW_20260603,129.300003,,,,,140.770004,126.279999,,,,,,-7.9827,pending,,2026-06-16T13:15:19+00:00
trackb_cont_CDW_20260604,129.130005,,,,,140.770004,126.279999,,,,,,-7.9827,pending,,2026-06-16T13:15:19+00:00
trackb_cont_CDW_20260605,132.190002,,,,,140.320007,126.279999,,,,,,-7.9827,pending,,2026-06-16T13:15:19+00:00
trackb_cont_CDW_20260608,131.300003,,,,,137.809998,126.279999,,,,,,-5.0812,pending,,2026-06-16T13:15:19+00:00
trackb_cont_CDW_20260616,,,,,,,,,,,,,,pending,,2026-06-16T13:15:19+00:00
trackb_cont_CDZI_20260603,3.9,,,,,4.84,3.83,,,,,,-17.1892,pending,,2026-06-16T13:16:53+00:00
trackb_cont_CDZI_20260604,4.02,,,,,4.66,3.83,,,,,,-17.1892,pending,,2026-06-16T13:16:53+00:00
trackb_cont_CDZI_20260605,3.99,,,,,4.56,3.83,,,,,,-17.1892,pending,,2026-06-16T13:16:53+00:00
trackb_cont_CDZI_20260608,,,,,,4.3,3.83,,,,,,-17.1892,pending,,2026-06-16T13:16:53+00:00
trackb_cont_CECO_20260616,,,,,,,,,,,,,,pending,,2026-06-16T13:18:41+00:00
trackb_cont_CFG_20260611,,,,,,68.75,65.050003,,,,,,0.1386,pending,,2026-06-16T13:17:52+00:00
trackb_cont_CFG_20260612,,,,,,68.75,66.529999,,,,,,0.0301,pending,,2026-06-16T13:17:52+00:00
trackb_cont_CFG_20260616,,,,,,,,,,,,,,pending,,2026-06-16T13:17:52+00:00
trackb_cont_CHCT_20260611,,,,,,18.290001,17.555,,,,,,-1.7077,pending,,2026-06-16T13:17:55+00:00
trackb_cont_CHCT_20260612,,,,,,18.110001,17.555,,,,,,-1.7627,pending,,2026-06-16T13:17:55+00:00
trackb_cont_CHCT_20260615,,,,,,18.059999,17.555,,,,,,-2.6345,pending,,2026-06-16T13:17:55+00:00
trackb_cont_CHCT_20260616,,,,,,,,,,,,,,pending,,2026-06-16T13:17:55+00:00
trackb_cont_CHD_20260609,,,,,,98.779999,94.75,,,,,,-0.6293,pending,,2026-06-16T13:17:32+00:00
trackb_cont_CHD_20260610,,,,,,98.779999,96.129997,,,,,,0.818,pending,,2026-06-16T13:17:32+00:00
trackb_cont_CHD_20260611,,,,,,98.779999,96.129997,,,,,,-2.098,pending,,2026-06-16T13:17:32+00:00
trackb_cont_CHD_20260612,,,,,,98.779999,96.129997,,,,,,-0.9786,pending,,2026-06-16T13:17:32+00:00
trackb_cont_CHD_20260615,,,,,,98.779999,96.510002,,,,,,-1.3291,pending,,2026-06-16T13:17:32+00:00
trackb_cont_CHD_20260616,,,,,,,,,,,,,,pending,,2026-06-16T13:17:32+00:00
trackb_cont_CHEF_20260609,,,,,,94.440002,80.760002,,,,,,-0.1731,pending,,2026-06-16T13:17:31+00:00
trackb_cont_CHEF_20260610,,,,,,94.440002,82.370003,,,,,,1.8171,pending,,2026-06-16T13:17:31+00:00
trackb_cont_CHEF_20260616,,,,,,,,,,,,,,pending,,2026-06-16T13:17:31+00:00
trackb_cont_CHRW_20260603,185.0,,,,,195.0,177.509995,,,,,,-2.1229,pending,,2026-06-16T13:16:16+00:00
trackb_cont_CHRW_20260604,191.110001,,,,,195.0,180.360001,,,,,,-0.5514,pending,,2026-06-16T13:16:16+00:00
trackb_cont_CHRW_20260605,193.740005,,,,,195.0,180.360001,,,,,,-0.5514,pending,,2026-06-16T13:16:16+00:00
trackb_cont_CHRW_20260608,,,,,,195.0,180.360001,,,,,,-0.5514,pending,,2026-06-16T13:16:16+00:00
trackb_cont_CHRW_20260610,,,,,,195.0,184.330002,,,,,,-2.0251,pending,,2026-06-16T13:16:16+00:00
trackb_cont_CHRW_20260611,,,,,,195.0,185.970001,,,,,,0.5243,pending,,2026-06-16T13:16:16+00:00
trackb_cont_CHRW_20260616,,,,,,,,,,,,,,pending,,2026-06-16T13:16:16+00:00
trackb_cont_CIA_20260603,5.38,,,,,5.74,4.94,,,,,,-4.817,pending,,2026-06-16T13:16:42+00:00
trackb_cont_CIA_20260604,5.5,,,,,5.74,4.94,,,,,,-4.817,pending,,2026-06-16T13:16:42+00:00
trackb_cont_CIA_20260605,5.56,,,,,5.74,5.01,,,,,,-3.4682,pending,,2026-06-16T13:16:42+00:00
trackb_cont_CIA_20260611,,,,,,5.74,5.28,,,,,,-1.8587,pending,,2026-06-16T13:16:42+00:00
trackb_cont_CIA_20260615,,,,,,5.74,5.5,,,,,,-3.3392,pending,,2026-06-16T13:16:42+00:00
trackb_cont_CIEN_20260603,434.649994,,,,,637.51001,417.339996,,,,,,-33.4593,pending,,2026-06-16T13:15:13+00:00
trackb_cont_CIEN_20260604,445.220001,,,,,552.390015,417.339996,,,,,,-33.4593,pending,,2026-06-16T13:15:13+00:00
trackb_cont_CIEN_20260605,445.980011,,,,,525.150024,417.339996,,,,,,-33.4593,pending,,2026-06-16T13:15:13+00:00
trackb_cont_CIFR_20260603,21.02,,,,,28.620001,20.691999,,,,,,-22.6033,pending,,2026-06-16T13:15:18+00:00
trackb_cont_CIFR_20260604,22.629999,,,,,26.889999,20.691999,,,,,,-22.6033,pending,,2026-06-16T13:15:18+00:00
trackb_cont_CIFR_20260605,24.5,,,,,26.889999,20.691999,,,,,,-22.6033,pending,,2026-06-16T13:15:18+00:00
trackb_cont_CIFR_20260608,26.030001,,,,,26.889999,20.691999,,,,,,-22.6033,pending,,2026-06-16T13:15:18+00:00
trackb_cont_CINF_20260616,,,,,,,,,,,,,,pending,,2026-06-16T13:18:38+00:00
trackb_cont_CI_20260611,,,,,,299.269989,291.48999,,,,,,-1.4604,pending,,2026-06-16T13:17:48+00:00
trackb_cont_CI_20260615,,,,,,298.0,291.48999,,,,,,-0.8773,pending,,2026-06-16T13:17:48+00:00
trackb_cont_CI_20260616,,,,,,,,,,,,,,pending,,2026-06-16T13:17:48+00:00
trackb_cont_CLAR_20260616,,,,,,,,,,,,,,pending,,2026-06-16T13:18:37+00:00
trackb_cont_CLDT_20260603,12.22,,,,,13.15,10.96,,,,,,-1.704,pending,,2026-06-16T13:15:14+00:00
trackb_cont_CLDT_20260604,12.68,,,,,13.15,11.08,,,,,,-0.6278,pending,,2026-06-16T13:15:14+00:00
trackb_cont_CLDT_20260605,12.86,,,,,13.15,11.41,,,,,,2.3318,pending,,2026-06-16T13:15:14+00:00
trackb_cont_CLDT_20260608,,,,,,13.15,11.45,,,,,,2.6906,pending,,2026-06-16T13:15:14+00:00
trackb_cont_CLDT_20260609,,,,,,13.15,11.59,,,,,,0.5204,pending,,2026-06-16T13:15:14+00:00
trackb_cont_CLDT_20260611,,,,,,13.15,12.24,,,,,,0.1637,pending,,2026-06-16T13:15:14+00:00
trackb_cont_CLDT_20260612,,,,,,13.15,12.5363,,,,,,-1.1333,pending,,2026-06-16T13:15:14+00:00
trackb_cont_CLDT_20260616,,,,,,,,,,,,,,pending,,2026-06-16T13:15:14+00:00
trackb_cont_CLF_20260603,12.41,,,,,14.89,12.12,,,,,,-15.1261,pending,,2026-06-16T13:15:32+00:00
trackb_cont_CLF_20260604,13.71,,,,,14.68,12.12,,,,,,-15.1261,pending,,2026-06-16T13:15:32+00:00
trackb_cont_CLF_20260605,13.78,,,,,14.27,12.12,,,,,,-15.1261,pending,,2026-06-16T13:15:32+00:00
trackb_cont_CLF_20260608,,,,,,14.24,12.12,,,,,,-15.1261,pending,,2026-06-16T13:15:32+00:00
trackb_cont_CLF_20260616,,,,,,,,,,,,,,pending,,2026-06-16T13:15:32+00:00
trackb_cont_CLMB_20260603,22.959999,,,,,25.120001,21.5,,,,,,-0.3707,pending,,2026-06-16T13:16:01+00:00
trackb_cont_CLMB_20260604,23.200001,,,,,25.120001,21.77,,,,,,0.8804,pending,,2026-06-16T13:16:01+00:00
trackb_cont_CLMB_20260605,22.639999,,,,,25.120001,21.77,,,,,,0.8804,pending,,2026-06-16T13:16:01+00:00
trackb_cont_CLMB_20260608,23.08,,,,,25.120001,21.77,,,,,,-8.6062,pending,,2026-06-16T13:16:01+00:00
trackb_cont_CLMB_20260609,,,,,,25.120001,21.77,,,,,,-8.414,pending,,2026-06-16T13:16:01+00:00
trackb_cont_CLMT_20260603,34.650002,,,,,38.75,32.77,,,,,,-13.2035,pending,,2026-06-16T13:15:44+00:00
trackb_cont_CLMT_20260604,34.919998,,,,,37.73,32.77,,,,,,-13.2035,pending,,2026-06-16T13:15:44+00:00
trackb_cont_CLMT_20260605,34.419998,,,,,37.130001,32.77,,,,,,-13.2035,pending,,2026-06-16T13:15:44+00:00
trackb_cont_CLMT_20260608,,,,,,36.119999,32.77,,,,,,-13.2035,pending,,2026-06-16T13:15:44+00:00
trackb_cont_CLOV_20260608,4.81,,,,,5.18,3.81,,,,,,-0.5222,pending,,2026-06-16T13:17:17+00:00
trackb_cont_CLOV_20260610,,,,,,5.18,4.5,,,,,,14.7959,pending,,2026-06-16T13:17:17+00:00
trackb_cont_CLOV_20260611,,,,,,5.18,4.5,,,,,,-7.9755,pending,,2026-06-16T13:17:17+00:00
trackb_cont_CLOV_20260612,,,,,,4.955,4.5,,,,,,-8.1633,pending,,2026-06-16T13:17:17+00:00
trackb_cont_CLOV_20260616,,,,,,,,,,,,,,pending,,2026-06-16T13:17:17+00:00
trackb_cont_CLSK_20260603,14.9,,,,,18.27,14.061,,,,,,-20.5144,pending,,2026-06-16T13:16:39+00:00
trackb_cont_CLSK_20260604,16.17,,,,,17.780001,14.061,,,,,,-20.5144,pending,,2026-06-16T13:16:39+00:00
trackb_cont_CLSK_20260605,16.48,,,,,17.780001,14.061,,,,,,-20.5144,pending,,2026-06-16T13:16:39+00:00
trackb_cont_CLSK_20260608,17.139999,,,,,17.780001,14.77,,,,,,-16.5065,pending,,2026-06-16T13:16:39+00:00
trackb_cont_CMCO_20260603,12.12,,,,,15.77,11.99,,,,,,-20.9103,pending,,2026-06-16T13:16:26+00:00
trackb_cont_CMCO_20260604,13.36,,,,,15.7,11.99,,,,,,-20.9103,pending,,2026-06-16T13:16:26+00:00
trackb_cont_CMCO_20260605,13.83,,,,,15.7,11.99,,,,,,-20.9103,pending,,2026-06-16T13:16:26+00:00
trackb_cont_CMCO_20260608,,,,,,15.7,11.99,,,,,,-20.9103,pending,,2026-06-16T13:16:26+00:00
trackb_cont_CMC_20260603,73.57,,,,,79.910004,73.169998,,,,,,-4.6645,pending,,2026-06-16T13:16:10+00:00
trackb_cont_CMC_20260604,77.75,,,,,79.910004,73.169998,,,,,,-4.6645,pending,,2026-06-16T13:16:10+00:00
trackb_cont_CMC_20260605,77.760002,,,,,79.910004,73.169998,,,,,,-4.6645,pending,,2026-06-16T13:16:10+00:00
trackb_cont_CMC_20260608,,,,,,79.910004,73.169998,,,,,,-1.3216,pending,,2026-06-16T13:16:10+00:00
trackb_cont_CMC_20260615,,,,,,79.910004,76.985001,,,,,,-3.194,pending,,2026-06-16T13:16:10+00:00
trackb_cont_CMC_20260616,,,,,,,,,,,,,,pending,,2026-06-16T13:16:10+00:00
trackb_cont_CMP_20260603,28.950001,,,,,33.310001,28.34,,,,,,-14.0691,pending,,2026-06-16T13:15:50+00:00
trackb_cont_CMP_20260604,30.209999,,,,,32.429901,28.34,,,,,,-14.0691,pending,,2026-06-16T13:15:50+00:00
trackb_cont_CMP_20260605,31.459999,,,,,32.429901,28.34,,,,,,-14.0691,pending,,2026-06-16T13:15:50+00:00
trackb_cont_CMP_20260608,,,,,,32.429901,28.34,,,,,,-4.3537,pending,,2026-06-16T13:15:50+00:00
trackb_cont_CNC_20260603,65.339996,,,,,66.550003,58.23,,,,,,-0.8514,pending,,2026-06-16T13:16:32+00:00
trackb_cont_CNC_20260604,63.540001,,,,,66.550003,60.959999,,,,,,3.797,pending,,2026-06-16T13:16:32+00:00
trackb_cont_CNC_20260605,65.190002,,,,,66.550003,61.700001,,,,,,5.057,pending,,2026-06-16T13:16:32+00:00
trackb_cont_CNC_20260608,,,,,,66.550003,62.0,,,,,,5.5679,pending,,2026-06-16T13:16:32+00:00
trackb_cont_CNC_20260609,,,,,,66.550003,62.205002,,,,,,-4.3441,pending,,2026-06-16T13:16:32+00:00
trackb_cont_CNC_20260610,,,,,,66.519997,62.205002,,,,,,-4.3441,pending,,2026-06-16T13:16:32+00:00
trackb_cont_CNC_20260615,,,,,,65.113602,62.205002,,,,,,-0.6151,pending,,2026-06-16T13:16:32+00:00
trackb_cont_CNC_20260616,,,,,,,,,,,,,,pending,,2026-06-16T13:16:32+00:00
trackb_cont_CNK_20260603,33.049999,,,,,34.400002,29.530001,,,,,,-1.4352,pending,,2026-06-16T13:15:56+00:00
trackb_cont_CNK_20260604,34.009998,,,,,34.400002,29.969999,,,,,,0.0334,pending,,2026-06-16T13:15:56+00:00
trackb_cont_CNK_20260605,33.799999,,,,,34.400002,30.860001,,,,,,3.004,pending,,2026-06-16T13:15:56+00:00
trackb_cont_CNK_20260608,,,,,,34.400002,31.0,,,,,,3.4713,pending,,2026-06-16T13:15:56+00:00
trackb_cont_CNK_20260609,,,,,,34.400002,31.639999,,,,,,0.6041,pending,,2026-06-16T13:15:56+00:00
trackb_cont_CNK_20260610,,,,,,34.400002,31.92,,,,,,1.4944,pending,,2026-06-16T13:15:56+00:00
trackb_cont_CNK_20260612,,,,,,34.400002,32.049999,,,,,,-5.763,pending,,2026-06-16T13:15:56+00:00
trackb_cont_CNK_20260615,,,,,,33.200001,32.049999,,,,,,-2.6428,pending,,2026-06-16T13:15:56+00:00
trackb_cont_CNK_20260616,,,,,,,,,,,,,,pending,,2026-06-16T13:15:56+00:00
trackb_cont_CNM_20260603,49.439999,,,,,53.82,47.549999,,,,,,-7.2738,pending,,2026-06-16T13:16:21+00:00
trackb_cont_CNM_20260604,50.060001,,,,,53.82,47.549999,,,,,,-7.2738,pending,,2026-06-16T13:16:21+00:00
trackb_cont_CNM_20260605,48.330002,,,,,53.82,47.549999,,,,,,-7.2738,pending,,2026-06-16T13:16:21+00:00
trackb_cont_CNM_20260608,47.610001,,,,,53.82,47.549999,,,,,,-8.5049,pending,,2026-06-16T13:16:21+00:00
trackb_cont_CNM_20260609,,,,,,53.82,47.549999,,,,,,-8.8731,pending,,2026-06-16T13:16:21+00:00
trackb_cont_CNM_20260611,,,,,,50.560001,47.549999,,,,,,-3.8228,pending,,2026-06-16T13:16:21+00:00
trackb_cont_CNO_20260609,,,,,,50.709999,48.290001,,,,,,0.6251,pending,,2026-06-16T13:17:28+00:00
trackb_cont_CNO_20260610,,,,,,50.709999,48.52,,,,,,1.1044,pending,,2026-06-16T13:17:28+00:00
trackb_cont_CNO_20260611,,,,,,50.709999,49.75,,,,,,0.2418,pending,,2026-06-16T13:17:28+00:00
trackb_cont_CNO_20260616,,,,,,,,,,,,,,pending,,2026-06-16T13:17:28+00:00
trackb_cont_CNP_20260609,,,,,,43.330002,41.799999,,,,,,-0.1195,pending,,2026-06-16T13:17:31+00:00
trackb_cont_CNP_20260612,,,,,,43.330002,42.48,,,,,,-0.1645,pending,,2026-06-16T13:17:31+00:00
trackb_cont_CNP_20260616,,,,,,,,,,,,,,pending,,2026-06-16T13:17:31+00:00
trackb_cont_COCO_20260615,,,,,,83.0,78.199997,,,,,,-2.2746,pending,,2026-06-16T13:18:23+00:00
trackb_cont_COCO_20260616,,,,,,,,,,,,,,pending,,2026-06-16T13:18:23+00:00
trackb_cont_COHR_20260603,354.769989,,,,,440.0,335.480011,,,,,,-19.6773,pending,,2026-06-16T13:15:29+00:00
trackb_cont_COHR_20260604,363.579987,,,,,432.51001,335.480011,,,,,,-19.6773,pending,,2026-06-16T13:15:29+00:00
trackb_cont_COHR_20260605,385.029999,,,,,420.570007,335.480011,,,,,,-19.6773,pending,,2026-06-16T13:15:29+00:00
trackb_cont_COHR_20260608,,,,,,420.570007,335.480011,,,,,,-19.6773,pending,,2026-06-16T13:15:29+00:00
trackb_cont_COHU_20260603,54.470001,,,,,65.230003,49.380001,,,,,,-12.6018,pending,,2026-06-16T13:15:27+00:00
trackb_cont_COHU_20260604,58.57,,,,,65.230003,49.380001,,,,,,-12.6018,pending,,2026-06-16T13:15:27+00:00
trackb_cont_COHU_20260605,61.330002,,,,,65.230003,49.380001,,,,,,-12.6018,pending,,2026-06-16T13:15:27+00:00
trackb_cont_COHU_20260608,,,,,,65.230003,51.110001,,,,,,-9.5398,pending,,2026-06-16T13:15:27+00:00
trackb_cont_COHU_20260616,,,,,,,,,,,,,,pending,,2026-06-16T13:15:27+00:00
trackb_cont_COKE_20260615,,,,,,187.029999,179.320007,,,,,,-4.1223,pending,,2026-06-16T13:17:25+00:00
trackb_cont_COKE_20260616,,,,,,,,,,,,,,pending,,2026-06-16T13:17:25+00:00
trackb_cont_COLB_20260609,,,,,,31.83,29.790001,,,,,,0.3706,pending,,2026-06-16T13:17:32+00:00
trackb_cont_COLB_20260610,,,,,,31.83,30.129999,,,,,,1.5162,pending,,2026-06-16T13:17:32+00:00
trackb_cont_COLB_20260611,,,,,,31.83,30.15,,,,,,-0.5607,pending,,2026-06-16T13:17:32+00:00
trackb_cont_COLB_20260616,,,,,,,,,,,,,,pending,,2026-06-16T13:17:32+00:00
trackb_cont_COLD_20260603,14.36,,,,,15.225,14.265,,,,,,-3.3209,pending,,2026-06-16T13:16:42+00:00
trackb_cont_COLD_20260604,14.67,,,,,15.225,14.265,,,,,,-3.3209,pending,,2026-06-16T13:16:42+00:00
trackb_cont_COLD_20260605,14.46,,,,,15.225,14.265,,,,,,-3.3209,pending,,2026-06-16T13:16:42+00:00
trackb_cont_COLL_20260616,,,,,,,,,,,,,,pending,,2026-06-16T13:18:41+00:00
trackb_cont_COLM_20260603,64.470001,,,,,69.059998,63.720001,,,,,,-3.0285,pending,,2026-06-16T13:16:08+00:00
trackb_cont_COLM_20260604,66.559998,,,,,69.059998,63.720001,,,,,,-3.0285,pending,,2026-06-16T13:16:08+00:00
trackb_cont_COLM_20260605,66.989998,,,,,69.059998,63.720001,,,,,,-3.0285,pending,,2026-06-16T13:16:08+00:00
trackb_cont_COLM_20260616,,,,,,,,,,,,,,pending,,2026-06-16T13:16:08+00:00
trackb_cont_COMP_20260615,,,,,,9.265,8.89,,,,,,-2.1572,pending,,2026-06-16T13:18:25+00:00
trackb_cont_COMP_20260616,,,,,,,,,,,,,,pending,,2026-06-16T13:18:25+00:00
trackb_cont_COO_20260610,,,,,,68.669998,66.059998,,,,,,-1.093,pending,,2026-06-16T13:17:10+00:00
trackb_cont_COO_20260612,,,,,,68.589996,66.410004,,,,,,-1.6294,pending,,2026-06-16T13:17:10+00:00
trackb_cont_COO_20260615,,,,,,68.589996,67.559998,,,,,,-0.9384,pending,,2026-06-16T13:17:10+00:00
trackb_cont_COO_20260616,,,,,,,,,,,,,,pending,,2026-06-16T13:17:10+00:00
trackb_cont_CORZ_20260603,25.690001,,,,,29.700001,25.18,,,,,,-13.8261,pending,,2026-06-16T13:16:06+00:00
trackb_cont_CORZ_20260604,27.219999,,,,,28.84,25.18,,,,,,-13.8261,pending,,2026-06-16T13:16:06+00:00
trackb_cont_CORZ_20260605,27.6,,,,,28.84,25.18,,,,,,-13.8261,pending,,2026-06-16T13:16:06+00:00
trackb_cont_CORZ_20260608,,,,,,28.84,25.24,,,,,,-2.3598,pending,,2026-06-16T13:16:06+00:00
trackb_cont_CPB_20260603,22.879999,,,,,23.24,20.620001,,,,,,-4.4486,pending,,2026-06-16T13:16:45+00:00
trackb_cont_CPB_20260604,22.73,,,,,23.24,20.620001,,,,,,-4.4486,pending,,2026-06-16T13:16:45+00:00
trackb_cont_CPB_20260605,22.809999,,,,,23.24,20.620001,,,,,,-4.4486,pending,,2026-06-16T13:16:45+00:00
trackb_cont_CPB_20260608,,,,,,23.24,20.620001,,,,,,-4.4486,pending,,2026-06-16T13:16:45+00:00
trackb_cont_CPB_20260616,,,,,,,,,,,,,,pending,,2026-06-16T13:16:45+00:00
trackb_cont_CPT_20260609,,,,,,116.589996,112.82,,,,,,-0.1328,pending,,2026-06-16T13:17:28+00:00
trackb_cont_CPT_20260610,,,,,,116.589996,113.25,,,,,,0.2479,pending,,2026-06-16T13:17:28+00:00
trackb_cont_CPT_20260612,,,,,,116.160004,113.25,,,,,,-1.0398,pending,,2026-06-16T13:17:28+00:00
trackb_cont_CPT_20260615,,,,,,115.480003,113.25,,,,,,-1.3072,pending,,2026-06-16T13:17:28+00:00
trackb_cont_CPT_20260616,,,,,,,,,,,,,,pending,,2026-06-16T13:17:28+00:00
trackb_cont_CRBG_20260611,,,,,,29.535,27.01,,,,,,-0.6255,pending,,2026-06-16T13:17:55+00:00
trackb_cont_CRBG_20260615,,,,,,29.535,29.065001,,,,,,-0.7851,pending,,2026-06-16T13:17:55+00:00
trackb_cont_CRBG_20260616,,,,,,,,,,,,,,pending,,2026-06-16T13:17:55+00:00
trackb_cont_CRI_20260603,39.330002,,,,,43.470001,36.900002,,,,,,-5.9153,pending,,2026-06-16T13:16:13+00:00
trackb_cont_CRI_20260604,41.580002,,,,,43.470001,36.900002,,,,,,-5.9153,pending,,2026-06-16T13:16:13+00:00
trackb_cont_CRI_20260605,42.790001,,,,,43.470001,37.369999,,,,,,-4.717,pending,,2026-06-16T13:16:13+00:00
trackb_cont_CRI_20260608,,,,,,43.470001,38.220001,,,,,,-2.5497,pending,,2026-06-16T13:16:13+00:00
trackb_cont_CRI_20260615,,,,,,43.18,41.700001,,,,,,-2.6452,pending,,2026-06-16T13:16:13+00:00
trackb_cont_CRI_20260616,,,,,,,,,,,,,,pending,,2026-06-16T13:16:13+00:00
trackb_cont_CRL_20260608,,,,,,193.809998,181.460007,,,,,,0.0662,pending,,2026-06-16T13:17:18+00:00
trackb_cont_CRL_20260616,,,,,,,,,,,,,,pending,,2026-06-16T13:17:18+00:00
trackb_cont_CRM_20260603,170.919998,,,,,198.089996,161.399994,,,,,,-15.5261,pending,,2026-06-16T13:16:36+00:00
trackb_cont_CRM_20260604,166.449997,,,,,198.089996,161.399994,,,,,,-15.5261,pending,,2026-06-16T13:16:36+00:00
trackb_cont_CRM_20260605,165.889999,,,,,192.509995,161.399994,,,,,,-15.5261,pending,,2026-06-16T13:16:36+00:00
trackb_cont_CRM_20260608,,,,,,185.020004,161.399994,,,,,,-15.5261,pending,,2026-06-16T13:16:36+00:00
trackb_cont_CROX_20260603,121.940002,,,,,129.449997,115.699997,,,,,,-2.593,pending,,2026-06-16T13:16:14+00:00
trackb_cont_CROX_20260604,125.870003,,,,,129.449997,116.550003,,,,,,-1.8774,pending,,2026-06-16T13:16:14+00:00
trackb_cont_CROX_20260605,124.709999,,,,,129.449997,116.550003,,,,,,-1.8774,pending,,2026-06-16T13:16:14+00:00
trackb_cont_CROX_20260608,,,,,,129.449997,120.43,,,,,,0.9049,pending,,2026-06-16T13:16:14+00:00
trackb_cont_CROX_20260612,,,,,,129.279999,123.769997,,,,,,-1.6684,pending,,2026-06-16T13:16:14+00:00
trackb_cont_CROX_20260616,,,,,,,,,,,,,,pending,,2026-06-16T13:16:14+00:00
trackb_cont_CRSR_20260603,8.63,,,,,11.29,8.05,,,,,,-24.6607,pending,,2026-06-16T13:16:41+00:00
trackb_cont_CRSR_20260604,8.95,,,,,10.28,8.05,,,,,,-24.6607,pending,,2026-06-16T13:16:41+00:00
trackb_cont_CRSR_20260605,8.43,,,,,9.69,8.05,,,,,,-24.6607,pending,,2026-06-16T13:16:41+00:00
trackb_cont_CRS_20260603,523.049988,,,,,574.52002,477.829987,,,,,,-1.7437,pending,,2026-06-16T13:15:39+00:00
trackb_cont_CRS_20260604,562.450012,,,,,574.52002,477.829987,,,,,,-1.7437,pending,,2026-06-16T13:15:39+00:00
trackb_cont_CRS_20260605,561.48999,,,,,574.52002,480.700012,,,,,,-1.1536,pending,,2026-06-16T13:15:39+00:00
trackb_cont_CRS_20260608,,,,,,574.52002,483.869995,,,,,,0.0558,pending,,2026-06-16T13:15:39+00:00
trackb_cont_CRS_20260610,,,,,,574.52002,515.169983,,,,,,3.2219,pending,,2026-06-16T13:15:39+00:00
trackb_cont_CRS_20260612,,,,,,574.52002,554.304993,,,,,,-1.4481,pending,,2026-06-16T13:15:39+00:00
trackb_cont_CRS_20260615,,,,,,573.799072,554.304993,,,,,,-1.9485,pending,,2026-06-16T13:15:39+00:00
trackb_cont_CRS_20260616,,,,,,,,,,,,,,pending,,2026-06-16T13:15:39+00:00
trackb_cont_CRWD_20260603,647.73999,,,,,767.0,617.73999,,,,,,-17.822,pending,,2026-06-16T13:15:26+00:00
trackb_cont_CRWD_20260604,691.530029,,,,,720.960022,617.73999,,,,,,-17.822,pending,,2026-06-16T13:15:26+00:00
trackb_cont_CRWD_20260605,682.799988,,,,,706.219971,617.73999,,,,,,-17.822,pending,,2026-06-16T13:15:26+00:00
trackb_cont_CRWD_20260608,692.909973,,,,,702.169983,617.73999,,,,,,-17.822,pending,,2026-06-16T13:15:26+00:00
trackb_cont_CSCO_20260603,118.800003,,,,,130.369995,116.5,,,,,,-8.9346,pending,,2026-06-16T13:15:06+00:00
trackb_cont_CSCO_20260604,121.830002,,,,,130.369995,116.5,,,,,,-8.9346,pending,,2026-06-16T13:15:06+00:00
trackb_cont_CSCO_20260605,121.099998,,,,,128.839996,116.5,,,,,,-8.9346,pending,,2026-06-16T13:15:06+00:00
trackb_cont_CSCO_20260608,,,,,,126.440002,116.5,,,,,,-4.2256,pending,,2026-06-16T13:15:06+00:00
trackb_cont_CSX_20260610,,,,,,48.029999,46.380001,,,,,,-1.5496,pending,,2026-06-16T13:17:39+00:00
trackb_cont_CSX_20260611,,,,,,48.029999,46.540001,,,,,,0.2801,pending,,2026-06-16T13:17:39+00:00
trackb_cont_CSX_20260616,,,,,,,,,,,,,,pending,,2026-06-16T13:17:39+00:00
trackb_cont_CTAS_20260603,180.399994,,,,,184.479996,171.949997,,,,,,-0.9219,pending,,2026-06-16T13:16:18+00:00
trackb_cont_CTAS_20260604,181.880005,,,,,184.479996,173.419998,,,,,,-0.0749,pending,,2026-06-16T13:16:18+00:00
trackb_cont_CTAS_20260605,176.279999,,,,,184.479996,173.419998,,,,,,-0.0749,pending,,2026-06-16T13:16:18+00:00
trackb_cont_CTAS_20260608,,,,,,184.479996,173.419998,,,,,,-3.5752,pending,,2026-06-16T13:16:18+00:00
trackb_cont_CTAS_20260609,,,,,,184.479996,173.419998,,,,,,-0.1325,pending,,2026-06-16T13:16:18+00:00
trackb_cont_CTOS_20260611,,,,,,11.1,10.26,,,,,,-0.0974,pending,,2026-06-16T13:17:53+00:00
trackb_cont_CTOS_20260615,,,,,,11.1,10.36,,,,,,-4.7794,pending,,2026-06-16T13:17:53+00:00
trackb_cont_CTOS_20260616,,,,,,,,,,,,,,pending,,2026-06-16T13:17:53+00:00
trackb_cont_CTO_20260611,,,,,,21.08,20.57,,,,,,-1.9542,pending,,2026-06-16T13:17:54+00:00
trackb_cont_CTO_20260616,,,,,,,,,,,,,,pending,,2026-06-16T13:17:54+00:00
trackb_cont_CTRN_20260616,,,,,,,,,,,,,,pending,,2026-06-16T13:17:44+00:00
trackb_cont_CUBE_20260609,,,,,,42.619999,40.330002,,,,,,0.3983,pending,,2026-06-16T13:17:32+00:00
trackb_cont_CUBE_20260616,,,,,,,,,,,,,,pending,,2026-06-16T13:17:32+00:00
trackb_cont_CURB_20260603,29.629999,,,,,30.99,28.57,,,,,,-1.2785,pending,,2026-06-16T13:16:33+00:00
trackb_cont_CURB_20260604,29.870001,,,,,30.99,28.73,,,,,,-0.7256,pending,,2026-06-16T13:16:33+00:00
trackb_cont_CURB_20260605,30.959999,,,,,30.99,28.73,,,,,,-0.7256,pending,,2026-06-16T13:16:33+00:00
trackb_cont_CURB_20260608,,,,,,30.99,28.98,,,,,,0.1382,pending,,2026-06-16T13:16:33+00:00
trackb_cont_CURB_20260611,,,,,,30.99,29.440001,,,,,,-0.6412,pending,,2026-06-16T13:16:33+00:00
trackb_cont_CURB_20260612,,,,,,30.99,29.950001,,,,,,0.2678,pending,,2026-06-16T13:16:33+00:00
trackb_cont_CURB_20260615,,,,,,30.875,30.110001,,,,,,-1.9857,pending,,2026-06-16T13:16:33+00:00
trackb_cont_CURB_20260616,,,,,,,,,,,,,,pending,,2026-06-16T13:16:33+00:00
trackb_cont_CURI_20260603,2.68,,,,,3.28,2.51,,,,,,-17.7049,pending,,2026-06-16T13:15:42+00:00
trackb_cont_CURI_20260604,2.6,,,,,3.28,2.51,,,,,,-17.7049,pending,,2026-06-16T13:15:42+00:00
trackb_cont_CURI_20260605,2.54,,,,,3.05,2.51,,,,,,-17.7049,pending,,2026-06-16T13:15:42+00:00
trackb_cont_CURI_20260608,2.55,,,,,2.99,2.51,,,,,,-17.7049,pending,,2026-06-16T13:15:42+00:00
trackb_cont_CUZ_20260603,29.049999,,,,,29.73,27.15,,,,,,-0.1104,pending,,2026-06-16T13:15:09+00:00
trackb_cont_CUZ_20260604,28.959999,,,,,29.73,27.370001,,,,,,0.699,pending,,2026-06-16T13:15:09+00:00
trackb_cont_CUZ_20260605,29.01,,,,,29.73,27.49,,,,,,1.1405,pending,,2026-06-16T13:15:09+00:00
trackb_cont_CUZ_20260608,,,,,,29.73,27.82,,,,,,0.4695,pending,,2026-06-16T13:15:09+00:00
trackb_cont_CUZ_20260609,,,,,,29.73,28.48,,,,,,0.565,pending,,2026-06-16T13:15:09+00:00
trackb_cont_CUZ_20260610,,,,,,29.73,28.48,,,,,,0.565,pending,,2026-06-16T13:15:09+00:00
trackb_cont_CUZ_20260612,,,,,,29.35,28.495001,,,,,,-1.6057,pending,,2026-06-16T13:15:09+00:00
trackb_cont_CUZ_20260616,,,,,,,,,,,,,,pending,,2026-06-16T13:15:09+00:00
trackb_cont_CVCO_20260603,564.51001,,,,,610.900024,531.840027,,,,,,-1.1192,pending,,2026-06-16T13:15:55+00:00
trackb_cont_CVCO_20260604,598.950012,,,,,610.900024,539.359985,,,,,,0.2789,pending,,2026-06-16T13:15:55+00:00
trackb_cont_CVCO_20260605,592.76001,,,,,610.900024,545.98999,,,,,,1.5115,pending,,2026-06-16T13:15:55+00:00
trackb_cont_CVCO_20260608,,,,,,610.900024,547.390015,,,,,,-0.4583,pending,,2026-06-16T13:15:55+00:00
trackb_cont_CVCO_20260609,,,,,,610.900024,562.940002,,,,,,-0.0036,pending,,2026-06-16T13:15:55+00:00
trackb_cont_CVCO_20260610,,,,,,610.900024,564.049988,,,,,,0.1936,pending,,2026-06-16T13:15:55+00:00
trackb_cont_CVCO_20260611,,,,,,610.900024,565.609985,,,,,,0.1949,pending,,2026-06-16T13:15:55+00:00
trackb_cont_CVCO_20260612,,,,,,610.900024,582.669983,,,,,,-2.7181,pending,,2026-06-16T13:15:55+00:00
trackb_cont_CVCO_20260615,,,,,,610.900024,589.840027,,,,,,-2.6104,pending,,2026-06-16T13:15:55+00:00
trackb_cont_CVCO_20260616,,,,,,,,,,,,,,pending,,2026-06-16T13:15:55+00:00
trackb_cont_CVI_20260603,31.15,,,,,36.43,28.34,,,,,,-21.2778,pending,,2026-06-16T13:15:29+00:00
trackb_cont_CVI_20260604,30.389999,,,,,34.490002,28.34,,,,,,-21.2778,pending,,2026-06-16T13:15:29+00:00
trackb_cont_CVI_20260605,30.67,,,,,34.330002,28.34,,,,,,-21.2778,pending,,2026-06-16T13:15:29+00:00
trackb_cont_CVLG_20260603,43.779999,,,,,47.080002,41.310001,,,,,,-1.7804,pending,,2026-06-16T13:15:08+00:00
trackb_cont_CVLG_20260604,46.32,,,,,47.080002,42.349998,,,,,,0.6924,pending,,2026-06-16T13:15:08+00:00
trackb_cont_CVLG_20260605,45.450001,,,,,47.080002,42.68,,,,,,1.477,pending,,2026-06-16T13:15:08+00:00
trackb_cont_CVLG_20260608,44.810001,,,,,47.080002,43.09,,,,,,2.4518,pending,,2026-06-16T13:15:08+00:00
trackb_cont_CVLG_20260609,,,,,,47.080002,43.09,,,,,,-3.2338,pending,,2026-06-16T13:15:08+00:00
trackb_cont_CVLG_20260610,,,,,,47.080002,43.09,,,,,,-3.2338,pending,,2026-06-16T13:15:08+00:00
trackb_cont_CVLG_20260612,,,,,,47.080002,43.529999,,,,,,-6.0233,pending,,2026-06-16T13:15:08+00:00
trackb_cont_CVLG_20260616,,,,,,,,,,,,,,pending,,2026-06-16T13:15:08+00:00
trackb_cont_CVSA_20260615,,,,,,127.160004,117.129997,,,,,,-5.2883,pending,,2026-06-16T13:18:27+00:00
trackb_cont_CVSA_20260616,,,,,,,,,,,,,,pending,,2026-06-16T13:18:27+00:00
trackb_cont_CVS_20260609,,,,,,102.769997,95.919998,,,,,,-1.1949,pending,,2026-06-16T13:17:27+00:00
trackb_cont_CVS_20260615,,,,,,101.360001,98.879997,,,,,,-0.5482,pending,,2026-06-16T13:17:27+00:00
trackb_cont_CVS_20260616,,,,,,,,,,,,,,pending,,2026-06-16T13:17:27+00:00
trackb_cont_CWEN_20260603,37.400002,,,,,41.459999,37.34,,,,,,-9.4568,pending,,2026-06-16T13:15:37+00:00
trackb_cont_CWEN_20260604,37.689999,,,,,40.93,37.34,,,,,,-9.4568,pending,,2026-06-16T13:15:37+00:00
trackb_cont_CWEN_20260605,37.470001,,,,,40.639999,37.34,,,,,,-9.4568,pending,,2026-06-16T13:15:37+00:00
trackb_cont_CWEN_20260608,38.610001,,,,,40.639999,37.34,,,,,,-6.0393,pending,,2026-06-16T13:15:37+00:00
trackb_cont_CWH_20260615,,,,,,8.63,7.7,,,,,,-9.1445,pending,,2026-06-16T13:17:22+00:00
trackb_cont_CWH_20260616,,,,,,,,,,,,,,pending,,2026-06-16T13:17:22+00:00
trackb_cont_CWST_20260611,,,,,,91.660004,87.389999,,,,,,-3.9987,pending,,2026-06-16T13:17:57+00:00
trackb_cont_CWST_20260612,,,,,,91.019997,87.389999,,,,,,-2.6404,pending,,2026-06-16T13:17:57+00:00
trackb_cont_CWST_20260616,,,,,,,,,,,,,,pending,,2026-06-16T13:17:57+00:00
trackb_cont_CWT_20260603,46.07,,,,,47.360001,44.59,,,,,,-1.1363,pending,,2026-06-16T13:15:53+00:00
trackb_cont_CWT_20260604,45.349998,,,,,47.360001,44.93,,,,,,-0.3825,pending,,2026-06-16T13:15:53+00:00
trackb_cont_CWT_20260605,45.57,,,,,47.360001,44.98,,,,,,-0.2716,pending,,2026-06-16T13:15:53+00:00
trackb_cont_CWT_20260608,,,,,,47.360001,44.98,,,,,,-1.8333,pending,,2026-06-16T13:15:53+00:00
trackb_cont_CWT_20260609,,,,,,47.360001,44.98,,,,,,-0.3324,pending,,2026-06-16T13:15:53+00:00
trackb_cont_CWT_20260610,,,,,,47.360001,44.98,,,,,,-0.3324,pending,,2026-06-16T13:15:53+00:00
trackb_cont_CXW_20260603,26.450001,,,,,27.85,21.129999,,,,,,-1.9717,pending,,2026-06-16T13:16:58+00:00
trackb_cont_CXW_20260604,26.85,,,,,27.85,21.85,,,,,,1.3686,pending,,2026-06-16T13:16:58+00:00
trackb_cont_CXW_20260605,27.1,,,,,27.85,22.74,,,,,,5.4976,pending,,2026-06-16T13:16:58+00:00
trackb_cont_CXW_20260608,27.77,,,,,27.85,23.0,,,,,,6.7038,pending,,2026-06-16T13:16:58+00:00
trackb_cont_CXW_20260609,,,,,,27.85,24.559999,,,,,,-0.6473,pending,,2026-06-16T13:16:58+00:00
trackb_cont_CXW_20260611,,,,,,27.85,26.290001,,,,,,-0.6049,pending,,2026-06-16T13:16:58+00:00
trackb_cont_CXW_20260616,,,,,,,,,,,,,,pending,,2026-06-16T13:16:58+00:00
trackb_cont_CYRX_20260603,14.77,,,,,16.73,14.29,,,,,,-12.7595,pending,,2026-06-16T13:15:49+00:00
trackb_cont_CYRX_20260604,14.38,,,,,16.73,14.29,,,,,,-12.7595,pending,,2026-06-16T13:15:49+00:00
trackb_cont_CYRX_20260605,14.62,,,,,16.1,14.29,,,,,,-12.7595,pending,,2026-06-16T13:15:49+00:00
trackb_cont_CYRX_20260608,,,,,,16.0,14.29,,,,,,-12.7595,pending,,2026-06-16T13:15:49+00:00
trackb_cont_CYRX_20260610,,,,,,15.41,14.29,,,,,,-7.6873,pending,,2026-06-16T13:15:49+00:00
trackb_cont_CZR_20260603,29.469999,,,,,29.575001,29.110001,,,,,,-0.4616,pending,,2026-06-16T13:15:11+00:00
trackb_cont_CZR_20260604,29.51,,,,,29.575001,29.110001,,,,,,-0.4616,pending,,2026-06-16T13:15:11+00:00
trackb_cont_CZR_20260605,29.49,,,,,29.575001,29.110001,,,,,,-0.4616,pending,,2026-06-16T13:15:11+00:00
trackb_cont_CZR_20260608,29.5,,,,,29.575001,29.18,,,,,,-0.0685,pending,,2026-06-16T13:15:11+00:00
trackb_cont_CZR_20260611,,,,,,29.575001,29.360001,,,,,,-0.3733,pending,,2026-06-16T13:15:11+00:00
trackb_cont_CZR_20260616,,,,,,,,,,,,,,pending,,2026-06-16T13:15:11+00:00
trackb_cont_C_20260603,133.380005,,,,,143.559998,128.270004,,,,,,-0.6814,pending,,2026-06-16T13:15:45+00:00
trackb_cont_C_20260604,138.070007,,,,,143.559998,130.869995,,,,,,1.3318,pending,,2026-06-16T13:15:45+00:00
trackb_cont_C_20260605,139.830002,,,,,143.559998,131.190002,,,,,,1.5796,pending,,2026-06-16T13:15:45+00:00
trackb_cont_C_20260608,,,,,,143.559998,131.919998,,,,,,-0.4152,pending,,2026-06-16T13:15:45+00:00
trackb_cont_C_20260611,,,,,,143.559998,133.809998,,,,,,0.3224,pending,,2026-06-16T13:15:45+00:00
trackb_cont_C_20260612,,,,,,143.559998,138.210007,,,,,,0.1014,pending,,2026-06-16T13:15:45+00:00
trackb_cont_C_20260616,,,,,,,,,,,,,,pending,,2026-06-16T13:15:45+00:00
trackb_cont_DAL_20260603,76.470001,,,,,87.379997,76.400002,,,,,,-3.3401,pending,,2026-06-16T13:16:40+00:00
trackb_cont_DAL_20260604,81.830002,,,,,87.379997,76.400002,,,,,,-3.3401,pending,,2026-06-16T13:16:40+00:00
trackb_cont_DAL_20260605,83.059998,,,,,87.379997,76.400002,,,,,,-3.3401,pending,,2026-06-16T13:16:40+00:00
trackb_cont_DAL_20260608,,,,,,87.379997,76.400002,,,,,,-3.3401,pending,,2026-06-16T13:16:40+00:00
trackb_cont_DAL_20260616,,,,,,,,,,,,,,pending,,2026-06-16T13:16:40+00:00
trackb_cont_DAN_20260603,35.470001,,,,,37.540001,28.34,,,,,,-23.9807,pending,,2026-06-16T13:15:38+00:00
trackb_cont_DAN_20260604,30.110001,,,,,37.490002,28.34,,,,,,-23.9807,pending,,2026-06-16T13:15:38+00:00
trackb_cont_DAN_20260605,30.809999,,,,,37.490002,28.34,,,,,,-23.9807,pending,,2026-06-16T13:15:38+00:00
trackb_cont_DAN_20260608,,,,,,37.490002,28.34,,,,,,-23.9807,pending,,2026-06-16T13:15:38+00:00
trackb_cont_DBI_20260603,7.0,,,,,9.17,6.3807,,,,,,-25.8058,pending,,2026-06-16T13:15:10+00:00
trackb_cont_DBI_20260604,6.56,,,,,9.17,6.3807,,,,,,-25.8058,pending,,2026-06-16T13:15:10+00:00
trackb_cont_DBI_20260605,6.88,,,,,9.02,6.3807,,,,,,-25.8058,pending,,2026-06-16T13:15:10+00:00
trackb_cont_DBI_20260608,,,,,,9.01,6.3807,,,,,,-25.8058,pending,,2026-06-16T13:15:10+00:00
trackb_cont_DDD_20260603,2.89,,,,,3.88,2.78,,,,,,-25.8667,pending,,2026-06-16T13:16:02+00:00
trackb_cont_DDD_20260604,3.02,,,,,3.39,2.78,,,,,,-25.8667,pending,,2026-06-16T13:16:02+00:00
trackb_cont_DDD_20260605,3.01,,,,,3.17,2.78,,,,,,-25.8667,pending,,2026-06-16T13:16:02+00:00
trackb_cont_DDD_20260608,,,,,,3.17,2.78,,,,,,-25.8667,pending,,2026-06-16T13:16:02+00:00
trackb_cont_DDOG_20260603,227.630005,,,,,262.200012,219.080002,,,,,,-11.0841,pending,,2026-06-16T13:15:35+00:00
trackb_cont_DDOG_20260604,234.240005,,,,,251.399994,219.080002,,,,,,-11.0841,pending,,2026-06-16T13:15:35+00:00
trackb_cont_DDOG_20260605,229.899994,,,,,241.610001,219.080002,,,,,,-11.0841,pending,,2026-06-16T13:15:35+00:00
trackb_cont_DDOG_20260608,233.089996,,,,,240.789993,219.080002,,,,,,-11.0841,pending,,2026-06-16T13:15:35+00:00
trackb_cont_DEA_20260603,23.879999,,,,,24.5,23.469999,,,,,,-0.8868,pending,,2026-06-16T13:16:57+00:00
trackb_cont_DEA_20260604,23.92,,,,,24.5,23.469999,,,,,,-0.8868,pending,,2026-06-16T13:16:57+00:00
trackb_cont_DEA_20260605,24.040001,,,,,24.5,23.68,,,,,,0.0,pending,,2026-06-16T13:16:57+00:00
trackb_cont_DEA_20260609,,,,,,24.5,23.68,,,,,,-0.9619,pending,,2026-06-16T13:16:57+00:00
trackb_cont_DEA_20260611,,,,,,24.174999,23.68,,,,,,-0.8375,pending,,2026-06-16T13:16:57+00:00
trackb_cont_DEA_20260616,,,,,,,,,,,,,,pending,,2026-06-16T13:16:57+00:00
trackb_cont_DECK_20260603,111.18,,,,,116.5,105.129997,,,,,,-1.5683,pending,,2026-06-16T13:16:34+00:00
trackb_cont_DECK_20260604,114.370003,,,,,116.5,107.169998,,,,,,0.3417,pending,,2026-06-16T13:16:34+00:00
trackb_cont_DECK_20260605,113.830002,,,,,116.5,107.209999,,,,,,0.3792,pending,,2026-06-16T13:16:34+00:00
trackb_cont_DECK_20260608,,,,,,116.5,107.5,,,,,,-0.5826,pending,,2026-06-16T13:16:34+00:00
trackb_cont_DECK_20260612,,,,,,116.5,112.25,,,,,,-1.8536,pending,,2026-06-16T13:16:34+00:00
trackb_cont_DECK_20260616,,,,,,,,,,,,,,pending,,2026-06-16T13:16:34+00:00
trackb_cont_DEI_20260608,,,,,,12.82,12.095,,,,,,-0.8607,pending,,2026-06-16T13:17:19+00:00
trackb_cont_DEI_20260611,,,,,,12.67,12.095,,,,,,-2.6167,pending,,2026-06-16T13:17:19+00:00
trackb_cont_DELL_20260603,369.829987,,,,,436.0,357.070007,,,,,,-13.9943,pending,,2026-06-16T13:16:01+00:00
trackb_cont_DELL_20260604,391.450012,,,,,430.5,357.070007,,,,,,-13.9943,pending,,2026-06-16T13:16:01+00:00
trackb_cont_DELL_20260605,395.570007,,,,,415.910004,357.070007,,,,,,-13.9943,pending,,2026-06-16T13:16:01+00:00
trackb_cont_DELL_20260608,409.070007,,,,,415.910004,357.070007,,,,,,-13.9943,pending,,2026-06-16T13:16:01+00:00
trackb_cont_DEVS_20260603,0.295,,,,,0.919,0.234,,,,,,-70.6104,pending,,2026-06-16T13:16:18+00:00
trackb_cont_DEVS_20260604,0.277,,,,,0.897,0.234,,,,,,-70.6104,pending,,2026-06-16T13:16:18+00:00
trackb_cont_DEVS_20260605,0.26,,,,,0.897,0.234,,,,,,-70.6104,pending,,2026-06-16T13:16:18+00:00
trackb_cont_DEVS_20260608,,,,,,0.897,0.234,,,,,,-70.6104,pending,,2026-06-16T13:16:18+00:00
trackb_cont_DE_20260603,560.049988,,,,,604.51001,556.619995,,,,,,-5.6064,pending,,2026-06-16T13:16:21+00:00
trackb_cont_DE_20260604,568.640015,,,,,604.51001,556.619995,,,,,,-5.6064,pending,,2026-06-16T13:16:21+00:00
trackb_cont_DE_20260605,577.47998,,,,,597.820007,556.619995,,,,,,-5.6064,pending,,2026-06-16T13:16:21+00:00
trackb_cont_DE_20260608,,,,,,593.349976,556.619995,,,,,,-5.6064,pending,,2026-06-16T13:16:21+00:00
trackb_cont_DE_20260609,,,,,,593.349976,556.619995,,,,,,-2.9704,pending,,2026-06-16T13:16:21+00:00
trackb_cont_DFH_20260603,14.43,,,,,16.139999,14.08,,,,,,-1.7446,pending,,2026-06-16T13:16:54+00:00
trackb_cont_DFH_20260604,15.12,,,,,16.139999,14.08,,,,,,-1.7446,pending,,2026-06-16T13:16:54+00:00
trackb_cont_DFH_20260605,15.05,,,,,16.139999,14.08,,,,,,-1.7446,pending,,2026-06-16T13:16:54+00:00
trackb_cont_DFH_20260616,,,,,,,,,,,,,,pending,,2026-06-16T13:16:54+00:00
trackb_cont_DGII_20260603,64.370003,,,,,70.300003,63.150002,,,,,,-6.769,pending,,2026-06-16T13:15:36+00:00
trackb_cont_DGII_20260604,68.330002,,,,,70.209999,63.150002,,,,,,-6.769,pending,,2026-06-16T13:15:36+00:00
trackb_cont_DGII_20260605,68.68,,,,,70.209999,63.150002,,,,,,-6.769,pending,,2026-06-16T13:15:36+00:00
trackb_cont_DGII_20260608,,,,,,70.209999,63.150002,,,,,,-4.2456,pending,,2026-06-16T13:15:36+00:00
trackb_cont_DGII_20260616,,,,,,,,,,,,,,pending,,2026-06-16T13:15:36+00:00
trackb_cont_DGXX_20260603,5.99,,,,,8.52,5.61,,,,,,-27.0481,pending,,2026-06-16T13:16:58+00:00
trackb_cont_DGXX_20260604,6.5,,,,,8.0,5.61,,,,,,-27.0481,pending,,2026-06-16T13:16:58+00:00
trackb_cont_DGXX_20260605,6.24,,,,,7.65,5.61,,,,,,-27.0481,pending,,2026-06-16T13:16:58+00:00
trackb_cont_DGX_20260611,,,,,,207.5,200.369995,,,,,,-1.6734,pending,,2026-06-16T13:17:04+00:00
trackb_cont_DGX_20260612,,,,,,205.960007,200.369995,,,,,,-1.6975,pending,,2026-06-16T13:17:04+00:00
trackb_cont_DGX_20260616,,,,,,,,,,,,,,pending,,2026-06-16T13:17:04+00:00
trackb_cont_DG_20260615,,,,,,119.199997,115.449997,,,,,,-2.8526,pending,,2026-06-16T13:18:22+00:00
trackb_cont_DG_20260616,,,,,,,,,,,,,,pending,,2026-06-16T13:18:22+00:00
trackb_cont_DHC_20260612,,,,,,9.09,8.76,,,,,,-0.4545,pending,,2026-06-16T13:18:09+00:00
trackb_cont_DHC_20260616,,,,,,,,,,,,,,pending,,2026-06-16T13:18:09+00:00
trackb_cont_DHI_20260603,146.710007,,,,,160.350006,143.630005,,,,,,-0.9448,pending,,2026-06-16T13:16:41+00:00
trackb_cont_DHI_20260604,154.429993,,,,,160.350006,143.630005,,,,,,-0.9448,pending,,2026-06-16T13:16:41+00:00
trackb_cont_DHI_20260605,154.089996,,,,,160.350006,143.630005,,,,,,-0.9448,pending,,2026-06-16T13:16:41+00:00
trackb_cont_DHI_20260608,,,,,,160.350006,143.630005,,,,,,-0.9448,pending,,2026-06-16T13:16:41+00:00
trackb_cont_DHI_20260611,,,,,,160.350006,146.470001,,,,,,-0.1636,pending,,2026-06-16T13:16:41+00:00
trackb_cont_DHI_20260616,,,,,,,,,,,,,,pending,,2026-06-16T13:16:41+00:00
trackb_cont_DHR_20260610,,,,,,188.179993,177.929993,,,,,,-3.0513,pending,,2026-06-16T13:17:02+00:00
trackb_cont_DHR_20260612,,,,,,182.639999,179.5,,,,,,-0.7135,pending,,2026-06-16T13:17:02+00:00
trackb_cont_DINO_20260603,70.760002,,,,,74.379997,66.760002,,,,,,-9.8264,pending,,2026-06-16T13:15:59+00:00
trackb_cont_DINO_20260604,69.900002,,,,,73.919998,66.760002,,,,,,-9.8264,pending,,2026-06-16T13:15:59+00:00
trackb_cont_DINO_20260605,71.260002,,,,,73.919998,66.760002,,,,,,-9.8264,pending,,2026-06-16T13:15:59+00:00
trackb_cont_DINO_20260608,,,,,,73.919998,66.760002,,,,,,-6.4855,pending,,2026-06-16T13:15:59+00:00
trackb_cont_DKNG_20260612,,,,,,30.129999,28.32,,,,,,-5.6629,pending,,2026-06-16T13:18:01+00:00
trackb_cont_DKNG_20260615,,,,,,29.264999,28.32,,,,,,-1.6496,pending,,2026-06-16T13:18:01+00:00
trackb_cont_DKNG_20260616,,,,,,,,,,,,,,pending,,2026-06-16T13:18:01+00:00
trackb_cont_DK_20260608,,,,,,50.330002,43.246101,,,,,,-10.4265,pending,,2026-06-16T13:17:17+00:00
trackb_cont_DK_20260610,,,,,,49.349998,43.246101,,,,,,-10.796,pending,,2026-06-16T13:17:17+00:00
trackb_cont_DLTR_20260603,110.32,,,,,117.410004,107.540001,,,,,,-2.5332,pending,,2026-06-16T13:16:41+00:00
trackb_cont_DLTR_20260604,114.889999,,,,,117.410004,107.540001,,,,,,-2.5332,pending,,2026-06-16T13:16:41+00:00
trackb_cont_DLTR_20260605,114.0,,,,,117.410004,107.540001,,,,,,-2.5332,pending,,2026-06-16T13:16:41+00:00
trackb_cont_DLTR_20260608,,,,,,117.410004,107.540001,,,,,,-2.5332,pending,,2026-06-16T13:16:41+00:00
trackb_cont_DLTR_20260609,,,,,,117.410004,107.599998,,,,,,-0.0836,pending,,2026-06-16T13:16:41+00:00
trackb_cont_DLTR_20260611,,,,,,117.410004,109.0,,,,,,-1.1965,pending,,2026-06-16T13:16:41+00:00
trackb_cont_DLTR_20260616,,,,,,,,,,,,,,pending,,2026-06-16T13:16:41+00:00
trackb_cont_DNOW_20260608,13.7,,,,,14.16,13.245,,,,,,0.1134,pending,,2026-06-16T13:17:17+00:00
trackb_cont_DNOW_20260612,,,,,,14.16,13.63,,,,,,-0.2196,pending,,2026-06-16T13:17:17+00:00
trackb_cont_DNOW_20260616,,,,,,,,,,,,,,pending,,2026-06-16T13:17:17+00:00
trackb_cont_DNUT_20260611,,,,,,4.55,3.81,,,,,,-2.3077,pending,,2026-06-16T13:17:55+00:00
trackb_cont_DNUT_20260616,,,,,,,,,,,,,,pending,,2026-06-16T13:17:55+00:00
trackb_cont_DOCN_20260603,171.470001,,,,,185.917999,153.710007,,,,,,-11.9645,pending,,2026-06-16T13:15:41+00:00
trackb_cont_DOCN_20260604,174.75,,,,,185.917999,153.710007,,,,,,-11.9645,pending,,2026-06-16T13:15:41+00:00
trackb_cont_DOCN_20260605,170.440002,,,,,185.917999,153.710007,,,,,,-11.9645,pending,,2026-06-16T13:15:41+00:00
trackb_cont_DOCN_20260608,181.289993,,,,,185.917999,153.710007,,,,,,-11.9645,pending,,2026-06-16T13:15:41+00:00
trackb_cont_DOCN_20260612,,,,,,185.917999,169.100006,,,,,,-3.2332,pending,,2026-06-16T13:15:41+00:00
trackb_cont_DOC_20260603,20.469999,,,,,20.82,19.07,,,,,,-1.3706,pending,,2026-06-16T13:16:27+00:00
trackb_cont_DOC_20260604,20.5,,,,,20.82,19.23,,,,,,-0.5431,pending,,2026-06-16T13:16:27+00:00
trackb_cont_DOC_20260605,20.690001,,,,,20.82,19.450001,,,,,,0.5948,pending,,2026-06-16T13:16:27+00:00
trackb_cont_DOC_20260612,,,,,,20.799999,20.25,,,,,,-1.2195,pending,,2026-06-16T13:16:27+00:00
trackb_cont_DOC_20260616,,,,,,,,,,,,,,pending,,2026-06-16T13:16:27+00:00
trackb_cont_DORM_20260603,126.830002,,,,,132.149994,123.839996,,,,,,-0.354,pending,,2026-06-16T13:15:35+00:00
trackb_cont_DORM_20260604,128.210007,,,,,132.149994,124.889999,,,,,,0.4908,pending,,2026-06-16T13:15:35+00:00
trackb_cont_DORM_20260605,127.860001,,,,,132.149994,125.309998,,,,,,0.8288,pending,,2026-06-16T13:15:35+00:00
trackb_cont_DORM_20260608,,,,,,132.149994,126.010002,,,,,,-0.803,pending,,2026-06-16T13:15:35+00:00
trackb_cont_DORM_20260611,,,,,,130.990005,126.010002,,,,,,-0.6465,pending,,2026-06-16T13:15:35+00:00
trackb_cont_DORM_20260615,,,,,,130.990005,126.055,,,,,,-3.7675,pending,,2026-06-16T13:15:35+00:00
trackb_cont_DORM_20260616,,,,,,,,,,,,,,pending,,2026-06-16T13:15:35+00:00
trackb_cont_DRH_20260603,11.64,,,,,12.03,11.07,,,,,,-1.3808,pending,,2026-06-16T13:15:44+00:00
trackb_cont_DRH_20260604,11.84,,,,,12.03,11.32,,,,,,0.8463,pending,,2026-06-16T13:15:44+00:00
trackb_cont_DRH_20260605,11.92,,,,,12.03,11.53,,,,,,2.7171,pending,,2026-06-16T13:15:44+00:00
trackb_cont_DRH_20260608,,,,,,12.03,11.53,,,,,,-0.6891,pending,,2026-06-16T13:15:44+00:00
trackb_cont_DRH_20260609,,,,,,12.03,11.53,,,,,,-0.6891,pending,,2026-06-16T13:15:44+00:00
trackb_cont_DRH_20260611,,,,,,12.03,11.71,,,,,,0.6014,pending,,2026-06-16T13:15:44+00:00
trackb_cont_DRH_20260612,,,,,,12.03,11.82,,,,,,-0.1689,pending,,2026-06-16T13:15:44+00:00
trackb_cont_DRH_20260616,,,,,,,,,,,,,,pending,,2026-06-16T13:15:44+00:00
trackb_cont_DRI_20260616,,,,,,,,,,,,,,pending,,2026-06-16T13:18:39+00:00
trackb_cont_DSGR_20260616,,,,,,,,,,,,,,pending,,2026-06-16T13:18:43+00:00
trackb_cont_DTE_20260616,,,,,,,,,,,,,,pending,,2026-06-16T13:18:38+00:00
trackb_cont_DVA_20260603,198.539993,,,,,211.800003,186.610001,,,,,,-3.0144,pending,,2026-06-16T13:16:52+00:00
trackb_cont_DVA_20260604,203.830002,,,,,211.800003,190.429993,,,,,,-1.0291,pending,,2026-06-16T13:16:52+00:00
trackb_cont_DVA_20260605,208.660004,,,,,211.800003,190.429993,,,,,,-1.0291,pending,,2026-06-16T13:16:52+00:00
trackb_cont_DVA_20260608,209.75,,,,,211.800003,190.429993,,,,,,-1.0291,pending,,2026-06-16T13:16:52+00:00
trackb_cont_DVA_20260616,,,,,,,,,,,,,,pending,,2026-06-16T13:16:52+00:00
trackb_cont_DV_20260612,,,,,,10.43,10.035,,,,,,-1.9062,pending,,2026-06-16T13:18:08+00:00
trackb_cont_DXCM_20260603,74.769997,,,,,78.910004,71.529999,,,,,,-0.825,pending,,2026-06-16T13:16:11+00:00
trackb_cont_DXCM_20260604,75.25,,,,,78.910004,71.529999,,,,,,-0.825,pending,,2026-06-16T13:16:11+00:00
trackb_cont_DXCM_20260605,75.370003,,,,,78.910004,72.519997,,,,,,0.5477,pending,,2026-06-16T13:16:11+00:00
trackb_cont_DXCM_20260608,,,,,,78.910004,73.0,,,,,,0.1921,pending,,2026-06-16T13:16:11+00:00
trackb_cont_DXCM_20260615,,,,,,75.699997,73.531601,,,,,,-1.2203,pending,,2026-06-16T13:16:11+00:00
trackb_cont_DXCM_20260616,,,,,,,,,,,,,,pending,,2026-06-16T13:16:11+00:00
trackb_cont_DXPE_20260612,,,,,,173.199997,167.149994,,,,,,-0.1732,pending,,2026-06-16T13:18:08+00:00
trackb_cont_DXPE_20260616,,,,,,,,,,,,,,pending,,2026-06-16T13:18:08+00:00
trackb_cont_D_20260603,66.769997,,,,,68.625,65.459999,,,,,,-1.697,pending,,2026-06-16T13:16:38+00:00
trackb_cont_D_20260604,66.690002,,,,,68.625,65.470001,,,,,,-1.6819,pending,,2026-06-16T13:16:38+00:00
trackb_cont_D_20260605,67.910004,,,,,68.625,65.470001,,,,,,-1.6819,pending,,2026-06-16T13:16:38+00:00
trackb_cont_D_20260608,,,,,,68.625,65.470001,,,,,,-1.6819,pending,,2026-06-16T13:16:38+00:00
trackb_cont_D_20260609,,,,,,68.625,65.470001,,,,,,-0.0763,pending,,2026-06-16T13:16:38+00:00
trackb_cont_D_20260610,,,,,,68.625,66.160004,,,,,,0.9768,pending,,2026-06-16T13:16:38+00:00
trackb_cont_D_20260615,,,,,,68.625,67.339996,,,,,,-0.0297,pending,,2026-06-16T13:16:38+00:00
trackb_cont_D_20260616,,,,,,,,,,,,,,pending,,2026-06-16T13:16:38+00:00
trackb_cont_EAT_20260615,,,,,,161.869995,155.350006,,,,,,-3.8491,pending,,2026-06-16T13:17:34+00:00
trackb_cont_EAT_20260616,,,,,,,,,,,,,,pending,,2026-06-16T13:17:34+00:00
trackb_cont_EA_20260603,203.199997,,,,,203.899994,201.809998,,,,,,-0.3604,pending,,2026-06-16T13:16:09+00:00
trackb_cont_EA_20260604,203.050003,,,,,203.899994,202.270004,,,,,,-0.1333,pending,,2026-06-16T13:16:09+00:00
trackb_cont_EA_20260605,203.270004,,,,,203.899994,202.270004,,,,,,-0.1333,pending,,2026-06-16T13:16:09+00:00
trackb_cont_EA_20260608,,,,,,203.800003,202.270004,,,,,,-0.3596,pending,,2026-06-16T13:16:09+00:00
trackb_cont_EA_20260610,,,,,,203.800003,202.5,,,,,,-0.3445,pending,,2026-06-16T13:16:09+00:00
trackb_cont_EA_20260616,,,,,,,,,,,,,,pending,,2026-06-16T13:16:09+00:00
trackb_cont_ECL_20260616,,,,,,,,,,,,,,pending,,2026-06-16T13:17:25+00:00
trackb_cont_EEX_20260603,5.03,,,,,5.06,4.97,,,,,,-0.1005,pending,,2026-06-16T13:15:58+00:00
trackb_cont_EEX_20260604,5.02,,,,,5.06,4.97,,,,,,-0.1005,pending,,2026-06-16T13:15:58+00:00
trackb_cont_EEX_20260605,5.02,,,,,5.06,4.97,,,,,,-0.1005,pending,,2026-06-16T13:15:58+00:00
trackb_cont_EEX_20260608,4.99,,,,,5.06,4.98,,,,,,0.1005,pending,,2026-06-16T13:15:58+00:00
trackb_cont_EEX_20260610,,,,,,5.06,4.99,,,,,,-0.0,pending,,2026-06-16T13:15:58+00:00
trackb_cont_EEX_20260611,,,,,,5.06,4.99,,,,,,-0.7952,pending,,2026-06-16T13:15:58+00:00
trackb_cont_EEX_20260612,,,,,,5.04,4.99,,,,,,-0.5976,pending,,2026-06-16T13:15:58+00:00
trackb_cont_EFC_20260603,13.61,,,,,13.77,13.35,,,,,,-0.5031,pending,,2026-06-16T13:15:26+00:00
trackb_cont_EFC_20260604,13.63,,,,,13.77,13.36,,,,,,-0.4285,pending,,2026-06-16T13:15:26+00:00
trackb_cont_EFC_20260605,13.68,,,,,13.77,13.38,,,,,,-0.2795,pending,,2026-06-16T13:15:26+00:00
trackb_cont_EFC_20260616,,,,,,,,,,,,,,pending,,2026-06-16T13:15:26+00:00
trackb_cont_EFX_20260603,166.059998,,,,,178.339996,153.910004,,,,,,-8.16,pending,,2026-06-16T13:16:07+00:00
trackb_cont_EFX_20260604,159.580002,,,,,178.339996,153.910004,,,,,,-8.16,pending,,2026-06-16T13:16:07+00:00
trackb_cont_EFX_20260605,163.710007,,,,,174.0,153.910004,,,,,,-8.16,pending,,2026-06-16T13:16:07+00:00
trackb_cont_EGP_20260616,,,,,,,,,,,,,,pending,,2026-06-16T13:18:41+00:00
trackb_cont_EHTH_20260615,,,,,,1.85,1.705,,,,,,-7.337,pending,,2026-06-16T13:18:22+00:00
trackb_cont_EHTH_20260616,,,,,,,,,,,,,,pending,,2026-06-16T13:18:22+00:00
trackb_cont_EIG_20260603,46.619999,,,,,46.939999,43.150002,,,,,,-0.6104,pending,,2026-06-16T13:16:16+00:00
trackb_cont_EIG_20260604,46.41,,,,,46.939999,44.119999,,,,,,1.6239,pending,,2026-06-16T13:16:16+00:00
trackb_cont_EIG_20260605,46.25,,,,,46.939999,44.639999,,,,,,2.8216,pending,,2026-06-16T13:16:16+00:00
trackb_cont_EIG_20260608,,,,,,46.939999,45.439999,,,,,,4.6643,pending,,2026-06-16T13:16:16+00:00
trackb_cont_EIG_20260610,,,,,,46.939999,45.790001,,,,,,0.4387,pending,,2026-06-16T13:16:16+00:00
trackb_cont_EIG_20260612,,,,,,46.599998,45.790001,,,,,,-1.3359,pending,,2026-06-16T13:16:16+00:00
trackb_cont_EIG_20260615,,,,,,46.360001,45.790001,,,,,,-1.1229,pending,,2026-06-16T13:16:16+00:00
trackb_cont_EIG_20260616,,,,,,,,,,,,,,pending,,2026-06-16T13:16:16+00:00
trackb_cont_EIX_20260603,71.5,,,,,73.830002,70.68,,,,,,-2.3015,pending,,2026-06-16T13:16:09+00:00
trackb_cont_EIX_20260604,72.339996,,,,,73.830002,70.68,,,,,,-2.3015,pending,,2026-06-16T13:16:09+00:00
trackb_cont_EIX_20260605,72.949997,,,,,73.830002,70.68,,,,,,-2.3015,pending,,2026-06-16T13:16:09+00:00
trackb_cont_EIX_20260608,,,,,,73.580002,70.68,,,,,,-2.3015,pending,,2026-06-16T13:16:09+00:00
trackb_cont_EIX_20260610,,,,,,73.309998,71.110001,,,,,,0.3811,pending,,2026-06-16T13:16:09+00:00
trackb_cont_EIX_20260615,,,,,,72.724998,71.75,,,,,,-0.0836,pending,,2026-06-16T13:16:09+00:00
trackb_cont_EIX_20260616,,,,,,,,,,,,,,pending,,2026-06-16T13:16:09+00:00
trackb_cont_ELF_20260615,,,,,,65.339996,62.580002,,,,,,-4.136,pending,,2026-06-16T13:18:19+00:00
trackb_cont_ELF_20260616,,,,,,,,,,,,,,pending,,2026-06-16T13:18:19+00:00
trackb_cont_ELS_20260611,,,,,,65.220001,63.860001,,,,,,-0.7152,pending,,2026-06-16T13:17:56+00:00
trackb_cont_ELS_20260616,,,,,,,,,,,,,,pending,,2026-06-16T13:17:56+00:00
trackb_cont_ELV_20260611,,,,,,406.920013,393.350006,,,,,,-2.7709,pending,,2026-06-16T13:17:49+00:00
trackb_cont_EL_20260615,,,,,,91.5,89.349998,,,,,,-2.155,pending,,2026-06-16T13:18:24+00:00
trackb_cont_EL_20260616,,,,,,,,,,,,,,pending,,2026-06-16T13:18:24+00:00
trackb_cont_EMN_20260603,71.339996,,,,,77.129997,71.010002,,,,,,-7.1036,pending,,2026-06-16T13:16:13+00:00
trackb_cont_EMN_20260604,73.32,,,,,77.129997,71.010002,,,,,,-7.1036,pending,,2026-06-16T13:16:13+00:00
trackb_cont_EMN_20260605,75.220001,,,,,77.129997,71.010002,,,,,,-7.1036,pending,,2026-06-16T13:16:13+00:00
trackb_cont_EMN_20260608,75.279999,,,,,77.129997,71.010002,,,,,,-7.1036,pending,,2026-06-16T13:16:13+00:00
trackb_cont_EMN_20260615,,,,,,77.129997,75.209999,,,,,,-1.1825,pending,,2026-06-16T13:16:13+00:00
trackb_cont_EMN_20260616,,,,,,,,,,,,,,pending,,2026-06-16T13:16:13+00:00
trackb_cont_EMR_20260615,,,,,,149.570007,145.229996,,,,,,-1.923,pending,,2026-06-16T13:18:11+00:00
trackb_cont_EMR_20260616,,,,,,,,,,,,,,pending,,2026-06-16T13:18:11+00:00
trackb_cont_ENPH_20260603,50.57,,,,,72.800003,48.459999,,,,,,-29.9002,pending,,2026-06-16T13:15:18+00:00
trackb_cont_ENPH_20260604,54.93,,,,,69.940002,48.459999,,,,,,-29.9002,pending,,2026-06-16T13:15:18+00:00
trackb_cont_ENPH_20260605,54.59,,,,,66.610001,48.459999,,,,,,-29.9002,pending,,2026-06-16T13:15:18+00:00
trackb_cont_ENPH_20260608,52.400002,,,,,60.0,48.459999,,,,,,-29.9002,pending,,2026-06-16T13:15:18+00:00
trackb_cont_ENR_20260608,20.129999,,,,,20.75,19.212999,,,,,,-1.1677,pending,,2026-06-16T13:17:15+00:00
trackb_cont_ENR_20260616,,,,,,,,,,,,,,pending,,2026-06-16T13:17:15+00:00
trackb_cont_ENS_20260603,220.759995,,,,,241.419998,214.139999,,,,,,-10.2947,pending,,2026-06-16T13:16:30+00:00
trackb_cont_ENS_20260604,222.919998,,,,,241.419998,214.139999,,,,,,-10.2947,pending,,2026-06-16T13:16:30+00:00
trackb_cont_ENS_20260605,224.259995,,,,,233.899994,214.139999,,,,,,-10.2947,pending,,2026-06-16T13:16:30+00:00
trackb_cont_ENS_20260608,,,,,,233.509995,214.139999,,,,,,-5.6984,pending,,2026-06-16T13:16:30+00:00
trackb_cont_ENTG_20260615,,,,,,168.0,159.0,,,,,,-2.2861,pending,,2026-06-16T13:18:11+00:00
trackb_cont_ENTG_20260616,,,,,,,,,,,,,,pending,,2026-06-16T13:18:11+00:00
trackb_cont_ENVA_20260612,,,,,,193.539993,187.565002,,,,,,-1.0681,pending,,2026-06-16T13:18:05+00:00
trackb_cont_ENVA_20260616,,,,,,,,,,,,,,pending,,2026-06-16T13:18:05+00:00
trackb_cont_ENVX_20260603,6.28,,,,,8.68,6.191,,,,,,-26.3415,pending,,2026-06-16T13:16:04+00:00
trackb_cont_ENVX_20260604,6.7,,,,,8.545,6.191,,,,,,-26.3415,pending,,2026-06-16T13:16:04+00:00
trackb_cont_ENVX_20260605,6.66,,,,,8.23,6.191,,,,,,-26.3415,pending,,2026-06-16T13:16:04+00:00
trackb_cont_ENVX_20260608,7.08,,,,,7.68,6.191,,,,,,-26.3415,pending,,2026-06-16T13:16:04+00:00
trackb_cont_EOSE_20260603,6.07,,,,,9.128,5.88,,,,,,-31.5881,pending,,2026-06-16T13:16:06+00:00
trackb_cont_EOSE_20260604,6.2,,,,,8.175,5.88,,,,,,-31.5881,pending,,2026-06-16T13:16:06+00:00
trackb_cont_EOSE_20260605,6.06,,,,,7.82,5.88,,,,,,-31.5881,pending,,2026-06-16T13:16:06+00:00
trackb_cont_EPC_20260612,,,,,,23.51,21.57,,,,,,-0.3695,pending,,2026-06-16T13:17:46+00:00
trackb_cont_EPC_20260615,,,,,,23.375,22.74,,,,,,-1.7074,pending,,2026-06-16T13:17:46+00:00
trackb_cont_EPC_20260616,,,,,,,,,,,,,,pending,,2026-06-16T13:17:46+00:00
trackb_cont_EPR_20260616,,,,,,,,,,,,,,pending,,2026-06-16T13:18:43+00:00
trackb_cont_EPSM_20260603,1.84,,,,,4.47,0.83,,,,,,-48.125,pending,,2026-06-16T13:16:34+00:00
trackb_cont_EPSM_20260604,1.6,,,,,4.47,0.83,,,,,,-48.125,pending,,2026-06-16T13:16:34+00:00
trackb_cont_EPSM_20260605,1.53,,,,,4.47,0.83,,,,,,-48.125,pending,,2026-06-16T13:16:34+00:00
trackb_cont_EQH_20260616,,,,,,,,,,,,,,pending,,2026-06-16T13:18:36+00:00
trackb_cont_EQIX_20260608,,,,,,1084.550049,1032.079956,,,,,,-4.521,pending,,2026-06-16T13:17:20+00:00
trackb_cont_EQR_20260608,66.18,,,,,69.029999,65.959999,,,,,,-3.2703,pending,,2026-06-16T13:17:13+00:00
trackb_cont_EQR_20260610,,,,,,68.230003,65.959999,,,,,,-2.0493,pending,,2026-06-16T13:17:13+00:00
trackb_cont_EQR_20260612,,,,,,67.68,65.959999,,,,,,-1.0353,pending,,2026-06-16T13:17:13+00:00
trackb_cont_ERIE_20260612,,,,,,230.0,222.559998,,,,,,-1.5265,pending,,2026-06-16T13:18:04+00:00
trackb_cont_ESE_20260615,,,,,,330.630005,324.559998,,,,,,-0.8478,pending,,2026-06-16T13:18:25+00:00
trackb_cont_ESE_20260616,,,,,,,,,,,,,,pending,,2026-06-16T13:18:25+00:00
trackb_cont_ESI_20260615,,,,,,45.91,44.849998,,,,,,-1.86,pending,,2026-06-16T13:18:21+00:00
trackb_cont_ESI_20260616,,,,,,,,,,,,,,pending,,2026-06-16T13:18:21+00:00
trackb_cont_ESPR_20260616,,,,,,,,,,,,,,pending,,2026-06-16T13:18:44+00:00
trackb_cont_ESRT_20260603,5.59,,,,,5.84,5.22,,,,,,-3.9558,pending,,2026-06-16T13:16:58+00:00
trackb_cont_ESRT_20260604,5.4,,,,,5.84,5.22,,,,,,-3.9558,pending,,2026-06-16T13:16:58+00:00
trackb_cont_ESRT_20260605,5.44,,,,,5.84,5.23,,,,,,-3.7718,pending,,2026-06-16T13:16:58+00:00
trackb_cont_ESS_20260603,284.640015,,,,,288.309998,276.299988,,,,,,-1.1166,pending,,2026-06-16T13:16:20+00:00
trackb_cont_ESS_20260604,280.589996,,,,,288.309998,279.23999,,,,,,-0.0644,pending,,2026-06-16T13:16:20+00:00
trackb_cont_ESS_20260605,283.75,,,,,288.309998,280.100006,,,,,,0.2434,pending,,2026-06-16T13:16:20+00:00
trackb_cont_ESS_20260608,281.390015,,,,,287.890015,280.100006,,,,,,-1.8674,pending,,2026-06-16T13:16:20+00:00
trackb_cont_ESS_20260612,,,,,,285.190002,280.329987,,,,,,-0.0927,pending,,2026-06-16T13:16:20+00:00
trackb_cont_ESS_20260616,,,,,,,,,,,,,,pending,,2026-06-16T13:16:20+00:00
trackb_cont_ES_20260608,,,,,,70.620003,67.330002,,,,,,-4.6317,pending,,2026-06-16T13:17:16+00:00
trackb_cont_ETD_20260612,,,,,,22.129999,21.450001,,,,,,-3.0727,pending,,2026-06-16T13:17:05+00:00
trackb_cont_ETD_20260615,,,,,,21.889999,21.459999,,,,,,-0.9919,pending,,2026-06-16T13:17:05+00:00
trackb_cont_ETD_20260616,,,,,,,,,,,,,,pending,,2026-06-16T13:17:05+00:00
trackb_cont_ETSY_20260603,68.730003,,,,,72.660004,65.900002,,,,,,-3.8097,pending,,2026-06-16T13:15:33+00:00
trackb_cont_ETSY_20260604,69.440002,,,,,72.660004,65.900002,,,,,,-3.8097,pending,,2026-06-16T13:15:33+00:00
trackb_cont_ETSY_20260605,69.480003,,,,,72.660004,65.900002,,,,,,-3.8097,pending,,2026-06-16T13:15:33+00:00
trackb_cont_ETSY_20260608,72.190002,,,,,72.660004,65.900002,,,,,,-3.8097,pending,,2026-06-16T13:15:33+00:00
trackb_cont_ETSY_20260609,,,,,,72.660004,66.845001,,,,,,-2.8839,pending,,2026-06-16T13:15:33+00:00
trackb_cont_ETSY_20260611,,,,,,72.660004,67.830002,,,,,,-1.3095,pending,,2026-06-16T13:15:33+00:00
trackb_cont_ETSY_20260612,,,,,,72.660004,68.580002,,,,,,-1.2385,pending,,2026-06-16T13:15:33+00:00
trackb_cont_ETSY_20260616,,,,,,,,,,,,,,pending,,2026-06-16T13:15:33+00:00
trackb_cont_EVC_20260603,8.95,,,,,10.06,8.44,,,,,,-1.5169,pending,,2026-06-16T13:16:18+00:00
trackb_cont_EVC_20260604,9.98,,,,,10.06,8.44,,,,,,-1.5169,pending,,2026-06-16T13:16:18+00:00
trackb_cont_EVC_20260605,9.66,,,,,10.06,8.44,,,,,,-1.5169,pending,,2026-06-16T13:16:18+00:00
trackb_cont_EVC_20260608,,,,,,10.06,8.44,,,,,,-3.7628,pending,,2026-06-16T13:16:18+00:00
trackb_cont_EVC_20260616,,,,,,,,,,,,,,pending,,2026-06-16T13:16:18+00:00
trackb_cont_EVER_20260612,,,,,,20.68,19.764999,,,,,,-0.378,pending,,2026-06-16T13:18:03+00:00
trackb_cont_EVER_20260616,,,,,,,,,,,,,,pending,,2026-06-16T13:18:03+00:00
trackb_cont_EVGO_20260603,1.89,,,,,2.51,1.87,,,,,,-17.2566,pending,,2026-06-16T13:16:35+00:00
trackb_cont_EVGO_20260604,1.98,,,,,2.51,1.87,,,,,,-17.2566,pending,,2026-06-16T13:16:35+00:00
trackb_cont_EVGO_20260605,2.0,,,,,2.47,1.87,,,,,,-17.2566,pending,,2026-06-16T13:16:35+00:00
trackb_cont_EVGO_20260608,2.04,,,,,2.16,1.87,,,,,,-17.2566,pending,,2026-06-16T13:16:35+00:00
trackb_cont_EVH_20260609,,,,,,4.905,4.37,,,,,,-6.2232,pending,,2026-06-16T13:17:33+00:00
trackb_cont_EVH_20260611,,,,,,4.905,4.37,,,,,,-2.2371,pending,,2026-06-16T13:17:33+00:00
trackb_cont_EVH_20260616,,,,,,,,,,,,,,pending,,2026-06-16T13:17:33+00:00
trackb_cont_EVR_20260603,340.779999,,,,,372.549988,334.290009,,,,,,-1.8785,pending,,2026-06-16T13:16:15+00:00
trackb_cont_EVR_20260604,355.100006,,,,,372.549988,335.76001,,,,,,-1.4471,pending,,2026-06-16T13:16:15+00:00
trackb_cont_EVR_20260605,357.380005,,,,,372.549988,335.76001,,,,,,-1.4471,pending,,2026-06-16T13:16:15+00:00
trackb_cont_EVR_20260608,,,,,,372.549988,339.279999,,,,,,-0.4139,pending,,2026-06-16T13:16:15+00:00
trackb_cont_EVR_20260611,,,,,,372.549988,340.399994,,,,,,-0.1115,pending,,2026-06-16T13:16:15+00:00
trackb_cont_EVR_20260616,,,,,,,,,,,,,,pending,,2026-06-16T13:16:15+00:00
trackb_cont_EWBC_20260608,,,,,,135.996994,126.0,,,,,,0.0476,pending,,2026-06-16T13:17:15+00:00
trackb_cont_EWBC_20260610,,,,,,135.996994,127.660004,,,,,,1.1088,pending,,2026-06-16T13:17:15+00:00
trackb_cont_EWBC_20260611,,,,,,135.996994,127.93,,,,,,-0.1249,pending,,2026-06-16T13:17:15+00:00
trackb_cont_EWBC_20260612,,,,,,135.996994,130.240005,,,,,,0.0461,pending,,2026-06-16T13:17:15+00:00
trackb_cont_EWBC_20260616,,,,,,,,,,,,,,pending,,2026-06-16T13:17:15+00:00
trackb_cont_EW_20260603,85.980003,,,,,89.480003,83.169998,,,,,,-3.6213,pending,,2026-06-16T13:15:54+00:00
trackb_cont_EW_20260604,85.760002,,,,,89.480003,83.169998,,,,,,-3.6213,pending,,2026-06-16T13:15:54+00:00
trackb_cont_EW_20260605,85.110001,,,,,89.480003,83.169998,,,,,,-3.6213,pending,,2026-06-16T13:15:54+00:00
trackb_cont_EW_20260608,,,,,,87.93,83.169998,,,,,,-3.6213,pending,,2026-06-16T13:15:54+00:00
trackb_cont_EW_20260609,,,,,,87.93,83.169998,,,,,,-3.1217,pending,,2026-06-16T13:15:54+00:00
trackb_cont_EW_20260610,,,,,,87.220001,83.169998,,,,,,-3.1217,pending,,2026-06-16T13:15:54+00:00
trackb_cont_EXC_20260616,,,,,,,,,,,,,,pending,,2026-06-16T13:17:11+00:00
trackb_cont_EXEL_20260609,,,,,,53.93,52.009998,,,,,,0.5218,pending,,2026-06-16T13:17:27+00:00
trackb_cont_EXEL_20260612,,,,,,53.869999,52.029999,,,,,,-2.7477,pending,,2026-06-16T13:17:27+00:00
trackb_cont_EXEL_20260616,,,,,,,,,,,,,,pending,,2026-06-16T13:17:27+00:00
trackb_cont_EXPD_20260603,164.710007,,,,,168.520004,157.630005,,,,,,-1.1476,pending,,2026-06-16T13:16:37+00:00
trackb_cont_EXPD_20260604,166.440002,,,,,168.520004,159.070007,,,,,,-0.2446,pending,,2026-06-16T13:16:37+00:00
trackb_cont_EXPD_20260605,166.619995,,,,,168.520004,159.940002,,,,,,0.301,pending,,2026-06-16T13:16:37+00:00
trackb_cont_EXPD_20260608,,,,,,168.520004,160.470001,,,,,,0.6334,pending,,2026-06-16T13:16:37+00:00
trackb_cont_EXPD_20260610,,,,,,168.520004,162.0,,,,,,-0.8811,pending,,2026-06-16T13:16:37+00:00
trackb_cont_EXPD_20260611,,,,,,168.520004,163.0,,,,,,-1.0382,pending,,2026-06-16T13:16:37+00:00
trackb_cont_EXPD_20260612,,,,,,168.520004,163.0,,,,,,-2.0668,pending,,2026-06-16T13:16:37+00:00
trackb_cont_EXPD_20260615,,,,,,166.255005,163.0,,,,,,-0.761,pending,,2026-06-16T13:16:37+00:00
trackb_cont_EXPD_20260616,,,,,,,,,,,,,,pending,,2026-06-16T13:16:37+00:00
trackb_cont_EXP_20260603,213.190002,,,,,224.119995,206.729996,,,,,,-5.287,pending,,2026-06-16T13:16:28+00:00
trackb_cont_EXP_20260604,217.059998,,,,,224.119995,206.729996,,,,,,-5.287,pending,,2026-06-16T13:16:28+00:00
trackb_cont_EXP_20260605,215.25,,,,,224.119995,206.729996,,,,,,-5.287,pending,,2026-06-16T13:16:28+00:00
trackb_cont_EXP_20260608,217.960007,,,,,224.119995,206.729996,,,,,,-2.8159,pending,,2026-06-16T13:16:28+00:00
trackb_cont_EXP_20260615,,,,,,224.119995,217.210007,,,,,,-3.0377,pending,,2026-06-16T13:16:28+00:00
trackb_cont_EXP_20260616,,,,,,,,,,,,,,pending,,2026-06-16T13:16:28+00:00
trackb_cont_EXR_20260608,,,,,,151.75,143.910004,,,,,,-0.9635,pending,,2026-06-16T13:17:16+00:00
trackb_cont_EXR_20260609,,,,,,151.75,146.020004,,,,,,0.7035,pending,,2026-06-16T13:17:16+00:00
trackb_cont_EXR_20260616,,,,,,,,,,,,,,pending,,2026-06-16T13:17:16+00:00
trackb_cont_EXTR_20260603,28.58,,,,,32.060001,27.59,,,,,,-3.767,pending,,2026-06-16T13:15:08+00:00
trackb_cont_EXTR_20260604,31.07,,,,,32.060001,27.59,,,,,,-3.767,pending,,2026-06-16T13:15:08+00:00
trackb_cont_EXTR_20260605,31.110001,,,,,32.060001,27.59,,,,,,-3.767,pending,,2026-06-16T13:15:08+00:00
trackb_cont_EXTR_20260608,,,,,,32.060001,27.59,,,,,,-3.767,pending,,2026-06-16T13:15:08+00:00
trackb_cont_EXTR_20260609,,,,,,32.060001,27.59,,,,,,-6.696,pending,,2026-06-16T13:15:08+00:00
trackb_cont_EXTR_20260611,,,,,,32.060001,29.43,,,,,,2.9741,pending,,2026-06-16T13:15:08+00:00
trackb_cont_EXTR_20260612,,,,,,32.060001,30.6,,,,,,-1.5127,pending,,2026-06-16T13:15:08+00:00
trackb_cont_EXTR_20260616,,,,,,,,,,,,,,pending,,2026-06-16T13:15:08+00:00
trackb_cont_FABC_20260608,,,,,,4.78,3.29,,,,,,-22.5882,pending,,2026-06-16T13:17:19+00:00
trackb_cont_FAST_20260611,,,,,,47.16,46.02,,,,,,-0.0217,pending,,2026-06-16T13:17:57+00:00
trackb_cont_FAST_20260615,,,,,,46.91,46.02,,,,,,-1.7297,pending,,2026-06-16T13:17:57+00:00
trackb_cont_FAST_20260616,,,,,,,,,,,,,,pending,,2026-06-16T13:17:57+00:00
trackb_cont_FA_20260603,15.84,,,,,17.25,15.45,,,,,,-2.9218,pending,,2026-06-16T13:16:04+00:00
trackb_cont_FA_20260604,15.56,,,,,17.25,15.45,,,,,,-2.9218,pending,,2026-06-16T13:16:04+00:00
trackb_cont_FA_20260605,16.49,,,,,17.25,15.45,,,,,,-2.9218,pending,,2026-06-16T13:16:04+00:00
trackb_cont_FA_20260608,16.99,,,,,17.25,15.45,,,,,,-2.9218,pending,,2026-06-16T13:16:04+00:00
trackb_cont_FA_20260616,,,,,,,,,,,,,,pending,,2026-06-16T13:16:04+00:00
trackb_cont_FBIN_20260603,40.43,,,,,45.014999,38.459999,,,,,,-0.8763,pending,,2026-06-16T13:16:27+00:00
trackb_cont_FBIN_20260604,42.959999,,,,,45.014999,38.459999,,,,,,-0.8763,pending,,2026-06-16T13:16:27+00:00
trackb_cont_FBIN_20260605,43.220001,,,,,45.014999,38.459999,,,,,,-0.8763,pending,,2026-06-16T13:16:27+00:00
trackb_cont_FBIN_20260608,,,,,,45.014999,38.459999,,,,,,-0.8763,pending,,2026-06-16T13:16:27+00:00
trackb_cont_FBIN_20260609,,,,,,45.014999,39.310001,,,,,,-0.4054,pending,,2026-06-16T13:16:27+00:00
trackb_cont_FBIN_20260610,,,,,,45.014999,40.189999,,,,,,1.8242,pending,,2026-06-16T13:16:27+00:00
trackb_cont_FBIN_20260616,,,,,,,,,,,,,,pending,,2026-06-16T13:16:27+00:00
trackb_cont_FCEL_20260603,16.209999,,,,,23.959999,15.06,,,,,,-33.4512,pending,,2026-06-16T13:16:23+00:00
trackb_cont_FCEL_20260604,17.690001,,,,,22.9,15.06,,,,,,-33.4512,pending,,2026-06-16T13:16:23+00:00
trackb_cont_FCEL_20260605,16.940001,,,,,20.5,15.06,,,,,,-33.4512,pending,,2026-06-16T13:16:23+00:00
trackb_cont_FCPT_20260615,,,,,,25.25,24.719999,,,,,,-1.9048,pending,,2026-06-16T13:18:23+00:00
trackb_cont_FCPT_20260616,,,,,,,,,,,,,,pending,,2026-06-16T13:18:23+00:00
trackb_cont_FC_20260603,24.59,,,,,25.5,23.07,,,,,,-0.324,pending,,2026-06-16T13:16:21+00:00
trackb_cont_FC_20260604,24.799999,,,,,25.5,23.26,,,,,,0.4969,pending,,2026-06-16T13:16:21+00:00
trackb_cont_FC_20260605,24.32,,,,,25.5,23.379999,,,,,,1.0153,pending,,2026-06-16T13:16:21+00:00
trackb_cont_FC_20260608,,,,,,25.5,23.379999,,,,,,1.0153,pending,,2026-06-16T13:16:21+00:00
trackb_cont_FC_20260610,,,,,,25.5,23.575001,,,,,,-1.6479,pending,,2026-06-16T13:16:21+00:00
trackb_cont_FC_20260611,,,,,,25.5,23.575001,,,,,,-4.1277,pending,,2026-06-16T13:16:21+00:00
trackb_cont_FC_20260615,,,,,,24.370001,23.575001,,,,,,-1.8117,pending,,2026-06-16T13:16:21+00:00
trackb_cont_FC_20260616,,,,,,,,,,,,,,pending,,2026-06-16T13:16:21+00:00
trackb_cont_FDS_20260603,249.080002,,,,,264.369995,231.149994,,,,,,-8.7554,pending,,2026-06-16T13:16:35+00:00
trackb_cont_FDS_20260604,236.639999,,,,,264.369995,231.149994,,,,,,-8.7554,pending,,2026-06-16T13:16:35+00:00
trackb_cont_FDS_20260605,241.160004,,,,,259.0,231.149994,,,,,,-8.7554,pending,,2026-06-16T13:16:35+00:00
trackb_cont_FDS_20260608,235.860001,,,,,256.649994,231.149994,,,,,,-8.7554,pending,,2026-06-16T13:16:35+00:00
trackb_cont_FDS_20260609,,,,,,251.110001,231.149994,,,,,,-6.1815,pending,,2026-06-16T13:16:35+00:00
trackb_cont_FDX_20260603,319.25,,,,,345.36499,318.959991,,,,,,-2.6522,pending,,2026-06-16T13:16:36+00:00
trackb_cont_FDX_20260604,338.0,,,,,345.36499,318.959991,,,,,,-2.6522,pending,,2026-06-16T13:16:36+00:00
trackb_cont_FDX_20260605,338.309998,,,,,345.36499,318.959991,,,,,,-2.6522,pending,,2026-06-16T13:16:36+00:00
trackb_cont_FDX_20260608,,,,,,345.36499,318.959991,,,,,,-2.6522,pending,,2026-06-16T13:16:36+00:00
trackb_cont_FDX_20260609,,,,,,345.36499,318.959991,,,,,,-3.4099,pending,,2026-06-16T13:16:36+00:00
trackb_cont_FDX_20260610,,,,,,345.36499,318.959991,,,,,,-3.4099,pending,,2026-06-16T13:16:36+00:00
trackb_cont_FDX_20260611,,,,,,345.36499,322.839996,,,,,,1.1245,pending,,2026-06-16T13:16:36+00:00
trackb_cont_FDX_20260616,,,,,,,,,,,,,,pending,,2026-06-16T13:16:36+00:00
trackb_cont_FGI_20260612,,,,,,6.446,4.92,,,,,,-22.0285,pending,,2026-06-16T13:18:07+00:00
trackb_cont_FGI_20260615,,,,,,5.93,4.92,,,,,,-13.8354,pending,,2026-06-16T13:18:07+00:00
trackb_cont_FGI_20260616,,,,,,,,,,,,,,pending,,2026-06-16T13:18:07+00:00
trackb_cont_FG_20260615,,,,,,29.34,28.610001,,,,,,-2.4548,pending,,2026-06-16T13:18:24+00:00
trackb_cont_FG_20260616,,,,,,,,,,,,,,pending,,2026-06-16T13:18:24+00:00
trackb_cont_FHN_20260611,,,,,,25.42,24.59,,,,,,-0.5259,pending,,2026-06-16T13:17:53+00:00
trackb_cont_FHN_20260612,,,,,,25.42,24.715,,,,,,-1.1004,pending,,2026-06-16T13:17:53+00:00
trackb_cont_FHN_20260616,,,,,,,,,,,,,,pending,,2026-06-16T13:17:53+00:00
trackb_cont_FICO_20260603,1220.150024,,,,,1260.0,1124.459961,,,,,,-3.1648,pending,,2026-06-16T13:16:46+00:00
trackb_cont_FICO_20260604,1185.369995,,,,,1260.0,1124.459961,,,,,,-3.1648,pending,,2026-06-16T13:16:46+00:00
trackb_cont_FICO_20260605,1179.189941,,,,,1260.0,1124.459961,,,,,,-3.1648,pending,,2026-06-16T13:16:46+00:00
trackb_cont_FITB_20260603,52.650002,,,,,55.299999,49.470001,,,,,,-0.3625,pending,,2026-06-16T13:16:32+00:00
trackb_cont_FITB_20260604,53.419998,,,,,55.299999,49.950001,,,,,,0.6042,pending,,2026-06-16T13:16:32+00:00
trackb_cont_FITB_20260605,54.73,,,,,55.299999,51.419998,,,,,,3.565,pending,,2026-06-16T13:16:32+00:00
trackb_cont_FITB_20260608,,,,,,55.299999,51.790001,,,,,,-0.423,pending,,2026-06-16T13:16:32+00:00
trackb_cont_FITB_20260610,,,,,,55.299999,52.439999,,,,,,0.9238,pending,,2026-06-16T13:16:32+00:00
trackb_cont_FITB_20260611,,,,,,55.299999,52.619999,,,,,,-0.057,pending,,2026-06-16T13:16:32+00:00
trackb_cont_FITB_20260612,,,,,,55.299999,52.955002,,,,,,-0.8705,pending,,2026-06-16T13:16:32+00:00
trackb_cont_FITB_20260615,,,,,,55.299999,52.955002,,,,,,-3.858,pending,,2026-06-16T13:16:32+00:00
trackb_cont_FITB_20260616,,,,,,,,,,,,,,pending,,2026-06-16T13:16:32+00:00
trackb_cont_FIZZ_20260612,,,,,,37.189999,36.119999,,,,,,-2.2727,pending,,2026-06-16T13:18:09+00:00
trackb_cont_FLEX_20260603,139.490005,,,,,166.860001,137.779999,,,,,,-16.0876,pending,,2026-06-16T13:15:07+00:00
trackb_cont_FLEX_20260604,151.990005,,,,,161.110001,137.779999,,,,,,-16.0876,pending,,2026-06-16T13:15:07+00:00
trackb_cont_FLEX_20260605,149.710007,,,,,158.699997,137.779999,,,,,,-16.0876,pending,,2026-06-16T13:15:07+00:00
trackb_cont_FLEX_20260608,,,,,,158.699997,137.779999,,,,,,-9.3075,pending,,2026-06-16T13:15:07+00:00
trackb_cont_FLL_20260612,,,,,,3.37,2.88,,,,,,-0.6897,pending,,2026-06-16T13:18:08+00:00
trackb_cont_FLL_20260616,,,,,,,,,,,,,,pending,,2026-06-16T13:18:08+00:00
trackb_cont_FLNC_20260603,21.620001,,,,,28.08,21.309999,,,,,,-16.6275,pending,,2026-06-16T13:15:53+00:00
trackb_cont_FLNC_20260604,24.280001,,,,,27.98,21.309999,,,,,,-16.6275,pending,,2026-06-16T13:15:53+00:00
trackb_cont_FLNC_20260605,23.709999,,,,,27.98,21.309999,,,,,,-16.6275,pending,,2026-06-16T13:15:53+00:00
trackb_cont_FLNC_20260608,24.18,,,,,27.98,21.309999,,,,,,-16.6275,pending,,2026-06-16T13:15:53+00:00
trackb_cont_FLR_20260611,,,,,,52.02,47.310001,,,,,,1.0034,pending,,2026-06-16T13:17:55+00:00
trackb_cont_FLR_20260615,,,,,,52.02,50.110001,,,,,,-3.4303,pending,,2026-06-16T13:17:55+00:00
trackb_cont_FLR_20260616,,,,,,,,,,,,,,pending,,2026-06-16T13:17:55+00:00
trackb_cont_FLS_20260603,72.860001,,,,,81.25,72.760002,,,,,,-3.9979,pending,,2026-06-16T13:15:24+00:00
trackb_cont_FLS_20260604,78.099998,,,,,81.25,72.760002,,,,,,-3.9979,pending,,2026-06-16T13:15:24+00:00
trackb_cont_FLS_20260605,78.07,,,,,81.25,72.760002,,,,,,-3.9979,pending,,2026-06-16T13:15:24+00:00
trackb_cont_FLS_20260608,,,,,,81.25,72.760002,,,,,,-3.9979,pending,,2026-06-16T13:15:24+00:00
trackb_cont_FLS_20260616,,,,,,,,,,,,,,pending,,2026-06-16T13:15:24+00:00
trackb_cont_FLUT_20260611,,,,,,115.334999,106.559998,,,,,,-5.649,pending,,2026-06-16T13:17:25+00:00
trackb_cont_FLYX_20260603,2.25,,,,,2.695,1.96,,,,,,-22.8346,pending,,2026-06-16T13:16:34+00:00
trackb_cont_FLYX_20260604,2.36,,,,,2.695,1.96,,,,,,-22.8346,pending,,2026-06-16T13:16:34+00:00
trackb_cont_FLYX_20260605,2.01,,,,,2.605,1.96,,,,,,-22.8346,pending,,2026-06-16T13:16:34+00:00
trackb_cont_FLYX_20260608,,,,,,2.605,1.96,,,,,,-21.6,pending,,2026-06-16T13:16:34+00:00
trackb_cont_FNB_20260612,,,,,,18.83,18.26,,,,,,-0.164,pending,,2026-06-16T13:18:07+00:00
trackb_cont_FNB_20260616,,,,,,,,,,,,,,pending,,2026-06-16T13:18:07+00:00
trackb_cont_FORM_20260616,,,,,,,,,,,,,,pending,,2026-06-16T13:18:33+00:00
trackb_cont_FORR_20260603,6.73,,,,,7.45,6.56,,,,,,-2.8148,pending,,2026-06-16T13:16:03+00:00
trackb_cont_FOR_20260603,28.32,,,,,29.58,26.879999,,,,,,0.0186,pending,,2026-06-16T13:15:57+00:00
trackb_cont_FOR_20260604,28.790001,,,,,29.58,27.700001,,,,,,3.0698,pending,,2026-06-16T13:15:57+00:00
trackb_cont_FOR_20260605,29.200001,,,,,29.58,28.0,,,,,,4.186,pending,,2026-06-16T13:15:57+00:00
trackb_cont_FOR_20260608,,,,,,29.58,28.17,,,,,,4.8186,pending,,2026-06-16T13:15:57+00:00
trackb_cont_FOR_20260611,,,,,,29.58,28.24,,,,,,-0.2825,pending,,2026-06-16T13:15:57+00:00
trackb_cont_FOR_20260612,,,,,,29.58,28.49,,,,,,-1.042,pending,,2026-06-16T13:15:57+00:00
trackb_cont_FOR_20260615,,,,,,29.52,28.49,,,,,,-3.1611,pending,,2026-06-16T13:15:57+00:00
trackb_cont_FOR_20260616,,,,,,,,,,,,,,pending,,2026-06-16T13:15:57+00:00
trackb_cont_FOXA_20260611,,,,,,69.175003,53.244999,,,,,,-21.6985,pending,,2026-06-16T13:17:51+00:00
trackb_cont_FOXA_20260612,,,,,,68.849998,53.244999,,,,,,-22.0425,pending,,2026-06-16T13:17:51+00:00
trackb_cont_FOX_20260609,,,,,,61.959999,48.310001,,,,,,-19.937,pending,,2026-06-16T13:17:32+00:00
trackb_cont_FPH_20260603,5.02,,,,,5.22,4.89,,,,,,-1.6097,pending,,2026-06-16T13:16:21+00:00
trackb_cont_FPH_20260604,5.12,,,,,5.22,4.89,,,,,,-1.6097,pending,,2026-06-16T13:16:21+00:00
trackb_cont_FPH_20260605,5.16,,,,,5.22,4.89,,,,,,-1.6097,pending,,2026-06-16T13:16:21+00:00
trackb_cont_FPH_20260609,,,,,,5.22,4.98,,,,,,-1.9685,pending,,2026-06-16T13:16:21+00:00
trackb_cont_FPH_20260610,,,,,,5.22,4.98,,,,,,-1.9685,pending,,2026-06-16T13:16:21+00:00
trackb_cont_FPH_20260612,,,,,,5.22,5.04,,,,,,-1.5625,pending,,2026-06-16T13:16:21+00:00
trackb_cont_FPH_20260615,,,,,,5.22,5.04,,,,,,-2.5334,pending,,2026-06-16T13:16:21+00:00
trackb_cont_FPH_20260616,,,,,,,,,,,,,,pending,,2026-06-16T13:16:21+00:00
trackb_cont_FRMI_20260616,,,,,,,,,,,,,,pending,,2026-06-16T13:18:31+00:00
trackb_cont_FRT_20260603,123.620003,,,,,126.410004,119.080002,,,,,,-0.2931,pending,,2026-06-16T13:16:54+00:00
trackb_cont_FRT_20260604,124.720001,,,,,126.410004,120.089996,,,,,,0.5526,pending,,2026-06-16T13:16:54+00:00
trackb_cont_FRT_20260605,125.839996,,,,,126.410004,120.510002,,,,,,0.9043,pending,,2026-06-16T13:16:54+00:00
trackb_cont_FRT_20260608,,,,,,126.410004,121.629997,,,,,,-0.7588,pending,,2026-06-16T13:16:54+00:00
trackb_cont_FRT_20260610,,,,,,126.410004,123.449997,,,,,,1.1056,pending,,2026-06-16T13:16:54+00:00
trackb_cont_FRT_20260612,,,,,,126.410004,124.309998,,,,,,-0.3287,pending,,2026-06-16T13:16:54+00:00
trackb_cont_FRT_20260616,,,,,,,,,,,,,,pending,,2026-06-16T13:16:54+00:00
trackb_cont_FR_20260615,,,,,,63.950001,63.23,,,,,,-0.6989,pending,,2026-06-16T13:18:25+00:00
trackb_cont_FR_20260616,,,,,,,,,,,,,,pending,,2026-06-16T13:18:25+00:00
trackb_cont_FSLR_20260603,249.270004,,,,,320.950012,248.660004,,,,,,-21.4195,pending,,2026-06-16T13:15:15+00:00
trackb_cont_FSLR_20260604,271.170013,,,,,320.640015,248.660004,,,,,,-21.4195,pending,,2026-06-16T13:15:15+00:00
trackb_cont_FSLR_20260605,267.309998,,,,,306.549988,248.660004,,,,,,-21.4195,pending,,2026-06-16T13:15:15+00:00
trackb_cont_FSLR_20260608,,,,,,289.98999,248.660004,,,,,,-21.4195,pending,,2026-06-16T13:15:15+00:00
trackb_cont_FSP_20260612,,,,,,0.74,0.6166,,,,,,-9.3235,pending,,2026-06-16T13:17:37+00:00
trackb_cont_FSP_20260615,,,,,,0.7098,0.6166,,,,,,-9.3369,pending,,2026-06-16T13:17:37+00:00
trackb_cont_FSP_20260616,,,,,,,,,,,,,,pending,,2026-06-16T13:17:37+00:00
trackb_cont_FSTR_20260603,40.759998,,,,,43.5,40.0,,,,,,-4.3062,pending,,2026-06-16T13:15:42+00:00
trackb_cont_FSTR_20260604,42.119999,,,,,43.5,40.0,,,,,,-4.3062,pending,,2026-06-16T13:15:42+00:00
trackb_cont_FSTR_20260605,42.369999,,,,,43.5,40.0,,,,,,-4.3062,pending,,2026-06-16T13:15:42+00:00
trackb_cont_FSTR_20260608,,,,,,43.5,40.0,,,,,,-3.6377,pending,,2026-06-16T13:15:42+00:00
trackb_cont_FSTR_20260610,,,,,,43.5,40.0,,,,,,-4.2146,pending,,2026-06-16T13:15:42+00:00
trackb_cont_FSTR_20260616,,,,,,,,,,,,,,pending,,2026-06-16T13:15:42+00:00
trackb_cont_FTCI_20260603,4.29,,,,,5.89,4.24,,,,,,-25.1465,pending,,2026-06-16T13:15:29+00:00
trackb_cont_FTCI_20260604,4.49,,,,,5.53,4.24,,,,,,-25.1465,pending,,2026-06-16T13:15:29+00:00
trackb_cont_FTCI_20260605,4.32,,,,,5.31,4.24,,,,,,-25.1465,pending,,2026-06-16T13:15:29+00:00
trackb_cont_FTCI_20260608,4.51,,,,,5.008,4.24,,,,,,-10.7368,pending,,2026-06-16T13:15:29+00:00
trackb_cont_FTDR_20260616,,,,,,,,,,,,,,pending,,2026-06-16T13:18:33+00:00
trackb_cont_FTNT_20260603,138.880005,,,,,150.070007,133.050003,,,,,,-9.5236,pending,,2026-06-16T13:15:12+00:00
trackb_cont_FTNT_20260604,145.059998,,,,,150.070007,133.050003,,,,,,-9.5236,pending,,2026-06-16T13:15:12+00:00
trackb_cont_FTNT_20260605,146.300003,,,,,149.5,133.050003,,,,,,-9.5236,pending,,2026-06-16T13:15:12+00:00
trackb_cont_FTNT_20260608,,,,,,149.5,133.050003,,,,,,-8.0384,pending,,2026-06-16T13:15:12+00:00
trackb_cont_FTNT_20260609,,,,,,149.5,133.050003,,,,,,-6.9841,pending,,2026-06-16T13:15:12+00:00
trackb_cont_FTNT_20260610,,,,,,149.5,137.009995,,,,,,-4.2156,pending,,2026-06-16T13:15:12+00:00
trackb_cont_FTNT_20260612,,,,,,149.5,142.149994,,,,,,-2.0061,pending,,2026-06-16T13:15:12+00:00
trackb_cont_FTNT_20260616,,,,,,,,,,,,,,pending,,2026-06-16T13:15:12+00:00
trackb_cont_FTV_20260610,,,,,,63.400002,58.73,,,,,,-3.9732,pending,,2026-06-16T13:17:41+00:00
trackb_cont_FUL_20260603,61.189999,,,,,65.739998,58.84,,,,,,-5.8635,pending,,2026-06-16T13:16:48+00:00
trackb_cont_FUL_20260604,63.599998,,,,,65.739998,58.84,,,,,,-5.8635,pending,,2026-06-16T13:16:48+00:00
trackb_cont_FUL_20260605,63.630001,,,,,65.739998,58.84,,,,,,-5.8635,pending,,2026-06-16T13:16:48+00:00
trackb_cont_FUL_20260608,,,,,,65.739998,59.66,,,,,,-4.5516,pending,,2026-06-16T13:16:48+00:00
trackb_cont_FUL_20260615,,,,,,65.739998,62.400002,,,,,,-4.0812,pending,,2026-06-16T13:16:48+00:00
trackb_cont_FUL_20260616,,,,,,,,,,,,,,pending,,2026-06-16T13:16:48+00:00
trackb_cont_FUN_20260611,,,,,,24.440001,23.059999,,,,,,-0.3457,pending,,2026-06-16T13:17:49+00:00
trackb_cont_FUN_20260615,,,,,,23.855,23.1,,,,,,-2.9412,pending,,2026-06-16T13:17:49+00:00
trackb_cont_FUN_20260616,,,,,,,,,,,,,,pending,,2026-06-16T13:17:49+00:00
trackb_cont_FVR_20260603,19.620001,,,,,20.0,17.809999,,,,,,-0.8904,pending,,2026-06-16T13:16:20+00:00
trackb_cont_FVR_20260604,19.57,,,,,20.0,17.879999,,,,,,-0.5008,pending,,2026-06-16T13:16:20+00:00
trackb_cont_FVR_20260605,19.870001,,,,,20.0,18.315001,,,,,,1.9199,pending,,2026-06-16T13:16:20+00:00
trackb_cont_FVR_20260608,,,,,,20.0,18.67,,,,,,3.8954,pending,,2026-06-16T13:16:20+00:00
trackb_cont_FVR_20260611,,,,,,20.0,19.34,,,,,,-1.4271,pending,,2026-06-16T13:16:20+00:00
trackb_cont_FVR_20260612,,,,,,20.0,19.34,,,,,,-1.1753,pending,,2026-06-16T13:16:20+00:00
trackb_cont_FVR_20260616,,,,,,,,,,,,,,pending,,2026-06-16T13:16:20+00:00
trackb_cont_F_20260603,14.3,,,,,16.200001,14.1,,,,,,-10.7877,pending,,2026-06-16T13:16:48+00:00
trackb_cont_F_20260604,14.71,,,,,15.89,14.1,,,,,,-10.7877,pending,,2026-06-16T13:16:48+00:00
trackb_cont_F_20260605,14.84,,,,,15.48,14.1,,,,,,-10.7877,pending,,2026-06-16T13:16:48+00:00
trackb_cont_F_20260608,,,,,,15.48,14.1,,,,,,-10.7877,pending,,2026-06-16T13:16:48+00:00
trackb_cont_GCO_20260603,39.02,,,,,43.599998,37.880001,,,,,,-2.7471,pending,,2026-06-16T13:15:34+00:00
trackb_cont_GCO_20260604,42.720001,,,,,43.599998,37.880001,,,,,,-2.7471,pending,,2026-06-16T13:15:34+00:00
trackb_cont_GCO_20260605,42.5,,,,,43.599998,37.880001,,,,,,-2.7471,pending,,2026-06-16T13:15:34+00:00
trackb_cont_GCO_20260608,,,,,,43.599998,38.07,,,,,,-2.2593,pending,,2026-06-16T13:15:34+00:00
trackb_cont_GCO_20260610,,,,,,43.599998,38.380001,,,,,,-2.1168,pending,,2026-06-16T13:15:34+00:00
trackb_cont_GCO_20260616,,,,,,,,,,,,,,pending,,2026-06-16T13:15:34+00:00
trackb_cont_GD_20260615,,,,,,362.5,357.209991,,,,,,-0.4709,pending,,2026-06-16T13:18:23+00:00
trackb_cont_GD_20260616,,,,,,,,,,,,,,pending,,2026-06-16T13:18:23+00:00
trackb_cont_GEF_20260615,,,,,,70.260002,69.150002,,,,,,-0.0723,pending,,2026-06-16T13:18:20+00:00
trackb_cont_GEF_20260616,,,,,,,,,,,,,,pending,,2026-06-16T13:18:20+00:00
trackb_cont_GEO_20260603,28.139999,,,,,28.889999,23.0,,,,,,-0.6694,pending,,2026-06-16T13:15:40+00:00
trackb_cont_GEO_20260604,28.620001,,,,,28.889999,23.73,,,,,,2.4833,pending,,2026-06-16T13:15:40+00:00
trackb_cont_GEO_20260605,28.440001,,,,,28.889999,24.93,,,,,,7.6657,pending,,2026-06-16T13:15:40+00:00
trackb_cont_GEO_20260608,,,,,,28.889999,25.15,,,,,,-0.6322,pending,,2026-06-16T13:15:40+00:00
trackb_cont_GEO_20260609,,,,,,28.889999,26.059999,,,,,,-2.3238,pending,,2026-06-16T13:15:40+00:00
trackb_cont_GEO_20260610,,,,,,28.889999,26.66,,,,,,-0.075,pending,,2026-06-16T13:15:40+00:00
trackb_cont_GEO_20260611,,,,,,28.889999,27.77,,,,,,-1.3149,pending,,2026-06-16T13:15:40+00:00
trackb_cont_GEO_20260615,,,,,,28.756001,27.77,,,,,,-1.4024,pending,,2026-06-16T13:15:40+00:00
trackb_cont_GEO_20260616,,,,,,,,,,,,,,pending,,2026-06-16T13:15:40+00:00
trackb_cont_GE_20260603,318.709991,,,,,348.899994,311.0,,,,,,-1.629,pending,,2026-06-16T13:16:24+00:00
trackb_cont_GE_20260604,332.76001,,,,,348.899994,316.25,,,,,,0.0316,pending,,2026-06-16T13:16:24+00:00
trackb_cont_GE_20260605,335.299988,,,,,348.899994,318.25,,,,,,0.6642,pending,,2026-06-16T13:16:24+00:00
trackb_cont_GE_20260608,,,,,,348.899994,318.25,,,,,,0.6642,pending,,2026-06-16T13:16:24+00:00
trackb_cont_GE_20260610,,,,,,348.899994,318.25,,,,,,-1.1769,pending,,2026-06-16T13:16:24+00:00
trackb_cont_GE_20260616,,,,,,,,,,,,,,pending,,2026-06-16T13:16:24+00:00
trackb_cont_GFF_20260612,,,,,,96.32,93.639999,,,,,,-1.7419,pending,,2026-06-16T13:18:06+00:00
trackb_cont_GFF_20260616,,,,,,,,,,,,,,pending,,2026-06-16T13:18:06+00:00
trackb_cont_GFS_20260603,74.82,,,,,88.5,70.485001,,,,,,-18.2214,pending,,2026-06-16T13:16:57+00:00
trackb_cont_GFS_20260604,80.739998,,,,,86.846001,70.485001,,,,,,-18.2214,pending,,2026-06-16T13:16:57+00:00
trackb_cont_GFS_20260605,81.379997,,,,,86.0,70.485001,,,,,,-18.2214,pending,,2026-06-16T13:16:57+00:00
trackb_cont_GFS_20260608,83.980003,,,,,86.0,70.485001,,,,,,-18.2214,pending,,2026-06-16T13:16:57+00:00
trackb_cont_GHI_20260603,5.14,,,,,5.5,5.05,,,,,,-6.2384,pending,,2026-06-16T13:16:08+00:00
trackb_cont_GHI_20260604,5.16,,,,,5.38,5.05,,,,,,-6.2384,pending,,2026-06-16T13:16:08+00:00
trackb_cont_GHI_20260605,5.15,,,,,5.33,5.05,,,,,,-6.2384,pending,,2026-06-16T13:16:08+00:00
trackb_cont_GHI_20260608,,,,,,5.33,5.05,,,,,,-6.2384,pending,,2026-06-16T13:16:08+00:00
trackb_cont_GH_20260603,130.699997,,,,,135.0,122.760002,,,,,,-4.2023,pending,,2026-06-16T13:15:40+00:00
trackb_cont_GH_20260604,130.899994,,,,,135.0,122.760002,,,,,,-4.2023,pending,,2026-06-16T13:15:40+00:00
trackb_cont_GH_20260605,131.619995,,,,,135.0,122.760002,,,,,,-4.2023,pending,,2026-06-16T13:15:40+00:00
trackb_cont_GH_20260608,129.820007,,,,,135.0,122.760002,,,,,,-4.2023,pending,,2026-06-16T13:15:40+00:00
trackb_cont_GH_20260610,,,,,,135.0,128.460007,,,,,,2.8585,pending,,2026-06-16T13:15:40+00:00
trackb_cont_GH_20260615,,,,,,135.0,128.529999,,,,,,-1.9753,pending,,2026-06-16T13:15:40+00:00
trackb_cont_GH_20260616,,,,,,,,,,,,,,pending,,2026-06-16T13:15:40+00:00
trackb_cont_GIII_20260603,34.07,,,,,36.529999,31.360001,,,,,,-2.6238,pending,,2026-06-16T13:15:52+00:00
trackb_cont_GIII_20260604,35.669998,,,,,36.529999,31.360001,,,,,,-2.6238,pending,,2026-06-16T13:15:52+00:00
trackb_cont_GIII_20260605,35.279999,,,,,36.529999,32.790001,,,,,,1.8165,pending,,2026-06-16T13:15:52+00:00
trackb_cont_GIII_20260608,,,,,,36.529999,33.540001,,,,,,4.1453,pending,,2026-06-16T13:15:52+00:00
trackb_cont_GIII_20260616,,,,,,,,,,,,,,pending,,2026-06-16T13:15:52+00:00
trackb_cont_GIS_20260616,,,,,,,,,,,,,,pending,,2026-06-16T13:18:35+00:00
trackb_cont_GLPI_20260612,,,,,,47.679001,46.560001,,,,,,-2.7366,pending,,2026-06-16T13:18:05+00:00
trackb_cont_GLW_20260603,168.169998,,,,,208.570007,166.0,,,,,,-17.1781,pending,,2026-06-16T13:16:34+00:00
trackb_cont_GLW_20260604,176.550003,,,,,199.800003,166.0,,,,,,-17.1781,pending,,2026-06-16T13:16:34+00:00
trackb_cont_GLW_20260605,179.199997,,,,,192.899994,166.0,,,,,,-17.1781,pending,,2026-06-16T13:16:34+00:00
trackb_cont_GLW_20260608,,,,,,192.899994,166.0,,,,,,-17.1781,pending,,2026-06-16T13:16:34+00:00
trackb_cont_GLXY_20260616,,,,,,,,,,,,,,pending,,2026-06-16T13:18:33+00:00
trackb_cont_GL_20260609,,,,,,169.529999,156.669998,,,,,,-0.2928,pending,,2026-06-16T13:17:27+00:00
trackb_cont_GL_20260611,,,,,,169.529999,163.139999,,,,,,0.3815,pending,,2026-06-16T13:17:27+00:00
trackb_cont_GL_20260615,,,,,,169.529999,165.779999,,,,,,-0.6889,pending,,2026-06-16T13:17:27+00:00
trackb_cont_GL_20260616,,,,,,,,,,,,,,pending,,2026-06-16T13:17:27+00:00
trackb_cont_GM_20260603,79.400002,,,,,85.099998,79.0,,,,,,-4.7849,pending,,2026-06-16T13:16:39+00:00
trackb_cont_GM_20260604,80.849998,,,,,85.099998,79.0,,,,,,-4.7849,pending,,2026-06-16T13:16:39+00:00
trackb_cont_GM_20260605,81.5,,,,,85.099998,79.0,,,,,,-4.7849,pending,,2026-06-16T13:16:39+00:00
trackb_cont_GM_20260608,,,,,,85.099998,79.0,,,,,,-3.7876,pending,,2026-06-16T13:16:39+00:00
trackb_cont_GM_20260610,,,,,,84.955002,79.0,,,,,,-5.6942,pending,,2026-06-16T13:16:39+00:00
trackb_cont_GM_20260611,,,,,,84.955002,79.089996,,,,,,-0.3904,pending,,2026-06-16T13:16:39+00:00
trackb_cont_GM_20260615,,,,,,84.955002,82.724998,,,,,,-2.3318,pending,,2026-06-16T13:16:39+00:00
trackb_cont_GM_20260616,,,,,,,,,,,,,,pending,,2026-06-16T13:16:39+00:00
trackb_cont_GNRC_20260603,239.110001,,,,,289.799988,237.0,,,,,,-17.5337,pending,,2026-06-16T13:16:17+00:00
trackb_cont_GNRC_20260604,257.329987,,,,,282.209991,237.0,,,,,,-17.5337,pending,,2026-06-16T13:16:17+00:00
trackb_cont_GNRC_20260605,262.359985,,,,,275.350006,237.0,,,,,,-17.5337,pending,,2026-06-16T13:16:17+00:00
trackb_cont_GNRC_20260608,,,,,,275.350006,237.0,,,,,,-17.5337,pending,,2026-06-16T13:16:17+00:00
trackb_cont_GNTX_20260603,24.629999,,,,,26.477501,24.440001,,,,,,-2.2009,pending,,2026-06-16T13:15:51+00:00
trackb_cont_GNTX_20260604,25.700001,,,,,26.477501,24.440001,,,,,,-2.2009,pending,,2026-06-16T13:15:51+00:00
trackb_cont_GNTX_20260605,25.860001,,,,,26.477501,24.440001,,,,,,-2.2009,pending,,2026-06-16T13:15:51+00:00
trackb_cont_GNTX_20260608,,,,,,26.477501,24.440001,,,,,,-2.2009,pending,,2026-06-16T13:15:51+00:00
trackb_cont_GNTX_20260609,,,,,,26.477501,24.440001,,,,,,-1.0927,pending,,2026-06-16T13:15:51+00:00
trackb_cont_GNTX_20260616,,,,,,,,,,,,,,pending,,2026-06-16T13:15:51+00:00
trackb_cont_GOLF_20260611,,,,,,101.059998,94.839996,,,,,,0.3067,pending,,2026-06-16T13:17:36+00:00
trackb_cont_GOLF_20260612,,,,,,101.059998,96.580002,,,,,,-2.8761,pending,,2026-06-16T13:17:36+00:00
trackb_cont_GOLF_20260616,,,,,,,,,,,,,,pending,,2026-06-16T13:17:36+00:00
trackb_cont_GOOD_20260610,,,,,,12.84,12.26,,,,,,-2.1548,pending,,2026-06-16T13:17:43+00:00
trackb_cont_GO_20260611,,,,,,9.8,8.925,,,,,,-3.4091,pending,,2026-06-16T13:17:48+00:00
trackb_cont_GO_20260612,,,,,,9.8,9.395,,,,,,-0.2654,pending,,2026-06-16T13:17:48+00:00
trackb_cont_GO_20260616,,,,,,,,,,,,,,pending,,2026-06-16T13:17:48+00:00
trackb_cont_GPC_20260615,,,,,,105.779999,104.481499,,,,,,-0.6358,pending,,2026-06-16T13:18:01+00:00
trackb_cont_GPC_20260616,,,,,,,,,,,,,,pending,,2026-06-16T13:18:01+00:00
trackb_cont_GRBK_20260603,70.0,,,,,74.099998,67.93,,,,,,-0.6145,pending,,2026-06-16T13:15:34+00:00
trackb_cont_GRBK_20260604,73.040001,,,,,74.099998,67.93,,,,,,-0.6145,pending,,2026-06-16T13:15:34+00:00
trackb_cont_GRBK_20260605,72.190002,,,,,74.099998,67.93,,,,,,-0.6145,pending,,2026-06-16T13:15:34+00:00
trackb_cont_GRBK_20260608,,,,,,74.099998,67.93,,,,,,-0.6145,pending,,2026-06-16T13:15:34+00:00
trackb_cont_GRBK_20260610,,,,,,74.099998,69.82,,,,,,2.7671,pending,,2026-06-16T13:15:34+00:00
trackb_cont_GRBK_20260616,,,,,,,,,,,,,,pending,,2026-06-16T13:15:34+00:00
trackb_cont_GS_20260603,1001.289978,,,,,1098.359985,1000.039978,,,,,,-3.6227,pending,,2026-06-16T13:15:30+00:00
trackb_cont_GS_20260604,1035.640015,,,,,1098.359985,1000.039978,,,,,,-3.6227,pending,,2026-06-16T13:15:30+00:00
trackb_cont_GS_20260605,1062.75,,,,,1098.359985,1000.039978,,,,,,-3.6227,pending,,2026-06-16T13:15:30+00:00
trackb_cont_GS_20260608,,,,,,1093.97998,1000.039978,,,,,,-3.7201,pending,,2026-06-16T13:15:30+00:00
trackb_cont_GS_20260616,,,,,,,,,,,,,,pending,,2026-06-16T13:15:30+00:00
trackb_cont_GTLS_20260603,206.449997,,,,,208.279999,205.0,,,,,,-1.2904,pending,,2026-06-16T13:16:52+00:00
trackb_cont_GTLS_20260604,206.490005,,,,,207.820007,205.0,,,,,,-1.2904,pending,,2026-06-16T13:16:52+00:00
trackb_cont_GTLS_20260605,206.729996,,,,,207.669998,205.0,,,,,,-1.2904,pending,,2026-06-16T13:16:52+00:00
trackb_cont_GTLS_20260608,,,,,,207.559998,205.0,,,,,,-1.2904,pending,,2026-06-16T13:16:52+00:00
trackb_cont_GTY_20260615,,,,,,33.240002,32.810001,,,,,,-0.6363,pending,,2026-06-16T13:18:26+00:00
trackb_cont_GTY_20260616,,,,,,,,,,,,,,pending,,2026-06-16T13:18:26+00:00
trackb_cont_GVA_20260615,,,,,,145.0,140.925003,,,,,,-2.8103,pending,,2026-06-16T13:18:26+00:00
trackb_cont_GVA_20260616,,,,,,,,,,,,,,pending,,2026-06-16T13:18:26+00:00
trackb_cont_GWW_20260603,1317.630005,,,,,1349.73999,1266.640015,,,,,,-2.0856,pending,,2026-06-16T13:15:52+00:00
trackb_cont_GWW_20260604,1313.959961,,,,,1349.73999,1281.689941,,,,,,-0.9222,pending,,2026-06-16T13:15:52+00:00
trackb_cont_GWW_20260605,1315.869995,,,,,1349.73999,1283.459961,,,,,,-0.7854,pending,,2026-06-16T13:15:52+00:00
trackb_cont_GWW_20260608,,,,,,1349.73999,1288.650024,,,,,,-0.8738,pending,,2026-06-16T13:15:52+00:00
trackb_cont_GWW_20260609,,,,,,1349.73999,1304.310059,,,,,,-0.0199,pending,,2026-06-16T13:15:52+00:00
trackb_cont_GWW_20260610,,,,,,1349.73999,1304.97998,,,,,,0.0314,pending,,2026-06-16T13:15:52+00:00
trackb_cont_GWW_20260612,,,,,,1332.680054,1304.97998,,,,,,-0.6834,pending,,2026-06-16T13:15:52+00:00
trackb_cont_GWW_20260616,,,,,,,,,,,,,,pending,,2026-06-16T13:15:52+00:00
trackb_cont_HAE_20260603,78.800003,,,,,81.989998,65.059998,,,,,,-0.3217,pending,,2026-06-16T13:15:52+00:00
trackb_cont_HAE_20260604,79.839996,,,,,81.989998,66.440002,,,,,,1.7926,pending,,2026-06-16T13:15:52+00:00
trackb_cont_HAE_20260605,78.199997,,,,,81.989998,69.639999,,,,,,6.6953,pending,,2026-06-16T13:15:52+00:00
trackb_cont_HAE_20260608,,,,,,81.989998,70.660004,,,,,,8.258,pending,,2026-06-16T13:15:52+00:00
trackb_cont_HAE_20260609,,,,,,81.989998,75.0,,,,,,0.1603,pending,,2026-06-16T13:15:52+00:00
trackb_cont_HAE_20260612,,,,,,80.940002,75.93,,,,,,-4.8973,pending,,2026-06-16T13:15:52+00:00
trackb_cont_HAE_20260616,,,,,,,,,,,,,,pending,,2026-06-16T13:15:52+00:00
trackb_cont_HALO_20260609,,,,,,72.290001,69.300003,,,,,,-2.0218,pending,,2026-06-16T13:17:31+00:00
trackb_cont_HAYW_20260611,,,,,,15.12,14.065,,,,,,-0.3189,pending,,2026-06-16T13:17:52+00:00
trackb_cont_HAYW_20260616,,,,,,,,,,,,,,pending,,2026-06-16T13:17:52+00:00
trackb_cont_HBAN_20260611,,,,,,17.75,16.85,,,,,,0.0594,pending,,2026-06-16T13:17:49+00:00
trackb_cont_HBAN_20260616,,,,,,,,,,,,,,pending,,2026-06-16T13:17:49+00:00
trackb_cont_HCC_20260603,95.230003,,,,,109.709999,92.754997,,,,,,-13.402,pending,,2026-06-16T13:15:06+00:00
trackb_cont_HCC_20260604,94.019997,,,,,109.709999,92.754997,,,,,,-13.402,pending,,2026-06-16T13:15:06+00:00
trackb_cont_HCC_20260605,98.110001,,,,,104.690002,92.754997,,,,,,-13.402,pending,,2026-06-16T13:15:06+00:00
trackb_cont_HCC_20260608,95.889999,,,,,101.699997,92.754997,,,,,,-13.402,pending,,2026-06-16T13:15:06+00:00
trackb_cont_HCI_20260609,,,,,,165.210007,154.529999,,,,,,0.4289,pending,,2026-06-16T13:17:30+00:00
trackb_cont_HCI_20260615,,,,,,163.669998,157.350006,,,,,,-1.7545,pending,,2026-06-16T13:17:30+00:00
trackb_cont_HCI_20260616,,,,,,,,,,,,,,pending,,2026-06-16T13:17:30+00:00
trackb_cont_HGV_20260603,49.880001,,,,,52.080002,47.41,,,,,,-6.3784,pending,,2026-06-16T13:16:19+00:00
trackb_cont_HGV_20260604,51.16,,,,,52.080002,47.41,,,,,,-6.3784,pending,,2026-06-16T13:16:19+00:00
trackb_cont_HGV_20260605,50.779999,,,,,52.080002,47.41,,,,,,-6.3784,pending,,2026-06-16T13:16:19+00:00
trackb_cont_HIMS_20260611,,,,,,30.280001,26.52,,,,,,-4.5356,pending,,2026-06-16T13:17:47+00:00
trackb_cont_HIMS_20260612,,,,,,30.280001,26.52,,,,,,-8.1399,pending,,2026-06-16T13:17:47+00:00
trackb_cont_HIW_20260603,30.200001,,,,,30.83,26.639999,,,,,,-0.597,pending,,2026-06-16T13:15:29+00:00
trackb_cont_HIW_20260604,30.25,,,,,30.83,26.66,,,,,,-0.5224,pending,,2026-06-16T13:15:29+00:00
trackb_cont_HIW_20260605,29.84,,,,,30.83,27.190001,,,,,,1.4552,pending,,2026-06-16T13:15:29+00:00
trackb_cont_HIW_20260608,29.469999,,,,,30.83,28.02,,,,,,0.5022,pending,,2026-06-16T13:15:29+00:00
trackb_cont_HIW_20260612,,,,,,30.48,29.059999,,,,,,-3.9339,pending,,2026-06-16T13:15:29+00:00
trackb_cont_HIW_20260616,,,,,,,,,,,,,,pending,,2026-06-16T13:15:29+00:00
trackb_cont_HLT_20260603,338.220001,,,,,351.700012,328.299988,,,,,,-1.571,pending,,2026-06-16T13:16:20+00:00
trackb_cont_HLT_20260604,341.859985,,,,,351.700012,328.299988,,,,,,-1.571,pending,,2026-06-16T13:16:20+00:00
trackb_cont_HLT_20260605,345.950012,,,,,351.700012,328.299988,,,,,,-1.571,pending,,2026-06-16T13:16:20+00:00
trackb_cont_HLT_20260608,347.109985,,,,,351.700012,328.299988,,,,,,-1.571,pending,,2026-06-16T13:16:20+00:00
trackb_cont_HLT_20260612,,,,,,351.700012,344.26001,,,,,,0.702,pending,,2026-06-16T13:16:20+00:00
trackb_cont_HLT_20260616,,,,,,,,,,,,,,pending,,2026-06-16T13:16:20+00:00
trackb_cont_HNGE_20260603,62.060001,,,,,68.675003,56.77,,,,,,-2.6244,pending,,2026-06-16T13:16:48+00:00
trackb_cont_HNGE_20260604,64.75,,,,,68.675003,58.154999,,,,,,-0.2487,pending,,2026-06-16T13:16:48+00:00
trackb_cont_HNGE_20260605,65.339996,,,,,68.675003,61.5,,,,,,5.4889,pending,,2026-06-16T13:16:48+00:00
trackb_cont_HNGE_20260608,,,,,,68.675003,61.5,,,,,,5.4889,pending,,2026-06-16T13:16:48+00:00
trackb_cont_HNGE_20260609,,,,,,68.675003,61.5,,,,,,-2.1635,pending,,2026-06-16T13:16:48+00:00
trackb_cont_HNGE_20260610,,,,,,68.675003,61.5,,,,,,-2.1635,pending,,2026-06-16T13:16:48+00:00
trackb_cont_HNGE_20260611,,,,,,68.675003,61.509998,,,,,,-0.8862,pending,,2026-06-16T13:16:48+00:00
trackb_cont_HNGE_20260616,,,,,,,,,,,,,,pending,,2026-06-16T13:16:48+00:00
trackb_cont_HNST_20260615,,,,,,3.68,3.54,,,,,,-3.5422,pending,,2026-06-16T13:17:45+00:00
trackb_cont_HNST_20260616,,,,,,,,,,,,,,pending,,2026-06-16T13:17:45+00:00
trackb_cont_HOG_20260615,,,,,,26.469999,25.895,,,,,,-1.8385,pending,,2026-06-16T13:18:22+00:00
trackb_cont_HOG_20260616,,,,,,,,,,,,,,pending,,2026-06-16T13:18:22+00:00
trackb_cont_HON_20260603,205.880005,,,,,237.490005,205.520004,,,,,,-11.7599,pending,,2026-06-16T13:16:05+00:00
trackb_cont_HON_20260604,219.119995,,,,,231.350006,205.520004,,,,,,-11.7599,pending,,2026-06-16T13:16:05+00:00
trackb_cont_HON_20260605,220.309998,,,,,231.350006,205.520004,,,,,,-11.7599,pending,,2026-06-16T13:16:05+00:00
trackb_cont_HON_20260608,,,,,,231.350006,205.520004,,,,,,-11.7599,pending,,2026-06-16T13:16:05+00:00
trackb_cont_HOOD_20260603,86.360001,,,,,100.870003,78.93,,,,,,-4.8807,pending,,2026-06-16T13:16:58+00:00
trackb_cont_HOOD_20260604,92.230003,,,,,100.870003,78.93,,,,,,-4.8807,pending,,2026-06-16T13:16:58+00:00
trackb_cont_HOOD_20260605,93.190002,,,,,100.870003,78.93,,,,,,-4.8807,pending,,2026-06-16T13:16:58+00:00
trackb_cont_HOOD_20260608,98.120003,,,,,100.870003,78.93,,,,,,-4.8807,pending,,2026-06-16T13:16:58+00:00
trackb_cont_HOOD_20260616,,,,,,,,,,,,,,pending,,2026-06-16T13:16:58+00:00
trackb_cont_HOV_20260603,111.919998,,,,,125.989998,107.720001,,,,,,-0.37,pending,,2026-06-16T13:15:51+00:00
trackb_cont_HOV_20260604,120.870003,,,,,125.989998,107.720001,,,,,,-0.37,pending,,2026-06-16T13:15:51+00:00
trackb_cont_HOV_20260605,120.720001,,,,,125.989998,107.720001,,,,,,-0.37,pending,,2026-06-16T13:15:51+00:00
trackb_cont_HOV_20260608,,,,,,125.989998,107.720001,,,,,,-0.37,pending,,2026-06-16T13:15:51+00:00
trackb_cont_HOV_20260616,,,,,,,,,,,,,,pending,,2026-06-16T13:15:51+00:00
trackb_cont_HPE_20260603,45.490002,,,,,55.990002,44.740002,,,,,,-18.5212,pending,,2026-06-16T13:16:37+00:00
trackb_cont_HPE_20260604,46.799999,,,,,54.470001,44.740002,,,,,,-18.5212,pending,,2026-06-16T13:16:37+00:00
trackb_cont_HPE_20260605,48.169998,,,,,53.054001,44.740002,,,,,,-18.5212,pending,,2026-06-16T13:16:37+00:00
trackb_cont_HPE_20260608,49.02,,,,,50.866001,44.740002,,,,,,-18.5212,pending,,2026-06-16T13:16:37+00:00
trackb_cont_HPP_20260603,15.06,,,,,15.69,12.84,,,,,,-0.5807,pending,,2026-06-16T13:15:08+00:00
trackb_cont_HPP_20260604,15.23,,,,,15.69,13.38,,,,,,3.6005,pending,,2026-06-16T13:15:08+00:00
trackb_cont_HPP_20260605,15.29,,,,,15.69,13.52,,,,,,4.6845,pending,,2026-06-16T13:15:08+00:00
trackb_cont_HPP_20260608,,,,,,15.69,13.75,,,,,,0.0728,pending,,2026-06-16T13:15:08+00:00
trackb_cont_HPP_20260611,,,,,,15.67,14.78,,,,,,-1.8592,pending,,2026-06-16T13:15:08+00:00
trackb_cont_HPP_20260615,,,,,,15.63,14.78,,,,,,-4.6759,pending,,2026-06-16T13:15:08+00:00
trackb_cont_HPP_20260616,,,,,,,,,,,,,,pending,,2026-06-16T13:15:08+00:00
trackb_cont_HPQ_20260603,24.690001,,,,,26.879999,24.02,,,,,,-8.8079,pending,,2026-06-16T13:16:47+00:00
trackb_cont_HPQ_20260604,24.68,,,,,26.709999,24.02,,,,,,-8.8079,pending,,2026-06-16T13:16:47+00:00
trackb_cont_HPQ_20260605,25.24,,,,,26.280001,24.02,,,,,,-8.8079,pending,,2026-06-16T13:16:47+00:00
trackb_cont_HRB_20260603,37.209999,,,,,39.0,35.5,,,,,,-4.9022,pending,,2026-06-16T13:16:03+00:00
trackb_cont_HRB_20260604,35.889999,,,,,39.0,35.5,,,,,,-4.9022,pending,,2026-06-16T13:16:03+00:00
trackb_cont_HRB_20260605,36.52,,,,,38.73,35.5,,,,,,-4.9022,pending,,2026-06-16T13:16:03+00:00
trackb_cont_HRB_20260608,,,,,,38.68,35.5,,,,,,-4.9022,pending,,2026-06-16T13:16:03+00:00
trackb_cont_HRI_20260608,,,,,,154.449997,135.199997,,,,,,-1.0828,pending,,2026-06-16T13:17:17+00:00
trackb_cont_HRI_20260611,,,,,,154.449997,140.289993,,,,,,-0.771,pending,,2026-06-16T13:17:17+00:00
trackb_cont_HRL_20260603,24.290001,,,,,24.82,22.9,,,,,,-2.2829,pending,,2026-06-16T13:15:59+00:00
trackb_cont_HRL_20260604,24.440001,,,,,24.82,22.92,,,,,,-2.1976,pending,,2026-06-16T13:15:59+00:00
trackb_cont_HRL_20260605,24.75,,,,,24.82,23.309999,,,,,,-0.5334,pending,,2026-06-16T13:15:59+00:00
trackb_cont_HRL_20260608,,,,,,24.82,23.370001,,,,,,-0.2774,pending,,2026-06-16T13:15:59+00:00
trackb_cont_HRL_20260609,,,,,,24.82,23.530001,,,,,,-0.4653,pending,,2026-06-16T13:15:59+00:00
trackb_cont_HRL_20260610,,,,,,24.82,24.1,,,,,,1.9459,pending,,2026-06-16T13:15:59+00:00
trackb_cont_HRL_20260612,,,,,,24.82,24.299999,,,,,,-0.5728,pending,,2026-06-16T13:15:59+00:00
trackb_cont_HRL_20260616,,,,,,,,,,,,,,pending,,2026-06-16T13:15:59+00:00
trackb_cont_HROW_20260615,,,,,,39.759998,37.860001,,,,,,-1.5088,pending,,2026-06-16T13:17:25+00:00
trackb_cont_HROW_20260616,,,,,,,,,,,,,,pending,,2026-06-16T13:17:25+00:00
trackb_cont_HR_20260612,,,,,,20.85,20.43,,,,,,-0.3415,pending,,2026-06-16T13:18:10+00:00
trackb_cont_HR_20260616,,,,,,,,,,,,,,pending,,2026-06-16T13:18:10+00:00
trackb_cont_HSIC_20260603,78.849998,,,,,82.309998,75.440002,,,,,,-0.7172,pending,,2026-06-16T13:16:33+00:00
trackb_cont_HSIC_20260604,80.220001,,,,,82.309998,76.129997,,,,,,0.1908,pending,,2026-06-16T13:16:33+00:00
trackb_cont_HSIC_20260605,81.25,,,,,82.309998,76.129997,,,,,,0.1908,pending,,2026-06-16T13:16:33+00:00
trackb_cont_HSIC_20260608,81.089996,,,,,82.309998,76.879997,,,,,,1.1779,pending,,2026-06-16T13:16:33+00:00
trackb_cont_HSIC_20260609,,,,,,82.309998,78.5,,,,,,0.5766,pending,,2026-06-16T13:16:33+00:00
trackb_cont_HSIC_20260610,,,,,,82.309998,78.779999,,,,,,0.9353,pending,,2026-06-16T13:16:33+00:00
trackb_cont_HSIC_20260612,,,,,,82.309998,79.610001,,,,,,-0.7604,pending,,2026-06-16T13:16:33+00:00
trackb_cont_HSIC_20260616,,,,,,,,,,,,,,pending,,2026-06-16T13:16:33+00:00
trackb_cont_HST_20260603,23.950001,,,,,25.215,23.41,,,,,,-2.1934,pending,,2026-06-16T13:15:25+00:00
trackb_cont_HST_20260604,24.34,,,,,25.215,23.93,,,,,,-0.0209,pending,,2026-06-16T13:15:25+00:00
trackb_cont_HST_20260605,24.889999,,,,,25.215,23.93,,,,,,-0.0209,pending,,2026-06-16T13:15:25+00:00
trackb_cont_HST_20260608,,,,,,25.215,23.93,,,,,,-2.8026,pending,,2026-06-16T13:15:25+00:00
trackb_cont_HST_20260610,,,,,,25.215,23.93,,,,,,-2.0867,pending,,2026-06-16T13:15:25+00:00
trackb_cont_HST_20260616,,,,,,,,,,,,,,pending,,2026-06-16T13:15:25+00:00
trackb_cont_HTFL_20260616,,,,,,,,,,,,,,pending,,2026-06-16T13:17:24+00:00
trackb_cont_HTLD_20260603,15.78,,,,,16.639999,15.16,,,,,,-2.3825,pending,,2026-06-16T13:15:17+00:00
trackb_cont_HTLD_20260604,16.219999,,,,,16.639999,15.17,,,,,,-2.3181,pending,,2026-06-16T13:15:17+00:00
trackb_cont_HTLD_20260605,16.110001,,,,,16.639999,15.42,,,,,,-0.7083,pending,,2026-06-16T13:15:17+00:00
trackb_cont_HTLD_20260608,,,,,,16.639999,15.42,,,,,,-2.033,pending,,2026-06-16T13:15:17+00:00
trackb_cont_HTLD_20260612,,,,,,16.52,15.6001,,,,,,-3.8218,pending,,2026-06-16T13:15:17+00:00
trackb_cont_HTLD_20260616,,,,,,,,,,,,,,pending,,2026-06-16T13:15:17+00:00
trackb_cont_HUBG_20260603,44.439999,,,,,46.810001,42.630001,,,,,,-1.4107,pending,,2026-06-16T13:15:41+00:00
trackb_cont_HUBG_20260604,45.799999,,,,,46.810001,42.630001,,,,,,-1.4107,pending,,2026-06-16T13:15:41+00:00
trackb_cont_HUBG_20260605,46.380001,,,,,46.810001,42.630001,,,,,,-1.4107,pending,,2026-06-16T13:15:41+00:00
trackb_cont_HUBG_20260608,,,,,,46.810001,42.630001,,,,,,-0.6988,pending,,2026-06-16T13:15:41+00:00
trackb_cont_HUBG_20260609,,,,,,46.810001,43.509998,,,,,,-2.4658,pending,,2026-06-16T13:15:41+00:00
trackb_cont_HUBG_20260611,,,,,,46.810001,44.389999,,,,,,-0.1125,pending,,2026-06-16T13:15:41+00:00
trackb_cont_HUBG_20260615,,,,,,46.349998,45.170101,,,,,,-1.9746,pending,,2026-06-16T13:15:41+00:00
trackb_cont_HUBG_20260616,,,,,,,,,,,,,,pending,,2026-06-16T13:15:41+00:00
trackb_cont_HUBS_20260603,192.789993,,,,,235.440002,175.550003,,,,,,-20.9305,pending,,2026-06-16T13:16:43+00:00
trackb_cont_HUBS_20260604,186.429993,,,,,234.880005,175.550003,,,,,,-20.9305,pending,,2026-06-16T13:16:43+00:00
trackb_cont_HUBS_20260605,187.979996,,,,,225.0,175.550003,,,,,,-20.9305,pending,,2026-06-16T13:16:43+00:00
trackb_cont_HUBS_20260608,186.059998,,,,,212.059998,175.550003,,,,,,-20.9305,pending,,2026-06-16T13:16:43+00:00
trackb_cont_HUM_20260603,364.459991,,,,,380.660004,321.200012,,,,,,-2.2192,pending,,2026-06-16T13:16:00+00:00
trackb_cont_HUM_20260604,368.690002,,,,,380.660004,333.549988,,,,,,1.5404,pending,,2026-06-16T13:16:00+00:00
trackb_cont_HUM_20260605,379.220001,,,,,380.660004,342.709991,,,,,,4.3289,pending,,2026-06-16T13:16:00+00:00
trackb_cont_HUM_20260608,,,,,,380.660004,343.920013,,,,,,-1.7596,pending,,2026-06-16T13:16:00+00:00
trackb_cont_HUM_20260611,,,,,,380.660004,363.789001,,,,,,-0.1841,pending,,2026-06-16T13:16:00+00:00
trackb_cont_HUM_20260612,,,,,,380.660004,363.789001,,,,,,-1.3293,pending,,2026-06-16T13:16:00+00:00
trackb_cont_HUM_20260616,,,,,,,,,,,,,,pending,,2026-06-16T13:16:00+00:00
trackb_cont_HUN_20260603,14.23,,,,,16.08,13.96,,,,,,-5.9299,pending,,2026-06-16T13:16:37+00:00
trackb_cont_HUN_20260604,15.08,,,,,16.08,13.96,,,,,,-5.9299,pending,,2026-06-16T13:16:37+00:00
trackb_cont_HUN_20260605,15.74,,,,,16.08,13.96,,,,,,-5.9299,pending,,2026-06-16T13:16:37+00:00
trackb_cont_HUN_20260616,,,,,,,,,,,,,,pending,,2026-06-16T13:16:37+00:00
trackb_cont_HUT_20260603,105.68,,,,,135.309998,104.25,,,,,,-20.4472,pending,,2026-06-16T13:15:57+00:00
trackb_cont_HUT_20260604,116.309998,,,,,130.580002,104.25,,,,,,-20.4472,pending,,2026-06-16T13:15:57+00:00
trackb_cont_HUT_20260605,118.860001,,,,,128.600006,104.25,,,,,,-20.4472,pending,,2026-06-16T13:15:57+00:00
trackb_cont_HUT_20260608,120.18,,,,,128.600006,104.25,,,,,,-7.1187,pending,,2026-06-16T13:15:57+00:00
trackb_cont_HZO_20260603,32.599998,,,,,35.459999,32.59,,,,,,-5.7002,pending,,2026-06-16T13:16:19+00:00
trackb_cont_HZO_20260604,33.619999,,,,,35.459999,32.59,,,,,,-5.7002,pending,,2026-06-16T13:16:19+00:00
trackb_cont_HZO_20260605,34.0,,,,,35.43,32.59,,,,,,-5.7002,pending,,2026-06-16T13:16:19+00:00
trackb_cont_HZO_20260608,34.290001,,,,,35.43,32.59,,,,,,-5.7002,pending,,2026-06-16T13:16:19+00:00
trackb_cont_H_20260603,190.630005,,,,,206.0,182.429993,,,,,,-1.7397,pending,,2026-06-16T13:16:12+00:00
trackb_cont_H_20260604,197.860001,,,,,206.0,185.130005,,,,,,-0.2855,pending,,2026-06-16T13:16:12+00:00
trackb_cont_H_20260605,199.360001,,,,,206.0,189.809998,,,,,,2.2353,pending,,2026-06-16T13:16:12+00:00
trackb_cont_H_20260608,,,,,,206.0,189.809998,,,,,,2.2353,pending,,2026-06-16T13:16:12+00:00
trackb_cont_H_20260609,,,,,,206.0,189.809998,,,,,,-2.0184,pending,,2026-06-16T13:16:12+00:00
trackb_cont_H_20260611,,,,,,206.0,191.279999,,,,,,0.341,pending,,2026-06-16T13:16:12+00:00
trackb_cont_H_20260612,,,,,,206.0,194.509995,,,,,,-1.6931,pending,,2026-06-16T13:16:12+00:00
trackb_cont_H_20260616,,,,,,,,,,,,,,pending,,2026-06-16T13:16:12+00:00
trackb_cont_IAUX_20260603,1.37,,,,,1.61,1.36,,,,,,-12.5402,pending,,2026-06-16T13:16:01+00:00
trackb_cont_IAUX_20260604,1.44,,,,,1.61,1.36,,,,,,-12.5402,pending,,2026-06-16T13:16:01+00:00
trackb_cont_IAUX_20260605,1.48,,,,,1.61,1.36,,,,,,-12.5402,pending,,2026-06-16T13:16:01+00:00
trackb_cont_IAUX_20260608,1.56,,,,,1.61,1.36,,,,,,-12.5402,pending,,2026-06-16T13:16:01+00:00
trackb_cont_IBKR_20260603,85.419998,,,,,94.730003,83.110001,,,,,,-5.3686,pending,,2026-06-16T13:16:24+00:00
trackb_cont_IBKR_20260604,88.830002,,,,,94.730003,83.110001,,,,,,-5.3686,pending,,2026-06-16T13:16:24+00:00
trackb_cont_IBKR_20260605,90.809998,,,,,94.730003,83.120003,,,,,,-5.3572,pending,,2026-06-16T13:16:24+00:00
trackb_cont_IBKR_20260616,,,,,,,,,,,,,,pending,,2026-06-16T13:16:24+00:00
trackb_cont_IBM_20260603,272.359985,,,,,318.299988,264.799988,,,,,,-12.9231,pending,,2026-06-16T13:15:15+00:00
trackb_cont_IBM_20260604,274.850006,,,,,310.440002,264.799988,,,,,,-12.9231,pending,,2026-06-16T13:15:15+00:00
trackb_cont_IBM_20260605,272.23999,,,,,302.299988,264.799988,,,,,,-12.9231,pending,,2026-06-16T13:15:15+00:00
trackb_cont_IBM_20260608,,,,,,290.5,264.799988,,,,,,-12.9231,pending,,2026-06-16T13:15:15+00:00
trackb_cont_ICFI_20260616,,,,,,,,,,,,,,pending,,2026-06-16T13:18:38+00:00
trackb_cont_ICHR_20260603,72.169998,,,,,92.559998,62.439999,,,,,,-14.3719,pending,,2026-06-16T13:16:04+00:00
trackb_cont_ICHR_20260604,84.040001,,,,,92.559998,62.439999,,,,,,-14.3719,pending,,2026-06-16T13:16:04+00:00
trackb_cont_ICHR_20260605,86.800003,,,,,92.559998,62.439999,,,,,,-14.3719,pending,,2026-06-16T13:16:04+00:00
trackb_cont_ICHR_20260616,,,,,,,,,,,,,,pending,,2026-06-16T13:16:04+00:00
trackb_cont_ICUI_20260609,,,,,,145.244995,138.229996,,,,,,0.5455,pending,,2026-06-16T13:17:31+00:00
trackb_cont_ICUI_20260611,,,,,,145.244995,138.229996,,,,,,-1.1442,pending,,2026-06-16T13:17:31+00:00
trackb_cont_ICUI_20260612,,,,,,145.244995,141.130005,,,,,,-1.211,pending,,2026-06-16T13:17:31+00:00
trackb_cont_ICUI_20260616,,,,,,,,,,,,,,pending,,2026-06-16T13:17:31+00:00
trackb_cont_IDT_20260603,55.5,,,,,58.439999,52.009998,,,,,,-2.7214,pending,,2026-06-16T13:16:10+00:00
trackb_cont_IDT_20260604,55.040001,,,,,58.439999,52.009998,,,,,,-2.7214,pending,,2026-06-16T13:16:10+00:00
trackb_cont_IDT_20260605,54.630001,,,,,57.259998,52.5,,,,,,-1.8049,pending,,2026-06-16T13:16:10+00:00
trackb_cont_IDXX_20260611,,,,,,572.099976,549.97998,,,,,,-1.2497,pending,,2026-06-16T13:17:12+00:00
trackb_cont_IESC_20260603,678.200012,,,,,779.0,670.700012,,,,,,-7.8,pending,,2026-06-16T13:15:41+00:00
trackb_cont_IESC_20260604,731.330017,,,,,779.0,670.700012,,,,,,-7.8,pending,,2026-06-16T13:15:41+00:00
trackb_cont_IESC_20260605,749.830017,,,,,779.0,670.700012,,,,,,-7.8,pending,,2026-06-16T13:15:41+00:00
trackb_cont_IESC_20260608,726.409973,,,,,779.0,670.700012,,,,,,-6.9403,pending,,2026-06-16T13:15:41+00:00
trackb_cont_IESC_20260616,,,,,,,,,,,,,,pending,,2026-06-16T13:15:41+00:00
trackb_cont_IEX_20260611,,,,,,223.070007,213.080002,,,,,,-0.662,pending,,2026-06-16T13:17:50+00:00
trackb_cont_IEX_20260616,,,,,,,,,,,,,,pending,,2026-06-16T13:17:50+00:00
trackb_cont_IFF_20260616,,,,,,,,,,,,,,pending,,2026-06-16T13:18:34+00:00
trackb_cont_IIIN_20260615,,,,,,29.370001,28.379999,,,,,,-3.3708,pending,,2026-06-16T13:18:13+00:00
trackb_cont_IIIN_20260616,,,,,,,,,,,,,,pending,,2026-06-16T13:18:13+00:00
trackb_cont_IIPR_20260611,,,,,,62.299999,58.310001,,,,,,0.2579,pending,,2026-06-16T13:17:49+00:00
trackb_cont_IIPR_20260616,,,,,,,,,,,,,,pending,,2026-06-16T13:17:49+00:00
trackb_cont_ILMN_20260603,162.470001,,,,,177.220001,155.550003,,,,,,-7.0094,pending,,2026-06-16T13:15:51+00:00
trackb_cont_ILMN_20260604,166.210007,,,,,177.220001,155.550003,,,,,,-7.0094,pending,,2026-06-16T13:15:51+00:00
trackb_cont_ILMN_20260605,160.970001,,,,,168.630005,155.550003,,,,,,-7.0094,pending,,2026-06-16T13:15:51+00:00
trackb_cont_ILMN_20260608,,,,,,168.0,155.550003,,,,,,-7.0094,pending,,2026-06-16T13:15:51+00:00
trackb_cont_ILPT_20260603,8.66,,,,,9.17,8.47,,,,,,-3.2553,pending,,2026-06-16T13:16:09+00:00
trackb_cont_ILPT_20260604,9.01,,,,,9.17,8.47,,,,,,-3.2553,pending,,2026-06-16T13:16:09+00:00
trackb_cont_ILPT_20260605,9.0,,,,,9.17,8.47,,,,,,-3.2553,pending,,2026-06-16T13:16:09+00:00
trackb_cont_ILPT_20260608,8.91,,,,,9.17,8.47,,,,,,-3.2553,pending,,2026-06-16T13:16:09+00:00
trackb_cont_ILPT_20260611,,,,,,9.17,8.62,,,,,,-0.4619,pending,,2026-06-16T13:16:09+00:00
trackb_cont_ILPT_20260616,,,,,,,,,,,,,,pending,,2026-06-16T13:16:09+00:00
trackb_cont_IMKTA_20260616,,,,,,,,,,,,,,pending,,2026-06-16T13:17:10+00:00
trackb_cont_INCY_20260608,,,,,,110.339996,98.779999,,,,,,-3.5163,pending,,2026-06-16T13:17:18+00:00
trackb_cont_INCY_20260611,,,,,,109.690002,101.32,,,,,,-3.8618,pending,,2026-06-16T13:17:18+00:00
trackb_cont_INCY_20260615,,,,,,107.980003,101.32,,,,,,-2.1535,pending,,2026-06-16T13:17:18+00:00
trackb_cont_INCY_20260616,,,,,,,,,,,,,,pending,,2026-06-16T13:17:18+00:00
trackb_cont_INDV_20260612,,,,,,38.939999,37.790001,,,,,,-0.8917,pending,,2026-06-16T13:18:05+00:00
trackb_cont_INDV_20260615,,,,,,38.939999,37.790001,,,,,,-2.3766,pending,,2026-06-16T13:18:05+00:00
trackb_cont_INDV_20260616,,,,,,,,,,,,,,pending,,2026-06-16T13:18:05+00:00
trackb_cont_INN_20260603,6.12,,,,,6.39,5.69,,,,,,-4.45,pending,,2026-06-16T13:15:31+00:00
trackb_cont_INN_20260604,6.31,,,,,6.39,5.69,,,,,,-4.45,pending,,2026-06-16T13:15:31+00:00
trackb_cont_INN_20260605,6.2,,,,,6.39,5.69,,,,,,-4.45,pending,,2026-06-16T13:15:31+00:00
trackb_cont_INN_20260608,,,,,,6.39,5.82,,,,,,-2.267,pending,,2026-06-16T13:15:31+00:00
trackb_cont_INN_20260611,,,,,,6.39,6.0,,,,,,-1.9608,pending,,2026-06-16T13:15:31+00:00
trackb_cont_INN_20260616,,,,,,,,,,,,,,pending,,2026-06-16T13:15:31+00:00
trackb_cont_INOD_20260603,99.889999,,,,,125.139999,89.599998,,,,,,-16.8908,pending,,2026-06-16T13:15:31+00:00
trackb_cont_INOD_20260604,105.360001,,,,,125.139999,89.599998,,,,,,-16.8908,pending,,2026-06-16T13:15:31+00:00
trackb_cont_INOD_20260605,100.900002,,,,,119.199997,89.599998,,,,,,-16.8908,pending,,2026-06-16T13:15:31+00:00
trackb_cont_INOD_20260608,,,,,,110.0,89.599998,,,,,,-16.8908,pending,,2026-06-16T13:15:31+00:00
trackb_cont_INSE_20260603,8.01,,,,,8.53,7.36,,,,,,-2.5166,pending,,2026-06-16T13:16:41+00:00
trackb_cont_INSE_20260604,8.18,,,,,8.53,7.36,,,,,,-2.5166,pending,,2026-06-16T13:16:41+00:00
trackb_cont_INSE_20260605,8.3,,,,,8.53,7.36,,,,,,-2.5166,pending,,2026-06-16T13:16:41+00:00
trackb_cont_INSE_20260608,8.11,,,,,8.53,7.53,,,,,,-0.2649,pending,,2026-06-16T13:16:41+00:00
trackb_cont_INSE_20260611,,,,,,8.53,8.04,,,,,,0.3745,pending,,2026-06-16T13:16:41+00:00
trackb_cont_INSE_20260615,,,,,,8.53,8.04,,,,,,-4.5131,pending,,2026-06-16T13:16:41+00:00
trackb_cont_INSE_20260616,,,,,,,,,,,,,,pending,,2026-06-16T13:16:41+00:00
trackb_cont_INTC_20260616,,,,,,,,,,,,,,pending,,2026-06-16T13:18:31+00:00
trackb_cont_INVH_20260608,29.17,,,,,30.094999,29.059999,,,,,,-3.2623,pending,,2026-06-16T13:17:16+00:00
trackb_cont_INVH_20260609,,,,,,29.975,29.059999,,,,,,-1.0892,pending,,2026-06-16T13:17:16+00:00
trackb_cont_INVH_20260610,,,,,,29.975,29.059999,,,,,,-1.0892,pending,,2026-06-16T13:17:16+00:00
trackb_cont_INVH_20260611,,,,,,29.889999,29.059999,,,,,,-2.1878,pending,,2026-06-16T13:17:16+00:00
trackb_cont_INVH_20260616,,,,,,,,,,,,,,pending,,2026-06-16T13:17:16+00:00
trackb_cont_IONQ_20260603,56.630001,,,,,73.650002,53.264999,,,,,,-22.3995,pending,,2026-06-16T13:15:22+00:00
trackb_cont_IONQ_20260604,57.990002,,,,,69.463997,53.264999,,,,,,-22.3995,pending,,2026-06-16T13:15:22+00:00
trackb_cont_IONQ_20260605,57.849998,,,,,64.900002,53.264999,,,,,,-22.3995,pending,,2026-06-16T13:15:22+00:00
trackb_cont_IONQ_20260608,61.18,,,,,64.900002,53.264999,,,,,,-22.3995,pending,,2026-06-16T13:15:22+00:00
trackb_cont_IPAR_20260611,,,,,,103.129997,98.07,,,,,,-0.2948,pending,,2026-06-16T13:17:11+00:00
trackb_cont_IPAR_20260616,,,,,,,,,,,,,,pending,,2026-06-16T13:17:11+00:00
trackb_cont_IPGP_20260603,104.07,,,,,135.0,100.57,,,,,,-24.2239,pending,,2026-06-16T13:15:28+00:00
trackb_cont_IPGP_20260604,111.190002,,,,,126.43,100.57,,,,,,-24.2239,pending,,2026-06-16T13:15:28+00:00
trackb_cont_IPGP_20260605,114.650002,,,,,120.68,100.57,,,,,,-24.2239,pending,,2026-06-16T13:15:28+00:00
trackb_cont_IPGP_20260608,,,,,,120.68,100.57,,,,,,-24.2239,pending,,2026-06-16T13:15:28+00:00
trackb_cont_IPX_20260603,34.189999,,,,,43.259998,34.153999,,,,,,-15.4185,pending,,2026-06-16T13:15:54+00:00
trackb_cont_IPX_20260604,36.84,,,,,40.540001,34.153999,,,,,,-15.4185,pending,,2026-06-16T13:15:54+00:00
trackb_cont_IPX_20260605,36.049999,,,,,39.540001,34.153999,,,,,,-15.4185,pending,,2026-06-16T13:15:54+00:00
trackb_cont_IP_20260603,31.85,,,,,37.790001,31.780001,,,,,,-5.0777,pending,,2026-06-16T13:15:40+00:00
trackb_cont_IP_20260604,34.950001,,,,,37.790001,31.780001,,,,,,-5.0777,pending,,2026-06-16T13:15:40+00:00
trackb_cont_IP_20260605,36.150002,,,,,37.790001,31.780001,,,,,,-5.0777,pending,,2026-06-16T13:15:40+00:00
trackb_cont_IP_20260608,,,,,,37.790001,31.780001,,,,,,-5.4448,pending,,2026-06-16T13:15:40+00:00
trackb_cont_IP_20260611,,,,,,37.790001,31.809999,,,,,,-0.1256,pending,,2026-06-16T13:15:40+00:00
trackb_cont_IP_20260616,,,,,,,,,,,,,,pending,,2026-06-16T13:15:40+00:00
trackb_cont_IQV_20260603,182.169998,,,,,190.679993,174.100006,,,,,,-1.0795,pending,,2026-06-16T13:16:47+00:00
trackb_cont_IQV_20260604,181.059998,,,,,190.679993,176.130005,,,,,,0.0739,pending,,2026-06-16T13:16:47+00:00
trackb_cont_IQV_20260605,181.460007,,,,,190.679993,176.130005,,,,,,0.0739,pending,,2026-06-16T13:16:47+00:00
trackb_cont_IQV_20260608,178.389999,,,,,190.679993,176.130005,,,,,,0.0739,pending,,2026-06-16T13:16:47+00:00
trackb_cont_IQV_20260609,,,,,,190.679993,176.130005,,,,,,-4.1156,pending,,2026-06-16T13:16:47+00:00
trackb_cont_IQV_20260612,,,,,,183.339996,176.130005,,,,,,-2.7229,pending,,2026-06-16T13:16:47+00:00
trackb_cont_IRDM_20260603,45.610001,,,,,53.830002,43.540001,,,,,,-14.7945,pending,,2026-06-16T13:16:23+00:00
trackb_cont_IRDM_20260604,49.91,,,,,53.32,43.540001,,,,,,-14.7945,pending,,2026-06-16T13:16:23+00:00
trackb_cont_IRDM_20260605,47.32,,,,,50.959999,43.540001,,,,,,-14.7945,pending,,2026-06-16T13:16:23+00:00
trackb_cont_IRDM_20260608,,,,,,50.259998,43.540001,,,,,,-14.7945,pending,,2026-06-16T13:16:23+00:00
trackb_cont_IRT_20260616,,,,,,,,,,,,,,pending,,2026-06-16T13:18:42+00:00
trackb_cont_ITGR_20260603,91.370003,,,,,94.760002,89.889999,,,,,,-0.2884,pending,,2026-06-16T13:16:14+00:00
trackb_cont_ITGR_20260604,92.099998,,,,,94.760002,89.889999,,,,,,-0.2884,pending,,2026-06-16T13:16:14+00:00
trackb_cont_ITGR_20260605,90.980003,,,,,94.760002,89.889999,,,,,,-0.2884,pending,,2026-06-16T13:16:14+00:00
trackb_cont_ITGR_20260608,,,,,,94.760002,89.889999,,,,,,-0.2884,pending,,2026-06-16T13:16:14+00:00
trackb_cont_IT_20260603,154.910004,,,,,171.330002,141.110001,,,,,,-14.5358,pending,,2026-06-16T13:16:42+00:00
trackb_cont_IT_20260604,148.809998,,,,,171.330002,141.110001,,,,,,-14.5358,pending,,2026-06-16T13:16:42+00:00
trackb_cont_IT_20260605,148.169998,,,,,171.0,141.110001,,,,,,-14.5358,pending,,2026-06-16T13:16:42+00:00
trackb_cont_IT_20260608,,,,,,164.300003,141.110001,,,,,,-14.5358,pending,,2026-06-16T13:16:42+00:00
trackb_cont_IVT_20260603,34.759998,,,,,35.540001,32.48,,,,,,-0.8093,pending,,2026-06-16T13:16:29+00:00
trackb_cont_IVT_20260604,35.009998,,,,,35.540001,32.580002,,,,,,-0.5039,pending,,2026-06-16T13:16:29+00:00
trackb_cont_IVT_20260605,35.0,,,,,35.540001,33.040001,,,,,,0.9009,pending,,2026-06-16T13:16:29+00:00
trackb_cont_IVT_20260608,34.619999,,,,,35.540001,33.880001,,,,,,1.2855,pending,,2026-06-16T13:16:29+00:00
trackb_cont_IVT_20260610,,,,,,35.540001,34.41,,,,,,0.3792,pending,,2026-06-16T13:16:29+00:00
trackb_cont_IVT_20260616,,,,,,,,,,,,,,pending,,2026-06-16T13:16:29+00:00
trackb_cont_IVZ_20260608,29.1,,,,,29.82,27.23,,,,,,-0.4388,pending,,2026-06-16T13:17:19+00:00
trackb_cont_IVZ_20260616,,,,,,,,,,,,,,pending,,2026-06-16T13:17:19+00:00
trackb_cont_JBHT_20260603,280.75,,,,,293.540009,270.890015,,,,,,-2.9346,pending,,2026-06-16T13:15:44+00:00
trackb_cont_JBHT_20260604,289.140015,,,,,293.540009,270.890015,,,,,,-2.9346,pending,,2026-06-16T13:15:44+00:00
trackb_cont_JBHT_20260605,289.359985,,,,,293.540009,270.890015,,,,,,-2.9346,pending,,2026-06-16T13:15:44+00:00
trackb_cont_JBHT_20260608,,,,,,293.540009,270.890015,,,,,,-2.9346,pending,,2026-06-16T13:15:44+00:00
trackb_cont_JBHT_20260609,,,,,,293.540009,270.890015,,,,,,-5.9965,pending,,2026-06-16T13:15:44+00:00
trackb_cont_JBHT_20260611,,,,,,292.924988,277.51001,,,,,,-1.154,pending,,2026-06-16T13:15:44+00:00
trackb_cont_JBHT_20260612,,,,,,292.924988,281.609985,,,,,,-2.6043,pending,,2026-06-16T13:15:44+00:00
trackb_cont_JBHT_20260616,,,,,,,,,,,,,,pending,,2026-06-16T13:15:44+00:00
trackb_cont_JBL_20260603,352.359985,,,,,398.890015,341.470001,,,,,,-10.3518,pending,,2026-06-16T13:16:07+00:00
trackb_cont_JBL_20260604,376.890015,,,,,398.890015,341.470001,,,,,,-10.3518,pending,,2026-06-16T13:16:07+00:00
trackb_cont_JBL_20260605,384.820007,,,,,398.890015,341.470001,,,,,,-10.3518,pending,,2026-06-16T13:16:07+00:00
trackb_cont_JBL_20260608,,,,,,398.890015,341.470001,,,,,,-10.3518,pending,,2026-06-16T13:16:07+00:00
trackb_cont_JBL_20260616,,,,,,,,,,,,,,pending,,2026-06-16T13:16:07+00:00
trackb_cont_JEF_20260603,57.900002,,,,,63.439999,52.630001,,,,,,-0.7356,pending,,2026-06-16T13:15:16+00:00
trackb_cont_JEF_20260604,59.66,,,,,63.439999,53.419998,,,,,,0.7544,pending,,2026-06-16T13:15:16+00:00
trackb_cont_JEF_20260605,61.66,,,,,63.439999,54.779999,,,,,,3.3195,pending,,2026-06-16T13:15:16+00:00
trackb_cont_JEF_20260608,,,,,,63.439999,56.5,,,,,,6.5636,pending,,2026-06-16T13:15:16+00:00
trackb_cont_JEF_20260609,,,,,,63.439999,57.439999,,,,,,-0.7945,pending,,2026-06-16T13:15:16+00:00
trackb_cont_JEF_20260610,,,,,,63.439999,57.669998,,,,,,-0.3972,pending,,2026-06-16T13:15:16+00:00
trackb_cont_JEF_20260611,,,,,,63.439999,57.919998,,,,,,0.0345,pending,,2026-06-16T13:15:16+00:00
trackb_cont_JEF_20260612,,,,,,63.439999,60.77,,,,,,1.8605,pending,,2026-06-16T13:15:16+00:00
trackb_cont_JEF_20260616,,,,,,,,,,,,,,pending,,2026-06-16T13:15:16+00:00
trackb_cont_JJSF_20260612,,,,,,81.360001,77.779999,,,,,,-0.8161,pending,,2026-06-16T13:17:59+00:00
trackb_cont_JJSF_20260616,,,,,,,,,,,,,,pending,,2026-06-16T13:17:59+00:00
trackb_cont_JNJ_20260610,,,,,,241.600006,233.580093,,,,,,0.6117,pending,,2026-06-16T13:17:06+00:00
trackb_cont_JNJ_20260616,,,,,,,,,,,,,,pending,,2026-06-16T13:17:06+00:00
trackb_cont_JPM_20260609,,,,,,325.920013,308.880005,,,,,,-0.7168,pending,,2026-06-16T13:17:29+00:00
trackb_cont_JPM_20260616,,,,,,,,,,,,,,pending,,2026-06-16T13:17:29+00:00
trackb_cont_JRSH_20260603,3.59,,,,,5.47,3.278,,,,,,-3.871,pending,,2026-06-16T13:16:23+00:00
trackb_cont_JRSH_20260604,3.58,,,,,5.47,3.278,,,,,,-3.871,pending,,2026-06-16T13:16:23+00:00
trackb_cont_JRSH_20260605,3.46,,,,,5.47,3.278,,,,,,-3.871,pending,,2026-06-16T13:16:23+00:00
trackb_cont_JRSH_20260608,3.75,,,,,5.47,3.375,,,,,,-1.0264,pending,,2026-06-16T13:16:23+00:00
trackb_cont_JRSH_20260611,,,,,,5.47,3.445,,,,,,-4.039,pending,,2026-06-16T13:16:23+00:00
trackb_cont_J_20260611,,,,,,128.899994,122.010002,,,,,,0.2053,pending,,2026-06-16T13:17:34+00:00
trackb_cont_J_20260616,,,,,,,,,,,,,,pending,,2026-06-16T13:17:34+00:00
trackb_cont_KBH_20260603,52.16,,,,,55.73,50.279999,,,,,,-0.6128,pending,,2026-06-16T13:15:35+00:00
trackb_cont_KBH_20260604,54.310001,,,,,55.73,51.349998,,,,,,1.5023,pending,,2026-06-16T13:15:35+00:00
trackb_cont_KBH_20260605,54.0,,,,,55.73,51.349998,,,,,,1.5023,pending,,2026-06-16T13:15:35+00:00
trackb_cont_KBH_20260608,,,,,,55.73,51.349998,,,,,,1.5023,pending,,2026-06-16T13:15:35+00:00
trackb_cont_KBH_20260609,,,,,,55.73,51.68,,,,,,0.5056,pending,,2026-06-16T13:15:35+00:00
trackb_cont_KBH_20260612,,,,,,55.73,53.040001,,,,,,-2.3384,pending,,2026-06-16T13:15:35+00:00
trackb_cont_KBH_20260616,,,,,,,,,,,,,,pending,,2026-06-16T13:15:35+00:00
trackb_cont_KBR_20260609,,,,,,36.25,33.919998,,,,,,-3.6637,pending,,2026-06-16T13:17:29+00:00
trackb_cont_KBR_20260611,,,,,,36.25,33.919998,,,,,,-0.8767,pending,,2026-06-16T13:17:29+00:00
trackb_cont_KBR_20260615,,,,,,36.240002,34.715,,,,,,-3.5427,pending,,2026-06-16T13:17:29+00:00
trackb_cont_KBR_20260616,,,,,,,,,,,,,,pending,,2026-06-16T13:17:29+00:00
trackb_cont_KDP_20260603,31.700001,,,,,32.279999,30.0,,,,,,-2.7553,pending,,2026-06-16T13:15:33+00:00
trackb_cont_KDP_20260604,31.23,,,,,32.279999,30.0,,,,,,-2.7553,pending,,2026-06-16T13:15:33+00:00
trackb_cont_KDP_20260605,31.709999,,,,,32.279999,30.209999,,,,,,-2.0746,pending,,2026-06-16T13:15:33+00:00
trackb_cont_KDP_20260608,,,,,,32.279999,30.530001,,,,,,-1.0373,pending,,2026-06-16T13:15:33+00:00
trackb_cont_KDP_20260611,,,,,,31.84,31.02,,,,,,-2.1451,pending,,2026-06-16T13:15:33+00:00
trackb_cont_KDP_20260616,,,,,,,,,,,,,,pending,,2026-06-16T13:15:33+00:00
trackb_cont_KEEL_20260603,5.25,,,,,6.45,4.81,,,,,,-23.1629,pending,,2026-06-16T13:15:46+00:00
trackb_cont_KEEL_20260604,5.52,,,,,6.355,4.81,,,,,,-23.1629,pending,,2026-06-16T13:15:46+00:00
trackb_cont_KEEL_20260605,5.59,,,,,6.355,4.81,,,,,,-23.1629,pending,,2026-06-16T13:15:46+00:00
trackb_cont_KEEL_20260608,5.66,,,,,6.355,5.04,,,,,,-19.4888,pending,,2026-06-16T13:15:46+00:00
trackb_cont_KELYA_20260603,11.72,,,,,12.22,11.24,,,,,,-1.3169,pending,,2026-06-16T13:16:26+00:00
trackb_cont_KELYA_20260604,12.04,,,,,12.22,11.47,,,,,,0.7024,pending,,2026-06-16T13:16:26+00:00
trackb_cont_KELYA_20260605,12.04,,,,,12.22,11.58,,,,,,1.6681,pending,,2026-06-16T13:16:26+00:00
trackb_cont_KELYA_20260608,,,,,,12.22,11.58,,,,,,1.6681,pending,,2026-06-16T13:16:26+00:00
trackb_cont_KELYA_20260609,,,,,,12.22,11.58,,,,,,-2.5253,pending,,2026-06-16T13:16:26+00:00
trackb_cont_KELYA_20260610,,,,,,12.22,11.58,,,,,,-2.5253,pending,,2026-06-16T13:16:26+00:00
trackb_cont_KELYA_20260615,,,,,,12.04,11.605,,,,,,-2.9682,pending,,2026-06-16T13:16:26+00:00
trackb_cont_KELYA_20260616,,,,,,,,,,,,,,pending,,2026-06-16T13:16:26+00:00
trackb_cont_KEY_20260612,,,,,,22.959999,22.375,,,,,,0.2015,pending,,2026-06-16T13:18:09+00:00
trackb_cont_KEY_20260615,,,,,,22.959999,22.375,,,,,,-2.1644,pending,,2026-06-16T13:18:09+00:00
trackb_cont_KEY_20260616,,,,,,,,,,,,,,pending,,2026-06-16T13:18:09+00:00
trackb_cont_KFRC_20260603,49.16,,,,,50.700001,45.849998,,,,,,-0.7361,pending,,2026-06-16T13:15:44+00:00
trackb_cont_KFRC_20260604,49.900002,,,,,50.700001,46.959999,,,,,,1.667,pending,,2026-06-16T13:15:44+00:00
trackb_cont_KFRC_20260605,50.0,,,,,50.700001,46.959999,,,,,,1.667,pending,,2026-06-16T13:15:44+00:00
trackb_cont_KFRC_20260608,47.669998,,,,,50.700001,46.959999,,,,,,-1.2408,pending,,2026-06-16T13:15:44+00:00
trackb_cont_KFRC_20260609,,,,,,50.700001,46.959999,,,,,,-1.942,pending,,2026-06-16T13:15:44+00:00
trackb_cont_KFRC_20260610,,,,,,50.700001,47.619999,,,,,,-0.5638,pending,,2026-06-16T13:15:44+00:00
trackb_cont_KFRC_20260611,,,,,,50.700001,47.619999,,,,,,-3.1326,pending,,2026-06-16T13:15:44+00:00
trackb_cont_KFRC_20260615,,,,,,50.459999,47.619999,,,,,,-3.8184,pending,,2026-06-16T13:15:44+00:00
trackb_cont_KFRC_20260616,,,,,,,,,,,,,,pending,,2026-06-16T13:15:44+00:00
trackb_cont_KFY_20260603,73.300003,,,,,74.720001,69.239998,,,,,,-0.5744,pending,,2026-06-16T13:15:55+00:00
trackb_cont_KFY_20260604,73.260002,,,,,74.720001,70.610001,,,,,,1.3929,pending,,2026-06-16T13:15:55+00:00
trackb_cont_KFY_20260605,73.220001,,,,,74.720001,70.730003,,,,,,1.5652,pending,,2026-06-16T13:15:55+00:00
trackb_cont_KFY_20260608,,,,,,74.720001,71.339996,,,,,,-1.3551,pending,,2026-06-16T13:15:55+00:00
trackb_cont_KFY_20260610,,,,,,74.639999,71.339996,,,,,,-1.8167,pending,,2026-06-16T13:15:55+00:00
trackb_cont_KFY_20260612,,,,,,74.639999,71.339996,,,,,,-2.6208,pending,,2026-06-16T13:15:55+00:00
trackb_cont_KFY_20260616,,,,,,,,,,,,,,pending,,2026-06-16T13:15:55+00:00
trackb_cont_KHC_20260615,,,,,,24.370001,23.965,,,,,,-0.9301,pending,,2026-06-16T13:18:23+00:00
trackb_cont_KHC_20260616,,,,,,,,,,,,,,pending,,2026-06-16T13:18:23+00:00
trackb_cont_KIM_20260610,,,,,,26.08,25.129999,,,,,,3.6716,pending,,2026-06-16T13:17:42+00:00
trackb_cont_KIM_20260611,,,,,,26.08,25.344999,,,,,,-0.1379,pending,,2026-06-16T13:17:42+00:00
trackb_cont_KIM_20260616,,,,,,,,,,,,,,pending,,2026-06-16T13:17:42+00:00
trackb_cont_KLAC_20260603,213.563995,,,,,267.170013,192.772995,,,,,,-90.7138,pending,,2026-06-16T13:15:20+00:00
trackb_cont_KLAC_20260604,241.164001,,,,,267.170013,192.772995,,,,,,-90.7138,pending,,2026-06-16T13:15:20+00:00
trackb_cont_KLAC_20260605,254.539993,,,,,267.170013,192.772995,,,,,,-90.7138,pending,,2026-06-16T13:15:20+00:00
trackb_cont_KLAC_20260608,256.420013,,,,,267.170013,199.550003,,,,,,-89.6563,pending,,2026-06-16T13:15:20+00:00
trackb_cont_KLIC_20260603,102.029999,,,,,117.963203,96.459999,,,,,,-10.3906,pending,,2026-06-16T13:15:50+00:00
trackb_cont_KLIC_20260604,111.82,,,,,117.963203,96.459999,,,,,,-10.3906,pending,,2026-06-16T13:15:50+00:00
trackb_cont_KLIC_20260605,113.129997,,,,,117.963203,96.459999,,,,,,-10.3906,pending,,2026-06-16T13:15:50+00:00
trackb_cont_KLIC_20260608,,,,,,117.963203,96.459999,,,,,,-1.7319,pending,,2026-06-16T13:15:50+00:00
trackb_cont_KLIC_20260615,,,,,,117.963203,112.620003,,,,,,-3.8422,pending,,2026-06-16T13:15:50+00:00
trackb_cont_KLIC_20260616,,,,,,,,,,,,,,pending,,2026-06-16T13:15:50+00:00
trackb_cont_KMB_20260612,,,,,,104.07,101.099998,,,,,,-0.4333,pending,,2026-06-16T13:18:02+00:00
trackb_cont_KMB_20260616,,,,,,,,,,,,,,pending,,2026-06-16T13:18:02+00:00
trackb_cont_KMX_20260603,48.5,,,,,52.91,43.52,,,,,,-6.5794,pending,,2026-06-16T13:16:06+00:00
trackb_cont_KMX_20260604,51.57,,,,,52.91,45.349998,,,,,,-2.6511,pending,,2026-06-16T13:16:06+00:00
trackb_cont_KMX_20260605,51.259998,,,,,52.91,45.990002,,,,,,-1.2772,pending,,2026-06-16T13:16:06+00:00
trackb_cont_KMX_20260608,52.209999,,,,,52.91,45.990002,,,,,,-1.2772,pending,,2026-06-16T13:16:06+00:00
trackb_cont_KMX_20260610,,,,,,52.91,47.709999,,,,,,0.4421,pending,,2026-06-16T13:16:06+00:00
trackb_cont_KMX_20260611,,,,,,52.91,48.59,,,,,,0.1856,pending,,2026-06-16T13:16:06+00:00
trackb_cont_KMX_20260616,,,,,,,,,,,,,,pending,,2026-06-16T13:16:06+00:00
trackb_cont_KNX_20260603,79.25,,,,,82.860001,75.459999,,,,,,-3.5408,pending,,2026-06-16T13:15:32+00:00
trackb_cont_KNX_20260604,82.449997,,,,,82.860001,75.459999,,,,,,-3.5408,pending,,2026-06-16T13:15:32+00:00
trackb_cont_KNX_20260605,81.540001,,,,,82.860001,75.459999,,,,,,-3.5408,pending,,2026-06-16T13:15:32+00:00
trackb_cont_KNX_20260608,79.25,,,,,82.860001,75.459999,,,,,,-3.5408,pending,,2026-06-16T13:15:32+00:00
trackb_cont_KNX_20260610,,,,,,82.860001,75.459999,,,,,,-6.5048,pending,,2026-06-16T13:15:32+00:00
trackb_cont_KNX_20260611,,,,,,82.860001,78.160004,,,,,,-1.3754,pending,,2026-06-16T13:15:32+00:00
trackb_cont_KNX_20260612,,,,,,82.860001,78.160004,,,,,,-5.2031,pending,,2026-06-16T13:15:32+00:00
trackb_cont_KNX_20260616,,,,,,,,,,,,,,pending,,2026-06-16T13:15:32+00:00
trackb_cont_KN_20260603,37.310001,,,,,41.470001,36.509998,,,,,,-7.0758,pending,,2026-06-16T13:15:26+00:00
trackb_cont_KN_20260604,39.450001,,,,,41.470001,36.509998,,,,,,-7.0758,pending,,2026-06-16T13:15:26+00:00
trackb_cont_KN_20260605,39.779999,,,,,41.470001,36.509998,,,,,,-7.0758,pending,,2026-06-16T13:15:26+00:00
trackb_cont_KN_20260608,41.369999,,,,,41.470001,36.509998,,,,,,-2.0129,pending,,2026-06-16T13:15:26+00:00
trackb_cont_KN_20260616,,,,,,,,,,,,,,pending,,2026-06-16T13:15:26+00:00
trackb_cont_KOPN_20260603,4.6,,,,,6.61,4.56,,,,,,-25.7933,pending,,2026-06-16T13:16:11+00:00
trackb_cont_KOPN_20260604,5.13,,,,,6.49,4.56,,,,,,-25.7933,pending,,2026-06-16T13:16:11+00:00
trackb_cont_KOPN_20260605,4.94,,,,,6.15,4.56,,,,,,-25.7933,pending,,2026-06-16T13:16:11+00:00
trackb_cont_KOPN_20260608,,,,,,5.88,4.56,,,,,,-16.4835,pending,,2026-06-16T13:16:11+00:00
trackb_cont_KO_20260612,,,,,,82.889999,80.25,,,,,,-2.7626,pending,,2026-06-16T13:18:02+00:00
trackb_cont_KO_20260616,,,,,,,,,,,,,,pending,,2026-06-16T13:18:02+00:00
trackb_cont_KRC_20260603,38.419998,,,,,39.220001,34.509998,,,,,,-0.029,pending,,2026-06-16T13:16:43+00:00
trackb_cont_KRC_20260604,38.700001,,,,,39.220001,35.540001,,,,,,2.9548,pending,,2026-06-16T13:16:43+00:00
trackb_cont_KRC_20260605,38.369999,,,,,39.220001,36.290001,,,,,,5.1275,pending,,2026-06-16T13:16:43+00:00
trackb_cont_KRC_20260608,38.369999,,,,,39.220001,37.549999,,,,,,8.7775,pending,,2026-06-16T13:16:43+00:00
trackb_cont_KRC_20260609,,,,,,39.220001,37.939999,,,,,,0.132,pending,,2026-06-16T13:16:43+00:00
trackb_cont_KRC_20260612,,,,,,39.09,38.119999,,,,,,-1.4987,pending,,2026-06-16T13:16:43+00:00
trackb_cont_KRC_20260616,,,,,,,,,,,,,,pending,,2026-06-16T13:16:43+00:00
trackb_cont_KREF_20260603,7.15,,,,,7.4,6.715,,,,,,-0.297,pending,,2026-06-16T13:15:11+00:00
trackb_cont_KREF_20260604,7.11,,,,,7.4,6.76,,,,,,0.3712,pending,,2026-06-16T13:15:11+00:00
trackb_cont_KREF_20260605,7.23,,,,,7.4,6.9,,,,,,2.4499,pending,,2026-06-16T13:15:11+00:00
trackb_cont_KREF_20260608,7.2,,,,,7.4,6.93,,,,,,2.8953,pending,,2026-06-16T13:15:11+00:00
trackb_cont_KREF_20260610,,,,,,7.4,6.94,,,,,,-0.4304,pending,,2026-06-16T13:15:11+00:00
trackb_cont_KREF_20260615,,,,,,7.4,7.185,,,,,,-2.5763,pending,,2026-06-16T13:15:11+00:00
trackb_cont_KREF_20260616,,,,,,,,,,,,,,pending,,2026-06-16T13:15:11+00:00
trackb_cont_KRG_20260609,,,,,,29.4,27.99,,,,,,0.3945,pending,,2026-06-16T13:17:28+00:00
trackb_cont_KRG_20260610,,,,,,29.4,28.639999,,,,,,2.726,pending,,2026-06-16T13:17:28+00:00
trackb_cont_KRG_20260611,,,,,,29.4,28.705,,,,,,-0.4681,pending,,2026-06-16T13:17:28+00:00
trackb_cont_KRG_20260616,,,,,,,,,,,,,,pending,,2026-06-16T13:17:28+00:00
trackb_cont_KTB_20260612,,,,,,81.705002,78.565002,,,,,,-2.2945,pending,,2026-06-16T13:17:21+00:00
trackb_cont_KTB_20260616,,,,,,,,,,,,,,pending,,2026-06-16T13:17:21+00:00
trackb_cont_KVUE_20260610,,,,,,18.385,17.85,,,,,,1.7094,pending,,2026-06-16T13:17:42+00:00
trackb_cont_KVUE_20260612,,,,,,18.385,18.0,,,,,,-0.3874,pending,,2026-06-16T13:17:42+00:00
trackb_cont_KVUE_20260616,,,,,,,,,,,,,,pending,,2026-06-16T13:17:42+00:00
trackb_cont_LADR_20260611,,,,,,10.39,10.03,,,,,,-2.7158,pending,,2026-06-16T13:17:51+00:00
trackb_cont_LAD_20260603,304.829987,,,,,319.410004,284.399994,,,,,,-3.0344,pending,,2026-06-16T13:15:31+00:00
trackb_cont_LAD_20260604,312.660004,,,,,319.410004,284.399994,,,,,,-3.0344,pending,,2026-06-16T13:15:31+00:00
trackb_cont_LAD_20260605,313.380005,,,,,319.410004,284.399994,,,,,,-3.0344,pending,,2026-06-16T13:15:31+00:00
trackb_cont_LAD_20260608,,,,,,319.410004,285.359985,,,,,,-2.7071,pending,,2026-06-16T13:15:31+00:00
trackb_cont_LAD_20260612,,,,,,319.410004,308.459991,,,,,,-1.3433,pending,,2026-06-16T13:15:31+00:00
trackb_cont_LAD_20260616,,,,,,,,,,,,,,pending,,2026-06-16T13:15:31+00:00
trackb_cont_LAMR_20260615,,,,,,155.636902,153.660004,,,,,,-1.107,pending,,2026-06-16T13:18:20+00:00
trackb_cont_LAMR_20260616,,,,,,,,,,,,,,pending,,2026-06-16T13:18:20+00:00
trackb_cont_LAUR_20260610,,,,,,38.279999,35.095001,,,,,,2.7371,pending,,2026-06-16T13:17:42+00:00
trackb_cont_LAUR_20260611,,,,,,38.279999,35.145,,,,,,-3.6859,pending,,2026-06-16T13:17:42+00:00
trackb_cont_LAUR_20260616,,,,,,,,,,,,,,pending,,2026-06-16T13:17:42+00:00
trackb_cont_LCUT_20260603,9.15,,,,,9.6,8.64,,,,,,-3.6789,pending,,2026-06-16T13:16:07+00:00
trackb_cont_LCUT_20260604,9.06,,,,,9.6,8.64,,,,,,-3.6789,pending,,2026-06-16T13:16:07+00:00
trackb_cont_LCUT_20260605,8.89,,,,,9.55,8.64,,,,,,-3.6789,pending,,2026-06-16T13:16:07+00:00
trackb_cont_LCUT_20260608,,,,,,9.55,8.64,,,,,,-3.0303,pending,,2026-06-16T13:16:07+00:00
trackb_cont_LCUT_20260609,,,,,,9.55,8.64,,,,,,-5.5738,pending,,2026-06-16T13:16:07+00:00
trackb_cont_LEA_20260603,140.440002,,,,,148.994995,139.139999,,,,,,-5.0563,pending,,2026-06-16T13:15:57+00:00
trackb_cont_LEA_20260604,145.0,,,,,148.994995,139.139999,,,,,,-5.0563,pending,,2026-06-16T13:15:57+00:00
trackb_cont_LEA_20260605,145.160004,,,,,148.994995,139.139999,,,,,,-5.0563,pending,,2026-06-16T13:15:57+00:00
trackb_cont_LEA_20260608,,,,,,148.994995,139.139999,,,,,,-5.0563,pending,,2026-06-16T13:15:57+00:00
trackb_cont_LEA_20260616,,,,,,,,,,,,,,pending,,2026-06-16T13:15:57+00:00
trackb_cont_LEGH_20260603,24.389999,,,,,25.370001,23.02,,,,,,-0.6259,pending,,2026-06-16T13:16:24+00:00
trackb_cont_LEGH_20260604,25.040001,,,,,25.370001,23.02,,,,,,-0.6259,pending,,2026-06-16T13:16:24+00:00
trackb_cont_LEGH_20260605,25.0,,,,,25.370001,23.190001,,,,,,0.1079,pending,,2026-06-16T13:16:24+00:00
trackb_cont_LEGH_20260608,24.65,,,,,25.370001,23.565001,,,,,,1.7267,pending,,2026-06-16T13:16:24+00:00
trackb_cont_LEG_20260611,,,,,,11.31,10.11,,,,,,-0.9794,pending,,2026-06-16T13:17:22+00:00
trackb_cont_LEG_20260615,,,,,,11.31,10.7,,,,,,-5.3516,pending,,2026-06-16T13:17:22+00:00
trackb_cont_LEG_20260616,,,,,,,,,,,,,,pending,,2026-06-16T13:17:22+00:00
trackb_cont_LEN_20260603,89.849998,,,,,95.220001,88.82,,,,,,-0.4037,pending,,2026-06-16T13:16:37+00:00
trackb_cont_LEN_20260604,94.949997,,,,,95.220001,88.940002,,,,,,-0.2691,pending,,2026-06-16T13:16:37+00:00
trackb_cont_LEN_20260605,90.300003,,,,,95.220001,88.940002,,,,,,-0.2691,pending,,2026-06-16T13:16:37+00:00
trackb_cont_LEN_20260608,,,,,,95.220001,88.940002,,,,,,-1.7129,pending,,2026-06-16T13:16:37+00:00
trackb_cont_LEN_20260609,,,,,,95.220001,89.339996,,,,,,-1.5429,pending,,2026-06-16T13:16:37+00:00
trackb_cont_LEN_20260611,,,,,,95.220001,89.580002,,,,,,-0.3005,pending,,2026-06-16T13:16:37+00:00
trackb_cont_LEVI_20260612,,,,,,24.700001,23.860001,,,,,,-1.5677,pending,,2026-06-16T13:18:10+00:00
trackb_cont_LEVI_20260616,,,,,,,,,,,,,,pending,,2026-06-16T13:18:10+00:00
trackb_cont_LE_20260615,,,,,,12.75,11.98,,,,,,-5.5205,pending,,2026-06-16T13:17:35+00:00
trackb_cont_LE_20260616,,,,,,,,,,,,,,pending,,2026-06-16T13:17:35+00:00
trackb_cont_LFST_20260615,,,,,,8.609,8.36,,,,,,-0.6536,pending,,2026-06-16T13:18:21+00:00
trackb_cont_LFST_20260616,,,,,,,,,,,,,,pending,,2026-06-16T13:18:21+00:00
trackb_cont_LFUS_20260603,439.440002,,,,,500.570007,430.01001,,,,,,-12.8705,pending,,2026-06-16T13:15:14+00:00
trackb_cont_LFUS_20260604,462.980011,,,,,498.380005,430.01001,,,,,,-12.8705,pending,,2026-06-16T13:15:14+00:00
trackb_cont_LFUS_20260605,472.140015,,,,,498.380005,430.01001,,,,,,-12.8705,pending,,2026-06-16T13:15:14+00:00
trackb_cont_LFUS_20260608,,,,,,498.380005,430.01001,,,,,,-12.8705,pending,,2026-06-16T13:15:14+00:00
trackb_cont_LGIH_20260603,52.560001,,,,,57.0,47.130001,,,,,,-0.3805,pending,,2026-06-16T13:16:02+00:00
trackb_cont_LGIH_20260604,55.389999,,,,,57.0,49.860001,,,,,,5.39,pending,,2026-06-16T13:16:02+00:00
trackb_cont_LGIH_20260605,54.049999,,,,,57.0,49.860001,,,,,,5.39,pending,,2026-06-16T13:16:02+00:00
trackb_cont_LGIH_20260608,53.52,,,,,57.0,50.009998,,,,,,-0.6753,pending,,2026-06-16T13:16:02+00:00
trackb_cont_LGIH_20260611,,,,,,57.0,51.389999,,,,,,-2.226,pending,,2026-06-16T13:16:02+00:00
trackb_cont_LGIH_20260615,,,,,,57.0,53.23,,,,,,-3.7084,pending,,2026-06-16T13:16:02+00:00
trackb_cont_LGIH_20260616,,,,,,,,,,,,,,pending,,2026-06-16T13:16:02+00:00
trackb_cont_LH_20260609,,,,,,275.0,262.429993,,,,,,0.1603,pending,,2026-06-16T13:17:28+00:00
trackb_cont_LH_20260612,,,,,,267.809998,263.130005,,,,,,-0.8067,pending,,2026-06-16T13:17:28+00:00
trackb_cont_LII_20260611,,,,,,532.030029,493.540009,,,,,,-2.2306,pending,,2026-06-16T13:17:50+00:00
trackb_cont_LILAK_20260616,,,,,,,,,,,,,,pending,,2026-06-16T13:17:09+00:00
trackb_cont_LIND_20260603,21.9,,,,,24.82,21.309999,,,,,,-4.4823,pending,,2026-06-16T13:16:08+00:00
trackb_cont_LIND_20260604,23.129999,,,,,24.82,21.309999,,,,,,-4.4823,pending,,2026-06-16T13:16:08+00:00
trackb_cont_LIND_20260605,23.450001,,,,,24.82,21.309999,,,,,,-4.4823,pending,,2026-06-16T13:16:08+00:00
trackb_cont_LIND_20260608,23.969999,,,,,24.82,21.379999,,,,,,-4.1685,pending,,2026-06-16T13:16:08+00:00
trackb_cont_LIND_20260616,,,,,,,,,,,,,,pending,,2026-06-16T13:16:08+00:00
trackb_cont_LINE_20260603,44.330002,,,,,45.369999,41.450001,,,,,,-0.5757,pending,,2026-06-16T13:16:30+00:00
trackb_cont_LINE_20260604,44.57,,,,,45.369999,41.93,,,,,,0.5757,pending,,2026-06-16T13:16:30+00:00
trackb_cont_LINE_20260605,44.419998,,,,,45.369999,42.040001,,,,,,0.8395,pending,,2026-06-16T13:16:30+00:00
trackb_cont_LINE_20260608,,,,,,45.369999,42.259998,,,,,,1.3672,pending,,2026-06-16T13:16:30+00:00
trackb_cont_LINE_20260612,,,,,,45.299999,42.91,,,,,,-3.7245,pending,,2026-06-16T13:16:30+00:00
trackb_cont_LINE_20260615,,,,,,45.299999,42.91,,,,,,-5.0926,pending,,2026-06-16T13:16:30+00:00
trackb_cont_LINE_20260616,,,,,,,,,,,,,,pending,,2026-06-16T13:16:30+00:00
trackb_cont_LITE_20260603,853.26001,,,,,1049.530029,776.01001,,,,,,-19.5636,pending,,2026-06-16T13:16:29+00:00
trackb_cont_LITE_20260604,889.590027,,,,,998.5,776.01001,,,,,,-19.5636,pending,,2026-06-16T13:16:29+00:00
trackb_cont_LITE_20260605,921.559998,,,,,998.5,776.01001,,,,,,-19.5636,pending,,2026-06-16T13:16:29+00:00
trackb_cont_LITE_20260608,957.23999,,,,,998.5,776.01001,,,,,,-19.5636,pending,,2026-06-16T13:16:29+00:00
trackb_cont_LLYVK_20260615,,,,,,103.279999,100.0,,,,,,-2.3914,pending,,2026-06-16T13:18:26+00:00
trackb_cont_LLYVK_20260616,,,,,,,,,,,,,,pending,,2026-06-16T13:18:26+00:00
trackb_cont_LLY_20260608,,,,,,1182.72998,1112.01001,,,,,,-1.7155,pending,,2026-06-16T13:17:16+00:00
trackb_cont_LLY_20260610,,,,,,1170.119995,1112.01001,,,,,,-3.232,pending,,2026-06-16T13:17:16+00:00
trackb_cont_LLY_20260612,,,,,,1169.98999,1112.01001,,,,,,-4.2155,pending,,2026-06-16T13:17:16+00:00
trackb_cont_LLY_20260615,,,,,,1137.49231,1112.01001,,,,,,-0.3892,pending,,2026-06-16T13:17:16+00:00
trackb_cont_LLY_20260616,,,,,,,,,,,,,,pending,,2026-06-16T13:17:16+00:00
trackb_cont_LNC_20260615,,,,,,38.23,37.419998,,,,,,-1.5263,pending,,2026-06-16T13:18:19+00:00
trackb_cont_LNC_20260616,,,,,,,,,,,,,,pending,,2026-06-16T13:18:19+00:00
trackb_cont_LNN_20260603,112.75,,,,,117.260002,111.099998,,,,,,-1.139,pending,,2026-06-16T13:15:47+00:00
trackb_cont_LNN_20260604,114.68,,,,,117.260002,111.099998,,,,,,-1.139,pending,,2026-06-16T13:15:47+00:00
trackb_cont_LNN_20260605,115.349998,,,,,117.260002,111.099998,,,,,,-1.139,pending,,2026-06-16T13:15:47+00:00
trackb_cont_LNN_20260608,,,,,,117.260002,111.099998,,,,,,-1.139,pending,,2026-06-16T13:15:47+00:00
trackb_cont_LNN_20260611,,,,,,117.260002,112.209999,,,,,,-0.4789,pending,,2026-06-16T13:15:47+00:00
trackb_cont_LNN_20260616,,,,,,,,,,,,,,pending,,2026-06-16T13:15:47+00:00
trackb_cont_LNTH_20260608,104.669998,,,,,104.989998,97.989998,,,,,,-2.961,pending,,2026-06-16T13:17:14+00:00
trackb_cont_LNTH_20260609,,,,,,104.989998,97.989998,,,,,,-2.0198,pending,,2026-06-16T13:17:14+00:00
trackb_cont_LNTH_20260610,,,,,,104.989998,99.669998,,,,,,-0.34,pending,,2026-06-16T13:17:14+00:00
trackb_cont_LNTH_20260616,,,,,,,,,,,,,,pending,,2026-06-16T13:17:14+00:00
trackb_cont_LODE_20260603,3.72,,,,,4.64,3.64,,,,,,-7.9646,pending,,2026-06-16T13:15:33+00:00
trackb_cont_LODE_20260604,4.08,,,,,4.64,3.64,,,,,,-7.9646,pending,,2026-06-16T13:15:33+00:00
trackb_cont_LODE_20260605,4.1,,,,,4.45,3.64,,,,,,-7.9646,pending,,2026-06-16T13:15:33+00:00
trackb_cont_LODE_20260608,,,,,,4.365,3.64,,,,,,-7.9646,pending,,2026-06-16T13:15:33+00:00
trackb_cont_LOVE_20260608,15.64,,,,,17.190001,14.215,,,,,,-9.6313,pending,,2026-06-16T13:17:19+00:00
trackb_cont_LOVE_20260616,,,,,,,,,,,,,,pending,,2026-06-16T13:17:19+00:00
trackb_cont_LPG_20260615,,,,,,43.889999,42.380001,,,,,,-2.5523,pending,,2026-06-16T13:18:27+00:00
trackb_cont_LPG_20260616,,,,,,,,,,,,,,pending,,2026-06-16T13:18:27+00:00
trackb_cont_LPX_20260603,71.760002,,,,,79.684998,69.400002,,,,,,-6.2099,pending,,2026-06-16T13:16:55+00:00
trackb_cont_LPX_20260604,74.760002,,,,,79.684998,69.400002,,,,,,-6.2099,pending,,2026-06-16T13:16:55+00:00
trackb_cont_LPX_20260605,75.040001,,,,,79.684998,69.400002,,,,,,-6.2099,pending,,2026-06-16T13:16:55+00:00
trackb_cont_LPX_20260608,,,,,,79.684998,69.400002,,,,,,-6.2099,pending,,2026-06-16T13:16:55+00:00
trackb_cont_LPX_20260616,,,,,,,,,,,,,,pending,,2026-06-16T13:16:55+00:00
trackb_cont_LQDA_20260611,,,,,,72.709999,66.32,,,,,,1.6398,pending,,2026-06-16T13:17:47+00:00
trackb_cont_LQDA_20260616,,,,,,,,,,,,,,pending,,2026-06-16T13:17:47+00:00
trackb_cont_LQDT_20260611,,,,,,38.43,37.0,,,,,,-2.1682,pending,,2026-06-16T13:17:51+00:00
trackb_cont_LQDT_20260616,,,,,,,,,,,,,,pending,,2026-06-16T13:17:51+00:00
trackb_cont_LRCX_20260603,321.799988,,,,,393.070007,302.73999,,,,,,-10.7475,pending,,2026-06-16T13:15:07+00:00
trackb_cont_LRCX_20260604,362.519989,,,,,393.070007,302.73999,,,,,,-10.7475,pending,,2026-06-16T13:15:07+00:00
trackb_cont_LRCX_20260605,366.809998,,,,,393.070007,302.73999,,,,,,-10.7475,pending,,2026-06-16T13:15:07+00:00
trackb_cont_LRCX_20260608,,,,,,393.070007,306.01001,,,,,,-9.7835,pending,,2026-06-16T13:15:07+00:00
trackb_cont_LRCX_20260615,,,,,,393.070007,382.390106,,,,,,-1.3467,pending,,2026-06-16T13:15:07+00:00
trackb_cont_LRCX_20260616,,,,,,,,,,,,,,pending,,2026-06-16T13:15:07+00:00
trackb_cont_LRN_20260603,99.839996,,,,,103.669998,80.415001,,,,,,-17.8391,pending,,2026-06-16T13:15:36+00:00
trackb_cont_LRN_20260604,99.470001,,,,,103.669998,80.415001,,,,,,-17.8391,pending,,2026-06-16T13:15:36+00:00
trackb_cont_LRN_20260605,97.709999,,,,,103.669998,80.415001,,,,,,-17.8391,pending,,2026-06-16T13:15:36+00:00
trackb_cont_LRN_20260608,,,,,,101.610001,80.415001,,,,,,-17.8391,pending,,2026-06-16T13:15:36+00:00
trackb_cont_LRN_20260609,,,,,,101.610001,80.415001,,,,,,-16.8665,pending,,2026-06-16T13:15:36+00:00
trackb_cont_LRN_20260610,,,,,,101.610001,80.415001,,,,,,-16.8665,pending,,2026-06-16T13:15:36+00:00
trackb_cont_LSTR_20260603,218.919998,,,,,228.460007,212.039993,,,,,,-1.3309,pending,,2026-06-16T13:15:21+00:00
trackb_cont_LSTR_20260604,225.199997,,,,,228.460007,214.910004,,,,,,0.0047,pending,,2026-06-16T13:15:21+00:00
trackb_cont_LSTR_20260605,224.270004,,,,,228.460007,214.910004,,,,,,0.0047,pending,,2026-06-16T13:15:21+00:00
trackb_cont_LSTR_20260608,,,,,,228.460007,214.910004,,,,,,0.0047,pending,,2026-06-16T13:15:21+00:00
trackb_cont_LSTR_20260610,,,,,,226.490005,214.910004,,,,,,-4.6413,pending,,2026-06-16T13:15:21+00:00
trackb_cont_LSTR_20260612,,,,,,226.490005,217.589996,,,,,,-3.3792,pending,,2026-06-16T13:15:21+00:00
trackb_cont_LSTR_20260616,,,,,,,,,,,,,,pending,,2026-06-16T13:15:21+00:00
trackb_cont_LTH_20260615,,,,,,35.23,34.119999,,,,,,-3.0269,pending,,2026-06-16T13:18:24+00:00
trackb_cont_LTH_20260616,,,,,,,,,,,,,,pending,,2026-06-16T13:18:24+00:00
trackb_cont_LUMN_20260603,8.26,,,,,10.7,8.11,,,,,,-19.6632,pending,,2026-06-16T13:16:39+00:00
trackb_cont_LUMN_20260604,8.49,,,,,10.12,8.11,,,,,,-19.6632,pending,,2026-06-16T13:16:39+00:00
trackb_cont_LUMN_20260605,8.49,,,,,9.7,8.11,,,,,,-19.6632,pending,,2026-06-16T13:16:39+00:00
trackb_cont_LUMN_20260608,,,,,,9.33,8.11,,,,,,-19.6632,pending,,2026-06-16T13:16:39+00:00
trackb_cont_LUV_20260603,41.400002,,,,,47.6903,40.82,,,,,,-1.3533,pending,,2026-06-16T13:16:57+00:00
trackb_cont_LUV_20260604,44.290001,,,,,47.6903,40.830002,,,,,,-1.3291,pending,,2026-06-16T13:16:57+00:00
trackb_cont_LUV_20260605,45.470001,,,,,47.6903,40.830002,,,,,,-1.3291,pending,,2026-06-16T13:16:57+00:00
trackb_cont_LUV_20260608,,,,,,47.6903,40.830002,,,,,,-1.3291,pending,,2026-06-16T13:16:57+00:00
trackb_cont_LUV_20260611,,,,,,47.6903,40.830002,,,,,,-1.3768,pending,,2026-06-16T13:16:57+00:00
trackb_cont_LUV_20260615,,,,,,47.6903,45.790001,,,,,,-3.8025,pending,,2026-06-16T13:16:57+00:00
trackb_cont_LUV_20260616,,,,,,,,,,,,,,pending,,2026-06-16T13:16:57+00:00
trackb_cont_LW_20260611,,,,,,45.990002,43.849998,,,,,,-0.6345,pending,,2026-06-16T13:17:57+00:00
trackb_cont_LW_20260612,,,,,,45.990002,44.990002,,,,,,-0.2439,pending,,2026-06-16T13:17:57+00:00
trackb_cont_LW_20260616,,,,,,,,,,,,,,pending,,2026-06-16T13:17:57+00:00
trackb_cont_LXP_20260611,,,,,,54.139999,52.459999,,,,,,-0.5498,pending,,2026-06-16T13:17:57+00:00
trackb_cont_LXP_20260616,,,,,,,,,,,,,,pending,,2026-06-16T13:17:57+00:00
trackb_cont_LYV_20260615,,,,,,176.0,171.720093,,,,,,-1.1484,pending,,2026-06-16T13:18:23+00:00
trackb_cont_LYV_20260616,,,,,,,,,,,,,,pending,,2026-06-16T13:18:23+00:00
trackb_cont_LZB_20260611,,,,,,39.16,37.400002,,,,,,0.1071,pending,,2026-06-16T13:17:56+00:00
trackb_cont_LZB_20260615,,,,,,39.110001,37.77,,,,,,-3.2531,pending,,2026-06-16T13:17:56+00:00
trackb_cont_LZB_20260616,,,,,,,,,,,,,,pending,,2026-06-16T13:17:56+00:00
trackb_cont_L_20260616,,,,,,,,,,,,,,pending,,2026-06-16T13:18:44+00:00
trackb_cont_MAA_20260608,137.330002,,,,,140.75,136.110001,,,,,,-1.0397,pending,,2026-06-16T13:17:14+00:00
trackb_cont_MAA_20260612,,,,,,140.580002,137.179993,,,,,,-0.6662,pending,,2026-06-16T13:17:14+00:00
trackb_cont_MAA_20260615,,,,,,140.580002,137.179993,,,,,,-1.1672,pending,,2026-06-16T13:17:14+00:00
trackb_cont_MAA_20260616,,,,,,,,,,,,,,pending,,2026-06-16T13:17:14+00:00
trackb_cont_MAC_20260608,25.09,,,,,25.719999,23.32,,,,,,-1.437,pending,,2026-06-16T13:17:13+00:00
trackb_cont_MAC_20260612,,,,,,25.719999,24.98,,,,,,-0.12,pending,,2026-06-16T13:17:13+00:00
trackb_cont_MAC_20260616,,,,,,,,,,,,,,pending,,2026-06-16T13:17:13+00:00
trackb_cont_MAGN_20260616,,,,,,,,,,,,,,pending,,2026-06-16T13:18:36+00:00
trackb_cont_MAN_20260603,33.07,,,,,34.790001,30.049999,,,,,,-1.346,pending,,2026-06-16T13:16:28+00:00
trackb_cont_MAN_20260604,34.0,,,,,34.790001,31.049999,,,,,,1.937,pending,,2026-06-16T13:16:28+00:00
trackb_cont_MAN_20260605,34.0,,,,,34.790001,31.690001,,,,,,4.0381,pending,,2026-06-16T13:16:28+00:00
trackb_cont_MAN_20260608,,,,,,34.790001,31.690001,,,,,,4.0381,pending,,2026-06-16T13:16:28+00:00
trackb_cont_MAN_20260610,,,,,,34.790001,32.400002,,,,,,-0.0925,pending,,2026-06-16T13:16:28+00:00
trackb_cont_MAN_20260612,,,,,,34.790001,33.200001,,,,,,-2.3529,pending,,2026-06-16T13:16:28+00:00
trackb_cont_MAN_20260615,,,,,,34.235001,33.200001,,,,,,-1.2639,pending,,2026-06-16T13:16:28+00:00
trackb_cont_MAN_20260616,,,,,,,,,,,,,,pending,,2026-06-16T13:16:28+00:00
trackb_cont_MARA_20260603,12.62,,,,,15.23,11.84,,,,,,-15.7895,pending,,2026-06-16T13:16:53+00:00
trackb_cont_MARA_20260604,13.61,,,,,15.23,11.84,,,,,,-15.7895,pending,,2026-06-16T13:16:53+00:00
trackb_cont_MARA_20260605,14.08,,,,,15.23,11.84,,,,,,-15.7895,pending,,2026-06-16T13:16:53+00:00
trackb_cont_MAR_20260608,400.630005,,,,,410.980011,385.160004,,,,,,-1.8726,pending,,2026-06-16T13:17:15+00:00
trackb_cont_MAR_20260616,,,,,,,,,,,,,,pending,,2026-06-16T13:17:15+00:00
trackb_cont_MASI_20260603,179.949997,,,,,179.990005,178.630005,,,,,,-0.0364,pending,,2026-06-16T13:16:55+00:00
trackb_cont_MASI_20260604,179.949997,,,,,179.990005,178.720001,,,,,,0.014,pending,,2026-06-16T13:16:55+00:00
trackb_cont_MASI_20260605,179.949997,,,,,179.990005,178.800003,,,,,,0.0588,pending,,2026-06-16T13:16:55+00:00
trackb_cont_MASI_20260608,,,,,,179.990005,179.899994,,,,,,0.6743,pending,,2026-06-16T13:16:55+00:00
trackb_cont_MASI_20260609,,,,,,179.990005,179.949997,,,,,,0.0056,pending,,2026-06-16T13:16:55+00:00
trackb_cont_MASI_20260610,,,,,,179.949997,179.949997,,,,,,0.0056,pending,,2026-06-16T13:16:55+00:00
trackb_cont_MASI_20260612,,,,,,179.949997,179.949997,,,,,,-0.0,pending,,2026-06-16T13:16:55+00:00
trackb_cont_MASI_20260616,,,,,,,,,,,,,,pending,,2026-06-16T13:16:55+00:00
trackb_cont_MAS_20260616,,,,,,,,,,,,,,pending,,2026-06-16T13:18:37+00:00
trackb_cont_MATX_20260603,193.429993,,,,,203.080002,183.610001,,,,,,-1.9177,pending,,2026-06-16T13:15:47+00:00
trackb_cont_MATX_20260604,198.979996,,,,,203.080002,183.610001,,,,,,-1.9177,pending,,2026-06-16T13:15:47+00:00
trackb_cont_MATX_20260605,201.940002,,,,,203.080002,183.610001,,,,,,-1.9177,pending,,2026-06-16T13:15:47+00:00
trackb_cont_MATX_20260608,,,,,,203.080002,186.050003,,,,,,-0.6143,pending,,2026-06-16T13:15:47+00:00
trackb_cont_MATX_20260611,,,,,,203.080002,191.449997,,,,,,-1.0236,pending,,2026-06-16T13:15:47+00:00
trackb_cont_MATX_20260615,,,,,,202.100006,194.925003,,,,,,-2.574,pending,,2026-06-16T13:15:47+00:00
trackb_cont_MATX_20260616,,,,,,,,,,,,,,pending,,2026-06-16T13:15:47+00:00
trackb_cont_MBC_20260616,,,,,,,,,,,,,,pending,,2026-06-16T13:17:21+00:00
trackb_cont_MBI_20260612,,,,,,6.27,6.115,,,,,,-1.0518,pending,,2026-06-16T13:18:09+00:00
trackb_cont_MBI_20260616,,,,,,,,,,,,,,pending,,2026-06-16T13:18:09+00:00
trackb_cont_MCRI_20260608,,,,,,130.850006,121.559998,,,,,,-0.9291,pending,,2026-06-16T13:17:14+00:00
trackb_cont_MCRI_20260609,,,,,,130.850006,123.019997,,,,,,0.3017,pending,,2026-06-16T13:17:14+00:00
trackb_cont_MCRI_20260610,,,,,,130.850006,124.879997,,,,,,1.8182,pending,,2026-06-16T13:17:14+00:00
trackb_cont_MCRI_20260611,,,,,,130.850006,126.470001,,,,,,-0.5895,pending,,2026-06-16T13:17:14+00:00
trackb_cont_MCRI_20260612,,,,,,130.850006,127.080002,,,,,,-0.4465,pending,,2026-06-16T13:17:14+00:00
trackb_cont_MCRI_20260615,,,,,,130.259995,127.080002,,,,,,-1.1089,pending,,2026-06-16T13:17:14+00:00
trackb_cont_MCRI_20260616,,,,,,,,,,,,,,pending,,2026-06-16T13:17:14+00:00
trackb_cont_MCY_20260610,,,,,,103.220001,98.230003,,,,,,-2.7811,pending,,2026-06-16T13:17:43+00:00
trackb_cont_MDB_20260603,348.279999,,,,,392.48999,325.21701,,,,,,-12.5925,pending,,2026-06-16T13:15:43+00:00
trackb_cont_MDB_20260604,354.410004,,,,,390.0,325.21701,,,,,,-12.5925,pending,,2026-06-16T13:15:43+00:00
trackb_cont_MDB_20260605,342.799988,,,,,381.0,325.21701,,,,,,-12.5925,pending,,2026-06-16T13:15:43+00:00
trackb_cont_MDB_20260608,354.179993,,,,,364.26001,325.21701,,,,,,-12.5925,pending,,2026-06-16T13:15:43+00:00
trackb_cont_MEC_20260603,33.84,,,,,36.5,30.059999,,,,,,-7.1362,pending,,2026-06-16T13:15:11+00:00
trackb_cont_MEC_20260604,35.240002,,,,,36.5,30.059999,,,,,,-7.1362,pending,,2026-06-16T13:15:11+00:00
trackb_cont_MEC_20260605,35.48,,,,,36.5,31.34,,,,,,-3.182,pending,,2026-06-16T13:15:11+00:00
trackb_cont_MEC_20260608,34.740002,,,,,36.5,32.759998,,,,,,1.2048,pending,,2026-06-16T13:15:11+00:00
trackb_cont_MEC_20260609,,,,,,36.5,32.799999,,,,,,-2.381,pending,,2026-06-16T13:15:11+00:00
trackb_cont_MEC_20260612,,,,,,36.5,33.779999,,,,,,-4.143,pending,,2026-06-16T13:15:11+00:00
trackb_cont_MEC_20260615,,,,,,36.0,33.779999,,,,,,-4.8049,pending,,2026-06-16T13:15:11+00:00
trackb_cont_MEC_20260616,,,,,,,,,,,,,,pending,,2026-06-16T13:15:11+00:00
trackb_cont_MEDP_20260608,467.5,,,,,479.299988,450.059998,,,,,,-0.9224,pending,,2026-06-16T13:17:00+00:00
trackb_cont_MEDP_20260612,,,,,,479.299988,462.910004,,,,,,-2.5596,pending,,2026-06-16T13:17:00+00:00
trackb_cont_MEDP_20260615,,,,,,474.980011,462.910004,,,,,,-1.6947,pending,,2026-06-16T13:17:00+00:00
trackb_cont_MEDP_20260616,,,,,,,,,,,,,,pending,,2026-06-16T13:17:00+00:00
trackb_cont_METC_20260603,14.28,,,,,17.52,13.6,,,,,,-19.2639,pending,,2026-06-16T13:15:54+00:00
trackb_cont_METC_20260604,14.87,,,,,17.52,13.6,,,,,,-19.2639,pending,,2026-06-16T13:15:54+00:00
trackb_cont_METC_20260605,15.26,,,,,16.84,13.6,,,,,,-19.2639,pending,,2026-06-16T13:15:54+00:00
trackb_cont_METC_20260608,14.67,,,,,15.8,13.6,,,,,,-13.099,pending,,2026-06-16T13:15:54+00:00
trackb_cont_MET_20260603,86.129997,,,,,89.620003,80.510002,,,,,,-0.654,pending,,2026-06-16T13:16:55+00:00
trackb_cont_MET_20260604,87.580002,,,,,89.620003,81.849998,,,,,,0.9995,pending,,2026-06-16T13:16:55+00:00
trackb_cont_MET_20260605,88.839996,,,,,89.620003,83.220001,,,,,,2.69,pending,,2026-06-16T13:16:55+00:00
trackb_cont_MET_20260608,,,,,,89.620003,84.019997,,,,,,-0.5563,pending,,2026-06-16T13:16:55+00:00
trackb_cont_MET_20260615,,,,,,89.620003,87.589996,,,,,,-1.9917,pending,,2026-06-16T13:16:55+00:00
trackb_cont_MET_20260616,,,,,,,,,,,,,,pending,,2026-06-16T13:16:55+00:00
trackb_cont_MGM_20260603,46.91,,,,,49.810001,46.16,,,,,,-3.4108,pending,,2026-06-16T13:16:27+00:00
trackb_cont_MGM_20260604,47.220001,,,,,49.810001,46.16,,,,,,-3.4108,pending,,2026-06-16T13:16:27+00:00
trackb_cont_MGM_20260605,48.970001,,,,,49.810001,46.16,,,,,,-3.4108,pending,,2026-06-16T13:16:27+00:00
trackb_cont_MGM_20260608,,,,,,49.810001,46.16,,,,,,-2.8415,pending,,2026-06-16T13:16:27+00:00
trackb_cont_MGM_20260609,,,,,,49.810001,46.16,,,,,,-2.3276,pending,,2026-06-16T13:16:27+00:00
trackb_cont_MGM_20260616,,,,,,,,,,,,,,pending,,2026-06-16T13:16:27+00:00
trackb_cont_MGNI_20260603,15.67,,,,,17.139999,14.0,,,,,,-0.6388,pending,,2026-06-16T13:16:33+00:00
trackb_cont_MGNI_20260604,16.200001,,,,,17.139999,14.28,,,,,,1.3485,pending,,2026-06-16T13:16:33+00:00
trackb_cont_MGNI_20260605,16.25,,,,,17.139999,14.28,,,,,,1.3485,pending,,2026-06-16T13:16:33+00:00
trackb_cont_MGNI_20260608,16.75,,,,,17.139999,14.28,,,,,,-2.7248,pending,,2026-06-16T13:16:33+00:00
trackb_cont_MGNI_20260610,,,,,,17.139999,15.2,,,,,,3.8961,pending,,2026-06-16T13:16:33+00:00
trackb_cont_MGNI_20260615,,,,,,17.139999,15.94,,,,,,-2.4181,pending,,2026-06-16T13:16:33+00:00
trackb_cont_MGNI_20260616,,,,,,,,,,,,,,pending,,2026-06-16T13:16:33+00:00
trackb_cont_MG_20260612,,,,,,19.24,18.450001,,,,,,-0.9662,pending,,2026-06-16T13:18:08+00:00
trackb_cont_MG_20260615,,,,,,19.02,18.450001,,,,,,-1.9144,pending,,2026-06-16T13:18:08+00:00
trackb_cont_MG_20260616,,,,,,,,,,,,,,pending,,2026-06-16T13:18:08+00:00
trackb_cont_MHK_20260603,101.75,,,,,116.029999,101.269997,,,,,,-3.1326,pending,,2026-06-16T13:16:21+00:00
trackb_cont_MHK_20260604,109.349998,,,,,116.029999,101.269997,,,,,,-3.1326,pending,,2026-06-16T13:16:21+00:00
trackb_cont_MHK_20260605,107.639999,,,,,116.029999,101.269997,,,,,,-3.1326,pending,,2026-06-16T13:16:21+00:00
trackb_cont_MHK_20260608,,,,,,116.029999,101.269997,,,,,,-3.1326,pending,,2026-06-16T13:16:21+00:00
trackb_cont_MHK_20260616,,,,,,,,,,,,,,pending,,2026-06-16T13:16:21+00:00
trackb_cont_MHO_20260603,137.399994,,,,,144.740005,135.479996,,,,,,-0.4336,pending,,2026-06-16T13:16:03+00:00
trackb_cont_MHO_20260604,141.949997,,,,,144.740005,135.479996,,,,,,-0.4336,pending,,2026-06-16T13:16:03+00:00
trackb_cont_MHO_20260605,141.330002,,,,,144.740005,135.479996,,,,,,-0.4336,pending,,2026-06-16T13:16:03+00:00
trackb_cont_MHO_20260608,141.289993,,,,,144.740005,135.479996,,,,,,-1.3471,pending,,2026-06-16T13:16:03+00:00
trackb_cont_MHO_20260615,,,,,,144.740005,140.320007,,,,,,-2.8591,pending,,2026-06-16T13:16:03+00:00
trackb_cont_MHO_20260616,,,,,,,,,,,,,,pending,,2026-06-16T13:16:03+00:00
trackb_cont_MH_20260612,,,,,,12.395,10.2601,,,,,,-16.9895,pending,,2026-06-16T13:17:05+00:00
trackb_cont_MKSI_20260603,316.070007,,,,,377.660004,298.0,,,,,,-11.7769,pending,,2026-06-16T13:16:00+00:00
trackb_cont_MKSI_20260604,345.320007,,,,,377.660004,298.0,,,,,,-11.7769,pending,,2026-06-16T13:16:00+00:00
trackb_cont_MKSI_20260605,355.690002,,,,,377.660004,298.0,,,,,,-11.7769,pending,,2026-06-16T13:16:00+00:00
trackb_cont_MKSI_20260608,,,,,,377.660004,298.0,,,,,,-1.21,pending,,2026-06-16T13:16:00+00:00
trackb_cont_MKSI_20260616,,,,,,,,,,,,,,pending,,2026-06-16T13:16:00+00:00
trackb_cont_MLAB_20260603,107.220001,,,,,113.989998,101.68,,,,,,-0.3821,pending,,2026-06-16T13:16:08+00:00
trackb_cont_MLAB_20260604,107.349998,,,,,113.989998,101.790001,,,,,,-0.2743,pending,,2026-06-16T13:16:08+00:00
trackb_cont_MLAB_20260605,105.480003,,,,,113.989998,101.790001,,,,,,-0.2743,pending,,2026-06-16T13:16:08+00:00
trackb_cont_MLAB_20260608,104.080002,,,,,113.989998,101.790001,,,,,,-2.0214,pending,,2026-06-16T13:16:08+00:00
trackb_cont_MLAB_20260609,,,,,,113.989998,101.790001,,,,,,-6.1497,pending,,2026-06-16T13:16:08+00:00
trackb_cont_MLAB_20260611,,,,,,110.139999,101.790001,,,,,,-5.0644,pending,,2026-06-16T13:16:08+00:00
trackb_cont_MLAB_20260612,,,,,,110.139999,101.790001,,,,,,-5.1793,pending,,2026-06-16T13:16:08+00:00
trackb_cont_MLAB_20260616,,,,,,,,,,,,,,pending,,2026-06-16T13:16:08+00:00
trackb_cont_MLKN_20260616,,,,,,,,,,,,,,pending,,2026-06-16T13:17:22+00:00
trackb_cont_MMI_20260603,30.360001,,,,,30.99,28.75,,,,,,-0.4846,pending,,2026-06-16T13:16:25+00:00
trackb_cont_MMI_20260604,30.33,,,,,30.99,29.209999,,,,,,1.1076,pending,,2026-06-16T13:16:25+00:00
trackb_cont_MMI_20260605,30.16,,,,,30.99,29.209999,,,,,,1.1076,pending,,2026-06-16T13:16:25+00:00
trackb_cont_MMI_20260608,29.42,,,,,30.99,29.209999,,,,,,-2.9568,pending,,2026-06-16T13:16:25+00:00
trackb_cont_MMI_20260610,,,,,,30.889999,29.209999,,,,,,-2.9246,pending,,2026-06-16T13:16:25+00:00
trackb_cont_MMI_20260612,,,,,,30.889999,29.209999,,,,,,-3.6927,pending,,2026-06-16T13:16:25+00:00
trackb_cont_MMI_20260615,,,,,,30.629999,29.209999,,,,,,-3.7879,pending,,2026-06-16T13:16:25+00:00
trackb_cont_MMI_20260616,,,,,,,,,,,,,,pending,,2026-06-16T13:16:25+00:00
trackb_cont_MMM_20260603,156.850006,,,,,163.009995,151.509995,,,,,,-0.9933,pending,,2026-06-16T13:16:42+00:00
trackb_cont_MMM_20260604,157.910004,,,,,163.009995,151.720001,,,,,,-0.856,pending,,2026-06-16T13:16:42+00:00
trackb_cont_MMM_20260605,158.320007,,,,,163.009995,151.720001,,,,,,-0.856,pending,,2026-06-16T13:16:42+00:00
trackb_cont_MMM_20260608,,,,,,163.009995,151.720001,,,,,,-1.3267,pending,,2026-06-16T13:16:42+00:00
trackb_cont_MMM_20260610,,,,,,163.009995,151.720001,,,,,,-1.3845,pending,,2026-06-16T13:16:42+00:00
trackb_cont_MMM_20260615,,,,,,162.320007,157.210007,,,,,,-2.6443,pending,,2026-06-16T13:16:42+00:00
trackb_cont_MMM_20260616,,,,,,,,,,,,,,pending,,2026-06-16T13:16:42+00:00
trackb_cont_MMSI_20260611,,,,,,67.629997,65.900002,,,,,,-1.6271,pending,,2026-06-16T13:17:04+00:00
trackb_cont_MMSI_20260616,,,,,,,,,,,,,,pending,,2026-06-16T13:17:04+00:00
trackb_cont_MNST_20260603,91.209999,,,,,93.300003,87.839996,,,,,,-1.2035,pending,,2026-06-16T13:15:50+00:00
trackb_cont_MNST_20260604,92.029999,,,,,93.300003,87.910004,,,,,,-1.1247,pending,,2026-06-16T13:15:50+00:00
trackb_cont_MNST_20260605,92.830002,,,,,93.300003,87.910004,,,,,,-1.1247,pending,,2026-06-16T13:15:50+00:00
trackb_cont_MNST_20260608,93.230003,,,,,93.300003,87.910004,,,,,,-1.8314,pending,,2026-06-16T13:15:50+00:00
trackb_cont_MNST_20260610,,,,,,93.300003,90.089996,,,,,,1.8311,pending,,2026-06-16T13:15:50+00:00
trackb_cont_MNST_20260611,,,,,,93.300003,91.199997,,,,,,-0.011,pending,,2026-06-16T13:15:50+00:00
trackb_cont_MNST_20260616,,,,,,,,,,,,,,pending,,2026-06-16T13:15:50+00:00
trackb_cont_MOD_20260603,258.170013,,,,,318.609985,251.380005,,,,,,-18.5787,pending,,2026-06-16T13:16:19+00:00
trackb_cont_MOD_20260604,271.51001,,,,,304.809998,251.380005,,,,,,-18.5787,pending,,2026-06-16T13:16:19+00:00
trackb_cont_MOD_20260605,274.5,,,,,291.950012,251.380005,,,,,,-18.5787,pending,,2026-06-16T13:16:19+00:00
trackb_cont_MOD_20260608,,,,,,291.744995,251.380005,,,,,,-18.5787,pending,,2026-06-16T13:16:19+00:00
trackb_cont_MOH_20260609,,,,,,204.949997,190.210007,,,,,,-4.1329,pending,,2026-06-16T13:17:27+00:00
trackb_cont_MOH_20260616,,,,,,,,,,,,,,pending,,2026-06-16T13:17:27+00:00
trackb_cont_MO_20260612,,,,,,72.019997,69.220001,,,,,,-3.0668,pending,,2026-06-16T13:18:08+00:00
trackb_cont_MPC_20260603,263.279999,,,,,272.459991,248.744995,,,,,,-8.0187,pending,,2026-06-16T13:15:30+00:00
trackb_cont_MPC_20260604,260.809998,,,,,271.279999,248.744995,,,,,,-8.0187,pending,,2026-06-16T13:15:30+00:00
trackb_cont_MPC_20260605,263.579987,,,,,271.279999,248.744995,,,,,,-8.0187,pending,,2026-06-16T13:15:30+00:00
trackb_cont_MPC_20260608,,,,,,271.279999,248.744995,,,,,,-8.0187,pending,,2026-06-16T13:15:30+00:00
trackb_cont_MPC_20260616,,,,,,,,,,,,,,pending,,2026-06-16T13:15:30+00:00
trackb_cont_MPLX_20260609,,,,,,57.68,55.580002,,,,,,-1.4714,pending,,2026-06-16T13:17:30+00:00
trackb_cont_MPLX_20260610,,,,,,57.68,55.580002,,,,,,-1.4714,pending,,2026-06-16T13:17:30+00:00
trackb_cont_MPLX_20260611,,,,,,57.68,55.580002,,,,,,-1.4364,pending,,2026-06-16T13:17:30+00:00
trackb_cont_MPLX_20260612,,,,,,57.68,55.580002,,,,,,-1.6109,pending,,2026-06-16T13:17:30+00:00
trackb_cont_MPLX_20260615,,,,,,56.93,55.580002,,,,,,-1.4102,pending,,2026-06-16T13:17:30+00:00
trackb_cont_MPLX_20260616,,,,,,,,,,,,,,pending,,2026-06-16T13:17:30+00:00
trackb_cont_MPWR_20260603,1473.040039,,,,,1697.349976,1405.0,,,,,,-15.3114,pending,,2026-06-16T13:16:58+00:00
trackb_cont_MPWR_20260604,1589.550049,,,,,1666.689941,1405.0,,,,,,-15.3114,pending,,2026-06-16T13:16:58+00:00
trackb_cont_MPWR_20260605,1577.319946,,,,,1666.640015,1405.0,,,,,,-15.3114,pending,,2026-06-16T13:16:58+00:00
trackb_cont_MPWR_20260608,,,,,,1666.640015,1405.0,,,,,,-15.3114,pending,,2026-06-16T13:16:58+00:00
trackb_cont_MP_20260603,53.450001,,,,,71.926003,52.419998,,,,,,-23.6528,pending,,2026-06-16T13:16:26+00:00
trackb_cont_MP_20260604,57.18,,,,,67.25,52.419998,,,,,,-23.6528,pending,,2026-06-16T13:16:26+00:00
trackb_cont_MP_20260605,57.549999,,,,,64.150002,52.419998,,,,,,-23.6528,pending,,2026-06-16T13:16:26+00:00
trackb_cont_MP_20260608,58.259998,,,,,60.91,52.419998,,,,,,-23.6528,pending,,2026-06-16T13:16:26+00:00
trackb_cont_MRNA_20260616,,,,,,,,,,,,,,pending,,2026-06-16T13:18:32+00:00
trackb_cont_MRP_20260608,,,,,,29.719999,28.75,,,,,,-0.6222,pending,,2026-06-16T13:17:17+00:00
trackb_cont_MRP_20260610,,,,,,29.719999,28.75,,,,,,-0.519,pending,,2026-06-16T13:17:17+00:00
trackb_cont_MRP_20260611,,,,,,29.719999,28.75,,,,,,-0.1736,pending,,2026-06-16T13:17:17+00:00
trackb_cont_MRP_20260616,,,,,,,,,,,,,,pending,,2026-06-16T13:17:17+00:00
trackb_cont_MRSH_20260616,,,,,,,,,,,,,,pending,,2026-06-16T13:18:39+00:00
trackb_cont_MRTN_20260603,17.690001,,,,,18.48,17.309999,,,,,,-1.9263,pending,,2026-06-16T13:15:18+00:00
trackb_cont_MRTN_20260604,18.280001,,,,,18.48,17.35,,,,,,-1.6997,pending,,2026-06-16T13:15:18+00:00
trackb_cont_MRTN_20260605,18.16,,,,,18.48,17.35,,,,,,-1.6997,pending,,2026-06-16T13:15:18+00:00
trackb_cont_MRTN_20260608,,,,,,18.48,17.35,,,,,,-1.6997,pending,,2026-06-16T13:15:18+00:00
trackb_cont_MRTN_20260609,,,,,,18.48,17.35,,,,,,-4.0907,pending,,2026-06-16T13:15:18+00:00
trackb_cont_MRTN_20260616,,,,,,,,,,,,,,pending,,2026-06-16T13:15:18+00:00
trackb_cont_MRVL_20260603,252.589996,,,,,324.200012,244.0,,,,,,-19.6655,pending,,2026-06-16T13:15:11+00:00
trackb_cont_MRVL_20260604,280.709991,,,,,321.5,244.0,,,,,,-19.6655,pending,,2026-06-16T13:15:11+00:00
trackb_cont_MRVL_20260605,279.700012,,,,,312.979889,244.0,,,,,,-19.6655,pending,,2026-06-16T13:15:11+00:00
trackb_cont_MRVL_20260608,,,,,,312.979889,244.0,,,,,,-19.6655,pending,,2026-06-16T13:15:11+00:00
trackb_cont_MRVL_20260616,,,,,,,,,,,,,,pending,,2026-06-16T13:15:11+00:00
trackb_cont_MSCI_20260603,608.52002,,,,,627.440002,588.309998,,,,,,-5.4191,pending,,2026-06-16T13:16:11+00:00
trackb_cont_MSCI_20260604,594.309998,,,,,627.440002,588.309998,,,,,,-5.4191,pending,,2026-06-16T13:16:11+00:00
trackb_cont_MSCI_20260605,599.119995,,,,,624.890015,588.309998,,,,,,-5.4191,pending,,2026-06-16T13:16:11+00:00
trackb_cont_MSCI_20260608,,,,,,615.450012,588.309998,,,,,,-5.4191,pending,,2026-06-16T13:16:11+00:00
trackb_cont_MSEX_20260603,53.720001,,,,,54.970001,51.759998,,,,,,-1.4283,pending,,2026-06-16T13:15:46+00:00
trackb_cont_MSEX_20260604,52.459999,,,,,54.970001,52.040001,,,,,,-0.8951,pending,,2026-06-16T13:15:46+00:00
trackb_cont_MSEX_20260605,52.950001,,,,,54.970001,52.040001,,,,,,-0.8951,pending,,2026-06-16T13:15:46+00:00
trackb_cont_MSEX_20260608,,,,,,54.970001,52.040001,,,,,,-0.8951,pending,,2026-06-16T13:15:46+00:00
trackb_cont_MSEX_20260609,,,,,,54.970001,52.040001,,,,,,-1.1022,pending,,2026-06-16T13:15:46+00:00
trackb_cont_MSEX_20260611,,,,,,54.73,52.040001,,,,,,-3.1273,pending,,2026-06-16T13:15:46+00:00
trackb_cont_MSEX_20260612,,,,,,53.639999,52.040001,,,,,,-0.8006,pending,,2026-06-16T13:15:46+00:00
trackb_cont_MSGS_20260603,386.369995,,,,,397.0,366.390015,,,,,,-4.0261,pending,,2026-06-16T13:15:16+00:00
trackb_cont_MSGS_20260604,393.679993,,,,,397.0,366.390015,,,,,,-4.0261,pending,,2026-06-16T13:15:16+00:00
trackb_cont_MSGS_20260605,384.679993,,,,,397.0,366.390015,,,,,,-4.0261,pending,,2026-06-16T13:15:16+00:00
trackb_cont_MSGS_20260608,380.0,,,,,397.0,366.390015,,,,,,-4.0261,pending,,2026-06-16T13:15:16+00:00
trackb_cont_MSGS_20260616,,,,,,,,,,,,,,pending,,2026-06-16T13:15:16+00:00
trackb_cont_MSM_20260603,115.160004,,,,,119.129997,113.529999,,,,,,-2.3146,pending,,2026-06-16T13:15:27+00:00
trackb_cont_MSM_20260604,115.57,,,,,119.129997,114.050003,,,,,,-1.8671,pending,,2026-06-16T13:15:27+00:00
trackb_cont_MSM_20260605,116.690002,,,,,119.129997,114.050003,,,,,,-1.8671,pending,,2026-06-16T13:15:27+00:00
trackb_cont_MSM_20260608,114.220001,,,,,119.129997,114.050003,,,,,,-1.8671,pending,,2026-06-16T13:15:27+00:00
trackb_cont_MSM_20260609,,,,,,119.129997,114.050003,,,,,,-1.3323,pending,,2026-06-16T13:15:27+00:00
trackb_cont_MSM_20260610,,,,,,118.5,114.050003,,,,,,-1.3323,pending,,2026-06-16T13:15:27+00:00
trackb_cont_MSM_20260612,,,,,,117.900002,114.050003,,,,,,-1.3152,pending,,2026-06-16T13:15:27+00:00
trackb_cont_MSM_20260615,,,,,,117.900002,114.050003,,,,,,-2.3335,pending,,2026-06-16T13:15:27+00:00
trackb_cont_MSM_20260616,,,,,,,,,,,,,,pending,,2026-06-16T13:15:27+00:00
trackb_cont_MS_20260603,206.660004,,,,,220.600006,205.830002,,,,,,-1.8736,pending,,2026-06-16T13:15:34+00:00
trackb_cont_MS_20260604,212.660004,,,,,220.600006,205.830002,,,,,,-1.8736,pending,,2026-06-16T13:15:34+00:00
trackb_cont_MS_20260605,214.039993,,,,,220.600006,205.830002,,,,,,-1.8736,pending,,2026-06-16T13:15:34+00:00
trackb_cont_MS_20260608,,,,,,220.600006,205.830002,,,,,,-1.8736,pending,,2026-06-16T13:15:34+00:00
trackb_cont_MS_20260609,,,,,,220.600006,205.830002,,,,,,-3.0202,pending,,2026-06-16T13:15:34+00:00
trackb_cont_MS_20260610,,,,,,220.600006,205.830002,,,,,,-3.0202,pending,,2026-06-16T13:15:34+00:00
trackb_cont_MS_20260615,,,,,,220.600006,216.850006,,,,,,-1.0021,pending,,2026-06-16T13:15:34+00:00
trackb_cont_MS_20260616,,,,,,,,,,,,,,pending,,2026-06-16T13:15:34+00:00
trackb_cont_MTB_20260603,223.929993,,,,,233.229996,213.679993,,,,,,-0.2591,pending,,2026-06-16T13:15:23+00:00
trackb_cont_MTB_20260604,227.820007,,,,,233.229996,216.770004,,,,,,1.1833,pending,,2026-06-16T13:15:23+00:00
trackb_cont_MTB_20260605,231.880005,,,,,233.229996,221.889999,,,,,,3.5732,pending,,2026-06-16T13:15:23+00:00
trackb_cont_MTB_20260608,,,,,,233.229996,222.110001,,,,,,3.6759,pending,,2026-06-16T13:15:23+00:00
trackb_cont_MTB_20260611,,,,,,233.229996,222.820007,,,,,,-0.4957,pending,,2026-06-16T13:15:23+00:00
trackb_cont_MTB_20260616,,,,,,,,,,,,,,pending,,2026-06-16T13:15:23+00:00
trackb_cont_MTH_20260603,70.559998,,,,,76.480003,66.769997,,,,,,-0.758,pending,,2026-06-16T13:16:29+00:00
trackb_cont_MTH_20260604,73.589996,,,,,76.480003,67.540001,,,,,,0.3864,pending,,2026-06-16T13:16:29+00:00
trackb_cont_MTH_20260605,74.440002,,,,,76.480003,67.540001,,,,,,0.3864,pending,,2026-06-16T13:16:29+00:00
trackb_cont_MTH_20260608,,,,,,76.480003,67.959999,,,,,,-0.5415,pending,,2026-06-16T13:16:29+00:00
trackb_cont_MTH_20260609,,,,,,76.480003,69.150002,,,,,,1.3335,pending,,2026-06-16T13:16:29+00:00
trackb_cont_MTH_20260610,,,,,,76.480003,70.07,,,,,,2.6817,pending,,2026-06-16T13:16:29+00:00
trackb_cont_MTH_20260616,,,,,,,,,,,,,,pending,,2026-06-16T13:16:29+00:00
trackb_cont_MTN_20260603,135.889999,,,,,139.5,125.709999,,,,,,-6.8746,pending,,2026-06-16T13:15:46+00:00
trackb_cont_MTN_20260604,136.339996,,,,,139.5,125.709999,,,,,,-6.8746,pending,,2026-06-16T13:15:46+00:00
trackb_cont_MTN_20260605,133.309998,,,,,139.5,125.709999,,,,,,-6.8746,pending,,2026-06-16T13:15:46+00:00
trackb_cont_MTN_20260608,134.399994,,,,,139.5,125.709999,,,,,,-6.8746,pending,,2026-06-16T13:15:46+00:00
trackb_cont_MTN_20260610,,,,,,138.889999,130.440002,,,,,,-4.934,pending,,2026-06-16T13:15:46+00:00
trackb_cont_MTRN_20260603,224.050003,,,,,257.140015,218.100006,,,,,,-4.1614,pending,,2026-06-16T13:15:39+00:00
trackb_cont_MTRN_20260604,246.0,,,,,257.140015,218.100006,,,,,,-4.1614,pending,,2026-06-16T13:15:39+00:00
trackb_cont_MTRN_20260605,247.259995,,,,,257.140015,218.259995,,,,,,-4.0911,pending,,2026-06-16T13:15:39+00:00
trackb_cont_MTRN_20260608,,,,,,257.140015,219.960007,,,,,,-3.344,pending,,2026-06-16T13:15:39+00:00
trackb_cont_MTRN_20260611,,,,,,257.140015,227.949997,,,,,,1.7407,pending,,2026-06-16T13:15:39+00:00
trackb_cont_MTRN_20260612,,,,,,257.140015,244.529999,,,,,,-0.5976,pending,,2026-06-16T13:15:39+00:00
trackb_cont_MTRN_20260615,,,,,,254.5,244.669998,,,,,,-3.3422,pending,,2026-06-16T13:15:39+00:00
trackb_cont_MTRN_20260616,,,,,,,,,,,,,,pending,,2026-06-16T13:15:39+00:00
trackb_cont_MTSI_20260603,354.399994,,,,,399.0,333.149994,,,,,,-14.9455,pending,,2026-06-16T13:16:53+00:00
trackb_cont_MTSI_20260604,374.76001,,,,,399.0,333.149994,,,,,,-14.9455,pending,,2026-06-16T13:16:53+00:00
trackb_cont_MTSI_20260605,379.869995,,,,,399.0,333.149994,,,,,,-14.9455,pending,,2026-06-16T13:16:53+00:00
trackb_cont_MTUS_20260603,19.77,,,,,21.209999,19.469999,,,,,,-2.8201,pending,,2026-06-16T13:15:21+00:00
trackb_cont_MTUS_20260604,20.700001,,,,,21.209999,19.469999,,,,,,-2.8201,pending,,2026-06-16T13:15:21+00:00
trackb_cont_MTUS_20260605,20.48,,,,,21.209999,19.469999,,,,,,-2.8201,pending,,2026-06-16T13:15:21+00:00
trackb_cont_MTUS_20260608,20.1,,,,,21.209999,19.469999,,,,,,-0.9664,pending,,2026-06-16T13:15:21+00:00
trackb_cont_MTUS_20260609,,,,,,21.209999,19.469999,,,,,,-0.916,pending,,2026-06-16T13:15:21+00:00
trackb_cont_MTUS_20260610,,,,,,21.209999,19.73,,,,,,0.4071,pending,,2026-06-16T13:15:21+00:00
trackb_cont_MTUS_20260616,,,,,,,,,,,,,,pending,,2026-06-16T13:15:21+00:00
trackb_cont_MUSA_20260612,,,,,,624.25,577.400024,,,,,,-7.1809,pending,,2026-06-16T13:18:04+00:00
trackb_cont_MUSA_20260616,,,,,,,,,,,,,,pending,,2026-06-16T13:18:04+00:00
trackb_cont_MU_20260603,891.880005,,,,,1097.469971,854.349976,,,,,,-19.26,pending,,2026-06-16T13:15:15+00:00
trackb_cont_MU_20260604,995.869995,,,,,1097.469971,854.349976,,,,,,-19.26,pending,,2026-06-16T13:15:15+00:00
trackb_cont_MU_20260605,981.609985,,,,,1097.469971,854.349976,,,,,,-19.26,pending,,2026-06-16T13:15:15+00:00
trackb_cont_MU_20260608,,,,,,1097.469971,854.349976,,,,,,-1.118,pending,,2026-06-16T13:15:15+00:00
trackb_cont_MU_20260615,,,,,,1097.469971,1051.500122,,,,,,-0.5373,pending,,2026-06-16T13:15:15+00:00
trackb_cont_MU_20260616,,,,,,,,,,,,,,pending,,2026-06-16T13:15:15+00:00
trackb_cont_MYE_20260603,24.99,,,,,27.860001,22.940001,,,,,,-2.5902,pending,,2026-06-16T13:16:32+00:00
trackb_cont_MYE_20260604,26.450001,,,,,27.860001,23.27,,,,,,-1.189,pending,,2026-06-16T13:16:32+00:00
trackb_cont_MYE_20260605,27.1,,,,,27.860001,23.280001,,,,,,-1.1465,pending,,2026-06-16T13:16:32+00:00
trackb_cont_MYE_20260608,,,,,,27.860001,23.91,,,,,,1.5287,pending,,2026-06-16T13:16:32+00:00
trackb_cont_MYE_20260609,,,,,,27.860001,24.9,,,,,,1.1784,pending,,2026-06-16T13:16:32+00:00
trackb_cont_MYE_20260611,,,,,,27.860001,25.190001,,,,,,0.8003,pending,,2026-06-16T13:16:32+00:00
trackb_cont_MYE_20260612,,,,,,27.860001,26.440001,,,,,,-0.0378,pending,,2026-06-16T13:16:32+00:00
trackb_cont_MYE_20260615,,,,,,27.860001,26.440001,,,,,,-4.8579,pending,,2026-06-16T13:16:32+00:00
trackb_cont_MYE_20260616,,,,,,,,,,,,,,pending,,2026-06-16T13:16:32+00:00
trackb_cont_MYPS_20260603,0.558,,,,,0.673,0.51,,,,,,-5.4855,pending,,2026-06-16T13:15:59+00:00
trackb_cont_MYPS_20260604,0.59,,,,,0.673,0.511,,,,,,-5.3002,pending,,2026-06-16T13:15:59+00:00
trackb_cont_MYPS_20260605,0.592,,,,,0.673,0.515,,,,,,-4.5589,pending,,2026-06-16T13:15:59+00:00
trackb_cont_MYPS_20260610,,,,,,0.673,0.515,,,,,,-13.0068,pending,,2026-06-16T13:15:59+00:00
trackb_cont_NBIX_20260603,160.860001,,,,,169.570007,155.119995,,,,,,-5.137,pending,,2026-06-16T13:16:47+00:00
trackb_cont_NBIX_20260604,162.710007,,,,,169.570007,156.699997,,,,,,-4.1707,pending,,2026-06-16T13:16:47+00:00
trackb_cont_NBIX_20260605,159.759995,,,,,169.389999,156.699997,,,,,,-4.1707,pending,,2026-06-16T13:16:47+00:00
trackb_cont_NBIX_20260608,,,,,,169.389999,156.699997,,,,,,-4.1707,pending,,2026-06-16T13:16:47+00:00
trackb_cont_NBIX_20260609,,,,,,169.389999,156.699997,,,,,,-3.9358,pending,,2026-06-16T13:16:47+00:00
trackb_cont_NBIX_20260610,,,,,,169.389999,156.699997,,,,,,-3.9358,pending,,2026-06-16T13:16:47+00:00
trackb_cont_NB_20260603,4.84,,,,,6.17,4.765,,,,,,-18.8936,pending,,2026-06-16T13:15:55+00:00
trackb_cont_NB_20260604,5.42,,,,,5.96,4.765,,,,,,-18.8936,pending,,2026-06-16T13:15:55+00:00
trackb_cont_NB_20260605,5.4,,,,,5.765,4.765,,,,,,-18.8936,pending,,2026-06-16T13:15:55+00:00
trackb_cont_NCLH_20260608,20.139999,,,,,20.59,17.700001,,,,,,-5.6,pending,,2026-06-16T13:17:06+00:00
trackb_cont_NCLH_20260609,,,,,,20.59,17.700001,,,,,,-4.5822,pending,,2026-06-16T13:17:06+00:00
trackb_cont_NCLH_20260610,,,,,,20.59,17.700001,,,,,,-4.5822,pending,,2026-06-16T13:17:06+00:00
trackb_cont_NCLH_20260611,,,,,,20.59,17.700001,,,,,,-1.2277,pending,,2026-06-16T13:17:06+00:00
trackb_cont_NCLH_20260615,,,,,,20.59,20.02,,,,,,-2.3891,pending,,2026-06-16T13:17:06+00:00
trackb_cont_NCLH_20260616,,,,,,,,,,,,,,pending,,2026-06-16T13:17:06+00:00
trackb_cont_NCMI_20260603,3.57,,,,,3.69,3.48,,,,,,-2.1097,pending,,2026-06-16T13:16:04+00:00
trackb_cont_NCMI_20260604,3.58,,,,,3.69,3.5,,,,,,-1.5471,pending,,2026-06-16T13:16:04+00:00
trackb_cont_NCMI_20260605,3.63,,,,,3.69,3.5,,,,,,-1.5471,pending,,2026-06-16T13:16:04+00:00
trackb_cont_NCMI_20260608,,,,,,3.69,3.53,,,,,,-0.7032,pending,,2026-06-16T13:16:04+00:00
trackb_cont_NCMI_20260612,,,,,,3.69,3.5543,,,,,,-0.7179,pending,,2026-06-16T13:16:04+00:00
trackb_cont_NCMI_20260616,,,,,,,,,,,,,,pending,,2026-06-16T13:16:04+00:00
trackb_cont_NESR_20260615,,,,,,27.690001,25.950001,,,,,,-4.5605,pending,,2026-06-16T13:18:19+00:00
trackb_cont_NESR_20260616,,,,,,,,,,,,,,pending,,2026-06-16T13:18:19+00:00
trackb_cont_NET_20260603,219.669998,,,,,276.815002,216.5,,,,,,-17.0816,pending,,2026-06-16T13:15:13+00:00
trackb_cont_NET_20260604,227.440002,,,,,276.815002,216.5,,,,,,-17.0816,pending,,2026-06-16T13:15:13+00:00
trackb_cont_NET_20260605,228.479996,,,,,268.820007,216.5,,,,,,-17.0816,pending,,2026-06-16T13:15:13+00:00
trackb_cont_NET_20260608,235.710007,,,,,254.699997,216.5,,,,,,-13.4381,pending,,2026-06-16T13:15:13+00:00
trackb_cont_NEU_20260603,823.940002,,,,,850.340027,769.169983,,,,,,-2.2177,pending,,2026-06-16T13:16:11+00:00
trackb_cont_NEU_20260604,840.179993,,,,,850.340027,775.719971,,,,,,-1.3851,pending,,2026-06-16T13:16:11+00:00
trackb_cont_NEU_20260605,833.330017,,,,,850.340027,780.940002,,,,,,-0.7214,pending,,2026-06-16T13:16:11+00:00
trackb_cont_NEU_20260608,,,,,,850.340027,791.090027,,,,,,0.5689,pending,,2026-06-16T13:16:11+00:00
trackb_cont_NEU_20260609,,,,,,850.340027,800.909973,,,,,,-0.2603,pending,,2026-06-16T13:16:11+00:00
trackb_cont_NEU_20260611,,,,,,850.340027,814.680115,,,,,,-1.1239,pending,,2026-06-16T13:16:11+00:00
trackb_cont_NEU_20260616,,,,,,,,,,,,,,pending,,2026-06-16T13:16:11+00:00
trackb_cont_NGVC_20260603,31.450001,,,,,31.940001,28.280001,,,,,,-1.2052,pending,,2026-06-16T13:16:44+00:00
trackb_cont_NGVC_20260604,31.35,,,,,31.940001,28.280001,,,,,,-1.2052,pending,,2026-06-16T13:16:44+00:00
trackb_cont_NGVC_20260605,31.58,,,,,31.940001,28.780001,,,,,,0.5415,pending,,2026-06-16T13:16:44+00:00
trackb_cont_NGVC_20260608,30.65,,,,,31.940001,29.42,,,,,,2.7773,pending,,2026-06-16T13:16:44+00:00
trackb_cont_NGVC_20260610,,,,,,31.940001,30.59,,,,,,1.6279,pending,,2026-06-16T13:16:44+00:00
trackb_cont_NGVC_20260612,,,,,,31.92,30.59,,,,,,-2.4242,pending,,2026-06-16T13:16:44+00:00
trackb_cont_NGVC_20260616,,,,,,,,,,,,,,pending,,2026-06-16T13:16:44+00:00
trackb_cont_NHC_20260616,,,,,,,,,,,,,,pending,,2026-06-16T13:18:44+00:00
trackb_cont_NIXX_20260603,0.8897,,,,,1.13,0.69,,,,,,-3.6716,pending,,2026-06-16T13:16:52+00:00
trackb_cont_NIXX_20260604,0.9098,,,,,1.13,0.69,,,,,,-3.6716,pending,,2026-06-16T13:16:52+00:00
trackb_cont_NIXX_20260605,0.87,,,,,1.13,0.69,,,,,,-3.6716,pending,,2026-06-16T13:16:52+00:00
trackb_cont_NIXX_20260608,0.8749,,,,,1.13,0.69,,,,,,-18.2948,pending,,2026-06-16T13:16:52+00:00
trackb_cont_NIXX_20260612,,,,,,1.13,0.781,,,,,,-14.157,pending,,2026-06-16T13:16:52+00:00
trackb_cont_NIXX_20260615,,,,,,1.13,0.781,,,,,,-24.9038,pending,,2026-06-16T13:16:52+00:00
trackb_cont_NIXX_20260616,,,,,,,,,,,,,,pending,,2026-06-16T13:16:52+00:00
trackb_cont_NMAX_20260603,8.97,,,,,10.0,7.67,,,,,,-8.0336,pending,,2026-06-16T13:15:32+00:00
trackb_cont_NMAX_20260604,8.76,,,,,10.0,7.67,,,,,,-8.0336,pending,,2026-06-16T13:15:32+00:00
trackb_cont_NMAX_20260605,8.19,,,,,9.674,7.67,,,,,,-8.0336,pending,,2026-06-16T13:15:32+00:00
trackb_cont_NMAX_20260608,,,,,,9.45,7.67,,,,,,-15.8068,pending,,2026-06-16T13:15:32+00:00
trackb_cont_NMAX_20260609,,,,,,9.45,7.67,,,,,,-13.7233,pending,,2026-06-16T13:15:32+00:00
trackb_cont_NMAX_20260610,,,,,,9.45,7.67,,,,,,-13.7233,pending,,2026-06-16T13:15:32+00:00
trackb_cont_NMAX_20260611,,,,,,9.154,7.67,,,,,,-14.4928,pending,,2026-06-16T13:15:32+00:00
trackb_cont_NMAX_20260612,,,,,,8.7,7.67,,,,,,-12.4429,pending,,2026-06-16T13:15:32+00:00
trackb_cont_NNBR_20260603,2.88,,,,,3.18,2.74,,,,,,-10.311,pending,,2026-06-16T13:15:43+00:00
trackb_cont_NNBR_20260604,2.98,,,,,3.1399,2.74,,,,,,-10.311,pending,,2026-06-16T13:15:43+00:00
trackb_cont_NNBR_20260605,3.0,,,,,3.1399,2.74,,,,,,-10.311,pending,,2026-06-16T13:15:43+00:00
trackb_cont_NNBR_20260608,,,,,,3.1399,2.74,,,,,,-10.311,pending,,2026-06-16T13:15:43+00:00
trackb_cont_NNBR_20260615,,,,,,3.1399,2.99,,,,,,-3.8585,pending,,2026-06-16T13:15:43+00:00
trackb_cont_NNBR_20260616,,,,,,,,,,,,,,pending,,2026-06-16T13:15:43+00:00
trackb_cont_NNN_20260609,,,,,,46.900002,45.32,,,,,,0.6887,pending,,2026-06-16T13:17:31+00:00
trackb_cont_NNN_20260611,,,,,,46.900002,45.845001,,,,,,-0.9827,pending,,2026-06-16T13:17:31+00:00
trackb_cont_NNN_20260615,,,,,,46.639999,45.845001,,,,,,-1.3874,pending,,2026-06-16T13:17:31+00:00
trackb_cont_NNN_20260616,,,,,,,,,,,,,,pending,,2026-06-16T13:17:31+00:00
trackb_cont_NOVT_20260603,154.580002,,,,,171.699997,150.100006,,,,,,-11.7422,pending,,2026-06-16T13:15:35+00:00
trackb_cont_NOVT_20260604,162.410004,,,,,171.419998,150.100006,,,,,,-11.7422,pending,,2026-06-16T13:15:35+00:00
trackb_cont_NOVT_20260605,160.529999,,,,,167.0,150.100006,,,,,,-11.7422,pending,,2026-06-16T13:15:35+00:00
trackb_cont_NOVT_20260608,,,,,,167.0,150.100006,,,,,,-11.7422,pending,,2026-06-16T13:15:35+00:00
trackb_cont_NOV_20260608,20.52,,,,,21.530001,20.379999,,,,,,1.1917,pending,,2026-06-16T13:17:14+00:00
trackb_cont_NOV_20260615,,,,,,21.030001,20.469999,,,,,,-1.4918,pending,,2026-06-16T13:17:14+00:00
trackb_cont_NOV_20260616,,,,,,,,,,,,,,pending,,2026-06-16T13:17:14+00:00
trackb_cont_NOW_20260603,106.059998,,,,,128.080002,98.419998,,,,,,-17.956,pending,,2026-06-16T13:16:34+00:00
trackb_cont_NOW_20260604,103.080002,,,,,124.800003,98.419998,,,,,,-17.956,pending,,2026-06-16T13:16:34+00:00
trackb_cont_NOW_20260605,102.150002,,,,,121.199997,98.419998,,,,,,-17.956,pending,,2026-06-16T13:16:34+00:00
trackb_cont_NOW_20260608,104.150002,,,,,115.360001,98.419998,,,,,,-17.956,pending,,2026-06-16T13:16:34+00:00
trackb_cont_NRGV_20260603,4.33,,,,,6.645,4.03,,,,,,-33.6079,pending,,2026-06-16T13:16:29+00:00
trackb_cont_NRGV_20260604,4.44,,,,,6.645,4.03,,,,,,-33.6079,pending,,2026-06-16T13:16:29+00:00
trackb_cont_NRGV_20260605,4.3,,,,,6.296,4.03,,,,,,-33.6079,pending,,2026-06-16T13:16:29+00:00
trackb_cont_NRGV_20260608,4.11,,,,,5.61,4.03,,,,,,-33.6079,pending,,2026-06-16T13:16:29+00:00
trackb_cont_NSA_20260616,,,,,,,,,,,,,,pending,,2026-06-16T13:18:40+00:00
trackb_cont_NSIT_20260603,109.080002,,,,,120.68,105.589996,,,,,,-6.1547,pending,,2026-06-16T13:15:31+00:00
trackb_cont_NSIT_20260604,110.580002,,,,,120.68,105.589996,,,,,,-6.1547,pending,,2026-06-16T13:15:31+00:00
trackb_cont_NSIT_20260605,111.050003,,,,,120.010002,105.589996,,,,,,-6.1547,pending,,2026-06-16T13:15:31+00:00
trackb_cont_NSIT_20260608,,,,,,113.730003,105.589996,,,,,,-4.9338,pending,,2026-06-16T13:15:31+00:00
trackb_cont_NSIT_20260609,,,,,,113.730003,105.589996,,,,,,-4.1311,pending,,2026-06-16T13:15:31+00:00
trackb_cont_NSP_20260603,37.0,,,,,38.299999,33.23,,,,,,-2.5799,pending,,2026-06-16T13:16:10+00:00
trackb_cont_NSP_20260604,37.68,,,,,38.299999,33.279999,,,,,,-2.4333,pending,,2026-06-16T13:16:10+00:00
trackb_cont_NSP_20260605,36.599998,,,,,38.299999,34.279999,,,,,,0.4984,pending,,2026-06-16T13:16:10+00:00
trackb_cont_NSP_20260615,,,,,,36.970001,35.119999,,,,,,-2.1318,pending,,2026-06-16T13:16:10+00:00
trackb_cont_NSP_20260616,,,,,,,,,,,,,,pending,,2026-06-16T13:16:10+00:00
trackb_cont_NTAP_20260603,160.660004,,,,,182.860001,156.410004,,,,,,-12.7663,pending,,2026-06-16T13:16:31+00:00
trackb_cont_NTAP_20260604,160.470001,,,,,180.0,156.410004,,,,,,-12.7663,pending,,2026-06-16T13:16:31+00:00
trackb_cont_NTAP_20260605,161.610001,,,,,177.619995,156.410004,,,,,,-12.7663,pending,,2026-06-16T13:16:31+00:00
trackb_cont_NTAP_20260608,161.820007,,,,,172.050003,156.410004,,,,,,-6.3637,pending,,2026-06-16T13:16:31+00:00
trackb_cont_NTGR_20260603,23.92,,,,,27.16,23.459999,,,,,,-10.2525,pending,,2026-06-16T13:16:25+00:00
trackb_cont_NTGR_20260604,24.33,,,,,26.17,23.459999,,,,,,-10.2525,pending,,2026-06-16T13:16:25+00:00
trackb_cont_NTGR_20260605,24.5,,,,,25.74,23.459999,,,,,,-10.2525,pending,,2026-06-16T13:16:25+00:00
trackb_cont_NTGR_20260608,,,,,,25.299999,23.459999,,,,,,-10.2525,pending,,2026-06-16T13:16:25+00:00
trackb_cont_NTRA_20260611,,,,,,223.710007,208.794006,,,,,,-3.5594,pending,,2026-06-16T13:17:48+00:00
trackb_cont_NTRS_20260603,166.130005,,,,,176.080002,165.899994,,,,,,-0.5694,pending,,2026-06-16T13:15:20+00:00
trackb_cont_NTRS_20260604,170.75,,,,,176.080002,165.899994,,,,,,-0.5694,pending,,2026-06-16T13:15:20+00:00
trackb_cont_NTRS_20260605,174.339996,,,,,176.080002,165.899994,,,,,,-0.5694,pending,,2026-06-16T13:15:20+00:00
trackb_cont_NTRS_20260608,,,,,,176.080002,165.899994,,,,,,-2.6808,pending,,2026-06-16T13:15:20+00:00
trackb_cont_NTRS_20260609,,,,,,176.080002,165.899994,,,,,,-1.8982,pending,,2026-06-16T13:15:20+00:00
trackb_cont_NTRS_20260610,,,,,,176.080002,165.899994,,,,,,-1.8982,pending,,2026-06-16T13:15:20+00:00
trackb_cont_NTRS_20260616,,,,,,,,,,,,,,pending,,2026-06-16T13:15:20+00:00
trackb_cont_NTST_20260616,,,,,,,,,,,,,,pending,,2026-06-16T13:18:44+00:00
trackb_cont_NUE_20260603,250.490005,,,,,270.899994,245.330002,,,,,,-5.5442,pending,,2026-06-16T13:15:24+00:00
trackb_cont_NUE_20260604,260.899994,,,,,270.899994,245.330002,,,,,,-5.5442,pending,,2026-06-16T13:15:24+00:00
trackb_cont_NUE_20260605,266.350006,,,,,270.899994,245.330002,,,,,,-5.5442,pending,,2026-06-16T13:15:24+00:00
trackb_cont_NUE_20260608,,,,,,270.899994,245.330002,,,,,,-3.5615,pending,,2026-06-16T13:15:24+00:00
trackb_cont_NUE_20260609,,,,,,270.899994,245.330002,,,,,,-3.1847,pending,,2026-06-16T13:15:24+00:00
trackb_cont_NUE_20260611,,,,,,270.899994,252.690002,,,,,,0.8783,pending,,2026-06-16T13:15:24+00:00
trackb_cont_NUE_20260616,,,,,,,,,,,,,,pending,,2026-06-16T13:15:24+00:00
trackb_cont_NUTX_20260616,,,,,,,,,,,,,,pending,,2026-06-16T13:18:42+00:00
trackb_cont_NVRI_20260603,20.49,,,,,21.91,17.620001,,,,,,-3.8734,pending,,2026-06-16T13:15:07+00:00
trackb_cont_NVRI_20260604,21.129999,,,,,21.91,18.02,,,,,,-1.6912,pending,,2026-06-16T13:15:07+00:00
trackb_cont_NVRI_20260605,21.35,,,,,21.91,18.75,,,,,,2.2913,pending,,2026-06-16T13:15:07+00:00
trackb_cont_NVRI_20260608,,,,,,21.91,19.370001,,,,,,0.3627,pending,,2026-06-16T13:15:07+00:00
trackb_cont_NVRI_20260610,,,,,,21.91,20.190001,,,,,,1.5594,pending,,2026-06-16T13:15:07+00:00
trackb_cont_NVRI_20260612,,,,,,21.91,20.51,,,,,,-2.9342,pending,,2026-06-16T13:15:07+00:00
trackb_cont_NVRI_20260616,,,,,,,,,,,,,,pending,,2026-06-16T13:15:07+00:00
trackb_cont_NVTS_20260608,23.73,,,,,26.429001,20.27,,,,,,-19.1786,pending,,2026-06-16T13:17:18+00:00
trackb_cont_NWL_20260611,,,,,,5.03,4.26,,,,,,-4.9107,pending,,2026-06-16T13:17:47+00:00
trackb_cont_NWL_20260612,,,,,,5.03,4.6,,,,,,-0.4329,pending,,2026-06-16T13:17:47+00:00
trackb_cont_NWL_20260615,,,,,,5.03,4.72,,,,,,-6.0697,pending,,2026-06-16T13:17:47+00:00
trackb_cont_NWL_20260616,,,,,,,,,,,,,,pending,,2026-06-16T13:17:47+00:00
trackb_cont_NWPX_20260603,122.309998,,,,,133.800003,117.209999,,,,,,-2.2896,pending,,2026-06-16T13:16:22+00:00
trackb_cont_NWPX_20260604,129.220001,,,,,133.800003,117.209999,,,,,,-2.2896,pending,,2026-06-16T13:16:22+00:00
trackb_cont_NWPX_20260605,128.850006,,,,,133.800003,117.209999,,,,,,-2.2896,pending,,2026-06-16T13:16:22+00:00
trackb_cont_NWPX_20260608,,,,,,133.800003,118.510002,,,,,,-1.2059,pending,,2026-06-16T13:16:22+00:00
trackb_cont_NWPX_20260615,,,,,,133.800003,128.820007,,,,,,-3.722,pending,,2026-06-16T13:16:22+00:00
trackb_cont_NWPX_20260616,,,,,,,,,,,,,,pending,,2026-06-16T13:16:22+00:00
trackb_cont_NWSA_20260609,,,,,,27.620001,25.280001,,,,,,-6.578,pending,,2026-06-16T13:17:30+00:00
trackb_cont_NWS_20260612,,,,,,30.209999,28.780001,,,,,,-4.4806,pending,,2026-06-16T13:18:10+00:00
trackb_cont_NXT_20260603,111.949997,,,,,154.529999,109.790001,,,,,,-25.0324,pending,,2026-06-16T13:16:40+00:00
trackb_cont_NXT_20260604,119.68,,,,,152.425003,109.790001,,,,,,-25.0324,pending,,2026-06-16T13:16:40+00:00
trackb_cont_NXT_20260605,121.879997,,,,,146.339996,109.790001,,,,,,-25.0324,pending,,2026-06-16T13:16:40+00:00
trackb_cont_NXT_20260608,125.830002,,,,,135.796997,109.790001,,,,,,-25.0324,pending,,2026-06-16T13:16:40+00:00
trackb_cont_OC_20260616,,,,,,,,,,,,,,pending,,2026-06-16T13:18:45+00:00
trackb_cont_ODFL_20260603,235.949997,,,,,252.029999,223.630005,,,,,,-4.2024,pending,,2026-06-16T13:15:18+00:00
trackb_cont_ODFL_20260604,247.759995,,,,,252.029999,223.630005,,,,,,-4.2024,pending,,2026-06-16T13:15:18+00:00
trackb_cont_ODFL_20260605,245.75,,,,,252.029999,223.630005,,,,,,-4.2024,pending,,2026-06-16T13:15:18+00:00
trackb_cont_ODFL_20260608,,,,,,252.029999,223.630005,,,,,,-7.8081,pending,,2026-06-16T13:15:18+00:00
trackb_cont_ODFL_20260610,,,,,,248.940002,223.630005,,,,,,-9.4652,pending,,2026-06-16T13:15:18+00:00
trackb_cont_ODFL_20260612,,,,,,248.940002,235.020004,,,,,,-5.1421,pending,,2026-06-16T13:15:18+00:00
trackb_cont_ODFL_20260615,,,,,,244.389999,235.020004,,,,,,-2.8923,pending,,2026-06-16T13:15:18+00:00
trackb_cont_ODFL_20260616,,,,,,,,,,,,,,pending,,2026-06-16T13:15:18+00:00
trackb_cont_OII_20260603,39.299999,,,,,40.209999,36.700001,,,,,,-5.0453,pending,,2026-06-16T13:16:56+00:00
trackb_cont_OII_20260604,39.799999,,,,,40.209999,36.700001,,,,,,-5.0453,pending,,2026-06-16T13:16:56+00:00
trackb_cont_OII_20260605,39.389999,,,,,40.209999,36.700001,,,,,,-5.0453,pending,,2026-06-16T13:16:56+00:00
trackb_cont_OII_20260608,,,,,,40.209999,37.825001,,,,,,-2.1345,pending,,2026-06-16T13:16:56+00:00
trackb_cont_OII_20260611,,,,,,40.169998,37.825001,,,,,,-3.7532,pending,,2026-06-16T13:16:56+00:00
trackb_cont_OII_20260616,,,,,,,,,,,,,,pending,,2026-06-16T13:16:56+00:00
trackb_cont_OKLO_20260603,54.02,,,,,70.849998,53.009998,,,,,,-18.8704,pending,,2026-06-16T13:16:46+00:00
trackb_cont_OKLO_20260604,57.860001,,,,,66.57,53.009998,,,,,,-18.8704,pending,,2026-06-16T13:16:46+00:00
trackb_cont_OKLO_20260605,57.490002,,,,,64.809998,53.009998,,,,,,-18.8704,pending,,2026-06-16T13:16:46+00:00
trackb_cont_OKLO_20260608,60.740002,,,,,61.98,53.009998,,,,,,-18.8704,pending,,2026-06-16T13:16:46+00:00
trackb_cont_OKTA_20260603,114.919998,,,,,132.735001,113.260002,,,,,,-9.2977,pending,,2026-06-16T13:15:48+00:00
trackb_cont_OKTA_20260604,117.5,,,,,125.294998,113.260002,,,,,,-9.2977,pending,,2026-06-16T13:15:48+00:00
trackb_cont_OKTA_20260605,116.290001,,,,,123.990997,113.260002,,,,,,-9.2977,pending,,2026-06-16T13:15:48+00:00
trackb_cont_OKTA_20260608,118.120003,,,,,123.25,113.260002,,,,,,-4.5991,pending,,2026-06-16T13:15:48+00:00
trackb_cont_OLOX_20260603,7.31,,,,,10.666,6.01,,,,,,-36.6702,pending,,2026-06-16T13:16:28+00:00
trackb_cont_OLOX_20260604,6.7,,,,,8.25,6.01,,,,,,-36.6702,pending,,2026-06-16T13:16:28+00:00
trackb_cont_OLOX_20260605,6.46,,,,,8.016,6.01,,,,,,-36.6702,pending,,2026-06-16T13:16:28+00:00
trackb_cont_OLOX_20260608,6.32,,,,,8.016,6.01,,,,,,-36.6702,pending,,2026-06-16T13:16:28+00:00
trackb_cont_OMC_20260616,,,,,,,,,,,,,,pending,,2026-06-16T13:18:40+00:00
trackb_cont_OMDA_20260603,17.1,,,,,18.68,16.709999,,,,,,-3.7991,pending,,2026-06-16T13:16:31+00:00
trackb_cont_OMDA_20260604,17.73,,,,,18.68,16.709999,,,,,,-3.7991,pending,,2026-06-16T13:16:31+00:00
trackb_cont_OMDA_20260605,17.139999,,,,,18.653999,16.709999,,,,,,-3.7991,pending,,2026-06-16T13:16:31+00:00
trackb_cont_OMDA_20260608,,,,,,18.559999,16.709999,,,,,,-3.7991,pending,,2026-06-16T13:16:31+00:00
trackb_cont_OMDA_20260610,,,,,,18.040001,16.709999,,,,,,-6.5436,pending,,2026-06-16T13:16:31+00:00
trackb_cont_OMF_20260616,,,,,,,,,,,,,,pending,,2026-06-16T13:18:14+00:00
trackb_cont_ONDS_20260603,9.31,,,,,13.0,9.04,,,,,,-23.1293,pending,,2026-06-16T13:15:49+00:00
trackb_cont_ONDS_20260604,9.83,,,,,12.42,9.04,,,,,,-23.1293,pending,,2026-06-16T13:15:49+00:00
trackb_cont_ONDS_20260605,9.33,,,,,11.66,9.04,,,,,,-23.1293,pending,,2026-06-16T13:15:49+00:00
trackb_cont_ONDS_20260608,9.51,,,,,10.84,9.04,,,,,,-23.1293,pending,,2026-06-16T13:15:49+00:00
trackb_cont_ONL_20260603,2.8,,,,,2.985,2.75,,,,,,-5.6604,pending,,2026-06-16T13:16:50+00:00
trackb_cont_ONL_20260604,2.79,,,,,2.985,2.75,,,,,,-5.6604,pending,,2026-06-16T13:16:50+00:00
trackb_cont_ONL_20260605,2.79,,,,,2.965,2.75,,,,,,-5.6604,pending,,2026-06-16T13:16:50+00:00
trackb_cont_ONL_20260608,2.79,,,,,2.905,2.75,,,,,,-5.6604,pending,,2026-06-16T13:16:50+00:00
trackb_cont_ONTO_20260616,,,,,,,,,,,,,,pending,,2026-06-16T13:18:32+00:00
trackb_cont_ON_20260603,110.169998,,,,,134.919998,108.300003,,,,,,-17.8487,pending,,2026-06-16T13:15:28+00:00
trackb_cont_ON_20260604,115.959999,,,,,134.490005,108.300003,,,,,,-17.8487,pending,,2026-06-16T13:15:28+00:00
trackb_cont_ON_20260605,116.790001,,,,,126.309998,108.300003,,,,,,-17.8487,pending,,2026-06-16T13:15:28+00:00
trackb_cont_ON_20260608,,,,,,126.154999,108.300003,,,,,,-17.8487,pending,,2026-06-16T13:15:28+00:00
trackb_cont_OPAD_20260603,4.83,,,,,7.05,0.736,,,,,,-5.6531,pending,,2026-06-16T13:15:51+00:00
trackb_cont_OPAD_20260604,5.07,,,,,7.05,0.736,,,,,,-5.6531,pending,,2026-06-16T13:15:51+00:00
trackb_cont_OPAD_20260605,4.95,,,,,7.05,4.17,,,,,,434.5469,pending,,2026-06-16T13:15:51+00:00
trackb_cont_OPAL_20260603,1.94,,,,,2.31,1.88,,,,,,-16.6297,pending,,2026-06-16T13:16:26+00:00
trackb_cont_OPAL_20260604,1.91,,,,,2.31,1.88,,,,,,-16.6297,pending,,2026-06-16T13:16:26+00:00
trackb_cont_OPAL_20260605,1.93,,,,,2.28,1.88,,,,,,-16.6297,pending,,2026-06-16T13:16:26+00:00
trackb_cont_OPAL_20260608,1.91,,,,,2.19,1.88,,,,,,-16.6297,pending,,2026-06-16T13:16:26+00:00
trackb_cont_OPEN_20260603,4.48,,,,,5.29,4.08,,,,,,-16.7347,pending,,2026-06-16T13:16:10+00:00
trackb_cont_OPEN_20260604,4.47,,,,,5.15,4.08,,,,,,-16.7347,pending,,2026-06-16T13:16:10+00:00
trackb_cont_OPEN_20260605,4.44,,,,,4.852,4.08,,,,,,-16.7347,pending,,2026-06-16T13:16:10+00:00
trackb_cont_OPLN_20260603,36.689999,,,,,38.869999,36.169998,,,,,,-3.0815,pending,,2026-06-16T13:15:38+00:00
trackb_cont_OPLN_20260604,38.700001,,,,,38.869999,36.169998,,,,,,-3.0815,pending,,2026-06-16T13:15:38+00:00
trackb_cont_OPLN_20260605,37.830002,,,,,38.869999,36.290001,,,,,,-2.7599,pending,,2026-06-16T13:15:38+00:00
trackb_cont_OPLN_20260608,,,,,,38.869999,36.43,,,,,,-2.3848,pending,,2026-06-16T13:15:38+00:00
trackb_cont_OPLN_20260616,,,,,,,,,,,,,,pending,,2026-06-16T13:15:38+00:00
trackb_cont_ORA_20260603,136.690002,,,,,146.389999,134.300003,,,,,,-7.8021,pending,,2026-06-16T13:15:10+00:00
trackb_cont_ORA_20260604,136.410004,,,,,144.350006,134.300003,,,,,,-7.8021,pending,,2026-06-16T13:15:10+00:00
trackb_cont_ORA_20260605,138.160004,,,,,143.690002,134.300003,,,,,,-7.8021,pending,,2026-06-16T13:15:10+00:00
trackb_cont_ORA_20260608,,,,,,143.690002,134.300003,,,,,,-4.0714,pending,,2026-06-16T13:15:10+00:00
trackb_cont_ORA_20260609,,,,,,139.619995,134.300003,,,,,,-1.5901,pending,,2026-06-16T13:15:10+00:00
trackb_cont_ORA_20260610,,,,,,139.220001,134.300003,,,,,,-1.5901,pending,,2026-06-16T13:15:10+00:00
trackb_cont_ORCL_20260603,201.259995,,,,,240.509995,175.279999,,,,,,-23.6269,pending,,2026-06-16T13:15:40+00:00
trackb_cont_ORCL_20260604,184.100006,,,,,238.949997,175.279999,,,,,,-23.6269,pending,,2026-06-16T13:15:40+00:00
trackb_cont_ORCL_20260605,184.130005,,,,,231.440002,175.279999,,,,,,-23.6269,pending,,2026-06-16T13:15:40+00:00
trackb_cont_ORCL_20260608,,,,,,220.5,175.279999,,,,,,-23.6269,pending,,2026-06-16T13:15:40+00:00
trackb_cont_OSCR_20260612,,,,,,29.184999,27.142,,,,,,-6.1155,pending,,2026-06-16T13:18:01+00:00
trackb_cont_OSCR_20260615,,,,,,29.184999,27.142,,,,,,-1.2659,pending,,2026-06-16T13:18:01+00:00
trackb_cont_OSCR_20260616,,,,,,,,,,,,,,pending,,2026-06-16T13:18:01+00:00
trackb_cont_OSS_20260603,15.76,,,,,19.790001,14.61,,,,,,-23.0648,pending,,2026-06-16T13:15:40+00:00
trackb_cont_OSS_20260604,16.84,,,,,19.504999,14.61,,,,,,-23.0648,pending,,2026-06-16T13:15:40+00:00
trackb_cont_OSS_20260605,16.65,,,,,18.280001,14.61,,,,,,-23.0648,pending,,2026-06-16T13:15:40+00:00
trackb_cont_OSS_20260608,17.23,,,,,17.93,14.61,,,,,,-23.0648,pending,,2026-06-16T13:15:40+00:00
trackb_cont_OTTR_20260611,,,,,,90.989998,88.43,,,,,,-1.3058,pending,,2026-06-16T13:17:54+00:00
trackb_cont_OTTR_20260612,,,,,,90.550003,88.540001,,,,,,0.0339,pending,,2026-06-16T13:17:54+00:00
trackb_cont_OTTR_20260616,,,,,,,,,,,,,,pending,,2026-06-16T13:17:54+00:00
trackb_cont_OUST_20260603,38.389999,,,,,48.830002,35.299999,,,,,,-19.2958,pending,,2026-06-16T13:16:00+00:00
trackb_cont_OUST_20260604,39.610001,,,,,48.830002,35.299999,,,,,,-19.2958,pending,,2026-06-16T13:16:00+00:00
trackb_cont_OUST_20260605,39.799999,,,,,48.380001,35.299999,,,,,,-19.2958,pending,,2026-06-16T13:16:00+00:00
trackb_cont_OUST_20260608,45.18,,,,,48.380001,35.299999,,,,,,-19.2958,pending,,2026-06-16T13:16:00+00:00
trackb_cont_OXM_20260603,43.279999,,,,,45.82,34.830002,,,,,,-22.6172,pending,,2026-06-16T13:16:55+00:00
trackb_cont_OXM_20260604,35.919998,,,,,45.82,34.830002,,,,,,-22.6172,pending,,2026-06-16T13:16:55+00:00
trackb_cont_OXM_20260605,37.240002,,,,,45.82,34.830002,,,,,,-22.6172,pending,,2026-06-16T13:16:55+00:00
trackb_cont_O_20260616,,,,,,,,,,,,,,pending,,2026-06-16T13:18:36+00:00
trackb_cont_PACK_20260603,6.72,,,,,7.77,6.59,,,,,,-6.1254,pending,,2026-06-16T13:15:13+00:00
trackb_cont_PACK_20260604,7.14,,,,,7.77,6.59,,,,,,-6.1254,pending,,2026-06-16T13:15:13+00:00
trackb_cont_PACK_20260605,7.3,,,,,7.77,6.59,,,,,,-6.1254,pending,,2026-06-16T13:15:13+00:00
trackb_cont_PACK_20260608,7.6,,,,,7.77,6.59,,,,,,-2.9455,pending,,2026-06-16T13:15:13+00:00
trackb_cont_PACK_20260609,,,,,,7.77,6.59,,,,,,-3.5139,pending,,2026-06-16T13:15:13+00:00
trackb_cont_PACK_20260616,,,,,,,,,,,,,,pending,,2026-06-16T13:15:13+00:00
trackb_cont_PAG_20260603,178.179993,,,,,184.929993,169.330002,,,,,,-1.5151,pending,,2026-06-16T13:15:22+00:00
trackb_cont_PAG_20260604,181.020004,,,,,184.929993,169.330002,,,,,,-1.5151,pending,,2026-06-16T13:15:22+00:00
trackb_cont_PAG_20260605,180.960007,,,,,184.929993,169.330002,,,,,,-1.5151,pending,,2026-06-16T13:15:22+00:00
trackb_cont_PAG_20260608,180.070007,,,,,184.929993,170.229996,,,,,,-0.9917,pending,,2026-06-16T13:15:22+00:00
trackb_cont_PAG_20260609,,,,,,184.929993,174.440002,,,,,,1.1305,pending,,2026-06-16T13:15:22+00:00
trackb_cont_PAG_20260610,,,,,,184.929993,176.800003,,,,,,2.4987,pending,,2026-06-16T13:15:22+00:00
trackb_cont_PAG_20260616,,,,,,,,,,,,,,pending,,2026-06-16T13:15:22+00:00
trackb_cont_PAL_20260611,,,,,,8.71,7.85,,,,,,-2.1197,pending,,2026-06-16T13:17:46+00:00
trackb_cont_PAL_20260612,,,,,,8.71,7.92,,,,,,-5.7143,pending,,2026-06-16T13:17:46+00:00
trackb_cont_PAL_20260616,,,,,,,,,,,,,,pending,,2026-06-16T13:17:46+00:00
trackb_cont_PANW_20260603,263.220001,,,,,288.0,251.149994,,,,,,-11.1414,pending,,2026-06-16T13:15:23+00:00
trackb_cont_PANW_20260604,279.529999,,,,,285.119995,251.149994,,,,,,-11.1414,pending,,2026-06-16T13:15:23+00:00
trackb_cont_PANW_20260605,279.619995,,,,,285.119995,251.149994,,,,,,-11.1414,pending,,2026-06-16T13:15:23+00:00
trackb_cont_PANW_20260608,284.540009,,,,,285.119995,251.149994,,,,,,-7.6824,pending,,2026-06-16T13:15:23+00:00
trackb_cont_PANW_20260609,,,,,,285.119995,251.149994,,,,,,-5.6997,pending,,2026-06-16T13:15:23+00:00
trackb_cont_PATH_20260603,10.75,,,,,12.24,10.07,,,,,,-12.9646,pending,,2026-06-16T13:16:47+00:00
trackb_cont_PATH_20260604,10.65,,,,,12.14,10.07,,,,,,-12.9646,pending,,2026-06-16T13:16:47+00:00
trackb_cont_PATH_20260605,10.55,,,,,11.94,10.07,,,,,,-12.9646,pending,,2026-06-16T13:16:47+00:00
trackb_cont_PAYX_20260603,101.099998,,,,,103.300003,97.260002,,,,,,-0.9673,pending,,2026-06-16T13:16:03+00:00
trackb_cont_PAYX_20260604,99.269997,,,,,103.300003,97.260002,,,,,,-0.9673,pending,,2026-06-16T13:16:03+00:00
trackb_cont_PAYX_20260605,100.629997,,,,,103.300003,97.260002,,,,,,-0.9673,pending,,2026-06-16T13:16:03+00:00
trackb_cont_PAYX_20260608,,,,,,103.300003,97.260002,,,,,,-3.2528,pending,,2026-06-16T13:16:03+00:00
trackb_cont_PAYX_20260610,,,,,,103.300003,98.110001,,,,,,-0.8188,pending,,2026-06-16T13:16:03+00:00
trackb_cont_PAYX_20260615,,,,,,103.300003,100.25,,,,,,-0.7032,pending,,2026-06-16T13:16:03+00:00
trackb_cont_PAYX_20260616,,,,,,,,,,,,,,pending,,2026-06-16T13:16:03+00:00
trackb_cont_PBF_20260609,,,,,,43.68,38.810001,,,,,,-8.4022,pending,,2026-06-16T13:17:25+00:00
trackb_cont_PBF_20260612,,,,,,42.990002,38.810001,,,,,,-5.6406,pending,,2026-06-16T13:17:25+00:00
trackb_cont_PBI_20260603,16.91,,,,,17.59,16.1,,,,,,-0.801,pending,,2026-06-16T13:15:52+00:00
trackb_cont_PBI_20260604,17.139999,,,,,17.59,16.16,,,,,,-0.4313,pending,,2026-06-16T13:15:52+00:00
trackb_cont_PBI_20260605,17.32,,,,,17.59,16.16,,,,,,-0.4313,pending,,2026-06-16T13:15:52+00:00
trackb_cont_PBI_20260608,,,,,,17.59,16.16,,,,,,-0.4313,pending,,2026-06-16T13:15:52+00:00
trackb_cont_PBI_20260611,,,,,,17.59,16.73,,,,,,-1.0645,pending,,2026-06-16T13:15:52+00:00
trackb_cont_PBI_20260612,,,,,,17.59,16.92,,,,,,-1.2835,pending,,2026-06-16T13:15:52+00:00
trackb_cont_PBI_20260616,,,,,,,,,,,,,,pending,,2026-06-16T13:15:52+00:00
trackb_cont_PCAR_20260608,,,,,,121.839996,113.940002,,,,,,-2.3483,pending,,2026-06-16T13:17:14+00:00
trackb_cont_PCAR_20260611,,,,,,121.839996,114.150002,,,,,,0.1404,pending,,2026-06-16T13:17:14+00:00
trackb_cont_PCAR_20260615,,,,,,121.839996,119.739998,,,,,,-0.4241,pending,,2026-06-16T13:17:14+00:00
trackb_cont_PCAR_20260616,,,,,,,,,,,,,,pending,,2026-06-16T13:17:14+00:00
trackb_cont_PCG_20260609,,,,,,17.030001,16.41,,,,,,-0.4248,pending,,2026-06-16T13:17:27+00:00
trackb_cont_PCG_20260616,,,,,,,,,,,,,,pending,,2026-06-16T13:17:27+00:00
trackb_cont_PCT_20260603,9.885,,,,,14.195,8.01,,,,,,-39.5581,pending,,2026-06-16T13:15:37+00:00
trackb_cont_PCT_20260604,9.02,,,,,14.195,8.01,,,,,,-39.5581,pending,,2026-06-16T13:15:37+00:00
trackb_cont_PCT_20260605,8.88,,,,,13.81,8.01,,,,,,-39.5581,pending,,2026-06-16T13:15:37+00:00
trackb_cont_PCT_20260608,8.8,,,,,12.81,8.01,,,,,,-35.9968,pending,,2026-06-16T13:15:37+00:00
trackb_cont_PDM_20260610,,,,,,9.44,8.86,,,,,,-0.6726,pending,,2026-06-16T13:17:41+00:00
trackb_cont_PDM_20260615,,,,,,9.27,8.97,,,,,,-3.2362,pending,,2026-06-16T13:17:41+00:00
trackb_cont_PDM_20260616,,,,,,,,,,,,,,pending,,2026-06-16T13:17:41+00:00
trackb_cont_PEB_20260603,17.23,,,,,18.51,15.63,,,,,,-1.7599,pending,,2026-06-16T13:15:20+00:00
trackb_cont_PEB_20260604,17.73,,,,,18.51,16.16,,,,,,1.5713,pending,,2026-06-16T13:15:20+00:00
trackb_cont_PEB_20260605,18.18,,,,,18.51,16.74,,,,,,5.2168,pending,,2026-06-16T13:15:20+00:00
trackb_cont_PEB_20260608,,,,,,18.51,16.74,,,,,,-0.8881,pending,,2026-06-16T13:15:20+00:00
trackb_cont_PEB_20260609,,,,,,18.51,16.74,,,,,,-0.5938,pending,,2026-06-16T13:15:20+00:00
trackb_cont_PEB_20260616,,,,,,,,,,,,,,pending,,2026-06-16T13:15:20+00:00
trackb_cont_PECO_20260615,,,,,,41.830002,41.259998,,,,,,-1.1263,pending,,2026-06-16T13:18:21+00:00
trackb_cont_PECO_20260616,,,,,,,,,,,,,,pending,,2026-06-16T13:18:21+00:00
trackb_cont_PEG_20260615,,,,,,80.824997,79.350098,,,,,,-0.245,pending,,2026-06-16T13:18:27+00:00
trackb_cont_PEG_20260616,,,,,,,,,,,,,,pending,,2026-06-16T13:18:27+00:00
trackb_cont_PENG_20260603,58.52,,,,,72.470001,56.610001,,,,,,-17.5142,pending,,2026-06-16T13:15:32+00:00
trackb_cont_PENG_20260604,64.330002,,,,,72.470001,56.610001,,,,,,-17.5142,pending,,2026-06-16T13:15:32+00:00
trackb_cont_PENG_20260605,64.129997,,,,,68.703003,56.610001,,,,,,-17.5142,pending,,2026-06-16T13:15:32+00:00
trackb_cont_PENG_20260608,63.869999,,,,,68.459999,56.610001,,,,,,-5.4293,pending,,2026-06-16T13:15:32+00:00
trackb_cont_PENG_20260615,,,,,,67.720001,61.509998,,,,,,-2.8125,pending,,2026-06-16T13:15:32+00:00
trackb_cont_PENG_20260616,,,,,,,,,,,,,,pending,,2026-06-16T13:15:32+00:00
trackb_cont_PENN_20260603,21.450001,,,,,22.17,18.790001,,,,,,-4.4981,pending,,2026-06-16T13:15:45+00:00
trackb_cont_PENN_20260604,21.209999,,,,,22.17,18.790001,,,,,,-4.4981,pending,,2026-06-16T13:15:45+00:00
trackb_cont_PENN_20260605,21.68,,,,,22.17,18.790001,,,,,,-4.4981,pending,,2026-06-16T13:15:45+00:00
trackb_cont_PENN_20260608,,,,,,22.17,18.790001,,,,,,-2.2881,pending,,2026-06-16T13:15:45+00:00
trackb_cont_PENN_20260609,,,,,,22.17,19.18,,,,,,0.0522,pending,,2026-06-16T13:15:45+00:00
trackb_cont_PENN_20260610,,,,,,22.17,20.299999,,,,,,5.8946,pending,,2026-06-16T13:15:45+00:00
trackb_cont_PENN_20260611,,,,,,22.17,20.85,,,,,,-2.7972,pending,,2026-06-16T13:15:45+00:00
trackb_cont_PENN_20260616,,,,,,,,,,,,,,pending,,2026-06-16T13:15:45+00:00
trackb_cont_PFE_20260616,,,,,,,,,,,,,,pending,,2026-06-16T13:18:44+00:00
trackb_cont_PFGC_20260603,100.739998,,,,,106.0,93.690002,,,,,,-3.2328,pending,,2026-06-16T13:16:28+00:00
trackb_cont_PFGC_20260604,104.059998,,,,,106.0,93.690002,,,,,,-3.2328,pending,,2026-06-16T13:16:28+00:00
trackb_cont_PFGC_20260605,104.07,,,,,106.0,94.25,,,,,,-2.6544,pending,,2026-06-16T13:16:28+00:00
trackb_cont_PFGC_20260608,104.099998,,,,,106.0,96.940002,,,,,,0.1239,pending,,2026-06-16T13:16:28+00:00
trackb_cont_PFGC_20260610,,,,,,106.0,98.879997,,,,,,1.5508,pending,,2026-06-16T13:16:28+00:00
trackb_cont_PFGC_20260616,,,,,,,,,,,,,,pending,,2026-06-16T13:16:28+00:00
trackb_cont_PFG_20260603,109.209999,,,,,112.065002,100.849998,,,,,,-1.1371,pending,,2026-06-16T13:16:03+00:00
trackb_cont_PFG_20260604,109.690002,,,,,112.065002,101.910004,,,,,,-0.098,pending,,2026-06-16T13:16:03+00:00
trackb_cont_PFG_20260605,111.120003,,,,,112.065002,103.389999,,,,,,1.3528,pending,,2026-06-16T13:16:03+00:00
trackb_cont_PFG_20260608,,,,,,112.065002,104.800003,,,,,,2.735,pending,,2026-06-16T13:16:03+00:00
trackb_cont_PFG_20260610,,,,,,112.065002,106.489998,,,,,,1.3901,pending,,2026-06-16T13:16:03+00:00
trackb_cont_PFG_20260616,,,,,,,,,,,,,,pending,,2026-06-16T13:16:03+00:00
trackb_cont_PGNY_20260603,25.889999,,,,,27.17,24.700001,,,,,,-0.5436,pending,,2026-06-16T13:16:15+00:00
trackb_cont_PGNY_20260604,25.65,,,,,27.17,25.08,,,,,,0.9865,pending,,2026-06-16T13:16:15+00:00
trackb_cont_PGNY_20260605,26.629999,,,,,27.17,25.184999,,,,,,1.4093,pending,,2026-06-16T13:16:15+00:00
trackb_cont_PGNY_20260608,26.91,,,,,27.17,25.184999,,,,,,1.4093,pending,,2026-06-16T13:16:15+00:00
trackb_cont_PGNY_20260609,,,,,,27.17,25.184999,,,,,,-2.8357,pending,,2026-06-16T13:16:15+00:00
trackb_cont_PGNY_20260611,,,,,,27.17,25.184999,,,,,,-2.7231,pending,,2026-06-16T13:16:15+00:00
trackb_cont_PGNY_20260612,,,,,,27.17,25.184999,,,,,,-1.8129,pending,,2026-06-16T13:16:15+00:00
trackb_cont_PGNY_20260616,,,,,,,,,,,,,,pending,,2026-06-16T13:16:15+00:00
trackb_cont_PGR_20260616,,,,,,,,,,,,,,pending,,2026-06-16T13:18:32+00:00
trackb_cont_PG_20260610,,,,,,151.490005,147.770004,,,,,,1.8401,pending,,2026-06-16T13:17:40+00:00
trackb_cont_PG_20260615,,,,,,151.490005,148.779999,,,,,,-1.3068,pending,,2026-06-16T13:17:40+00:00
trackb_cont_PG_20260616,,,,,,,,,,,,,,pending,,2026-06-16T13:17:40+00:00
trackb_cont_PHIN_20260603,80.510002,,,,,86.934998,77.885002,,,,,,-2.7289,pending,,2026-06-16T13:16:43+00:00
trackb_cont_PHIN_20260604,81.809998,,,,,86.934998,78.735001,,,,,,-1.6673,pending,,2026-06-16T13:16:43+00:00
trackb_cont_PHIN_20260605,85.160004,,,,,86.934998,78.735001,,,,,,-1.6673,pending,,2026-06-16T13:16:43+00:00
trackb_cont_PHIN_20260608,83.650002,,,,,86.934998,79.339996,,,,,,-0.1761,pending,,2026-06-16T13:16:43+00:00
trackb_cont_PHIN_20260616,,,,,,,,,,,,,,pending,,2026-06-16T13:16:43+00:00
trackb_cont_PHM_20260615,,,,,,126.934998,122.214996,,,,,,-3.0463,pending,,2026-06-16T13:17:21+00:00
trackb_cont_PHM_20260616,,,,,,,,,,,,,,pending,,2026-06-16T13:17:21+00:00
trackb_cont_PHR_20260603,9.14,,,,,10.205,8.76,,,,,,-9.3168,pending,,2026-06-16T13:16:39+00:00
trackb_cont_PHR_20260604,9.05,,,,,10.14,8.76,,,,,,-9.3168,pending,,2026-06-16T13:16:39+00:00
trackb_cont_PHR_20260605,9.06,,,,,9.79,8.76,,,,,,-9.3168,pending,,2026-06-16T13:16:39+00:00
trackb_cont_PHR_20260608,9.15,,,,,9.64,8.76,,,,,,-9.3168,pending,,2026-06-16T13:16:39+00:00
trackb_cont_PII_20260603,66.510002,,,,,72.919998,65.559998,,,,,,-4.0117,pending,,2026-06-16T13:16:25+00:00
trackb_cont_PII_20260604,69.389999,,,,,72.919998,65.559998,,,,,,-4.0117,pending,,2026-06-16T13:16:25+00:00
trackb_cont_PII_20260605,70.93,,,,,72.919998,65.559998,,,,,,-4.0117,pending,,2026-06-16T13:16:25+00:00
trackb_cont_PII_20260608,,,,,,72.919998,65.559998,,,,,,-0.7569,pending,,2026-06-16T13:16:25+00:00
trackb_cont_PII_20260616,,,,,,,,,,,,,,pending,,2026-06-16T13:16:25+00:00
trackb_cont_PINS_20260609,,,,,,22.105,20.184999,,,,,,-8.2083,pending,,2026-06-16T13:17:26+00:00
trackb_cont_PINS_20260612,,,,,,21.700001,20.184999,,,,,,-6.1163,pending,,2026-06-16T13:17:26+00:00
trackb_cont_PKG_20260603,216.639999,,,,,233.130005,214.179993,,,,,,-4.8808,pending,,2026-06-16T13:16:37+00:00
trackb_cont_PKG_20260604,224.399994,,,,,233.130005,214.179993,,,,,,-4.8808,pending,,2026-06-16T13:16:37+00:00
trackb_cont_PKG_20260605,228.229996,,,,,233.130005,214.179993,,,,,,-4.8808,pending,,2026-06-16T13:16:37+00:00
trackb_cont_PKG_20260608,,,,,,233.130005,214.179993,,,,,,-4.8808,pending,,2026-06-16T13:16:37+00:00
trackb_cont_PKG_20260610,,,,,,233.130005,214.179993,,,,,,-2.3926,pending,,2026-06-16T13:16:37+00:00
trackb_cont_PKG_20260615,,,,,,233.130005,229.440002,,,,,,-1.0416,pending,,2026-06-16T13:16:37+00:00
trackb_cont_PKG_20260616,,,,,,,,,,,,,,pending,,2026-06-16T13:16:37+00:00
trackb_cont_PK_20260603,13.92,,,,,14.7,13.15,,,,,,-3.4862,pending,,2026-06-16T13:15:10+00:00
trackb_cont_PK_20260604,14.36,,,,,14.7,13.57,,,,,,-0.4037,pending,,2026-06-16T13:15:10+00:00
trackb_cont_PK_20260605,14.5,,,,,14.7,13.86,,,,,,1.7248,pending,,2026-06-16T13:15:10+00:00
trackb_cont_PK_20260608,14.4,,,,,14.7,13.86,,,,,,1.7248,pending,,2026-06-16T13:15:10+00:00
trackb_cont_PK_20260611,,,,,,14.7,13.97,,,,,,0.3592,pending,,2026-06-16T13:15:10+00:00
trackb_cont_PK_20260616,,,,,,,,,,,,,,pending,,2026-06-16T13:15:10+00:00
trackb_cont_PLD_20260611,,,,,,150.179993,145.710007,,,,,,-0.0412,pending,,2026-06-16T13:17:49+00:00
trackb_cont_PLD_20260612,,,,,,150.179993,147.850006,,,,,,0.4484,pending,,2026-06-16T13:17:49+00:00
trackb_cont_PLD_20260615,,,,,,150.179993,148.240005,,,,,,-0.9819,pending,,2026-06-16T13:17:49+00:00
trackb_cont_PLD_20260616,,,,,,,,,,,,,,pending,,2026-06-16T13:17:49+00:00
trackb_cont_PLPC_20260603,352.160004,,,,,393.640015,349.48999,,,,,,-6.8027,pending,,2026-06-16T13:15:53+00:00
trackb_cont_PLPC_20260604,376.470001,,,,,393.399994,349.48999,,,,,,-6.8027,pending,,2026-06-16T13:15:53+00:00
trackb_cont_PLPC_20260605,375.420013,,,,,393.399994,349.48999,,,,,,-6.8027,pending,,2026-06-16T13:15:53+00:00
trackb_cont_PLPC_20260608,,,,,,393.399994,349.48999,,,,,,-3.7271,pending,,2026-06-16T13:15:53+00:00
trackb_cont_PLPC_20260616,,,,,,,,,,,,,,pending,,2026-06-16T13:15:53+00:00
trackb_cont_PLUG_20260603,2.86,,,,,3.99,2.69,,,,,,-29.4556,pending,,2026-06-16T13:16:22+00:00
trackb_cont_PLUG_20260604,2.83,,,,,3.72,2.69,,,,,,-29.4556,pending,,2026-06-16T13:16:22+00:00
trackb_cont_PLUG_20260605,2.76,,,,,3.5,2.69,,,,,,-29.4556,pending,,2026-06-16T13:16:22+00:00
trackb_cont_PLUG_20260608,,,,,,3.34,2.69,,,,,,-29.4556,pending,,2026-06-16T13:16:22+00:00
trackb_cont_PLXS_20260603,275.51001,,,,,302.285004,269.809998,,,,,,-6.0877,pending,,2026-06-16T13:15:41+00:00
trackb_cont_PLXS_20260604,287.929993,,,,,302.285004,269.809998,,,,,,-6.0877,pending,,2026-06-16T13:15:41+00:00
trackb_cont_PLXS_20260605,295.019989,,,,,302.285004,269.809998,,,,,,-6.0877,pending,,2026-06-16T13:15:41+00:00
trackb_cont_PLXS_20260608,,,,,,302.285004,269.809998,,,,,,-6.0877,pending,,2026-06-16T13:15:41+00:00
trackb_cont_PLXS_20260615,,,,,,302.285004,292.804993,,,,,,-2.2843,pending,,2026-06-16T13:15:41+00:00
trackb_cont_PLXS_20260616,,,,,,,,,,,,,,pending,,2026-06-16T13:15:41+00:00
trackb_cont_PL_20260603,30.719999,,,,,47.619999,29.32,,,,,,-34.2675,pending,,2026-06-16T13:16:35+00:00
trackb_cont_PL_20260604,34.169998,,,,,45.165001,29.32,,,,,,-34.2675,pending,,2026-06-16T13:16:35+00:00
trackb_cont_PL_20260605,31.15,,,,,39.18,29.32,,,,,,-34.2675,pending,,2026-06-16T13:16:35+00:00
trackb_cont_PL_20260608,30.58,,,,,34.369999,29.32,,,,,,-34.2675,pending,,2026-06-16T13:16:35+00:00
trackb_cont_PNC_20260608,,,,,,239.830002,226.759995,,,,,,-0.705,pending,,2026-06-16T13:17:13+00:00
trackb_cont_PNC_20260611,,,,,,239.830002,229.75,,,,,,-1.2423,pending,,2026-06-16T13:17:13+00:00
trackb_cont_PNC_20260615,,,,,,239.830002,229.75,,,,,,-3.5596,pending,,2026-06-16T13:17:13+00:00
trackb_cont_PNC_20260616,,,,,,,,,,,,,,pending,,2026-06-16T13:17:13+00:00
trackb_cont_POWL_20260616,,,,,,,,,,,,,,pending,,2026-06-16T13:18:10+00:00
trackb_cont_PPG_20260603,112.970001,,,,,124.175003,110.860001,,,,,,-0.7964,pending,,2026-06-16T13:15:42+00:00
trackb_cont_PPG_20260604,118.239998,,,,,124.175003,111.629997,,,,,,-0.1074,pending,,2026-06-16T13:15:42+00:00
trackb_cont_PPG_20260605,119.339996,,,,,124.175003,111.629997,,,,,,-0.1074,pending,,2026-06-16T13:15:42+00:00
trackb_cont_PPG_20260608,,,,,,124.175003,112.25,,,,,,-1.362,pending,,2026-06-16T13:15:42+00:00
trackb_cont_PPG_20260610,,,,,,124.175003,112.879997,,,,,,-0.0,pending,,2026-06-16T13:15:42+00:00
trackb_cont_PPG_20260612,,,,,,124.175003,118.720001,,,,,,0.406,pending,,2026-06-16T13:15:42+00:00
trackb_cont_PPG_20260616,,,,,,,,,,,,,,pending,,2026-06-16T13:15:42+00:00
trackb_cont_PRA_20260616,,,,,,,,,,,,,,pending,,2026-06-16T13:18:37+00:00
trackb_cont_PRG_20260615,,,,,,39.669998,38.404999,,,,,,-1.6517,pending,,2026-06-16T13:18:24+00:00
trackb_cont_PRG_20260616,,,,,,,,,,,,,,pending,,2026-06-16T13:18:24+00:00
trackb_cont_PRI_20260616,,,,,,,,,,,,,,pending,,2026-06-16T13:18:38+00:00
trackb_cont_PRKS_20260603,44.080002,,,,,46.849998,38.150002,,,,,,-0.4696,pending,,2026-06-16T13:16:30+00:00
trackb_cont_PRKS_20260604,46.439999,,,,,46.849998,39.52,,,,,,3.1046,pending,,2026-06-16T13:16:30+00:00
trackb_cont_PRKS_20260605,45.150002,,,,,46.849998,39.52,,,,,,3.1046,pending,,2026-06-16T13:16:30+00:00
trackb_cont_PRKS_20260608,46.259998,,,,,46.849998,40.669998,,,,,,6.1049,pending,,2026-06-16T13:16:30+00:00
trackb_cont_PRKS_20260610,,,,,,46.849998,43.91,,,,,,4.4481,pending,,2026-06-16T13:16:30+00:00
trackb_cont_PRKS_20260616,,,,,,,,,,,,,,pending,,2026-06-16T13:16:30+00:00
trackb_cont_PRLB_20260603,73.779999,,,,,81.290001,72.169998,,,,,,-4.537,pending,,2026-06-16T13:15:10+00:00
trackb_cont_PRLB_20260604,77.959999,,,,,81.290001,72.169998,,,,,,-4.537,pending,,2026-06-16T13:15:10+00:00
trackb_cont_PRLB_20260605,78.940002,,,,,81.290001,72.169998,,,,,,-4.537,pending,,2026-06-16T13:15:10+00:00
trackb_cont_PRLB_20260608,78.529999,,,,,81.290001,72.900002,,,,,,-3.5714,pending,,2026-06-16T13:15:10+00:00
trackb_cont_PRLB_20260611,,,,,,81.290001,73.190002,,,,,,-0.7997,pending,,2026-06-16T13:15:10+00:00
trackb_cont_PRLB_20260616,,,,,,,,,,,,,,pending,,2026-06-16T13:15:10+00:00
trackb_cont_PRMB_20260603,22.879999,,,,,24.719999,22.67,,,,,,-6.3417,pending,,2026-06-16T13:15:49+00:00
trackb_cont_PRMB_20260604,23.540001,,,,,24.620001,22.67,,,,,,-6.3417,pending,,2026-06-16T13:15:49+00:00
trackb_cont_PRMB_20260605,24.15,,,,,24.620001,22.67,,,,,,-6.3417,pending,,2026-06-16T13:15:49+00:00
trackb_cont_PRSU_20260603,46.360001,,,,,48.650002,43.09,,,,,,-0.9653,pending,,2026-06-16T13:16:44+00:00
trackb_cont_PRSU_20260604,47.75,,,,,48.650002,43.09,,,,,,-0.9653,pending,,2026-06-16T13:16:44+00:00
trackb_cont_PRSU_20260605,47.959999,,,,,48.650002,43.48,,,,,,-0.069,pending,,2026-06-16T13:16:44+00:00
trackb_cont_PRSU_20260608,,,,,,48.650002,44.02,,,,,,0.2277,pending,,2026-06-16T13:16:44+00:00
trackb_cont_PRSU_20260611,,,,,,48.650002,46.540001,,,,,,0.3883,pending,,2026-06-16T13:16:44+00:00
trackb_cont_PRSU_20260612,,,,,,48.650002,47.560001,,,,,,-0.3979,pending,,2026-06-16T13:16:44+00:00
trackb_cont_PRSU_20260615,,,,,,48.650002,47.950001,,,,,,-0.6218,pending,,2026-06-16T13:16:44+00:00
trackb_cont_PRSU_20260616,,,,,,,,,,,,,,pending,,2026-06-16T13:16:44+00:00
trackb_cont_PRU_20260603,105.169998,,,,,109.654999,100.400002,,,,,,-0.5694,pending,,2026-06-16T13:15:46+00:00
trackb_cont_PRU_20260604,106.510002,,,,,109.654999,101.68,,,,,,0.6982,pending,,2026-06-16T13:15:46+00:00
trackb_cont_PRU_20260605,108.5,,,,,109.654999,102.599998,,,,,,1.6093,pending,,2026-06-16T13:15:46+00:00
trackb_cont_PRU_20260608,,,,,,109.654999,102.599998,,,,,,-1.9308,pending,,2026-06-16T13:15:46+00:00
trackb_cont_PRU_20260610,,,,,,109.654999,103.699997,,,,,,-0.0193,pending,,2026-06-16T13:15:46+00:00
trackb_cont_PRU_20260611,,,,,,109.654999,104.989998,,,,,,-0.1712,pending,,2026-06-16T13:15:46+00:00
trackb_cont_PRU_20260612,,,,,,109.654999,106.760002,,,,,,0.2347,pending,,2026-06-16T13:15:46+00:00
trackb_cont_PRU_20260615,,,,,,109.654999,108.580002,,,,,,-0.7677,pending,,2026-06-16T13:15:46+00:00
trackb_cont_PRU_20260616,,,,,,,,,,,,,,pending,,2026-06-16T13:15:46+00:00
trackb_cont_PRVA_20260616,,,,,,,,,,,,,,pending,,2026-06-16T13:18:41+00:00
trackb_cont_PSA_20260616,,,,,,,,,,,,,,pending,,2026-06-16T13:18:41+00:00
trackb_cont_PSMT_20260603,174.740005,,,,,183.190002,168.800003,,,,,,-1.3442,pending,,2026-06-16T13:16:46+00:00
trackb_cont_PSMT_20260604,180.289993,,,,,183.190002,171.600006,,,,,,0.2922,pending,,2026-06-16T13:16:46+00:00
trackb_cont_PSMT_20260605,182.300003,,,,,183.190002,172.539993,,,,,,0.8416,pending,,2026-06-16T13:16:46+00:00
trackb_cont_PSMT_20260608,,,,,,183.190002,174.149994,,,,,,0.1035,pending,,2026-06-16T13:16:46+00:00
trackb_cont_PSMT_20260609,,,,,,183.190002,174.149994,,,,,,-1.6268,pending,,2026-06-16T13:16:46+00:00
trackb_cont_PSMT_20260612,,,,,,183.190002,179.380005,,,,,,-0.5047,pending,,2026-06-16T13:16:46+00:00
trackb_cont_PSMT_20260616,,,,,,,,,,,,,,pending,,2026-06-16T13:16:46+00:00
trackb_cont_PSN_20260603,56.470001,,,,,62.105,55.424999,,,,,,-6.9191,pending,,2026-06-16T13:15:39+00:00
trackb_cont_PSN_20260604,57.279999,,,,,62.105,55.424999,,,,,,-6.9191,pending,,2026-06-16T13:15:39+00:00
trackb_cont_PSN_20260605,56.700001,,,,,61.919998,55.424999,,,,,,-6.9191,pending,,2026-06-16T13:15:39+00:00
trackb_cont_PSN_20260608,55.490002,,,,,59.779999,55.424999,,,,,,-6.9191,pending,,2026-06-16T13:15:39+00:00
trackb_cont_PSN_20260609,,,,,,59.040001,55.424999,,,,,,-4.1587,pending,,2026-06-16T13:15:39+00:00
trackb_cont_PSN_20260611,,,,,,58.330002,55.424999,,,,,,-1.8505,pending,,2026-06-16T13:15:39+00:00
trackb_cont_PSTL_20260615,,,,,,23.987,23.09,,,,,,-3.2474,pending,,2026-06-16T13:18:26+00:00
trackb_cont_PSTL_20260616,,,,,,,,,,,,,,pending,,2026-06-16T13:18:26+00:00
trackb_cont_PSX_20260603,181.720001,,,,,188.0,171.020004,,,,,,-8.2855,pending,,2026-06-16T13:15:49+00:00
trackb_cont_PSX_20260604,178.100006,,,,,188.0,171.020004,,,,,,-8.2855,pending,,2026-06-16T13:15:49+00:00
trackb_cont_PSX_20260605,179.449997,,,,,188.0,171.020004,,,,,,-8.2855,pending,,2026-06-16T13:15:49+00:00
trackb_cont_PSX_20260608,173.259995,,,,,188.0,171.020004,,,,,,-6.5873,pending,,2026-06-16T13:15:49+00:00
trackb_cont_PSX_20260609,,,,,,185.979996,171.020004,,,,,,-6.7604,pending,,2026-06-16T13:15:49+00:00
trackb_cont_PTON_20260603,5.59,,,,,6.3,5.45,,,,,,-9.6935,pending,,2026-06-16T13:15:56+00:00
trackb_cont_PTON_20260604,5.65,,,,,6.3,5.45,,,,,,-9.6935,pending,,2026-06-16T13:15:56+00:00
trackb_cont_PTON_20260605,5.55,,,,,6.17,5.45,,,,,,-9.6935,pending,,2026-06-16T13:15:56+00:00
trackb_cont_PTON_20260608,5.8,,,,,5.89,5.45,,,,,,-5.5459,pending,,2026-06-16T13:15:56+00:00
trackb_cont_PUSA_20260603,4.93,,,,,6.57,4.404,,,,,,-25.102,pending,,2026-06-16T13:15:16+00:00
trackb_cont_PUSA_20260604,5.06,,,,,6.28,4.404,,,,,,-25.102,pending,,2026-06-16T13:15:16+00:00
trackb_cont_PUSA_20260605,4.71,,,,,5.88,4.404,,,,,,-25.102,pending,,2026-06-16T13:15:16+00:00
trackb_cont_PUSA_20260608,,,,,,5.55,4.404,,,,,,-14.6512,pending,,2026-06-16T13:15:16+00:00
trackb_cont_PVH_20260603,78.32,,,,,100.75,69.0,,,,,,-31.1927,pending,,2026-06-16T13:15:26+00:00
trackb_cont_PVH_20260604,81.809998,,,,,85.239998,69.0,,,,,,-31.1927,pending,,2026-06-16T13:15:26+00:00
trackb_cont_PVH_20260605,81.959999,,,,,85.239998,75.370003,,,,,,-24.8404,pending,,2026-06-16T13:15:26+00:00
trackb_cont_PXED_20260603,30.870001,,,,,31.940001,29.639999,,,,,,-1.5282,pending,,2026-06-16T13:16:55+00:00
trackb_cont_PXED_20260604,31.26,,,,,31.940001,29.639999,,,,,,-1.5282,pending,,2026-06-16T13:16:55+00:00
trackb_cont_PXED_20260605,30.809999,,,,,31.91,29.639999,,,,,,-1.5282,pending,,2026-06-16T13:16:55+00:00
trackb_cont_PXED_20260608,,,,,,31.91,29.639999,,,,,,-2.275,pending,,2026-06-16T13:16:55+00:00
trackb_cont_PXED_20260612,,,,,,31.91,29.639999,,,,,,-5.1823,pending,,2026-06-16T13:16:55+00:00
trackb_cont_PXED_20260616,,,,,,,,,,,,,,pending,,2026-06-16T13:16:55+00:00
trackb_cont_QBTS_20260603,23.25,,,,,29.950001,22.35,,,,,,-19.0657,pending,,2026-06-16T13:15:55+00:00
trackb_cont_QBTS_20260604,23.82,,,,,28.82,22.35,,,,,,-19.0657,pending,,2026-06-16T13:15:55+00:00
trackb_cont_QBTS_20260605,23.370001,,,,,27.15,22.35,,,,,,-19.0657,pending,,2026-06-16T13:15:55+00:00
trackb_cont_QBTS_20260608,26.26,,,,,27.15,22.35,,,,,,-6.2893,pending,,2026-06-16T13:15:55+00:00
trackb_cont_QCOM_20260603,191.199997,,,,,255.089996,190.100006,,,,,,-23.9843,pending,,2026-06-16T13:16:28+00:00
trackb_cont_QCOM_20260604,202.960007,,,,,246.699997,190.100006,,,,,,-23.9843,pending,,2026-06-16T13:16:28+00:00
trackb_cont_QCOM_20260605,211.720001,,,,,238.440002,190.100006,,,,,,-23.9843,pending,,2026-06-16T13:16:28+00:00
trackb_cont_QCOM_20260608,,,,,,226.460007,190.100006,,,,,,-23.9843,pending,,2026-06-16T13:16:28+00:00
trackb_cont_QMCO_20260603,12.59,,,,,18.48,11.75,,,,,,-14.9783,pending,,2026-06-16T13:15:41+00:00
trackb_cont_QMCO_20260604,13.06,,,,,18.48,11.75,,,,,,-14.9783,pending,,2026-06-16T13:15:41+00:00
trackb_cont_QMCO_20260605,13.74,,,,,15.99,11.75,,,,,,-14.9783,pending,,2026-06-16T13:15:41+00:00
trackb_cont_QMCO_20260608,,,,,,15.99,11.75,,,,,,-14.9783,pending,,2026-06-16T13:15:41+00:00
trackb_cont_QS_20260603,7.0,,,,,9.325,6.85,,,,,,-22.598,pending,,2026-06-16T13:16:19+00:00
trackb_cont_QS_20260604,7.23,,,,,9.24,6.85,,,,,,-22.598,pending,,2026-06-16T13:16:19+00:00
trackb_cont_QS_20260605,7.09,,,,,8.865,6.85,,,,,,-22.598,pending,,2026-06-16T13:16:19+00:00
trackb_cont_QS_20260608,7.23,,,,,7.975,6.85,,,,,,-10.691,pending,,2026-06-16T13:16:19+00:00
trackb_cont_RAL_20260603,62.450001,,,,,68.859001,59.764999,,,,,,-4.1613,pending,,2026-06-16T13:15:36+00:00
trackb_cont_RAL_20260604,65.57,,,,,68.859001,59.764999,,,,,,-4.1613,pending,,2026-06-16T13:15:36+00:00
trackb_cont_RAL_20260605,66.080002,,,,,68.859001,59.764999,,,,,,-4.1613,pending,,2026-06-16T13:15:36+00:00
trackb_cont_RAL_20260608,,,,,,68.859001,60.5,,,,,,0.5484,pending,,2026-06-16T13:15:36+00:00
trackb_cont_RAL_20260610,,,,,,68.859001,61.919998,,,,,,1.4583,pending,,2026-06-16T13:15:36+00:00
trackb_cont_RAL_20260611,,,,,,68.859001,63.419998,,,,,,1.5532,pending,,2026-06-16T13:15:36+00:00
trackb_cont_RAL_20260616,,,,,,,,,,,,,,pending,,2026-06-16T13:15:36+00:00
trackb_cont_RBA_20260616,,,,,,,,,,,,,,pending,,2026-06-16T13:18:41+00:00
trackb_cont_RBRK_20260603,71.32,,,,,80.730003,67.0,,,,,,-14.0144,pending,,2026-06-16T13:16:02+00:00
trackb_cont_RBRK_20260604,71.449997,,,,,78.25,67.0,,,,,,-14.0144,pending,,2026-06-16T13:16:02+00:00
trackb_cont_RBRK_20260605,68.190002,,,,,78.080002,67.0,,,,,,-14.0144,pending,,2026-06-16T13:16:02+00:00
trackb_cont_RBRK_20260608,,,,,,75.32,67.0,,,,,,-14.0144,pending,,2026-06-16T13:16:02+00:00
trackb_cont_RCAT_20260603,10.895,,,,,15.225,10.81,,,,,,-21.0084,pending,,2026-06-16T13:15:52+00:00
trackb_cont_RCAT_20260604,12.01,,,,,15.225,10.81,,,,,,-21.0084,pending,,2026-06-16T13:15:52+00:00
trackb_cont_RCAT_20260605,11.18,,,,,14.48,10.81,,,,,,-21.0084,pending,,2026-06-16T13:15:52+00:00
trackb_cont_RCAT_20260608,11.97,,,,,13.33,10.81,,,,,,-14.7476,pending,,2026-06-16T13:15:52+00:00
trackb_cont_RCL_20260603,268.730011,,,,,315.480011,266.01001,,,,,,-9.1527,pending,,2026-06-16T13:15:27+00:00
trackb_cont_RCL_20260604,287.959991,,,,,315.480011,266.01001,,,,,,-9.1527,pending,,2026-06-16T13:15:27+00:00
trackb_cont_RCL_20260605,294.380005,,,,,315.480011,266.01001,,,,,,-9.1527,pending,,2026-06-16T13:15:27+00:00
trackb_cont_RCL_20260608,313.670013,,,,,315.480011,266.01001,,,,,,-4.9964,pending,,2026-06-16T13:15:27+00:00
trackb_cont_RCL_20260610,,,,,,315.480011,266.01001,,,,,,-2.2022,pending,,2026-06-16T13:15:27+00:00
trackb_cont_RCL_20260616,,,,,,,,,,,,,,pending,,2026-06-16T13:15:27+00:00
trackb_cont_RDDT_20260608,,,,,,183.119995,158.360001,,,,,,-8.6999,pending,,2026-06-16T13:17:15+00:00
trackb_cont_RDDT_20260610,,,,,,181.994995,158.360001,,,,,,-7.4622,pending,,2026-06-16T13:17:15+00:00
trackb_cont_REG_20260612,,,,,,81.040001,78.879997,,,,,,-2.2432,pending,,2026-06-16T13:18:06+00:00
trackb_cont_REG_20260616,,,,,,,,,,,,,,pending,,2026-06-16T13:18:06+00:00
trackb_cont_REYN_20260610,,,,,,23.76,23.08,,,,,,2.8062,pending,,2026-06-16T13:17:40+00:00
trackb_cont_REYN_20260616,,,,,,,,,,,,,,pending,,2026-06-16T13:17:40+00:00
trackb_cont_RFIL_20260603,16.700001,,,,,20.0,15.34,,,,,,-17.3269,pending,,2026-06-16T13:16:16+00:00
trackb_cont_RFIL_20260604,18.57,,,,,20.0,15.34,,,,,,-17.3269,pending,,2026-06-16T13:16:16+00:00
trackb_cont_RFIL_20260605,18.75,,,,,20.0,15.34,,,,,,-17.3269,pending,,2026-06-16T13:16:16+00:00
trackb_cont_RFIL_20260608,,,,,,20.0,15.34,,,,,,-4.3641,pending,,2026-06-16T13:16:16+00:00
trackb_cont_RFIL_20260616,,,,,,,,,,,,,,pending,,2026-06-16T13:16:16+00:00
trackb_cont_RF_20260603,28.58,,,,,29.589899,27.32,,,,,,-0.5098,pending,,2026-06-16T13:15:51+00:00
trackb_cont_RF_20260604,28.889999,,,,,29.589899,27.530001,,,,,,0.2549,pending,,2026-06-16T13:15:51+00:00
trackb_cont_RF_20260605,29.27,,,,,29.589899,28.1,,,,,,2.3307,pending,,2026-06-16T13:15:51+00:00
trackb_cont_RF_20260608,,,,,,29.589899,28.1,,,,,,-1.5417,pending,,2026-06-16T13:15:51+00:00
trackb_cont_RF_20260609,,,,,,29.589899,28.1,,,,,,-1.6106,pending,,2026-06-16T13:15:51+00:00
trackb_cont_RF_20260612,,,,,,29.589899,28.57,,,,,,-1.1077,pending,,2026-06-16T13:15:51+00:00
trackb_cont_RF_20260615,,,,,,29.589899,28.57,,,,,,-2.7901,pending,,2026-06-16T13:15:51+00:00
trackb_cont_RF_20260616,,,,,,,,,,,,,,pending,,2026-06-16T13:15:51+00:00
trackb_cont_RGEN_20260611,,,,,,135.729996,129.770004,,,,,,-0.7571,pending,,2026-06-16T13:17:47+00:00
trackb_cont_RGEN_20260616,,,,,,,,,,,,,,pending,,2026-06-16T13:17:47+00:00
trackb_cont_RGP_20260603,4.71,,,,,4.77,4.34,,,,,,-2.7995,pending,,2026-06-16T13:16:32+00:00
trackb_cont_RGP_20260604,4.67,,,,,4.77,4.34,,,,,,-2.7995,pending,,2026-06-16T13:16:32+00:00
trackb_cont_RGP_20260605,4.65,,,,,4.77,4.34,,,,,,-2.7995,pending,,2026-06-16T13:16:32+00:00
trackb_cont_RGP_20260608,,,,,,4.77,4.34,,,,,,-2.7995,pending,,2026-06-16T13:16:32+00:00
trackb_cont_RGP_20260611,,,,,,4.77,4.34,,,,,,-7.8556,pending,,2026-06-16T13:16:32+00:00
trackb_cont_RGP_20260612,,,,,,4.76,4.34,,,,,,-7.0664,pending,,2026-06-16T13:16:32+00:00
trackb_cont_RGP_20260616,,,,,,,,,,,,,,pending,,2026-06-16T13:16:32+00:00
trackb_cont_RGTI_20260603,19.445,,,,,28.059999,18.469999,,,,,,-24.3585,pending,,2026-06-16T13:15:36+00:00
trackb_cont_RGTI_20260604,20.629999,,,,,25.02,18.469999,,,,,,-24.3585,pending,,2026-06-16T13:15:36+00:00
trackb_cont_RGTI_20260605,20.98,,,,,23.565001,18.469999,,,,,,-24.3585,pending,,2026-06-16T13:15:36+00:00
trackb_cont_RGTI_20260608,22.700001,,,,,23.565001,18.469999,,,,,,-24.3585,pending,,2026-06-16T13:15:36+00:00
trackb_cont_RHI_20260603,31.24,,,,,33.25,29.16,,,,,,-1.2362,pending,,2026-06-16T13:16:08+00:00
trackb_cont_RHI_20260604,31.59,,,,,33.25,29.969999,,,,,,1.5072,pending,,2026-06-16T13:16:08+00:00
trackb_cont_RHI_20260605,32.490002,,,,,33.25,30.370001,,,,,,2.862,pending,,2026-06-16T13:16:08+00:00
trackb_cont_RHI_20260608,,,,,,33.25,30.370001,,,,,,-2.8471,pending,,2026-06-16T13:16:08+00:00
trackb_cont_RHI_20260616,,,,,,,,,,,,,,pending,,2026-06-16T13:16:08+00:00
trackb_cont_RHLD_20260615,,,,,,139.279999,130.630005,,,,,,-1.9515,pending,,2026-06-16T13:18:20+00:00
trackb_cont_RHLD_20260616,,,,,,,,,,,,,,pending,,2026-06-16T13:18:20+00:00
trackb_cont_RHP_20260603,118.669998,,,,,123.980003,112.739998,,,,,,-2.4234,pending,,2026-06-16T13:16:12+00:00
trackb_cont_RHP_20260604,121.449997,,,,,123.980003,114.580002,,,,,,-0.8309,pending,,2026-06-16T13:16:12+00:00
trackb_cont_RHP_20260605,122.809998,,,,,123.980003,116.269997,,,,,,0.6318,pending,,2026-06-16T13:16:12+00:00
trackb_cont_RHP_20260608,,,,,,123.980003,118.080002,,,,,,2.1984,pending,,2026-06-16T13:16:12+00:00
trackb_cont_RHP_20260611,,,,,,123.980003,119.470001,,,,,,0.6741,pending,,2026-06-16T13:16:12+00:00
trackb_cont_RHP_20260616,,,,,,,,,,,,,,pending,,2026-06-16T13:16:12+00:00
trackb_cont_RH_20260603,148.690002,,,,,163.559998,141.279999,,,,,,-5.1303,pending,,2026-06-16T13:15:31+00:00
trackb_cont_RH_20260604,159.320007,,,,,163.559998,141.279999,,,,,,-5.1303,pending,,2026-06-16T13:15:31+00:00
trackb_cont_RH_20260605,153.039993,,,,,163.559998,141.279999,,,,,,-5.1303,pending,,2026-06-16T13:15:31+00:00
trackb_cont_RH_20260608,148.119995,,,,,163.559998,141.279999,,,,,,-5.1303,pending,,2026-06-16T13:15:31+00:00
trackb_cont_RH_20260610,,,,,,163.559998,146.300003,,,,,,-0.3406,pending,,2026-06-16T13:15:31+00:00
trackb_cont_RH_20260611,,,,,,163.559998,147.0,,,,,,-1.1366,pending,,2026-06-16T13:15:31+00:00
trackb_cont_RH_20260612,,,,,,163.559998,147.0,,,,,,-7.7329,pending,,2026-06-16T13:15:31+00:00
trackb_cont_RH_20260615,,,,,,162.75,147.690002,,,,,,-7.6937,pending,,2026-06-16T13:15:31+00:00
trackb_cont_RH_20260616,,,,,,,,,,,,,,pending,,2026-06-16T13:15:31+00:00
trackb_cont_RIOT_20260603,24.08,,,,,28.639999,23.665001,,,,,,-15.4066,pending,,2026-06-16T13:16:13+00:00
trackb_cont_RIOT_20260604,26.139999,,,,,28.475,23.665001,,,,,,-15.4066,pending,,2026-06-16T13:16:13+00:00
trackb_cont_RIOT_20260605,26.610001,,,,,28.475,23.665001,,,,,,-15.4066,pending,,2026-06-16T13:16:13+00:00
trackb_cont_RIOT_20260608,27.379999,,,,,28.475,23.665001,,,,,,-15.4066,pending,,2026-06-16T13:16:13+00:00
trackb_cont_RIVN_20260603,14.76,,,,,18.549999,14.482,,,,,,-18.0187,pending,,2026-06-16T13:15:40+00:00
trackb_cont_RIVN_20260604,15.54,,,,,18.549999,14.482,,,,,,-18.0187,pending,,2026-06-16T13:15:40+00:00
trackb_cont_RIVN_20260605,16.76,,,,,18.0,14.482,,,,,,-18.0187,pending,,2026-06-16T13:15:40+00:00
trackb_cont_RIVN_20260608,16.68,,,,,17.6,14.482,,,,,,-11.4251,pending,,2026-06-16T13:15:40+00:00
trackb_cont_RLGT_20260603,8.88,,,,,9.45,8.43,,,,,,-1.8626,pending,,2026-06-16T13:15:56+00:00
trackb_cont_RLGT_20260604,9.1,,,,,9.45,8.44,,,,,,-1.7462,pending,,2026-06-16T13:15:56+00:00
trackb_cont_RLGT_20260605,9.2,,,,,9.45,8.56,,,,,,-0.3492,pending,,2026-06-16T13:15:56+00:00
trackb_cont_RLGT_20260608,,,,,,9.45,8.65,,,,,,0.9335,pending,,2026-06-16T13:15:56+00:00
trackb_cont_RLGT_20260610,,,,,,9.35,8.87,,,,,,-1.4444,pending,,2026-06-16T13:15:56+00:00
trackb_cont_RLGT_20260615,,,,,,9.35,9.075,,,,,,-2.2617,pending,,2026-06-16T13:15:56+00:00
trackb_cont_RLGT_20260616,,,,,,,,,,,,,,pending,,2026-06-16T13:15:56+00:00
trackb_cont_RLI_20260610,,,,,,54.849998,52.73,,,,,,1.1898,pending,,2026-06-16T13:17:01+00:00
trackb_cont_RLI_20260612,,,,,,54.849998,53.529999,,,,,,-1.1084,pending,,2026-06-16T13:17:01+00:00
trackb_cont_RLI_20260615,,,,,,54.639999,53.529999,,,,,,-0.5573,pending,,2026-06-16T13:17:01+00:00
trackb_cont_RLI_20260616,,,,,,,,,,,,,,pending,,2026-06-16T13:17:01+00:00
trackb_cont_RLJ_20260603,10.64,,,,,11.17,9.99,,,,,,-1.1381,pending,,2026-06-16T13:15:25+00:00
trackb_cont_RLJ_20260604,10.97,,,,,11.17,10.24,,,,,,1.336,pending,,2026-06-16T13:15:25+00:00
trackb_cont_RLJ_20260605,11.02,,,,,11.17,10.47,,,,,,3.6121,pending,,2026-06-16T13:15:25+00:00
trackb_cont_RLJ_20260608,,,,,,11.17,10.47,,,,,,3.6121,pending,,2026-06-16T13:15:25+00:00
trackb_cont_RLJ_20260609,,,,,,11.17,10.47,,,,,,-0.3806,pending,,2026-06-16T13:15:25+00:00
trackb_cont_RLJ_20260610,,,,,,11.17,10.56,,,,,,0.4757,pending,,2026-06-16T13:15:25+00:00
trackb_cont_RLJ_20260611,,,,,,11.17,10.72,,,,,,0.7519,pending,,2026-06-16T13:15:25+00:00
trackb_cont_RLJ_20260612,,,,,,11.17,10.97,,,,,,0.0,pending,,2026-06-16T13:15:25+00:00
trackb_cont_RLJ_20260616,,,,,,,,,,,,,,pending,,2026-06-16T13:15:25+00:00
trackb_cont_RL_20260612,,,,,,421.600006,396.130005,,,,,,0.7196,pending,,2026-06-16T13:18:03+00:00
trackb_cont_RL_20260616,,,,,,,,,,,,,,pending,,2026-06-16T13:18:03+00:00
trackb_cont_RMBS_20260603,138.119995,,,,,174.100006,130.270004,,,,,,-23.3334,pending,,2026-06-16T13:15:12+00:00
trackb_cont_RMBS_20260604,144.470001,,,,,171.279999,130.270004,,,,,,-23.3334,pending,,2026-06-16T13:15:12+00:00
trackb_cont_RMBS_20260605,146.559998,,,,,161.800003,130.270004,,,,,,-23.3334,pending,,2026-06-16T13:15:12+00:00
trackb_cont_RMBS_20260608,,,,,,159.630005,130.270004,,,,,,-23.3334,pending,,2026-06-16T13:15:12+00:00
trackb_cont_RMR_20260603,21.049999,,,,,21.450001,19.790001,,,,,,-0.101,pending,,2026-06-16T13:16:36+00:00
trackb_cont_RMR_20260604,20.92,,,,,21.450001,20.01,,,,,,1.0096,pending,,2026-06-16T13:16:36+00:00
trackb_cont_RMR_20260605,21.370001,,,,,21.450001,20.275,,,,,,2.3473,pending,,2026-06-16T13:16:36+00:00
trackb_cont_RMR_20260608,20.48,,,,,21.450001,20.309999,,,,,,2.524,pending,,2026-06-16T13:16:36+00:00
trackb_cont_RMR_20260616,,,,,,,,,,,,,,pending,,2026-06-16T13:16:36+00:00
trackb_cont_ROCK_20260615,,,,,,42.0,40.349998,,,,,,-3.9286,pending,,2026-06-16T13:17:45+00:00
trackb_cont_ROCK_20260616,,,,,,,,,,,,,,pending,,2026-06-16T13:17:45+00:00
trackb_cont_ROG_20260603,137.470001,,,,,160.449905,135.520004,,,,,,-10.3822,pending,,2026-06-16T13:15:28+00:00
trackb_cont_ROG_20260604,145.990005,,,,,160.449905,135.520004,,,,,,-10.3822,pending,,2026-06-16T13:15:28+00:00
trackb_cont_ROG_20260605,151.059998,,,,,160.449905,135.520004,,,,,,-10.3822,pending,,2026-06-16T13:15:28+00:00
trackb_cont_ROG_20260616,,,,,,,,,,,,,,pending,,2026-06-16T13:15:28+00:00
trackb_cont_ROKU_20260616,,,,,,,,,,,,,,pending,,2026-06-16T13:18:30+00:00
trackb_cont_ROK_20260603,440.070007,,,,,473.906708,439.700012,,,,,,-4.8608,pending,,2026-06-16T13:15:21+00:00
trackb_cont_ROK_20260604,457.589996,,,,,473.906708,439.700012,,,,,,-4.8608,pending,,2026-06-16T13:15:21+00:00
trackb_cont_ROK_20260605,459.339996,,,,,473.906708,439.700012,,,,,,-4.8608,pending,,2026-06-16T13:15:21+00:00
trackb_cont_ROK_20260608,,,,,,473.906708,439.700012,,,,,,-1.5692,pending,,2026-06-16T13:15:21+00:00
trackb_cont_ROK_20260616,,,,,,,,,,,,,,pending,,2026-06-16T13:15:21+00:00
trackb_cont_ROLR_20260611,,,,,,7.55,5.85,,,,,,-17.0213,pending,,2026-06-16T13:17:54+00:00
trackb_cont_ROLR_20260612,,,,,,7.36,5.85,,,,,,-20.5163,pending,,2026-06-16T13:17:54+00:00
trackb_cont_ROST_20260610,,,,,,242.809998,228.080002,,,,,,0.2902,pending,,2026-06-16T13:17:42+00:00
trackb_cont_ROST_20260612,,,,,,242.809998,235.839996,,,,,,-1.3676,pending,,2026-06-16T13:17:42+00:00
trackb_cont_ROST_20260616,,,,,,,,,,,,,,pending,,2026-06-16T13:17:42+00:00
trackb_cont_RPM_20260603,104.279999,,,,,111.339996,103.57,,,,,,-0.7855,pending,,2026-06-16T13:16:31+00:00
trackb_cont_RPM_20260604,107.529999,,,,,111.339996,103.870003,,,,,,-0.4981,pending,,2026-06-16T13:16:31+00:00
trackb_cont_RPM_20260605,107.050003,,,,,111.339996,104.010002,,,,,,-0.364,pending,,2026-06-16T13:16:31+00:00
trackb_cont_RPM_20260608,,,,,,111.339996,104.010002,,,,,,-0.364,pending,,2026-06-16T13:16:31+00:00
trackb_cont_RPM_20260610,,,,,,111.339996,104.129997,,,,,,-0.4588,pending,,2026-06-16T13:16:31+00:00
trackb_cont_RPM_20260612,,,,,,111.339996,106.860001,,,,,,-0.6231,pending,,2026-06-16T13:16:31+00:00
trackb_cont_RPM_20260616,,,,,,,,,,,,,,pending,,2026-06-16T13:16:31+00:00
trackb_cont_RPRX_20260603,54.52,,,,,56.5,53.945,,,,,,-2.2558,pending,,2026-06-16T13:16:57+00:00
trackb_cont_RPRX_20260604,55.290001,,,,,56.5,54.09,,,,,,-1.9931,pending,,2026-06-16T13:16:57+00:00
trackb_cont_RPRX_20260605,54.869999,,,,,56.5,54.09,,,,,,-1.9931,pending,,2026-06-16T13:16:57+00:00
trackb_cont_RPRX_20260608,54.27,,,,,56.5,54.09,,,,,,-3.186,pending,,2026-06-16T13:16:57+00:00
trackb_cont_RPRX_20260610,,,,,,56.23,54.09,,,,,,-1.4036,pending,,2026-06-16T13:16:57+00:00
trackb_cont_RPRX_20260611,,,,,,56.0,54.09,,,,,,-0.7887,pending,,2026-06-16T13:16:57+00:00
trackb_cont_RRR_20260603,62.080002,,,,,63.650002,56.299999,,,,,,-0.793,pending,,2026-06-16T13:16:40+00:00
trackb_cont_RRR_20260604,62.32,,,,,63.650002,56.299999,,,,,,-0.793,pending,,2026-06-16T13:16:40+00:00
trackb_cont_RRR_20260605,63.110001,,,,,63.650002,57.009998,,,,,,0.4581,pending,,2026-06-16T13:16:40+00:00
trackb_cont_RRR_20260609,,,,,,63.650002,58.200001,,,,,,0.1894,pending,,2026-06-16T13:16:40+00:00
trackb_cont_RRR_20260610,,,,,,63.650002,59.490002,,,,,,2.4101,pending,,2026-06-16T13:16:40+00:00
trackb_cont_RRR_20260615,,,,,,63.650002,60.610001,,,,,,-3.8394,pending,,2026-06-16T13:16:40+00:00
trackb_cont_RRR_20260616,,,,,,,,,,,,,,pending,,2026-06-16T13:16:40+00:00
trackb_cont_RRX_20260615,,,,,,225.134995,218.850006,,,,,,-2.3819,pending,,2026-06-16T13:18:13+00:00
trackb_cont_RRX_20260616,,,,,,,,,,,,,,pending,,2026-06-16T13:18:13+00:00
trackb_cont_RSI_20260615,,,,,,30.139999,29.23,,,,,,-1.5493,pending,,2026-06-16T13:18:19+00:00
trackb_cont_RSI_20260616,,,,,,,,,,,,,,pending,,2026-06-16T13:18:19+00:00
trackb_cont_RS_20260603,394.290009,,,,,419.829987,386.609985,,,,,,-1.5257,pending,,2026-06-16T13:15:34+00:00
trackb_cont_RS_20260604,410.429993,,,,,419.829987,386.609985,,,,,,-1.5257,pending,,2026-06-16T13:15:34+00:00
trackb_cont_RS_20260605,413.429993,,,,,419.829987,389.230011,,,,,,-0.8584,pending,,2026-06-16T13:15:34+00:00
trackb_cont_RS_20260608,405.920013,,,,,419.829987,389.230011,,,,,,-0.8584,pending,,2026-06-16T13:15:34+00:00
trackb_cont_RS_20260609,,,,,,419.829987,393.0,,,,,,-0.8227,pending,,2026-06-16T13:15:34+00:00
trackb_cont_RS_20260610,,,,,,419.829987,393.0,,,,,,-0.8227,pending,,2026-06-16T13:15:34+00:00
trackb_cont_RS_20260611,,,,,,419.829987,393.0,,,,,,-0.3272,pending,,2026-06-16T13:15:34+00:00
trackb_cont_RS_20260615,,,,,,419.829987,404.920013,,,,,,-2.9492,pending,,2026-06-16T13:15:34+00:00
trackb_cont_RS_20260616,,,,,,,,,,,,,,pending,,2026-06-16T13:15:34+00:00
trackb_cont_RTX_20260616,,,,,,,,,,,,,,pending,,2026-06-16T13:18:31+00:00
trackb_cont_RUM_20260603,7.0,,,,,10.54,6.765,,,,,,-20.9696,pending,,2026-06-16T13:16:56+00:00
trackb_cont_RUM_20260604,7.54,,,,,10.54,6.765,,,,,,-20.9696,pending,,2026-06-16T13:16:56+00:00
trackb_cont_RUM_20260605,7.16,,,,,8.318,6.765,,,,,,-20.9696,pending,,2026-06-16T13:16:56+00:00
trackb_cont_RUM_20260608,7.75,,,,,8.318,6.765,,,,,,-20.9696,pending,,2026-06-16T13:16:56+00:00
trackb_cont_RVTY_20260603,101.290001,,,,,106.209999,97.599998,,,,,,-3.7285,pending,,2026-06-16T13:16:48+00:00
trackb_cont_RVTY_20260604,101.519997,,,,,106.209999,97.599998,,,,,,-3.7285,pending,,2026-06-16T13:16:48+00:00
trackb_cont_RVTY_20260605,99.660004,,,,,106.209999,97.599998,,,,,,-3.7285,pending,,2026-06-16T13:16:48+00:00
trackb_cont_RVTY_20260608,,,,,,106.209999,98.419998,,,,,,-2.9197,pending,,2026-06-16T13:16:48+00:00
trackb_cont_RVTY_20260611,,,,,,103.599998,98.419998,,,,,,-2.8335,pending,,2026-06-16T13:16:48+00:00
trackb_cont_RXO_20260603,28.75,,,,,29.860001,26.200001,,,,,,-1.9461,pending,,2026-06-16T13:15:25+00:00
trackb_cont_RXO_20260604,28.5,,,,,29.860001,26.530001,,,,,,-0.7111,pending,,2026-06-16T13:15:25+00:00
trackb_cont_RXO_20260605,28.35,,,,,29.860001,26.530001,,,,,,-0.7111,pending,,2026-06-16T13:15:25+00:00
trackb_cont_RXO_20260608,27.709999,,,,,29.860001,26.98,,,,,,0.9731,pending,,2026-06-16T13:15:25+00:00
trackb_cont_RXO_20260610,,,,,,29.860001,27.15,,,,,,-3.2775,pending,,2026-06-16T13:15:25+00:00
trackb_cont_RXO_20260616,,,,,,,,,,,,,,pending,,2026-06-16T13:15:25+00:00
trackb_cont_RYAN_20260612,,,,,,36.09,34.220001,,,,,,-0.7828,pending,,2026-06-16T13:17:02+00:00
trackb_cont_RYAN_20260616,,,,,,,,,,,,,,pending,,2026-06-16T13:17:02+00:00
trackb_cont_RYN_20260610,,,,,,22.219999,20.42,,,,,,-1.7324,pending,,2026-06-16T13:17:42+00:00
trackb_cont_RYN_20260611,,,,,,22.219999,20.42,,,,,,-1.305,pending,,2026-06-16T13:17:42+00:00
trackb_cont_RYN_20260615,,,,,,22.219999,21.530001,,,,,,-2.7908,pending,,2026-06-16T13:17:42+00:00
trackb_cont_RYN_20260616,,,,,,,,,,,,,,pending,,2026-06-16T13:17:42+00:00
trackb_cont_RYZ_20260603,28.639999,,,,,30.85,26.735001,,,,,,-4.7135,pending,,2026-06-16T13:15:55+00:00
trackb_cont_RYZ_20260604,29.6,,,,,30.85,26.735001,,,,,,-4.7135,pending,,2026-06-16T13:15:55+00:00
trackb_cont_RYZ_20260605,30.41,,,,,30.85,26.735001,,,,,,-4.7135,pending,,2026-06-16T13:15:55+00:00
trackb_cont_RYZ_20260608,29.02,,,,,30.85,27.087999,,,,,,-3.4554,pending,,2026-06-16T13:15:55+00:00
trackb_cont_RYZ_20260612,,,,,,30.85,29.01,,,,,,-1.9932,pending,,2026-06-16T13:15:55+00:00
trackb_cont_RYZ_20260616,,,,,,,,,,,,,,pending,,2026-06-16T13:15:55+00:00
trackb_cont_R_20260603,270.25,,,,,284.25,256.200012,,,,,,-1.0505,pending,,2026-06-16T13:15:19+00:00
trackb_cont_R_20260604,280.339996,,,,,284.25,259.950012,,,,,,0.3978,pending,,2026-06-16T13:15:19+00:00
trackb_cont_R_20260605,280.329987,,,,,284.25,263.779999,,,,,,1.877,pending,,2026-06-16T13:15:19+00:00
trackb_cont_R_20260608,,,,,,284.25,263.779999,,,,,,1.877,pending,,2026-06-16T13:15:19+00:00
trackb_cont_R_20260609,,,,,,284.25,268.0,,,,,,-1.0851,pending,,2026-06-16T13:15:19+00:00
trackb_cont_R_20260610,,,,,,284.25,269.920013,,,,,,-0.3765,pending,,2026-06-16T13:15:19+00:00
trackb_cont_R_20260611,,,,,,284.25,272.179993,,,,,,0.7142,pending,,2026-06-16T13:15:19+00:00
trackb_cont_R_20260616,,,,,,,,,,,,,,pending,,2026-06-16T13:15:19+00:00
trackb_cont_SAFE_20260609,,,,,,16.32,15.54,,,,,,-0.6394,pending,,2026-06-16T13:17:30+00:00
trackb_cont_SAFE_20260611,,,,,,16.290001,15.54,,,,,,-1.3333,pending,,2026-06-16T13:17:30+00:00
trackb_cont_SAFE_20260612,,,,,,16.290001,15.54,,,,,,-3.4183,pending,,2026-06-16T13:17:30+00:00
trackb_cont_SAFE_20260616,,,,,,,,,,,,,,pending,,2026-06-16T13:17:30+00:00
trackb_cont_SAH_20260603,84.150002,,,,,85.919998,80.339996,,,,,,-3.7037,pending,,2026-06-16T13:15:22+00:00
trackb_cont_SAH_20260604,84.25,,,,,85.919998,80.339996,,,,,,-3.7037,pending,,2026-06-16T13:15:22+00:00
trackb_cont_SAH_20260605,84.610001,,,,,85.919998,80.339996,,,,,,-3.7037,pending,,2026-06-16T13:15:22+00:00
trackb_cont_SAH_20260608,83.709999,,,,,85.919998,80.339996,,,,,,-3.7037,pending,,2026-06-16T13:15:22+00:00
trackb_cont_SAH_20260610,,,,,,85.919998,83.57,,,,,,1.0642,pending,,2026-06-16T13:15:22+00:00
trackb_cont_SAH_20260611,,,,,,85.889999,83.57,,,,,,-0.6892,pending,,2026-06-16T13:15:22+00:00
trackb_cont_SAH_20260612,,,,,,85.889999,83.57,,,,,,-0.8071,pending,,2026-06-16T13:15:22+00:00
trackb_cont_SAH_20260616,,,,,,,,,,,,,,pending,,2026-06-16T13:15:22+00:00
trackb_cont_SAIA_20260603,463.700012,,,,,494.709991,430.01001,,,,,,-6.9061,pending,,2026-06-16T13:16:17+00:00
trackb_cont_SAIA_20260604,487.140015,,,,,494.709991,430.01001,,,,,,-6.9061,pending,,2026-06-16T13:16:17+00:00
trackb_cont_SAIA_20260605,482.869995,,,,,494.709991,430.01001,,,,,,-6.9061,pending,,2026-06-16T13:16:17+00:00
trackb_cont_SAIA_20260608,,,,,,494.709991,430.01001,,,,,,-6.9061,pending,,2026-06-16T13:16:17+00:00
trackb_cont_SAIA_20260609,,,,,,494.709991,430.01001,,,,,,-10.5413,pending,,2026-06-16T13:16:17+00:00
trackb_cont_SAIA_20260611,,,,,,490.070007,467.880005,,,,,,0.9014,pending,,2026-06-16T13:16:17+00:00
trackb_cont_SAIA_20260615,,,,,,486.730011,470.154999,,,,,,-2.1316,pending,,2026-06-16T13:16:17+00:00
trackb_cont_SAIA_20260616,,,,,,,,,,,,,,pending,,2026-06-16T13:16:17+00:00
trackb_cont_SAIC_20260603,114.230003,,,,,118.419998,108.739998,,,,,,-3.368,pending,,2026-06-16T13:16:54+00:00
trackb_cont_SAIC_20260604,114.93,,,,,118.419998,108.739998,,,,,,-3.368,pending,,2026-06-16T13:16:54+00:00
trackb_cont_SAIC_20260605,113.809998,,,,,118.169998,108.739998,,,,,,-3.368,pending,,2026-06-16T13:16:54+00:00
trackb_cont_SAIC_20260608,109.389999,,,,,116.720001,108.739998,,,,,,-3.368,pending,,2026-06-16T13:16:54+00:00
trackb_cont_SAIC_20260609,,,,,,116.720001,108.739998,,,,,,-3.9399,pending,,2026-06-16T13:16:54+00:00
trackb_cont_SAIC_20260610,,,,,,116.720001,108.739998,,,,,,-3.9399,pending,,2026-06-16T13:16:54+00:00
trackb_cont_SAIC_20260612,,,,,,115.849998,108.739998,,,,,,-5.3859,pending,,2026-06-16T13:16:54+00:00
trackb_cont_SANM_20260603,231.320007,,,,,288.679993,229.059998,,,,,,-19.2655,pending,,2026-06-16T13:15:10+00:00
trackb_cont_SANM_20260604,246.979996,,,,,285.339996,229.059998,,,,,,-19.2655,pending,,2026-06-16T13:15:10+00:00
trackb_cont_SANM_20260605,255.199997,,,,,270.970001,229.059998,,,,,,-19.2655,pending,,2026-06-16T13:15:10+00:00
trackb_cont_SANM_20260608,,,,,,269.542297,229.059998,,,,,,-9.132,pending,,2026-06-16T13:15:10+00:00
trackb_cont_SBH_20260616,,,,,,,,,,,,,,pending,,2026-06-16T13:18:15+00:00
trackb_cont_SCHW_20260616,,,,,,,,,,,,,,pending,,2026-06-16T13:18:31+00:00
trackb_cont_SCSC_20260603,48.860001,,,,,50.634998,45.279999,,,,,,-0.7018,pending,,2026-06-16T13:15:39+00:00
trackb_cont_SCSC_20260604,49.540001,,,,,50.634998,46.009998,,,,,,0.8991,pending,,2026-06-16T13:15:39+00:00
trackb_cont_SCSC_20260605,50.009998,,,,,50.634998,46.110001,,,,,,1.1184,pending,,2026-06-16T13:15:39+00:00
trackb_cont_SCSC_20260608,,,,,,50.634998,46.119999,,,,,,1.1403,pending,,2026-06-16T13:15:39+00:00
trackb_cont_SCSC_20260609,,,,,,50.634998,47.18,,,,,,-2.0145,pending,,2026-06-16T13:15:39+00:00
trackb_cont_SCSC_20260610,,,,,,50.634998,47.66,,,,,,-1.0177,pending,,2026-06-16T13:15:39+00:00
trackb_cont_SCSC_20260612,,,,,,50.634998,48.73,,,,,,-1.635,pending,,2026-06-16T13:15:39+00:00
trackb_cont_SCSC_20260616,,,,,,,,,,,,,,pending,,2026-06-16T13:15:39+00:00
trackb_cont_SDGR_20260603,14.15,,,,,16.469999,13.9,,,,,,-5.3778,pending,,2026-06-16T13:16:46+00:00
trackb_cont_SDGR_20260604,14.6,,,,,16.469999,13.9,,,,,,-5.3778,pending,,2026-06-16T13:16:46+00:00
trackb_cont_SDGR_20260605,14.45,,,,,15.85,13.9,,,,,,-5.3778,pending,,2026-06-16T13:16:46+00:00
trackb_cont_SDGR_20260608,14.6,,,,,15.075,13.9,,,,,,-5.3778,pending,,2026-06-16T13:16:46+00:00
trackb_cont_SDHC_20260615,,,,,,13.97,13.27,,,,,,-3.4558,pending,,2026-06-16T13:18:24+00:00
trackb_cont_SDHC_20260616,,,,,,,,,,,,,,pending,,2026-06-16T13:18:24+00:00
trackb_cont_SEM_20260609,,,,,,16.700001,16.59,,,,,,0.1207,pending,,2026-06-16T13:17:29+00:00
trackb_cont_SEM_20260611,,,,,,16.700001,16.620001,,,,,,0.1205,pending,,2026-06-16T13:17:29+00:00
trackb_cont_SEM_20260612,,,,,,16.700001,16.639,,,,,,-0.1261,pending,,2026-06-16T13:17:29+00:00
trackb_cont_SEM_20260616,,,,,,,,,,,,,,pending,,2026-06-16T13:17:29+00:00
trackb_cont_SEZL_20260603,120.980003,,,,,147.699997,108.510002,,,,,,-0.6773,pending,,2026-06-16T13:15:50+00:00
trackb_cont_SEZL_20260604,128.830002,,,,,147.699997,113.330002,,,,,,3.7346,pending,,2026-06-16T13:15:50+00:00
trackb_cont_SEZL_20260605,132.699997,,,,,147.699997,113.330002,,,,,,3.7346,pending,,2026-06-16T13:15:50+00:00
trackb_cont_SEZL_20260608,,,,,,147.699997,114.860001,,,,,,-0.9913,pending,,2026-06-16T13:15:50+00:00
trackb_cont_SEZL_20260610,,,,,,147.699997,118.860001,,,,,,-1.8983,pending,,2026-06-16T13:15:50+00:00
trackb_cont_SEZL_20260612,,,,,,147.699997,128.880005,,,,,,0.0388,pending,,2026-06-16T13:15:50+00:00
trackb_cont_SEZL_20260616,,,,,,,,,,,,,,pending,,2026-06-16T13:15:50+00:00
trackb_cont_SFD_20260609,,,,,,27.08,25.889999,,,,,,-1.3714,pending,,2026-06-16T13:17:07+00:00
trackb_cont_SGRY_20260612,,,,,,15.505,14.8,,,,,,-0.9371,pending,,2026-06-16T13:18:10+00:00
trackb_cont_SGRY_20260615,,,,,,15.505,15.04,,,,,,-1.7315,pending,,2026-06-16T13:18:10+00:00
trackb_cont_SGRY_20260616,,,,,,,,,,,,,,pending,,2026-06-16T13:18:10+00:00
trackb_cont_SHLS_20260603,9.25,,,,,12.815,9.12,,,,,,-27.2176,pending,,2026-06-16T13:16:01+00:00
trackb_cont_SHLS_20260604,9.89,,,,,12.79,9.12,,,,,,-27.2176,pending,,2026-06-16T13:16:01+00:00
trackb_cont_SHLS_20260605,10.43,,,,,12.49,9.12,,,,,,-27.2176,pending,,2026-06-16T13:16:01+00:00
trackb_cont_SHLS_20260608,10.3,,,,,11.44,9.12,,,,,,-27.2176,pending,,2026-06-16T13:16:01+00:00
trackb_cont_SHOO_20260603,44.23,,,,,47.105,43.080002,,,,,,-1.6214,pending,,2026-06-16T13:15:11+00:00
trackb_cont_SHOO_20260604,45.889999,,,,,47.105,43.16,,,,,,-1.4387,pending,,2026-06-16T13:15:11+00:00
trackb_cont_SHOO_20260605,46.150002,,,,,47.105,43.16,,,,,,-1.4387,pending,,2026-06-16T13:15:11+00:00
trackb_cont_SHOO_20260608,,,,,,47.105,43.16,,,,,,-1.9759,pending,,2026-06-16T13:15:11+00:00
trackb_cont_SHOO_20260616,,,,,,,,,,,,,,pending,,2026-06-16T13:15:11+00:00
trackb_cont_SHO_20260603,11.43,,,,,11.87,10.96,,,,,,-2.6211,pending,,2026-06-16T13:15:23+00:00
trackb_cont_SHO_20260604,11.7,,,,,11.87,11.25,,,,,,-0.0444,pending,,2026-06-16T13:15:23+00:00
trackb_cont_SHO_20260605,11.72,,,,,11.87,11.38,,,,,,1.1106,pending,,2026-06-16T13:15:23+00:00
trackb_cont_SHO_20260608,,,,,,11.87,11.38,,,,,,1.1106,pending,,2026-06-16T13:15:23+00:00
trackb_cont_SHO_20260609,,,,,,11.87,11.41,,,,,,-0.9549,pending,,2026-06-16T13:15:23+00:00
trackb_cont_SHO_20260611,,,,,,11.87,11.45,,,,,,0.175,pending,,2026-06-16T13:15:23+00:00
trackb_cont_SHO_20260615,,,,,,11.87,11.68,,,,,,-1.1008,pending,,2026-06-16T13:15:23+00:00
trackb_cont_SHO_20260616,,,,,,,,,,,,,,pending,,2026-06-16T13:15:23+00:00
trackb_cont_SHW_20260615,,,,,,327.329987,319.390015,,,,,,-2.1492,pending,,2026-06-16T13:18:18+00:00
trackb_cont_SHW_20260616,,,,,,,,,,,,,,pending,,2026-06-16T13:18:18+00:00
trackb_cont_SIGI_20260611,,,,,,93.050003,91.389999,,,,,,0.0547,pending,,2026-06-16T13:17:55+00:00
trackb_cont_SIGI_20260616,,,,,,,,,,,,,,pending,,2026-06-16T13:17:55+00:00
trackb_cont_SILA_20260603,30.290001,,,,,30.32,30.23,,,,,,-0.0496,pending,,2026-06-16T13:16:41+00:00
trackb_cont_SILA_20260604,30.27,,,,,30.32,30.245001,,,,,,0.0,pending,,2026-06-16T13:16:41+00:00
trackb_cont_SILA_20260605,30.280001,,,,,30.32,30.245001,,,,,,0.0,pending,,2026-06-16T13:16:41+00:00
trackb_cont_SILA_20260608,,,,,,30.32,30.25,,,,,,0.0165,pending,,2026-06-16T13:16:41+00:00
trackb_cont_SILA_20260616,,,,,,,,,,,,,,pending,,2026-06-16T13:16:41+00:00
trackb_cont_SIRI_20260603,27.59,,,,,28.77,26.459999,,,,,,-5.8531,pending,,2026-06-16T13:16:57+00:00
trackb_cont_SIRI_20260604,27.59,,,,,28.77,26.459999,,,,,,-5.8531,pending,,2026-06-16T13:16:57+00:00
trackb_cont_SIRI_20260605,27.52,,,,,28.77,26.459999,,,,,,-5.8531,pending,,2026-06-16T13:16:57+00:00
trackb_cont_SJM_20260609,,,,,,117.739998,105.5,,,,,,3.6651,pending,,2026-06-16T13:17:26+00:00
trackb_cont_SJM_20260610,,,,,,117.739998,112.459999,,,,,,10.5041,pending,,2026-06-16T13:17:26+00:00
trackb_cont_SJM_20260615,,,,,,116.019997,113.504402,,,,,,-0.8522,pending,,2026-06-16T13:17:26+00:00
trackb_cont_SJM_20260616,,,,,,,,,,,,,,pending,,2026-06-16T13:17:26+00:00
trackb_cont_SKLZ_20260603,8.75,,,,,10.0,8.2,,,,,,-13.8655,pending,,2026-06-16T13:15:24+00:00
trackb_cont_SKLZ_20260604,9.03,,,,,10.0,8.2,,,,,,-13.8655,pending,,2026-06-16T13:15:24+00:00
trackb_cont_SKLZ_20260605,8.63,,,,,9.58,8.2,,,,,,-13.8655,pending,,2026-06-16T13:15:24+00:00
trackb_cont_SKLZ_20260608,8.85,,,,,9.49,8.45,,,,,,-11.2395,pending,,2026-06-16T13:15:24+00:00
trackb_cont_SKT_20260616,,,,,,,,,,,,,,pending,,2026-06-16T13:18:34+00:00
trackb_cont_SKYW_20260616,,,,,,,,,,,,,,pending,,2026-06-16T13:18:34+00:00
trackb_cont_SKY_20260610,,,,,,82.055,75.099998,,,,,,-0.133,pending,,2026-06-16T13:17:39+00:00
trackb_cont_SKY_20260612,,,,,,82.055,78.0,,,,,,-3.0574,pending,,2026-06-16T13:17:39+00:00
trackb_cont_SKY_20260616,,,,,,,,,,,,,,pending,,2026-06-16T13:17:39+00:00
trackb_cont_SLB_20260608,,,,,,57.360001,53.52,,,,,,-2.4604,pending,,2026-06-16T13:17:17+00:00
trackb_cont_SLDP_20260603,2.77,,,,,3.52,2.7,,,,,,-18.0303,pending,,2026-06-16T13:15:32+00:00
trackb_cont_SLDP_20260604,2.83,,,,,3.43,2.7,,,,,,-18.0303,pending,,2026-06-16T13:15:32+00:00
trackb_cont_SLDP_20260605,2.8,,,,,3.23,2.7,,,,,,-18.0303,pending,,2026-06-16T13:15:32+00:00
trackb_cont_SLDP_20260608,2.84,,,,,3.07,2.7,,,,,,-18.0303,pending,,2026-06-16T13:15:32+00:00
trackb_cont_SLGN_20260616,,,,,,,,,,,,,,pending,,2026-06-16T13:18:35+00:00
trackb_cont_SLG_20260603,51.049999,,,,,52.529999,44.080002,,,,,,-0.3391,pending,,2026-06-16T13:16:40+00:00
trackb_cont_SLG_20260604,51.310001,,,,,52.529999,45.119999,,,,,,2.0122,pending,,2026-06-16T13:16:40+00:00
trackb_cont_SLG_20260605,51.150002,,,,,52.529999,46.450001,,,,,,5.0192,pending,,2026-06-16T13:16:40+00:00
trackb_cont_SLG_20260608,51.450001,,,,,52.529999,48.080002,,,,,,0.5227,pending,,2026-06-16T13:16:40+00:00
trackb_cont_SLG_20260616,,,,,,,,,,,,,,pending,,2026-06-16T13:16:40+00:00
trackb_cont_SLM_20260611,,,,,,22.885,21.33,,,,,,0.1408,pending,,2026-06-16T13:17:53+00:00
trackb_cont_SMA_20260616,,,,,,,,,,,,,,pending,,2026-06-16T13:18:45+00:00
trackb_cont_SMCI_20260603,29.27,,,,,50.02,28.610001,,,,,,-38.4334,pending,,2026-06-16T13:15:26+00:00
trackb_cont_SMCI_20260604,31.969999,,,,,47.84,28.610001,,,,,,-38.4334,pending,,2026-06-16T13:15:26+00:00
trackb_cont_SMCI_20260605,30.459999,,,,,45.259998,28.610001,,,,,,-38.4334,pending,,2026-06-16T13:15:26+00:00
trackb_cont_SMCI_20260608,,,,,,44.950001,28.610001,,,,,,-38.4334,pending,,2026-06-16T13:15:26+00:00
trackb_cont_SMG_20260615,,,,,,65.945,62.619999,,,,,,-3.2618,pending,,2026-06-16T13:18:23+00:00
trackb_cont_SMG_20260616,,,,,,,,,,,,,,pending,,2026-06-16T13:18:23+00:00
trackb_cont_SMPL_20260611,,,,,,12.815,12.325,,,,,,-2.2601,pending,,2026-06-16T13:17:52+00:00
trackb_cont_SMPL_20260612,,,,,,12.815,12.435,,,,,,-1.6218,pending,,2026-06-16T13:17:52+00:00
trackb_cont_SMPL_20260615,,,,,,12.705,12.435,,,,,,-1.3017,pending,,2026-06-16T13:17:52+00:00
trackb_cont_SMPL_20260616,,,,,,,,,,,,,,pending,,2026-06-16T13:17:52+00:00
trackb_cont_SMR_20260603,9.29,,,,,13.52,9.12,,,,,,-25.6421,pending,,2026-06-16T13:15:38+00:00
trackb_cont_SMR_20260604,9.57,,,,,12.3,9.12,,,,,,-25.6421,pending,,2026-06-16T13:15:38+00:00
trackb_cont_SMR_20260605,9.89,,,,,12.24,9.12,,,,,,-25.6421,pending,,2026-06-16T13:15:38+00:00
trackb_cont_SMR_20260608,10.64,,,,,11.25,9.12,,,,,,-25.6421,pending,,2026-06-16T13:15:38+00:00
trackb_cont_SMTC_20260603,154.279999,,,,,177.350006,143.610001,,,,,,-12.0414,pending,,2026-06-16T13:15:43+00:00
trackb_cont_SMTC_20260604,163.570007,,,,,177.350006,143.610001,,,,,,-12.0414,pending,,2026-06-16T13:15:43+00:00
trackb_cont_SMTC_20260605,166.710007,,,,,177.350006,143.610001,,,,,,-12.0414,pending,,2026-06-16T13:15:43+00:00
trackb_cont_SMTC_20260608,,,,,,177.350006,143.610001,,,,,,-4.9066,pending,,2026-06-16T13:15:43+00:00
trackb_cont_SMTC_20260616,,,,,,,,,,,,,,pending,,2026-06-16T13:15:43+00:00
trackb_cont_SM_20260608,,,,,,33.549999,28.4,,,,,,-11.8286,pending,,2026-06-16T13:17:19+00:00
trackb_cont_SNA_20260609,,,,,,393.869995,377.579987,,,,,,-0.8065,pending,,2026-06-16T13:17:29+00:00
trackb_cont_SNA_20260610,,,,,,393.869995,377.579987,,,,,,-0.8065,pending,,2026-06-16T13:17:29+00:00
trackb_cont_SNA_20260616,,,,,,,,,,,,,,pending,,2026-06-16T13:17:29+00:00
trackb_cont_SNDK_20260603,1643.22998,,,,,2119.899902,1514.359985,,,,,,-14.9372,pending,,2026-06-16T13:16:15+00:00
trackb_cont_SNDK_20260604,1881.51001,,,,,2119.899902,1514.359985,,,,,,-14.9372,pending,,2026-06-16T13:16:15+00:00
trackb_cont_SNDK_20260605,1980.099976,,,,,2119.899902,1514.359985,,,,,,-14.9372,pending,,2026-06-16T13:16:15+00:00
trackb_cont_SNDK_20260608,,,,,,2119.899902,1536.0,,,,,,-13.7217,pending,,2026-06-16T13:16:15+00:00
trackb_cont_SNDK_20260615,,,,,,2119.899902,2021.109985,,,,,,-2.4257,pending,,2026-06-16T13:16:15+00:00
trackb_cont_SNDK_20260616,,,,,,,,,,,,,,pending,,2026-06-16T13:16:15+00:00
trackb_cont_SNDR_20260603,37.060001,,,,,39.27,35.98,,,,,,-1.9084,pending,,2026-06-16T13:15:14+00:00
trackb_cont_SNDR_20260604,38.110001,,,,,39.27,35.98,,,,,,-1.9084,pending,,2026-06-16T13:15:14+00:00
trackb_cont_SNDR_20260605,38.439999,,,,,39.27,36.220001,,,,,,-1.2541,pending,,2026-06-16T13:15:14+00:00
trackb_cont_SNDR_20260608,37.689999,,,,,39.27,36.220001,,,,,,-1.2541,pending,,2026-06-16T13:15:14+00:00
trackb_cont_SNDR_20260612,,,,,,38.900002,37.349998,,,,,,-1.9942,pending,,2026-06-16T13:15:14+00:00
trackb_cont_SNDR_20260615,,,,,,38.564999,37.349998,,,,,,-1.9942,pending,,2026-06-16T13:15:14+00:00
trackb_cont_SNDR_20260616,,,,,,,,,,,,,,pending,,2026-06-16T13:15:14+00:00
trackb_cont_SNOW_20260603,239.899994,,,,,263.640015,229.600006,,,,,,-6.6458,pending,,2026-06-16T13:16:12+00:00
trackb_cont_SNOW_20260604,240.389999,,,,,253.005005,229.600006,,,,,,-6.6458,pending,,2026-06-16T13:16:12+00:00
trackb_cont_SNOW_20260605,232.779999,,,,,248.639999,229.600006,,,,,,-6.6458,pending,,2026-06-16T13:16:12+00:00
trackb_cont_SNOW_20260608,240.779999,,,,,248.639999,229.600006,,,,,,-3.6347,pending,,2026-06-16T13:16:12+00:00
trackb_cont_SNX_20260603,267.809998,,,,,286.98999,263.709991,,,,,,-5.2144,pending,,2026-06-16T13:15:49+00:00
trackb_cont_SNX_20260604,277.089996,,,,,286.98999,263.709991,,,,,,-5.2144,pending,,2026-06-16T13:15:49+00:00
trackb_cont_SNX_20260605,280.649994,,,,,286.98999,263.709991,,,,,,-5.2144,pending,,2026-06-16T13:15:49+00:00
trackb_cont_SNX_20260608,,,,,,286.98999,263.709991,,,,,,-1.8936,pending,,2026-06-16T13:15:49+00:00
trackb_cont_SNX_20260612,,,,,,286.98999,278.519989,,,,,,0.5161,pending,,2026-06-16T13:15:49+00:00
trackb_cont_SNX_20260616,,,,,,,,,,,,,,pending,,2026-06-16T13:15:49+00:00
trackb_cont_SN_20260603,128.220001,,,,,139.414993,116.800003,,,,,,-4.3564,pending,,2026-06-16T13:15:29+00:00
trackb_cont_SN_20260604,135.589996,,,,,139.414993,116.800003,,,,,,-4.3564,pending,,2026-06-16T13:15:29+00:00
trackb_cont_SN_20260605,133.800003,,,,,139.414993,116.800003,,,,,,-4.3564,pending,,2026-06-16T13:15:29+00:00
trackb_cont_SN_20260608,,,,,,139.414993,116.800003,,,,,,-2.5204,pending,,2026-06-16T13:15:29+00:00
trackb_cont_SN_20260609,,,,,,139.414993,120.794998,,,,,,2.1263,pending,,2026-06-16T13:15:29+00:00
trackb_cont_SN_20260610,,,,,,139.414993,126.572998,,,,,,7.0113,pending,,2026-06-16T13:15:29+00:00
trackb_cont_SN_20260616,,,,,,,,,,,,,,pending,,2026-06-16T13:15:29+00:00
trackb_cont_SOFI_20260603,15.87,,,,,17.465,15.651,,,,,,-6.1972,pending,,2026-06-16T13:16:53+00:00
trackb_cont_SOFI_20260604,16.67,,,,,17.43,15.651,,,,,,-6.1972,pending,,2026-06-16T13:16:53+00:00
trackb_cont_SOFI_20260605,16.58,,,,,17.43,15.651,,,,,,-6.1972,pending,,2026-06-16T13:16:53+00:00
trackb_cont_SOFI_20260608,17.129999,,,,,17.43,15.651,,,,,,-6.1972,pending,,2026-06-16T13:16:53+00:00
trackb_cont_SOLS_20260603,77.690002,,,,,89.720001,76.989998,,,,,,-13.1529,pending,,2026-06-16T13:16:38+00:00
trackb_cont_SOLS_20260604,81.169998,,,,,87.245003,76.989998,,,,,,-13.1529,pending,,2026-06-16T13:16:38+00:00
trackb_cont_SOLS_20260605,83.059998,,,,,87.245003,76.989998,,,,,,-13.1529,pending,,2026-06-16T13:16:38+00:00
trackb_cont_SOLV_20260603,80.940002,,,,,83.419998,76.150002,,,,,,-2.0202,pending,,2026-06-16T13:15:59+00:00
trackb_cont_SOLV_20260604,79.220001,,,,,83.419998,76.669998,,,,,,-1.3511,pending,,2026-06-16T13:15:59+00:00
trackb_cont_SOLV_20260605,78.870003,,,,,83.419998,76.669998,,,,,,-1.3511,pending,,2026-06-16T13:15:59+00:00
trackb_cont_SOLV_20260608,,,,,,82.720001,76.669998,,,,,,-1.3511,pending,,2026-06-16T13:15:59+00:00
trackb_cont_SOLV_20260609,,,,,,82.720001,76.669998,,,,,,-2.6536,pending,,2026-06-16T13:15:59+00:00
trackb_cont_SONO_20260603,14.67,,,,,16.379999,14.34,,,,,,-8.312,pending,,2026-06-16T13:15:38+00:00
trackb_cont_SONO_20260604,15.44,,,,,16.379999,14.34,,,,,,-8.312,pending,,2026-06-16T13:15:38+00:00
trackb_cont_SONO_20260605,15.36,,,,,16.370001,14.34,,,,,,-8.312,pending,,2026-06-16T13:15:38+00:00
trackb_cont_SONO_20260608,14.9,,,,,15.77,14.34,,,,,,-8.312,pending,,2026-06-16T13:15:38+00:00
trackb_cont_SO_20260612,,,,,,94.75,92.75,,,,,,-0.5575,pending,,2026-06-16T13:18:03+00:00
trackb_cont_SO_20260616,,,,,,,,,,,,,,pending,,2026-06-16T13:18:03+00:00
trackb_cont_SPB_20260610,,,,,,85.510002,80.940002,,,,,,-0.5651,pending,,2026-06-16T13:17:41+00:00
trackb_cont_SPB_20260616,,,,,,,,,,,,,,pending,,2026-06-16T13:17:41+00:00
trackb_cont_SPG_20260608,215.660004,,,,,220.440002,205.179993,,,,,,-2.4393,pending,,2026-06-16T13:17:20+00:00
trackb_cont_SPG_20260612,,,,,,220.440002,214.440002,,,,,,-0.1955,pending,,2026-06-16T13:17:20+00:00
trackb_cont_SPG_20260615,,,,,,219.869995,214.440002,,,,,,-1.9703,pending,,2026-06-16T13:17:20+00:00
trackb_cont_SPG_20260616,,,,,,,,,,,,,,pending,,2026-06-16T13:17:20+00:00
trackb_cont_SPHR_20260603,142.0,,,,,156.589996,132.610001,,,,,,-4.9936,pending,,2026-06-16T13:16:55+00:00
trackb_cont_SPHR_20260604,150.770004,,,,,156.589996,132.610001,,,,,,-4.9936,pending,,2026-06-16T13:16:55+00:00
trackb_cont_SPHR_20260605,153.25,,,,,156.589996,132.610001,,,,,,-4.9936,pending,,2026-06-16T13:16:55+00:00
trackb_cont_SPHR_20260608,154.380005,,,,,156.589996,132.610001,,,,,,-4.9936,pending,,2026-06-16T13:16:55+00:00
trackb_cont_SPHR_20260616,,,,,,,,,,,,,,pending,,2026-06-16T13:16:55+00:00
trackb_cont_SPXC_20260603,223.630005,,,,,244.639999,217.740005,,,,,,-9.1311,pending,,2026-06-16T13:15:08+00:00
trackb_cont_SPXC_20260604,233.490005,,,,,242.0,217.740005,,,,,,-9.1311,pending,,2026-06-16T13:15:08+00:00
trackb_cont_SPXC_20260605,230.050003,,,,,242.0,217.740005,,,,,,-9.1311,pending,,2026-06-16T13:15:08+00:00
trackb_cont_SPXC_20260608,,,,,,242.0,217.740005,,,,,,-9.1311,pending,,2026-06-16T13:15:08+00:00
trackb_cont_SPXC_20260615,,,,,,242.0,234.75,,,,,,-0.9807,pending,,2026-06-16T13:15:08+00:00
trackb_cont_SPXC_20260616,,,,,,,,,,,,,,pending,,2026-06-16T13:15:08+00:00
trackb_cont_SRG_20260603,2.67,,,,,2.9,2.61,,,,,,-4.7445,pending,,2026-06-16T13:15:18+00:00
trackb_cont_SRG_20260604,2.65,,,,,2.86,2.61,,,,,,-4.7445,pending,,2026-06-16T13:15:18+00:00
trackb_cont_SRG_20260605,2.63,,,,,2.74,2.61,,,,,,-4.7445,pending,,2026-06-16T13:15:18+00:00
trackb_cont_SRG_20260608,2.65,,,,,2.74,2.61,,,,,,-2.974,pending,,2026-06-16T13:15:18+00:00
trackb_cont_SSB_20260616,,,,,,,,,,,,,,pending,,2026-06-16T13:18:34+00:00
trackb_cont_SSYS_20260603,8.46,,,,,10.43,8.31,,,,,,-17.3545,pending,,2026-06-16T13:15:47+00:00
trackb_cont_SSYS_20260604,9.0,,,,,9.84,8.31,,,,,,-17.3545,pending,,2026-06-16T13:15:47+00:00
trackb_cont_SSYS_20260605,8.92,,,,,9.44,8.31,,,,,,-17.3545,pending,,2026-06-16T13:15:47+00:00
trackb_cont_SSYS_20260608,8.9,,,,,9.35,8.31,,,,,,-17.3545,pending,,2026-06-16T13:15:47+00:00
trackb_cont_STAG_20260615,,,,,,38.939999,38.41,,,,,,-1.0052,pending,,2026-06-16T13:18:18+00:00
trackb_cont_STAG_20260616,,,,,,,,,,,,,,pending,,2026-06-16T13:18:18+00:00
trackb_cont_STGW_20260603,6.53,,,,,7.24,6.21,,,,,,-6.2642,pending,,2026-06-16T13:16:13+00:00
trackb_cont_STGW_20260604,6.56,,,,,6.85,6.21,,,,,,-6.2642,pending,,2026-06-16T13:16:13+00:00
trackb_cont_STGW_20260605,6.63,,,,,6.85,6.21,,,,,,-6.2642,pending,,2026-06-16T13:16:13+00:00
trackb_cont_STGW_20260608,6.59,,,,,6.85,6.21,,,,,,-6.2642,pending,,2026-06-16T13:16:13+00:00
trackb_cont_STLD_20260603,268.339996,,,,,288.73999,259.519989,,,,,,-5.708,pending,,2026-06-16T13:15:20+00:00
trackb_cont_STLD_20260604,279.549988,,,,,288.73999,259.519989,,,,,,-5.708,pending,,2026-06-16T13:15:20+00:00
trackb_cont_STLD_20260605,282.76001,,,,,288.73999,259.519989,,,,,,-5.708,pending,,2026-06-16T13:15:20+00:00
trackb_cont_STLD_20260608,,,,,,288.73999,259.519989,,,,,,-3.3445,pending,,2026-06-16T13:15:20+00:00
trackb_cont_STLD_20260615,,,,,,288.73999,270.51001,,,,,,-4.7584,pending,,2026-06-16T13:15:20+00:00
trackb_cont_STLD_20260616,,,,,,,,,,,,,,pending,,2026-06-16T13:15:20+00:00
trackb_cont_STRL_20260603,770.25,,,,,1005.679993,770.219971,,,,,,-18.9268,pending,,2026-06-16T13:15:45+00:00
trackb_cont_STRL_20260604,838.549988,,,,,1005.679993,770.219971,,,,,,-18.9268,pending,,2026-06-16T13:15:45+00:00
trackb_cont_STRL_20260605,858.98999,,,,,969.880005,770.219971,,,,,,-18.9268,pending,,2026-06-16T13:15:45+00:00
trackb_cont_STRL_20260608,866.669983,,,,,911.049988,770.219971,,,,,,-18.9268,pending,,2026-06-16T13:15:45+00:00
trackb_cont_STT_20260603,161.800003,,,,,170.539993,155.690002,,,,,,-0.8723,pending,,2026-06-16T13:16:05+00:00
trackb_cont_STT_20260604,164.850006,,,,,170.539993,158.020004,,,,,,0.6112,pending,,2026-06-16T13:16:05+00:00
trackb_cont_STT_20260605,167.630005,,,,,170.539993,158.679993,,,,,,1.0314,pending,,2026-06-16T13:16:05+00:00
trackb_cont_STT_20260608,,,,,,170.539993,158.679993,,,,,,-1.898,pending,,2026-06-16T13:16:05+00:00
trackb_cont_STT_20260609,,,,,,170.539993,158.679993,,,,,,-1.9344,pending,,2026-06-16T13:16:05+00:00
trackb_cont_STT_20260611,,,,,,170.539993,162.020004,,,,,,0.136,pending,,2026-06-16T13:16:05+00:00
trackb_cont_STT_20260615,,,,,,170.539993,166.910004,,,,,,-1.8263,pending,,2026-06-16T13:16:05+00:00
trackb_cont_STT_20260616,,,,,,,,,,,,,,pending,,2026-06-16T13:16:05+00:00
trackb_cont_STUB_20260603,10.16,,,,,11.65,9.15,,,,,,-4.5383,pending,,2026-06-16T13:16:18+00:00
trackb_cont_STUB_20260604,10.62,,,,,11.65,9.15,,,,,,-4.5383,pending,,2026-06-16T13:16:18+00:00
trackb_cont_STUB_20260605,11.46,,,,,11.65,9.15,,,,,,-4.5383,pending,,2026-06-16T13:16:18+00:00
trackb_cont_STUB_20260608,,,,,,11.65,9.195,,,,,,-4.0689,pending,,2026-06-16T13:16:18+00:00
trackb_cont_STUB_20260616,,,,,,,,,,,,,,pending,,2026-06-16T13:16:18+00:00
trackb_cont_STX_20260603,815.98999,,,,,1032.516968,801.890015,,,,,,-15.9224,pending,,2026-06-16T13:15:48+00:00
trackb_cont_STX_20260604,868.090027,,,,,1032.516968,801.890015,,,,,,-15.9224,pending,,2026-06-16T13:15:48+00:00
trackb_cont_STX_20260605,931.039978,,,,,1032.516968,801.890015,,,,,,-15.9224,pending,,2026-06-16T13:15:48+00:00
trackb_cont_STX_20260608,,,,,,1032.516968,801.890015,,,,,,-5.3784,pending,,2026-06-16T13:15:48+00:00
trackb_cont_STX_20260615,,,,,,1032.516968,990.780029,,,,,,-2.2051,pending,,2026-06-16T13:15:48+00:00
trackb_cont_STX_20260616,,,,,,,,,,,,,,pending,,2026-06-16T13:15:48+00:00
trackb_cont_ST_20260603,47.02,,,,,53.889999,46.82,,,,,,-11.8267,pending,,2026-06-16T13:15:30+00:00
trackb_cont_ST_20260604,49.849998,,,,,53.599998,46.82,,,,,,-11.8267,pending,,2026-06-16T13:15:30+00:00
trackb_cont_ST_20260605,50.400002,,,,,52.700001,46.82,,,,,,-11.8267,pending,,2026-06-16T13:15:30+00:00
trackb_cont_ST_20260608,,,,,,52.700001,46.82,,,,,,-11.8267,pending,,2026-06-16T13:15:30+00:00
trackb_cont_SUI_20260615,,,,,,127.589996,124.099998,,,,,,-2.2142,pending,,2026-06-16T13:18:25+00:00
trackb_cont_SUI_20260616,,,,,,,,,,,,,,pending,,2026-06-16T13:18:25+00:00
trackb_cont_SVV_20260603,9.52,,,,,10.31,8.74,,,,,,-6.7733,pending,,2026-06-16T13:15:42+00:00
trackb_cont_SVV_20260604,9.97,,,,,10.31,8.81,,,,,,-6.0267,pending,,2026-06-16T13:15:42+00:00
trackb_cont_SVV_20260605,9.99,,,,,10.31,8.81,,,,,,-6.0267,pending,,2026-06-16T13:15:42+00:00
trackb_cont_SVV_20260608,10.14,,,,,10.31,8.81,,,,,,-6.0267,pending,,2026-06-16T13:15:42+00:00
trackb_cont_SVV_20260611,,,,,,10.31,9.483,,,,,,-0.3887,pending,,2026-06-16T13:15:42+00:00
trackb_cont_SVV_20260616,,,,,,,,,,,,,,pending,,2026-06-16T13:15:42+00:00
trackb_cont_SWK_20260611,,,,,,87.285103,78.059998,,,,,,0.7616,pending,,2026-06-16T13:17:54+00:00
trackb_cont_SWK_20260616,,,,,,,,,,,,,,pending,,2026-06-16T13:17:54+00:00
trackb_cont_SXC_20260603,9.11,,,,,9.71,8.84,,,,,,-5.5051,pending,,2026-06-16T13:15:23+00:00
trackb_cont_SXC_20260604,9.45,,,,,9.71,8.84,,,,,,-5.5051,pending,,2026-06-16T13:15:23+00:00
trackb_cont_SXC_20260605,9.59,,,,,9.71,8.84,,,,,,-5.5051,pending,,2026-06-16T13:15:23+00:00
trackb_cont_SXC_20260608,,,,,,9.71,8.84,,,,,,-2.6432,pending,,2026-06-16T13:15:23+00:00
trackb_cont_SXC_20260616,,,,,,,,,,,,,,pending,,2026-06-16T13:15:23+00:00
trackb_cont_SXT_20260611,,,,,,126.214996,120.849998,,,,,,0.8933,pending,,2026-06-16T13:17:51+00:00
trackb_cont_SXT_20260615,,,,,,126.214996,121.580002,,,,,,-3.5079,pending,,2026-06-16T13:17:51+00:00
trackb_cont_SXT_20260616,,,,,,,,,,,,,,pending,,2026-06-16T13:17:51+00:00
trackb_cont_SYF_20260615,,,,,,76.239998,74.400002,,,,,,-2.3494,pending,,2026-06-16T13:18:20+00:00
trackb_cont_SYF_20260616,,,,,,,,,,,,,,pending,,2026-06-16T13:18:20+00:00
trackb_cont_SYY_20260609,,,,,,80.199997,76.0,,,,,,-0.6276,pending,,2026-06-16T13:17:03+00:00
trackb_cont_SYY_20260611,,,,,,80.199997,78.339996,,,,,,-0.2547,pending,,2026-06-16T13:17:03+00:00
trackb_cont_SYY_20260612,,,,,,80.199997,78.339996,,,,,,-1.6324,pending,,2026-06-16T13:17:03+00:00
trackb_cont_SYY_20260616,,,,,,,,,,,,,,pending,,2026-06-16T13:17:03+00:00
trackb_cont_TALK_20260603,5.21,,,,,5.22,5.19,,,,,,-0.5747,pending,,2026-06-16T13:16:28+00:00
trackb_cont_TALK_20260604,5.21,,,,,5.22,5.19,,,,,,-0.5747,pending,,2026-06-16T13:16:28+00:00
trackb_cont_TALK_20260605,5.21,,,,,5.22,5.19,,,,,,-0.5747,pending,,2026-06-16T13:16:28+00:00
trackb_cont_TALK_20260608,5.2,,,,,5.22,5.19,,,,,,-0.5747,pending,,2026-06-16T13:16:28+00:00
trackb_cont_TALK_20260610,,,,,,5.22,5.19,,,,,,-0.3839,pending,,2026-06-16T13:16:28+00:00
trackb_cont_TBCH_20260603,13.11,,,,,13.62,12.0,,,,,,-6.1033,pending,,2026-06-16T13:15:19+00:00
trackb_cont_TBCH_20260604,13.39,,,,,13.62,12.0,,,,,,-6.1033,pending,,2026-06-16T13:15:19+00:00
trackb_cont_TBCH_20260605,13.29,,,,,13.62,12.0,,,,,,-6.1033,pending,,2026-06-16T13:15:19+00:00
trackb_cont_TBCH_20260608,,,,,,13.62,12.41,,,,,,-0.7994,pending,,2026-06-16T13:15:19+00:00
trackb_cont_TBCH_20260609,,,,,,13.62,12.41,,,,,,-4.3177,pending,,2026-06-16T13:15:19+00:00
trackb_cont_TBCH_20260616,,,,,,,,,,,,,,pending,,2026-06-16T13:15:19+00:00
trackb_cont_TBI_20260603,6.55,,,,,7.2,6.38,,,,,,-4.1322,pending,,2026-06-16T13:16:01+00:00
trackb_cont_TBI_20260604,6.87,,,,,7.2,6.38,,,,,,-4.1322,pending,,2026-06-16T13:16:01+00:00
trackb_cont_TBI_20260605,6.98,,,,,7.2,6.38,,,,,,-4.1322,pending,,2026-06-16T13:16:01+00:00
trackb_cont_TBI_20260608,,,,,,7.2,6.38,,,,,,-3.7707,pending,,2026-06-16T13:16:01+00:00
trackb_cont_TBI_20260610,,,,,,7.2,6.38,,,,,,-4.2042,pending,,2026-06-16T13:16:01+00:00
trackb_cont_TBI_20260616,,,,,,,,,,,,,,pending,,2026-06-16T13:16:01+00:00
trackb_cont_TBLA_20260603,4.72,,,,,4.965,4.51,,,,,,-2.4865,pending,,2026-06-16T13:16:51+00:00
trackb_cont_TBLA_20260604,4.73,,,,,4.965,4.51,,,,,,-2.4865,pending,,2026-06-16T13:16:51+00:00
trackb_cont_TBLA_20260605,4.74,,,,,4.965,4.51,,,,,,-2.4865,pending,,2026-06-16T13:16:51+00:00
trackb_cont_TDG_20260603,1212.359985,,,,,1288.170044,1201.859985,,,,,,-2.1896,pending,,2026-06-16T13:16:52+00:00
trackb_cont_TDG_20260604,1257.589966,,,,,1288.170044,1203.349976,,,,,,-2.0683,pending,,2026-06-16T13:16:52+00:00
trackb_cont_TDG_20260605,1256.050049,,,,,1288.170044,1203.349976,,,,,,-2.0683,pending,,2026-06-16T13:16:52+00:00
trackb_cont_TDG_20260608,,,,,,1288.170044,1203.349976,,,,,,-2.0683,pending,,2026-06-16T13:16:52+00:00
trackb_cont_TDG_20260611,,,,,,1288.170044,1205.0,,,,,,-0.6071,pending,,2026-06-16T13:16:52+00:00
trackb_cont_TDG_20260615,,,,,,1288.170044,1265.949951,,,,,,-0.5851,pending,,2026-06-16T13:16:52+00:00
trackb_cont_TDG_20260616,,,,,,,,,,,,,,pending,,2026-06-16T13:16:52+00:00
trackb_cont_TDOC_20260603,7.03,,,,,7.78,6.74,,,,,,-6.1935,pending,,2026-06-16T13:16:54+00:00
trackb_cont_TDOC_20260604,7.31,,,,,7.78,6.74,,,,,,-6.1935,pending,,2026-06-16T13:16:54+00:00
trackb_cont_TDOC_20260605,7.34,,,,,7.78,6.74,,,,,,-6.1935,pending,,2026-06-16T13:16:54+00:00
trackb_cont_TDOC_20260608,7.46,,,,,7.78,6.74,,,,,,-6.1935,pending,,2026-06-16T13:16:54+00:00
trackb_cont_TDUP_20260616,,,,,,,,,,,,,,pending,,2026-06-16T13:18:42+00:00
trackb_cont_TEAM_20260603,91.540001,,,,,106.260002,84.760002,,,,,,-16.4433,pending,,2026-06-16T13:16:43+00:00
trackb_cont_TEAM_20260604,89.199997,,,,,106.260002,84.760002,,,,,,-16.4433,pending,,2026-06-16T13:16:43+00:00
trackb_cont_TEAM_20260605,88.519997,,,,,103.372002,84.760002,,,,,,-16.4433,pending,,2026-06-16T13:16:43+00:00
trackb_cont_TEAM_20260608,91.550003,,,,,99.980003,84.760002,,,,,,-16.4433,pending,,2026-06-16T13:16:43+00:00
trackb_cont_TECH_20260612,,,,,,56.5,53.290001,,,,,,-1.3513,pending,,2026-06-16T13:17:12+00:00
trackb_cont_TECH_20260616,,,,,,,,,,,,,,pending,,2026-06-16T13:17:12+00:00
trackb_cont_TER_20260603,347.589996,,,,,437.769989,340.339996,,,,,,-16.5097,pending,,2026-06-16T13:16:05+00:00
trackb_cont_TER_20260604,381.399994,,,,,437.769989,340.339996,,,,,,-16.5097,pending,,2026-06-16T13:16:05+00:00
trackb_cont_TER_20260605,403.200012,,,,,437.769989,340.339996,,,,,,-16.5097,pending,,2026-06-16T13:16:05+00:00
trackb_cont_TER_20260608,,,,,,437.769989,340.339996,,,,,,-16.5097,pending,,2026-06-16T13:16:05+00:00
trackb_cont_TER_20260615,,,,,,437.769989,423.029999,,,,,,-1.8537,pending,,2026-06-16T13:16:05+00:00
trackb_cont_TER_20260616,,,,,,,,,,,,,,pending,,2026-06-16T13:16:05+00:00
trackb_cont_TEX_20260616,,,,,,,,,,,,,,pending,,2026-06-16T13:18:42+00:00
trackb_cont_TE_20260603,7.73,,,,,12.49,7.36,,,,,,-36.4421,pending,,2026-06-16T13:15:16+00:00
trackb_cont_TE_20260604,8.47,,,,,12.49,7.36,,,,,,-36.4421,pending,,2026-06-16T13:15:16+00:00
trackb_cont_TE_20260605,8.5,,,,,11.26,7.36,,,,,,-36.4421,pending,,2026-06-16T13:15:16+00:00
trackb_cont_TE_20260608,8.92,,,,,10.01,7.36,,,,,,-36.4421,pending,,2026-06-16T13:15:16+00:00
trackb_cont_TFC_20260609,,,,,,52.07,48.310001,,,,,,-1.0649,pending,,2026-06-16T13:17:26+00:00
trackb_cont_TFC_20260612,,,,,,52.07,48.310001,,,,,,-4.6764,pending,,2026-06-16T13:17:26+00:00
trackb_cont_TFC_20260615,,,,,,52.07,48.310001,,,,,,-6.2002,pending,,2026-06-16T13:17:26+00:00
trackb_cont_TFC_20260616,,,,,,,,,,,,,,pending,,2026-06-16T13:17:26+00:00
trackb_cont_TGT_20260616,,,,,,,,,,,,,,pending,,2026-06-16T13:17:11+00:00
trackb_cont_THG_20260612,,,,,,199.580002,195.639999,,,,,,-0.2193,pending,,2026-06-16T13:18:06+00:00
trackb_cont_THG_20260616,,,,,,,,,,,,,,pending,,2026-06-16T13:18:06+00:00
trackb_cont_THO_20260611,,,,,,80.019997,74.660004,,,,,,-0.2405,pending,,2026-06-16T13:17:08+00:00
trackb_cont_TH_20260616,,,,,,,,,,,,,,pending,,2026-06-16T13:18:42+00:00
trackb_cont_TILE_20260608,,,,,,32.34,30.0,,,,,,-0.4645,pending,,2026-06-16T13:17:18+00:00
trackb_cont_TILE_20260610,,,,,,32.34,30.280001,,,,,,-0.7213,pending,,2026-06-16T13:17:18+00:00
trackb_cont_TILE_20260612,,,,,,32.34,31.195,,,,,,-0.3991,pending,,2026-06-16T13:17:18+00:00
trackb_cont_TILE_20260616,,,,,,,,,,,,,,pending,,2026-06-16T13:17:18+00:00
trackb_cont_TITN_20260603,19.959999,,,,,25.0,18.84,,,,,,-19.3148,pending,,2026-06-16T13:15:17+00:00
trackb_cont_TITN_20260604,19.049999,,,,,25.0,18.84,,,,,,-19.3148,pending,,2026-06-16T13:15:17+00:00
trackb_cont_TITN_20260605,20.26,,,,,25.0,18.84,,,,,,-19.3148,pending,,2026-06-16T13:15:17+00:00
trackb_cont_TITN_20260608,,,,,,25.0,18.84,,,,,,-18.723,pending,,2026-06-16T13:15:17+00:00
trackb_cont_TJX_20260610,,,,,,170.0,163.850006,,,,,,2.5665,pending,,2026-06-16T13:17:02+00:00
trackb_cont_TJX_20260611,,,,,,170.0,164.513901,,,,,,-1.8765,pending,,2026-06-16T13:17:02+00:00
trackb_cont_TJX_20260615,,,,,,168.742905,164.513901,,,,,,-0.1918,pending,,2026-06-16T13:17:02+00:00
trackb_cont_TJX_20260616,,,,,,,,,,,,,,pending,,2026-06-16T13:17:02+00:00
trackb_cont_TKO_20260603,206.429993,,,,,216.699997,197.830002,,,,,,-0.5054,pending,,2026-06-16T13:16:42+00:00
trackb_cont_TKO_20260604,213.699997,,,,,216.699997,198.820007,,,,,,-0.0075,pending,,2026-06-16T13:16:42+00:00
trackb_cont_TKO_20260605,203.360001,,,,,216.699997,198.820007,,,,,,-0.0075,pending,,2026-06-16T13:16:42+00:00
trackb_cont_TKO_20260612,,,,,,216.699997,198.820007,,,,,,-6.963,pending,,2026-06-16T13:16:42+00:00
trackb_cont_TKR_20260603,132.389999,,,,,142.315002,129.770004,,,,,,-1.5514,pending,,2026-06-16T13:15:12+00:00
trackb_cont_TKR_20260604,137.399994,,,,,142.315002,129.770004,,,,,,-1.5514,pending,,2026-06-16T13:15:12+00:00
trackb_cont_TKR_20260605,137.059998,,,,,142.315002,129.770004,,,,,,-1.5514,pending,,2026-06-16T13:15:12+00:00
trackb_cont_TKR_20260608,,,,,,142.315002,132.050003,,,,,,0.1783,pending,,2026-06-16T13:15:12+00:00
trackb_cont_TKR_20260609,,,,,,142.315002,132.240005,,,,,,-1.8044,pending,,2026-06-16T13:15:12+00:00
trackb_cont_TKR_20260610,,,,,,142.315002,132.240005,,,,,,-1.8044,pending,,2026-06-16T13:15:12+00:00
trackb_cont_TKR_20260616,,,,,,,,,,,,,,pending,,2026-06-16T13:15:12+00:00
trackb_cont_TLN_20260603,336.589996,,,,,390.820007,329.130005,,,,,,-13.4938,pending,,2026-06-16T13:16:56+00:00
trackb_cont_TLN_20260604,344.799988,,,,,390.820007,329.130005,,,,,,-13.4938,pending,,2026-06-16T13:16:56+00:00
trackb_cont_TLN_20260605,360.540009,,,,,390.820007,329.130005,,,,,,-13.4938,pending,,2026-06-16T13:16:56+00:00
trackb_cont_TLN_20260608,386.209991,,,,,390.820007,329.130005,,,,,,-13.4938,pending,,2026-06-16T13:16:56+00:00
trackb_cont_TLYS_20260603,5.18,,,,,5.9,4.32,,,,,,-3.3557,pending,,2026-06-16T13:16:27+00:00
trackb_cont_TLYS_20260604,5.31,,,,,5.9,4.53,,,,,,1.3423,pending,,2026-06-16T13:16:27+00:00
trackb_cont_TLYS_20260605,5.45,,,,,5.85,4.86,,,,,,8.7248,pending,,2026-06-16T13:16:27+00:00
trackb_cont_TLYS_20260608,5.1,,,,,5.85,5.1,,,,,,-0.5848,pending,,2026-06-16T13:16:27+00:00
trackb_cont_TLYS_20260616,,,,,,,,,,,,,,pending,,2026-06-16T13:16:27+00:00
trackb_cont_TMHC_20260603,71.599998,,,,,72.050003,71.43,,,,,,-0.2165,pending,,2026-06-16T13:15:12+00:00
trackb_cont_TMHC_20260604,71.910004,,,,,72.050003,71.43,,,,,,-0.2165,pending,,2026-06-16T13:15:12+00:00
trackb_cont_TMHC_20260605,71.900002,,,,,72.050003,71.43,,,,,,-0.2165,pending,,2026-06-16T13:15:12+00:00
trackb_cont_TMHC_20260608,71.949997,,,,,72.050003,71.440002,,,,,,-0.1258,pending,,2026-06-16T13:15:12+00:00
trackb_cont_TMHC_20260610,,,,,,72.050003,71.449997,,,,,,0.014,pending,,2026-06-16T13:15:12+00:00
trackb_cont_TMHC_20260611,,,,,,72.050003,71.5,,,,,,-0.1397,pending,,2026-06-16T13:15:12+00:00
trackb_cont_TMHC_20260612,,,,,,72.050003,71.57,,,,,,-0.4728,pending,,2026-06-16T13:15:12+00:00
trackb_cont_TMHC_20260616,,,,,,,,,,,,,,pending,,2026-06-16T13:15:12+00:00
trackb_cont_TMO_20260603,482.040009,,,,,494.359985,466.799988,,,,,,-1.221,pending,,2026-06-16T13:16:51+00:00
trackb_cont_TMO_20260604,475.660004,,,,,494.359985,466.799988,,,,,,-1.221,pending,,2026-06-16T13:16:51+00:00
trackb_cont_TMO_20260605,469.339996,,,,,494.359985,466.799988,,,,,,-1.221,pending,,2026-06-16T13:16:51+00:00
trackb_cont_TMO_20260608,,,,,,494.359985,466.799988,,,,,,-1.221,pending,,2026-06-16T13:16:51+00:00
trackb_cont_TMO_20260611,,,,,,484.23999,466.799988,,,,,,-3.1616,pending,,2026-06-16T13:16:51+00:00
trackb_cont_TNET_20260603,47.869999,,,,,48.740002,45.25,,,,,,-2.1833,pending,,2026-06-16T13:15:58+00:00
trackb_cont_TNET_20260604,47.82,,,,,48.740002,46.080002,,,,,,-0.3891,pending,,2026-06-16T13:15:58+00:00
trackb_cont_TNET_20260605,47.380001,,,,,48.740002,46.080002,,,,,,-0.3891,pending,,2026-06-16T13:15:58+00:00
trackb_cont_TNET_20260608,46.68,,,,,48.740002,46.080002,,,,,,-0.3891,pending,,2026-06-16T13:15:58+00:00
trackb_cont_TNET_20260612,,,,,,48.16,46.150002,,,,,,-3.4923,pending,,2026-06-16T13:15:58+00:00
trackb_cont_TNET_20260616,,,,,,,,,,,,,,pending,,2026-06-16T13:15:58+00:00
trackb_cont_TNL_20260603,71.209999,,,,,76.07,69.32,,,,,,-0.4738,pending,,2026-06-16T13:15:25+00:00
trackb_cont_TNL_20260604,73.599998,,,,,76.07,69.849998,,,,,,0.2871,pending,,2026-06-16T13:15:25+00:00
trackb_cont_TNL_20260605,74.129997,,,,,76.07,70.419998,,,,,,1.1055,pending,,2026-06-16T13:15:25+00:00
trackb_cont_TNL_20260608,,,,,,76.07,70.610001,,,,,,1.3783,pending,,2026-06-16T13:15:25+00:00
trackb_cont_TNL_20260616,,,,,,,,,,,,,,pending,,2026-06-16T13:15:25+00:00
trackb_cont_TOL_20260603,138.899994,,,,,152.154999,136.350006,,,,,,-0.3872,pending,,2026-06-16T13:16:37+00:00
trackb_cont_TOL_20260604,147.210007,,,,,152.154999,136.770004,,,,,,-0.0804,pending,,2026-06-16T13:16:37+00:00
trackb_cont_TOL_20260605,147.100006,,,,,152.154999,136.770004,,,,,,-0.0804,pending,,2026-06-16T13:16:37+00:00
trackb_cont_TOL_20260608,,,,,,152.154999,136.770004,,,,,,-0.0804,pending,,2026-06-16T13:16:37+00:00
trackb_cont_TOL_20260615,,,,,,152.154999,147.977493,,,,,,-2.3412,pending,,2026-06-16T13:16:37+00:00
trackb_cont_TOL_20260616,,,,,,,,,,,,,,pending,,2026-06-16T13:16:37+00:00
trackb_cont_TOMZ_20260603,0.84,,,,,1.08,0.6725,,,,,,-34.7087,pending,,2026-06-16T13:15:34+00:00
trackb_cont_TOMZ_20260604,0.79,,,,,1.08,0.6725,,,,,,-34.7087,pending,,2026-06-16T13:15:34+00:00
trackb_cont_TOMZ_20260605,0.72,,,,,1.07,0.6725,,,,,,-34.7087,pending,,2026-06-16T13:15:34+00:00
trackb_cont_TOMZ_20260608,,,,,,1.05,0.6725,,,,,,-35.3365,pending,,2026-06-16T13:15:34+00:00
trackb_cont_TOMZ_20260610,,,,,,0.91,0.6725,,,,,,-29.2105,pending,,2026-06-16T13:15:34+00:00
trackb_cont_TREX_20260611,,,,,,47.904999,42.970001,,,,,,0.4207,pending,,2026-06-16T13:17:50+00:00
trackb_cont_TREX_20260612,,,,,,47.904999,45.459999,,,,,,-1.899,pending,,2026-06-16T13:17:50+00:00
trackb_cont_TREX_20260615,,,,,,47.904999,46.34,,,,,,-2.9427,pending,,2026-06-16T13:17:50+00:00
trackb_cont_TREX_20260616,,,,,,,,,,,,,,pending,,2026-06-16T13:17:50+00:00
trackb_cont_TRGP_20260612,,,,,,274.839996,262.035004,,,,,,-2.723,pending,,2026-06-16T13:18:03+00:00
trackb_cont_TRGP_20260616,,,,,,,,,,,,,,pending,,2026-06-16T13:18:03+00:00
trackb_cont_TRIP_20260603,11.57,,,,,14.2,11.35,,,,,,-4.421,pending,,2026-06-16T13:15:56+00:00
trackb_cont_TRIP_20260604,11.91,,,,,14.2,11.35,,,,,,-4.421,pending,,2026-06-16T13:15:56+00:00
trackb_cont_TRIP_20260605,12.41,,,,,14.2,11.35,,,,,,-4.421,pending,,2026-06-16T13:15:56+00:00
trackb_cont_TRIP_20260608,,,,,,14.2,11.35,,,,,,-4.3002,pending,,2026-06-16T13:15:56+00:00
trackb_cont_TRIP_20260609,,,,,,14.2,11.35,,,,,,-3.895,pending,,2026-06-16T13:15:56+00:00
trackb_cont_TRIP_20260610,,,,,,14.2,11.35,,,,,,-3.895,pending,,2026-06-16T13:15:56+00:00
trackb_cont_TRIP_20260611,,,,,,14.2,11.35,,,,,,-1.9015,pending,,2026-06-16T13:15:56+00:00
trackb_cont_TRIP_20260612,,,,,,14.2,11.64,,,,,,-2.267,pending,,2026-06-16T13:15:56+00:00
trackb_cont_TRIP_20260615,,,,,,14.2,12.55,,,,,,-9.3044,pending,,2026-06-16T13:15:56+00:00
trackb_cont_TRIP_20260616,,,,,,,,,,,,,,pending,,2026-06-16T13:15:56+00:00
trackb_cont_TRNO_20260611,,,,,,67.580002,66.050003,,,,,,-0.2266,pending,,2026-06-16T13:17:52+00:00
trackb_cont_TRNO_20260616,,,,,,,,,,,,,,pending,,2026-06-16T13:17:52+00:00
trackb_cont_TROW_20260609,,,,,,110.849998,104.599998,,,,,,-0.8061,pending,,2026-06-16T13:17:33+00:00
trackb_cont_TROW_20260615,,,,,,110.849998,108.480003,,,,,,-1.8991,pending,,2026-06-16T13:17:33+00:00
trackb_cont_TROW_20260616,,,,,,,,,,,,,,pending,,2026-06-16T13:17:33+00:00
trackb_cont_TRS_20260616,,,,,,,,,,,,,,pending,,2026-06-16T13:18:37+00:00
trackb_cont_TRU_20260603,67.849998,,,,,73.169998,64.580002,,,,,,-6.4261,pending,,2026-06-16T13:15:23+00:00
trackb_cont_TRU_20260604,65.699997,,,,,73.169998,64.580002,,,,,,-6.4261,pending,,2026-06-16T13:15:23+00:00
trackb_cont_TRU_20260605,66.129997,,,,,71.330002,64.580002,,,,,,-6.4261,pending,,2026-06-16T13:15:23+00:00
trackb_cont_TRV_20260609,,,,,,309.01001,297.01001,,,,,,0.0944,pending,,2026-06-16T13:17:26+00:00
trackb_cont_TRV_20260612,,,,,,309.01001,297.01001,,,,,,-2.2672,pending,,2026-06-16T13:17:26+00:00
trackb_cont_TRV_20260616,,,,,,,,,,,,,,pending,,2026-06-16T13:17:26+00:00
trackb_cont_TSQ_20260616,,,,,,,,,,,,,,pending,,2026-06-16T13:18:43+00:00
trackb_cont_TTI_20260603,10.38,,,,,10.77,9.27,,,,,,-7.2072,pending,,2026-06-16T13:15:33+00:00
trackb_cont_TTI_20260604,10.45,,,,,10.77,9.27,,,,,,-7.2072,pending,,2026-06-16T13:15:33+00:00
trackb_cont_TTI_20260605,10.4,,,,,10.77,9.27,,,,,,-7.2072,pending,,2026-06-16T13:15:33+00:00
trackb_cont_TTMI_20260616,,,,,,,,,,,,,,pending,,2026-06-16T13:18:34+00:00
trackb_cont_TUSK_20260603,3.37,,,,,3.92,3.06,,,,,,-13.5593,pending,,2026-06-16T13:15:30+00:00
trackb_cont_TUSK_20260604,3.19,,,,,3.92,3.06,,,,,,-13.5593,pending,,2026-06-16T13:15:30+00:00
trackb_cont_TUSK_20260605,3.29,,,,,3.79,3.06,,,,,,-13.5593,pending,,2026-06-16T13:15:30+00:00
trackb_cont_TUSK_20260608,3.09,,,,,3.615,3.06,,,,,,-7.8313,pending,,2026-06-16T13:15:30+00:00
trackb_cont_TWFG_20260611,,,,,,22.059999,20.709999,,,,,,-5.2174,pending,,2026-06-16T13:17:53+00:00
trackb_cont_TWFG_20260612,,,,,,22.059999,20.709999,,,,,,-2.2652,pending,,2026-06-16T13:17:53+00:00
trackb_cont_TWFG_20260615,,,,,,22.059999,21.02,,,,,,-3.089,pending,,2026-06-16T13:17:53+00:00
trackb_cont_TWFG_20260616,,,,,,,,,,,,,,pending,,2026-06-16T13:17:53+00:00
trackb_cont_TWLO_20260603,207.089996,,,,,238.479996,194.531006,,,,,,-10.9637,pending,,2026-06-16T13:15:21+00:00
trackb_cont_TWLO_20260604,206.619995,,,,,238.479996,194.531006,,,,,,-10.9637,pending,,2026-06-16T13:15:21+00:00
trackb_cont_TWLO_20260605,204.080002,,,,,237.300003,194.531006,,,,,,-10.9637,pending,,2026-06-16T13:15:21+00:00
trackb_cont_TWLO_20260608,202.0,,,,,227.5,194.531006,,,,,,-13.9205,pending,,2026-06-16T13:15:21+00:00
trackb_cont_TWLO_20260610,,,,,,211.740005,198.220001,,,,,,-6.7376,pending,,2026-06-16T13:15:21+00:00
trackb_cont_TWST_20260603,67.769997,,,,,82.989998,66.43,,,,,,-6.7518,pending,,2026-06-16T13:15:19+00:00
trackb_cont_TWST_20260604,74.050003,,,,,82.989998,66.43,,,,,,-6.7518,pending,,2026-06-16T13:15:19+00:00
trackb_cont_TWST_20260605,76.169998,,,,,82.989998,66.43,,,,,,-6.7518,pending,,2026-06-16T13:15:19+00:00
trackb_cont_TWST_20260608,80.790001,,,,,82.989998,66.43,,,,,,-6.7518,pending,,2026-06-16T13:15:19+00:00
trackb_cont_TWST_20260615,,,,,,82.989998,77.290001,,,,,,-3.7484,pending,,2026-06-16T13:15:19+00:00
trackb_cont_TWST_20260616,,,,,,,,,,,,,,pending,,2026-06-16T13:15:19+00:00
trackb_cont_TXG_20260603,29.110001,,,,,35.645,28.01,,,,,,-11.2203,pending,,2026-06-16T13:15:19+00:00
trackb_cont_TXG_20260604,29.049999,,,,,35.645,28.01,,,,,,-11.2203,pending,,2026-06-16T13:15:19+00:00
trackb_cont_TXG_20260605,28.84,,,,,33.07,28.01,,,,,,-11.2203,pending,,2026-06-16T13:15:19+00:00
trackb_cont_TXG_20260608,32.220001,,,,,32.330002,28.01,,,,,,-11.2203,pending,,2026-06-16T13:15:19+00:00
trackb_cont_TXG_20260610,,,,,,32.330002,28.01,,,,,,-4.0096,pending,,2026-06-16T13:15:19+00:00
trackb_cont_UAA_20260615,,,,,,6.195,5.9,,,,,,-3.9088,pending,,2026-06-16T13:17:36+00:00
trackb_cont_UAA_20260616,,,,,,,,,,,,,,pending,,2026-06-16T13:17:36+00:00
trackb_cont_UAL_20260616,,,,,,,,,,,,,,pending,,2026-06-16T13:18:31+00:00
trackb_cont_UA_20260615,,,,,,6.01,5.74,,,,,,-3.9331,pending,,2026-06-16T13:18:14+00:00
trackb_cont_UA_20260616,,,,,,,,,,,,,,pending,,2026-06-16T13:18:14+00:00
trackb_cont_UCTT_20260603,90.900002,,,,,116.510002,81.650002,,,,,,-11.7488,pending,,2026-06-16T13:15:47+00:00
trackb_cont_UCTT_20260604,104.830002,,,,,116.510002,81.650002,,,,,,-11.7488,pending,,2026-06-16T13:15:47+00:00
trackb_cont_UCTT_20260605,108.900002,,,,,116.510002,81.650002,,,,,,-11.7488,pending,,2026-06-16T13:15:47+00:00
trackb_cont_UCTT_20260608,,,,,,116.510002,82.669998,,,,,,0.7311,pending,,2026-06-16T13:15:47+00:00
trackb_cont_UCTT_20260616,,,,,,,,,,,,,,pending,,2026-06-16T13:15:47+00:00
trackb_cont_UDR_20260608,,,,,,39.720001,38.119999,,,,,,-2.7551,pending,,2026-06-16T13:17:13+00:00
trackb_cont_UDR_20260609,,,,,,39.720001,38.119999,,,,,,-1.2691,pending,,2026-06-16T13:17:13+00:00
trackb_cont_UDR_20260611,,,,,,39.599998,38.849998,,,,,,-1.1953,pending,,2026-06-16T13:17:13+00:00
trackb_cont_UDR_20260615,,,,,,39.415001,38.849998,,,,,,-0.7916,pending,,2026-06-16T13:17:13+00:00
trackb_cont_UDR_20260616,,,,,,,,,,,,,,pending,,2026-06-16T13:17:13+00:00
trackb_cont_UEC_20260603,9.42,,,,,15.14,9.36,,,,,,-33.617,pending,,2026-06-16T13:16:54+00:00
trackb_cont_UEC_20260604,10.63,,,,,14.46,9.36,,,,,,-33.617,pending,,2026-06-16T13:16:54+00:00
trackb_cont_UEC_20260605,11.03,,,,,13.86,9.36,,,,,,-33.617,pending,,2026-06-16T13:16:54+00:00
trackb_cont_UEC_20260608,,,,,,13.29,9.36,,,,,,-33.617,pending,,2026-06-16T13:16:54+00:00
trackb_cont_UE_20260616,,,,,,,,,,,,,,pending,,2026-06-16T13:18:36+00:00
trackb_cont_UFPT_20260603,232.479996,,,,,243.679993,211.699997,,,,,,-1.3215,pending,,2026-06-16T13:16:59+00:00
trackb_cont_UFPT_20260604,238.600006,,,,,243.679993,220.309998,,,,,,2.6919,pending,,2026-06-16T13:16:59+00:00
trackb_cont_UFPT_20260605,234.940002,,,,,243.679993,221.380005,,,,,,3.1906,pending,,2026-06-16T13:16:59+00:00
trackb_cont_UFPT_20260611,,,,,,243.679993,230.529999,,,,,,-0.8388,pending,,2026-06-16T13:16:59+00:00
trackb_cont_UFPT_20260612,,,,,,243.679993,232.0,,,,,,-2.7661,pending,,2026-06-16T13:16:59+00:00
trackb_cont_UFPT_20260616,,,,,,,,,,,,,,pending,,2026-06-16T13:16:59+00:00
trackb_cont_UHAL-B_20260603,54.529999,,,,,56.0,49.029999,,,,,,-0.9895,pending,,2026-06-16T13:16:43+00:00
trackb_cont_UHAL-B_20260604,54.610001,,,,,56.0,49.029999,,,,,,-0.9895,pending,,2026-06-16T13:16:43+00:00
trackb_cont_UHAL-B_20260605,55.400002,,,,,56.0,50.25,,,,,,1.4742,pending,,2026-06-16T13:16:43+00:00
trackb_cont_UHAL-B_20260608,55.049999,,,,,56.0,51.889999,,,,,,4.7859,pending,,2026-06-16T13:16:43+00:00
trackb_cont_UHAL-B_20260609,,,,,,56.0,52.810001,,,,,,-0.6584,pending,,2026-06-16T13:16:43+00:00
trackb_cont_UHAL-B_20260612,,,,,,56.0,54.0,,,,,,-1.117,pending,,2026-06-16T13:16:43+00:00
trackb_cont_UHAL-B_20260615,,,,,,56.0,54.84,,,,,,-1.8611,pending,,2026-06-16T13:16:43+00:00
trackb_cont_UHAL-B_20260616,,,,,,,,,,,,,,pending,,2026-06-16T13:16:43+00:00
trackb_cont_UHAL_20260603,61.150002,,,,,63.259998,54.84,,,,,,-1.0115,pending,,2026-06-16T13:16:50+00:00
trackb_cont_UHAL_20260604,62.029999,,,,,63.259998,54.939999,,,,,,-0.831,pending,,2026-06-16T13:16:50+00:00
trackb_cont_UHAL_20260605,62.380001,,,,,63.259998,56.389999,,,,,,1.7863,pending,,2026-06-16T13:16:50+00:00
trackb_cont_UHAL_20260608,62.080002,,,,,63.259998,57.709999,,,,,,0.278,pending,,2026-06-16T13:16:50+00:00
trackb_cont_UHAL_20260610,,,,,,63.259998,60.66,,,,,,1.8982,pending,,2026-06-16T13:16:50+00:00
trackb_cont_UHAL_20260611,,,,,,63.259998,60.939999,,,,,,-0.3434,pending,,2026-06-16T13:16:50+00:00
trackb_cont_UHAL_20260612,,,,,,63.259998,61.450001,,,,,,-0.935,pending,,2026-06-16T13:16:50+00:00
trackb_cont_UHAL_20260615,,,,,,63.259998,61.970001,,,,,,-1.9772,pending,,2026-06-16T13:16:50+00:00
trackb_cont_UHAL_20260616,,,,,,,,,,,,,,pending,,2026-06-16T13:16:50+00:00
trackb_cont_ULCC_20260603,5.535,,,,,7.105,5.31,,,,,,-6.8421,pending,,2026-06-16T13:16:20+00:00
trackb_cont_ULCC_20260604,6.07,,,,,7.105,5.31,,,,,,-6.8421,pending,,2026-06-16T13:16:20+00:00
trackb_cont_ULCC_20260605,6.25,,,,,7.105,5.31,,,,,,-6.8421,pending,,2026-06-16T13:16:20+00:00
trackb_cont_ULCC_20260608,6.57,,,,,7.105,5.31,,,,,,-6.8421,pending,,2026-06-16T13:16:20+00:00
trackb_cont_ULCC_20260610,,,,,,7.105,5.31,,,,,,-11.3523,pending,,2026-06-16T13:16:20+00:00
trackb_cont_ULCC_20260616,,,,,,,,,,,,,,pending,,2026-06-16T13:16:20+00:00
trackb_cont_UMAC_20260603,22.85,,,,,32.93,21.940001,,,,,,-25.3741,pending,,2026-06-16T13:15:22+00:00
trackb_cont_UMAC_20260604,25.719999,,,,,32.93,21.940001,,,,,,-25.3741,pending,,2026-06-16T13:15:22+00:00
trackb_cont_UMAC_20260605,24.43,,,,,30.950001,21.940001,,,,,,-25.3741,pending,,2026-06-16T13:15:22+00:00
trackb_cont_UMAC_20260608,,,,,,27.83,21.940001,,,,,,-17.8277,pending,,2026-06-16T13:15:22+00:00
trackb_cont_UMBF_20260612,,,,,,137.559998,132.929993,,,,,,0.317,pending,,2026-06-16T13:18:09+00:00
trackb_cont_UMBF_20260615,,,,,,137.559998,133.810104,,,,,,-2.2785,pending,,2026-06-16T13:18:09+00:00
trackb_cont_UMBF_20260616,,,,,,,,,,,,,,pending,,2026-06-16T13:18:09+00:00
trackb_cont_UNFI_20260603,50.59,,,,,57.02,40.400002,,,,,,-22.128,pending,,2026-06-16T13:16:17+00:00
trackb_cont_UNFI_20260604,49.860001,,,,,57.02,40.400002,,,,,,-22.128,pending,,2026-06-16T13:16:17+00:00
trackb_cont_UNFI_20260605,50.389999,,,,,57.02,40.400002,,,,,,-22.128,pending,,2026-06-16T13:16:17+00:00
trackb_cont_UNFI_20260608,,,,,,57.02,40.400002,,,,,,-27.2334,pending,,2026-06-16T13:16:17+00:00
trackb_cont_UNFI_20260609,,,,,,51.360001,40.400002,,,,,,-21.7661,pending,,2026-06-16T13:16:17+00:00
trackb_cont_UNFI_20260610,,,,,,51.360001,46.080002,,,,,,-10.7668,pending,,2026-06-16T13:16:17+00:00
trackb_cont_UNF_20260603,272.600006,,,,,280.5,260.480011,,,,,,-1.5478,pending,,2026-06-16T13:16:50+00:00
trackb_cont_UNF_20260604,275.649994,,,,,280.5,262.109985,,,,,,-0.9317,pending,,2026-06-16T13:16:50+00:00
trackb_cont_UNF_20260605,264.829987,,,,,280.5,262.109985,,,,,,-0.9317,pending,,2026-06-16T13:16:50+00:00
trackb_cont_UNF_20260608,,,,,,280.5,262.109985,,,,,,-0.9317,pending,,2026-06-16T13:16:50+00:00
trackb_cont_UNF_20260609,,,,,,280.5,262.109985,,,,,,-0.7422,pending,,2026-06-16T13:16:50+00:00
trackb_cont_UNF_20260610,,,,,,280.5,262.779999,,,,,,-0.4885,pending,,2026-06-16T13:16:50+00:00
trackb_cont_UNH_20260609,,,,,,415.980011,399.649994,,,,,,-1.702,pending,,2026-06-16T13:17:26+00:00
trackb_cont_UNH_20260610,,,,,,415.980011,399.649994,,,,,,-1.702,pending,,2026-06-16T13:17:26+00:00
trackb_cont_UNH_20260611,,,,,,414.154999,399.649994,,,,,,-1.9168,pending,,2026-06-16T13:17:26+00:00
trackb_cont_UNH_20260612,,,,,,414.154999,399.649994,,,,,,-1.4548,pending,,2026-06-16T13:17:26+00:00
trackb_cont_UNH_20260616,,,,,,,,,,,,,,pending,,2026-06-16T13:17:26+00:00
trackb_cont_UNIT_20260612,,,,,,12.938,12.345,,,,,,-1.3978,pending,,2026-06-16T13:18:02+00:00
trackb_cont_UNIT_20260616,,,,,,,,,,,,,,pending,,2026-06-16T13:18:02+00:00
trackb_cont_UNM_20260603,90.68,,,,,93.205002,82.610001,,,,,,-0.6554,pending,,2026-06-16T13:16:22+00:00
trackb_cont_UNM_20260604,91.709999,,,,,93.205002,84.239998,,,,,,1.3048,pending,,2026-06-16T13:16:22+00:00
trackb_cont_UNM_20260605,92.730003,,,,,93.205002,85.32,,,,,,2.6036,pending,,2026-06-16T13:16:22+00:00
trackb_cont_UNM_20260608,,,,,,93.205002,86.010002,,,,,,3.4333,pending,,2026-06-16T13:16:22+00:00
trackb_cont_UNM_20260611,,,,,,93.205002,90.839996,,,,,,0.1764,pending,,2026-06-16T13:16:22+00:00
trackb_cont_UNM_20260616,,,,,,,,,,,,,,pending,,2026-06-16T13:16:22+00:00
trackb_cont_UPST_20260603,30.299999,,,,,34.02,29.139999,,,,,,-3.382,pending,,2026-06-16T13:16:52+00:00
trackb_cont_UPST_20260604,31.790001,,,,,34.02,29.139999,,,,,,-3.382,pending,,2026-06-16T13:16:52+00:00
trackb_cont_UPST_20260605,30.5,,,,,34.02,29.139999,,,,,,-3.382,pending,,2026-06-16T13:16:52+00:00
trackb_cont_UPST_20260608,32.360001,,,,,34.02,29.25,,,,,,-3.0172,pending,,2026-06-16T13:16:52+00:00
trackb_cont_UPS_20260603,103.260002,,,,,111.220001,102.830002,,,,,,-6.8822,pending,,2026-06-16T13:15:42+00:00
trackb_cont_UPS_20260604,108.650002,,,,,111.220001,102.830002,,,,,,-6.8822,pending,,2026-06-16T13:15:42+00:00
trackb_cont_UPS_20260605,108.099998,,,,,110.699997,102.830002,,,,,,-6.8822,pending,,2026-06-16T13:15:42+00:00
trackb_cont_UPS_20260608,,,,,,110.620003,102.830002,,,,,,-5.2607,pending,,2026-06-16T13:15:42+00:00
trackb_cont_UPS_20260616,,,,,,,,,,,,,,pending,,2026-06-16T13:15:42+00:00
trackb_cont_URBN_20260611,,,,,,79.419998,73.220001,,,,,,0.7291,pending,,2026-06-16T13:17:57+00:00
trackb_cont_URBN_20260615,,,,,,78.620003,76.75,,,,,,-1.4573,pending,,2026-06-16T13:17:57+00:00
trackb_cont_URBN_20260616,,,,,,,,,,,,,,pending,,2026-06-16T13:17:57+00:00
trackb_cont_URG_20260603,1.47,,,,,2.09,1.47,,,,,,-23.2376,pending,,2026-06-16T13:15:35+00:00
trackb_cont_URG_20260604,1.57,,,,,1.99,1.47,,,,,,-23.2376,pending,,2026-06-16T13:15:35+00:00
trackb_cont_URG_20260605,1.57,,,,,1.94,1.47,,,,,,-23.2376,pending,,2026-06-16T13:15:35+00:00
trackb_cont_URI_20260603,1056.349976,,,,,1106.880005,995.869995,,,,,,-3.3624,pending,,2026-06-16T13:16:25+00:00
trackb_cont_URI_20260604,1068.48999,,,,,1106.880005,1045.920044,,,,,,1.4944,pending,,2026-06-16T13:16:25+00:00
trackb_cont_URI_20260605,1074.23999,,,,,1106.880005,1045.920044,,,,,,1.4944,pending,,2026-06-16T13:16:25+00:00
trackb_cont_URI_20260608,1084.01001,,,,,1106.880005,1045.920044,,,,,,-2.0463,pending,,2026-06-16T13:16:25+00:00
trackb_cont_URI_20260616,,,,,,,,,,,,,,pending,,2026-06-16T13:16:25+00:00
trackb_cont_USAR_20260603,20.33,,,,,32.799999,19.885,,,,,,-29.6977,pending,,2026-06-16T13:15:36+00:00
trackb_cont_USAR_20260604,22.559999,,,,,27.48,19.885,,,,,,-29.6977,pending,,2026-06-16T13:15:36+00:00
trackb_cont_USAR_20260605,21.99,,,,,26.049999,19.885,,,,,,-29.6977,pending,,2026-06-16T13:15:36+00:00
trackb_cont_USB_20260610,,,,,,59.531502,55.799999,,,,,,0.813,pending,,2026-06-16T13:17:39+00:00
trackb_cont_USB_20260612,,,,,,59.531502,57.75,,,,,,0.2082,pending,,2026-06-16T13:17:39+00:00
trackb_cont_USB_20260615,,,,,,59.531502,57.75,,,,,,-2.4658,pending,,2026-06-16T13:17:39+00:00
trackb_cont_USB_20260616,,,,,,,,,,,,,,pending,,2026-06-16T13:17:39+00:00
trackb_cont_USFD_20260611,,,,,,94.050003,89.790001,,,,,,-0.4325,pending,,2026-06-16T13:17:50+00:00
trackb_cont_USFD_20260616,,,,,,,,,,,,,,pending,,2026-06-16T13:17:50+00:00
trackb_cont_UTI_20260603,39.75,,,,,45.740002,36.120098,,,,,,-17.0795,pending,,2026-06-16T13:15:17+00:00
trackb_cont_UTI_20260604,40.779999,,,,,45.740002,36.120098,,,,,,-17.0795,pending,,2026-06-16T13:15:17+00:00
trackb_cont_UTI_20260605,39.139999,,,,,45.02,36.120098,,,,,,-17.0795,pending,,2026-06-16T13:15:17+00:00
trackb_cont_UTI_20260608,,,,,,44.389999,36.120098,,,,,,-17.0987,pending,,2026-06-16T13:15:17+00:00
trackb_cont_UTI_20260609,,,,,,41.540001,36.120098,,,,,,-15.9216,pending,,2026-06-16T13:15:17+00:00
trackb_cont_UVV_20260603,54.330002,,,,,54.509998,52.43,,,,,,-2.4013,pending,,2026-06-16T13:16:12+00:00
trackb_cont_UVV_20260604,53.259998,,,,,54.509998,52.43,,,,,,-2.4013,pending,,2026-06-16T13:16:12+00:00
trackb_cont_UVV_20260605,53.93,,,,,54.509998,52.43,,,,,,-2.4013,pending,,2026-06-16T13:16:12+00:00
trackb_cont_UVV_20260609,,,,,,54.509998,52.43,,,,,,-0.6066,pending,,2026-06-16T13:16:12+00:00
trackb_cont_UVV_20260610,,,,,,54.509998,52.889999,,,,,,0.2654,pending,,2026-06-16T13:16:12+00:00
trackb_cont_UVV_20260616,,,,,,,,,,,,,,pending,,2026-06-16T13:16:12+00:00
trackb_cont_U_20260603,26.66,,,,,31.4,25.77,,,,,,-11.7315,pending,,2026-06-16T13:16:40+00:00
trackb_cont_U_20260604,26.709999,,,,,31.4,25.77,,,,,,-11.7315,pending,,2026-06-16T13:16:40+00:00
trackb_cont_U_20260605,27.24,,,,,31.4,25.77,,,,,,-11.7315,pending,,2026-06-16T13:16:40+00:00
trackb_cont_U_20260608,28.49,,,,,29.889999,25.77,,,,,,-11.7315,pending,,2026-06-16T13:16:40+00:00
trackb_cont_VAC_20260603,87.730003,,,,,97.269997,84.510002,,,,,,-0.2832,pending,,2026-06-16T13:15:38+00:00
trackb_cont_VAC_20260604,92.870003,,,,,97.269997,85.75,,,,,,1.1799,pending,,2026-06-16T13:15:38+00:00
trackb_cont_VAC_20260605,93.379997,,,,,97.269997,86.629997,,,,,,2.2183,pending,,2026-06-16T13:15:38+00:00
trackb_cont_VAC_20260608,,,,,,97.269997,86.970001,,,,,,-2.816,pending,,2026-06-16T13:15:38+00:00
trackb_cont_VAC_20260615,,,,,,97.269997,94.75,,,,,,-2.0368,pending,,2026-06-16T13:15:38+00:00
trackb_cont_VAC_20260616,,,,,,,,,,,,,,pending,,2026-06-16T13:15:38+00:00
trackb_cont_VC_20260603,117.699997,,,,,125.120003,116.355003,,,,,,-5.8083,pending,,2026-06-16T13:15:26+00:00
trackb_cont_VC_20260604,120.050003,,,,,123.400002,116.355003,,,,,,-5.8083,pending,,2026-06-16T13:15:26+00:00
trackb_cont_VC_20260605,118.440002,,,,,122.690002,116.355003,,,,,,-5.8083,pending,,2026-06-16T13:15:26+00:00
trackb_cont_VC_20260608,,,,,,122.690002,116.355003,,,,,,-5.8083,pending,,2026-06-16T13:15:26+00:00
trackb_cont_VECO_20260603,65.940002,,,,,86.629997,57.810001,,,,,,-4.3672,pending,,2026-06-16T13:16:53+00:00
trackb_cont_VECO_20260604,71.550003,,,,,86.629997,57.810001,,,,,,-4.3672,pending,,2026-06-16T13:16:53+00:00
trackb_cont_VECO_20260605,77.480003,,,,,86.629997,57.810001,,,,,,-4.3672,pending,,2026-06-16T13:16:53+00:00
trackb_cont_VECO_20260608,83.040001,,,,,86.629997,58.799999,,,,,,-2.7295,pending,,2026-06-16T13:16:53+00:00
trackb_cont_VECO_20260616,,,,,,,,,,,,,,pending,,2026-06-16T13:16:53+00:00
trackb_cont_VEEV_20260603,163.759995,,,,,185.630005,156.220001,,,,,,-11.3922,pending,,2026-06-16T13:16:38+00:00
trackb_cont_VEEV_20260604,161.550003,,,,,185.630005,156.220001,,,,,,-11.3922,pending,,2026-06-16T13:16:38+00:00
trackb_cont_VEEV_20260605,159.539993,,,,,181.75,156.220001,,,,,,-11.3922,pending,,2026-06-16T13:16:38+00:00
trackb_cont_VEEV_20260608,162.169998,,,,,172.679993,156.220001,,,,,,-11.3922,pending,,2026-06-16T13:16:38+00:00
trackb_cont_VELO_20260603,22.68,,,,,31.75,14.72,,,,,,-27.2727,pending,,2026-06-16T13:16:58+00:00
trackb_cont_VELO_20260604,30.610001,,,,,31.75,14.72,,,,,,-27.2727,pending,,2026-06-16T13:16:58+00:00
trackb_cont_VELO_20260605,25.5,,,,,31.75,14.72,,,,,,-27.2727,pending,,2026-06-16T13:16:58+00:00
trackb_cont_VGZ_20260603,2.11,,,,,2.5065,2.07,,,,,,-10.5832,pending,,2026-06-16T13:16:34+00:00
trackb_cont_VGZ_20260604,2.2,,,,,2.5065,2.07,,,,,,-10.5832,pending,,2026-06-16T13:16:34+00:00
trackb_cont_VGZ_20260605,2.34,,,,,2.5065,2.07,,,,,,-10.5832,pending,,2026-06-16T13:16:34+00:00
trackb_cont_VGZ_20260608,,,,,,2.5065,2.07,,,,,,-4.6083,pending,,2026-06-16T13:16:34+00:00
trackb_cont_VIAV_20260608,,,,,,57.5,44.259998,,,,,,-6.9386,pending,,2026-06-16T13:17:20+00:00
trackb_cont_VIAV_20260615,,,,,,57.5,51.760101,,,,,,-9.2406,pending,,2026-06-16T13:17:20+00:00
trackb_cont_VIAV_20260616,,,,,,,,,,,,,,pending,,2026-06-16T13:17:20+00:00
trackb_cont_VICI_20260616,,,,,,,,,,,,,,pending,,2026-06-16T13:18:33+00:00
trackb_cont_VICR_20260603,275.51001,,,,,340.190002,258.910004,,,,,,-20.8831,pending,,2026-06-16T13:16:35+00:00
trackb_cont_VICR_20260604,298.059998,,,,,335.0,258.910004,,,,,,-20.8831,pending,,2026-06-16T13:16:35+00:00
trackb_cont_VICR_20260605,303.769989,,,,,335.0,258.910004,,,,,,-20.8831,pending,,2026-06-16T13:16:35+00:00
trackb_cont_VICR_20260608,,,,,,335.0,258.910004,,,,,,-20.8831,pending,,2026-06-16T13:16:35+00:00
trackb_cont_VISN_20260603,12.07,,,,,13.039,11.561,,,,,,-5.2377,pending,,2026-06-16T13:16:15+00:00
trackb_cont_VISN_20260604,12.65,,,,,13.039,11.561,,,,,,-5.2377,pending,,2026-06-16T13:16:15+00:00
trackb_cont_VISN_20260605,12.66,,,,,13.039,11.561,,,,,,-5.2377,pending,,2026-06-16T13:16:15+00:00
trackb_cont_VISN_20260608,12.76,,,,,13.039,11.561,,,,,,-1.6085,pending,,2026-06-16T13:16:15+00:00
trackb_cont_VISN_20260616,,,,,,,,,,,,,,pending,,2026-06-16T13:16:15+00:00
trackb_cont_VLO_20260603,257.98999,,,,,265.609985,241.149994,,,,,,-8.6172,pending,,2026-06-16T13:15:53+00:00
trackb_cont_VLO_20260604,255.600006,,,,,264.160004,241.149994,,,,,,-8.6172,pending,,2026-06-16T13:15:53+00:00
trackb_cont_VLO_20260605,258.670013,,,,,264.160004,241.149994,,,,,,-8.6172,pending,,2026-06-16T13:15:53+00:00
trackb_cont_VLO_20260608,,,,,,264.160004,241.149994,,,,,,-8.6172,pending,,2026-06-16T13:15:53+00:00
trackb_cont_VLO_20260609,,,,,,264.160004,241.149994,,,,,,-6.6721,pending,,2026-06-16T13:15:53+00:00
trackb_cont_VLO_20260616,,,,,,,,,,,,,,pending,,2026-06-16T13:15:53+00:00
trackb_cont_VLY_20260603,14.16,,,,,14.718,13.38,,,,,,-1.3274,pending,,2026-06-16T13:15:37+00:00
trackb_cont_VLY_20260604,14.41,,,,,14.718,13.58,,,,,,0.1475,pending,,2026-06-16T13:15:37+00:00
trackb_cont_VLY_20260605,14.63,,,,,14.718,13.67,,,,,,0.8112,pending,,2026-06-16T13:15:37+00:00
trackb_cont_VLY_20260608,,,,,,14.718,13.67,,,,,,0.8112,pending,,2026-06-16T13:15:37+00:00
trackb_cont_VLY_20260611,,,,,,14.718,14.08,,,,,,-0.565,pending,,2026-06-16T13:15:37+00:00
trackb_cont_VLY_20260612,,,,,,14.718,14.26,,,,,,-1.0409,pending,,2026-06-16T13:15:37+00:00
trackb_cont_VLY_20260616,,,,,,,,,,,,,,pending,,2026-06-16T13:15:37+00:00
trackb_cont_VMC_20260616,,,,,,,,,,,,,,pending,,2026-06-16T13:17:39+00:00
trackb_cont_VMI_20260603,512.25,,,,,558.460022,511.230011,,,,,,-6.1757,pending,,2026-06-16T13:15:21+00:00
trackb_cont_VMI_20260604,528.559998,,,,,558.460022,511.230011,,,,,,-6.1757,pending,,2026-06-16T13:15:21+00:00
trackb_cont_VMI_20260605,546.809998,,,,,558.460022,511.230011,,,,,,-6.1757,pending,,2026-06-16T13:15:21+00:00
trackb_cont_VMI_20260608,,,,,,558.460022,511.230011,,,,,,-4.2282,pending,,2026-06-16T13:15:21+00:00
trackb_cont_VMI_20260609,,,,,,558.460022,511.230011,,,,,,-4.5572,pending,,2026-06-16T13:15:21+00:00
trackb_cont_VMI_20260611,,,,,,558.460022,512.140015,,,,,,-0.0215,pending,,2026-06-16T13:15:21+00:00
trackb_cont_VMI_20260615,,,,,,558.460022,538.679993,,,,,,-3.407,pending,,2026-06-16T13:15:21+00:00
trackb_cont_VMI_20260616,,,,,,,,,,,,,,pending,,2026-06-16T13:15:21+00:00
trackb_cont_VNO_20260603,38.279999,,,,,39.27,33.5,,,,,,-0.2976,pending,,2026-06-16T13:15:17+00:00
trackb_cont_VNO_20260604,38.970001,,,,,39.27,33.900002,,,,,,0.8929,pending,,2026-06-16T13:15:17+00:00
trackb_cont_VNO_20260605,38.27,,,,,39.27,34.549999,,,,,,2.8274,pending,,2026-06-16T13:15:17+00:00
trackb_cont_VNO_20260608,,,,,,39.27,35.380001,,,,,,0.4828,pending,,2026-06-16T13:15:17+00:00
trackb_cont_VNO_20260609,,,,,,39.27,36.68,,,,,,1.326,pending,,2026-06-16T13:15:17+00:00
trackb_cont_VNO_20260612,,,,,,39.16,38.049999,,,,,,-2.3608,pending,,2026-06-16T13:15:17+00:00
trackb_cont_VNO_20260616,,,,,,,,,,,,,,pending,,2026-06-16T13:15:17+00:00
trackb_cont_VPG_20260603,122.25,,,,,148.289993,112.389999,,,,,,-13.9104,pending,,2026-06-16T13:15:22+00:00
trackb_cont_VPG_20260604,141.699997,,,,,148.289993,112.389999,,,,,,-13.9104,pending,,2026-06-16T13:15:22+00:00
trackb_cont_VPG_20260605,139.520004,,,,,148.289993,112.389999,,,,,,-13.9104,pending,,2026-06-16T13:15:22+00:00
trackb_cont_VPG_20260608,,,,,,148.289993,112.389999,,,,,,-4.3571,pending,,2026-06-16T13:15:22+00:00
trackb_cont_VPG_20260609,,,,,,148.289993,112.389999,,,,,,-6.3104,pending,,2026-06-16T13:15:22+00:00
trackb_cont_VPG_20260610,,,,,,148.289993,118.519997,,,,,,-1.2004,pending,,2026-06-16T13:15:22+00:00
trackb_cont_VPG_20260615,,,,,,148.289993,139.399994,,,,,,-4.9502,pending,,2026-06-16T13:15:22+00:00
trackb_cont_VPG_20260616,,,,,,,,,,,,,,pending,,2026-06-16T13:15:22+00:00
trackb_cont_VRSK_20260603,183.130005,,,,,185.270004,175.169998,,,,,,-1.5678,pending,,2026-06-16T13:16:22+00:00
trackb_cont_VRSK_20260604,182.0,,,,,185.270004,177.110001,,,,,,-0.4776,pending,,2026-06-16T13:16:22+00:00
trackb_cont_VRSK_20260605,183.800003,,,,,185.270004,177.110001,,,,,,-0.4776,pending,,2026-06-16T13:16:22+00:00
trackb_cont_VRSK_20260608,,,,,,185.270004,177.110001,,,,,,-0.4776,pending,,2026-06-16T13:16:22+00:00
trackb_cont_VRSK_20260610,,,,,,185.270004,177.830002,,,,,,-0.637,pending,,2026-06-16T13:16:22+00:00
trackb_cont_VRSK_20260612,,,,,,184.550003,177.830002,,,,,,-2.2912,pending,,2026-06-16T13:16:22+00:00
trackb_cont_VRSK_20260616,,,,,,,,,,,,,,pending,,2026-06-16T13:16:22+00:00
trackb_cont_VRTX_20260609,,,,,,453.679993,433.799988,,,,,,-2.0679,pending,,2026-06-16T13:17:32+00:00
trackb_cont_VRTX_20260611,,,,,,453.679993,435.209991,,,,,,-0.1148,pending,,2026-06-16T13:17:32+00:00
trackb_cont_VSTS_20260603,13.02,,,,,13.52,12.17,,,,,,-7.5228,pending,,2026-06-16T13:15:19+00:00
trackb_cont_VSTS_20260604,13.31,,,,,13.52,12.17,,,,,,-7.5228,pending,,2026-06-16T13:15:19+00:00
trackb_cont_VSTS_20260605,13.19,,,,,13.44,12.17,,,,,,-7.5228,pending,,2026-06-16T13:15:19+00:00
trackb_cont_VSTS_20260608,,,,,,13.44,12.17,,,,,,-5.2918,pending,,2026-06-16T13:15:19+00:00
trackb_cont_VSTS_20260610,,,,,,13.44,12.17,,,,,,-2.3274,pending,,2026-06-16T13:15:19+00:00
trackb_cont_VSTS_20260612,,,,,,13.4,12.858,,,,,,-3.3959,pending,,2026-06-16T13:15:19+00:00
trackb_cont_VSTS_20260616,,,,,,,,,,,,,,pending,,2026-06-16T13:15:19+00:00
trackb_cont_VSXY_20260603,74.239998,,,,,82.959999,72.0,,,,,,-2.3199,pending,,2026-06-16T13:15:17+00:00
trackb_cont_VSXY_20260604,78.779999,,,,,82.959999,72.279999,,,,,,-1.94,pending,,2026-06-16T13:15:17+00:00
trackb_cont_VSXY_20260605,78.879997,,,,,82.959999,72.279999,,,,,,-1.94,pending,,2026-06-16T13:15:17+00:00
trackb_cont_VSXY_20260608,79.419998,,,,,82.959999,73.269997,,,,,,-1.7828,pending,,2026-06-16T13:15:17+00:00
trackb_cont_VSXY_20260610,,,,,,82.959999,73.269997,,,,,,-3.9208,pending,,2026-06-16T13:15:17+00:00
trackb_cont_VSXY_20260616,,,,,,,,,,,,,,pending,,2026-06-16T13:15:17+00:00
trackb_cont_VVV_20260610,,,,,,39.009998,36.290001,,,,,,0.304,pending,,2026-06-16T13:17:43+00:00
trackb_cont_VVV_20260615,,,,,,39.009998,38.02,,,,,,-2.2496,pending,,2026-06-16T13:17:43+00:00
trackb_cont_VVV_20260616,,,,,,,,,,,,,,pending,,2026-06-16T13:17:43+00:00
trackb_cont_VZ_20260616,,,,,,,,,,,,,,pending,,2026-06-16T13:18:32+00:00
trackb_cont_WALD_20260603,1.87,,,,,1.925,1.59,,,,,,-10.4225,pending,,2026-06-16T13:15:54+00:00
trackb_cont_WALD_20260604,1.86,,,,,1.925,1.59,,,,,,-10.4225,pending,,2026-06-16T13:15:54+00:00
trackb_cont_WALD_20260605,1.86,,,,,1.925,1.61,,,,,,-9.2958,pending,,2026-06-16T13:15:54+00:00
trackb_cont_WALD_20260608,1.82,,,,,1.925,1.61,,,,,,-6.3953,pending,,2026-06-16T13:15:54+00:00
trackb_cont_WALD_20260612,,,,,,1.91,1.665,,,,,,-10.4839,pending,,2026-06-16T13:15:54+00:00
trackb_cont_WALD_20260615,,,,,,1.9,1.665,,,,,,-10.0,pending,,2026-06-16T13:15:54+00:00
trackb_cont_WALD_20260616,,,,,,,,,,,,,,pending,,2026-06-16T13:15:54+00:00
trackb_cont_WAL_20260611,,,,,,85.5354,79.870003,,,,,,-2.0841,pending,,2026-06-16T13:17:54+00:00
trackb_cont_WAL_20260612,,,,,,85.5354,81.480003,,,,,,-1.0204,pending,,2026-06-16T13:17:54+00:00
trackb_cont_WAL_20260616,,,,,,,,,,,,,,pending,,2026-06-16T13:17:54+00:00
trackb_cont_WATT_20260603,22.92,,,,,30.5,22.700001,,,,,,-22.0735,pending,,2026-06-16T13:15:35+00:00
trackb_cont_WATT_20260604,24.17,,,,,28.98,22.700001,,,,,,-22.0735,pending,,2026-06-16T13:15:35+00:00
trackb_cont_WATT_20260605,23.709999,,,,,27.65,22.700001,,,,,,-22.0735,pending,,2026-06-16T13:15:35+00:00
trackb_cont_WAT_20260603,363.179993,,,,,384.98999,353.630005,,,,,,-6.1043,pending,,2026-06-16T13:16:35+00:00
trackb_cont_WAT_20260604,359.73999,,,,,384.98999,353.630005,,,,,,-6.1043,pending,,2026-06-16T13:16:35+00:00
trackb_cont_WAT_20260605,355.529999,,,,,377.51001,353.630005,,,,,,-6.1043,pending,,2026-06-16T13:16:35+00:00
trackb_cont_WAT_20260608,357.76001,,,,,377.51001,353.630005,,,,,,-6.1043,pending,,2026-06-16T13:16:35+00:00
trackb_cont_WBI_20260608,,,,,,36.209999,28.75,,,,,,-2.3438,pending,,2026-06-16T13:17:19+00:00
trackb_cont_WBS_20260615,,,,,,74.785202,74.235001,,,,,,-0.5426,pending,,2026-06-16T13:18:18+00:00
trackb_cont_WBS_20260616,,,,,,,,,,,,,,pending,,2026-06-16T13:18:18+00:00
trackb_cont_WCC_20260603,334.190002,,,,,377.899994,333.209991,,,,,,-10.9457,pending,,2026-06-16T13:15:55+00:00
trackb_cont_WCC_20260604,344.209991,,,,,370.049988,333.209991,,,,,,-10.9457,pending,,2026-06-16T13:15:55+00:00
trackb_cont_WCC_20260605,346.769989,,,,,365.950012,333.209991,,,,,,-10.9457,pending,,2026-06-16T13:15:55+00:00
trackb_cont_WCC_20260608,,,,,,365.950012,333.209991,,,,,,-5.9552,pending,,2026-06-16T13:15:55+00:00
trackb_cont_WDAY_20260603,137.470001,,,,,153.479996,125.019997,,,,,,-13.331,pending,,2026-06-16T13:16:33+00:00
trackb_cont_WDAY_20260604,130.529999,,,,,153.479996,125.019997,,,,,,-13.331,pending,,2026-06-16T13:16:33+00:00
trackb_cont_WDAY_20260605,130.800003,,,,,151.5,125.019997,,,,,,-13.331,pending,,2026-06-16T13:16:33+00:00
trackb_cont_WDAY_20260608,129.600006,,,,,145.479996,125.019997,,,,,,-13.331,pending,,2026-06-16T13:16:33+00:00
trackb_cont_WDC_20260603,490.089996,,,,,658.799988,480.869995,,,,,,-19.5298,pending,,2026-06-16T13:15:31+00:00
trackb_cont_WDC_20260604,529.289978,,,,,658.799988,480.869995,,,,,,-19.5298,pending,,2026-06-16T13:15:31+00:00
trackb_cont_WDC_20260605,562.929993,,,,,658.799988,480.869995,,,,,,-19.5298,pending,,2026-06-16T13:15:31+00:00
trackb_cont_WDC_20260608,,,,,,658.799988,480.869995,,,,,,-19.5298,pending,,2026-06-16T13:15:31+00:00
trackb_cont_WDC_20260615,,,,,,658.799988,612.0,,,,,,-4.3645,pending,,2026-06-16T13:15:31+00:00
trackb_cont_WDC_20260616,,,,,,,,,,,,,,pending,,2026-06-16T13:15:31+00:00
trackb_cont_WD_20260616,,,,,,,,,,,,,,pending,,2026-06-16T13:18:40+00:00
trackb_cont_WEC_20260616,,,,,,,,,,,,,,pending,,2026-06-16T13:18:45+00:00
trackb_cont_WERN_20260603,42.75,,,,,45.27,41.110001,,,,,,-4.6172,pending,,2026-06-16T13:15:15+00:00
trackb_cont_WERN_20260604,43.84,,,,,45.27,41.110001,,,,,,-4.6172,pending,,2026-06-16T13:15:15+00:00
trackb_cont_WERN_20260605,43.959999,,,,,45.27,41.110001,,,,,,-4.6172,pending,,2026-06-16T13:15:15+00:00
trackb_cont_WERN_20260608,,,,,,45.27,41.110001,,,,,,-5.4073,pending,,2026-06-16T13:15:15+00:00
trackb_cont_WERN_20260610,,,,,,44.799999,41.110001,,,,,,-7.6387,pending,,2026-06-16T13:15:15+00:00
trackb_cont_WERN_20260616,,,,,,,,,,,,,,pending,,2026-06-16T13:15:15+00:00
trackb_cont_WFC_20260603,81.970001,,,,,84.93,77.400002,,,,,,-0.7438,pending,,2026-06-16T13:16:23+00:00
trackb_cont_WFC_20260604,82.400002,,,,,84.93,79.720001,,,,,,2.2313,pending,,2026-06-16T13:16:23+00:00
trackb_cont_WFC_20260605,83.730003,,,,,84.93,80.830002,,,,,,3.6548,pending,,2026-06-16T13:16:23+00:00
trackb_cont_WFC_20260608,,,,,,84.93,80.830002,,,,,,-1.3546,pending,,2026-06-16T13:16:23+00:00
trackb_cont_WFC_20260609,,,,,,84.93,80.830002,,,,,,-0.1606,pending,,2026-06-16T13:16:23+00:00
trackb_cont_WFC_20260611,,,,,,84.93,80.830002,,,,,,-1.3908,pending,,2026-06-16T13:16:23+00:00
trackb_cont_WFC_20260615,,,,,,84.93,83.029999,,,,,,-1.9023,pending,,2026-06-16T13:16:23+00:00
trackb_cont_WFC_20260616,,,,,,,,,,,,,,pending,,2026-06-16T13:16:23+00:00
trackb_cont_WGS_20260608,61.32,,,,,63.310001,51.509998,,,,,,-1.3407,pending,,2026-06-16T13:16:59+00:00
trackb_cont_WGS_20260616,,,,,,,,,,,,,,pending,,2026-06-16T13:16:59+00:00
trackb_cont_WING_20260616,,,,,,,,,,,,,,pending,,2026-06-16T13:16:59+00:00
trackb_cont_WKC_20260603,31.450001,,,,,32.240002,28.76,,,,,,-1.4731,pending,,2026-06-16T13:16:56+00:00
trackb_cont_WKC_20260604,31.440001,,,,,32.240002,29.07,,,,,,-0.4111,pending,,2026-06-16T13:16:56+00:00
trackb_cont_WKC_20260605,31.719999,,,,,32.240002,29.219999,,,,,,0.1028,pending,,2026-06-16T13:16:56+00:00
trackb_cont_WKC_20260608,,,,,,32.240002,29.82,,,,,,2.1583,pending,,2026-06-16T13:16:56+00:00
trackb_cont_WKC_20260609,,,,,,32.240002,29.940001,,,,,,-0.6965,pending,,2026-06-16T13:16:56+00:00
trackb_cont_WKC_20260610,,,,,,32.240002,30.610001,,,,,,1.5257,pending,,2026-06-16T13:16:56+00:00
trackb_cont_WKC_20260611,,,,,,32.240002,30.610001,,,,,,-2.6709,pending,,2026-06-16T13:16:56+00:00
trackb_cont_WKC_20260615,,,,,,31.34,30.610001,,,,,,-0.8101,pending,,2026-06-16T13:16:56+00:00
trackb_cont_WKC_20260616,,,,,,,,,,,,,,pending,,2026-06-16T13:16:56+00:00
trackb_cont_WMK_20260603,82.059998,,,,,83.739998,73.760002,,,,,,-2.1751,pending,,2026-06-16T13:16:18+00:00
trackb_cont_WMK_20260604,82.540001,,,,,83.739998,73.860001,,,,,,-2.0424,pending,,2026-06-16T13:16:18+00:00
trackb_cont_WMK_20260605,82.629997,,,,,83.739998,75.629997,,,,,,0.305,pending,,2026-06-16T13:16:18+00:00
trackb_cont_WMK_20260608,,,,,,83.739998,78.550003,,,,,,4.1777,pending,,2026-06-16T13:16:18+00:00
trackb_cont_WMK_20260609,,,,,,83.739998,78.970001,,,,,,-0.8911,pending,,2026-06-16T13:16:18+00:00
trackb_cont_WMK_20260610,,,,,,83.739998,79.199997,,,,,,-0.6024,pending,,2026-06-16T13:16:18+00:00
trackb_cont_WMK_20260615,,,,,,81.865097,79.199997,,,,,,-1.3699,pending,,2026-06-16T13:16:18+00:00
trackb_cont_WMK_20260616,,,,,,,,,,,,,,pending,,2026-06-16T13:16:18+00:00
trackb_cont_WNC_20260616,,,,,,,,,,,,,,pending,,2026-06-16T13:17:06+00:00
trackb_cont_WOR_20260603,57.490002,,,,,60.685001,56.43,,,,,,-1.6385,pending,,2026-06-16T13:15:50+00:00
trackb_cont_WOR_20260604,58.720001,,,,,60.685001,56.43,,,,,,-1.6385,pending,,2026-06-16T13:15:50+00:00
trackb_cont_WOR_20260605,59.68,,,,,60.685001,56.43,,,,,,-1.6385,pending,,2026-06-16T13:15:50+00:00
trackb_cont_WOR_20260608,,,,,,60.685001,56.43,,,,,,-1.5355,pending,,2026-06-16T13:15:50+00:00
trackb_cont_WOR_20260615,,,,,,60.685001,59.485001,,,,,,0.0,pending,,2026-06-16T13:15:50+00:00
trackb_cont_WOR_20260616,,,,,,,,,,,,,,pending,,2026-06-16T13:15:50+00:00
trackb_cont_WPC_20260611,,,,,,76.970001,75.360001,,,,,,-0.6329,pending,,2026-06-16T13:17:52+00:00
trackb_cont_WPC_20260616,,,,,,,,,,,,,,pending,,2026-06-16T13:17:52+00:00
trackb_cont_WRB_20260610,,,,,,68.769997,66.839996,,,,,,0.1348,pending,,2026-06-16T13:17:40+00:00
trackb_cont_WRB_20260612,,,,,,68.5,66.839996,,,,,,-1.0364,pending,,2026-06-16T13:17:40+00:00
trackb_cont_WRB_20260616,,,,,,,,,,,,,,pending,,2026-06-16T13:17:40+00:00
trackb_cont_WRLD_20260603,171.330002,,,,,183.0,155.080002,,,,,,-6.5783,pending,,2026-06-16T13:16:13+00:00
trackb_cont_WRLD_20260604,176.970001,,,,,183.0,155.080002,,,,,,-6.5783,pending,,2026-06-16T13:16:13+00:00
trackb_cont_WRLD_20260605,178.449997,,,,,183.0,164.589996,,,,,,-0.8494,pending,,2026-06-16T13:16:13+00:00
trackb_cont_WRLD_20260608,,,,,,183.0,167.100006,,,,,,0.6627,pending,,2026-06-16T13:16:13+00:00
trackb_cont_WRLD_20260616,,,,,,,,,,,,,,pending,,2026-06-16T13:16:13+00:00
trackb_cont_WSC_20260616,,,,,,,,,,,,,,pending,,2026-06-16T13:18:31+00:00
trackb_cont_WSM_20260603,206.940002,,,,,230.0,200.399994,,,,,,-1.7888,pending,,2026-06-16T13:15:49+00:00
trackb_cont_WSM_20260604,218.740005,,,,,230.0,201.639999,,,,,,-1.1811,pending,,2026-06-16T13:15:49+00:00
trackb_cont_WSM_20260605,223.539993,,,,,230.0,201.639999,,,,,,-1.1811,pending,,2026-06-16T13:15:49+00:00
trackb_cont_WSM_20260608,,,,,,230.0,201.639999,,,,,,-1.1811,pending,,2026-06-16T13:15:49+00:00
trackb_cont_WSM_20260615,,,,,,230.0,222.789993,,,,,,-2.7415,pending,,2026-06-16T13:15:49+00:00
trackb_cont_WSM_20260616,,,,,,,,,,,,,,pending,,2026-06-16T13:15:49+00:00
trackb_cont_WST_20260612,,,,,,333.399994,326.679993,,,,,,-1.108,pending,,2026-06-16T13:18:04+00:00
trackb_cont_WST_20260616,,,,,,,,,,,,,,pending,,2026-06-16T13:18:04+00:00
trackb_cont_WS_20260603,41.080002,,,,,44.939999,40.470001,,,,,,-4.9777,pending,,2026-06-16T13:16:04+00:00
trackb_cont_WS_20260604,43.5,,,,,44.939999,40.470001,,,,,,-4.9777,pending,,2026-06-16T13:16:04+00:00
trackb_cont_WS_20260605,43.450001,,,,,44.939999,40.470001,,,,,,-4.9777,pending,,2026-06-16T13:16:04+00:00
trackb_cont_WS_20260608,,,,,,44.939999,40.470001,,,,,,-4.9777,pending,,2026-06-16T13:16:04+00:00
trackb_cont_WS_20260616,,,,,,,,,,,,,,pending,,2026-06-16T13:16:04+00:00
trackb_cont_WULF_20260603,23.190001,,,,,28.445,22.99,,,,,,-11.9494,pending,,2026-06-16T13:15:58+00:00
trackb_cont_WULF_20260604,25.35,,,,,28.445,22.99,,,,,,-11.9494,pending,,2026-06-16T13:15:58+00:00
trackb_cont_WULF_20260605,26.059999,,,,,28.445,22.99,,,,,,-11.9494,pending,,2026-06-16T13:15:58+00:00
trackb_cont_WULF_20260608,,,,,,28.445,23.059999,,,,,,-11.6814,pending,,2026-06-16T13:15:58+00:00
trackb_cont_WULF_20260616,,,,,,,,,,,,,,pending,,2026-06-16T13:15:58+00:00
trackb_cont_WWD_20260615,,,,,,405.660004,394.410004,,,,,,-0.3877,pending,,2026-06-16T13:18:22+00:00
trackb_cont_WWD_20260616,,,,,,,,,,,,,,pending,,2026-06-16T13:18:22+00:00
trackb_cont_WWW_20260611,,,,,,18.73,17.059999,,,,,,-0.6407,pending,,2026-06-16T13:17:45+00:00
trackb_cont_WWW_20260615,,,,,,18.67,17.5,,,,,,-6.1662,pending,,2026-06-16T13:17:45+00:00
trackb_cont_WWW_20260616,,,,,,,,,,,,,,pending,,2026-06-16T13:17:45+00:00
trackb_cont_WYNN_20260603,105.260002,,,,,111.290001,102.470001,,,,,,-0.9282,pending,,2026-06-16T13:16:51+00:00
trackb_cont_WYNN_20260604,107.75,,,,,111.290001,103.129997,,,,,,-0.2901,pending,,2026-06-16T13:16:51+00:00
trackb_cont_WYNN_20260605,107.269997,,,,,111.290001,103.129997,,,,,,-0.2901,pending,,2026-06-16T13:16:51+00:00
trackb_cont_WYNN_20260608,,,,,,111.290001,103.290001,,,,,,-0.1354,pending,,2026-06-16T13:16:51+00:00
trackb_cont_WYNN_20260611,,,,,,111.290001,103.900002,,,,,,-1.292,pending,,2026-06-16T13:16:51+00:00
trackb_cont_WYNN_20260616,,,,,,,,,,,,,,pending,,2026-06-16T13:16:51+00:00
trackb_cont_WY_20260603,24.16,,,,,25.42,23.77,,,,,,-3.0982,pending,,2026-06-16T13:16:19+00:00
trackb_cont_WY_20260604,24.33,,,,,25.42,23.77,,,,,,-3.0982,pending,,2026-06-16T13:16:19+00:00
trackb_cont_WY_20260605,24.85,,,,,25.42,23.77,,,,,,-3.0982,pending,,2026-06-16T13:16:19+00:00
trackb_cont_WY_20260608,,,,,,25.42,23.77,,,,,,-2.9003,pending,,2026-06-16T13:16:19+00:00
trackb_cont_WY_20260611,,,,,,25.42,23.77,,,,,,-1.6142,pending,,2026-06-16T13:16:19+00:00
trackb_cont_WY_20260616,,,,,,,,,,,,,,pending,,2026-06-16T13:16:19+00:00
trackb_cont_W_20260603,68.669998,,,,,84.910004,66.75,,,,,,-2.6507,pending,,2026-06-16T13:16:31+00:00
trackb_cont_W_20260604,77.68,,,,,84.910004,66.75,,,,,,-2.6507,pending,,2026-06-16T13:16:31+00:00
trackb_cont_W_20260605,77.589996,,,,,84.910004,66.75,,,,,,-2.6507,pending,,2026-06-16T13:16:31+00:00
trackb_cont_W_20260608,82.989998,,,,,84.910004,66.75,,,,,,-2.6507,pending,,2026-06-16T13:16:31+00:00
trackb_cont_W_20260611,,,,,,84.910004,70.0,,,,,,1.9368,pending,,2026-06-16T13:16:31+00:00
trackb_cont_W_20260616,,,,,,,,,,,,,,pending,,2026-06-16T13:16:31+00:00
trackb_cont_XHR_20260603,18.459999,,,,,19.75,17.549999,,,,,,-0.7353,pending,,2026-06-16T13:15:45+00:00
trackb_cont_XHR_20260604,19.23,,,,,19.75,17.809999,,,,,,0.7353,pending,,2026-06-16T13:15:45+00:00
trackb_cont_XHR_20260605,19.450001,,,,,19.75,18.17,,,,,,2.7715,pending,,2026-06-16T13:15:45+00:00
trackb_cont_XHR_20260608,19.129999,,,,,19.75,18.17,,,,,,2.7715,pending,,2026-06-16T13:15:45+00:00
trackb_cont_XHR_20260609,,,,,,19.75,18.17,,,,,,-0.8729,pending,,2026-06-16T13:15:45+00:00
trackb_cont_XHR_20260610,,,,,,19.75,18.424999,,,,,,0.5183,pending,,2026-06-16T13:15:45+00:00
trackb_cont_XHR_20260611,,,,,,19.75,18.75,,,,,,1.571,pending,,2026-06-16T13:15:45+00:00
trackb_cont_XHR_20260616,,,,,,,,,,,,,,pending,,2026-06-16T13:15:45+00:00
trackb_cont_XIFR_20260603,11.47,,,,,12.68,11.26,,,,,,-10.6349,pending,,2026-06-16T13:16:16+00:00
trackb_cont_XIFR_20260604,11.56,,,,,12.26,11.26,,,,,,-10.6349,pending,,2026-06-16T13:16:16+00:00
trackb_cont_XIFR_20260605,11.66,,,,,12.05,11.26,,,,,,-10.6349,pending,,2026-06-16T13:16:16+00:00
trackb_cont_XMAX_20260603,8.61,,,,,8.75,8.1,,,,,,-5.5944,pending,,2026-06-16T13:16:39+00:00
trackb_cont_XMAX_20260604,8.63,,,,,8.75,8.1,,,,,,-5.5944,pending,,2026-06-16T13:16:39+00:00
trackb_cont_XMAX_20260605,8.1,,,,,8.75,8.1,,,,,,-5.5944,pending,,2026-06-16T13:16:39+00:00
trackb_cont_XMAX_20260608,,,,,,8.75,8.1,,,,,,-5.5944,pending,,2026-06-16T13:16:39+00:00
trackb_cont_XMAX_20260612,,,,,,8.75,8.1,,,,,,-6.1414,pending,,2026-06-16T13:16:39+00:00
trackb_cont_XOS_20260603,3.66,,,,,8.27,3.21,,,,,,-48.3807,pending,,2026-06-16T13:16:33+00:00
trackb_cont_XOS_20260604,4.27,,,,,6.2,3.21,,,,,,-48.3807,pending,,2026-06-16T13:16:33+00:00
trackb_cont_XOS_20260605,3.5,,,,,5.48,3.21,,,,,,-48.3807,pending,,2026-06-16T13:16:33+00:00
trackb_cont_XOS_20260608,3.41,,,,,5.2,3.21,,,,,,-48.3807,pending,,2026-06-16T13:16:33+00:00
trackb_cont_XPOF_20260615,,,,,,6.97,6.42,,,,,,-3.3133,pending,,2026-06-16T13:18:14+00:00
trackb_cont_XPOF_20260616,,,,,,,,,,,,,,pending,,2026-06-16T13:18:14+00:00
trackb_cont_XPO_20260603,216.259995,,,,,232.050003,208.350006,,,,,,-5.0862,pending,,2026-06-16T13:16:14+00:00
trackb_cont_XPO_20260604,227.649994,,,,,232.050003,208.350006,,,,,,-5.0862,pending,,2026-06-16T13:16:14+00:00
trackb_cont_XPO_20260605,228.330002,,,,,232.050003,208.350006,,,,,,-5.0862,pending,,2026-06-16T13:16:14+00:00
trackb_cont_XPO_20260608,,,,,,232.050003,208.350006,,,,,,-5.0862,pending,,2026-06-16T13:16:14+00:00
trackb_cont_XPO_20260615,,,,,,230.320007,217.270004,,,,,,-3.4613,pending,,2026-06-16T13:16:14+00:00
trackb_cont_XPO_20260616,,,,,,,,,,,,,,pending,,2026-06-16T13:16:14+00:00
trackb_cont_XRN_20260603,37.0,,,,,37.869999,34.73,,,,,,-2.4712,pending,,2026-06-16T13:16:49+00:00
trackb_cont_XRN_20260604,37.189999,,,,,37.869999,35.09,,,,,,-1.4603,pending,,2026-06-16T13:16:49+00:00
trackb_cont_XRN_20260605,37.080002,,,,,37.869999,35.450001,,,,,,-0.4493,pending,,2026-06-16T13:16:49+00:00
trackb_cont_XRN_20260608,36.310001,,,,,37.869999,35.560001,,,,,,-0.1404,pending,,2026-06-16T13:16:49+00:00
trackb_cont_XRN_20260611,,,,,,37.869999,36.259998,,,,,,-2.0,pending,,2026-06-16T13:16:49+00:00
trackb_cont_XRN_20260616,,,,,,,,,,,,,,pending,,2026-06-16T13:16:49+00:00
trackb_cont_YETI_20260603,48.27,,,,,51.889999,45.049999,,,,,,-4.6763,pending,,2026-06-16T13:16:45+00:00
trackb_cont_YETI_20260604,50.68,,,,,51.889999,46.68,,,,,,-1.2273,pending,,2026-06-16T13:16:45+00:00
trackb_cont_YETI_20260605,50.419998,,,,,51.889999,46.68,,,,,,-1.2273,pending,,2026-06-16T13:16:45+00:00
trackb_cont_YETI_20260608,49.880001,,,,,51.889999,46.68,,,,,,-1.4566,pending,,2026-06-16T13:16:45+00:00
trackb_cont_YETI_20260610,,,,,,51.889999,48.110001,,,,,,0.923,pending,,2026-06-16T13:16:45+00:00
trackb_cont_YETI_20260616,,,,,,,,,,,,,,pending,,2026-06-16T13:16:45+00:00
trackb_cont_YORW_20260610,,,,,,30.790001,29.59,,,,,,-0.3368,pending,,2026-06-16T13:17:41+00:00
trackb_cont_YORW_20260611,,,,,,30.459999,29.59,,,,,,-2.2464,pending,,2026-06-16T13:17:41+00:00
trackb_cont_ZBH_20260615,,,,,,89.699997,87.540001,,,,,,-1.7949,pending,,2026-06-16T13:18:26+00:00
trackb_cont_ZBH_20260616,,,,,,,,,,,,,,pending,,2026-06-16T13:18:26+00:00
trackb_cont_ZBRA_20260603,216.789993,,,,,252.369995,211.860001,,,,,,-13.9655,pending,,2026-06-16T13:16:24+00:00
trackb_cont_ZBRA_20260604,222.440002,,,,,252.369995,211.860001,,,,,,-13.9655,pending,,2026-06-16T13:16:24+00:00
trackb_cont_ZBRA_20260605,228.419998,,,,,243.619995,211.860001,,,,,,-13.9655,pending,,2026-06-16T13:16:24+00:00
trackb_cont_ZBRA_20260608,,,,,,240.789993,211.860001,,,,,,-13.9655,pending,,2026-06-16T13:16:24+00:00
trackb_cont_ZD_20260603,45.799999,,,,,48.509998,44.400002,,,,,,-0.6156,pending,,2026-06-16T13:16:29+00:00
trackb_cont_ZD_20260604,45.740002,,,,,48.509998,44.759998,,,,,,0.1903,pending,,2026-06-16T13:16:29+00:00
trackb_cont_ZD_20260605,46.259998,,,,,48.509998,44.759998,,,,,,0.1903,pending,,2026-06-16T13:16:29+00:00
trackb_cont_ZD_20260608,,,,,,47.709999,44.759998,,,,,,-2.2921,pending,,2026-06-16T13:16:29+00:00
trackb_cont_ZD_20260611,,,,,,47.709999,44.759998,,,,,,-2.2707,pending,,2026-06-16T13:16:29+00:00
trackb_cont_ZD_20260615,,,,,,47.709999,45.75,,,,,,-2.0552,pending,,2026-06-16T13:16:29+00:00
trackb_cont_ZD_20260616,,,,,,,,,,,,,,pending,,2026-06-16T13:16:29+00:00
trackb_cont_ZION_20260612,,,,,,67.989998,66.040001,,,,,,-0.602,pending,,2026-06-16T13:18:05+00:00
trackb_cont_ZION_20260615,,,,,,67.989998,66.040001,,,,,,-2.5528,pending,,2026-06-16T13:18:05+00:00
trackb_cont_ZION_20260616,,,,,,,,,,,,,,pending,,2026-06-16T13:18:05+00:00
trackb_cont_ZM_20260603,93.959999,,,,,110.735001,90.279999,,,,,,-14.8222,pending,,2026-06-16T13:16:07+00:00
trackb_cont_ZM_20260604,92.32,,,,,106.830002,90.279999,,,,,,-14.8222,pending,,2026-06-16T13:16:07+00:00
trackb_cont_ZM_20260605,93.68,,,,,105.959999,90.279999,,,,,,-14.8222,pending,,2026-06-16T13:16:07+00:00
trackb_cont_ZONE_20260603,0.636,,,,,0.8599,0.57,,,,,,-25.069,pending,,2026-06-16T13:16:49+00:00
trackb_cont_ZONE_20260604,0.701,,,,,0.8599,0.57,,,,,,-25.069,pending,,2026-06-16T13:16:49+00:00
trackb_cont_ZONE_20260605,0.81,,,,,0.8599,0.57,,,,,,-25.069,pending,,2026-06-16T13:16:49+00:00
trackb_cont_ZONE_20260608,,,,,,0.8599,0.57,,,,,,-25.069,pending,,2026-06-16T13:16:49+00:00
trackb_cont_ZONE_20260616,,,,,,,,,,,,,,pending,,2026-06-16T13:16:49+00:00
trackb_rev_ABAT_20260612,,,,,,3.69,3.34,,,,,,-2.3392,pending,,2026-06-16T13:15:24+00:00
trackb_rev_ABT_20260603,89.169998,,,,,92.730003,86.720001,,,,,,-0.6188,pending,,2026-06-16T13:17:05+00:00
trackb_rev_ABT_20260604,89.650002,,,,,92.730003,87.07,,,,,,-0.2177,pending,,2026-06-16T13:17:05+00:00
trackb_rev_ABT_20260605,88.18,,,,,92.730003,87.07,,,,,,-0.2177,pending,,2026-06-16T13:17:05+00:00
trackb_rev_ABT_20260608,,,,,,92.019997,87.07,,,,,,-0.2177,pending,,2026-06-16T13:17:05+00:00
trackb_rev_ABT_20260612,,,,,,90.290001,87.07,,,,,,-2.8779,pending,,2026-06-16T13:17:05+00:00
trackb_rev_ABT_20260615,,,,,,89.150002,87.730003,,,,,,-0.9036,pending,,2026-06-16T13:17:05+00:00
trackb_rev_ABT_20260616,,,,,,,,,,,,,,pending,,2026-06-16T13:17:05+00:00
trackb_rev_ACHC_20260616,,,,,,,,,,,,,,pending,,2026-06-16T13:18:48+00:00
trackb_rev_ADBE_20260611,,,,,,232.5,196.899994,,,,,,-15.6312,pending,,2026-06-16T13:17:58+00:00
trackb_rev_ADBE_20260612,,,,,,211.990005,196.899994,,,,,,-10.0091,pending,,2026-06-16T13:17:58+00:00
trackb_rev_ADTN_20260610,,,,,,15.7092,14.26,,,,,,-10.9863,pending,,2026-06-16T13:16:57+00:00
trackb_rev_ADTN_20260615,,,,,,15.7092,14.73,,,,,,-5.6374,pending,,2026-06-16T13:16:57+00:00
trackb_rev_ADTN_20260616,,,,,,,,,,,,,,pending,,2026-06-16T13:16:57+00:00
trackb_rev_AEO_20260603,17.530001,,,,,19.280001,15.63,,,,,,-2.0437,pending,,2026-06-16T13:17:07+00:00
trackb_rev_AEO_20260604,18.290001,,,,,19.280001,16.120001,,,,,,1.0272,pending,,2026-06-16T13:17:07+00:00
trackb_rev_AEO_20260605,18.790001,,,,,19.280001,16.219999,,,,,,1.6539,pending,,2026-06-16T13:17:07+00:00
trackb_rev_AEO_20260608,,,,,,19.280001,16.42,,,,,,2.9074,pending,,2026-06-16T13:17:07+00:00
trackb_rev_AGCO_20260616,,,,,,,,,,,,,,pending,,2026-06-16T13:18:50+00:00
trackb_rev_AIRE_20260609,,,,,,2.2387,1.91,,,,,,-9.4787,pending,,2026-06-16T13:17:36+00:00
trackb_rev_AIRE_20260610,,,,,,2.2387,1.95,,,,,,-7.5829,pending,,2026-06-16T13:17:36+00:00
trackb_rev_AIRE_20260611,,,,,,2.2387,1.98,,,,,,-0.5025,pending,,2026-06-16T13:17:36+00:00
trackb_rev_AIRE_20260612,,,,,,2.2387,1.981,,,,,,-3.835,pending,,2026-06-16T13:17:36+00:00
trackb_rev_AJG_20260603,220.139999,,,,,225.339996,199.690002,,,,,,-0.8712,pending,,2026-06-16T13:17:04+00:00
trackb_rev_AJG_20260604,220.899994,,,,,225.339996,206.419998,,,,,,2.4697,pending,,2026-06-16T13:17:04+00:00
trackb_rev_AJG_20260605,218.690002,,,,,225.339996,211.5,,,,,,4.9914,pending,,2026-06-16T13:17:04+00:00
trackb_rev_ALBT_20260609,,,,,,0.381,0.309,,,,,,-9.3842,pending,,2026-06-16T13:17:37+00:00
trackb_rev_ALBT_20260610,,,,,,0.381,0.309,,,,,,-9.3842,pending,,2026-06-16T13:17:37+00:00
trackb_rev_ALBT_20260611,,,,,,0.381,0.309,,,,,,-11.2069,pending,,2026-06-16T13:17:37+00:00
trackb_rev_ALBT_20260616,,,,,,,,,,,,,,pending,,2026-06-16T13:17:37+00:00
trackb_rev_ALGN_20260609,,,,,,182.589996,169.300003,,,,,,-1.5984,pending,,2026-06-16T13:17:33+00:00
trackb_rev_ALGN_20260610,,,,,,182.589996,169.300003,,,,,,-1.5984,pending,,2026-06-16T13:17:33+00:00
trackb_rev_ALGN_20260612,,,,,,182.589996,172.429993,,,,,,-2.3115,pending,,2026-06-16T13:17:33+00:00
trackb_rev_ALGT_20260612,,,,,,101.540001,86.959999,,,,,,1.0693,pending,,2026-06-16T13:16:44+00:00
trackb_rev_ALG_20260616,,,,,,,,,,,,,,pending,,2026-06-16T13:18:50+00:00
trackb_rev_ALM_20260610,,,,,,18.91,15.11,,,,,,-8.1459,pending,,2026-06-16T13:16:52+00:00
trackb_rev_ALSN_20260615,,,,,,121.440002,119.019997,,,,,,-1.1544,pending,,2026-06-16T13:18:28+00:00
trackb_rev_ALSN_20260616,,,,,,,,,,,,,,pending,,2026-06-16T13:18:28+00:00
trackb_rev_ALTG_20260611,,,,,,7.52,6.27,,,,,,-2.3364,pending,,2026-06-16T13:18:00+00:00
trackb_rev_AME_20260616,,,,,,,,,,,,,,pending,,2026-06-16T13:18:46+00:00
trackb_rev_AMLX_20260616,,,,,,,,,,,,,,pending,,2026-06-16T13:18:53+00:00
trackb_rev_AMPX_20260616,,,,,,,,,,,,,,pending,,2026-06-16T13:16:01+00:00
trackb_rev_AMRZ_20260609,,,,,,55.59,50.41,,,,,,-0.7677,pending,,2026-06-16T13:15:59+00:00
trackb_rev_AMRZ_20260611,,,,,,55.59,50.41,,,,,,-0.198,pending,,2026-06-16T13:15:59+00:00
trackb_rev_AMRZ_20260615,,,,,,55.59,53.91,,,,,,-2.9523,pending,,2026-06-16T13:15:59+00:00
trackb_rev_AMRZ_20260616,,,,,,,,,,,,,,pending,,2026-06-16T13:15:59+00:00
trackb_rev_AMR_20260611,,,,,,202.279999,186.720001,,,,,,-3.8962,pending,,2026-06-16T13:15:39+00:00
trackb_rev_AMSF_20260603,32.049999,,,,,32.48,30.049999,,,,,,-1.5722,pending,,2026-06-16T13:17:07+00:00
trackb_rev_AMSF_20260604,31.799999,,,,,32.48,30.049999,,,,,,-1.5722,pending,,2026-06-16T13:17:07+00:00
trackb_rev_AMSF_20260605,31.530001,,,,,32.48,30.875,,,,,,1.13,pending,,2026-06-16T13:17:07+00:00
trackb_rev_ANDE_20260616,,,,,,,,,,,,,,pending,,2026-06-16T13:18:06+00:00
trackb_rev_ANF_20260603,85.330002,,,,,94.809998,73.919998,,,,,,-1.9108,pending,,2026-06-16T13:17:09+00:00
trackb_rev_ANF_20260604,90.620003,,,,,94.809998,74.419998,,,,,,-1.2473,pending,,2026-06-16T13:17:09+00:00
trackb_rev_ANF_20260605,90.57,,,,,94.809998,74.419998,,,,,,-1.2473,pending,,2026-06-16T13:17:09+00:00
trackb_rev_ANF_20260608,91.099998,,,,,94.809998,75.370003,,,,,,0.0398,pending,,2026-06-16T13:17:09+00:00
trackb_rev_ANF_20260609,,,,,,94.809998,81.099998,,,,,,1.9869,pending,,2026-06-16T13:17:09+00:00
trackb_rev_ANF_20260611,,,,,,94.809998,85.5,,,,,,0.1992,pending,,2026-06-16T13:17:09+00:00
trackb_rev_AN_20260612,,,,,,196.300003,190.759995,,,,,,-1.7056,pending,,2026-06-16T13:18:13+00:00
trackb_rev_AN_20260616,,,,,,,,,,,,,,pending,,2026-06-16T13:18:13+00:00
trackb_rev_APEI_20260616,,,,,,,,,,,,,,pending,,2026-06-16T13:18:56+00:00
trackb_rev_APG_20260616,,,,,,,,,,,,,,pending,,2026-06-16T13:18:56+00:00
trackb_rev_AREC_20260610,,,,,,2.305,2.01,,,,,,-6.7285,pending,,2026-06-16T13:15:43+00:00
trackb_rev_AREC_20260616,,,,,,,,,,,,,,pending,,2026-06-16T13:15:43+00:00
trackb_rev_ARLO_20260612,,,,,,13.49,12.57,,,,,,-1.1015,pending,,2026-06-16T13:18:16+00:00
trackb_rev_ARRY_20260611,,,,,,8.15,6.82,,,,,,-0.2195,pending,,2026-06-16T13:16:10+00:00
trackb_rev_ASIX_20260609,,,,,,22.879999,21.02,,,,,,-1.6378,pending,,2026-06-16T13:17:36+00:00
trackb_rev_ASO_20260608,49.25,,,,,57.139999,48.608002,,,,,,-6.0715,pending,,2026-06-16T13:17:24+00:00
trackb_rev_ASO_20260611,,,,,,53.264999,48.919998,,,,,,-1.9246,pending,,2026-06-16T13:17:24+00:00
trackb_rev_ASTE_20260616,,,,,,,,,,,,,,pending,,2026-06-16T13:18:49+00:00
trackb_rev_ASTS_20260612,,,,,,97.730003,81.5,,,,,,-16.4617,pending,,2026-06-16T13:16:36+00:00
trackb_rev_AVAV_20260616,,,,,,,,,,,,,,pending,,2026-06-16T13:16:35+00:00
trackb_rev_AVGO_20260609,,,,,,407.869995,370.329987,,,,,,-6.6238,pending,,2026-06-16T13:15:43+00:00
trackb_rev_AVGO_20260610,,,,,,396.200012,370.549988,,,,,,-6.5683,pending,,2026-06-16T13:15:43+00:00
trackb_rev_AVGO_20260611,,,,,,396.200012,370.549988,,,,,,-0.4166,pending,,2026-06-16T13:15:43+00:00
trackb_rev_AVGO_20260612,,,,,,396.200012,377.0,,,,,,-2.2227,pending,,2026-06-16T13:15:43+00:00
trackb_rev_AWK_20260616,,,,,,,,,,,,,,pending,,2026-06-16T13:18:56+00:00
trackb_rev_AYI_20260612,,,,,,306.829895,284.399994,,,,,,-1.4553,pending,,2026-06-16T13:15:33+00:00
trackb_rev_BAER_20260609,,,,,,1.995,1.82,,,,,,-5.2083,pending,,2026-06-16T13:17:35+00:00
trackb_rev_BAER_20260610,,,,,,1.995,1.82,,,,,,-5.2083,pending,,2026-06-16T13:17:35+00:00
trackb_rev_BAH_20260612,,,,,,77.959999,73.550003,,,,,,-4.728,pending,,2026-06-16T13:16:49+00:00
trackb_rev_BAH_20260615,,,,,,77.870003,73.550003,,,,,,-4.5177,pending,,2026-06-16T13:16:49+00:00
trackb_rev_BAH_20260616,,,,,,,,,,,,,,pending,,2026-06-16T13:16:49+00:00
trackb_rev_BBAI_20260616,,,,,,,,,,,,,,pending,,2026-06-16T13:16:30+00:00
trackb_rev_BBUC_20260610,,,,,,32.91,31.08,,,,,,-2.2026,pending,,2026-06-16T13:17:45+00:00
trackb_rev_BBWI_20260608,,,,,,19.879999,17.290001,,,,,,-0.8032,pending,,2026-06-16T13:17:24+00:00
trackb_rev_BBW_20260603,33.799999,,,,,36.509998,32.049999,,,,,,-9.896,pending,,2026-06-16T13:17:10+00:00
trackb_rev_BBW_20260604,33.889999,,,,,36.509998,32.049999,,,,,,-9.896,pending,,2026-06-16T13:17:10+00:00
trackb_rev_BBW_20260605,32.130001,,,,,36.0,32.049999,,,,,,-9.896,pending,,2026-06-16T13:17:10+00:00
trackb_rev_BBW_20260608,,,,,,34.450001,32.049999,,,,,,-9.896,pending,,2026-06-16T13:17:10+00:00
trackb_rev_BC_20260612,,,,,,85.745003,81.404999,,,,,,-0.2634,pending,,2026-06-16T13:17:55+00:00
trackb_rev_BDC_20260616,,,,,,,,,,,,,,pending,,2026-06-16T13:18:47+00:00
trackb_rev_BDX_20260612,,,,,,149.0,144.399994,,,,,,-2.002,pending,,2026-06-16T13:18:11+00:00
trackb_rev_BDX_20260616,,,,,,,,,,,,,,pending,,2026-06-16T13:18:11+00:00
trackb_rev_BEPC_20260612,,,,,,37.810001,36.09,,,,,,-4.2197,pending,,2026-06-16T13:16:17+00:00
trackb_rev_BEPC_20260616,,,,,,,,,,,,,,pending,,2026-06-16T13:16:17+00:00
trackb_rev_BETR_20260612,,,,,,30.5,24.056,,,,,,-0.1826,pending,,2026-06-16T13:18:17+00:00
trackb_rev_BFRG_20260603,0.678,,,,,0.78,0.504,,,,,,-31.9195,pending,,2026-06-16T13:17:09+00:00
trackb_rev_BFRG_20260604,0.628,,,,,0.78,0.504,,,,,,-31.9195,pending,,2026-06-16T13:17:09+00:00
trackb_rev_BFRG_20260605,0.618,,,,,0.755,0.504,,,,,,-31.9195,pending,,2026-06-16T13:17:09+00:00
trackb_rev_BFRG_20260608,0.639,,,,,0.73,0.504,,,,,,-31.9195,pending,,2026-06-16T13:17:09+00:00
trackb_rev_BFRG_20260611,,,,,,0.69,0.504,,,,,,-25.6637,pending,,2026-06-16T13:17:09+00:00
trackb_rev_BFRG_20260615,,,,,,0.66,0.62,,,,,,0.0,pending,,2026-06-16T13:17:09+00:00
trackb_rev_BFRG_20260616,,,,,,,,,,,,,,pending,,2026-06-16T13:17:09+00:00
trackb_rev_BKNG_20260603,160.639999,,,,,176.779907,158.119995,,,,,,-4.7011,pending,,2026-06-16T13:17:12+00:00
trackb_rev_BKNG_20260604,163.589996,,,,,176.779907,158.119995,,,,,,-4.7011,pending,,2026-06-16T13:17:12+00:00
trackb_rev_BKNG_20260605,164.940002,,,,,176.779907,158.119995,,,,,,-4.7011,pending,,2026-06-16T13:17:12+00:00
trackb_rev_BKNG_20260608,,,,,,176.779907,158.119995,,,,,,-4.7011,pending,,2026-06-16T13:17:12+00:00
trackb_rev_BKNG_20260610,,,,,,176.779907,158.119995,,,,,,-2.5755,pending,,2026-06-16T13:17:12+00:00
trackb_rev_BKNG_20260616,,,,,,,,,,,,,,pending,,2026-06-16T13:17:12+00:00
trackb_rev_BKSY_20260610,,,,,,35.98,29.85,,,,,,-12.923,pending,,2026-06-16T13:17:44+00:00
trackb_rev_BLDR_20260608,,,,,,82.32,71.5,,,,,,-2.906,pending,,2026-06-16T13:17:22+00:00
trackb_rev_BLDR_20260609,,,,,,82.32,72.660004,,,,,,-0.6291,pending,,2026-06-16T13:17:22+00:00
trackb_rev_BLDR_20260611,,,,,,82.32,72.660004,,,,,,-2.6266,pending,,2026-06-16T13:17:22+00:00
trackb_rev_BLDR_20260616,,,,,,,,,,,,,,pending,,2026-06-16T13:17:22+00:00
trackb_rev_BMI_20260603,128.429993,,,,,135.169998,124.449997,,,,,,-3.0612,pending,,2026-06-16T13:17:00+00:00
trackb_rev_BMI_20260604,130.520004,,,,,135.169998,125.599998,,,,,,-2.1654,pending,,2026-06-16T13:17:00+00:00
trackb_rev_BMI_20260605,131.729996,,,,,135.169998,125.599998,,,,,,-2.1654,pending,,2026-06-16T13:17:00+00:00
trackb_rev_BMI_20260608,,,,,,135.169998,126.0,,,,,,-0.4189,pending,,2026-06-16T13:17:00+00:00
trackb_rev_BMI_20260609,,,,,,135.169998,126.160004,,,,,,-3.207,pending,,2026-06-16T13:17:00+00:00
trackb_rev_BMI_20260610,,,,,,135.169998,126.160004,,,,,,-3.207,pending,,2026-06-16T13:17:00+00:00
trackb_rev_BMY_20260603,55.599998,,,,,57.82,54.310001,,,,,,-0.8127,pending,,2026-06-16T13:17:10+00:00
trackb_rev_BMY_20260604,56.900002,,,,,57.82,55.259998,,,,,,0.9223,pending,,2026-06-16T13:17:10+00:00
trackb_rev_BMY_20260605,57.130001,,,,,57.82,55.259998,,,,,,0.9223,pending,,2026-06-16T13:17:10+00:00
trackb_rev_BOXL_20260610,,,,,,0.884,0.706,,,,,,1.0014,pending,,2026-06-16T13:17:46+00:00
trackb_rev_BRC_20260611,,,,,,85.150002,77.610001,,,,,,-0.3339,pending,,2026-06-16T13:15:57+00:00
trackb_rev_BRC_20260612,,,,,,85.150002,80.389999,,,,,,-0.9609,pending,,2026-06-16T13:15:57+00:00
trackb_rev_BRO_20260615,,,,,,60.23,58.904301,,,,,,-1.4319,pending,,2026-06-16T13:18:29+00:00
trackb_rev_BRO_20260616,,,,,,,,,,,,,,pending,,2026-06-16T13:18:29+00:00
trackb_rev_BR_20260611,,,,,,147.130005,141.229996,,,,,,-3.5578,pending,,2026-06-16T13:17:59+00:00
trackb_rev_BR_20260616,,,,,,,,,,,,,,pending,,2026-06-16T13:17:59+00:00
trackb_rev_BXMT_20260616,,,,,,,,,,,,,,pending,,2026-06-16T13:18:53+00:00
trackb_rev_CACI_20260603,521.140015,,,,,544.23999,500.049988,,,,,,-5.8635,pending,,2026-06-16T13:17:01+00:00
trackb_rev_CACI_20260604,525.419983,,,,,544.23999,500.049988,,,,,,-5.8635,pending,,2026-06-16T13:17:01+00:00
trackb_rev_CACI_20260605,519.400024,,,,,544.23999,500.049988,,,,,,-5.8635,pending,,2026-06-16T13:17:01+00:00
trackb_rev_CACI_20260608,,,,,,537.799988,500.049988,,,,,,-5.8635,pending,,2026-06-16T13:17:01+00:00
trackb_rev_CAH_20260603,216.300003,,,,,226.660004,195.509995,,,,,,-0.7009,pending,,2026-06-16T13:17:00+00:00
trackb_rev_CAH_20260604,221.160004,,,,,226.660004,197.529999,,,,,,0.3251,pending,,2026-06-16T13:17:00+00:00
trackb_rev_CAH_20260605,223.850006,,,,,226.660004,201.0,,,,,,2.0875,pending,,2026-06-16T13:17:00+00:00
trackb_rev_CAH_20260608,,,,,,226.660004,201.0,,,,,,2.0875,pending,,2026-06-16T13:17:00+00:00
trackb_rev_CAL_20260610,,,,,,15.01,13.31,,,,,,-2.3478,pending,,2026-06-16T13:16:06+00:00
trackb_rev_CAR_20260603,186.830002,,,,,191.679993,169.149994,,,,,,-2.885,pending,,2026-06-16T13:16:59+00:00
trackb_rev_CAR_20260604,189.610001,,,,,191.679993,170.339996,,,,,,-2.2018,pending,,2026-06-16T13:16:59+00:00
trackb_rev_CAR_20260605,187.119995,,,,,191.679993,170.339996,,,,,,-2.2018,pending,,2026-06-16T13:16:59+00:00
trackb_rev_CAR_20260608,,,,,,191.679993,175.0,,,,,,0.4737,pending,,2026-06-16T13:16:59+00:00
trackb_rev_CAR_20260610,,,,,,191.679993,179.5,,,,,,0.2233,pending,,2026-06-16T13:16:59+00:00
trackb_rev_CAR_20260612,,,,,,191.679993,184.5,,,,,,-2.695,pending,,2026-06-16T13:16:59+00:00
trackb_rev_CAR_20260616,,,,,,,,,,,,,,pending,,2026-06-16T13:16:59+00:00
trackb_rev_CBRE_20260616,,,,,,,,,,,,,,pending,,2026-06-16T13:18:46+00:00
trackb_rev_CCL_20260612,,,,,,31.145,27.93,,,,,,-0.6757,pending,,2026-06-16T13:16:10+00:00
trackb_rev_CCOI_20260603,14.46,,,,,17.950001,14.41,,,,,,-12.5607,pending,,2026-06-16T13:17:02+00:00
trackb_rev_CCOI_20260604,14.94,,,,,17.950001,14.41,,,,,,-12.5607,pending,,2026-06-16T13:17:02+00:00
trackb_rev_CCOI_20260605,15.86,,,,,17.950001,14.41,,,,,,-12.5607,pending,,2026-06-16T13:17:02+00:00
trackb_rev_CCOI_20260608,16.450001,,,,,17.950001,14.41,,,,,,-12.5607,pending,,2026-06-16T13:17:02+00:00
trackb_rev_CCS_20260610,,,,,,62.529999,56.939999,,,,,,2.8355,pending,,2026-06-16T13:17:13+00:00
trackb_rev_CDZI_20260612,,,,,,4.13,3.84,,,,,,-4.4776,pending,,2026-06-16T13:16:53+00:00
trackb_rev_CELH_20260610,,,,,,29.567499,27.74,,,,,,-0.9286,pending,,2026-06-16T13:17:44+00:00
trackb_rev_CERT_20260609,,,,,,5.455,4.965,,,,,,-4.8851,pending,,2026-06-16T13:17:35+00:00
trackb_rev_CERT_20260611,,,,,,5.352,4.965,,,,,,-4.1506,pending,,2026-06-16T13:17:35+00:00
trackb_rev_CERT_20260615,,,,,,5.352,5.16,,,,,,-1.9943,pending,,2026-06-16T13:17:35+00:00
trackb_rev_CERT_20260616,,,,,,,,,,,,,,pending,,2026-06-16T13:17:35+00:00
trackb_rev_CHDN_20260612,,,,,,93.660004,86.279999,,,,,,-0.9073,pending,,2026-06-16T13:18:13+00:00
trackb_rev_CHDN_20260616,,,,,,,,,,,,,,pending,,2026-06-16T13:18:13+00:00
trackb_rev_CHH_20260608,112.0,,,,,113.970001,102.610001,,,,,,-6.5568,pending,,2026-06-16T13:17:21+00:00
trackb_rev_CHH_20260610,,,,,,113.970001,102.610001,,,,,,-2.6655,pending,,2026-06-16T13:17:21+00:00
trackb_rev_CIEN_20260609,,,,,,479.0,417.339996,,,,,,-10.5706,pending,,2026-06-16T13:15:13+00:00
trackb_rev_CLX_20260603,99.32,,,,,100.730003,88.150002,,,,,,-0.799,pending,,2026-06-16T13:17:01+00:00
trackb_rev_CLX_20260604,98.300003,,,,,100.730003,88.589996,,,,,,-0.3039,pending,,2026-06-16T13:17:01+00:00
trackb_rev_CLX_20260605,96.82,,,,,100.730003,90.150002,,,,,,1.4517,pending,,2026-06-16T13:17:01+00:00
trackb_rev_CLX_20260608,,,,,,100.730003,92.779999,,,,,,4.4114,pending,,2026-06-16T13:17:01+00:00
trackb_rev_CMCO_20260610,,,,,,15.7,11.99,,,,,,-3.7721,pending,,2026-06-16T13:16:26+00:00
trackb_rev_CNM_20260615,,,,,,49.862999,47.549999,,,,,,-4.4125,pending,,2026-06-16T13:16:21+00:00
trackb_rev_CNM_20260616,,,,,,,,,,,,,,pending,,2026-06-16T13:16:21+00:00
trackb_rev_COKE_20260608,,,,,,194.210007,176.389999,,,,,,-1.9565,pending,,2026-06-16T13:17:25+00:00
trackb_rev_COO_20260603,67.690002,,,,,69.0,59.59,,,,,,-0.8651,pending,,2026-06-16T13:17:10+00:00
trackb_rev_COO_20260604,67.510002,,,,,69.0,61.09,,,,,,1.6303,pending,,2026-06-16T13:17:10+00:00
trackb_rev_COO_20260605,67.879997,,,,,69.0,65.0,,,,,,8.1351,pending,,2026-06-16T13:17:10+00:00
trackb_rev_COO_20260608,,,,,,69.0,65.589996,,,,,,9.1166,pending,,2026-06-16T13:17:10+00:00
trackb_rev_COR_20260603,281.23999,,,,,284.929993,261.290009,,,,,,-0.6936,pending,,2026-06-16T13:17:12+00:00
trackb_rev_COR_20260604,281.480011,,,,,284.929993,266.720001,,,,,,1.3701,pending,,2026-06-16T13:17:12+00:00
trackb_rev_COR_20260605,281.670013,,,,,284.929993,270.640015,,,,,,2.86,pending,,2026-06-16T13:17:12+00:00
trackb_rev_COR_20260608,,,,,,284.929993,270.640015,,,,,,-1.5998,pending,,2026-06-16T13:17:12+00:00
trackb_rev_COR_20260610,,,,,,284.929993,274.709991,,,,,,0.2299,pending,,2026-06-16T13:17:12+00:00
trackb_rev_COR_20260612,,,,,,283.839996,274.709991,,,,,,-2.4051,pending,,2026-06-16T13:17:12+00:00
trackb_rev_COR_20260616,,,,,,,,,,,,,,pending,,2026-06-16T13:17:12+00:00
trackb_rev_COUR_20260612,,,,,,5.51,5.23,,,,,,-1.8762,pending,,2026-06-16T13:18:12+00:00
trackb_rev_COUR_20260616,,,,,,,,,,,,,,pending,,2026-06-16T13:18:12+00:00
trackb_rev_CPNG_20260612,,,,,,17.540001,16.309999,,,,,,-5.4493,pending,,2026-06-16T13:18:10+00:00
trackb_rev_CPNG_20260615,,,,,,17.540001,16.795,,,,,,-3.0312,pending,,2026-06-16T13:18:10+00:00
trackb_rev_CPNG_20260616,,,,,,,,,,,,,,pending,,2026-06-16T13:18:10+00:00
trackb_rev_CRAI_20260612,,,,,,154.240005,145.169998,,,,,,-1.6996,pending,,2026-06-16T13:18:14+00:00
trackb_rev_CRAI_20260616,,,,,,,,,,,,,,pending,,2026-06-16T13:18:14+00:00
trackb_rev_CRH_20260615,,,,,,113.519997,109.0,,,,,,-3.1542,pending,,2026-06-16T13:18:28+00:00
trackb_rev_CRH_20260616,,,,,,,,,,,,,,pending,,2026-06-16T13:18:28+00:00
trackb_rev_CRM_20260616,,,,,,,,,,,,,,pending,,2026-06-16T13:16:36+00:00
trackb_rev_CRWV_20260616,,,,,,,,,,,,,,pending,,2026-06-16T13:18:45+00:00
trackb_rev_CSGP_20260612,,,,,,34.080002,31.629999,,,,,,-3.124,pending,,2026-06-16T13:18:12+00:00
trackb_rev_CSGP_20260616,,,,,,,,,,,,,,pending,,2026-06-16T13:18:12+00:00
trackb_rev_CSL_20260616,,,,,,,,,,,,,,pending,,2026-06-16T13:18:48+00:00
trackb_rev_CTNT_20260616,,,,,,,,,,,,,,pending,,2026-06-16T13:18:53+00:00
trackb_rev_CTRN_20260610,,,,,,55.860001,43.34,,,,,,-0.5963,pending,,2026-06-16T13:17:44+00:00
trackb_rev_CTSH_20260603,51.810001,,,,,55.560001,49.66,,,,,,-6.5663,pending,,2026-06-16T13:17:00+00:00
trackb_rev_CTSH_20260604,51.18,,,,,55.560001,49.66,,,,,,-6.5663,pending,,2026-06-16T13:17:00+00:00
trackb_rev_CTSH_20260605,52.169998,,,,,54.610001,49.66,,,,,,-6.5663,pending,,2026-06-16T13:17:00+00:00
trackb_rev_CTSH_20260608,,,,,,54.369999,49.66,,,,,,-6.5663,pending,,2026-06-16T13:17:00+00:00
trackb_rev_CTSH_20260612,,,,,,52.310001,50.075001,,,,,,-2.159,pending,,2026-06-16T13:17:00+00:00
trackb_rev_CTSH_20260615,,,,,,52.130001,50.075001,,,,,,-2.9742,pending,,2026-06-16T13:17:00+00:00
trackb_rev_CTSH_20260616,,,,,,,,,,,,,,pending,,2026-06-16T13:17:00+00:00
trackb_rev_CURI_20260609,,,,,,2.99,2.51,,,,,,-11.6197,pending,,2026-06-16T13:15:42+00:00
trackb_rev_CURI_20260610,,,,,,2.81,2.51,,,,,,-11.6197,pending,,2026-06-16T13:15:42+00:00
trackb_rev_CURI_20260616,,,,,,,,,,,,,,pending,,2026-06-16T13:15:42+00:00
trackb_rev_CVNA_20260612,,,,,,70.519997,63.744999,,,,,,-6.0086,pending,,2026-06-16T13:18:11+00:00
trackb_rev_CWEN_20260611,,,,,,38.810001,37.380001,,,,,,-0.0535,pending,,2026-06-16T13:15:37+00:00
trackb_rev_CWEN_20260612,,,,,,38.810001,37.380001,,,,,,-0.8225,pending,,2026-06-16T13:15:37+00:00
trackb_rev_CWEN_20260615,,,,,,38.810001,37.779999,,,,,,-0.5528,pending,,2026-06-16T13:15:37+00:00
trackb_rev_CWEN_20260616,,,,,,,,,,,,,,pending,,2026-06-16T13:15:37+00:00
trackb_rev_CWH_20260608,7.74,,,,,8.63,6.48,,,,,,1.092,pending,,2026-06-16T13:17:22+00:00
trackb_rev_CWH_20260610,,,,,,8.63,7.04,,,,,,3.0747,pending,,2026-06-16T13:17:22+00:00
trackb_rev_DAN_20260615,,,,,,31.615,29.34,,,,,,-6.8276,pending,,2026-06-16T13:15:38+00:00
trackb_rev_DAN_20260616,,,,,,,,,,,,,,pending,,2026-06-16T13:15:38+00:00
trackb_rev_DBI_20260611,,,,,,7.11,6.3807,,,,,,-8.8471,pending,,2026-06-16T13:15:10+00:00
trackb_rev_DBI_20260616,,,,,,,,,,,,,,pending,,2026-06-16T13:15:10+00:00
trackb_rev_DCH_20260612,,,,,,6.79,6.24,,,,,,0.1605,pending,,2026-06-16T13:18:16+00:00
trackb_rev_DEVS_20260611,,,,,,0.288,0.234,,,,,,-20.678,pending,,2026-06-16T13:16:18+00:00
trackb_rev_DEVS_20260612,,,,,,0.28,0.235,,,,,,-15.1625,pending,,2026-06-16T13:16:18+00:00
trackb_rev_DEVS_20260616,,,,,,,,,,,,,,pending,,2026-06-16T13:16:18+00:00
trackb_rev_DE_20260612,,,,,,593.349976,567.25,,,,,,-0.2444,pending,,2026-06-16T13:16:21+00:00
trackb_rev_DFH_20260608,14.91,,,,,16.139999,14.15,,,,,,-3.0822,pending,,2026-06-16T13:16:54+00:00
trackb_rev_DGX_20260603,203.779999,,,,,207.5,192.380005,,,,,,-0.7419,pending,,2026-06-16T13:17:04+00:00
trackb_rev_DGX_20260604,203.830002,,,,,207.5,194.990005,,,,,,0.6047,pending,,2026-06-16T13:17:04+00:00
trackb_rev_DGX_20260605,203.059998,,,,,207.5,196.699997,,,,,,1.487,pending,,2026-06-16T13:17:04+00:00
trackb_rev_DGX_20260608,202.179993,,,,,207.5,196.699997,,,,,,1.487,pending,,2026-06-16T13:17:04+00:00
trackb_rev_DHR_20260603,183.630005,,,,,189.210007,173.630005,,,,,,-1.7708,pending,,2026-06-16T13:17:02+00:00
trackb_rev_DHR_20260604,180.789993,,,,,189.210007,177.929993,,,,,,0.6619,pending,,2026-06-16T13:17:02+00:00
trackb_rev_DHR_20260605,180.100006,,,,,189.210007,177.929993,,,,,,0.6619,pending,,2026-06-16T13:17:02+00:00
trackb_rev_DHR_20260608,,,,,,189.210007,177.929993,,,,,,0.6619,pending,,2026-06-16T13:17:02+00:00
trackb_rev_DHR_20260615,,,,,,182.0,179.570007,,,,,,-0.7599,pending,,2026-06-16T13:17:02+00:00
trackb_rev_DHR_20260616,,,,,,,,,,,,,,pending,,2026-06-16T13:17:02+00:00
trackb_rev_DJT_20260609,,,,,,8.56,7.75,,,,,,-4.908,pending,,2026-06-16T13:17:33+00:00
trackb_rev_DJT_20260612,,,,,,8.56,7.8,,,,,,-5.4545,pending,,2026-06-16T13:17:33+00:00
trackb_rev_DJT_20260616,,,,,,,,,,,,,,pending,,2026-06-16T13:17:33+00:00
trackb_rev_DKS_20260609,,,,,,226.990005,212.690002,,,,,,-0.3234,pending,,2026-06-16T13:17:34+00:00
trackb_rev_DOCS_20260612,,,,,,20.73,19.620001,,,,,,-1.998,pending,,2026-06-16T13:18:12+00:00
trackb_rev_DOCS_20260616,,,,,,,,,,,,,,pending,,2026-06-16T13:18:12+00:00
trackb_rev_DOUG_20260612,,,,,,1.77,1.71,,,,,,-2.2857,pending,,2026-06-16T13:18:16+00:00
trackb_rev_DOV_20260612,,,,,,223.479996,216.289993,,,,,,-1.025,pending,,2026-06-16T13:18:15+00:00
trackb_rev_DPZ_20260616,,,,,,,,,,,,,,pending,,2026-06-16T13:18:47+00:00
trackb_rev_DRVN_20260608,13.46,,,,,14.63,12.9,,,,,,-0.7692,pending,,2026-06-16T13:17:23+00:00
trackb_rev_DRVN_20260610,,,,,,14.63,13.03,,,,,,-3.2665,pending,,2026-06-16T13:17:23+00:00
trackb_rev_DTCX_20260612,,,,,,2.28,2.09,,,,,,-1.4151,pending,,2026-06-16T13:18:17+00:00
trackb_rev_DTCX_20260615,,,,,,2.2391,2.13,,,,,,-2.7397,pending,,2026-06-16T13:18:17+00:00
trackb_rev_DTCX_20260616,,,,,,,,,,,,,,pending,,2026-06-16T13:18:17+00:00
trackb_rev_DV_20260615,,,,,,10.37,10.035,,,,,,-2.6673,pending,,2026-06-16T13:18:08+00:00
trackb_rev_DV_20260616,,,,,,,,,,,,,,pending,,2026-06-16T13:18:08+00:00
trackb_rev_DX_20260616,,,,,,,,,,,,,,pending,,2026-06-16T13:18:54+00:00
trackb_rev_EAT_20260609,,,,,,161.869995,145.960007,,,,,,-0.1232,pending,,2026-06-16T13:17:34+00:00
trackb_rev_ECL_20260608,,,,,,271.149994,255.0,,,,,,-1.1513,pending,,2026-06-16T13:17:25+00:00
trackb_rev_EDHL_20260603,3.5,,,,,17.49,2.6,,,,,,-1.1407,pending,,2026-06-16T13:17:06+00:00
trackb_rev_EDHL_20260604,5.98,,,,,17.49,3.1,,,,,,17.8707,pending,,2026-06-16T13:17:06+00:00
trackb_rev_EDHL_20260605,8.64,,,,,17.49,3.1,,,,,,17.8707,pending,,2026-06-16T13:17:06+00:00
trackb_rev_EDHL_20260608,,,,,,17.49,3.1,,,,,,17.8707,pending,,2026-06-16T13:17:06+00:00
trackb_rev_EEIQ_20260610,,,,,,3.62,2.9,,,,,,-18.3099,pending,,2026-06-16T13:17:46+00:00
trackb_rev_EEIQ_20260611,,,,,,3.5,2.9,,,,,,-15.942,pending,,2026-06-16T13:17:46+00:00
trackb_rev_EEIQ_20260616,,,,,,,,,,,,,,pending,,2026-06-16T13:17:46+00:00
trackb_rev_EFX_20260609,,,,,,172.0,153.910004,,,,,,-8.3269,pending,,2026-06-16T13:16:07+00:00
trackb_rev_EFX_20260611,,,,,,168.309998,153.910004,,,,,,-7.3166,pending,,2026-06-16T13:16:07+00:00
trackb_rev_EFX_20260612,,,,,,168.309998,157.509995,,,,,,-1.2972,pending,,2026-06-16T13:16:07+00:00
trackb_rev_EFX_20260616,,,,,,,,,,,,,,pending,,2026-06-16T13:16:07+00:00
trackb_rev_ELME_20260616,,,,,,,,,,,,,,pending,,2026-06-16T13:18:54+00:00
trackb_rev_EMN_20260610,,,,,,77.129997,71.300003,,,,,,-0.5163,pending,,2026-06-16T13:16:13+00:00
trackb_rev_EMN_20260612,,,,,,77.129997,73.589996,,,,,,0.3682,pending,,2026-06-16T13:16:13+00:00
trackb_rev_EMR_20260612,,,,,,149.570007,141.380005,,,,,,-0.4997,pending,,2026-06-16T13:18:11+00:00
trackb_rev_ENTG_20260612,,,,,,168.0,142.429993,,,,,,-1.7182,pending,,2026-06-16T13:18:11+00:00
trackb_rev_ENVX_20260612,,,,,,7.396,6.53,,,,,,-2.5373,pending,,2026-06-16T13:16:04+00:00
trackb_rev_ENVX_20260615,,,,,,7.396,7.045,,,,,,-3.9536,pending,,2026-06-16T13:16:04+00:00
trackb_rev_ENVX_20260616,,,,,,,,,,,,,,pending,,2026-06-16T13:16:04+00:00
trackb_rev_EPAM_20260603,93.040001,,,,,101.93,89.720001,,,,,,-7.7382,pending,,2026-06-16T13:17:03+00:00
trackb_rev_EPAM_20260604,92.760002,,,,,101.5,89.720001,,,,,,-7.7382,pending,,2026-06-16T13:17:03+00:00
trackb_rev_EPAM_20260605,95.379997,,,,,100.309998,89.720001,,,,,,-7.7382,pending,,2026-06-16T13:17:03+00:00
trackb_rev_EPAM_20260608,92.720001,,,,,99.150002,89.720001,,,,,,-7.7382,pending,,2026-06-16T13:17:03+00:00
trackb_rev_EPAM_20260609,,,,,,98.470001,89.720001,,,,,,-7.2374,pending,,2026-06-16T13:17:03+00:00
trackb_rev_EPAM_20260611,,,,,,95.919998,89.720001,,,,,,-3.5684,pending,,2026-06-16T13:17:03+00:00
trackb_rev_EPC_20260610,,,,,,23.51,20.4,,,,,,0.5917,pending,,2026-06-16T13:17:46+00:00
trackb_rev_ERIE_20260616,,,,,,,,,,,,,,pending,,2026-06-16T13:18:04+00:00
trackb_rev_ETD_20260603,21.35,,,,,22.16,20.26,,,,,,-1.0259,pending,,2026-06-16T13:17:05+00:00
trackb_rev_ETD_20260604,22.129999,,,,,22.16,20.32,,,,,,-0.7328,pending,,2026-06-16T13:17:05+00:00
trackb_rev_ETD_20260605,21.58,,,,,22.16,20.32,,,,,,-0.7328,pending,,2026-06-16T13:17:05+00:00
trackb_rev_ETD_20260608,21.459999,,,,,22.16,20.32,,,,,,-0.7328,pending,,2026-06-16T13:17:05+00:00
trackb_rev_ETD_20260610,,,,,,22.16,21.24,,,,,,2.6583,pending,,2026-06-16T13:17:05+00:00
trackb_rev_EU_20260610,,,,,,1.55,1.27,,,,,,-5.9259,pending,,2026-06-16T13:17:46+00:00
trackb_rev_EVGO_20260612,,,,,,2.11,1.97,,,,,,-0.505,pending,,2026-06-16T13:16:35+00:00
trackb_rev_EVGO_20260616,,,,,,,,,,,,,,pending,,2026-06-16T13:16:35+00:00
trackb_rev_EVLV_20260608,6.13,,,,,6.335,5.7,,,,,,-3.5533,pending,,2026-06-16T13:17:24+00:00
trackb_rev_EVLV_20260609,,,,,,6.335,5.7,,,,,,-2.0619,pending,,2026-06-16T13:17:24+00:00
trackb_rev_EVLV_20260610,,,,,,6.335,5.7,,,,,,-2.0619,pending,,2026-06-16T13:17:24+00:00
trackb_rev_EVLV_20260611,,,,,,6.335,5.7,,,,,,-2.3973,pending,,2026-06-16T13:17:24+00:00
trackb_rev_EVLV_20260612,,,,,,6.335,6.07,,,,,,-1.1401,pending,,2026-06-16T13:17:24+00:00
trackb_rev_EVLV_20260616,,,,,,,,,,,,,,pending,,2026-06-16T13:17:24+00:00
trackb_rev_EVTV_20260603,1.69,,,,,2.03,1.55,,,,,,-20.5128,pending,,2026-06-16T13:17:07+00:00
trackb_rev_EVTV_20260604,1.67,,,,,1.93,1.55,,,,,,-20.5128,pending,,2026-06-16T13:17:07+00:00
trackb_rev_EVTV_20260605,1.62,,,,,1.88,1.55,,,,,,-20.5128,pending,,2026-06-16T13:17:07+00:00
trackb_rev_EXC_20260603,45.610001,,,,,46.57,44.150002,,,,,,-3.7917,pending,,2026-06-16T13:17:11+00:00
trackb_rev_EXC_20260604,45.509998,,,,,46.57,44.150002,,,,,,-3.7917,pending,,2026-06-16T13:17:11+00:00
trackb_rev_EXC_20260605,46.209999,,,,,46.57,44.599998,,,,,,-2.8111,pending,,2026-06-16T13:17:11+00:00
trackb_rev_EXC_20260608,,,,,,46.57,44.599998,,,,,,-2.8111,pending,,2026-06-16T13:17:11+00:00
trackb_rev_EXC_20260609,,,,,,46.57,44.599998,,,,,,-0.4464,pending,,2026-06-16T13:17:11+00:00
trackb_rev_EXLS_20260611,,,,,,29.16,28.059999,,,,,,-3.3081,pending,,2026-06-16T13:18:00+00:00
trackb_rev_EXLS_20260615,,,,,,29.16,28.18,,,,,,-3.0949,pending,,2026-06-16T13:18:00+00:00
trackb_rev_EXLS_20260616,,,,,,,,,,,,,,pending,,2026-06-16T13:18:00+00:00
trackb_rev_EXPE_20260611,,,,,,239.490005,216.179993,,,,,,-1.2606,pending,,2026-06-16T13:17:58+00:00
trackb_rev_EXPE_20260616,,,,,,,,,,,,,,pending,,2026-06-16T13:17:58+00:00
trackb_rev_FCN_20260615,,,,,,157.9814,153.649994,,,,,,-1.9527,pending,,2026-06-16T13:18:28+00:00
trackb_rev_FCN_20260616,,,,,,,,,,,,,,pending,,2026-06-16T13:18:28+00:00
trackb_rev_FCUV_20260616,,,,,,,,,,,,,,pending,,2026-06-16T13:18:54+00:00
trackb_rev_FERG_20260615,,,,,,237.570007,233.845001,,,,,,-1.1978,pending,,2026-06-16T13:18:29+00:00
trackb_rev_FERG_20260616,,,,,,,,,,,,,,pending,,2026-06-16T13:18:29+00:00
trackb_rev_FE_20260603,46.43,,,,,47.66,45.09,,,,,,-2.1059,pending,,2026-06-16T13:17:06+00:00
trackb_rev_FE_20260604,46.669998,,,,,47.66,45.09,,,,,,-2.1059,pending,,2026-06-16T13:17:06+00:00
trackb_rev_FE_20260605,47.029999,,,,,47.66,45.509998,,,,,,-1.1941,pending,,2026-06-16T13:17:06+00:00
trackb_rev_FE_20260608,47.34,,,,,47.66,45.509998,,,,,,-1.9604,pending,,2026-06-16T13:17:06+00:00
trackb_rev_FE_20260612,,,,,,47.66,46.560001,,,,,,-0.2357,pending,,2026-06-16T13:17:06+00:00
trackb_rev_FE_20260616,,,,,,,,,,,,,,pending,,2026-06-16T13:17:06+00:00
trackb_rev_FIG_20260612,,,,,,19.4,17.83,,,,,,-7.8077,pending,,2026-06-16T13:18:12+00:00
trackb_rev_FIP_20260616,,,,,,,,,,,,,,pending,,2026-06-16T13:18:55+00:00
trackb_rev_FISV_20260603,53.279999,,,,,57.02,47.369999,,,,,,-10.7069,pending,,2026-06-16T13:17:11+00:00
trackb_rev_FISV_20260604,53.060001,,,,,57.02,47.369999,,,,,,-10.7069,pending,,2026-06-16T13:17:11+00:00
trackb_rev_FISV_20260605,53.779999,,,,,55.830002,47.369999,,,,,,-10.7069,pending,,2026-06-16T13:17:11+00:00
trackb_rev_FISV_20260608,,,,,,54.389999,47.369999,,,,,,-12.9708,pending,,2026-06-16T13:17:11+00:00
trackb_rev_FLO_20260616,,,,,,,,,,,,,,pending,,2026-06-16T13:18:52+00:00
trackb_rev_FLS_20260610,,,,,,81.25,72.809998,,,,,,-2.7384,pending,,2026-06-16T13:15:24+00:00
trackb_rev_FLS_20260612,,,,,,81.25,77.550003,,,,,,-0.7042,pending,,2026-06-16T13:15:24+00:00
trackb_rev_FLUT_20260608,108.980003,,,,,119.440002,98.934998,,,,,,-1.5474,pending,,2026-06-16T13:17:25+00:00
trackb_rev_FLUT_20260609,,,,,,119.440002,104.639999,,,,,,-0.2954,pending,,2026-06-16T13:17:25+00:00
trackb_rev_FLY_20260610,,,,,,39.529999,31.4,,,,,,-13.2117,pending,,2026-06-16T13:17:44+00:00
trackb_rev_FMFC_20260616,,,,,,,,,,,,,,pending,,2026-06-16T13:18:55+00:00
trackb_rev_FOSL_20260611,,,,,,4.6756,3.97,,,,,,-5.4762,pending,,2026-06-16T13:18:00+00:00
trackb_rev_FOSL_20260612,,,,,,4.6756,4.22,,,,,,0.9569,pending,,2026-06-16T13:18:00+00:00
trackb_rev_FOSL_20260616,,,,,,,,,,,,,,pending,,2026-06-16T13:18:00+00:00
trackb_rev_FRPT_20260609,,,,,,55.599998,49.451,,,,,,-3.7918,pending,,2026-06-16T13:17:38+00:00
trackb_rev_FRPT_20260610,,,,,,55.599998,49.451,,,,,,-3.7918,pending,,2026-06-16T13:17:38+00:00
trackb_rev_FRPT_20260616,,,,,,,,,,,,,,pending,,2026-06-16T13:17:38+00:00
trackb_rev_FSP_20260609,,,,,,0.74,0.61,,,,,,-3.1746,pending,,2026-06-16T13:17:37+00:00
trackb_rev_FTCI_20260616,,,,,,,,,,,,,,pending,,2026-06-16T13:15:29+00:00
trackb_rev_FUBO_20260609,,,,,,10.76,9.42,,,,,,-2.8866,pending,,2026-06-16T13:17:36+00:00
trackb_rev_FUBO_20260611,,,,,,10.76,9.42,,,,,,-5.6112,pending,,2026-06-16T13:17:36+00:00
trackb_rev_FUBO_20260612,,,,,,10.36,9.42,,,,,,-10.0287,pending,,2026-06-16T13:17:36+00:00
trackb_rev_FUBO_20260615,,,,,,10.26,9.841,,,,,,-2.7569,pending,,2026-06-16T13:17:36+00:00
trackb_rev_FUBO_20260616,,,,,,,,,,,,,,pending,,2026-06-16T13:17:36+00:00
trackb_rev_FUL_20260610,,,,,,65.739998,61.099998,,,,,,1.7824,pending,,2026-06-16T13:16:48+00:00
trackb_rev_FWRD_20260609,,,,,,14.47,10.6,,,,,,-7.8261,pending,,2026-06-16T13:17:37+00:00
trackb_rev_FWRD_20260615,,,,,,14.017,13.26,,,,,,-1.632,pending,,2026-06-16T13:17:37+00:00
trackb_rev_FWRD_20260616,,,,,,,,,,,,,,pending,,2026-06-16T13:17:37+00:00
trackb_rev_GAME_20260612,,,,,,0.468,0.416,,,,,,-6.9351,pending,,2026-06-16T13:18:17+00:00
trackb_rev_GAME_20260616,,,,,,,,,,,,,,pending,,2026-06-16T13:18:17+00:00
trackb_rev_GAP_20260608,,,,,,22.41,21.08,,,,,,-2.2263,pending,,2026-06-16T13:17:22+00:00
trackb_rev_GAP_20260610,,,,,,22.41,21.08,,,,,,-0.9864,pending,,2026-06-16T13:17:22+00:00
trackb_rev_GEHC_20260603,63.759998,,,,,66.440002,60.73,,,,,,-1.3883,pending,,2026-06-16T13:17:05+00:00
trackb_rev_GEHC_20260604,64.510002,,,,,66.440002,62.509998,,,,,,1.502,pending,,2026-06-16T13:17:05+00:00
trackb_rev_GEHC_20260605,65.18,,,,,66.440002,63.02,,,,,,2.3301,pending,,2026-06-16T13:17:05+00:00
trackb_rev_GEHC_20260608,64.760002,,,,,66.440002,63.02,,,,,,2.3301,pending,,2026-06-16T13:17:05+00:00
trackb_rev_GEHC_20260612,,,,,,66.440002,63.700001,,,,,,-1.2556,pending,,2026-06-16T13:17:05+00:00
trackb_rev_GEHC_20260615,,,,,,66.440002,64.639999,,,,,,-2.1422,pending,,2026-06-16T13:17:05+00:00
trackb_rev_GEHC_20260616,,,,,,,,,,,,,,pending,,2026-06-16T13:17:05+00:00
trackb_rev_GIPR_20260603,0.204,,,,,0.22,0.18,,,,,,-13.5862,pending,,2026-06-16T13:17:08+00:00
trackb_rev_GIPR_20260604,0.195,,,,,0.22,0.18,,,,,,-13.5862,pending,,2026-06-16T13:17:08+00:00
trackb_rev_GIPR_20260605,0.189,,,,,0.21,0.182,,,,,,-12.626,pending,,2026-06-16T13:17:08+00:00
trackb_rev_GIPR_20260608,0.192,,,,,0.21,0.189,,,,,,-9.2655,pending,,2026-06-16T13:17:08+00:00
trackb_rev_GMED_20260603,80.860001,,,,,83.169998,76.610001,,,,,,-1.8198,pending,,2026-06-16T13:17:12+00:00
trackb_rev_GMED_20260604,80.519997,,,,,83.169998,76.610001,,,,,,-1.8198,pending,,2026-06-16T13:17:12+00:00
trackb_rev_GMED_20260605,80.389999,,,,,83.169998,76.610001,,,,,,-1.8198,pending,,2026-06-16T13:17:12+00:00
trackb_rev_GMED_20260608,77.32,,,,,83.169998,76.610001,,,,,,-1.8198,pending,,2026-06-16T13:17:12+00:00
trackb_rev_GMED_20260610,,,,,,83.169998,76.610001,,,,,,-2.1584,pending,,2026-06-16T13:17:12+00:00
trackb_rev_GME_20260616,,,,,,,,,,,,,,pending,,2026-06-16T13:18:46+00:00
trackb_rev_GNRC_20260612,,,,,,274.0,255.690002,,,,,,-0.6373,pending,,2026-06-16T13:16:17+00:00
trackb_rev_GOLF_20260609,,,,,,101.059998,91.440002,,,,,,1.0164,pending,,2026-06-16T13:17:36+00:00
trackb_rev_GOLF_20260610,,,,,,101.059998,92.410004,,,,,,2.0879,pending,,2026-06-16T13:17:36+00:00
trackb_rev_GPC_20260611,,,,,,105.779999,98.809998,,,,,,0.3861,pending,,2026-06-16T13:18:01+00:00
trackb_rev_GT_20260609,,,,,,6.78,5.79,,,,,,-0.1724,pending,,2026-06-16T13:17:38+00:00
trackb_rev_GT_20260610,,,,,,6.78,5.79,,,,,,-0.1724,pending,,2026-06-16T13:17:38+00:00
trackb_rev_GT_20260611,,,,,,6.78,5.86,,,,,,-0.1704,pending,,2026-06-16T13:17:38+00:00
trackb_rev_GT_20260612,,,,,,6.78,6.04,,,,,,0.8347,pending,,2026-06-16T13:17:38+00:00
trackb_rev_GT_20260616,,,,,,,,,,,,,,pending,,2026-06-16T13:17:38+00:00
trackb_rev_GWRS_20260603,7.06,,,,,7.42,6.69,,,,,,-5.3748,pending,,2026-06-16T13:17:07+00:00
trackb_rev_GWRS_20260604,6.99,,,,,7.42,6.69,,,,,,-5.3748,pending,,2026-06-16T13:17:07+00:00
trackb_rev_GWRS_20260605,7.03,,,,,7.42,6.69,,,,,,-5.3748,pending,,2026-06-16T13:17:07+00:00
trackb_rev_GWRS_20260608,6.72,,,,,7.27,6.69,,,,,,-5.3748,pending,,2026-06-16T13:17:07+00:00
trackb_rev_GWRS_20260609,,,,,,7.17,6.69,,,,,,-5.1064,pending,,2026-06-16T13:17:07+00:00
trackb_rev_GWRS_20260611,,,,,,7.15,6.69,,,,,,-5.2408,pending,,2026-06-16T13:17:07+00:00
trackb_rev_GWRS_20260612,,,,,,7.15,6.69,,,,,,-4.2918,pending,,2026-06-16T13:17:07+00:00
trackb_rev_GXAI_20260612,,,,,,1.26,1.17,,,,,,-4.0984,pending,,2026-06-16T13:18:16+00:00
trackb_rev_GXAI_20260616,,,,,,,,,,,,,,pending,,2026-06-16T13:18:16+00:00
trackb_rev_GXO_20260611,,,,,,51.560001,47.810001,,,,,,0.0209,pending,,2026-06-16T13:18:00+00:00
trackb_rev_GXO_20260615,,,,,,51.560001,49.790001,,,,,,-2.9813,pending,,2026-06-16T13:18:00+00:00
trackb_rev_GXO_20260616,,,,,,,,,,,,,,pending,,2026-06-16T13:18:00+00:00
trackb_rev_HAYW_20260612,,,,,,15.12,14.57,,,,,,-0.9517,pending,,2026-06-16T13:17:52+00:00
trackb_rev_HFFG_20260603,1.91,,,,,2.0,1.8,,,,,,-2.7027,pending,,2026-06-16T13:17:09+00:00
trackb_rev_HFFG_20260604,1.88,,,,,2.0,1.8,,,,,,-2.7027,pending,,2026-06-16T13:17:09+00:00
trackb_rev_HFFG_20260605,1.9,,,,,2.0,1.8,,,,,,-2.7027,pending,,2026-06-16T13:17:09+00:00
trackb_rev_HFFG_20260608,1.8,,,,,2.0,1.8,,,,,,-2.7027,pending,,2026-06-16T13:17:09+00:00
trackb_rev_HLMN_20260616,,,,,,,,,,,,,,pending,,2026-06-16T13:18:52+00:00
trackb_rev_HNI_20260612,,,,,,34.439999,32.555,,,,,,-1.7059,pending,,2026-06-16T13:18:14+00:00
trackb_rev_HNI_20260616,,,,,,,,,,,,,,pending,,2026-06-16T13:18:14+00:00
trackb_rev_HNST_20260610,,,,,,3.68,3.37,,,,,,-0.0,pending,,2026-06-16T13:17:45+00:00
trackb_rev_HON_20260609,,,,,,231.350006,205.520004,,,,,,-2.9651,pending,,2026-06-16T13:16:05+00:00
trackb_rev_HON_20260612,,,,,,231.350006,219.160004,,,,,,0.0183,pending,,2026-06-16T13:16:05+00:00
trackb_rev_HOV_20260609,,,,,,125.989998,108.730003,,,,,,0.6666,pending,,2026-06-16T13:15:51+00:00
trackb_rev_HOV_20260610,,,,,,125.989998,110.959999,,,,,,2.7312,pending,,2026-06-16T13:15:51+00:00
trackb_rev_HROW_20260608,,,,,,39.91,32.779999,,,,,,-1.2353,pending,,2026-06-16T13:17:25+00:00
trackb_rev_HROW_20260609,,,,,,39.91,33.09,,,,,,-0.0302,pending,,2026-06-16T13:17:25+00:00
trackb_rev_HROW_20260610,,,,,,39.91,33.09,,,,,,-0.0302,pending,,2026-06-16T13:17:25+00:00
trackb_rev_HROW_20260612,,,,,,39.91,37.459999,,,,,,-0.5047,pending,,2026-06-16T13:17:25+00:00
trackb_rev_HTFL_20260608,,,,,,34.310001,27.98,,,,,,-0.427,pending,,2026-06-16T13:17:24+00:00
trackb_rev_HTFL_20260609,,,,,,34.310001,27.98,,,,,,-1.652,pending,,2026-06-16T13:17:24+00:00
trackb_rev_HTFL_20260611,,,,,,34.310001,28.950001,,,,,,-1.631,pending,,2026-06-16T13:17:24+00:00
trackb_rev_HUBB_20260616,,,,,,,,,,,,,,pending,,2026-06-16T13:18:48+00:00
trackb_rev_HUBS_20260611,,,,,,195.0,175.550003,,,,,,-8.9424,pending,,2026-06-16T13:16:43+00:00
trackb_rev_HUBS_20260615,,,,,,195.0,185.679993,,,,,,-3.7753,pending,,2026-06-16T13:16:43+00:00
trackb_rev_HUBS_20260616,,,,,,,,,,,,,,pending,,2026-06-16T13:16:43+00:00
trackb_rev_HURN_20260616,,,,,,,,,,,,,,pending,,2026-06-16T13:18:49+00:00
trackb_rev_IAUX_20260610,,,,,,1.61,1.36,,,,,,-2.8571,pending,,2026-06-16T13:16:01+00:00
trackb_rev_IDXX_20260603,556.940002,,,,,581.469971,547.570007,,,,,,-2.0246,pending,,2026-06-16T13:17:12+00:00
trackb_rev_IDXX_20260604,557.909973,,,,,581.469971,549.97998,,,,,,-1.5934,pending,,2026-06-16T13:17:12+00:00
trackb_rev_IDXX_20260605,560.880005,,,,,581.469971,549.97998,,,,,,-1.5934,pending,,2026-06-16T13:17:12+00:00
trackb_rev_IDXX_20260616,,,,,,,,,,,,,,pending,,2026-06-16T13:17:12+00:00
trackb_rev_IIIN_20260612,,,,,,29.370001,28.379999,,,,,,-1.7993,pending,,2026-06-16T13:18:13+00:00
trackb_rev_IMKTA_20260603,93.610001,,,,,94.690002,85.690002,,,,,,-4.4278,pending,,2026-06-16T13:17:10+00:00
trackb_rev_IMKTA_20260604,93.050003,,,,,94.690002,85.690002,,,,,,-4.4278,pending,,2026-06-16T13:17:10+00:00
trackb_rev_IMKTA_20260605,92.010002,,,,,94.690002,87.5,,,,,,-2.4091,pending,,2026-06-16T13:17:10+00:00
trackb_rev_IMKTA_20260608,,,,,,94.690002,87.949997,,,,,,-1.9072,pending,,2026-06-16T13:17:10+00:00
trackb_rev_IPAR_20260603,98.360001,,,,,103.129997,87.709999,,,,,,-2.685,pending,,2026-06-16T13:17:11+00:00
trackb_rev_IPAR_20260604,100.150002,,,,,103.129997,87.879997,,,,,,-2.4964,pending,,2026-06-16T13:17:11+00:00
trackb_rev_IPAR_20260605,101.779999,,,,,103.129997,88.669998,,,,,,-1.6199,pending,,2026-06-16T13:17:11+00:00
trackb_rev_IPAR_20260608,,,,,,103.129997,91.269997,,,,,,-0.0,pending,,2026-06-16T13:17:11+00:00
trackb_rev_IPAR_20260609,,,,,,103.129997,92.760002,,,,,,0.4005,pending,,2026-06-16T13:17:11+00:00
trackb_rev_IPAR_20260610,,,,,,103.129997,95.709999,,,,,,3.5935,pending,,2026-06-16T13:17:11+00:00
trackb_rev_IPGP_20260610,,,,,,120.68,101.449997,,,,,,-8.8254,pending,,2026-06-16T13:15:28+00:00
trackb_rev_IR_20260615,,,,,,77.904999,75.900002,,,,,,-1.5309,pending,,2026-06-16T13:18:28+00:00
trackb_rev_IR_20260616,,,,,,,,,,,,,,pending,,2026-06-16T13:18:28+00:00
trackb_rev_ITRI_20260610,,,,,,82.635002,78.5,,,,,,-4.0342,pending,,2026-06-16T13:17:45+00:00
trackb_rev_ITW_20260616,,,,,,,,,,,,,,pending,,2026-06-16T13:18:49+00:00
trackb_rev_IT_20260616,,,,,,,,,,,,,,pending,,2026-06-16T13:16:42+00:00
trackb_rev_IVDA_20260609,,,,,,0.34,0.27,,,,,,-6.8965,pending,,2026-06-16T13:17:37+00:00
trackb_rev_IVDA_20260610,,,,,,0.34,0.27,,,,,,-6.8965,pending,,2026-06-16T13:17:37+00:00
trackb_rev_IVDA_20260611,,,,,,0.34,0.27,,,,,,0.0,pending,,2026-06-16T13:17:37+00:00
trackb_rev_IVR_20260616,,,,,,,,,,,,,,pending,,2026-06-16T13:18:54+00:00
trackb_rev_JBGS_20260616,,,,,,,,,,,,,,pending,,2026-06-16T13:18:51+00:00
trackb_rev_JBLU_20260609,,,,,,5.6,4.56,,,,,,-4.2017,pending,,2026-06-16T13:17:34+00:00
trackb_rev_JFB_20260608,,,,,,5.8,4.87,,,,,,-12.5673,pending,,2026-06-16T13:17:23+00:00
trackb_rev_JFB_20260616,,,,,,,,,,,,,,pending,,2026-06-16T13:17:23+00:00
trackb_rev_JJSF_20260611,,,,,,81.360001,77.779999,,,,,,-1.9168,pending,,2026-06-16T13:17:59+00:00
trackb_rev_JLL_20260616,,,,,,,,,,,,,,pending,,2026-06-16T13:18:48+00:00
trackb_rev_JNJ_20260603,238.490005,,,,,241.600006,222.0,,,,,,-1.1268,pending,,2026-06-16T13:17:06+00:00
trackb_rev_JNJ_20260604,238.330002,,,,,241.600006,225.899994,,,,,,0.6102,pending,,2026-06-16T13:17:06+00:00
trackb_rev_JNJ_20260605,240.869995,,,,,241.600006,229.0,,,,,,1.9908,pending,,2026-06-16T13:17:06+00:00
trackb_rev_J_20260609,,,,,,128.899994,120.339996,,,,,,0.3168,pending,,2026-06-16T13:17:34+00:00
trackb_rev_J_20260610,,,,,,128.899994,121.75,,,,,,1.4922,pending,,2026-06-16T13:17:34+00:00
trackb_rev_J_20260612,,,,,,128.899994,124.220001,,,,,,-1.6547,pending,,2026-06-16T13:17:34+00:00
trackb_rev_KBR_20260612,,,,,,36.25,34.715,,,,,,-1.8241,pending,,2026-06-16T13:17:29+00:00
trackb_rev_KIDZ_20260616,,,,,,,,,,,,,,pending,,2026-06-16T13:18:50+00:00
trackb_rev_KNF_20260616,,,,,,,,,,,,,,pending,,2026-06-16T13:18:50+00:00
trackb_rev_KTB_20260608,79.220001,,,,,82.224998,71.620003,,,,,,2.2121,pending,,2026-06-16T13:17:21+00:00
trackb_rev_KTB_20260609,,,,,,82.224998,73.040001,,,,,,1.0934,pending,,2026-06-16T13:17:21+00:00
trackb_rev_KTOS_20260603,54.82,,,,,63.59,53.310001,,,,,,-9.6364,pending,,2026-06-16T13:17:03+00:00
trackb_rev_KTOS_20260604,58.779999,,,,,63.59,53.310001,,,,,,-9.6364,pending,,2026-06-16T13:17:03+00:00
trackb_rev_KTOS_20260605,57.75,,,,,62.099998,53.310001,,,,,,-9.6364,pending,,2026-06-16T13:17:03+00:00
trackb_rev_KTOS_20260608,,,,,,61.700001,53.310001,,,,,,-9.6364,pending,,2026-06-16T13:17:03+00:00
trackb_rev_KTOS_20260612,,,,,,61.700001,56.68,,,,,,-3.5726,pending,,2026-06-16T13:17:03+00:00
trackb_rev_KTOS_20260615,,,,,,59.5,56.68,,,,,,-4.2581,pending,,2026-06-16T13:17:03+00:00
trackb_rev_KTOS_20260616,,,,,,,,,,,,,,pending,,2026-06-16T13:17:03+00:00
trackb_rev_LADR_20260616,,,,,,,,,,,,,,pending,,2026-06-16T13:17:51+00:00
trackb_rev_LEG_20260608,,,,,,11.31,9.84,,,,,,-1.6983,pending,,2026-06-16T13:17:22+00:00
trackb_rev_LE_20260609,,,,,,12.94,10.51,,,,,,-6.2444,pending,,2026-06-16T13:17:35+00:00
trackb_rev_LHX_20260603,303.0,,,,,315.720001,299.390015,,,,,,-2.7418,pending,,2026-06-16T13:17:04+00:00
trackb_rev_LHX_20260604,312.170013,,,,,315.720001,299.390015,,,,,,-2.7418,pending,,2026-06-16T13:17:04+00:00
trackb_rev_LHX_20260605,307.790009,,,,,315.720001,299.390015,,,,,,-2.7418,pending,,2026-06-16T13:17:04+00:00
trackb_rev_LHX_20260608,,,,,,315.720001,299.390015,,,,,,-2.7418,pending,,2026-06-16T13:17:04+00:00
trackb_rev_LILAK_20260603,7.88,,,,,8.24,7.47,,,,,,-3.4884,pending,,2026-06-16T13:17:09+00:00
trackb_rev_LILAK_20260604,7.92,,,,,8.24,7.47,,,,,,-3.4884,pending,,2026-06-16T13:17:09+00:00
trackb_rev_LILAK_20260605,8.2,,,,,8.24,7.47,,,,,,-3.4884,pending,,2026-06-16T13:17:09+00:00
trackb_rev_LILAK_20260608,,,,,,8.24,7.58,,,,,,-2.0672,pending,,2026-06-16T13:17:09+00:00
trackb_rev_LMB_20260612,,,,,,84.357002,78.029999,,,,,,-4.1047,pending,,2026-06-16T13:18:13+00:00
trackb_rev_LMB_20260616,,,,,,,,,,,,,,pending,,2026-06-16T13:18:13+00:00
trackb_rev_LMND_20260603,55.860001,,,,,61.798,50.25,,,,,,-4.3404,pending,,2026-06-16T13:17:02+00:00
trackb_rev_LMND_20260604,57.18,,,,,61.798,50.25,,,,,,-4.3404,pending,,2026-06-16T13:17:02+00:00
trackb_rev_LMND_20260605,57.490002,,,,,61.798,50.25,,,,,,-4.3404,pending,,2026-06-16T13:17:02+00:00
trackb_rev_LMND_20260608,60.75,,,,,61.798,50.25,,,,,,-2.3513,pending,,2026-06-16T13:17:02+00:00
trackb_rev_LMT_20260603,525.02002,,,,,550.98999,510.540009,,,,,,-2.5036,pending,,2026-06-16T13:17:01+00:00
trackb_rev_LMT_20260604,548.679993,,,,,550.98999,514.140015,,,,,,-1.8161,pending,,2026-06-16T13:17:01+00:00
trackb_rev_LMT_20260605,540.330017,,,,,550.98999,516.849976,,,,,,-1.2986,pending,,2026-06-16T13:17:01+00:00
trackb_rev_LMT_20260608,,,,,,550.98999,516.849976,,,,,,-1.2986,pending,,2026-06-16T13:17:01+00:00
trackb_rev_LOCL_20260603,1.39,,,,,1.65,1.31,,,,,,-17.0834,pending,,2026-06-16T13:17:08+00:00
trackb_rev_LOCL_20260604,1.36,,,,,1.58,1.31,,,,,,-17.0834,pending,,2026-06-16T13:17:08+00:00
trackb_rev_LOCL_20260605,1.35,,,,,1.53,1.31,,,,,,-17.0834,pending,,2026-06-16T13:17:08+00:00
trackb_rev_LOCL_20260608,1.32,,,,,1.505,1.31,,,,,,-17.0834,pending,,2026-06-16T13:17:08+00:00
trackb_rev_LPLA_20260616,,,,,,,,,,,,,,pending,,2026-06-16T13:18:56+00:00
trackb_rev_LVS_20260612,,,,,,51.669998,49.16,,,,,,-2.865,pending,,2026-06-16T13:18:11+00:00
trackb_rev_LVS_20260616,,,,,,,,,,,,,,pending,,2026-06-16T13:18:11+00:00
trackb_rev_LZ_20260608,5.98,,,,,6.09,5.53,,,,,,-3.6585,pending,,2026-06-16T13:17:23+00:00
trackb_rev_MBC_20260608,9.17,,,,,9.35,8.4,,,,,,-0.7092,pending,,2026-06-16T13:17:21+00:00
trackb_rev_MCK_20260616,,,,,,,,,,,,,,pending,,2026-06-16T13:18:48+00:00
trackb_rev_MCO_20260616,,,,,,,,,,,,,,pending,,2026-06-16T13:18:48+00:00
trackb_rev_MEDP_20260603,465.730011,,,,,479.299988,434.380005,,,,,,-1.0794,pending,,2026-06-16T13:17:00+00:00
trackb_rev_MEDP_20260604,475.070007,,,,,479.299988,442.950012,,,,,,0.8722,pending,,2026-06-16T13:17:00+00:00
trackb_rev_MEDP_20260605,467.339996,,,,,479.299988,442.950012,,,,,,0.8722,pending,,2026-06-16T13:17:00+00:00
trackb_rev_METC_20260612,,,,,,15.69,14.64,,,,,,-1.5467,pending,,2026-06-16T13:15:54+00:00
trackb_rev_MHK_20260612,,,,,,116.029999,107.360001,,,,,,-1.8198,pending,,2026-06-16T13:16:21+00:00
trackb_rev_MH_20260603,12.8,,,,,13.19,10.2601,,,,,,-11.0524,pending,,2026-06-16T13:17:05+00:00
trackb_rev_MH_20260604,12.36,,,,,13.19,10.2601,,,,,,-11.0524,pending,,2026-06-16T13:17:05+00:00
trackb_rev_MH_20260605,11.76,,,,,13.19,10.2601,,,,,,-11.0524,pending,,2026-06-16T13:17:05+00:00
trackb_rev_MH_20260608,,,,,,13.19,10.2601,,,,,,-11.0524,pending,,2026-06-16T13:17:05+00:00
trackb_rev_MH_20260609,,,,,,13.19,10.2601,,,,,,-13.8531,pending,,2026-06-16T13:17:05+00:00
trackb_rev_MH_20260616,,,,,,,,,,,,,,pending,,2026-06-16T13:17:05+00:00
trackb_rev_MIRA_20260609,,,,,,1.02,0.932,,,,,,-6.8,pending,,2026-06-16T13:17:37+00:00
trackb_rev_MIRA_20260610,,,,,,1.0,0.932,,,,,,-6.8,pending,,2026-06-16T13:17:37+00:00
trackb_rev_MKC_20260616,,,,,,,,,,,,,,pending,,2026-06-16T13:18:50+00:00
trackb_rev_MLKN_20260608,,,,,,16.629999,14.42,,,,,,-2.4357,pending,,2026-06-16T13:17:22+00:00
trackb_rev_MLKN_20260609,,,,,,16.629999,14.66,,,,,,0.9642,pending,,2026-06-16T13:17:22+00:00
trackb_rev_MLM_20260611,,,,,,603.690002,545.559998,,,,,,-1.3222,pending,,2026-06-16T13:17:59+00:00
trackb_rev_MLM_20260612,,,,,,603.690002,565.0,,,,,,-0.0955,pending,,2026-06-16T13:17:59+00:00
trackb_rev_MLM_20260616,,,,,,,,,,,,,,pending,,2026-06-16T13:17:59+00:00
trackb_rev_MMSI_20260603,66.989998,,,,,68.040001,60.02,,,,,,-1.0061,pending,,2026-06-16T13:17:04+00:00
trackb_rev_MMSI_20260604,66.889999,,,,,68.040001,61.880001,,,,,,2.0617,pending,,2026-06-16T13:17:04+00:00
trackb_rev_MMSI_20260605,66.529999,,,,,68.040001,63.169998,,,,,,4.1893,pending,,2026-06-16T13:17:04+00:00
trackb_rev_MMSI_20260608,,,,,,68.040001,64.040001,,,,,,5.6243,pending,,2026-06-16T13:17:04+00:00
trackb_rev_MMS_20260616,,,,,,,,,,,,,,pending,,2026-06-16T13:18:51+00:00
trackb_rev_MOD_20260612,,,,,,291.744995,265.51001,,,,,,-2.2099,pending,,2026-06-16T13:16:19+00:00
trackb_rev_MORN_20260615,,,,,,178.229996,172.247498,,,,,,-1.9929,pending,,2026-06-16T13:18:27+00:00
trackb_rev_MORN_20260616,,,,,,,,,,,,,,pending,,2026-06-16T13:18:27+00:00
trackb_rev_MOS_20260603,19.82,,,,,24.290001,19.799999,,,,,,-16.4557,pending,,2026-06-16T13:17:10+00:00
trackb_rev_MOS_20260604,21.09,,,,,24.290001,19.799999,,,,,,-16.4557,pending,,2026-06-16T13:17:10+00:00
trackb_rev_MOS_20260605,22.690001,,,,,24.290001,19.799999,,,,,,-16.4557,pending,,2026-06-16T13:17:10+00:00
trackb_rev_MOS_20260608,,,,,,24.290001,19.799999,,,,,,-10.9712,pending,,2026-06-16T13:17:10+00:00
trackb_rev_MOS_20260610,,,,,,24.290001,19.799999,,,,,,-7.3901,pending,,2026-06-16T13:17:10+00:00
trackb_rev_MOS_20260612,,,,,,24.290001,21.35,,,,,,1.2328,pending,,2026-06-16T13:17:10+00:00
trackb_rev_MP_20260610,,,,,,60.91,53.290001,,,,,,-7.4505,pending,,2026-06-16T13:16:26+00:00
trackb_rev_MP_20260611,,,,,,60.91,53.310001,,,,,,-0.2619,pending,,2026-06-16T13:16:26+00:00
trackb_rev_MP_20260612,,,,,,60.91,56.029999,,,,,,-2.0112,pending,,2026-06-16T13:16:26+00:00
trackb_rev_MRK_20260603,119.089996,,,,,123.459999,114.699997,,,,,,-1.1292,pending,,2026-06-16T13:17:00+00:00
trackb_rev_MRK_20260604,120.760002,,,,,123.459999,114.864998,,,,,,-0.987,pending,,2026-06-16T13:17:00+00:00
trackb_rev_MRK_20260605,119.050003,,,,,123.459999,114.864998,,,,,,-0.987,pending,,2026-06-16T13:17:00+00:00
trackb_rev_MRK_20260608,,,,,,122.709999,114.864998,,,,,,-0.987,pending,,2026-06-16T13:17:00+00:00
trackb_rev_MRP_20260612,,,,,,29.719999,28.975,,,,,,-1.0417,pending,,2026-06-16T13:17:17+00:00
trackb_rev_MSFT_20260611,,,,,,401.75,382.269989,,,,,,-3.7976,pending,,2026-06-16T13:17:58+00:00
trackb_rev_MSI_20260616,,,,,,,,,,,,,,pending,,2026-06-16T13:18:46+00:00
trackb_rev_MSS_20260612,,,,,,1.085,0.8101,,,,,,-24.2897,pending,,2026-06-16T13:18:16+00:00
trackb_rev_MSS_20260616,,,,,,,,,,,,,,pending,,2026-06-16T13:18:16+00:00
trackb_rev_MTD_20260609,,,,,,1169.310059,1113.900024,,,,,,-2.1934,pending,,2026-06-16T13:17:34+00:00
trackb_rev_MTD_20260612,,,,,,1167.390015,1122.709961,,,,,,-1.6245,pending,,2026-06-16T13:17:34+00:00
trackb_rev_MTD_20260616,,,,,,,,,,,,,,pending,,2026-06-16T13:17:34+00:00
trackb_rev_MTW_20260616,,,,,,,,,,,,,,pending,,2026-06-16T13:18:52+00:00
trackb_rev_NB_20260609,,,,,,5.765,4.765,,,,,,-4.509,pending,,2026-06-16T13:15:55+00:00
trackb_rev_NB_20260611,,,,,,5.765,4.88,,,,,,0.8264,pending,,2026-06-16T13:15:55+00:00
trackb_rev_NB_20260612,,,,,,5.765,5.3,,,,,,-2.214,pending,,2026-06-16T13:15:55+00:00
trackb_rev_NB_20260616,,,,,,,,,,,,,,pending,,2026-06-16T13:15:55+00:00
trackb_rev_NCLH_20260603,17.92,,,,,20.59,17.700001,,,,,,-3.4633,pending,,2026-06-16T13:17:06+00:00
trackb_rev_NCLH_20260604,19.059999,,,,,20.59,17.700001,,,,,,-3.4633,pending,,2026-06-16T13:17:06+00:00
trackb_rev_NCLH_20260605,19.43,,,,,20.59,17.700001,,,,,,-3.4633,pending,,2026-06-16T13:17:06+00:00
trackb_rev_NCLH_20260612,,,,,,20.59,18.76,,,,,,-1.574,pending,,2026-06-16T13:17:06+00:00
trackb_rev_NKE_20260603,43.959999,,,,,46.310001,42.650002,,,,,,-1.7718,pending,,2026-06-16T13:17:03+00:00
trackb_rev_NKE_20260604,45.959999,,,,,46.310001,42.650002,,,,,,-1.7718,pending,,2026-06-16T13:17:03+00:00
trackb_rev_NKE_20260605,44.93,,,,,46.310001,42.650002,,,,,,-1.7718,pending,,2026-06-16T13:17:03+00:00
trackb_rev_NKE_20260608,,,,,,46.310001,42.650002,,,,,,-0.7678,pending,,2026-06-16T13:17:03+00:00
trackb_rev_NKE_20260610,,,,,,46.310001,43.310001,,,,,,0.1851,pending,,2026-06-16T13:17:03+00:00
trackb_rev_NLOP_20260609,,,,,,12.19,11.52,,,,,,-3.1933,pending,,2026-06-16T13:17:38+00:00
trackb_rev_NLOP_20260610,,,,,,12.09,11.52,,,,,,-3.1933,pending,,2026-06-16T13:17:38+00:00
trackb_rev_NLOP_20260611,,,,,,11.98,11.52,,,,,,-2.3729,pending,,2026-06-16T13:17:38+00:00
trackb_rev_NLOP_20260612,,,,,,11.98,11.65,,,,,,-0.0,pending,,2026-06-16T13:17:38+00:00
trackb_rev_NLOP_20260616,,,,,,,,,,,,,,pending,,2026-06-16T13:17:38+00:00
trackb_rev_NMRK_20260615,,,,,,15.64,14.92,,,,,,-3.2425,pending,,2026-06-16T13:18:29+00:00
trackb_rev_NMRK_20260616,,,,,,,,,,,,,,pending,,2026-06-16T13:18:29+00:00
trackb_rev_NRGV_20260616,,,,,,,,,,,,,,pending,,2026-06-16T13:16:29+00:00
trackb_rev_NTGR_20260610,,,,,,25.07,23.58,,,,,,-6.4286,pending,,2026-06-16T13:16:25+00:00
trackb_rev_NVST_20260616,,,,,,,,,,,,,,pending,,2026-06-16T13:18:52+00:00
trackb_rev_NWSA_20260615,,,,,,25.83,25.280001,,,,,,-1.1535,pending,,2026-06-16T13:17:30+00:00
trackb_rev_NWSA_20260616,,,,,,,,,,,,,,pending,,2026-06-16T13:17:30+00:00
trackb_rev_NWS_20260616,,,,,,,,,,,,,,pending,,2026-06-16T13:18:10+00:00
trackb_rev_NXT_20260611,,,,,,127.970001,111.790001,,,,,,-0.1429,pending,,2026-06-16T13:16:40+00:00
trackb_rev_OLLI_20260603,78.300003,,,,,88.839996,73.610001,,,,,,-7.8377,pending,,2026-06-16T13:17:08+00:00
trackb_rev_OLLI_20260604,83.650002,,,,,88.839996,73.610001,,,,,,-7.8377,pending,,2026-06-16T13:17:08+00:00
trackb_rev_OLLI_20260605,83.25,,,,,88.839996,74.989998,,,,,,-6.1099,pending,,2026-06-16T13:17:08+00:00
trackb_rev_OLLI_20260608,85.0,,,,,88.839996,76.699997,,,,,,-3.969,pending,,2026-06-16T13:17:08+00:00
trackb_rev_OMF_20260612,,,,,,58.650002,56.59,,,,,,-0.2292,pending,,2026-06-16T13:18:14+00:00
trackb_rev_ONDS_20260611,,,,,,9.97,9.18,,,,,,-1.3963,pending,,2026-06-16T13:15:49+00:00
trackb_rev_ONDS_20260612,,,,,,9.97,9.18,,,,,,-6.6124,pending,,2026-06-16T13:15:49+00:00
trackb_rev_ONDS_20260616,,,,,,,,,,,,,,pending,,2026-06-16T13:15:49+00:00
trackb_rev_ONT_20260611,,,,,,17.645,16.34,,,,,,-2.796,pending,,2026-06-16T13:17:59+00:00
trackb_rev_ONT_20260616,,,,,,,,,,,,,,pending,,2026-06-16T13:17:59+00:00
trackb_rev_OPAL_20260610,,,,,,2.04,1.88,,,,,,-11.9438,pending,,2026-06-16T13:16:26+00:00
trackb_rev_OPAL_20260616,,,,,,,,,,,,,,pending,,2026-06-16T13:16:26+00:00
trackb_rev_OPCH_20260603,21.379999,,,,,21.709999,19.870001,,,,,,-1.9975,pending,,2026-06-16T13:17:04+00:00
trackb_rev_OPCH_20260604,20.780001,,,,,21.709999,19.870001,,,,,,-1.9975,pending,,2026-06-16T13:17:04+00:00
trackb_rev_OPCH_20260605,20.76,,,,,21.709999,19.870001,,,,,,-1.9975,pending,,2026-06-16T13:17:04+00:00
trackb_rev_OPCH_20260608,,,,,,21.709999,19.870001,,,,,,-1.9975,pending,,2026-06-16T13:17:04+00:00
trackb_rev_OPCH_20260609,,,,,,21.709999,20.33,,,,,,1.245,pending,,2026-06-16T13:17:04+00:00
trackb_rev_OPEN_20260609,,,,,,4.825,4.08,,,,,,-5.3364,pending,,2026-06-16T13:16:10+00:00
trackb_rev_OPEN_20260616,,,,,,,,,,,,,,pending,,2026-06-16T13:16:10+00:00
trackb_rev_ORBS_20260603,0.89,,,,,1.06,0.84,,,,,,-11.3924,pending,,2026-06-16T13:17:08+00:00
trackb_rev_ORBS_20260604,0.89,,,,,1.06,0.84,,,,,,-11.3924,pending,,2026-06-16T13:17:08+00:00
trackb_rev_ORBS_20260605,0.878,,,,,1.06,0.84,,,,,,-11.3924,pending,,2026-06-16T13:17:08+00:00
trackb_rev_ORBS_20260608,1.05,,,,,1.06,0.864,,,,,,-8.8608,pending,,2026-06-16T13:17:08+00:00
trackb_rev_ORBS_20260610,,,,,,1.06,0.87,,,,,,-0.3436,pending,,2026-06-16T13:17:08+00:00
trackb_rev_ORBS_20260612,,,,,,1.06,0.87,,,,,,-2.2472,pending,,2026-06-16T13:17:08+00:00
trackb_rev_ORBS_20260615,,,,,,1.06,0.969,,,,,,-5.0093,pending,,2026-06-16T13:17:08+00:00
trackb_rev_ORBS_20260616,,,,,,,,,,,,,,pending,,2026-06-16T13:17:08+00:00
trackb_rev_ORCL_20260616,,,,,,,,,,,,,,pending,,2026-06-16T13:15:40+00:00
trackb_rev_ORGN_20260603,1.22,,,,,1.44,1.05,,,,,,-21.0526,pending,,2026-06-16T13:17:08+00:00
trackb_rev_ORGN_20260604,1.12,,,,,1.44,1.05,,,,,,-21.0526,pending,,2026-06-16T13:17:08+00:00
trackb_rev_ORGN_20260605,1.11,,,,,1.37,1.05,,,,,,-21.0526,pending,,2026-06-16T13:17:08+00:00
trackb_rev_ORGN_20260608,1.145,,,,,1.33,1.05,,,,,,-19.8473,pending,,2026-06-16T13:17:08+00:00
trackb_rev_ORGN_20260609,,,,,,1.32,1.05,,,,,,-17.9688,pending,,2026-06-16T13:17:08+00:00
trackb_rev_OSIS_20260616,,,,,,,,,,,,,,pending,,2026-06-16T13:18:49+00:00
trackb_rev_OSK_20260611,,,,,,139.119995,128.229996,,,,,,1.0083,pending,,2026-06-16T13:17:58+00:00
trackb_rev_OSK_20260612,,,,,,139.119995,133.360001,,,,,,-0.4479,pending,,2026-06-16T13:17:58+00:00
trackb_rev_OSK_20260616,,,,,,,,,,,,,,pending,,2026-06-16T13:17:58+00:00
trackb_rev_OXM_20260616,,,,,,,,,,,,,,pending,,2026-06-16T13:16:55+00:00
trackb_rev_PAL_20260610,,,,,,8.71,7.58,,,,,,5.8659,pending,,2026-06-16T13:17:46+00:00
trackb_rev_PATH_20260615,,,,,,11.08,10.615,,,,,,-1.8946,pending,,2026-06-16T13:16:47+00:00
trackb_rev_PATH_20260616,,,,,,,,,,,,,,pending,,2026-06-16T13:16:47+00:00
trackb_rev_PCAR_20260612,,,,,,121.839996,117.0,,,,,,-0.4933,pending,,2026-06-16T13:17:14+00:00
trackb_rev_PESI_20260611,,,,,,11.24,9.33,,,,,,-1.2698,pending,,2026-06-16T13:18:00+00:00
trackb_rev_PESI_20260615,,,,,,11.24,10.45,,,,,,-6.9896,pending,,2026-06-16T13:18:00+00:00
trackb_rev_PESI_20260616,,,,,,,,,,,,,,pending,,2026-06-16T13:18:00+00:00
trackb_rev_PHM_20260608,,,,,,126.934998,117.010002,,,,,,-1.174,pending,,2026-06-16T13:17:21+00:00
trackb_rev_PHM_20260610,,,,,,126.934998,118.059998,,,,,,0.2973,pending,,2026-06-16T13:17:21+00:00
trackb_rev_PHR_20260616,,,,,,,,,,,,,,pending,,2026-06-16T13:16:39+00:00
trackb_rev_PH_20260615,,,,,,932.98999,918.340027,,,,,,-1.0543,pending,,2026-06-16T13:18:30+00:00
trackb_rev_PH_20260616,,,,,,,,,,,,,,pending,,2026-06-16T13:18:30+00:00
trackb_rev_PLBY_20260616,,,,,,,,,,,,,,pending,,2026-06-16T13:18:53+00:00
trackb_rev_PLNT_20260608,49.98,,,,,52.305,49.59,,,,,,-2.1507,pending,,2026-06-16T13:17:23+00:00
trackb_rev_PLNT_20260610,,,,,,51.939999,49.709999,,,,,,-2.0106,pending,,2026-06-16T13:17:23+00:00
trackb_rev_PLTR_20260609,,,,,,136.990005,126.650002,,,,,,-7.1957,pending,,2026-06-16T13:17:33+00:00
trackb_rev_PLTR_20260616,,,,,,,,,,,,,,pending,,2026-06-16T13:17:33+00:00
trackb_rev_PL_20260609,,,,,,34.369999,29.32,,,,,,-10.4459,pending,,2026-06-16T13:16:35+00:00
trackb_rev_PL_20260610,,,,,,34.32,29.77,,,,,,-9.0715,pending,,2026-06-16T13:16:35+00:00
trackb_rev_PMNT_20260616,,,,,,,,,,,,,,pending,,2026-06-16T13:18:55+00:00
trackb_rev_POOL_20260611,,,,,,198.529999,186.309998,,,,,,-1.8853,pending,,2026-06-16T13:17:59+00:00
trackb_rev_POOL_20260612,,,,,,198.529999,190.220001,,,,,,-1.1022,pending,,2026-06-16T13:17:59+00:00
trackb_rev_POOL_20260616,,,,,,,,,,,,,,pending,,2026-06-16T13:17:59+00:00
trackb_rev_POWL_20260612,,,,,,311.799988,291.01001,,,,,,0.1756,pending,,2026-06-16T13:18:10+00:00
trackb_rev_PPC_20260612,,,,,,30.360001,28.75,,,,,,-3.0681,pending,,2026-06-16T13:18:15+00:00
trackb_rev_PPC_20260615,,,,,,29.945,28.75,,,,,,-3.6528,pending,,2026-06-16T13:18:15+00:00
trackb_rev_PPC_20260616,,,,,,,,,,,,,,pending,,2026-06-16T13:18:15+00:00
trackb_rev_PRDO_20260616,,,,,,,,,,,,,,pending,,2026-06-16T13:18:51+00:00
trackb_rev_PRIM_20260608,,,,,,125.959999,87.400002,,,,,,-28.2666,pending,,2026-06-16T13:17:20+00:00
trackb_rev_PRIM_20260609,,,,,,119.639999,87.400002,,,,,,-28.839,pending,,2026-06-16T13:17:20+00:00
trackb_rev_PRIM_20260610,,,,,,104.010002,87.400002,,,,,,-28.839,pending,,2026-06-16T13:17:20+00:00
trackb_rev_PRIM_20260612,,,,,,103.118896,93.199997,,,,,,-1.3757,pending,,2026-06-16T13:17:20+00:00
trackb_rev_PSKY_20260612,,,,,,10.97,10.17,,,,,,-3.0505,pending,,2026-06-16T13:18:12+00:00
trackb_rev_PSKY_20260615,,,,,,10.97,10.37,,,,,,-4.1147,pending,,2026-06-16T13:18:12+00:00
trackb_rev_PSKY_20260616,,,,,,,,,,,,,,pending,,2026-06-16T13:18:12+00:00
trackb_rev_PVH_20260608,,,,,,85.239998,75.370003,,,,,,-3.1234,pending,,2026-06-16T13:15:26+00:00
trackb_rev_PVH_20260609,,,,,,85.239998,76.209999,,,,,,-0.7682,pending,,2026-06-16T13:15:26+00:00
trackb_rev_PVH_20260611,,,,,,85.239998,78.169998,,,,,,-0.1915,pending,,2026-06-16T13:15:26+00:00
trackb_rev_PVH_20260612,,,,,,85.239998,81.339996,,,,,,-0.5745,pending,,2026-06-16T13:15:26+00:00
trackb_rev_QNST_20260609,,,,,,12.69,11.78,,,,,,-0.6745,pending,,2026-06-16T13:17:38+00:00
trackb_rev_QNST_20260610,,,,,,12.69,11.78,,,,,,-0.6745,pending,,2026-06-16T13:17:38+00:00
trackb_rev_QNST_20260616,,,,,,,,,,,,,,pending,,2026-06-16T13:17:38+00:00
trackb_rev_QS_20260612,,,,,,7.6,6.98,,,,,,-3.4578,pending,,2026-06-16T13:16:19+00:00
trackb_rev_QUBT_20260611,,,,,,11.515,9.33,,,,,,-2.0986,pending,,2026-06-16T13:17:57+00:00
trackb_rev_QUBT_20260612,,,,,,11.515,9.68,,,,,,-2.3209,pending,,2026-06-16T13:17:57+00:00
trackb_rev_RAIL_20260616,,,,,,,,,,,,,,pending,,2026-06-16T13:18:55+00:00
trackb_rev_RBC_20260612,,,,,,620.080017,600.859985,,,,,,-1.0865,pending,,2026-06-16T13:18:18+00:00
trackb_rev_RBLX_20260603,41.5,,,,,45.82,40.68,,,,,,-5.6477,pending,,2026-06-16T13:17:01+00:00
trackb_rev_RBLX_20260604,43.490002,,,,,45.82,40.68,,,,,,-5.6477,pending,,2026-06-16T13:17:01+00:00
trackb_rev_RBLX_20260605,43.310001,,,,,45.82,40.68,,,,,,-5.6477,pending,,2026-06-16T13:17:01+00:00
trackb_rev_RBLX_20260608,45.66,,,,,45.82,40.68,,,,,,-5.6477,pending,,2026-06-16T13:17:01+00:00
trackb_rev_RBLX_20260610,,,,,,45.82,40.68,,,,,,-3.8298,pending,,2026-06-16T13:17:01+00:00
trackb_rev_RCAT_20260612,,,,,,12.265,10.81,,,,,,-9.9917,pending,,2026-06-16T13:15:52+00:00
trackb_rev_RCAT_20260616,,,,,,,,,,,,,,pending,,2026-06-16T13:15:52+00:00
trackb_rev_RCL_20260612,,,,,,315.480011,283.450012,,,,,,-1.5662,pending,,2026-06-16T13:15:27+00:00
trackb_rev_RENX_20260616,,,,,,,,,,,,,,pending,,2026-06-16T13:18:54+00:00
trackb_rev_REZI_20260616,,,,,,,,,,,,,,pending,,2026-06-16T13:18:49+00:00
trackb_rev_RIME_20260603,0.68,,,,,0.77,0.63,,,,,,-12.2807,pending,,2026-06-16T13:17:09+00:00
trackb_rev_RIME_20260604,0.68,,,,,0.77,0.63,,,,,,-12.2807,pending,,2026-06-16T13:17:09+00:00
trackb_rev_RIME_20260605,0.66,,,,,0.77,0.63,,,,,,-12.2807,pending,,2026-06-16T13:17:09+00:00
trackb_rev_RIME_20260608,0.68,,,,,0.74,0.63,,,,,,-5.9701,pending,,2026-06-16T13:17:09+00:00
trackb_rev_RIME_20260610,,,,,,0.72,0.63,,,,,,-7.3529,pending,,2026-06-16T13:17:09+00:00
trackb_rev_RIME_20260612,,,,,,0.71,0.63,,,,,,-7.3529,pending,,2026-06-16T13:17:09+00:00
trackb_rev_RLI_20260603,53.939999,,,,,54.849998,49.919998,,,,,,-1.5967,pending,,2026-06-16T13:17:01+00:00
trackb_rev_RLI_20260604,54.130001,,,,,54.849998,50.25,,,,,,-0.9462,pending,,2026-06-16T13:17:01+00:00
trackb_rev_RLI_20260605,54.349998,,,,,54.849998,50.830002,,,,,,0.1971,pending,,2026-06-16T13:17:01+00:00
trackb_rev_RLI_20260608,,,,,,54.849998,51.560001,,,,,,1.6361,pending,,2026-06-16T13:17:01+00:00
trackb_rev_ROCK_20260610,,,,,,42.0,37.119999,,,,,,-3.3082,pending,,2026-06-16T13:17:45+00:00
trackb_rev_ROCK_20260612,,,,,,42.0,39.330002,,,,,,-0.203,pending,,2026-06-16T13:17:45+00:00
trackb_rev_ROLR_20260615,,,,,,6.714,5.85,,,,,,-9.4511,pending,,2026-06-16T13:17:54+00:00
trackb_rev_ROLR_20260616,,,,,,,,,,,,,,pending,,2026-06-16T13:17:54+00:00
trackb_rev_ROP_20260611,,,,,,338.105011,326.529999,,,,,,-2.2658,pending,,2026-06-16T13:18:00+00:00
trackb_rev_ROP_20260612,,,,,,338.105011,329.690002,,,,,,-0.9077,pending,,2026-06-16T13:18:00+00:00
trackb_rev_ROP_20260615,,,,,,338.105011,330.640015,,,,,,-1.9832,pending,,2026-06-16T13:18:00+00:00
trackb_rev_ROP_20260616,,,,,,,,,,,,,,pending,,2026-06-16T13:18:00+00:00
trackb_rev_RRX_20260612,,,,,,225.134995,209.960007,,,,,,-0.6059,pending,,2026-06-16T13:18:13+00:00
trackb_rev_RUN_20260609,,,,,,13.625,11.7,,,,,,-13.0758,pending,,2026-06-16T13:17:33+00:00
trackb_rev_RUN_20260610,,,,,,13.36,11.7,,,,,,-13.0758,pending,,2026-06-16T13:17:33+00:00
trackb_rev_RVLV_20260608,20.77,,,,,21.389999,18.795,,,,,,-0.4502,pending,,2026-06-16T13:17:23+00:00
trackb_rev_RVLV_20260609,,,,,,21.389999,19.6,,,,,,0.3071,pending,,2026-06-16T13:17:23+00:00
trackb_rev_RVLV_20260610,,,,,,21.389999,19.92,,,,,,1.9447,pending,,2026-06-16T13:17:23+00:00
trackb_rev_RVLV_20260616,,,,,,,,,,,,,,pending,,2026-06-16T13:17:23+00:00
trackb_rev_RYAN_20260603,34.669998,,,,,36.09,30.67,,,,,,-2.5421,pending,,2026-06-16T13:17:02+00:00
trackb_rev_RYAN_20260604,34.490002,,,,,36.09,31.17,,,,,,-0.9533,pending,,2026-06-16T13:17:02+00:00
trackb_rev_RYAN_20260605,35.639999,,,,,36.09,31.17,,,,,,-0.9533,pending,,2026-06-16T13:17:02+00:00
trackb_rev_SAFX_20260609,,,,,,0.429,0.34,,,,,,-10.5263,pending,,2026-06-16T13:17:37+00:00
trackb_rev_SAFX_20260611,,,,,,0.429,0.34,,,,,,-10.2902,pending,,2026-06-16T13:17:37+00:00
trackb_rev_SBC_20260612,,,,,,3.08,2.87,,,,,,-4.0134,pending,,2026-06-16T13:18:17+00:00
trackb_rev_SBEV_20260616,,,,,,,,,,,,,,pending,,2026-06-16T13:18:53+00:00
trackb_rev_SBGI_20260615,,,,,,14.13,13.4,,,,,,-4.4223,pending,,2026-06-16T13:18:29+00:00
trackb_rev_SBGI_20260616,,,,,,,,,,,,,,pending,,2026-06-16T13:18:29+00:00
trackb_rev_SBH_20260612,,,,,,14.2,13.49,,,,,,-0.5162,pending,,2026-06-16T13:18:15+00:00
trackb_rev_SCVL_20260608,16.85,,,,,17.74,16.200001,,,,,,-0.7961,pending,,2026-06-16T13:17:22+00:00
trackb_rev_SCVL_20260609,,,,,,17.74,16.33,,,,,,-2.3909,pending,,2026-06-16T13:17:22+00:00
trackb_rev_SCVL_20260611,,,,,,17.74,16.58,,,,,,-0.4204,pending,,2026-06-16T13:17:22+00:00
trackb_rev_SDOT_20260609,,,,,,39.860001,11.3,,,,,,-44.9586,pending,,2026-06-16T13:17:35+00:00
trackb_rev_SDOT_20260615,,,,,,26.93,20.0,,,,,,-12.9299,pending,,2026-06-16T13:17:35+00:00
trackb_rev_SDOT_20260616,,,,,,,,,,,,,,pending,,2026-06-16T13:17:35+00:00
trackb_rev_SFD_20260603,26.83,,,,,27.094999,25.540001,,,,,,-2.5563,pending,,2026-06-16T13:17:07+00:00
trackb_rev_SFD_20260604,26.58,,,,,27.094999,25.879999,,,,,,-1.2591,pending,,2026-06-16T13:17:07+00:00
trackb_rev_SFD_20260605,26.77,,,,,27.094999,25.889999,,,,,,-1.2209,pending,,2026-06-16T13:17:07+00:00
trackb_rev_SFD_20260608,,,,,,27.08,25.889999,,,,,,-1.2209,pending,,2026-06-16T13:17:07+00:00
trackb_rev_SFD_20260616,,,,,,,,,,,,,,pending,,2026-06-16T13:17:07+00:00
trackb_rev_SFIX_20260609,,,,,,4.305,3.52,,,,,,-3.8251,pending,,2026-06-16T13:17:35+00:00
trackb_rev_SFM_20260603,86.82,,,,,88.900002,76.879997,,,,,,-1.4612,pending,,2026-06-16T13:17:04+00:00
trackb_rev_SFM_20260604,88.120003,,,,,88.900002,79.610001,,,,,,2.0379,pending,,2026-06-16T13:17:04+00:00
trackb_rev_SFM_20260605,86.330002,,,,,88.900002,80.620003,,,,,,3.3325,pending,,2026-06-16T13:17:04+00:00
trackb_rev_SFM_20260608,85.389999,,,,,88.900002,82.410004,,,,,,5.6268,pending,,2026-06-16T13:17:04+00:00
trackb_rev_SGI_20260608,,,,,,78.389999,66.779999,,,,,,-1.8086,pending,,2026-06-16T13:17:21+00:00
trackb_rev_SGI_20260616,,,,,,,,,,,,,,pending,,2026-06-16T13:17:21+00:00
trackb_rev_SKIL_20260611,,,,,,6.68,5.002,,,,,,-5.4442,pending,,2026-06-16T13:18:01+00:00
trackb_rev_SKIN_20260608,0.655,,,,,0.698,0.598,,,,,,-1.6447,pending,,2026-06-16T13:17:23+00:00
trackb_rev_SKIN_20260610,,,,,,0.698,0.613,,,,,,-3.3123,pending,,2026-06-16T13:17:23+00:00
trackb_rev_SKYH_20260612,,,,,,9.51,9.14,,,,,,0.2193,pending,,2026-06-16T13:18:16+00:00
trackb_rev_SKYH_20260615,,,,,,9.51,9.23,,,,,,-0.7527,pending,,2026-06-16T13:18:16+00:00
trackb_rev_SKYH_20260616,,,,,,,,,,,,,,pending,,2026-06-16T13:18:16+00:00
trackb_rev_SLDP_20260609,,,,,,3.0,2.7,,,,,,-8.6294,pending,,2026-06-16T13:15:32+00:00
trackb_rev_SLDP_20260615,,,,,,3.0,2.84,,,,,,-4.8576,pending,,2026-06-16T13:15:32+00:00
trackb_rev_SLDP_20260616,,,,,,,,,,,,,,pending,,2026-06-16T13:15:32+00:00
trackb_rev_SLM_20260612,,,,,,22.885,21.719999,,,,,,-1.897,pending,,2026-06-16T13:17:53+00:00
trackb_rev_SMCI_20260616,,,,,,,,,,,,,,pending,,2026-06-16T13:15:26+00:00
trackb_rev_SMR_20260609,,,,,,11.25,9.12,,,,,,-15.2416,pending,,2026-06-16T13:15:38+00:00
trackb_rev_SOFI_20260612,,,,,,17.43,16.23,,,,,,-2.6395,pending,,2026-06-16T13:16:53+00:00
trackb_rev_SOFI_20260615,,,,,,17.43,17.01,,,,,,-1.534,pending,,2026-06-16T13:16:53+00:00
trackb_rev_SOFI_20260616,,,,,,,,,,,,,,pending,,2026-06-16T13:16:53+00:00
trackb_rev_SONO_20260612,,,,,,15.59,14.75,,,,,,-4.4689,pending,,2026-06-16T13:15:38+00:00
trackb_rev_SON_20260616,,,,,,,,,,,,,,pending,,2026-06-16T13:18:51+00:00
trackb_rev_SPGI_20260616,,,,,,,,,,,,,,pending,,2026-06-16T13:18:47+00:00
trackb_rev_SPIR_20260610,,,,,,20.15,16.01,,,,,,-5.9342,pending,,2026-06-16T13:17:44+00:00
trackb_rev_STEM_20260610,,,,,,8.19,7.2,,,,,,-7.455,pending,,2026-06-16T13:17:45+00:00
trackb_rev_STGW_20260610,,,,,,6.85,6.4,,,,,,-0.6211,pending,,2026-06-16T13:16:13+00:00
trackb_rev_STGW_20260611,,,,,,6.85,6.4,,,,,,-1.9908,pending,,2026-06-16T13:16:13+00:00
trackb_rev_STGW_20260612,,,,,,6.85,6.55,,,,,,-0.1524,pending,,2026-06-16T13:16:13+00:00
trackb_rev_STRA_20260615,,,,,,77.375,73.014999,,,,,,-4.3555,pending,,2026-06-16T13:18:28+00:00
trackb_rev_STRA_20260616,,,,,,,,,,,,,,pending,,2026-06-16T13:18:28+00:00
trackb_rev_SYK_20260603,308.839996,,,,,315.470001,291.73999,,,,,,-0.4861,pending,,2026-06-16T13:16:59+00:00
trackb_rev_SYK_20260604,305.640015,,,,,315.470001,298.019989,,,,,,1.6561,pending,,2026-06-16T13:16:59+00:00
trackb_rev_SYK_20260605,312.200012,,,,,315.470001,301.450012,,,,,,2.8261,pending,,2026-06-16T13:16:59+00:00
trackb_rev_SYK_20260608,,,,,,315.470001,301.450012,,,,,,2.8261,pending,,2026-06-16T13:16:59+00:00
trackb_rev_SYY_20260603,78.540001,,,,,80.199997,73.650002,,,,,,-1.9438,pending,,2026-06-16T13:17:03+00:00
trackb_rev_SYY_20260604,79.639999,,,,,80.199997,74.239998,,,,,,-1.1583,pending,,2026-06-16T13:17:03+00:00
trackb_rev_SYY_20260605,79.190002,,,,,80.199997,74.5,,,,,,-0.8121,pending,,2026-06-16T13:17:03+00:00
trackb_rev_SYY_20260608,,,,,,80.199997,76.0,,,,,,1.1849,pending,,2026-06-16T13:17:03+00:00
trackb_rev_TECH_20260603,52.5,,,,,56.5,49.040001,,,,,,-1.7923,pending,,2026-06-16T13:17:12+00:00
trackb_rev_TECH_20260604,54.02,,,,,56.5,51.27,,,,,,2.6735,pending,,2026-06-16T13:17:12+00:00
trackb_rev_TECH_20260605,54.0,,,,,56.5,51.27,,,,,,2.6735,pending,,2026-06-16T13:17:12+00:00
trackb_rev_TECH_20260608,,,,,,56.5,51.93,,,,,,3.9952,pending,,2026-06-16T13:17:12+00:00
trackb_rev_TECH_20260609,,,,,,56.5,51.970001,,,,,,-1.2915,pending,,2026-06-16T13:17:12+00:00
trackb_rev_TEM_20260616,,,,,,,,,,,,,,pending,,2026-06-16T13:18:45+00:00
trackb_rev_TGT_20260603,127.980003,,,,,137.869995,120.769997,,,,,,-3.3763,pending,,2026-06-16T13:17:11+00:00
trackb_rev_TGT_20260604,132.639999,,,,,137.869995,120.769997,,,,,,-3.3763,pending,,2026-06-16T13:17:11+00:00
trackb_rev_TGT_20260605,135.229996,,,,,137.869995,120.769997,,,,,,-3.3763,pending,,2026-06-16T13:17:11+00:00
trackb_rev_TGT_20260609,,,,,,137.869995,123.980003,,,,,,0.0081,pending,,2026-06-16T13:17:11+00:00
trackb_rev_TGT_20260610,,,,,,137.869995,125.370003,,,,,,1.1293,pending,,2026-06-16T13:17:11+00:00
trackb_rev_TG_20260616,,,,,,,,,,,,,,pending,,2026-06-16T13:18:52+00:00
trackb_rev_THO_20260603,74.839996,,,,,80.870003,69.709999,,,,,,-9.9063,pending,,2026-06-16T13:17:08+00:00
trackb_rev_THO_20260604,76.730003,,,,,80.870003,74.260002,,,,,,-4.0258,pending,,2026-06-16T13:17:08+00:00
trackb_rev_THO_20260605,77.169998,,,,,80.870003,74.260002,,,,,,-4.0258,pending,,2026-06-16T13:17:08+00:00
trackb_rev_THO_20260608,,,,,,80.870003,74.660004,,,,,,-3.5089,pending,,2026-06-16T13:17:08+00:00
trackb_rev_THO_20260616,,,,,,,,,,,,,,pending,,2026-06-16T13:17:08+00:00
trackb_rev_TITN_20260612,,,,,,20.834999,18.84,,,,,,-1.1024,pending,,2026-06-16T13:15:17+00:00
trackb_rev_TITN_20260616,,,,,,,,,,,,,,pending,,2026-06-16T13:15:17+00:00
trackb_rev_TJX_20260603,167.660004,,,,,170.0,153.0,,,,,,-2.5788,pending,,2026-06-16T13:17:02+00:00
trackb_rev_TJX_20260604,168.339996,,,,,170.0,157.929993,,,,,,0.5603,pending,,2026-06-16T13:17:02+00:00
trackb_rev_TJX_20260605,168.410004,,,,,170.0,158.649994,,,,,,1.0188,pending,,2026-06-16T13:17:02+00:00
trackb_rev_TJX_20260608,,,,,,170.0,159.119995,,,,,,1.318,pending,,2026-06-16T13:17:02+00:00
trackb_rev_TLN_20260612,,,,,,390.820007,348.834991,,,,,,1.1702,pending,,2026-06-16T13:16:56+00:00
trackb_rev_TMDX_20260609,,,,,,76.940002,70.650002,,,,,,-0.6888,pending,,2026-06-16T13:17:34+00:00
trackb_rev_TMDX_20260610,,,,,,76.940002,71.324997,,,,,,0.26,pending,,2026-06-16T13:17:34+00:00
trackb_rev_TMDX_20260615,,,,,,76.68,73.730003,,,,,,-1.4502,pending,,2026-06-16T13:17:34+00:00
trackb_rev_TMDX_20260616,,,,,,,,,,,,,,pending,,2026-06-16T13:17:34+00:00
trackb_rev_TMO_20260609,,,,,,494.359985,466.799988,,,,,,-0.6026,pending,,2026-06-16T13:16:51+00:00
trackb_rev_TMO_20260616,,,,,,,,,,,,,,pending,,2026-06-16T13:16:51+00:00
trackb_rev_TOMZ_20260616,,,,,,,,,,,,,,pending,,2026-06-16T13:15:34+00:00
trackb_rev_TRUG_20260616,,,,,,,,,,,,,,pending,,2026-06-16T13:18:54+00:00
trackb_rev_TRU_20260616,,,,,,,,,,,,,,pending,,2026-06-16T13:15:23+00:00
trackb_rev_TTC_20260616,,,,,,,,,,,,,,pending,,2026-06-16T13:18:51+00:00
trackb_rev_TTEK_20260611,,,,,,28.690001,26.940001,,,,,,-0.7735,pending,,2026-06-16T13:18:01+00:00
trackb_rev_TTEK_20260616,,,,,,,,,,,,,,pending,,2026-06-16T13:18:01+00:00
trackb_rev_TWI_20260615,,,,,,8.01,7.545,,,,,,-5.5103,pending,,2026-06-16T13:18:29+00:00
trackb_rev_TWI_20260616,,,,,,,,,,,,,,pending,,2026-06-16T13:18:29+00:00
trackb_rev_UAA_20260609,,,,,,6.2,5.63,,,,,,-0.7055,pending,,2026-06-16T13:17:36+00:00
trackb_rev_UAA_20260610,,,,,,6.2,5.66,,,,,,-0.1764,pending,,2026-06-16T13:17:36+00:00
trackb_rev_UAVS_20260612,,,,,,0.958,0.902,,,,,,-4.0426,pending,,2026-06-16T13:18:16+00:00
trackb_rev_UA_20260612,,,,,,6.025,5.74,,,,,,-1.5437,pending,,2026-06-16T13:18:14+00:00
trackb_rev_UGI_20260603,34.790001,,,,,35.48,34.02,,,,,,-2.7166,pending,,2026-06-16T13:17:03+00:00
trackb_rev_UGI_20260604,34.77,,,,,35.48,34.02,,,,,,-2.7166,pending,,2026-06-16T13:17:03+00:00
trackb_rev_UGI_20260605,35.029999,,,,,35.48,34.279999,,,,,,-1.9731,pending,,2026-06-16T13:17:03+00:00
trackb_rev_UGI_20260608,,,,,,35.48,34.279999,,,,,,-1.9731,pending,,2026-06-16T13:17:03+00:00
trackb_rev_UONE_20260612,,,,,,6.2,5.6,,,,,,-1.5817,pending,,2026-06-16T13:18:15+00:00
trackb_rev_UONE_20260616,,,,,,,,,,,,,,pending,,2026-06-16T13:18:15+00:00
trackb_rev_UPST_20260615,,,,,,34.02,32.040001,,,,,,-2.1261,pending,,2026-06-16T13:16:52+00:00
trackb_rev_UPST_20260616,,,,,,,,,,,,,,pending,,2026-06-16T13:16:52+00:00
trackb_rev_UPWK_20260609,,,,,,8.96,8.29,,,,,,-6.5389,pending,,2026-06-16T13:17:38+00:00
trackb_rev_UPWK_20260616,,,,,,,,,,,,,,pending,,2026-06-16T13:17:38+00:00
trackb_rev_URG_20260616,,,,,,,,,,,,,,pending,,2026-06-16T13:15:35+00:00
trackb_rev_USLM_20260610,,,,,,112.144997,103.0,,,,,,-2.5267,pending,,2026-06-16T13:17:46+00:00
trackb_rev_USLM_20260612,,,,,,112.144997,104.419998,,,,,,-1.4441,pending,,2026-06-16T13:17:46+00:00
trackb_rev_VEEV_20260612,,,,,,166.899994,156.220001,,,,,,-3.2993,pending,,2026-06-16T13:16:38+00:00
trackb_rev_VEEV_20260615,,,,,,166.899994,161.669998,,,,,,-2.9446,pending,,2026-06-16T13:16:38+00:00
trackb_rev_VEEV_20260616,,,,,,,,,,,,,,pending,,2026-06-16T13:16:38+00:00
trackb_rev_VG_20260603,13.29,,,,,13.82,11.66,,,,,,-9.6474,pending,,2026-06-16T13:17:07+00:00
trackb_rev_VG_20260604,12.75,,,,,13.82,11.66,,,,,,-9.6474,pending,,2026-06-16T13:17:07+00:00
trackb_rev_VG_20260605,13.08,,,,,13.82,11.66,,,,,,-9.6474,pending,,2026-06-16T13:17:07+00:00
trackb_rev_VITL_20260603,10.54,,,,,11.06,9.61,,,,,,-1.5369,pending,,2026-06-16T13:17:11+00:00
trackb_rev_VITL_20260604,11.0,,,,,11.06,9.61,,,,,,-1.5369,pending,,2026-06-16T13:17:11+00:00
trackb_rev_VITL_20260605,10.6,,,,,11.06,9.69,,,,,,-0.7172,pending,,2026-06-16T13:17:11+00:00
trackb_rev_VITL_20260608,10.61,,,,,11.06,9.85,,,,,,-1.8924,pending,,2026-06-16T13:17:11+00:00
trackb_rev_VITL_20260610,,,,,,11.06,10.3,,,,,,2.3857,pending,,2026-06-16T13:17:11+00:00
trackb_rev_VITL_20260611,,,,,,11.06,10.3,,,,,,-2.277,pending,,2026-06-16T13:17:11+00:00
trackb_rev_VITL_20260616,,,,,,,,,,,,,,pending,,2026-06-16T13:17:11+00:00
trackb_rev_VMC_20260609,,,,,,299.369995,271.630005,,,,,,0.6112,pending,,2026-06-16T13:17:39+00:00
trackb_rev_VMC_20260611,,,,,,299.369995,271.859985,,,,,,-0.2971,pending,,2026-06-16T13:17:39+00:00
trackb_rev_VST_20260610,,,,,,155.449997,137.910004,,,,,,-6.1198,pending,,2026-06-16T13:17:43+00:00
trackb_rev_VST_20260611,,,,,,155.449997,139.570007,,,,,,0.7435,pending,,2026-06-16T13:17:43+00:00
trackb_rev_VST_20260612,,,,,,155.449997,147.0,,,,,,0.4236,pending,,2026-06-16T13:17:43+00:00
trackb_rev_WATT_20260611,,,,,,26.059999,22.870001,,,,,,-0.2181,pending,,2026-06-16T13:15:35+00:00
trackb_rev_WAY_20260608,,,,,,20.120001,18.059999,,,,,,-9.7,pending,,2026-06-16T13:17:24+00:00
trackb_rev_WAY_20260612,,,,,,19.299999,18.290001,,,,,,-0.8672,pending,,2026-06-16T13:17:24+00:00
trackb_rev_WAY_20260615,,,,,,19.299999,18.48,,,,,,-2.9412,pending,,2026-06-16T13:17:24+00:00
trackb_rev_WAY_20260616,,,,,,,,,,,,,,pending,,2026-06-16T13:17:24+00:00
trackb_rev_WGS_20260603,54.32,,,,,63.310001,51.0,,,,,,-2.5416,pending,,2026-06-16T13:16:59+00:00
trackb_rev_WGS_20260604,60.990002,,,,,63.310001,51.509998,,,,,,-1.567,pending,,2026-06-16T13:16:59+00:00
trackb_rev_WGS_20260605,59.919998,,,,,63.310001,51.509998,,,,,,-1.567,pending,,2026-06-16T13:16:59+00:00
trackb_rev_WGS_20260609,,,,,,63.310001,52.279999,,,,,,0.9266,pending,,2026-06-16T13:16:59+00:00
trackb_rev_WGS_20260610,,,,,,63.310001,52.509998,,,,,,1.3707,pending,,2026-06-16T13:16:59+00:00
trackb_rev_WING_20260603,145.589996,,,,,172.740005,135.770004,,,,,,-5.1952,pending,,2026-06-16T13:16:59+00:00
trackb_rev_WING_20260604,153.880005,,,,,172.740005,138.0,,,,,,-3.638,pending,,2026-06-16T13:16:59+00:00
trackb_rev_WING_20260605,162.289993,,,,,172.740005,138.0,,,,,,-3.638,pending,,2026-06-16T13:16:59+00:00
trackb_rev_WING_20260608,166.220001,,,,,172.740005,138.0,,,,,,-2.9741,pending,,2026-06-16T13:16:59+00:00
trackb_rev_WING_20260612,,,,,,172.740005,153.475006,,,,,,-0.2632,pending,,2026-06-16T13:16:59+00:00
trackb_rev_WKHS_20260612,,,,,,3.2,2.83,,,,,,-9.8726,pending,,2026-06-16T13:18:15+00:00
trackb_rev_WM_20260616,,,,,,,,,,,,,,pending,,2026-06-16T13:18:47+00:00
trackb_rev_WNC_20260603,8.26,,,,,10.32,7.21,,,,,,-7.5048,pending,,2026-06-16T13:17:06+00:00
trackb_rev_WNC_20260604,8.94,,,,,10.32,7.21,,,,,,-7.5048,pending,,2026-06-16T13:17:06+00:00
trackb_rev_WNC_20260605,9.71,,,,,10.32,7.21,,,,,,-7.5048,pending,,2026-06-16T13:17:06+00:00
trackb_rev_WNC_20260608,,,,,,10.32,7.45,,,,,,1.4986,pending,,2026-06-16T13:17:06+00:00
trackb_rev_WNC_20260610,,,,,,10.32,7.87,,,,,,1.4175,pending,,2026-06-16T13:17:06+00:00
trackb_rev_WTRG_20260616,,,,,,,,,,,,,,pending,,2026-06-16T13:18:55+00:00
trackb_rev_WWW_20260610,,,,,,18.73,16.690001,,,,,,-0.6548,pending,,2026-06-16T13:17:45+00:00
trackb_rev_WY_20260612,,,,,,25.42,24.565001,,,,,,0.9659,pending,,2026-06-16T13:16:19+00:00
trackb_rev_W_20260609,,,,,,84.910004,67.610001,,,,,,0.685,pending,,2026-06-16T13:16:31+00:00
trackb_rev_W_20260610,,,,,,84.910004,68.25,,,,,,1.6381,pending,,2026-06-16T13:16:31+00:00
trackb_rev_XPOF_20260612,,,,,,6.97,6.28,,,,,,-1.2579,pending,,2026-06-16T13:18:14+00:00
trackb_rev_XRAY_20260616,,,,,,,,,,,,,,pending,,2026-06-16T13:18:47+00:00
trackb_rev_XYL_20260612,,,,,,112.379997,108.800003,,,,,,-0.2292,pending,,2026-06-16T13:18:17+00:00
trackb_rev_XYL_20260616,,,,,,,,,,,,,,pending,,2026-06-16T13:18:17+00:00
trackb_rev_XYZ_20260611,,,,,,74.790001,65.459999,,,,,,-1.756,pending,,2026-06-16T13:17:58+00:00
trackb_rev_YELP_20260612,,,,,,23.99,22.209999,,,,,,-3.5187,pending,,2026-06-16T13:18:14+00:00
trackb_rev_YELP_20260615,,,,,,23.99,22.209999,,,,,,-5.2879,pending,,2026-06-16T13:18:14+00:00
trackb_rev_YELP_20260616,,,,,,,,,,,,,,pending,,2026-06-16T13:18:14+00:00
trackb_rev_YORW_20260616,,,,,,,,,,,,,,pending,,2026-06-16T13:17:41+00:00
trackb_rev_ZM_20260616,,,,,,,,,,,,,,pending,,2026-06-16T13:16:07+00:00
trackb_rev_ZTS_20260616,,,,,,,,,,,,,,pending,,2026-06-16T13:18:46+00:00
