signal_id,spot_at_5d,spot_at_10d,spot_at_20d,spot_at_40d,spot_at_primary_date,max_high_to_primary,max_low_to_primary,hit_primary,hit_range_low,hit_range_high,direction_correct,days_to_primary_hit,max_drawdown_pct,final_status,resolved_date,last_updated
trackb_cont_AAON_20260603,,,,,,150.460007,131.460007,,,,,,-10.5653,pending,,2026-06-08T13:10:03+00:00
trackb_cont_AAON_20260604,,,,,,145.770004,131.460007,,,,,,-10.5653,pending,,2026-06-08T13:10:03+00:00
trackb_cont_AAON_20260605,,,,,,141.729996,131.460007,,,,,,-10.5653,pending,,2026-06-08T13:10:03+00:00
trackb_cont_AAON_20260608,,,,,,,,,,,,,,pending,,2026-06-08T13:10:03+00:00
trackb_cont_AAPL_20260603,,,,,,316.940002,307.149994,,,,,,-1.3965,pending,,2026-06-08T13:09:18+00:00
trackb_cont_AAPL_20260604,,,,,,315.170013,307.149994,,,,,,-1.3965,pending,,2026-06-08T13:09:18+00:00
trackb_cont_AAPL_20260605,,,,,,315.170013,307.149994,,,,,,-1.3965,pending,,2026-06-08T13:09:18+00:00
trackb_cont_AAPL_20260608,,,,,,,,,,,,,,pending,,2026-06-08T13:09:18+00:00
trackb_cont_AAT_20260603,,,,,,24.110001,23.190001,,,,,,-0.3438,pending,,2026-06-08T13:10:06+00:00
trackb_cont_AAT_20260604,,,,,,24.110001,23.32,,,,,,0.2149,pending,,2026-06-08T13:10:06+00:00
trackb_cont_AAT_20260605,,,,,,24.110001,23.59,,,,,,1.3752,pending,,2026-06-08T13:10:06+00:00
trackb_cont_AAT_20260608,,,,,,,,,,,,,,pending,,2026-06-08T13:10:06+00:00
trackb_cont_ABAT_20260603,,,,,,3.85,3.05,,,,,,-17.3464,pending,,2026-06-08T13:09:43+00:00
trackb_cont_ABAT_20260604,,,,,,3.79,3.05,,,,,,-17.3464,pending,,2026-06-08T13:09:43+00:00
trackb_cont_ABAT_20260605,,,,,,3.621,3.05,,,,,,-17.3464,pending,,2026-06-08T13:09:43+00:00
trackb_cont_ABAT_20260608,,,,,,,,,,,,,,pending,,2026-06-08T13:09:43+00:00
trackb_cont_ABBV_20260603,,,,,,230.470001,213.729996,,,,,,-2.2457,pending,,2026-06-08T13:10:57+00:00
trackb_cont_ABBV_20260604,,,,,,230.470001,219.839996,,,,,,0.5488,pending,,2026-06-08T13:10:57+00:00
trackb_cont_ABBV_20260605,,,,,,230.470001,226.0,,,,,,3.3663,pending,,2026-06-08T13:10:57+00:00
trackb_cont_ABBV_20260608,,,,,,,,,,,,,,pending,,2026-06-08T13:10:57+00:00
trackb_cont_ACMR_20260603,,,,,,93.5,75.610001,,,,,,-15.2022,pending,,2026-06-08T13:09:47+00:00
trackb_cont_ACMR_20260604,,,,,,91.559998,75.610001,,,,,,-15.2022,pending,,2026-06-08T13:09:47+00:00
trackb_cont_ACMR_20260605,,,,,,86.309998,75.610001,,,,,,-15.2022,pending,,2026-06-08T13:09:47+00:00
trackb_cont_ACMR_20260608,,,,,,,,,,,,,,pending,,2026-06-08T13:09:47+00:00
trackb_cont_ACVA_20260603,,,,,,6.2,5.54,,,,,,-6.6554,pending,,2026-06-08T13:11:10+00:00
trackb_cont_ACVA_20260604,,,,,,6.06,5.54,,,,,,-6.6554,pending,,2026-06-08T13:11:10+00:00
trackb_cont_ACVA_20260605,,,,,,5.94,5.54,,,,,,-6.6554,pending,,2026-06-08T13:11:10+00:00
trackb_cont_ACVA_20260608,,,,,,,,,,,,,,pending,,2026-06-08T13:11:10+00:00
trackb_cont_ADI_20260603,,,,,,439.700012,401.26001,,,,,,-6.9477,pending,,2026-06-08T13:10:50+00:00
trackb_cont_ADI_20260604,,,,,,432.269989,401.26001,,,,,,-6.9477,pending,,2026-06-08T13:10:50+00:00
trackb_cont_ADI_20260605,,,,,,419.640015,401.26001,,,,,,-6.9477,pending,,2026-06-08T13:10:50+00:00
trackb_cont_ADI_20260608,,,,,,,,,,,,,,pending,,2026-06-08T13:10:50+00:00
trackb_cont_ADM_20260603,,,,,,85.370003,80.870003,,,,,,-4.6738,pending,,2026-06-08T13:10:22+00:00
trackb_cont_ADM_20260604,,,,,,84.739998,80.870003,,,,,,-4.6738,pending,,2026-06-08T13:10:22+00:00
trackb_cont_ADM_20260605,,,,,,83.190002,80.870003,,,,,,-4.6738,pending,,2026-06-08T13:10:22+00:00
trackb_cont_ADM_20260608,,,,,,,,,,,,,,pending,,2026-06-08T13:10:22+00:00
trackb_cont_ADP_20260603,,,,,,237.110001,225.0,,,,,,-0.3234,pending,,2026-06-08T13:10:13+00:00
trackb_cont_ADP_20260604,,,,,,237.110001,230.070007,,,,,,1.9227,pending,,2026-06-08T13:10:13+00:00
trackb_cont_ADP_20260605,,,,,,234.850006,231.179993,,,,,,2.4144,pending,,2026-06-08T13:10:13+00:00
trackb_cont_ADP_20260608,,,,,,,,,,,,,,pending,,2026-06-08T13:10:13+00:00
trackb_cont_ADTN_20260603,,,,,,18.299999,15.23,,,,,,-12.0162,pending,,2026-06-08T13:11:16+00:00
trackb_cont_ADTN_20260604,,,,,,17.32,15.23,,,,,,-12.0162,pending,,2026-06-08T13:11:16+00:00
trackb_cont_ADTN_20260605,,,,,,16.860001,15.23,,,,,,-12.0162,pending,,2026-06-08T13:11:16+00:00
trackb_cont_ADTN_20260608,,,,,,,,,,,,,,pending,,2026-06-08T13:11:16+00:00
trackb_cont_AEHR_20260603,,,,,,121.800003,96.900002,,,,,,-15.6878,pending,,2026-06-08T13:09:32+00:00
trackb_cont_AEHR_20260604,,,,,,119.470001,96.900002,,,,,,-15.6878,pending,,2026-06-08T13:09:32+00:00
trackb_cont_AEHR_20260605,,,,,,111.790001,96.900002,,,,,,-15.6878,pending,,2026-06-08T13:09:32+00:00
trackb_cont_AEHR_20260608,,,,,,,,,,,,,,pending,,2026-06-08T13:09:32+00:00
trackb_cont_AFRM_20260603,,,,,,70.650002,62.439999,,,,,,-4.8823,pending,,2026-06-08T13:11:12+00:00
trackb_cont_AFRM_20260604,,,,,,69.144997,62.439999,,,,,,-4.8823,pending,,2026-06-08T13:11:12+00:00
trackb_cont_AFRM_20260605,,,,,,68.120003,62.439999,,,,,,-4.8823,pending,,2026-06-08T13:11:12+00:00
trackb_cont_AGL_20260603,,,,,,99.135002,80.0,,,,,,-5.482,pending,,2026-06-08T13:10:11+00:00
trackb_cont_AGL_20260604,,,,,,99.135002,83.294998,,,,,,-1.5891,pending,,2026-06-08T13:10:11+00:00
trackb_cont_AGL_20260605,,,,,,99.135002,91.168999,,,,,,7.7138,pending,,2026-06-08T13:10:11+00:00
trackb_cont_AGL_20260608,,,,,,,,,,,,,,pending,,2026-06-08T13:10:11+00:00
trackb_cont_AHRT_20260603,,,,,,6.83,6.59,,,,,,-0.153,pending,,2026-06-08T13:10:51+00:00
trackb_cont_AHRT_20260604,,,,,,6.83,6.7,,,,,,1.5136,pending,,2026-06-08T13:10:51+00:00
trackb_cont_AHRT_20260605,,,,,,6.83,6.7,,,,,,1.5136,pending,,2026-06-08T13:10:51+00:00
trackb_cont_AHRT_20260608,,,,,,,,,,,,,,pending,,2026-06-08T13:10:51+00:00
trackb_cont_AIV_20260603,,,,,,4.3,2.98,,,,,,-30.2924,pending,,2026-06-08T13:10:55+00:00
trackb_cont_AIV_20260604,,,,,,3.1,2.98,,,,,,-30.2924,pending,,2026-06-08T13:10:55+00:00
trackb_cont_AIV_20260605,,,,,,3.1,3.02,,,,,,-29.3567,pending,,2026-06-08T13:10:55+00:00
trackb_cont_AJG_20260608,,,,,,,,,,,,,,pending,,2026-06-08T13:11:23+00:00
trackb_cont_AKAM_20260603,,,,,,164.800003,147.789993,,,,,,-8.9066,pending,,2026-06-08T13:10:02+00:00
trackb_cont_AKAM_20260604,,,,,,160.880005,147.789993,,,,,,-8.9066,pending,,2026-06-08T13:10:02+00:00
trackb_cont_AKAM_20260605,,,,,,158.050003,147.789993,,,,,,-8.9066,pending,,2026-06-08T13:10:02+00:00
trackb_cont_AKAM_20260608,,,,,,,,,,,,,,pending,,2026-06-08T13:10:02+00:00
trackb_cont_ALAB_20260603,,,,,,372.369995,314.839996,,,,,,-11.2502,pending,,2026-06-08T13:09:18+00:00
trackb_cont_ALAB_20260604,,,,,,365.230011,314.839996,,,,,,-11.2502,pending,,2026-06-08T13:09:18+00:00
trackb_cont_ALAB_20260605,,,,,,349.0,314.839996,,,,,,-11.2502,pending,,2026-06-08T13:09:18+00:00
trackb_cont_ALAB_20260608,,,,,,,,,,,,,,pending,,2026-06-08T13:09:18+00:00
trackb_cont_ALGT_20260603,,,,,,86.239998,82.620003,,,,,,-2.5248,pending,,2026-06-08T13:11:03+00:00
trackb_cont_ALGT_20260604,,,,,,86.099998,82.68,,,,,,-2.454,pending,,2026-06-08T13:11:03+00:00
trackb_cont_ALGT_20260605,,,,,,85.309998,82.68,,,,,,-2.454,pending,,2026-06-08T13:11:03+00:00
trackb_cont_ALGT_20260608,,,,,,,,,,,,,,pending,,2026-06-08T13:11:03+00:00
trackb_cont_ALM_20260603,,,,,,21.24,16.290001,,,,,,-20.5172,pending,,2026-06-08T13:11:11+00:00
trackb_cont_ALM_20260604,,,,,,21.24,16.290001,,,,,,-20.5172,pending,,2026-06-08T13:11:11+00:00
trackb_cont_ALM_20260605,,,,,,18.0,16.290001,,,,,,-20.5172,pending,,2026-06-08T13:11:11+00:00
trackb_cont_ALNT_20260603,,,,,,91.110001,82.989998,,,,,,-2.7879,pending,,2026-06-08T13:09:46+00:00
trackb_cont_ALNT_20260604,,,,,,91.110001,82.989998,,,,,,-2.7879,pending,,2026-06-08T13:09:46+00:00
trackb_cont_ALNT_20260605,,,,,,89.629997,83.18,,,,,,-2.5653,pending,,2026-06-08T13:09:46+00:00
trackb_cont_ALNT_20260608,,,,,,,,,,,,,,pending,,2026-06-08T13:09:46+00:00
trackb_cont_ALOY_20260603,,,,,,14.13,10.38,,,,,,-0.6898,pending,,2026-06-08T13:10:21+00:00
trackb_cont_ALOY_20260604,,,,,,14.13,12.02,,,,,,15.0008,pending,,2026-06-08T13:10:21+00:00
trackb_cont_ALOY_20260605,,,,,,13.72,12.02,,,,,,15.0008,pending,,2026-06-08T13:10:21+00:00
trackb_cont_ALOY_20260608,,,,,,,,,,,,,,pending,,2026-06-08T13:10:21+00:00
trackb_cont_AMAT_20260603,,,,,,510.75,452.910004,,,,,,-9.0542,pending,,2026-06-08T13:09:19+00:00
trackb_cont_AMAT_20260604,,,,,,510.75,452.910004,,,,,,-9.0542,pending,,2026-06-08T13:09:19+00:00
trackb_cont_AMAT_20260605,,,,,,484.899994,452.910004,,,,,,-9.0542,pending,,2026-06-08T13:09:19+00:00
trackb_cont_AMAT_20260608,,,,,,,,,,,,,,pending,,2026-06-08T13:09:19+00:00
trackb_cont_AMC_20260603,,,,,,2.02,1.72,,,,,,-8.2667,pending,,2026-06-08T13:10:28+00:00
trackb_cont_AMC_20260604,,,,,,2.02,1.72,,,,,,-8.2667,pending,,2026-06-08T13:10:28+00:00
trackb_cont_AMC_20260605,,,,,,1.92,1.72,,,,,,-8.2667,pending,,2026-06-08T13:10:28+00:00
trackb_cont_AMC_20260608,,,,,,,,,,,,,,pending,,2026-06-08T13:10:28+00:00
trackb_cont_AMD_20260603,,,,,,546.440002,463.950012,,,,,,-12.6929,pending,,2026-06-08T13:09:33+00:00
trackb_cont_AMD_20260604,,,,,,532.190002,463.950012,,,,,,-12.6929,pending,,2026-06-08T13:09:33+00:00
trackb_cont_AMD_20260605,,,,,,505.619995,463.950012,,,,,,-12.6929,pending,,2026-06-08T13:09:33+00:00
trackb_cont_AMD_20260608,,,,,,,,,,,,,,pending,,2026-06-08T13:09:33+00:00
trackb_cont_AMKR_20260603,,,,,,79.5,64.32,,,,,,-15.4463,pending,,2026-06-08T13:11:07+00:00
trackb_cont_AMKR_20260604,,,,,,75.760002,64.32,,,,,,-15.4463,pending,,2026-06-08T13:11:07+00:00
trackb_cont_AMKR_20260605,,,,,,70.839996,64.32,,,,,,-15.4463,pending,,2026-06-08T13:11:07+00:00
trackb_cont_AMKR_20260608,,,,,,,,,,,,,,pending,,2026-06-08T13:11:07+00:00
trackb_cont_AMN_20260603,,,,,,31.860001,28.93,,,,,,-1.9322,pending,,2026-06-08T13:10:16+00:00
trackb_cont_AMN_20260604,,,,,,31.860001,30.129999,,,,,,2.1356,pending,,2026-06-08T13:10:16+00:00
trackb_cont_AMN_20260605,,,,,,31.860001,30.24,,,,,,2.5085,pending,,2026-06-08T13:10:16+00:00
trackb_cont_AMN_20260608,,,,,,,,,,,,,,pending,,2026-06-08T13:10:16+00:00
trackb_cont_AMPX_20260603,,,,,,23.4,19.09,,,,,,-14.5479,pending,,2026-06-08T13:10:20+00:00
trackb_cont_AMPX_20260604,,,,,,22.940001,19.09,,,,,,-14.5479,pending,,2026-06-08T13:10:20+00:00
trackb_cont_AMPX_20260605,,,,,,22.000999,19.09,,,,,,-14.5479,pending,,2026-06-08T13:10:20+00:00
trackb_cont_AMPX_20260608,,,,,,,,,,,,,,pending,,2026-06-08T13:10:20+00:00
trackb_cont_AMRZ_20260603,,,,,,54.599998,53.099998,,,,,,-1.7667,pending,,2026-06-08T13:10:18+00:00
trackb_cont_AMRZ_20260604,,,,,,54.599998,53.099998,,,,,,-1.7667,pending,,2026-06-08T13:10:18+00:00
trackb_cont_AMRZ_20260605,,,,,,54.02,53.099998,,,,,,-1.7667,pending,,2026-06-08T13:10:18+00:00
trackb_cont_AMRZ_20260608,,,,,,,,,,,,,,pending,,2026-06-08T13:10:18+00:00
trackb_cont_AMR_20260603,,,,,,220.580002,200.630005,,,,,,-6.6967,pending,,2026-06-08T13:09:57+00:00
trackb_cont_AMR_20260604,,,,,,220.580002,200.630005,,,,,,-6.6967,pending,,2026-06-08T13:09:57+00:00
trackb_cont_AMR_20260605,,,,,,213.964996,200.630005,,,,,,-6.6967,pending,,2026-06-08T13:09:57+00:00
trackb_cont_AMR_20260608,,,,,,,,,,,,,,pending,,2026-06-08T13:09:57+00:00
trackb_cont_AMT_20260603,,,,,,196.080002,181.470001,,,,,,-2.6083,pending,,2026-06-08T13:10:24+00:00
trackb_cont_AMT_20260604,,,,,,196.080002,185.050003,,,,,,-0.687,pending,,2026-06-08T13:10:24+00:00
trackb_cont_AMT_20260605,,,,,,196.080002,193.020004,,,,,,3.5904,pending,,2026-06-08T13:10:24+00:00
trackb_cont_AMT_20260608,,,,,,,,,,,,,,pending,,2026-06-08T13:10:24+00:00
trackb_cont_ANET_20260603,,,,,,177.479996,152.190002,,,,,,-13.0045,pending,,2026-06-08T13:09:43+00:00
trackb_cont_ANET_20260604,,,,,,167.789993,152.190002,,,,,,-13.0045,pending,,2026-06-08T13:09:43+00:00
trackb_cont_ANET_20260605,,,,,,161.192993,152.190002,,,,,,-13.0045,pending,,2026-06-08T13:09:43+00:00
trackb_cont_ANET_20260608,,,,,,,,,,,,,,pending,,2026-06-08T13:09:43+00:00
trackb_cont_APH_20260603,,,,,,151.919998,138.199997,,,,,,-7.5462,pending,,2026-06-08T13:10:05+00:00
trackb_cont_APH_20260604,,,,,,147.839996,138.199997,,,,,,-7.5462,pending,,2026-06-08T13:10:05+00:00
trackb_cont_APH_20260605,,,,,,144.970001,138.199997,,,,,,-7.5462,pending,,2026-06-08T13:10:05+00:00
trackb_cont_APH_20260608,,,,,,,,,,,,,,pending,,2026-06-08T13:10:05+00:00
trackb_cont_APLD_20260603,,,,,,48.66,37.689999,,,,,,-18.2607,pending,,2026-06-08T13:10:42+00:00
trackb_cont_APLD_20260604,,,,,,44.799999,37.689999,,,,,,-18.2607,pending,,2026-06-08T13:10:42+00:00
trackb_cont_APLD_20260605,,,,,,42.105,37.689999,,,,,,-18.2607,pending,,2026-06-08T13:10:42+00:00
trackb_cont_APLD_20260608,,,,,,,,,,,,,,pending,,2026-06-08T13:10:42+00:00
trackb_cont_APLE_20260603,,,,,,15.8,14.825,,,,,,-1.9186,pending,,2026-06-08T13:09:54+00:00
trackb_cont_APLE_20260604,,,,,,15.8,15.25,,,,,,0.8932,pending,,2026-06-08T13:09:54+00:00
trackb_cont_APLE_20260605,,,,,,15.8,15.49,,,,,,2.481,pending,,2026-06-08T13:09:54+00:00
trackb_cont_APLE_20260608,,,,,,,,,,,,,,pending,,2026-06-08T13:09:54+00:00
trackb_cont_APP_20260603,,,,,,599.642029,548.780029,,,,,,-4.2544,pending,,2026-06-08T13:10:03+00:00
trackb_cont_APP_20260604,,,,,,595.0,548.780029,,,,,,-4.2544,pending,,2026-06-08T13:10:03+00:00
trackb_cont_APP_20260605,,,,,,595.0,548.780029,,,,,,-4.2544,pending,,2026-06-08T13:10:03+00:00
trackb_cont_AP_20260603,,,,,,11.79,9.7,,,,,,-16.6667,pending,,2026-06-08T13:10:34+00:00
trackb_cont_AP_20260604,,,,,,11.71,9.7,,,,,,-16.6667,pending,,2026-06-08T13:10:34+00:00
trackb_cont_AP_20260605,,,,,,10.96,9.7,,,,,,-16.6667,pending,,2026-06-08T13:10:34+00:00
trackb_cont_AP_20260608,,,,,,,,,,,,,,pending,,2026-06-08T13:10:34+00:00
trackb_cont_ARCB_20260603,,,,,,155.679993,138.990005,,,,,,-1.2575,pending,,2026-06-08T13:09:31+00:00
trackb_cont_ARCB_20260604,,,,,,155.679993,141.970001,,,,,,0.8596,pending,,2026-06-08T13:09:31+00:00
trackb_cont_ARCB_20260605,,,,,,155.679993,149.990005,,,,,,6.5573,pending,,2026-06-08T13:09:31+00:00
trackb_cont_ARCB_20260608,,,,,,,,,,,,,,pending,,2026-06-08T13:09:31+00:00
trackb_cont_AREC_20260603,,,,,,2.75,2.06,,,,,,-19.3738,pending,,2026-06-08T13:10:02+00:00
trackb_cont_AREC_20260604,,,,,,2.51,2.06,,,,,,-19.3738,pending,,2026-06-08T13:10:02+00:00
trackb_cont_AREC_20260605,,,,,,2.32,2.06,,,,,,-19.3738,pending,,2026-06-08T13:10:02+00:00
trackb_cont_ARES_20260603,,,,,,131.300003,120.0,,,,,,-1.5587,pending,,2026-06-08T13:11:09+00:00
trackb_cont_ARES_20260604,,,,,,131.300003,124.230003,,,,,,1.9114,pending,,2026-06-08T13:11:09+00:00
trackb_cont_ARES_20260605,,,,,,130.460007,124.230003,,,,,,1.9114,pending,,2026-06-08T13:11:09+00:00
trackb_cont_ARES_20260608,,,,,,,,,,,,,,pending,,2026-06-08T13:11:09+00:00
trackb_cont_ARE_20260603,,,,,,53.290001,51.130001,,,,,,-2.2184,pending,,2026-06-08T13:09:46+00:00
trackb_cont_ARE_20260604,,,,,,53.290001,51.130001,,,,,,-2.2184,pending,,2026-06-08T13:09:46+00:00
trackb_cont_ARE_20260605,,,,,,53.029999,51.130001,,,,,,-2.2184,pending,,2026-06-08T13:09:46+00:00
trackb_cont_ARE_20260608,,,,,,,,,,,,,,pending,,2026-06-08T13:09:46+00:00
trackb_cont_ARI_20260603,,,,,,11.0,10.87,,,,,,-0.5489,pending,,2026-06-08T13:11:10+00:00
trackb_cont_ARI_20260604,,,,,,11.0,10.89,,,,,,-0.366,pending,,2026-06-08T13:11:10+00:00
trackb_cont_ARI_20260605,,,,,,11.0,10.91,,,,,,-0.183,pending,,2026-06-08T13:11:10+00:00
trackb_cont_ARI_20260608,,,,,,,,,,,,,,pending,,2026-06-08T13:11:10+00:00
trackb_cont_ARMK_20260603,,,,,,54.09,52.849998,,,,,,-1.3993,pending,,2026-06-08T13:09:37+00:00
trackb_cont_ARMK_20260604,,,,,,54.07,52.849998,,,,,,-1.3993,pending,,2026-06-08T13:09:37+00:00
trackb_cont_ARMK_20260605,,,,,,54.07,53.189999,,,,,,-0.7649,pending,,2026-06-08T13:09:37+00:00
trackb_cont_ARMK_20260608,,,,,,,,,,,,,,pending,,2026-06-08T13:09:37+00:00
trackb_cont_ARQ_20260603,,,,,,2.73,2.56,,,,,,-3.5782,pending,,2026-06-08T13:10:50+00:00
trackb_cont_ARQ_20260604,,,,,,2.71,2.56,,,,,,-3.5782,pending,,2026-06-08T13:10:50+00:00
trackb_cont_ARQ_20260605,,,,,,2.69,2.58,,,,,,-2.8249,pending,,2026-06-08T13:10:50+00:00
trackb_cont_ARRY_20260603,,,,,,9.545,7.92,,,,,,-10.861,pending,,2026-06-08T13:10:29+00:00
trackb_cont_ARRY_20260604,,,,,,9.545,7.92,,,,,,-10.861,pending,,2026-06-08T13:10:29+00:00
trackb_cont_ARRY_20260605,,,,,,9.09,7.92,,,,,,-10.861,pending,,2026-06-08T13:10:29+00:00
trackb_cont_ARRY_20260608,,,,,,,,,,,,,,pending,,2026-06-08T13:10:29+00:00
trackb_cont_ARR_20260603,,,,,,17.290001,17.01,,,,,,-0.4098,pending,,2026-06-08T13:10:38+00:00
trackb_cont_ARR_20260604,,,,,,17.290001,17.059999,,,,,,-0.1171,pending,,2026-06-08T13:10:38+00:00
trackb_cont_ARR_20260605,,,,,,17.23,17.059999,,,,,,-0.1171,pending,,2026-06-08T13:10:38+00:00
trackb_cont_ARR_20260608,,,,,,,,,,,,,,pending,,2026-06-08T13:10:38+00:00
trackb_cont_ARW_20260603,,,,,,233.300003,217.639999,,,,,,-5.7019,pending,,2026-06-08T13:09:52+00:00
trackb_cont_ARW_20260604,,,,,,230.929993,217.639999,,,,,,-5.7019,pending,,2026-06-08T13:09:52+00:00
trackb_cont_ARW_20260605,,,,,,225.330002,217.639999,,,,,,-5.7019,pending,,2026-06-08T13:09:52+00:00
trackb_cont_ARW_20260608,,,,,,,,,,,,,,pending,,2026-06-08T13:09:52+00:00
trackb_cont_ASH_20260603,,,,,,58.18,55.540001,,,,,,-2.8766,pending,,2026-06-08T13:10:25+00:00
trackb_cont_ASH_20260604,,,,,,58.18,55.540001,,,,,,-2.8766,pending,,2026-06-08T13:10:25+00:00
trackb_cont_ASH_20260605,,,,,,56.889999,55.540001,,,,,,-2.8766,pending,,2026-06-08T13:10:25+00:00
trackb_cont_ASH_20260608,,,,,,,,,,,,,,pending,,2026-06-08T13:10:25+00:00
trackb_cont_ASPI_20260603,,,,,,8.18,6.45,,,,,,-16.6581,pending,,2026-06-08T13:09:48+00:00
trackb_cont_ASPI_20260604,,,,,,8.13,6.45,,,,,,-16.6581,pending,,2026-06-08T13:09:48+00:00
trackb_cont_ASPI_20260605,,,,,,7.39,6.45,,,,,,-16.6581,pending,,2026-06-08T13:09:48+00:00
trackb_cont_ASPI_20260608,,,,,,,,,,,,,,pending,,2026-06-08T13:09:48+00:00
trackb_cont_ASPN_20260603,,,,,,6.29,5.54,,,,,,-5.7021,pending,,2026-06-08T13:10:35+00:00
trackb_cont_ASPN_20260604,,,,,,6.24,5.54,,,,,,-5.7021,pending,,2026-06-08T13:10:35+00:00
trackb_cont_ASPN_20260605,,,,,,6.17,5.54,,,,,,-5.7021,pending,,2026-06-08T13:10:35+00:00
trackb_cont_ASPN_20260608,,,,,,,,,,,,,,pending,,2026-06-08T13:10:35+00:00
trackb_cont_ASTI_20260603,,,,,,9.4,6.36,,,,,,-19.4937,pending,,2026-06-08T13:10:31+00:00
trackb_cont_ASTI_20260604,,,,,,8.65,6.36,,,,,,-19.4937,pending,,2026-06-08T13:10:31+00:00
trackb_cont_ASTI_20260605,,,,,,7.8,6.36,,,,,,-19.4937,pending,,2026-06-08T13:10:31+00:00
trackb_cont_ASTS_20260603,,,,,,114.339996,90.904999,,,,,,-16.5626,pending,,2026-06-08T13:10:55+00:00
trackb_cont_ASTS_20260604,,,,,,111.57,90.904999,,,,,,-16.5626,pending,,2026-06-08T13:10:55+00:00
trackb_cont_ASTS_20260605,,,,,,104.489998,90.904999,,,,,,-16.5626,pending,,2026-06-08T13:10:55+00:00
trackb_cont_ASTS_20260608,,,,,,,,,,,,,,pending,,2026-06-08T13:10:55+00:00
trackb_cont_ATEX_20260603,,,,,,68.309998,63.0,,,,,,-3.8535,pending,,2026-06-08T13:09:30+00:00
trackb_cont_ATEX_20260604,,,,,,68.209999,63.0,,,,,,-3.8535,pending,,2026-06-08T13:09:30+00:00
trackb_cont_ATEX_20260605,,,,,,68.209999,65.216003,,,,,,-0.4716,pending,,2026-06-08T13:09:30+00:00
trackb_cont_ATEX_20260608,,,,,,,,,,,,,,pending,,2026-06-08T13:09:30+00:00
trackb_cont_ATI_20260603,,,,,,182.5,174.949997,,,,,,-2.1396,pending,,2026-06-08T13:10:20+00:00
trackb_cont_ATI_20260604,,,,,,182.5,175.660004,,,,,,-1.7424,pending,,2026-06-08T13:10:20+00:00
trackb_cont_ATI_20260605,,,,,,182.5,175.660004,,,,,,-1.7424,pending,,2026-06-08T13:10:20+00:00
trackb_cont_ATI_20260608,,,,,,,,,,,,,,pending,,2026-06-08T13:10:20+00:00
trackb_cont_ATKR_20260608,,,,,,,,,,,,,,pending,,2026-06-08T13:11:41+00:00
trackb_cont_AVAV_20260603,,,,,,205.550003,181.199997,,,,,,-5.733,pending,,2026-06-08T13:10:54+00:00
trackb_cont_AVAV_20260604,,,,,,205.550003,181.199997,,,,,,-5.733,pending,,2026-06-08T13:10:54+00:00
trackb_cont_AVAV_20260605,,,,,,200.869995,181.199997,,,,,,-5.733,pending,,2026-06-08T13:10:54+00:00
trackb_cont_AVAV_20260608,,,,,,,,,,,,,,pending,,2026-06-08T13:10:54+00:00
trackb_cont_AVB_20260608,,,,,,,,,,,,,,pending,,2026-06-08T13:11:34+00:00
trackb_cont_AVGO_20260603,,,,,,495.0,385.589996,,,,,,-20.5264,pending,,2026-06-08T13:10:01+00:00
trackb_cont_AVGO_20260604,,,,,,426.480011,385.589996,,,,,,-20.5264,pending,,2026-06-08T13:10:01+00:00
trackb_cont_AVGO_20260605,,,,,,410.5,385.589996,,,,,,-20.5264,pending,,2026-06-08T13:10:01+00:00
trackb_cont_AVGO_20260608,,,,,,,,,,,,,,pending,,2026-06-08T13:10:01+00:00
trackb_cont_AVTR_20260603,,,,,,9.62,8.825,,,,,,-0.5073,pending,,2026-06-08T13:10:46+00:00
trackb_cont_AVTR_20260604,,,,,,9.62,9.04,,,,,,1.9166,pending,,2026-06-08T13:10:46+00:00
trackb_cont_AVTR_20260605,,,,,,9.53,9.04,,,,,,1.9166,pending,,2026-06-08T13:10:46+00:00
trackb_cont_AVTR_20260608,,,,,,,,,,,,,,pending,,2026-06-08T13:10:46+00:00
trackb_cont_AVT_20260603,,,,,,94.099998,85.940002,,,,,,-7.849,pending,,2026-06-08T13:10:28+00:00
trackb_cont_AVT_20260604,,,,,,91.959999,85.940002,,,,,,-7.849,pending,,2026-06-08T13:10:28+00:00
trackb_cont_AVT_20260605,,,,,,88.970001,85.940002,,,,,,-7.849,pending,,2026-06-08T13:10:28+00:00
trackb_cont_AVT_20260608,,,,,,,,,,,,,,pending,,2026-06-08T13:10:28+00:00
trackb_cont_AWR_20260603,,,,,,79.050003,76.220001,,,,,,-1.2822,pending,,2026-06-08T13:10:45+00:00
trackb_cont_AWR_20260604,,,,,,79.050003,76.400002,,,,,,-1.0491,pending,,2026-06-08T13:10:45+00:00
trackb_cont_AWR_20260605,,,,,,79.050003,76.400002,,,,,,-1.0491,pending,,2026-06-08T13:10:45+00:00
trackb_cont_AWR_20260608,,,,,,,,,,,,,,pending,,2026-06-08T13:10:45+00:00
trackb_cont_AXON_20260603,,,,,,515.799988,465.26001,,,,,,-2.8827,pending,,2026-06-08T13:09:33+00:00
trackb_cont_AXON_20260604,,,,,,515.799988,477.25,,,,,,-0.3799,pending,,2026-06-08T13:09:33+00:00
trackb_cont_AXON_20260605,,,,,,514.98999,481.0,,,,,,0.4029,pending,,2026-06-08T13:09:33+00:00
trackb_cont_AXON_20260608,,,,,,,,,,,,,,pending,,2026-06-08T13:09:33+00:00
trackb_cont_AXTA_20260603,,,,,,33.110001,30.57,,,,,,-2.2073,pending,,2026-06-08T13:11:05+00:00
trackb_cont_AXTA_20260604,,,,,,33.110001,31.615,,,,,,1.1356,pending,,2026-06-08T13:11:05+00:00
trackb_cont_AXTA_20260605,,,,,,33.110001,31.92,,,,,,2.1113,pending,,2026-06-08T13:11:05+00:00
trackb_cont_AXTA_20260608,,,,,,,,,,,,,,pending,,2026-06-08T13:11:05+00:00
trackb_cont_AYI_20260603,,,,,,313.769989,299.73999,,,,,,-3.5834,pending,,2026-06-08T13:09:51+00:00
trackb_cont_AYI_20260604,,,,,,312.25,299.73999,,,,,,-3.5834,pending,,2026-06-08T13:09:51+00:00
trackb_cont_AYI_20260605,,,,,,308.190002,299.73999,,,,,,-3.5834,pending,,2026-06-08T13:09:51+00:00
trackb_cont_AYI_20260608,,,,,,,,,,,,,,pending,,2026-06-08T13:09:51+00:00
trackb_cont_AZTA_20260603,,,,,,24.360001,22.139999,,,,,,-7.5381,pending,,2026-06-08T13:10:49+00:00
trackb_cont_AZTA_20260604,,,,,,24.209999,22.139999,,,,,,-7.5381,pending,,2026-06-08T13:10:49+00:00
trackb_cont_AZTA_20260605,,,,,,23.01,22.139999,,,,,,-7.5381,pending,,2026-06-08T13:10:49+00:00
trackb_cont_AZTA_20260608,,,,,,,,,,,,,,pending,,2026-06-08T13:10:49+00:00
trackb_cont_A_20260603,,,,,,141.089996,133.649994,,,,,,-3.6375,pending,,2026-06-08T13:10:23+00:00
trackb_cont_A_20260604,,,,,,141.089996,134.910004,,,,,,-2.729,pending,,2026-06-08T13:10:23+00:00
trackb_cont_A_20260605,,,,,,139.0,134.910004,,,,,,-2.729,pending,,2026-06-08T13:10:23+00:00
trackb_cont_A_20260608,,,,,,,,,,,,,,pending,,2026-06-08T13:10:23+00:00
trackb_cont_BAH_20260603,,,,,,81.940002,77.709999,,,,,,-0.7028,pending,,2026-06-08T13:11:08+00:00
trackb_cont_BAH_20260604,,,,,,81.940002,78.519997,,,,,,0.3322,pending,,2026-06-08T13:11:08+00:00
trackb_cont_BAH_20260605,,,,,,80.959999,78.519997,,,,,,0.3322,pending,,2026-06-08T13:11:08+00:00
trackb_cont_BAH_20260608,,,,,,,,,,,,,,pending,,2026-06-08T13:11:08+00:00
trackb_cont_BBAI_20260603,,,,,,5.0,4.11,,,,,,-14.0653,pending,,2026-06-08T13:10:49+00:00
trackb_cont_BBAI_20260604,,,,,,4.98,4.11,,,,,,-14.0653,pending,,2026-06-08T13:10:49+00:00
trackb_cont_BBAI_20260605,,,,,,4.67,4.11,,,,,,-14.0653,pending,,2026-06-08T13:10:49+00:00
trackb_cont_BBAI_20260608,,,,,,,,,,,,,,pending,,2026-06-08T13:10:49+00:00
trackb_cont_BBBY_20260603,,,,,,6.47,5.66,,,,,,-6.0581,pending,,2026-06-08T13:10:10+00:00
trackb_cont_BBBY_20260604,,,,,,6.47,5.66,,,,,,-6.0581,pending,,2026-06-08T13:10:10+00:00
trackb_cont_BBBY_20260605,,,,,,6.15,5.66,,,,,,-6.0581,pending,,2026-06-08T13:10:10+00:00
trackb_cont_BBBY_20260608,,,,,,,,,,,,,,pending,,2026-06-08T13:10:10+00:00
trackb_cont_BBGI_20260603,,,,,,21.950001,18.26,,,,,,-4.1973,pending,,2026-06-08T13:10:40+00:00
trackb_cont_BBGI_20260604,,,,,,21.950001,18.790001,,,,,,-1.4166,pending,,2026-06-08T13:10:40+00:00
trackb_cont_BBGI_20260605,,,,,,21.950001,19.700001,,,,,,3.3578,pending,,2026-06-08T13:10:40+00:00
trackb_cont_BBGI_20260608,,,,,,,,,,,,,,pending,,2026-06-08T13:10:40+00:00
trackb_cont_BBSI_20260603,,,,,,35.130001,32.02,,,,,,-1.0965,pending,,2026-06-08T13:10:16+00:00
trackb_cont_BBSI_20260604,,,,,,35.130001,32.330002,,,,,,-0.139,pending,,2026-06-08T13:10:16+00:00
trackb_cont_BBSI_20260605,,,,,,33.290001,32.389999,,,,,,0.0463,pending,,2026-06-08T13:10:16+00:00
trackb_cont_BBY_20260603,,,,,,72.910004,69.709999,,,,,,-2.1202,pending,,2026-06-08T13:10:58+00:00
trackb_cont_BBY_20260604,,,,,,72.910004,69.709999,,,,,,-2.1202,pending,,2026-06-08T13:10:58+00:00
trackb_cont_BBY_20260605,,,,,,71.709999,69.709999,,,,,,-2.1202,pending,,2026-06-08T13:10:58+00:00
trackb_cont_BCAR_20260603,,,,,,11.17,10.51,,,,,,-4.4111,pending,,2026-06-08T13:10:17+00:00
trackb_cont_BCAR_20260604,,,,,,11.07,10.51,,,,,,-4.4111,pending,,2026-06-08T13:10:17+00:00
trackb_cont_BCAR_20260605,,,,,,10.93,10.51,,,,,,-4.4111,pending,,2026-06-08T13:10:17+00:00
trackb_cont_BCHT_20260603,,,,,,2.28,1.9,,,,,,-6.5053,pending,,2026-06-08T13:11:10+00:00
trackb_cont_BCHT_20260604,,,,,,2.2,1.9,,,,,,-6.5053,pending,,2026-06-08T13:11:10+00:00
trackb_cont_BCHT_20260605,,,,,,2.1,1.9,,,,,,-6.5053,pending,,2026-06-08T13:11:10+00:00
trackb_cont_BCHT_20260608,,,,,,,,,,,,,,pending,,2026-06-08T13:11:10+00:00
trackb_cont_BDN_20260603,,,,,,3.22,3.05,,,,,,-0.1637,pending,,2026-06-08T13:10:26+00:00
trackb_cont_BDN_20260604,,,,,,3.22,3.05,,,,,,-0.1637,pending,,2026-06-08T13:10:26+00:00
trackb_cont_BDN_20260605,,,,,,3.22,3.11,,,,,,1.8003,pending,,2026-06-08T13:10:26+00:00
trackb_cont_BDN_20260608,,,,,,,,,,,,,,pending,,2026-06-08T13:10:26+00:00
trackb_cont_BEN_20260608,,,,,,,,,,,,,,pending,,2026-06-08T13:11:39+00:00
trackb_cont_BEPC_20260603,,,,,,40.540001,37.84,,,,,,-6.1506,pending,,2026-06-08T13:10:36+00:00
trackb_cont_BEPC_20260604,,,,,,39.52,37.84,,,,,,-6.1506,pending,,2026-06-08T13:10:36+00:00
trackb_cont_BEPC_20260605,,,,,,39.130001,38.080002,,,,,,-5.5553,pending,,2026-06-08T13:10:36+00:00
trackb_cont_BEPC_20260608,,,,,,,,,,,,,,pending,,2026-06-08T13:10:36+00:00
trackb_cont_BE_20260603,,,,,,298.5,252.080002,,,,,,-12.9843,pending,,2026-06-08T13:11:01+00:00
trackb_cont_BE_20260604,,,,,,295.690002,252.080002,,,,,,-12.9843,pending,,2026-06-08T13:11:01+00:00
trackb_cont_BE_20260605,,,,,,280.410004,252.080002,,,,,,-12.9843,pending,,2026-06-08T13:11:01+00:00
trackb_cont_BFH_20260603,,,,,,91.660004,87.449997,,,,,,-1.9729,pending,,2026-06-08T13:10:19+00:00
trackb_cont_BFH_20260604,,,,,,91.660004,88.790001,,,,,,-0.4708,pending,,2026-06-08T13:10:19+00:00
trackb_cont_BFH_20260605,,,,,,91.610001,90.080002,,,,,,0.9752,pending,,2026-06-08T13:10:19+00:00
trackb_cont_BFH_20260608,,,,,,,,,,,,,,pending,,2026-06-08T13:10:19+00:00
trackb_cont_BG_20260603,,,,,,134.869995,125.559998,,,,,,-6.2845,pending,,2026-06-08T13:11:08+00:00
trackb_cont_BG_20260604,,,,,,132.910004,125.559998,,,,,,-6.2845,pending,,2026-06-08T13:11:08+00:00
trackb_cont_BG_20260605,,,,,,130.0,125.559998,,,,,,-6.2845,pending,,2026-06-08T13:11:08+00:00
trackb_cont_BG_20260608,,,,,,,,,,,,,,pending,,2026-06-08T13:11:08+00:00
trackb_cont_BHE_20260603,,,,,,89.279999,83.029999,,,,,,-6.0002,pending,,2026-06-08T13:10:17+00:00
trackb_cont_BHE_20260604,,,,,,89.0,83.029999,,,,,,-6.0002,pending,,2026-06-08T13:10:17+00:00
trackb_cont_BHE_20260605,,,,,,87.110001,83.029999,,,,,,-6.0002,pending,,2026-06-08T13:10:17+00:00
trackb_cont_BHE_20260608,,,,,,,,,,,,,,pending,,2026-06-08T13:10:17+00:00
trackb_cont_BIO_20260603,,,,,,312.269989,291.399994,,,,,,-4.0469,pending,,2026-06-08T13:10:33+00:00
trackb_cont_BIO_20260604,,,,,,312.269989,291.399994,,,,,,-4.0469,pending,,2026-06-08T13:10:33+00:00
trackb_cont_BIO_20260605,,,,,,307.350006,291.399994,,,,,,-4.0469,pending,,2026-06-08T13:10:33+00:00
trackb_cont_BIO_20260608,,,,,,,,,,,,,,pending,,2026-06-08T13:10:33+00:00
trackb_cont_BIPC_20260603,,,,,,41.889999,40.59,,,,,,-0.9517,pending,,2026-06-08T13:10:42+00:00
trackb_cont_BIPC_20260604,,,,,,41.889999,40.59,,,,,,-0.9517,pending,,2026-06-08T13:10:42+00:00
trackb_cont_BIPC_20260605,,,,,,41.889999,40.939999,,,,,,-0.0976,pending,,2026-06-08T13:10:42+00:00
trackb_cont_BIPC_20260608,,,,,,,,,,,,,,pending,,2026-06-08T13:10:42+00:00
trackb_cont_BMRN_20260608,,,,,,,,,,,,,,pending,,2026-06-08T13:11:37+00:00
trackb_cont_BNY_20260603,,,,,,144.979996,138.559998,,,,,,-0.9649,pending,,2026-06-08T13:10:44+00:00
trackb_cont_BNY_20260604,,,,,,144.979996,140.309998,,,,,,0.2859,pending,,2026-06-08T13:10:44+00:00
trackb_cont_BNY_20260605,,,,,,144.839996,142.089996,,,,,,1.5581,pending,,2026-06-08T13:10:44+00:00
trackb_cont_BNY_20260608,,,,,,,,,,,,,,pending,,2026-06-08T13:10:44+00:00
trackb_cont_BOC_20260603,,,,,,13.86,13.06,,,,,,-1.5825,pending,,2026-06-08T13:09:42+00:00
trackb_cont_BOC_20260604,,,,,,13.86,13.344,,,,,,0.5576,pending,,2026-06-08T13:09:42+00:00
trackb_cont_BOC_20260605,,,,,,13.86,13.6,,,,,,2.4868,pending,,2026-06-08T13:09:42+00:00
trackb_cont_BOC_20260608,,,,,,,,,,,,,,pending,,2026-06-08T13:09:42+00:00
trackb_cont_BOOT_20260603,,,,,,174.660004,165.429993,,,,,,-2.2021,pending,,2026-06-08T13:10:06+00:00
trackb_cont_BOOT_20260604,,,,,,174.660004,165.429993,,,,,,-2.2021,pending,,2026-06-08T13:10:06+00:00
trackb_cont_BOOT_20260605,,,,,,170.770004,165.429993,,,,,,-2.2021,pending,,2026-06-08T13:10:06+00:00
trackb_cont_BOOT_20260608,,,,,,,,,,,,,,pending,,2026-06-08T13:10:06+00:00
trackb_cont_BRC_20260603,,,,,,91.0,86.949997,,,,,,-0.759,pending,,2026-06-08T13:10:15+00:00
trackb_cont_BRC_20260604,,,,,,91.0,88.099998,,,,,,0.5536,pending,,2026-06-08T13:10:15+00:00
trackb_cont_BRC_20260605,,,,,,91.0,88.169998,,,,,,0.6335,pending,,2026-06-08T13:10:15+00:00
trackb_cont_BRC_20260608,,,,,,,,,,,,,,pending,,2026-06-08T13:10:15+00:00
trackb_cont_BRKR_20260603,,,,,,64.540001,56.209999,,,,,,-3.717,pending,,2026-06-08T13:09:55+00:00
trackb_cont_BRKR_20260604,,,,,,64.540001,56.209999,,,,,,-3.717,pending,,2026-06-08T13:09:55+00:00
trackb_cont_BRKR_20260605,,,,,,59.959999,56.209999,,,,,,-3.717,pending,,2026-06-08T13:09:55+00:00
trackb_cont_BRKR_20260608,,,,,,,,,,,,,,pending,,2026-06-08T13:09:55+00:00
trackb_cont_BROS_20260603,,,,,,58.5,54.509998,,,,,,-1.9516,pending,,2026-06-08T13:10:33+00:00
trackb_cont_BROS_20260604,,,,,,58.5,54.509998,,,,,,-1.9516,pending,,2026-06-08T13:10:33+00:00
trackb_cont_BROS_20260605,,,,,,56.580002,54.509998,,,,,,-1.9516,pending,,2026-06-08T13:10:33+00:00
trackb_cont_BTOC_20260603,,,,,,0.352,0.318,,,,,,-7.2616,pending,,2026-06-08T13:11:05+00:00
trackb_cont_BTOC_20260604,,,,,,0.352,0.318,,,,,,-7.2616,pending,,2026-06-08T13:11:05+00:00
trackb_cont_BTOC_20260605,,,,,,0.352,0.331,,,,,,-3.4704,pending,,2026-06-08T13:11:05+00:00
trackb_cont_BTOC_20260608,,,,,,,,,,,,,,pending,,2026-06-08T13:11:05+00:00
trackb_cont_BTSG_20260603,,,,,,61.02,56.200001,,,,,,-7.1074,pending,,2026-06-08T13:11:03+00:00
trackb_cont_BTSG_20260604,,,,,,59.514999,56.200001,,,,,,-7.1074,pending,,2026-06-08T13:11:03+00:00
trackb_cont_BTSG_20260605,,,,,,58.580002,56.200001,,,,,,-7.1074,pending,,2026-06-08T13:11:03+00:00
trackb_cont_BTSG_20260608,,,,,,,,,,,,,,pending,,2026-06-08T13:11:03+00:00
trackb_cont_BURL_20260603,,,,,,332.799988,315.540009,,,,,,-4.0766,pending,,2026-06-08T13:11:04+00:00
trackb_cont_BURL_20260604,,,,,,332.799988,315.540009,,,,,,-4.0766,pending,,2026-06-08T13:11:04+00:00
trackb_cont_BURL_20260605,,,,,,323.380005,315.540009,,,,,,-4.0766,pending,,2026-06-08T13:11:04+00:00
trackb_cont_BURL_20260608,,,,,,,,,,,,,,pending,,2026-06-08T13:11:04+00:00
trackb_cont_BWA_20260603,,,,,,78.82,71.660004,,,,,,-7.6725,pending,,2026-06-08T13:10:00+00:00
trackb_cont_BWA_20260604,,,,,,77.07,71.660004,,,,,,-7.6725,pending,,2026-06-08T13:10:00+00:00
trackb_cont_BWA_20260605,,,,,,75.800003,71.660004,,,,,,-7.6725,pending,,2026-06-08T13:10:00+00:00
trackb_cont_BWA_20260608,,,,,,,,,,,,,,pending,,2026-06-08T13:10:00+00:00
trackb_cont_BXP_20260603,,,,,,62.439999,60.310001,,,,,,-0.0994,pending,,2026-06-08T13:09:40+00:00
trackb_cont_BXP_20260604,,,,,,62.439999,61.200001,,,,,,1.3749,pending,,2026-06-08T13:09:40+00:00
trackb_cont_BXP_20260605,,,,,,62.439999,61.400002,,,,,,1.7061,pending,,2026-06-08T13:09:40+00:00
trackb_cont_BXP_20260608,,,,,,,,,,,,,,pending,,2026-06-08T13:09:40+00:00
trackb_cont_BYD_20260603,,,,,,89.93,84.449997,,,,,,-1.4701,pending,,2026-06-08T13:11:09+00:00
trackb_cont_BYD_20260604,,,,,,89.93,86.970001,,,,,,1.4701,pending,,2026-06-08T13:11:09+00:00
trackb_cont_BYD_20260605,,,,,,89.93,86.970001,,,,,,1.4701,pending,,2026-06-08T13:11:09+00:00
trackb_cont_BYD_20260608,,,,,,,,,,,,,,pending,,2026-06-08T13:11:09+00:00
trackb_cont_BZH_20260603,,,,,,26.690001,25.370001,,,,,,-1.6095,pending,,2026-06-08T13:09:35+00:00
trackb_cont_BZH_20260604,,,,,,26.690001,25.370001,,,,,,-1.6095,pending,,2026-06-08T13:09:35+00:00
trackb_cont_BZH_20260605,,,,,,26.690001,25.370001,,,,,,-1.6095,pending,,2026-06-08T13:09:35+00:00
trackb_cont_BZH_20260608,,,,,,,,,,,,,,pending,,2026-06-08T13:09:35+00:00
trackb_cont_CAKE_20260603,,,,,,67.059998,63.080002,,,,,,-3.2367,pending,,2026-06-08T13:10:58+00:00
trackb_cont_CAKE_20260604,,,,,,67.059998,63.080002,,,,,,-3.2367,pending,,2026-06-08T13:10:58+00:00
trackb_cont_CAKE_20260605,,,,,,67.059998,64.199997,,,,,,-1.5186,pending,,2026-06-08T13:10:58+00:00
trackb_cont_CAKE_20260608,,,,,,,,,,,,,,pending,,2026-06-08T13:10:58+00:00
trackb_cont_CAL_20260603,,,,,,15.04,12.17,,,,,,-13.8102,pending,,2026-06-08T13:10:25+00:00
trackb_cont_CAL_20260604,,,,,,15.04,12.17,,,,,,-13.8102,pending,,2026-06-08T13:10:25+00:00
trackb_cont_CAL_20260605,,,,,,14.3,12.17,,,,,,-13.8102,pending,,2026-06-08T13:10:25+00:00
trackb_cont_CAL_20260608,,,,,,,,,,,,,,pending,,2026-06-08T13:10:25+00:00
trackb_cont_CAT_20260603,,,,,,946.830017,901.5,,,,,,-3.1374,pending,,2026-06-08T13:11:04+00:00
trackb_cont_CAT_20260604,,,,,,946.830017,901.5,,,,,,-3.1374,pending,,2026-06-08T13:11:04+00:00
trackb_cont_CAT_20260605,,,,,,934.030029,901.5,,,,,,-3.1374,pending,,2026-06-08T13:11:04+00:00
trackb_cont_CAT_20260608,,,,,,,,,,,,,,pending,,2026-06-08T13:11:04+00:00
trackb_cont_CBRL_20260603,,,,,,33.98,32.360001,,,,,,-2.8812,pending,,2026-06-08T13:11:08+00:00
trackb_cont_CBRL_20260604,,,,,,33.810001,32.360001,,,,,,-2.8812,pending,,2026-06-08T13:11:08+00:00
trackb_cont_CBRL_20260605,,,,,,33.650002,32.360001,,,,,,-2.8812,pending,,2026-06-08T13:11:08+00:00
trackb_cont_CBRL_20260608,,,,,,,,,,,,,,pending,,2026-06-08T13:11:08+00:00
trackb_cont_CBZ_20260603,,,,,,34.25,31.59,,,,,,-0.4098,pending,,2026-06-08T13:10:35+00:00
trackb_cont_CBZ_20260604,,,,,,34.25,32.93,,,,,,3.8146,pending,,2026-06-08T13:10:35+00:00
trackb_cont_CBZ_20260605,,,,,,34.220001,33.529999,,,,,,5.7062,pending,,2026-06-08T13:10:35+00:00
trackb_cont_CBZ_20260608,,,,,,,,,,,,,,pending,,2026-06-08T13:10:35+00:00
trackb_cont_CCL_20260603,,,,,,28.09,27.01,,,,,,-1.3694,pending,,2026-06-08T13:10:29+00:00
trackb_cont_CCL_20260604,,,,,,28.09,27.02,,,,,,-1.3328,pending,,2026-06-08T13:10:29+00:00
trackb_cont_CCL_20260605,,,,,,28.09,27.02,,,,,,-1.3328,pending,,2026-06-08T13:10:29+00:00
trackb_cont_CCL_20260608,,,,,,,,,,,,,,pending,,2026-06-08T13:10:29+00:00
trackb_cont_CCO_20260603,,,,,,2.41,2.4,,,,,,-0.2079,pending,,2026-06-08T13:11:03+00:00
trackb_cont_CCO_20260604,,,,,,2.41,2.4,,,,,,-0.2079,pending,,2026-06-08T13:11:03+00:00
trackb_cont_CCO_20260605,,,,,,2.41,2.4,,,,,,-0.2079,pending,,2026-06-08T13:11:03+00:00
trackb_cont_CCO_20260608,,,,,,,,,,,,,,pending,,2026-06-08T13:11:03+00:00
trackb_cont_CCS_20260608,,,,,,,,,,,,,,pending,,2026-06-08T13:11:33+00:00
trackb_cont_CDNS_20260603,,,,,,415.829987,373.540009,,,,,,-6.9778,pending,,2026-06-08T13:09:19+00:00
trackb_cont_CDNS_20260604,,,,,,415.829987,373.540009,,,,,,-6.9778,pending,,2026-06-08T13:09:19+00:00
trackb_cont_CDNS_20260605,,,,,,407.0,373.540009,,,,,,-6.9778,pending,,2026-06-08T13:09:19+00:00
trackb_cont_CDNS_20260608,,,,,,,,,,,,,,pending,,2026-06-08T13:09:19+00:00
trackb_cont_CDW_20260603,,,,,,140.770004,132.179993,,,,,,-3.6835,pending,,2026-06-08T13:09:37+00:00
trackb_cont_CDW_20260604,,,,,,140.770004,132.179993,,,,,,-3.6835,pending,,2026-06-08T13:09:37+00:00
trackb_cont_CDW_20260605,,,,,,140.320007,132.179993,,,,,,-3.6835,pending,,2026-06-08T13:09:37+00:00
trackb_cont_CDW_20260608,,,,,,,,,,,,,,pending,,2026-06-08T13:09:37+00:00
trackb_cont_CDZI_20260603,,,,,,4.84,4.1,,,,,,-11.3514,pending,,2026-06-08T13:11:12+00:00
trackb_cont_CDZI_20260604,,,,,,4.66,4.1,,,,,,-11.3514,pending,,2026-06-08T13:11:12+00:00
trackb_cont_CDZI_20260605,,,,,,4.56,4.1,,,,,,-11.3514,pending,,2026-06-08T13:11:12+00:00
trackb_cont_CDZI_20260608,,,,,,,,,,,,,,pending,,2026-06-08T13:11:12+00:00
trackb_cont_CHRW_20260603,,,,,,187.970001,177.509995,,,,,,-2.1229,pending,,2026-06-08T13:10:36+00:00
trackb_cont_CHRW_20260604,,,,,,187.970001,181.830002,,,,,,0.2592,pending,,2026-06-08T13:10:36+00:00
trackb_cont_CHRW_20260605,,,,,,186.610001,181.830002,,,,,,0.2592,pending,,2026-06-08T13:10:36+00:00
trackb_cont_CHRW_20260608,,,,,,,,,,,,,,pending,,2026-06-08T13:10:36+00:00
trackb_cont_CIA_20260603,,,,,,5.43,4.94,,,,,,-4.817,pending,,2026-06-08T13:11:02+00:00
trackb_cont_CIA_20260604,,,,,,5.43,4.94,,,,,,-4.817,pending,,2026-06-08T13:11:02+00:00
trackb_cont_CIA_20260605,,,,,,5.43,5.01,,,,,,-3.4682,pending,,2026-06-08T13:11:02+00:00
trackb_cont_CIEN_20260603,,,,,,637.51001,488.140015,,,,,,-22.1709,pending,,2026-06-08T13:09:29+00:00
trackb_cont_CIEN_20260604,,,,,,552.390015,488.140015,,,,,,-22.1709,pending,,2026-06-08T13:09:29+00:00
trackb_cont_CIEN_20260605,,,,,,525.150024,488.140015,,,,,,-22.1709,pending,,2026-06-08T13:09:29+00:00
trackb_cont_CIFR_20260603,,,,,,28.620001,21.219999,,,,,,-20.6284,pending,,2026-06-08T13:09:35+00:00
trackb_cont_CIFR_20260604,,,,,,26.33,21.219999,,,,,,-20.6284,pending,,2026-06-08T13:09:35+00:00
trackb_cont_CIFR_20260605,,,,,,24.58,21.219999,,,,,,-20.6284,pending,,2026-06-08T13:09:35+00:00
trackb_cont_CIFR_20260608,,,,,,,,,,,,,,pending,,2026-06-08T13:09:35+00:00
trackb_cont_CLDT_20260603,,,,,,11.61,10.96,,,,,,-1.704,pending,,2026-06-08T13:09:31+00:00
trackb_cont_CLDT_20260604,,,,,,11.61,11.08,,,,,,-0.6278,pending,,2026-06-08T13:09:31+00:00
trackb_cont_CLDT_20260605,,,,,,11.61,11.41,,,,,,2.3318,pending,,2026-06-08T13:09:31+00:00
trackb_cont_CLDT_20260608,,,,,,,,,,,,,,pending,,2026-06-08T13:09:31+00:00
trackb_cont_CLF_20260603,,,,,,14.89,13.31,,,,,,-6.7927,pending,,2026-06-08T13:09:50+00:00
trackb_cont_CLF_20260604,,,,,,14.68,13.31,,,,,,-6.7927,pending,,2026-06-08T13:09:50+00:00
trackb_cont_CLF_20260605,,,,,,14.27,13.31,,,,,,-6.7927,pending,,2026-06-08T13:09:50+00:00
trackb_cont_CLF_20260608,,,,,,,,,,,,,,pending,,2026-06-08T13:09:50+00:00
trackb_cont_CLMB_20260603,,,,,,23.889999,21.5,,,,,,-0.3707,pending,,2026-06-08T13:10:20+00:00
trackb_cont_CLMB_20260604,,,,,,23.889999,22.01,,,,,,1.9926,pending,,2026-06-08T13:10:20+00:00
trackb_cont_CLMB_20260605,,,,,,23.889999,22.809999,,,,,,5.6997,pending,,2026-06-08T13:10:20+00:00
trackb_cont_CLMB_20260608,,,,,,,,,,,,,,pending,,2026-06-08T13:10:20+00:00
trackb_cont_CLMT_20260603,,,,,,38.75,34.959999,,,,,,-7.403,pending,,2026-06-08T13:10:03+00:00
trackb_cont_CLMT_20260604,,,,,,37.73,34.959999,,,,,,-7.403,pending,,2026-06-08T13:10:03+00:00
trackb_cont_CLMT_20260605,,,,,,37.130001,34.959999,,,,,,-7.403,pending,,2026-06-08T13:10:03+00:00
trackb_cont_CLMT_20260608,,,,,,,,,,,,,,pending,,2026-06-08T13:10:03+00:00
trackb_cont_CLOV_20260608,,,,,,,,,,,,,,pending,,2026-06-08T13:11:38+00:00
trackb_cont_CLSK_20260603,,,,,,18.27,14.061,,,,,,-20.5144,pending,,2026-06-08T13:10:58+00:00
trackb_cont_CLSK_20260604,,,,,,17.165001,14.061,,,,,,-20.5144,pending,,2026-06-08T13:10:58+00:00
trackb_cont_CLSK_20260605,,,,,,16.065001,14.061,,,,,,-20.5144,pending,,2026-06-08T13:10:58+00:00
trackb_cont_CLSK_20260608,,,,,,,,,,,,,,pending,,2026-06-08T13:10:58+00:00
trackb_cont_CMCO_20260603,,,,,,15.77,12.82,,,,,,-15.4354,pending,,2026-06-08T13:10:45+00:00
trackb_cont_CMCO_20260604,,,,,,14.5,12.82,,,,,,-15.4354,pending,,2026-06-08T13:10:45+00:00
trackb_cont_CMCO_20260605,,,,,,14.29,12.82,,,,,,-15.4354,pending,,2026-06-08T13:10:45+00:00
trackb_cont_CMCO_20260608,,,,,,,,,,,,,,pending,,2026-06-08T13:10:45+00:00
trackb_cont_CMC_20260603,,,,,,77.209999,73.349998,,,,,,-4.43,pending,,2026-06-08T13:10:29+00:00
trackb_cont_CMC_20260604,,,,,,77.209999,73.349998,,,,,,-4.43,pending,,2026-06-08T13:10:29+00:00
trackb_cont_CMC_20260605,,,,,,76.239998,73.349998,,,,,,-4.43,pending,,2026-06-08T13:10:29+00:00
trackb_cont_CMC_20260608,,,,,,,,,,,,,,pending,,2026-06-08T13:10:29+00:00
trackb_cont_CMP_20260603,,,,,,33.310001,29.549999,,,,,,-10.4002,pending,,2026-06-08T13:10:09+00:00
trackb_cont_CMP_20260604,,,,,,32.189999,29.549999,,,,,,-10.4002,pending,,2026-06-08T13:10:09+00:00
trackb_cont_CMP_20260605,,,,,,31.15,29.549999,,,,,,-10.4002,pending,,2026-06-08T13:10:09+00:00
trackb_cont_CMP_20260608,,,,,,,,,,,,,,pending,,2026-06-08T13:10:09+00:00
trackb_cont_CNC_20260603,,,,,,63.5,58.23,,,,,,-0.8514,pending,,2026-06-08T13:10:51+00:00
trackb_cont_CNC_20260604,,,,,,63.5,60.959999,,,,,,3.797,pending,,2026-06-08T13:10:51+00:00
trackb_cont_CNC_20260605,,,,,,62.959999,61.700001,,,,,,5.057,pending,,2026-06-08T13:10:51+00:00
trackb_cont_CNC_20260608,,,,,,,,,,,,,,pending,,2026-06-08T13:10:51+00:00
trackb_cont_CNK_20260603,,,,,,31.48,29.530001,,,,,,-1.4352,pending,,2026-06-08T13:10:15+00:00
trackb_cont_CNK_20260604,,,,,,31.48,29.969999,,,,,,0.0334,pending,,2026-06-08T13:10:15+00:00
trackb_cont_CNK_20260605,,,,,,31.48,30.860001,,,,,,3.004,pending,,2026-06-08T13:10:15+00:00
trackb_cont_CNK_20260608,,,,,,,,,,,,,,pending,,2026-06-08T13:10:15+00:00
trackb_cont_CNM_20260603,,,,,,52.830002,50.470001,,,,,,-1.5796,pending,,2026-06-08T13:10:40+00:00
trackb_cont_CNM_20260604,,,,,,52.830002,51.650002,,,,,,0.7215,pending,,2026-06-08T13:10:40+00:00
trackb_cont_CNM_20260605,,,,,,52.689999,51.650002,,,,,,0.7215,pending,,2026-06-08T13:10:40+00:00
trackb_cont_CNM_20260608,,,,,,,,,,,,,,pending,,2026-06-08T13:10:40+00:00
trackb_cont_COHR_20260603,,,,,,440.0,375.089996,,,,,,-10.1936,pending,,2026-06-08T13:09:47+00:00
trackb_cont_COHR_20260604,,,,,,432.51001,375.089996,,,,,,-10.1936,pending,,2026-06-08T13:09:47+00:00
trackb_cont_COHR_20260605,,,,,,417.76001,375.089996,,,,,,-10.1936,pending,,2026-06-08T13:09:47+00:00
trackb_cont_COHR_20260608,,,,,,,,,,,,,,pending,,2026-06-08T13:09:47+00:00
trackb_cont_COHU_20260603,,,,,,58.459999,49.380001,,,,,,-12.6018,pending,,2026-06-08T13:09:45+00:00
trackb_cont_COHU_20260604,,,,,,57.419998,49.380001,,,,,,-12.6018,pending,,2026-06-08T13:09:45+00:00
trackb_cont_COHU_20260605,,,,,,54.540001,49.380001,,,,,,-12.6018,pending,,2026-06-08T13:09:45+00:00
trackb_cont_COHU_20260608,,,,,,,,,,,,,,pending,,2026-06-08T13:09:45+00:00
trackb_cont_COLD_20260603,,,,,,15.09,14.585,,,,,,-1.1522,pending,,2026-06-08T13:11:01+00:00
trackb_cont_COLD_20260604,,,,,,15.09,14.68,,,,,,-0.5083,pending,,2026-06-08T13:11:01+00:00
trackb_cont_COLD_20260605,,,,,,14.99,14.7,,,,,,-0.3728,pending,,2026-06-08T13:11:01+00:00
trackb_cont_COLM_20260603,,,,,,66.32,63.720001,,,,,,-3.0285,pending,,2026-06-08T13:10:28+00:00
trackb_cont_COLM_20260604,,,,,,66.040001,63.720001,,,,,,-3.0285,pending,,2026-06-08T13:10:28+00:00
trackb_cont_COLM_20260605,,,,,,65.129997,63.720001,,,,,,-3.0285,pending,,2026-06-08T13:10:28+00:00
trackb_cont_CORZ_20260603,,,,,,29.700001,25.18,,,,,,-13.8261,pending,,2026-06-08T13:10:25+00:00
trackb_cont_CORZ_20260604,,,,,,28.504999,25.18,,,,,,-13.8261,pending,,2026-06-08T13:10:25+00:00
trackb_cont_CORZ_20260605,,,,,,27.190001,25.18,,,,,,-13.8261,pending,,2026-06-08T13:10:25+00:00
trackb_cont_CORZ_20260608,,,,,,,,,,,,,,pending,,2026-06-08T13:10:25+00:00
trackb_cont_CPB_20260603,,,,,,21.940001,20.65,,,,,,-4.3095,pending,,2026-06-08T13:11:04+00:00
trackb_cont_CPB_20260604,,,,,,21.940001,21.200001,,,,,,-1.7609,pending,,2026-06-08T13:11:04+00:00
trackb_cont_CPB_20260605,,,,,,21.940001,21.200001,,,,,,-1.7609,pending,,2026-06-08T13:11:04+00:00
trackb_cont_CPB_20260608,,,,,,,,,,,,,,pending,,2026-06-08T13:11:04+00:00
trackb_cont_CRI_20260603,,,,,,39.740002,36.900002,,,,,,-5.9153,pending,,2026-06-08T13:10:32+00:00
trackb_cont_CRI_20260604,,,,,,39.259998,36.900002,,,,,,-5.9153,pending,,2026-06-08T13:10:32+00:00
trackb_cont_CRI_20260605,,,,,,38.450001,37.369999,,,,,,-4.717,pending,,2026-06-08T13:10:32+00:00
trackb_cont_CRI_20260608,,,,,,,,,,,,,,pending,,2026-06-08T13:10:32+00:00
trackb_cont_CRL_20260608,,,,,,,,,,,,,,pending,,2026-06-08T13:11:39+00:00
trackb_cont_CRM_20260603,,,,,,198.089996,184.830002,,,,,,-3.2633,pending,,2026-06-08T13:10:55+00:00
trackb_cont_CRM_20260604,,,,,,198.089996,184.830002,,,,,,-3.2633,pending,,2026-06-08T13:10:55+00:00
trackb_cont_CRM_20260605,,,,,,192.509995,184.830002,,,,,,-3.2633,pending,,2026-06-08T13:10:55+00:00
trackb_cont_CRM_20260608,,,,,,,,,,,,,,pending,,2026-06-08T13:10:55+00:00
trackb_cont_CROX_20260603,,,,,,122.339996,115.699997,,,,,,-2.593,pending,,2026-06-08T13:10:34+00:00
trackb_cont_CROX_20260604,,,,,,122.339996,116.550003,,,,,,-1.8774,pending,,2026-06-08T13:10:34+00:00
trackb_cont_CROX_20260605,,,,,,120.860001,116.550003,,,,,,-1.8774,pending,,2026-06-08T13:10:34+00:00
trackb_cont_CROX_20260608,,,,,,,,,,,,,,pending,,2026-06-08T13:10:34+00:00
trackb_cont_CRSR_20260603,,,,,,11.29,9.0,,,,,,-15.7698,pending,,2026-06-08T13:11:01+00:00
trackb_cont_CRSR_20260604,,,,,,10.28,9.0,,,,,,-15.7698,pending,,2026-06-08T13:11:01+00:00
trackb_cont_CRSR_20260605,,,,,,9.69,9.0,,,,,,-15.7698,pending,,2026-06-08T13:11:01+00:00
trackb_cont_CRS_20260603,,,,,,500.160004,477.829987,,,,,,-1.7437,pending,,2026-06-08T13:09:57+00:00
trackb_cont_CRS_20260604,,,,,,500.160004,477.829987,,,,,,-1.7437,pending,,2026-06-08T13:09:57+00:00
trackb_cont_CRS_20260605,,,,,,500.160004,480.700012,,,,,,-1.1536,pending,,2026-06-08T13:09:57+00:00
trackb_cont_CRS_20260608,,,,,,,,,,,,,,pending,,2026-06-08T13:09:57+00:00
trackb_cont_CRWD_20260603,,,,,,767.0,670.099976,,,,,,-10.8566,pending,,2026-06-08T13:09:44+00:00
trackb_cont_CRWD_20260604,,,,,,720.960022,670.099976,,,,,,-10.8566,pending,,2026-06-08T13:09:44+00:00
trackb_cont_CRWD_20260605,,,,,,706.219971,670.099976,,,,,,-10.8566,pending,,2026-06-08T13:09:44+00:00
trackb_cont_CRWD_20260608,,,,,,,,,,,,,,pending,,2026-06-08T13:09:44+00:00
trackb_cont_CSCO_20260603,,,,,,130.369995,121.550003,,,,,,-4.9871,pending,,2026-06-08T13:09:18+00:00
trackb_cont_CSCO_20260604,,,,,,130.369995,121.550003,,,,,,-4.9871,pending,,2026-06-08T13:09:18+00:00
trackb_cont_CSCO_20260605,,,,,,128.839996,121.550003,,,,,,-4.9871,pending,,2026-06-08T13:09:18+00:00
trackb_cont_CSCO_20260608,,,,,,,,,,,,,,pending,,2026-06-08T13:09:18+00:00
trackb_cont_CTAS_20260603,,,,,,182.729996,171.949997,,,,,,-0.9219,pending,,2026-06-08T13:10:37+00:00
trackb_cont_CTAS_20260604,,,,,,182.729996,177.720001,,,,,,2.4028,pending,,2026-06-08T13:10:37+00:00
trackb_cont_CTAS_20260605,,,,,,182.729996,179.190002,,,,,,3.2498,pending,,2026-06-08T13:10:37+00:00
trackb_cont_CTAS_20260608,,,,,,,,,,,,,,pending,,2026-06-08T13:10:37+00:00
trackb_cont_CURB_20260603,,,,,,29.49,28.57,,,,,,-1.2785,pending,,2026-06-08T13:10:52+00:00
trackb_cont_CURB_20260604,,,,,,29.49,28.73,,,,,,-0.7256,pending,,2026-06-08T13:10:52+00:00
trackb_cont_CURB_20260605,,,,,,29.415001,28.73,,,,,,-0.7256,pending,,2026-06-08T13:10:52+00:00
trackb_cont_CURB_20260608,,,,,,,,,,,,,,pending,,2026-06-08T13:10:52+00:00
trackb_cont_CURI_20260603,,,,,,3.28,2.76,,,,,,-9.5082,pending,,2026-06-08T13:10:00+00:00
trackb_cont_CURI_20260604,,,,,,3.28,2.76,,,,,,-9.5082,pending,,2026-06-08T13:10:00+00:00
trackb_cont_CURI_20260605,,,,,,3.05,2.76,,,,,,-9.5082,pending,,2026-06-08T13:10:00+00:00
trackb_cont_CURI_20260608,,,,,,,,,,,,,,pending,,2026-06-08T13:10:00+00:00
trackb_cont_CUZ_20260603,,,,,,27.799999,27.15,,,,,,-0.1104,pending,,2026-06-08T13:09:24+00:00
trackb_cont_CUZ_20260604,,,,,,27.799999,27.370001,,,,,,0.699,pending,,2026-06-08T13:09:24+00:00
trackb_cont_CUZ_20260605,,,,,,27.780001,27.49,,,,,,1.1405,pending,,2026-06-08T13:09:24+00:00
trackb_cont_CUZ_20260608,,,,,,,,,,,,,,pending,,2026-06-08T13:09:24+00:00
trackb_cont_CVCO_20260603,,,,,,562.969971,531.840027,,,,,,-1.1192,pending,,2026-06-08T13:10:14+00:00
trackb_cont_CVCO_20260604,,,,,,562.969971,539.359985,,,,,,0.2789,pending,,2026-06-08T13:10:14+00:00
trackb_cont_CVCO_20260605,,,,,,562.969971,545.98999,,,,,,1.5115,pending,,2026-06-08T13:10:14+00:00
trackb_cont_CVCO_20260608,,,,,,,,,,,,,,pending,,2026-06-08T13:10:14+00:00
trackb_cont_CVI_20260603,,,,,,36.43,32.91,,,,,,-8.5833,pending,,2026-06-08T13:09:47+00:00
trackb_cont_CVI_20260604,,,,,,34.490002,32.91,,,,,,-8.5833,pending,,2026-06-08T13:09:47+00:00
trackb_cont_CVI_20260605,,,,,,34.330002,32.91,,,,,,-8.5833,pending,,2026-06-08T13:09:47+00:00
trackb_cont_CVLG_20260603,,,,,,44.200001,41.310001,,,,,,-1.7804,pending,,2026-06-08T13:09:23+00:00
trackb_cont_CVLG_20260604,,,,,,44.200001,42.349998,,,,,,0.6924,pending,,2026-06-08T13:09:23+00:00
trackb_cont_CVLG_20260605,,,,,,44.200001,42.68,,,,,,1.477,pending,,2026-06-08T13:09:23+00:00
trackb_cont_CVLG_20260608,,,,,,,,,,,,,,pending,,2026-06-08T13:09:23+00:00
trackb_cont_CWEN_20260603,,,,,,41.459999,39.439999,,,,,,-4.3647,pending,,2026-06-08T13:09:55+00:00
trackb_cont_CWEN_20260604,,,,,,40.93,39.439999,,,,,,-4.3647,pending,,2026-06-08T13:09:55+00:00
trackb_cont_CWEN_20260605,,,,,,40.310001,39.439999,,,,,,-4.3647,pending,,2026-06-08T13:09:55+00:00
trackb_cont_CWEN_20260608,,,,,,,,,,,,,,pending,,2026-06-08T13:09:55+00:00
trackb_cont_CWT_20260603,,,,,,46.23,44.59,,,,,,-1.1363,pending,,2026-06-08T13:10:11+00:00
trackb_cont_CWT_20260604,,,,,,46.23,44.93,,,,,,-0.3825,pending,,2026-06-08T13:10:11+00:00
trackb_cont_CWT_20260605,,,,,,46.23,45.23,,,,,,0.2827,pending,,2026-06-08T13:10:11+00:00
trackb_cont_CWT_20260608,,,,,,,,,,,,,,pending,,2026-06-08T13:10:11+00:00
trackb_cont_CXW_20260603,,,,,,23.43,21.129999,,,,,,-1.9717,pending,,2026-06-08T13:11:17+00:00
trackb_cont_CXW_20260604,,,,,,23.43,21.85,,,,,,1.3686,pending,,2026-06-08T13:11:17+00:00
trackb_cont_CXW_20260605,,,,,,23.43,22.74,,,,,,5.4976,pending,,2026-06-08T13:11:17+00:00
trackb_cont_CXW_20260608,,,,,,,,,,,,,,pending,,2026-06-08T13:11:17+00:00
trackb_cont_CYRX_20260603,,,,,,16.73,15.52,,,,,,-5.2503,pending,,2026-06-08T13:10:07+00:00
trackb_cont_CYRX_20260604,,,,,,16.73,15.52,,,,,,-5.2503,pending,,2026-06-08T13:10:07+00:00
trackb_cont_CYRX_20260605,,,,,,16.1,15.52,,,,,,-5.2503,pending,,2026-06-08T13:10:07+00:00
trackb_cont_CYRX_20260608,,,,,,,,,,,,,,pending,,2026-06-08T13:10:07+00:00
trackb_cont_CZR_20260603,,,,,,29.309999,29.110001,,,,,,-0.4616,pending,,2026-06-08T13:09:25+00:00
trackb_cont_CZR_20260604,,,,,,29.299999,29.110001,,,,,,-0.4616,pending,,2026-06-08T13:09:25+00:00
trackb_cont_CZR_20260605,,,,,,29.299999,29.110001,,,,,,-0.4616,pending,,2026-06-08T13:09:25+00:00
trackb_cont_CZR_20260608,,,,,,,,,,,,,,pending,,2026-06-08T13:09:25+00:00
trackb_cont_C_20260603,,,,,,135.830002,128.270004,,,,,,-0.6814,pending,,2026-06-08T13:10:04+00:00
trackb_cont_C_20260604,,,,,,135.830002,130.869995,,,,,,1.3318,pending,,2026-06-08T13:10:04+00:00
trackb_cont_C_20260605,,,,,,135.830002,131.190002,,,,,,1.5796,pending,,2026-06-08T13:10:04+00:00
trackb_cont_C_20260608,,,,,,,,,,,,,,pending,,2026-06-08T13:10:04+00:00
trackb_cont_DAL_20260603,,,,,,80.440002,78.540001,,,,,,-0.6326,pending,,2026-06-08T13:10:59+00:00
trackb_cont_DAL_20260604,,,,,,80.440002,78.540001,,,,,,-0.6326,pending,,2026-06-08T13:10:59+00:00
trackb_cont_DAL_20260605,,,,,,80.050003,78.540001,,,,,,-0.6326,pending,,2026-06-08T13:10:59+00:00
trackb_cont_DAL_20260608,,,,,,,,,,,,,,pending,,2026-06-08T13:10:59+00:00
trackb_cont_DAN_20260603,,,,,,37.540001,34.91,,,,,,-6.3573,pending,,2026-06-08T13:09:56+00:00
trackb_cont_DAN_20260604,,,,,,36.849998,34.91,,,,,,-6.3573,pending,,2026-06-08T13:09:56+00:00
trackb_cont_DAN_20260605,,,,,,36.189999,34.91,,,,,,-6.3573,pending,,2026-06-08T13:09:56+00:00
trackb_cont_DAN_20260608,,,,,,,,,,,,,,pending,,2026-06-08T13:09:56+00:00
trackb_cont_DBI_20260603,,,,,,9.17,7.95,,,,,,-7.5581,pending,,2026-06-08T13:09:24+00:00
trackb_cont_DBI_20260604,,,,,,9.17,7.95,,,,,,-7.5581,pending,,2026-06-08T13:09:24+00:00
trackb_cont_DBI_20260605,,,,,,9.02,7.95,,,,,,-7.5581,pending,,2026-06-08T13:09:24+00:00
trackb_cont_DBI_20260608,,,,,,,,,,,,,,pending,,2026-06-08T13:09:24+00:00
trackb_cont_DDD_20260603,,,,,,3.88,2.83,,,,,,-24.5333,pending,,2026-06-08T13:10:21+00:00
trackb_cont_DDD_20260604,,,,,,3.39,2.83,,,,,,-24.5333,pending,,2026-06-08T13:10:21+00:00
trackb_cont_DDD_20260605,,,,,,3.08,2.83,,,,,,-24.5333,pending,,2026-06-08T13:10:21+00:00
trackb_cont_DDD_20260608,,,,,,,,,,,,,,pending,,2026-06-08T13:10:21+00:00
trackb_cont_DDOG_20260603,,,,,,262.200012,230.570007,,,,,,-6.4207,pending,,2026-06-08T13:09:53+00:00
trackb_cont_DDOG_20260604,,,,,,251.399994,230.570007,,,,,,-6.4207,pending,,2026-06-08T13:09:53+00:00
trackb_cont_DDOG_20260605,,,,,,241.610001,230.570007,,,,,,-6.4207,pending,,2026-06-08T13:09:53+00:00
trackb_cont_DDOG_20260608,,,,,,,,,,,,,,pending,,2026-06-08T13:09:53+00:00
trackb_cont_DEA_20260603,,,,,,24.09,23.469999,,,,,,-0.8868,pending,,2026-06-08T13:11:16+00:00
trackb_cont_DEA_20260604,,,,,,24.09,23.469999,,,,,,-0.8868,pending,,2026-06-08T13:11:16+00:00
trackb_cont_DEA_20260605,,,,,,24.09,23.684999,,,,,,0.0211,pending,,2026-06-08T13:11:16+00:00
trackb_cont_DECK_20260603,,,,,,109.93,105.129997,,,,,,-1.5683,pending,,2026-06-08T13:10:53+00:00
trackb_cont_DECK_20260604,,,,,,109.779999,107.169998,,,,,,0.3417,pending,,2026-06-08T13:10:53+00:00
trackb_cont_DECK_20260605,,,,,,109.779999,107.209999,,,,,,0.3792,pending,,2026-06-08T13:10:53+00:00
trackb_cont_DECK_20260608,,,,,,,,,,,,,,pending,,2026-06-08T13:10:53+00:00
trackb_cont_DEI_20260608,,,,,,,,,,,,,,pending,,2026-06-08T13:11:40+00:00
trackb_cont_DELL_20260603,,,,,,436.0,386.279999,,,,,,-6.9586,pending,,2026-06-08T13:10:21+00:00
trackb_cont_DELL_20260604,,,,,,430.5,386.279999,,,,,,-6.9586,pending,,2026-06-08T13:10:21+00:00
trackb_cont_DELL_20260605,,,,,,412.899994,386.279999,,,,,,-6.9586,pending,,2026-06-08T13:10:21+00:00
trackb_cont_DELL_20260608,,,,,,,,,,,,,,pending,,2026-06-08T13:10:21+00:00
trackb_cont_DEVS_20260603,,,,,,0.919,0.451,,,,,,-43.3559,pending,,2026-06-08T13:10:37+00:00
trackb_cont_DEVS_20260604,,,,,,0.69,0.451,,,,,,-43.3559,pending,,2026-06-08T13:10:37+00:00
trackb_cont_DEVS_20260605,,,,,,0.69,0.515,,,,,,-35.3178,pending,,2026-06-08T13:10:37+00:00
trackb_cont_DEVS_20260608,,,,,,,,,,,,,,pending,,2026-06-08T13:10:37+00:00
trackb_cont_DE_20260603,,,,,,604.51001,575.609985,,,,,,-2.386,pending,,2026-06-08T13:10:41+00:00
trackb_cont_DE_20260604,,,,,,604.51001,579.219971,,,,,,-1.7738,pending,,2026-06-08T13:10:41+00:00
trackb_cont_DE_20260605,,,,,,597.820007,579.219971,,,,,,-1.7738,pending,,2026-06-08T13:10:41+00:00
trackb_cont_DE_20260608,,,,,,,,,,,,,,pending,,2026-06-08T13:10:41+00:00
trackb_cont_DFH_20260603,,,,,,14.99,14.08,,,,,,-1.7446,pending,,2026-06-08T13:11:14+00:00
trackb_cont_DFH_20260604,,,,,,14.84,14.08,,,,,,-1.7446,pending,,2026-06-08T13:11:14+00:00
trackb_cont_DFH_20260605,,,,,,14.81,14.08,,,,,,-1.7446,pending,,2026-06-08T13:11:14+00:00
trackb_cont_DGII_20260603,,,,,,70.300003,65.400002,,,,,,-3.4473,pending,,2026-06-08T13:09:54+00:00
trackb_cont_DGII_20260604,,,,,,69.400002,65.400002,,,,,,-3.4473,pending,,2026-06-08T13:09:54+00:00
trackb_cont_DGII_20260605,,,,,,68.550003,65.400002,,,,,,-3.4473,pending,,2026-06-08T13:09:54+00:00
trackb_cont_DGII_20260608,,,,,,,,,,,,,,pending,,2026-06-08T13:09:54+00:00
trackb_cont_DGXX_20260603,,,,,,8.52,5.97,,,,,,-22.3667,pending,,2026-06-08T13:11:18+00:00
trackb_cont_DGXX_20260604,,,,,,8.0,5.97,,,,,,-22.3667,pending,,2026-06-08T13:11:18+00:00
trackb_cont_DGXX_20260605,,,,,,7.26,5.97,,,,,,-22.3667,pending,,2026-06-08T13:11:18+00:00
trackb_cont_DHI_20260603,,,,,,147.960007,144.169998,,,,,,-0.5724,pending,,2026-06-08T13:11:00+00:00
trackb_cont_DHI_20260604,,,,,,147.960007,144.210007,,,,,,-0.5448,pending,,2026-06-08T13:11:00+00:00
trackb_cont_DHI_20260605,,,,,,147.059998,144.210007,,,,,,-0.5448,pending,,2026-06-08T13:11:00+00:00
trackb_cont_DHI_20260608,,,,,,,,,,,,,,pending,,2026-06-08T13:11:00+00:00
trackb_cont_DINO_20260603,,,,,,74.379997,70.690002,,,,,,-4.5181,pending,,2026-06-08T13:10:18+00:00
trackb_cont_DINO_20260604,,,,,,73.660004,70.690002,,,,,,-4.5181,pending,,2026-06-08T13:10:18+00:00
trackb_cont_DINO_20260605,,,,,,72.559998,70.690002,,,,,,-4.5181,pending,,2026-06-08T13:10:18+00:00
trackb_cont_DINO_20260608,,,,,,,,,,,,,,pending,,2026-06-08T13:10:18+00:00
trackb_cont_DK_20260608,,,,,,,,,,,,,,pending,,2026-06-08T13:11:38+00:00
trackb_cont_DLTR_20260603,,,,,,115.230003,107.93,,,,,,-2.1797,pending,,2026-06-08T13:11:00+00:00
trackb_cont_DLTR_20260604,,,,,,115.230003,107.93,,,,,,-2.1797,pending,,2026-06-08T13:11:00+00:00
trackb_cont_DLTR_20260605,,,,,,110.769997,107.93,,,,,,-2.1797,pending,,2026-06-08T13:11:00+00:00
trackb_cont_DLTR_20260608,,,,,,,,,,,,,,pending,,2026-06-08T13:11:00+00:00
trackb_cont_DNOW_20260608,,,,,,,,,,,,,,pending,,2026-06-08T13:11:37+00:00
trackb_cont_DOCN_20260603,,,,,,184.460007,160.880005,,,,,,-7.858,pending,,2026-06-08T13:09:59+00:00
trackb_cont_DOCN_20260604,,,,,,184.460007,160.880005,,,,,,-7.858,pending,,2026-06-08T13:09:59+00:00
trackb_cont_DOCN_20260605,,,,,,180.5,162.229996,,,,,,-7.0848,pending,,2026-06-08T13:09:59+00:00
trackb_cont_DOCN_20260608,,,,,,,,,,,,,,pending,,2026-06-08T13:09:59+00:00
trackb_cont_DOC_20260603,,,,,,19.870001,19.07,,,,,,-1.3706,pending,,2026-06-08T13:10:46+00:00
trackb_cont_DOC_20260604,,,,,,19.870001,19.23,,,,,,-0.5431,pending,,2026-06-08T13:10:46+00:00
trackb_cont_DOC_20260605,,,,,,19.870001,19.450001,,,,,,0.5948,pending,,2026-06-08T13:10:46+00:00
trackb_cont_DORM_20260603,,,,,,129.289993,123.839996,,,,,,-0.354,pending,,2026-06-08T13:09:53+00:00
trackb_cont_DORM_20260604,,,,,,129.289993,124.889999,,,,,,0.4908,pending,,2026-06-08T13:09:53+00:00
trackb_cont_DORM_20260605,,,,,,129.289993,125.309998,,,,,,0.8288,pending,,2026-06-08T13:09:53+00:00
trackb_cont_DORM_20260608,,,,,,,,,,,,,,pending,,2026-06-08T13:09:53+00:00
trackb_cont_DRH_20260603,,,,,,11.7,11.07,,,,,,-1.3808,pending,,2026-06-08T13:10:02+00:00
trackb_cont_DRH_20260604,,,,,,11.7,11.32,,,,,,0.8463,pending,,2026-06-08T13:10:02+00:00
trackb_cont_DRH_20260605,,,,,,11.7,11.53,,,,,,2.7171,pending,,2026-06-08T13:10:02+00:00
trackb_cont_DRH_20260608,,,,,,,,,,,,,,pending,,2026-06-08T13:10:02+00:00
trackb_cont_DVA_20260603,,,,,,199.149994,186.610001,,,,,,-3.0144,pending,,2026-06-08T13:11:11+00:00
trackb_cont_DVA_20260604,,,,,,199.149994,191.009995,,,,,,-0.7276,pending,,2026-06-08T13:11:11+00:00
trackb_cont_DVA_20260605,,,,,,196.380005,191.600006,,,,,,-0.421,pending,,2026-06-08T13:11:11+00:00
trackb_cont_DVA_20260608,,,,,,,,,,,,,,pending,,2026-06-08T13:11:11+00:00
trackb_cont_DXCM_20260603,,,,,,75.440002,71.529999,,,,,,-0.825,pending,,2026-06-08T13:10:30+00:00
trackb_cont_DXCM_20260604,,,,,,75.440002,71.529999,,,,,,-0.825,pending,,2026-06-08T13:10:30+00:00
trackb_cont_DXCM_20260605,,,,,,75.440002,72.519997,,,,,,0.5477,pending,,2026-06-08T13:10:30+00:00
trackb_cont_DXCM_20260608,,,,,,,,,,,,,,pending,,2026-06-08T13:10:30+00:00
trackb_cont_D_20260603,,,,,,67.519997,65.459999,,,,,,-1.697,pending,,2026-06-08T13:10:57+00:00
trackb_cont_D_20260604,,,,,,67.519997,65.470001,,,,,,-1.6819,pending,,2026-06-08T13:10:57+00:00
trackb_cont_D_20260605,,,,,,67.519997,66.199997,,,,,,-0.5857,pending,,2026-06-08T13:10:57+00:00
trackb_cont_D_20260608,,,,,,,,,,,,,,pending,,2026-06-08T13:10:57+00:00
trackb_cont_EA_20260603,,,,,,203.899994,201.809998,,,,,,-0.3604,pending,,2026-06-08T13:10:28+00:00
trackb_cont_EA_20260604,,,,,,203.899994,202.710007,,,,,,0.0839,pending,,2026-06-08T13:10:28+00:00
trackb_cont_EA_20260605,,,,,,203.899994,202.710007,,,,,,0.0839,pending,,2026-06-08T13:10:28+00:00
trackb_cont_EA_20260608,,,,,,,,,,,,,,pending,,2026-06-08T13:10:28+00:00
trackb_cont_EEX_20260603,,,,,,4.99,4.97,,,,,,-0.1005,pending,,2026-06-08T13:10:16+00:00
trackb_cont_EEX_20260604,,,,,,4.99,4.97,,,,,,-0.1005,pending,,2026-06-08T13:10:16+00:00
trackb_cont_EEX_20260605,,,,,,4.99,4.97,,,,,,-0.1005,pending,,2026-06-08T13:10:16+00:00
trackb_cont_EEX_20260608,,,,,,,,,,,,,,pending,,2026-06-08T13:10:16+00:00
trackb_cont_EFC_20260603,,,,,,13.61,13.35,,,,,,-0.5031,pending,,2026-06-08T13:09:45+00:00
trackb_cont_EFC_20260604,,,,,,13.61,13.36,,,,,,-0.4285,pending,,2026-06-08T13:09:45+00:00
trackb_cont_EFC_20260605,,,,,,13.61,13.5,,,,,,0.6149,pending,,2026-06-08T13:09:45+00:00
trackb_cont_EFX_20260603,,,,,,178.339996,165.100006,,,,,,-1.4828,pending,,2026-06-08T13:10:27+00:00
trackb_cont_EFX_20260604,,,,,,178.339996,168.910004,,,,,,0.7906,pending,,2026-06-08T13:10:27+00:00
trackb_cont_EFX_20260605,,,,,,174.0,168.910004,,,,,,0.7906,pending,,2026-06-08T13:10:27+00:00
trackb_cont_EIG_20260603,,,,,,46.529999,43.150002,,,,,,-0.6104,pending,,2026-06-08T13:10:35+00:00
trackb_cont_EIG_20260604,,,,,,46.529999,44.119999,,,,,,1.6239,pending,,2026-06-08T13:10:35+00:00
trackb_cont_EIG_20260605,,,,,,46.529999,44.639999,,,,,,2.8216,pending,,2026-06-08T13:10:35+00:00
trackb_cont_EIG_20260608,,,,,,,,,,,,,,pending,,2026-06-08T13:10:35+00:00
trackb_cont_EIX_20260603,,,,,,73.830002,70.75,,,,,,-2.2047,pending,,2026-06-08T13:10:29+00:00
trackb_cont_EIX_20260604,,,,,,73.830002,71.07,,,,,,-1.7624,pending,,2026-06-08T13:10:29+00:00
trackb_cont_EIX_20260605,,,,,,73.830002,71.970001,,,,,,-0.5183,pending,,2026-06-08T13:10:29+00:00
trackb_cont_EIX_20260608,,,,,,,,,,,,,,pending,,2026-06-08T13:10:29+00:00
trackb_cont_EMN_20260603,,,,,,76.809998,71.290001,,,,,,-6.7373,pending,,2026-06-08T13:10:32+00:00
trackb_cont_EMN_20260604,,,,,,75.0,71.290001,,,,,,-6.7373,pending,,2026-06-08T13:10:32+00:00
trackb_cont_EMN_20260605,,,,,,73.300003,71.290001,,,,,,-6.7373,pending,,2026-06-08T13:10:32+00:00
trackb_cont_EMN_20260608,,,,,,,,,,,,,,pending,,2026-06-08T13:10:32+00:00
trackb_cont_ENPH_20260603,,,,,,72.800003,56.0,,,,,,-18.9932,pending,,2026-06-08T13:09:35+00:00
trackb_cont_ENPH_20260604,,,,,,69.940002,56.0,,,,,,-18.9932,pending,,2026-06-08T13:09:35+00:00
trackb_cont_ENPH_20260605,,,,,,66.610001,56.0,,,,,,-18.9932,pending,,2026-06-08T13:09:35+00:00
trackb_cont_ENPH_20260608,,,,,,,,,,,,,,pending,,2026-06-08T13:09:35+00:00
trackb_cont_ENR_20260608,,,,,,,,,,,,,,pending,,2026-06-08T13:11:36+00:00
trackb_cont_ENS_20260603,,,,,,241.419998,223.449997,,,,,,-6.3947,pending,,2026-06-08T13:10:49+00:00
trackb_cont_ENS_20260604,,,,,,241.419998,223.449997,,,,,,-6.3947,pending,,2026-06-08T13:10:49+00:00
trackb_cont_ENS_20260605,,,,,,233.899994,223.449997,,,,,,-6.3947,pending,,2026-06-08T13:10:49+00:00
trackb_cont_ENS_20260608,,,,,,,,,,,,,,pending,,2026-06-08T13:10:49+00:00
trackb_cont_ENVX_20260603,,,,,,8.68,7.1,,,,,,-15.5265,pending,,2026-06-08T13:10:23+00:00
trackb_cont_ENVX_20260604,,,,,,8.545,7.1,,,,,,-15.5265,pending,,2026-06-08T13:10:23+00:00
trackb_cont_ENVX_20260605,,,,,,8.23,7.1,,,,,,-15.5265,pending,,2026-06-08T13:10:23+00:00
trackb_cont_ENVX_20260608,,,,,,,,,,,,,,pending,,2026-06-08T13:10:23+00:00
trackb_cont_EOSE_20260603,,,,,,9.128,6.74,,,,,,-21.5823,pending,,2026-06-08T13:10:25+00:00
trackb_cont_EOSE_20260604,,,,,,8.175,6.74,,,,,,-21.5823,pending,,2026-06-08T13:10:25+00:00
trackb_cont_EOSE_20260605,,,,,,7.82,6.74,,,,,,-21.5823,pending,,2026-06-08T13:10:25+00:00
trackb_cont_EPSM_20260603,,,,,,1.76,0.83,,,,,,-48.125,pending,,2026-06-08T13:10:53+00:00
trackb_cont_EPSM_20260604,,,,,,1.76,0.83,,,,,,-48.125,pending,,2026-06-08T13:10:53+00:00
trackb_cont_EPSM_20260605,,,,,,1.5,0.83,,,,,,-48.125,pending,,2026-06-08T13:10:53+00:00
trackb_cont_EQIX_20260608,,,,,,,,,,,,,,pending,,2026-06-08T13:11:41+00:00
trackb_cont_EQR_20260608,,,,,,,,,,,,,,pending,,2026-06-08T13:11:33+00:00
trackb_cont_ESRT_20260603,,,,,,5.68,5.22,,,,,,-3.9558,pending,,2026-06-08T13:11:18+00:00
trackb_cont_ESRT_20260604,,,,,,5.48,5.22,,,,,,-3.9558,pending,,2026-06-08T13:11:18+00:00
trackb_cont_ESRT_20260605,,,,,,5.38,5.23,,,,,,-3.7718,pending,,2026-06-08T13:11:18+00:00
trackb_cont_ESS_20260603,,,,,,288.309998,276.299988,,,,,,-1.1166,pending,,2026-06-08T13:10:40+00:00
trackb_cont_ESS_20260604,,,,,,288.309998,279.23999,,,,,,-0.0644,pending,,2026-06-08T13:10:40+00:00
trackb_cont_ESS_20260605,,,,,,288.309998,283.670013,,,,,,1.521,pending,,2026-06-08T13:10:40+00:00
trackb_cont_ESS_20260608,,,,,,,,,,,,,,pending,,2026-06-08T13:10:40+00:00
trackb_cont_ES_20260608,,,,,,,,,,,,,,pending,,2026-06-08T13:11:37+00:00
trackb_cont_ETSY_20260603,,,,,,70.470001,66.269997,,,,,,-3.2696,pending,,2026-06-08T13:09:51+00:00
trackb_cont_ETSY_20260604,,,,,,68.440002,66.269997,,,,,,-3.2696,pending,,2026-06-08T13:09:51+00:00
trackb_cont_ETSY_20260605,,,,,,68.440002,66.269997,,,,,,-3.2696,pending,,2026-06-08T13:09:51+00:00
trackb_cont_ETSY_20260608,,,,,,,,,,,,,,pending,,2026-06-08T13:09:51+00:00
trackb_cont_EVC_20260603,,,,,,9.23,8.51,,,,,,-0.7001,pending,,2026-06-08T13:10:37+00:00
trackb_cont_EVC_20260604,,,,,,9.23,8.52,,,,,,-0.5834,pending,,2026-06-08T13:10:37+00:00
trackb_cont_EVC_20260605,,,,,,9.12,8.64,,,,,,0.8168,pending,,2026-06-08T13:10:37+00:00
trackb_cont_EVC_20260608,,,,,,,,,,,,,,pending,,2026-06-08T13:10:37+00:00
trackb_cont_EVGO_20260603,,,,,,2.51,2.12,,,,,,-6.1947,pending,,2026-06-08T13:10:54+00:00
trackb_cont_EVGO_20260604,,,,,,2.51,2.12,,,,,,-6.1947,pending,,2026-06-08T13:10:54+00:00
trackb_cont_EVGO_20260605,,,,,,2.47,2.12,,,,,,-6.1947,pending,,2026-06-08T13:10:54+00:00
trackb_cont_EVGO_20260608,,,,,,,,,,,,,,pending,,2026-06-08T13:10:54+00:00
trackb_cont_EVR_20260603,,,,,,350.829987,334.290009,,,,,,-1.8785,pending,,2026-06-08T13:10:35+00:00
trackb_cont_EVR_20260604,,,,,,350.829987,335.76001,,,,,,-1.4471,pending,,2026-06-08T13:10:35+00:00
trackb_cont_EVR_20260605,,,,,,348.0,335.76001,,,,,,-1.4471,pending,,2026-06-08T13:10:35+00:00
trackb_cont_EVR_20260608,,,,,,,,,,,,,,pending,,2026-06-08T13:10:35+00:00
trackb_cont_EWBC_20260608,,,,,,,,,,,,,,pending,,2026-06-08T13:11:35+00:00
trackb_cont_EW_20260603,,,,,,89.480003,84.699997,,,,,,-1.8483,pending,,2026-06-08T13:10:12+00:00
trackb_cont_EW_20260604,,,,,,89.480003,84.699997,,,,,,-1.8483,pending,,2026-06-08T13:10:12+00:00
trackb_cont_EW_20260605,,,,,,89.480003,84.699997,,,,,,-1.8483,pending,,2026-06-08T13:10:12+00:00
trackb_cont_EW_20260608,,,,,,,,,,,,,,pending,,2026-06-08T13:10:12+00:00
trackb_cont_EXPD_20260603,,,,,,163.0,157.630005,,,,,,-1.1476,pending,,2026-06-08T13:10:57+00:00
trackb_cont_EXPD_20260604,,,,,,163.0,159.070007,,,,,,-0.2446,pending,,2026-06-08T13:10:57+00:00
trackb_cont_EXPD_20260605,,,,,,162.0,159.940002,,,,,,0.301,pending,,2026-06-08T13:10:57+00:00
trackb_cont_EXPD_20260608,,,,,,,,,,,,,,pending,,2026-06-08T13:10:57+00:00
trackb_cont_EXP_20260603,,,,,,222.0,210.529999,,,,,,-3.5461,pending,,2026-06-08T13:10:47+00:00
trackb_cont_EXP_20260604,,,,,,222.0,210.529999,,,,,,-3.5461,pending,,2026-06-08T13:10:47+00:00
trackb_cont_EXP_20260605,,,,,,218.940002,210.529999,,,,,,-3.5461,pending,,2026-06-08T13:10:47+00:00
trackb_cont_EXP_20260608,,,,,,,,,,,,,,pending,,2026-06-08T13:10:47+00:00
trackb_cont_EXR_20260608,,,,,,,,,,,,,,pending,,2026-06-08T13:11:37+00:00
trackb_cont_EXTR_20260603,,,,,,29.780001,27.799999,,,,,,-3.0345,pending,,2026-06-08T13:09:23+00:00
trackb_cont_EXTR_20260604,,,,,,29.780001,27.799999,,,,,,-3.0345,pending,,2026-06-08T13:09:23+00:00
trackb_cont_EXTR_20260605,,,,,,29.4,27.98,,,,,,-2.4067,pending,,2026-06-08T13:09:23+00:00
trackb_cont_EXTR_20260608,,,,,,,,,,,,,,pending,,2026-06-08T13:09:23+00:00
trackb_cont_FABC_20260608,,,,,,,,,,,,,,pending,,2026-06-08T13:11:39+00:00
trackb_cont_FA_20260603,,,,,,16.610001,15.47,,,,,,-2.7961,pending,,2026-06-08T13:10:23+00:00
trackb_cont_FA_20260604,,,,,,16.610001,15.47,,,,,,-2.7961,pending,,2026-06-08T13:10:23+00:00
trackb_cont_FA_20260605,,,,,,15.91,15.47,,,,,,-2.7961,pending,,2026-06-08T13:10:23+00:00
trackb_cont_FA_20260608,,,,,,,,,,,,,,pending,,2026-06-08T13:10:23+00:00
trackb_cont_FBIN_20260603,,,,,,39.709999,38.5,,,,,,-0.7732,pending,,2026-06-08T13:10:46+00:00
trackb_cont_FBIN_20260604,,,,,,39.709999,38.57,,,,,,-0.5928,pending,,2026-06-08T13:10:46+00:00
trackb_cont_FBIN_20260605,,,,,,39.439999,38.57,,,,,,-0.5928,pending,,2026-06-08T13:10:46+00:00
trackb_cont_FBIN_20260608,,,,,,,,,,,,,,pending,,2026-06-08T13:10:46+00:00
trackb_cont_FCEL_20260603,,,,,,23.959999,17.200001,,,,,,-23.9947,pending,,2026-06-08T13:10:42+00:00
trackb_cont_FCEL_20260604,,,,,,22.9,17.200001,,,,,,-23.9947,pending,,2026-06-08T13:10:42+00:00
trackb_cont_FCEL_20260605,,,,,,20.5,17.200001,,,,,,-23.9947,pending,,2026-06-08T13:10:42+00:00
trackb_cont_FC_20260603,,,,,,24.290001,23.07,,,,,,-0.324,pending,,2026-06-08T13:10:40+00:00
trackb_cont_FC_20260604,,,,,,24.290001,23.26,,,,,,0.4969,pending,,2026-06-08T13:10:40+00:00
trackb_cont_FC_20260605,,,,,,24.190001,23.73,,,,,,2.5275,pending,,2026-06-08T13:10:40+00:00
trackb_cont_FC_20260608,,,,,,,,,,,,,,pending,,2026-06-08T13:10:40+00:00
trackb_cont_FDS_20260603,,,,,,264.369995,244.089996,,,,,,-3.6474,pending,,2026-06-08T13:10:54+00:00
trackb_cont_FDS_20260604,,,,,,264.369995,249.270004,,,,,,-1.6027,pending,,2026-06-08T13:10:54+00:00
trackb_cont_FDS_20260605,,,,,,259.0,249.270004,,,,,,-1.6027,pending,,2026-06-08T13:10:54+00:00
trackb_cont_FDS_20260608,,,,,,,,,,,,,,pending,,2026-06-08T13:10:54+00:00
trackb_cont_FDX_20260603,,,,,,334.429993,324.170013,,,,,,-1.0621,pending,,2026-06-08T13:10:56+00:00
trackb_cont_FDX_20260604,,,,,,334.429993,326.109985,,,,,,-0.47,pending,,2026-06-08T13:10:56+00:00
trackb_cont_FDX_20260605,,,,,,333.399994,326.109985,,,,,,-0.47,pending,,2026-06-08T13:10:56+00:00
trackb_cont_FDX_20260608,,,,,,,,,,,,,,pending,,2026-06-08T13:10:56+00:00
trackb_cont_FICO_20260603,,,,,,1230.0,1134.099976,,,,,,-2.3346,pending,,2026-06-08T13:11:05+00:00
trackb_cont_FICO_20260604,,,,,,1217.040039,1134.099976,,,,,,-2.3346,pending,,2026-06-08T13:11:05+00:00
trackb_cont_FICO_20260605,,,,,,1184.099976,1134.099976,,,,,,-2.3346,pending,,2026-06-08T13:11:05+00:00
trackb_cont_FITB_20260603,,,,,,52.369999,49.470001,,,,,,-0.3625,pending,,2026-06-08T13:10:51+00:00
trackb_cont_FITB_20260604,,,,,,52.369999,49.950001,,,,,,0.6042,pending,,2026-06-08T13:10:51+00:00
trackb_cont_FITB_20260605,,,,,,52.369999,51.419998,,,,,,3.565,pending,,2026-06-08T13:10:51+00:00
trackb_cont_FITB_20260608,,,,,,,,,,,,,,pending,,2026-06-08T13:10:51+00:00
trackb_cont_FLEX_20260603,,,,,,166.860001,149.300003,,,,,,-9.0715,pending,,2026-06-08T13:09:19+00:00
trackb_cont_FLEX_20260604,,,,,,161.110001,149.300003,,,,,,-9.0715,pending,,2026-06-08T13:09:19+00:00
trackb_cont_FLEX_20260605,,,,,,157.410004,149.300003,,,,,,-9.0715,pending,,2026-06-08T13:09:19+00:00
trackb_cont_FLEX_20260608,,,,,,,,,,,,,,pending,,2026-06-08T13:09:19+00:00
trackb_cont_FLNC_20260603,,,,,,28.08,22.219999,,,,,,-13.0673,pending,,2026-06-08T13:10:12+00:00
trackb_cont_FLNC_20260604,,,,,,27.539,22.219999,,,,,,-13.0673,pending,,2026-06-08T13:10:12+00:00
trackb_cont_FLNC_20260605,,,,,,26.32,22.219999,,,,,,-13.0673,pending,,2026-06-08T13:10:12+00:00
trackb_cont_FLNC_20260608,,,,,,,,,,,,,,pending,,2026-06-08T13:10:12+00:00
trackb_cont_FLS_20260603,,,,,,76.599998,72.870003,,,,,,-3.8527,pending,,2026-06-08T13:09:42+00:00
trackb_cont_FLS_20260604,,,,,,75.68,72.870003,,,,,,-3.8527,pending,,2026-06-08T13:09:42+00:00
trackb_cont_FLS_20260605,,,,,,74.970001,72.870003,,,,,,-3.8527,pending,,2026-06-08T13:09:42+00:00
trackb_cont_FLS_20260608,,,,,,,,,,,,,,pending,,2026-06-08T13:09:42+00:00
trackb_cont_FLYX_20260603,,,,,,2.695,2.435,,,,,,-4.1339,pending,,2026-06-08T13:10:53+00:00
trackb_cont_FLYX_20260604,,,,,,2.695,2.435,,,,,,-4.1339,pending,,2026-06-08T13:10:53+00:00
trackb_cont_FLYX_20260605,,,,,,2.57,2.435,,,,,,-4.1339,pending,,2026-06-08T13:10:53+00:00
trackb_cont_FLYX_20260608,,,,,,,,,,,,,,pending,,2026-06-08T13:10:53+00:00
trackb_cont_FORR_20260603,,,,,,7.45,6.68,,,,,,-1.037,pending,,2026-06-08T13:10:22+00:00
trackb_cont_FOR_20260603,,,,,,28.84,26.879999,,,,,,0.0186,pending,,2026-06-08T13:10:15+00:00
trackb_cont_FOR_20260604,,,,,,28.84,27.700001,,,,,,3.0698,pending,,2026-06-08T13:10:15+00:00
trackb_cont_FOR_20260605,,,,,,28.84,28.0,,,,,,4.186,pending,,2026-06-08T13:10:15+00:00
trackb_cont_FOR_20260608,,,,,,,,,,,,,,pending,,2026-06-08T13:10:15+00:00
trackb_cont_FPH_20260603,,,,,,5.13,4.89,,,,,,-1.6097,pending,,2026-06-08T13:10:40+00:00
trackb_cont_FPH_20260604,,,,,,5.13,4.89,,,,,,-1.6097,pending,,2026-06-08T13:10:40+00:00
trackb_cont_FPH_20260605,,,,,,5.13,4.89,,,,,,-1.6097,pending,,2026-06-08T13:10:40+00:00
trackb_cont_FRT_20260603,,,,,,123.589996,119.080002,,,,,,-0.2931,pending,,2026-06-08T13:11:13+00:00
trackb_cont_FRT_20260604,,,,,,123.589996,120.089996,,,,,,0.5526,pending,,2026-06-08T13:11:13+00:00
trackb_cont_FRT_20260605,,,,,,123.589996,120.510002,,,,,,0.9043,pending,,2026-06-08T13:11:13+00:00
trackb_cont_FRT_20260608,,,,,,,,,,,,,,pending,,2026-06-08T13:11:13+00:00
trackb_cont_FSLR_20260603,,,,,,320.950012,276.059998,,,,,,-12.7607,pending,,2026-06-08T13:09:32+00:00
trackb_cont_FSLR_20260604,,,,,,320.640015,276.059998,,,,,,-12.7607,pending,,2026-06-08T13:09:32+00:00
trackb_cont_FSLR_20260605,,,,,,306.549988,276.059998,,,,,,-12.7607,pending,,2026-06-08T13:09:32+00:00
trackb_cont_FSLR_20260608,,,,,,,,,,,,,,pending,,2026-06-08T13:09:32+00:00
trackb_cont_FSTR_20260603,,,,,,42.5,41.02,,,,,,-1.866,pending,,2026-06-08T13:10:01+00:00
trackb_cont_FSTR_20260604,,,,,,42.5,41.02,,,,,,-1.866,pending,,2026-06-08T13:10:01+00:00
trackb_cont_FSTR_20260605,,,,,,42.5,41.220001,,,,,,-1.3876,pending,,2026-06-08T13:10:01+00:00
trackb_cont_FSTR_20260608,,,,,,,,,,,,,,pending,,2026-06-08T13:10:01+00:00
trackb_cont_FTCI_20260603,,,,,,5.89,4.61,,,,,,-18.6145,pending,,2026-06-08T13:09:47+00:00
trackb_cont_FTCI_20260604,,,,,,5.53,4.61,,,,,,-18.6145,pending,,2026-06-08T13:09:47+00:00
trackb_cont_FTCI_20260605,,,,,,5.31,4.61,,,,,,-18.6145,pending,,2026-06-08T13:09:47+00:00
trackb_cont_FTCI_20260608,,,,,,,,,,,,,,pending,,2026-06-08T13:09:47+00:00
trackb_cont_FTNT_20260603,,,,,,150.070007,143.389999,,,,,,-2.4923,pending,,2026-06-08T13:09:26+00:00
trackb_cont_FTNT_20260604,,,,,,150.070007,143.460007,,,,,,-2.4447,pending,,2026-06-08T13:09:26+00:00
trackb_cont_FTNT_20260605,,,,,,149.050003,143.460007,,,,,,-2.4447,pending,,2026-06-08T13:09:26+00:00
trackb_cont_FTNT_20260608,,,,,,,,,,,,,,pending,,2026-06-08T13:09:26+00:00
trackb_cont_FUL_20260603,,,,,,63.48,58.84,,,,,,-5.8635,pending,,2026-06-08T13:11:07+00:00
trackb_cont_FUL_20260604,,,,,,63.240002,58.84,,,,,,-5.8635,pending,,2026-06-08T13:11:07+00:00
trackb_cont_FUL_20260605,,,,,,60.720001,58.84,,,,,,-5.8635,pending,,2026-06-08T13:11:07+00:00
trackb_cont_FUL_20260608,,,,,,,,,,,,,,pending,,2026-06-08T13:11:07+00:00
trackb_cont_FVR_20260603,,,,,,18.950001,17.809999,,,,,,-0.8904,pending,,2026-06-08T13:10:39+00:00
trackb_cont_FVR_20260604,,,,,,18.950001,17.879999,,,,,,-0.5008,pending,,2026-06-08T13:10:39+00:00
trackb_cont_FVR_20260605,,,,,,18.950001,18.315001,,,,,,1.9199,pending,,2026-06-08T13:10:39+00:00
trackb_cont_FVR_20260608,,,,,,,,,,,,,,pending,,2026-06-08T13:10:39+00:00
trackb_cont_F_20260603,,,,,,16.200001,14.68,,,,,,-7.118,pending,,2026-06-08T13:11:07+00:00
trackb_cont_F_20260604,,,,,,15.89,14.68,,,,,,-7.118,pending,,2026-06-08T13:11:07+00:00
trackb_cont_F_20260605,,,,,,15.26,14.68,,,,,,-7.118,pending,,2026-06-08T13:11:07+00:00
trackb_cont_F_20260608,,,,,,,,,,,,,,pending,,2026-06-08T13:11:07+00:00
trackb_cont_GCO_20260603,,,,,,40.389999,37.880001,,,,,,-2.7471,pending,,2026-06-08T13:09:52+00:00
trackb_cont_GCO_20260604,,,,,,40.389999,37.880001,,,,,,-2.7471,pending,,2026-06-08T13:09:52+00:00
trackb_cont_GCO_20260605,,,,,,40.310001,37.880001,,,,,,-2.7471,pending,,2026-06-08T13:09:52+00:00
trackb_cont_GCO_20260608,,,,,,,,,,,,,,pending,,2026-06-08T13:09:52+00:00
trackb_cont_GEO_20260603,,,,,,25.700001,23.0,,,,,,-0.6694,pending,,2026-06-08T13:09:58+00:00
trackb_cont_GEO_20260604,,,,,,25.700001,23.73,,,,,,2.4833,pending,,2026-06-08T13:09:58+00:00
trackb_cont_GEO_20260605,,,,,,25.700001,24.93,,,,,,7.6657,pending,,2026-06-08T13:09:58+00:00
trackb_cont_GEO_20260608,,,,,,,,,,,,,,pending,,2026-06-08T13:09:58+00:00
trackb_cont_GE_20260603,,,,,,332.48999,311.0,,,,,,-1.629,pending,,2026-06-08T13:10:44+00:00
trackb_cont_GE_20260604,,,,,,332.48999,316.25,,,,,,0.0316,pending,,2026-06-08T13:10:44+00:00
trackb_cont_GE_20260605,,,,,,332.48999,322.529999,,,,,,2.018,pending,,2026-06-08T13:10:44+00:00
trackb_cont_GE_20260608,,,,,,,,,,,,,,pending,,2026-06-08T13:10:44+00:00
trackb_cont_GFS_20260603,,,,,,88.5,75.220001,,,,,,-12.7277,pending,,2026-06-08T13:11:17+00:00
trackb_cont_GFS_20260604,,,,,,86.846001,75.220001,,,,,,-12.7277,pending,,2026-06-08T13:11:17+00:00
trackb_cont_GFS_20260605,,,,,,82.535004,75.220001,,,,,,-12.7277,pending,,2026-06-08T13:11:17+00:00
trackb_cont_GFS_20260608,,,,,,,,,,,,,,pending,,2026-06-08T13:11:17+00:00
trackb_cont_GHI_20260603,,,,,,5.5,5.14,,,,,,-4.5674,pending,,2026-06-08T13:10:27+00:00
trackb_cont_GHI_20260604,,,,,,5.38,5.14,,,,,,-4.5674,pending,,2026-06-08T13:10:27+00:00
trackb_cont_GHI_20260605,,,,,,5.28,5.14,,,,,,-4.5674,pending,,2026-06-08T13:10:27+00:00
trackb_cont_GHI_20260608,,,,,,,,,,,,,,pending,,2026-06-08T13:10:27+00:00
trackb_cont_GH_20260603,,,,,,134.279999,124.910004,,,,,,-2.5245,pending,,2026-06-08T13:09:59+00:00
trackb_cont_GH_20260604,,,,,,134.279999,124.910004,,,,,,-2.5245,pending,,2026-06-08T13:09:59+00:00
trackb_cont_GH_20260605,,,,,,133.339996,124.910004,,,,,,-2.5245,pending,,2026-06-08T13:09:59+00:00
trackb_cont_GH_20260608,,,,,,,,,,,,,,pending,,2026-06-08T13:09:59+00:00
trackb_cont_GIII_20260603,,,,,,35.84,31.360001,,,,,,-2.6238,pending,,2026-06-08T13:10:10+00:00
trackb_cont_GIII_20260604,,,,,,35.84,31.360001,,,,,,-2.6238,pending,,2026-06-08T13:10:10+00:00
trackb_cont_GIII_20260605,,,,,,35.84,32.790001,,,,,,1.8165,pending,,2026-06-08T13:10:10+00:00
trackb_cont_GIII_20260608,,,,,,,,,,,,,,pending,,2026-06-08T13:10:10+00:00
trackb_cont_GLW_20260603,,,,,,208.570007,174.300003,,,,,,-13.037,pending,,2026-06-08T13:10:53+00:00
trackb_cont_GLW_20260604,,,,,,199.800003,174.300003,,,,,,-13.037,pending,,2026-06-08T13:10:53+00:00
trackb_cont_GLW_20260605,,,,,,190.110001,174.300003,,,,,,-13.037,pending,,2026-06-08T13:10:53+00:00
trackb_cont_GLW_20260608,,,,,,,,,,,,,,pending,,2026-06-08T13:10:53+00:00
trackb_cont_GM_20260603,,,,,,84.120003,80.339996,,,,,,-3.1698,pending,,2026-06-08T13:10:58+00:00
trackb_cont_GM_20260604,,,,,,83.639999,81.400002,,,,,,-1.8922,pending,,2026-06-08T13:10:58+00:00
trackb_cont_GM_20260605,,,,,,83.099998,81.400002,,,,,,-1.8922,pending,,2026-06-08T13:10:58+00:00
trackb_cont_GM_20260608,,,,,,,,,,,,,,pending,,2026-06-08T13:10:58+00:00
trackb_cont_GNRC_20260603,,,,,,289.799988,255.330002,,,,,,-11.1556,pending,,2026-06-08T13:10:36+00:00
trackb_cont_GNRC_20260604,,,,,,282.209991,255.330002,,,,,,-11.1556,pending,,2026-06-08T13:10:36+00:00
trackb_cont_GNRC_20260605,,,,,,273.600006,255.330002,,,,,,-11.1556,pending,,2026-06-08T13:10:36+00:00
trackb_cont_GNRC_20260608,,,,,,,,,,,,,,pending,,2026-06-08T13:10:36+00:00
trackb_cont_GNTX_20260603,,,,,,25.299999,24.469999,,,,,,-2.0808,pending,,2026-06-08T13:10:10+00:00
trackb_cont_GNTX_20260604,,,,,,25.299999,24.59,,,,,,-1.6006,pending,,2026-06-08T13:10:10+00:00
trackb_cont_GNTX_20260605,,,,,,25.049999,24.59,,,,,,-1.6006,pending,,2026-06-08T13:10:10+00:00
trackb_cont_GNTX_20260608,,,,,,,,,,,,,,pending,,2026-06-08T13:10:10+00:00
trackb_cont_GRBK_20260603,,,,,,70.0,68.230003,,,,,,-0.1756,pending,,2026-06-08T13:09:52+00:00
trackb_cont_GRBK_20260604,,,,,,70.0,68.370003,,,,,,0.0293,pending,,2026-06-08T13:09:52+00:00
trackb_cont_GRBK_20260605,,,,,,69.910004,68.370003,,,,,,0.0293,pending,,2026-06-08T13:09:52+00:00
trackb_cont_GRBK_20260608,,,,,,,,,,,,,,pending,,2026-06-08T13:09:52+00:00
trackb_cont_GS_20260603,,,,,,1098.359985,1031.01001,,,,,,-0.638,pending,,2026-06-08T13:09:48+00:00
trackb_cont_GS_20260604,,,,,,1098.359985,1035.599976,,,,,,-0.1956,pending,,2026-06-08T13:09:48+00:00
trackb_cont_GS_20260605,,,,,,1098.359985,1035.599976,,,,,,-0.1956,pending,,2026-06-08T13:09:48+00:00
trackb_cont_GS_20260608,,,,,,,,,,,,,,pending,,2026-06-08T13:09:48+00:00
trackb_cont_GTLS_20260603,,,,,,208.279999,206.830002,,,,,,-0.4093,pending,,2026-06-08T13:11:11+00:00
trackb_cont_GTLS_20260604,,,,,,207.820007,206.940002,,,,,,-0.3563,pending,,2026-06-08T13:11:11+00:00
trackb_cont_GTLS_20260605,,,,,,207.669998,207.149994,,,,,,-0.2552,pending,,2026-06-08T13:11:11+00:00
trackb_cont_GTLS_20260608,,,,,,,,,,,,,,pending,,2026-06-08T13:11:11+00:00
trackb_cont_GWW_20260603,,,,,,1306.51001,1266.640015,,,,,,-2.0856,pending,,2026-06-08T13:10:10+00:00
trackb_cont_GWW_20260604,,,,,,1306.51001,1281.689941,,,,,,-0.9222,pending,,2026-06-08T13:10:10+00:00
trackb_cont_GWW_20260605,,,,,,1306.51001,1283.459961,,,,,,-0.7854,pending,,2026-06-08T13:10:10+00:00
trackb_cont_GWW_20260608,,,,,,,,,,,,,,pending,,2026-06-08T13:10:10+00:00
trackb_cont_HAE_20260603,,,,,,71.660004,65.059998,,,,,,-0.3217,pending,,2026-06-08T13:10:11+00:00
trackb_cont_HAE_20260604,,,,,,71.660004,66.440002,,,,,,1.7926,pending,,2026-06-08T13:10:11+00:00
trackb_cont_HAE_20260605,,,,,,71.660004,69.639999,,,,,,6.6953,pending,,2026-06-08T13:10:11+00:00
trackb_cont_HAE_20260608,,,,,,,,,,,,,,pending,,2026-06-08T13:10:11+00:00
trackb_cont_HCC_20260603,,,,,,109.709999,98.172997,,,,,,-8.3437,pending,,2026-06-08T13:09:18+00:00
trackb_cont_HCC_20260604,,,,,,109.709999,98.172997,,,,,,-8.3437,pending,,2026-06-08T13:09:18+00:00
trackb_cont_HCC_20260605,,,,,,104.690002,98.172997,,,,,,-8.3437,pending,,2026-06-08T13:09:18+00:00
trackb_cont_HCC_20260608,,,,,,,,,,,,,,pending,,2026-06-08T13:09:18+00:00
trackb_cont_HGV_20260603,,,,,,52.009998,48.720001,,,,,,-3.7915,pending,,2026-06-08T13:10:39+00:00
trackb_cont_HGV_20260604,,,,,,50.424999,48.720001,,,,,,-3.7915,pending,,2026-06-08T13:10:39+00:00
trackb_cont_HGV_20260605,,,,,,50.419998,48.720001,,,,,,-3.7915,pending,,2026-06-08T13:10:39+00:00
trackb_cont_HIW_20260603,,,,,,28.0,26.639999,,,,,,-0.597,pending,,2026-06-08T13:09:47+00:00
trackb_cont_HIW_20260604,,,,,,28.0,26.66,,,,,,-0.5224,pending,,2026-06-08T13:09:47+00:00
trackb_cont_HIW_20260605,,,,,,28.0,27.190001,,,,,,1.4552,pending,,2026-06-08T13:09:47+00:00
trackb_cont_HIW_20260608,,,,,,,,,,,,,,pending,,2026-06-08T13:09:47+00:00
trackb_cont_HLT_20260603,,,,,,346.850006,330.809998,,,,,,-0.8185,pending,,2026-06-08T13:10:39+00:00
trackb_cont_HLT_20260604,,,,,,346.850006,334.350006,,,,,,0.2429,pending,,2026-06-08T13:10:39+00:00
trackb_cont_HLT_20260605,,,,,,346.850006,338.98999,,,,,,1.634,pending,,2026-06-08T13:10:39+00:00
trackb_cont_HLT_20260608,,,,,,,,,,,,,,pending,,2026-06-08T13:10:39+00:00
trackb_cont_HNGE_20260603,,,,,,66.550003,56.77,,,,,,-2.6244,pending,,2026-06-08T13:11:07+00:00
trackb_cont_HNGE_20260604,,,,,,66.550003,58.154999,,,,,,-0.2487,pending,,2026-06-08T13:11:07+00:00
trackb_cont_HNGE_20260605,,,,,,66.550003,63.0,,,,,,8.0617,pending,,2026-06-08T13:11:07+00:00
trackb_cont_HNGE_20260608,,,,,,,,,,,,,,pending,,2026-06-08T13:11:07+00:00
trackb_cont_HON_20260603,,,,,,237.490005,213.0,,,,,,-8.5484,pending,,2026-06-08T13:10:25+00:00
trackb_cont_HON_20260604,,,,,,226.759995,213.0,,,,,,-8.5484,pending,,2026-06-08T13:10:25+00:00
trackb_cont_HON_20260605,,,,,,218.990005,213.0,,,,,,-8.5484,pending,,2026-06-08T13:10:25+00:00
trackb_cont_HON_20260608,,,,,,,,,,,,,,pending,,2026-06-08T13:10:25+00:00
trackb_cont_HOOD_20260603,,,,,,88.620003,79.489998,,,,,,-4.2058,pending,,2026-06-08T13:11:17+00:00
trackb_cont_HOOD_20260604,,,,,,88.620003,79.489998,,,,,,-4.2058,pending,,2026-06-08T13:11:17+00:00
trackb_cont_HOOD_20260605,,,,,,87.330002,79.489998,,,,,,-4.2058,pending,,2026-06-08T13:11:17+00:00
trackb_cont_HOOD_20260608,,,,,,,,,,,,,,pending,,2026-06-08T13:11:17+00:00
trackb_cont_HOV_20260603,,,,,,114.400002,107.809998,,,,,,-0.2867,pending,,2026-06-08T13:10:10+00:00
trackb_cont_HOV_20260604,,,,,,113.5,107.809998,,,,,,-0.2867,pending,,2026-06-08T13:10:10+00:00
trackb_cont_HOV_20260605,,,,,,111.839996,107.809998,,,,,,-0.2867,pending,,2026-06-08T13:10:10+00:00
trackb_cont_HOV_20260608,,,,,,,,,,,,,,pending,,2026-06-08T13:10:10+00:00
trackb_cont_HPE_20260603,,,,,,55.990002,48.540001,,,,,,-11.6008,pending,,2026-06-08T13:10:57+00:00
trackb_cont_HPE_20260604,,,,,,54.470001,48.540001,,,,,,-11.6008,pending,,2026-06-08T13:10:57+00:00
trackb_cont_HPE_20260605,,,,,,53.054001,48.540001,,,,,,-11.6008,pending,,2026-06-08T13:10:57+00:00
trackb_cont_HPE_20260608,,,,,,,,,,,,,,pending,,2026-06-08T13:10:57+00:00
trackb_cont_HPP_20260603,,,,,,14.23,12.84,,,,,,-0.5807,pending,,2026-06-08T13:09:23+00:00
trackb_cont_HPP_20260604,,,,,,14.23,13.38,,,,,,3.6005,pending,,2026-06-08T13:09:23+00:00
trackb_cont_HPP_20260605,,,,,,14.23,13.52,,,,,,4.6845,pending,,2026-06-08T13:09:23+00:00
trackb_cont_HPP_20260608,,,,,,,,,,,,,,pending,,2026-06-08T13:09:23+00:00
trackb_cont_HPQ_20260603,,,,,,26.879999,24.950001,,,,,,-5.2771,pending,,2026-06-08T13:11:06+00:00
trackb_cont_HPQ_20260604,,,,,,26.709999,24.950001,,,,,,-5.2771,pending,,2026-06-08T13:11:06+00:00
trackb_cont_HPQ_20260605,,,,,,26.280001,24.950001,,,,,,-5.2771,pending,,2026-06-08T13:11:06+00:00
trackb_cont_HRB_20260603,,,,,,39.0,37.099998,,,,,,-0.6161,pending,,2026-06-08T13:10:22+00:00
trackb_cont_HRB_20260604,,,,,,39.0,37.41,,,,,,0.2143,pending,,2026-06-08T13:10:22+00:00
trackb_cont_HRB_20260605,,,,,,38.73,37.509998,,,,,,0.4822,pending,,2026-06-08T13:10:22+00:00
trackb_cont_HRB_20260608,,,,,,,,,,,,,,pending,,2026-06-08T13:10:22+00:00
trackb_cont_HRI_20260608,,,,,,,,,,,,,,pending,,2026-06-08T13:11:38+00:00
trackb_cont_HRL_20260603,,,,,,23.73,22.9,,,,,,-2.2829,pending,,2026-06-08T13:10:18+00:00
trackb_cont_HRL_20260604,,,,,,23.73,22.92,,,,,,-2.1976,pending,,2026-06-08T13:10:18+00:00
trackb_cont_HRL_20260605,,,,,,23.73,23.309999,,,,,,-0.5334,pending,,2026-06-08T13:10:18+00:00
trackb_cont_HRL_20260608,,,,,,,,,,,,,,pending,,2026-06-08T13:10:18+00:00
trackb_cont_HSIC_20260603,,,,,,77.760002,75.440002,,,,,,-0.7172,pending,,2026-06-08T13:10:52+00:00
trackb_cont_HSIC_20260604,,,,,,77.760002,76.129997,,,,,,0.1908,pending,,2026-06-08T13:10:52+00:00
trackb_cont_HSIC_20260605,,,,,,77.760002,76.129997,,,,,,0.1908,pending,,2026-06-08T13:10:52+00:00
trackb_cont_HSIC_20260608,,,,,,,,,,,,,,pending,,2026-06-08T13:10:52+00:00
trackb_cont_HST_20260603,,,,,,24.780001,23.41,,,,,,-2.1934,pending,,2026-06-08T13:09:43+00:00
trackb_cont_HST_20260604,,,,,,24.780001,23.950001,,,,,,0.0627,pending,,2026-06-08T13:09:43+00:00
trackb_cont_HST_20260605,,,,,,24.780001,24.35,,,,,,1.7339,pending,,2026-06-08T13:09:43+00:00
trackb_cont_HST_20260608,,,,,,,,,,,,,,pending,,2026-06-08T13:09:43+00:00
trackb_cont_HTLD_20260603,,,,,,16.09,15.16,,,,,,-2.3825,pending,,2026-06-08T13:09:34+00:00
trackb_cont_HTLD_20260604,,,,,,16.09,15.17,,,,,,-2.3181,pending,,2026-06-08T13:09:34+00:00
trackb_cont_HTLD_20260605,,,,,,16.09,15.65,,,,,,0.7727,pending,,2026-06-08T13:09:34+00:00
trackb_cont_HTLD_20260608,,,,,,,,,,,,,,pending,,2026-06-08T13:09:34+00:00
trackb_cont_HUBG_20260603,,,,,,44.080002,42.849998,,,,,,-0.9019,pending,,2026-06-08T13:09:59+00:00
trackb_cont_HUBG_20260604,,,,,,44.080002,42.849998,,,,,,-0.9019,pending,,2026-06-08T13:09:59+00:00
trackb_cont_HUBG_20260605,,,,,,43.91,42.849998,,,,,,-0.9019,pending,,2026-06-08T13:09:59+00:00
trackb_cont_HUBG_20260608,,,,,,,,,,,,,,pending,,2026-06-08T13:09:59+00:00
trackb_cont_HUBS_20260603,,,,,,235.440002,209.320007,,,,,,-5.7202,pending,,2026-06-08T13:11:02+00:00
trackb_cont_HUBS_20260604,,,,,,234.880005,209.320007,,,,,,-5.7202,pending,,2026-06-08T13:11:02+00:00
trackb_cont_HUBS_20260605,,,,,,225.0,209.320007,,,,,,-5.7202,pending,,2026-06-08T13:11:02+00:00
trackb_cont_HUBS_20260608,,,,,,,,,,,,,,pending,,2026-06-08T13:11:02+00:00
trackb_cont_HUM_20260603,,,,,,351.880005,321.200012,,,,,,-2.2192,pending,,2026-06-08T13:10:18+00:00
trackb_cont_HUM_20260604,,,,,,351.880005,333.549988,,,,,,1.5404,pending,,2026-06-08T13:10:18+00:00
trackb_cont_HUM_20260605,,,,,,351.880005,342.709991,,,,,,4.3289,pending,,2026-06-08T13:10:18+00:00
trackb_cont_HUM_20260608,,,,,,,,,,,,,,pending,,2026-06-08T13:10:18+00:00
trackb_cont_HUN_20260603,,,,,,15.08,14.08,,,,,,-5.1213,pending,,2026-06-08T13:10:56+00:00
trackb_cont_HUN_20260604,,,,,,14.71,14.08,,,,,,-5.1213,pending,,2026-06-08T13:10:56+00:00
trackb_cont_HUN_20260605,,,,,,14.48,14.08,,,,,,-5.1213,pending,,2026-06-08T13:10:56+00:00
trackb_cont_HUT_20260603,,,,,,135.309998,108.120003,,,,,,-17.494,pending,,2026-06-08T13:10:15+00:00
trackb_cont_HUT_20260604,,,,,,130.580002,108.120003,,,,,,-17.494,pending,,2026-06-08T13:10:15+00:00
trackb_cont_HUT_20260605,,,,,,122.620003,108.120003,,,,,,-17.494,pending,,2026-06-08T13:10:15+00:00
trackb_cont_HUT_20260608,,,,,,,,,,,,,,pending,,2026-06-08T13:10:15+00:00
trackb_cont_HZO_20260603,,,,,,35.459999,32.75,,,,,,-5.2373,pending,,2026-06-08T13:10:38+00:00
trackb_cont_HZO_20260604,,,,,,35.459999,32.75,,,,,,-5.2373,pending,,2026-06-08T13:10:38+00:00
trackb_cont_HZO_20260605,,,,,,34.889999,32.75,,,,,,-5.2373,pending,,2026-06-08T13:10:38+00:00
trackb_cont_HZO_20260608,,,,,,,,,,,,,,pending,,2026-06-08T13:10:38+00:00
trackb_cont_H_20260603,,,,,,195.039993,182.429993,,,,,,-1.7397,pending,,2026-06-08T13:10:32+00:00
trackb_cont_H_20260604,,,,,,195.039993,185.130005,,,,,,-0.2855,pending,,2026-06-08T13:10:32+00:00
trackb_cont_H_20260605,,,,,,195.039993,190.139999,,,,,,2.413,pending,,2026-06-08T13:10:32+00:00
trackb_cont_H_20260608,,,,,,,,,,,,,,pending,,2026-06-08T13:10:32+00:00
trackb_cont_IAUX_20260603,,,,,,1.6,1.42,,,,,,-8.6817,pending,,2026-06-08T13:10:20+00:00
trackb_cont_IAUX_20260604,,,,,,1.6,1.42,,,,,,-8.6817,pending,,2026-06-08T13:10:20+00:00
trackb_cont_IAUX_20260605,,,,,,1.569,1.42,,,,,,-8.6817,pending,,2026-06-08T13:10:20+00:00
trackb_cont_IAUX_20260608,,,,,,,,,,,,,,pending,,2026-06-08T13:10:20+00:00
trackb_cont_IBKR_20260603,,,,,,89.029999,83.110001,,,,,,-5.3686,pending,,2026-06-08T13:10:43+00:00
trackb_cont_IBKR_20260604,,,,,,87.43,83.110001,,,,,,-5.3686,pending,,2026-06-08T13:10:43+00:00
trackb_cont_IBKR_20260605,,,,,,86.230003,83.400002,,,,,,-5.0384,pending,,2026-06-08T13:10:43+00:00
trackb_cont_IBM_20260603,,,,,,318.299988,281.070007,,,,,,-7.5729,pending,,2026-06-08T13:09:31+00:00
trackb_cont_IBM_20260604,,,,,,310.440002,281.070007,,,,,,-7.5729,pending,,2026-06-08T13:09:31+00:00
trackb_cont_IBM_20260605,,,,,,302.299988,281.070007,,,,,,-7.5729,pending,,2026-06-08T13:09:31+00:00
trackb_cont_IBM_20260608,,,,,,,,,,,,,,pending,,2026-06-08T13:09:31+00:00
trackb_cont_ICHR_20260603,,,,,,76.349998,62.439999,,,,,,-14.3719,pending,,2026-06-08T13:10:24+00:00
trackb_cont_ICHR_20260604,,,,,,72.25,62.439999,,,,,,-14.3719,pending,,2026-06-08T13:10:24+00:00
trackb_cont_ICHR_20260605,,,,,,68.5,62.439999,,,,,,-14.3719,pending,,2026-06-08T13:10:24+00:00
trackb_cont_IDT_20260603,,,,,,58.439999,52.009998,,,,,,-2.7214,pending,,2026-06-08T13:10:30+00:00
trackb_cont_IDT_20260604,,,,,,58.439999,52.009998,,,,,,-2.7214,pending,,2026-06-08T13:10:30+00:00
trackb_cont_IDT_20260605,,,,,,57.259998,55.41,,,,,,3.6379,pending,,2026-06-08T13:10:30+00:00
trackb_cont_IESC_20260603,,,,,,744.880005,695.0,,,,,,-4.4595,pending,,2026-06-08T13:09:59+00:00
trackb_cont_IESC_20260604,,,,,,744.880005,695.450012,,,,,,-4.3976,pending,,2026-06-08T13:09:59+00:00
trackb_cont_IESC_20260605,,,,,,739.97998,700.22998,,,,,,-3.7405,pending,,2026-06-08T13:09:59+00:00
trackb_cont_IESC_20260608,,,,,,,,,,,,,,pending,,2026-06-08T13:09:59+00:00
trackb_cont_ILMN_20260603,,,,,,177.220001,160.100006,,,,,,-4.2893,pending,,2026-06-08T13:10:09+00:00
trackb_cont_ILMN_20260604,,,,,,177.220001,160.600006,,,,,,-3.9904,pending,,2026-06-08T13:10:09+00:00
trackb_cont_ILMN_20260605,,,,,,168.630005,160.600006,,,,,,-3.9904,pending,,2026-06-08T13:10:09+00:00
trackb_cont_ILMN_20260608,,,,,,,,,,,,,,pending,,2026-06-08T13:10:09+00:00
trackb_cont_ILPT_20260603,,,,,,8.97,8.59,,,,,,-1.8846,pending,,2026-06-08T13:10:28+00:00
trackb_cont_ILPT_20260604,,,,,,8.85,8.59,,,,,,-1.8846,pending,,2026-06-08T13:10:28+00:00
trackb_cont_ILPT_20260605,,,,,,8.81,8.59,,,,,,-1.8846,pending,,2026-06-08T13:10:28+00:00
trackb_cont_ILPT_20260608,,,,,,,,,,,,,,pending,,2026-06-08T13:10:28+00:00
trackb_cont_INCY_20260608,,,,,,,,,,,,,,pending,,2026-06-08T13:11:38+00:00
trackb_cont_INN_20260603,,,,,,6.04,5.69,,,,,,-4.45,pending,,2026-06-08T13:09:48+00:00
trackb_cont_INN_20260604,,,,,,5.96,5.69,,,,,,-4.45,pending,,2026-06-08T13:09:48+00:00
trackb_cont_INN_20260605,,,,,,5.94,5.69,,,,,,-4.45,pending,,2026-06-08T13:09:48+00:00
trackb_cont_INN_20260608,,,,,,,,,,,,,,pending,,2026-06-08T13:09:48+00:00
trackb_cont_INOD_20260603,,,,,,125.139999,100.190002,,,,,,-7.068,pending,,2026-06-08T13:09:49+00:00
trackb_cont_INOD_20260604,,,,,,125.139999,100.190002,,,,,,-7.068,pending,,2026-06-08T13:09:49+00:00
trackb_cont_INOD_20260605,,,,,,119.199997,100.190002,,,,,,-7.068,pending,,2026-06-08T13:09:49+00:00
trackb_cont_INOD_20260608,,,,,,,,,,,,,,pending,,2026-06-08T13:09:49+00:00
trackb_cont_INSE_20260603,,,,,,7.865,7.36,,,,,,-2.5166,pending,,2026-06-08T13:11:01+00:00
trackb_cont_INSE_20260604,,,,,,7.825,7.36,,,,,,-2.5166,pending,,2026-06-08T13:11:01+00:00
trackb_cont_INSE_20260605,,,,,,7.825,7.36,,,,,,-2.5166,pending,,2026-06-08T13:11:01+00:00
trackb_cont_INSE_20260608,,,,,,,,,,,,,,pending,,2026-06-08T13:11:01+00:00
trackb_cont_INVH_20260608,,,,,,,,,,,,,,pending,,2026-06-08T13:11:36+00:00
trackb_cont_IONQ_20260603,,,,,,73.650002,55.84,,,,,,-18.648,pending,,2026-06-08T13:09:40+00:00
trackb_cont_IONQ_20260604,,,,,,69.463997,55.84,,,,,,-18.648,pending,,2026-06-08T13:09:40+00:00
trackb_cont_IONQ_20260605,,,,,,63.790001,55.84,,,,,,-18.648,pending,,2026-06-08T13:09:40+00:00
trackb_cont_IONQ_20260608,,,,,,,,,,,,,,pending,,2026-06-08T13:09:40+00:00
trackb_cont_IPGP_20260603,,,,,,135.0,106.260002,,,,,,-19.9367,pending,,2026-06-08T13:09:46+00:00
trackb_cont_IPGP_20260604,,,,,,126.43,106.260002,,,,,,-19.9367,pending,,2026-06-08T13:09:46+00:00
trackb_cont_IPGP_20260605,,,,,,118.169998,106.260002,,,,,,-19.9367,pending,,2026-06-08T13:09:46+00:00
trackb_cont_IPGP_20260608,,,,,,,,,,,,,,pending,,2026-06-08T13:09:46+00:00
trackb_cont_IPX_20260603,,,,,,43.259998,34.849998,,,,,,-13.6949,pending,,2026-06-08T13:10:13+00:00
trackb_cont_IPX_20260604,,,,,,40.540001,34.849998,,,,,,-13.6949,pending,,2026-06-08T13:10:13+00:00
trackb_cont_IPX_20260605,,,,,,39.540001,34.849998,,,,,,-13.6949,pending,,2026-06-08T13:10:13+00:00
trackb_cont_IP_20260603,,,,,,34.529999,33.080002,,,,,,-1.1947,pending,,2026-06-08T13:09:58+00:00
trackb_cont_IP_20260604,,,,,,34.529999,33.169998,,,,,,-0.9259,pending,,2026-06-08T13:09:58+00:00
trackb_cont_IP_20260605,,,,,,34.290001,33.169998,,,,,,-0.9259,pending,,2026-06-08T13:09:58+00:00
trackb_cont_IP_20260608,,,,,,,,,,,,,,pending,,2026-06-08T13:09:58+00:00
trackb_cont_IQV_20260603,,,,,,188.919998,174.100006,,,,,,-1.0795,pending,,2026-06-08T13:11:06+00:00
trackb_cont_IQV_20260604,,,,,,188.919998,182.369995,,,,,,3.6193,pending,,2026-06-08T13:11:06+00:00
trackb_cont_IQV_20260605,,,,,,188.919998,182.369995,,,,,,3.6193,pending,,2026-06-08T13:11:06+00:00
trackb_cont_IQV_20260608,,,,,,,,,,,,,,pending,,2026-06-08T13:11:06+00:00
trackb_cont_IRDM_20260603,,,,,,53.830002,45.950001,,,,,,-10.0783,pending,,2026-06-08T13:10:43+00:00
trackb_cont_IRDM_20260604,,,,,,53.32,45.950001,,,,,,-10.0783,pending,,2026-06-08T13:10:43+00:00
trackb_cont_IRDM_20260605,,,,,,50.959999,45.950001,,,,,,-10.0783,pending,,2026-06-08T13:10:43+00:00
trackb_cont_IRDM_20260608,,,,,,,,,,,,,,pending,,2026-06-08T13:10:43+00:00
trackb_cont_ITGR_20260603,,,,,,94.120003,90.0,,,,,,-0.1664,pending,,2026-06-08T13:10:33+00:00
trackb_cont_ITGR_20260604,,,,,,94.120003,91.110001,,,,,,1.0649,pending,,2026-06-08T13:10:33+00:00
trackb_cont_ITGR_20260605,,,,,,94.120003,91.889999,,,,,,1.9301,pending,,2026-06-08T13:10:33+00:00
trackb_cont_ITGR_20260608,,,,,,,,,,,,,,pending,,2026-06-08T13:10:33+00:00
trackb_cont_IT_20260603,,,,,,171.330002,160.029999,,,,,,-3.0767,pending,,2026-06-08T13:11:01+00:00
trackb_cont_IT_20260604,,,,,,171.330002,160.029999,,,,,,-3.0767,pending,,2026-06-08T13:11:01+00:00
trackb_cont_IT_20260605,,,,,,171.0,160.029999,,,,,,-3.0767,pending,,2026-06-08T13:11:01+00:00
trackb_cont_IT_20260608,,,,,,,,,,,,,,pending,,2026-06-08T13:11:01+00:00
trackb_cont_IVT_20260603,,,,,,33.790001,32.48,,,,,,-0.8093,pending,,2026-06-08T13:10:48+00:00
trackb_cont_IVT_20260604,,,,,,33.790001,32.580002,,,,,,-0.5039,pending,,2026-06-08T13:10:48+00:00
trackb_cont_IVT_20260605,,,,,,33.790001,33.040001,,,,,,0.9009,pending,,2026-06-08T13:10:48+00:00
trackb_cont_IVT_20260608,,,,,,,,,,,,,,pending,,2026-06-08T13:10:48+00:00
trackb_cont_IVZ_20260608,,,,,,,,,,,,,,pending,,2026-06-08T13:11:40+00:00
trackb_cont_JBHT_20260603,,,,,,289.950012,276.01001,,,,,,-1.1,pending,,2026-06-08T13:10:03+00:00
trackb_cont_JBHT_20260604,,,,,,289.950012,279.130005,,,,,,0.0179,pending,,2026-06-08T13:10:03+00:00
trackb_cont_JBHT_20260605,,,,,,289.950012,279.130005,,,,,,0.0179,pending,,2026-06-08T13:10:03+00:00
trackb_cont_JBHT_20260608,,,,,,,,,,,,,,pending,,2026-06-08T13:10:03+00:00
trackb_cont_JBL_20260603,,,,,,384.700012,350.209991,,,,,,-8.0572,pending,,2026-06-08T13:10:26+00:00
trackb_cont_JBL_20260604,,,,,,378.73999,350.209991,,,,,,-8.0572,pending,,2026-06-08T13:10:26+00:00
trackb_cont_JBL_20260605,,,,,,369.320007,350.209991,,,,,,-8.0572,pending,,2026-06-08T13:10:26+00:00
trackb_cont_JBL_20260608,,,,,,,,,,,,,,pending,,2026-06-08T13:10:26+00:00
trackb_cont_JEF_20260603,,,,,,57.049999,52.630001,,,,,,-0.7356,pending,,2026-06-08T13:09:33+00:00
trackb_cont_JEF_20260604,,,,,,57.049999,53.419998,,,,,,0.7544,pending,,2026-06-08T13:09:33+00:00
trackb_cont_JEF_20260605,,,,,,57.049999,54.779999,,,,,,3.3195,pending,,2026-06-08T13:09:33+00:00
trackb_cont_JEF_20260608,,,,,,,,,,,,,,pending,,2026-06-08T13:09:33+00:00
trackb_cont_JRSH_20260603,,,,,,3.475,3.278,,,,,,-3.871,pending,,2026-06-08T13:10:42+00:00
trackb_cont_JRSH_20260604,,,,,,3.47,3.278,,,,,,-3.871,pending,,2026-06-08T13:10:42+00:00
trackb_cont_JRSH_20260605,,,,,,3.43,3.278,,,,,,-3.871,pending,,2026-06-08T13:10:42+00:00
trackb_cont_JRSH_20260608,,,,,,,,,,,,,,pending,,2026-06-08T13:10:42+00:00
trackb_cont_KBH_20260603,,,,,,52.650002,50.279999,,,,,,-0.6128,pending,,2026-06-08T13:09:53+00:00
trackb_cont_KBH_20260604,,,,,,52.650002,51.369999,,,,,,1.5418,pending,,2026-06-08T13:09:53+00:00
trackb_cont_KBH_20260605,,,,,,52.630001,51.369999,,,,,,1.5418,pending,,2026-06-08T13:09:53+00:00
trackb_cont_KBH_20260608,,,,,,,,,,,,,,pending,,2026-06-08T13:09:53+00:00
trackb_cont_KDP_20260603,,,,,,31.040001,30.0,,,,,,-2.7553,pending,,2026-06-08T13:09:51+00:00
trackb_cont_KDP_20260604,,,,,,30.940001,30.0,,,,,,-2.7553,pending,,2026-06-08T13:09:51+00:00
trackb_cont_KDP_20260605,,,,,,30.940001,30.209999,,,,,,-2.0746,pending,,2026-06-08T13:09:51+00:00
trackb_cont_KDP_20260608,,,,,,,,,,,,,,pending,,2026-06-08T13:09:51+00:00
trackb_cont_KEEL_20260603,,,,,,6.45,4.81,,,,,,-23.1629,pending,,2026-06-08T13:10:05+00:00
trackb_cont_KEEL_20260604,,,,,,6.18,4.81,,,,,,-23.1629,pending,,2026-06-08T13:10:05+00:00
trackb_cont_KEEL_20260605,,,,,,5.44,4.81,,,,,,-23.1629,pending,,2026-06-08T13:10:05+00:00
trackb_cont_KEEL_20260608,,,,,,,,,,,,,,pending,,2026-06-08T13:10:05+00:00
trackb_cont_KELYA_20260603,,,,,,12.16,11.24,,,,,,-1.3169,pending,,2026-06-08T13:10:45+00:00
trackb_cont_KELYA_20260604,,,,,,12.16,11.47,,,,,,0.7024,pending,,2026-06-08T13:10:45+00:00
trackb_cont_KELYA_20260605,,,,,,12.16,11.71,,,,,,2.8095,pending,,2026-06-08T13:10:45+00:00
trackb_cont_KELYA_20260608,,,,,,,,,,,,,,pending,,2026-06-08T13:10:45+00:00
trackb_cont_KFRC_20260603,,,,,,48.529999,45.849998,,,,,,-0.7361,pending,,2026-06-08T13:10:02+00:00
trackb_cont_KFRC_20260604,,,,,,48.529999,47.310001,,,,,,2.4248,pending,,2026-06-08T13:10:02+00:00
trackb_cont_KFRC_20260605,,,,,,48.529999,47.389999,,,,,,2.598,pending,,2026-06-08T13:10:02+00:00
trackb_cont_KFRC_20260608,,,,,,,,,,,,,,pending,,2026-06-08T13:10:02+00:00
trackb_cont_KFY_20260603,,,,,,73.0,69.239998,,,,,,-0.5744,pending,,2026-06-08T13:10:13+00:00
trackb_cont_KFY_20260604,,,,,,73.0,70.610001,,,,,,1.3929,pending,,2026-06-08T13:10:13+00:00
trackb_cont_KFY_20260605,,,,,,73.0,70.730003,,,,,,1.5652,pending,,2026-06-08T13:10:13+00:00
trackb_cont_KFY_20260608,,,,,,,,,,,,,,pending,,2026-06-08T13:10:13+00:00
trackb_cont_KLAC_20260603,,,,,,2156.689941,1927.72998,,,,,,-7.1376,pending,,2026-06-08T13:09:38+00:00
trackb_cont_KLAC_20260604,,,,,,2156.689941,1927.72998,,,,,,-7.1376,pending,,2026-06-08T13:09:38+00:00
trackb_cont_KLAC_20260605,,,,,,2054.959961,1927.72998,,,,,,-7.1376,pending,,2026-06-08T13:09:38+00:00
trackb_cont_KLAC_20260608,,,,,,,,,,,,,,pending,,2026-06-08T13:09:38+00:00
trackb_cont_KLIC_20260603,,,,,,109.959999,97.330002,,,,,,-9.5824,pending,,2026-06-08T13:10:08+00:00
trackb_cont_KLIC_20260604,,,,,,109.389999,97.330002,,,,,,-9.5824,pending,,2026-06-08T13:10:08+00:00
trackb_cont_KLIC_20260605,,,,,,104.75,97.330002,,,,,,-9.5824,pending,,2026-06-08T13:10:08+00:00
trackb_cont_KLIC_20260608,,,,,,,,,,,,,,pending,,2026-06-08T13:10:08+00:00
trackb_cont_KMX_20260603,,,,,,47.790001,43.52,,,,,,-6.5794,pending,,2026-06-08T13:10:26+00:00
trackb_cont_KMX_20260604,,,,,,47.59,45.349998,,,,,,-2.6511,pending,,2026-06-08T13:10:26+00:00
trackb_cont_KMX_20260605,,,,,,47.209999,46.169998,,,,,,-0.8908,pending,,2026-06-08T13:10:26+00:00
trackb_cont_KMX_20260608,,,,,,,,,,,,,,pending,,2026-06-08T13:10:26+00:00
trackb_cont_KNX_20260603,,,,,,79.959999,76.949997,,,,,,-1.6362,pending,,2026-06-08T13:09:50+00:00
trackb_cont_KNX_20260604,,,,,,79.959999,76.949997,,,,,,-1.6362,pending,,2026-06-08T13:09:50+00:00
trackb_cont_KNX_20260605,,,,,,79.959999,77.370003,,,,,,-1.0993,pending,,2026-06-08T13:09:50+00:00
trackb_cont_KNX_20260608,,,,,,,,,,,,,,pending,,2026-06-08T13:09:50+00:00
trackb_cont_KN_20260603,,,,,,39.919998,36.84,,,,,,-6.2359,pending,,2026-06-08T13:09:44+00:00
trackb_cont_KN_20260604,,,,,,39.73,36.84,,,,,,-6.2359,pending,,2026-06-08T13:09:44+00:00
trackb_cont_KN_20260605,,,,,,38.970001,36.84,,,,,,-6.2359,pending,,2026-06-08T13:09:44+00:00
trackb_cont_KN_20260608,,,,,,,,,,,,,,pending,,2026-06-08T13:09:44+00:00
trackb_cont_KOPN_20260603,,,,,,6.61,5.25,,,,,,-14.5647,pending,,2026-06-08T13:10:30+00:00
trackb_cont_KOPN_20260604,,,,,,6.49,5.25,,,,,,-14.5647,pending,,2026-06-08T13:10:30+00:00
trackb_cont_KOPN_20260605,,,,,,6.15,5.25,,,,,,-14.5647,pending,,2026-06-08T13:10:30+00:00
trackb_cont_KOPN_20260608,,,,,,,,,,,,,,pending,,2026-06-08T13:10:30+00:00
trackb_cont_KRC_20260603,,,,,,37.279999,34.509998,,,,,,-0.029,pending,,2026-06-08T13:11:02+00:00
trackb_cont_KRC_20260604,,,,,,37.279999,35.540001,,,,,,2.9548,pending,,2026-06-08T13:11:02+00:00
trackb_cont_KRC_20260605,,,,,,37.279999,36.290001,,,,,,5.1275,pending,,2026-06-08T13:11:02+00:00
trackb_cont_KRC_20260608,,,,,,,,,,,,,,pending,,2026-06-08T13:11:02+00:00
trackb_cont_KREF_20260603,,,,,,7.09,6.715,,,,,,-0.297,pending,,2026-06-08T13:09:25+00:00
trackb_cont_KREF_20260604,,,,,,7.09,6.76,,,,,,0.3712,pending,,2026-06-08T13:09:25+00:00
trackb_cont_KREF_20260605,,,,,,7.09,6.9,,,,,,2.4499,pending,,2026-06-08T13:09:25+00:00
trackb_cont_KREF_20260608,,,,,,,,,,,,,,pending,,2026-06-08T13:09:25+00:00
trackb_cont_LAD_20260603,,,,,,296.25,284.399994,,,,,,-3.0344,pending,,2026-06-08T13:09:49+00:00
trackb_cont_LAD_20260604,,,,,,294.809998,284.399994,,,,,,-3.0344,pending,,2026-06-08T13:09:49+00:00
trackb_cont_LAD_20260605,,,,,,293.700012,284.399994,,,,,,-3.0344,pending,,2026-06-08T13:09:49+00:00
trackb_cont_LAD_20260608,,,,,,,,,,,,,,pending,,2026-06-08T13:09:49+00:00
trackb_cont_LCUT_20260603,,,,,,9.6,8.72,,,,,,-2.7871,pending,,2026-06-08T13:10:26+00:00
trackb_cont_LCUT_20260604,,,,,,9.6,8.73,,,,,,-2.6756,pending,,2026-06-08T13:10:26+00:00
trackb_cont_LCUT_20260605,,,,,,9.49,8.73,,,,,,-2.6756,pending,,2026-06-08T13:10:26+00:00
trackb_cont_LCUT_20260608,,,,,,,,,,,,,,pending,,2026-06-08T13:10:26+00:00
trackb_cont_LEA_20260603,,,,,,147.660004,139.990005,,,,,,-4.4763,pending,,2026-06-08T13:10:16+00:00
trackb_cont_LEA_20260604,,,,,,145.789993,139.990005,,,,,,-4.4763,pending,,2026-06-08T13:10:16+00:00
trackb_cont_LEA_20260605,,,,,,143.5,139.990005,,,,,,-4.4763,pending,,2026-06-08T13:10:16+00:00
trackb_cont_LEA_20260608,,,,,,,,,,,,,,pending,,2026-06-08T13:10:16+00:00
trackb_cont_LEGH_20260603,,,,,,24.99,23.02,,,,,,-0.6259,pending,,2026-06-08T13:10:43+00:00
trackb_cont_LEGH_20260604,,,,,,24.08,23.02,,,,,,-0.6259,pending,,2026-06-08T13:10:43+00:00
trackb_cont_LEGH_20260605,,,,,,24.08,23.190001,,,,,,0.1079,pending,,2026-06-08T13:10:43+00:00
trackb_cont_LEGH_20260608,,,,,,,,,,,,,,pending,,2026-06-08T13:10:43+00:00
trackb_cont_LEN_20260603,,,,,,92.599998,88.82,,,,,,-0.4037,pending,,2026-06-08T13:10:56+00:00
trackb_cont_LEN_20260604,,,,,,92.599998,90.110001,,,,,,1.0428,pending,,2026-06-08T13:10:56+00:00
trackb_cont_LEN_20260605,,,,,,92.199997,90.260002,,,,,,1.211,pending,,2026-06-08T13:10:56+00:00
trackb_cont_LEN_20260608,,,,,,,,,,,,,,pending,,2026-06-08T13:10:56+00:00
trackb_cont_LFUS_20260603,,,,,,500.570007,455.98999,,,,,,-7.6064,pending,,2026-06-08T13:09:30+00:00
trackb_cont_LFUS_20260604,,,,,,483.670013,455.98999,,,,,,-7.6064,pending,,2026-06-08T13:09:30+00:00
trackb_cont_LFUS_20260605,,,,,,471.5,455.98999,,,,,,-7.6064,pending,,2026-06-08T13:09:30+00:00
trackb_cont_LFUS_20260608,,,,,,,,,,,,,,pending,,2026-06-08T13:09:30+00:00
trackb_cont_LGIH_20260603,,,,,,51.330002,47.130001,,,,,,-0.3805,pending,,2026-06-08T13:10:22+00:00
trackb_cont_LGIH_20260604,,,,,,51.330002,49.860001,,,,,,5.39,pending,,2026-06-08T13:10:22+00:00
trackb_cont_LGIH_20260605,,,,,,51.290001,49.860001,,,,,,5.39,pending,,2026-06-08T13:10:22+00:00
trackb_cont_LGIH_20260608,,,,,,,,,,,,,,pending,,2026-06-08T13:10:22+00:00
trackb_cont_LIND_20260603,,,,,,23.0,21.309999,,,,,,-4.4823,pending,,2026-06-08T13:10:28+00:00
trackb_cont_LIND_20260604,,,,,,22.6,21.309999,,,,,,-4.4823,pending,,2026-06-08T13:10:28+00:00
trackb_cont_LIND_20260605,,,,,,22.32,21.309999,,,,,,-4.4823,pending,,2026-06-08T13:10:28+00:00
trackb_cont_LIND_20260608,,,,,,,,,,,,,,pending,,2026-06-08T13:10:28+00:00
trackb_cont_LINE_20260603,,,,,,43.439999,41.450001,,,,,,-0.5757,pending,,2026-06-08T13:10:49+00:00
trackb_cont_LINE_20260604,,,,,,43.439999,41.93,,,,,,0.5757,pending,,2026-06-08T13:10:49+00:00
trackb_cont_LINE_20260605,,,,,,42.900002,42.040001,,,,,,0.8395,pending,,2026-06-08T13:10:49+00:00
trackb_cont_LINE_20260608,,,,,,,,,,,,,,pending,,2026-06-08T13:10:49+00:00
trackb_cont_LITE_20260603,,,,,,1049.530029,853.099976,,,,,,-11.5729,pending,,2026-06-08T13:10:48+00:00
trackb_cont_LITE_20260604,,,,,,974.0,853.099976,,,,,,-11.5729,pending,,2026-06-08T13:10:48+00:00
trackb_cont_LITE_20260605,,,,,,974.0,853.099976,,,,,,-11.5729,pending,,2026-06-08T13:10:48+00:00
trackb_cont_LITE_20260608,,,,,,,,,,,,,,pending,,2026-06-08T13:10:48+00:00
trackb_cont_LLY_20260608,,,,,,,,,,,,,,pending,,2026-06-08T13:11:36+00:00
trackb_cont_LNN_20260603,,,,,,116.050003,112.019997,,,,,,-0.3203,pending,,2026-06-08T13:10:06+00:00
trackb_cont_LNN_20260604,,,,,,116.050003,112.099998,,,,,,-0.2492,pending,,2026-06-08T13:10:06+00:00
trackb_cont_LNN_20260605,,,,,,116.050003,112.099998,,,,,,-0.2492,pending,,2026-06-08T13:10:06+00:00
trackb_cont_LNN_20260608,,,,,,,,,,,,,,pending,,2026-06-08T13:10:06+00:00
trackb_cont_LNTH_20260608,,,,,,,,,,,,,,pending,,2026-06-08T13:11:35+00:00
trackb_cont_LODE_20260603,,,,,,4.64,3.86,,,,,,-2.402,pending,,2026-06-08T13:09:51+00:00
trackb_cont_LODE_20260604,,,,,,4.64,3.93,,,,,,-0.6321,pending,,2026-06-08T13:09:51+00:00
trackb_cont_LODE_20260605,,,,,,4.45,3.93,,,,,,-0.6321,pending,,2026-06-08T13:09:51+00:00
trackb_cont_LODE_20260608,,,,,,,,,,,,,,pending,,2026-06-08T13:09:51+00:00
trackb_cont_LOVE_20260608,,,,,,,,,,,,,,pending,,2026-06-08T13:11:40+00:00
trackb_cont_LPX_20260603,,,,,,75.099998,70.449997,,,,,,-4.7909,pending,,2026-06-08T13:11:14+00:00
trackb_cont_LPX_20260604,,,,,,75.099998,70.449997,,,,,,-4.7909,pending,,2026-06-08T13:11:14+00:00
trackb_cont_LPX_20260605,,,,,,72.269997,70.449997,,,,,,-4.7909,pending,,2026-06-08T13:11:14+00:00
trackb_cont_LPX_20260608,,,,,,,,,,,,,,pending,,2026-06-08T13:11:14+00:00
trackb_cont_LRCX_20260603,,,,,,346.190002,302.73999,,,,,,-10.7475,pending,,2026-06-08T13:09:19+00:00
trackb_cont_LRCX_20260604,,,,,,342.369995,302.73999,,,,,,-10.7475,pending,,2026-06-08T13:09:19+00:00
trackb_cont_LRCX_20260605,,,,,,323.420013,302.73999,,,,,,-10.7475,pending,,2026-06-08T13:09:19+00:00
trackb_cont_LRCX_20260608,,,,,,,,,,,,,,pending,,2026-06-08T13:09:19+00:00
trackb_cont_LRN_20260603,,,,,,103.669998,97.339996,,,,,,-0.5466,pending,,2026-06-08T13:09:54+00:00
trackb_cont_LRN_20260604,,,,,,103.669998,98.769997,,,,,,0.9144,pending,,2026-06-08T13:09:54+00:00
trackb_cont_LRN_20260605,,,,,,103.669998,98.769997,,,,,,0.9144,pending,,2026-06-08T13:09:54+00:00
trackb_cont_LRN_20260608,,,,,,,,,,,,,,pending,,2026-06-08T13:09:54+00:00
trackb_cont_LSTR_20260603,,,,,,224.850006,212.039993,,,,,,-1.3309,pending,,2026-06-08T13:09:39+00:00
trackb_cont_LSTR_20260604,,,,,,224.850006,216.690002,,,,,,0.8329,pending,,2026-06-08T13:09:39+00:00
trackb_cont_LSTR_20260605,,,,,,224.850006,216.800003,,,,,,0.8841,pending,,2026-06-08T13:09:39+00:00
trackb_cont_LSTR_20260608,,,,,,,,,,,,,,pending,,2026-06-08T13:09:39+00:00
trackb_cont_LUMN_20260603,,,,,,10.7,8.75,,,,,,-13.3234,pending,,2026-06-08T13:10:59+00:00
trackb_cont_LUMN_20260604,,,,,,10.12,8.75,,,,,,-13.3234,pending,,2026-06-08T13:10:59+00:00
trackb_cont_LUMN_20260605,,,,,,9.7,8.75,,,,,,-13.3234,pending,,2026-06-08T13:10:59+00:00
trackb_cont_LUMN_20260608,,,,,,,,,,,,,,pending,,2026-06-08T13:10:59+00:00
trackb_cont_LUV_20260603,,,,,,42.299999,40.82,,,,,,-1.3533,pending,,2026-06-08T13:11:16+00:00
trackb_cont_LUV_20260604,,,,,,42.299999,41.0,,,,,,-0.9183,pending,,2026-06-08T13:11:16+00:00
trackb_cont_LUV_20260605,,,,,,41.860001,41.0,,,,,,-0.9183,pending,,2026-06-08T13:11:16+00:00
trackb_cont_LUV_20260608,,,,,,,,,,,,,,pending,,2026-06-08T13:11:16+00:00
trackb_cont_MAA_20260608,,,,,,,,,,,,,,pending,,2026-06-08T13:11:34+00:00
trackb_cont_MAC_20260608,,,,,,,,,,,,,,pending,,2026-06-08T13:11:34+00:00
trackb_cont_MAN_20260603,,,,,,32.779999,30.049999,,,,,,-1.346,pending,,2026-06-08T13:10:48+00:00
trackb_cont_MAN_20260604,,,,,,32.779999,31.049999,,,,,,1.937,pending,,2026-06-08T13:10:48+00:00
trackb_cont_MAN_20260605,,,,,,32.779999,31.809999,,,,,,4.432,pending,,2026-06-08T13:10:48+00:00
trackb_cont_MAN_20260608,,,,,,,,,,,,,,pending,,2026-06-08T13:10:48+00:00
trackb_cont_MARA_20260603,,,,,,14.38,11.84,,,,,,-15.7895,pending,,2026-06-08T13:11:13+00:00
trackb_cont_MARA_20260604,,,,,,14.07,11.84,,,,,,-15.7895,pending,,2026-06-08T13:11:13+00:00
trackb_cont_MARA_20260605,,,,,,13.4,11.84,,,,,,-15.7895,pending,,2026-06-08T13:11:13+00:00
trackb_cont_MAR_20260608,,,,,,,,,,,,,,pending,,2026-06-08T13:11:36+00:00
trackb_cont_MASI_20260603,,,,,,179.0,178.630005,,,,,,-0.0364,pending,,2026-06-08T13:11:14+00:00
trackb_cont_MASI_20260604,,,,,,179.0,178.720001,,,,,,0.014,pending,,2026-06-08T13:11:14+00:00
trackb_cont_MASI_20260605,,,,,,179.0,178.800003,,,,,,0.0588,pending,,2026-06-08T13:11:14+00:00
trackb_cont_MASI_20260608,,,,,,,,,,,,,,pending,,2026-06-08T13:11:14+00:00
trackb_cont_MATX_20260603,,,,,,192.529999,183.610001,,,,,,-1.9177,pending,,2026-06-08T13:10:06+00:00
trackb_cont_MATX_20260604,,,,,,192.529999,183.610001,,,,,,-1.9177,pending,,2026-06-08T13:10:06+00:00
trackb_cont_MATX_20260605,,,,,,192.529999,183.610001,,,,,,-1.9177,pending,,2026-06-08T13:10:06+00:00
trackb_cont_MATX_20260608,,,,,,,,,,,,,,pending,,2026-06-08T13:10:06+00:00
trackb_cont_MCRI_20260608,,,,,,,,,,,,,,pending,,2026-06-08T13:11:35+00:00
trackb_cont_MDB_20260603,,,,,,392.48999,350.109985,,,,,,-5.9021,pending,,2026-06-08T13:10:01+00:00
trackb_cont_MDB_20260604,,,,,,390.0,350.109985,,,,,,-5.9021,pending,,2026-06-08T13:10:01+00:00
trackb_cont_MDB_20260605,,,,,,381.0,350.109985,,,,,,-5.9021,pending,,2026-06-08T13:10:01+00:00
trackb_cont_MDB_20260608,,,,,,,,,,,,,,pending,,2026-06-08T13:10:01+00:00
trackb_cont_MEC_20260603,,,,,,33.5,30.059999,,,,,,-7.1362,pending,,2026-06-08T13:09:25+00:00
trackb_cont_MEC_20260604,,,,,,33.369999,30.059999,,,,,,-7.1362,pending,,2026-06-08T13:09:25+00:00
trackb_cont_MEC_20260605,,,,,,33.369999,31.34,,,,,,-3.182,pending,,2026-06-08T13:09:25+00:00
trackb_cont_MEC_20260608,,,,,,,,,,,,,,pending,,2026-06-08T13:09:25+00:00
trackb_cont_MEDP_20260608,,,,,,,,,,,,,,pending,,2026-06-08T13:11:19+00:00
trackb_cont_METC_20260603,,,,,,17.52,15.19,,,,,,-9.8249,pending,,2026-06-08T13:10:12+00:00
trackb_cont_METC_20260604,,,,,,17.52,15.19,,,,,,-9.8249,pending,,2026-06-08T13:10:12+00:00
trackb_cont_METC_20260605,,,,,,16.84,15.19,,,,,,-9.8249,pending,,2026-06-08T13:10:12+00:00
trackb_cont_METC_20260608,,,,,,,,,,,,,,pending,,2026-06-08T13:10:12+00:00
trackb_cont_MET_20260603,,,,,,84.989998,80.510002,,,,,,-0.654,pending,,2026-06-08T13:11:15+00:00
trackb_cont_MET_20260604,,,,,,84.989998,81.849998,,,,,,0.9995,pending,,2026-06-08T13:11:15+00:00
trackb_cont_MET_20260605,,,,,,84.989998,83.220001,,,,,,2.69,pending,,2026-06-08T13:11:15+00:00
trackb_cont_MET_20260608,,,,,,,,,,,,,,pending,,2026-06-08T13:11:15+00:00
trackb_cont_MGM_20260603,,,,,,48.75,47.200001,,,,,,-1.2346,pending,,2026-06-08T13:10:46+00:00
trackb_cont_MGM_20260604,,,,,,48.720001,47.200001,,,,,,-1.2346,pending,,2026-06-08T13:10:46+00:00
trackb_cont_MGM_20260605,,,,,,48.209999,47.200001,,,,,,-1.2346,pending,,2026-06-08T13:10:46+00:00
trackb_cont_MGM_20260608,,,,,,,,,,,,,,pending,,2026-06-08T13:10:46+00:00
trackb_cont_MGNI_20260603,,,,,,15.45,14.0,,,,,,-0.6388,pending,,2026-06-08T13:10:52+00:00
trackb_cont_MGNI_20260604,,,,,,15.45,14.63,,,,,,3.8325,pending,,2026-06-08T13:10:52+00:00
trackb_cont_MGNI_20260605,,,,,,15.14,14.63,,,,,,3.8325,pending,,2026-06-08T13:10:52+00:00
trackb_cont_MGNI_20260608,,,,,,,,,,,,,,pending,,2026-06-08T13:10:52+00:00
trackb_cont_MHK_20260603,,,,,,107.650002,102.239998,,,,,,-2.2048,pending,,2026-06-08T13:10:41+00:00
trackb_cont_MHK_20260604,,,,,,107.650002,102.239998,,,,,,-2.2048,pending,,2026-06-08T13:10:41+00:00
trackb_cont_MHK_20260605,,,,,,105.349998,102.239998,,,,,,-2.2048,pending,,2026-06-08T13:10:41+00:00
trackb_cont_MHK_20260608,,,,,,,,,,,,,,pending,,2026-06-08T13:10:41+00:00
trackb_cont_MHO_20260603,,,,,,139.470001,135.830002,,,,,,-0.1764,pending,,2026-06-08T13:10:23+00:00
trackb_cont_MHO_20260604,,,,,,139.470001,136.75,,,,,,0.4997,pending,,2026-06-08T13:10:23+00:00
trackb_cont_MHO_20260605,,,,,,138.800003,136.75,,,,,,0.4997,pending,,2026-06-08T13:10:23+00:00
trackb_cont_MHO_20260608,,,,,,,,,,,,,,pending,,2026-06-08T13:10:23+00:00
trackb_cont_MKSI_20260603,,,,,,341.809998,300.109985,,,,,,-11.1522,pending,,2026-06-08T13:10:19+00:00
trackb_cont_MKSI_20260604,,,,,,335.829987,300.109985,,,,,,-11.1522,pending,,2026-06-08T13:10:19+00:00
trackb_cont_MKSI_20260605,,,,,,318.880005,300.109985,,,,,,-11.1522,pending,,2026-06-08T13:10:19+00:00
trackb_cont_MKSI_20260608,,,,,,,,,,,,,,pending,,2026-06-08T13:10:19+00:00
trackb_cont_MLAB_20260603,,,,,,110.43,101.68,,,,,,-0.3821,pending,,2026-06-08T13:10:27+00:00
trackb_cont_MLAB_20260604,,,,,,110.43,103.800003,,,,,,1.6949,pending,,2026-06-08T13:10:27+00:00
trackb_cont_MLAB_20260605,,,,,,109.550003,103.800003,,,,,,1.6949,pending,,2026-06-08T13:10:27+00:00
trackb_cont_MLAB_20260608,,,,,,,,,,,,,,pending,,2026-06-08T13:10:27+00:00
trackb_cont_MMI_20260603,,,,,,30.35,28.75,,,,,,-0.4846,pending,,2026-06-08T13:10:44+00:00
trackb_cont_MMI_20260604,,,,,,30.35,29.299999,,,,,,1.4192,pending,,2026-06-08T13:10:44+00:00
trackb_cont_MMI_20260605,,,,,,30.35,29.809999,,,,,,3.1845,pending,,2026-06-08T13:10:44+00:00
trackb_cont_MMI_20260608,,,,,,,,,,,,,,pending,,2026-06-08T13:10:44+00:00
trackb_cont_MMM_20260603,,,,,,154.639999,151.509995,,,,,,-0.9933,pending,,2026-06-08T13:11:01+00:00
trackb_cont_MMM_20260604,,,,,,154.639999,152.429993,,,,,,-0.3921,pending,,2026-06-08T13:11:01+00:00
trackb_cont_MMM_20260605,,,,,,154.639999,152.690002,,,,,,-0.2222,pending,,2026-06-08T13:11:01+00:00
trackb_cont_MMM_20260608,,,,,,,,,,,,,,pending,,2026-06-08T13:11:01+00:00
trackb_cont_MNST_20260603,,,,,,90.440002,87.839996,,,,,,-1.2035,pending,,2026-06-08T13:10:08+00:00
trackb_cont_MNST_20260604,,,,,,90.440002,88.300003,,,,,,-0.6861,pending,,2026-06-08T13:10:08+00:00
trackb_cont_MNST_20260605,,,,,,90.389999,88.779999,,,,,,-0.1462,pending,,2026-06-08T13:10:08+00:00
trackb_cont_MNST_20260608,,,,,,,,,,,,,,pending,,2026-06-08T13:10:08+00:00
trackb_cont_MOD_20260603,,,,,,318.609985,273.0,,,,,,-11.5761,pending,,2026-06-08T13:10:39+00:00
trackb_cont_MOD_20260604,,,,,,304.809998,273.0,,,,,,-11.5761,pending,,2026-06-08T13:10:39+00:00
trackb_cont_MOD_20260605,,,,,,291.950012,273.0,,,,,,-11.5761,pending,,2026-06-08T13:10:39+00:00
trackb_cont_MOD_20260608,,,,,,,,,,,,,,pending,,2026-06-08T13:10:39+00:00
trackb_cont_MPC_20260603,,,,,,272.459991,261.480011,,,,,,-3.3095,pending,,2026-06-08T13:09:48+00:00
trackb_cont_MPC_20260604,,,,,,270.339996,261.480011,,,,,,-3.3095,pending,,2026-06-08T13:09:48+00:00
trackb_cont_MPC_20260605,,,,,,269.660004,261.899994,,,,,,-3.1542,pending,,2026-06-08T13:09:48+00:00
trackb_cont_MPC_20260608,,,,,,,,,,,,,,pending,,2026-06-08T13:09:48+00:00
trackb_cont_MPWR_20260603,,,,,,1697.349976,1473.949951,,,,,,-11.1554,pending,,2026-06-08T13:11:17+00:00
trackb_cont_MPWR_20260604,,,,,,1666.689941,1473.949951,,,,,,-11.1554,pending,,2026-06-08T13:11:17+00:00
trackb_cont_MPWR_20260605,,,,,,1599.98999,1473.949951,,,,,,-11.1554,pending,,2026-06-08T13:11:17+00:00
trackb_cont_MPWR_20260608,,,,,,,,,,,,,,pending,,2026-06-08T13:11:17+00:00
trackb_cont_MP_20260603,,,,,,71.926003,58.650002,,,,,,-14.5791,pending,,2026-06-08T13:10:45+00:00
trackb_cont_MP_20260604,,,,,,67.25,58.650002,,,,,,-14.5791,pending,,2026-06-08T13:10:45+00:00
trackb_cont_MP_20260605,,,,,,64.150002,58.650002,,,,,,-14.5791,pending,,2026-06-08T13:10:45+00:00
trackb_cont_MP_20260608,,,,,,,,,,,,,,pending,,2026-06-08T13:10:45+00:00
trackb_cont_MRP_20260608,,,,,,,,,,,,,,pending,,2026-06-08T13:11:38+00:00
trackb_cont_MRTN_20260603,,,,,,18.0,17.309999,,,,,,-1.9263,pending,,2026-06-08T13:09:36+00:00
trackb_cont_MRTN_20260604,,,,,,18.0,17.620001,,,,,,-0.17,pending,,2026-06-08T13:09:36+00:00
trackb_cont_MRTN_20260605,,,,,,18.0,17.719999,,,,,,0.3966,pending,,2026-06-08T13:09:36+00:00
trackb_cont_MRTN_20260608,,,,,,,,,,,,,,pending,,2026-06-08T13:09:36+00:00
trackb_cont_MRVL_20260603,,,,,,324.200012,261.390015,,,,,,-13.94,pending,,2026-06-08T13:09:25+00:00
trackb_cont_MRVL_20260604,,,,,,321.5,261.390015,,,,,,-13.94,pending,,2026-06-08T13:09:25+00:00
trackb_cont_MRVL_20260605,,,,,,300.720001,261.390015,,,,,,-13.94,pending,,2026-06-08T13:09:25+00:00
trackb_cont_MRVL_20260608,,,,,,,,,,,,,,pending,,2026-06-08T13:09:25+00:00
trackb_cont_MSCI_20260603,,,,,,627.440002,612.440002,,,,,,-1.5397,pending,,2026-06-08T13:10:31+00:00
trackb_cont_MSCI_20260604,,,,,,627.440002,612.440002,,,,,,-1.5397,pending,,2026-06-08T13:10:31+00:00
trackb_cont_MSCI_20260605,,,,,,624.890015,612.440002,,,,,,-1.5397,pending,,2026-06-08T13:10:31+00:00
trackb_cont_MSCI_20260608,,,,,,,,,,,,,,pending,,2026-06-08T13:10:31+00:00
trackb_cont_MSEX_20260603,,,,,,53.900002,51.759998,,,,,,-1.4283,pending,,2026-06-08T13:10:04+00:00
trackb_cont_MSEX_20260604,,,,,,53.900002,52.060001,,,,,,-0.857,pending,,2026-06-08T13:10:04+00:00
trackb_cont_MSEX_20260605,,,,,,53.900002,52.459999,,,,,,-0.0952,pending,,2026-06-08T13:10:04+00:00
trackb_cont_MSEX_20260608,,,,,,,,,,,,,,pending,,2026-06-08T13:10:04+00:00
trackb_cont_MSGS_20260603,,,,,,390.119995,378.0,,,,,,-0.9849,pending,,2026-06-08T13:09:33+00:00
trackb_cont_MSGS_20260604,,,,,,390.119995,381.920013,,,,,,0.0419,pending,,2026-06-08T13:09:33+00:00
trackb_cont_MSGS_20260605,,,,,,389.980011,381.920013,,,,,,0.0419,pending,,2026-06-08T13:09:33+00:00
trackb_cont_MSGS_20260608,,,,,,,,,,,,,,pending,,2026-06-08T13:09:33+00:00
trackb_cont_MSM_20260603,,,,,,118.519997,113.529999,,,,,,-2.3146,pending,,2026-06-08T13:09:45+00:00
trackb_cont_MSM_20260604,,,,,,118.519997,114.989998,,,,,,-1.0583,pending,,2026-06-08T13:09:45+00:00
trackb_cont_MSM_20260605,,,,,,117.449997,114.989998,,,,,,-1.0583,pending,,2026-06-08T13:09:45+00:00
trackb_cont_MSM_20260608,,,,,,,,,,,,,,pending,,2026-06-08T13:09:45+00:00
trackb_cont_MS_20260603,,,,,,219.160004,208.789993,,,,,,-0.4624,pending,,2026-06-08T13:09:51+00:00
trackb_cont_MS_20260604,,,,,,219.160004,211.149994,,,,,,0.6627,pending,,2026-06-08T13:09:51+00:00
trackb_cont_MS_20260605,,,,,,218.320007,211.160004,,,,,,0.6674,pending,,2026-06-08T13:09:51+00:00
trackb_cont_MS_20260608,,,,,,,,,,,,,,pending,,2026-06-08T13:09:51+00:00
trackb_cont_MTB_20260603,,,,,,224.669998,213.679993,,,,,,-0.2591,pending,,2026-06-08T13:09:41+00:00
trackb_cont_MTB_20260604,,,,,,224.669998,216.770004,,,,,,1.1833,pending,,2026-06-08T13:09:41+00:00
trackb_cont_MTB_20260605,,,,,,224.669998,221.889999,,,,,,3.5732,pending,,2026-06-08T13:09:41+00:00
trackb_cont_MTB_20260608,,,,,,,,,,,,,,pending,,2026-06-08T13:09:41+00:00
trackb_cont_MTH_20260603,,,,,,69.379997,66.769997,,,,,,-0.758,pending,,2026-06-08T13:10:48+00:00
trackb_cont_MTH_20260604,,,,,,69.379997,67.540001,,,,,,0.3864,pending,,2026-06-08T13:10:48+00:00
trackb_cont_MTH_20260605,,,,,,69.379997,67.540001,,,,,,0.3864,pending,,2026-06-08T13:10:48+00:00
trackb_cont_MTH_20260608,,,,,,,,,,,,,,pending,,2026-06-08T13:10:48+00:00
trackb_cont_MTN_20260603,,,,,,137.869995,133.0,,,,,,-1.4742,pending,,2026-06-08T13:10:05+00:00
trackb_cont_MTN_20260604,,,,,,137.869995,133.460007,,,,,,-1.1334,pending,,2026-06-08T13:10:05+00:00
trackb_cont_MTN_20260605,,,,,,137.869995,134.220001,,,,,,-0.5704,pending,,2026-06-08T13:10:05+00:00
trackb_cont_MTN_20260608,,,,,,,,,,,,,,pending,,2026-06-08T13:10:05+00:00
trackb_cont_MTRN_20260603,,,,,,230.080002,218.100006,,,,,,-4.1614,pending,,2026-06-08T13:09:57+00:00
trackb_cont_MTRN_20260604,,,,,,230.0,218.100006,,,,,,-4.1614,pending,,2026-06-08T13:09:57+00:00
trackb_cont_MTRN_20260605,,,,,,230.0,218.259995,,,,,,-4.0911,pending,,2026-06-08T13:09:57+00:00
trackb_cont_MTRN_20260608,,,,,,,,,,,,,,pending,,2026-06-08T13:09:57+00:00
trackb_cont_MTSI_20260603,,,,,,395.309998,342.369995,,,,,,-12.5916,pending,,2026-06-08T13:11:12+00:00
trackb_cont_MTSI_20260604,,,,,,390.339996,342.369995,,,,,,-12.5916,pending,,2026-06-08T13:11:12+00:00
trackb_cont_MTSI_20260605,,,,,,374.649994,342.369995,,,,,,-12.5916,pending,,2026-06-08T13:11:12+00:00
trackb_cont_MTUS_20260603,,,,,,20.290001,19.5,,,,,,-2.6703,pending,,2026-06-08T13:09:39+00:00
trackb_cont_MTUS_20260604,,,,,,20.290001,19.5,,,,,,-2.6703,pending,,2026-06-08T13:09:39+00:00
trackb_cont_MTUS_20260605,,,,,,20.084999,19.5,,,,,,-2.6703,pending,,2026-06-08T13:09:39+00:00
trackb_cont_MTUS_20260608,,,,,,,,,,,,,,pending,,2026-06-08T13:09:39+00:00
trackb_cont_MU_20260603,,,,,,1089.290039,864.01001,,,,,,-18.3471,pending,,2026-06-08T13:09:31+00:00
trackb_cont_MU_20260604,,,,,,1036.369995,864.01001,,,,,,-18.3471,pending,,2026-06-08T13:09:31+00:00
trackb_cont_MU_20260605,,,,,,961.890015,864.01001,,,,,,-18.3471,pending,,2026-06-08T13:09:31+00:00
trackb_cont_MU_20260608,,,,,,,,,,,,,,pending,,2026-06-08T13:09:31+00:00
trackb_cont_MYE_20260603,,,,,,24.030001,22.940001,,,,,,-2.5902,pending,,2026-06-08T13:10:51+00:00
trackb_cont_MYE_20260604,,,,,,24.030001,23.27,,,,,,-1.189,pending,,2026-06-08T13:10:51+00:00
trackb_cont_MYE_20260605,,,,,,24.030001,23.280001,,,,,,-1.1465,pending,,2026-06-08T13:10:51+00:00
trackb_cont_MYE_20260608,,,,,,,,,,,,,,pending,,2026-06-08T13:10:51+00:00
trackb_cont_MYPS_20260603,,,,,,0.64,0.51,,,,,,-5.4855,pending,,2026-06-08T13:10:17+00:00
trackb_cont_MYPS_20260604,,,,,,0.64,0.511,,,,,,-5.3002,pending,,2026-06-08T13:10:17+00:00
trackb_cont_MYPS_20260605,,,,,,0.64,0.529,,,,,,-1.9644,pending,,2026-06-08T13:10:17+00:00
trackb_cont_NBIX_20260603,,,,,,169.570007,155.119995,,,,,,-5.137,pending,,2026-06-08T13:11:06+00:00
trackb_cont_NBIX_20260604,,,,,,169.570007,163.110001,,,,,,-0.2507,pending,,2026-06-08T13:11:06+00:00
trackb_cont_NBIX_20260605,,,,,,168.0,163.110001,,,,,,-0.2507,pending,,2026-06-08T13:11:06+00:00
trackb_cont_NBIX_20260608,,,,,,,,,,,,,,pending,,2026-06-08T13:11:06+00:00
trackb_cont_NB_20260603,,,,,,6.17,5.12,,,,,,-12.8511,pending,,2026-06-08T13:10:14+00:00
trackb_cont_NB_20260604,,,,,,5.96,5.12,,,,,,-12.8511,pending,,2026-06-08T13:10:14+00:00
trackb_cont_NB_20260605,,,,,,5.74,5.12,,,,,,-12.8511,pending,,2026-06-08T13:10:14+00:00
trackb_cont_NCLH_20260608,,,,,,,,,,,,,,pending,,2026-06-08T13:11:26+00:00
trackb_cont_NCMI_20260603,,,,,,3.61,3.48,,,,,,-2.1097,pending,,2026-06-08T13:10:23+00:00
trackb_cont_NCMI_20260604,,,,,,3.61,3.5,,,,,,-1.5471,pending,,2026-06-08T13:10:23+00:00
trackb_cont_NCMI_20260605,,,,,,3.58,3.5,,,,,,-1.5471,pending,,2026-06-08T13:10:23+00:00
trackb_cont_NCMI_20260608,,,,,,,,,,,,,,pending,,2026-06-08T13:10:23+00:00
trackb_cont_NET_20260603,,,,,,276.815002,246.940002,,,,,,-5.4232,pending,,2026-06-08T13:09:30+00:00
trackb_cont_NET_20260604,,,,,,276.815002,246.940002,,,,,,-5.4232,pending,,2026-06-08T13:09:30+00:00
trackb_cont_NET_20260605,,,,,,268.820007,246.940002,,,,,,-5.4232,pending,,2026-06-08T13:09:30+00:00
trackb_cont_NET_20260608,,,,,,,,,,,,,,pending,,2026-06-08T13:09:30+00:00
trackb_cont_NEU_20260603,,,,,,804.390015,769.169983,,,,,,-2.2177,pending,,2026-06-08T13:10:31+00:00
trackb_cont_NEU_20260604,,,,,,804.390015,775.719971,,,,,,-1.3851,pending,,2026-06-08T13:10:31+00:00
trackb_cont_NEU_20260605,,,,,,804.390015,780.940002,,,,,,-0.7214,pending,,2026-06-08T13:10:31+00:00
trackb_cont_NEU_20260608,,,,,,,,,,,,,,pending,,2026-06-08T13:10:31+00:00
trackb_cont_NGVC_20260603,,,,,,30.459999,28.280001,,,,,,-1.2052,pending,,2026-06-08T13:11:03+00:00
trackb_cont_NGVC_20260604,,,,,,30.459999,28.280001,,,,,,-1.2052,pending,,2026-06-08T13:11:03+00:00
trackb_cont_NGVC_20260605,,,,,,30.459999,28.780001,,,,,,0.5415,pending,,2026-06-08T13:11:03+00:00
trackb_cont_NGVC_20260608,,,,,,,,,,,,,,pending,,2026-06-08T13:11:03+00:00
trackb_cont_NIXX_20260603,,,,,,0.8799,0.7067,,,,,,-1.3402,pending,,2026-06-08T13:11:11+00:00
trackb_cont_NIXX_20260604,,,,,,0.8799,0.73,,,,,,1.9126,pending,,2026-06-08T13:11:11+00:00
trackb_cont_NIXX_20260605,,,,,,0.852,0.7844,,,,,,9.5072,pending,,2026-06-08T13:11:11+00:00
trackb_cont_NIXX_20260608,,,,,,,,,,,,,,pending,,2026-06-08T13:11:11+00:00
trackb_cont_NMAX_20260603,,,,,,10.0,8.12,,,,,,-2.6379,pending,,2026-06-08T13:09:50+00:00
trackb_cont_NMAX_20260604,,,,,,10.0,8.64,,,,,,3.5971,pending,,2026-06-08T13:09:50+00:00
trackb_cont_NMAX_20260605,,,,,,9.674,9.0,,,,,,7.9137,pending,,2026-06-08T13:09:50+00:00
trackb_cont_NMAX_20260608,,,,,,,,,,,,,,pending,,2026-06-08T13:09:50+00:00
trackb_cont_NNBR_20260603,,,,,,3.18,2.81,,,,,,-8.0196,pending,,2026-06-08T13:10:02+00:00
trackb_cont_NNBR_20260604,,,,,,3.08,2.81,,,,,,-8.0196,pending,,2026-06-08T13:10:02+00:00
trackb_cont_NNBR_20260605,,,,,,3.05,2.81,,,,,,-8.0196,pending,,2026-06-08T13:10:02+00:00
trackb_cont_NNBR_20260608,,,,,,,,,,,,,,pending,,2026-06-08T13:10:02+00:00
trackb_cont_NOVT_20260603,,,,,,171.699997,154.179993,,,,,,-9.3432,pending,,2026-06-08T13:09:53+00:00
trackb_cont_NOVT_20260604,,,,,,171.419998,154.179993,,,,,,-9.3432,pending,,2026-06-08T13:09:53+00:00
trackb_cont_NOVT_20260605,,,,,,164.369995,154.179993,,,,,,-9.3432,pending,,2026-06-08T13:09:53+00:00
trackb_cont_NOVT_20260608,,,,,,,,,,,,,,pending,,2026-06-08T13:09:53+00:00
trackb_cont_NOV_20260608,,,,,,,,,,,,,,pending,,2026-06-08T13:11:35+00:00
trackb_cont_NOW_20260603,,,,,,128.080002,111.559998,,,,,,-7.0023,pending,,2026-06-08T13:10:53+00:00
trackb_cont_NOW_20260604,,,,,,124.800003,111.559998,,,,,,-7.0023,pending,,2026-06-08T13:10:53+00:00
trackb_cont_NOW_20260605,,,,,,121.199997,111.559998,,,,,,-7.0023,pending,,2026-06-08T13:10:53+00:00
trackb_cont_NOW_20260608,,,,,,,,,,,,,,pending,,2026-06-08T13:10:53+00:00
trackb_cont_NRGV_20260603,,,,,,6.645,5.43,,,,,,-10.5437,pending,,2026-06-08T13:10:48+00:00
trackb_cont_NRGV_20260604,,,,,,6.645,5.43,,,,,,-10.5437,pending,,2026-06-08T13:10:48+00:00
trackb_cont_NRGV_20260605,,,,,,6.296,5.43,,,,,,-10.5437,pending,,2026-06-08T13:10:48+00:00
trackb_cont_NRGV_20260608,,,,,,,,,,,,,,pending,,2026-06-08T13:10:48+00:00
trackb_cont_NSIT_20260603,,,,,,120.68,109.480003,,,,,,-2.6974,pending,,2026-06-08T13:09:49+00:00
trackb_cont_NSIT_20260604,,,,,,120.68,110.269997,,,,,,-1.9953,pending,,2026-06-08T13:09:49+00:00
trackb_cont_NSIT_20260605,,,,,,120.010002,110.269997,,,,,,-1.9953,pending,,2026-06-08T13:09:49+00:00
trackb_cont_NSIT_20260608,,,,,,,,,,,,,,pending,,2026-06-08T13:09:49+00:00
trackb_cont_NSP_20260603,,,,,,37.060001,33.23,,,,,,-2.5799,pending,,2026-06-08T13:10:30+00:00
trackb_cont_NSP_20260604,,,,,,37.060001,33.279999,,,,,,-2.4333,pending,,2026-06-08T13:10:30+00:00
trackb_cont_NSP_20260605,,,,,,37.060001,34.73,,,,,,1.8176,pending,,2026-06-08T13:10:30+00:00
trackb_cont_NTAP_20260603,,,,,,182.860001,166.720001,,,,,,-7.0162,pending,,2026-06-08T13:10:50+00:00
trackb_cont_NTAP_20260604,,,,,,180.0,166.720001,,,,,,-7.0162,pending,,2026-06-08T13:10:50+00:00
trackb_cont_NTAP_20260605,,,,,,177.619995,166.720001,,,,,,-7.0162,pending,,2026-06-08T13:10:50+00:00
trackb_cont_NTAP_20260608,,,,,,,,,,,,,,pending,,2026-06-08T13:10:50+00:00
trackb_cont_NTGR_20260603,,,,,,27.16,23.73,,,,,,-9.2196,pending,,2026-06-08T13:10:44+00:00
trackb_cont_NTGR_20260604,,,,,,26.17,23.73,,,,,,-9.2196,pending,,2026-06-08T13:10:44+00:00
trackb_cont_NTGR_20260605,,,,,,25.74,23.73,,,,,,-9.2196,pending,,2026-06-08T13:10:44+00:00
trackb_cont_NTGR_20260608,,,,,,,,,,,,,,pending,,2026-06-08T13:10:44+00:00
trackb_cont_NTRS_20260603,,,,,,173.660004,166.270004,,,,,,-0.3476,pending,,2026-06-08T13:09:38+00:00
trackb_cont_NTRS_20260604,,,,,,173.660004,168.720001,,,,,,1.1208,pending,,2026-06-08T13:09:38+00:00
trackb_cont_NTRS_20260605,,,,,,172.970001,169.970001,,,,,,1.8699,pending,,2026-06-08T13:09:38+00:00
trackb_cont_NTRS_20260608,,,,,,,,,,,,,,pending,,2026-06-08T13:09:38+00:00
trackb_cont_NUE_20260603,,,,,,264.670013,252.410004,,,,,,-2.8183,pending,,2026-06-08T13:09:42+00:00
trackb_cont_NUE_20260604,,,,,,264.670013,252.410004,,,,,,-2.8183,pending,,2026-06-08T13:09:42+00:00
trackb_cont_NUE_20260605,,,,,,261.459991,252.410004,,,,,,-2.8183,pending,,2026-06-08T13:09:42+00:00
trackb_cont_NUE_20260608,,,,,,,,,,,,,,pending,,2026-06-08T13:09:42+00:00
trackb_cont_NVRI_20260603,,,,,,19.799999,17.620001,,,,,,-3.8734,pending,,2026-06-08T13:09:21+00:00
trackb_cont_NVRI_20260604,,,,,,19.799999,18.02,,,,,,-1.6912,pending,,2026-06-08T13:09:21+00:00
trackb_cont_NVRI_20260605,,,,,,19.799999,18.75,,,,,,2.2913,pending,,2026-06-08T13:09:21+00:00
trackb_cont_NVRI_20260608,,,,,,,,,,,,,,pending,,2026-06-08T13:09:21+00:00
trackb_cont_NVTS_20260608,,,,,,,,,,,,,,pending,,2026-06-08T13:11:39+00:00
trackb_cont_NWPX_20260603,,,,,,123.489998,117.209999,,,,,,-2.2896,pending,,2026-06-08T13:10:42+00:00
trackb_cont_NWPX_20260604,,,,,,123.489998,117.209999,,,,,,-2.2896,pending,,2026-06-08T13:10:42+00:00
trackb_cont_NWPX_20260605,,,,,,122.690002,117.209999,,,,,,-2.2896,pending,,2026-06-08T13:10:42+00:00
trackb_cont_NWPX_20260608,,,,,,,,,,,,,,pending,,2026-06-08T13:10:42+00:00
trackb_cont_NXT_20260603,,,,,,154.529999,130.115005,,,,,,-11.154,pending,,2026-06-08T13:11:00+00:00
trackb_cont_NXT_20260604,,,,,,152.425003,130.115005,,,,,,-11.154,pending,,2026-06-08T13:11:00+00:00
trackb_cont_NXT_20260605,,,,,,146.339996,130.115005,,,,,,-11.154,pending,,2026-06-08T13:11:00+00:00
trackb_cont_NXT_20260608,,,,,,,,,,,,,,pending,,2026-06-08T13:11:00+00:00
trackb_cont_ODFL_20260603,,,,,,249.139999,230.869995,,,,,,-1.1009,pending,,2026-06-08T13:09:35+00:00
trackb_cont_ODFL_20260604,,,,,,249.139999,238.889999,,,,,,2.3346,pending,,2026-06-08T13:09:35+00:00
trackb_cont_ODFL_20260605,,,,,,249.139999,241.009995,,,,,,3.2428,pending,,2026-06-08T13:09:35+00:00
trackb_cont_ODFL_20260608,,,,,,,,,,,,,,pending,,2026-06-08T13:09:35+00:00
trackb_cont_OII_20260603,,,,,,39.93,36.700001,,,,,,-5.0453,pending,,2026-06-08T13:11:15+00:00
trackb_cont_OII_20260604,,,,,,39.93,36.700001,,,,,,-5.0453,pending,,2026-06-08T13:11:15+00:00
trackb_cont_OII_20260605,,,,,,39.529999,36.700001,,,,,,-5.0453,pending,,2026-06-08T13:11:15+00:00
trackb_cont_OII_20260608,,,,,,,,,,,,,,pending,,2026-06-08T13:11:15+00:00
trackb_cont_OKLO_20260603,,,,,,70.849998,56.625,,,,,,-13.3378,pending,,2026-06-08T13:11:05+00:00
trackb_cont_OKLO_20260604,,,,,,66.57,56.625,,,,,,-13.3378,pending,,2026-06-08T13:11:05+00:00
trackb_cont_OKLO_20260605,,,,,,64.809998,56.625,,,,,,-13.3378,pending,,2026-06-08T13:11:05+00:00
trackb_cont_OKLO_20260608,,,,,,,,,,,,,,pending,,2026-06-08T13:11:05+00:00
trackb_cont_OKTA_20260603,,,,,,132.735001,117.580002,,,,,,-5.8381,pending,,2026-06-08T13:10:07+00:00
trackb_cont_OKTA_20260604,,,,,,125.294998,117.580002,,,,,,-5.8381,pending,,2026-06-08T13:10:07+00:00
trackb_cont_OKTA_20260605,,,,,,123.990997,117.580002,,,,,,-5.8381,pending,,2026-06-08T13:10:07+00:00
trackb_cont_OKTA_20260608,,,,,,,,,,,,,,pending,,2026-06-08T13:10:07+00:00
trackb_cont_OLOX_20260603,,,,,,10.666,7.45,,,,,,-21.4963,pending,,2026-06-08T13:10:47+00:00
trackb_cont_OLOX_20260604,,,,,,8.25,7.45,,,,,,-21.4963,pending,,2026-06-08T13:10:47+00:00
trackb_cont_OLOX_20260605,,,,,,7.668,7.45,,,,,,-21.4963,pending,,2026-06-08T13:10:47+00:00
trackb_cont_OLOX_20260608,,,,,,,,,,,,,,pending,,2026-06-08T13:10:47+00:00
trackb_cont_OMDA_20260603,,,,,,18.68,16.969999,,,,,,-2.3023,pending,,2026-06-08T13:10:50+00:00
trackb_cont_OMDA_20260604,,,,,,18.68,17.24,,,,,,-0.7478,pending,,2026-06-08T13:10:50+00:00
trackb_cont_OMDA_20260605,,,,,,18.653999,17.9,,,,,,3.0518,pending,,2026-06-08T13:10:50+00:00
trackb_cont_OMDA_20260608,,,,,,,,,,,,,,pending,,2026-06-08T13:10:50+00:00
trackb_cont_ONDS_20260603,,,,,,13.0,10.33,,,,,,-12.1599,pending,,2026-06-08T13:10:07+00:00
trackb_cont_ONDS_20260604,,,,,,12.42,10.33,,,,,,-12.1599,pending,,2026-06-08T13:10:07+00:00
trackb_cont_ONDS_20260605,,,,,,11.66,10.33,,,,,,-12.1599,pending,,2026-06-08T13:10:07+00:00
trackb_cont_ONDS_20260608,,,,,,,,,,,,,,pending,,2026-06-08T13:10:07+00:00
trackb_cont_ONL_20260603,,,,,,2.985,2.82,,,,,,-3.259,pending,,2026-06-08T13:11:09+00:00
trackb_cont_ONL_20260604,,,,,,2.985,2.82,,,,,,-3.259,pending,,2026-06-08T13:11:09+00:00
trackb_cont_ONL_20260605,,,,,,2.965,2.82,,,,,,-3.259,pending,,2026-06-08T13:11:09+00:00
trackb_cont_ONL_20260608,,,,,,,,,,,,,,pending,,2026-06-08T13:11:09+00:00
trackb_cont_ON_20260603,,,,,,134.919998,116.720001,,,,,,-11.4617,pending,,2026-06-08T13:09:46+00:00
trackb_cont_ON_20260604,,,,,,134.490005,116.720001,,,,,,-11.4617,pending,,2026-06-08T13:09:46+00:00
trackb_cont_ON_20260605,,,,,,126.309998,116.720001,,,,,,-11.4617,pending,,2026-06-08T13:09:46+00:00
trackb_cont_ON_20260608,,,,,,,,,,,,,,pending,,2026-06-08T13:09:46+00:00
trackb_cont_OPAD_20260603,,,,,,0.80205,0.6101,,,,,,-21.7921,pending,,2026-06-08T13:10:10+00:00
trackb_cont_OPAD_20260604,,,,,,0.7673,0.6101,,,,,,-21.7921,pending,,2026-06-08T13:10:10+00:00
trackb_cont_OPAD_20260605,,,,,,0.705,0.6101,,,,,,-21.7921,pending,,2026-06-08T13:10:10+00:00
trackb_cont_OPAL_20260603,,,,,,2.31,2.075,,,,,,-7.9823,pending,,2026-06-08T13:10:45+00:00
trackb_cont_OPAL_20260604,,,,,,2.31,2.075,,,,,,-7.9823,pending,,2026-06-08T13:10:45+00:00
trackb_cont_OPAL_20260605,,,,,,2.28,2.075,,,,,,-7.9823,pending,,2026-06-08T13:10:45+00:00
trackb_cont_OPAL_20260608,,,,,,,,,,,,,,pending,,2026-06-08T13:10:45+00:00
trackb_cont_OPEN_20260603,,,,,,5.29,4.38,,,,,,-10.6122,pending,,2026-06-08T13:10:29+00:00
trackb_cont_OPEN_20260604,,,,,,5.15,4.38,,,,,,-10.6122,pending,,2026-06-08T13:10:29+00:00
trackb_cont_OPEN_20260605,,,,,,4.852,4.38,,,,,,-10.6122,pending,,2026-06-08T13:10:29+00:00
trackb_cont_OPLN_20260603,,,,,,37.889999,36.169998,,,,,,-3.0815,pending,,2026-06-08T13:09:56+00:00
trackb_cont_OPLN_20260604,,,,,,37.43,36.169998,,,,,,-3.0815,pending,,2026-06-08T13:09:56+00:00
trackb_cont_OPLN_20260605,,,,,,36.889999,36.290001,,,,,,-2.7599,pending,,2026-06-08T13:09:56+00:00
trackb_cont_OPLN_20260608,,,,,,,,,,,,,,pending,,2026-06-08T13:09:56+00:00
trackb_cont_ORA_20260603,,,,,,146.389999,138.399994,,,,,,-4.9875,pending,,2026-06-08T13:09:24+00:00
trackb_cont_ORA_20260604,,,,,,144.350006,138.399994,,,,,,-4.9875,pending,,2026-06-08T13:09:24+00:00
trackb_cont_ORA_20260605,,,,,,142.320007,138.399994,,,,,,-4.9875,pending,,2026-06-08T13:09:24+00:00
trackb_cont_ORA_20260608,,,,,,,,,,,,,,pending,,2026-06-08T13:09:24+00:00
trackb_cont_ORCL_20260603,,,,,,240.509995,209.449997,,,,,,-8.7384,pending,,2026-06-08T13:09:58+00:00
trackb_cont_ORCL_20260604,,,,,,238.949997,209.449997,,,,,,-8.7384,pending,,2026-06-08T13:09:58+00:00
trackb_cont_ORCL_20260605,,,,,,231.440002,209.449997,,,,,,-8.7384,pending,,2026-06-08T13:09:58+00:00
trackb_cont_ORCL_20260608,,,,,,,,,,,,,,pending,,2026-06-08T13:09:58+00:00
trackb_cont_OSS_20260603,,,,,,19.790001,16.200001,,,,,,-14.6919,pending,,2026-06-08T13:09:59+00:00
trackb_cont_OSS_20260604,,,,,,19.504999,16.200001,,,,,,-14.6919,pending,,2026-06-08T13:09:59+00:00
trackb_cont_OSS_20260605,,,,,,18.280001,16.200001,,,,,,-14.6919,pending,,2026-06-08T13:09:59+00:00
trackb_cont_OSS_20260608,,,,,,,,,,,,,,pending,,2026-06-08T13:09:59+00:00
trackb_cont_OUST_20260603,,,,,,48.830002,38.400002,,,,,,-12.2085,pending,,2026-06-08T13:10:19+00:00
trackb_cont_OUST_20260604,,,,,,48.830002,38.400002,,,,,,-12.2085,pending,,2026-06-08T13:10:19+00:00
trackb_cont_OUST_20260605,,,,,,45.0,38.400002,,,,,,-12.2085,pending,,2026-06-08T13:10:19+00:00
trackb_cont_OUST_20260608,,,,,,,,,,,,,,pending,,2026-06-08T13:10:19+00:00
trackb_cont_OXM_20260603,,,,,,45.75,43.48,,,,,,-3.3992,pending,,2026-06-08T13:11:14+00:00
trackb_cont_OXM_20260604,,,,,,45.75,43.48,,,,,,-3.3992,pending,,2026-06-08T13:11:14+00:00
trackb_cont_OXM_20260605,,,,,,44.91,43.48,,,,,,-3.3992,pending,,2026-06-08T13:11:14+00:00
trackb_cont_PACK_20260603,,,,,,7.12,6.635,,,,,,-5.4843,pending,,2026-06-08T13:09:30+00:00
trackb_cont_PACK_20260604,,,,,,6.99,6.635,,,,,,-5.4843,pending,,2026-06-08T13:09:30+00:00
trackb_cont_PACK_20260605,,,,,,6.88,6.635,,,,,,-5.4843,pending,,2026-06-08T13:09:30+00:00
trackb_cont_PACK_20260608,,,,,,,,,,,,,,pending,,2026-06-08T13:09:30+00:00
trackb_cont_PAG_20260603,,,,,,174.130005,169.330002,,,,,,-1.5151,pending,,2026-06-08T13:09:40+00:00
trackb_cont_PAG_20260604,,,,,,174.130005,169.330002,,,,,,-1.5151,pending,,2026-06-08T13:09:40+00:00
trackb_cont_PAG_20260605,,,,,,172.820007,169.330002,,,,,,-1.5151,pending,,2026-06-08T13:09:40+00:00
trackb_cont_PAG_20260608,,,,,,,,,,,,,,pending,,2026-06-08T13:09:40+00:00
trackb_cont_PANW_20260603,,,,,,288.0,269.0,,,,,,-4.8259,pending,,2026-06-08T13:09:41+00:00
trackb_cont_PANW_20260604,,,,,,280.720001,269.0,,,,,,-4.8259,pending,,2026-06-08T13:09:41+00:00
trackb_cont_PANW_20260605,,,,,,280.640015,269.399994,,,,,,-4.6844,pending,,2026-06-08T13:09:41+00:00
trackb_cont_PANW_20260608,,,,,,,,,,,,,,pending,,2026-06-08T13:09:41+00:00
trackb_cont_PATH_20260603,,,,,,12.24,11.045,,,,,,-4.5376,pending,,2026-06-08T13:11:06+00:00
trackb_cont_PATH_20260604,,,,,,12.14,11.045,,,,,,-4.5376,pending,,2026-06-08T13:11:06+00:00
trackb_cont_PATH_20260605,,,,,,11.94,11.045,,,,,,-4.5376,pending,,2026-06-08T13:11:06+00:00
trackb_cont_PAYX_20260603,,,,,,102.029999,97.629997,,,,,,-0.5906,pending,,2026-06-08T13:10:22+00:00
trackb_cont_PAYX_20260604,,,,,,102.029999,99.209999,,,,,,1.0182,pending,,2026-06-08T13:10:22+00:00
trackb_cont_PAYX_20260605,,,,,,101.330002,99.690002,,,,,,1.507,pending,,2026-06-08T13:10:22+00:00
trackb_cont_PAYX_20260608,,,,,,,,,,,,,,pending,,2026-06-08T13:10:22+00:00
trackb_cont_PBI_20260603,,,,,,17.129999,16.1,,,,,,-0.801,pending,,2026-06-08T13:10:11+00:00
trackb_cont_PBI_20260604,,,,,,17.129999,16.290001,,,,,,0.3697,pending,,2026-06-08T13:10:11+00:00
trackb_cont_PBI_20260605,,,,,,17.129999,16.780001,,,,,,3.3888,pending,,2026-06-08T13:10:11+00:00
trackb_cont_PBI_20260608,,,,,,,,,,,,,,pending,,2026-06-08T13:10:11+00:00
trackb_cont_PCAR_20260608,,,,,,,,,,,,,,pending,,2026-06-08T13:11:35+00:00
trackb_cont_PCT_20260603,,,,,,14.195,12.195,,,,,,-7.9789,pending,,2026-06-08T13:09:55+00:00
trackb_cont_PCT_20260604,,,,,,14.195,12.195,,,,,,-7.9789,pending,,2026-06-08T13:09:55+00:00
trackb_cont_PCT_20260605,,,,,,13.81,12.195,,,,,,-7.9789,pending,,2026-06-08T13:09:55+00:00
trackb_cont_PCT_20260608,,,,,,,,,,,,,,pending,,2026-06-08T13:09:55+00:00
trackb_cont_PEB_20260603,,,,,,17.200001,15.63,,,,,,-1.7599,pending,,2026-06-08T13:09:37+00:00
trackb_cont_PEB_20260604,,,,,,17.200001,16.16,,,,,,1.5713,pending,,2026-06-08T13:09:37+00:00
trackb_cont_PEB_20260605,,,,,,17.200001,16.809999,,,,,,5.6568,pending,,2026-06-08T13:09:37+00:00
trackb_cont_PEB_20260608,,,,,,,,,,,,,,pending,,2026-06-08T13:09:37+00:00
trackb_cont_PENG_20260603,,,,,,72.470001,58.582001,,,,,,-14.6408,pending,,2026-06-08T13:09:50+00:00
trackb_cont_PENG_20260604,,,,,,72.470001,58.582001,,,,,,-14.6408,pending,,2026-06-08T13:09:50+00:00
trackb_cont_PENG_20260605,,,,,,68.703003,58.582001,,,,,,-14.6408,pending,,2026-06-08T13:09:50+00:00
trackb_cont_PENG_20260608,,,,,,,,,,,,,,pending,,2026-06-08T13:09:50+00:00
trackb_cont_PENN_20260603,,,,,,20.1,19.200001,,,,,,-2.4142,pending,,2026-06-08T13:10:04+00:00
trackb_cont_PENN_20260604,,,,,,20.0,19.200001,,,,,,-2.4142,pending,,2026-06-08T13:10:04+00:00
trackb_cont_PENN_20260605,,,,,,20.0,19.200001,,,,,,-2.4142,pending,,2026-06-08T13:10:04+00:00
trackb_cont_PENN_20260608,,,,,,,,,,,,,,pending,,2026-06-08T13:10:04+00:00
trackb_cont_PFGC_20260603,,,,,,98.0,93.690002,,,,,,-3.2328,pending,,2026-06-08T13:10:47+00:00
trackb_cont_PFGC_20260604,,,,,,98.0,93.690002,,,,,,-3.2328,pending,,2026-06-08T13:10:47+00:00
trackb_cont_PFGC_20260605,,,,,,97.190002,94.25,,,,,,-2.6544,pending,,2026-06-08T13:10:47+00:00
trackb_cont_PFGC_20260608,,,,,,,,,,,,,,pending,,2026-06-08T13:10:47+00:00
trackb_cont_PFG_20260603,,,,,,105.559998,100.849998,,,,,,-1.1371,pending,,2026-06-08T13:10:22+00:00
trackb_cont_PFG_20260604,,,,,,105.559998,101.910004,,,,,,-0.098,pending,,2026-06-08T13:10:22+00:00
trackb_cont_PFG_20260605,,,,,,105.559998,103.389999,,,,,,1.3528,pending,,2026-06-08T13:10:22+00:00
trackb_cont_PFG_20260608,,,,,,,,,,,,,,pending,,2026-06-08T13:10:22+00:00
trackb_cont_PGNY_20260603,,,,,,26.09,24.700001,,,,,,-0.5436,pending,,2026-06-08T13:10:34+00:00
trackb_cont_PGNY_20260604,,,,,,26.09,25.08,,,,,,0.9865,pending,,2026-06-08T13:10:34+00:00
trackb_cont_PGNY_20260605,,,,,,26.09,25.184999,,,,,,1.4093,pending,,2026-06-08T13:10:34+00:00
trackb_cont_PGNY_20260608,,,,,,,,,,,,,,pending,,2026-06-08T13:10:34+00:00
trackb_cont_PHIN_20260603,,,,,,83.349998,77.885002,,,,,,-2.7289,pending,,2026-06-08T13:11:02+00:00
trackb_cont_PHIN_20260604,,,,,,83.349998,78.735001,,,,,,-1.6673,pending,,2026-06-08T13:11:02+00:00
trackb_cont_PHIN_20260605,,,,,,81.419998,78.735001,,,,,,-1.6673,pending,,2026-06-08T13:11:02+00:00
trackb_cont_PHIN_20260608,,,,,,,,,,,,,,pending,,2026-06-08T13:11:02+00:00
trackb_cont_PHR_20260603,,,,,,10.205,9.38,,,,,,-2.8985,pending,,2026-06-08T13:10:59+00:00
trackb_cont_PHR_20260604,,,,,,10.14,9.38,,,,,,-2.8985,pending,,2026-06-08T13:10:59+00:00
trackb_cont_PHR_20260605,,,,,,9.79,9.38,,,,,,-2.8985,pending,,2026-06-08T13:10:59+00:00
trackb_cont_PHR_20260608,,,,,,,,,,,,,,pending,,2026-06-08T13:10:59+00:00
trackb_cont_PII_20260603,,,,,,69.199997,65.68,,,,,,-3.836,pending,,2026-06-08T13:10:44+00:00
trackb_cont_PII_20260604,,,,,,69.199997,65.68,,,,,,-3.836,pending,,2026-06-08T13:10:44+00:00
trackb_cont_PII_20260605,,,,,,68.620003,65.68,,,,,,-3.836,pending,,2026-06-08T13:10:44+00:00
trackb_cont_PII_20260608,,,,,,,,,,,,,,pending,,2026-06-08T13:10:44+00:00
trackb_cont_PKG_20260603,,,,,,227.679993,221.139999,,,,,,-1.7898,pending,,2026-06-08T13:10:56+00:00
trackb_cont_PKG_20260604,,,,,,227.679993,221.139999,,,,,,-1.7898,pending,,2026-06-08T13:10:56+00:00
trackb_cont_PKG_20260605,,,,,,226.830002,221.139999,,,,,,-1.7898,pending,,2026-06-08T13:10:56+00:00
trackb_cont_PKG_20260608,,,,,,,,,,,,,,pending,,2026-06-08T13:10:56+00:00
trackb_cont_PK_20260603,,,,,,14.235,13.15,,,,,,-3.4862,pending,,2026-06-08T13:09:24+00:00
trackb_cont_PK_20260604,,,,,,14.235,13.57,,,,,,-0.4037,pending,,2026-06-08T13:09:24+00:00
trackb_cont_PK_20260605,,,,,,14.235,13.86,,,,,,1.7248,pending,,2026-06-08T13:09:24+00:00
trackb_cont_PK_20260608,,,,,,,,,,,,,,pending,,2026-06-08T13:09:24+00:00
trackb_cont_PLPC_20260603,,,,,,393.640015,359.820007,,,,,,-4.048,pending,,2026-06-08T13:10:12+00:00
trackb_cont_PLPC_20260604,,,,,,380.549988,359.820007,,,,,,-4.048,pending,,2026-06-08T13:10:12+00:00
trackb_cont_PLPC_20260605,,,,,,379.529999,359.820007,,,,,,-4.048,pending,,2026-06-08T13:10:12+00:00
trackb_cont_PLPC_20260608,,,,,,,,,,,,,,pending,,2026-06-08T13:10:12+00:00
trackb_cont_PLUG_20260603,,,,,,3.99,3.15,,,,,,-17.3922,pending,,2026-06-08T13:10:41+00:00
trackb_cont_PLUG_20260604,,,,,,3.72,3.15,,,,,,-17.3922,pending,,2026-06-08T13:10:41+00:00
trackb_cont_PLUG_20260605,,,,,,3.5,3.15,,,,,,-17.3922,pending,,2026-06-08T13:10:41+00:00
trackb_cont_PLUG_20260608,,,,,,,,,,,,,,pending,,2026-06-08T13:10:41+00:00
trackb_cont_PLXS_20260603,,,,,,292.329987,270.630005,,,,,,-5.8023,pending,,2026-06-08T13:10:00+00:00
trackb_cont_PLXS_20260604,,,,,,290.420013,270.630005,,,,,,-5.8023,pending,,2026-06-08T13:10:00+00:00
trackb_cont_PLXS_20260605,,,,,,284.0,270.630005,,,,,,-5.8023,pending,,2026-06-08T13:10:00+00:00
trackb_cont_PLXS_20260608,,,,,,,,,,,,,,pending,,2026-06-08T13:10:00+00:00
trackb_cont_PL_20260603,,,,,,47.619999,31.66,,,,,,-29.0214,pending,,2026-06-08T13:10:54+00:00
trackb_cont_PL_20260604,,,,,,45.165001,31.66,,,,,,-29.0214,pending,,2026-06-08T13:10:54+00:00
trackb_cont_PL_20260605,,,,,,39.18,31.66,,,,,,-29.0214,pending,,2026-06-08T13:10:54+00:00
trackb_cont_PL_20260608,,,,,,,,,,,,,,pending,,2026-06-08T13:10:54+00:00
trackb_cont_PNC_20260608,,,,,,,,,,,,,,pending,,2026-06-08T13:11:34+00:00
trackb_cont_PPG_20260603,,,,,,114.290001,110.860001,,,,,,-0.7964,pending,,2026-06-08T13:10:00+00:00
trackb_cont_PPG_20260604,,,,,,114.290001,111.629997,,,,,,-0.1074,pending,,2026-06-08T13:10:00+00:00
trackb_cont_PPG_20260605,,,,,,114.18,111.629997,,,,,,-0.1074,pending,,2026-06-08T13:10:00+00:00
trackb_cont_PPG_20260608,,,,,,,,,,,,,,pending,,2026-06-08T13:10:00+00:00
trackb_cont_PRKS_20260603,,,,,,41.68,38.150002,,,,,,-0.4696,pending,,2026-06-08T13:10:49+00:00
trackb_cont_PRKS_20260604,,,,,,41.68,39.52,,,,,,3.1046,pending,,2026-06-08T13:10:49+00:00
trackb_cont_PRKS_20260605,,,,,,41.68,39.52,,,,,,3.1046,pending,,2026-06-08T13:10:49+00:00
trackb_cont_PRKS_20260608,,,,,,,,,,,,,,pending,,2026-06-08T13:10:49+00:00
trackb_cont_PRLB_20260603,,,,,,78.519997,72.169998,,,,,,-4.537,pending,,2026-06-08T13:09:24+00:00
trackb_cont_PRLB_20260604,,,,,,75.5,72.169998,,,,,,-4.537,pending,,2026-06-08T13:09:24+00:00
trackb_cont_PRLB_20260605,,,,,,75.470001,72.169998,,,,,,-4.537,pending,,2026-06-08T13:09:24+00:00
trackb_cont_PRLB_20260608,,,,,,,,,,,,,,pending,,2026-06-08T13:09:24+00:00
trackb_cont_PRMB_20260603,,,,,,24.719999,22.83,,,,,,-5.6806,pending,,2026-06-08T13:10:08+00:00
trackb_cont_PRMB_20260604,,,,,,24.32,22.83,,,,,,-5.6806,pending,,2026-06-08T13:10:08+00:00
trackb_cont_PRMB_20260605,,,,,,23.389999,22.83,,,,,,-5.6806,pending,,2026-06-08T13:10:08+00:00
trackb_cont_PRSU_20260603,,,,,,44.77,43.09,,,,,,-0.9653,pending,,2026-06-08T13:11:04+00:00
trackb_cont_PRSU_20260604,,,,,,44.77,43.09,,,,,,-0.9653,pending,,2026-06-08T13:11:04+00:00
trackb_cont_PRSU_20260605,,,,,,44.77,43.48,,,,,,-0.069,pending,,2026-06-08T13:11:04+00:00
trackb_cont_PRSU_20260608,,,,,,,,,,,,,,pending,,2026-06-08T13:11:04+00:00
trackb_cont_PRU_20260603,,,,,,105.18,100.400002,,,,,,-0.5694,pending,,2026-06-08T13:10:05+00:00
trackb_cont_PRU_20260604,,,,,,105.18,101.68,,,,,,0.6982,pending,,2026-06-08T13:10:05+00:00
trackb_cont_PRU_20260605,,,,,,105.18,103.5,,,,,,2.5006,pending,,2026-06-08T13:10:05+00:00
trackb_cont_PRU_20260608,,,,,,,,,,,,,,pending,,2026-06-08T13:10:05+00:00
trackb_cont_PSMT_20260603,,,,,,177.449997,168.800003,,,,,,-1.3442,pending,,2026-06-08T13:11:05+00:00
trackb_cont_PSMT_20260604,,,,,,177.449997,171.600006,,,,,,0.2922,pending,,2026-06-08T13:11:05+00:00
trackb_cont_PSMT_20260605,,,,,,177.449997,172.539993,,,,,,0.8416,pending,,2026-06-08T13:11:05+00:00
trackb_cont_PSMT_20260608,,,,,,,,,,,,,,pending,,2026-06-08T13:11:05+00:00
trackb_cont_PSN_20260603,,,,,,62.105,58.490002,,,,,,-1.7718,pending,,2026-06-08T13:09:56+00:00
trackb_cont_PSN_20260604,,,,,,62.105,58.490002,,,,,,-1.7718,pending,,2026-06-08T13:09:56+00:00
trackb_cont_PSN_20260605,,,,,,61.919998,58.490002,,,,,,-1.7718,pending,,2026-06-08T13:09:56+00:00
trackb_cont_PSN_20260608,,,,,,,,,,,,,,pending,,2026-06-08T13:09:56+00:00
trackb_cont_PSX_20260603,,,,,,187.520004,181.110001,,,,,,-2.8745,pending,,2026-06-08T13:10:08+00:00
trackb_cont_PSX_20260604,,,,,,186.190002,181.110001,,,,,,-2.8745,pending,,2026-06-08T13:10:08+00:00
trackb_cont_PSX_20260605,,,,,,186.050003,181.110001,,,,,,-2.8745,pending,,2026-06-08T13:10:08+00:00
trackb_cont_PSX_20260608,,,,,,,,,,,,,,pending,,2026-06-08T13:10:08+00:00
trackb_cont_PTON_20260603,,,,,,6.3,5.76,,,,,,-4.5567,pending,,2026-06-08T13:10:14+00:00
trackb_cont_PTON_20260604,,,,,,6.3,5.76,,,,,,-4.5567,pending,,2026-06-08T13:10:14+00:00
trackb_cont_PTON_20260605,,,,,,6.17,5.76,,,,,,-4.5567,pending,,2026-06-08T13:10:14+00:00
trackb_cont_PTON_20260608,,,,,,,,,,,,,,pending,,2026-06-08T13:10:14+00:00
trackb_cont_PUSA_20260603,,,,,,6.57,4.95,,,,,,-15.8163,pending,,2026-06-08T13:09:33+00:00
trackb_cont_PUSA_20260604,,,,,,6.28,4.95,,,,,,-15.8163,pending,,2026-06-08T13:09:33+00:00
trackb_cont_PUSA_20260605,,,,,,5.88,4.95,,,,,,-15.8163,pending,,2026-06-08T13:09:33+00:00
trackb_cont_PUSA_20260608,,,,,,,,,,,,,,pending,,2026-06-08T13:09:33+00:00
trackb_cont_PVH_20260603,,,,,,100.75,69.0,,,,,,-31.1927,pending,,2026-06-08T13:09:44+00:00
trackb_cont_PVH_20260604,,,,,,82.32,69.0,,,,,,-31.1927,pending,,2026-06-08T13:09:44+00:00
trackb_cont_PVH_20260605,,,,,,82.32,76.400002,,,,,,-23.8133,pending,,2026-06-08T13:09:44+00:00
trackb_cont_PXED_20260603,,,,,,31.940001,29.809999,,,,,,-0.9635,pending,,2026-06-08T13:11:14+00:00
trackb_cont_PXED_20260604,,,,,,31.940001,30.24,,,,,,0.4651,pending,,2026-06-08T13:11:14+00:00
trackb_cont_PXED_20260605,,,,,,31.525,30.24,,,,,,0.4651,pending,,2026-06-08T13:11:14+00:00
trackb_cont_PXED_20260608,,,,,,,,,,,,,,pending,,2026-06-08T13:11:14+00:00
trackb_cont_QBTS_20260603,,,,,,29.950001,23.285,,,,,,-15.6799,pending,,2026-06-08T13:10:13+00:00
trackb_cont_QBTS_20260604,,,,,,28.82,23.285,,,,,,-15.6799,pending,,2026-06-08T13:10:13+00:00
trackb_cont_QBTS_20260605,,,,,,26.59,23.285,,,,,,-15.6799,pending,,2026-06-08T13:10:13+00:00
trackb_cont_QBTS_20260608,,,,,,,,,,,,,,pending,,2026-06-08T13:10:13+00:00
trackb_cont_QCOM_20260603,,,,,,255.089996,215.0,,,,,,-14.0275,pending,,2026-06-08T13:10:47+00:00
trackb_cont_QCOM_20260604,,,,,,246.699997,215.0,,,,,,-14.0275,pending,,2026-06-08T13:10:47+00:00
trackb_cont_QCOM_20260605,,,,,,238.440002,215.0,,,,,,-14.0275,pending,,2026-06-08T13:10:47+00:00
trackb_cont_QCOM_20260608,,,,,,,,,,,,,,pending,,2026-06-08T13:10:47+00:00
trackb_cont_QMCO_20260603,,,,,,18.48,12.15,,,,,,-12.0839,pending,,2026-06-08T13:09:59+00:00
trackb_cont_QMCO_20260604,,,,,,18.48,12.15,,,,,,-12.0839,pending,,2026-06-08T13:09:59+00:00
trackb_cont_QMCO_20260605,,,,,,15.74,12.15,,,,,,-12.0839,pending,,2026-06-08T13:09:59+00:00
trackb_cont_QMCO_20260608,,,,,,,,,,,,,,pending,,2026-06-08T13:09:59+00:00
trackb_cont_QS_20260603,,,,,,9.325,7.5,,,,,,-15.2533,pending,,2026-06-08T13:10:38+00:00
trackb_cont_QS_20260604,,,,,,9.24,7.5,,,,,,-15.2533,pending,,2026-06-08T13:10:38+00:00
trackb_cont_QS_20260605,,,,,,8.865,7.5,,,,,,-15.2533,pending,,2026-06-08T13:10:38+00:00
trackb_cont_QS_20260608,,,,,,,,,,,,,,pending,,2026-06-08T13:10:38+00:00
trackb_cont_RAL_20260603,,,,,,63.139,59.764999,,,,,,-4.1613,pending,,2026-06-08T13:09:54+00:00
trackb_cont_RAL_20260604,,,,,,62.669998,59.764999,,,,,,-4.1613,pending,,2026-06-08T13:09:54+00:00
trackb_cont_RAL_20260605,,,,,,61.669998,59.764999,,,,,,-4.1613,pending,,2026-06-08T13:09:54+00:00
trackb_cont_RAL_20260608,,,,,,,,,,,,,,pending,,2026-06-08T13:09:54+00:00
trackb_cont_RBRK_20260603,,,,,,80.730003,71.989998,,,,,,-7.6104,pending,,2026-06-08T13:10:21+00:00
trackb_cont_RBRK_20260604,,,,,,78.25,71.989998,,,,,,-7.6104,pending,,2026-06-08T13:10:21+00:00
trackb_cont_RBRK_20260605,,,,,,78.080002,71.989998,,,,,,-7.6104,pending,,2026-06-08T13:10:21+00:00
trackb_cont_RBRK_20260608,,,,,,,,,,,,,,pending,,2026-06-08T13:10:21+00:00
trackb_cont_RCAT_20260603,,,,,,15.225,12.263,,,,,,-10.3909,pending,,2026-06-08T13:10:11+00:00
trackb_cont_RCAT_20260604,,,,,,15.225,12.263,,,,,,-10.3909,pending,,2026-06-08T13:10:11+00:00
trackb_cont_RCAT_20260605,,,,,,14.48,12.263,,,,,,-10.3909,pending,,2026-06-08T13:10:11+00:00
trackb_cont_RCAT_20260608,,,,,,,,,,,,,,pending,,2026-06-08T13:10:11+00:00
trackb_cont_RCL_20260603,,,,,,298.829987,279.589996,,,,,,-4.5149,pending,,2026-06-08T13:09:45+00:00
trackb_cont_RCL_20260604,,,,,,298.829987,279.589996,,,,,,-4.5149,pending,,2026-06-08T13:09:45+00:00
trackb_cont_RCL_20260605,,,,,,297.0,279.589996,,,,,,-4.5149,pending,,2026-06-08T13:09:45+00:00
trackb_cont_RCL_20260608,,,,,,,,,,,,,,pending,,2026-06-08T13:09:45+00:00
trackb_cont_RDDT_20260608,,,,,,,,,,,,,,pending,,2026-06-08T13:11:36+00:00
trackb_cont_RFIL_20260603,,,,,,19.02,15.85,,,,,,-14.5783,pending,,2026-06-08T13:10:36+00:00
trackb_cont_RFIL_20260604,,,,,,18.75,15.85,,,,,,-14.5783,pending,,2026-06-08T13:10:36+00:00
trackb_cont_RFIL_20260605,,,,,,17.950001,15.85,,,,,,-14.5783,pending,,2026-06-08T13:10:36+00:00
trackb_cont_RFIL_20260608,,,,,,,,,,,,,,pending,,2026-06-08T13:10:36+00:00
trackb_cont_RF_20260603,,,,,,28.68,27.32,,,,,,-0.5098,pending,,2026-06-08T13:10:09+00:00
trackb_cont_RF_20260604,,,,,,28.68,27.530001,,,,,,0.2549,pending,,2026-06-08T13:10:09+00:00
trackb_cont_RF_20260605,,,,,,28.68,28.24,,,,,,2.8405,pending,,2026-06-08T13:10:09+00:00
trackb_cont_RF_20260608,,,,,,,,,,,,,,pending,,2026-06-08T13:10:09+00:00
trackb_cont_RGP_20260603,,,,,,4.64,4.39,,,,,,-1.6797,pending,,2026-06-08T13:10:51+00:00
trackb_cont_RGP_20260604,,,,,,4.64,4.42,,,,,,-1.0078,pending,,2026-06-08T13:10:51+00:00
trackb_cont_RGP_20260605,,,,,,4.55,4.42,,,,,,-1.0078,pending,,2026-06-08T13:10:51+00:00
trackb_cont_RGP_20260608,,,,,,,,,,,,,,pending,,2026-06-08T13:10:51+00:00
trackb_cont_RGTI_20260603,,,,,,28.059999,20.1,,,,,,-17.683,pending,,2026-06-08T13:09:54+00:00
trackb_cont_RGTI_20260604,,,,,,25.02,20.1,,,,,,-17.683,pending,,2026-06-08T13:09:54+00:00
trackb_cont_RGTI_20260605,,,,,,23.190001,20.1,,,,,,-17.683,pending,,2026-06-08T13:09:54+00:00
trackb_cont_RGTI_20260608,,,,,,,,,,,,,,pending,,2026-06-08T13:09:54+00:00
trackb_cont_RHI_20260603,,,,,,32.32,29.16,,,,,,-1.2362,pending,,2026-06-08T13:10:27+00:00
trackb_cont_RHI_20260604,,,,,,32.32,29.969999,,,,,,1.5072,pending,,2026-06-08T13:10:27+00:00
trackb_cont_RHI_20260605,,,,,,32.32,31.08,,,,,,5.2667,pending,,2026-06-08T13:10:27+00:00
trackb_cont_RHI_20260608,,,,,,,,,,,,,,pending,,2026-06-08T13:10:27+00:00
trackb_cont_RHP_20260603,,,,,,119.709999,112.739998,,,,,,-2.4234,pending,,2026-06-08T13:10:32+00:00
trackb_cont_RHP_20260604,,,,,,119.709999,114.580002,,,,,,-0.8309,pending,,2026-06-08T13:10:32+00:00
trackb_cont_RHP_20260605,,,,,,119.709999,116.269997,,,,,,0.6318,pending,,2026-06-08T13:10:32+00:00
trackb_cont_RHP_20260608,,,,,,,,,,,,,,pending,,2026-06-08T13:10:32+00:00
trackb_cont_RH_20260603,,,,,,155.990005,144.059998,,,,,,-3.2635,pending,,2026-06-08T13:09:49+00:00
trackb_cont_RH_20260604,,,,,,155.990005,144.059998,,,,,,-3.2635,pending,,2026-06-08T13:09:49+00:00
trackb_cont_RH_20260605,,,,,,152.199997,144.059998,,,,,,-3.2635,pending,,2026-06-08T13:09:49+00:00
trackb_cont_RH_20260608,,,,,,,,,,,,,,pending,,2026-06-08T13:09:49+00:00
trackb_cont_RIOT_20260603,,,,,,28.639999,23.98,,,,,,-14.2806,pending,,2026-06-08T13:10:33+00:00
trackb_cont_RIOT_20260604,,,,,,28.08,23.98,,,,,,-14.2806,pending,,2026-06-08T13:10:33+00:00
trackb_cont_RIOT_20260605,,,,,,26.51,23.98,,,,,,-14.2806,pending,,2026-06-08T13:10:33+00:00
trackb_cont_RIOT_20260608,,,,,,,,,,,,,,pending,,2026-06-08T13:10:33+00:00
trackb_cont_RIVN_20260603,,,,,,18.549999,16.235001,,,,,,-8.0951,pending,,2026-06-08T13:09:58+00:00
trackb_cont_RIVN_20260604,,,,,,18.549999,16.235001,,,,,,-8.0951,pending,,2026-06-08T13:09:58+00:00
trackb_cont_RIVN_20260605,,,,,,18.0,16.235001,,,,,,-8.0951,pending,,2026-06-08T13:09:58+00:00
trackb_cont_RIVN_20260608,,,,,,,,,,,,,,pending,,2026-06-08T13:09:58+00:00
trackb_cont_RLGT_20260603,,,,,,8.77,8.43,,,,,,-1.8626,pending,,2026-06-08T13:10:14+00:00
trackb_cont_RLGT_20260604,,,,,,8.77,8.44,,,,,,-1.7462,pending,,2026-06-08T13:10:14+00:00
trackb_cont_RLGT_20260605,,,,,,8.77,8.56,,,,,,-0.3492,pending,,2026-06-08T13:10:14+00:00
trackb_cont_RLGT_20260608,,,,,,,,,,,,,,pending,,2026-06-08T13:10:14+00:00
trackb_cont_RLJ_20260603,,,,,,10.7,9.99,,,,,,-1.1381,pending,,2026-06-08T13:09:43+00:00
trackb_cont_RLJ_20260604,,,,,,10.7,10.24,,,,,,1.336,pending,,2026-06-08T13:09:43+00:00
trackb_cont_RLJ_20260605,,,,,,10.7,10.48,,,,,,3.711,pending,,2026-06-08T13:09:43+00:00
trackb_cont_RLJ_20260608,,,,,,,,,,,,,,pending,,2026-06-08T13:09:43+00:00
trackb_cont_RMBS_20260603,,,,,,174.100006,142.110001,,,,,,-16.3653,pending,,2026-06-08T13:09:26+00:00
trackb_cont_RMBS_20260604,,,,,,171.279999,142.110001,,,,,,-16.3653,pending,,2026-06-08T13:09:26+00:00
trackb_cont_RMBS_20260605,,,,,,161.800003,142.110001,,,,,,-16.3653,pending,,2026-06-08T13:09:26+00:00
trackb_cont_RMBS_20260608,,,,,,,,,,,,,,pending,,2026-06-08T13:09:26+00:00
trackb_cont_RMR_20260603,,,,,,20.575001,19.790001,,,,,,-0.101,pending,,2026-06-08T13:10:55+00:00
trackb_cont_RMR_20260604,,,,,,20.575001,20.01,,,,,,1.0096,pending,,2026-06-08T13:10:55+00:00
trackb_cont_RMR_20260605,,,,,,20.575001,20.275,,,,,,2.3473,pending,,2026-06-08T13:10:55+00:00
trackb_cont_RMR_20260608,,,,,,,,,,,,,,pending,,2026-06-08T13:10:55+00:00
trackb_cont_ROG_20260603,,,,,,153.809998,137.669998,,,,,,-8.9605,pending,,2026-06-08T13:09:46+00:00
trackb_cont_ROG_20260604,,,,,,147.899994,137.669998,,,,,,-8.9605,pending,,2026-06-08T13:09:46+00:00
trackb_cont_ROG_20260605,,,,,,147.899994,137.669998,,,,,,-8.9605,pending,,2026-06-08T13:09:46+00:00
trackb_cont_ROK_20260603,,,,,,468.109985,441.200012,,,,,,-4.5363,pending,,2026-06-08T13:09:39+00:00
trackb_cont_ROK_20260604,,,,,,464.269989,441.200012,,,,,,-4.5363,pending,,2026-06-08T13:09:39+00:00
trackb_cont_ROK_20260605,,,,,,456.119995,441.200012,,,,,,-4.5363,pending,,2026-06-08T13:09:39+00:00
trackb_cont_ROK_20260608,,,,,,,,,,,,,,pending,,2026-06-08T13:09:39+00:00
trackb_cont_RPM_20260603,,,,,,106.360001,103.57,,,,,,-0.7855,pending,,2026-06-08T13:10:50+00:00
trackb_cont_RPM_20260604,,,,,,106.029999,103.870003,,,,,,-0.4981,pending,,2026-06-08T13:10:50+00:00
trackb_cont_RPM_20260605,,,,,,105.580002,104.089996,,,,,,-0.2874,pending,,2026-06-08T13:10:50+00:00
trackb_cont_RPM_20260608,,,,,,,,,,,,,,pending,,2026-06-08T13:10:50+00:00
trackb_cont_RPRX_20260603,,,,,,56.009998,53.945,,,,,,-2.2558,pending,,2026-06-08T13:11:16+00:00
trackb_cont_RPRX_20260604,,,,,,56.009998,54.950001,,,,,,-0.4349,pending,,2026-06-08T13:11:16+00:00
trackb_cont_RPRX_20260605,,,,,,55.935001,55.0,,,,,,-0.3443,pending,,2026-06-08T13:11:16+00:00
trackb_cont_RPRX_20260608,,,,,,,,,,,,,,pending,,2026-06-08T13:11:16+00:00
trackb_cont_RRR_20260603,,,,,,58.549999,56.299999,,,,,,-0.793,pending,,2026-06-08T13:10:59+00:00
trackb_cont_RRR_20260604,,,,,,58.549999,56.299999,,,,,,-0.793,pending,,2026-06-08T13:10:59+00:00
trackb_cont_RRR_20260605,,,,,,58.240002,57.009998,,,,,,0.4581,pending,,2026-06-08T13:10:59+00:00
trackb_cont_RS_20260603,,,,,,401.410004,386.609985,,,,,,-1.5257,pending,,2026-06-08T13:09:52+00:00
trackb_cont_RS_20260604,,,,,,401.410004,386.609985,,,,,,-1.5257,pending,,2026-06-08T13:09:52+00:00
trackb_cont_RS_20260605,,,,,,398.790009,389.640015,,,,,,-0.7539,pending,,2026-06-08T13:09:52+00:00
trackb_cont_RS_20260608,,,,,,,,,,,,,,pending,,2026-06-08T13:09:52+00:00
trackb_cont_RUM_20260603,,,,,,10.54,7.35,,,,,,-14.1355,pending,,2026-06-08T13:11:15+00:00
trackb_cont_RUM_20260604,,,,,,10.54,7.35,,,,,,-14.1355,pending,,2026-06-08T13:11:15+00:00
trackb_cont_RUM_20260605,,,,,,8.14,7.35,,,,,,-14.1355,pending,,2026-06-08T13:11:15+00:00
trackb_cont_RUM_20260608,,,,,,,,,,,,,,pending,,2026-06-08T13:11:15+00:00
trackb_cont_RVTY_20260603,,,,,,104.019997,97.599998,,,,,,-3.7285,pending,,2026-06-08T13:11:07+00:00
trackb_cont_RVTY_20260604,,,,,,104.019997,97.599998,,,,,,-3.7285,pending,,2026-06-08T13:11:07+00:00
trackb_cont_RVTY_20260605,,,,,,101.989998,97.599998,,,,,,-3.7285,pending,,2026-06-08T13:11:07+00:00
trackb_cont_RVTY_20260608,,,,,,,,,,,,,,pending,,2026-06-08T13:11:07+00:00
trackb_cont_RXO_20260603,,,,,,27.83,26.200001,,,,,,-1.9461,pending,,2026-06-08T13:09:43+00:00
trackb_cont_RXO_20260604,,,,,,27.83,26.530001,,,,,,-0.7111,pending,,2026-06-08T13:09:43+00:00
trackb_cont_RXO_20260605,,,,,,27.83,26.530001,,,,,,-0.7111,pending,,2026-06-08T13:09:43+00:00
trackb_cont_RXO_20260608,,,,,,,,,,,,,,pending,,2026-06-08T13:09:43+00:00
trackb_cont_RYZ_20260603,,,,,,28.440001,26.735001,,,,,,-4.7135,pending,,2026-06-08T13:10:13+00:00
trackb_cont_RYZ_20260604,,,,,,28.440001,26.735001,,,,,,-4.7135,pending,,2026-06-08T13:10:13+00:00
trackb_cont_RYZ_20260605,,,,,,28.129999,26.735001,,,,,,-4.7135,pending,,2026-06-08T13:10:13+00:00
trackb_cont_RYZ_20260608,,,,,,,,,,,,,,pending,,2026-06-08T13:10:13+00:00
trackb_cont_R_20260603,,,,,,269.98999,256.200012,,,,,,-1.0505,pending,,2026-06-08T13:09:36+00:00
trackb_cont_R_20260604,,,,,,269.98999,259.950012,,,,,,0.3978,pending,,2026-06-08T13:09:36+00:00
trackb_cont_R_20260605,,,,,,269.98999,264.75,,,,,,2.2517,pending,,2026-06-08T13:09:36+00:00
trackb_cont_R_20260608,,,,,,,,,,,,,,pending,,2026-06-08T13:09:36+00:00
trackb_cont_SAH_20260603,,,,,,85.400002,80.720001,,,,,,-3.2482,pending,,2026-06-08T13:09:39+00:00
trackb_cont_SAH_20260604,,,,,,85.400002,80.720001,,,,,,-3.2482,pending,,2026-06-08T13:09:39+00:00
trackb_cont_SAH_20260605,,,,,,84.5,80.720001,,,,,,-3.2482,pending,,2026-06-08T13:09:39+00:00
trackb_cont_SAH_20260608,,,,,,,,,,,,,,pending,,2026-06-08T13:09:39+00:00
trackb_cont_SAIA_20260603,,,,,,482.459991,455.029999,,,,,,-1.4895,pending,,2026-06-08T13:10:36+00:00
trackb_cont_SAIA_20260604,,,,,,482.459991,460.070007,,,,,,-0.3983,pending,,2026-06-08T13:10:36+00:00
trackb_cont_SAIA_20260605,,,,,,482.459991,461.059998,,,,,,-0.184,pending,,2026-06-08T13:10:36+00:00
trackb_cont_SAIA_20260608,,,,,,,,,,,,,,pending,,2026-06-08T13:10:36+00:00
trackb_cont_SAIC_20260603,,,,,,118.419998,109.269997,,,,,,-2.897,pending,,2026-06-08T13:11:13+00:00
trackb_cont_SAIC_20260604,,,,,,118.419998,112.699997,,,,,,0.1511,pending,,2026-06-08T13:11:13+00:00
trackb_cont_SAIC_20260605,,,,,,118.169998,113.440002,,,,,,0.8087,pending,,2026-06-08T13:11:13+00:00
trackb_cont_SAIC_20260608,,,,,,,,,,,,,,pending,,2026-06-08T13:11:13+00:00
trackb_cont_SANM_20260603,,,,,,288.679993,251.649994,,,,,,-11.3034,pending,,2026-06-08T13:09:24+00:00
trackb_cont_SANM_20260604,,,,,,285.339996,251.649994,,,,,,-11.3034,pending,,2026-06-08T13:09:24+00:00
trackb_cont_SANM_20260605,,,,,,270.970001,251.649994,,,,,,-11.3034,pending,,2026-06-08T13:09:24+00:00
trackb_cont_SANM_20260608,,,,,,,,,,,,,,pending,,2026-06-08T13:09:24+00:00
trackb_cont_SCSC_20260603,,,,,,47.779999,45.279999,,,,,,-0.7018,pending,,2026-06-08T13:09:57+00:00
trackb_cont_SCSC_20260604,,,,,,47.5,46.009998,,,,,,0.8991,pending,,2026-06-08T13:09:57+00:00
trackb_cont_SCSC_20260605,,,,,,47.459999,46.110001,,,,,,1.1184,pending,,2026-06-08T13:09:57+00:00
trackb_cont_SCSC_20260608,,,,,,,,,,,,,,pending,,2026-06-08T13:09:57+00:00
trackb_cont_SDGR_20260603,,,,,,16.469999,14.235,,,,,,-3.0973,pending,,2026-06-08T13:11:05+00:00
trackb_cont_SDGR_20260604,,,,,,16.469999,14.235,,,,,,-3.0973,pending,,2026-06-08T13:11:05+00:00
trackb_cont_SDGR_20260605,,,,,,15.85,14.235,,,,,,-3.0973,pending,,2026-06-08T13:11:05+00:00
trackb_cont_SDGR_20260608,,,,,,,,,,,,,,pending,,2026-06-08T13:11:05+00:00
trackb_cont_SEZL_20260603,,,,,,122.040001,108.510002,,,,,,-0.6773,pending,,2026-06-08T13:10:09+00:00
trackb_cont_SEZL_20260604,,,,,,122.040001,113.330002,,,,,,3.7346,pending,,2026-06-08T13:10:09+00:00
trackb_cont_SEZL_20260605,,,,,,119.230003,113.330002,,,,,,3.7346,pending,,2026-06-08T13:10:09+00:00
trackb_cont_SEZL_20260608,,,,,,,,,,,,,,pending,,2026-06-08T13:10:09+00:00
trackb_cont_SHLS_20260603,,,,,,12.815,10.525,,,,,,-16.005,pending,,2026-06-08T13:10:21+00:00
trackb_cont_SHLS_20260604,,,,,,12.79,10.525,,,,,,-16.005,pending,,2026-06-08T13:10:21+00:00
trackb_cont_SHLS_20260605,,,,,,12.49,10.525,,,,,,-16.005,pending,,2026-06-08T13:10:21+00:00
trackb_cont_SHLS_20260608,,,,,,,,,,,,,,pending,,2026-06-08T13:10:21+00:00
trackb_cont_SHOO_20260603,,,,,,44.669998,43.080002,,,,,,-1.6214,pending,,2026-06-08T13:09:25+00:00
trackb_cont_SHOO_20260604,,,,,,44.639999,43.220001,,,,,,-1.3017,pending,,2026-06-08T13:09:25+00:00
trackb_cont_SHOO_20260605,,,,,,44.119999,43.360001,,,,,,-0.982,pending,,2026-06-08T13:09:25+00:00
trackb_cont_SHOO_20260608,,,,,,,,,,,,,,pending,,2026-06-08T13:09:25+00:00
trackb_cont_SHO_20260603,,,,,,11.59,10.96,,,,,,-2.6211,pending,,2026-06-08T13:09:41+00:00
trackb_cont_SHO_20260604,,,,,,11.59,11.25,,,,,,-0.0444,pending,,2026-06-08T13:09:41+00:00
trackb_cont_SHO_20260605,,,,,,11.59,11.46,,,,,,1.8214,pending,,2026-06-08T13:09:41+00:00
trackb_cont_SHO_20260608,,,,,,,,,,,,,,pending,,2026-06-08T13:09:41+00:00
trackb_cont_SILA_20260603,,,,,,30.280001,30.23,,,,,,-0.0496,pending,,2026-06-08T13:11:00+00:00
trackb_cont_SILA_20260604,,,,,,30.280001,30.245001,,,,,,0.0,pending,,2026-06-08T13:11:00+00:00
trackb_cont_SILA_20260605,,,,,,30.280001,30.245001,,,,,,0.0,pending,,2026-06-08T13:11:00+00:00
trackb_cont_SILA_20260608,,,,,,,,,,,,,,pending,,2026-06-08T13:11:00+00:00
trackb_cont_SIRI_20260603,,,,,,28.77,26.459999,,,,,,-5.8531,pending,,2026-06-08T13:11:16+00:00
trackb_cont_SIRI_20260604,,,,,,28.469999,26.459999,,,,,,-5.8531,pending,,2026-06-08T13:11:16+00:00
trackb_cont_SIRI_20260605,,,,,,27.709999,26.459999,,,,,,-5.8531,pending,,2026-06-08T13:11:16+00:00
trackb_cont_SKLZ_20260603,,,,,,10.0,8.2,,,,,,-13.8655,pending,,2026-06-08T13:09:42+00:00
trackb_cont_SKLZ_20260604,,,,,,10.0,8.2,,,,,,-13.8655,pending,,2026-06-08T13:09:42+00:00
trackb_cont_SKLZ_20260605,,,,,,9.58,8.2,,,,,,-13.8655,pending,,2026-06-08T13:09:42+00:00
trackb_cont_SKLZ_20260608,,,,,,,,,,,,,,pending,,2026-06-08T13:09:42+00:00
trackb_cont_SLB_20260608,,,,,,,,,,,,,,pending,,2026-06-08T13:11:37+00:00
trackb_cont_SLDP_20260603,,,,,,3.52,2.9,,,,,,-11.9585,pending,,2026-06-08T13:09:50+00:00
trackb_cont_SLDP_20260604,,,,,,3.43,2.9,,,,,,-11.9585,pending,,2026-06-08T13:09:50+00:00
trackb_cont_SLDP_20260605,,,,,,3.23,2.9,,,,,,-11.9585,pending,,2026-06-08T13:09:50+00:00
trackb_cont_SLDP_20260608,,,,,,,,,,,,,,pending,,2026-06-08T13:09:50+00:00
trackb_cont_SLG_20260603,,,,,,48.27,44.080002,,,,,,-0.3391,pending,,2026-06-08T13:10:59+00:00
trackb_cont_SLG_20260604,,,,,,48.27,45.119999,,,,,,2.0122,pending,,2026-06-08T13:10:59+00:00
trackb_cont_SLG_20260605,,,,,,48.27,46.450001,,,,,,5.0192,pending,,2026-06-08T13:10:59+00:00
trackb_cont_SLG_20260608,,,,,,,,,,,,,,pending,,2026-06-08T13:10:59+00:00
trackb_cont_SMCI_20260603,,,,,,50.02,41.040001,,,,,,-11.685,pending,,2026-06-08T13:09:44+00:00
trackb_cont_SMCI_20260604,,,,,,47.84,41.040001,,,,,,-11.685,pending,,2026-06-08T13:09:44+00:00
trackb_cont_SMCI_20260605,,,,,,45.259998,41.040001,,,,,,-11.685,pending,,2026-06-08T13:09:44+00:00
trackb_cont_SMCI_20260608,,,,,,,,,,,,,,pending,,2026-06-08T13:09:44+00:00
trackb_cont_SMR_20260603,,,,,,13.52,10.15,,,,,,-17.2442,pending,,2026-06-08T13:09:55+00:00
trackb_cont_SMR_20260604,,,,,,12.3,10.15,,,,,,-17.2442,pending,,2026-06-08T13:09:55+00:00
trackb_cont_SMR_20260605,,,,,,12.24,10.15,,,,,,-17.2442,pending,,2026-06-08T13:09:55+00:00
trackb_cont_SMR_20260608,,,,,,,,,,,,,,pending,,2026-06-08T13:09:55+00:00
trackb_cont_SMTC_20260603,,,,,,171.369995,148.039993,,,,,,-9.3281,pending,,2026-06-08T13:10:02+00:00
trackb_cont_SMTC_20260604,,,,,,171.369995,148.039993,,,,,,-9.3281,pending,,2026-06-08T13:10:02+00:00
trackb_cont_SMTC_20260605,,,,,,166.449997,148.039993,,,,,,-9.3281,pending,,2026-06-08T13:10:02+00:00
trackb_cont_SMTC_20260608,,,,,,,,,,,,,,pending,,2026-06-08T13:10:02+00:00
trackb_cont_SM_20260608,,,,,,,,,,,,,,pending,,2026-06-08T13:11:39+00:00
trackb_cont_SNDK_20260603,,,,,,1861.0,1514.359985,,,,,,-14.9372,pending,,2026-06-08T13:10:34+00:00
trackb_cont_SNDK_20260604,,,,,,1825.900024,1514.359985,,,,,,-14.9372,pending,,2026-06-08T13:10:34+00:00
trackb_cont_SNDK_20260605,,,,,,1682.0,1514.359985,,,,,,-14.9372,pending,,2026-06-08T13:10:34+00:00
trackb_cont_SNDK_20260608,,,,,,,,,,,,,,pending,,2026-06-08T13:10:34+00:00
trackb_cont_SNDR_20260603,,,,,,37.834999,35.98,,,,,,-1.9084,pending,,2026-06-08T13:09:30+00:00
trackb_cont_SNDR_20260604,,,,,,37.834999,35.98,,,,,,-1.9084,pending,,2026-06-08T13:09:30+00:00
trackb_cont_SNDR_20260605,,,,,,37.834999,36.970001,,,,,,0.7906,pending,,2026-06-08T13:09:30+00:00
trackb_cont_SNDR_20260608,,,,,,,,,,,,,,pending,,2026-06-08T13:09:30+00:00
trackb_cont_SNOW_20260603,,,,,,263.640015,235.0,,,,,,-4.4502,pending,,2026-06-08T13:10:31+00:00
trackb_cont_SNOW_20260604,,,,,,253.005005,235.0,,,,,,-4.4502,pending,,2026-06-08T13:10:31+00:00
trackb_cont_SNOW_20260605,,,,,,247.550003,235.0,,,,,,-4.4502,pending,,2026-06-08T13:10:31+00:00
trackb_cont_SNOW_20260608,,,,,,,,,,,,,,pending,,2026-06-08T13:10:31+00:00
trackb_cont_SNX_20260603,,,,,,285.320007,266.470001,,,,,,-4.2224,pending,,2026-06-08T13:10:08+00:00
trackb_cont_SNX_20260604,,,,,,285.320007,266.470001,,,,,,-4.2224,pending,,2026-06-08T13:10:08+00:00
trackb_cont_SNX_20260605,,,,,,275.209991,266.470001,,,,,,-4.2224,pending,,2026-06-08T13:10:08+00:00
trackb_cont_SNX_20260608,,,,,,,,,,,,,,pending,,2026-06-08T13:10:08+00:00
trackb_cont_SN_20260603,,,,,,123.940002,118.370003,,,,,,-3.0707,pending,,2026-06-08T13:09:47+00:00
trackb_cont_SN_20260604,,,,,,123.940002,119.400002,,,,,,-2.2273,pending,,2026-06-08T13:09:47+00:00
trackb_cont_SN_20260605,,,,,,123.93,119.550003,,,,,,-2.1045,pending,,2026-06-08T13:09:47+00:00
trackb_cont_SN_20260608,,,,,,,,,,,,,,pending,,2026-06-08T13:09:47+00:00
trackb_cont_SOFI_20260603,,,,,,17.465,15.68,,,,,,-6.0234,pending,,2026-06-08T13:11:12+00:00
trackb_cont_SOFI_20260604,,,,,,17.23,15.68,,,,,,-6.0234,pending,,2026-06-08T13:11:12+00:00
trackb_cont_SOFI_20260605,,,,,,16.99,15.68,,,,,,-6.0234,pending,,2026-06-08T13:11:12+00:00
trackb_cont_SOFI_20260608,,,,,,,,,,,,,,pending,,2026-06-08T13:11:12+00:00
trackb_cont_SOLS_20260603,,,,,,89.720001,80.199997,,,,,,-9.5319,pending,,2026-06-08T13:10:58+00:00
trackb_cont_SOLS_20260604,,,,,,85.769997,80.199997,,,,,,-9.5319,pending,,2026-06-08T13:10:58+00:00
trackb_cont_SOLS_20260605,,,,,,85.614998,80.199997,,,,,,-9.5319,pending,,2026-06-08T13:10:58+00:00
trackb_cont_SOLV_20260603,,,,,,83.419998,76.150002,,,,,,-2.0202,pending,,2026-06-08T13:10:17+00:00
trackb_cont_SOLV_20260604,,,,,,83.419998,78.519997,,,,,,1.0292,pending,,2026-06-08T13:10:17+00:00
trackb_cont_SOLV_20260605,,,,,,83.419998,80.639999,,,,,,3.7569,pending,,2026-06-08T13:10:17+00:00
trackb_cont_SOLV_20260608,,,,,,,,,,,,,,pending,,2026-06-08T13:10:17+00:00
trackb_cont_SONO_20260603,,,,,,16.379999,14.98,,,,,,-4.22,pending,,2026-06-08T13:09:56+00:00
trackb_cont_SONO_20260604,,,,,,16.379999,14.98,,,,,,-4.22,pending,,2026-06-08T13:09:56+00:00
trackb_cont_SONO_20260605,,,,,,16.370001,14.98,,,,,,-4.22,pending,,2026-06-08T13:09:56+00:00
trackb_cont_SONO_20260608,,,,,,,,,,,,,,pending,,2026-06-08T13:09:56+00:00
trackb_cont_SPG_20260608,,,,,,,,,,,,,,pending,,2026-06-08T13:11:40+00:00
trackb_cont_SPHR_20260603,,,,,,147.0,136.119995,,,,,,-2.4789,pending,,2026-06-08T13:11:14+00:00
trackb_cont_SPHR_20260604,,,,,,147.0,136.119995,,,,,,-2.4789,pending,,2026-06-08T13:11:14+00:00
trackb_cont_SPHR_20260605,,,,,,141.279999,136.119995,,,,,,-2.4789,pending,,2026-06-08T13:11:14+00:00
trackb_cont_SPHR_20260608,,,,,,,,,,,,,,pending,,2026-06-08T13:11:14+00:00
trackb_cont_SPXC_20260603,,,,,,244.639999,225.699997,,,,,,-5.8092,pending,,2026-06-08T13:09:23+00:00
trackb_cont_SPXC_20260604,,,,,,237.539993,225.699997,,,,,,-5.8092,pending,,2026-06-08T13:09:23+00:00
trackb_cont_SPXC_20260605,,,,,,233.949997,225.699997,,,,,,-5.8092,pending,,2026-06-08T13:09:23+00:00
trackb_cont_SPXC_20260608,,,,,,,,,,,,,,pending,,2026-06-08T13:09:23+00:00
trackb_cont_SRG_20260603,,,,,,2.9,2.655,,,,,,-3.1022,pending,,2026-06-08T13:09:36+00:00
trackb_cont_SRG_20260604,,,,,,2.86,2.655,,,,,,-3.1022,pending,,2026-06-08T13:09:36+00:00
trackb_cont_SRG_20260605,,,,,,2.74,2.655,,,,,,-3.1022,pending,,2026-06-08T13:09:36+00:00
trackb_cont_SRG_20260608,,,,,,,,,,,,,,pending,,2026-06-08T13:09:36+00:00
trackb_cont_SSYS_20260603,,,,,,10.43,8.79,,,,,,-12.5808,pending,,2026-06-08T13:10:05+00:00
trackb_cont_SSYS_20260604,,,,,,9.84,8.79,,,,,,-12.5808,pending,,2026-06-08T13:10:05+00:00
trackb_cont_SSYS_20260605,,,,,,9.44,8.79,,,,,,-12.5808,pending,,2026-06-08T13:10:05+00:00
trackb_cont_SSYS_20260608,,,,,,,,,,,,,,pending,,2026-06-08T13:10:05+00:00
trackb_cont_STGW_20260603,,,,,,7.24,6.42,,,,,,-3.0943,pending,,2026-06-08T13:10:33+00:00
trackb_cont_STGW_20260604,,,,,,6.85,6.42,,,,,,-3.0943,pending,,2026-06-08T13:10:33+00:00
trackb_cont_STGW_20260605,,,,,,6.72,6.42,,,,,,-3.0943,pending,,2026-06-08T13:10:33+00:00
trackb_cont_STGW_20260608,,,,,,,,,,,,,,pending,,2026-06-08T13:10:33+00:00
trackb_cont_STLD_20260603,,,,,,280.48999,265.619995,,,,,,-3.4916,pending,,2026-06-08T13:09:38+00:00
trackb_cont_STLD_20260604,,,,,,280.48999,265.619995,,,,,,-3.4916,pending,,2026-06-08T13:09:38+00:00
trackb_cont_STLD_20260605,,,,,,276.179993,265.619995,,,,,,-3.4916,pending,,2026-06-08T13:09:38+00:00
trackb_cont_STLD_20260608,,,,,,,,,,,,,,pending,,2026-06-08T13:09:38+00:00
trackb_cont_STRL_20260603,,,,,,1005.679993,865.26001,,,,,,-8.9229,pending,,2026-06-08T13:10:04+00:00
trackb_cont_STRL_20260604,,,,,,1005.679993,865.26001,,,,,,-8.9229,pending,,2026-06-08T13:10:04+00:00
trackb_cont_STRL_20260605,,,,,,969.880005,865.26001,,,,,,-8.9229,pending,,2026-06-08T13:10:04+00:00
trackb_cont_STRL_20260608,,,,,,,,,,,,,,pending,,2026-06-08T13:10:04+00:00
trackb_cont_STT_20260603,,,,,,163.949997,155.690002,,,,,,-0.8723,pending,,2026-06-08T13:10:24+00:00
trackb_cont_STT_20260604,,,,,,163.949997,158.020004,,,,,,0.6112,pending,,2026-06-08T13:10:24+00:00
trackb_cont_STT_20260605,,,,,,163.369995,160.289993,,,,,,2.0565,pending,,2026-06-08T13:10:24+00:00
trackb_cont_STT_20260608,,,,,,,,,,,,,,pending,,2026-06-08T13:10:24+00:00
trackb_cont_STUB_20260603,,,,,,9.86,9.15,,,,,,-4.5383,pending,,2026-06-08T13:10:37+00:00
trackb_cont_STUB_20260604,,,,,,9.79,9.15,,,,,,-4.5383,pending,,2026-06-08T13:10:37+00:00
trackb_cont_STUB_20260605,,,,,,9.501,9.15,,,,,,-4.5383,pending,,2026-06-08T13:10:37+00:00
trackb_cont_STUB_20260608,,,,,,,,,,,,,,pending,,2026-06-08T13:10:37+00:00
trackb_cont_STX_20260603,,,,,,966.799988,843.630005,,,,,,-11.546,pending,,2026-06-08T13:10:07+00:00
trackb_cont_STX_20260604,,,,,,941.48999,843.630005,,,,,,-11.546,pending,,2026-06-08T13:10:07+00:00
trackb_cont_STX_20260605,,,,,,910.659973,843.630005,,,,,,-11.546,pending,,2026-06-08T13:10:07+00:00
trackb_cont_STX_20260608,,,,,,,,,,,,,,pending,,2026-06-08T13:10:07+00:00
trackb_cont_ST_20260603,,,,,,53.889999,49.389999,,,,,,-6.9868,pending,,2026-06-08T13:09:48+00:00
trackb_cont_ST_20260604,,,,,,53.599998,49.389999,,,,,,-6.9868,pending,,2026-06-08T13:09:48+00:00
trackb_cont_ST_20260605,,,,,,52.290001,49.389999,,,,,,-6.9868,pending,,2026-06-08T13:09:48+00:00
trackb_cont_ST_20260608,,,,,,,,,,,,,,pending,,2026-06-08T13:09:48+00:00
trackb_cont_SVV_20260603,,,,,,9.64,8.74,,,,,,-6.7733,pending,,2026-06-08T13:10:00+00:00
trackb_cont_SVV_20260604,,,,,,9.64,8.92,,,,,,-4.8533,pending,,2026-06-08T13:10:00+00:00
trackb_cont_SVV_20260605,,,,,,9.2,8.99,,,,,,-4.1067,pending,,2026-06-08T13:10:00+00:00
trackb_cont_SVV_20260608,,,,,,,,,,,,,,pending,,2026-06-08T13:10:00+00:00
trackb_cont_SXC_20260603,,,,,,9.59,9.04,,,,,,-3.3672,pending,,2026-06-08T13:09:41+00:00
trackb_cont_SXC_20260604,,,,,,9.59,9.04,,,,,,-3.3672,pending,,2026-06-08T13:09:41+00:00
trackb_cont_SXC_20260605,,,,,,9.47,9.04,,,,,,-3.3672,pending,,2026-06-08T13:09:41+00:00
trackb_cont_SXC_20260608,,,,,,,,,,,,,,pending,,2026-06-08T13:09:41+00:00
trackb_cont_TALK_20260603,,,,,,5.22,5.2,,,,,,-0.3831,pending,,2026-06-08T13:10:47+00:00
trackb_cont_TALK_20260604,,,,,,5.22,5.2,,,,,,-0.3831,pending,,2026-06-08T13:10:47+00:00
trackb_cont_TALK_20260605,,,,,,5.22,5.2,,,,,,-0.3831,pending,,2026-06-08T13:10:47+00:00
trackb_cont_TALK_20260608,,,,,,,,,,,,,,pending,,2026-06-08T13:10:47+00:00
trackb_cont_TBCH_20260603,,,,,,13.37,12.0,,,,,,-6.1033,pending,,2026-06-08T13:09:36+00:00
trackb_cont_TBCH_20260604,,,,,,12.86,12.0,,,,,,-6.1033,pending,,2026-06-08T13:09:36+00:00
trackb_cont_TBCH_20260605,,,,,,12.54,12.0,,,,,,-6.1033,pending,,2026-06-08T13:09:36+00:00
trackb_cont_TBCH_20260608,,,,,,,,,,,,,,pending,,2026-06-08T13:09:36+00:00
trackb_cont_TBI_20260603,,,,,,7.1,6.52,,,,,,-2.0286,pending,,2026-06-08T13:10:20+00:00
trackb_cont_TBI_20260604,,,,,,7.1,6.54,,,,,,-1.728,pending,,2026-06-08T13:10:20+00:00
trackb_cont_TBI_20260605,,,,,,6.92,6.54,,,,,,-1.728,pending,,2026-06-08T13:10:20+00:00
trackb_cont_TBI_20260608,,,,,,,,,,,,,,pending,,2026-06-08T13:10:20+00:00
trackb_cont_TBLA_20260603,,,,,,4.9,4.51,,,,,,-2.4865,pending,,2026-06-08T13:11:10+00:00
trackb_cont_TBLA_20260604,,,,,,4.76,4.51,,,,,,-2.4865,pending,,2026-06-08T13:11:10+00:00
trackb_cont_TBLA_20260605,,,,,,4.73,4.51,,,,,,-2.4865,pending,,2026-06-08T13:11:10+00:00
trackb_cont_TDG_20260603,,,,,,1242.349976,1201.859985,,,,,,-2.1896,pending,,2026-06-08T13:11:11+00:00
trackb_cont_TDG_20260604,,,,,,1242.219971,1220.01001,,,,,,-0.7125,pending,,2026-06-08T13:11:11+00:00
trackb_cont_TDG_20260605,,,,,,1242.219971,1220.01001,,,,,,-0.7125,pending,,2026-06-08T13:11:11+00:00
trackb_cont_TDG_20260608,,,,,,,,,,,,,,pending,,2026-06-08T13:11:11+00:00
trackb_cont_TDOC_20260603,,,,,,7.57,6.935,,,,,,-3.4795,pending,,2026-06-08T13:11:13+00:00
trackb_cont_TDOC_20260604,,,,,,7.57,6.935,,,,,,-3.4795,pending,,2026-06-08T13:11:13+00:00
trackb_cont_TDOC_20260605,,,,,,7.3,6.935,,,,,,-3.4795,pending,,2026-06-08T13:11:13+00:00
trackb_cont_TDOC_20260608,,,,,,,,,,,,,,pending,,2026-06-08T13:11:13+00:00
trackb_cont_TEAM_20260603,,,,,,106.260002,96.785004,,,,,,-4.589,pending,,2026-06-08T13:11:03+00:00
trackb_cont_TEAM_20260604,,,,,,106.260002,96.785004,,,,,,-4.589,pending,,2026-06-08T13:11:03+00:00
trackb_cont_TEAM_20260605,,,,,,103.372002,96.785004,,,,,,-4.589,pending,,2026-06-08T13:11:03+00:00
trackb_cont_TEAM_20260608,,,,,,,,,,,,,,pending,,2026-06-08T13:11:03+00:00
trackb_cont_TER_20260603,,,,,,420.600006,354.130005,,,,,,-13.1268,pending,,2026-06-08T13:10:24+00:00
trackb_cont_TER_20260604,,,,,,413.869995,354.130005,,,,,,-13.1268,pending,,2026-06-08T13:10:24+00:00
trackb_cont_TER_20260605,,,,,,392.920013,354.130005,,,,,,-13.1268,pending,,2026-06-08T13:10:24+00:00
trackb_cont_TER_20260608,,,,,,,,,,,,,,pending,,2026-06-08T13:10:24+00:00
trackb_cont_TE_20260603,,,,,,12.49,9.112,,,,,,-21.3126,pending,,2026-06-08T13:09:33+00:00
trackb_cont_TE_20260604,,,,,,12.49,9.112,,,,,,-21.3126,pending,,2026-06-08T13:09:33+00:00
trackb_cont_TE_20260605,,,,,,11.26,9.112,,,,,,-21.3126,pending,,2026-06-08T13:09:33+00:00
trackb_cont_TE_20260608,,,,,,,,,,,,,,pending,,2026-06-08T13:09:33+00:00
trackb_cont_TILE_20260608,,,,,,,,,,,,,,pending,,2026-06-08T13:11:38+00:00
trackb_cont_TITN_20260603,,,,,,24.6,23.1,,,,,,-1.0707,pending,,2026-06-08T13:09:34+00:00
trackb_cont_TITN_20260604,,,,,,24.6,23.110001,,,,,,-1.0278,pending,,2026-06-08T13:09:34+00:00
trackb_cont_TITN_20260605,,,,,,24.360001,23.110001,,,,,,-1.0278,pending,,2026-06-08T13:09:34+00:00
trackb_cont_TITN_20260608,,,,,,,,,,,,,,pending,,2026-06-08T13:09:34+00:00
trackb_cont_TKO_20260603,,,,,,205.589996,197.830002,,,,,,-0.5054,pending,,2026-06-08T13:11:02+00:00
trackb_cont_TKO_20260604,,,,,,205.589996,200.25,,,,,,0.7116,pending,,2026-06-08T13:11:02+00:00
trackb_cont_TKO_20260605,,,,,,205.589996,201.330002,,,,,,1.2548,pending,,2026-06-08T13:11:02+00:00
trackb_cont_TKR_20260603,,,,,,134.119995,129.770004,,,,,,-1.5514,pending,,2026-06-08T13:09:29+00:00
trackb_cont_TKR_20260604,,,,,,134.119995,129.770004,,,,,,-1.5514,pending,,2026-06-08T13:09:29+00:00
trackb_cont_TKR_20260605,,,,,,134.119995,129.770004,,,,,,-1.5514,pending,,2026-06-08T13:09:29+00:00
trackb_cont_TKR_20260608,,,,,,,,,,,,,,pending,,2026-06-08T13:09:29+00:00
trackb_cont_TLN_20260603,,,,,,385.51001,359.829987,,,,,,-5.4249,pending,,2026-06-08T13:11:15+00:00
trackb_cont_TLN_20260604,,,,,,379.970001,359.829987,,,,,,-5.4249,pending,,2026-06-08T13:11:15+00:00
trackb_cont_TLN_20260605,,,,,,375.089996,359.829987,,,,,,-5.4249,pending,,2026-06-08T13:11:15+00:00
trackb_cont_TLN_20260608,,,,,,,,,,,,,,pending,,2026-06-08T13:11:15+00:00
trackb_cont_TLYS_20260603,,,,,,5.9,4.32,,,,,,-3.3557,pending,,2026-06-08T13:10:46+00:00
trackb_cont_TLYS_20260604,,,,,,5.9,4.53,,,,,,1.3423,pending,,2026-06-08T13:10:46+00:00
trackb_cont_TLYS_20260605,,,,,,5.55,4.86,,,,,,8.7248,pending,,2026-06-08T13:10:46+00:00
trackb_cont_TLYS_20260608,,,,,,,,,,,,,,pending,,2026-06-08T13:10:46+00:00
trackb_cont_TMHC_20260603,,,,,,71.660004,71.43,,,,,,-0.2165,pending,,2026-06-08T13:09:29+00:00
trackb_cont_TMHC_20260604,,,,,,71.660004,71.43,,,,,,-0.2165,pending,,2026-06-08T13:09:29+00:00
trackb_cont_TMHC_20260605,,,,,,71.599998,71.43,,,,,,-0.2165,pending,,2026-06-08T13:09:29+00:00
trackb_cont_TMHC_20260608,,,,,,,,,,,,,,pending,,2026-06-08T13:09:29+00:00
trackb_cont_TMO_20260603,,,,,,488.649994,469.109985,,,,,,-0.7322,pending,,2026-06-08T13:11:09+00:00
trackb_cont_TMO_20260604,,,,,,488.649994,469.619995,,,,,,-0.6242,pending,,2026-06-08T13:11:09+00:00
trackb_cont_TMO_20260605,,,,,,486.790009,469.619995,,,,,,-0.6242,pending,,2026-06-08T13:11:09+00:00
trackb_cont_TMO_20260608,,,,,,,,,,,,,,pending,,2026-06-08T13:11:09+00:00
trackb_cont_TNET_20260603,,,,,,48.169998,45.25,,,,,,-2.1833,pending,,2026-06-08T13:10:16+00:00
trackb_cont_TNET_20260604,,,,,,48.169998,46.139999,,,,,,-0.2594,pending,,2026-06-08T13:10:16+00:00
trackb_cont_TNET_20260605,,,,,,47.57,46.240002,,,,,,-0.0432,pending,,2026-06-08T13:10:16+00:00
trackb_cont_TNET_20260608,,,,,,,,,,,,,,pending,,2026-06-08T13:10:16+00:00
trackb_cont_TNL_20260603,,,,,,72.110001,69.32,,,,,,-0.4738,pending,,2026-06-08T13:09:43+00:00
trackb_cont_TNL_20260604,,,,,,72.110001,69.849998,,,,,,0.2871,pending,,2026-06-08T13:09:43+00:00
trackb_cont_TNL_20260605,,,,,,72.110001,70.419998,,,,,,1.1055,pending,,2026-06-08T13:09:43+00:00
trackb_cont_TNL_20260608,,,,,,,,,,,,,,pending,,2026-06-08T13:09:43+00:00
trackb_cont_TOL_20260603,,,,,,141.119995,136.350006,,,,,,-0.3872,pending,,2026-06-08T13:10:56+00:00
trackb_cont_TOL_20260604,,,,,,141.119995,137.309998,,,,,,0.3141,pending,,2026-06-08T13:10:56+00:00
trackb_cont_TOL_20260605,,,,,,139.399994,137.309998,,,,,,0.3141,pending,,2026-06-08T13:10:56+00:00
trackb_cont_TOL_20260608,,,,,,,,,,,,,,pending,,2026-06-08T13:10:56+00:00
trackb_cont_TOMZ_20260603,,,,,,1.08,0.95,,,,,,-7.767,pending,,2026-06-08T13:09:52+00:00
trackb_cont_TOMZ_20260604,,,,,,1.08,0.95,,,,,,-7.767,pending,,2026-06-08T13:09:52+00:00
trackb_cont_TOMZ_20260605,,,,,,1.07,0.98,,,,,,-4.8544,pending,,2026-06-08T13:09:52+00:00
trackb_cont_TOMZ_20260608,,,,,,,,,,,,,,pending,,2026-06-08T13:09:52+00:00
trackb_cont_TRIP_20260603,,,,,,12.31,11.58,,,,,,-2.4842,pending,,2026-06-08T13:10:14+00:00
trackb_cont_TRIP_20260604,,,,,,12.31,11.68,,,,,,-1.6421,pending,,2026-06-08T13:10:14+00:00
trackb_cont_TRIP_20260605,,,,,,12.13,11.68,,,,,,-1.6421,pending,,2026-06-08T13:10:14+00:00
trackb_cont_TRIP_20260608,,,,,,,,,,,,,,pending,,2026-06-08T13:10:14+00:00
trackb_cont_TRU_20260603,,,,,,73.169998,68.419998,,,,,,-0.8621,pending,,2026-06-08T13:09:41+00:00
trackb_cont_TRU_20260604,,,,,,73.169998,69.540001,,,,,,0.7607,pending,,2026-06-08T13:09:41+00:00
trackb_cont_TRU_20260605,,,,,,71.330002,69.540001,,,,,,0.7607,pending,,2026-06-08T13:09:41+00:00
trackb_cont_TTI_20260603,,,,,,10.34,9.27,,,,,,-7.2072,pending,,2026-06-08T13:09:50+00:00
trackb_cont_TTI_20260604,,,,,,10.12,9.27,,,,,,-7.2072,pending,,2026-06-08T13:09:50+00:00
trackb_cont_TTI_20260605,,,,,,9.78,9.27,,,,,,-7.2072,pending,,2026-06-08T13:09:50+00:00
trackb_cont_TUSK_20260603,,,,,,3.92,3.3,,,,,,-6.7797,pending,,2026-06-08T13:09:48+00:00
trackb_cont_TUSK_20260604,,,,,,3.92,3.3,,,,,,-6.7797,pending,,2026-06-08T13:09:48+00:00
trackb_cont_TUSK_20260605,,,,,,3.79,3.3,,,,,,-6.7797,pending,,2026-06-08T13:09:48+00:00
trackb_cont_TUSK_20260608,,,,,,,,,,,,,,pending,,2026-06-08T13:09:48+00:00
trackb_cont_TWLO_20260603,,,,,,238.479996,215.380005,,,,,,-1.4211,pending,,2026-06-08T13:09:38+00:00
trackb_cont_TWLO_20260604,,,,,,238.479996,222.619995,,,,,,1.8926,pending,,2026-06-08T13:09:38+00:00
trackb_cont_TWLO_20260605,,,,,,237.300003,224.229996,,,,,,2.6295,pending,,2026-06-08T13:09:38+00:00
trackb_cont_TWLO_20260608,,,,,,,,,,,,,,pending,,2026-06-08T13:09:38+00:00
trackb_cont_TWST_20260603,,,,,,80.5,68.290001,,,,,,-4.1409,pending,,2026-06-08T13:09:37+00:00
trackb_cont_TWST_20260604,,,,,,80.5,68.290001,,,,,,-4.1409,pending,,2026-06-08T13:09:37+00:00
trackb_cont_TWST_20260605,,,,,,73.699997,68.290001,,,,,,-4.1409,pending,,2026-06-08T13:09:37+00:00
trackb_cont_TWST_20260608,,,,,,,,,,,,,,pending,,2026-06-08T13:09:37+00:00
trackb_cont_TXG_20260603,,,,,,35.645,29.912001,,,,,,-5.1918,pending,,2026-06-08T13:09:37+00:00
trackb_cont_TXG_20260604,,,,,,35.645,30.27,,,,,,-4.0571,pending,,2026-06-08T13:09:37+00:00
trackb_cont_TXG_20260605,,,,,,33.07,30.27,,,,,,-4.0571,pending,,2026-06-08T13:09:37+00:00
trackb_cont_TXG_20260608,,,,,,,,,,,,,,pending,,2026-06-08T13:09:37+00:00
trackb_cont_UCTT_20260603,,,,,,94.949997,81.650002,,,,,,-11.7488,pending,,2026-06-08T13:10:06+00:00
trackb_cont_UCTT_20260604,,,,,,94.949997,81.650002,,,,,,-11.7488,pending,,2026-06-08T13:10:06+00:00
trackb_cont_UCTT_20260605,,,,,,90.43,81.650002,,,,,,-11.7488,pending,,2026-06-08T13:10:06+00:00
trackb_cont_UCTT_20260608,,,,,,,,,,,,,,pending,,2026-06-08T13:10:06+00:00
trackb_cont_UDR_20260608,,,,,,,,,,,,,,pending,,2026-06-08T13:11:33+00:00
trackb_cont_UEC_20260603,,,,,,15.14,12.43,,,,,,-11.844,pending,,2026-06-08T13:11:13+00:00
trackb_cont_UEC_20260604,,,,,,14.46,12.43,,,,,,-11.844,pending,,2026-06-08T13:11:13+00:00
trackb_cont_UEC_20260605,,,,,,13.86,12.43,,,,,,-11.844,pending,,2026-06-08T13:11:13+00:00
trackb_cont_UEC_20260608,,,,,,,,,,,,,,pending,,2026-06-08T13:11:13+00:00
trackb_cont_UFPT_20260603,,,,,,231.600006,211.699997,,,,,,-1.3215,pending,,2026-06-08T13:11:18+00:00
trackb_cont_UFPT_20260604,,,,,,231.600006,220.309998,,,,,,2.6919,pending,,2026-06-08T13:11:18+00:00
trackb_cont_UFPT_20260605,,,,,,231.600006,221.380005,,,,,,3.1906,pending,,2026-06-08T13:11:18+00:00
trackb_cont_UHAL-B_20260603,,,,,,51.899899,49.029999,,,,,,-0.9895,pending,,2026-06-08T13:11:02+00:00
trackb_cont_UHAL-B_20260604,,,,,,51.899899,49.029999,,,,,,-0.9895,pending,,2026-06-08T13:11:02+00:00
trackb_cont_UHAL-B_20260605,,,,,,51.899899,50.25,,,,,,1.4742,pending,,2026-06-08T13:11:02+00:00
trackb_cont_UHAL-B_20260608,,,,,,,,,,,,,,pending,,2026-06-08T13:11:02+00:00
trackb_cont_UHAL_20260603,,,,,,58.049999,54.84,,,,,,-1.0115,pending,,2026-06-08T13:11:09+00:00
trackb_cont_UHAL_20260604,,,,,,58.049999,54.939999,,,,,,-0.831,pending,,2026-06-08T13:11:09+00:00
trackb_cont_UHAL_20260605,,,,,,58.049999,56.389999,,,,,,1.7863,pending,,2026-06-08T13:11:09+00:00
trackb_cont_UHAL_20260608,,,,,,,,,,,,,,pending,,2026-06-08T13:11:09+00:00
trackb_cont_ULCC_20260603,,,,,,6.179,5.5,,,,,,-3.5088,pending,,2026-06-08T13:10:39+00:00
trackb_cont_ULCC_20260604,,,,,,6.179,5.715,,,,,,0.2632,pending,,2026-06-08T13:10:39+00:00
trackb_cont_ULCC_20260605,,,,,,6.179,5.77,,,,,,1.2281,pending,,2026-06-08T13:10:39+00:00
trackb_cont_ULCC_20260608,,,,,,,,,,,,,,pending,,2026-06-08T13:10:39+00:00
trackb_cont_UMAC_20260603,,,,,,32.93,25.549999,,,,,,-13.0952,pending,,2026-06-08T13:09:40+00:00
trackb_cont_UMAC_20260604,,,,,,32.93,25.549999,,,,,,-13.0952,pending,,2026-06-08T13:09:40+00:00
trackb_cont_UMAC_20260605,,,,,,30.950001,25.549999,,,,,,-13.0952,pending,,2026-06-08T13:09:40+00:00
trackb_cont_UMAC_20260608,,,,,,,,,,,,,,pending,,2026-06-08T13:09:40+00:00
trackb_cont_UNFI_20260603,,,,,,55.869999,50.740002,,,,,,-2.1974,pending,,2026-06-08T13:10:37+00:00
trackb_cont_UNFI_20260604,,,,,,55.869999,51.650002,,,,,,-0.4433,pending,,2026-06-08T13:10:37+00:00
trackb_cont_UNFI_20260605,,,,,,55.869999,53.18,,,,,,2.5058,pending,,2026-06-08T13:10:37+00:00
trackb_cont_UNFI_20260608,,,,,,,,,,,,,,pending,,2026-06-08T13:10:37+00:00
trackb_cont_UNF_20260603,,,,,,273.410004,260.480011,,,,,,-1.5478,pending,,2026-06-08T13:11:09+00:00
trackb_cont_UNF_20260604,,,,,,273.410004,266.25,,,,,,0.6331,pending,,2026-06-08T13:11:09+00:00
trackb_cont_UNF_20260605,,,,,,273.410004,268.359985,,,,,,1.4306,pending,,2026-06-08T13:11:09+00:00
trackb_cont_UNF_20260608,,,,,,,,,,,,,,pending,,2026-06-08T13:11:09+00:00
trackb_cont_UNM_20260603,,,,,,86.879997,82.610001,,,,,,-0.6554,pending,,2026-06-08T13:10:41+00:00
trackb_cont_UNM_20260604,,,,,,86.879997,84.239998,,,,,,1.3048,pending,,2026-06-08T13:10:41+00:00
trackb_cont_UNM_20260605,,,,,,86.879997,85.32,,,,,,2.6036,pending,,2026-06-08T13:10:41+00:00
trackb_cont_UNM_20260608,,,,,,,,,,,,,,pending,,2026-06-08T13:10:41+00:00
trackb_cont_UPST_20260603,,,,,,32.505001,29.139999,,,,,,-3.382,pending,,2026-06-08T13:11:11+00:00
trackb_cont_UPST_20260604,,,,,,32.505001,29.139999,,,,,,-3.382,pending,,2026-06-08T13:11:11+00:00
trackb_cont_UPST_20260605,,,,,,31.98,29.139999,,,,,,-3.382,pending,,2026-06-08T13:11:11+00:00
trackb_cont_UPST_20260608,,,,,,,,,,,,,,pending,,2026-06-08T13:11:11+00:00
trackb_cont_UPS_20260603,,,,,,111.220001,108.370003,,,,,,-1.8654,pending,,2026-06-08T13:10:01+00:00
trackb_cont_UPS_20260604,,,,,,111.220001,108.519997,,,,,,-1.7296,pending,,2026-06-08T13:10:01+00:00
trackb_cont_UPS_20260605,,,,,,110.699997,108.519997,,,,,,-1.7296,pending,,2026-06-08T13:10:01+00:00
trackb_cont_UPS_20260608,,,,,,,,,,,,,,pending,,2026-06-08T13:10:01+00:00
trackb_cont_URG_20260603,,,,,,2.09,1.62,,,,,,-15.4047,pending,,2026-06-08T13:09:53+00:00
trackb_cont_URG_20260604,,,,,,1.99,1.62,,,,,,-15.4047,pending,,2026-06-08T13:09:53+00:00
trackb_cont_URG_20260605,,,,,,1.94,1.62,,,,,,-15.4047,pending,,2026-06-08T13:09:53+00:00
trackb_cont_URI_20260603,,,,,,1091.22998,995.869995,,,,,,-3.3624,pending,,2026-06-08T13:10:45+00:00
trackb_cont_URI_20260604,,,,,,1091.22998,1050.099976,,,,,,1.9,pending,,2026-06-08T13:10:45+00:00
trackb_cont_URI_20260605,,,,,,1082.869995,1053.849976,,,,,,2.2639,pending,,2026-06-08T13:10:45+00:00
trackb_cont_URI_20260608,,,,,,,,,,,,,,pending,,2026-06-08T13:10:45+00:00
trackb_cont_USAR_20260603,,,,,,32.799999,22.155001,,,,,,-21.6723,pending,,2026-06-08T13:09:54+00:00
trackb_cont_USAR_20260604,,,,,,27.48,22.155001,,,,,,-21.6723,pending,,2026-06-08T13:09:54+00:00
trackb_cont_USAR_20260605,,,,,,26.049999,22.155001,,,,,,-21.6723,pending,,2026-06-08T13:09:54+00:00
trackb_cont_UTI_20260603,,,,,,45.740002,41.59,,,,,,-4.5223,pending,,2026-06-08T13:09:34+00:00
trackb_cont_UTI_20260604,,,,,,45.740002,43.27,,,,,,-0.6655,pending,,2026-06-08T13:09:34+00:00
trackb_cont_UTI_20260605,,,,,,45.02,43.27,,,,,,-0.6655,pending,,2026-06-08T13:09:34+00:00
trackb_cont_UTI_20260608,,,,,,,,,,,,,,pending,,2026-06-08T13:09:34+00:00
trackb_cont_UVV_20260603,,,,,,54.32,52.720001,,,,,,-1.8615,pending,,2026-06-08T13:10:31+00:00
trackb_cont_UVV_20260604,,,,,,54.080002,52.720001,,,,,,-1.8615,pending,,2026-06-08T13:10:31+00:00
trackb_cont_UVV_20260605,,,,,,54.049999,52.720001,,,,,,-1.8615,pending,,2026-06-08T13:10:31+00:00
trackb_cont_U_20260603,,,,,,31.4,28.700001,,,,,,-1.6955,pending,,2026-06-08T13:11:00+00:00
trackb_cont_U_20260604,,,,,,31.4,28.700001,,,,,,-1.6955,pending,,2026-06-08T13:11:00+00:00
trackb_cont_U_20260605,,,,,,31.4,28.700001,,,,,,-1.6955,pending,,2026-06-08T13:11:00+00:00
trackb_cont_U_20260608,,,,,,,,,,,,,,pending,,2026-06-08T13:11:00+00:00
trackb_cont_VAC_20260603,,,,,,90.190002,84.510002,,,,,,-0.2832,pending,,2026-06-08T13:09:56+00:00
trackb_cont_VAC_20260604,,,,,,90.190002,85.75,,,,,,1.1799,pending,,2026-06-08T13:09:56+00:00
trackb_cont_VAC_20260605,,,,,,90.190002,86.629997,,,,,,2.2183,pending,,2026-06-08T13:09:56+00:00
trackb_cont_VAC_20260608,,,,,,,,,,,,,,pending,,2026-06-08T13:09:56+00:00
trackb_cont_VC_20260603,,,,,,125.120003,116.760002,,,,,,-5.4804,pending,,2026-06-08T13:09:44+00:00
trackb_cont_VC_20260604,,,,,,123.400002,116.760002,,,,,,-5.4804,pending,,2026-06-08T13:09:44+00:00
trackb_cont_VC_20260605,,,,,,121.18,116.760002,,,,,,-5.4804,pending,,2026-06-08T13:09:44+00:00
trackb_cont_VC_20260608,,,,,,,,,,,,,,pending,,2026-06-08T13:09:44+00:00
trackb_cont_VECO_20260603,,,,,,65.029999,57.810001,,,,,,-4.3672,pending,,2026-06-08T13:11:12+00:00
trackb_cont_VECO_20260604,,,,,,65.029999,57.810001,,,,,,-4.3672,pending,,2026-06-08T13:11:12+00:00
trackb_cont_VECO_20260605,,,,,,62.98,57.810001,,,,,,-4.3672,pending,,2026-06-08T13:11:12+00:00
trackb_cont_VECO_20260608,,,,,,,,,,,,,,pending,,2026-06-08T13:11:12+00:00
trackb_cont_VEEV_20260603,,,,,,185.630005,171.949997,,,,,,-2.4702,pending,,2026-06-08T13:10:57+00:00
trackb_cont_VEEV_20260604,,,,,,185.630005,171.949997,,,,,,-2.4702,pending,,2026-06-08T13:10:57+00:00
trackb_cont_VEEV_20260605,,,,,,181.75,171.949997,,,,,,-2.4702,pending,,2026-06-08T13:10:57+00:00
trackb_cont_VEEV_20260608,,,,,,,,,,,,,,pending,,2026-06-08T13:10:57+00:00
trackb_cont_VELO_20260603,,,,,,21.950001,15.11,,,,,,-25.3459,pending,,2026-06-08T13:11:17+00:00
trackb_cont_VELO_20260604,,,,,,21.254,15.11,,,,,,-25.3459,pending,,2026-06-08T13:11:17+00:00
trackb_cont_VELO_20260605,,,,,,18.584999,15.11,,,,,,-25.3459,pending,,2026-06-08T13:11:17+00:00
trackb_cont_VGZ_20260603,,,,,,2.4,2.15,,,,,,-7.1274,pending,,2026-06-08T13:10:53+00:00
trackb_cont_VGZ_20260604,,,,,,2.38,2.15,,,,,,-7.1274,pending,,2026-06-08T13:10:53+00:00
trackb_cont_VGZ_20260605,,,,,,2.31,2.15,,,,,,-7.1274,pending,,2026-06-08T13:10:53+00:00
trackb_cont_VGZ_20260608,,,,,,,,,,,,,,pending,,2026-06-08T13:10:53+00:00
trackb_cont_VIAV_20260608,,,,,,,,,,,,,,pending,,2026-06-08T13:11:40+00:00
trackb_cont_VICR_20260603,,,,,,340.190002,265.720001,,,,,,-18.8021,pending,,2026-06-08T13:10:55+00:00
trackb_cont_VICR_20260604,,,,,,320.179993,265.720001,,,,,,-18.8021,pending,,2026-06-08T13:10:55+00:00
trackb_cont_VICR_20260605,,,,,,295.549988,265.720001,,,,,,-18.8021,pending,,2026-06-08T13:10:55+00:00
trackb_cont_VICR_20260608,,,,,,,,,,,,,,pending,,2026-06-08T13:10:55+00:00
trackb_cont_VISN_20260603,,,,,,12.45,11.645,,,,,,-4.5492,pending,,2026-06-08T13:10:35+00:00
trackb_cont_VISN_20260604,,,,,,12.45,11.645,,,,,,-4.5492,pending,,2026-06-08T13:10:35+00:00
trackb_cont_VISN_20260605,,,,,,12.25,11.645,,,,,,-4.5492,pending,,2026-06-08T13:10:35+00:00
trackb_cont_VISN_20260608,,,,,,,,,,,,,,pending,,2026-06-08T13:10:35+00:00
trackb_cont_VLO_20260603,,,,,,265.609985,253.380005,,,,,,-3.9827,pending,,2026-06-08T13:10:12+00:00
trackb_cont_VLO_20260604,,,,,,262.850006,253.380005,,,,,,-3.9827,pending,,2026-06-08T13:10:12+00:00
trackb_cont_VLO_20260605,,,,,,262.850006,253.380005,,,,,,-3.9827,pending,,2026-06-08T13:10:12+00:00
trackb_cont_VLO_20260608,,,,,,,,,,,,,,pending,,2026-06-08T13:10:12+00:00
trackb_cont_VLY_20260603,,,,,,13.95,13.38,,,,,,-1.3274,pending,,2026-06-08T13:09:55+00:00
trackb_cont_VLY_20260604,,,,,,13.95,13.58,,,,,,0.1475,pending,,2026-06-08T13:09:55+00:00
trackb_cont_VLY_20260605,,,,,,13.95,13.76,,,,,,1.4749,pending,,2026-06-08T13:09:55+00:00
trackb_cont_VLY_20260608,,,,,,,,,,,,,,pending,,2026-06-08T13:09:55+00:00
trackb_cont_VMI_20260603,,,,,,548.900024,531.400024,,,,,,-2.4739,pending,,2026-06-08T13:09:39+00:00
trackb_cont_VMI_20260604,,,,,,548.570007,531.400024,,,,,,-2.4739,pending,,2026-06-08T13:09:39+00:00
trackb_cont_VMI_20260605,,,,,,546.190002,531.400024,,,,,,-2.4739,pending,,2026-06-08T13:09:39+00:00
trackb_cont_VMI_20260608,,,,,,,,,,,,,,pending,,2026-06-08T13:09:39+00:00
trackb_cont_VNO_20260603,,,,,,35.490002,33.5,,,,,,-0.2976,pending,,2026-06-08T13:09:34+00:00
trackb_cont_VNO_20260604,,,,,,35.490002,33.900002,,,,,,0.8929,pending,,2026-06-08T13:09:34+00:00
trackb_cont_VNO_20260605,,,,,,35.490002,34.549999,,,,,,2.8274,pending,,2026-06-08T13:09:34+00:00
trackb_cont_VNO_20260608,,,,,,,,,,,,,,pending,,2026-06-08T13:09:34+00:00
trackb_cont_VPG_20260603,,,,,,135.0,114.099998,,,,,,-12.6005,pending,,2026-06-08T13:09:40+00:00
trackb_cont_VPG_20260604,,,,,,135.0,114.099998,,,,,,-12.6005,pending,,2026-06-08T13:09:40+00:00
trackb_cont_VPG_20260605,,,,,,125.980003,114.099998,,,,,,-12.6005,pending,,2026-06-08T13:09:40+00:00
trackb_cont_VPG_20260608,,,,,,,,,,,,,,pending,,2026-06-08T13:09:40+00:00
trackb_cont_VRSK_20260603,,,,,,184.850006,175.169998,,,,,,-1.5678,pending,,2026-06-08T13:10:41+00:00
trackb_cont_VRSK_20260604,,,,,,184.850006,179.240005,,,,,,0.7193,pending,,2026-06-08T13:10:41+00:00
trackb_cont_VRSK_20260605,,,,,,184.850006,180.550003,,,,,,1.4554,pending,,2026-06-08T13:10:41+00:00
trackb_cont_VRSK_20260608,,,,,,,,,,,,,,pending,,2026-06-08T13:10:41+00:00
trackb_cont_VSTS_20260603,,,,,,13.52,12.57,,,,,,-4.4833,pending,,2026-06-08T13:09:36+00:00
trackb_cont_VSTS_20260604,,,,,,13.52,12.755,,,,,,-3.0775,pending,,2026-06-08T13:09:36+00:00
trackb_cont_VSTS_20260605,,,,,,13.24,12.755,,,,,,-3.0775,pending,,2026-06-08T13:09:36+00:00
trackb_cont_VSTS_20260608,,,,,,,,,,,,,,pending,,2026-06-08T13:09:36+00:00
trackb_cont_VSXY_20260603,,,,,,80.364998,72.0,,,,,,-2.3199,pending,,2026-06-08T13:09:34+00:00
trackb_cont_VSXY_20260604,,,,,,80.364998,72.279999,,,,,,-1.94,pending,,2026-06-08T13:09:34+00:00
trackb_cont_VSXY_20260605,,,,,,75.989998,72.279999,,,,,,-1.94,pending,,2026-06-08T13:09:34+00:00
trackb_cont_VSXY_20260608,,,,,,,,,,,,,,pending,,2026-06-08T13:09:34+00:00
trackb_cont_WALD_20260603,,,,,,1.89,1.59,,,,,,-10.4225,pending,,2026-06-08T13:10:12+00:00
trackb_cont_WALD_20260604,,,,,,1.78,1.59,,,,,,-10.4225,pending,,2026-06-08T13:10:12+00:00
trackb_cont_WALD_20260605,,,,,,1.76,1.63,,,,,,-8.169,pending,,2026-06-08T13:10:12+00:00
trackb_cont_WALD_20260608,,,,,,,,,,,,,,pending,,2026-06-08T13:10:12+00:00
trackb_cont_WATT_20260603,,,,,,30.5,24.58,,,,,,-15.6196,pending,,2026-06-08T13:09:52+00:00
trackb_cont_WATT_20260604,,,,,,28.98,24.58,,,,,,-15.6196,pending,,2026-06-08T13:09:52+00:00
trackb_cont_WATT_20260605,,,,,,27.65,24.58,,,,,,-15.6196,pending,,2026-06-08T13:09:52+00:00
trackb_cont_WAT_20260603,,,,,,384.98999,363.609985,,,,,,-3.4544,pending,,2026-06-08T13:10:54+00:00
trackb_cont_WAT_20260604,,,,,,384.98999,363.609985,,,,,,-3.4544,pending,,2026-06-08T13:10:54+00:00
trackb_cont_WAT_20260605,,,,,,376.350006,363.609985,,,,,,-3.4544,pending,,2026-06-08T13:10:54+00:00
trackb_cont_WAT_20260608,,,,,,,,,,,,,,pending,,2026-06-08T13:10:54+00:00
trackb_cont_WBI_20260608,,,,,,,,,,,,,,pending,,2026-06-08T13:11:39+00:00
trackb_cont_WCC_20260603,,,,,,377.899994,349.0,,,,,,-6.7256,pending,,2026-06-08T13:10:14+00:00
trackb_cont_WCC_20260604,,,,,,370.049988,349.0,,,,,,-6.7256,pending,,2026-06-08T13:10:14+00:00
trackb_cont_WCC_20260605,,,,,,362.049988,349.0,,,,,,-6.7256,pending,,2026-06-08T13:10:14+00:00
trackb_cont_WCC_20260608,,,,,,,,,,,,,,pending,,2026-06-08T13:10:14+00:00
trackb_cont_WDAY_20260603,,,,,,153.479996,143.039993,,,,,,-0.8388,pending,,2026-06-08T13:10:52+00:00
trackb_cont_WDAY_20260604,,,,,,153.479996,143.529999,,,,,,-0.4991,pending,,2026-06-08T13:10:52+00:00
trackb_cont_WDAY_20260605,,,,,,151.5,143.529999,,,,,,-0.4991,pending,,2026-06-08T13:10:52+00:00
trackb_cont_WDAY_20260608,,,,,,,,,,,,,,pending,,2026-06-08T13:10:52+00:00
trackb_cont_WDC_20260603,,,,,,602.539978,511.329987,,,,,,-14.4325,pending,,2026-06-08T13:09:49+00:00
trackb_cont_WDC_20260604,,,,,,594.0,511.329987,,,,,,-14.4325,pending,,2026-06-08T13:09:49+00:00
trackb_cont_WDC_20260605,,,,,,554.159973,511.329987,,,,,,-14.4325,pending,,2026-06-08T13:09:49+00:00
trackb_cont_WDC_20260608,,,,,,,,,,,,,,pending,,2026-06-08T13:09:49+00:00
trackb_cont_WERN_20260603,,,,,,44.150002,42.639999,,,,,,-1.0673,pending,,2026-06-08T13:09:32+00:00
trackb_cont_WERN_20260604,,,,,,44.150002,43.07,,,,,,-0.0696,pending,,2026-06-08T13:09:32+00:00
trackb_cont_WERN_20260605,,,,,,44.150002,43.07,,,,,,-0.0696,pending,,2026-06-08T13:09:32+00:00
trackb_cont_WERN_20260608,,,,,,,,,,,,,,pending,,2026-06-08T13:09:32+00:00
trackb_cont_WFC_20260603,,,,,,82.449997,77.400002,,,,,,-0.7438,pending,,2026-06-08T13:10:43+00:00
trackb_cont_WFC_20260604,,,,,,82.449997,79.720001,,,,,,2.2313,pending,,2026-06-08T13:10:43+00:00
trackb_cont_WFC_20260605,,,,,,82.449997,81.449997,,,,,,4.4499,pending,,2026-06-08T13:10:43+00:00
trackb_cont_WFC_20260608,,,,,,,,,,,,,,pending,,2026-06-08T13:10:43+00:00
trackb_cont_WGS_20260608,,,,,,,,,,,,,,pending,,2026-06-08T13:11:19+00:00
trackb_cont_WKC_20260603,,,,,,30.02,28.76,,,,,,-1.4731,pending,,2026-06-08T13:11:15+00:00
trackb_cont_WKC_20260604,,,,,,30.02,29.07,,,,,,-0.4111,pending,,2026-06-08T13:11:15+00:00
trackb_cont_WKC_20260605,,,,,,30.02,29.219999,,,,,,0.1028,pending,,2026-06-08T13:11:15+00:00
trackb_cont_WKC_20260608,,,,,,,,,,,,,,pending,,2026-06-08T13:11:15+00:00
trackb_cont_WMK_20260603,,,,,,79.07,73.760002,,,,,,-2.1751,pending,,2026-06-08T13:10:38+00:00
trackb_cont_WMK_20260604,,,,,,79.07,73.860001,,,,,,-2.0424,pending,,2026-06-08T13:10:38+00:00
trackb_cont_WMK_20260605,,,,,,79.07,75.629997,,,,,,0.305,pending,,2026-06-08T13:10:38+00:00
trackb_cont_WMK_20260608,,,,,,,,,,,,,,pending,,2026-06-08T13:10:38+00:00
trackb_cont_WOR_20260603,,,,,,58.299999,56.529999,,,,,,-1.4642,pending,,2026-06-08T13:10:09+00:00
trackb_cont_WOR_20260604,,,,,,58.299999,56.740002,,,,,,-1.0981,pending,,2026-06-08T13:10:09+00:00
trackb_cont_WOR_20260605,,,,,,58.299999,56.740002,,,,,,-1.0981,pending,,2026-06-08T13:10:09+00:00
trackb_cont_WOR_20260608,,,,,,,,,,,,,,pending,,2026-06-08T13:10:09+00:00
trackb_cont_WRLD_20260603,,,,,,172.740005,155.080002,,,,,,-6.5783,pending,,2026-06-08T13:10:32+00:00
trackb_cont_WRLD_20260604,,,,,,172.740005,155.080002,,,,,,-6.5783,pending,,2026-06-08T13:10:32+00:00
trackb_cont_WRLD_20260605,,,,,,172.740005,164.589996,,,,,,-0.8494,pending,,2026-06-08T13:10:32+00:00
trackb_cont_WRLD_20260608,,,,,,,,,,,,,,pending,,2026-06-08T13:10:32+00:00
trackb_cont_WSM_20260603,,,,,,210.490005,200.399994,,,,,,-1.7888,pending,,2026-06-08T13:10:07+00:00
trackb_cont_WSM_20260604,,,,,,210.490005,204.710007,,,,,,0.3235,pending,,2026-06-08T13:10:07+00:00
trackb_cont_WSM_20260605,,,,,,207.770004,204.710007,,,,,,0.3235,pending,,2026-06-08T13:10:07+00:00
trackb_cont_WSM_20260608,,,,,,,,,,,,,,pending,,2026-06-08T13:10:07+00:00
trackb_cont_WS_20260603,,,,,,43.584999,40.68,,,,,,-4.4846,pending,,2026-06-08T13:10:24+00:00
trackb_cont_WS_20260604,,,,,,42.919998,40.68,,,,,,-4.4846,pending,,2026-06-08T13:10:24+00:00
trackb_cont_WS_20260605,,,,,,42.5,40.68,,,,,,-4.4846,pending,,2026-06-08T13:10:24+00:00
trackb_cont_WS_20260608,,,,,,,,,,,,,,pending,,2026-06-08T13:10:24+00:00
trackb_cont_WULF_20260603,,,,,,27.43,22.99,,,,,,-11.9494,pending,,2026-06-08T13:10:16+00:00
trackb_cont_WULF_20260604,,,,,,26.57,22.99,,,,,,-11.9494,pending,,2026-06-08T13:10:16+00:00
trackb_cont_WULF_20260605,,,,,,25.209999,22.99,,,,,,-11.9494,pending,,2026-06-08T13:10:16+00:00
trackb_cont_WULF_20260608,,,,,,,,,,,,,,pending,,2026-06-08T13:10:16+00:00
trackb_cont_WYNN_20260603,,,,,,106.32,102.470001,,,,,,-0.9282,pending,,2026-06-08T13:11:10+00:00
trackb_cont_WYNN_20260604,,,,,,106.260002,103.129997,,,,,,-0.2901,pending,,2026-06-08T13:11:10+00:00
trackb_cont_WYNN_20260605,,,,,,106.260002,103.129997,,,,,,-0.2901,pending,,2026-06-08T13:11:10+00:00
trackb_cont_WYNN_20260608,,,,,,,,,,,,,,pending,,2026-06-08T13:11:10+00:00
trackb_cont_WY_20260603,,,,,,25.09,24.200001,,,,,,-1.3453,pending,,2026-06-08T13:10:38+00:00
trackb_cont_WY_20260604,,,,,,25.09,24.290001,,,,,,-0.9784,pending,,2026-06-08T13:10:38+00:00
trackb_cont_WY_20260605,,,,,,24.879999,24.290001,,,,,,-0.9784,pending,,2026-06-08T13:10:38+00:00
trackb_cont_WY_20260608,,,,,,,,,,,,,,pending,,2026-06-08T13:10:38+00:00
trackb_cont_W_20260603,,,,,,73.860001,67.959999,,,,,,-0.886,pending,,2026-06-08T13:10:50+00:00
trackb_cont_W_20260604,,,,,,73.860001,67.959999,,,,,,-0.886,pending,,2026-06-08T13:10:50+00:00
trackb_cont_W_20260605,,,,,,72.720001,67.959999,,,,,,-0.886,pending,,2026-06-08T13:10:50+00:00
trackb_cont_W_20260608,,,,,,,,,,,,,,pending,,2026-06-08T13:10:50+00:00
trackb_cont_XHR_20260603,,,,,,18.58,17.549999,,,,,,-0.7353,pending,,2026-06-08T13:10:04+00:00
trackb_cont_XHR_20260604,,,,,,18.58,17.809999,,,,,,0.7353,pending,,2026-06-08T13:10:04+00:00
trackb_cont_XHR_20260605,,,,,,18.58,18.219999,,,,,,3.0543,pending,,2026-06-08T13:10:04+00:00
trackb_cont_XHR_20260608,,,,,,,,,,,,,,pending,,2026-06-08T13:10:04+00:00
trackb_cont_XIFR_20260603,,,,,,12.68,11.5,,,,,,-8.7302,pending,,2026-06-08T13:10:35+00:00
trackb_cont_XIFR_20260604,,,,,,12.26,11.5,,,,,,-8.7302,pending,,2026-06-08T13:10:35+00:00
trackb_cont_XIFR_20260605,,,,,,12.05,11.5,,,,,,-8.7302,pending,,2026-06-08T13:10:36+00:00
trackb_cont_XMAX_20260603,,,,,,8.65,8.1,,,,,,-5.5944,pending,,2026-06-08T13:10:59+00:00
trackb_cont_XMAX_20260604,,,,,,8.65,8.1,,,,,,-5.5944,pending,,2026-06-08T13:10:59+00:00
trackb_cont_XMAX_20260605,,,,,,8.59,8.1,,,,,,-5.5944,pending,,2026-06-08T13:10:59+00:00
trackb_cont_XMAX_20260608,,,,,,,,,,,,,,pending,,2026-06-08T13:10:59+00:00
trackb_cont_XOS_20260603,,,,,,8.27,4.51,,,,,,-27.4756,pending,,2026-06-08T13:10:52+00:00
trackb_cont_XOS_20260604,,,,,,6.2,4.51,,,,,,-27.4756,pending,,2026-06-08T13:10:52+00:00
trackb_cont_XOS_20260605,,,,,,5.48,4.71,,,,,,-24.2595,pending,,2026-06-08T13:10:52+00:00
trackb_cont_XOS_20260608,,,,,,,,,,,,,,pending,,2026-06-08T13:10:52+00:00
trackb_cont_XPO_20260603,,,,,,224.889999,210.619995,,,,,,-4.0521,pending,,2026-06-08T13:10:34+00:00
trackb_cont_XPO_20260604,,,,,,224.889999,210.619995,,,,,,-4.0521,pending,,2026-06-08T13:10:34+00:00
trackb_cont_XPO_20260605,,,,,,224.889999,216.949997,,,,,,-1.1685,pending,,2026-06-08T13:10:34+00:00
trackb_cont_XPO_20260608,,,,,,,,,,,,,,pending,,2026-06-08T13:10:34+00:00
trackb_cont_XRN_20260603,,,,,,36.235001,34.73,,,,,,-2.4712,pending,,2026-06-08T13:11:08+00:00
trackb_cont_XRN_20260604,,,,,,36.235001,35.09,,,,,,-1.4603,pending,,2026-06-08T13:11:08+00:00
trackb_cont_XRN_20260605,,,,,,36.235001,35.450001,,,,,,-0.4493,pending,,2026-06-08T13:11:08+00:00
trackb_cont_XRN_20260608,,,,,,,,,,,,,,pending,,2026-06-08T13:11:08+00:00
trackb_cont_YETI_20260603,,,,,,48.169998,45.049999,,,,,,-4.6763,pending,,2026-06-08T13:11:04+00:00
trackb_cont_YETI_20260604,,,,,,48.169998,46.939999,,,,,,-0.6771,pending,,2026-06-08T13:11:04+00:00
trackb_cont_YETI_20260605,,,,,,48.169998,46.950001,,,,,,-0.6559,pending,,2026-06-08T13:11:04+00:00
trackb_cont_YETI_20260608,,,,,,,,,,,,,,pending,,2026-06-08T13:11:04+00:00
trackb_cont_ZBRA_20260603,,,,,,252.369995,228.970001,,,,,,-7.0173,pending,,2026-06-08T13:10:43+00:00
trackb_cont_ZBRA_20260604,,,,,,252.369995,228.970001,,,,,,-7.0173,pending,,2026-06-08T13:10:43+00:00
trackb_cont_ZBRA_20260605,,,,,,243.619995,228.970001,,,,,,-7.0173,pending,,2026-06-08T13:10:43+00:00
trackb_cont_ZBRA_20260608,,,,,,,,,,,,,,pending,,2026-06-08T13:10:43+00:00
trackb_cont_ZD_20260603,,,,,,48.509998,44.400002,,,,,,-0.6156,pending,,2026-06-08T13:10:48+00:00
trackb_cont_ZD_20260604,,,,,,48.509998,45.040001,,,,,,0.817,pending,,2026-06-08T13:10:48+00:00
trackb_cont_ZD_20260605,,,,,,48.509998,45.509998,,,,,,1.8691,pending,,2026-06-08T13:10:48+00:00
trackb_cont_ZD_20260608,,,,,,,,,,,,,,pending,,2026-06-08T13:10:48+00:00
trackb_cont_ZM_20260603,,,,,,110.735001,99.57,,,,,,-6.0572,pending,,2026-06-08T13:10:26+00:00
trackb_cont_ZM_20260604,,,,,,106.830002,99.57,,,,,,-6.0572,pending,,2026-06-08T13:10:26+00:00
trackb_cont_ZM_20260605,,,,,,105.959999,99.57,,,,,,-6.0572,pending,,2026-06-08T13:10:26+00:00
trackb_cont_ZONE_20260603,,,,,,0.81,0.581,,,,,,-23.623,pending,,2026-06-08T13:11:08+00:00
trackb_cont_ZONE_20260604,,,,,,0.76,0.581,,,,,,-23.623,pending,,2026-06-08T13:11:08+00:00
trackb_cont_ZONE_20260605,,,,,,0.674,0.581,,,,,,-23.623,pending,,2026-06-08T13:11:08+00:00
trackb_cont_ZONE_20260608,,,,,,,,,,,,,,pending,,2026-06-08T13:11:08+00:00
trackb_rev_ABT_20260603,,,,,,92.730003,86.720001,,,,,,-0.6188,pending,,2026-06-08T13:11:25+00:00
trackb_rev_ABT_20260604,,,,,,92.730003,89.199997,,,,,,2.2232,pending,,2026-06-08T13:11:25+00:00
trackb_rev_ABT_20260605,,,,,,92.730003,90.959999,,,,,,4.2402,pending,,2026-06-08T13:11:25+00:00
trackb_rev_ABT_20260608,,,,,,,,,,,,,,pending,,2026-06-08T13:11:25+00:00
trackb_rev_AEO_20260603,,,,,,16.73,15.63,,,,,,-2.0437,pending,,2026-06-08T13:11:27+00:00
trackb_rev_AEO_20260604,,,,,,16.73,16.120001,,,,,,1.0272,pending,,2026-06-08T13:11:27+00:00
trackb_rev_AEO_20260605,,,,,,16.68,16.219999,,,,,,1.6539,pending,,2026-06-08T13:11:27+00:00
trackb_rev_AEO_20260608,,,,,,,,,,,,,,pending,,2026-06-08T13:11:27+00:00
trackb_rev_AJG_20260603,,,,,,216.729996,199.690002,,,,,,-0.8712,pending,,2026-06-08T13:11:23+00:00
trackb_rev_AJG_20260604,,,,,,216.729996,206.419998,,,,,,2.4697,pending,,2026-06-08T13:11:23+00:00
trackb_rev_AJG_20260605,,,,,,216.729996,212.089996,,,,,,5.2843,pending,,2026-06-08T13:11:23+00:00
trackb_rev_AMSF_20260603,,,,,,31.85,30.049999,,,,,,-1.5722,pending,,2026-06-08T13:11:27+00:00
trackb_rev_AMSF_20260604,,,,,,31.85,30.049999,,,,,,-1.5722,pending,,2026-06-08T13:11:27+00:00
trackb_rev_AMSF_20260605,,,,,,31.85,30.99,,,,,,1.5067,pending,,2026-06-08T13:11:27+00:00
trackb_rev_ANF_20260603,,,,,,78.389999,73.919998,,,,,,-1.9108,pending,,2026-06-08T13:11:30+00:00
trackb_rev_ANF_20260604,,,,,,78.389999,74.419998,,,,,,-1.2473,pending,,2026-06-08T13:11:30+00:00
trackb_rev_ANF_20260605,,,,,,78.389999,74.419998,,,,,,-1.2473,pending,,2026-06-08T13:11:30+00:00
trackb_rev_ANF_20260608,,,,,,,,,,,,,,pending,,2026-06-08T13:11:30+00:00
trackb_rev_ASO_20260608,,,,,,,,,,,,,,pending,,2026-06-08T13:11:44+00:00
trackb_rev_BBWI_20260608,,,,,,,,,,,,,,pending,,2026-06-08T13:11:45+00:00
trackb_rev_BBW_20260603,,,,,,36.509998,33.950001,,,,,,-4.5544,pending,,2026-06-08T13:11:30+00:00
trackb_rev_BBW_20260604,,,,,,36.509998,33.950001,,,,,,-4.5544,pending,,2026-06-08T13:11:30+00:00
trackb_rev_BBW_20260605,,,,,,36.0,33.950001,,,,,,-4.5544,pending,,2026-06-08T13:11:30+00:00
trackb_rev_BBW_20260608,,,,,,,,,,,,,,pending,,2026-06-08T13:11:30+00:00
trackb_rev_BFRG_20260603,,,,,,0.78,0.661,,,,,,-10.7119,pending,,2026-06-08T13:11:29+00:00
trackb_rev_BFRG_20260604,,,,,,0.78,0.661,,,,,,-10.7119,pending,,2026-06-08T13:11:29+00:00
trackb_rev_BFRG_20260605,,,,,,0.755,0.661,,,,,,-10.7119,pending,,2026-06-08T13:11:29+00:00
trackb_rev_BFRG_20260608,,,,,,,,,,,,,,pending,,2026-06-08T13:11:29+00:00
trackb_rev_BKNG_20260603,,,,,,171.919998,164.449997,,,,,,-0.886,pending,,2026-06-08T13:11:33+00:00
trackb_rev_BKNG_20260604,,,,,,171.919998,164.889999,,,,,,-0.6208,pending,,2026-06-08T13:11:33+00:00
trackb_rev_BKNG_20260605,,,,,,171.919998,164.889999,,,,,,-0.6208,pending,,2026-06-08T13:11:33+00:00
trackb_rev_BKNG_20260608,,,,,,,,,,,,,,pending,,2026-06-08T13:11:33+00:00
trackb_rev_BLDR_20260608,,,,,,,,,,,,,,pending,,2026-06-08T13:11:43+00:00
trackb_rev_BMI_20260603,,,,,,130.5,124.449997,,,,,,-3.0612,pending,,2026-06-08T13:11:20+00:00
trackb_rev_BMI_20260604,,,,,,130.5,125.599998,,,,,,-2.1654,pending,,2026-06-08T13:11:20+00:00
trackb_rev_BMI_20260605,,,,,,130.5,125.599998,,,,,,-2.1654,pending,,2026-06-08T13:11:20+00:00
trackb_rev_BMI_20260608,,,,,,,,,,,,,,pending,,2026-06-08T13:11:20+00:00
trackb_rev_BMY_20260603,,,,,,57.82,54.310001,,,,,,-0.8127,pending,,2026-06-08T13:11:31+00:00
trackb_rev_BMY_20260604,,,,,,57.82,55.549999,,,,,,1.4519,pending,,2026-06-08T13:11:31+00:00
trackb_rev_BMY_20260605,,,,,,57.82,56.790001,,,,,,3.7166,pending,,2026-06-08T13:11:31+00:00
trackb_rev_CACI_20260603,,,,,,544.23999,516.219971,,,,,,-2.8194,pending,,2026-06-08T13:11:20+00:00
trackb_rev_CACI_20260604,,,,,,544.23999,525.940002,,,,,,-0.9896,pending,,2026-06-08T13:11:20+00:00
trackb_rev_CACI_20260605,,,,,,544.23999,526.659973,,,,,,-0.854,pending,,2026-06-08T13:11:20+00:00
trackb_rev_CACI_20260608,,,,,,,,,,,,,,pending,,2026-06-08T13:11:20+00:00
trackb_rev_CAH_20260603,,,,,,207.550003,195.509995,,,,,,-0.7009,pending,,2026-06-08T13:11:19+00:00
trackb_rev_CAH_20260604,,,,,,207.550003,197.529999,,,,,,0.3251,pending,,2026-06-08T13:11:19+00:00
trackb_rev_CAH_20260605,,,,,,207.550003,203.080002,,,,,,3.1439,pending,,2026-06-08T13:11:19+00:00
trackb_rev_CAH_20260608,,,,,,,,,,,,,,pending,,2026-06-08T13:11:19+00:00
trackb_rev_CAR_20260603,,,,,,181.0,169.149994,,,,,,-2.885,pending,,2026-06-08T13:11:19+00:00
trackb_rev_CAR_20260604,,,,,,181.0,170.339996,,,,,,-2.2018,pending,,2026-06-08T13:11:19+00:00
trackb_rev_CAR_20260605,,,,,,177.690002,170.339996,,,,,,-2.2018,pending,,2026-06-08T13:11:19+00:00
trackb_rev_CAR_20260608,,,,,,,,,,,,,,pending,,2026-06-08T13:11:19+00:00
trackb_rev_CCOI_20260603,,,,,,17.74,16.280001,,,,,,-1.2136,pending,,2026-06-08T13:11:22+00:00
trackb_rev_CCOI_20260604,,,,,,17.74,16.299999,,,,,,-1.0922,pending,,2026-06-08T13:11:22+00:00
trackb_rev_CCOI_20260605,,,,,,17.74,16.299999,,,,,,-1.0922,pending,,2026-06-08T13:11:22+00:00
trackb_rev_CCOI_20260608,,,,,,,,,,,,,,pending,,2026-06-08T13:11:22+00:00
trackb_rev_CHH_20260608,,,,,,,,,,,,,,pending,,2026-06-08T13:11:41+00:00
trackb_rev_CLX_20260603,,,,,,94.370003,88.150002,,,,,,-0.799,pending,,2026-06-08T13:11:21+00:00
trackb_rev_CLX_20260604,,,,,,94.370003,88.589996,,,,,,-0.3039,pending,,2026-06-08T13:11:21+00:00
trackb_rev_CLX_20260605,,,,,,94.370003,90.150002,,,,,,1.4517,pending,,2026-06-08T13:11:21+00:00
trackb_rev_CLX_20260608,,,,,,,,,,,,,,pending,,2026-06-08T13:11:21+00:00
trackb_rev_COKE_20260608,,,,,,,,,,,,,,pending,,2026-06-08T13:11:46+00:00
trackb_rev_COO_20260603,,,,,,67.610001,59.59,,,,,,-0.8651,pending,,2026-06-08T13:11:31+00:00
trackb_rev_COO_20260604,,,,,,67.610001,61.09,,,,,,1.6303,pending,,2026-06-08T13:11:31+00:00
trackb_rev_COO_20260605,,,,,,67.610001,65.0,,,,,,8.1351,pending,,2026-06-08T13:11:31+00:00
trackb_rev_COO_20260608,,,,,,,,,,,,,,pending,,2026-06-08T13:11:31+00:00
trackb_rev_COR_20260603,,,,,,277.98999,261.290009,,,,,,-0.6936,pending,,2026-06-08T13:11:33+00:00
trackb_rev_COR_20260604,,,,,,277.98999,266.720001,,,,,,1.3701,pending,,2026-06-08T13:11:33+00:00
trackb_rev_COR_20260605,,,,,,277.98999,272.160004,,,,,,3.4377,pending,,2026-06-08T13:11:33+00:00
trackb_rev_COR_20260608,,,,,,,,,,,,,,pending,,2026-06-08T13:11:33+00:00
trackb_rev_CTSH_20260603,,,,,,55.560001,52.330002,,,,,,-1.5428,pending,,2026-06-08T13:11:19+00:00
trackb_rev_CTSH_20260604,,,,,,55.560001,52.330002,,,,,,-1.5428,pending,,2026-06-08T13:11:19+00:00
trackb_rev_CTSH_20260605,,,,,,54.610001,52.330002,,,,,,-1.5428,pending,,2026-06-08T13:11:19+00:00
trackb_rev_CTSH_20260608,,,,,,,,,,,,,,pending,,2026-06-08T13:11:19+00:00
trackb_rev_CWH_20260608,,,,,,,,,,,,,,pending,,2026-06-08T13:11:42+00:00
trackb_rev_DFH_20260608,,,,,,,,,,,,,,pending,,2026-06-08T13:11:14+00:00
trackb_rev_DGX_20260603,,,,,,201.990005,192.380005,,,,,,-0.7419,pending,,2026-06-08T13:11:24+00:00
trackb_rev_DGX_20260604,,,,,,201.990005,194.990005,,,,,,0.6047,pending,,2026-06-08T13:11:24+00:00
trackb_rev_DGX_20260605,,,,,,201.539993,197.309998,,,,,,1.8017,pending,,2026-06-08T13:11:24+00:00
trackb_rev_DGX_20260608,,,,,,,,,,,,,,pending,,2026-06-08T13:11:24+00:00
trackb_rev_DHR_20260603,,,,,,188.75,173.630005,,,,,,-1.7708,pending,,2026-06-08T13:11:21+00:00
trackb_rev_DHR_20260604,,,,,,188.75,181.720001,,,,,,2.8061,pending,,2026-06-08T13:11:21+00:00
trackb_rev_DHR_20260605,,,,,,188.75,183.789993,,,,,,3.9771,pending,,2026-06-08T13:11:21+00:00
trackb_rev_DHR_20260608,,,,,,,,,,,,,,pending,,2026-06-08T13:11:21+00:00
trackb_rev_DRVN_20260608,,,,,,,,,,,,,,pending,,2026-06-08T13:11:43+00:00
trackb_rev_ECL_20260608,,,,,,,,,,,,,,pending,,2026-06-08T13:11:46+00:00
trackb_rev_EDHL_20260603,,,,,,7.18,2.6,,,,,,-1.1407,pending,,2026-06-08T13:11:26+00:00
trackb_rev_EDHL_20260604,,,,,,7.18,3.33,,,,,,26.616,pending,,2026-06-08T13:11:26+00:00
trackb_rev_EDHL_20260605,,,,,,4.92,3.77,,,,,,43.346,pending,,2026-06-08T13:11:26+00:00
trackb_rev_EDHL_20260608,,,,,,,,,,,,,,pending,,2026-06-08T13:11:26+00:00
trackb_rev_EPAM_20260603,,,,,,101.93,96.389999,,,,,,-0.8792,pending,,2026-06-08T13:11:22+00:00
trackb_rev_EPAM_20260604,,,,,,101.5,96.389999,,,,,,-0.8792,pending,,2026-06-08T13:11:22+00:00
trackb_rev_EPAM_20260605,,,,,,100.309998,96.389999,,,,,,-0.8792,pending,,2026-06-08T13:11:22+00:00
trackb_rev_EPAM_20260608,,,,,,,,,,,,,,pending,,2026-06-08T13:11:22+00:00
trackb_rev_ETD_20260603,,,,,,21.0,20.26,,,,,,-1.0259,pending,,2026-06-08T13:11:25+00:00
trackb_rev_ETD_20260604,,,,,,21.0,20.530001,,,,,,0.2931,pending,,2026-06-08T13:11:25+00:00
trackb_rev_ETD_20260605,,,,,,20.9,20.530001,,,,,,0.2931,pending,,2026-06-08T13:11:25+00:00
trackb_rev_ETD_20260608,,,,,,,,,,,,,,pending,,2026-06-08T13:11:25+00:00
trackb_rev_EVLV_20260608,,,,,,,,,,,,,,pending,,2026-06-08T13:11:45+00:00
trackb_rev_EVTV_20260603,,,,,,2.03,1.76,,,,,,-9.7436,pending,,2026-06-08T13:11:27+00:00
trackb_rev_EVTV_20260604,,,,,,1.93,1.76,,,,,,-9.7436,pending,,2026-06-08T13:11:27+00:00
trackb_rev_EVTV_20260605,,,,,,1.88,1.78,,,,,,-8.718,pending,,2026-06-08T13:11:27+00:00
trackb_rev_EXC_20260603,,,,,,46.130001,44.150002,,,,,,-3.7917,pending,,2026-06-08T13:11:31+00:00
trackb_rev_EXC_20260604,,,,,,46.029999,44.150002,,,,,,-3.7917,pending,,2026-06-08T13:11:31+00:00
trackb_rev_EXC_20260605,,,,,,46.029999,44.759998,,,,,,-2.4624,pending,,2026-06-08T13:11:31+00:00
trackb_rev_EXC_20260608,,,,,,,,,,,,,,pending,,2026-06-08T13:11:31+00:00
trackb_rev_FE_20260603,,,,,,46.75,45.09,,,,,,-2.1059,pending,,2026-06-08T13:11:26+00:00
trackb_rev_FE_20260604,,,,,,46.75,45.09,,,,,,-2.1059,pending,,2026-06-08T13:11:26+00:00
trackb_rev_FE_20260605,,,,,,46.75,45.810001,,,,,,-0.5428,pending,,2026-06-08T13:11:26+00:00
trackb_rev_FE_20260608,,,,,,,,,,,,,,pending,,2026-06-08T13:11:26+00:00
trackb_rev_FISV_20260603,,,,,,57.02,53.0,,,,,,-0.0943,pending,,2026-06-08T13:11:32+00:00
trackb_rev_FISV_20260604,,,,,,57.02,53.48,,,,,,0.8106,pending,,2026-06-08T13:11:32+00:00
trackb_rev_FISV_20260605,,,,,,55.830002,53.48,,,,,,0.8106,pending,,2026-06-08T13:11:32+00:00
trackb_rev_FISV_20260608,,,,,,,,,,,,,,pending,,2026-06-08T13:11:32+00:00
trackb_rev_FLUT_20260608,,,,,,,,,,,,,,pending,,2026-06-08T13:11:45+00:00
trackb_rev_GAP_20260608,,,,,,,,,,,,,,pending,,2026-06-08T13:11:43+00:00
trackb_rev_GEHC_20260603,,,,,,64.779999,60.73,,,,,,-1.3883,pending,,2026-06-08T13:11:25+00:00
trackb_rev_GEHC_20260604,,,,,,64.779999,62.509998,,,,,,1.502,pending,,2026-06-08T13:11:25+00:00
trackb_rev_GEHC_20260605,,,,,,64.779999,63.580002,,,,,,3.2394,pending,,2026-06-08T13:11:25+00:00
trackb_rev_GEHC_20260608,,,,,,,,,,,,,,pending,,2026-06-08T13:11:25+00:00
trackb_rev_GIPR_20260603,,,,,,0.22,0.18,,,,,,-13.5862,pending,,2026-06-08T13:11:28+00:00
trackb_rev_GIPR_20260604,,,,,,0.22,0.18,,,,,,-13.5862,pending,,2026-06-08T13:11:28+00:00
trackb_rev_GIPR_20260605,,,,,,0.206,0.182,,,,,,-12.626,pending,,2026-06-08T13:11:28+00:00
trackb_rev_GIPR_20260608,,,,,,,,,,,,,,pending,,2026-06-08T13:11:28+00:00
trackb_rev_GMED_20260603,,,,,,81.629997,77.410004,,,,,,-0.7946,pending,,2026-06-08T13:11:32+00:00
trackb_rev_GMED_20260604,,,,,,81.629997,79.080002,,,,,,1.3456,pending,,2026-06-08T13:11:32+00:00
trackb_rev_GMED_20260605,,,,,,81.629997,79.860001,,,,,,2.3453,pending,,2026-06-08T13:11:32+00:00
trackb_rev_GMED_20260608,,,,,,,,,,,,,,pending,,2026-06-08T13:11:32+00:00
trackb_rev_GWRS_20260603,,,,,,7.42,7.02,,,,,,-0.7072,pending,,2026-06-08T13:11:27+00:00
trackb_rev_GWRS_20260604,,,,,,7.42,7.11,,,,,,0.5658,pending,,2026-06-08T13:11:27+00:00
trackb_rev_GWRS_20260605,,,,,,7.42,7.22,,,,,,2.1216,pending,,2026-06-08T13:11:27+00:00
trackb_rev_GWRS_20260608,,,,,,,,,,,,,,pending,,2026-06-08T13:11:27+00:00
trackb_rev_HFFG_20260603,,,,,,1.91,1.815,,,,,,-1.8919,pending,,2026-06-08T13:11:29+00:00
trackb_rev_HFFG_20260604,,,,,,1.91,1.82,,,,,,-1.6216,pending,,2026-06-08T13:11:29+00:00
trackb_rev_HFFG_20260605,,,,,,1.91,1.82,,,,,,-1.6216,pending,,2026-06-08T13:11:29+00:00
trackb_rev_HFFG_20260608,,,,,,,,,,,,,,pending,,2026-06-08T13:11:29+00:00
trackb_rev_HROW_20260608,,,,,,,,,,,,,,pending,,2026-06-08T13:11:46+00:00
trackb_rev_HTFL_20260608,,,,,,,,,,,,,,pending,,2026-06-08T13:11:45+00:00
trackb_rev_IDXX_20260603,,,,,,577.48999,547.570007,,,,,,-2.0246,pending,,2026-06-08T13:11:33+00:00
trackb_rev_IDXX_20260604,,,,,,577.48999,555.530029,,,,,,-0.6003,pending,,2026-06-08T13:11:33+00:00
trackb_rev_IDXX_20260605,,,,,,569.059998,560.380005,,,,,,0.2675,pending,,2026-06-08T13:11:33+00:00
trackb_rev_IMKTA_20260603,,,,,,91.480003,85.690002,,,,,,-4.4278,pending,,2026-06-08T13:11:30+00:00
trackb_rev_IMKTA_20260604,,,,,,91.480003,85.690002,,,,,,-4.4278,pending,,2026-06-08T13:11:30+00:00
trackb_rev_IMKTA_20260605,,,,,,91.480003,87.5,,,,,,-2.4091,pending,,2026-06-08T13:11:30+00:00
trackb_rev_IMKTA_20260608,,,,,,,,,,,,,,pending,,2026-06-08T13:11:30+00:00
trackb_rev_IPAR_20260603,,,,,,91.57,87.709999,,,,,,-2.685,pending,,2026-06-08T13:11:31+00:00
trackb_rev_IPAR_20260604,,,,,,91.57,87.879997,,,,,,-2.4964,pending,,2026-06-08T13:11:31+00:00
trackb_rev_IPAR_20260605,,,,,,91.57,88.669998,,,,,,-1.6199,pending,,2026-06-08T13:11:31+00:00
trackb_rev_IPAR_20260608,,,,,,,,,,,,,,pending,,2026-06-08T13:11:31+00:00
trackb_rev_JFB_20260608,,,,,,,,,,,,,,pending,,2026-06-08T13:11:43+00:00
trackb_rev_JNJ_20260603,,,,,,235.220001,222.0,,,,,,-1.1268,pending,,2026-06-08T13:11:25+00:00
trackb_rev_JNJ_20260604,,,,,,235.220001,225.899994,,,,,,0.6102,pending,,2026-06-08T13:11:25+00:00
trackb_rev_JNJ_20260605,,,,,,235.220001,229.0,,,,,,1.9908,pending,,2026-06-08T13:11:25+00:00
trackb_rev_KTB_20260608,,,,,,,,,,,,,,pending,,2026-06-08T13:11:41+00:00
trackb_rev_KTOS_20260603,,,,,,63.59,57.5,,,,,,-2.5341,pending,,2026-06-08T13:11:23+00:00
trackb_rev_KTOS_20260604,,,,,,63.59,57.5,,,,,,-2.5341,pending,,2026-06-08T13:11:23+00:00
trackb_rev_KTOS_20260605,,,,,,62.099998,57.5,,,,,,-2.5341,pending,,2026-06-08T13:11:23+00:00
trackb_rev_KTOS_20260608,,,,,,,,,,,,,,pending,,2026-06-08T13:11:23+00:00
trackb_rev_LEG_20260608,,,,,,,,,,,,,,pending,,2026-06-08T13:11:42+00:00
trackb_rev_LHX_20260603,,,,,,311.459991,301.48999,,,,,,-2.0596,pending,,2026-06-08T13:11:24+00:00
trackb_rev_LHX_20260604,,,,,,311.459991,306.309998,,,,,,-0.4938,pending,,2026-06-08T13:11:24+00:00
trackb_rev_LHX_20260605,,,,,,311.459991,306.450012,,,,,,-0.4483,pending,,2026-06-08T13:11:24+00:00
trackb_rev_LHX_20260608,,,,,,,,,,,,,,pending,,2026-06-08T13:11:24+00:00
trackb_rev_LILAK_20260603,,,,,,8.05,7.47,,,,,,-3.4884,pending,,2026-06-08T13:11:29+00:00
trackb_rev_LILAK_20260604,,,,,,8.05,7.47,,,,,,-3.4884,pending,,2026-06-08T13:11:29+00:00
trackb_rev_LILAK_20260605,,,,,,7.72,7.47,,,,,,-3.4884,pending,,2026-06-08T13:11:29+00:00
trackb_rev_LILAK_20260608,,,,,,,,,,,,,,pending,,2026-06-08T13:11:29+00:00
trackb_rev_LMND_20260603,,,,,,56.869999,50.509998,,,,,,-3.8454,pending,,2026-06-08T13:11:22+00:00
trackb_rev_LMND_20260604,,,,,,53.689999,50.509998,,,,,,-3.8454,pending,,2026-06-08T13:11:22+00:00
trackb_rev_LMND_20260605,,,,,,52.575001,50.509998,,,,,,-3.8454,pending,,2026-06-08T13:11:22+00:00
trackb_rev_LMND_20260608,,,,,,,,,,,,,,pending,,2026-06-08T13:11:22+00:00
trackb_rev_LMT_20260603,,,,,,528.01001,510.540009,,,,,,-2.5036,pending,,2026-06-08T13:11:20+00:00
trackb_rev_LMT_20260604,,,,,,528.01001,514.140015,,,,,,-1.8161,pending,,2026-06-08T13:11:20+00:00
trackb_rev_LMT_20260605,,,,,,528.01001,519.950012,,,,,,-0.7066,pending,,2026-06-08T13:11:20+00:00
trackb_rev_LMT_20260608,,,,,,,,,,,,,,pending,,2026-06-08T13:11:20+00:00
trackb_rev_LOCL_20260603,,,,,,1.65,1.4,,,,,,-11.3868,pending,,2026-06-08T13:11:28+00:00
trackb_rev_LOCL_20260604,,,,,,1.58,1.4,,,,,,-11.3868,pending,,2026-06-08T13:11:28+00:00
trackb_rev_LOCL_20260605,,,,,,1.53,1.4,,,,,,-11.3868,pending,,2026-06-08T13:11:28+00:00
trackb_rev_LOCL_20260608,,,,,,,,,,,,,,pending,,2026-06-08T13:11:28+00:00
trackb_rev_LZ_20260608,,,,,,,,,,,,,,pending,,2026-06-08T13:11:44+00:00
trackb_rev_MBC_20260608,,,,,,,,,,,,,,pending,,2026-06-08T13:11:42+00:00
trackb_rev_MEDP_20260603,,,,,,466.220001,434.380005,,,,,,-1.0794,pending,,2026-06-08T13:11:19+00:00
trackb_rev_MEDP_20260604,,,,,,466.220001,442.950012,,,,,,0.8722,pending,,2026-06-08T13:11:19+00:00
trackb_rev_MEDP_20260605,,,,,,458.0,442.950012,,,,,,0.8722,pending,,2026-06-08T13:11:19+00:00
trackb_rev_MH_20260603,,,,,,12.37,11.36,,,,,,-1.5171,pending,,2026-06-08T13:11:24+00:00
trackb_rev_MH_20260604,,,,,,12.37,11.64,,,,,,0.9103,pending,,2026-06-08T13:11:24+00:00
trackb_rev_MH_20260605,,,,,,12.37,11.93,,,,,,3.4244,pending,,2026-06-08T13:11:24+00:00
trackb_rev_MH_20260608,,,,,,,,,,,,,,pending,,2026-06-08T13:11:24+00:00
trackb_rev_MLKN_20260608,,,,,,,,,,,,,,pending,,2026-06-08T13:11:43+00:00
trackb_rev_MMSI_20260603,,,,,,64.529999,60.02,,,,,,-1.0061,pending,,2026-06-08T13:11:24+00:00
trackb_rev_MMSI_20260604,,,,,,64.529999,61.880001,,,,,,2.0617,pending,,2026-06-08T13:11:24+00:00
trackb_rev_MMSI_20260605,,,,,,64.529999,63.169998,,,,,,4.1893,pending,,2026-06-08T13:11:24+00:00
trackb_rev_MMSI_20260608,,,,,,,,,,,,,,pending,,2026-06-08T13:11:24+00:00
trackb_rev_MOS_20260603,,,,,,23.969999,21.99,,,,,,-7.2152,pending,,2026-06-08T13:11:30+00:00
trackb_rev_MOS_20260604,,,,,,23.1,21.99,,,,,,-7.2152,pending,,2026-06-08T13:11:30+00:00
trackb_rev_MOS_20260605,,,,,,22.85,21.99,,,,,,-7.2152,pending,,2026-06-08T13:11:30+00:00
trackb_rev_MOS_20260608,,,,,,,,,,,,,,pending,,2026-06-08T13:11:30+00:00
trackb_rev_MRK_20260603,,,,,,123.459999,114.699997,,,,,,-1.1292,pending,,2026-06-08T13:11:20+00:00
trackb_rev_MRK_20260604,,,,,,123.459999,117.089996,,,,,,0.931,pending,,2026-06-08T13:11:20+00:00
trackb_rev_MRK_20260605,,,,,,123.459999,120.360001,,,,,,3.7497,pending,,2026-06-08T13:11:20+00:00
trackb_rev_MRK_20260608,,,,,,,,,,,,,,pending,,2026-06-08T13:11:20+00:00
trackb_rev_NCLH_20260603,,,,,,19.559999,18.030001,,,,,,-1.6635,pending,,2026-06-08T13:11:26+00:00
trackb_rev_NCLH_20260604,,,,,,19.559999,18.5,,,,,,0.8999,pending,,2026-06-08T13:11:26+00:00
trackb_rev_NCLH_20260605,,,,,,19.559999,18.5,,,,,,0.8999,pending,,2026-06-08T13:11:26+00:00
trackb_rev_NKE_20260603,,,,,,44.700001,42.790001,,,,,,-1.4494,pending,,2026-06-08T13:11:22+00:00
trackb_rev_NKE_20260604,,,,,,44.700001,42.790001,,,,,,-1.4494,pending,,2026-06-08T13:11:22+00:00
trackb_rev_NKE_20260605,,,,,,43.740002,42.790001,,,,,,-1.4494,pending,,2026-06-08T13:11:22+00:00
trackb_rev_NKE_20260608,,,,,,,,,,,,,,pending,,2026-06-08T13:11:22+00:00
trackb_rev_OLLI_20260603,,,,,,82.167999,73.610001,,,,,,-7.8377,pending,,2026-06-08T13:11:28+00:00
trackb_rev_OLLI_20260604,,,,,,79.860001,73.610001,,,,,,-7.8377,pending,,2026-06-08T13:11:28+00:00
trackb_rev_OLLI_20260605,,,,,,77.82,74.989998,,,,,,-6.1099,pending,,2026-06-08T13:11:28+00:00
trackb_rev_OLLI_20260608,,,,,,,,,,,,,,pending,,2026-06-08T13:11:28+00:00
trackb_rev_OPCH_20260603,,,,,,21.049999,20.01,,,,,,-1.307,pending,,2026-06-08T13:11:24+00:00
trackb_rev_OPCH_20260604,,,,,,21.049999,20.01,,,,,,-1.307,pending,,2026-06-08T13:11:24+00:00
trackb_rev_OPCH_20260605,,,,,,20.83,20.200001,,,,,,-0.3699,pending,,2026-06-08T13:11:24+00:00
trackb_rev_OPCH_20260608,,,,,,,,,,,,,,pending,,2026-06-08T13:11:24+00:00
trackb_rev_ORBS_20260603,,,,,,1.03,0.84,,,,,,-11.3924,pending,,2026-06-08T13:11:29+00:00
trackb_rev_ORBS_20260604,,,,,,1.03,0.84,,,,,,-11.3924,pending,,2026-06-08T13:11:29+00:00
trackb_rev_ORBS_20260605,,,,,,0.954,0.84,,,,,,-11.3924,pending,,2026-06-08T13:11:29+00:00
trackb_rev_ORBS_20260608,,,,,,,,,,,,,,pending,,2026-06-08T13:11:29+00:00
trackb_rev_ORGN_20260603,,,,,,1.44,1.29,,,,,,-3.0075,pending,,2026-06-08T13:11:28+00:00
trackb_rev_ORGN_20260604,,,,,,1.44,1.29,,,,,,-3.0075,pending,,2026-06-08T13:11:28+00:00
trackb_rev_ORGN_20260605,,,,,,1.37,1.29,,,,,,-3.0075,pending,,2026-06-08T13:11:28+00:00
trackb_rev_ORGN_20260608,,,,,,,,,,,,,,pending,,2026-06-08T13:11:28+00:00
trackb_rev_PHM_20260608,,,,,,,,,,,,,,pending,,2026-06-08T13:11:42+00:00
trackb_rev_PLNT_20260608,,,,,,,,,,,,,,pending,,2026-06-08T13:11:44+00:00
trackb_rev_PRIM_20260608,,,,,,,,,,,,,,pending,,2026-06-08T13:11:41+00:00
trackb_rev_PVH_20260608,,,,,,,,,,,,,,pending,,2026-06-08T13:09:44+00:00
trackb_rev_RBLX_20260603,,,,,,45.049999,41.07,,,,,,-4.7431,pending,,2026-06-08T13:11:21+00:00
trackb_rev_RBLX_20260604,,,,,,45.049999,41.07,,,,,,-4.7431,pending,,2026-06-08T13:11:21+00:00
trackb_rev_RBLX_20260605,,,,,,43.84,41.07,,,,,,-4.7431,pending,,2026-06-08T13:11:21+00:00
trackb_rev_RBLX_20260608,,,,,,,,,,,,,,pending,,2026-06-08T13:11:21+00:00
trackb_rev_RIME_20260603,,,,,,0.77,0.67,,,,,,-6.7112,pending,,2026-06-08T13:11:30+00:00
trackb_rev_RIME_20260604,,,,,,0.77,0.67,,,,,,-6.7112,pending,,2026-06-08T13:11:30+00:00
trackb_rev_RIME_20260605,,,,,,0.77,0.67,,,,,,-6.7112,pending,,2026-06-08T13:11:30+00:00
trackb_rev_RIME_20260608,,,,,,,,,,,,,,pending,,2026-06-08T13:11:30+00:00
trackb_rev_RLI_20260603,,,,,,52.669998,49.919998,,,,,,-1.5967,pending,,2026-06-08T13:11:21+00:00
trackb_rev_RLI_20260604,,,,,,52.669998,50.25,,,,,,-0.9462,pending,,2026-06-08T13:11:21+00:00
trackb_rev_RLI_20260605,,,,,,52.669998,50.830002,,,,,,0.1971,pending,,2026-06-08T13:11:21+00:00
trackb_rev_RLI_20260608,,,,,,,,,,,,,,pending,,2026-06-08T13:11:21+00:00
trackb_rev_RVLV_20260608,,,,,,,,,,,,,,pending,,2026-06-08T13:11:43+00:00
trackb_rev_RYAN_20260603,,,,,,32.990002,30.67,,,,,,-2.5421,pending,,2026-06-08T13:11:22+00:00
trackb_rev_RYAN_20260604,,,,,,32.990002,31.25,,,,,,-0.6991,pending,,2026-06-08T13:11:22+00:00
trackb_rev_RYAN_20260605,,,,,,32.810001,31.25,,,,,,-0.6991,pending,,2026-06-08T13:11:22+00:00
trackb_rev_SCVL_20260608,,,,,,,,,,,,,,pending,,2026-06-08T13:11:42+00:00
trackb_rev_SFD_20260603,,,,,,27.094999,25.540001,,,,,,-2.5563,pending,,2026-06-08T13:11:26+00:00
trackb_rev_SFD_20260604,,,,,,27.094999,25.879999,,,,,,-1.2591,pending,,2026-06-08T13:11:26+00:00
trackb_rev_SFD_20260605,,,,,,27.094999,26.4,,,,,,0.7249,pending,,2026-06-08T13:11:26+00:00
trackb_rev_SFD_20260608,,,,,,,,,,,,,,pending,,2026-06-08T13:11:26+00:00
trackb_rev_SFM_20260603,,,,,,83.029999,76.879997,,,,,,-1.4612,pending,,2026-06-08T13:11:23+00:00
trackb_rev_SFM_20260604,,,,,,83.029999,79.610001,,,,,,2.0379,pending,,2026-06-08T13:11:23+00:00
trackb_rev_SFM_20260605,,,,,,83.029999,80.620003,,,,,,3.3325,pending,,2026-06-08T13:11:23+00:00
trackb_rev_SFM_20260608,,,,,,,,,,,,,,pending,,2026-06-08T13:11:23+00:00
trackb_rev_SGI_20260608,,,,,,,,,,,,,,pending,,2026-06-08T13:11:41+00:00
trackb_rev_SKIN_20260608,,,,,,,,,,,,,,pending,,2026-06-08T13:11:44+00:00
trackb_rev_SYK_20260603,,,,,,311.0,291.73999,,,,,,-0.4861,pending,,2026-06-08T13:11:18+00:00
trackb_rev_SYK_20260604,,,,,,311.0,298.019989,,,,,,1.6561,pending,,2026-06-08T13:11:18+00:00
trackb_rev_SYK_20260605,,,,,,311.0,303.76001,,,,,,3.614,pending,,2026-06-08T13:11:18+00:00
trackb_rev_SYK_20260608,,,,,,,,,,,,,,pending,,2026-06-08T13:11:18+00:00
trackb_rev_SYY_20260603,,,,,,76.400002,73.650002,,,,,,-1.9438,pending,,2026-06-08T13:11:22+00:00
trackb_rev_SYY_20260604,,,,,,76.400002,74.239998,,,,,,-1.1583,pending,,2026-06-08T13:11:22+00:00
trackb_rev_SYY_20260605,,,,,,76.400002,74.5,,,,,,-0.8121,pending,,2026-06-08T13:11:22+00:00
trackb_rev_SYY_20260608,,,,,,,,,,,,,,pending,,2026-06-08T13:11:22+00:00
trackb_rev_TECH_20260603,,,,,,53.299999,49.040001,,,,,,-1.7923,pending,,2026-06-08T13:11:32+00:00
trackb_rev_TECH_20260604,,,,,,53.299999,51.27,,,,,,2.6735,pending,,2026-06-08T13:11:32+00:00
trackb_rev_TECH_20260605,,,,,,53.18,51.27,,,,,,2.6735,pending,,2026-06-08T13:11:32+00:00
trackb_rev_TECH_20260608,,,,,,,,,,,,,,pending,,2026-06-08T13:11:32+00:00
trackb_rev_TGT_20260603,,,,,,126.830002,121.790001,,,,,,-2.5602,pending,,2026-06-08T13:11:32+00:00
trackb_rev_TGT_20260604,,,,,,126.830002,121.790001,,,,,,-2.5602,pending,,2026-06-08T13:11:32+00:00
trackb_rev_TGT_20260605,,,,,,124.080002,121.790001,,,,,,-2.5602,pending,,2026-06-08T13:11:32+00:00
trackb_rev_THO_20260603,,,,,,80.410004,69.709999,,,,,,-9.9063,pending,,2026-06-08T13:11:28+00:00
trackb_rev_THO_20260604,,,,,,79.080002,74.260002,,,,,,-4.0258,pending,,2026-06-08T13:11:28+00:00
trackb_rev_THO_20260605,,,,,,77.349998,74.260002,,,,,,-4.0258,pending,,2026-06-08T13:11:28+00:00
trackb_rev_THO_20260608,,,,,,,,,,,,,,pending,,2026-06-08T13:11:28+00:00
trackb_rev_TJX_20260603,,,,,,161.779999,153.0,,,,,,-2.5788,pending,,2026-06-08T13:11:21+00:00
trackb_rev_TJX_20260604,,,,,,161.779999,157.929993,,,,,,0.5603,pending,,2026-06-08T13:11:21+00:00
trackb_rev_TJX_20260605,,,,,,161.779999,158.649994,,,,,,1.0188,pending,,2026-06-08T13:11:21+00:00
trackb_rev_TJX_20260608,,,,,,,,,,,,,,pending,,2026-06-08T13:11:21+00:00
trackb_rev_UGI_20260603,,,,,,35.18,34.02,,,,,,-2.7166,pending,,2026-06-08T13:11:23+00:00
trackb_rev_UGI_20260604,,,,,,35.18,34.02,,,,,,-2.7166,pending,,2026-06-08T13:11:23+00:00
trackb_rev_UGI_20260605,,,,,,35.18,34.380001,,,,,,-1.6872,pending,,2026-06-08T13:11:23+00:00
trackb_rev_UGI_20260608,,,,,,,,,,,,,,pending,,2026-06-08T13:11:23+00:00
trackb_rev_VG_20260603,,,,,,13.29,12.46,,,,,,-3.4483,pending,,2026-06-08T13:11:27+00:00
trackb_rev_VG_20260604,,,,,,13.29,12.73,,,,,,-1.3561,pending,,2026-06-08T13:11:27+00:00
trackb_rev_VG_20260605,,,,,,13.2,12.78,,,,,,-0.9686,pending,,2026-06-08T13:11:27+00:00
trackb_rev_VITL_20260603,,,,,,10.15,9.61,,,,,,-1.5369,pending,,2026-06-08T13:11:32+00:00
trackb_rev_VITL_20260604,,,,,,10.15,9.61,,,,,,-1.5369,pending,,2026-06-08T13:11:32+00:00
trackb_rev_VITL_20260605,,,,,,10.15,9.69,,,,,,-0.7172,pending,,2026-06-08T13:11:32+00:00
trackb_rev_VITL_20260608,,,,,,,,,,,,,,pending,,2026-06-08T13:11:32+00:00
trackb_rev_WAY_20260608,,,,,,,,,,,,,,pending,,2026-06-08T13:11:44+00:00
trackb_rev_WGS_20260603,,,,,,57.150002,51.0,,,,,,-2.5416,pending,,2026-06-08T13:11:19+00:00
trackb_rev_WGS_20260604,,,,,,57.150002,51.845001,,,,,,-0.9268,pending,,2026-06-08T13:11:19+00:00
trackb_rev_WGS_20260605,,,,,,56.290001,51.845001,,,,,,-0.9268,pending,,2026-06-08T13:11:19+00:00
trackb_rev_WING_20260603,,,,,,149.979996,135.770004,,,,,,-5.1952,pending,,2026-06-08T13:11:18+00:00
trackb_rev_WING_20260604,,,,,,149.979996,140.259995,,,,,,-2.0599,pending,,2026-06-08T13:11:18+00:00
trackb_rev_WING_20260605,,,,,,149.979996,142.059998,,,,,,-0.803,pending,,2026-06-08T13:11:18+00:00
trackb_rev_WING_20260608,,,,,,,,,,,,,,pending,,2026-06-08T13:11:18+00:00
trackb_rev_WNC_20260603,,,,,,8.13,7.21,,,,,,-7.5048,pending,,2026-06-08T13:11:26+00:00
trackb_rev_WNC_20260604,,,,,,8.13,7.21,,,,,,-7.5048,pending,,2026-06-08T13:11:26+00:00
trackb_rev_WNC_20260605,,,,,,8.02,7.21,,,,,,-7.5048,pending,,2026-06-08T13:11:26+00:00
trackb_rev_WNC_20260608,,,,,,,,,,,,,,pending,,2026-06-08T13:11:26+00:00
