signal_id,ticker,signal_date,primary_date,primary_target,range_low,range_high,spot_price_at_signal,side,direction,bucket,flow_score,flow_classification,flow_premium,flow_count,gateway_coil_position,gateway_pos_drift,gateway_above_50sma,coil_pct_raw,rs_delta_raw,source
trackb_cont_HCC_20260603,HCC,2026-06-03,2026-08-02,,,,107.1099,call,BULLISH,CONTINUATION,10.0,BULLISH,425051.0,8,True,True,True,0.9962,0.00852,track_b_cont
trackb_cont_CSCO_20260603,CSCO,2026-06-03,2026-08-02,,,,127.93,call,BULLISH,CONTINUATION,9.35,BULLISH,8687626.0,58,True,True,True,0.9941,0.023345,track_b_cont
trackb_cont_AAPL_20260603,AAPL,2026-06-03,2026-08-02,,,,311.5,call,BULLISH,CONTINUATION,8.67,BULLISH,47202227.0,100,True,True,True,0.9936,0.01491,track_b_cont
trackb_cont_ALAB_20260603,ALAB,2026-06-03,2026-08-02,,,,354.75,call,BULLISH,CONTINUATION,6.99,LEAN BULLISH,5735495.0,34,True,True,True,0.9962,0.130999,track_b_cont
trackb_cont_AMAT_20260603,AMAT,2026-06-03,2026-08-02,,,,498.0,call,BULLISH,CONTINUATION,6.73,LEAN BULLISH,6738070.0,30,True,True,True,0.9846,0.013426,track_b_cont
trackb_cont_LRCX_20260603,LRCX,2026-06-03,2026-08-02,,,,339.195,call,BULLISH,CONTINUATION,6.33,LEAN BULLISH,10073639.0,71,True,True,True,0.9841,0.022658,track_b_cont
trackb_cont_FLEX_20260603,FLEX,2026-06-03,2026-08-02,,,,164.195,call,BULLISH,CONTINUATION,5.61,LEAN BULLISH,448902.0,6,True,True,True,0.9936,0.010814,track_b_cont
trackb_cont_CDNS_20260603,CDNS,2026-06-03,2026-08-02,,,,401.56,call,BULLISH,CONTINUATION,5.21,NEUTRAL,1397773.0,9,True,True,True,0.9965,0.017491,track_b_cont
trackb_cont_NVRI_20260603,NVRI,2026-06-03,2026-08-02,,,,18.33,call,BULLISH,CONTINUATION,5.0,NEUTRAL,0.0,0,True,True,True,1.0,0.002075,track_b_cont
trackb_cont_EXTR_20260603,EXTR,2026-06-03,2026-08-02,,,,28.67,call,BULLISH,CONTINUATION,5.0,NEUTRAL,0.0,0,True,True,True,1.0,0.002527,track_b_cont
trackb_cont_SPXC_20260603,SPXC,2026-06-03,2026-08-02,,,,239.62,call,BULLISH,CONTINUATION,5.0,NEUTRAL,147000.0,1,True,True,True,0.9974,0.006647,track_b_cont
trackb_cont_HPP_20260603,HPP,2026-06-03,2026-08-02,,,,12.915,call,BULLISH,CONTINUATION,5.0,NEUTRAL,0.0,0,True,True,True,0.9955,0.000778,track_b_cont
trackb_cont_CVLG_20260603,CVLG,2026-06-03,2026-08-02,,,,42.0588,call,BULLISH,CONTINUATION,5.0,NEUTRAL,0.0,0,True,True,True,0.9955,0.007161,track_b_cont
trackb_cont_CUZ_20260603,CUZ,2026-06-03,2026-08-02,,,,27.18,call,BULLISH,CONTINUATION,5.0,NEUTRAL,0.0,0,True,True,True,0.995,-0.000196,track_b_cont
trackb_cont_ORA_20260603,ORA,2026-06-03,2026-08-02,,,,145.665,call,BULLISH,CONTINUATION,5.0,NEUTRAL,80200.0,2,True,True,True,0.9922,0.013721,track_b_cont
trackb_cont_DBI_20260603,DBI,2026-06-03,2026-08-02,,,,8.6,call,BULLISH,CONTINUATION,5.0,NEUTRAL,0.0,0,True,True,True,0.9889,0.00068,track_b_cont
trackb_cont_PRLB_20260603,PRLB,2026-06-03,2026-08-02,,,,75.6,call,BULLISH,CONTINUATION,5.0,NEUTRAL,0.0,0,True,True,True,0.9886,0.003348,track_b_cont
trackb_cont_PK_20260603,PK,2026-06-03,2026-08-02,,,,13.625,call,BULLISH,CONTINUATION,5.0,NEUTRAL,20780.0,2,True,True,True,0.9869,0.000963,track_b_cont
trackb_cont_SANM_20260603,SANM,2026-06-03,2026-08-02,,,,283.72,call,BULLISH,CONTINUATION,5.0,NEUTRAL,0.0,0,True,True,True,0.9868,0.015842,track_b_cont
trackb_cont_MEC_20260603,MEC,2026-06-03,2026-08-02,,,,32.37,call,BULLISH,CONTINUATION,5.0,NEUTRAL,0.0,0,True,True,True,0.9852,0.001266,track_b_cont
trackb_cont_KREF_20260603,KREF,2026-06-03,2026-08-02,,,,6.735,call,BULLISH,CONTINUATION,5.0,NEUTRAL,0.0,0,True,True,True,0.9851,-8.6e-05,track_b_cont
trackb_cont_SHOO_20260603,SHOO,2026-06-03,2026-08-02,,,,43.79,call,BULLISH,CONTINUATION,5.0,NEUTRAL,0.0,0,True,True,True,0.9847,0.003512,track_b_cont
trackb_cont_CZR_20260603,CZR,2026-06-03,2026-08-02,,,,29.245,call,BULLISH,CONTINUATION,5.0,NEUTRAL,94278.0,4,True,True,True,0.9841,0.000759,track_b_cont
trackb_cont_MRVL_20260603,MRVL,2026-06-03,2026-08-02,,,,303.73,call,BULLISH,CONTINUATION,4.26,NEUTRAL,16677506.0,100,True,True,True,0.9962,0.044703,track_b_cont
trackb_cont_FTNT_20260603,FTNT,2026-06-03,2026-08-02,,,,147.055,call,BULLISH,CONTINUATION,3.34,NEUTRAL,866313.0,6,True,True,True,0.9972,0.032516,track_b_cont
trackb_cont_RMBS_20260603,RMBS,2026-06-03,2026-08-02,,,,169.9175,call,BULLISH,CONTINUATION,,,,,True,True,True,0.9831,0.020905,track_b_cont
trackb_cont_TMHC_20260603,TMHC,2026-06-03,2026-08-02,,,,71.585,call,BULLISH,CONTINUATION,,,,,True,True,True,0.9824,0.001461,track_b_cont
trackb_cont_TKR_20260603,TKR,2026-06-03,2026-08-02,,,,131.815,call,BULLISH,CONTINUATION,,,,,True,True,True,0.9806,0.008299,track_b_cont
trackb_cont_CIEN_20260603,CIEN,2026-06-03,2026-08-02,,,,627.195,call,BULLISH,CONTINUATION,,,,,True,True,True,0.98,0.008186,track_b_cont
trackb_cont_NET_20260603,NET,2026-06-03,2026-08-02,,,,261.1,call,BULLISH,CONTINUATION,,,,,True,True,True,0.9778,0.013381,track_b_cont
trackb_cont_PACK_20260603,PACK,2026-06-03,2026-08-02,,,,7.02,call,BULLISH,CONTINUATION,,,,,True,True,True,0.9778,0.00034,track_b_cont
trackb_cont_SNDR_20260603,SNDR,2026-06-03,2026-08-02,,,,36.68,call,BULLISH,CONTINUATION,,,,,True,True,True,0.9774,0.00458,track_b_cont
trackb_cont_ATEX_20260603,ATEX,2026-06-03,2026-08-02,,,,65.525,call,BULLISH,CONTINUATION,,,,,True,True,True,0.9773,0.011044,track_b_cont
trackb_cont_LFUS_20260603,LFUS,2026-06-03,2026-08-02,,,,493.53,call,BULLISH,CONTINUATION,,,,,True,True,True,0.9767,0.005767,track_b_cont
trackb_cont_CLDT_20260603,CLDT,2026-06-03,2026-08-02,,,,11.15,call,BULLISH,CONTINUATION,,,,,True,True,True,0.9764,0.001376,track_b_cont
trackb_cont_ARCB_20260603,ARCB,2026-06-03,2026-08-02,,,,140.76,call,BULLISH,CONTINUATION,,,,,True,True,True,0.9746,0.013723,track_b_cont
trackb_cont_MU_20260603,MU,2026-06-03,2026-08-02,,,,1058.15,call,BULLISH,CONTINUATION,,,,,True,True,True,0.9736,0.197073,track_b_cont
trackb_cont_IBM_20260603,IBM,2026-06-03,2026-08-02,,,,304.0991,call,BULLISH,CONTINUATION,,,,,True,True,True,0.9731,0.052212,track_b_cont
trackb_cont_FSLR_20260603,FSLR,2026-06-03,2026-08-02,,,,316.44,call,BULLISH,CONTINUATION,,,,,True,True,True,0.9731,0.059288,track_b_cont
trackb_cont_AEHR_20260603,AEHR,2026-06-03,2026-08-02,,,,114.93,call,BULLISH,CONTINUATION,,,,,True,True,True,0.9726,-0.003833,track_b_cont
trackb_cont_WERN_20260603,WERN,2026-06-03,2026-08-02,,,,43.1,call,BULLISH,CONTINUATION,,,,,True,True,True,0.9719,0.005842,track_b_cont
trackb_cont_AXON_20260603,AXON,2026-06-03,2026-08-02,,,,479.07,call,BULLISH,CONTINUATION,,,,,True,True,True,0.9716,0.024485,track_b_cont
trackb_cont_TE_20260603,TE,2026-06-03,2026-08-02,,,,11.58,call,BULLISH,CONTINUATION,,,,,True,True,True,0.971,0.005406,track_b_cont
trackb_cont_JEF_20260603,JEF,2026-06-03,2026-08-02,,,,53.02,call,BULLISH,CONTINUATION,,,,,True,True,True,0.9697,-4.1e-05,track_b_cont
trackb_cont_MSGS_20260603,MSGS,2026-06-03,2026-08-02,,,,381.76,call,BULLISH,CONTINUATION,,,,,True,True,True,0.9691,0.023792,track_b_cont
trackb_cont_AMD_20260603,AMD,2026-06-03,2026-08-02,,,,531.4,call,BULLISH,CONTINUATION,,,,,True,True,True,0.969,0.074102,track_b_cont
trackb_cont_PUSA_20260603,PUSA,2026-06-03,2026-08-02,,,,5.88,call,BULLISH,CONTINUATION,,,,,True,True,True,0.9686,-0.000499,track_b_cont
trackb_cont_TITN_20260603,TITN,2026-06-03,2026-08-02,,,,23.35,call,BULLISH,CONTINUATION,,,,,True,True,True,0.9685,-0.000947,track_b_cont
trackb_cont_VSXY_20260603,VSXY,2026-06-03,2026-08-02,,,,73.71,call,BULLISH,CONTINUATION,,,,,True,True,True,0.968,0.009232,track_b_cont
trackb_cont_UTI_20260603,UTI,2026-06-03,2026-08-02,,,,43.5599,call,BULLISH,CONTINUATION,,,,,True,True,True,0.9679,0.000295,track_b_cont
trackb_cont_HTLD_20260603,HTLD,2026-06-03,2026-08-02,,,,15.53,call,BULLISH,CONTINUATION,,,,,True,True,True,0.9668,0.002163,track_b_cont
trackb_cont_VNO_20260603,VNO,2026-06-03,2026-08-02,,,,33.6,call,BULLISH,CONTINUATION,,,,,True,True,True,0.9657,0.001384,track_b_cont
trackb_cont_ENPH_20260603,ENPH,2026-06-03,2026-08-02,,,,69.13,call,BULLISH,CONTINUATION,,,,,True,True,True,0.9655,0.031397,track_b_cont
trackb_cont_CIFR_20260603,CIFR,2026-06-03,2026-08-02,,,,26.735,call,BULLISH,CONTINUATION,,,,,True,True,True,0.9655,0.002269,track_b_cont
trackb_cont_ODFL_20260603,ODFL,2026-06-03,2026-08-02,,,,233.44,call,BULLISH,CONTINUATION,,,,,True,True,True,0.9652,0.022805,track_b_cont
trackb_cont_BZH_20260603,BZH,2026-06-03,2026-08-02,,,,25.785,call,BULLISH,CONTINUATION,,,,,True,True,True,0.9631,0.004163,track_b_cont
trackb_cont_SRG_20260603,SRG,2026-06-03,2026-08-02,,,,2.74,call,BULLISH,CONTINUATION,,,,,True,True,True,0.963,-0.000149,track_b_cont
trackb_cont_MRTN_20260603,MRTN,2026-06-03,2026-08-02,,,,17.65,call,BULLISH,CONTINUATION,,,,,True,True,True,0.9626,0.002151,track_b_cont
trackb_cont_TBCH_20260603,TBCH,2026-06-03,2026-08-02,,,,12.78,call,BULLISH,CONTINUATION,,,,,True,True,True,0.9623,0.00032,track_b_cont
trackb_cont_VSTS_20260603,VSTS,2026-06-03,2026-08-02,,,,13.16,call,BULLISH,CONTINUATION,,,,,True,True,True,0.9616,0.002299,track_b_cont
trackb_cont_R_20260603,R,2026-06-03,2026-08-02,,,,258.92,call,BULLISH,CONTINUATION,,,,,True,True,True,0.9616,0.009704,track_b_cont
trackb_cont_TWST_20260603,TWST,2026-06-03,2026-08-02,,,,71.24,call,BULLISH,CONTINUATION,,,,,True,True,True,0.9614,0.007673,track_b_cont
trackb_cont_CDW_20260603,CDW,2026-06-03,2026-08-02,,,,137.235,call,BULLISH,CONTINUATION,,,,,True,True,True,0.9613,0.006897,track_b_cont
trackb_cont_TXG_20260603,TXG,2026-06-03,2026-08-02,,,,31.55,call,BULLISH,CONTINUATION,,,,,True,True,True,0.9612,0.005508,track_b_cont
trackb_cont_ARMK_20260603,ARMK,2026-06-03,2026-08-02,,,,53.6,call,BULLISH,CONTINUATION,,,,,True,True,True,0.9611,0.005789,track_b_cont
trackb_cont_PEB_20260603,PEB,2026-06-03,2026-08-02,,,,15.91,call,BULLISH,CONTINUATION,,,,,True,True,True,0.961,0.00078,track_b_cont
trackb_cont_STLD_20260603,STLD,2026-06-03,2026-08-02,,,,275.23,call,BULLISH,CONTINUATION,,,,,True,True,True,0.9607,0.01232,track_b_cont
trackb_cont_NTRS_20260603,NTRS,2026-06-03,2026-08-02,,,,166.85,call,BULLISH,CONTINUATION,,,,,True,True,True,0.96,0.003101,track_b_cont
trackb_cont_KLAC_20260603,KLAC,2026-06-03,2026-08-02,,,,2075.8999,call,BULLISH,CONTINUATION,,,,,True,True,True,0.9598,0.090489,track_b_cont
trackb_cont_TWLO_20260603,TWLO,2026-06-03,2026-08-02,,,,218.485,call,BULLISH,CONTINUATION,,,,,True,True,True,0.9596,-0.004588,track_b_cont
trackb_cont_ROK_20260603,ROK,2026-06-03,2026-08-02,,,,462.165,call,BULLISH,CONTINUATION,,,,,True,True,True,0.9589,-0.00698,track_b_cont
trackb_cont_LSTR_20260603,LSTR,2026-06-03,2026-08-02,,,,214.9,call,BULLISH,CONTINUATION,,,,,True,True,True,0.9588,0.025025,track_b_cont
trackb_cont_VMI_20260603,VMI,2026-06-03,2026-08-02,,,,544.88,call,BULLISH,CONTINUATION,,,,,True,True,True,0.9586,-0.006896,track_b_cont
trackb_cont_MTUS_20260603,MTUS,2026-06-03,2026-08-02,,,,20.035,call,BULLISH,CONTINUATION,,,,,True,True,True,0.9578,0.000614,track_b_cont
trackb_cont_SAH_20260603,SAH,2026-06-03,2026-08-02,,,,83.43,call,BULLISH,CONTINUATION,,,,,True,True,True,0.9574,5.3e-05,track_b_cont
trackb_cont_VPG_20260603,VPG,2026-06-03,2026-08-02,,,,130.55,call,BULLISH,CONTINUATION,,,,,True,True,True,0.9567,0.052624,track_b_cont
trackb_cont_BXP_20260603,BXP,2026-06-03,2026-08-02,,,,60.37,call,BULLISH,CONTINUATION,,,,,True,True,True,0.9566,3.3e-05,track_b_cont
trackb_cont_PAG_20260603,PAG,2026-06-03,2026-08-02,,,,171.935,call,BULLISH,CONTINUATION,,,,,True,True,True,0.9565,-0.007593,track_b_cont
trackb_cont_UMAC_20260603,UMAC,2026-06-03,2026-08-02,,,,29.4,call,BULLISH,CONTINUATION,,,,,True,True,True,0.9561,0.009318,track_b_cont
trackb_cont_IONQ_20260603,IONQ,2026-06-03,2026-08-02,,,,68.64,call,BULLISH,CONTINUATION,,,,,True,True,True,0.9558,0.013912,track_b_cont
trackb_cont_TRU_20260603,TRU,2026-06-03,2026-08-02,,,,69.015,call,BULLISH,CONTINUATION,,,,,True,True,True,0.9546,0.000386,track_b_cont
trackb_cont_MTB_20260603,MTB,2026-06-03,2026-08-02,,,,214.235,call,BULLISH,CONTINUATION,,,,,True,True,True,0.9537,-0.001284,track_b_cont
trackb_cont_SHO_20260603,SHO,2026-06-03,2026-08-02,,,,11.255,call,BULLISH,CONTINUATION,,,,,True,True,True,0.9536,0.000488,track_b_cont
trackb_cont_SXC_20260603,SXC,2026-06-03,2026-08-02,,,,9.355,call,BULLISH,CONTINUATION,,,,,True,True,True,0.9534,0.001699,track_b_cont
trackb_cont_PANW_20260603,PANW,2026-06-03,2026-08-02,,,,282.64,call,BULLISH,CONTINUATION,,,,,True,True,True,0.9534,0.067768,track_b_cont
trackb_cont_NUE_20260603,NUE,2026-06-03,2026-08-02,,,,259.73,call,BULLISH,CONTINUATION,,,,,True,True,True,0.9533,0.007477,track_b_cont
trackb_cont_SKLZ_20260603,SKLZ,2026-06-03,2026-08-02,,,,9.52,call,BULLISH,CONTINUATION,,,,,True,True,True,0.9525,0.002925,track_b_cont
trackb_cont_FLS_20260603,FLS,2026-06-03,2026-08-02,,,,75.79,call,BULLISH,CONTINUATION,,,,,True,True,True,0.9525,0.001212,track_b_cont
trackb_cont_BOC_20260603,BOC,2026-06-03,2026-08-02,,,,13.27,call,BULLISH,CONTINUATION,,,,,True,True,True,0.9512,0.001413,track_b_cont
trackb_cont_ABAT_20260603,ABAT,2026-06-03,2026-08-02,,,,3.6901,call,BULLISH,CONTINUATION,,,,,True,True,True,0.9508,0.000122,track_b_cont
trackb_cont_RLJ_20260603,RLJ,2026-06-03,2026-08-02,,,,10.105,call,BULLISH,CONTINUATION,,,,,True,True,True,0.9508,0.00098,track_b_cont
trackb_cont_TNL_20260603,TNL,2026-06-03,2026-08-02,,,,69.65,call,BULLISH,CONTINUATION,,,,,True,True,True,0.9506,0.002638,track_b_cont
trackb_cont_HST_20260603,HST,2026-06-03,2026-08-02,,,,23.935,call,BULLISH,CONTINUATION,,,,,True,True,True,0.9502,0.001142,track_b_cont
trackb_cont_RXO_20260603,RXO,2026-06-03,2026-08-02,,,,26.72,call,BULLISH,CONTINUATION,,,,,True,True,True,0.9497,0.006405,track_b_cont
trackb_cont_ANET_20260603,ANET,2026-06-03,2026-08-02,,,,174.94,call,BULLISH,CONTINUATION,,,,,True,True,True,0.9492,0.005892,track_b_cont
trackb_cont_PVH_20260603,PVH,2026-06-03,2026-08-02,,,,100.28,call,BULLISH,CONTINUATION,,,,,True,True,True,0.9492,0.005444,track_b_cont
trackb_cont_VC_20260603,VC,2026-06-03,2026-08-02,,,,123.53,call,BULLISH,CONTINUATION,,,,,True,True,True,0.9492,6.3e-05,track_b_cont
trackb_cont_CRWD_20260603,CRWD,2026-06-03,2026-08-02,,,,751.71,call,BULLISH,CONTINUATION,,,,,True,True,True,0.9491,0.196737,track_b_cont
trackb_cont_SMCI_20260603,SMCI,2026-06-03,2026-08-02,,,,46.47,call,BULLISH,CONTINUATION,,,,,True,True,True,0.9487,0.00859,track_b_cont
trackb_cont_KN_20260603,KN,2026-06-03,2026-08-02,,,,39.2901,call,BULLISH,CONTINUATION,,,,,True,True,True,0.9484,0.002046,track_b_cont
trackb_cont_EFC_20260603,EFC,2026-06-03,2026-08-02,,,,13.4175,call,BULLISH,CONTINUATION,,,,,True,True,True,0.9483,-0.000124,track_b_cont
trackb_cont_RCL_20260603,RCL,2026-06-03,2026-08-02,,,,292.81,call,BULLISH,CONTINUATION,,,,,True,True,True,0.9483,-0.003354,track_b_cont
trackb_cont_COHU_20260603,COHU,2026-06-03,2026-08-02,,,,56.5,call,BULLISH,CONTINUATION,,,,,True,True,True,0.948,0.000833,track_b_cont
trackb_cont_MSM_20260603,MSM,2026-06-03,2026-08-02,,,,116.22,call,BULLISH,CONTINUATION,,,,,True,True,True,0.9478,0.001925,track_b_cont
trackb_cont_ARE_20260603,ARE,2026-06-03,2026-08-02,,,,52.29,call,BULLISH,CONTINUATION,,,,,True,True,True,0.9477,0.003625,track_b_cont
trackb_cont_ROG_20260603,ROG,2026-06-03,2026-08-02,,,,151.22,call,BULLISH,CONTINUATION,,,,,True,True,True,0.9467,-0.001698,track_b_cont
trackb_cont_ON_20260603,ON,2026-06-03,2026-08-02,,,,131.83,call,BULLISH,CONTINUATION,,,,,True,True,True,0.9465,0.012571,track_b_cont
trackb_cont_ALNT_20260603,ALNT,2026-06-03,2026-08-02,,,,85.37,call,BULLISH,CONTINUATION,,,,,True,True,True,0.9463,0.003464,track_b_cont
trackb_cont_IPGP_20260603,IPGP,2026-06-03,2026-08-02,,,,132.72,call,BULLISH,CONTINUATION,,,,,True,True,True,0.9463,0.015693,track_b_cont
trackb_cont_FTCI_20260603,FTCI,2026-06-03,2026-08-02,,,,5.6644,call,BULLISH,CONTINUATION,,,,,True,True,True,0.9459,0.000925,track_b_cont
trackb_cont_CVI_20260603,CVI,2026-06-03,2026-08-02,,,,36.0,call,BULLISH,CONTINUATION,,,,,True,True,True,0.9459,-0.001512,track_b_cont
trackb_cont_COHR_20260603,COHR,2026-06-03,2026-08-02,,,,417.665,call,BULLISH,CONTINUATION,,,,,True,True,True,0.9458,0.010682,track_b_cont
trackb_cont_SN_20260603,SN,2026-06-03,2026-08-02,,,,122.12,call,BULLISH,CONTINUATION,,,,,True,True,True,0.9455,0.003575,track_b_cont
trackb_cont_HIW_20260603,HIW,2026-06-03,2026-08-02,,,,26.8,call,BULLISH,CONTINUATION,,,,,True,True,True,0.9453,0.000657,track_b_cont
trackb_cont_ACMR_20260603,ACMR,2026-06-03,2026-08-02,,,,89.165,call,BULLISH,CONTINUATION,,,,,True,True,True,0.9452,0.026943,track_b_cont
trackb_cont_GS_20260603,GS,2026-06-03,2026-08-02,,,,1037.63,call,BULLISH,CONTINUATION,,,,,True,True,True,0.9447,0.063124,track_b_cont
trackb_cont_TUSK_20260603,TUSK,2026-06-03,2026-08-02,,,,3.54,call,BULLISH,CONTINUATION,,,,,True,True,True,0.9446,0.000583,track_b_cont
trackb_cont_ST_20260603,ST,2026-06-03,2026-08-02,,,,53.1,call,BULLISH,CONTINUATION,,,,,True,True,True,0.9438,0.004148,track_b_cont
trackb_cont_ASPI_20260603,ASPI,2026-06-03,2026-08-02,,,,7.7392,call,BULLISH,CONTINUATION,,,,,True,True,True,0.9438,0.001092,track_b_cont
trackb_cont_MPC_20260603,MPC,2026-06-03,2026-08-02,,,,270.43,call,BULLISH,CONTINUATION,,,,,True,True,True,0.9437,-0.00022,track_b_cont
trackb_cont_INN_20260603,INN,2026-06-03,2026-08-02,,,,5.955,call,BULLISH,CONTINUATION,,,,,True,True,True,0.9435,0.000425,track_b_cont
trackb_cont_INOD_20260603,INOD,2026-06-03,2026-08-02,,,,107.81,call,BULLISH,CONTINUATION,,,,,True,True,True,0.9434,0.032342,track_b_cont
trackb_cont_LAD_20260603,LAD,2026-06-03,2026-08-02,,,,293.3,call,BULLISH,CONTINUATION,,,,,True,True,True,0.9424,-0.005083,track_b_cont
trackb_cont_WDC_20260603,WDC,2026-06-03,2026-08-02,,,,597.575,call,BULLISH,CONTINUATION,,,,,True,True,True,0.9411,0.028577,track_b_cont
trackb_cont_RH_20260603,RH,2026-06-03,2026-08-02,,,,148.92,call,BULLISH,CONTINUATION,,,,,True,True,True,0.9407,0.013997,track_b_cont
trackb_cont_NSIT_20260603,NSIT,2026-06-03,2026-08-02,,,,112.515,call,BULLISH,CONTINUATION,,,,,True,True,True,0.9402,0.026784,track_b_cont
trackb_cont_CLF_20260603,CLF,2026-06-03,2026-08-02,,,,14.28,call,BULLISH,CONTINUATION,,,,,True,True,True,0.9379,0.001635,track_b_cont
trackb_cont_SLDP_20260603,SLDP,2026-06-03,2026-08-02,,,,3.2939,call,BULLISH,CONTINUATION,,,,,True,True,True,0.9375,-3.7e-05,track_b_cont
trackb_cont_KNX_20260603,KNX,2026-06-03,2026-08-02,,,,78.23,call,BULLISH,CONTINUATION,,,,,True,True,True,0.9374,0.011532,track_b_cont
trackb_cont_NMAX_20260603,NMAX,2026-06-03,2026-08-02,,,,8.34,call,BULLISH,CONTINUATION,,,,,True,True,True,0.9357,0.001904,track_b_cont
trackb_cont_PENG_20260603,PENG,2026-06-03,2026-08-02,,,,68.63,call,BULLISH,CONTINUATION,,,,,True,True,True,0.9356,0.015235,track_b_cont
trackb_cont_TTI_20260603,TTI,2026-06-03,2026-08-02,,,,9.99,call,BULLISH,CONTINUATION,,,,,True,True,True,0.9353,0.000241,track_b_cont
trackb_cont_ETSY_20260603,ETSY,2026-06-03,2026-08-02,,,,68.51,call,BULLISH,CONTINUATION,,,,,True,True,True,0.9353,0.002556,track_b_cont
trackb_cont_AYI_20260603,AYI,2026-06-03,2026-08-02,,,,310.88,call,BULLISH,CONTINUATION,,,,,True,True,True,0.9347,-0.001722,track_b_cont
trackb_cont_LODE_20260603,LODE,2026-06-03,2026-08-02,,,,3.955,call,BULLISH,CONTINUATION,,,,,True,True,True,0.9333,0.000958,track_b_cont
trackb_cont_KDP_20260603,KDP,2026-06-03,2026-08-02,,,,30.85,call,BULLISH,CONTINUATION,,,,,True,True,True,0.9333,0.000157,track_b_cont
trackb_cont_MS_20260603,MS,2026-06-03,2026-08-02,,,,209.76,call,BULLISH,CONTINUATION,,,,,True,True,True,0.933,0.009992,track_b_cont
trackb_cont_GCO_20260603,GCO,2026-06-03,2026-08-02,,,,38.95,call,BULLISH,CONTINUATION,,,,,True,True,True,0.9329,0.003409,track_b_cont
trackb_cont_ARW_20260603,ARW,2026-06-03,2026-08-02,,,,230.8,call,BULLISH,CONTINUATION,,,,,True,True,True,0.9324,0.019122,track_b_cont
trackb_cont_GRBK_20260603,GRBK,2026-06-03,2026-08-02,,,,68.35,call,BULLISH,CONTINUATION,,,,,True,True,True,0.9324,0.001192,track_b_cont
trackb_cont_TOMZ_20260603,TOMZ,2026-06-03,2026-08-02,,,,1.03,call,BULLISH,CONTINUATION,,,,,True,True,True,0.9318,0.000139,track_b_cont
trackb_cont_RS_20260603,RS,2026-06-03,2026-08-02,,,,392.6,call,BULLISH,CONTINUATION,,,,,True,True,True,0.9313,-0.000112,track_b_cont
trackb_cont_WATT_20260603,WATT,2026-06-03,2026-08-02,,,,29.13,call,BULLISH,CONTINUATION,,,,,True,True,True,0.9311,0.001211,track_b_cont
trackb_cont_NOVT_20260603,NOVT,2026-06-03,2026-08-02,,,,170.07,call,BULLISH,CONTINUATION,,,,,True,True,True,0.9307,0.017208,track_b_cont
trackb_cont_DDOG_20260603,DDOG,2026-06-03,2026-08-02,,,,246.39,call,BULLISH,CONTINUATION,,,,,True,True,True,0.9306,0.060601,track_b_cont
trackb_cont_KBH_20260603,KBH,2026-06-03,2026-08-02,,,,50.59,call,BULLISH,CONTINUATION,,,,,True,True,True,0.9298,0.000161,track_b_cont
trackb_cont_DORM_20260603,DORM,2026-06-03,2026-08-02,,,,124.28,call,BULLISH,CONTINUATION,,,,,True,True,True,0.9295,-0.00138,track_b_cont
trackb_cont_URG_20260603,URG,2026-06-03,2026-08-02,,,,1.915,call,BULLISH,CONTINUATION,,,,,True,True,True,0.9286,-0.000275,track_b_cont
trackb_cont_APLE_20260603,APLE,2026-06-03,2026-08-02,,,,15.115,call,BULLISH,CONTINUATION,,,,,True,True,True,0.928,0.000797,track_b_cont
trackb_cont_DGII_20260603,DGII,2026-06-03,2026-08-02,,,,67.735,call,BULLISH,CONTINUATION,,,,,True,True,True,0.9272,0.004362,track_b_cont
trackb_cont_USAR_20260603,USAR,2026-06-03,2026-08-02,,,,28.285,call,BULLISH,CONTINUATION,,,,,True,True,True,0.9272,-0.000529,track_b_cont
trackb_cont_LRN_20260603,LRN,2026-06-03,2026-08-02,,,,97.875,call,BULLISH,CONTINUATION,,,,,True,True,True,0.9267,-0.000165,track_b_cont
trackb_cont_RGTI_20260603,RGTI,2026-06-03,2026-08-02,,,,24.4178,call,BULLISH,CONTINUATION,,,,,True,True,True,0.9266,0.005828,track_b_cont
trackb_cont_RAL_20260603,RAL,2026-06-03,2026-08-02,,,,62.36,call,BULLISH,CONTINUATION,,,,,True,True,True,0.926,0.010761,track_b_cont
trackb_cont_PCT_20260603,PCT,2026-06-03,2026-08-02,,,,13.2524,call,BULLISH,CONTINUATION,,,,,True,True,True,0.9258,0.003261,track_b_cont
trackb_cont_BRKR_20260603,BRKR,2026-06-03,2026-08-02,,,,58.38,call,BULLISH,CONTINUATION,,,,,True,True,True,0.9256,0.009359,track_b_cont
trackb_cont_VLY_20260603,VLY,2026-06-03,2026-08-02,,,,13.56,call,BULLISH,CONTINUATION,,,,,True,True,True,0.9252,-3e-05,track_b_cont
trackb_cont_CWEN_20260603,CWEN,2026-06-03,2026-08-02,,,,41.24,call,BULLISH,CONTINUATION,,,,,True,True,True,0.9248,0.000971,track_b_cont
trackb_cont_SMR_20260603,SMR,2026-06-03,2026-08-02,,,,12.265,call,BULLISH,CONTINUATION,,,,,True,True,True,0.9245,-0.000876,track_b_cont
trackb_cont_SONO_20260603,SONO,2026-06-03,2026-08-02,,,,15.64,call,BULLISH,CONTINUATION,,,,,True,True,True,0.9239,0.000782,track_b_cont
trackb_cont_VAC_20260603,VAC,2026-06-03,2026-08-02,,,,84.75,call,BULLISH,CONTINUATION,,,,,True,True,True,0.9239,0.007662,track_b_cont
trackb_cont_OPLN_20260603,OPLN,2026-06-03,2026-08-02,,,,37.32,call,BULLISH,CONTINUATION,,,,,True,True,True,0.9229,-3.6e-05,track_b_cont
trackb_cont_DAN_20260603,DAN,2026-06-03,2026-08-02,,,,37.28,call,BULLISH,CONTINUATION,,,,,True,True,True,0.9227,-0.000275,track_b_cont
trackb_cont_PSN_20260603,PSN,2026-06-03,2026-08-02,,,,59.545,call,BULLISH,CONTINUATION,,,,,True,True,True,0.9225,0.006062,track_b_cont
trackb_cont_MTRN_20260603,MTRN,2026-06-03,2026-08-02,,,,227.57,call,BULLISH,CONTINUATION,,,,,True,True,True,0.9223,0.015958,track_b_cont
trackb_cont_SCSC_20260603,SCSC,2026-06-03,2026-08-02,,,,45.6,call,BULLISH,CONTINUATION,,,,,True,True,True,0.9219,0.001967,track_b_cont
trackb_cont_AMR_20260603,AMR,2026-06-03,2026-08-02,,,,215.03,call,BULLISH,CONTINUATION,,,,,True,True,True,0.9211,0.004806,track_b_cont
trackb_cont_CRS_20260603,CRS,2026-06-03,2026-08-02,,,,486.31,call,BULLISH,CONTINUATION,,,,,True,True,True,0.9211,0.013566,track_b_cont
trackb_cont_ORCL_20260603,ORCL,2026-06-03,2026-08-02,,,,229.505,call,BULLISH,CONTINUATION,,,,,True,True,True,0.9206,0.014684,track_b_cont
trackb_cont_RIVN_20260603,RIVN,2026-06-03,2026-08-02,,,,17.665,call,BULLISH,CONTINUATION,,,,,True,True,True,0.9206,0.000578,track_b_cont
trackb_cont_GEO_20260603,GEO,2026-06-03,2026-08-02,,,,23.155,call,BULLISH,CONTINUATION,,,,,True,True,True,0.9194,0.001689,track_b_cont
trackb_cont_IP_20260603,IP,2026-06-03,2026-08-02,,,,33.48,call,BULLISH,CONTINUATION,,,,,True,True,True,0.9191,-0.000403,track_b_cont
trackb_cont_OSS_20260603,OSS,2026-06-03,2026-08-02,,,,18.99,call,BULLISH,CONTINUATION,,,,,True,True,True,0.9183,0.00348,track_b_cont
trackb_cont_GH_20260603,GH,2026-06-03,2026-08-02,,,,128.145,call,BULLISH,CONTINUATION,,,,,True,True,True,0.9181,0.033517,track_b_cont
trackb_cont_HUBG_20260603,HUBG,2026-06-03,2026-08-02,,,,43.24,call,BULLISH,CONTINUATION,,,,,True,True,True,0.9179,0.001023,track_b_cont
trackb_cont_DOCN_20260603,DOCN,2026-06-03,2026-08-02,,,,174.6,call,BULLISH,CONTINUATION,,,,,True,True,True,0.9172,0.00481,track_b_cont
trackb_cont_IESC_20260603,IESC,2026-06-03,2026-08-02,,,,727.44,call,BULLISH,CONTINUATION,,,,,True,True,True,0.9172,-0.013066,track_b_cont
trackb_cont_QMCO_20260603,QMCO,2026-06-03,2026-08-02,,,,13.82,call,BULLISH,CONTINUATION,,,,,True,True,True,0.9161,0.000382,track_b_cont
trackb_cont_PLXS_20260603,PLXS,2026-06-03,2026-08-02,,,,287.3,call,BULLISH,CONTINUATION,,,,,True,True,True,0.9161,-0.004138,track_b_cont
trackb_cont_SVV_20260603,SVV,2026-06-03,2026-08-02,,,,9.375,call,BULLISH,CONTINUATION,,,,,True,True,True,0.9155,0.000567,track_b_cont
trackb_cont_PPG_20260603,PPG,2026-06-03,2026-08-02,,,,111.75,call,BULLISH,CONTINUATION,,,,,True,True,True,0.9154,0.001089,track_b_cont
trackb_cont_CURI_20260603,CURI,2026-06-03,2026-08-02,,,,3.05,call,BULLISH,CONTINUATION,,,,,True,True,True,0.9151,-0.000368,track_b_cont
trackb_cont_BWA_20260603,BWA,2026-06-03,2026-08-02,,,,77.615,call,BULLISH,CONTINUATION,,,,,True,True,True,0.9148,0.006977,track_b_cont
trackb_cont_FSTR_20260603,FSTR,2026-06-03,2026-08-02,,,,41.8,call,BULLISH,CONTINUATION,,,,,True,True,True,0.9145,-0.001749,track_b_cont
trackb_cont_UPS_20260603,UPS,2026-06-03,2026-08-02,,,,110.43,call,BULLISH,CONTINUATION,,,,,True,True,True,0.9144,0.005417,track_b_cont
trackb_cont_AVGO_20260603,AVGO,2026-06-03,2026-08-02,,,,485.18,call,BULLISH,CONTINUATION,,,,,True,True,True,0.9137,-0.001114,track_b_cont
trackb_cont_MDB_20260603,MDB,2026-06-03,2026-08-02,,,,372.07,call,BULLISH,CONTINUATION,,,,,True,True,True,0.9134,0.054105,track_b_cont
trackb_cont_NNBR_20260603,NNBR,2026-06-03,2026-08-02,,,,3.055,call,BULLISH,CONTINUATION,,,,,True,True,True,0.9123,0.000305,track_b_cont
trackb_cont_AREC_20260603,AREC,2026-06-03,2026-08-02,,,,2.555,call,BULLISH,CONTINUATION,,,,,True,True,True,0.9121,-0.000103,track_b_cont
trackb_cont_SMTC_20260603,SMTC,2026-06-03,2026-08-02,,,,163.27,call,BULLISH,CONTINUATION,,,,,True,True,True,0.9121,0.03242,track_b_cont
trackb_cont_KFRC_20260603,KFRC,2026-06-03,2026-08-02,,,,46.19,call,BULLISH,CONTINUATION,,,,,True,True,True,0.9119,0.001405,track_b_cont
trackb_cont_AKAM_20260603,AKAM,2026-06-03,2026-08-02,,,,162.24,call,BULLISH,CONTINUATION,,,,,True,True,True,0.9118,0.00969,track_b_cont
trackb_cont_DRH_20260603,DRH,2026-06-03,2026-08-02,,,,11.225,call,BULLISH,CONTINUATION,,,,,True,True,True,0.9118,0.000244,track_b_cont
trackb_cont_CLMT_20260603,CLMT,2026-06-03,2026-08-02,,,,37.755,call,BULLISH,CONTINUATION,,,,,True,True,True,0.9114,0.000746,track_b_cont
trackb_cont_JBHT_20260603,JBHT,2026-06-03,2026-08-02,,,,279.08,call,BULLISH,CONTINUATION,,,,,True,True,True,0.9106,0.024945,track_b_cont
trackb_cont_AAON_20260603,AAON,2026-06-03,2026-08-02,,,,146.99,call,BULLISH,CONTINUATION,,,,,True,True,True,0.9091,0.015341,track_b_cont
trackb_cont_APP_20260603,APP,2026-06-03,2026-08-02,,,,573.165,call,BULLISH,CONTINUATION,,,,,True,True,True,0.9085,0.072715,track_b_cont
trackb_cont_STRL_20260603,STRL,2026-06-03,2026-08-02,,,,950.03,call,BULLISH,CONTINUATION,,,,,True,True,True,0.9076,-0.054198,track_b_cont
trackb_cont_PENN_20260603,PENN,2026-06-03,2026-08-02,,,,19.675,call,BULLISH,CONTINUATION,,,,,True,True,True,0.9075,0.001819,track_b_cont
trackb_cont_XHR_20260603,XHR,2026-06-03,2026-08-02,,,,17.68,call,BULLISH,CONTINUATION,,,,,True,True,True,0.907,0.000505,track_b_cont
trackb_cont_C_20260603,C,2026-06-03,2026-08-02,,,,129.15,call,BULLISH,CONTINUATION,,,,,True,True,True,0.9055,-0.003588,track_b_cont
trackb_cont_MSEX_20260603,MSEX,2026-06-03,2026-08-02,,,,52.51,call,BULLISH,CONTINUATION,,,,,True,True,True,0.9042,-0.000124,track_b_cont
trackb_cont_APH_20260603,APH,2026-06-03,2026-08-02,,,,149.48,call,BULLISH,CONTINUATION,,,,,True,True,True,0.9042,0.004428,track_b_cont
trackb_cont_KEEL_20260603,KEEL,2026-06-03,2026-08-02,,,,6.26,call,BULLISH,CONTINUATION,,,,,True,True,True,0.9034,0.001449,track_b_cont
trackb_cont_PRU_20260603,PRU,2026-06-03,2026-08-02,,,,100.975,call,BULLISH,CONTINUATION,,,,,True,True,True,0.9001,0.0001,track_b_cont
trackb_cont_MTN_20260603,MTN,2026-06-03,2026-08-02,,,,134.99,call,BULLISH,CONTINUATION,,,,,True,True,True,0.8995,0.005426,track_b_cont
trackb_cont_SSYS_20260603,SSYS,2026-06-03,2026-08-02,,,,10.055,call,BULLISH,CONTINUATION,,,,,True,True,True,0.8982,0.000915,track_b_cont
trackb_cont_BOOT_20260603,BOOT,2026-06-03,2026-08-02,,,,169.155,call,BULLISH,CONTINUATION,,,,,True,True,True,0.8981,0.000944,track_b_cont
trackb_cont_MATX_20260603,MATX,2026-06-03,2026-08-02,,,,187.2,call,BULLISH,CONTINUATION,,,,,True,True,True,0.8977,-0.000533,track_b_cont
trackb_cont_AAT_20260603,AAT,2026-06-03,2026-08-02,,,,23.27,call,BULLISH,CONTINUATION,,,,,True,True,True,0.8971,0.001738,track_b_cont
trackb_cont_UCTT_20260603,UCTT,2026-06-03,2026-08-02,,,,92.52,call,BULLISH,CONTINUATION,,,,,True,True,True,0.896,7e-06,track_b_cont
trackb_cont_LNN_20260603,LNN,2026-06-03,2026-08-02,,,,112.38,call,BULLISH,CONTINUATION,,,,,True,True,True,0.8959,-0.001011,track_b_cont
trackb_cont_STX_20260603,STX,2026-06-03,2026-08-02,,,,953.75,call,BULLISH,CONTINUATION,,,,,True,True,True,0.8952,0.049458,track_b_cont
trackb_cont_OKTA_20260603,OKTA,2026-06-03,2026-08-02,,,,124.87,call,BULLISH,CONTINUATION,,,,,True,True,True,0.8948,0.028813,track_b_cont
trackb_cont_ONDS_20260603,ONDS,2026-06-03,2026-08-02,,,,11.76,call,BULLISH,CONTINUATION,,,,,True,True,True,0.8947,0.001776,track_b_cont
trackb_cont_CYRX_20260603,CYRX,2026-06-03,2026-08-02,,,,16.38,call,BULLISH,CONTINUATION,,,,,True,True,True,0.8945,0.002167,track_b_cont
trackb_cont_WSM_20260603,WSM,2026-06-03,2026-08-02,,,,204.05,call,BULLISH,CONTINUATION,,,,,True,True,True,0.8945,0.019202,track_b_cont
trackb_cont_PSX_20260603,PSX,2026-06-03,2026-08-02,,,,186.47,call,BULLISH,CONTINUATION,,,,,True,True,True,0.8945,0.002101,track_b_cont
trackb_cont_SNX_20260603,SNX,2026-06-03,2026-08-02,,,,278.2175,call,BULLISH,CONTINUATION,,,,,True,True,True,0.893,0.012051,track_b_cont
trackb_cont_PRMB_20260603,PRMB,2026-06-03,2026-08-02,,,,24.205,call,BULLISH,CONTINUATION,,,,,True,True,True,0.8925,0.001623,track_b_cont
trackb_cont_KLIC_20260603,KLIC,2026-06-03,2026-08-02,,,,107.645,call,BULLISH,CONTINUATION,,,,,True,True,True,0.8922,0.00423,track_b_cont
trackb_cont_MNST_20260603,MNST,2026-06-03,2026-08-02,,,,88.91,call,BULLISH,CONTINUATION,,,,,True,True,True,0.8921,0.005258,track_b_cont
trackb_cont_WOR_20260603,WOR,2026-06-03,2026-08-02,,,,57.37,call,BULLISH,CONTINUATION,,,,,True,True,True,0.8918,6.8e-05,track_b_cont
trackb_cont_CMP_20260603,CMP,2026-06-03,2026-08-02,,,,32.98,call,BULLISH,CONTINUATION,,,,,True,True,True,0.8916,0.00323,track_b_cont
trackb_cont_SEZL_20260603,SEZL,2026-06-03,2026-08-02,,,,109.25,call,BULLISH,CONTINUATION,,,,,True,True,True,0.8908,0.019638,track_b_cont
trackb_cont_RF_20260603,RF,2026-06-03,2026-08-02,,,,27.46,call,BULLISH,CONTINUATION,,,,,True,True,True,0.8908,-0.000124,track_b_cont
trackb_cont_ILMN_20260603,ILMN,2026-06-03,2026-08-02,,,,167.275,call,BULLISH,CONTINUATION,,,,,True,True,True,0.8907,0.009101,track_b_cont
trackb_cont_GNTX_20260603,GNTX,2026-06-03,2026-08-02,,,,24.99,call,BULLISH,CONTINUATION,,,,,True,True,True,0.8906,0.000345,track_b_cont
trackb_cont_OPAD_20260603,OPAD,2026-06-03,2026-08-02,,,,0.7801,call,BULLISH,CONTINUATION,,,,,True,True,True,0.8901,7.1e-05,track_b_cont
trackb_cont_HOV_20260603,HOV,2026-06-03,2026-08-02,,,,108.12,call,BULLISH,CONTINUATION,,,,,True,True,True,0.8898,0.002703,track_b_cont
trackb_cont_BBBY_20260603,BBBY,2026-06-03,2026-08-02,,,,6.025,call,BULLISH,CONTINUATION,,,,,True,True,True,0.8894,0.001087,track_b_cont
trackb_cont_GWW_20260603,GWW,2026-06-03,2026-08-02,,,,1293.62,call,BULLISH,CONTINUATION,,,,,True,True,True,0.8888,0.007671,track_b_cont
trackb_cont_GIII_20260603,GIII,2026-06-03,2026-08-02,,,,32.205,call,BULLISH,CONTINUATION,,,,,True,True,True,0.8885,0.000368,track_b_cont
trackb_cont_PBI_20260603,PBI,2026-06-03,2026-08-02,,,,16.23,call,BULLISH,CONTINUATION,,,,,True,True,True,0.8878,0.000143,track_b_cont
trackb_cont_RCAT_20260603,RCAT,2026-06-03,2026-08-02,,,,13.685,call,BULLISH,CONTINUATION,,,,,True,True,True,0.887,0.001179,track_b_cont
trackb_cont_HAE_20260603,HAE,2026-06-03,2026-08-02,,,,65.27,call,BULLISH,CONTINUATION,,,,,True,True,True,0.8864,0.011424,track_b_cont
trackb_cont_CWT_20260603,CWT,2026-06-03,2026-08-02,,,,45.1025,call,BULLISH,CONTINUATION,,,,,True,True,True,0.8851,8.8e-05,track_b_cont
trackb_cont_AGL_20260603,AGL,2026-06-03,2026-08-02,,,,84.64,call,BULLISH,CONTINUATION,,,,,True,True,True,0.885,0.040935,track_b_cont
trackb_cont_PLPC_20260603,PLPC,2026-06-03,2026-08-02,,,,375.0,call,BULLISH,CONTINUATION,,,,,True,True,True,0.8842,0.011908,track_b_cont
trackb_cont_FLNC_20260603,FLNC,2026-06-03,2026-08-02,,,,25.56,call,BULLISH,CONTINUATION,,,,,True,True,True,0.8837,0.002778,track_b_cont
trackb_cont_VLO_20260603,VLO,2026-06-03,2026-08-02,,,,263.89,call,BULLISH,CONTINUATION,,,,,True,True,True,0.8832,-0.000714,track_b_cont
trackb_cont_EW_20260603,EW,2026-06-03,2026-08-02,,,,86.295,call,BULLISH,CONTINUATION,,,,,True,True,True,0.883,0.003636,track_b_cont
trackb_cont_WALD_20260603,WALD,2026-06-03,2026-08-02,,,,1.775,call,BULLISH,CONTINUATION,,,,,True,True,True,0.8829,-8.6e-05,track_b_cont
trackb_cont_METC_20260603,METC,2026-06-03,2026-08-02,,,,16.845,call,BULLISH,CONTINUATION,,,,,True,True,True,0.8828,-0.000422,track_b_cont
trackb_cont_ADP_20260603,ADP,2026-06-03,2026-08-02,,,,225.73,call,BULLISH,CONTINUATION,,,,,True,True,True,0.8823,0.009996,track_b_cont
trackb_cont_IPX_20260603,IPX,2026-06-03,2026-08-02,,,,40.38,call,BULLISH,CONTINUATION,,,,,True,True,True,0.8819,-0.000352,track_b_cont
trackb_cont_KFY_20260603,KFY,2026-06-03,2026-08-02,,,,69.64,call,BULLISH,CONTINUATION,,,,,True,True,True,0.8816,0.001904,track_b_cont
trackb_cont_RYZ_20260603,RYZ,2026-06-03,2026-08-02,,,,28.0575,call,BULLISH,CONTINUATION,,,,,True,True,True,0.8816,6.7e-05,track_b_cont
trackb_cont_QBTS_20260603,QBTS,2026-06-03,2026-08-02,,,,27.615,call,BULLISH,CONTINUATION,,,,,True,True,True,0.8813,0.005456,track_b_cont
trackb_cont_WCC_20260603,WCC,2026-06-03,2026-08-02,,,,374.165,call,BULLISH,CONTINUATION,,,,,True,True,True,0.8812,-0.007528,track_b_cont
trackb_cont_NB_20260603,NB,2026-06-03,2026-08-02,,,,5.875,call,BULLISH,CONTINUATION,,,,,True,True,True,0.879,-0.000624,track_b_cont
trackb_cont_CVCO_20260603,CVCO,2026-06-03,2026-08-02,,,,537.86,call,BULLISH,CONTINUATION,,,,,True,True,True,0.8788,0.041934,track_b_cont
trackb_cont_PTON_20260603,PTON,2026-06-03,2026-08-02,,,,6.035,call,BULLISH,CONTINUATION,,,,,True,True,True,0.8788,0.000527,track_b_cont
trackb_cont_TRIP_20260603,TRIP,2026-06-03,2026-08-02,,,,11.875,call,BULLISH,CONTINUATION,,,,,True,True,True,0.8788,1.8e-05,track_b_cont
trackb_cont_RLGT_20260603,RLGT,2026-06-03,2026-08-02,,,,8.59,call,BULLISH,CONTINUATION,,,,,True,True,True,0.8785,0.000126,track_b_cont
trackb_cont_CNK_20260603,CNK,2026-06-03,2026-08-02,,,,29.96,call,BULLISH,CONTINUATION,,,,,True,True,True,0.8783,0.000526,track_b_cont
trackb_cont_HUT_20260603,HUT,2026-06-03,2026-08-02,,,,131.045,call,BULLISH,CONTINUATION,,,,,True,True,True,0.8781,0.017256,track_b_cont
trackb_cont_FOR_20260603,FOR,2026-06-03,2026-08-02,,,,26.875,call,BULLISH,CONTINUATION,,,,,True,True,True,0.8778,-0.000653,track_b_cont
trackb_cont_BRC_20260603,BRC,2026-06-03,2026-08-02,,,,87.615,call,BULLISH,CONTINUATION,,,,,True,True,True,0.8769,0.011038,track_b_cont
trackb_cont_BBSI_20260603,BBSI,2026-06-03,2026-08-02,,,,32.375,call,BULLISH,CONTINUATION,,,,,True,True,True,0.8767,0.002209,track_b_cont
trackb_cont_LEA_20260603,LEA,2026-06-03,2026-08-02,,,,146.55,call,BULLISH,CONTINUATION,,,,,True,True,True,0.8765,0.003645,track_b_cont
trackb_cont_AMN_20260603,AMN,2026-06-03,2026-08-02,,,,29.5,call,BULLISH,CONTINUATION,,,,,True,True,True,0.876,0.001242,track_b_cont
trackb_cont_WULF_20260603,WULF,2026-06-03,2026-08-02,,,,26.11,call,BULLISH,CONTINUATION,,,,,True,True,True,0.8755,0.000712,track_b_cont
trackb_cont_TNET_20260603,TNET,2026-06-03,2026-08-02,,,,46.26,call,BULLISH,CONTINUATION,,,,,True,True,True,0.8743,0.002766,track_b_cont
trackb_cont_EEX_20260603,EEX,2026-06-03,2026-08-02,,,,4.975,call,BULLISH,CONTINUATION,,,,,True,True,True,0.8732,0.000141,track_b_cont
trackb_cont_BHE_20260603,BHE,2026-06-03,2026-08-02,,,,88.33,call,BULLISH,CONTINUATION,,,,,True,True,True,0.8729,-0.002441,track_b_cont
trackb_cont_BCAR_20260603,BCAR,2026-06-03,2026-08-02,,,,10.995,call,BULLISH,CONTINUATION,,,,,True,True,True,0.8721,3.8e-05,track_b_cont
trackb_cont_MYPS_20260603,MYPS,2026-06-03,2026-08-02,,,,0.5396,call,BULLISH,CONTINUATION,,,,,True,True,True,0.8713,5.2e-05,track_b_cont
trackb_cont_SOLV_20260603,SOLV,2026-06-03,2026-08-02,,,,77.7201,call,BULLISH,CONTINUATION,,,,,True,True,True,0.8712,0.002834,track_b_cont
trackb_cont_HRL_20260603,HRL,2026-06-03,2026-08-02,,,,23.435,call,BULLISH,CONTINUATION,,,,,True,True,True,0.8711,0.001509,track_b_cont
trackb_cont_AMRZ_20260603,AMRZ,2026-06-03,2026-08-02,,,,54.055,call,BULLISH,CONTINUATION,,,,,True,True,True,0.8707,-0.001551,track_b_cont
trackb_cont_DINO_20260603,DINO,2026-06-03,2026-08-02,,,,74.035,call,BULLISH,CONTINUATION,,,,,True,True,True,0.8702,-0.003179,track_b_cont
trackb_cont_HUM_20260603,HUM,2026-06-03,2026-08-02,,,,328.49,call,BULLISH,CONTINUATION,,,,,True,True,True,0.8701,0.04276,track_b_cont
trackb_cont_MKSI_20260603,MKSI,2026-06-03,2026-08-02,,,,337.78,call,BULLISH,CONTINUATION,,,,,True,True,True,0.8701,0.01157,track_b_cont
trackb_cont_BFH_20260603,BFH,2026-06-03,2026-08-02,,,,89.21,call,BULLISH,CONTINUATION,,,,,True,True,True,0.8699,0.001138,track_b_cont
trackb_cont_OUST_20260603,OUST,2026-06-03,2026-08-02,,,,43.74,call,BULLISH,CONTINUATION,,,,,True,True,True,0.8697,0.013249,track_b_cont
trackb_cont_ATI_20260603,ATI,2026-06-03,2026-08-02,,,,178.775,call,BULLISH,CONTINUATION,,,,,True,True,True,0.8696,0.005058,track_b_cont
trackb_cont_IAUX_20260603,IAUX,2026-06-03,2026-08-02,,,,1.555,call,BULLISH,CONTINUATION,,,,,True,True,True,0.8696,-1.7e-05,track_b_cont
trackb_cont_TBI_20260603,TBI,2026-06-03,2026-08-02,,,,6.655,call,BULLISH,CONTINUATION,,,,,True,True,True,0.8693,0.00012,track_b_cont
trackb_cont_CLMB_20260603,CLMB,2026-06-03,2026-08-02,,,,21.58,call,BULLISH,CONTINUATION,,,,,True,True,True,0.869,0.001667,track_b_cont
trackb_cont_AMPX_20260603,AMPX,2026-06-03,2026-08-02,,,,22.34,call,BULLISH,CONTINUATION,,,,,True,True,True,0.8682,-0.000914,track_b_cont
trackb_cont_SHLS_20260603,SHLS,2026-06-03,2026-08-02,,,,12.5305,call,BULLISH,CONTINUATION,,,,,True,True,True,0.868,0.002775,track_b_cont
trackb_cont_DELL_20260603,DELL,2026-06-03,2026-08-02,,,,415.17,call,BULLISH,CONTINUATION,,,,,True,True,True,0.8679,0.112987,track_b_cont
trackb_cont_RBRK_20260603,RBRK,2026-06-03,2026-08-02,,,,77.92,call,BULLISH,CONTINUATION,,,,,True,True,True,0.8667,0.012756,track_b_cont
trackb_cont_DDD_20260603,DDD,2026-06-03,2026-08-02,,,,3.75,call,BULLISH,CONTINUATION,,,,,True,True,True,0.8667,0.000706,track_b_cont
trackb_cont_ALOY_20260603,ALOY,2026-06-03,2026-08-02,,,,10.4521,call,BULLISH,CONTINUATION,,,,,True,True,True,0.8655,0.000442,track_b_cont
trackb_cont_ADM_20260603,ADM,2026-06-03,2026-08-02,,,,84.835,call,BULLISH,CONTINUATION,,,,,True,True,True,0.8653,-0.001389,track_b_cont
trackb_cont_LGIH_20260603,LGIH,2026-06-03,2026-08-02,,,,47.31,call,BULLISH,CONTINUATION,,,,,True,True,True,0.8639,0.000892,track_b_cont
trackb_cont_HRB_20260603,HRB,2026-06-03,2026-08-02,,,,37.33,call,BULLISH,CONTINUATION,,,,,True,True,True,0.8631,0.004807,track_b_cont
trackb_cont_FORR_20260603,FORR,2026-06-03,2026-08-02,,,,6.75,call,BULLISH,CONTINUATION,,,,,True,True,True,0.863,0.000493,track_b_cont
trackb_cont_PAYX_20260603,PAYX,2026-06-03,2026-08-02,,,,98.21,call,BULLISH,CONTINUATION,,,,,True,True,True,0.8625,0.004434,track_b_cont
trackb_cont_PFG_20260603,PFG,2026-06-03,2026-08-02,,,,102.01,call,BULLISH,CONTINUATION,,,,,True,True,True,0.8621,0.001484,track_b_cont
trackb_cont_MHO_20260603,MHO,2026-06-03,2026-08-02,,,,136.07,call,BULLISH,CONTINUATION,,,,,True,True,True,0.8621,0.001136,track_b_cont
trackb_cont_A_20260603,A,2026-06-03,2026-08-02,,,,138.695,call,BULLISH,CONTINUATION,,,,,True,True,True,0.8613,0.008021,track_b_cont
trackb_cont_NCMI_20260603,NCMI,2026-06-03,2026-08-02,,,,3.555,call,BULLISH,CONTINUATION,,,,,True,True,True,0.8605,-0.000315,track_b_cont
trackb_cont_ENVX_20260603,ENVX,2026-06-03,2026-08-02,,,,8.405,call,BULLISH,CONTINUATION,,,,,True,True,True,0.859,0.000514,track_b_cont
trackb_cont_FA_20260603,FA,2026-06-03,2026-08-02,,,,15.915,call,BULLISH,CONTINUATION,,,,,True,True,True,0.859,0.000954,track_b_cont
trackb_cont_ICHR_20260603,ICHR,2026-06-03,2026-08-02,,,,72.92,call,BULLISH,CONTINUATION,,,,,True,True,True,0.8575,-0.005919,track_b_cont
trackb_cont_WS_20260603,WS,2026-06-03,2026-08-02,,,,42.59,call,BULLISH,CONTINUATION,,,,,True,True,True,0.8567,0.000228,track_b_cont
trackb_cont_TER_20260603,TER,2026-06-03,2026-08-02,,,,407.64,call,BULLISH,CONTINUATION,,,,,True,True,True,0.8559,0.002488,track_b_cont
trackb_cont_AMT_20260603,AMT,2026-06-03,2026-08-02,,,,186.33,call,BULLISH,CONTINUATION,,,,,True,True,True,0.8558,0.006676,track_b_cont
trackb_cont_STT_20260603,STT,2026-06-03,2026-08-02,,,,157.06,call,BULLISH,CONTINUATION,,,,,True,True,True,0.8554,0.00369,track_b_cont
trackb_cont_HON_20260603,HON,2026-06-03,2026-08-02,,,,232.91,call,BULLISH,CONTINUATION,,,,,True,True,True,0.8553,0.014654,track_b_cont
trackb_cont_CAL_20260603,CAL,2026-06-03,2026-08-02,,,,14.12,call,BULLISH,CONTINUATION,,,,,True,True,True,0.8552,0.001389,track_b_cont
trackb_cont_ASH_20260603,ASH,2026-06-03,2026-08-02,,,,57.185,call,BULLISH,CONTINUATION,,,,,True,True,True,0.8551,0.001807,track_b_cont
trackb_cont_EOSE_20260603,EOSE,2026-06-03,2026-08-02,,,,8.595,call,BULLISH,CONTINUATION,,,,,True,True,True,0.8548,0.000993,track_b_cont
trackb_cont_CORZ_20260603,CORZ,2026-06-03,2026-08-02,,,,29.22,call,BULLISH,CONTINUATION,,,,,True,True,True,0.8539,0.003379,track_b_cont
trackb_cont_KMX_20260603,KMX,2026-06-03,2026-08-02,,,,46.585,call,BULLISH,CONTINUATION,,,,,True,True,True,0.8538,0.002985,track_b_cont
trackb_cont_JBL_20260603,JBL,2026-06-03,2026-08-02,,,,380.9,call,BULLISH,CONTINUATION,,,,,True,True,True,0.8537,0.003116,track_b_cont
trackb_cont_LCUT_20260603,LCUT,2026-06-03,2026-08-02,,,,8.97,call,BULLISH,CONTINUATION,,,,,True,True,True,0.8529,0.002473,track_b_cont
trackb_cont_ZM_20260603,ZM,2026-06-03,2026-08-02,,,,105.99,call,BULLISH,CONTINUATION,,,,,True,True,True,0.8524,-0.006063,track_b_cont
trackb_cont_BDN_20260603,BDN,2026-06-03,2026-08-02,,,,3.055,call,BULLISH,CONTINUATION,,,,,True,True,True,0.8519,-8.5e-05,track_b_cont
trackb_cont_EFX_20260603,EFX,2026-06-03,2026-08-02,,,,167.585,call,BULLISH,CONTINUATION,,,,,True,True,True,0.8518,-0.00639,track_b_cont
trackb_cont_RHI_20260603,RHI,2026-06-03,2026-08-02,,,,29.525,call,BULLISH,CONTINUATION,,,,,True,True,True,0.8514,0.002276,track_b_cont
trackb_cont_MLAB_20260603,MLAB,2026-06-03,2026-08-02,,,,102.07,call,BULLISH,CONTINUATION,,,,,True,True,True,0.8511,-0.001575,track_b_cont
trackb_cont_GHI_20260603,GHI,2026-06-03,2026-08-02,,,,5.386,call,BULLISH,CONTINUATION,,,,,True,True,True,0.8511,-0.000145,track_b_cont
trackb_cont_LIND_20260603,LIND,2026-06-03,2026-08-02,,,,22.31,call,BULLISH,CONTINUATION,,,,,True,True,True,0.8492,0.001599,track_b_cont
trackb_cont_COLM_20260603,COLM,2026-06-03,2026-08-02,,,,65.71,call,BULLISH,CONTINUATION,,,,,True,True,True,0.8491,0.004219,track_b_cont
trackb_cont_ILPT_20260603,ILPT,2026-06-03,2026-08-02,,,,8.755,call,BULLISH,CONTINUATION,,,,,True,True,True,0.8488,0.001015,track_b_cont
trackb_cont_EA_20260603,EA,2026-06-03,2026-08-02,,,,202.54,call,BULLISH,CONTINUATION,,,,,True,True,True,0.8487,-0.004065,track_b_cont
trackb_cont_AMC_20260603,AMC,2026-06-03,2026-08-02,,,,1.875,call,BULLISH,CONTINUATION,,,,,True,True,True,0.8469,0.000255,track_b_cont
trackb_cont_AVT_20260603,AVT,2026-06-03,2026-08-02,,,,93.26,call,BULLISH,CONTINUATION,,,,,True,True,True,0.8466,0.00253,track_b_cont
trackb_cont_EIX_20260603,EIX,2026-06-03,2026-08-02,,,,72.345,call,BULLISH,CONTINUATION,,,,,True,True,True,0.8465,-0.000647,track_b_cont
trackb_cont_CCL_20260603,CCL,2026-06-03,2026-08-02,,,,27.385,call,BULLISH,CONTINUATION,,,,,True,True,True,0.8465,0.00092,track_b_cont
trackb_cont_CMC_20260603,CMC,2026-06-03,2026-08-02,,,,76.75,call,BULLISH,CONTINUATION,,,,,True,True,True,0.8457,0.002576,track_b_cont
trackb_cont_ARRY_20260603,ARRY,2026-06-03,2026-08-02,,,,8.885,call,BULLISH,CONTINUATION,,,,,True,True,True,0.8457,0.000158,track_b_cont
trackb_cont_OPEN_20260603,OPEN,2026-06-03,2026-08-02,,,,4.9,call,BULLISH,CONTINUATION,,,,,True,True,True,0.8456,-0.000306,track_b_cont
trackb_cont_IDT_20260603,IDT,2026-06-03,2026-08-02,,,,53.465,call,BULLISH,CONTINUATION,,,,,True,True,True,0.8452,0.000106,track_b_cont
trackb_cont_NSP_20260603,NSP,2026-06-03,2026-08-02,,,,34.11,call,BULLISH,CONTINUATION,,,,,True,True,True,0.8449,0.002837,track_b_cont
trackb_cont_DXCM_20260603,DXCM,2026-06-03,2026-08-02,,,,72.125,call,BULLISH,CONTINUATION,,,,,True,True,True,0.8448,0.014331,track_b_cont
trackb_cont_KOPN_20260603,KOPN,2026-06-03,2026-08-02,,,,6.145,call,BULLISH,CONTINUATION,,,,,True,True,True,0.8444,0.000342,track_b_cont
trackb_cont_NEU_20260603,NEU,2026-06-03,2026-08-02,,,,786.615,call,BULLISH,CONTINUATION,,,,,True,True,True,0.8438,0.073958,track_b_cont
trackb_cont_MSCI_20260603,MSCI,2026-06-03,2026-08-02,,,,622.0175,call,BULLISH,CONTINUATION,,,,,True,True,True,0.8437,0.022991,track_b_cont
trackb_cont_ASTI_20260603,ASTI,2026-06-03,2026-08-02,,,,7.9,call,BULLISH,CONTINUATION,,,,,True,True,True,0.8425,0.00227,track_b_cont
trackb_cont_UVV_20260603,UVV,2026-06-03,2026-08-02,,,,53.72,call,BULLISH,CONTINUATION,,,,,True,True,True,0.8412,-0.001129,track_b_cont
trackb_cont_SNOW_20260603,SNOW,2026-06-03,2026-08-02,,,,245.945,call,BULLISH,CONTINUATION,,,,,True,True,True,0.8397,0.071378,track_b_cont
trackb_cont_H_20260603,H,2026-06-03,2026-08-02,,,,185.66,call,BULLISH,CONTINUATION,,,,,True,True,True,0.8396,0.011655,track_b_cont
trackb_cont_RHP_20260603,RHP,2026-06-03,2026-08-02,,,,115.54,call,BULLISH,CONTINUATION,,,,,True,True,True,0.8392,0.004615,track_b_cont
trackb_cont_WRLD_20260603,WRLD,2026-06-03,2026-08-02,,,,166.0,call,BULLISH,CONTINUATION,,,,,True,True,True,0.8383,0.015345,track_b_cont
trackb_cont_EMN_20260603,EMN,2026-06-03,2026-08-02,,,,76.44,call,BULLISH,CONTINUATION,,,,,True,True,True,0.8381,-0.002377,track_b_cont
trackb_cont_CRI_20260603,CRI,2026-06-03,2026-08-02,,,,39.22,call,BULLISH,CONTINUATION,,,,,True,True,True,0.8379,0.004728,track_b_cont
trackb_cont_STGW_20260603,STGW,2026-06-03,2026-08-02,,,,6.625,call,BULLISH,CONTINUATION,,,,,True,True,True,0.8363,0.000469,track_b_cont
trackb_cont_RIOT_20260603,RIOT,2026-06-03,2026-08-02,,,,27.975,call,BULLISH,CONTINUATION,,,,,True,True,True,0.836,0.002727,track_b_cont
trackb_cont_ITGR_20260603,ITGR,2026-06-03,2026-08-02,,,,90.15,call,BULLISH,CONTINUATION,,,,,True,True,True,0.836,0.001909,track_b_cont
trackb_cont_BROS_20260603,BROS,2026-06-03,2026-08-02,,,,55.595,call,BULLISH,CONTINUATION,,,,,True,True,True,0.8354,0.001732,track_b_cont
trackb_cont_BIO_20260603,BIO,2026-06-03,2026-08-02,,,,303.69,call,BULLISH,CONTINUATION,,,,,True,True,True,0.8348,0.057306,track_b_cont
trackb_cont_XPO_20260603,XPO,2026-06-03,2026-08-02,,,,219.515,call,BULLISH,CONTINUATION,,,,,True,True,True,0.8346,0.004487,track_b_cont
trackb_cont_CROX_20260603,CROX,2026-06-03,2026-08-02,,,,118.78,call,BULLISH,CONTINUATION,,,,,True,True,True,0.8337,0.013651,track_b_cont
trackb_cont_SNDK_20260603,SNDK,2026-06-03,2026-08-02,,,,1780.285,call,BULLISH,CONTINUATION,,,,,True,True,True,0.8336,0.173221,track_b_cont
trackb_cont_PGNY_20260603,PGNY,2026-06-03,2026-08-02,,,,24.835,call,BULLISH,CONTINUATION,,,,,True,True,True,0.8327,0.004514,track_b_cont
trackb_cont_AP_20260603,AP,2026-06-03,2026-08-02,,,,11.64,call,BULLISH,CONTINUATION,,,,,True,True,True,0.8324,-0.00126,track_b_cont
trackb_cont_ASPN_20260603,ASPN,2026-06-03,2026-08-02,,,,5.875,call,BULLISH,CONTINUATION,,,,,True,True,True,0.8322,0.001165,track_b_cont
trackb_cont_EVR_20260603,EVR,2026-06-03,2026-08-02,,,,340.69,call,BULLISH,CONTINUATION,,,,,True,True,True,0.832,0.002838,track_b_cont
trackb_cont_VISN_20260603,VISN,2026-06-03,2026-08-02,,,,12.2,call,BULLISH,CONTINUATION,,,,,True,True,True,0.8319,0.000107,track_b_cont
trackb_cont_EIG_20260603,EIG,2026-06-03,2026-08-02,,,,43.415,call,BULLISH,CONTINUATION,,,,,True,True,True,0.831,0.001898,track_b_cont
trackb_cont_CBZ_20260603,CBZ,2026-06-03,2026-08-02,,,,31.72,call,BULLISH,CONTINUATION,,,,,True,True,True,0.831,0.002191,track_b_cont
trackb_cont_XIFR_20260603,XIFR,2026-06-03,2026-08-02,,,,12.6,call,BULLISH,CONTINUATION,,,,,True,True,True,0.8304,0.000417,track_b_cont
trackb_cont_CHRW_20260603,CHRW,2026-06-03,2026-08-02,,,,181.36,call,BULLISH,CONTINUATION,,,,,True,True,True,0.8302,0.010293,track_b_cont
trackb_cont_RFIL_20260603,RFIL,2026-06-03,2026-08-02,,,,18.555,call,BULLISH,CONTINUATION,,,,,True,True,True,0.8293,0.002294,track_b_cont
trackb_cont_GNRC_20260603,GNRC,2026-06-03,2026-08-02,,,,287.39,call,BULLISH,CONTINUATION,,,,,True,True,True,0.8286,-0.006876,track_b_cont
trackb_cont_SAIA_20260603,SAIA,2026-06-03,2026-08-02,,,,461.91,call,BULLISH,CONTINUATION,,,,,True,True,True,0.8278,0.023303,track_b_cont
trackb_cont_BEPC_20260603,BEPC,2026-06-03,2026-08-02,,,,40.3199,call,BULLISH,CONTINUATION,,,,,True,True,True,0.8274,0.00142,track_b_cont
trackb_cont_UNFI_20260603,UNFI,2026-06-03,2026-08-02,,,,51.88,call,BULLISH,CONTINUATION,,,,,True,True,True,0.8263,-0.001826,track_b_cont
trackb_cont_EVC_20260603,EVC,2026-06-03,2026-08-02,,,,8.57,call,BULLISH,CONTINUATION,,,,,True,True,True,0.8244,0.002303,track_b_cont
trackb_cont_STUB_20260603,STUB,2026-06-03,2026-08-02,,,,9.585,call,BULLISH,CONTINUATION,,,,,True,True,True,0.8241,0.00254,track_b_cont
trackb_cont_CTAS_20260603,CTAS,2026-06-03,2026-08-02,,,,173.55,call,BULLISH,CONTINUATION,,,,,True,True,True,0.8239,0.0029,track_b_cont
trackb_cont_DEVS_20260603,DEVS,2026-06-03,2026-08-02,,,,0.7962,call,BULLISH,CONTINUATION,,,,,True,True,True,0.8235,6.3e-05,track_b_cont
trackb_cont_WMK_20260603,WMK,2026-06-03,2026-08-02,,,,75.4,call,BULLISH,CONTINUATION,,,,,True,True,True,0.8234,0.002317,track_b_cont
trackb_cont_ARR_20260603,ARR,2026-06-03,2026-08-02,,,,17.08,call,BULLISH,CONTINUATION,,,,,True,True,True,0.8233,-0.000886,track_b_cont
trackb_cont_WY_20260603,WY,2026-06-03,2026-08-02,,,,24.53,call,BULLISH,CONTINUATION,,,,,True,True,True,0.822,-3.7e-05,track_b_cont
trackb_cont_QS_20260603,QS,2026-06-03,2026-08-02,,,,8.8499,call,BULLISH,CONTINUATION,,,,,True,True,True,0.8214,0.000704,track_b_cont
trackb_cont_HZO_20260603,HZO,2026-06-03,2026-08-02,,,,34.56,call,BULLISH,CONTINUATION,,,,,True,True,True,0.821,0.001959,track_b_cont
trackb_cont_MOD_20260603,MOD,2026-06-03,2026-08-02,,,,308.74,call,BULLISH,CONTINUATION,,,,,True,True,True,0.8201,-0.009696,track_b_cont
trackb_cont_HGV_20260603,HGV,2026-06-03,2026-08-02,,,,50.64,call,BULLISH,CONTINUATION,,,,,True,True,True,0.8199,0.003939,track_b_cont
trackb_cont_FVR_20260603,FVR,2026-06-03,2026-08-02,,,,17.97,call,BULLISH,CONTINUATION,,,,,True,True,True,0.8189,-0.000498,track_b_cont
trackb_cont_ULCC_20260603,ULCC,2026-06-03,2026-08-02,,,,5.7,call,BULLISH,CONTINUATION,,,,,True,True,True,0.8184,0.000591,track_b_cont
trackb_cont_HLT_20260603,HLT,2026-06-03,2026-08-02,,,,333.54,call,BULLISH,CONTINUATION,,,,,True,True,True,0.8169,0.007752,track_b_cont
trackb_cont_ESS_20260603,ESS,2026-06-03,2026-08-02,,,,279.42,call,BULLISH,CONTINUATION,,,,,True,True,True,0.8162,0.003977,track_b_cont
trackb_cont_BBGI_20260603,BBGI,2026-06-03,2026-08-02,,,,19.06,call,BULLISH,CONTINUATION,,,,,True,True,True,0.8154,-0.002328,track_b_cont
trackb_cont_CNM_20260603,CNM,2026-06-03,2026-08-02,,,,51.28,call,BULLISH,CONTINUATION,,,,,True,True,True,0.815,-0.001653,track_b_cont
trackb_cont_FC_20260603,FC,2026-06-03,2026-08-02,,,,23.145,call,BULLISH,CONTINUATION,,,,,True,True,True,0.8147,0.001436,track_b_cont
trackb_cont_FPH_20260603,FPH,2026-06-03,2026-08-02,,,,4.97,call,BULLISH,CONTINUATION,,,,,True,True,True,0.8142,7e-06,track_b_cont
trackb_cont_MHK_20260603,MHK,2026-06-03,2026-08-02,,,,104.545,call,BULLISH,CONTINUATION,,,,,True,True,True,0.8132,0.002562,track_b_cont
trackb_cont_DE_20260603,DE,2026-06-03,2026-08-02,,,,589.68,call,BULLISH,CONTINUATION,,,,,True,True,True,0.8131,-0.062424,track_b_cont
trackb_cont_PLUG_20260603,PLUG,2026-06-03,2026-08-02,,,,3.8132,call,BULLISH,CONTINUATION,,,,,True,True,True,0.8125,0.000396,track_b_cont
trackb_cont_VRSK_20260603,VRSK,2026-06-03,2026-08-02,,,,177.96,call,BULLISH,CONTINUATION,,,,,True,True,True,0.8123,0.001592,track_b_cont
trackb_cont_UNM_20260603,UNM,2026-06-03,2026-08-02,,,,83.155,call,BULLISH,CONTINUATION,,,,,True,True,True,0.8123,0.001656,track_b_cont
trackb_cont_NWPX_20260603,NWPX,2026-06-03,2026-08-02,,,,119.9565,call,BULLISH,CONTINUATION,,,,,True,True,True,0.8106,0.002352,track_b_cont
trackb_cont_APLD_20260603,APLD,2026-06-03,2026-08-02,,,,46.11,call,BULLISH,CONTINUATION,,,,,True,True,True,0.8096,0.00305,track_b_cont
trackb_cont_BIPC_20260603,BIPC,2026-06-03,2026-08-02,,,,40.98,call,BULLISH,CONTINUATION,,,,,True,True,True,0.8095,0.002204,track_b_cont
trackb_cont_FCEL_20260603,FCEL,2026-06-03,2026-08-02,,,,22.63,call,BULLISH,CONTINUATION,,,,,True,True,True,0.809,0.008657,track_b_cont
trackb_cont_JRSH_20260603,JRSH,2026-06-03,2026-08-02,,,,3.41,call,BULLISH,CONTINUATION,,,,,True,True,True,0.8089,-8.1e-05,track_b_cont
trackb_cont_IRDM_20260603,IRDM,2026-06-03,2026-08-02,,,,51.1,call,BULLISH,CONTINUATION,,,,,True,True,True,0.8087,0.008409,track_b_cont
trackb_cont_WFC_20260603,WFC,2026-06-03,2026-08-02,,,,77.98,call,BULLISH,CONTINUATION,,,,,True,True,True,0.8086,-0.001323,track_b_cont
trackb_cont_LEGH_20260603,LEGH,2026-06-03,2026-08-02,,,,23.165,call,BULLISH,CONTINUATION,,,,,True,True,True,0.8084,0.001439,track_b_cont
trackb_cont_IBKR_20260603,IBKR,2026-06-03,2026-08-02,,,,87.825,call,BULLISH,CONTINUATION,,,,,True,True,True,0.808,-0.00309,track_b_cont
trackb_cont_ZBRA_20260603,ZBRA,2026-06-03,2026-08-02,,,,246.25,call,BULLISH,CONTINUATION,,,,,True,True,True,0.8078,0.011362,track_b_cont
trackb_cont_GE_20260603,GE,2026-06-03,2026-08-02,,,,316.15,call,BULLISH,CONTINUATION,,,,,True,True,True,0.8075,0.014983,track_b_cont
trackb_cont_MMI_20260603,MMI,2026-06-03,2026-08-02,,,,28.89,call,BULLISH,CONTINUATION,,,,,True,True,True,0.8065,-0.001554,track_b_cont
trackb_cont_BNY_20260603,BNY,2026-06-03,2026-08-02,,,,139.91,call,BULLISH,CONTINUATION,,,,,True,True,True,0.8064,0.005279,track_b_cont
trackb_cont_NTGR_20260603,NTGR,2026-06-03,2026-08-02,,,,26.14,call,BULLISH,CONTINUATION,,,,,True,True,True,0.8064,-0.000719,track_b_cont
trackb_cont_PII_20260603,PII,2026-06-03,2026-08-02,,,,68.3,call,BULLISH,CONTINUATION,,,,,True,True,True,0.8057,0.000506,track_b_cont
trackb_cont_URI_20260603,URI,2026-06-03,2026-08-02,,,,1030.52,call,BULLISH,CONTINUATION,,,,,True,True,True,0.8057,0.003223,track_b_cont
trackb_cont_KELYA_20260603,KELYA,2026-06-03,2026-08-02,,,,11.39,call,BULLISH,CONTINUATION,,,,,True,True,True,0.8053,0.001514,track_b_cont
trackb_cont_AWR_20260603,AWR,2026-06-03,2026-08-02,,,,77.21,call,BULLISH,CONTINUATION,,,,,True,True,True,0.8041,-0.001666,track_b_cont
trackb_cont_OPAL_20260603,OPAL,2026-06-03,2026-08-02,,,,2.255,call,BULLISH,CONTINUATION,,,,,True,True,True,0.8039,-6.3e-05,track_b_cont
trackb_cont_CMCO_20260603,CMCO,2026-06-03,2026-08-02,,,,15.16,call,BULLISH,CONTINUATION,,,,,True,True,True,0.8039,-0.00044,track_b_cont
trackb_cont_MP_20260603,MP,2026-06-03,2026-08-02,,,,68.66,call,BULLISH,CONTINUATION,,,,,True,True,True,0.8037,-0.004318,track_b_cont
trackb_cont_FBIN_20260603,FBIN,2026-06-03,2026-08-02,,,,38.8,call,BULLISH,CONTINUATION,,,,,True,True,True,0.8037,-0.000401,track_b_cont
trackb_cont_DOC_20260603,DOC,2026-06-03,2026-08-02,,,,19.335,call,BULLISH,CONTINUATION,,,,,True,True,True,0.8036,0.000431,track_b_cont
trackb_cont_TLYS_20260603,TLYS,2026-06-03,2026-08-02,,,,4.47,call,BULLISH,CONTINUATION,,,,,True,True,True,0.8017,0.000248,track_b_cont
trackb_cont_MGM_20260603,MGM,2026-06-03,2026-08-02,,,,47.79,call,BULLISH,CONTINUATION,,,,,True,True,True,0.8015,0.004035,track_b_cont
trackb_cont_AVTR_20260603,AVTR,2026-06-03,2026-08-02,,,,8.87,call,BULLISH,CONTINUATION,,,,,True,True,True,0.8006,0.000297,track_b_cont
trackb_cont_TALK_20260603,TALK,2026-06-03,2026-08-02,,,,5.22,call,BULLISH,CONTINUATION,,,,,True,True,True,0.8,-0.000118,track_b_cont
trackb_cont_QCOM_20260603,QCOM,2026-06-03,2026-08-02,,,,250.08,call,BULLISH,CONTINUATION,,,,,True,True,True,0.7994,0.030029,track_b_cont
trackb_cont_EXP_20260603,EXP,2026-06-03,2026-08-02,,,,218.27,call,BULLISH,CONTINUATION,,,,,True,True,True,0.7988,0.000236,track_b_cont
trackb_cont_OLOX_20260603,OLOX,2026-06-03,2026-08-02,,,,9.49,call,BULLISH,CONTINUATION,,,,,True,True,True,0.7986,0.00153,track_b_cont
trackb_cont_PFGC_20260603,PFGC,2026-06-03,2026-08-02,,,,96.82,call,BULLISH,CONTINUATION,,,,,True,True,True,0.7984,0.001185,track_b_cont
trackb_cont_MAN_20260603,MAN,2026-06-03,2026-08-02,,,,30.46,call,BULLISH,CONTINUATION,,,,,True,True,True,0.7983,0.00123,track_b_cont
trackb_cont_MTH_20260603,MTH,2026-06-03,2026-08-02,,,,67.28,call,BULLISH,CONTINUATION,,,,,True,True,True,0.7979,0.001151,track_b_cont
trackb_cont_LITE_20260603,LITE,2026-06-03,2026-08-02,,,,964.75,call,BULLISH,CONTINUATION,,,,,True,True,True,0.7974,-0.108775,track_b_cont
trackb_cont_IVT_20260603,IVT,2026-06-03,2026-08-02,,,,32.745,call,BULLISH,CONTINUATION,,,,,True,True,True,0.7972,0.000969,track_b_cont
trackb_cont_ZD_20260603,ZD,2026-06-03,2026-08-02,,,,44.675,call,BULLISH,CONTINUATION,,,,,True,True,True,0.7967,0.001272,track_b_cont
trackb_cont_NRGV_20260603,NRGV,2026-06-03,2026-08-02,,,,6.07,call,BULLISH,CONTINUATION,,,,,True,True,True,0.7962,1.5e-05,track_b_cont
trackb_cont_AZTA_20260603,AZTA,2026-06-03,2026-08-02,,,,23.945,call,BULLISH,CONTINUATION,,,,,True,True,True,0.7962,0.002022,track_b_cont
trackb_cont_BBAI_20260603,BBAI,2026-06-03,2026-08-02,,,,4.7827,call,BULLISH,CONTINUATION,,,,,True,True,True,0.7953,0.000295,track_b_cont
trackb_cont_LINE_20260603,LINE,2026-06-03,2026-08-02,,,,41.69,call,BULLISH,CONTINUATION,,,,,True,True,True,0.7951,0.003542,track_b_cont
trackb_cont_PRKS_20260603,PRKS,2026-06-03,2026-08-02,,,,38.33,call,BULLISH,CONTINUATION,,,,,True,True,True,0.7945,0.001857,track_b_cont
trackb_cont_ENS_20260603,ENS,2026-06-03,2026-08-02,,,,238.715,call,BULLISH,CONTINUATION,,,,,True,True,True,0.7942,-0.003638,track_b_cont
trackb_cont_ARQ_20260603,ARQ,2026-06-03,2026-08-02,,,,2.655,call,BULLISH,CONTINUATION,,,,,True,True,True,0.7937,1.5e-05,track_b_cont
trackb_cont_W_20260603,W,2026-06-03,2026-08-02,,,,68.5675,call,BULLISH,CONTINUATION,,,,,True,True,True,0.7924,0.006568,track_b_cont
trackb_cont_ADI_20260603,ADI,2026-06-03,2026-08-02,,,,431.22,call,BULLISH,CONTINUATION,,,,,True,True,True,0.7915,-0.020079,track_b_cont
trackb_cont_NTAP_20260603,NTAP,2026-06-03,2026-08-02,,,,179.3,call,BULLISH,CONTINUATION,,,,,True,True,True,0.7914,0.03633,track_b_cont
trackb_cont_OMDA_20260603,OMDA,2026-06-03,2026-08-02,,,,17.3699,call,BULLISH,CONTINUATION,,,,,True,True,True,0.7914,0.001371,track_b_cont
trackb_cont_RPM_20260603,RPM,2026-06-03,2026-08-02,,,,104.39,call,BULLISH,CONTINUATION,,,,,True,True,True,0.7913,0.001748,track_b_cont
trackb_cont_CNC_20260603,CNC,2026-06-03,2026-08-02,,,,58.73,call,BULLISH,CONTINUATION,,,,,True,True,True,0.7911,0.002119,track_b_cont
trackb_cont_RGP_20260603,RGP,2026-06-03,2026-08-02,,,,4.465,call,BULLISH,CONTINUATION,,,,,True,True,True,0.7898,8.5e-05,track_b_cont
trackb_cont_FITB_20260603,FITB,2026-06-03,2026-08-02,,,,49.65,call,BULLISH,CONTINUATION,,,,,True,True,True,0.7888,-0.000684,track_b_cont
trackb_cont_MYE_20260603,MYE,2026-06-03,2026-08-02,,,,23.55,call,BULLISH,CONTINUATION,,,,,True,True,True,0.7885,0.000272,track_b_cont
trackb_cont_AHRT_20260603,AHRT,2026-06-03,2026-08-02,,,,6.6001,call,BULLISH,CONTINUATION,,,,,True,True,True,0.7885,0.00037,track_b_cont
trackb_cont_WDAY_20260603,WDAY,2026-06-03,2026-08-02,,,,144.25,call,BULLISH,CONTINUATION,,,,,True,True,True,0.7882,0.009774,track_b_cont
trackb_cont_CURB_20260603,CURB,2026-06-03,2026-08-02,,,,28.94,call,BULLISH,CONTINUATION,,,,,True,True,True,0.7873,0.000654,track_b_cont
trackb_cont_XOS_20260603,XOS,2026-06-03,2026-08-02,,,,6.2186,call,BULLISH,CONTINUATION,,,,,True,True,True,0.7862,0.000292,track_b_cont
trackb_cont_MGNI_20260603,MGNI,2026-06-03,2026-08-02,,,,14.09,call,BULLISH,CONTINUATION,,,,,True,True,True,0.7862,0.000233,track_b_cont
trackb_cont_HSIC_20260603,HSIC,2026-06-03,2026-08-02,,,,75.985,call,BULLISH,CONTINUATION,,,,,True,True,True,0.7859,0.002874,track_b_cont
trackb_cont_VGZ_20260603,VGZ,2026-06-03,2026-08-02,,,,2.315,call,BULLISH,CONTINUATION,,,,,True,True,True,0.7857,-1.9e-05,track_b_cont
trackb_cont_DECK_20260603,DECK,2026-06-03,2026-08-02,,,,106.805,call,BULLISH,CONTINUATION,,,,,True,True,True,0.7857,0.010741,track_b_cont
trackb_cont_NOW_20260603,NOW,2026-06-03,2026-08-02,,,,119.96,call,BULLISH,CONTINUATION,,,,,True,True,True,0.7852,0.023492,track_b_cont
trackb_cont_GLW_20260603,GLW,2026-06-03,2026-08-02,,,,200.43,call,BULLISH,CONTINUATION,,,,,True,True,True,0.7847,-0.00644,track_b_cont
trackb_cont_EPSM_20260603,EPSM,2026-06-03,2026-08-02,,,,1.6,call,BULLISH,CONTINUATION,,,,,True,True,True,0.7838,-7.2e-05,track_b_cont
trackb_cont_FLYX_20260603,FLYX,2026-06-03,2026-08-02,,,,2.54,call,BULLISH,CONTINUATION,,,,,True,True,True,0.7829,0.000257,track_b_cont
trackb_cont_AVAV_20260603,AVAV,2026-06-03,2026-08-02,,,,192.22,call,BULLISH,CONTINUATION,,,,,True,True,True,0.7827,0.019079,track_b_cont
trackb_cont_WAT_20260603,WAT,2026-06-03,2026-08-02,,,,376.62,call,BULLISH,CONTINUATION,,,,,True,True,True,0.7826,0.010046,track_b_cont
trackb_cont_PL_20260603,PL,2026-06-03,2026-08-02,,,,44.605,call,BULLISH,CONTINUATION,,,,,True,True,True,0.7819,0.008225,track_b_cont
trackb_cont_FDS_20260603,FDS,2026-06-03,2026-08-02,,,,253.33,call,BULLISH,CONTINUATION,,,,,True,True,True,0.78,0.024946,track_b_cont
trackb_cont_EVGO_20260603,EVGO,2026-06-03,2026-08-02,,,,2.26,call,BULLISH,CONTINUATION,,,,,True,True,True,0.7792,5.7e-05,track_b_cont
trackb_cont_VICR_20260603,VICR,2026-06-03,2026-08-02,,,,327.25,call,BULLISH,CONTINUATION,,,,,True,True,True,0.7789,0.028219,track_b_cont
trackb_cont_AIV_20260603,AIV,2026-06-03,2026-08-02,,,,4.275,call,BULLISH,CONTINUATION,,,,,True,True,True,0.7778,-0.000136,track_b_cont
trackb_cont_ASTS_20260603,ASTS,2026-06-03,2026-08-02,,,,108.95,call,BULLISH,CONTINUATION,,,,,True,True,True,0.7772,0.045941,track_b_cont
trackb_cont_CRM_20260603,CRM,2026-06-03,2026-08-02,,,,191.065,call,BULLISH,CONTINUATION,,,,,True,True,True,0.7766,0.004924,track_b_cont
trackb_cont_RMR_20260603,RMR,2026-06-03,2026-08-02,,,,19.81,call,BULLISH,CONTINUATION,,,,,True,True,True,0.7731,0.000323,track_b_cont
trackb_cont_FDX_20260603,FDX,2026-06-03,2026-08-02,,,,327.65,call,BULLISH,CONTINUATION,,,,,True,True,True,0.773,0.021778,track_b_cont
trackb_cont_PKG_20260603,PKG,2026-06-03,2026-08-02,,,,225.17,call,BULLISH,CONTINUATION,,,,,True,True,True,0.7728,-0.011292,track_b_cont
trackb_cont_HUN_20260603,HUN,2026-06-03,2026-08-02,,,,14.84,call,BULLISH,CONTINUATION,,,,,True,True,True,0.7725,-0.000246,track_b_cont
trackb_cont_LEN_20260603,LEN,2026-06-03,2026-08-02,,,,89.18,call,BULLISH,CONTINUATION,,,,,True,True,True,0.7714,0.001235,track_b_cont
trackb_cont_TOL_20260603,TOL,2026-06-03,2026-08-02,,,,136.88,call,BULLISH,CONTINUATION,,,,,True,True,True,0.7708,-0.001933,track_b_cont
trackb_cont_HPE_20260603,HPE,2026-06-03,2026-08-02,,,,54.91,call,BULLISH,CONTINUATION,,,,,True,True,True,0.7705,0.010763,track_b_cont
trackb_cont_EXPD_20260603,EXPD,2026-06-03,2026-08-02,,,,159.46,call,BULLISH,CONTINUATION,,,,,True,True,True,0.77,0.004497,track_b_cont
trackb_cont_VEEV_20260603,VEEV,2026-06-03,2026-08-02,,,,176.305,call,BULLISH,CONTINUATION,,,,,True,True,True,0.7694,0.001113,track_b_cont
trackb_cont_ABBV_20260603,ABBV,2026-06-03,2026-08-02,,,,218.64,call,BULLISH,CONTINUATION,,,,,True,True,True,0.7694,0.006111,track_b_cont
trackb_cont_D_20260603,D,2026-06-03,2026-08-02,,,,66.59,call,BULLISH,CONTINUATION,,,,,True,True,True,0.7687,0.004984,track_b_cont
trackb_cont_SOLS_20260603,SOLS,2026-06-03,2026-08-02,,,,88.65,call,BULLISH,CONTINUATION,,,,,True,True,True,0.7678,-0.002053,track_b_cont
trackb_cont_CAKE_20260603,CAKE,2026-06-03,2026-08-02,,,,65.19,call,BULLISH,CONTINUATION,,,,,True,True,True,0.7657,0.002842,track_b_cont
trackb_cont_GM_20260603,GM,2026-06-03,2026-08-02,,,,82.97,call,BULLISH,CONTINUATION,,,,,True,True,True,0.7656,0.002353,track_b_cont
trackb_cont_BBY_20260603,BBY,2026-06-03,2026-08-02,,,,71.22,call,BULLISH,CONTINUATION,,,,,True,True,True,0.7654,0.011299,track_b_cont
trackb_cont_CLSK_20260603,CLSK,2026-06-03,2026-08-02,,,,17.69,call,BULLISH,CONTINUATION,,,,,True,True,True,0.7651,0.004002,track_b_cont
trackb_cont_LUMN_20260603,LUMN,2026-06-03,2026-08-02,,,,10.095,call,BULLISH,CONTINUATION,,,,,True,True,True,0.7651,0.000975,track_b_cont
trackb_cont_XMAX_20260603,XMAX,2026-06-03,2026-08-02,,,,8.58,call,BULLISH,CONTINUATION,,,,,True,True,True,0.7642,-4.4e-05,track_b_cont
trackb_cont_PHR_20260603,PHR,2026-06-03,2026-08-02,,,,9.66,call,BULLISH,CONTINUATION,,,,,True,True,True,0.7638,-0.000338,track_b_cont
trackb_cont_SLG_20260603,SLG,2026-06-03,2026-08-02,,,,44.23,call,BULLISH,CONTINUATION,,,,,True,True,True,0.7629,-0.001245,track_b_cont
trackb_cont_DAL_20260603,DAL,2026-06-03,2026-08-02,,,,79.04,call,BULLISH,CONTINUATION,,,,,True,True,True,0.7629,0.007319,track_b_cont
trackb_cont_RRR_20260603,RRR,2026-06-03,2026-08-02,,,,56.75,call,BULLISH,CONTINUATION,,,,,True,True,True,0.7625,0.003208,track_b_cont
trackb_cont_U_20260603,U,2026-06-03,2026-08-02,,,,29.195,call,BULLISH,CONTINUATION,,,,,True,True,True,0.7617,0.00049,track_b_cont
trackb_cont_NXT_20260603,NXT,2026-06-03,2026-08-02,,,,146.45,call,BULLISH,CONTINUATION,,,,,True,True,True,0.7615,0.006495,track_b_cont
trackb_cont_DHI_20260603,DHI,2026-06-03,2026-08-02,,,,145.0,call,BULLISH,CONTINUATION,,,,,True,True,True,0.7606,-0.002231,track_b_cont
trackb_cont_DLTR_20260603,DLTR,2026-06-03,2026-08-02,,,,110.335,call,BULLISH,CONTINUATION,,,,,True,True,True,0.7584,0.010017,track_b_cont
trackb_cont_SILA_20260603,SILA,2026-06-03,2026-08-02,,,,30.245,call,BULLISH,CONTINUATION,,,,,True,True,True,0.7572,-0.000654,track_b_cont
trackb_cont_INSE_20260603,INSE,2026-06-03,2026-08-02,,,,7.55,call,BULLISH,CONTINUATION,,,,,True,True,True,0.7569,-0.000135,track_b_cont
trackb_cont_CRSR_20260603,CRSR,2026-06-03,2026-08-02,,,,10.685,call,BULLISH,CONTINUATION,,,,,True,True,True,0.7562,0.002466,track_b_cont
trackb_cont_COLD_20260603,COLD,2026-06-03,2026-08-02,,,,14.755,call,BULLISH,CONTINUATION,,,,,True,True,True,0.7547,0.001004,track_b_cont
trackb_cont_MMM_20260603,MMM,2026-06-03,2026-08-02,,,,153.03,call,BULLISH,CONTINUATION,,,,,True,True,True,0.7539,0.007561,track_b_cont
trackb_cont_BE_20260603,BE,2026-06-03,2026-08-02,,,,289.695,call,BULLISH,CONTINUATION,,,,,True,True,True,0.7536,0.003212,track_b_cont
trackb_cont_IT_20260603,IT,2026-06-03,2026-08-02,,,,165.11,call,BULLISH,CONTINUATION,,,,,True,True,True,0.7536,0.01185,track_b_cont
trackb_cont_TKO_20260603,TKO,2026-06-03,2026-08-02,,,,198.835,call,BULLISH,CONTINUATION,,,,,True,True,True,0.753,0.007561,track_b_cont
trackb_cont_CIA_20260603,CIA,2026-06-03,2026-08-02,,,,5.19,call,BULLISH,CONTINUATION,,,,,True,True,True,0.7525,-0.000437,track_b_cont
trackb_cont_UHAL-B_20260603,UHAL-B,2026-06-03,2026-08-02,,,,49.52,call,BULLISH,CONTINUATION,,,,,True,True,True,0.7509,0.000632,track_b_cont
trackb_cont_KRC_20260603,KRC,2026-06-03,2026-08-02,,,,34.52,call,BULLISH,CONTINUATION,,,,,True,True,True,0.7508,-0.00099,track_b_cont
trackb_cont_HUBS_20260603,HUBS,2026-06-03,2026-08-02,,,,222.02,call,BULLISH,CONTINUATION,,,,,True,True,True,0.7507,-0.001828,track_b_cont
trackb_cont_PHIN_20260603,PHIN,2026-06-03,2026-08-02,,,,80.07,call,BULLISH,CONTINUATION,,,,,True,True,True,0.7504,-0.004878,track_b_cont
trackb_cont_TEAM_20260603,TEAM,2026-06-03,2026-08-02,,,,101.4401,call,BULLISH,CONTINUATION,,,,,True,True,True,0.7504,0.005674,track_b_cont
trackb_cont_NGVC_20260603,NGVC,2026-06-03,2026-08-02,,,,28.625,call,BULLISH,CONTINUATION,,,,,True,True,True,0.7501,0.001258,track_b_cont
trackb_cont_CCO_20260603,CCO,2026-06-03,2026-08-02,,,,2.405,call,BULLISH,CONTINUATION,,,,,True,True,True,0.75,-4.4e-05,track_b_cont
trackb_cont_ALGT_20260603,ALGT,2026-06-03,2026-08-02,,,,84.76,call,BULLISH,CONTINUATION,,,,,True,True,True,0.75,0.00669,track_b_cont
trackb_cont_BTSG_20260603,BTSG,2026-06-03,2026-08-02,,,,60.5,call,BULLISH,CONTINUATION,,,,,True,True,True,0.7498,0.004689,track_b_cont
trackb_cont_PRSU_20260603,PRSU,2026-06-03,2026-08-02,,,,43.51,call,BULLISH,CONTINUATION,,,,,True,True,True,0.7495,0.00265,track_b_cont
trackb_cont_BURL_20260603,BURL,2026-06-03,2026-08-02,,,,328.95,call,BULLISH,CONTINUATION,,,,,True,True,True,0.7493,0.011519,track_b_cont
trackb_cont_CAT_20260603,CAT,2026-06-03,2026-08-02,,,,930.7,call,BULLISH,CONTINUATION,,,,,True,True,True,0.749,-0.05177,track_b_cont
trackb_cont_YETI_20260603,YETI,2026-06-03,2026-08-02,,,,47.26,call,BULLISH,CONTINUATION,,,,,True,True,True,0.7488,0.005784,track_b_cont
trackb_cont_CPB_20260603,CPB,2026-06-03,2026-08-02,,,,21.58,call,BULLISH,CONTINUATION,,,,,True,True,True,0.7487,-0.000606,track_b_cont
trackb_cont_PSMT_20260603,PSMT,2026-06-03,2026-08-02,,,,171.1,call,BULLISH,CONTINUATION,,,,,True,True,True,0.7484,0.009427,track_b_cont
trackb_cont_AXTA_20260603,AXTA,2026-06-03,2026-08-02,,,,31.26,call,BULLISH,CONTINUATION,,,,,True,True,True,0.7479,0.001645,track_b_cont
trackb_cont_FICO_20260603,FICO,2026-06-03,2026-08-02,,,,1161.21,call,BULLISH,CONTINUATION,,,,,True,True,True,0.7471,0.190681,track_b_cont
trackb_cont_OKLO_20260603,OKLO,2026-06-03,2026-08-02,,,,65.3399,call,BULLISH,CONTINUATION,,,,,True,True,True,0.747,-0.00863,track_b_cont
trackb_cont_SDGR_20260603,SDGR,2026-06-03,2026-08-02,,,,14.69,call,BULLISH,CONTINUATION,,,,,True,True,True,0.7461,0.000913,track_b_cont
trackb_cont_BTOC_20260603,BTOC,2026-06-03,2026-08-02,,,,0.3429,call,BULLISH,CONTINUATION,,,,,True,True,True,0.7459,1.9e-05,track_b_cont
trackb_cont_HPQ_20260603,HPQ,2026-06-03,2026-08-02,,,,26.34,call,BULLISH,CONTINUATION,,,,,True,True,True,0.7457,0.004112,track_b_cont
trackb_cont_NBIX_20260603,NBIX,2026-06-03,2026-08-02,,,,163.52,call,BULLISH,CONTINUATION,,,,,True,True,True,0.7452,0.004275,track_b_cont
trackb_cont_PATH_20260603,PATH,2026-06-03,2026-08-02,,,,11.57,call,BULLISH,CONTINUATION,,,,,True,True,True,0.745,0.001029,track_b_cont
trackb_cont_IQV_20260603,IQV,2026-06-03,2026-08-02,,,,176.0,call,BULLISH,CONTINUATION,,,,,True,True,True,0.745,-0.003562,track_b_cont
trackb_cont_AMKR_20260603,AMKR,2026-06-03,2026-08-02,,,,76.07,call,BULLISH,CONTINUATION,,,,,True,True,True,0.7444,-0.007548,track_b_cont
trackb_cont_FUL_20260603,FUL,2026-06-03,2026-08-02,,,,62.505,call,BULLISH,CONTINUATION,,,,,True,True,True,0.7442,-0.000745,track_b_cont
trackb_cont_F_20260603,F,2026-06-03,2026-08-02,,,,15.805,call,BULLISH,CONTINUATION,,,,,True,True,True,0.7439,0.003475,track_b_cont
trackb_cont_HNGE_20260603,HNGE,2026-06-03,2026-08-02,,,,58.3,call,BULLISH,CONTINUATION,,,,,True,True,True,0.7431,0.001336,track_b_cont
trackb_cont_RVTY_20260603,RVTY,2026-06-03,2026-08-02,,,,101.38,call,BULLISH,CONTINUATION,,,,,True,True,True,0.7417,0.000461,track_b_cont
trackb_cont_BG_20260603,BG,2026-06-03,2026-08-02,,,,133.98,call,BULLISH,CONTINUATION,,,,,True,True,True,0.7411,-0.006027,track_b_cont
trackb_cont_ZONE_20260603,ZONE,2026-06-03,2026-08-02,,,,0.7607,call,BULLISH,CONTINUATION,,,,,True,True,True,0.7411,0.000401,track_b_cont
trackb_cont_XRN_20260603,XRN,2026-06-03,2026-08-02,,,,35.61,call,BULLISH,CONTINUATION,,,,,True,True,True,0.741,0.002094,track_b_cont
trackb_cont_CBRL_20260603,CBRL,2026-06-03,2026-08-02,,,,33.32,call,BULLISH,CONTINUATION,,,,,True,True,True,0.7406,0.002697,track_b_cont
trackb_cont_BAH_20260603,BAH,2026-06-03,2026-08-02,,,,78.26,call,BULLISH,CONTINUATION,,,,,True,True,True,0.7403,0.003714,track_b_cont
trackb_cont_BYD_20260603,BYD,2026-06-03,2026-08-02,,,,85.71,call,BULLISH,CONTINUATION,,,,,True,True,True,0.736,-0.003528,track_b_cont
trackb_cont_ARES_20260603,ARES,2026-06-03,2026-08-02,,,,121.9,call,BULLISH,CONTINUATION,,,,,True,True,True,0.7356,-0.001142,track_b_cont
trackb_cont_ONL_20260603,ONL,2026-06-03,2026-08-02,,,,2.915,call,BULLISH,CONTINUATION,,,,,True,True,True,0.7353,2.8e-05,track_b_cont
trackb_cont_UNF_20260603,UNF,2026-06-03,2026-08-02,,,,264.575,call,BULLISH,CONTINUATION,,,,,True,True,True,0.7349,0.00678,track_b_cont
trackb_cont_UHAL_20260603,UHAL,2026-06-03,2026-08-02,,,,55.4004,call,BULLISH,CONTINUATION,,,,,True,True,True,0.7349,0.002092,track_b_cont
trackb_cont_TMO_20260603,TMO,2026-06-03,2026-08-02,,,,472.57,call,BULLISH,CONTINUATION,,,,,True,True,True,0.7345,-0.002623,track_b_cont
trackb_cont_ACVA_20260603,ACVA,2026-06-03,2026-08-02,,,,5.935,call,BULLISH,CONTINUATION,,,,,True,True,True,0.7333,0.000303,track_b_cont
trackb_cont_TBLA_20260603,TBLA,2026-06-03,2026-08-02,,,,4.625,call,BULLISH,CONTINUATION,,,,,True,True,True,0.7324,2.7e-05,track_b_cont
trackb_cont_WYNN_20260603,WYNN,2026-06-03,2026-08-02,,,,103.43,call,BULLISH,CONTINUATION,,,,,True,True,True,0.7318,-0.003479,track_b_cont
trackb_cont_ARI_20260603,ARI,2026-06-03,2026-08-02,,,,10.93,call,BULLISH,CONTINUATION,,,,,True,True,True,0.7317,-0.000262,track_b_cont
trackb_cont_BCHT_20260603,BCHT,2026-06-03,2026-08-02,,,,2.0322,call,BULLISH,CONTINUATION,,,,,True,True,True,0.7317,0.000118,track_b_cont
trackb_cont_TDG_20260603,TDG,2026-06-03,2026-08-02,,,,1228.765,call,BULLISH,CONTINUATION,,,,,True,True,True,0.7315,0.012359,track_b_cont
trackb_cont_ALM_20260603,ALM,2026-06-03,2026-08-02,,,,20.495,call,BULLISH,CONTINUATION,,,,,True,True,True,0.7304,-0.001373,track_b_cont
trackb_cont_DVA_20260603,DVA,2026-06-03,2026-08-02,,,,192.41,call,BULLISH,CONTINUATION,,,,,True,True,True,0.7294,0.003196,track_b_cont
trackb_cont_GTLS_20260603,GTLS,2026-06-03,2026-08-02,,,,207.68,call,BULLISH,CONTINUATION,,,,,True,True,True,0.7293,-0.004896,track_b_cont
trackb_cont_UPST_20260603,UPST,2026-06-03,2026-08-02,,,,30.16,call,BULLISH,CONTINUATION,,,,,True,True,True,0.7285,0.001272,track_b_cont
trackb_cont_NIXX_20260603,NIXX,2026-06-03,2026-08-02,,,,0.7163,call,BULLISH,CONTINUATION,,,,,True,True,True,0.7284,1.6e-05,track_b_cont
trackb_cont_AFRM_20260603,AFRM,2026-06-03,2026-08-02,,,,65.645,call,BULLISH,CONTINUATION,,,,,True,True,True,0.7279,0.00299,track_b_cont
trackb_cont_SOFI_20260603,SOFI,2026-06-03,2026-08-02,,,,16.685,call,BULLISH,CONTINUATION,,,,,True,True,True,0.7277,0.000438,track_b_cont
trackb_cont_MTSI_20260603,MTSI,2026-06-03,2026-08-02,,,,391.69,call,BULLISH,CONTINUATION,,,,,True,True,True,0.7265,0.0348,track_b_cont
trackb_cont_VECO_20260603,VECO,2026-06-03,2026-08-02,,,,60.45,call,BULLISH,CONTINUATION,,,,,True,True,True,0.7263,-0.000702,track_b_cont
trackb_cont_CDZI_20260603,CDZI,2026-06-03,2026-08-02,,,,4.625,call,BULLISH,CONTINUATION,,,,,True,True,True,0.7258,-0.000288,track_b_cont
trackb_cont_MARA_20260603,MARA,2026-06-03,2026-08-02,,,,14.06,call,BULLISH,CONTINUATION,,,,,True,True,True,0.7256,0.001256,track_b_cont
trackb_cont_FRT_20260603,FRT,2026-06-03,2026-08-02,,,,119.43,call,BULLISH,CONTINUATION,,,,,True,True,True,0.7252,0.002255,track_b_cont
trackb_cont_UEC_20260603,UEC,2026-06-03,2026-08-02,,,,14.1,call,BULLISH,CONTINUATION,,,,,True,True,True,0.7248,-0.002743,track_b_cont
trackb_cont_TDOC_20260603,TDOC,2026-06-03,2026-08-02,,,,7.185,call,BULLISH,CONTINUATION,,,,,True,True,True,0.7232,0.000117,track_b_cont
trackb_cont_SAIC_20260603,SAIC,2026-06-03,2026-08-02,,,,112.53,call,BULLISH,CONTINUATION,,,,,True,True,True,0.7231,0.009482,track_b_cont
trackb_cont_DFH_20260603,DFH,2026-06-03,2026-08-02,,,,14.33,call,BULLISH,CONTINUATION,,,,,True,True,True,0.7215,0.00069,track_b_cont
trackb_cont_MASI_20260603,MASI,2026-06-03,2026-08-02,,,,178.695,call,BULLISH,CONTINUATION,,,,,True,True,True,0.72,-0.004279,track_b_cont
trackb_cont_PXED_20260603,PXED,2026-06-03,2026-08-02,,,,30.1,call,BULLISH,CONTINUATION,,,,,True,True,True,0.7179,-0.000685,track_b_cont
trackb_cont_SPHR_20260603,SPHR,2026-06-03,2026-08-02,,,,139.58,call,BULLISH,CONTINUATION,,,,,True,True,True,0.7168,-0.003002,track_b_cont
trackb_cont_LPX_20260603,LPX,2026-06-03,2026-08-02,,,,73.995,call,BULLISH,CONTINUATION,,,,,True,True,True,0.7163,-0.000605,track_b_cont
trackb_cont_OXM_20260603,OXM,2026-06-03,2026-08-02,,,,45.01,call,BULLISH,CONTINUATION,,,,,True,True,True,0.7155,-0.000447,track_b_cont
trackb_cont_MET_20260603,MET,2026-06-03,2026-08-02,,,,81.04,call,BULLISH,CONTINUATION,,,,,True,True,True,0.7145,0.003549,track_b_cont
trackb_cont_WKC_20260603,WKC,2026-06-03,2026-08-02,,,,29.19,call,BULLISH,CONTINUATION,,,,,True,True,True,0.7143,0.001334,track_b_cont
trackb_cont_OII_20260603,OII,2026-06-03,2026-08-02,,,,38.65,call,BULLISH,CONTINUATION,,,,,True,True,True,0.7112,3.8e-05,track_b_cont
trackb_cont_RUM_20260603,RUM,2026-06-03,2026-08-02,,,,8.56,call,BULLISH,CONTINUATION,,,,,True,True,True,0.7096,0.000931,track_b_cont
trackb_cont_TLN_20260603,TLN,2026-06-03,2026-08-02,,,,380.47,call,BULLISH,CONTINUATION,,,,,True,True,True,0.7096,-0.018246,track_b_cont
trackb_cont_LUV_20260603,LUV,2026-06-03,2026-08-02,,,,41.38,call,BULLISH,CONTINUATION,,,,,True,True,True,0.7087,0.001226,track_b_cont
trackb_cont_SIRI_20260603,SIRI,2026-06-03,2026-08-02,,,,28.105,call,BULLISH,CONTINUATION,,,,,True,True,True,0.7087,0.002478,track_b_cont
trackb_cont_ADTN_20260603,ADTN,2026-06-03,2026-08-02,,,,17.31,call,BULLISH,CONTINUATION,,,,,True,True,True,0.7075,0.000842,track_b_cont
trackb_cont_DEA_20260603,DEA,2026-06-03,2026-08-02,,,,23.68,call,BULLISH,CONTINUATION,,,,,True,True,True,0.7062,0.000617,track_b_cont
trackb_cont_RPRX_20260603,RPRX,2026-06-03,2026-08-02,,,,55.19,call,BULLISH,CONTINUATION,,,,,True,True,True,0.7061,0.00237,track_b_cont
trackb_cont_GFS_20260603,GFS,2026-06-03,2026-08-02,,,,86.19,call,BULLISH,CONTINUATION,,,,,True,True,True,0.706,0.008041,track_b_cont
trackb_cont_HOOD_20260603,HOOD,2026-06-03,2026-08-02,,,,82.98,call,BULLISH,CONTINUATION,,,,,True,True,True,0.7059,0.001693,track_b_cont
trackb_cont_CXW_20260603,CXW,2026-06-03,2026-08-02,,,,21.555,call,BULLISH,CONTINUATION,,,,,True,True,True,0.7059,0.000523,track_b_cont
trackb_cont_VELO_20260603,VELO,2026-06-03,2026-08-02,,,,20.24,call,BULLISH,CONTINUATION,,,,,True,True,True,0.7057,0.008902,track_b_cont
trackb_cont_MPWR_20260603,MPWR,2026-06-03,2026-08-02,,,,1659.02,call,BULLISH,CONTINUATION,,,,,True,True,True,0.7042,-0.074029,track_b_cont
trackb_cont_ESRT_20260603,ESRT,2026-06-03,2026-08-02,,,,5.435,call,BULLISH,CONTINUATION,,,,,True,True,True,0.7018,2.6e-05,track_b_cont
trackb_cont_DGXX_20260603,DGXX,2026-06-03,2026-08-02,,,,7.69,call,BULLISH,CONTINUATION,,,,,True,True,True,0.7016,0.001404,track_b_cont
trackb_cont_UFPT_20260603,UFPT,2026-06-03,2026-08-02,,,,214.535,call,BULLISH,CONTINUATION,,,,,True,True,True,0.7005,0.002975,track_b_cont
trackb_rev_WING_20260603,WING,2026-06-03,2026-08-02,,,,143.21,call,BULLISH,SHALLOW,0.0,NEUTRAL,282860.0,2,False,True,False,0.7543,0.012355,track_b_rev
trackb_rev_SYK_20260603,SYK,2026-06-03,2026-08-02,,,,293.165,call,BULLISH,SHALLOW,5.0,NEUTRAL,134400.0,1,False,True,False,0.2938,0.011785,track_b_rev
trackb_rev_CAR_20260603,CAR,2026-06-03,2026-08-02,,,,174.175,call,BULLISH,SHALLOW,5.0,NEUTRAL,357264.0,10,False,True,False,0.7815,0.010623,track_b_rev
trackb_rev_WGS_20260603,WGS,2026-06-03,2026-08-02,,,,52.33,call,BULLISH,SHALLOW,5.0,NEUTRAL,17160.0,1,False,False,False,0.9986,0.008192,track_b_rev
trackb_rev_CAH_20260603,CAH,2026-06-03,2026-08-02,,,,196.89,call,BULLISH,SHALLOW,5.0,NEUTRAL,513300.0,4,False,False,False,0.6133,0.007426,track_b_rev
trackb_rev_MEDP_20260603,MEDP,2026-06-03,2026-08-02,,,,439.12,call,BULLISH,SHALLOW,5.0,NEUTRAL,0.0,0,False,True,False,0.7335,0.006591,track_b_rev
trackb_rev_CTSH_20260603,CTSH,2026-06-03,2026-08-02,,,,53.15,call,BULLISH,SHALLOW,4.21,NEUTRAL,208478.0,7,False,True,False,0.799,0.004392,track_b_rev
trackb_rev_MRK_20260603,MRK,2026-06-03,2026-08-02,,,,116.01,call,BULLISH,SHALLOW,5.0,NEUTRAL,0.0,0,False,True,False,0.3864,0.003699,track_b_rev
trackb_rev_BMI_20260603,BMI,2026-06-03,2026-08-02,,,,128.38,call,BULLISH,SHALLOW,5.0,NEUTRAL,0.0,0,False,True,False,0.7619,0.003589,track_b_rev
trackb_rev_LMT_20260603,LMT,2026-06-03,2026-08-02,,,,523.65,call,BULLISH,SHALLOW,5.0,NEUTRAL,166530.0,1,False,False,False,0.403,0.003268,track_b_rev
trackb_rev_CACI_20260603,CACI,2026-06-03,2026-08-02,,,,531.1965,call,BULLISH,SHALLOW,5.0,NEUTRAL,0.0,0,False,True,False,0.7448,0.003193,track_b_rev
trackb_rev_RLI_20260603,RLI,2026-06-03,2026-08-02,,,,50.73,call,BULLISH,SHALLOW,5.0,NEUTRAL,0.0,0,False,True,False,0.8602,0.002699,track_b_rev
trackb_rev_RBLX_20260603,RBLX,2026-06-03,2026-08-02,,,,43.115,call,BULLISH,SHALLOW,4.18,NEUTRAL,2299784.0,32,False,False,False,0.5788,0.00269,track_b_rev
trackb_rev_CLX_20260603,CLX,2026-06-03,2026-08-02,,,,88.86,call,BULLISH,SHALLOW,9.26,BULLISH,855192.5,9,False,True,False,0.3557,0.002649,track_b_rev
trackb_rev_DHR_20260603,DHR,2026-06-03,2026-08-02,,,,176.76,call,BULLISH,SHALLOW,6.32,LEAN BULLISH,271577.0,3,False,True,False,0.6487,0.002608,track_b_rev
trackb_rev_TJX_20260603,TJX,2026-06-03,2026-08-02,,,,157.05,call,BULLISH,SHALLOW,,,,,False,False,False,0.5272,0.002457,track_b_rev
trackb_rev_CCOI_20260603,CCOI,2026-06-03,2026-08-02,,,,16.48,call,BULLISH,SHALLOW,,,,,False,True,False,0.3053,0.002447,track_b_rev
trackb_rev_LMND_20260603,LMND,2026-06-03,2026-08-02,,,,52.53,call,BULLISH,SHALLOW,,,,,False,True,False,0.7634,0.002427,track_b_rev
trackb_rev_RYAN_20260603,RYAN,2026-06-03,2026-08-02,,,,31.47,call,BULLISH,SHALLOW,,,,,False,True,False,0.5969,0.001747,track_b_rev
trackb_rev_NKE_20260603,NKE,2026-06-03,2026-08-02,,,,43.4193,call,BULLISH,SHALLOW,,,,,False,True,False,0.4399,0.001675,track_b_rev
trackb_rev_SYY_20260603,SYY,2026-06-03,2026-08-02,,,,75.11,call,BULLISH,SHALLOW,,,,,False,True,False,0.4565,0.001562,track_b_rev
trackb_rev_EPAM_20260603,EPAM,2026-06-03,2026-08-02,,,,97.245,call,BULLISH,SHALLOW,,,,,False,False,False,0.6312,0.001544,track_b_rev
trackb_rev_KTOS_20260603,KTOS,2026-06-03,2026-08-02,,,,58.995,call,BULLISH,SHALLOW,,,,,False,True,False,0.7653,0.000965,track_b_rev
trackb_rev_UGI_20260603,UGI,2026-06-03,2026-08-02,,,,34.97,call,BULLISH,SHALLOW,,,,,False,False,False,0.5727,0.000903,track_b_rev
trackb_rev_AJG_20260603,AJG,2026-06-03,2026-08-02,,,,201.445,call,BULLISH,SHALLOW,,,,,False,False,False,0.7707,0.000883,track_b_rev
trackb_rev_SFM_20260603,SFM,2026-06-03,2026-08-02,,,,78.02,call,BULLISH,SHALLOW,,,,,False,False,False,0.0421,0.000779,track_b_rev
trackb_rev_MMSI_20260603,MMSI,2026-06-03,2026-08-02,,,,60.63,call,BULLISH,SHALLOW,,,,,False,False,False,0.2186,0.00072,track_b_rev
trackb_rev_OPCH_20260603,OPCH,2026-06-03,2026-08-02,,,,20.275,call,BULLISH,SHALLOW,,,,,False,False,False,0.4124,0.000696,track_b_rev
trackb_rev_LHX_20260603,LHX,2026-06-03,2026-08-02,,,,307.83,call,BULLISH,SHALLOW,,,,,False,True,False,0.6116,0.000661,track_b_rev
trackb_rev_DGX_20260603,DGX,2026-06-03,2026-08-02,,,,193.818,call,BULLISH,SHALLOW,,,,,False,True,False,0.6215,0.000626,track_b_rev
trackb_rev_MH_20260603,MH,2026-06-03,2026-08-02,,,,11.535,call,BULLISH,SHALLOW,,,,,False,True,False,0.7066,0.000491,track_b_rev
trackb_rev_ETD_20260603,ETD,2026-06-03,2026-08-02,,,,20.47,call,BULLISH,SHALLOW,,,,,False,True,False,0.7273,0.000486,track_b_rev
trackb_rev_GEHC_20260603,GEHC,2026-06-03,2026-08-02,,,,61.585,call,BULLISH,SHALLOW,,,,,False,True,False,0.337,0.000348,track_b_rev
trackb_rev_ABT_20260603,ABT,2026-06-03,2026-08-02,,,,87.26,call,BULLISH,SHALLOW,,,,,False,False,False,0.6784,0.000323,track_b_rev
trackb_rev_JNJ_20260603,JNJ,2026-06-03,2026-08-02,,,,224.53,call,BULLISH,SHALLOW,,,,,False,True,False,0.2513,0.000309,track_b_rev
trackb_rev_WNC_20260603,WNC,2026-06-03,2026-08-02,,,,7.795,call,BULLISH,SHALLOW,,,,,False,True,False,0.6339,0.000302,track_b_rev
trackb_rev_FE_20260603,FE,2026-06-03,2026-08-02,,,,46.06,call,BULLISH,SHALLOW,,,,,False,False,False,0.4663,0.000299,track_b_rev
trackb_rev_NCLH_20260603,NCLH,2026-06-03,2026-08-02,,,,18.335,call,BULLISH,SHALLOW,,,,,False,True,False,0.8759,0.000266,track_b_rev
trackb_rev_EDHL_20260603,EDHL,2026-06-03,2026-08-02,,,,2.63,call,BULLISH,SHALLOW,,,,,False,True,False,0.4932,0.000256,track_b_rev
trackb_rev_SFD_20260603,SFD,2026-06-03,2026-08-02,,,,26.21,call,BULLISH,SHALLOW,,,,,False,False,False,0.5932,0.000248,track_b_rev
trackb_rev_EVTV_20260603,EVTV,2026-06-03,2026-08-02,,,,1.95,call,BULLISH,SHALLOW,,,,,False,True,False,0.1041,0.00023,track_b_rev
trackb_rev_GWRS_20260603,GWRS,2026-06-03,2026-08-02,,,,7.07,call,BULLISH,SHALLOW,,,,,False,True,False,0.4649,0.000221,track_b_rev
trackb_rev_VG_20260603,VG,2026-06-03,2026-08-02,,,,12.905,call,BULLISH,SHALLOW,,,,,False,False,False,0.3193,0.00022,track_b_rev
trackb_rev_AEO_20260603,AEO,2026-06-03,2026-08-02,,,,15.9561,call,BULLISH,SHALLOW,,,,,False,False,False,0.3827,0.000208,track_b_rev
trackb_rev_AMSF_20260603,AMSF,2026-06-03,2026-08-02,,,,30.53,call,BULLISH,SHALLOW,,,,,False,True,False,0.5991,0.000199,track_b_rev
trackb_rev_LOCL_20260603,LOCL,2026-06-03,2026-08-02,,,,1.5799,call,BULLISH,SHALLOW,,,,,False,False,False,0.3714,0.000163,track_b_rev
trackb_rev_GIPR_20260603,GIPR,2026-06-03,2026-08-02,,,,0.2083,call,BULLISH,SHALLOW,,,,,False,True,False,0.0932,0.000118,track_b_rev
trackb_rev_OLLI_20260603,OLLI,2026-06-03,2026-08-02,,,,79.87,call,BULLISH,SHALLOW,,,,,False,False,False,0.5105,9.2e-05,track_b_rev
trackb_rev_ORGN_20260603,ORGN,2026-06-03,2026-08-02,,,,1.33,call,BULLISH,SHALLOW,,,,,False,False,False,0.1532,8.5e-05,track_b_rev
trackb_rev_THO_20260603,THO,2026-06-03,2026-08-02,,,,77.375,call,BULLISH,SHALLOW,,,,,False,True,False,0.6254,7.8e-05,track_b_rev
trackb_rev_ORBS_20260603,ORBS,2026-06-03,2026-08-02,,,,0.948,call,BULLISH,SHALLOW,,,,,False,True,False,0.3608,7.4e-05,track_b_rev
trackb_rev_BFRG_20260603,BFRG,2026-06-03,2026-08-02,,,,0.7403,call,BULLISH,SHALLOW,,,,,False,True,False,0.8312,3.4e-05,track_b_rev
trackb_rev_HFFG_20260603,HFFG,2026-06-03,2026-08-02,,,,1.85,call,BULLISH,SHALLOW,,,,,False,True,False,0.1649,2.9e-05,track_b_rev
trackb_rev_LILAK_20260603,LILAK,2026-06-03,2026-08-02,,,,7.74,call,BULLISH,SHALLOW,,,,,False,True,False,0.6129,2.3e-05,track_b_rev
trackb_rev_RIME_20260603,RIME,2026-06-03,2026-08-02,,,,0.7182,call,BULLISH,SHALLOW,,,,,False,False,False,0.4524,-2.6e-05,track_b_rev
trackb_rev_ANF_20260603,ANF,2026-06-03,2026-08-02,,,,75.36,call,BULLISH,SHALLOW,,,,,False,False,False,0.3853,-3.1e-05,track_b_rev
trackb_rev_MOS_20260603,MOS,2026-06-03,2026-08-02,,,,23.7,call,BULLISH,SHALLOW,,,,,False,True,False,0.6859,-3.3e-05,track_b_rev
trackb_rev_IMKTA_20260603,IMKTA,2026-06-03,2026-08-02,,,,89.66,call,BULLISH,SHALLOW,,,,,False,True,False,0.7134,-5.3e-05,track_b_rev
trackb_rev_BBW_20260603,BBW,2026-06-03,2026-08-02,,,,35.57,call,BULLISH,SHALLOW,,,,,False,False,False,0.3016,-0.000189,track_b_rev
trackb_rev_BMY_20260603,BMY,2026-06-03,2026-08-02,,,,54.755,call,BULLISH,SHALLOW,,,,,False,False,False,0.043,-0.0002,track_b_rev
trackb_rev_COO_20260603,COO,2026-06-03,2026-08-02,,,,60.11,call,BULLISH,SHALLOW,,,,,False,False,False,0.1354,-0.000223,track_b_rev
trackb_rev_EXC_20260603,EXC,2026-06-03,2026-08-02,,,,45.89,call,BULLISH,SHALLOW,,,,,False,False,False,0.4779,-0.000248,track_b_rev
trackb_rev_IPAR_20260603,IPAR,2026-06-03,2026-08-02,,,,90.13,call,BULLISH,SHALLOW,,,,,False,True,False,0.533,-0.000298,track_b_rev
trackb_rev_TGT_20260603,TGT,2026-06-03,2026-08-02,,,,124.99,call,BULLISH,SHALLOW,,,,,False,False,False,0.4519,-0.000318,track_b_rev
trackb_rev_VITL_20260603,VITL,2026-06-03,2026-08-02,,,,9.76,call,BULLISH,SHALLOW,,,,,False,False,False,0.3376,-0.000365,track_b_rev
trackb_rev_FISV_20260603,FISV,2026-06-03,2026-08-02,,,,53.05,call,BULLISH,SHALLOW,,,,,False,False,False,0.5821,-0.000735,track_b_rev
trackb_rev_GMED_20260603,GMED,2026-06-03,2026-08-02,,,,78.03,call,BULLISH,SHALLOW,,,,,False,False,False,0.2193,-0.001063,track_b_rev
trackb_rev_TECH_20260603,TECH,2026-06-03,2026-08-02,,,,49.935,call,BULLISH,SHALLOW,,,,,False,False,False,0.4824,-0.001075,track_b_rev
trackb_rev_BKNG_20260603,BKNG,2026-06-03,2026-08-02,,,,165.92,call,BULLISH,SHALLOW,,,,,False,True,False,0.6726,-0.002055,track_b_rev
trackb_rev_IDXX_20260603,IDXX,2026-06-03,2026-08-02,,,,558.885,call,BULLISH,SHALLOW,,,,,False,False,False,0.4444,-0.004251,track_b_rev
trackb_rev_COR_20260603,COR,2026-06-03,2026-08-02,,,,263.115,call,BULLISH,SHALLOW,,,,,False,False,False,0.3359,-0.006165,track_b_rev
trackb_cont_ORCL_20260604,ORCL,2026-06-04,2026-08-03,,,,229.505,call,BULLISH,CONTINUATION,9.38,BULLISH,26321764.0,100,69.603,True,True,True,0.9206,0.014684,track_b_cont
trackb_cont_DOCN_20260604,DOCN,2026-06-04,2026-08-03,,,,174.6,call,BULLISH,CONTINUATION,10.0,BULLISH,5173096.0,30,67.138,True,True,True,0.9172,0.00481,track_b_cont
trackb_cont_AAPL_20260604,AAPL,2026-06-04,2026-08-03,,,,311.5,call,BULLISH,CONTINUATION,8.68,BULLISH,45958844.0,100,66.509,True,True,True,0.9936,0.01491,track_b_cont
trackb_cont_TE_20260604,TE,2026-06-04,2026-08-03,,,,11.58,call,BULLISH,CONTINUATION,9.85,BULLISH,5433829.0,98,66.341,True,True,True,0.971,0.005406,track_b_cont
trackb_cont_TER_20260604,TER,2026-06-04,2026-08-03,,,,407.64,call,BULLISH,CONTINUATION,9.57,BULLISH,5601218.0,19,64.581,True,True,True,0.8559,0.002488,track_b_cont
trackb_cont_CSCO_20260604,CSCO,2026-06-04,2026-08-03,,,,127.93,call,BULLISH,CONTINUATION,9.32,BULLISH,8321318.0,52,64.496,True,True,True,0.9941,0.023345,track_b_cont
trackb_cont_ASTS_20260604,ASTS,2026-06-04,2026-08-03,,,,108.95,call,BULLISH,CONTINUATION,9.58,BULLISH,5107153.0,100,64.264,True,True,True,0.7772,0.045941,track_b_cont
trackb_cont_AVGO_20260604,AVGO,2026-06-04,2026-08-03,,,,485.18,call,BULLISH,CONTINUATION,8.41,BULLISH,40977954.0,100,64.022,True,True,True,0.9137,-0.001114,track_b_cont
trackb_cont_PENG_20260604,PENG,2026-06-04,2026-08-03,,,,68.63,call,BULLISH,CONTINUATION,10.0,BULLISH,1913088.0,24,62.817,True,True,True,0.9356,0.015235,track_b_cont
trackb_cont_DELL_20260604,DELL,2026-06-04,2026-08-03,,,,415.17,call,BULLISH,CONTINUATION,8.52,BULLISH,22756539.0,100,62.682,True,True,True,0.8679,0.112987,track_b_cont
trackb_cont_ONDS_20260604,ONDS,2026-06-04,2026-08-03,,,,11.76,call,BULLISH,CONTINUATION,9.78,BULLISH,2476514.0,83,62.532,True,True,True,0.8947,0.001776,track_b_cont
trackb_cont_AMAT_20260604,AMAT,2026-06-04,2026-08-03,,,,498.0,call,BULLISH,CONTINUATION,9.32,BULLISH,4829524.0,26,62.294,True,True,True,0.9846,0.013426,track_b_cont
trackb_cont_KEEL_20260604,KEEL,2026-06-04,2026-08-03,,,,6.26,call,BULLISH,CONTINUATION,10.0,BULLISH,1657544.0,33,62.195,True,True,True,0.9034,0.001449,track_b_cont
trackb_cont_WFC_20260604,WFC,2026-06-04,2026-08-03,,,,77.98,call,BULLISH,CONTINUATION,10.0,BULLISH,1583356.0,12,61.996,True,True,True,0.8086,-0.001323,track_b_cont
trackb_cont_BWA_20260604,BWA,2026-06-04,2026-08-03,,,,77.615,call,BULLISH,CONTINUATION,10.0,BULLISH,1568608.0,23,61.955,True,True,True,0.9148,0.006977,track_b_cont
trackb_cont_RGTI_20260604,RGTI,2026-06-04,2026-08-03,,,,24.4178,call,BULLISH,CONTINUATION,9.44,BULLISH,3247443.0,100,61.469,True,True,True,0.9266,0.005828,track_b_cont
trackb_cont_AMKR_20260604,AMKR,2026-06-04,2026-08-03,,,,76.07,call,BULLISH,CONTINUATION,10.0,BULLISH,1210563.0,38,60.83,True,True,True,0.7444,-0.007548,track_b_cont
trackb_cont_SOLS_20260604,SOLS,2026-06-04,2026-08-03,,,,88.65,call,BULLISH,CONTINUATION,9.9,BULLISH,1310322.0,21,60.562,True,True,True,0.7678,-0.002053,track_b_cont
trackb_cont_NOW_20260604,NOW,2026-06-04,2026-08-03,,,,119.96,call,BULLISH,CONTINUATION,8.22,BULLISH,21123313.0,100,60.209,True,True,True,0.7852,0.023492,track_b_cont
trackb_cont_MTSI_20260604,MTSI,2026-06-04,2026-08-03,,,,391.69,call,BULLISH,CONTINUATION,9.37,BULLISH,2423123.0,8,59.822,True,True,True,0.7265,0.0348,track_b_cont
trackb_cont_UPS_20260604,UPS,2026-06-04,2026-08-03,,,,110.43,call,BULLISH,CONTINUATION,9.48,BULLISH,1928359.0,5,59.584,True,True,True,0.9144,0.005417,track_b_cont
trackb_cont_HON_20260604,HON,2026-06-04,2026-08-03,,,,232.91,call,BULLISH,CONTINUATION,9.3,BULLISH,2521530.0,16,59.535,True,True,True,0.8553,0.014654,track_b_cont
trackb_cont_RBRK_20260604,RBRK,2026-06-04,2026-08-03,,,,77.92,call,BULLISH,CONTINUATION,9.54,BULLISH,1677338.0,27,59.383,True,True,True,0.8667,0.012756,track_b_cont
trackb_cont_CLSK_20260604,CLSK,2026-06-04,2026-08-03,,,,17.69,call,BULLISH,CONTINUATION,9.74,BULLISH,1205977.0,29,59.232,True,True,True,0.7651,0.004002,track_b_cont
trackb_cont_PLUG_20260604,PLUG,2026-06-04,2026-08-03,,,,3.8132,call,BULLISH,CONTINUATION,10.0,BULLISH,829098.0,30,59.186,True,True,True,0.8125,0.000396,track_b_cont
trackb_cont_SMTC_20260604,SMTC,2026-06-04,2026-08-03,,,,163.27,call,BULLISH,CONTINUATION,9.36,BULLISH,1838803.0,6,58.636,True,True,True,0.9121,0.03242,track_b_cont
trackb_cont_FLNC_20260604,FLNC,2026-06-04,2026-08-03,,,,25.56,call,BULLISH,CONTINUATION,8.93,BULLISH,3338062.0,49,58.255,True,True,True,0.8837,0.002778,track_b_cont
trackb_cont_OPEN_20260604,OPEN,2026-06-04,2026-08-03,,,,4.9,call,BULLISH,CONTINUATION,9.41,BULLISH,1379996.0,60,57.776,True,True,True,0.8456,-0.000306,track_b_cont
trackb_cont_SMR_20260604,SMR,2026-06-04,2026-08-03,,,,12.265,call,BULLISH,CONTINUATION,9.58,BULLISH,1028432.0,49,57.597,True,True,True,0.9245,-0.000876,track_b_cont
trackb_cont_AMPX_20260604,AMPX,2026-06-04,2026-08-03,,,,22.34,call,BULLISH,CONTINUATION,9.48,BULLISH,1188244.0,23,57.59,True,True,True,0.8682,-0.000914,track_b_cont
trackb_cont_ON_20260604,ON,2026-06-04,2026-08-03,,,,131.83,call,BULLISH,CONTINUATION,9.05,BULLISH,2200249.0,17,57.399,True,True,True,0.9465,0.012571,track_b_cont
trackb_cont_C_20260604,C,2026-06-04,2026-08-03,,,,129.15,call,BULLISH,CONTINUATION,8.98,BULLISH,2450504.0,15,57.376,True,True,True,0.9055,-0.003588,track_b_cont
trackb_cont_ST_20260604,ST,2026-06-04,2026-08-03,,,,53.1,call,BULLISH,CONTINUATION,10.0,BULLISH,539634.0,15,57.321,True,True,True,0.9438,0.004148,track_b_cont
trackb_cont_HPE_20260604,HPE,2026-06-04,2026-08-03,,,,54.91,call,BULLISH,CONTINUATION,7.83,BULLISH,20832450.0,54,57.306,True,True,True,0.7705,0.010763,track_b_cont
trackb_cont_PCT_20260604,PCT,2026-06-04,2026-08-03,,,,13.2524,call,BULLISH,CONTINUATION,10.0,BULLISH,527966.0,12,57.226,True,True,True,0.9258,0.003261,track_b_cont
trackb_cont_F_20260604,F,2026-06-04,2026-08-03,,,,15.805,call,BULLISH,CONTINUATION,8.6,BULLISH,3750360.0,32,56.537,True,True,True,0.7439,0.003475,track_b_cont
trackb_cont_HCC_20260604,HCC,2026-06-04,2026-08-03,,,,107.1099,call,BULLISH,CONTINUATION,10.0,BULLISH,425051.0,8,56.284,True,True,True,0.9962,0.00852,track_b_cont
trackb_cont_CIEN_20260604,CIEN,2026-06-04,2026-08-03,,,,627.195,call,BULLISH,CONTINUATION,8.74,BULLISH,2652328.0,23,56.142,True,True,True,0.98,0.008186,track_b_cont
trackb_cont_BNY_20260604,BNY,2026-06-04,2026-08-03,,,,139.91,call,BULLISH,CONTINUATION,8.51,BULLISH,3944104.0,14,56.132,True,True,True,0.8064,0.005279,track_b_cont
trackb_cont_APH_20260604,APH,2026-06-04,2026-08-03,,,,149.48,call,BULLISH,CONTINUATION,10.0,BULLISH,380140.0,3,55.799,True,True,True,0.9042,0.004428,track_b_cont
trackb_cont_ALAB_20260604,ALAB,2026-06-04,2026-08-03,,,,354.75,call,BULLISH,CONTINUATION,8.33,BULLISH,4919895.0,30,55.744,True,True,True,0.9962,0.130999,track_b_cont
trackb_cont_MU_20260604,MU,2026-06-04,2026-08-03,,,,1058.15,call,BULLISH,CONTINUATION,7.24,LEAN BULLISH,49185278.0,100,55.689,True,True,True,0.9736,0.197073,track_b_cont
trackb_cont_GM_20260604,GM,2026-06-04,2026-08-03,,,,82.97,call,BULLISH,CONTINUATION,10.0,BULLISH,357788.0,4,55.536,True,True,True,0.7656,0.002353,track_b_cont
trackb_cont_AMC_20260604,AMC,2026-06-04,2026-08-03,,,,1.875,call,BULLISH,CONTINUATION,10.0,BULLISH,356375.0,21,55.519,True,True,True,0.8469,0.000255,track_b_cont
trackb_cont_MPC_20260604,MPC,2026-06-04,2026-08-03,,,,270.43,call,BULLISH,CONTINUATION,10.0,BULLISH,346400.0,3,55.396,True,True,True,0.9437,-0.00022,track_b_cont
trackb_cont_ADI_20260604,ADI,2026-06-04,2026-08-03,,,,431.22,call,BULLISH,CONTINUATION,8.71,BULLISH,2161946.0,15,55.176,True,True,True,0.7915,-0.020079,track_b_cont
trackb_cont_NET_20260604,NET,2026-06-04,2026-08-03,,,,261.1,call,BULLISH,CONTINUATION,8.15,BULLISH,5815087.0,27,55.131,True,True,True,0.9778,0.013381,track_b_cont
trackb_cont_CLF_20260604,CLF,2026-06-04,2026-08-03,,,,14.28,call,BULLISH,CONTINUATION,8.96,BULLISH,1409367.0,40,55.095,True,True,True,0.9379,0.001635,track_b_cont
trackb_cont_SEZL_20260604,SEZL,2026-06-04,2026-08-03,,,,109.25,call,BULLISH,CONTINUATION,9.6,BULLISH,523410.0,5,54.901,True,True,True,0.8908,0.019638,track_b_cont
trackb_cont_WULF_20260604,WULF,2026-06-04,2026-08-03,,,,26.11,call,BULLISH,CONTINUATION,8.69,BULLISH,2034660.0,37,54.821,True,True,True,0.8755,0.000712,track_b_cont
trackb_cont_RCAT_20260604,RCAT,2026-06-04,2026-08-03,,,,13.685,call,BULLISH,CONTINUATION,9.52,BULLISH,569057.0,11,54.789,True,True,True,0.887,0.001179,track_b_cont
trackb_cont_QS_20260604,QS,2026-06-04,2026-08-03,,,,8.8499,call,BULLISH,CONTINUATION,9.31,BULLISH,766002.0,22,54.782,True,True,True,0.8214,0.000704,track_b_cont
trackb_cont_RMBS_20260604,RMBS,2026-06-04,2026-08-03,,,,169.9175,call,BULLISH,CONTINUATION,8.75,BULLISH,1751711.0,13,54.63,True,True,True,0.9831,0.020905,track_b_cont
trackb_cont_ENVX_20260604,ENVX,2026-06-04,2026-08-03,,,,8.405,call,BULLISH,CONTINUATION,10.0,BULLISH,287717.0,8,54.59,True,True,True,0.859,0.000514,track_b_cont
trackb_cont_USAR_20260604,USAR,2026-06-04,2026-08-03,,,,28.285,call,BULLISH,CONTINUATION,8.8,BULLISH,1537259.0,40,54.443,True,True,True,0.9272,-0.000529,track_b_cont
trackb_cont_CORZ_20260604,CORZ,2026-06-04,2026-08-03,,,,29.22,call,BULLISH,CONTINUATION,8.28,BULLISH,3438476.0,63,54.121,True,True,True,0.8539,0.003379,track_b_cont
trackb_cont_PATH_20260604,PATH,2026-06-04,2026-08-03,,,,11.57,call,BULLISH,CONTINUATION,9.07,BULLISH,921064.0,32,54.096,True,True,True,0.745,0.001029,track_b_cont
trackb_cont_SOFI_20260604,SOFI,2026-06-04,2026-08-03,,,,16.685,call,BULLISH,CONTINUATION,8.49,BULLISH,2161428.0,80,53.782,True,True,True,0.7277,0.000438,track_b_cont
trackb_cont_ALOY_20260604,ALOY,2026-06-04,2026-08-03,,,,10.4521,call,BULLISH,CONTINUATION,10.0,BULLISH,238616.0,5,53.777,True,True,True,0.8655,0.000442,track_b_cont
trackb_cont_AXON_20260604,AXON,2026-06-04,2026-08-03,,,,479.07,call,BULLISH,CONTINUATION,9.15,BULLISH,675780.0,5,53.343,True,True,True,0.9716,0.024485,track_b_cont
trackb_cont_ZM_20260604,ZM,2026-06-04,2026-08-03,,,,105.99,call,BULLISH,CONTINUATION,9.04,BULLISH,735757.0,21,53.035,True,True,True,0.8524,-0.006063,track_b_cont
trackb_cont_IBM_20260604,IBM,2026-06-04,2026-08-03,,,,304.0991,call,BULLISH,CONTINUATION,7.26,LEAN BULLISH,19182209.0,100,52.874,True,True,True,0.9731,0.052212,track_b_cont
trackb_cont_QCOM_20260604,QCOM,2026-06-04,2026-08-03,,,,250.08,call,BULLISH,CONTINUATION,7.29,LEAN BULLISH,17567479.0,100,52.814,True,True,True,0.7994,0.030029,track_b_cont
trackb_cont_ARW_20260604,ARW,2026-06-04,2026-08-03,,,,230.8,call,BULLISH,CONTINUATION,10.0,BULLISH,189000.0,1,52.765,True,True,True,0.9324,0.019122,track_b_cont
trackb_cont_GH_20260604,GH,2026-06-04,2026-08-03,,,,128.145,call,BULLISH,CONTINUATION,10.0,BULLISH,187800.0,7,52.737,True,True,True,0.9181,0.033517,track_b_cont
trackb_cont_VSXY_20260604,VSXY,2026-06-04,2026-08-03,,,,73.71,call,BULLISH,CONTINUATION,10.0,BULLISH,187600.0,1,52.732,True,True,True,0.968,0.009232,track_b_cont
trackb_cont_PL_20260604,PL,2026-06-04,2026-08-03,,,,44.605,call,BULLISH,CONTINUATION,8.57,BULLISH,1355656.0,29,52.553,True,True,True,0.7819,0.008225,track_b_cont
trackb_cont_URI_20260604,URI,2026-06-04,2026-08-03,,,,1030.52,call,BULLISH,CONTINUATION,8.73,BULLISH,864650.0,5,51.829,True,True,True,0.8057,0.003223,track_b_cont
trackb_cont_ANET_20260604,ANET,2026-06-04,2026-08-03,,,,174.94,call,BULLISH,CONTINUATION,7.69,BULLISH,4349105.0,11,51.049,True,True,True,0.9492,0.005892,track_b_cont
trackb_cont_INOD_20260604,INOD,2026-06-04,2026-08-03,,,,107.81,call,BULLISH,CONTINUATION,8.96,BULLISH,447916.0,12,50.635,True,True,True,0.9434,0.032342,track_b_cont
trackb_cont_SNDK_20260604,SNDK,2026-06-04,2026-08-03,,,,1780.285,call,BULLISH,CONTINUATION,6.63,LEAN BULLISH,40638672.0,100,50.447,True,True,True,0.8336,0.173221,track_b_cont
trackb_cont_VEEV_20260604,VEEV,2026-06-04,2026-08-03,,,,176.305,call,BULLISH,CONTINUATION,8.23,BULLISH,1284895.0,20,50.276,True,True,True,0.7694,0.001113,track_b_cont
trackb_cont_OKTA_20260604,OKTA,2026-06-04,2026-08-03,,,,124.87,call,BULLISH,CONTINUATION,7.41,LEAN BULLISH,6085700.0,72,50.272,True,True,True,0.8948,0.028813,track_b_cont
trackb_cont_KLIC_20260604,KLIC,2026-06-04,2026-08-03,,,,107.645,call,BULLISH,CONTINUATION,10.0,BULLISH,103860.0,1,50.164,True,True,True,0.8922,0.00423,track_b_cont
trackb_cont_OUST_20260604,OUST,2026-06-04,2026-08-03,,,,43.74,call,BULLISH,CONTINUATION,8.29,BULLISH,993141.0,17,49.715,True,True,True,0.8697,0.013249,track_b_cont
trackb_cont_CIFR_20260604,CIFR,2026-06-04,2026-08-03,,,,26.735,call,BULLISH,CONTINUATION,7.39,LEAN BULLISH,3777334.0,56,48.605,True,True,True,0.9655,0.002269,track_b_cont
trackb_cont_AKAM_20260604,AKAM,2026-06-04,2026-08-03,,,,162.24,call,BULLISH,CONTINUATION,7.87,BULLISH,1346726.0,31,48.237,True,True,True,0.9118,0.00969,track_b_cont
trackb_cont_HOOD_20260604,HOOD,2026-06-04,2026-08-03,,,,82.98,call,BULLISH,CONTINUATION,6.8,LEAN BULLISH,12343388.0,69,48.222,True,True,True,0.7059,0.001693,track_b_cont
trackb_cont_U_20260604,U,2026-06-04,2026-08-03,,,,29.195,call,BULLISH,CONTINUATION,8.17,BULLISH,769871.0,18,48.092,True,True,True,0.7617,0.00049,track_b_cont
trackb_cont_QBTS_20260604,QBTS,2026-06-04,2026-08-03,,,,27.615,call,BULLISH,CONTINUATION,7.29,LEAN BULLISH,3021647.0,100,47.241,True,True,True,0.8813,0.005456,track_b_cont
trackb_cont_SMCI_20260604,SMCI,2026-06-04,2026-08-03,,,,46.47,call,BULLISH,CONTINUATION,7.0,LEAN BULLISH,5269262.0,100,47.052,True,True,True,0.9487,0.00859,track_b_cont
trackb_cont_DLTR_20260604,DLTR,2026-06-04,2026-08-03,,,,110.335,call,BULLISH,CONTINUATION,7.92,BULLISH,862244.0,11,47.01,True,True,True,0.7584,0.010017,track_b_cont
trackb_cont_GLW_20260604,GLW,2026-06-04,2026-08-03,,,,200.43,call,BULLISH,CONTINUATION,6.66,LEAN BULLISH,10538355.0,48,46.772,True,True,True,0.7847,-0.00644,track_b_cont
trackb_cont_HUBS_20260604,HUBS,2026-06-04,2026-08-03,,,,222.02,call,BULLISH,CONTINUATION,7.65,BULLISH,1106951.0,16,46.238,True,True,True,0.7507,-0.001828,track_b_cont
trackb_cont_CDNS_20260604,CDNS,2026-06-04,2026-08-03,,,,401.56,call,BULLISH,CONTINUATION,7.82,BULLISH,676437.0,6,45.592,True,True,True,0.9965,0.017491,track_b_cont
trackb_cont_LRCX_20260604,LRCX,2026-06-04,2026-08-03,,,,339.195,call,BULLISH,CONTINUATION,6.31,LEAN BULLISH,11853496.0,84,44.636,True,True,True,0.9841,0.022658,track_b_cont
trackb_cont_AVAV_20260604,AVAV,2026-06-04,2026-08-03,,,,192.22,call,BULLISH,CONTINUATION,8.02,BULLISH,314919.0,12,44.096,True,True,True,0.7827,0.019079,track_b_cont
trackb_cont_RIOT_20260604,RIOT,2026-06-04,2026-08-03,,,,27.975,call,BULLISH,CONTINUATION,7.28,LEAN BULLISH,1115664.0,32,44.026,True,True,True,0.836,0.002727,track_b_cont
trackb_cont_MDB_20260604,MDB,2026-06-04,2026-08-03,,,,372.07,call,BULLISH,CONTINUATION,6.28,LEAN BULLISH,9360386.0,97,43.78,True,True,True,0.9134,0.054105,track_b_cont
trackb_cont_CPB_20260604,CPB,2026-06-04,2026-08-03,,,,21.58,call,BULLISH,CONTINUATION,7.53,BULLISH,425314.0,10,42.384,True,True,True,0.7487,-0.000606,track_b_cont
trackb_cont_COHR_20260604,COHR,2026-06-04,2026-08-03,,,,417.665,call,BULLISH,CONTINUATION,6.01,LEAN BULLISH,9255804.0,34,41.868,True,True,True,0.9458,0.010682,track_b_cont
trackb_cont_STX_20260604,STX,2026-06-04,2026-08-03,,,,953.75,call,BULLISH,CONTINUATION,6.32,LEAN BULLISH,4085760.0,16,41.783,True,True,True,0.8952,0.049458,track_b_cont
trackb_cont_OKLO_20260604,OKLO,2026-06-04,2026-08-03,,,,65.3399,call,BULLISH,CONTINUATION,6.35,LEAN BULLISH,3506303.0,100,41.56,True,True,True,0.747,-0.00863,track_b_cont
trackb_cont_DECK_20260604,DECK,2026-06-04,2026-08-03,,,,106.805,call,BULLISH,CONTINUATION,7.93,BULLISH,163911.0,6,41.352,True,True,True,0.7857,0.010741,track_b_cont
trackb_cont_MRVL_20260604,MRVL,2026-06-04,2026-08-03,,,,303.73,call,BULLISH,CONTINUATION,5.65,LEAN BULLISH,18558823.0,100,41.067,True,True,True,0.9962,0.044703,track_b_cont
trackb_cont_UEC_20260604,UEC,2026-06-04,2026-08-03,,,,14.1,call,BULLISH,CONTINUATION,6.94,LEAN BULLISH,773173.0,16,40.865,True,True,True,0.7248,-0.002743,track_b_cont
trackb_cont_CRM_20260604,CRM,2026-06-04,2026-08-03,,,,191.065,call,BULLISH,CONTINUATION,5.75,LEAN BULLISH,8828468.0,58,39.939,True,True,True,0.7766,0.004924,track_b_cont
trackb_cont_LITE_20260604,LITE,2026-06-04,2026-08-03,,,,964.75,call,BULLISH,CONTINUATION,5.35,NEUTRAL,25351243.0,99,39.611,True,True,True,0.7974,-0.108775,track_b_cont
trackb_cont_CDW_20260604,CDW,2026-06-04,2026-08-03,,,,137.235,call,BULLISH,CONTINUATION,7.12,LEAN BULLISH,292030.0,4,38.914,True,True,True,0.9613,0.006897,track_b_cont
trackb_cont_ETSY_20260604,ETSY,2026-06-04,2026-08-03,,,,68.51,call,BULLISH,CONTINUATION,6.74,LEAN BULLISH,475681.0,14,38.265,True,True,True,0.9353,0.002556,track_b_cont
trackb_cont_ENPH_20260604,ENPH,2026-06-04,2026-08-03,,,,69.13,call,BULLISH,CONTINUATION,5.69,LEAN BULLISH,4981781.0,100,38.108,True,True,True,0.9655,0.031397,track_b_cont
trackb_cont_IONQ_20260604,IONQ,2026-06-04,2026-08-03,,,,68.64,call,BULLISH,CONTINUATION,5.88,LEAN BULLISH,2824088.0,75,37.931,True,True,True,0.9558,0.013912,track_b_cont
trackb_cont_APLD_20260604,APLD,2026-06-04,2026-08-03,,,,46.11,call,BULLISH,CONTINUATION,5.85,LEAN BULLISH,3041208.0,52,37.926,True,True,True,0.8096,0.00305,track_b_cont
trackb_cont_CNC_20260604,CNC,2026-06-04,2026-08-03,,,,58.73,call,BULLISH,CONTINUATION,5.94,LEAN BULLISH,1793173.0,20,37.147,True,True,True,0.7911,0.002119,track_b_cont
trackb_cont_ATI_20260604,ATI,2026-06-04,2026-08-03,,,,178.775,call,BULLISH,CONTINUATION,6.94,LEAN BULLISH,189183.0,3,36.622,True,True,True,0.8696,0.005058,track_b_cont
trackb_cont_RIVN_20260604,RIVN,2026-06-04,2026-08-03,,,,17.665,call,BULLISH,CONTINUATION,5.42,NEUTRAL,3488829.0,100,35.461,True,True,True,0.9206,0.000578,track_b_cont
trackb_cont_BE_20260604,BE,2026-06-04,2026-08-03,,,,289.695,call,BULLISH,CONTINUATION,5.0,NEUTRAL,11374556.0,46,35.28,True,True,True,0.7536,0.003212,track_b_cont
trackb_cont_PANW_20260604,PANW,2026-06-04,2026-08-03,,,,282.64,call,BULLISH,CONTINUATION,4.71,NEUTRAL,16038754.0,100,33.936,True,True,True,0.9534,0.067768,track_b_cont
trackb_cont_HUT_20260604,HUT,2026-06-04,2026-08-03,,,,131.045,call,BULLISH,CONTINUATION,5.03,NEUTRAL,4134368.0,22,33.281,True,True,True,0.8781,0.017256,track_b_cont
trackb_cont_FSLR_20260604,FSLR,2026-06-04,2026-08-03,,,,316.44,call,BULLISH,CONTINUATION,4.79,NEUTRAL,6817421.0,54,32.733,True,True,True,0.9731,0.059288,track_b_cont
trackb_cont_AMD_20260604,AMD,2026-06-04,2026-08-03,,,,531.4,call,BULLISH,CONTINUATION,4.39,NEUTRAL,28539240.0,100,32.729,True,True,True,0.969,0.074102,track_b_cont
trackb_cont_DE_20260604,DE,2026-06-04,2026-08-03,,,,589.68,call,BULLISH,CONTINUATION,5.54,LEAN BULLISH,770411.0,4,32.612,True,True,True,0.8131,-0.062424,track_b_cont
trackb_cont_WDC_20260604,WDC,2026-06-04,2026-08-03,,,,597.575,call,BULLISH,CONTINUATION,4.68,NEUTRAL,6718010.0,32,31.951,True,True,True,0.9411,0.028577,track_b_cont
trackb_cont_FLEX_20260604,FLEX,2026-06-04,2026-08-03,,,,164.195,call,BULLISH,CONTINUATION,5.61,LEAN BULLISH,448902.0,6,31.709,True,True,True,0.9936,0.010814,track_b_cont
trackb_cont_DDOG_20260604,DDOG,2026-06-04,2026-08-03,,,,246.39,call,BULLISH,CONTINUATION,4.58,NEUTRAL,6360728.0,36,31.16,True,True,True,0.9306,0.060601,track_b_cont
trackb_cont_TLN_20260604,TLN,2026-06-04,2026-08-03,,,,380.47,call,BULLISH,CONTINUATION,5.0,NEUTRAL,1602396.0,4,31.024,True,True,True,0.7096,-0.018246,track_b_cont
trackb_cont_MPWR_20260604,MPWR,2026-06-04,2026-08-03,,,,1659.02,call,BULLISH,CONTINUATION,5.0,NEUTRAL,1411200.0,1,30.748,True,True,True,0.7042,-0.074029,track_b_cont
trackb_cont_EOSE_20260604,EOSE,2026-06-04,2026-08-03,,,,8.595,call,BULLISH,CONTINUATION,5.0,NEUTRAL,1325110.0,36,30.611,True,True,True,0.8548,0.000993,track_b_cont
trackb_cont_CROX_20260604,CROX,2026-06-04,2026-08-03,,,,118.78,call,BULLISH,CONTINUATION,5.34,NEUTRAL,516324.0,10,30.507,True,True,True,0.8337,0.013651,track_b_cont
trackb_cont_FICO_20260604,FICO,2026-06-04,2026-08-03,,,,1161.21,call,BULLISH,CONTINUATION,4.7,NEUTRAL,2550480.0,5,30.111,True,True,True,0.7471,0.190681,track_b_cont
trackb_cont_CAT_20260604,CAT,2026-06-04,2026-08-03,,,,930.7,call,BULLISH,CONTINUATION,4.4,NEUTRAL,6354614.0,36,29.934,True,True,True,0.749,-0.05177,track_b_cont
trackb_cont_UPST_20260604,UPST,2026-06-04,2026-08-03,,,,30.16,call,BULLISH,CONTINUATION,5.0,NEUTRAL,787928.0,15,29.482,True,True,True,0.7285,0.001272,track_b_cont
trackb_cont_DINO_20260604,DINO,2026-06-04,2026-08-03,,,,74.035,call,BULLISH,CONTINUATION,5.0,NEUTRAL,515646.0,12,28.562,True,True,True,0.8702,-0.003179,track_b_cont
trackb_cont_NXT_20260604,NXT,2026-06-04,2026-08-03,,,,146.45,call,BULLISH,CONTINUATION,4.62,NEUTRAL,1513438.0,11,28.551,True,True,True,0.7615,0.006495,track_b_cont
trackb_cont_BBAI_20260604,BBAI,2026-06-04,2026-08-03,,,,4.7827,call,BULLISH,CONTINUATION,5.0,NEUTRAL,477883.0,17,28.397,True,True,True,0.7953,0.000295,track_b_cont
trackb_cont_DGXX_20260604,DGXX,2026-06-04,2026-08-03,,,,7.69,call,BULLISH,CONTINUATION,5.0,NEUTRAL,469568.0,7,28.358,True,True,True,0.7016,0.001404,track_b_cont
trackb_cont_WDAY_20260604,WDAY,2026-06-04,2026-08-03,,,,144.25,call,BULLISH,CONTINUATION,4.81,NEUTRAL,722623.0,19,28.181,True,True,True,0.7882,0.009774,track_b_cont
trackb_cont_FCEL_20260604,FCEL,2026-06-04,2026-08-03,,,,22.63,call,BULLISH,CONTINUATION,5.0,NEUTRAL,402318.0,15,28.023,True,True,True,0.809,0.008657,track_b_cont
trackb_cont_MS_20260604,MS,2026-06-04,2026-08-03,,,,209.76,call,BULLISH,CONTINUATION,5.0,NEUTRAL,390392.0,4,27.957,True,True,True,0.933,0.009992,track_b_cont
trackb_cont_CLMT_20260604,CLMT,2026-06-04,2026-08-03,,,,37.755,call,BULLISH,CONTINUATION,5.0,NEUTRAL,373555.0,4,27.862,True,True,True,0.9114,0.000746,track_b_cont
trackb_cont_VECO_20260604,VECO,2026-06-04,2026-08-03,,,,60.45,call,BULLISH,CONTINUATION,5.0,NEUTRAL,358316.0,6,27.771,True,True,True,0.7263,-0.000702,track_b_cont
trackb_cont_MET_20260604,MET,2026-06-04,2026-08-03,,,,81.04,call,BULLISH,CONTINUATION,5.0,NEUTRAL,330026.0,1,27.593,True,True,True,0.7145,0.003549,track_b_cont
trackb_cont_CRSR_20260604,CRSR,2026-06-04,2026-08-03,,,,10.685,call,BULLISH,CONTINUATION,5.0,NEUTRAL,327128.0,10,27.574,True,True,True,0.7562,0.002466,track_b_cont
trackb_cont_GWW_20260604,GWW,2026-06-04,2026-08-03,,,,1293.62,call,BULLISH,CONTINUATION,5.0,NEUTRAL,323880.0,2,27.552,True,True,True,0.8888,0.007671,track_b_cont
trackb_cont_BRKR_20260604,BRKR,2026-06-04,2026-08-03,,,,58.38,call,BULLISH,CONTINUATION,5.0,NEUTRAL,319037.0,6,27.519,True,True,True,0.9256,0.009359,track_b_cont
trackb_cont_IBKR_20260604,IBKR,2026-06-04,2026-08-03,,,,87.825,call,BULLISH,CONTINUATION,5.0,NEUTRAL,293686.0,8,27.339,True,True,True,0.808,-0.00309,track_b_cont
trackb_cont_APP_20260604,APP,2026-06-04,2026-08-03,,,,573.165,call,BULLISH,CONTINUATION,3.97,NEUTRAL,7174547.0,31,27.218,True,True,True,0.9085,0.072715,track_b_cont
trackb_cont_TMO_20260604,TMO,2026-06-04,2026-08-03,,,,472.57,call,BULLISH,CONTINUATION,4.67,NEUTRAL,629330.0,4,27.081,True,True,True,0.7345,-0.002623,track_b_cont
trackb_cont_KOPN_20260604,KOPN,2026-06-04,2026-08-03,,,,6.145,call,BULLISH,CONTINUATION,5.0,NEUTRAL,219935.0,11,26.712,True,True,True,0.8444,0.000342,track_b_cont
trackb_cont_METC_20260604,METC,2026-06-04,2026-08-03,,,,16.845,call,BULLISH,CONTINUATION,5.0,NEUTRAL,214224.0,10,26.654,True,True,True,0.8828,-0.000422,track_b_cont
trackb_cont_VLO_20260604,VLO,2026-06-04,2026-08-03,,,,263.89,call,BULLISH,CONTINUATION,5.0,NEUTRAL,211280.0,2,26.624,True,True,True,0.8832,-0.000714,track_b_cont
trackb_cont_BBY_20260604,BBY,2026-06-04,2026-08-03,,,,71.22,call,BULLISH,CONTINUATION,5.0,NEUTRAL,208884.0,9,26.599,True,True,True,0.7654,0.011299,track_b_cont
trackb_cont_ADM_20260604,ADM,2026-06-04,2026-08-03,,,,84.835,call,BULLISH,CONTINUATION,5.0,NEUTRAL,200933.0,7,26.515,True,True,True,0.8653,-0.001389,track_b_cont
trackb_cont_ASPI_20260604,ASPI,2026-06-04,2026-08-03,,,,7.7392,call,BULLISH,CONTINUATION,5.0,NEUTRAL,197580.0,6,26.479,True,True,True,0.9438,0.001092,track_b_cont
trackb_cont_FBIN_20260604,FBIN,2026-06-04,2026-08-03,,,,38.8,call,BULLISH,CONTINUATION,5.0,NEUTRAL,196796.0,6,26.47,True,True,True,0.8037,-0.000401,track_b_cont
trackb_cont_DHI_20260604,DHI,2026-06-04,2026-08-03,,,,145.0,call,BULLISH,CONTINUATION,5.0,NEUTRAL,193464.0,6,26.433,True,True,True,0.7606,-0.002231,track_b_cont
trackb_cont_VPG_20260604,VPG,2026-06-04,2026-08-03,,,,130.55,call,BULLISH,CONTINUATION,5.0,NEUTRAL,183950.0,1,26.323,True,True,True,0.9567,0.052624,track_b_cont
trackb_cont_PUSA_20260604,PUSA,2026-06-04,2026-08-03,,,,5.88,call,BULLISH,CONTINUATION,5.0,NEUTRAL,176548.0,5,26.234,True,True,True,0.9686,-0.000499,track_b_cont
trackb_cont_TWLO_20260604,TWLO,2026-06-04,2026-08-03,,,,218.485,call,BULLISH,CONTINUATION,4.21,NEUTRAL,1677904.0,20,26.206,True,True,True,0.9596,-0.004588,track_b_cont
trackb_cont_MGM_20260604,MGM,2026-06-04,2026-08-03,,,,47.79,call,BULLISH,CONTINUATION,5.0,NEUTRAL,160115.0,8,26.022,True,True,True,0.8015,0.004035,track_b_cont
trackb_cont_AVT_20260604,AVT,2026-06-04,2026-08-03,,,,93.26,call,BULLISH,CONTINUATION,5.0,NEUTRAL,148817.0,6,25.863,True,True,True,0.8466,0.00253,track_b_cont
trackb_cont_STLD_20260604,STLD,2026-06-04,2026-08-03,,,,275.23,call,BULLISH,CONTINUATION,5.0,NEUTRAL,147975.0,4,25.851,True,True,True,0.9607,0.01232,track_b_cont
trackb_cont_SPXC_20260604,SPXC,2026-06-04,2026-08-03,,,,239.62,call,BULLISH,CONTINUATION,5.0,NEUTRAL,147000.0,1,25.837,True,True,True,0.9974,0.006647,track_b_cont
trackb_cont_CCL_20260604,CCL,2026-06-04,2026-08-03,,,,27.385,call,BULLISH,CONTINUATION,3.88,NEUTRAL,4547275.0,22,25.832,True,True,True,0.8465,0.00092,track_b_cont
trackb_cont_CYRX_20260604,CYRX,2026-06-04,2026-08-03,,,,16.38,call,BULLISH,CONTINUATION,5.0,NEUTRAL,142680.0,1,25.772,True,True,True,0.8945,0.002167,track_b_cont
trackb_cont_DAL_20260604,DAL,2026-06-04,2026-08-03,,,,79.04,call,BULLISH,CONTINUATION,5.0,NEUTRAL,130242.0,1,25.574,True,True,True,0.7629,0.007319,track_b_cont
trackb_cont_UTI_20260604,UTI,2026-06-04,2026-08-03,,,,43.5599,call,BULLISH,CONTINUATION,5.0,NEUTRAL,129747.0,3,25.566,True,True,True,0.9679,0.000295,track_b_cont
trackb_cont_IQV_20260604,IQV,2026-06-04,2026-08-03,,,,176.0,call,BULLISH,CONTINUATION,5.0,NEUTRAL,121820.0,2,25.429,True,True,True,0.745,-0.003562,track_b_cont
trackb_cont_UMAC_20260604,UMAC,2026-06-04,2026-08-03,,,,29.4,call,BULLISH,CONTINUATION,4.23,NEUTRAL,1021413.0,33,25.419,True,True,True,0.9561,0.009318,track_b_cont
trackb_cont_CRS_20260604,CRS,2026-06-04,2026-08-03,,,,486.31,call,BULLISH,CONTINUATION,4.54,NEUTRAL,384481.0,4,25.355,True,True,True,0.9211,0.013566,track_b_cont
trackb_cont_ADP_20260604,ADP,2026-06-04,2026-08-03,,,,225.73,call,BULLISH,CONTINUATION,5.0,NEUTRAL,115056.0,2,25.305,True,True,True,0.8823,0.009996,track_b_cont
trackb_cont_DXCM_20260604,DXCM,2026-06-04,2026-08-03,,,,72.125,call,BULLISH,CONTINUATION,5.0,NEUTRAL,112979.0,4,25.265,True,True,True,0.8448,0.014331,track_b_cont
trackb_cont_ARRY_20260604,ARRY,2026-06-04,2026-08-03,,,,8.885,call,BULLISH,CONTINUATION,5.0,NEUTRAL,110115.0,6,25.209,True,True,True,0.8457,0.000158,track_b_cont
trackb_cont_VRSK_20260604,VRSK,2026-06-04,2026-08-03,,,,177.96,call,BULLISH,CONTINUATION,5.0,NEUTRAL,107184.0,2,25.151,True,True,True,0.8123,0.001592,track_b_cont
trackb_cont_RH_20260604,RH,2026-06-04,2026-08-03,,,,148.92,call,BULLISH,CONTINUATION,5.0,NEUTRAL,107049.0,4,25.148,True,True,True,0.9407,0.013997,track_b_cont
trackb_cont_VAC_20260604,VAC,2026-06-04,2026-08-03,,,,84.75,call,BULLISH,CONTINUATION,5.0,NEUTRAL,104314.0,5,25.092,True,True,True,0.9239,0.007662,track_b_cont
trackb_cont_PTON_20260604,PTON,2026-06-04,2026-08-03,,,,6.035,call,BULLISH,CONTINUATION,5.0,NEUTRAL,103399.0,4,25.073,True,True,True,0.8788,0.000527,track_b_cont
trackb_cont_LUMN_20260604,LUMN,2026-06-04,2026-08-03,,,,10.095,call,BULLISH,CONTINUATION,5.0,NEUTRAL,102600.0,3,25.056,True,True,True,0.7651,0.000975,track_b_cont
trackb_cont_CXW_20260604,CXW,2026-06-04,2026-08-03,,,,21.555,call,BULLISH,CONTINUATION,5.0,NEUTRAL,98121.0,3,24.959,True,True,True,0.7059,0.000523,track_b_cont
trackb_cont_LUV_20260604,LUV,2026-06-04,2026-08-03,,,,41.38,call,BULLISH,CONTINUATION,5.0,NEUTRAL,97164.0,5,24.938,True,True,True,0.7087,0.001226,track_b_cont
trackb_cont_KMX_20260604,KMX,2026-06-04,2026-08-03,,,,46.585,call,BULLISH,CONTINUATION,5.0,NEUTRAL,90150.0,3,24.775,True,True,True,0.8538,0.002985,track_b_cont
trackb_cont_NTAP_20260604,NTAP,2026-06-04,2026-08-03,,,,179.3,call,BULLISH,CONTINUATION,4.19,NEUTRAL,806584.0,10,24.749,True,True,True,0.7914,0.03633,track_b_cont
trackb_cont_IRDM_20260604,IRDM,2026-06-04,2026-08-03,,,,51.1,call,BULLISH,CONTINUATION,5.0,NEUTRAL,86906.0,2,24.695,True,True,True,0.8087,0.008409,track_b_cont
trackb_cont_NRGV_20260604,NRGV,2026-06-04,2026-08-03,,,,6.07,call,BULLISH,CONTINUATION,5.0,NEUTRAL,86767.0,3,24.692,True,True,True,0.7962,1.5e-05,track_b_cont
trackb_cont_SIRI_20260604,SIRI,2026-06-04,2026-08-03,,,,28.105,call,BULLISH,CONTINUATION,5.0,NEUTRAL,84478.0,3,24.634,True,True,True,0.7087,0.002478,track_b_cont
trackb_cont_STRL_20260604,STRL,2026-06-04,2026-08-03,,,,950.03,call,BULLISH,CONTINUATION,5.0,NEUTRAL,83990.0,3,24.621,True,True,True,0.9076,-0.054198,track_b_cont
trackb_cont_ENS_20260604,ENS,2026-06-04,2026-08-03,,,,238.715,call,BULLISH,CONTINUATION,5.0,NEUTRAL,83588.0,4,24.611,True,True,True,0.7942,-0.003638,track_b_cont
trackb_cont_ORA_20260604,ORA,2026-06-04,2026-08-03,,,,145.665,call,BULLISH,CONTINUATION,5.0,NEUTRAL,80200.0,2,24.521,True,True,True,0.9922,0.013721,track_b_cont
trackb_cont_ILMN_20260604,ILMN,2026-06-04,2026-08-03,,,,167.275,call,BULLISH,CONTINUATION,5.0,NEUTRAL,79380.0,3,24.499,True,True,True,0.8907,0.009101,track_b_cont
trackb_cont_FDX_20260604,FDX,2026-06-04,2026-08-03,,,,327.65,call,BULLISH,CONTINUATION,5.0,NEUTRAL,76379.0,1,24.415,True,True,True,0.773,0.021778,track_b_cont
trackb_cont_AMT_20260604,AMT,2026-06-04,2026-08-03,,,,186.33,call,BULLISH,CONTINUATION,5.0,NEUTRAL,73720.0,1,24.338,True,True,True,0.8558,0.006676,track_b_cont
trackb_cont_PBI_20260604,PBI,2026-06-04,2026-08-03,,,,16.23,call,BULLISH,CONTINUATION,5.0,NEUTRAL,73500.0,1,24.331,True,True,True,0.8878,0.000143,track_b_cont
trackb_cont_SSYS_20260604,SSYS,2026-06-04,2026-08-03,,,,10.055,call,BULLISH,CONTINUATION,5.0,NEUTRAL,71789.0,3,24.28,True,True,True,0.8982,0.000915,track_b_cont
trackb_cont_SLDP_20260604,SLDP,2026-06-04,2026-08-03,,,,3.2939,call,BULLISH,CONTINUATION,5.0,NEUTRAL,71500.0,2,24.272,True,True,True,0.9375,-3.7e-05,track_b_cont
trackb_cont_CHRW_20260604,CHRW,2026-06-04,2026-08-03,,,,181.36,call,BULLISH,CONTINUATION,5.0,NEUTRAL,68862.0,2,24.19,True,True,True,0.8302,0.010293,track_b_cont
trackb_cont_MARA_20260604,MARA,2026-06-04,2026-08-03,,,,14.06,call,BULLISH,CONTINUATION,3.85,NEUTRAL,1813490.0,59,24.095,True,True,True,0.7256,0.001256,track_b_cont
trackb_cont_OII_20260604,OII,2026-06-04,2026-08-03,,,,38.65,call,BULLISH,CONTINUATION,5.0,NEUTRAL,63842.0,2,24.026,True,True,True,0.7112,3.8e-05,track_b_cont
trackb_cont_CMCO_20260604,CMCO,2026-06-04,2026-08-03,,,,15.16,call,BULLISH,CONTINUATION,5.0,NEUTRAL,62133.0,3,23.967,True,True,True,0.8039,-0.00044,track_b_cont
trackb_cont_NTGR_20260604,NTGR,2026-06-04,2026-08-03,,,,26.14,call,BULLISH,CONTINUATION,5.0,NEUTRAL,61000.0,3,23.927,True,True,True,0.8064,-0.000719,track_b_cont
trackb_cont_ADTN_20260604,ADTN,2026-06-04,2026-08-03,,,,17.31,call,BULLISH,CONTINUATION,5.0,NEUTRAL,58732.0,2,23.844,True,True,True,0.7075,0.000842,track_b_cont
trackb_cont_VELO_20260604,VELO,2026-06-04,2026-08-03,,,,20.24,call,BULLISH,CONTINUATION,5.0,NEUTRAL,55400.0,3,23.718,True,True,True,0.7057,0.008902,track_b_cont
trackb_cont_NTRS_20260604,NTRS,2026-06-04,2026-08-03,,,,166.85,call,BULLISH,CONTINUATION,5.0,NEUTRAL,54612.0,3,23.686,True,True,True,0.96,0.003101,track_b_cont
trackb_cont_WYNN_20260604,WYNN,2026-06-04,2026-08-03,,,,103.43,call,BULLISH,CONTINUATION,4.08,NEUTRAL,621771.0,11,23.638,True,True,True,0.7318,-0.003479,track_b_cont
trackb_cont_BOOT_20260604,BOOT,2026-06-04,2026-08-03,,,,169.155,call,BULLISH,CONTINUATION,5.0,NEUTRAL,51850.0,1,23.574,True,True,True,0.8981,0.000944,track_b_cont
trackb_cont_MNST_20260604,MNST,2026-06-04,2026-08-03,,,,88.91,call,BULLISH,CONTINUATION,5.0,NEUTRAL,50830.0,1,23.531,True,True,True,0.8921,0.005258,track_b_cont
trackb_cont_DDD_20260604,DDD,2026-06-04,2026-08-03,,,,3.75,call,BULLISH,CONTINUATION,5.0,NEUTRAL,50055.0,3,23.497,True,True,True,0.8667,0.000706,track_b_cont
trackb_cont_PVH_20260604,PVH,2026-06-04,2026-08-03,,,,100.28,call,BULLISH,CONTINUATION,5.0,NEUTRAL,49530.0,2,23.474,True,True,True,0.9492,0.005444,track_b_cont
trackb_cont_UCTT_20260604,UCTT,2026-06-04,2026-08-03,,,,92.52,call,BULLISH,CONTINUATION,5.0,NEUTRAL,48925.0,2,23.448,True,True,True,0.896,7e-06,track_b_cont
trackb_cont_MP_20260604,MP,2026-06-04,2026-08-03,,,,68.66,call,BULLISH,CONTINUATION,3.7,NEUTRAL,2120146.0,47,23.408,True,True,True,0.8037,-0.004318,track_b_cont
trackb_cont_GS_20260604,GS,2026-06-04,2026-08-03,,,,1037.63,call,BULLISH,CONTINUATION,3.3,NEUTRAL,12126611.0,54,23.376,True,True,True,0.9447,0.063124,track_b_cont
trackb_cont_MKSI_20260604,MKSI,2026-06-04,2026-08-03,,,,337.78,call,BULLISH,CONTINUATION,5.0,NEUTRAL,44860.0,1,23.259,True,True,True,0.8701,0.01157,track_b_cont
trackb_cont_SNX_20260604,SNX,2026-06-04,2026-08-03,,,,278.2175,call,BULLISH,CONTINUATION,5.0,NEUTRAL,42537.0,2,23.144,True,True,True,0.893,0.012051,track_b_cont
trackb_cont_BXP_20260604,BXP,2026-06-04,2026-08-03,,,,60.37,call,BULLISH,CONTINUATION,5.0,NEUTRAL,42150.0,1,23.124,True,True,True,0.9566,3.3e-05,track_b_cont
trackb_cont_TDOC_20260604,TDOC,2026-06-04,2026-08-03,,,,7.185,call,BULLISH,CONTINUATION,5.0,NEUTRAL,40367.0,3,23.03,True,True,True,0.7232,0.000117,track_b_cont
trackb_cont_JBHT_20260604,JBHT,2026-06-04,2026-08-03,,,,279.08,call,BULLISH,CONTINUATION,5.0,NEUTRAL,39600.0,1,22.988,True,True,True,0.9106,0.024945,track_b_cont
trackb_cont_HRL_20260604,HRL,2026-06-04,2026-08-03,,,,23.435,call,BULLISH,CONTINUATION,5.0,NEUTRAL,37649.0,2,22.879,True,True,True,0.8711,0.001509,track_b_cont
trackb_cont_CZR_20260604,CZR,2026-06-04,2026-08-03,,,,29.245,call,BULLISH,CONTINUATION,5.0,NEUTRAL,35248.0,2,22.736,True,True,True,0.9841,0.000759,track_b_cont
trackb_cont_TNL_20260604,TNL,2026-06-04,2026-08-03,,,,69.65,call,BULLISH,CONTINUATION,5.0,NEUTRAL,35230.0,2,22.735,True,True,True,0.9506,0.002638,track_b_cont
trackb_cont_PRU_20260604,PRU,2026-06-04,2026-08-03,,,,100.975,call,BULLISH,CONTINUATION,5.0,NEUTRAL,30999.0,2,22.457,True,True,True,0.9001,0.0001,track_b_cont
trackb_cont_PENN_20260604,PENN,2026-06-04,2026-08-03,,,,19.675,call,BULLISH,CONTINUATION,5.0,NEUTRAL,30506.0,2,22.422,True,True,True,0.9075,0.001819,track_b_cont
trackb_cont_AXTA_20260604,AXTA,2026-06-04,2026-08-03,,,,31.26,call,BULLISH,CONTINUATION,5.0,NEUTRAL,29725.0,1,22.366,True,True,True,0.7479,0.001645,track_b_cont
trackb_cont_COHU_20260604,COHU,2026-06-04,2026-08-03,,,,56.5,call,BULLISH,CONTINUATION,5.0,NEUTRAL,29000.0,1,22.312,True,True,True,0.948,0.000833,track_b_cont
trackb_cont_ABAT_20260604,ABAT,2026-06-04,2026-08-03,,,,3.6901,call,BULLISH,CONTINUATION,5.0,NEUTRAL,27984.0,2,22.235,True,True,True,0.9508,0.000122,track_b_cont
trackb_cont_STT_20260604,STT,2026-06-04,2026-08-03,,,,157.06,call,BULLISH,CONTINUATION,5.0,NEUTRAL,27499.0,1,22.197,True,True,True,0.8554,0.00369,track_b_cont
trackb_cont_PRMB_20260604,PRMB,2026-06-04,2026-08-03,,,,24.205,call,BULLISH,CONTINUATION,5.0,NEUTRAL,27000.0,2,22.157,True,True,True,0.8925,0.001623,track_b_cont
trackb_cont_ALM_20260604,ALM,2026-06-04,2026-08-03,,,,20.495,call,BULLISH,CONTINUATION,5.0,NEUTRAL,26105.0,1,22.084,True,True,True,0.7304,-0.001373,track_b_cont
trackb_cont_NNBR_20260604,NNBR,2026-06-04,2026-08-03,,,,3.055,call,BULLISH,CONTINUATION,5.0,NEUTRAL,26000.0,1,22.075,True,True,True,0.9123,0.000305,track_b_cont
trackb_cont_HPQ_20260604,HPQ,2026-06-04,2026-08-03,,,,26.34,call,BULLISH,CONTINUATION,3.41,NEUTRAL,2932509.0,40,22.053,True,True,True,0.7457,0.004112,track_b_cont
trackb_cont_TEAM_20260604,TEAM,2026-06-04,2026-08-03,,,,101.4401,call,BULLISH,CONTINUATION,3.61,NEUTRAL,1217706.0,29,21.969,True,True,True,0.7504,0.005674,track_b_cont
trackb_cont_YETI_20260604,YETI,2026-06-04,2026-08-03,,,,47.26,call,BULLISH,CONTINUATION,5.0,NEUTRAL,24720.0,2,21.965,True,True,True,0.7488,0.005784,track_b_cont
trackb_cont_TRIP_20260604,TRIP,2026-06-04,2026-08-03,,,,11.875,call,BULLISH,CONTINUATION,5.0,NEUTRAL,21300.0,2,21.642,True,True,True,0.8788,1.8e-05,track_b_cont
trackb_cont_PK_20260604,PK,2026-06-04,2026-08-03,,,,13.625,call,BULLISH,CONTINUATION,5.0,NEUTRAL,20780.0,2,21.588,True,True,True,0.9869,0.000963,track_b_cont
trackb_cont_ROK_20260604,ROK,2026-06-04,2026-08-03,,,,462.165,call,BULLISH,CONTINUATION,3.75,NEUTRAL,511982.0,3,21.41,True,True,True,0.9589,-0.00698,track_b_cont
trackb_cont_LSTR_20260604,LSTR,2026-06-04,2026-08-03,,,,214.9,call,BULLISH,CONTINUATION,5.0,NEUTRAL,17100.0,1,21.165,True,True,True,0.9588,0.025025,track_b_cont
trackb_cont_RUM_20260604,RUM,2026-06-04,2026-08-03,,,,8.56,call,BULLISH,CONTINUATION,5.0,NEUTRAL,16650.0,1,21.107,True,True,True,0.7096,0.000931,track_b_cont
trackb_cont_SDGR_20260604,SDGR,2026-06-04,2026-08-03,,,,14.69,call,BULLISH,CONTINUATION,5.0,NEUTRAL,16500.0,1,21.088,True,True,True,0.7461,0.000913,track_b_cont
trackb_cont_RRR_20260604,RRR,2026-06-04,2026-08-03,,,,56.75,call,BULLISH,CONTINUATION,5.0,NEUTRAL,16350.0,1,21.068,True,True,True,0.7625,0.003208,track_b_cont
trackb_cont_CAKE_20260604,CAKE,2026-06-04,2026-08-03,,,,65.19,call,BULLISH,CONTINUATION,5.0,NEUTRAL,15500.0,1,20.952,True,True,True,0.7657,0.002842,track_b_cont
trackb_cont_EIX_20260604,EIX,2026-06-04,2026-08-03,,,,72.345,call,BULLISH,CONTINUATION,5.0,NEUTRAL,15075.0,1,20.891,True,True,True,0.8465,-0.000647,track_b_cont
trackb_cont_NUE_20260604,NUE,2026-06-04,2026-08-03,,,,259.73,call,BULLISH,CONTINUATION,3.65,NEUTRAL,515340.0,3,20.849,True,True,True,0.9533,0.007477,track_b_cont
trackb_cont_W_20260604,W,2026-06-04,2026-08-03,,,,68.5675,call,BULLISH,CONTINUATION,3.48,NEUTRAL,951359.0,24,20.805,True,True,True,0.7924,0.006568,track_b_cont
trackb_cont_SKLZ_20260604,SKLZ,2026-06-04,2026-08-03,,,,9.52,call,BULLISH,CONTINUATION,5.0,NEUTRAL,13585.0,1,20.666,True,True,True,0.9525,0.002925,track_b_cont
trackb_cont_FITB_20260604,FITB,2026-06-04,2026-08-03,,,,49.65,call,BULLISH,CONTINUATION,5.0,NEUTRAL,12480.0,1,20.481,True,True,True,0.7888,-0.000684,track_b_cont
trackb_cont_PPG_20260604,PPG,2026-06-04,2026-08-03,,,,111.75,call,BULLISH,CONTINUATION,5.0,NEUTRAL,12396.0,1,20.467,True,True,True,0.9154,0.001089,track_b_cont
trackb_cont_TBCH_20260604,TBCH,2026-06-04,2026-08-03,,,,12.78,call,BULLISH,CONTINUATION,5.0,NEUTRAL,12150.0,1,20.423,True,True,True,0.9623,0.00032,track_b_cont
trackb_cont_RF_20260604,RF,2026-06-04,2026-08-03,,,,27.46,call,BULLISH,CONTINUATION,5.0,NEUTRAL,12150.0,1,20.423,True,True,True,0.8908,-0.000124,track_b_cont
trackb_cont_PAYX_20260604,PAYX,2026-06-04,2026-08-03,,,,98.21,call,BULLISH,CONTINUATION,5.0,NEUTRAL,12076.0,1,20.41,True,True,True,0.8625,0.004434,track_b_cont
trackb_cont_STUB_20260604,STUB,2026-06-04,2026-08-03,,,,9.585,call,BULLISH,CONTINUATION,5.0,NEUTRAL,12001.0,1,20.396,True,True,True,0.8241,0.00254,track_b_cont
trackb_cont_SHLS_20260604,SHLS,2026-06-04,2026-08-03,,,,12.5305,call,BULLISH,CONTINUATION,5.0,NEUTRAL,12000.0,1,20.396,True,True,True,0.868,0.002775,track_b_cont
trackb_cont_VLY_20260604,VLY,2026-06-04,2026-08-03,,,,13.56,call,BULLISH,CONTINUATION,5.0,NEUTRAL,11760.0,1,20.352,True,True,True,0.9252,-3e-05,track_b_cont
trackb_cont_LRN_20260604,LRN,2026-06-04,2026-08-03,,,,97.875,call,BULLISH,CONTINUATION,5.0,NEUTRAL,11700.0,1,20.341,True,True,True,0.9267,-0.000165,track_b_cont
trackb_cont_RLGT_20260604,RLGT,2026-06-04,2026-08-03,,,,8.59,call,BULLISH,CONTINUATION,5.0,NEUTRAL,11250.0,1,20.256,True,True,True,0.8785,0.000126,track_b_cont
trackb_cont_WOR_20260604,WOR,2026-06-04,2026-08-03,,,,57.37,call,BULLISH,CONTINUATION,5.0,NEUTRAL,11074.0,1,20.222,True,True,True,0.8918,6.8e-05,track_b_cont
trackb_cont_NMAX_20260604,NMAX,2026-06-04,2026-08-03,,,,8.34,call,BULLISH,CONTINUATION,5.0,NEUTRAL,11000.0,1,20.207,True,True,True,0.9357,0.001904,track_b_cont
trackb_cont_OSS_20260604,OSS,2026-06-04,2026-08-03,,,,18.99,call,BULLISH,CONTINUATION,5.0,NEUTRAL,11000.0,1,20.207,True,True,True,0.9183,0.00348,track_b_cont
trackb_cont_MSM_20260604,MSM,2026-06-04,2026-08-03,,,,116.22,call,BULLISH,CONTINUATION,5.0,NEUTRAL,10500.0,1,20.106,True,True,True,0.9478,0.001925,track_b_cont
trackb_cont_TMHC_20260604,TMHC,2026-06-04,2026-08-03,,,,71.585,call,BULLISH,CONTINUATION,5.0,NEUTRAL,10000.0,1,20.0,True,True,True,0.9824,0.001461,track_b_cont
trackb_cont_PSX_20260604,PSX,2026-06-04,2026-08-03,,,,186.47,call,BULLISH,CONTINUATION,3.06,NEUTRAL,912657.0,7,18.238,True,True,True,0.8945,0.002101,track_b_cont
trackb_cont_GNRC_20260604,GNRC,2026-06-04,2026-08-03,,,,287.39,call,BULLISH,CONTINUATION,2.89,NEUTRAL,1680278.0,13,17.991,True,True,True,0.8286,-0.006876,track_b_cont
trackb_cont_ABBV_20260604,ABBV,2026-06-04,2026-08-03,,,,218.64,call,BULLISH,CONTINUATION,3.06,NEUTRAL,334254.0,5,16.904,True,True,True,0.7694,0.006111,track_b_cont
trackb_cont_AEHR_20260604,AEHR,2026-06-04,2026-08-03,,,,114.93,call,BULLISH,CONTINUATION,2.5,NEUTRAL,746302.0,13,14.682,True,True,True,0.9726,-0.003833,track_b_cont
trackb_cont_A_20260604,A,2026-06-04,2026-08-03,,,,138.695,call,BULLISH,CONTINUATION,2.74,NEUTRAL,101194.0,2,13.714,True,True,True,0.8613,0.008021,track_b_cont
trackb_cont_MOD_20260604,MOD,2026-06-04,2026-08-03,,,,308.74,call,BULLISH,CONTINUATION,1.92,NEUTRAL,820565.0,8,11.355,True,True,True,0.8201,-0.009696,track_b_cont
trackb_cont_FTNT_20260604,FTNT,2026-06-04,2026-08-03,,,,147.055,call,BULLISH,CONTINUATION,1.78,NEUTRAL,1311050.0,7,10.889,True,True,True,0.9972,0.032516,track_b_cont
trackb_cont_GFS_20260604,GFS,2026-06-04,2026-08-03,,,,86.19,call,BULLISH,CONTINUATION,1.6,NEUTRAL,2726649.0,37,10.297,True,True,True,0.706,0.008041,track_b_cont
trackb_cont_GE_20260604,GE,2026-06-04,2026-08-03,,,,316.15,call,BULLISH,CONTINUATION,1.67,NEUTRAL,1227210.0,10,10.168,True,True,True,0.8075,0.014983,track_b_cont
trackb_cont_LEN_20260604,LEN,2026-06-04,2026-08-03,,,,89.18,call,BULLISH,CONTINUATION,1.74,NEUTRAL,177256.0,4,9.133,True,True,True,0.7714,0.001235,track_b_cont
trackb_cont_HUM_20260604,HUM,2026-06-04,2026-08-03,,,,328.49,call,BULLISH,CONTINUATION,1.51,NEUTRAL,827393.0,12,8.936,True,True,True,0.8701,0.04276,track_b_cont
trackb_cont_ARES_20260604,ARES,2026-06-04,2026-08-03,,,,121.9,call,BULLISH,CONTINUATION,1.56,NEUTRAL,169833.0,4,8.159,True,True,True,0.7356,-0.001142,track_b_cont
trackb_cont_CRWD_20260604,CRWD,2026-06-04,2026-08-03,,,,751.71,call,BULLISH,CONTINUATION,1.0,NEUTRAL,18899747.0,63,7.277,True,True,True,0.9491,0.196737,track_b_cont
trackb_cont_JBL_20260604,JBL,2026-06-04,2026-08-03,,,,380.9,call,BULLISH,CONTINUATION,0.88,NEUTRAL,2574458.0,11,5.641,True,True,True,0.8537,0.003116,track_b_cont
trackb_cont_AFRM_20260604,AFRM,2026-06-04,2026-08-03,,,,65.645,call,BULLISH,CONTINUATION,0.54,NEUTRAL,349487.0,9,2.994,True,True,True,0.7279,0.00299,track_b_cont
trackb_cont_NVRI_20260604,NVRI,2026-06-04,2026-08-03,,,,18.33,call,BULLISH,CONTINUATION,5.0,NEUTRAL,0.0,0,0.0,True,True,True,1.0,0.002075,track_b_cont
trackb_cont_EXTR_20260604,EXTR,2026-06-04,2026-08-03,,,,28.67,call,BULLISH,CONTINUATION,5.0,NEUTRAL,0.0,0,0.0,True,True,True,1.0,0.002527,track_b_cont
trackb_cont_HPP_20260604,HPP,2026-06-04,2026-08-03,,,,12.915,call,BULLISH,CONTINUATION,5.0,NEUTRAL,0.0,0,0.0,True,True,True,0.9955,0.000778,track_b_cont
trackb_cont_CVLG_20260604,CVLG,2026-06-04,2026-08-03,,,,42.0588,call,BULLISH,CONTINUATION,5.0,NEUTRAL,0.0,0,0.0,True,True,True,0.9955,0.007161,track_b_cont
trackb_cont_CUZ_20260604,CUZ,2026-06-04,2026-08-03,,,,27.18,call,BULLISH,CONTINUATION,5.0,NEUTRAL,0.0,0,0.0,True,True,True,0.995,-0.000196,track_b_cont
trackb_cont_DBI_20260604,DBI,2026-06-04,2026-08-03,,,,8.6,call,BULLISH,CONTINUATION,5.0,NEUTRAL,0.0,0,0.0,True,True,True,0.9889,0.00068,track_b_cont
trackb_cont_PRLB_20260604,PRLB,2026-06-04,2026-08-03,,,,75.6,call,BULLISH,CONTINUATION,5.0,NEUTRAL,0.0,0,0.0,True,True,True,0.9886,0.003348,track_b_cont
trackb_cont_SANM_20260604,SANM,2026-06-04,2026-08-03,,,,283.72,call,BULLISH,CONTINUATION,5.0,NEUTRAL,0.0,0,0.0,True,True,True,0.9868,0.015842,track_b_cont
trackb_cont_MEC_20260604,MEC,2026-06-04,2026-08-03,,,,32.37,call,BULLISH,CONTINUATION,5.0,NEUTRAL,0.0,0,0.0,True,True,True,0.9852,0.001266,track_b_cont
trackb_cont_KREF_20260604,KREF,2026-06-04,2026-08-03,,,,6.735,call,BULLISH,CONTINUATION,5.0,NEUTRAL,0.0,0,0.0,True,True,True,0.9851,-8.6e-05,track_b_cont
trackb_cont_SHOO_20260604,SHOO,2026-06-04,2026-08-03,,,,43.79,call,BULLISH,CONTINUATION,5.0,NEUTRAL,0.0,0,0.0,True,True,True,0.9847,0.003512,track_b_cont
trackb_cont_TKR_20260604,TKR,2026-06-04,2026-08-03,,,,131.815,call,BULLISH,CONTINUATION,5.0,NEUTRAL,0.0,0,0.0,True,True,True,0.9806,0.008299,track_b_cont
trackb_cont_PACK_20260604,PACK,2026-06-04,2026-08-03,,,,7.02,call,BULLISH,CONTINUATION,5.0,NEUTRAL,0.0,0,0.0,True,True,True,0.9778,0.00034,track_b_cont
trackb_cont_SNDR_20260604,SNDR,2026-06-04,2026-08-03,,,,36.68,call,BULLISH,CONTINUATION,5.0,NEUTRAL,0.0,0,0.0,True,True,True,0.9774,0.00458,track_b_cont
trackb_cont_ATEX_20260604,ATEX,2026-06-04,2026-08-03,,,,65.525,call,BULLISH,CONTINUATION,5.0,NEUTRAL,0.0,0,0.0,True,True,True,0.9773,0.011044,track_b_cont
trackb_cont_LFUS_20260604,LFUS,2026-06-04,2026-08-03,,,,493.53,call,BULLISH,CONTINUATION,5.0,NEUTRAL,0.0,0,0.0,True,True,True,0.9767,0.005767,track_b_cont
trackb_cont_CLDT_20260604,CLDT,2026-06-04,2026-08-03,,,,11.15,call,BULLISH,CONTINUATION,5.0,NEUTRAL,0.0,0,0.0,True,True,True,0.9764,0.001376,track_b_cont
trackb_cont_ARCB_20260604,ARCB,2026-06-04,2026-08-03,,,,140.76,call,BULLISH,CONTINUATION,5.0,NEUTRAL,0.0,0,0.0,True,True,True,0.9746,0.013723,track_b_cont
trackb_cont_WERN_20260604,WERN,2026-06-04,2026-08-03,,,,43.1,call,BULLISH,CONTINUATION,5.0,NEUTRAL,0.0,0,0.0,True,True,True,0.9719,0.005842,track_b_cont
trackb_cont_JEF_20260604,JEF,2026-06-04,2026-08-03,,,,53.02,call,BULLISH,CONTINUATION,5.0,NEUTRAL,0.0,0,0.0,True,True,True,0.9697,-4.1e-05,track_b_cont
trackb_cont_MSGS_20260604,MSGS,2026-06-04,2026-08-03,,,,381.76,call,BULLISH,CONTINUATION,5.0,NEUTRAL,0.0,0,0.0,True,True,True,0.9691,0.023792,track_b_cont
trackb_cont_TITN_20260604,TITN,2026-06-04,2026-08-03,,,,23.35,call,BULLISH,CONTINUATION,5.0,NEUTRAL,0.0,0,0.0,True,True,True,0.9685,-0.000947,track_b_cont
trackb_cont_HTLD_20260604,HTLD,2026-06-04,2026-08-03,,,,15.53,call,BULLISH,CONTINUATION,5.0,NEUTRAL,0.0,0,0.0,True,True,True,0.9668,0.002163,track_b_cont
trackb_cont_VNO_20260604,VNO,2026-06-04,2026-08-03,,,,33.6,call,BULLISH,CONTINUATION,5.0,NEUTRAL,0.0,0,0.0,True,True,True,0.9657,0.001384,track_b_cont
trackb_cont_ODFL_20260604,ODFL,2026-06-04,2026-08-03,,,,233.44,call,BULLISH,CONTINUATION,5.0,NEUTRAL,0.0,0,0.0,True,True,True,0.9652,0.022805,track_b_cont
trackb_cont_BZH_20260604,BZH,2026-06-04,2026-08-03,,,,25.785,call,BULLISH,CONTINUATION,5.0,NEUTRAL,0.0,0,0.0,True,True,True,0.9631,0.004163,track_b_cont
trackb_cont_SRG_20260604,SRG,2026-06-04,2026-08-03,,,,2.74,call,BULLISH,CONTINUATION,5.0,NEUTRAL,0.0,0,0.0,True,True,True,0.963,-0.000149,track_b_cont
trackb_cont_MRTN_20260604,MRTN,2026-06-04,2026-08-03,,,,17.65,call,BULLISH,CONTINUATION,5.0,NEUTRAL,0.0,0,0.0,True,True,True,0.9626,0.002151,track_b_cont
trackb_cont_VSTS_20260604,VSTS,2026-06-04,2026-08-03,,,,13.16,call,BULLISH,CONTINUATION,5.0,NEUTRAL,0.0,0,0.0,True,True,True,0.9616,0.002299,track_b_cont
trackb_cont_R_20260604,R,2026-06-04,2026-08-03,,,,258.92,call,BULLISH,CONTINUATION,5.0,NEUTRAL,0.0,0,0.0,True,True,True,0.9616,0.009704,track_b_cont
trackb_cont_TWST_20260604,TWST,2026-06-04,2026-08-03,,,,71.24,call,BULLISH,CONTINUATION,5.0,NEUTRAL,0.0,0,0.0,True,True,True,0.9614,0.007673,track_b_cont
trackb_cont_TXG_20260604,TXG,2026-06-04,2026-08-03,,,,31.55,call,BULLISH,CONTINUATION,5.0,NEUTRAL,0.0,0,0.0,True,True,True,0.9612,0.005508,track_b_cont
trackb_cont_ARMK_20260604,ARMK,2026-06-04,2026-08-03,,,,53.6,call,BULLISH,CONTINUATION,5.0,NEUTRAL,0.0,0,0.0,True,True,True,0.9611,0.005789,track_b_cont
trackb_cont_PEB_20260604,PEB,2026-06-04,2026-08-03,,,,15.91,call,BULLISH,CONTINUATION,5.0,NEUTRAL,0.0,0,0.0,True,True,True,0.961,0.00078,track_b_cont
trackb_cont_KLAC_20260604,KLAC,2026-06-04,2026-08-03,,,,2075.8999,call,BULLISH,CONTINUATION,0.0,NEUTRAL,3416185.0,9,0.0,True,True,True,0.9598,0.090489,track_b_cont
trackb_cont_VMI_20260604,VMI,2026-06-04,2026-08-03,,,,544.88,call,BULLISH,CONTINUATION,5.0,NEUTRAL,0.0,0,0.0,True,True,True,0.9586,-0.006896,track_b_cont
trackb_cont_MTUS_20260604,MTUS,2026-06-04,2026-08-03,,,,20.035,call,BULLISH,CONTINUATION,5.0,NEUTRAL,0.0,0,0.0,True,True,True,0.9578,0.000614,track_b_cont
trackb_cont_SAH_20260604,SAH,2026-06-04,2026-08-03,,,,83.43,call,BULLISH,CONTINUATION,5.0,NEUTRAL,0.0,0,0.0,True,True,True,0.9574,5.3e-05,track_b_cont
trackb_cont_PAG_20260604,PAG,2026-06-04,2026-08-03,,,,171.935,call,BULLISH,CONTINUATION,5.0,NEUTRAL,0.0,0,0.0,True,True,True,0.9565,-0.007593,track_b_cont
trackb_cont_TRU_20260604,TRU,2026-06-04,2026-08-03,,,,69.015,call,BULLISH,CONTINUATION,5.0,NEUTRAL,0.0,0,0.0,True,True,True,0.9546,0.000386,track_b_cont
trackb_cont_MTB_20260604,MTB,2026-06-04,2026-08-03,,,,214.235,call,BULLISH,CONTINUATION,5.0,NEUTRAL,0.0,0,0.0,True,True,True,0.9537,-0.001284,track_b_cont
trackb_cont_SHO_20260604,SHO,2026-06-04,2026-08-03,,,,11.255,call,BULLISH,CONTINUATION,5.0,NEUTRAL,0.0,0,0.0,True,True,True,0.9536,0.000488,track_b_cont
trackb_cont_SXC_20260604,SXC,2026-06-04,2026-08-03,,,,9.355,call,BULLISH,CONTINUATION,5.0,NEUTRAL,0.0,0,0.0,True,True,True,0.9534,0.001699,track_b_cont
trackb_cont_FLS_20260604,FLS,2026-06-04,2026-08-03,,,,75.79,call,BULLISH,CONTINUATION,5.0,NEUTRAL,0.0,0,0.0,True,True,True,0.9525,0.001212,track_b_cont
trackb_cont_BOC_20260604,BOC,2026-06-04,2026-08-03,,,,13.27,call,BULLISH,CONTINUATION,5.0,NEUTRAL,0.0,0,0.0,True,True,True,0.9512,0.001413,track_b_cont
trackb_cont_RLJ_20260604,RLJ,2026-06-04,2026-08-03,,,,10.105,call,BULLISH,CONTINUATION,5.0,NEUTRAL,0.0,0,0.0,True,True,True,0.9508,0.00098,track_b_cont
trackb_cont_HST_20260604,HST,2026-06-04,2026-08-03,,,,23.935,call,BULLISH,CONTINUATION,5.0,NEUTRAL,0.0,0,0.0,True,True,True,0.9502,0.001142,track_b_cont
trackb_cont_RXO_20260604,RXO,2026-06-04,2026-08-03,,,,26.72,call,BULLISH,CONTINUATION,5.0,NEUTRAL,0.0,0,0.0,True,True,True,0.9497,0.006405,track_b_cont
trackb_cont_VC_20260604,VC,2026-06-04,2026-08-03,,,,123.53,call,BULLISH,CONTINUATION,5.0,NEUTRAL,0.0,0,0.0,True,True,True,0.9492,6.3e-05,track_b_cont
trackb_cont_KN_20260604,KN,2026-06-04,2026-08-03,,,,39.2901,call,BULLISH,CONTINUATION,5.0,NEUTRAL,0.0,0,0.0,True,True,True,0.9484,0.002046,track_b_cont
trackb_cont_EFC_20260604,EFC,2026-06-04,2026-08-03,,,,13.4175,call,BULLISH,CONTINUATION,5.0,NEUTRAL,0.0,0,0.0,True,True,True,0.9483,-0.000124,track_b_cont
trackb_cont_RCL_20260604,RCL,2026-06-04,2026-08-03,,,,292.81,call,BULLISH,CONTINUATION,0.0,NEUTRAL,1701790.0,5,0.0,True,True,True,0.9483,-0.003354,track_b_cont
trackb_cont_ARE_20260604,ARE,2026-06-04,2026-08-03,,,,52.29,call,BULLISH,CONTINUATION,5.0,NEUTRAL,0.0,0,0.0,True,True,True,0.9477,0.003625,track_b_cont
trackb_cont_ROG_20260604,ROG,2026-06-04,2026-08-03,,,,151.22,call,BULLISH,CONTINUATION,5.0,NEUTRAL,0.0,0,0.0,True,True,True,0.9467,-0.001698,track_b_cont
trackb_cont_ALNT_20260604,ALNT,2026-06-04,2026-08-03,,,,85.37,call,BULLISH,CONTINUATION,5.0,NEUTRAL,0.0,0,0.0,True,True,True,0.9463,0.003464,track_b_cont
trackb_cont_IPGP_20260604,IPGP,2026-06-04,2026-08-03,,,,132.72,call,BULLISH,CONTINUATION,5.0,NEUTRAL,0.0,0,0.0,True,True,True,0.9463,0.015693,track_b_cont
trackb_cont_FTCI_20260604,FTCI,2026-06-04,2026-08-03,,,,5.6644,call,BULLISH,CONTINUATION,5.0,NEUTRAL,0.0,0,0.0,True,True,True,0.9459,0.000925,track_b_cont
trackb_cont_CVI_20260604,CVI,2026-06-04,2026-08-03,,,,36.0,call,BULLISH,CONTINUATION,5.0,NEUTRAL,0.0,0,0.0,True,True,True,0.9459,-0.001512,track_b_cont
trackb_cont_SN_20260604,SN,2026-06-04,2026-08-03,,,,122.12,call,BULLISH,CONTINUATION,5.0,NEUTRAL,0.0,0,0.0,True,True,True,0.9455,0.003575,track_b_cont
trackb_cont_HIW_20260604,HIW,2026-06-04,2026-08-03,,,,26.8,call,BULLISH,CONTINUATION,5.0,NEUTRAL,0.0,0,0.0,True,True,True,0.9453,0.000657,track_b_cont
trackb_cont_ACMR_20260604,ACMR,2026-06-04,2026-08-03,,,,89.165,call,BULLISH,CONTINUATION,0.0,NEUTRAL,307440.0,2,0.0,True,True,True,0.9452,0.026943,track_b_cont
trackb_cont_TUSK_20260604,TUSK,2026-06-04,2026-08-03,,,,3.54,call,BULLISH,CONTINUATION,5.0,NEUTRAL,0.0,0,0.0,True,True,True,0.9446,0.000583,track_b_cont
trackb_cont_INN_20260604,INN,2026-06-04,2026-08-03,,,,5.955,call,BULLISH,CONTINUATION,5.0,NEUTRAL,0.0,0,0.0,True,True,True,0.9435,0.000425,track_b_cont
trackb_cont_LAD_20260604,LAD,2026-06-04,2026-08-03,,,,293.3,call,BULLISH,CONTINUATION,5.0,NEUTRAL,0.0,0,0.0,True,True,True,0.9424,-0.005083,track_b_cont
trackb_cont_NSIT_20260604,NSIT,2026-06-04,2026-08-03,,,,112.515,call,BULLISH,CONTINUATION,5.0,NEUTRAL,0.0,0,0.0,True,True,True,0.9402,0.026784,track_b_cont
trackb_cont_KNX_20260604,KNX,2026-06-04,2026-08-03,,,,78.23,call,BULLISH,CONTINUATION,0.0,NEUTRAL,339760.0,1,0.0,True,True,True,0.9374,0.011532,track_b_cont
trackb_cont_TTI_20260604,TTI,2026-06-04,2026-08-03,,,,9.99,call,BULLISH,CONTINUATION,5.0,NEUTRAL,0.0,0,0.0,True,True,True,0.9353,0.000241,track_b_cont
trackb_cont_AYI_20260604,AYI,2026-06-04,2026-08-03,,,,310.88,call,BULLISH,CONTINUATION,5.0,NEUTRAL,0.0,0,0.0,True,True,True,0.9347,-0.001722,track_b_cont
trackb_cont_LODE_20260604,LODE,2026-06-04,2026-08-03,,,,3.955,call,BULLISH,CONTINUATION,5.0,NEUTRAL,0.0,0,0.0,True,True,True,0.9333,0.000958,track_b_cont
trackb_cont_KDP_20260604,KDP,2026-06-04,2026-08-03,,,,30.85,call,BULLISH,CONTINUATION,5.0,NEUTRAL,0.0,0,0.0,True,True,True,0.9333,0.000157,track_b_cont
trackb_cont_GCO_20260604,GCO,2026-06-04,2026-08-03,,,,38.95,call,BULLISH,CONTINUATION,5.0,NEUTRAL,0.0,0,0.0,True,True,True,0.9329,0.003409,track_b_cont
trackb_cont_GRBK_20260604,GRBK,2026-06-04,2026-08-03,,,,68.35,call,BULLISH,CONTINUATION,5.0,NEUTRAL,0.0,0,0.0,True,True,True,0.9324,0.001192,track_b_cont
trackb_cont_TOMZ_20260604,TOMZ,2026-06-04,2026-08-03,,,,1.03,call,BULLISH,CONTINUATION,5.0,NEUTRAL,0.0,0,0.0,True,True,True,0.9318,0.000139,track_b_cont
trackb_cont_RS_20260604,RS,2026-06-04,2026-08-03,,,,392.6,call,BULLISH,CONTINUATION,5.0,NEUTRAL,0.0,0,0.0,True,True,True,0.9313,-0.000112,track_b_cont
trackb_cont_WATT_20260604,WATT,2026-06-04,2026-08-03,,,,29.13,call,BULLISH,CONTINUATION,5.0,NEUTRAL,0.0,0,0.0,True,True,True,0.9311,0.001211,track_b_cont
trackb_cont_NOVT_20260604,NOVT,2026-06-04,2026-08-03,,,,170.07,call,BULLISH,CONTINUATION,5.0,NEUTRAL,0.0,0,0.0,True,True,True,0.9307,0.017208,track_b_cont
trackb_cont_KBH_20260604,KBH,2026-06-04,2026-08-03,,,,50.59,call,BULLISH,CONTINUATION,5.0,NEUTRAL,0.0,0,0.0,True,True,True,0.9298,0.000161,track_b_cont
trackb_cont_DORM_20260604,DORM,2026-06-04,2026-08-03,,,,124.28,call,BULLISH,CONTINUATION,5.0,NEUTRAL,0.0,0,0.0,True,True,True,0.9295,-0.00138,track_b_cont
trackb_cont_URG_20260604,URG,2026-06-04,2026-08-03,,,,1.915,call,BULLISH,CONTINUATION,5.0,NEUTRAL,0.0,0,0.0,True,True,True,0.9286,-0.000275,track_b_cont
trackb_cont_APLE_20260604,APLE,2026-06-04,2026-08-03,,,,15.115,call,BULLISH,CONTINUATION,5.0,NEUTRAL,0.0,0,0.0,True,True,True,0.928,0.000797,track_b_cont
trackb_cont_DGII_20260604,DGII,2026-06-04,2026-08-03,,,,67.735,call,BULLISH,CONTINUATION,5.0,NEUTRAL,0.0,0,0.0,True,True,True,0.9272,0.004362,track_b_cont
trackb_cont_RAL_20260604,RAL,2026-06-04,2026-08-03,,,,62.36,call,BULLISH,CONTINUATION,5.0,NEUTRAL,0.0,0,0.0,True,True,True,0.926,0.010761,track_b_cont
trackb_cont_CWEN_20260604,CWEN,2026-06-04,2026-08-03,,,,41.24,call,BULLISH,CONTINUATION,5.0,NEUTRAL,0.0,0,0.0,True,True,True,0.9248,0.000971,track_b_cont
trackb_cont_SONO_20260604,SONO,2026-06-04,2026-08-03,,,,15.64,call,BULLISH,CONTINUATION,5.0,NEUTRAL,0.0,0,0.0,True,True,True,0.9239,0.000782,track_b_cont
trackb_cont_OPLN_20260604,OPLN,2026-06-04,2026-08-03,,,,37.32,call,BULLISH,CONTINUATION,5.0,NEUTRAL,0.0,0,0.0,True,True,True,0.9229,-3.6e-05,track_b_cont
trackb_cont_DAN_20260604,DAN,2026-06-04,2026-08-03,,,,37.28,call,BULLISH,CONTINUATION,5.0,NEUTRAL,0.0,0,0.0,True,True,True,0.9227,-0.000275,track_b_cont
trackb_cont_PSN_20260604,PSN,2026-06-04,2026-08-03,,,,59.545,call,BULLISH,CONTINUATION,5.0,NEUTRAL,0.0,0,0.0,True,True,True,0.9225,0.006062,track_b_cont
trackb_cont_MTRN_20260604,MTRN,2026-06-04,2026-08-03,,,,227.57,call,BULLISH,CONTINUATION,5.0,NEUTRAL,0.0,0,0.0,True,True,True,0.9223,0.015958,track_b_cont
trackb_cont_SCSC_20260604,SCSC,2026-06-04,2026-08-03,,,,45.6,call,BULLISH,CONTINUATION,5.0,NEUTRAL,0.0,0,0.0,True,True,True,0.9219,0.001967,track_b_cont
trackb_cont_AMR_20260604,AMR,2026-06-04,2026-08-03,,,,215.03,call,BULLISH,CONTINUATION,5.0,NEUTRAL,0.0,0,0.0,True,True,True,0.9211,0.004806,track_b_cont
trackb_cont_GEO_20260604,GEO,2026-06-04,2026-08-03,,,,23.155,call,BULLISH,CONTINUATION,5.0,NEUTRAL,0.0,0,0.0,True,True,True,0.9194,0.001689,track_b_cont
trackb_cont_IP_20260604,IP,2026-06-04,2026-08-03,,,,33.48,call,BULLISH,CONTINUATION,5.0,NEUTRAL,0.0,0,0.0,True,True,True,0.9191,-0.000403,track_b_cont
trackb_cont_HUBG_20260604,HUBG,2026-06-04,2026-08-03,,,,43.24,call,BULLISH,CONTINUATION,5.0,NEUTRAL,0.0,0,0.0,True,True,True,0.9179,0.001023,track_b_cont
trackb_cont_IESC_20260604,IESC,2026-06-04,2026-08-03,,,,727.44,call,BULLISH,CONTINUATION,5.0,NEUTRAL,0.0,0,0.0,True,True,True,0.9172,-0.013066,track_b_cont
trackb_cont_QMCO_20260604,QMCO,2026-06-04,2026-08-03,,,,13.82,call,BULLISH,CONTINUATION,5.0,NEUTRAL,0.0,0,0.0,True,True,True,0.9161,0.000382,track_b_cont
trackb_cont_PLXS_20260604,PLXS,2026-06-04,2026-08-03,,,,287.3,call,BULLISH,CONTINUATION,5.0,NEUTRAL,0.0,0,0.0,True,True,True,0.9161,-0.004138,track_b_cont
trackb_cont_SVV_20260604,SVV,2026-06-04,2026-08-03,,,,9.375,call,BULLISH,CONTINUATION,5.0,NEUTRAL,0.0,0,0.0,True,True,True,0.9155,0.000567,track_b_cont
trackb_cont_CURI_20260604,CURI,2026-06-04,2026-08-03,,,,3.05,call,BULLISH,CONTINUATION,5.0,NEUTRAL,0.0,0,0.0,True,True,True,0.9151,-0.000368,track_b_cont
trackb_cont_FSTR_20260604,FSTR,2026-06-04,2026-08-03,,,,41.8,call,BULLISH,CONTINUATION,5.0,NEUTRAL,0.0,0,0.0,True,True,True,0.9145,-0.001749,track_b_cont
trackb_cont_AREC_20260604,AREC,2026-06-04,2026-08-03,,,,2.555,call,BULLISH,CONTINUATION,5.0,NEUTRAL,0.0,0,0.0,True,True,True,0.9121,-0.000103,track_b_cont
trackb_cont_KFRC_20260604,KFRC,2026-06-04,2026-08-03,,,,46.19,call,BULLISH,CONTINUATION,5.0,NEUTRAL,0.0,0,0.0,True,True,True,0.9119,0.001405,track_b_cont
trackb_cont_DRH_20260604,DRH,2026-06-04,2026-08-03,,,,11.225,call,BULLISH,CONTINUATION,5.0,NEUTRAL,0.0,0,0.0,True,True,True,0.9118,0.000244,track_b_cont
trackb_cont_AAON_20260604,AAON,2026-06-04,2026-08-03,,,,146.99,call,BULLISH,CONTINUATION,5.0,NEUTRAL,0.0,0,0.0,True,True,True,0.9091,0.015341,track_b_cont
trackb_cont_XHR_20260604,XHR,2026-06-04,2026-08-03,,,,17.68,call,BULLISH,CONTINUATION,5.0,NEUTRAL,0.0,0,0.0,True,True,True,0.907,0.000505,track_b_cont
trackb_cont_MSEX_20260604,MSEX,2026-06-04,2026-08-03,,,,52.51,call,BULLISH,CONTINUATION,5.0,NEUTRAL,0.0,0,0.0,True,True,True,0.9042,-0.000124,track_b_cont
trackb_cont_MTN_20260604,MTN,2026-06-04,2026-08-03,,,,134.99,call,BULLISH,CONTINUATION,5.0,NEUTRAL,0.0,0,0.0,True,True,True,0.8995,0.005426,track_b_cont
trackb_cont_MATX_20260604,MATX,2026-06-04,2026-08-03,,,,187.2,call,BULLISH,CONTINUATION,5.0,NEUTRAL,0.0,0,0.0,True,True,True,0.8977,-0.000533,track_b_cont
trackb_cont_AAT_20260604,AAT,2026-06-04,2026-08-03,,,,23.27,call,BULLISH,CONTINUATION,5.0,NEUTRAL,0.0,0,0.0,True,True,True,0.8971,0.001738,track_b_cont
trackb_cont_LNN_20260604,LNN,2026-06-04,2026-08-03,,,,112.38,call,BULLISH,CONTINUATION,5.0,NEUTRAL,0.0,0,0.0,True,True,True,0.8959,-0.001011,track_b_cont
trackb_cont_WSM_20260604,WSM,2026-06-04,2026-08-03,,,,204.05,call,BULLISH,CONTINUATION,0.0,NEUTRAL,264150.0,4,0.0,True,True,True,0.8945,0.019202,track_b_cont
trackb_cont_CMP_20260604,CMP,2026-06-04,2026-08-03,,,,32.98,call,BULLISH,CONTINUATION,5.0,NEUTRAL,0.0,0,0.0,True,True,True,0.8916,0.00323,track_b_cont
trackb_cont_GNTX_20260604,GNTX,2026-06-04,2026-08-03,,,,24.99,call,BULLISH,CONTINUATION,5.0,NEUTRAL,0.0,0,0.0,True,True,True,0.8906,0.000345,track_b_cont
trackb_cont_OPAD_20260604,OPAD,2026-06-04,2026-08-03,,,,0.7801,call,BULLISH,CONTINUATION,5.0,NEUTRAL,0.0,0,0.0,True,True,True,0.8901,7.1e-05,track_b_cont
trackb_cont_HOV_20260604,HOV,2026-06-04,2026-08-03,,,,108.12,call,BULLISH,CONTINUATION,5.0,NEUTRAL,0.0,0,0.0,True,True,True,0.8898,0.002703,track_b_cont
trackb_cont_BBBY_20260604,BBBY,2026-06-04,2026-08-03,,,,6.025,call,BULLISH,CONTINUATION,5.0,NEUTRAL,0.0,0,0.0,True,True,True,0.8894,0.001087,track_b_cont
trackb_cont_GIII_20260604,GIII,2026-06-04,2026-08-03,,,,32.205,call,BULLISH,CONTINUATION,5.0,NEUTRAL,0.0,0,0.0,True,True,True,0.8885,0.000368,track_b_cont
trackb_cont_HAE_20260604,HAE,2026-06-04,2026-08-03,,,,65.27,call,BULLISH,CONTINUATION,5.0,NEUTRAL,0.0,0,0.0,True,True,True,0.8864,0.011424,track_b_cont
trackb_cont_CWT_20260604,CWT,2026-06-04,2026-08-03,,,,45.1025,call,BULLISH,CONTINUATION,5.0,NEUTRAL,0.0,0,0.0,True,True,True,0.8851,8.8e-05,track_b_cont
trackb_cont_AGL_20260604,AGL,2026-06-04,2026-08-03,,,,84.64,call,BULLISH,CONTINUATION,5.0,NEUTRAL,0.0,0,0.0,True,True,True,0.885,0.040935,track_b_cont
trackb_cont_PLPC_20260604,PLPC,2026-06-04,2026-08-03,,,,375.0,call,BULLISH,CONTINUATION,5.0,NEUTRAL,0.0,0,0.0,True,True,True,0.8842,0.011908,track_b_cont
trackb_cont_EW_20260604,EW,2026-06-04,2026-08-03,,,,86.295,call,BULLISH,CONTINUATION,5.0,NEUTRAL,0.0,0,0.0,True,True,True,0.883,0.003636,track_b_cont
trackb_cont_WALD_20260604,WALD,2026-06-04,2026-08-03,,,,1.775,call,BULLISH,CONTINUATION,5.0,NEUTRAL,0.0,0,0.0,True,True,True,0.8829,-8.6e-05,track_b_cont
trackb_cont_IPX_20260604,IPX,2026-06-04,2026-08-03,,,,40.38,call,BULLISH,CONTINUATION,5.0,NEUTRAL,0.0,0,0.0,True,True,True,0.8819,-0.000352,track_b_cont
trackb_cont_KFY_20260604,KFY,2026-06-04,2026-08-03,,,,69.64,call,BULLISH,CONTINUATION,5.0,NEUTRAL,0.0,0,0.0,True,True,True,0.8816,0.001904,track_b_cont
trackb_cont_RYZ_20260604,RYZ,2026-06-04,2026-08-03,,,,28.0575,call,BULLISH,CONTINUATION,5.0,NEUTRAL,0.0,0,0.0,True,True,True,0.8816,6.7e-05,track_b_cont
trackb_cont_WCC_20260604,WCC,2026-06-04,2026-08-03,,,,374.165,call,BULLISH,CONTINUATION,5.0,NEUTRAL,0.0,0,0.0,True,True,True,0.8812,-0.007528,track_b_cont
trackb_cont_NB_20260604,NB,2026-06-04,2026-08-03,,,,5.875,call,BULLISH,CONTINUATION,5.0,NEUTRAL,0.0,0,0.0,True,True,True,0.879,-0.000624,track_b_cont
trackb_cont_CVCO_20260604,CVCO,2026-06-04,2026-08-03,,,,537.86,call,BULLISH,CONTINUATION,5.0,NEUTRAL,0.0,0,0.0,True,True,True,0.8788,0.041934,track_b_cont
trackb_cont_CNK_20260604,CNK,2026-06-04,2026-08-03,,,,29.96,call,BULLISH,CONTINUATION,5.0,NEUTRAL,0.0,0,0.0,True,True,True,0.8783,0.000526,track_b_cont
trackb_cont_FOR_20260604,FOR,2026-06-04,2026-08-03,,,,26.875,call,BULLISH,CONTINUATION,5.0,NEUTRAL,0.0,0,0.0,True,True,True,0.8778,-0.000653,track_b_cont
trackb_cont_BRC_20260604,BRC,2026-06-04,2026-08-03,,,,87.615,call,BULLISH,CONTINUATION,5.0,NEUTRAL,0.0,0,0.0,True,True,True,0.8769,0.011038,track_b_cont
trackb_cont_BBSI_20260604,BBSI,2026-06-04,2026-08-03,,,,32.375,call,BULLISH,CONTINUATION,5.0,NEUTRAL,0.0,0,0.0,True,True,True,0.8767,0.002209,track_b_cont
trackb_cont_LEA_20260604,LEA,2026-06-04,2026-08-03,,,,146.55,call,BULLISH,CONTINUATION,5.0,NEUTRAL,0.0,0,0.0,True,True,True,0.8765,0.003645,track_b_cont
trackb_cont_AMN_20260604,AMN,2026-06-04,2026-08-03,,,,29.5,call,BULLISH,CONTINUATION,5.0,NEUTRAL,0.0,0,0.0,True,True,True,0.876,0.001242,track_b_cont
trackb_cont_TNET_20260604,TNET,2026-06-04,2026-08-03,,,,46.26,call,BULLISH,CONTINUATION,5.0,NEUTRAL,0.0,0,0.0,True,True,True,0.8743,0.002766,track_b_cont
trackb_cont_EEX_20260604,EEX,2026-06-04,2026-08-03,,,,4.975,call,BULLISH,CONTINUATION,5.0,NEUTRAL,0.0,0,0.0,True,True,True,0.8732,0.000141,track_b_cont
trackb_cont_BHE_20260604,BHE,2026-06-04,2026-08-03,,,,88.33,call,BULLISH,CONTINUATION,5.0,NEUTRAL,0.0,0,0.0,True,True,True,0.8729,-0.002441,track_b_cont
trackb_cont_BCAR_20260604,BCAR,2026-06-04,2026-08-03,,,,10.995,call,BULLISH,CONTINUATION,5.0,NEUTRAL,0.0,0,0.0,True,True,True,0.8721,3.8e-05,track_b_cont
trackb_cont_MYPS_20260604,MYPS,2026-06-04,2026-08-03,,,,0.5396,call,BULLISH,CONTINUATION,5.0,NEUTRAL,0.0,0,0.0,True,True,True,0.8713,5.2e-05,track_b_cont
trackb_cont_SOLV_20260604,SOLV,2026-06-04,2026-08-03,,,,77.7201,call,BULLISH,CONTINUATION,5.0,NEUTRAL,0.0,0,0.0,True,True,True,0.8712,0.002834,track_b_cont
trackb_cont_AMRZ_20260604,AMRZ,2026-06-04,2026-08-03,,,,54.055,call,BULLISH,CONTINUATION,5.0,NEUTRAL,0.0,0,0.0,True,True,True,0.8707,-0.001551,track_b_cont
trackb_cont_BFH_20260604,BFH,2026-06-04,2026-08-03,,,,89.21,call,BULLISH,CONTINUATION,5.0,NEUTRAL,0.0,0,0.0,True,True,True,0.8699,0.001138,track_b_cont
trackb_cont_IAUX_20260604,IAUX,2026-06-04,2026-08-03,,,,1.555,call,BULLISH,CONTINUATION,5.0,NEUTRAL,0.0,0,0.0,True,True,True,0.8696,-1.7e-05,track_b_cont
trackb_cont_TBI_20260604,TBI,2026-06-04,2026-08-03,,,,6.655,call,BULLISH,CONTINUATION,5.0,NEUTRAL,0.0,0,0.0,True,True,True,0.8693,0.00012,track_b_cont
trackb_cont_CLMB_20260604,CLMB,2026-06-04,2026-08-03,,,,21.58,call,BULLISH,CONTINUATION,5.0,NEUTRAL,0.0,0,0.0,True,True,True,0.869,0.001667,track_b_cont
trackb_cont_LGIH_20260604,LGIH,2026-06-04,2026-08-03,,,,47.31,call,BULLISH,CONTINUATION,5.0,NEUTRAL,0.0,0,0.0,True,True,True,0.8639,0.000892,track_b_cont
trackb_cont_HRB_20260604,HRB,2026-06-04,2026-08-03,,,,37.33,call,BULLISH,CONTINUATION,5.0,NEUTRAL,0.0,0,0.0,True,True,True,0.8631,0.004807,track_b_cont
trackb_cont_PFG_20260604,PFG,2026-06-04,2026-08-03,,,,102.01,call,BULLISH,CONTINUATION,5.0,NEUTRAL,0.0,0,0.0,True,True,True,0.8621,0.001484,track_b_cont
trackb_cont_MHO_20260604,MHO,2026-06-04,2026-08-03,,,,136.07,call,BULLISH,CONTINUATION,5.0,NEUTRAL,0.0,0,0.0,True,True,True,0.8621,0.001136,track_b_cont
trackb_cont_NCMI_20260604,NCMI,2026-06-04,2026-08-03,,,,3.555,call,BULLISH,CONTINUATION,5.0,NEUTRAL,0.0,0,0.0,True,True,True,0.8605,-0.000315,track_b_cont
trackb_cont_FA_20260604,FA,2026-06-04,2026-08-03,,,,15.915,call,BULLISH,CONTINUATION,5.0,NEUTRAL,0.0,0,0.0,True,True,True,0.859,0.000954,track_b_cont
trackb_cont_ICHR_20260604,ICHR,2026-06-04,2026-08-03,,,,72.92,call,BULLISH,CONTINUATION,5.0,NEUTRAL,0.0,0,0.0,True,True,True,0.8575,-0.005919,track_b_cont
trackb_cont_WS_20260604,WS,2026-06-04,2026-08-03,,,,42.59,call,BULLISH,CONTINUATION,5.0,NEUTRAL,0.0,0,0.0,True,True,True,0.8567,0.000228,track_b_cont
trackb_cont_CAL_20260604,CAL,2026-06-04,2026-08-03,,,,14.12,call,BULLISH,CONTINUATION,5.0,NEUTRAL,0.0,0,0.0,True,True,True,0.8552,0.001389,track_b_cont
trackb_cont_ASH_20260604,ASH,2026-06-04,2026-08-03,,,,57.185,call,BULLISH,CONTINUATION,5.0,NEUTRAL,0.0,0,0.0,True,True,True,0.8551,0.001807,track_b_cont
trackb_cont_LCUT_20260604,LCUT,2026-06-04,2026-08-03,,,,8.97,call,BULLISH,CONTINUATION,5.0,NEUTRAL,0.0,0,0.0,True,True,True,0.8529,0.002473,track_b_cont
trackb_cont_BDN_20260604,BDN,2026-06-04,2026-08-03,,,,3.055,call,BULLISH,CONTINUATION,5.0,NEUTRAL,0.0,0,0.0,True,True,True,0.8519,-8.5e-05,track_b_cont
trackb_cont_EFX_20260604,EFX,2026-06-04,2026-08-03,,,,167.585,call,BULLISH,CONTINUATION,5.0,NEUTRAL,0.0,0,0.0,True,True,True,0.8518,-0.00639,track_b_cont
trackb_cont_RHI_20260604,RHI,2026-06-04,2026-08-03,,,,29.525,call,BULLISH,CONTINUATION,5.0,NEUTRAL,0.0,0,0.0,True,True,True,0.8514,0.002276,track_b_cont
trackb_cont_MLAB_20260604,MLAB,2026-06-04,2026-08-03,,,,102.07,call,BULLISH,CONTINUATION,5.0,NEUTRAL,0.0,0,0.0,True,True,True,0.8511,-0.001575,track_b_cont
trackb_cont_GHI_20260604,GHI,2026-06-04,2026-08-03,,,,5.386,call,BULLISH,CONTINUATION,5.0,NEUTRAL,0.0,0,0.0,True,True,True,0.8511,-0.000145,track_b_cont
trackb_cont_LIND_20260604,LIND,2026-06-04,2026-08-03,,,,22.31,call,BULLISH,CONTINUATION,5.0,NEUTRAL,0.0,0,0.0,True,True,True,0.8492,0.001599,track_b_cont
trackb_cont_COLM_20260604,COLM,2026-06-04,2026-08-03,,,,65.71,call,BULLISH,CONTINUATION,5.0,NEUTRAL,0.0,0,0.0,True,True,True,0.8491,0.004219,track_b_cont
trackb_cont_ILPT_20260604,ILPT,2026-06-04,2026-08-03,,,,8.755,call,BULLISH,CONTINUATION,5.0,NEUTRAL,0.0,0,0.0,True,True,True,0.8488,0.001015,track_b_cont
trackb_cont_EA_20260604,EA,2026-06-04,2026-08-03,,,,202.54,call,BULLISH,CONTINUATION,5.0,NEUTRAL,0.0,0,0.0,True,True,True,0.8487,-0.004065,track_b_cont
trackb_cont_CMC_20260604,CMC,2026-06-04,2026-08-03,,,,76.75,call,BULLISH,CONTINUATION,5.0,NEUTRAL,0.0,0,0.0,True,True,True,0.8457,0.002576,track_b_cont
trackb_cont_IDT_20260604,IDT,2026-06-04,2026-08-03,,,,53.465,call,BULLISH,CONTINUATION,5.0,NEUTRAL,0.0,0,0.0,True,True,True,0.8452,0.000106,track_b_cont
trackb_cont_NSP_20260604,NSP,2026-06-04,2026-08-03,,,,34.11,call,BULLISH,CONTINUATION,5.0,NEUTRAL,0.0,0,0.0,True,True,True,0.8449,0.002837,track_b_cont
trackb_cont_NEU_20260604,NEU,2026-06-04,2026-08-03,,,,786.615,call,BULLISH,CONTINUATION,5.0,NEUTRAL,0.0,0,0.0,True,True,True,0.8438,0.073958,track_b_cont
trackb_cont_MSCI_20260604,MSCI,2026-06-04,2026-08-03,,,,622.0175,call,BULLISH,CONTINUATION,5.0,NEUTRAL,0.0,0,0.0,True,True,True,0.8437,0.022991,track_b_cont
trackb_cont_ASTI_20260604,ASTI,2026-06-04,2026-08-03,,,,7.9,call,BULLISH,CONTINUATION,5.0,NEUTRAL,0.0,0,0.0,True,True,True,0.8425,0.00227,track_b_cont
trackb_cont_UVV_20260604,UVV,2026-06-04,2026-08-03,,,,53.72,call,BULLISH,CONTINUATION,5.0,NEUTRAL,0.0,0,0.0,True,True,True,0.8412,-0.001129,track_b_cont
trackb_cont_SNOW_20260604,SNOW,2026-06-04,2026-08-03,,,,245.945,call,BULLISH,CONTINUATION,0.0,NEUTRAL,3358678.0,25,0.0,True,True,True,0.8397,0.071378,track_b_cont
trackb_cont_H_20260604,H,2026-06-04,2026-08-03,,,,185.66,call,BULLISH,CONTINUATION,5.0,NEUTRAL,0.0,0,0.0,True,True,True,0.8396,0.011655,track_b_cont
trackb_cont_RHP_20260604,RHP,2026-06-04,2026-08-03,,,,115.54,call,BULLISH,CONTINUATION,5.0,NEUTRAL,0.0,0,0.0,True,True,True,0.8392,0.004615,track_b_cont
trackb_cont_WRLD_20260604,WRLD,2026-06-04,2026-08-03,,,,166.0,call,BULLISH,CONTINUATION,5.0,NEUTRAL,0.0,0,0.0,True,True,True,0.8383,0.015345,track_b_cont
trackb_cont_EMN_20260604,EMN,2026-06-04,2026-08-03,,,,76.44,call,BULLISH,CONTINUATION,5.0,NEUTRAL,0.0,0,0.0,True,True,True,0.8381,-0.002377,track_b_cont
trackb_cont_CRI_20260604,CRI,2026-06-04,2026-08-03,,,,39.22,call,BULLISH,CONTINUATION,5.0,NEUTRAL,0.0,0,0.0,True,True,True,0.8379,0.004728,track_b_cont
trackb_cont_STGW_20260604,STGW,2026-06-04,2026-08-03,,,,6.625,call,BULLISH,CONTINUATION,5.0,NEUTRAL,0.0,0,0.0,True,True,True,0.8363,0.000469,track_b_cont
trackb_cont_ITGR_20260604,ITGR,2026-06-04,2026-08-03,,,,90.15,call,BULLISH,CONTINUATION,5.0,NEUTRAL,0.0,0,0.0,True,True,True,0.836,0.001909,track_b_cont
trackb_cont_BROS_20260604,BROS,2026-06-04,2026-08-03,,,,55.595,call,BULLISH,CONTINUATION,0.0,NEUTRAL,114240.0,1,0.0,True,True,True,0.8354,0.001732,track_b_cont
trackb_cont_BIO_20260604,BIO,2026-06-04,2026-08-03,,,,303.69,call,BULLISH,CONTINUATION,5.0,NEUTRAL,0.0,0,0.0,True,True,True,0.8348,0.057306,track_b_cont
trackb_cont_XPO_20260604,XPO,2026-06-04,2026-08-03,,,,219.515,call,BULLISH,CONTINUATION,5.0,NEUTRAL,0.0,0,0.0,True,True,True,0.8346,0.004487,track_b_cont
trackb_cont_PGNY_20260604,PGNY,2026-06-04,2026-08-03,,,,24.835,call,BULLISH,CONTINUATION,5.0,NEUTRAL,0.0,0,0.0,True,True,True,0.8327,0.004514,track_b_cont
trackb_cont_AP_20260604,AP,2026-06-04,2026-08-03,,,,11.64,call,BULLISH,CONTINUATION,5.0,NEUTRAL,0.0,0,0.0,True,True,True,0.8324,-0.00126,track_b_cont
trackb_cont_ASPN_20260604,ASPN,2026-06-04,2026-08-03,,,,5.875,call,BULLISH,CONTINUATION,5.0,NEUTRAL,0.0,0,0.0,True,True,True,0.8322,0.001165,track_b_cont
trackb_cont_EVR_20260604,EVR,2026-06-04,2026-08-03,,,,340.69,call,BULLISH,CONTINUATION,5.0,NEUTRAL,0.0,0,0.0,True,True,True,0.832,0.002838,track_b_cont
trackb_cont_VISN_20260604,VISN,2026-06-04,2026-08-03,,,,12.2,call,BULLISH,CONTINUATION,5.0,NEUTRAL,0.0,0,0.0,True,True,True,0.8319,0.000107,track_b_cont
trackb_cont_EIG_20260604,EIG,2026-06-04,2026-08-03,,,,43.415,call,BULLISH,CONTINUATION,5.0,NEUTRAL,0.0,0,0.0,True,True,True,0.831,0.001898,track_b_cont
trackb_cont_CBZ_20260604,CBZ,2026-06-04,2026-08-03,,,,31.72,call,BULLISH,CONTINUATION,5.0,NEUTRAL,0.0,0,0.0,True,True,True,0.831,0.002191,track_b_cont
trackb_cont_XIFR_20260604,XIFR,2026-06-04,2026-08-03,,,,12.6,call,BULLISH,CONTINUATION,5.0,NEUTRAL,0.0,0,0.0,True,True,True,0.8304,0.000417,track_b_cont
trackb_cont_RFIL_20260604,RFIL,2026-06-04,2026-08-03,,,,18.555,call,BULLISH,CONTINUATION,5.0,NEUTRAL,0.0,0,0.0,True,True,True,0.8293,0.002294,track_b_cont
trackb_cont_SAIA_20260604,SAIA,2026-06-04,2026-08-03,,,,461.91,call,BULLISH,CONTINUATION,5.0,NEUTRAL,0.0,0,0.0,True,True,True,0.8278,0.023303,track_b_cont
trackb_cont_BEPC_20260604,BEPC,2026-06-04,2026-08-03,,,,40.3199,call,BULLISH,CONTINUATION,5.0,NEUTRAL,0.0,0,0.0,True,True,True,0.8274,0.00142,track_b_cont
trackb_cont_UNFI_20260604,UNFI,2026-06-04,2026-08-03,,,,51.88,call,BULLISH,CONTINUATION,5.0,NEUTRAL,0.0,0,0.0,True,True,True,0.8263,-0.001826,track_b_cont
trackb_cont_EVC_20260604,EVC,2026-06-04,2026-08-03,,,,8.57,call,BULLISH,CONTINUATION,5.0,NEUTRAL,0.0,0,0.0,True,True,True,0.8244,0.002303,track_b_cont
trackb_cont_CTAS_20260604,CTAS,2026-06-04,2026-08-03,,,,173.55,call,BULLISH,CONTINUATION,5.0,NEUTRAL,0.0,0,0.0,True,True,True,0.8239,0.0029,track_b_cont
trackb_cont_DEVS_20260604,DEVS,2026-06-04,2026-08-03,,,,0.7962,call,BULLISH,CONTINUATION,5.0,NEUTRAL,0.0,0,0.0,True,True,True,0.8235,6.3e-05,track_b_cont
trackb_cont_WMK_20260604,WMK,2026-06-04,2026-08-03,,,,75.4,call,BULLISH,CONTINUATION,5.0,NEUTRAL,0.0,0,0.0,True,True,True,0.8234,0.002317,track_b_cont
trackb_cont_ARR_20260604,ARR,2026-06-04,2026-08-03,,,,17.08,call,BULLISH,CONTINUATION,5.0,NEUTRAL,0.0,0,0.0,True,True,True,0.8233,-0.000886,track_b_cont
trackb_cont_WY_20260604,WY,2026-06-04,2026-08-03,,,,24.53,call,BULLISH,CONTINUATION,5.0,NEUTRAL,0.0,0,0.0,True,True,True,0.822,-3.7e-05,track_b_cont
trackb_cont_HZO_20260604,HZO,2026-06-04,2026-08-03,,,,34.56,call,BULLISH,CONTINUATION,5.0,NEUTRAL,0.0,0,0.0,True,True,True,0.821,0.001959,track_b_cont
trackb_cont_HGV_20260604,HGV,2026-06-04,2026-08-03,,,,50.64,call,BULLISH,CONTINUATION,5.0,NEUTRAL,0.0,0,0.0,True,True,True,0.8199,0.003939,track_b_cont
trackb_cont_FVR_20260604,FVR,2026-06-04,2026-08-03,,,,17.97,call,BULLISH,CONTINUATION,5.0,NEUTRAL,0.0,0,0.0,True,True,True,0.8189,-0.000498,track_b_cont
trackb_cont_ULCC_20260604,ULCC,2026-06-04,2026-08-03,,,,5.7,call,BULLISH,CONTINUATION,5.0,NEUTRAL,0.0,0,0.0,True,True,True,0.8184,0.000591,track_b_cont
trackb_cont_HLT_20260604,HLT,2026-06-04,2026-08-03,,,,333.54,call,BULLISH,CONTINUATION,5.0,NEUTRAL,0.0,0,0.0,True,True,True,0.8169,0.007752,track_b_cont
trackb_cont_ESS_20260604,ESS,2026-06-04,2026-08-03,,,,279.42,call,BULLISH,CONTINUATION,5.0,NEUTRAL,0.0,0,0.0,True,True,True,0.8162,0.003977,track_b_cont
trackb_cont_BBGI_20260604,BBGI,2026-06-04,2026-08-03,,,,19.06,call,BULLISH,CONTINUATION,5.0,NEUTRAL,0.0,0,0.0,True,True,True,0.8154,-0.002328,track_b_cont
trackb_cont_CNM_20260604,CNM,2026-06-04,2026-08-03,,,,51.28,call,BULLISH,CONTINUATION,5.0,NEUTRAL,0.0,0,0.0,True,True,True,0.815,-0.001653,track_b_cont
trackb_cont_FC_20260604,FC,2026-06-04,2026-08-03,,,,23.145,call,BULLISH,CONTINUATION,5.0,NEUTRAL,0.0,0,0.0,True,True,True,0.8147,0.001436,track_b_cont
trackb_cont_FPH_20260604,FPH,2026-06-04,2026-08-03,,,,4.97,call,BULLISH,CONTINUATION,5.0,NEUTRAL,0.0,0,0.0,True,True,True,0.8142,7e-06,track_b_cont
trackb_cont_MHK_20260604,MHK,2026-06-04,2026-08-03,,,,104.545,call,BULLISH,CONTINUATION,5.0,NEUTRAL,0.0,0,0.0,True,True,True,0.8132,0.002562,track_b_cont
trackb_cont_UNM_20260604,UNM,2026-06-04,2026-08-03,,,,83.155,call,BULLISH,CONTINUATION,5.0,NEUTRAL,0.0,0,0.0,True,True,True,0.8123,0.001656,track_b_cont
trackb_cont_NWPX_20260604,NWPX,2026-06-04,2026-08-03,,,,119.9565,call,BULLISH,CONTINUATION,5.0,NEUTRAL,0.0,0,0.0,True,True,True,0.8106,0.002352,track_b_cont
trackb_cont_BIPC_20260604,BIPC,2026-06-04,2026-08-03,,,,40.98,call,BULLISH,CONTINUATION,5.0,NEUTRAL,0.0,0,0.0,True,True,True,0.8095,0.002204,track_b_cont
trackb_cont_JRSH_20260604,JRSH,2026-06-04,2026-08-03,,,,3.41,call,BULLISH,CONTINUATION,5.0,NEUTRAL,0.0,0,0.0,True,True,True,0.8089,-8.1e-05,track_b_cont
trackb_cont_LEGH_20260604,LEGH,2026-06-04,2026-08-03,,,,23.165,call,BULLISH,CONTINUATION,5.0,NEUTRAL,0.0,0,0.0,True,True,True,0.8084,0.001439,track_b_cont
trackb_cont_ZBRA_20260604,ZBRA,2026-06-04,2026-08-03,,,,246.25,call,BULLISH,CONTINUATION,5.0,NEUTRAL,0.0,0,0.0,True,True,True,0.8078,0.011362,track_b_cont
trackb_cont_MMI_20260604,MMI,2026-06-04,2026-08-03,,,,28.89,call,BULLISH,CONTINUATION,5.0,NEUTRAL,0.0,0,0.0,True,True,True,0.8065,-0.001554,track_b_cont
trackb_cont_PII_20260604,PII,2026-06-04,2026-08-03,,,,68.3,call,BULLISH,CONTINUATION,5.0,NEUTRAL,0.0,0,0.0,True,True,True,0.8057,0.000506,track_b_cont
trackb_cont_KELYA_20260604,KELYA,2026-06-04,2026-08-03,,,,11.39,call,BULLISH,CONTINUATION,5.0,NEUTRAL,0.0,0,0.0,True,True,True,0.8053,0.001514,track_b_cont
trackb_cont_AWR_20260604,AWR,2026-06-04,2026-08-03,,,,77.21,call,BULLISH,CONTINUATION,5.0,NEUTRAL,0.0,0,0.0,True,True,True,0.8041,-0.001666,track_b_cont
trackb_cont_OPAL_20260604,OPAL,2026-06-04,2026-08-03,,,,2.255,call,BULLISH,CONTINUATION,5.0,NEUTRAL,0.0,0,0.0,True,True,True,0.8039,-6.3e-05,track_b_cont
trackb_cont_DOC_20260604,DOC,2026-06-04,2026-08-03,,,,19.335,call,BULLISH,CONTINUATION,5.0,NEUTRAL,0.0,0,0.0,True,True,True,0.8036,0.000431,track_b_cont
trackb_cont_TLYS_20260604,TLYS,2026-06-04,2026-08-03,,,,4.47,call,BULLISH,CONTINUATION,5.0,NEUTRAL,0.0,0,0.0,True,True,True,0.8017,0.000248,track_b_cont
trackb_cont_AVTR_20260604,AVTR,2026-06-04,2026-08-03,,,,8.87,call,BULLISH,CONTINUATION,5.0,NEUTRAL,0.0,0,0.0,True,True,True,0.8006,0.000297,track_b_cont
trackb_cont_TALK_20260604,TALK,2026-06-04,2026-08-03,,,,5.22,call,BULLISH,CONTINUATION,5.0,NEUTRAL,0.0,0,0.0,True,True,True,0.8,-0.000118,track_b_cont
trackb_cont_EXP_20260604,EXP,2026-06-04,2026-08-03,,,,218.27,call,BULLISH,CONTINUATION,5.0,NEUTRAL,0.0,0,0.0,True,True,True,0.7988,0.000236,track_b_cont
trackb_cont_OLOX_20260604,OLOX,2026-06-04,2026-08-03,,,,9.49,call,BULLISH,CONTINUATION,5.0,NEUTRAL,0.0,0,0.0,True,True,True,0.7986,0.00153,track_b_cont
trackb_cont_PFGC_20260604,PFGC,2026-06-04,2026-08-03,,,,96.82,call,BULLISH,CONTINUATION,5.0,NEUTRAL,0.0,0,0.0,True,True,True,0.7984,0.001185,track_b_cont
trackb_cont_MAN_20260604,MAN,2026-06-04,2026-08-03,,,,30.46,call,BULLISH,CONTINUATION,5.0,NEUTRAL,0.0,0,0.0,True,True,True,0.7983,0.00123,track_b_cont
trackb_cont_MTH_20260604,MTH,2026-06-04,2026-08-03,,,,67.28,call,BULLISH,CONTINUATION,5.0,NEUTRAL,0.0,0,0.0,True,True,True,0.7979,0.001151,track_b_cont
trackb_cont_IVT_20260604,IVT,2026-06-04,2026-08-03,,,,32.745,call,BULLISH,CONTINUATION,5.0,NEUTRAL,0.0,0,0.0,True,True,True,0.7972,0.000969,track_b_cont
trackb_cont_ZD_20260604,ZD,2026-06-04,2026-08-03,,,,44.675,call,BULLISH,CONTINUATION,5.0,NEUTRAL,0.0,0,0.0,True,True,True,0.7967,0.001272,track_b_cont
trackb_cont_AZTA_20260604,AZTA,2026-06-04,2026-08-03,,,,23.945,call,BULLISH,CONTINUATION,5.0,NEUTRAL,0.0,0,0.0,True,True,True,0.7962,0.002022,track_b_cont
trackb_cont_LINE_20260604,LINE,2026-06-04,2026-08-03,,,,41.69,call,BULLISH,CONTINUATION,5.0,NEUTRAL,0.0,0,0.0,True,True,True,0.7951,0.003542,track_b_cont
trackb_cont_PRKS_20260604,PRKS,2026-06-04,2026-08-03,,,,38.33,call,BULLISH,CONTINUATION,5.0,NEUTRAL,0.0,0,0.0,True,True,True,0.7945,0.001857,track_b_cont
trackb_cont_ARQ_20260604,ARQ,2026-06-04,2026-08-03,,,,2.655,call,BULLISH,CONTINUATION,5.0,NEUTRAL,0.0,0,0.0,True,True,True,0.7937,1.5e-05,track_b_cont
trackb_cont_OMDA_20260604,OMDA,2026-06-04,2026-08-03,,,,17.3699,call,BULLISH,CONTINUATION,5.0,NEUTRAL,0.0,0,0.0,True,True,True,0.7914,0.001371,track_b_cont
trackb_cont_RPM_20260604,RPM,2026-06-04,2026-08-03,,,,104.39,call,BULLISH,CONTINUATION,5.0,NEUTRAL,0.0,0,0.0,True,True,True,0.7913,0.001748,track_b_cont
trackb_cont_RGP_20260604,RGP,2026-06-04,2026-08-03,,,,4.465,call,BULLISH,CONTINUATION,5.0,NEUTRAL,0.0,0,0.0,True,True,True,0.7898,8.5e-05,track_b_cont
trackb_cont_MYE_20260604,MYE,2026-06-04,2026-08-03,,,,23.55,call,BULLISH,CONTINUATION,5.0,NEUTRAL,0.0,0,0.0,True,True,True,0.7885,0.000272,track_b_cont
trackb_cont_AHRT_20260604,AHRT,2026-06-04,2026-08-03,,,,6.6001,call,BULLISH,CONTINUATION,5.0,NEUTRAL,0.0,0,0.0,True,True,True,0.7885,0.00037,track_b_cont
trackb_cont_CURB_20260604,CURB,2026-06-04,2026-08-03,,,,28.94,call,BULLISH,CONTINUATION,5.0,NEUTRAL,0.0,0,0.0,True,True,True,0.7873,0.000654,track_b_cont
trackb_cont_XOS_20260604,XOS,2026-06-04,2026-08-03,,,,6.2186,call,BULLISH,CONTINUATION,5.0,NEUTRAL,0.0,0,0.0,True,True,True,0.7862,0.000292,track_b_cont
trackb_cont_MGNI_20260604,MGNI,2026-06-04,2026-08-03,,,,14.09,call,BULLISH,CONTINUATION,5.0,NEUTRAL,0.0,0,0.0,True,True,True,0.7862,0.000233,track_b_cont
trackb_cont_HSIC_20260604,HSIC,2026-06-04,2026-08-03,,,,75.985,call,BULLISH,CONTINUATION,5.0,NEUTRAL,0.0,0,0.0,True,True,True,0.7859,0.002874,track_b_cont
trackb_cont_VGZ_20260604,VGZ,2026-06-04,2026-08-03,,,,2.315,call,BULLISH,CONTINUATION,5.0,NEUTRAL,0.0,0,0.0,True,True,True,0.7857,-1.9e-05,track_b_cont
trackb_cont_EPSM_20260604,EPSM,2026-06-04,2026-08-03,,,,1.6,call,BULLISH,CONTINUATION,5.0,NEUTRAL,0.0,0,0.0,True,True,True,0.7838,-7.2e-05,track_b_cont
trackb_cont_FLYX_20260604,FLYX,2026-06-04,2026-08-03,,,,2.54,call,BULLISH,CONTINUATION,5.0,NEUTRAL,0.0,0,0.0,True,True,True,0.7829,0.000257,track_b_cont
trackb_cont_WAT_20260604,WAT,2026-06-04,2026-08-03,,,,376.62,call,BULLISH,CONTINUATION,5.0,NEUTRAL,0.0,0,0.0,True,True,True,0.7826,0.010046,track_b_cont
trackb_cont_FDS_20260604,FDS,2026-06-04,2026-08-03,,,,253.33,call,BULLISH,CONTINUATION,0.0,NEUTRAL,122150.0,2,0.0,True,True,True,0.78,0.024946,track_b_cont
trackb_cont_EVGO_20260604,EVGO,2026-06-04,2026-08-03,,,,2.26,call,BULLISH,CONTINUATION,5.0,NEUTRAL,0.0,0,0.0,True,True,True,0.7792,5.7e-05,track_b_cont
trackb_cont_VICR_20260604,VICR,2026-06-04,2026-08-03,,,,327.25,call,BULLISH,CONTINUATION,5.0,NEUTRAL,0.0,0,0.0,True,True,True,0.7789,0.028219,track_b_cont
trackb_cont_AIV_20260604,AIV,2026-06-04,2026-08-03,,,,4.275,call,BULLISH,CONTINUATION,5.0,NEUTRAL,0.0,0,0.0,True,True,True,0.7778,-0.000136,track_b_cont
trackb_cont_RMR_20260604,RMR,2026-06-04,2026-08-03,,,,19.81,call,BULLISH,CONTINUATION,5.0,NEUTRAL,0.0,0,0.0,True,True,True,0.7731,0.000323,track_b_cont
trackb_cont_PKG_20260604,PKG,2026-06-04,2026-08-03,,,,225.17,call,BULLISH,CONTINUATION,5.0,NEUTRAL,0.0,0,0.0,True,True,True,0.7728,-0.011292,track_b_cont
trackb_cont_HUN_20260604,HUN,2026-06-04,2026-08-03,,,,14.84,call,BULLISH,CONTINUATION,5.0,NEUTRAL,0.0,0,0.0,True,True,True,0.7725,-0.000246,track_b_cont
trackb_cont_TOL_20260604,TOL,2026-06-04,2026-08-03,,,,136.88,call,BULLISH,CONTINUATION,5.0,NEUTRAL,0.0,0,0.0,True,True,True,0.7708,-0.001933,track_b_cont
trackb_cont_EXPD_20260604,EXPD,2026-06-04,2026-08-03,,,,159.46,call,BULLISH,CONTINUATION,5.0,NEUTRAL,0.0,0,0.0,True,True,True,0.77,0.004497,track_b_cont
trackb_cont_D_20260604,D,2026-06-04,2026-08-03,,,,66.59,call,BULLISH,CONTINUATION,5.0,NEUTRAL,0.0,0,0.0,True,True,True,0.7687,0.004984,track_b_cont
trackb_cont_XMAX_20260604,XMAX,2026-06-04,2026-08-03,,,,8.58,call,BULLISH,CONTINUATION,5.0,NEUTRAL,0.0,0,0.0,True,True,True,0.7642,-4.4e-05,track_b_cont
trackb_cont_PHR_20260604,PHR,2026-06-04,2026-08-03,,,,9.66,call,BULLISH,CONTINUATION,5.0,NEUTRAL,0.0,0,0.0,True,True,True,0.7638,-0.000338,track_b_cont
trackb_cont_SLG_20260604,SLG,2026-06-04,2026-08-03,,,,44.23,call,BULLISH,CONTINUATION,5.0,NEUTRAL,0.0,0,0.0,True,True,True,0.7629,-0.001245,track_b_cont
trackb_cont_SILA_20260604,SILA,2026-06-04,2026-08-03,,,,30.245,call,BULLISH,CONTINUATION,5.0,NEUTRAL,0.0,0,0.0,True,True,True,0.7572,-0.000654,track_b_cont
trackb_cont_INSE_20260604,INSE,2026-06-04,2026-08-03,,,,7.55,call,BULLISH,CONTINUATION,5.0,NEUTRAL,0.0,0,0.0,True,True,True,0.7569,-0.000135,track_b_cont
trackb_cont_COLD_20260604,COLD,2026-06-04,2026-08-03,,,,14.755,call,BULLISH,CONTINUATION,5.0,NEUTRAL,0.0,0,0.0,True,True,True,0.7547,0.001004,track_b_cont
trackb_cont_MMM_20260604,MMM,2026-06-04,2026-08-03,,,,153.03,call,BULLISH,CONTINUATION,0.0,NEUTRAL,170973.0,2,0.0,True,True,True,0.7539,0.007561,track_b_cont
trackb_cont_IT_20260604,IT,2026-06-04,2026-08-03,,,,165.11,call,BULLISH,CONTINUATION,5.0,NEUTRAL,0.0,0,0.0,True,True,True,0.7536,0.01185,track_b_cont
trackb_cont_TKO_20260604,TKO,2026-06-04,2026-08-03,,,,198.835,call,BULLISH,CONTINUATION,5.0,NEUTRAL,0.0,0,0.0,True,True,True,0.753,0.007561,track_b_cont
trackb_cont_CIA_20260604,CIA,2026-06-04,2026-08-03,,,,5.19,call,BULLISH,CONTINUATION,5.0,NEUTRAL,0.0,0,0.0,True,True,True,0.7525,-0.000437,track_b_cont
trackb_cont_UHAL-B_20260604,UHAL-B,2026-06-04,2026-08-03,,,,49.52,call,BULLISH,CONTINUATION,5.0,NEUTRAL,0.0,0,0.0,True,True,True,0.7509,0.000632,track_b_cont
trackb_cont_KRC_20260604,KRC,2026-06-04,2026-08-03,,,,34.52,call,BULLISH,CONTINUATION,5.0,NEUTRAL,0.0,0,0.0,True,True,True,0.7508,-0.00099,track_b_cont
trackb_cont_PHIN_20260604,PHIN,2026-06-04,2026-08-03,,,,80.07,call,BULLISH,CONTINUATION,5.0,NEUTRAL,0.0,0,0.0,True,True,True,0.7504,-0.004878,track_b_cont
trackb_cont_NGVC_20260604,NGVC,2026-06-04,2026-08-03,,,,28.625,call,BULLISH,CONTINUATION,5.0,NEUTRAL,0.0,0,0.0,True,True,True,0.7501,0.001258,track_b_cont
trackb_cont_CCO_20260604,CCO,2026-06-04,2026-08-03,,,,2.405,call,BULLISH,CONTINUATION,5.0,NEUTRAL,0.0,0,0.0,True,True,True,0.75,-4.4e-05,track_b_cont
trackb_cont_ALGT_20260604,ALGT,2026-06-04,2026-08-03,,,,84.76,call,BULLISH,CONTINUATION,5.0,NEUTRAL,0.0,0,0.0,True,True,True,0.75,0.00669,track_b_cont
trackb_cont_BTSG_20260604,BTSG,2026-06-04,2026-08-03,,,,60.5,call,BULLISH,CONTINUATION,5.0,NEUTRAL,0.0,0,0.0,True,True,True,0.7498,0.004689,track_b_cont
trackb_cont_PRSU_20260604,PRSU,2026-06-04,2026-08-03,,,,43.51,call,BULLISH,CONTINUATION,5.0,NEUTRAL,0.0,0,0.0,True,True,True,0.7495,0.00265,track_b_cont
trackb_cont_BURL_20260604,BURL,2026-06-04,2026-08-03,,,,328.95,call,BULLISH,CONTINUATION,0.0,NEUTRAL,283577.0,9,0.0,True,True,True,0.7493,0.011519,track_b_cont
trackb_cont_PSMT_20260604,PSMT,2026-06-04,2026-08-03,,,,171.1,call,BULLISH,CONTINUATION,5.0,NEUTRAL,0.0,0,0.0,True,True,True,0.7484,0.009427,track_b_cont
trackb_cont_BTOC_20260604,BTOC,2026-06-04,2026-08-03,,,,0.3429,call,BULLISH,CONTINUATION,5.0,NEUTRAL,0.0,0,0.0,True,True,True,0.7459,1.9e-05,track_b_cont
trackb_cont_NBIX_20260604,NBIX,2026-06-04,2026-08-03,,,,163.52,call,BULLISH,CONTINUATION,5.0,NEUTRAL,0.0,0,0.0,True,True,True,0.7452,0.004275,track_b_cont
trackb_cont_FUL_20260604,FUL,2026-06-04,2026-08-03,,,,62.505,call,BULLISH,CONTINUATION,5.0,NEUTRAL,0.0,0,0.0,True,True,True,0.7442,-0.000745,track_b_cont
trackb_cont_HNGE_20260604,HNGE,2026-06-04,2026-08-03,,,,58.3,call,BULLISH,CONTINUATION,5.0,NEUTRAL,0.0,0,0.0,True,True,True,0.7431,0.001336,track_b_cont
trackb_cont_RVTY_20260604,RVTY,2026-06-04,2026-08-03,,,,101.38,call,BULLISH,CONTINUATION,5.0,NEUTRAL,0.0,0,0.0,True,True,True,0.7417,0.000461,track_b_cont
trackb_cont_BG_20260604,BG,2026-06-04,2026-08-03,,,,133.98,call,BULLISH,CONTINUATION,5.0,NEUTRAL,0.0,0,0.0,True,True,True,0.7411,-0.006027,track_b_cont
trackb_cont_ZONE_20260604,ZONE,2026-06-04,2026-08-03,,,,0.7607,call,BULLISH,CONTINUATION,5.0,NEUTRAL,0.0,0,0.0,True,True,True,0.7411,0.000401,track_b_cont
trackb_cont_XRN_20260604,XRN,2026-06-04,2026-08-03,,,,35.61,call,BULLISH,CONTINUATION,5.0,NEUTRAL,0.0,0,0.0,True,True,True,0.741,0.002094,track_b_cont
trackb_cont_CBRL_20260604,CBRL,2026-06-04,2026-08-03,,,,33.32,call,BULLISH,CONTINUATION,5.0,NEUTRAL,0.0,0,0.0,True,True,True,0.7406,0.002697,track_b_cont
trackb_cont_BAH_20260604,BAH,2026-06-04,2026-08-03,,,,78.26,call,BULLISH,CONTINUATION,5.0,NEUTRAL,0.0,0,0.0,True,True,True,0.7403,0.003714,track_b_cont
trackb_cont_BYD_20260604,BYD,2026-06-04,2026-08-03,,,,85.71,call,BULLISH,CONTINUATION,5.0,NEUTRAL,0.0,0,0.0,True,True,True,0.736,-0.003528,track_b_cont
trackb_cont_ONL_20260604,ONL,2026-06-04,2026-08-03,,,,2.915,call,BULLISH,CONTINUATION,5.0,NEUTRAL,0.0,0,0.0,True,True,True,0.7353,2.8e-05,track_b_cont
trackb_cont_UNF_20260604,UNF,2026-06-04,2026-08-03,,,,264.575,call,BULLISH,CONTINUATION,5.0,NEUTRAL,0.0,0,0.0,True,True,True,0.7349,0.00678,track_b_cont
trackb_cont_UHAL_20260604,UHAL,2026-06-04,2026-08-03,,,,55.4004,call,BULLISH,CONTINUATION,5.0,NEUTRAL,0.0,0,0.0,True,True,True,0.7349,0.002092,track_b_cont
trackb_cont_ACVA_20260604,ACVA,2026-06-04,2026-08-03,,,,5.935,call,BULLISH,CONTINUATION,5.0,NEUTRAL,0.0,0,0.0,True,True,True,0.7333,0.000303,track_b_cont
trackb_cont_TBLA_20260604,TBLA,2026-06-04,2026-08-03,,,,4.625,call,BULLISH,CONTINUATION,5.0,NEUTRAL,0.0,0,0.0,True,True,True,0.7324,2.7e-05,track_b_cont
trackb_cont_ARI_20260604,ARI,2026-06-04,2026-08-03,,,,10.93,call,BULLISH,CONTINUATION,5.0,NEUTRAL,0.0,0,0.0,True,True,True,0.7317,-0.000262,track_b_cont
trackb_cont_BCHT_20260604,BCHT,2026-06-04,2026-08-03,,,,2.0322,call,BULLISH,CONTINUATION,5.0,NEUTRAL,0.0,0,0.0,True,True,True,0.7317,0.000118,track_b_cont
trackb_cont_TDG_20260604,TDG,2026-06-04,2026-08-03,,,,1228.765,call,BULLISH,CONTINUATION,5.0,NEUTRAL,0.0,0,0.0,True,True,True,0.7315,0.012359,track_b_cont
trackb_cont_DVA_20260604,DVA,2026-06-04,2026-08-03,,,,192.41,call,BULLISH,CONTINUATION,5.0,NEUTRAL,0.0,0,0.0,True,True,True,0.7294,0.003196,track_b_cont
trackb_cont_GTLS_20260604,GTLS,2026-06-04,2026-08-03,,,,207.68,call,BULLISH,CONTINUATION,5.0,NEUTRAL,0.0,0,0.0,True,True,True,0.7293,-0.004896,track_b_cont
trackb_cont_NIXX_20260604,NIXX,2026-06-04,2026-08-03,,,,0.7163,call,BULLISH,CONTINUATION,5.0,NEUTRAL,0.0,0,0.0,True,True,True,0.7284,1.6e-05,track_b_cont
trackb_cont_CDZI_20260604,CDZI,2026-06-04,2026-08-03,,,,4.625,call,BULLISH,CONTINUATION,5.0,NEUTRAL,0.0,0,0.0,True,True,True,0.7258,-0.000288,track_b_cont
trackb_cont_FRT_20260604,FRT,2026-06-04,2026-08-03,,,,119.43,call,BULLISH,CONTINUATION,5.0,NEUTRAL,0.0,0,0.0,True,True,True,0.7252,0.002255,track_b_cont
trackb_cont_SAIC_20260604,SAIC,2026-06-04,2026-08-03,,,,112.53,call,BULLISH,CONTINUATION,5.0,NEUTRAL,0.0,0,0.0,True,True,True,0.7231,0.009482,track_b_cont
trackb_cont_DFH_20260604,DFH,2026-06-04,2026-08-03,,,,14.33,call,BULLISH,CONTINUATION,5.0,NEUTRAL,0.0,0,0.0,True,True,True,0.7215,0.00069,track_b_cont
trackb_cont_MASI_20260604,MASI,2026-06-04,2026-08-03,,,,178.695,call,BULLISH,CONTINUATION,5.0,NEUTRAL,0.0,0,0.0,True,True,True,0.72,-0.004279,track_b_cont
trackb_cont_PXED_20260604,PXED,2026-06-04,2026-08-03,,,,30.1,call,BULLISH,CONTINUATION,5.0,NEUTRAL,0.0,0,0.0,True,True,True,0.7179,-0.000685,track_b_cont
trackb_cont_SPHR_20260604,SPHR,2026-06-04,2026-08-03,,,,139.58,call,BULLISH,CONTINUATION,5.0,NEUTRAL,0.0,0,0.0,True,True,True,0.7168,-0.003002,track_b_cont
trackb_cont_LPX_20260604,LPX,2026-06-04,2026-08-03,,,,73.995,call,BULLISH,CONTINUATION,5.0,NEUTRAL,0.0,0,0.0,True,True,True,0.7163,-0.000605,track_b_cont
trackb_cont_OXM_20260604,OXM,2026-06-04,2026-08-03,,,,45.01,call,BULLISH,CONTINUATION,5.0,NEUTRAL,0.0,0,0.0,True,True,True,0.7155,-0.000447,track_b_cont
trackb_cont_WKC_20260604,WKC,2026-06-04,2026-08-03,,,,29.19,call,BULLISH,CONTINUATION,5.0,NEUTRAL,0.0,0,0.0,True,True,True,0.7143,0.001334,track_b_cont
trackb_cont_DEA_20260604,DEA,2026-06-04,2026-08-03,,,,23.68,call,BULLISH,CONTINUATION,5.0,NEUTRAL,0.0,0,0.0,True,True,True,0.7062,0.000617,track_b_cont
trackb_cont_RPRX_20260604,RPRX,2026-06-04,2026-08-03,,,,55.19,call,BULLISH,CONTINUATION,5.0,NEUTRAL,0.0,0,0.0,True,True,True,0.7061,0.00237,track_b_cont
trackb_cont_ESRT_20260604,ESRT,2026-06-04,2026-08-03,,,,5.435,call,BULLISH,CONTINUATION,5.0,NEUTRAL,0.0,0,0.0,True,True,True,0.7018,2.6e-05,track_b_cont
trackb_cont_UFPT_20260604,UFPT,2026-06-04,2026-08-03,,,,214.535,call,BULLISH,CONTINUATION,5.0,NEUTRAL,0.0,0,0.0,True,True,True,0.7005,0.002975,track_b_cont
trackb_rev_LMND_20260604,LMND,2026-06-04,2026-08-03,,,,52.53,call,BULLISH,SHALLOW,10.0,BULLISH,868429.0,5,59.387,False,True,False,0.7634,0.002427,track_b_rev
trackb_rev_CLX_20260604,CLX,2026-06-04,2026-08-03,,,,88.86,call,BULLISH,SHALLOW,9.28,BULLISH,916943.5,10,55.331,False,True,False,0.3557,0.002649,track_b_rev
trackb_rev_JNJ_20260604,JNJ,2026-06-04,2026-08-03,,,,224.53,call,BULLISH,SHALLOW,10.0,BULLISH,160159.0,1,52.045,False,True,False,0.2513,0.000309,track_b_rev
trackb_rev_OLLI_20260604,OLLI,2026-06-04,2026-08-03,,,,79.87,call,BULLISH,SHALLOW,8.41,BULLISH,684975.0,16,49.078,False,False,False,0.5105,9.2e-05,track_b_rev
trackb_rev_NCLH_20260604,NCLH,2026-06-04,2026-08-03,,,,18.335,call,BULLISH,SHALLOW,6.92,LEAN BULLISH,576744.0,19,39.866,False,True,False,0.8759,0.000266,track_b_rev
trackb_rev_DHR_20260604,DHR,2026-06-04,2026-08-03,,,,176.76,call,BULLISH,SHALLOW,6.32,LEAN BULLISH,140151.0,2,32.526,False,True,False,0.6487,0.002608,track_b_rev
trackb_rev_MOS_20260604,MOS,2026-06-04,2026-08-03,,,,23.7,call,BULLISH,SHALLOW,5.0,NEUTRAL,2251288.0,10,31.762,False,True,False,0.6859,-3.3e-05,track_b_rev
trackb_rev_NKE_20260604,NKE,2026-06-04,2026-08-03,,,,43.4193,call,BULLISH,SHALLOW,4.8,NEUTRAL,1831579.0,21,30.062,False,True,False,0.4399,0.001675,track_b_rev
trackb_rev_BMY_20260604,BMY,2026-06-04,2026-08-03,,,,54.755,call,BULLISH,SHALLOW,5.0,NEUTRAL,718490.0,7,29.282,False,False,False,0.043,-0.0002,track_b_rev
trackb_rev_VG_20260604,VG,2026-06-04,2026-08-03,,,,12.905,call,BULLISH,SHALLOW,5.0,NEUTRAL,688996.0,9,29.191,False,False,False,0.3193,0.00022,track_b_rev
trackb_rev_CAH_20260604,CAH,2026-06-04,2026-08-03,,,,196.89,call,BULLISH,SHALLOW,5.0,NEUTRAL,513300.0,4,28.552,False,False,False,0.6133,0.007426,track_b_rev
trackb_rev_BKNG_20260604,BKNG,2026-06-04,2026-08-03,,,,165.92,call,BULLISH,SHALLOW,4.91,NEUTRAL,620804.0,8,28.443,False,True,False,0.6726,-0.002055,track_b_rev
trackb_rev_CAR_20260604,CAR,2026-06-04,2026-08-03,,,,174.175,call,BULLISH,SHALLOW,5.0,NEUTRAL,409214.0,10,28.06,False,True,False,0.7815,0.010623,track_b_rev
trackb_rev_TGT_20260604,TGT,2026-06-04,2026-08-03,,,,124.99,call,BULLISH,SHALLOW,5.0,NEUTRAL,356477.0,5,27.76,False,False,False,0.4519,-0.000318,track_b_rev
trackb_rev_LMT_20260604,LMT,2026-06-04,2026-08-03,,,,523.65,call,BULLISH,SHALLOW,5.0,NEUTRAL,326130.0,2,27.567,False,False,False,0.403,0.003268,track_b_rev
trackb_rev_ABT_20260604,ABT,2026-06-04,2026-08-03,,,,87.26,call,BULLISH,SHALLOW,5.0,NEUTRAL,167005.0,2,26.114,False,False,False,0.6784,0.000323,track_b_rev
trackb_rev_SYK_20260604,SYK,2026-06-04,2026-08-03,,,,293.165,call,BULLISH,SHALLOW,5.0,NEUTRAL,134400.0,1,25.642,False,True,False,0.2938,0.011785,track_b_rev
trackb_rev_ORBS_20260604,ORBS,2026-06-04,2026-08-03,,,,0.948,call,BULLISH,SHALLOW,5.0,NEUTRAL,114170.0,6,25.288,False,True,False,0.3608,7.4e-05,track_b_rev
trackb_rev_GEHC_20260604,GEHC,2026-06-04,2026-08-03,,,,61.585,call,BULLISH,SHALLOW,5.0,NEUTRAL,105615.0,3,25.119,False,True,False,0.337,0.000348,track_b_rev
trackb_rev_RBLX_20260604,RBLX,2026-06-04,2026-08-03,,,,43.115,call,BULLISH,SHALLOW,3.81,NEUTRAL,2039234.0,21,24.039,False,False,False,0.5788,0.00269,track_b_rev
trackb_rev_AEO_20260604,AEO,2026-06-04,2026-08-03,,,,15.9561,call,BULLISH,SHALLOW,5.0,NEUTRAL,56375.0,1,23.756,False,False,False,0.3827,0.000208,track_b_rev
trackb_rev_VITL_20260604,VITL,2026-06-04,2026-08-03,,,,9.76,call,BULLISH,SHALLOW,5.0,NEUTRAL,55965.0,2,23.74,False,False,False,0.3376,-0.000365,track_b_rev
trackb_rev_THO_20260604,THO,2026-06-04,2026-08-03,,,,77.375,call,BULLISH,SHALLOW,5.0,NEUTRAL,35750.0,1,22.766,False,True,False,0.6254,7.8e-05,track_b_rev
trackb_rev_WGS_20260604,WGS,2026-06-04,2026-08-03,,,,52.33,call,BULLISH,SHALLOW,5.0,NEUTRAL,17160.0,1,21.173,False,False,False,0.9986,0.008192,track_b_rev
trackb_rev_DGX_20260604,DGX,2026-06-04,2026-08-03,,,,193.818,call,BULLISH,SHALLOW,5.0,NEUTRAL,12720.0,1,20.523,False,True,False,0.6215,0.000626,track_b_rev
trackb_rev_KTOS_20260604,KTOS,2026-06-04,2026-08-03,,,,58.995,call,BULLISH,SHALLOW,3.31,NEUTRAL,410145.0,11,18.579,False,True,False,0.7653,0.000965,track_b_rev
trackb_rev_FISV_20260604,FISV,2026-06-04,2026-08-03,,,,53.05,call,BULLISH,SHALLOW,2.64,NEUTRAL,916425.0,12,15.74,False,False,False,0.5821,-0.000735,track_b_rev
trackb_rev_CTSH_20260604,CTSH,2026-06-04,2026-08-03,,,,53.15,call,BULLISH,SHALLOW,2.27,NEUTRAL,151553.0,6,11.76,False,True,False,0.799,0.004392,track_b_rev
trackb_rev_WING_20260604,WING,2026-06-04,2026-08-03,,,,143.21,call,BULLISH,SHALLOW,0.0,NEUTRAL,282860.0,2,0.0,False,True,False,0.7543,0.012355,track_b_rev
trackb_rev_MEDP_20260604,MEDP,2026-06-04,2026-08-03,,,,439.12,call,BULLISH,SHALLOW,5.0,NEUTRAL,0.0,0,0.0,False,True,False,0.7335,0.006591,track_b_rev
trackb_rev_MRK_20260604,MRK,2026-06-04,2026-08-03,,,,116.01,call,BULLISH,SHALLOW,5.0,NEUTRAL,0.0,0,0.0,False,True,False,0.3864,0.003699,track_b_rev
trackb_rev_BMI_20260604,BMI,2026-06-04,2026-08-03,,,,128.38,call,BULLISH,SHALLOW,5.0,NEUTRAL,0.0,0,0.0,False,True,False,0.7619,0.003589,track_b_rev
trackb_rev_CACI_20260604,CACI,2026-06-04,2026-08-03,,,,531.1965,call,BULLISH,SHALLOW,5.0,NEUTRAL,0.0,0,0.0,False,True,False,0.7448,0.003193,track_b_rev
trackb_rev_RLI_20260604,RLI,2026-06-04,2026-08-03,,,,50.73,call,BULLISH,SHALLOW,5.0,NEUTRAL,0.0,0,0.0,False,True,False,0.8602,0.002699,track_b_rev
trackb_rev_TJX_20260604,TJX,2026-06-04,2026-08-03,,,,157.05,call,BULLISH,SHALLOW,5.0,NEUTRAL,0.0,0,0.0,False,False,False,0.5272,0.002457,track_b_rev
trackb_rev_CCOI_20260604,CCOI,2026-06-04,2026-08-03,,,,16.48,call,BULLISH,SHALLOW,5.0,NEUTRAL,0.0,0,0.0,False,True,False,0.3053,0.002447,track_b_rev
trackb_rev_RYAN_20260604,RYAN,2026-06-04,2026-08-03,,,,31.47,call,BULLISH,SHALLOW,5.0,NEUTRAL,0.0,0,0.0,False,True,False,0.5969,0.001747,track_b_rev
trackb_rev_SYY_20260604,SYY,2026-06-04,2026-08-03,,,,75.11,call,BULLISH,SHALLOW,5.0,NEUTRAL,0.0,0,0.0,False,True,False,0.4565,0.001562,track_b_rev
trackb_rev_EPAM_20260604,EPAM,2026-06-04,2026-08-03,,,,97.245,call,BULLISH,SHALLOW,5.0,NEUTRAL,0.0,0,0.0,False,False,False,0.6312,0.001544,track_b_rev
trackb_rev_UGI_20260604,UGI,2026-06-04,2026-08-03,,,,34.97,call,BULLISH,SHALLOW,5.0,NEUTRAL,0.0,0,0.0,False,False,False,0.5727,0.000903,track_b_rev
trackb_rev_AJG_20260604,AJG,2026-06-04,2026-08-03,,,,201.445,call,BULLISH,SHALLOW,5.0,NEUTRAL,0.0,0,0.0,False,False,False,0.7707,0.000883,track_b_rev
trackb_rev_SFM_20260604,SFM,2026-06-04,2026-08-03,,,,78.02,call,BULLISH,SHALLOW,0.0,NEUTRAL,163999.0,1,0.0,False,False,False,0.0421,0.000779,track_b_rev
trackb_rev_MMSI_20260604,MMSI,2026-06-04,2026-08-03,,,,60.63,call,BULLISH,SHALLOW,5.0,NEUTRAL,0.0,0,0.0,False,False,False,0.2186,0.00072,track_b_rev
trackb_rev_OPCH_20260604,OPCH,2026-06-04,2026-08-03,,,,20.275,call,BULLISH,SHALLOW,5.0,NEUTRAL,0.0,0,0.0,False,False,False,0.4124,0.000696,track_b_rev
trackb_rev_LHX_20260604,LHX,2026-06-04,2026-08-03,,,,307.83,call,BULLISH,SHALLOW,5.0,NEUTRAL,0.0,0,0.0,False,True,False,0.6116,0.000661,track_b_rev
trackb_rev_MH_20260604,MH,2026-06-04,2026-08-03,,,,11.535,call,BULLISH,SHALLOW,5.0,NEUTRAL,0.0,0,0.0,False,True,False,0.7066,0.000491,track_b_rev
trackb_rev_ETD_20260604,ETD,2026-06-04,2026-08-03,,,,20.47,call,BULLISH,SHALLOW,5.0,NEUTRAL,0.0,0,0.0,False,True,False,0.7273,0.000486,track_b_rev
trackb_rev_WNC_20260604,WNC,2026-06-04,2026-08-03,,,,7.795,call,BULLISH,SHALLOW,5.0,NEUTRAL,0.0,0,0.0,False,True,False,0.6339,0.000302,track_b_rev
trackb_rev_FE_20260604,FE,2026-06-04,2026-08-03,,,,46.06,call,BULLISH,SHALLOW,5.0,NEUTRAL,0.0,0,0.0,False,False,False,0.4663,0.000299,track_b_rev
trackb_rev_EDHL_20260604,EDHL,2026-06-04,2026-08-03,,,,2.63,call,BULLISH,SHALLOW,5.0,NEUTRAL,0.0,0,0.0,False,True,False,0.4932,0.000256,track_b_rev
trackb_rev_SFD_20260604,SFD,2026-06-04,2026-08-03,,,,26.21,call,BULLISH,SHALLOW,5.0,NEUTRAL,0.0,0,0.0,False,False,False,0.5932,0.000248,track_b_rev
trackb_rev_EVTV_20260604,EVTV,2026-06-04,2026-08-03,,,,1.95,call,BULLISH,SHALLOW,5.0,NEUTRAL,0.0,0,0.0,False,True,False,0.1041,0.00023,track_b_rev
trackb_rev_GWRS_20260604,GWRS,2026-06-04,2026-08-03,,,,7.07,call,BULLISH,SHALLOW,5.0,NEUTRAL,0.0,0,0.0,False,True,False,0.4649,0.000221,track_b_rev
trackb_rev_AMSF_20260604,AMSF,2026-06-04,2026-08-03,,,,30.53,call,BULLISH,SHALLOW,5.0,NEUTRAL,0.0,0,0.0,False,True,False,0.5991,0.000199,track_b_rev
trackb_rev_LOCL_20260604,LOCL,2026-06-04,2026-08-03,,,,1.5799,call,BULLISH,SHALLOW,5.0,NEUTRAL,0.0,0,0.0,False,False,False,0.3714,0.000163,track_b_rev
trackb_rev_GIPR_20260604,GIPR,2026-06-04,2026-08-03,,,,0.2083,call,BULLISH,SHALLOW,5.0,NEUTRAL,0.0,0,0.0,False,True,False,0.0932,0.000118,track_b_rev
trackb_rev_ORGN_20260604,ORGN,2026-06-04,2026-08-03,,,,1.33,call,BULLISH,SHALLOW,5.0,NEUTRAL,0.0,0,0.0,False,False,False,0.1532,8.5e-05,track_b_rev
trackb_rev_BFRG_20260604,BFRG,2026-06-04,2026-08-03,,,,0.7403,call,BULLISH,SHALLOW,5.0,NEUTRAL,0.0,0,0.0,False,True,False,0.8312,3.4e-05,track_b_rev
trackb_rev_HFFG_20260604,HFFG,2026-06-04,2026-08-03,,,,1.85,call,BULLISH,SHALLOW,5.0,NEUTRAL,0.0,0,0.0,False,True,False,0.1649,2.9e-05,track_b_rev
trackb_rev_LILAK_20260604,LILAK,2026-06-04,2026-08-03,,,,7.74,call,BULLISH,SHALLOW,5.0,NEUTRAL,0.0,0,0.0,False,True,False,0.6129,2.3e-05,track_b_rev
trackb_rev_RIME_20260604,RIME,2026-06-04,2026-08-03,,,,0.7182,call,BULLISH,SHALLOW,5.0,NEUTRAL,0.0,0,0.0,False,False,False,0.4524,-2.6e-05,track_b_rev
trackb_rev_ANF_20260604,ANF,2026-06-04,2026-08-03,,,,75.36,call,BULLISH,SHALLOW,0.0,NEUTRAL,168484.0,1,0.0,False,False,False,0.3853,-3.1e-05,track_b_rev
trackb_rev_IMKTA_20260604,IMKTA,2026-06-04,2026-08-03,,,,89.66,call,BULLISH,SHALLOW,5.0,NEUTRAL,0.0,0,0.0,False,True,False,0.7134,-5.3e-05,track_b_rev
trackb_rev_BBW_20260604,BBW,2026-06-04,2026-08-03,,,,35.57,call,BULLISH,SHALLOW,5.0,NEUTRAL,0.0,0,0.0,False,False,False,0.3016,-0.000189,track_b_rev
trackb_rev_COO_20260604,COO,2026-06-04,2026-08-03,,,,60.11,call,BULLISH,SHALLOW,0.0,NEUTRAL,142460.0,1,0.0,False,False,False,0.1354,-0.000223,track_b_rev
trackb_rev_EXC_20260604,EXC,2026-06-04,2026-08-03,,,,45.89,call,BULLISH,SHALLOW,0.0,NEUTRAL,251647.0,3,0.0,False,False,False,0.4779,-0.000248,track_b_rev
trackb_rev_IPAR_20260604,IPAR,2026-06-04,2026-08-03,,,,90.13,call,BULLISH,SHALLOW,5.0,NEUTRAL,0.0,0,0.0,False,True,False,0.533,-0.000298,track_b_rev
trackb_rev_GMED_20260604,GMED,2026-06-04,2026-08-03,,,,78.03,call,BULLISH,SHALLOW,5.0,NEUTRAL,0.0,0,0.0,False,False,False,0.2193,-0.001063,track_b_rev
trackb_rev_TECH_20260604,TECH,2026-06-04,2026-08-03,,,,49.935,call,BULLISH,SHALLOW,5.0,NEUTRAL,0.0,0,0.0,False,False,False,0.4824,-0.001075,track_b_rev
trackb_rev_IDXX_20260604,IDXX,2026-06-04,2026-08-03,,,,558.885,call,BULLISH,SHALLOW,5.0,NEUTRAL,0.0,0,0.0,False,False,False,0.4444,-0.004251,track_b_rev
trackb_rev_COR_20260604,COR,2026-06-04,2026-08-03,,,,263.115,call,BULLISH,SHALLOW,5.0,NEUTRAL,0.0,0,0.0,False,False,False,0.3359,-0.006165,track_b_rev
