signal_id,spot_at_5d,spot_at_10d,spot_at_20d,spot_at_40d,spot_at_primary_date,max_high_to_primary,max_low_to_primary,hit_primary,hit_range_low,hit_range_high,direction_correct,days_to_primary_hit,max_drawdown_pct,final_status,resolved_date,last_updated
trackb_cont_AAL_20260615,16.139999,,,,,18.040001,15.2,,,,,,-4.0398,pending,,2026-06-26T04:17:44+00:00
trackb_cont_AAL_20260616,17.440001,,,,,18.040001,15.4,,,,,,-0.4847,pending,,2026-06-26T04:17:44+00:00
trackb_cont_AAL_20260617,17.57,,,,,18.040001,15.4,,,,,,-0.4847,pending,,2026-06-26T04:17:44+00:00
trackb_cont_AAL_20260618,,,,,,18.040001,15.76,,,,,,1.8417,pending,,2026-06-26T04:17:44+00:00
trackb_cont_AAL_20260619,,,,,,18.040001,15.76,,,,,,1.8417,pending,,2026-06-26T04:17:44+00:00
trackb_cont_AAON_20260603,121.120003,133.360001,,,,150.460007,118.610001,,,,,,-19.3074,pending,,2026-06-26T04:15:15+00:00
trackb_cont_AAON_20260604,128.639999,136.720001,,,,145.770004,118.610001,,,,,,-19.3074,pending,,2026-06-26T04:15:15+00:00
trackb_cont_AAON_20260605,127.190002,136.160004,,,,141.729996,118.610001,,,,,,-19.3074,pending,,2026-06-26T04:15:15+00:00
trackb_cont_AAON_20260608,131.259995,129.449997,,,,139.869995,118.610001,,,,,,-19.3074,pending,,2026-06-26T04:15:15+00:00
trackb_cont_AAPL_20260603,291.579987,295.950012,,,,317.399994,273.75,,,,,,-12.1188,pending,,2026-06-26T04:14:41+00:00
trackb_cont_AAPL_20260604,295.630005,298.01001,,,,317.399994,273.75,,,,,,-12.1188,pending,,2026-06-26T04:14:41+00:00
trackb_cont_AAPL_20260605,291.130005,297.01001,,,,317.399994,273.75,,,,,,-12.1188,pending,,2026-06-26T04:14:41+00:00
trackb_cont_AAPL_20260608,296.420013,294.299988,,,,317.399994,273.75,,,,,,-12.1188,pending,,2026-06-26T04:14:41+00:00
trackb_cont_AAP_20260612,55.419998,,,,,62.470001,54.009998,,,,,,-10.904,pending,,2026-06-26T04:17:29+00:00
trackb_cont_AAP_20260615,54.810001,,,,,62.470001,54.009998,,,,,,-12.9152,pending,,2026-06-26T04:17:29+00:00
trackb_cont_AAP_20260616,57.939999,,,,,61.549999,54.009998,,,,,,-11.5025,pending,,2026-06-26T04:17:29+00:00
trackb_cont_AAP_20260617,59.200001,,,,,61.549999,54.009998,,,,,,-11.5025,pending,,2026-06-26T04:17:29+00:00
trackb_cont_AAP_20260618,,,,,,61.549999,54.009998,,,,,,-11.5025,pending,,2026-06-26T04:17:29+00:00
trackb_cont_AAP_20260619,,,,,,59.529999,54.009998,,,,,,-11.5025,pending,,2026-06-26T04:17:29+00:00
trackb_cont_AAP_20260623,,,,,,59.439999,54.009998,,,,,,-2.5442,pending,,2026-06-26T04:17:29+00:00
trackb_cont_AAP_20260624,,,,,,59.439999,55.48,,,,,,0.1083,pending,,2026-06-26T04:17:29+00:00
trackb_cont_AAT_20260603,24.5,23.85,,,,24.85,23.190001,,,,,,-0.3438,pending,,2026-06-26T04:15:18+00:00
trackb_cont_AAT_20260604,24.469999,24.049999,,,,24.85,23.32,,,,,,0.2149,pending,,2026-06-26T04:15:18+00:00
trackb_cont_AAT_20260605,24.41,24.24,,,,24.85,23.59,,,,,,1.3752,pending,,2026-06-26T04:15:18+00:00
trackb_cont_AAT_20260608,24.280001,24.35,,,,24.85,23.66,,,,,,-0.0,pending,,2026-06-26T04:15:18+00:00
trackb_cont_AAT_20260611,24.049999,,,,,24.85,23.690001,,,,,,-3.3061,pending,,2026-06-26T04:15:18+00:00
trackb_cont_AAT_20260615,24.35,,,,,24.690001,23.690001,,,,,,-2.9496,pending,,2026-06-26T04:15:18+00:00
trackb_cont_AAT_20260616,24.370001,,,,,24.690001,23.690001,,,,,,-2.3495,pending,,2026-06-26T04:15:18+00:00
trackb_cont_AAT_20260617,24.57,,,,,24.690001,23.690001,,,,,,-2.3495,pending,,2026-06-26T04:15:18+00:00
trackb_cont_AAT_20260618,,,,,,24.690001,23.85,,,,,,-1.69,pending,,2026-06-26T04:15:18+00:00
trackb_cont_AAT_20260619,,,,,,24.690001,23.85,,,,,,-1.69,pending,,2026-06-26T04:15:18+00:00
trackb_cont_AAT_20260622,,,,,,24.690001,23.85,,,,,,-0.8316,pending,,2026-06-26T04:15:18+00:00
trackb_cont_AAT_20260623,,,,,,24.690001,24.110001,,,,,,0.2495,pending,,2026-06-26T04:15:18+00:00
trackb_cont_ABAT_20260603,3.075,3.1,,,,4.25,2.6,,,,,,-29.5412,pending,,2026-06-26T04:14:56+00:00
trackb_cont_ABAT_20260604,3.42,3.12,,,,4.25,2.6,,,,,,-29.5412,pending,,2026-06-26T04:14:56+00:00
trackb_cont_ABAT_20260605,3.38,2.93,,,,4.25,2.6,,,,,,-29.5412,pending,,2026-06-26T04:14:56+00:00
trackb_cont_ABAT_20260608,3.39,2.84,,,,4.25,2.6,,,,,,-29.5412,pending,,2026-06-26T04:14:56+00:00
trackb_cont_ABBV_20260603,224.949997,221.229996,,,,244.610001,213.729996,,,,,,-2.2457,pending,,2026-06-26T04:16:05+00:00
trackb_cont_ABBV_20260604,224.770004,216.490005,,,,244.610001,215.369995,,,,,,-1.4956,pending,,2026-06-26T04:16:05+00:00
trackb_cont_ABBV_20260605,227.729996,230.009995,,,,244.610001,215.369995,,,,,,-1.4956,pending,,2026-06-26T04:16:05+00:00
trackb_cont_ABBV_20260608,221.589996,234.759995,,,,244.610001,215.369995,,,,,,-5.2194,pending,,2026-06-26T04:16:05+00:00
trackb_cont_ABBV_20260609,222.470001,234.889999,,,,244.610001,215.369995,,,,,,-3.4518,pending,,2026-06-26T04:16:05+00:00
trackb_cont_ABBV_20260610,221.229996,243.139999,,,,244.610001,215.369995,,,,,,-3.4518,pending,,2026-06-26T04:16:05+00:00
trackb_cont_ABBV_20260611,216.490005,,,,,244.610001,215.369995,,,,,,-4.2587,pending,,2026-06-26T04:16:05+00:00
trackb_cont_ABBV_20260612,230.009995,,,,,244.610001,215.369995,,,,,,-4.1821,pending,,2026-06-26T04:16:05+00:00
trackb_cont_ABBV_20260616,234.889999,,,,,244.610001,215.369995,,,,,,-2.7894,pending,,2026-06-26T04:16:05+00:00
trackb_cont_ABBV_20260617,243.139999,,,,,244.610001,215.369995,,,,,,-2.7894,pending,,2026-06-26T04:16:05+00:00
trackb_cont_ABBV_20260625,,,,,,244.610001,233.660004,,,,,,-0.5236,pending,,2026-06-26T04:16:05+00:00
trackb_cont_ABG_20260612,196.199997,,,,,208.119995,189.130005,,,,,,-5.1885,pending,,2026-06-26T04:17:33+00:00
trackb_cont_ABG_20260616,206.330002,,,,,208.119995,189.130005,,,,,,-6.1785,pending,,2026-06-26T04:17:33+00:00
trackb_cont_ABG_20260617,203.050003,,,,,208.119995,189.130005,,,,,,-6.1785,pending,,2026-06-26T04:17:33+00:00
trackb_cont_ABG_20260618,,,,,,208.119995,189.130005,,,,,,-6.1785,pending,,2026-06-26T04:17:33+00:00
trackb_cont_ABG_20260619,,,,,,208.119995,194.350006,,,,,,-3.5891,pending,,2026-06-26T04:17:33+00:00
trackb_cont_ABG_20260625,,,,,,208.119995,198.770004,,,,,,-3.664,pending,,2026-06-26T04:17:33+00:00
trackb_cont_ABM_20260611,44.150002,,,,,47.0,42.970001,,,,,,-4.2345,pending,,2026-06-26T04:17:17+00:00
trackb_cont_ABM_20260615,43.91,,,,,45.709999,42.970001,,,,,,-5.2648,pending,,2026-06-26T04:17:17+00:00
trackb_cont_ABM_20260616,44.57,,,,,45.700001,42.970001,,,,,,-3.2425,pending,,2026-06-26T04:17:17+00:00
trackb_cont_ABM_20260617,44.830002,,,,,45.700001,42.970001,,,,,,-3.2425,pending,,2026-06-26T04:17:17+00:00
trackb_cont_ABNB_20260622,,,,,,147.270004,137.910004,,,,,,-3.1599,pending,,2026-06-26T04:18:44+00:00
trackb_cont_ABNB_20260623,,,,,,147.270004,138.559998,,,,,,-2.7035,pending,,2026-06-26T04:18:44+00:00
trackb_cont_ABX_20260616,9.3,,,,,9.9,9.12,,,,,,-7.0336,pending,,2026-06-26T04:18:12+00:00
trackb_cont_ABX_20260617,9.24,,,,,9.9,9.12,,,,,,-7.0336,pending,,2026-06-26T04:18:12+00:00
trackb_cont_ABX_20260618,,,,,,9.73,9.12,,,,,,-5.5901,pending,,2026-06-26T04:18:12+00:00
trackb_cont_ABX_20260619,,,,,,9.73,9.12,,,,,,-5.5901,pending,,2026-06-26T04:18:12+00:00
trackb_cont_ABX_20260622,,,,,,9.73,9.12,,,,,,-5.5901,pending,,2026-06-26T04:18:12+00:00
trackb_cont_ACEL_20260609,13.08,13.06,,,,14.0,12.25,,,,,,1.4073,pending,,2026-06-26T04:16:57+00:00
trackb_cont_ACEL_20260612,12.79,,,,,14.0,12.67,,,,,,-5.5183,pending,,2026-06-26T04:16:57+00:00
trackb_cont_ACH_20260616,3.2,,,,,3.39,3.02,,,,,,-1.9481,pending,,2026-06-26T04:18:09+00:00
trackb_cont_ACH_20260617,3.17,,,,,3.39,3.02,,,,,,-1.9481,pending,,2026-06-26T04:18:09+00:00
trackb_cont_ACH_20260618,,,,,,3.39,3.02,,,,,,-5.7722,pending,,2026-06-26T04:18:09+00:00
trackb_cont_ACH_20260619,,,,,,3.37,3.02,,,,,,-5.7722,pending,,2026-06-26T04:18:09+00:00
trackb_cont_ACH_20260622,,,,,,3.37,3.02,,,,,,-6.5015,pending,,2026-06-26T04:18:09+00:00
trackb_cont_ACH_20260623,,,,,,3.35,3.02,,,,,,-5.625,pending,,2026-06-26T04:18:09+00:00
trackb_cont_ACH_20260624,,,,,,3.35,3.14,,,,,,-1.875,pending,,2026-06-26T04:18:09+00:00
trackb_cont_ACLS_20260615,171.059998,,,,,193.779999,164.490005,,,,,,-13.1429,pending,,2026-06-26T04:17:48+00:00
trackb_cont_ACLS_20260616,168.910004,,,,,193.5,164.490005,,,,,,-12.7883,pending,,2026-06-26T04:17:48+00:00
trackb_cont_ACLS_20260617,180.699997,,,,,190.25,164.490005,,,,,,-12.7883,pending,,2026-06-26T04:17:48+00:00
trackb_cont_ACLS_20260618,,,,,,190.25,164.490005,,,,,,-12.7883,pending,,2026-06-26T04:17:48+00:00
trackb_cont_ACLS_20260619,,,,,,190.25,164.490005,,,,,,-12.7883,pending,,2026-06-26T04:17:48+00:00
trackb_cont_ACLS_20260623,,,,,,180.929993,164.490005,,,,,,-10.5644,pending,,2026-06-26T04:17:48+00:00
trackb_cont_ACLS_20260624,,,,,,180.929993,164.490005,,,,,,-10.5644,pending,,2026-06-26T04:17:48+00:00
trackb_cont_ACLS_20260625,,,,,,180.929993,169.070007,,,,,,-8.0742,pending,,2026-06-26T04:17:48+00:00
trackb_cont_ACMR_20260603,79.959999,96.190002,,,,111.410004,74.190002,,,,,,-16.7947,pending,,2026-06-26T04:15:01+00:00
trackb_cont_ACMR_20260604,91.699997,109.870003,,,,111.410004,74.190002,,,,,,-16.7947,pending,,2026-06-26T04:15:01+00:00
trackb_cont_ACMR_20260605,93.949997,103.169998,,,,111.410004,74.190002,,,,,,-16.7947,pending,,2026-06-26T04:15:01+00:00
trackb_cont_ACMR_20260608,95.209999,99.120003,,,,111.410004,74.190002,,,,,,-16.7947,pending,,2026-06-26T04:15:01+00:00
trackb_cont_ACMR_20260616,101.599998,,,,,111.410004,90.709999,,,,,,-4.6964,pending,,2026-06-26T04:15:01+00:00
trackb_cont_ACMR_20260617,106.860001,,,,,111.410004,93.132004,,,,,,-2.1517,pending,,2026-06-26T04:15:01+00:00
trackb_cont_ACMR_20260618,,,,,,111.410004,93.132004,,,,,,-2.1517,pending,,2026-06-26T04:15:01+00:00
trackb_cont_ACMR_20260619,,,,,,111.410004,93.132004,,,,,,-2.1517,pending,,2026-06-26T04:15:01+00:00
trackb_cont_ACT_20260625,,,,,,44.950001,43.91,,,,,,-0.7684,pending,,2026-06-26T04:18:57+00:00
trackb_cont_ACVA_20260603,5.94,6.14,,,,6.77,5.54,,,,,,-6.6554,pending,,2026-06-26T04:16:20+00:00
trackb_cont_ACVA_20260604,6.45,6.48,,,,6.77,5.54,,,,,,-6.6554,pending,,2026-06-26T04:16:20+00:00
trackb_cont_ACVA_20260605,6.01,6.37,,,,6.77,5.54,,,,,,-6.6554,pending,,2026-06-26T04:16:20+00:00
trackb_cont_ACVA_20260608,6.31,6.4,,,,6.77,5.555,,,,,,-6.4027,pending,,2026-06-26T04:16:20+00:00
trackb_cont_ACVA_20260623,,,,,,6.77,6.35,,,,,,-0.314,pending,,2026-06-26T04:16:20+00:00
trackb_cont_ACVA_20260624,,,,,,6.77,6.45,,,,,,1.2559,pending,,2026-06-26T04:16:20+00:00
trackb_cont_ADC_20260615,74.370003,,,,,76.080002,72.989998,,,,,,-3.2348,pending,,2026-06-26T04:17:48+00:00
trackb_cont_ADC_20260616,75.32,,,,,76.080002,72.989998,,,,,,-2.693,pending,,2026-06-26T04:17:48+00:00
trackb_cont_ADC_20260617,75.980003,,,,,76.080002,72.989998,,,,,,-2.693,pending,,2026-06-26T04:17:48+00:00
trackb_cont_ADI_20260603,392.670013,414.450012,,,,445.910004,383.320007,,,,,,-11.108,pending,,2026-06-26T04:15:58+00:00
trackb_cont_ADI_20260604,412.130005,434.459991,,,,445.910004,383.320007,,,,,,-11.108,pending,,2026-06-26T04:15:58+00:00
trackb_cont_ADI_20260605,417.790009,445.480011,,,,445.910004,383.320007,,,,,,-11.108,pending,,2026-06-26T04:15:58+00:00
trackb_cont_ADI_20260608,427.579987,407.26001,,,,445.910004,383.320007,,,,,,-4.5019,pending,,2026-06-26T04:15:58+00:00
trackb_cont_ADI_20260623,,,,,,431.869995,403.209991,,,,,,-9.4886,pending,,2026-06-26T04:15:58+00:00
trackb_cont_ADI_20260624,,,,,,431.869995,404.0,,,,,,-9.3113,pending,,2026-06-26T04:15:58+00:00
trackb_cont_ADI_20260625,,,,,,431.869995,412.350006,,,,,,-7.4369,pending,,2026-06-26T04:15:58+00:00
trackb_cont_ADM_20260603,81.279999,76.5,,,,85.370003,71.620003,,,,,,-15.5773,pending,,2026-06-26T04:15:31+00:00
trackb_cont_ADM_20260604,78.900002,75.099998,,,,84.739998,71.620003,,,,,,-15.5773,pending,,2026-06-26T04:15:31+00:00
trackb_cont_ADM_20260605,80.239998,76.290001,,,,83.190002,71.620003,,,,,,-15.5773,pending,,2026-06-26T04:15:31+00:00
trackb_cont_ADM_20260608,79.269997,75.839996,,,,82.690002,71.620003,,,,,,-15.5773,pending,,2026-06-26T04:15:31+00:00
trackb_cont_ADP_20260603,231.100006,218.759995,,,,237.110001,213.800003,,,,,,-5.2851,pending,,2026-06-26T04:15:24+00:00
trackb_cont_ADP_20260604,225.770004,218.410004,,,,237.110001,213.800003,,,,,,-5.2851,pending,,2026-06-26T04:15:24+00:00
trackb_cont_ADP_20260605,226.210007,214.600006,,,,234.850006,213.800003,,,,,,-5.2851,pending,,2026-06-26T04:15:24+00:00
trackb_cont_ADP_20260608,223.220001,220.5,,,,233.199997,213.800003,,,,,,-5.2851,pending,,2026-06-26T04:15:24+00:00
trackb_cont_ADP_20260609,222.0,219.860001,,,,233.199997,213.800003,,,,,,-6.6702,pending,,2026-06-26T04:15:24+00:00
trackb_cont_ADP_20260612,214.600006,,,,,227.199997,213.800003,,,,,,-5.3019,pending,,2026-06-26T04:15:24+00:00
trackb_cont_ADTN_20260603,14.95,15.09,,,,18.299999,13.32,,,,,,-23.0503,pending,,2026-06-26T04:16:26+00:00
trackb_cont_ADTN_20260604,15.2,15.18,,,,17.32,13.32,,,,,,-23.0503,pending,,2026-06-26T04:16:26+00:00
trackb_cont_ADTN_20260605,15.26,15.58,,,,17.059999,13.32,,,,,,-23.0503,pending,,2026-06-26T04:16:26+00:00
trackb_cont_ADTN_20260608,15.13,14.47,,,,17.059999,13.32,,,,,,-23.0503,pending,,2026-06-26T04:16:26+00:00
trackb_cont_ADUS_20260618,,,,,,98.989998,93.449997,,,,,,-0.4474,pending,,2026-06-26T04:18:37+00:00
trackb_cont_ADUS_20260619,,,,,,98.989998,93.449997,,,,,,-0.4474,pending,,2026-06-26T04:18:37+00:00
trackb_cont_AEE_20260625,,,,,,114.800003,113.059998,,,,,,-0.2294,pending,,2026-06-26T04:18:47+00:00
trackb_cont_AEHR_20260603,93.32,112.620003,,,,126.620003,84.620003,,,,,,-26.3726,pending,,2026-06-26T04:14:47+00:00
trackb_cont_AEHR_20260604,103.029999,115.300003,,,,126.620003,84.620003,,,,,,-26.3726,pending,,2026-06-26T04:14:47+00:00
trackb_cont_AEHR_20260605,108.470001,113.330002,,,,126.620003,84.620003,,,,,,-26.3726,pending,,2026-06-26T04:14:47+00:00
trackb_cont_AEHR_20260608,115.879997,102.389999,,,,126.620003,84.620003,,,,,,-26.3726,pending,,2026-06-26T04:14:47+00:00
trackb_cont_AEHR_20260615,102.389999,,,,,126.620003,91.300003,,,,,,-26.8898,pending,,2026-06-26T04:14:47+00:00
trackb_cont_AEHR_20260616,95.199997,,,,,123.480003,91.300003,,,,,,-22.9893,pending,,2026-06-26T04:14:47+00:00
trackb_cont_AEHR_20260617,98.790001,,,,,123.480003,91.300003,,,,,,-22.9893,pending,,2026-06-26T04:14:47+00:00
trackb_cont_AEIS_20260615,364.959991,,,,,389.790009,349.190002,,,,,,-6.6705,pending,,2026-06-26T04:17:45+00:00
trackb_cont_AEIS_20260616,359.609985,,,,,389.790009,349.190002,,,,,,-5.9826,pending,,2026-06-26T04:17:45+00:00
trackb_cont_AEIS_20260617,375.149994,,,,,389.790009,349.190002,,,,,,-5.9826,pending,,2026-06-26T04:17:45+00:00
trackb_cont_AEIS_20260622,,,,,,389.790009,353.359985,,,,,,-5.1612,pending,,2026-06-26T04:17:45+00:00
trackb_cont_AEIS_20260623,,,,,,378.899994,353.359985,,,,,,-5.1612,pending,,2026-06-26T04:17:45+00:00
trackb_cont_AEO_20260612,17.790001,,,,,19.280001,17.049999,,,,,,-6.7797,pending,,2026-06-26T04:16:35+00:00
trackb_cont_AEO_20260616,18.5,,,,,18.790001,17.049999,,,,,,-7.6131,pending,,2026-06-26T04:16:35+00:00
trackb_cont_AEO_20260617,18.049999,,,,,18.790001,17.049999,,,,,,-7.6131,pending,,2026-06-26T04:16:35+00:00
trackb_cont_AEO_20260618,,,,,,18.790001,17.25,,,,,,-6.5294,pending,,2026-06-26T04:16:35+00:00
trackb_cont_AEO_20260619,,,,,,18.790001,17.469999,,,,,,-5.3373,pending,,2026-06-26T04:16:35+00:00
trackb_cont_AEP_20260625,,,,,,137.539993,135.009995,,,,,,0.037,pending,,2026-06-26T04:18:53+00:00
trackb_cont_AFG_20260625,,,,,,139.509995,135.589996,,,,,,-1.9099,pending,,2026-06-26T04:18:56+00:00
trackb_cont_AFL_20260610,116.239998,118.230003,,,,120.269997,114.470001,,,,,,-0.6682,pending,,2026-06-26T04:17:09+00:00
trackb_cont_AFL_20260612,116.550003,,,,,120.269997,114.470001,,,,,,-1.7003,pending,,2026-06-26T04:17:09+00:00
trackb_cont_AFL_20260616,117.75,,,,,120.269997,114.470001,,,,,,-2.5414,pending,,2026-06-26T04:17:09+00:00
trackb_cont_AFL_20260617,118.230003,,,,,120.269997,114.470001,,,,,,-2.5414,pending,,2026-06-26T04:17:09+00:00
trackb_cont_AFRM_20260603,62.810001,70.730003,,,,79.970001,61.18,,,,,,-6.8017,pending,,2026-06-26T04:16:22+00:00
trackb_cont_AFRM_20260604,66.489998,73.919998,,,,79.970001,61.18,,,,,,-6.8017,pending,,2026-06-26T04:16:22+00:00
trackb_cont_AFRM_20260605,66.169998,72.199997,,,,79.970001,61.18,,,,,,-6.8017,pending,,2026-06-26T04:16:22+00:00
trackb_cont_AGL_20260603,101.699997,104.669998,,,,119.07,80.0,,,,,,-5.482,pending,,2026-06-26T04:15:23+00:00
trackb_cont_AGL_20260604,116.160004,113.800003,,,,119.07,83.294998,,,,,,-1.5891,pending,,2026-06-26T04:15:23+00:00
trackb_cont_AGL_20260605,112.910004,113.110001,,,,119.07,91.168999,,,,,,7.7138,pending,,2026-06-26T04:15:23+00:00
trackb_cont_AGL_20260608,114.339996,111.730003,,,,119.07,93.010002,,,,,,9.8889,pending,,2026-06-26T04:15:23+00:00
trackb_cont_AGL_20260616,106.959999,,,,,119.07,93.010002,,,,,,-16.9885,pending,,2026-06-26T04:15:23+00:00
trackb_cont_AGL_20260617,107.25,,,,,119.07,93.010002,,,,,,-16.9885,pending,,2026-06-26T04:15:23+00:00
trackb_cont_AGL_20260625,,,,,,110.584999,93.010002,,,,,,-13.0423,pending,,2026-06-26T04:15:23+00:00
trackb_cont_AGX_20260622,,,,,,791.380005,712.0,,,,,,-3.634,pending,,2026-06-26T04:18:45+00:00
trackb_cont_AGX_20260623,,,,,,780.530029,712.0,,,,,,-3.634,pending,,2026-06-26T04:18:45+00:00
trackb_cont_AGX_20260625,,,,,,780.530029,735.0,,,,,,0.3769,pending,,2026-06-26T04:18:45+00:00
trackb_cont_AHRT_20260603,6.85,6.6,,,,6.95,6.56,,,,,,-0.6076,pending,,2026-06-26T04:16:00+00:00
trackb_cont_AHRT_20260604,6.85,6.67,,,,6.95,6.56,,,,,,-0.6076,pending,,2026-06-26T04:16:00+00:00
trackb_cont_AHRT_20260605,6.88,6.75,,,,6.95,6.56,,,,,,-0.6076,pending,,2026-06-26T04:16:00+00:00
trackb_cont_AHRT_20260608,6.79,6.81,,,,6.95,6.56,,,,,,-0.6076,pending,,2026-06-26T04:16:00+00:00
trackb_cont_AHRT_20260616,6.8,,,,,6.95,6.56,,,,,,-3.9531,pending,,2026-06-26T04:16:00+00:00
trackb_cont_AHRT_20260617,6.94,,,,,6.95,6.56,,,,,,-3.9531,pending,,2026-06-26T04:16:00+00:00
trackb_cont_AHRT_20260618,,,,,,6.95,6.62,,,,,,-3.0747,pending,,2026-06-26T04:16:00+00:00
trackb_cont_AHRT_20260619,,,,,,6.95,6.63,,,,,,-2.9283,pending,,2026-06-26T04:16:00+00:00
trackb_cont_AIT_20260610,329.890015,343.540009,,,,345.480011,313.839996,,,,,,-0.1845,pending,,2026-06-26T04:17:07+00:00
trackb_cont_AIT_20260616,333.779999,,,,,345.480011,318.820007,,,,,,-0.8074,pending,,2026-06-26T04:17:07+00:00
trackb_cont_AIT_20260617,343.540009,,,,,345.480011,324.0,,,,,,0.8043,pending,,2026-06-26T04:17:07+00:00
trackb_cont_AIT_20260618,,,,,,345.480011,329.01001,,,,,,-0.2668,pending,,2026-06-26T04:17:07+00:00
trackb_cont_AIT_20260619,,,,,,345.480011,329.01001,,,,,,-0.2668,pending,,2026-06-26T04:17:07+00:00
trackb_cont_AIT_20260622,,,,,,345.480011,329.01001,,,,,,-0.2668,pending,,2026-06-26T04:17:07+00:00
trackb_cont_AIT_20260623,,,,,,345.480011,329.01001,,,,,,-2.6799,pending,,2026-06-26T04:17:07+00:00
trackb_cont_AIT_20260624,,,,,,345.480011,330.100006,,,,,,-2.3575,pending,,2026-06-26T04:17:07+00:00
trackb_cont_AIT_20260625,,,,,,345.480011,335.970001,,,,,,-0.6212,pending,,2026-06-26T04:17:07+00:00
trackb_cont_AIV_20260603,2.89,2.9,,,,4.3,2.85,,,,,,-33.3333,pending,,2026-06-26T04:16:03+00:00
trackb_cont_AIV_20260604,2.87,2.9,,,,3.1,2.85,,,,,,-33.3333,pending,,2026-06-26T04:16:03+00:00
trackb_cont_AIV_20260605,2.88,2.9,,,,3.1,2.85,,,,,,-33.3333,pending,,2026-06-26T04:16:03+00:00
trackb_cont_AIZ_20260609,260.549988,263.820007,,,,268.670013,248.809998,,,,,,-1.2737,pending,,2026-06-26T04:16:56+00:00
trackb_cont_AIZ_20260610,262.130005,260.769989,,,,268.670013,252.289993,,,,,,0.1071,pending,,2026-06-26T04:16:56+00:00
trackb_cont_AIZ_20260612,261.579987,,,,,268.670013,255.369995,,,,,,-1.2108,pending,,2026-06-26T04:16:56+00:00
trackb_cont_AIZ_20260616,263.820007,,,,,268.670013,258.440002,,,,,,-0.8136,pending,,2026-06-26T04:16:56+00:00
trackb_cont_AIZ_20260617,260.769989,,,,,268.670013,258.440002,,,,,,-0.8136,pending,,2026-06-26T04:16:56+00:00
trackb_cont_AIZ_20260618,,,,,,268.670013,258.440002,,,,,,-1.4077,pending,,2026-06-26T04:16:56+00:00
trackb_cont_AIZ_20260619,,,,,,268.670013,260.279999,,,,,,-0.7058,pending,,2026-06-26T04:16:56+00:00
trackb_cont_AIZ_20260622,,,,,,268.670013,260.279999,,,,,,0.1616,pending,,2026-06-26T04:16:56+00:00
trackb_cont_AIZ_20260623,,,,,,268.670013,260.690002,,,,,,0.3194,pending,,2026-06-26T04:16:56+00:00
trackb_cont_AIZ_20260625,,,,,,267.959991,260.690002,,,,,,-1.1864,pending,,2026-06-26T04:16:56+00:00
trackb_cont_AJG_20260608,215.740005,215.779999,,,,225.339996,208.080002,,,,,,-3.7291,pending,,2026-06-26T04:16:32+00:00
trackb_cont_AJG_20260610,216.089996,217.860001,,,,225.339996,208.080002,,,,,,-2.0892,pending,,2026-06-26T04:16:32+00:00
trackb_cont_AJG_20260611,214.059998,,,,,224.990005,208.080002,,,,,,-5.4783,pending,,2026-06-26T04:16:32+00:00
trackb_cont_AJG_20260615,215.779999,,,,,224.990005,208.080002,,,,,,-4.2606,pending,,2026-06-26T04:16:32+00:00
trackb_cont_AJG_20260616,220.759995,,,,,224.990005,208.080002,,,,,,-3.6867,pending,,2026-06-26T04:16:32+00:00
trackb_cont_AJG_20260617,217.860001,,,,,224.990005,208.080002,,,,,,-3.6867,pending,,2026-06-26T04:16:32+00:00
trackb_cont_AJG_20260618,,,,,,222.979996,208.080002,,,,,,-3.6867,pending,,2026-06-26T04:16:32+00:00
trackb_cont_AJG_20260619,,,,,,222.979996,208.080002,,,,,,-3.6867,pending,,2026-06-26T04:16:32+00:00
trackb_cont_AKAM_20260603,129.970001,127.860001,,,,164.800003,112.190002,,,,,,-30.8494,pending,,2026-06-26T04:15:14+00:00
trackb_cont_AKAM_20260604,132.460007,124.910004,,,,160.880005,112.190002,,,,,,-30.8494,pending,,2026-06-26T04:15:14+00:00
trackb_cont_AKAM_20260605,133.5,120.739998,,,,158.050003,112.190002,,,,,,-30.8494,pending,,2026-06-26T04:15:14+00:00
trackb_cont_AKAM_20260608,134.199997,119.870003,,,,150.360001,112.190002,,,,,,-30.8494,pending,,2026-06-26T04:15:14+00:00
trackb_cont_ALAB_20260603,330.859985,374.679993,,,,440.98999,303.0,,,,,,-14.5877,pending,,2026-06-26T04:14:41+00:00
trackb_cont_ALAB_20260604,367.470001,417.070007,,,,440.98999,303.0,,,,,,-14.5877,pending,,2026-06-26T04:14:41+00:00
trackb_cont_ALAB_20260605,367.149994,439.660004,,,,440.98999,303.0,,,,,,-14.5877,pending,,2026-06-26T04:14:41+00:00
trackb_cont_ALAB_20260608,389.200012,397.019989,,,,440.98999,303.0,,,,,,-14.5877,pending,,2026-06-26T04:14:41+00:00
trackb_cont_ALAB_20260615,397.019989,,,,,440.98999,360.890015,,,,,,-2.9083,pending,,2026-06-26T04:14:41+00:00
trackb_cont_ALAB_20260616,399.920013,,,,,440.98999,360.890015,,,,,,-6.8791,pending,,2026-06-26T04:14:41+00:00
trackb_cont_ALAB_20260617,398.0,,,,,440.98999,370.01001,,,,,,-4.5259,pending,,2026-06-26T04:14:41+00:00
trackb_cont_ALAB_20260618,,,,,,440.98999,384.730011,,,,,,-0.7276,pending,,2026-06-26T04:14:41+00:00
trackb_cont_ALAB_20260619,,,,,,440.98999,385.119995,,,,,,-0.627,pending,,2026-06-26T04:14:41+00:00
trackb_cont_ALAB_20260623,,,,,,429.910004,385.119995,,,,,,-12.405,pending,,2026-06-26T04:14:41+00:00
trackb_cont_ALAB_20260624,,,,,,429.910004,385.119995,,,,,,-12.405,pending,,2026-06-26T04:14:41+00:00
trackb_cont_ALAB_20260625,,,,,,429.910004,386.649994,,,,,,-3.3182,pending,,2026-06-26T04:14:41+00:00
trackb_cont_ALGN_20260615,168.490005,,,,,185.0,165.5,,,,,,-7.7802,pending,,2026-06-26T04:17:01+00:00
trackb_cont_ALGN_20260616,170.899994,,,,,185.0,165.5,,,,,,-7.4204,pending,,2026-06-26T04:17:01+00:00
trackb_cont_ALGN_20260617,175.710007,,,,,185.0,165.5,,,,,,-7.4204,pending,,2026-06-26T04:17:01+00:00
trackb_cont_ALGN_20260618,,,,,,183.029999,165.5,,,,,,-4.6274,pending,,2026-06-26T04:17:01+00:00
trackb_cont_ALGN_20260619,,,,,,180.550003,165.5,,,,,,-4.6274,pending,,2026-06-26T04:17:01+00:00
trackb_cont_ALGN_20260622,,,,,,180.550003,165.5,,,,,,-4.6274,pending,,2026-06-26T04:17:01+00:00
trackb_cont_ALGN_20260623,,,,,,176.699997,165.5,,,,,,-4.7537,pending,,2026-06-26T04:17:01+00:00
trackb_cont_ALGN_20260624,,,,,,176.699997,165.5,,,,,,-4.7537,pending,,2026-06-26T04:17:01+00:00
trackb_cont_ALGT_20260603,80.150002,95.889999,,,,114.019997,80.0,,,,,,-5.6159,pending,,2026-06-26T04:16:11+00:00
trackb_cont_ALGT_20260604,86.040001,100.760002,,,,114.019997,80.0,,,,,,-5.6159,pending,,2026-06-26T04:16:11+00:00
trackb_cont_ALGT_20260605,91.589996,102.18,,,,114.019997,80.0,,,,,,-5.6159,pending,,2026-06-26T04:16:11+00:00
trackb_cont_ALGT_20260608,95.239998,103.540001,,,,114.019997,80.0,,,,,,-5.6159,pending,,2026-06-26T04:16:11+00:00
trackb_cont_ALGT_20260615,103.540001,,,,,114.019997,94.709999,,,,,,-5.5497,pending,,2026-06-26T04:16:11+00:00
trackb_cont_ALGT_20260616,107.32,,,,,114.019997,95.129997,,,,,,-0.5748,pending,,2026-06-26T04:16:11+00:00
trackb_cont_ALGT_20260617,110.050003,,,,,114.019997,95.779999,,,,,,0.1045,pending,,2026-06-26T04:16:11+00:00
trackb_cont_ALGT_20260618,,,,,,114.019997,98.32,,,,,,2.5342,pending,,2026-06-26T04:16:11+00:00
trackb_cont_ALGT_20260619,,,,,,114.019997,98.599998,,,,,,2.8262,pending,,2026-06-26T04:16:11+00:00
trackb_cont_ALGT_20260622,,,,,,114.019997,98.599998,,,,,,-2.1437,pending,,2026-06-26T04:16:11+00:00
trackb_cont_ALGT_20260623,,,,,,114.019997,98.860001,,,,,,-3.2492,pending,,2026-06-26T04:16:11+00:00
trackb_cont_ALGT_20260624,,,,,,114.019997,104.739998,,,,,,2.5054,pending,,2026-06-26T04:16:11+00:00
trackb_cont_ALGT_20260625,,,,,,114.019997,107.879997,,,,,,5.5784,pending,,2026-06-26T04:16:11+00:00
trackb_cont_ALG_20260623,,,,,,170.210007,154.910004,,,,,,-3.8125,pending,,2026-06-26T04:18:24+00:00
trackb_cont_ALG_20260624,,,,,,170.210007,154.910004,,,,,,-3.8125,pending,,2026-06-26T04:18:24+00:00
trackb_cont_ALG_20260625,,,,,,170.210007,164.470001,,,,,,2.1236,pending,,2026-06-26T04:18:24+00:00
trackb_cont_ALHC_20260612,21.290001,,,,,22.99,19.15,,,,,,-5.3854,pending,,2026-06-26T04:17:30+00:00
trackb_cont_ALHC_20260615,21.66,,,,,22.99,19.15,,,,,,-0.9312,pending,,2026-06-26T04:17:30+00:00
trackb_cont_ALHC_20260616,21.690001,,,,,22.99,19.862,,,,,,1.6739,pending,,2026-06-26T04:17:30+00:00
trackb_cont_ALHC_20260617,22.709999,,,,,22.99,20.35,,,,,,4.172,pending,,2026-06-26T04:17:30+00:00
trackb_cont_ALHC_20260618,,,,,,22.99,21.17,,,,,,-1.1671,pending,,2026-06-26T04:17:30+00:00
trackb_cont_ALHC_20260619,,,,,,22.99,21.235001,,,,,,-0.8637,pending,,2026-06-26T04:17:30+00:00
trackb_cont_ALHC_20260622,,,,,,22.99,21.235001,,,,,,-0.8637,pending,,2026-06-26T04:17:30+00:00
trackb_cont_ALHC_20260623,,,,,,22.99,21.24,,,,,,-0.2349,pending,,2026-06-26T04:17:30+00:00
trackb_cont_ALHC_20260624,,,,,,22.99,21.42,,,,,,0.6106,pending,,2026-06-26T04:17:30+00:00
trackb_cont_ALHC_20260625,,,,,,22.99,21.67,,,,,,-0.0922,pending,,2026-06-26T04:17:30+00:00
trackb_cont_ALH_20260618,,,,,,27.139999,25.969999,,,,,,-0.0385,pending,,2026-06-26T04:18:36+00:00
trackb_cont_ALH_20260619,,,,,,27.139999,25.969999,,,,,,-0.0385,pending,,2026-06-26T04:18:36+00:00
trackb_cont_ALH_20260622,,,,,,27.139999,25.969999,,,,,,-3.4213,pending,,2026-06-26T04:18:36+00:00
trackb_cont_ALH_20260623,,,,,,27.120001,25.969999,,,,,,-3.4213,pending,,2026-06-26T04:18:36+00:00
trackb_cont_ALH_20260625,,,,,,27.120001,26.16,,,,,,0.1531,pending,,2026-06-26T04:18:36+00:00
trackb_cont_ALK_20260615,49.209999,,,,,54.32,47.57,,,,,,-7.3432,pending,,2026-06-26T04:17:47+00:00
trackb_cont_ALK_20260616,51.560001,,,,,54.32,47.57,,,,,,-3.254,pending,,2026-06-26T04:17:47+00:00
trackb_cont_ALK_20260617,53.290001,,,,,54.32,47.57,,,,,,-3.254,pending,,2026-06-26T04:17:47+00:00
trackb_cont_ALK_20260618,,,,,,54.32,47.57,,,,,,-3.254,pending,,2026-06-26T04:17:47+00:00
trackb_cont_ALK_20260619,,,,,,54.32,47.57,,,,,,-3.254,pending,,2026-06-26T04:17:47+00:00
trackb_cont_ALK_20260622,,,,,,54.32,47.57,,,,,,-3.4308,pending,,2026-06-26T04:17:47+00:00
trackb_cont_ALK_20260623,,,,,,54.32,47.57,,,,,,-3.4308,pending,,2026-06-26T04:17:47+00:00
trackb_cont_ALLY_20260616,45.560001,,,,,47.189999,44.84,,,,,,-2.1388,pending,,2026-06-26T04:18:06+00:00
trackb_cont_ALLY_20260617,46.32,,,,,47.189999,44.84,,,,,,-2.1388,pending,,2026-06-26T04:18:06+00:00
trackb_cont_ALLY_20260618,,,,,,47.139999,44.84,,,,,,-2.1174,pending,,2026-06-26T04:18:06+00:00
trackb_cont_ALLY_20260619,,,,,,47.139999,44.84,,,,,,-2.1174,pending,,2026-06-26T04:18:06+00:00
trackb_cont_ALLY_20260622,,,,,,47.139999,44.84,,,,,,-2.1174,pending,,2026-06-26T04:18:06+00:00
trackb_cont_ALLY_20260623,,,,,,47.139999,44.84,,,,,,-2.1174,pending,,2026-06-26T04:18:06+00:00
trackb_cont_ALL_20260610,221.660004,231.600006,,,,237.100006,217.539993,,,,,,1.172,pending,,2026-06-26T04:17:10+00:00
trackb_cont_ALL_20260612,222.559998,,,,,237.100006,218.289993,,,,,,-0.583,pending,,2026-06-26T04:17:10+00:00
trackb_cont_ALL_20260616,233.539993,,,,,237.100006,218.289993,,,,,,-1.4759,pending,,2026-06-26T04:17:10+00:00
trackb_cont_ALL_20260617,231.600006,,,,,237.100006,218.289993,,,,,,-1.4759,pending,,2026-06-26T04:17:10+00:00
trackb_cont_ALL_20260623,,,,,,237.100006,224.649994,,,,,,0.9391,pending,,2026-06-26T04:17:10+00:00
trackb_cont_ALL_20260624,,,,,,237.100006,230.0,,,,,,3.3429,pending,,2026-06-26T04:17:10+00:00
trackb_cont_ALL_20260625,,,,,,237.100006,230.979996,,,,,,3.7832,pending,,2026-06-26T04:17:10+00:00
trackb_cont_ALM_20260603,15.3,18.280001,,,,21.24,14.7,,,,,,-28.2752,pending,,2026-06-26T04:16:21+00:00
trackb_cont_ALM_20260604,17.07,18.809999,,,,21.24,14.7,,,,,,-28.2752,pending,,2026-06-26T04:16:21+00:00
trackb_cont_ALM_20260605,17.68,18.66,,,,19.639999,14.7,,,,,,-28.2752,pending,,2026-06-26T04:16:21+00:00
trackb_cont_ALNT_20260603,85.760002,93.690002,,,,104.650002,82.669998,,,,,,-3.1627,pending,,2026-06-26T04:15:00+00:00
trackb_cont_ALNT_20260604,91.230003,95.849998,,,,104.650002,82.669998,,,,,,-3.1627,pending,,2026-06-26T04:15:00+00:00
trackb_cont_ALNT_20260605,91.370003,98.779999,,,,104.650002,82.669998,,,,,,-3.1627,pending,,2026-06-26T04:15:00+00:00
trackb_cont_ALNT_20260608,95.089996,96.029999,,,,104.650002,82.669998,,,,,,-3.1627,pending,,2026-06-26T04:15:00+00:00
trackb_cont_ALNT_20260609,95.730003,97.970001,,,,104.650002,82.669998,,,,,,-5.1732,pending,,2026-06-26T04:15:00+00:00
trackb_cont_ALNT_20260612,98.779999,,,,,104.650002,89.540001,,,,,,-1.8525,pending,,2026-06-26T04:15:00+00:00
trackb_cont_ALNT_20260616,97.970001,,,,,104.650002,89.540001,,,,,,-6.8359,pending,,2026-06-26T04:15:00+00:00
trackb_cont_ALNT_20260617,102.260002,,,,,104.650002,89.540001,,,,,,-6.8359,pending,,2026-06-26T04:15:00+00:00
trackb_cont_ALNT_20260618,,,,,,104.650002,89.540001,,,,,,-6.8359,pending,,2026-06-26T04:15:00+00:00
trackb_cont_ALNT_20260619,,,,,,104.650002,89.540001,,,,,,-6.8359,pending,,2026-06-26T04:15:00+00:00
trackb_cont_ALNT_20260622,,,,,,104.650002,89.540001,,,,,,-6.5832,pending,,2026-06-26T04:15:00+00:00
trackb_cont_ALNT_20260623,,,,,,104.650002,89.540001,,,,,,-9.3541,pending,,2026-06-26T04:15:00+00:00
trackb_cont_ALNT_20260624,,,,,,104.650002,94.900002,,,,,,-3.9279,pending,,2026-06-26T04:15:00+00:00
trackb_cont_ALNT_20260625,,,,,,104.650002,100.139999,,,,,,2.215,pending,,2026-06-26T04:15:00+00:00
trackb_cont_ALOY_20260603,13.91,16.610001,,,,20.59,10.38,,,,,,-0.6898,pending,,2026-06-26T04:15:31+00:00
trackb_cont_ALOY_20260604,14.06,17.780001,,,,20.59,11.95,,,,,,14.3311,pending,,2026-06-26T04:15:31+00:00
trackb_cont_ALOY_20260605,15.22,19.700001,,,,20.59,11.95,,,,,,14.3311,pending,,2026-06-26T04:15:31+00:00
trackb_cont_ALOY_20260608,15.4,19.17,,,,20.59,11.95,,,,,,14.3311,pending,,2026-06-26T04:15:31+00:00
trackb_cont_ALOY_20260612,19.700001,,,,,20.59,13.3,,,,,,-5.4054,pending,,2026-06-26T04:15:31+00:00
trackb_cont_ALOY_20260615,19.17,,,,,20.59,13.3,,,,,,-23.6071,pending,,2026-06-26T04:15:31+00:00
trackb_cont_ALOY_20260616,16.67,,,,,20.59,13.3,,,,,,-17.134,pending,,2026-06-26T04:15:31+00:00
trackb_cont_ALOY_20260617,14.25,,,,,20.59,13.3,,,,,,-17.134,pending,,2026-06-26T04:15:31+00:00
trackb_cont_ALOY_20260618,,,,,,20.59,13.3,,,,,,-23.651,pending,,2026-06-26T04:15:31+00:00
trackb_cont_ALOY_20260619,,,,,,20.59,13.3,,,,,,-23.651,pending,,2026-06-26T04:15:31+00:00
trackb_cont_ALOY_20260622,,,,,,20.59,13.3,,,,,,-25.1968,pending,,2026-06-26T04:15:31+00:00
trackb_cont_ALOY_20260623,,,,,,20.59,13.3,,,,,,-32.4873,pending,,2026-06-26T04:15:31+00:00
trackb_cont_ALOY_20260624,,,,,,19.030001,13.3,,,,,,-32.4873,pending,,2026-06-26T04:15:31+00:00
trackb_cont_ALOY_20260625,,,,,,16.6,13.3,,,,,,-32.4873,pending,,2026-06-26T04:15:31+00:00
trackb_cont_ALTG_20260616,7.2,,,,,7.88,6.9,,,,,,-3.0899,pending,,2026-06-26T04:17:26+00:00
trackb_cont_ALTG_20260617,7.65,,,,,7.88,7.05,,,,,,-0.9831,pending,,2026-06-26T04:17:26+00:00
trackb_cont_ALTG_20260618,,,,,,7.88,7.05,,,,,,-2.3546,pending,,2026-06-26T04:17:26+00:00
trackb_cont_ALTG_20260619,,,,,,7.88,7.05,,,,,,-2.3546,pending,,2026-06-26T04:17:26+00:00
trackb_cont_ALTG_20260622,,,,,,7.88,7.05,,,,,,-8.0834,pending,,2026-06-26T04:17:26+00:00
trackb_cont_ALTG_20260623,,,,,,7.88,7.05,,,,,,-6.25,pending,,2026-06-26T04:17:26+00:00
trackb_cont_ALTG_20260624,,,,,,7.88,7.05,,,,,,-6.25,pending,,2026-06-26T04:17:26+00:00
trackb_cont_ALTG_20260625,,,,,,7.88,7.22,,,,,,-3.9894,pending,,2026-06-26T04:17:26+00:00
trackb_cont_AMAT_20260603,497.01001,592.919983,,,,669.219971,452.910004,,,,,,-9.0542,pending,,2026-06-26T04:14:41+00:00
trackb_cont_AMAT_20260604,552.640015,617.109985,,,,669.219971,452.910004,,,,,,-9.0542,pending,,2026-06-26T04:14:41+00:00
trackb_cont_AMAT_20260605,567.25,640.179993,,,,669.219971,452.910004,,,,,,-9.0542,pending,,2026-06-26T04:14:41+00:00
trackb_cont_AMAT_20260608,585.780029,585.880005,,,,669.219971,466.51001,,,,,,2.9801,pending,,2026-06-26T04:14:41+00:00
trackb_cont_AMAT_20260616,588.969971,,,,,669.219971,567.650024,,,,,,-4.0094,pending,,2026-06-26T04:14:41+00:00
trackb_cont_AMAT_20260617,668.0,,,,,669.219971,569.48999,,,,,,-3.6983,pending,,2026-06-26T04:14:41+00:00
trackb_cont_AMAT_20260618,,,,,,669.219971,569.48999,,,,,,-8.5414,pending,,2026-06-26T04:14:41+00:00
trackb_cont_AMAT_20260619,,,,,,669.219971,569.48999,,,,,,-8.5414,pending,,2026-06-26T04:14:41+00:00
trackb_cont_AMAT_20260622,,,,,,669.219971,569.48999,,,,,,-7.7166,pending,,2026-06-26T04:14:41+00:00
trackb_cont_AMAT_20260623,,,,,,669.219971,569.48999,,,,,,-7.7166,pending,,2026-06-26T04:14:41+00:00
trackb_cont_AMAT_20260625,,,,,,669.219971,609.700012,,,,,,3.5197,pending,,2026-06-26T04:14:41+00:00
trackb_cont_AMC_20260603,2.08,2.66,,,,2.96,1.72,,,,,,-8.2667,pending,,2026-06-26T04:15:37+00:00
trackb_cont_AMC_20260604,2.28,2.83,,,,2.96,1.72,,,,,,-8.2667,pending,,2026-06-26T04:15:37+00:00
trackb_cont_AMC_20260605,2.34,2.76,,,,2.96,1.72,,,,,,-8.2667,pending,,2026-06-26T04:15:37+00:00
trackb_cont_AMC_20260608,2.28,2.08,,,,2.96,1.72,,,,,,-8.2667,pending,,2026-06-26T04:15:37+00:00
trackb_cont_AMC_20260611,2.83,,,,,2.96,1.72,,,,,,-17.3077,pending,,2026-06-26T04:15:37+00:00
trackb_cont_AMC_20260612,2.76,,,,,2.96,1.72,,,,,,-24.5614,pending,,2026-06-26T04:15:37+00:00
trackb_cont_AMC_20260615,2.08,,,,,2.96,1.72,,,,,,-27.3342,pending,,2026-06-26T04:15:37+00:00
trackb_cont_AMC_20260616,2.0,,,,,2.96,1.72,,,,,,-25.0545,pending,,2026-06-26T04:15:37+00:00
trackb_cont_AMC_20260617,1.89,,,,,2.96,1.72,,,,,,-25.0545,pending,,2026-06-26T04:15:37+00:00
trackb_cont_AMC_20260618,,,,,,2.96,1.72,,,,,,-25.0545,pending,,2026-06-26T04:15:37+00:00
trackb_cont_AMC_20260619,,,,,,2.96,1.72,,,,,,-25.0545,pending,,2026-06-26T04:15:37+00:00
trackb_cont_AMC_20260622,,,,,,2.96,1.72,,,,,,-39.2226,pending,,2026-06-26T04:15:37+00:00
trackb_cont_AMC_20260623,,,,,,2.24,1.72,,,,,,-37.6812,pending,,2026-06-26T04:15:37+00:00
trackb_cont_AMC_20260624,,,,,,2.24,1.72,,,,,,-37.6812,pending,,2026-06-26T04:15:37+00:00
trackb_cont_AMD_20260603,452.399994,512.47998,,,,562.98999,437.230011,,,,,,-17.7211,pending,,2026-06-26T04:14:48+00:00
trackb_cont_AMD_20260604,488.450012,537.369995,,,,562.98999,437.230011,,,,,,-17.7211,pending,,2026-06-26T04:14:48+00:00
trackb_cont_AMD_20260605,511.570007,551.630005,,,,562.98999,437.230011,,,,,,-17.7211,pending,,2026-06-26T04:14:48+00:00
trackb_cont_AMD_20260608,547.26001,519.849976,,,,562.98999,437.230011,,,,,,-6.2503,pending,,2026-06-26T04:14:48+00:00
trackb_cont_AMD_20260615,519.849976,,,,,562.98999,503.5,,,,,,-8.1808,pending,,2026-06-26T04:14:48+00:00
trackb_cont_AMD_20260616,519.73999,,,,,562.98999,503.5,,,,,,-8.3778,pending,,2026-06-26T04:14:48+00:00
trackb_cont_AMD_20260617,532.570007,,,,,562.98999,503.5,,,,,,-8.3778,pending,,2026-06-26T04:14:48+00:00
trackb_cont_AME_20260618,,,,,,244.710007,233.399994,,,,,,0.921,pending,,2026-06-26T04:18:17+00:00
trackb_cont_AME_20260619,,,,,,244.710007,233.399994,,,,,,0.921,pending,,2026-06-26T04:18:17+00:00
trackb_cont_AME_20260622,,,,,,244.710007,233.399994,,,,,,-1.6932,pending,,2026-06-26T04:18:17+00:00
trackb_cont_AME_20260623,,,,,,244.710007,233.399994,,,,,,-1.6932,pending,,2026-06-26T04:18:17+00:00
trackb_cont_AMGN_20260610,341.660004,352.820007,,,,359.100006,334.049988,,,,,,-3.3784,pending,,2026-06-26T04:17:06+00:00
trackb_cont_AMGN_20260616,351.429993,,,,,359.100006,334.049988,,,,,,-5.3589,pending,,2026-06-26T04:17:06+00:00
trackb_cont_AMGN_20260617,352.820007,,,,,359.100006,334.049988,,,,,,-5.3589,pending,,2026-06-26T04:17:06+00:00
trackb_cont_AMGN_20260618,,,,,,359.100006,334.049988,,,,,,-2.2274,pending,,2026-06-26T04:17:06+00:00
trackb_cont_AMGN_20260619,,,,,,359.100006,337.600006,,,,,,-1.1883,pending,,2026-06-26T04:17:06+00:00
trackb_cont_AMH_20260616,32.759998,,,,,33.389999,31.469999,,,,,,-4.1426,pending,,2026-06-26T04:18:10+00:00
trackb_cont_AMH_20260617,33.290001,,,,,33.389999,31.469999,,,,,,-4.1426,pending,,2026-06-26T04:18:10+00:00
trackb_cont_AMKR_20260603,69.610001,86.43,,,,96.68,64.32,,,,,,-15.4463,pending,,2026-06-26T04:16:14+00:00
trackb_cont_AMKR_20260604,76.150002,90.459999,,,,96.68,64.32,,,,,,-15.4463,pending,,2026-06-26T04:16:14+00:00
trackb_cont_AMKR_20260605,82.779999,93.550003,,,,96.68,64.32,,,,,,-15.4463,pending,,2026-06-26T04:16:14+00:00
trackb_cont_AMKR_20260608,85.440002,86.720001,,,,96.68,65.199997,,,,,,-14.2895,pending,,2026-06-26T04:16:14+00:00
trackb_cont_AMKR_20260615,86.720001,,,,,96.68,80.220001,,,,,,-5.9003,pending,,2026-06-26T04:16:14+00:00
trackb_cont_AMKR_20260616,82.760002,,,,,96.68,80.220001,,,,,,-6.3999,pending,,2026-06-26T04:16:14+00:00
trackb_cont_AMKR_20260617,85.620003,,,,,96.290001,80.220001,,,,,,-6.3999,pending,,2026-06-26T04:16:14+00:00
trackb_cont_AMKR_20260618,,,,,,96.290001,80.220001,,,,,,-7.185,pending,,2026-06-26T04:16:14+00:00
trackb_cont_AMKR_20260619,,,,,,96.290001,80.220001,,,,,,-7.185,pending,,2026-06-26T04:16:14+00:00
trackb_cont_AMN_20260603,29.379999,32.380001,,,,33.130001,28.93,,,,,,-1.9322,pending,,2026-06-26T04:15:27+00:00
trackb_cont_AMN_20260604,30.790001,30.98,,,,33.130001,29.280001,,,,,,-0.7458,pending,,2026-06-26T04:15:27+00:00
trackb_cont_AMN_20260605,30.799999,30.34,,,,33.130001,29.280001,,,,,,-0.7458,pending,,2026-06-26T04:15:27+00:00
trackb_cont_AMN_20260608,30.879999,31.24,,,,33.130001,29.280001,,,,,,-0.7458,pending,,2026-06-26T04:15:27+00:00
trackb_cont_AMN_20260610,32.380001,32.330002,,,,33.130001,29.280001,,,,,,-5.6701,pending,,2026-06-26T04:15:27+00:00
trackb_cont_AMN_20260616,31.719999,,,,,33.130001,29.98,,,,,,-3.8486,pending,,2026-06-26T04:15:27+00:00
trackb_cont_AMN_20260617,32.330002,,,,,33.130001,29.98,,,,,,-3.8486,pending,,2026-06-26T04:15:27+00:00
trackb_cont_AMN_20260618,,,,,,32.700001,29.98,,,,,,-3.8486,pending,,2026-06-26T04:15:27+00:00
trackb_cont_AMN_20260619,,,,,,32.59,29.98,,,,,,-3.8486,pending,,2026-06-26T04:15:27+00:00
trackb_cont_AMN_20260622,,,,,,32.59,29.98,,,,,,-3.2279,pending,,2026-06-26T04:15:27+00:00
trackb_cont_AMN_20260623,,,,,,32.59,29.98,,,,,,-1.1866,pending,,2026-06-26T04:15:27+00:00
trackb_cont_AMN_20260624,,,,,,32.59,30.4,,,,,,0.1978,pending,,2026-06-26T04:15:27+00:00
trackb_cont_AMPX_20260603,16.43,15.0,,,,23.4,11.755,,,,,,-47.3814,pending,,2026-06-26T04:15:30+00:00
trackb_cont_AMPX_20260604,17.1,16.17,,,,22.940001,11.755,,,,,,-47.3814,pending,,2026-06-26T04:15:30+00:00
trackb_cont_AMPX_20260605,16.309999,15.65,,,,22.000999,11.755,,,,,,-47.3814,pending,,2026-06-26T04:15:30+00:00
trackb_cont_AMPX_20260608,16.82,14.12,,,,20.441,11.755,,,,,,-47.3814,pending,,2026-06-26T04:15:30+00:00
trackb_cont_AMP_20260622,,,,,,474.670013,452.109985,,,,,,-3.2775,pending,,2026-06-26T04:18:44+00:00
trackb_cont_AMP_20260623,,,,,,473.559998,452.109985,,,,,,-3.2775,pending,,2026-06-26T04:18:44+00:00
trackb_cont_AMRX_20260616,17.27,,,,,17.775,15.731,,,,,,-1.589,pending,,2026-06-26T04:18:08+00:00
trackb_cont_AMRX_20260617,17.32,,,,,17.775,15.731,,,,,,-1.589,pending,,2026-06-26T04:18:08+00:00
trackb_cont_AMRX_20260618,,,,,,17.775,15.731,,,,,,-1.589,pending,,2026-06-26T04:18:08+00:00
trackb_cont_AMRX_20260619,,,,,,17.775,15.93,,,,,,-0.3441,pending,,2026-06-26T04:18:08+00:00
trackb_cont_AMRX_20260625,,,,,,17.775,17.209999,,,,,,-0.3474,pending,,2026-06-26T04:18:08+00:00
trackb_cont_AMRZ_20260603,50.509998,54.240002,,,,56.990002,50.41,,,,,,-6.7431,pending,,2026-06-26T04:15:28+00:00
trackb_cont_AMRZ_20260604,52.330002,55.349998,,,,56.990002,50.41,,,,,,-6.7431,pending,,2026-06-26T04:15:28+00:00
trackb_cont_AMRZ_20260605,53.169998,53.639999,,,,56.990002,50.41,,,,,,-6.7431,pending,,2026-06-26T04:15:28+00:00
trackb_cont_AMRZ_20260608,54.02,52.799999,,,,56.990002,50.41,,,,,,-6.7431,pending,,2026-06-26T04:15:28+00:00
trackb_cont_AMR_20260603,194.289993,193.369995,,,,220.580002,159.339996,,,,,,-25.8987,pending,,2026-06-26T04:15:10+00:00
trackb_cont_AMR_20260604,189.130005,185.770004,,,,220.580002,159.339996,,,,,,-25.8987,pending,,2026-06-26T04:15:10+00:00
trackb_cont_AMR_20260605,200.820007,175.089996,,,,213.964996,159.339996,,,,,,-25.8987,pending,,2026-06-26T04:15:10+00:00
trackb_cont_AMR_20260608,190.289993,166.679993,,,,208.0,159.339996,,,,,,-21.2669,pending,,2026-06-26T04:15:10+00:00
trackb_cont_AMT_20260603,192.5,181.089996,,,,196.080002,167.240005,,,,,,-10.2453,pending,,2026-06-26T04:15:34+00:00
trackb_cont_AMT_20260604,189.309998,176.050003,,,,196.080002,167.240005,,,,,,-10.2453,pending,,2026-06-26T04:15:34+00:00
trackb_cont_AMT_20260605,187.179993,176.429993,,,,196.080002,167.240005,,,,,,-10.2453,pending,,2026-06-26T04:15:34+00:00
trackb_cont_AMT_20260608,185.759995,179.380005,,,,193.929993,167.240005,,,,,,-13.8471,pending,,2026-06-26T04:15:34+00:00
trackb_cont_AMT_20260610,181.089996,168.720001,,,,192.940002,167.240005,,,,,,-11.56,pending,,2026-06-26T04:15:34+00:00
trackb_cont_AM_20260625,,,,,,22.950001,22.115,,,,,,-0.158,pending,,2026-06-26T04:18:48+00:00
trackb_cont_ANDE_20260612,70.860001,,,,,72.290001,67.239998,,,,,,-4.8131,pending,,2026-06-26T04:17:32+00:00
trackb_cont_ANET_20260603,151.759995,164.929993,,,,177.479996,145.320007,,,,,,-16.9315,pending,,2026-06-26T04:14:57+00:00
trackb_cont_ANET_20260604,156.399994,169.669998,,,,175.199997,145.320007,,,,,,-16.9315,pending,,2026-06-26T04:14:57+00:00
trackb_cont_ANET_20260605,163.240005,174.559998,,,,175.199997,145.320007,,,,,,-16.9315,pending,,2026-06-26T04:14:57+00:00
trackb_cont_ANET_20260608,169.089996,162.199997,,,,175.199997,145.320007,,,,,,-16.9315,pending,,2026-06-26T04:14:57+00:00
trackb_cont_ANF_20260612,86.07,,,,,94.809998,83.980003,,,,,,-7.3273,pending,,2026-06-26T04:16:37+00:00
trackb_cont_ANF_20260616,88.830002,,,,,93.370003,83.980003,,,,,,-9.3676,pending,,2026-06-26T04:16:37+00:00
trackb_cont_ANF_20260617,89.349998,,,,,91.610001,83.980003,,,,,,-9.3676,pending,,2026-06-26T04:16:37+00:00
trackb_cont_ANF_20260618,,,,,,91.610001,83.980003,,,,,,-9.3676,pending,,2026-06-26T04:16:37+00:00
trackb_cont_ANF_20260619,,,,,,91.610001,83.980003,,,,,,-9.3676,pending,,2026-06-26T04:16:37+00:00
trackb_cont_ANIP_20260616,82.720001,,,,,84.5,78.379997,,,,,,-4.3271,pending,,2026-06-26T04:18:15+00:00
trackb_cont_ANIP_20260617,83.279999,,,,,84.5,78.379997,,,,,,-4.3271,pending,,2026-06-26T04:18:15+00:00
trackb_cont_ANIP_20260618,,,,,,84.5,78.379997,,,,,,-4.3271,pending,,2026-06-26T04:18:15+00:00
trackb_cont_ANIP_20260619,,,,,,84.5,78.839996,,,,,,-3.7656,pending,,2026-06-26T04:18:15+00:00
trackb_cont_ANIP_20260625,,,,,,84.5,81.610001,,,,,,-1.3419,pending,,2026-06-26T04:18:15+00:00
trackb_cont_APH_20260603,149.220001,161.110001,,,,168.75,138.199997,,,,,,-7.5462,pending,,2026-06-26T04:15:16+00:00
trackb_cont_APH_20260604,152.460007,163.960007,,,,168.75,138.199997,,,,,,-7.5462,pending,,2026-06-26T04:15:16+00:00
trackb_cont_APH_20260605,153.800003,165.960007,,,,168.75,138.199997,,,,,,-7.5462,pending,,2026-06-26T04:15:16+00:00
trackb_cont_APH_20260608,158.589996,158.699997,,,,168.75,141.860001,,,,,,2.1972,pending,,2026-06-26T04:15:16+00:00
trackb_cont_APH_20260611,163.960007,,,,,168.75,147.699997,,,,,,-1.0186,pending,,2026-06-26T04:15:16+00:00
trackb_cont_APH_20260612,165.960007,,,,,168.75,151.779999,,,,,,-0.446,pending,,2026-06-26T04:15:16+00:00
trackb_cont_APH_20260616,162.779999,,,,,168.75,156.210007,,,,,,-1.5069,pending,,2026-06-26T04:15:16+00:00
trackb_cont_APH_20260617,165.149994,,,,,168.75,156.210007,,,,,,-1.5069,pending,,2026-06-26T04:15:16+00:00
trackb_cont_APH_20260618,,,,,,168.75,156.210007,,,,,,-1.5069,pending,,2026-06-26T04:15:16+00:00
trackb_cont_APH_20260619,,,,,,168.75,156.210007,,,,,,-1.5069,pending,,2026-06-26T04:15:16+00:00
trackb_cont_APH_20260622,,,,,,168.75,156.210007,,,,,,-4.7268,pending,,2026-06-26T04:15:16+00:00
trackb_cont_APH_20260623,,,,,,168.720001,156.210007,,,,,,-5.8749,pending,,2026-06-26T04:15:16+00:00
trackb_cont_APH_20260624,,,,,,168.720001,156.210007,,,,,,-5.8749,pending,,2026-06-26T04:15:16+00:00
trackb_cont_APLD_20260603,38.919998,45.57,,,,49.34,37.689999,,,,,,-18.2607,pending,,2026-06-26T04:15:50+00:00
trackb_cont_APLD_20260604,41.470001,46.59,,,,49.34,37.689999,,,,,,-18.2607,pending,,2026-06-26T04:15:50+00:00
trackb_cont_APLD_20260605,42.700001,45.200001,,,,49.34,37.689999,,,,,,-18.2607,pending,,2026-06-26T04:15:50+00:00
trackb_cont_APLD_20260608,46.470001,45.27,,,,49.34,37.93,,,,,,-17.7402,pending,,2026-06-26T04:15:50+00:00
trackb_cont_APLE_20260603,15.86,16.25,,,,16.969999,14.825,,,,,,-1.9186,pending,,2026-06-26T04:15:07+00:00
trackb_cont_APLE_20260604,16.16,16.59,,,,16.969999,15.25,,,,,,0.8932,pending,,2026-06-26T04:15:07+00:00
trackb_cont_APLE_20260605,16.219999,16.610001,,,,16.969999,15.49,,,,,,2.481,pending,,2026-06-26T04:15:07+00:00
trackb_cont_APLE_20260608,16.15,16.6,,,,16.969999,15.57,,,,,,-0.4476,pending,,2026-06-26T04:15:07+00:00
trackb_cont_APLE_20260609,16.370001,16.639999,,,,16.969999,15.66,,,,,,0.449,pending,,2026-06-26T04:15:07+00:00
trackb_cont_APLE_20260615,16.6,,,,,16.969999,16.02,,,,,,-1.233,pending,,2026-06-26T04:15:07+00:00
trackb_cont_APLE_20260616,16.639999,,,,,16.969999,16.02,,,,,,-0.7742,pending,,2026-06-26T04:15:07+00:00
trackb_cont_APLE_20260617,16.93,,,,,16.969999,16.129999,,,,,,-0.0929,pending,,2026-06-26T04:15:07+00:00
trackb_cont_APLE_20260618,,,,,,16.969999,16.299999,,,,,,-0.9119,pending,,2026-06-26T04:15:07+00:00
trackb_cont_APLE_20260619,,,,,,16.969999,16.299999,,,,,,-0.9119,pending,,2026-06-26T04:15:07+00:00
trackb_cont_APLE_20260622,,,,,,16.969999,16.299999,,,,,,-0.9119,pending,,2026-06-26T04:15:07+00:00
trackb_cont_APLE_20260623,,,,,,16.969999,16.299999,,,,,,-0.9119,pending,,2026-06-26T04:15:07+00:00
trackb_cont_APO_20260622,,,,,,138.979996,120.760002,,,,,,-12.1745,pending,,2026-06-26T04:18:44+00:00
trackb_cont_APO_20260623,,,,,,134.529999,120.760002,,,,,,-10.6871,pending,,2026-06-26T04:18:44+00:00
trackb_cont_APO_20260624,,,,,,129.990005,120.760002,,,,,,-10.6871,pending,,2026-06-26T04:18:44+00:00
trackb_cont_APO_20260625,,,,,,125.089996,120.760002,,,,,,-10.6871,pending,,2026-06-26T04:18:44+00:00
trackb_cont_APP_20260603,492.980011,479.48999,,,,599.642029,418.459991,,,,,,-26.9914,pending,,2026-06-26T04:15:15+00:00
trackb_cont_APP_20260604,478.570007,469.709991,,,,595.0,418.459991,,,,,,-26.9914,pending,,2026-06-26T04:15:15+00:00
trackb_cont_APP_20260605,496.769989,469.390015,,,,595.0,418.459991,,,,,,-26.9914,pending,,2026-06-26T04:15:15+00:00
trackb_cont_AP_20260603,10.12,10.88,,,,12.81,9.51,,,,,,-18.299,pending,,2026-06-26T04:15:43+00:00
trackb_cont_AP_20260604,11.21,10.8,,,,12.81,9.51,,,,,,-18.299,pending,,2026-06-26T04:15:43+00:00
trackb_cont_AP_20260605,11.83,10.64,,,,12.81,9.51,,,,,,-18.299,pending,,2026-06-26T04:15:43+00:00
trackb_cont_AP_20260608,11.92,10.24,,,,12.81,9.51,,,,,,-18.299,pending,,2026-06-26T04:15:43+00:00
trackb_cont_AP_20260616,9.82,,,,,12.07,9.55,,,,,,-22.2313,pending,,2026-06-26T04:15:43+00:00
trackb_cont_AP_20260617,9.76,,,,,11.92,9.55,,,,,,-22.2313,pending,,2026-06-26T04:15:43+00:00
trackb_cont_AP_20260618,,,,,,11.3,9.55,,,,,,-22.2313,pending,,2026-06-26T04:15:43+00:00
trackb_cont_AP_20260619,,,,,,11.02,9.55,,,,,,-22.2313,pending,,2026-06-26T04:15:43+00:00
trackb_cont_ARCB_20260603,165.160004,145.850006,,,,176.690002,138.990005,,,,,,-1.2575,pending,,2026-06-26T04:14:46+00:00
trackb_cont_ARCB_20260604,172.669998,144.529999,,,,176.690002,141.25,,,,,,0.3481,pending,,2026-06-26T04:14:46+00:00
trackb_cont_ARCB_20260605,173.039993,145.600006,,,,176.690002,141.25,,,,,,0.3481,pending,,2026-06-26T04:14:46+00:00
trackb_cont_ARCB_20260608,164.100006,143.740005,,,,176.690002,141.25,,,,,,-8.9239,pending,,2026-06-26T04:14:46+00:00
trackb_cont_ARCB_20260609,159.800003,145.179993,,,,176.690002,141.25,,,,,,-15.0223,pending,,2026-06-26T04:14:46+00:00
trackb_cont_ARCB_20260610,145.850006,150.020004,,,,176.690002,141.25,,,,,,-15.0223,pending,,2026-06-26T04:14:46+00:00
trackb_cont_ARCB_20260611,144.529999,,,,,176.690002,141.25,,,,,,-14.4769,pending,,2026-06-26T04:14:46+00:00
trackb_cont_ARCB_20260615,143.740005,,,,,172.789993,141.25,,,,,,-14.6319,pending,,2026-06-26T04:14:46+00:00
trackb_cont_ARCB_20260616,145.179993,,,,,166.940002,141.25,,,,,,-14.264,pending,,2026-06-26T04:14:46+00:00
trackb_cont_ARCB_20260617,150.020004,,,,,160.179993,141.25,,,,,,-14.264,pending,,2026-06-26T04:14:46+00:00
trackb_cont_ARCB_20260618,,,,,,153.869995,141.25,,,,,,-3.1539,pending,,2026-06-26T04:14:46+00:00
trackb_cont_ARCB_20260619,,,,,,153.869995,141.25,,,,,,-3.1539,pending,,2026-06-26T04:14:46+00:00
trackb_cont_ARCC_20260612,17.84,,,,,19.280001,17.719999,,,,,,-7.0792,pending,,2026-06-26T04:17:30+00:00
trackb_cont_ARCC_20260616,17.85,,,,,18.790001,17.719999,,,,,,-5.1138,pending,,2026-06-26T04:17:30+00:00
trackb_cont_ARCC_20260617,17.99,,,,,18.620001,17.719999,,,,,,-5.1138,pending,,2026-06-26T04:17:30+00:00
trackb_cont_AREC_20260603,2.06,2.11,,,,2.75,1.85,,,,,,-27.593,pending,,2026-06-26T04:15:14+00:00
trackb_cont_AREC_20260604,2.17,2.15,,,,2.51,1.85,,,,,,-27.593,pending,,2026-06-26T04:15:14+00:00
trackb_cont_AREC_20260605,2.14,2.24,,,,2.32,1.85,,,,,,-27.593,pending,,2026-06-26T04:15:14+00:00
trackb_cont_ARES_20260603,128.309998,128.350006,,,,141.899994,111.690002,,,,,,-8.3757,pending,,2026-06-26T04:16:19+00:00
trackb_cont_ARES_20260604,132.820007,129.339996,,,,141.899994,111.690002,,,,,,-8.3757,pending,,2026-06-26T04:16:19+00:00
trackb_cont_ARES_20260605,134.899994,125.900002,,,,141.899994,111.690002,,,,,,-8.3757,pending,,2026-06-26T04:16:19+00:00
trackb_cont_ARES_20260608,135.360001,120.779999,,,,141.899994,111.690002,,,,,,-8.3757,pending,,2026-06-26T04:16:19+00:00
trackb_cont_ARES_20260611,129.339996,,,,,141.899994,111.690002,,,,,,-12.953,pending,,2026-06-26T04:16:19+00:00
trackb_cont_ARES_20260615,120.779999,,,,,141.899994,111.690002,,,,,,-21.2258,pending,,2026-06-26T04:16:19+00:00
trackb_cont_ARES_20260616,113.870003,,,,,137.509995,111.690002,,,,,,-19.1238,pending,,2026-06-26T04:16:19+00:00
trackb_cont_ARES_20260617,112.470001,,,,,136.770996,111.690002,,,,,,-19.1238,pending,,2026-06-26T04:16:19+00:00
trackb_cont_ARE_20260603,52.310001,49.209999,,,,55.139999,48.860001,,,,,,-6.5596,pending,,2026-06-26T04:14:59+00:00
trackb_cont_ARE_20260604,52.77,51.029999,,,,55.139999,48.860001,,,,,,-6.5596,pending,,2026-06-26T04:14:59+00:00
trackb_cont_ARE_20260605,53.169998,50.73,,,,55.139999,48.860001,,,,,,-6.5596,pending,,2026-06-26T04:14:59+00:00
trackb_cont_ARE_20260608,52.380001,51.599998,,,,55.139999,48.860001,,,,,,-6.5596,pending,,2026-06-26T04:14:59+00:00
trackb_cont_ARE_20260610,49.209999,53.290001,,,,54.689999,48.860001,,,,,,-2.7855,pending,,2026-06-26T04:14:59+00:00
trackb_cont_ARE_20260612,50.73,,,,,54.689999,48.860001,,,,,,-7.4095,pending,,2026-06-26T04:14:59+00:00
trackb_cont_ARE_20260615,51.599998,,,,,54.689999,48.860001,,,,,,-9.9521,pending,,2026-06-26T04:14:59+00:00
trackb_cont_ARE_20260616,51.240002,,,,,53.330002,48.860001,,,,,,-8.0196,pending,,2026-06-26T04:14:59+00:00
trackb_cont_ARE_20260617,53.290001,,,,,53.330002,48.860001,,,,,,-8.0196,pending,,2026-06-26T04:14:59+00:00
trackb_cont_ARE_20260618,,,,,,53.330002,49.790001,,,,,,-6.2688,pending,,2026-06-26T04:14:59+00:00
trackb_cont_ARE_20260619,,,,,,53.330002,50.349998,,,,,,-5.2146,pending,,2026-06-26T04:14:59+00:00
trackb_cont_ARI_20260603,10.89,10.72,,,,11.06,10.6,,,,,,-3.0192,pending,,2026-06-26T04:16:20+00:00
trackb_cont_ARI_20260604,10.78,10.83,,,,11.06,10.6,,,,,,-3.0192,pending,,2026-06-26T04:16:20+00:00
trackb_cont_ARI_20260605,10.74,10.75,,,,11.06,10.6,,,,,,-3.0192,pending,,2026-06-26T04:16:20+00:00
trackb_cont_ARI_20260608,10.66,10.91,,,,11.06,10.6,,,,,,-3.0192,pending,,2026-06-26T04:16:20+00:00
trackb_cont_ARI_20260609,10.83,10.75,,,,11.04,10.6,,,,,,-2.1237,pending,,2026-06-26T04:16:20+00:00
trackb_cont_ARI_20260610,10.72,10.77,,,,11.04,10.6,,,,,,-2.1237,pending,,2026-06-26T04:16:20+00:00
trackb_cont_ARMK_20260603,53.299999,53.490002,,,,54.93,52.790001,,,,,,-1.5112,pending,,2026-06-26T04:14:51+00:00
trackb_cont_ARMK_20260604,54.529999,53.330002,,,,54.93,52.790001,,,,,,-1.5112,pending,,2026-06-26T04:14:51+00:00
trackb_cont_ARMK_20260605,54.27,53.549999,,,,54.93,52.790001,,,,,,-1.5112,pending,,2026-06-26T04:14:51+00:00
trackb_cont_ARMK_20260608,54.200001,53.759998,,,,54.93,52.790001,,,,,,-1.5112,pending,,2026-06-26T04:14:51+00:00
trackb_cont_ARMK_20260610,53.490002,54.779999,,,,54.93,52.970001,,,,,,0.284,pending,,2026-06-26T04:14:51+00:00
trackb_cont_ARMK_20260615,53.759998,,,,,54.919998,52.970001,,,,,,-3.2953,pending,,2026-06-26T04:14:51+00:00
trackb_cont_ARMK_20260616,53.93,,,,,54.919998,52.970001,,,,,,-2.4494,pending,,2026-06-26T04:14:51+00:00
trackb_cont_ARMK_20260617,54.779999,,,,,54.919998,52.970001,,,,,,-2.4494,pending,,2026-06-26T04:14:51+00:00
trackb_cont_ARQ_20260603,2.67,2.73,,,,2.9,2.23,,,,,,-16.0075,pending,,2026-06-26T04:15:58+00:00
trackb_cont_ARQ_20260604,2.66,2.84,,,,2.9,2.23,,,,,,-16.0075,pending,,2026-06-26T04:15:58+00:00
trackb_cont_ARQ_20260605,2.68,2.58,,,,2.9,2.23,,,,,,-16.0075,pending,,2026-06-26T04:15:58+00:00
trackb_cont_ARQ_20260623,,,,,,2.6,2.23,,,,,,-13.5659,pending,,2026-06-26T04:15:58+00:00
trackb_cont_ARQ_20260624,,,,,,2.51,2.23,,,,,,-13.5659,pending,,2026-06-26T04:15:58+00:00
trackb_cont_ARQ_20260625,,,,,,2.43,2.23,,,,,,-13.5659,pending,,2026-06-26T04:15:58+00:00
trackb_cont_ARRY_20260603,6.835,7.66,,,,9.545,6.8,,,,,,-23.4665,pending,,2026-06-26T04:15:39+00:00
trackb_cont_ARRY_20260604,7.45,8.0,,,,9.545,6.8,,,,,,-23.4665,pending,,2026-06-26T04:15:39+00:00
trackb_cont_ARRY_20260605,7.77,8.54,,,,9.09,6.8,,,,,,-23.4665,pending,,2026-06-26T04:15:39+00:00
trackb_cont_ARRY_20260608,8.08,7.9,,,,8.685,6.8,,,,,,-23.4665,pending,,2026-06-26T04:15:39+00:00
trackb_cont_ARR_20260603,16.83,16.68,,,,17.290001,16.469999,,,,,,-3.5714,pending,,2026-06-26T04:15:46+00:00
trackb_cont_ARR_20260604,17.129999,16.76,,,,17.290001,16.469999,,,,,,-3.5714,pending,,2026-06-26T04:15:46+00:00
trackb_cont_ARR_20260605,17.1,16.549999,,,,17.23,16.469999,,,,,,-3.5714,pending,,2026-06-26T04:15:46+00:00
trackb_cont_ARR_20260608,17.040001,16.799999,,,,17.23,16.469999,,,,,,-3.5714,pending,,2026-06-26T04:15:46+00:00
trackb_cont_ARR_20260615,16.799999,,,,,17.23,16.469999,,,,,,-2.9464,pending,,2026-06-26T04:15:46+00:00
trackb_cont_ARR_20260616,16.950001,,,,,17.23,16.469999,,,,,,-3.7405,pending,,2026-06-26T04:15:46+00:00
trackb_cont_ARR_20260617,17.139999,,,,,17.17,16.469999,,,,,,-3.7405,pending,,2026-06-26T04:15:46+00:00
trackb_cont_ARWR_20260623,,,,,,83.419998,78.055,,,,,,-4.811,pending,,2026-06-26T04:18:50+00:00
trackb_cont_ARWR_20260624,,,,,,83.419998,78.055,,,,,,-4.811,pending,,2026-06-26T04:18:50+00:00
trackb_cont_ARWR_20260625,,,,,,83.419998,78.055,,,,,,-4.811,pending,,2026-06-26T04:18:50+00:00
trackb_cont_ARW_20260603,215.490005,225.990005,,,,237.330002,210.089996,,,,,,-8.9731,pending,,2026-06-26T04:15:05+00:00
trackb_cont_ARW_20260604,222.860001,232.699997,,,,237.330002,210.089996,,,,,,-8.9731,pending,,2026-06-26T04:15:05+00:00
trackb_cont_ARW_20260605,226.779999,234.830002,,,,237.330002,210.089996,,,,,,-8.9731,pending,,2026-06-26T04:15:05+00:00
trackb_cont_ARW_20260608,229.270004,225.440002,,,,237.330002,210.089996,,,,,,-8.9731,pending,,2026-06-26T04:15:05+00:00
trackb_cont_ARW_20260616,224.770004,,,,,237.330002,220.399994,,,,,,-4.9406,pending,,2026-06-26T04:15:05+00:00
trackb_cont_ARW_20260617,229.029999,,,,,237.330002,220.399994,,,,,,-4.9406,pending,,2026-06-26T04:15:05+00:00
trackb_cont_ARW_20260618,,,,,,237.330002,220.399994,,,,,,-4.9406,pending,,2026-06-26T04:15:05+00:00
trackb_cont_ARW_20260619,,,,,,237.330002,220.399994,,,,,,-4.9406,pending,,2026-06-26T04:15:05+00:00
trackb_cont_ARW_20260623,,,,,,232.929993,220.399994,,,,,,-6.1449,pending,,2026-06-26T04:15:05+00:00
trackb_cont_ARW_20260624,,,,,,232.929993,220.399994,,,,,,-6.1449,pending,,2026-06-26T04:15:05+00:00
trackb_cont_ARW_20260625,,,,,,232.929993,226.130005,,,,,,-3.7048,pending,,2026-06-26T04:15:05+00:00
trackb_cont_ASH_20260603,64.870003,64.360001,,,,68.260002,54.98,,,,,,-3.8559,pending,,2026-06-26T04:15:34+00:00
trackb_cont_ASH_20260604,65.529999,67.919998,,,,68.260002,54.98,,,,,,-3.8559,pending,,2026-06-26T04:15:34+00:00
trackb_cont_ASH_20260605,64.980003,67.690002,,,,68.260002,54.98,,,,,,-3.8559,pending,,2026-06-26T04:15:34+00:00
trackb_cont_ASH_20260608,65.440002,63.939999,,,,68.260002,54.98,,,,,,-3.8559,pending,,2026-06-26T04:15:34+00:00
trackb_cont_ASH_20260616,63.439999,,,,,68.260002,62.5,,,,,,-4.682,pending,,2026-06-26T04:15:34+00:00
trackb_cont_ASH_20260617,64.43,,,,,68.260002,62.5,,,,,,-4.682,pending,,2026-06-26T04:15:34+00:00
trackb_cont_ASH_20260618,,,,,,68.260002,62.5,,,,,,-4.682,pending,,2026-06-26T04:15:34+00:00
trackb_cont_ASH_20260619,,,,,,68.260002,62.5,,,,,,-4.682,pending,,2026-06-26T04:15:34+00:00
trackb_cont_ASH_20260622,,,,,,68.260002,62.5,,,,,,-7.98,pending,,2026-06-26T04:15:34+00:00
trackb_cont_ASH_20260623,,,,,,66.660004,62.5,,,,,,-7.6673,pending,,2026-06-26T04:15:34+00:00
trackb_cont_ASH_20260624,,,,,,65.239998,62.5,,,,,,-7.6673,pending,,2026-06-26T04:15:34+00:00
trackb_cont_ASH_20260625,,,,,,65.239998,63.650002,,,,,,-5.9684,pending,,2026-06-26T04:15:34+00:00
trackb_cont_ASPI_20260603,5.85,6.68,,,,8.18,5.675,,,,,,-26.672,pending,,2026-06-26T04:15:02+00:00
trackb_cont_ASPI_20260604,6.23,7.18,,,,8.13,5.675,,,,,,-26.672,pending,,2026-06-26T04:15:02+00:00
trackb_cont_ASPI_20260605,6.55,7.28,,,,7.6,5.675,,,,,,-26.672,pending,,2026-06-26T04:15:02+00:00
trackb_cont_ASPI_20260608,6.64,7.08,,,,7.6,5.675,,,,,,-15.4247,pending,,2026-06-26T04:15:02+00:00
trackb_cont_ASPN_20260603,5.44,6.05,,,,6.515,5.16,,,,,,-12.1702,pending,,2026-06-26T04:15:43+00:00
trackb_cont_ASPN_20260604,5.72,6.32,,,,6.515,5.16,,,,,,-12.1702,pending,,2026-06-26T04:15:43+00:00
trackb_cont_ASPN_20260605,5.92,6.37,,,,6.515,5.16,,,,,,-12.1702,pending,,2026-06-26T04:15:43+00:00
trackb_cont_ASPN_20260608,6.04,5.9,,,,6.515,5.16,,,,,,-8.5106,pending,,2026-06-26T04:15:43+00:00
trackb_cont_ASPN_20260623,,,,,,6.425,5.55,,,,,,-12.8728,pending,,2026-06-26T04:15:43+00:00
trackb_cont_ASPN_20260624,,,,,,5.92,5.55,,,,,,-12.8728,pending,,2026-06-26T04:15:43+00:00
trackb_cont_ASPN_20260625,,,,,,5.845,5.57,,,,,,-12.5589,pending,,2026-06-26T04:15:43+00:00
trackb_cont_ASTE_20260623,,,,,,63.060001,56.470001,,,,,,-2.3517,pending,,2026-06-26T04:18:23+00:00
trackb_cont_ASTE_20260624,,,,,,63.060001,56.790001,,,,,,-1.7984,pending,,2026-06-26T04:18:23+00:00
trackb_cont_ASTE_20260625,,,,,,63.060001,59.669998,,,,,,3.1817,pending,,2026-06-26T04:18:23+00:00
trackb_cont_ASTI_20260603,6.99,6.19,,,,9.64,4.767,,,,,,-39.6582,pending,,2026-06-26T04:15:40+00:00
trackb_cont_ASTI_20260604,8.71,6.22,,,,9.64,4.767,,,,,,-39.6582,pending,,2026-06-26T04:15:40+00:00
trackb_cont_ASTI_20260605,7.68,5.81,,,,9.64,4.767,,,,,,-39.6582,pending,,2026-06-26T04:15:40+00:00
trackb_cont_ASTS_20260603,87.32,85.43,,,,114.339996,63.720001,,,,,,-41.5145,pending,,2026-06-26T04:16:03+00:00
trackb_cont_ASTS_20260604,97.559998,80.660004,,,,111.57,63.720001,,,,,,-41.5145,pending,,2026-06-26T04:16:03+00:00
trackb_cont_ASTS_20260605,82.410004,73.190002,,,,104.489998,63.720001,,,,,,-41.5145,pending,,2026-06-26T04:16:03+00:00
trackb_cont_ASTS_20260608,87.57,72.870003,,,,100.940002,63.720001,,,,,,-41.5145,pending,,2026-06-26T04:16:03+00:00
trackb_cont_ATEX_20260603,64.779999,79.160004,,,,88.120003,61.505001,,,,,,-6.1351,pending,,2026-06-26T04:14:46+00:00
trackb_cont_ATEX_20260604,81.440002,74.529999,,,,88.120003,61.505001,,,,,,-6.1351,pending,,2026-06-26T04:14:46+00:00
trackb_cont_ATEX_20260605,82.5,77.019997,,,,88.120003,61.505001,,,,,,-6.1351,pending,,2026-06-26T04:14:46+00:00
trackb_cont_ATEX_20260608,83.010002,79.980003,,,,88.120003,61.505001,,,,,,-7.7056,pending,,2026-06-26T04:14:46+00:00
trackb_cont_ATEX_20260609,77.629997,79.089996,,,,88.120003,61.505001,,,,,,-7.1482,pending,,2026-06-26T04:14:46+00:00
trackb_cont_ATEX_20260615,79.980003,,,,,84.959999,70.779999,,,,,,-11.192,pending,,2026-06-26T04:14:46+00:00
trackb_cont_ATEX_20260616,79.089996,,,,,83.0,70.779999,,,,,,-16.1275,pending,,2026-06-26T04:14:46+00:00
trackb_cont_ATEX_20260617,81.0,,,,,82.910004,70.779999,,,,,,-16.1275,pending,,2026-06-26T04:14:46+00:00
trackb_cont_ATEX_20260618,,,,,,82.910004,70.779999,,,,,,-16.1275,pending,,2026-06-26T04:14:46+00:00
trackb_cont_ATEX_20260619,,,,,,82.910004,71.68,,,,,,-15.061,pending,,2026-06-26T04:14:46+00:00
trackb_cont_ATEX_20260622,,,,,,82.910004,71.68,,,,,,-3.824,pending,,2026-06-26T04:14:46+00:00
trackb_cont_ATEX_20260623,,,,,,82.910004,74.949997,,,,,,0.5635,pending,,2026-06-26T04:14:46+00:00
trackb_cont_ATI_20260603,183.369995,196.860001,,,,205.309998,174.949997,,,,,,-2.1396,pending,,2026-06-26T04:15:29+00:00
trackb_cont_ATI_20260604,199.5,201.339996,,,,205.309998,175.660004,,,,,,-1.7424,pending,,2026-06-26T04:15:29+00:00
trackb_cont_ATI_20260605,198.479996,204.089996,,,,205.309998,175.660004,,,,,,-1.7424,pending,,2026-06-26T04:15:29+00:00
trackb_cont_ATI_20260608,195.809998,199.600006,,,,205.309998,176.539993,,,,,,-1.2502,pending,,2026-06-26T04:15:29+00:00
trackb_cont_ATI_20260609,196.309998,197.589996,,,,205.309998,177.339996,,,,,,-1.5543,pending,,2026-06-26T04:15:29+00:00
trackb_cont_ATI_20260611,201.339996,,,,,205.309998,185.889999,,,,,,1.3743,pending,,2026-06-26T04:15:29+00:00
trackb_cont_ATI_20260616,197.589996,,,,,205.309998,194.649994,,,,,,-0.8304,pending,,2026-06-26T04:15:29+00:00
trackb_cont_ATI_20260617,199.5,,,,,205.309998,194.649994,,,,,,-0.8304,pending,,2026-06-26T04:15:29+00:00
trackb_cont_ATI_20260618,,,,,,205.309998,194.649994,,,,,,-0.8304,pending,,2026-06-26T04:15:29+00:00
trackb_cont_ATI_20260619,,,,,,205.309998,194.649994,,,,,,-0.8304,pending,,2026-06-26T04:15:29+00:00
trackb_cont_ATI_20260622,,,,,,205.309998,194.649994,,,,,,-3.3227,pending,,2026-06-26T04:15:29+00:00
trackb_cont_ATI_20260623,,,,,,204.580002,194.649994,,,,,,-3.3227,pending,,2026-06-26T04:15:29+00:00
trackb_cont_ATKR_20260608,79.25,77.82,,,,83.065002,76.120003,,,,,,-5.57,pending,,2026-06-26T04:16:48+00:00
trackb_cont_ATR_20260618,,,,,,128.139999,118.879997,,,,,,-0.9251,pending,,2026-06-26T04:18:35+00:00
trackb_cont_ATR_20260619,,,,,,128.139999,118.879997,,,,,,-0.9251,pending,,2026-06-26T04:18:35+00:00
trackb_cont_ATR_20260622,,,,,,128.139999,118.879997,,,,,,-0.9251,pending,,2026-06-26T04:18:35+00:00
trackb_cont_AVAV_20260603,172.929993,167.110001,,,,205.550003,135.199997,,,,,,-29.6639,pending,,2026-06-26T04:16:02+00:00
trackb_cont_AVAV_20260604,183.690002,169.610001,,,,205.550003,135.199997,,,,,,-29.6639,pending,,2026-06-26T04:16:02+00:00
trackb_cont_AVAV_20260605,170.580002,151.330002,,,,200.869995,135.199997,,,,,,-29.6639,pending,,2026-06-26T04:16:02+00:00
trackb_cont_AVAV_20260608,171.949997,149.080002,,,,190.220001,135.199997,,,,,,-29.6639,pending,,2026-06-26T04:16:02+00:00
trackb_cont_AVB_20260608,184.479996,182.240005,,,,190.389999,176.130005,,,,,,-7.1632,pending,,2026-06-26T04:16:41+00:00
trackb_cont_AVB_20260609,184.729996,183.600006,,,,188.970001,176.130005,,,,,,-6.1191,pending,,2026-06-26T04:16:41+00:00
trackb_cont_AVD_20260611,2.65,,,,,3.05,2.41,,,,,,-17.7474,pending,,2026-06-26T04:17:23+00:00
trackb_cont_AVGO_20260603,372.100006,392.899994,,,,495.0,370.329987,,,,,,-23.6716,pending,,2026-06-26T04:15:13+00:00
trackb_cont_AVGO_20260604,385.570007,411.350006,,,,426.480011,370.329987,,,,,,-23.6716,pending,,2026-06-26T04:15:13+00:00
trackb_cont_AVGO_20260605,382.070007,392.130005,,,,414.640015,370.329987,,,,,,-23.6716,pending,,2026-06-26T04:15:13+00:00
trackb_cont_AVGO_20260608,393.940002,380.149994,,,,414.640015,370.329987,,,,,,-23.6716,pending,,2026-06-26T04:15:13+00:00
trackb_cont_AVTR_20260603,9.65,9.46,,,,10.25,8.825,,,,,,-0.5073,pending,,2026-06-26T04:15:54+00:00
trackb_cont_AVTR_20260604,9.66,9.58,,,,10.25,9.04,,,,,,1.9166,pending,,2026-06-26T04:15:54+00:00
trackb_cont_AVTR_20260605,9.39,9.35,,,,10.25,9.04,,,,,,1.9166,pending,,2026-06-26T04:15:54+00:00
trackb_cont_AVTR_20260608,9.71,9.43,,,,10.25,9.15,,,,,,3.1567,pending,,2026-06-26T04:15:54+00:00
trackb_cont_AVTR_20260610,9.46,10.08,,,,10.25,9.15,,,,,,-5.5728,pending,,2026-06-26T04:15:54+00:00
trackb_cont_AVTR_20260616,9.69,,,,,10.25,9.15,,,,,,-5.3285,pending,,2026-06-26T04:15:54+00:00
trackb_cont_AVTR_20260617,10.08,,,,,10.25,9.15,,,,,,-5.3285,pending,,2026-06-26T04:15:54+00:00
trackb_cont_AVTR_20260618,,,,,,10.25,9.15,,,,,,-5.3285,pending,,2026-06-26T04:15:54+00:00
trackb_cont_AVTR_20260619,,,,,,10.25,9.15,,,,,,-5.3285,pending,,2026-06-26T04:15:54+00:00
trackb_cont_AVT_20260603,85.389999,89.809998,,,,94.099998,82.760002,,,,,,-11.2588,pending,,2026-06-26T04:15:38+00:00
trackb_cont_AVT_20260604,88.489998,91.470001,,,,93.370003,82.760002,,,,,,-11.2588,pending,,2026-06-26T04:15:38+00:00
trackb_cont_AVT_20260605,90.589996,92.449997,,,,93.370003,82.760002,,,,,,-11.2588,pending,,2026-06-26T04:15:38+00:00
trackb_cont_AVT_20260608,91.779999,89.599998,,,,93.370003,82.760002,,,,,,-11.2588,pending,,2026-06-26T04:15:38+00:00
trackb_cont_AWR_20260603,78.519997,76.889999,,,,81.089996,76.220001,,,,,,-1.2822,pending,,2026-06-26T04:15:53+00:00
trackb_cont_AWR_20260604,76.879997,77.110001,,,,81.089996,76.300003,,,,,,-1.1786,pending,,2026-06-26T04:15:53+00:00
trackb_cont_AWR_20260605,77.769997,77.660004,,,,81.089996,76.300003,,,,,,-1.1786,pending,,2026-06-26T04:15:53+00:00
trackb_cont_AWR_20260608,77.599998,79.029999,,,,81.089996,76.300003,,,,,,-2.6413,pending,,2026-06-26T04:15:53+00:00
trackb_cont_AWR_20260609,77.849998,79.870003,,,,81.089996,76.300003,,,,,,-0.7673,pending,,2026-06-26T04:15:53+00:00
trackb_cont_AXON_20260603,447.589996,423.01001,,,,515.799988,402.0,,,,,,-16.0874,pending,,2026-06-26T04:14:48+00:00
trackb_cont_AXON_20260604,446.200012,423.399994,,,,515.799988,402.0,,,,,,-16.0874,pending,,2026-06-26T04:14:48+00:00
trackb_cont_AXON_20260605,441.730011,410.029999,,,,514.98999,402.0,,,,,,-16.0874,pending,,2026-06-26T04:14:48+00:00
trackb_cont_AXON_20260608,443.209991,433.040009,,,,492.589996,402.0,,,,,,-16.0874,pending,,2026-06-26T04:14:48+00:00
trackb_cont_AXON_20260610,423.01001,444.730011,,,,468.040009,402.0,,,,,,-14.6606,pending,,2026-06-26T04:14:48+00:00
trackb_cont_AXP_20260616,342.559998,,,,,352.519989,333.940002,,,,,,-1.0724,pending,,2026-06-26T04:18:00+00:00
trackb_cont_AXP_20260617,342.459991,,,,,352.519989,333.940002,,,,,,-1.0724,pending,,2026-06-26T04:18:00+00:00
trackb_cont_AXP_20260618,,,,,,352.519989,333.940002,,,,,,-1.0724,pending,,2026-06-26T04:18:00+00:00
trackb_cont_AXP_20260619,,,,,,352.519989,333.940002,,,,,,-1.0724,pending,,2026-06-26T04:18:00+00:00
trackb_cont_AXP_20260623,,,,,,352.519989,333.940002,,,,,,-1.2216,pending,,2026-06-26T04:18:00+00:00
trackb_cont_AXP_20260624,,,,,,352.519989,336.209991,,,,,,-0.5502,pending,,2026-06-26T04:18:00+00:00
trackb_cont_AXP_20260625,,,,,,352.519989,340.920013,,,,,,-0.4787,pending,,2026-06-26T04:18:00+00:00
trackb_cont_AXSM_20260615,241.970001,,,,,260.190002,236.440002,,,,,,-6.4419,pending,,2026-06-26T04:17:47+00:00
trackb_cont_AXSM_20260616,237.919998,,,,,260.190002,236.440002,,,,,,-6.2193,pending,,2026-06-26T04:17:47+00:00
trackb_cont_AXSM_20260617,237.330002,,,,,260.190002,236.440002,,,,,,-6.2193,pending,,2026-06-26T04:17:47+00:00
trackb_cont_AXSM_20260618,,,,,,260.190002,236.440002,,,,,,-9.1279,pending,,2026-06-26T04:17:47+00:00
trackb_cont_AXSM_20260619,,,,,,253.0,236.440002,,,,,,-9.1279,pending,,2026-06-26T04:17:47+00:00
trackb_cont_AXSM_20260622,,,,,,253.0,236.440002,,,,,,-9.1279,pending,,2026-06-26T04:17:47+00:00
trackb_cont_AXSM_20260623,,,,,,252.029999,236.440002,,,,,,-9.1279,pending,,2026-06-26T04:17:47+00:00
trackb_cont_AXTA_20260603,32.099998,34.0,,,,35.43,30.57,,,,,,-2.2073,pending,,2026-06-26T04:16:12+00:00
trackb_cont_AXTA_20260604,32.68,34.779999,,,,35.43,31.615,,,,,,1.1356,pending,,2026-06-26T04:16:12+00:00
trackb_cont_AXTA_20260605,33.110001,34.330002,,,,35.43,31.84,,,,,,1.8554,pending,,2026-06-26T04:16:12+00:00
trackb_cont_AXTA_20260608,33.77,33.639999,,,,35.43,31.84,,,,,,1.8554,pending,,2026-06-26T04:16:12+00:00
trackb_cont_AXTA_20260611,34.779999,,,,,35.43,31.969999,,,,,,-0.405,pending,,2026-06-26T04:16:12+00:00
trackb_cont_AXTA_20260612,34.330002,,,,,35.43,32.84,,,,,,0.4896,pending,,2026-06-26T04:16:12+00:00
trackb_cont_AXTA_20260615,33.639999,,,,,35.43,33.299999,,,,,,-3.8684,pending,,2026-06-26T04:16:12+00:00
trackb_cont_AXTA_20260616,34.66,,,,,35.43,33.299999,,,,,,-1.7844,pending,,2026-06-26T04:16:12+00:00
trackb_cont_AXTA_20260617,34.73,,,,,35.43,33.48,,,,,,-1.2535,pending,,2026-06-26T04:16:12+00:00
trackb_cont_AXTA_20260618,,,,,,35.43,33.48,,,,,,-1.2535,pending,,2026-06-26T04:16:12+00:00
trackb_cont_AXTA_20260619,,,,,,35.43,33.48,,,,,,-1.2535,pending,,2026-06-26T04:16:12+00:00
trackb_cont_AYI_20260603,280.390015,305.660004,,,,375.0,279.730011,,,,,,-10.0199,pending,,2026-06-26T04:15:04+00:00
trackb_cont_AYI_20260604,288.600006,317.619995,,,,375.0,279.730011,,,,,,-10.0199,pending,,2026-06-26T04:15:04+00:00
trackb_cont_AYI_20260605,297.23999,321.670013,,,,375.0,279.730011,,,,,,-10.0199,pending,,2026-06-26T04:15:04+00:00
trackb_cont_AYI_20260608,302.529999,298.690002,,,,375.0,279.730011,,,,,,-7.3864,pending,,2026-06-26T04:15:04+00:00
trackb_cont_AYI_20260623,,,,,,375.0,298.589996,,,,,,-7.1751,pending,,2026-06-26T04:15:04+00:00
trackb_cont_AYI_20260624,,,,,,375.0,298.76001,,,,,,-7.1222,pending,,2026-06-26T04:15:04+00:00
trackb_cont_AYI_20260625,,,,,,375.0,335.76001,,,,,,4.3803,pending,,2026-06-26T04:15:04+00:00
trackb_cont_AZTA_20260603,22.379999,22.68,,,,25.280001,21.77,,,,,,-9.0833,pending,,2026-06-26T04:15:57+00:00
trackb_cont_AZTA_20260604,22.459999,23.309999,,,,25.280001,21.77,,,,,,-9.0833,pending,,2026-06-26T04:15:57+00:00
trackb_cont_AZTA_20260605,22.59,22.27,,,,25.280001,21.77,,,,,,-9.0833,pending,,2026-06-26T04:15:57+00:00
trackb_cont_AZTA_20260608,22.950001,22.200001,,,,25.280001,21.77,,,,,,-4.0546,pending,,2026-06-26T04:15:57+00:00
trackb_cont_AZTA_20260609,23.129999,23.860001,,,,25.280001,21.77,,,,,,-4.1391,pending,,2026-06-26T04:15:57+00:00
trackb_cont_AZTA_20260610,22.68,24.629999,,,,25.280001,21.77,,,,,,-4.1391,pending,,2026-06-26T04:15:57+00:00
trackb_cont_AZTA_20260611,23.309999,,,,,25.280001,21.77,,,,,,-2.7256,pending,,2026-06-26T04:15:57+00:00
trackb_cont_AZTA_20260616,23.860001,,,,,25.280001,21.99,,,,,,-4.8875,pending,,2026-06-26T04:15:57+00:00
trackb_cont_AZTA_20260617,24.629999,,,,,25.280001,21.99,,,,,,-4.8875,pending,,2026-06-26T04:15:57+00:00
trackb_cont_AZTA_20260618,,,,,,25.280001,21.99,,,,,,-3.0423,pending,,2026-06-26T04:15:57+00:00
trackb_cont_AZTA_20260619,,,,,,25.280001,21.99,,,,,,-3.0423,pending,,2026-06-26T04:15:57+00:00
trackb_cont_AZTA_20260622,,,,,,25.280001,21.99,,,,,,-3.0423,pending,,2026-06-26T04:15:57+00:00
trackb_cont_AZZ_20260616,152.929993,,,,,162.199997,145.110001,,,,,,-6.0655,pending,,2026-06-26T04:18:11+00:00
trackb_cont_AZZ_20260617,160.169998,,,,,162.199997,150.449997,,,,,,-2.6088,pending,,2026-06-26T04:18:11+00:00
trackb_cont_AZZ_20260618,,,,,,162.199997,151.729996,,,,,,-1.7802,pending,,2026-06-26T04:18:11+00:00
trackb_cont_AZZ_20260619,,,,,,162.199997,152.210007,,,,,,-1.4694,pending,,2026-06-26T04:18:11+00:00
trackb_cont_A_20260603,131.619995,124.330002,,,,141.089996,123.699997,,,,,,-10.8115,pending,,2026-06-26T04:15:32+00:00
trackb_cont_A_20260604,129.550003,127.059998,,,,141.089996,123.699997,,,,,,-10.8115,pending,,2026-06-26T04:15:32+00:00
trackb_cont_A_20260605,129.839996,126.489998,,,,139.0,123.699997,,,,,,-10.8115,pending,,2026-06-26T04:15:32+00:00
trackb_cont_A_20260608,130.589996,126.669998,,,,138.630005,123.699997,,,,,,-10.8115,pending,,2026-06-26T04:15:32+00:00
trackb_cont_BAC_20260611,56.200001,,,,,59.200001,54.07,,,,,,-0.8618,pending,,2026-06-26T04:17:14+00:00
trackb_cont_BAC_20260612,57.369999,,,,,59.200001,55.259998,,,,,,0.1813,pending,,2026-06-26T04:17:14+00:00
trackb_cont_BAC_20260616,57.73,,,,,59.200001,56.029999,,,,,,-0.2759,pending,,2026-06-26T04:17:14+00:00
trackb_cont_BAC_20260617,58.189999,,,,,59.200001,56.029999,,,,,,-0.2759,pending,,2026-06-26T04:17:14+00:00
trackb_cont_BAC_20260618,,,,,,59.200001,56.029999,,,,,,-1.8653,pending,,2026-06-26T04:17:14+00:00
trackb_cont_BAC_20260619,,,,,,59.200001,56.810001,,,,,,-0.4992,pending,,2026-06-26T04:17:14+00:00
trackb_cont_BAC_20260622,,,,,,59.200001,56.810001,,,,,,1.0854,pending,,2026-06-26T04:17:14+00:00
trackb_cont_BAC_20260623,,,,,,59.200001,57.200001,,,,,,1.7794,pending,,2026-06-26T04:17:14+00:00
trackb_cont_BAC_20260625,,,,,,59.200001,57.849998,,,,,,0.2079,pending,,2026-06-26T04:17:14+00:00
trackb_cont_BAH_20260603,77.290001,71.099998,,,,81.940002,59.630001,,,,,,-23.8053,pending,,2026-06-26T04:16:16+00:00
trackb_cont_BAH_20260604,77.199997,66.360001,,,,81.940002,59.630001,,,,,,-23.8053,pending,,2026-06-26T04:16:16+00:00
trackb_cont_BAH_20260605,77.410004,63.330002,,,,80.959999,59.630001,,,,,,-23.8053,pending,,2026-06-26T04:16:16+00:00
trackb_cont_BAH_20260608,74.550003,63.880001,,,,80.349998,59.630001,,,,,,-23.8053,pending,,2026-06-26T04:16:16+00:00
trackb_cont_BAX_20260609,20.459999,21.040001,,,,21.73,19.360001,,,,,,0.6237,pending,,2026-06-26T04:16:58+00:00
trackb_cont_BAX_20260611,19.889999,,,,,21.73,19.379999,,,,,,-4.579,pending,,2026-06-26T04:16:58+00:00
trackb_cont_BAX_20260616,21.040001,,,,,21.73,19.379999,,,,,,-7.4499,pending,,2026-06-26T04:16:58+00:00
trackb_cont_BAX_20260617,21.549999,,,,,21.73,19.379999,,,,,,-7.4499,pending,,2026-06-26T04:16:58+00:00
trackb_cont_BBAI_20260603,4.02,3.88,,,,5.0,3.36,,,,,,-29.7468,pending,,2026-06-26T04:15:57+00:00
trackb_cont_BBAI_20260604,4.14,3.92,,,,4.98,3.36,,,,,,-29.7468,pending,,2026-06-26T04:15:57+00:00
trackb_cont_BBAI_20260605,4.02,3.83,,,,4.67,3.36,,,,,,-29.7468,pending,,2026-06-26T04:15:57+00:00
trackb_cont_BBAI_20260608,4.05,3.77,,,,4.49,3.36,,,,,,-29.7468,pending,,2026-06-26T04:15:57+00:00
trackb_cont_BBBY_20260603,5.55,5.66,,,,7.11,5.37,,,,,,-10.8714,pending,,2026-06-26T04:15:21+00:00
trackb_cont_BBBY_20260604,5.96,5.93,,,,7.11,5.37,,,,,,-10.8714,pending,,2026-06-26T04:15:21+00:00
trackb_cont_BBBY_20260605,5.88,5.83,,,,7.11,5.37,,,,,,-10.8714,pending,,2026-06-26T04:15:21+00:00
trackb_cont_BBBY_20260608,6.1,6.61,,,,7.11,5.37,,,,,,-10.8714,pending,,2026-06-26T04:15:21+00:00
trackb_cont_BBBY_20260625,,,,,,6.84,6.29,,,,,,-6.1194,pending,,2026-06-26T04:15:21+00:00
trackb_cont_BBGI_20260603,23.059999,23.26,,,,24.99,16.549999,,,,,,-13.1689,pending,,2026-06-26T04:15:48+00:00
trackb_cont_BBGI_20260604,23.540001,23.77,,,,24.99,16.549999,,,,,,-13.1689,pending,,2026-06-26T04:15:48+00:00
trackb_cont_BBGI_20260605,17.77,24.940001,,,,24.99,16.549999,,,,,,-13.1689,pending,,2026-06-26T04:15:48+00:00
trackb_cont_BBGI_20260608,17.549999,23.370001,,,,24.99,16.549999,,,,,,-13.1689,pending,,2026-06-26T04:15:48+00:00
trackb_cont_BBGI_20260610,23.26,23.870001,,,,24.99,16.549999,,,,,,-21.4896,pending,,2026-06-26T04:15:48+00:00
trackb_cont_BBGI_20260623,,,,,,24.940001,21.01,,,,,,-15.7578,pending,,2026-06-26T04:15:48+00:00
trackb_cont_BBGI_20260624,,,,,,24.719999,22.52,,,,,,-9.7033,pending,,2026-06-26T04:15:48+00:00
trackb_cont_BBGI_20260625,,,,,,24.08,22.52,,,,,,-5.9315,pending,,2026-06-26T04:15:48+00:00
trackb_cont_BBSI_20260603,34.34,33.25,,,,35.130001,31.889999,,,,,,-1.4981,pending,,2026-06-26T04:15:26+00:00
trackb_cont_BBSI_20260604,34.25,33.040001,,,,35.130001,31.889999,,,,,,-1.4981,pending,,2026-06-26T04:15:26+00:00
trackb_cont_BBSI_20260605,34.169998,32.34,,,,35.009998,31.889999,,,,,,-1.4981,pending,,2026-06-26T04:15:26+00:00
trackb_cont_BBSI_20260616,34.200001,,,,,34.880001,31.889999,,,,,,-6.261,pending,,2026-06-26T04:15:26+00:00
trackb_cont_BBSI_20260617,34.009998,,,,,34.880001,31.889999,,,,,,-6.261,pending,,2026-06-26T04:15:26+00:00
trackb_cont_BBSI_20260625,,,,,,34.880001,33.369999,,,,,,-2.4269,pending,,2026-06-26T04:15:26+00:00
trackb_cont_BBWI_20260616,21.809999,,,,,22.530001,19.4,,,,,,0.6224,pending,,2026-06-26T04:16:52+00:00
trackb_cont_BBWI_20260617,21.82,,,,,22.530001,19.4,,,,,,0.6224,pending,,2026-06-26T04:16:52+00:00
trackb_cont_BBWI_20260618,,,,,,22.530001,19.4,,,,,,0.6224,pending,,2026-06-26T04:16:52+00:00
trackb_cont_BBWI_20260619,,,,,,22.530001,19.4,,,,,,0.6224,pending,,2026-06-26T04:16:52+00:00
trackb_cont_BBWI_20260622,,,,,,22.530001,19.4,,,,,,-5.642,pending,,2026-06-26T04:16:52+00:00
trackb_cont_BBWI_20260623,,,,,,22.530001,19.4,,,,,,-5.642,pending,,2026-06-26T04:16:52+00:00
trackb_cont_BBY_20260603,75.639999,73.099998,,,,79.510002,69.709999,,,,,,-2.1202,pending,,2026-06-26T04:16:06+00:00
trackb_cont_BBY_20260604,77.099998,74.730003,,,,79.510002,69.709999,,,,,,-2.1202,pending,,2026-06-26T04:16:06+00:00
trackb_cont_BBY_20260605,78.529999,76.010002,,,,79.510002,69.709999,,,,,,-2.1202,pending,,2026-06-26T04:16:06+00:00
trackb_cont_BBY_20260609,75.580002,77.629997,,,,79.510002,72.510002,,,,,,-2.2381,pending,,2026-06-26T04:16:06+00:00
trackb_cont_BBY_20260611,74.730003,,,,,79.510002,72.510002,,,,,,-4.138,pending,,2026-06-26T04:16:06+00:00
trackb_cont_BBY_20260616,77.629997,,,,,78.629997,72.510002,,,,,,-6.9311,pending,,2026-06-26T04:16:06+00:00
trackb_cont_BBY_20260617,76.889999,,,,,78.629997,72.510002,,,,,,-6.9311,pending,,2026-06-26T04:16:06+00:00
trackb_cont_BBY_20260618,,,,,,78.629997,72.510002,,,,,,-0.3299,pending,,2026-06-26T04:16:06+00:00
trackb_cont_BBY_20260619,,,,,,78.629997,72.519997,,,,,,-0.3162,pending,,2026-06-26T04:16:06+00:00
trackb_cont_BBY_20260622,,,,,,78.629997,72.519997,,,,,,-0.3162,pending,,2026-06-26T04:16:06+00:00
trackb_cont_BBY_20260623,,,,,,78.629997,72.519997,,,,,,-0.3162,pending,,2026-06-26T04:16:06+00:00
trackb_cont_BBY_20260625,,,,,,78.629997,76.839996,,,,,,-1.0177,pending,,2026-06-26T04:16:06+00:00
trackb_cont_BCAR_20260603,10.57,10.65,,,,11.17,10.35,,,,,,-5.8663,pending,,2026-06-26T04:15:28+00:00
trackb_cont_BCAR_20260604,10.6,10.55,,,,11.07,10.35,,,,,,-5.8663,pending,,2026-06-26T04:15:28+00:00
trackb_cont_BCAR_20260605,10.6,10.58,,,,10.93,10.35,,,,,,-5.8663,pending,,2026-06-26T04:15:28+00:00
trackb_cont_BCHT_20260603,1.93,2.02,,,,2.48,1.86,,,,,,-8.4736,pending,,2026-06-26T04:16:21+00:00
trackb_cont_BCHT_20260604,2.08,2.34,,,,2.48,1.86,,,,,,-8.4736,pending,,2026-06-26T04:16:21+00:00
trackb_cont_BCHT_20260605,2.1,2.07,,,,2.48,1.86,,,,,,-8.4736,pending,,2026-06-26T04:16:21+00:00
trackb_cont_BCHT_20260608,2.06,1.98,,,,2.48,1.86,,,,,,-8.4736,pending,,2026-06-26T04:16:21+00:00
trackb_cont_BCHT_20260616,1.96,,,,,2.48,1.9,,,,,,-7.9903,pending,,2026-06-26T04:16:21+00:00
trackb_cont_BCHT_20260617,2.03,,,,,2.48,1.9,,,,,,-7.9903,pending,,2026-06-26T04:16:21+00:00
trackb_cont_BCHT_20260618,,,,,,2.48,1.9,,,,,,-7.9903,pending,,2026-06-26T04:16:21+00:00
trackb_cont_BCHT_20260619,,,,,,2.48,1.9,,,,,,-7.9903,pending,,2026-06-26T04:16:21+00:00
trackb_cont_BCHT_20260622,,,,,,2.48,1.9,,,,,,-18.8034,pending,,2026-06-26T04:16:21+00:00
trackb_cont_BCHT_20260623,,,,,,2.08,1.9,,,,,,-8.2126,pending,,2026-06-26T04:16:21+00:00
trackb_cont_BCHT_20260624,,,,,,2.08,1.9,,,,,,-8.2126,pending,,2026-06-26T04:16:21+00:00
trackb_cont_BCRX_20260622,,,,,,10.94,8.91,,,,,,-0.8899,pending,,2026-06-26T04:18:45+00:00
trackb_cont_BCRX_20260623,,,,,,10.94,9.1,,,,,,1.2236,pending,,2026-06-26T04:18:45+00:00
trackb_cont_BCRX_20260625,,,,,,10.94,9.7,,,,,,-3.0,pending,,2026-06-26T04:18:45+00:00
trackb_cont_BC_20260611,83.57,,,,,88.589996,78.309998,,,,,,-0.4703,pending,,2026-06-26T04:17:22+00:00
trackb_cont_BC_20260615,81.239998,,,,,88.589996,80.239998,,,,,,-6.4202,pending,,2026-06-26T04:17:22+00:00
trackb_cont_BC_20260616,84.849998,,,,,88.589996,80.239998,,,,,,-2.8689,pending,,2026-06-26T04:17:22+00:00
trackb_cont_BC_20260617,87.959999,,,,,88.589996,80.239998,,,,,,-2.8689,pending,,2026-06-26T04:17:22+00:00
trackb_cont_BC_20260618,,,,,,88.589996,80.309998,,,,,,-0.5203,pending,,2026-06-26T04:17:22+00:00
trackb_cont_BC_20260619,,,,,,88.589996,80.309998,,,,,,-0.5203,pending,,2026-06-26T04:17:22+00:00
trackb_cont_BC_20260622,,,,,,88.589996,80.309998,,,,,,-0.5203,pending,,2026-06-26T04:17:22+00:00
trackb_cont_BDC_20260622,,,,,,125.230003,117.080002,,,,,,-5.0138,pending,,2026-06-26T04:18:19+00:00
trackb_cont_BDC_20260623,,,,,,125.230003,117.080002,,,,,,-3.7567,pending,,2026-06-26T04:18:19+00:00
trackb_cont_BDC_20260624,,,,,,125.230003,117.080002,,,,,,-3.7567,pending,,2026-06-26T04:18:19+00:00
trackb_cont_BDC_20260625,,,,,,125.230003,120.089996,,,,,,-1.2824,pending,,2026-06-26T04:18:19+00:00
trackb_cont_BDN_20260603,3.21,3.07,,,,3.31,3.05,,,,,,-0.1637,pending,,2026-06-26T04:15:36+00:00
trackb_cont_BDN_20260604,3.21,3.09,,,,3.31,3.05,,,,,,-0.1637,pending,,2026-06-26T04:15:36+00:00
trackb_cont_BDN_20260605,3.24,3.09,,,,3.31,3.05,,,,,,-0.1637,pending,,2026-06-26T04:15:36+00:00
trackb_cont_BDN_20260608,3.2,3.16,,,,3.31,3.05,,,,,,-3.7855,pending,,2026-06-26T04:15:36+00:00
trackb_cont_BDN_20260610,3.07,3.15,,,,3.31,3.05,,,,,,-4.6875,pending,,2026-06-26T04:15:36+00:00
trackb_cont_BDN_20260612,3.09,,,,,3.27,3.05,,,,,,-4.9844,pending,,2026-06-26T04:15:36+00:00
trackb_cont_BDN_20260615,3.16,,,,,3.26,3.05,,,,,,-5.8642,pending,,2026-06-26T04:15:36+00:00
trackb_cont_BDN_20260616,3.12,,,,,3.26,3.05,,,,,,-4.5383,pending,,2026-06-26T04:15:36+00:00
trackb_cont_BDN_20260617,3.15,,,,,3.23,3.05,,,,,,-4.5383,pending,,2026-06-26T04:15:36+00:00
trackb_cont_BELFB_20260615,288.640015,,,,,311.670013,282.149994,,,,,,-5.95,pending,,2026-06-26T04:17:52+00:00
trackb_cont_BELFB_20260616,294.149994,,,,,311.670013,282.149994,,,,,,-6.5651,pending,,2026-06-26T04:17:52+00:00
trackb_cont_BELFB_20260617,310.320007,,,,,311.670013,282.149994,,,,,,-6.5651,pending,,2026-06-26T04:17:52+00:00
trackb_cont_BELFB_20260618,,,,,,311.670013,282.149994,,,,,,-6.5651,pending,,2026-06-26T04:17:52+00:00
trackb_cont_BELFB_20260619,,,,,,310.850006,282.149994,,,,,,-6.5651,pending,,2026-06-26T04:17:52+00:00
trackb_cont_BELFB_20260622,,,,,,310.850006,282.149994,,,,,,-4.8045,pending,,2026-06-26T04:17:52+00:00
trackb_cont_BELFB_20260623,,,,,,310.850006,282.149994,,,,,,-4.8045,pending,,2026-06-26T04:17:52+00:00
trackb_cont_BEN_20260608,32.509998,33.790001,,,,34.419998,30.85,,,,,,-1.5321,pending,,2026-06-26T04:16:46+00:00
trackb_cont_BEN_20260622,,,,,,34.419998,32.290001,,,,,,-2.2995,pending,,2026-06-26T04:16:46+00:00
trackb_cont_BEN_20260623,,,,,,34.419998,32.290001,,,,,,-2.2995,pending,,2026-06-26T04:16:46+00:00
trackb_cont_BEN_20260625,,,,,,33.619999,32.560001,,,,,,0.2772,pending,,2026-06-26T04:16:46+00:00
trackb_cont_BEPC_20260603,37.490002,35.98,,,,40.540001,35.919998,,,,,,-10.9125,pending,,2026-06-26T04:15:45+00:00
trackb_cont_BEPC_20260604,37.68,37.419998,,,,39.52,35.919998,,,,,,-10.9125,pending,,2026-06-26T04:15:45+00:00
trackb_cont_BEPC_20260605,36.490002,37.939999,,,,39.380001,35.919998,,,,,,-10.9125,pending,,2026-06-26T04:15:45+00:00
trackb_cont_BEPC_20260608,36.630001,37.900002,,,,39.380001,35.919998,,,,,,-10.9125,pending,,2026-06-26T04:15:45+00:00
trackb_cont_BESS_20260611,5.82,,,,,6.45,3.35,,,,,,-7.2022,pending,,2026-06-26T04:17:22+00:00
trackb_cont_BESS_20260623,,,,,,5.9,3.86,,,,,,-34.3537,pending,,2026-06-26T04:17:22+00:00
trackb_cont_BESS_20260624,,,,,,5.5,3.86,,,,,,-34.3537,pending,,2026-06-26T04:17:22+00:00
trackb_cont_BE_20260603,234.229996,284.98999,,,,351.279999,230.604996,,,,,,-20.3973,pending,,2026-06-26T04:16:09+00:00
trackb_cont_BE_20260604,248.880005,328.910004,,,,351.279999,230.604996,,,,,,-20.3973,pending,,2026-06-26T04:16:09+00:00
trackb_cont_BE_20260605,260.220001,345.850006,,,,351.279999,230.604996,,,,,,-20.3973,pending,,2026-06-26T04:16:09+00:00
trackb_cont_BE_20260623,,,,,,351.279999,297.970001,,,,,,-13.8442,pending,,2026-06-26T04:16:09+00:00
trackb_cont_BE_20260624,,,,,,351.279999,297.970001,,,,,,-13.8442,pending,,2026-06-26T04:16:09+00:00
trackb_cont_BE_20260625,,,,,,351.279999,297.970001,,,,,,-8.6514,pending,,2026-06-26T04:16:09+00:00
trackb_cont_BF-B_20260616,27.799999,,,,,28.0,25.27,,,,,,-6.8902,pending,,2026-06-26T04:18:06+00:00
trackb_cont_BF-B_20260617,27.68,,,,,28.0,25.27,,,,,,-6.8902,pending,,2026-06-26T04:18:06+00:00
trackb_cont_BF-B_20260625,,,,,,28.0,27.02,,,,,,-2.8058,pending,,2026-06-26T04:18:06+00:00
trackb_cont_BFH_20260603,96.449997,101.43,,,,107.760002,87.449997,,,,,,-1.9729,pending,,2026-06-26T04:15:29+00:00
trackb_cont_BFH_20260604,101.629997,102.410004,,,,107.760002,88.790001,,,,,,-0.4708,pending,,2026-06-26T04:15:29+00:00
trackb_cont_BFH_20260605,101.709999,103.68,,,,107.760002,90.080002,,,,,,0.9752,pending,,2026-06-26T04:15:29+00:00
trackb_cont_BFH_20260608,102.5,103.790001,,,,107.760002,90.919998,,,,,,1.9168,pending,,2026-06-26T04:15:29+00:00
trackb_cont_BFH_20260609,101.589996,104.910004,,,,107.760002,91.540001,,,,,,0.1313,pending,,2026-06-26T04:15:29+00:00
trackb_cont_BFH_20260611,102.410004,,,,,107.760002,96.25,,,,,,-0.2074,pending,,2026-06-26T04:15:29+00:00
trackb_cont_BFH_20260612,103.68,,,,,107.760002,98.0,,,,,,-3.5718,pending,,2026-06-26T04:15:29+00:00
trackb_cont_BFH_20260616,104.910004,,,,,107.760002,98.0,,,,,,-5.1858,pending,,2026-06-26T04:15:29+00:00
trackb_cont_BFH_20260617,104.959999,,,,,107.760002,100.879997,,,,,,-2.3994,pending,,2026-06-26T04:15:29+00:00
trackb_cont_BFH_20260618,,,,,,107.760002,101.540001,,,,,,0.1085,pending,,2026-06-26T04:15:29+00:00
trackb_cont_BFH_20260619,,,,,,107.760002,101.540001,,,,,,0.1085,pending,,2026-06-26T04:15:29+00:00
trackb_cont_BFH_20260622,,,,,,107.760002,101.540001,,,,,,-0.8495,pending,,2026-06-26T04:15:29+00:00
trackb_cont_BFH_20260623,,,,,,107.760002,101.540001,,,,,,-0.8495,pending,,2026-06-26T04:15:29+00:00
trackb_cont_BFH_20260625,,,,,,107.760002,104.379997,,,,,,-0.5052,pending,,2026-06-26T04:15:29+00:00
trackb_cont_BG_20260603,128.210007,116.139999,,,,134.869995,106.0,,,,,,-20.8837,pending,,2026-06-26T04:16:15+00:00
trackb_cont_BG_20260604,125.279999,112.580002,,,,132.910004,106.0,,,,,,-20.8837,pending,,2026-06-26T04:16:15+00:00
trackb_cont_BG_20260605,127.169998,111.419998,,,,130.149994,106.0,,,,,,-20.8837,pending,,2026-06-26T04:16:15+00:00
trackb_cont_BG_20260608,123.0,110.860001,,,,130.149994,106.0,,,,,,-20.8837,pending,,2026-06-26T04:16:15+00:00
trackb_cont_BHE_20260603,82.860001,91.050003,,,,98.5,81.540001,,,,,,-7.6871,pending,,2026-06-26T04:15:28+00:00
trackb_cont_BHE_20260604,88.989998,92.169998,,,,98.5,81.540001,,,,,,-7.6871,pending,,2026-06-26T04:15:28+00:00
trackb_cont_BHE_20260605,89.93,93.660004,,,,98.5,81.540001,,,,,,-7.6871,pending,,2026-06-26T04:15:28+00:00
trackb_cont_BHE_20260608,91.309998,90.889999,,,,98.5,81.540001,,,,,,-2.836,pending,,2026-06-26T04:15:28+00:00
trackb_cont_BHE_20260616,91.879997,,,,,98.5,88.0,,,,,,-4.014,pending,,2026-06-26T04:15:28+00:00
trackb_cont_BHE_20260617,97.190002,,,,,98.5,88.0,,,,,,-4.014,pending,,2026-06-26T04:15:28+00:00
trackb_cont_BHE_20260618,,,,,,98.5,88.0,,,,,,-4.014,pending,,2026-06-26T04:15:28+00:00
trackb_cont_BHE_20260619,,,,,,98.5,88.0,,,,,,-4.014,pending,,2026-06-26T04:15:28+00:00
trackb_cont_BHE_20260625,,,,,,98.5,93.629997,,,,,,1.9047,pending,,2026-06-26T04:15:28+00:00
trackb_cont_BHF_20260610,63.220001,62.720001,,,,63.59,62.325001,,,,,,-0.3438,pending,,2026-06-26T04:17:09+00:00
trackb_cont_BHF_20260612,63.049999,,,,,63.59,62.639999,,,,,,-0.9488,pending,,2026-06-26T04:17:09+00:00
trackb_cont_BHF_20260616,63.09,,,,,63.59,62.639999,,,,,,-0.8076,pending,,2026-06-26T04:17:09+00:00
trackb_cont_BHF_20260617,62.720001,,,,,63.59,62.639999,,,,,,-0.8076,pending,,2026-06-26T04:17:09+00:00
trackb_cont_BHF_20260618,,,,,,63.59,62.639999,,,,,,-0.9174,pending,,2026-06-26T04:17:09+00:00
trackb_cont_BHF_20260619,,,,,,63.59,62.639999,,,,,,-0.9174,pending,,2026-06-26T04:17:09+00:00
trackb_cont_BHF_20260622,,,,,,63.59,62.639999,,,,,,-0.9174,pending,,2026-06-26T04:17:09+00:00
trackb_cont_BHF_20260623,,,,,,63.59,62.639999,,,,,,-0.6503,pending,,2026-06-26T04:17:09+00:00
trackb_cont_BHF_20260624,,,,,,63.59,62.639999,,,,,,-0.6503,pending,,2026-06-26T04:17:09+00:00
trackb_cont_BHF_20260625,,,,,,63.470001,62.639999,,,,,,-0.7133,pending,,2026-06-26T04:17:09+00:00
trackb_cont_BIIB_20260616,199.589996,,,,,206.669998,193.199997,,,,,,-2.3157,pending,,2026-06-26T04:18:02+00:00
trackb_cont_BIIB_20260617,201.960007,,,,,206.669998,193.199997,,,,,,-2.3157,pending,,2026-06-26T04:18:02+00:00
trackb_cont_BIIB_20260618,,,,,,206.669998,193.199997,,,,,,-2.3157,pending,,2026-06-26T04:18:02+00:00
trackb_cont_BIIB_20260619,,,,,,206.669998,194.740005,,,,,,-1.5371,pending,,2026-06-26T04:18:02+00:00
trackb_cont_BIO_20260603,291.01001,284.670013,,,,312.269989,270.0,,,,,,-11.0935,pending,,2026-06-26T04:15:42+00:00
trackb_cont_BIO_20260604,292.440002,282.440002,,,,312.269989,270.0,,,,,,-11.0935,pending,,2026-06-26T04:15:42+00:00
trackb_cont_BIO_20260605,285.940002,281.109985,,,,307.350006,270.0,,,,,,-11.0935,pending,,2026-06-26T04:15:42+00:00
trackb_cont_BIO_20260608,289.279999,270.320007,,,,301.76001,270.0,,,,,,-8.2631,pending,,2026-06-26T04:15:42+00:00
trackb_cont_BIPC_20260603,41.310001,39.310001,,,,41.924999,37.435001,,,,,,-8.6506,pending,,2026-06-26T04:15:50+00:00
trackb_cont_BIPC_20260604,40.459999,39.610001,,,,41.924999,37.435001,,,,,,-8.6506,pending,,2026-06-26T04:15:50+00:00
trackb_cont_BIPC_20260605,40.41,37.860001,,,,41.924999,37.435001,,,,,,-8.6506,pending,,2026-06-26T04:15:50+00:00
trackb_cont_BIPC_20260608,40.52,38.799999,,,,41.924999,37.435001,,,,,,-8.6506,pending,,2026-06-26T04:15:50+00:00
trackb_cont_BJRI_20260615,53.16,,,,,56.400002,50.720001,,,,,,-2.0755,pending,,2026-06-26T04:17:47+00:00
trackb_cont_BJRI_20260616,54.619999,,,,,56.400002,50.720001,,,,,,-1.3421,pending,,2026-06-26T04:17:47+00:00
trackb_cont_BJRI_20260617,56.330002,,,,,56.400002,51.48,,,,,,0.1362,pending,,2026-06-26T04:17:47+00:00
trackb_cont_BJRI_20260618,,,,,,56.400002,53.0,,,,,,3.0928,pending,,2026-06-26T04:17:47+00:00
trackb_cont_BJRI_20260619,,,,,,56.400002,53.0,,,,,,3.0928,pending,,2026-06-26T04:17:47+00:00
trackb_cont_BKD_20260616,14.69,,,,,15.44,13.45,,,,,,-2.2174,pending,,2026-06-26T04:18:09+00:00
trackb_cont_BKD_20260617,15.41,,,,,15.44,13.45,,,,,,-2.2174,pending,,2026-06-26T04:18:09+00:00
trackb_cont_BKD_20260618,,,,,,15.44,13.45,,,,,,-2.2174,pending,,2026-06-26T04:18:09+00:00
trackb_cont_BKD_20260619,,,,,,15.44,13.55,,,,,,-1.4904,pending,,2026-06-26T04:18:09+00:00
trackb_cont_BKD_20260623,,,,,,15.44,13.74,,,,,,-1.787,pending,,2026-06-26T04:18:09+00:00
trackb_cont_BKD_20260624,,,,,,15.44,13.89,,,,,,-0.7148,pending,,2026-06-26T04:18:09+00:00
trackb_cont_BKD_20260625,,,,,,15.44,14.7,,,,,,5.0751,pending,,2026-06-26T04:18:09+00:00
trackb_cont_BKH_20260616,74.559998,,,,,75.059998,71.629997,,,,,,-3.2615,pending,,2026-06-26T04:18:15+00:00
trackb_cont_BKH_20260617,74.309998,,,,,75.059998,71.629997,,,,,,-3.2615,pending,,2026-06-26T04:18:15+00:00
trackb_cont_BKNG_20260622,,,,,,184.889999,164.130005,,,,,,-4.4534,pending,,2026-06-26T04:16:40+00:00
trackb_cont_BKNG_20260623,,,,,,184.889999,165.850006,,,,,,-3.4521,pending,,2026-06-26T04:16:40+00:00
trackb_cont_BLBD_20260625,,,,,,80.629997,77.010002,,,,,,2.1759,pending,,2026-06-26T04:18:57+00:00
trackb_cont_BLK_20260618,,,,,,1076.51001,966.130005,,,,,,-9.7606,pending,,2026-06-26T04:18:34+00:00
trackb_cont_BLK_20260619,,,,,,1063.73999,966.130005,,,,,,-9.7606,pending,,2026-06-26T04:18:34+00:00
trackb_cont_BLK_20260622,,,,,,1063.73999,966.130005,,,,,,-9.7606,pending,,2026-06-26T04:18:34+00:00
trackb_cont_BLK_20260623,,,,,,1050.0,966.130005,,,,,,-9.7606,pending,,2026-06-26T04:18:34+00:00
trackb_cont_BLLN_20260616,107.739998,,,,,114.800003,97.099998,,,,,,-5.9473,pending,,2026-06-26T04:18:16+00:00
trackb_cont_BLLN_20260617,112.239998,,,,,114.800003,97.099998,,,,,,-5.9473,pending,,2026-06-26T04:18:16+00:00
trackb_cont_BLLN_20260618,,,,,,114.800003,98.25,,,,,,-4.8334,pending,,2026-06-26T04:18:16+00:00
trackb_cont_BLLN_20260619,,,,,,114.800003,98.25,,,,,,-4.8334,pending,,2026-06-26T04:18:16+00:00
trackb_cont_BLLN_20260623,,,,,,114.800003,98.330002,,,,,,-2.3729,pending,,2026-06-26T04:18:16+00:00
trackb_cont_BLLN_20260624,,,,,,114.800003,104.464996,,,,,,3.7182,pending,,2026-06-26T04:18:16+00:00
trackb_cont_BLLN_20260625,,,,,,114.800003,108.014999,,,,,,7.2429,pending,,2026-06-26T04:18:16+00:00
trackb_cont_BLMN_20260615,8.25,,,,,8.92,7.43,,,,,,-9.9394,pending,,2026-06-26T04:17:57+00:00
trackb_cont_BLMN_20260616,8.55,,,,,8.92,7.43,,,,,,-5.3503,pending,,2026-06-26T04:17:57+00:00
trackb_cont_BLMN_20260617,8.65,,,,,8.92,7.54,,,,,,-3.949,pending,,2026-06-26T04:17:57+00:00
trackb_cont_BMI_20260616,133.580002,,,,,141.5,127.339996,,,,,,-5.0091,pending,,2026-06-26T04:16:29+00:00
trackb_cont_BMI_20260617,140.899994,,,,,141.5,127.339996,,,,,,-5.0091,pending,,2026-06-26T04:16:29+00:00
trackb_cont_BMI_20260618,,,,,,141.5,127.339996,,,,,,-5.4289,pending,,2026-06-26T04:16:29+00:00
trackb_cont_BMI_20260619,,,,,,141.5,127.339996,,,,,,-5.4289,pending,,2026-06-26T04:16:29+00:00
trackb_cont_BMI_20260622,,,,,,141.5,127.339996,,,,,,-5.4289,pending,,2026-06-26T04:16:29+00:00
trackb_cont_BMI_20260623,,,,,,141.5,127.339996,,,,,,-5.5481,pending,,2026-06-26T04:16:29+00:00
trackb_cont_BMI_20260624,,,,,,141.5,128.479996,,,,,,-4.7026,pending,,2026-06-26T04:16:29+00:00
trackb_cont_BMRN_20260608,55.650002,56.5,,,,58.259998,54.259998,,,,,,-4.4214,pending,,2026-06-26T04:16:44+00:00
trackb_cont_BMRN_20260610,55.02,57.349998,,,,58.259998,54.259998,,,,,,-4.0495,pending,,2026-06-26T04:16:44+00:00
trackb_cont_BMRN_20260611,54.689999,,,,,57.950001,54.259998,,,,,,-3.4004,pending,,2026-06-26T04:16:44+00:00
trackb_cont_BMRN_20260612,55.900002,,,,,57.950001,54.259998,,,,,,-2.3046,pending,,2026-06-26T04:16:44+00:00
trackb_cont_BMRN_20260616,57.330002,,,,,57.950001,54.259998,,,,,,-1.453,pending,,2026-06-26T04:16:44+00:00
trackb_cont_BMRN_20260617,57.349998,,,,,57.950001,54.259998,,,,,,-1.453,pending,,2026-06-26T04:16:44+00:00
trackb_cont_BMRN_20260618,,,,,,57.950001,54.259998,,,,,,-1.453,pending,,2026-06-26T04:16:44+00:00
trackb_cont_BMRN_20260619,,,,,,57.950001,54.959999,,,,,,-0.1816,pending,,2026-06-26T04:16:44+00:00
trackb_cont_BNL_20260611,20.58,,,,,21.5,20.27,,,,,,-3.8425,pending,,2026-06-26T04:17:19+00:00
trackb_cont_BNL_20260615,21.049999,,,,,21.299999,20.27,,,,,,-3.4302,pending,,2026-06-26T04:17:19+00:00
trackb_cont_BNL_20260616,21.09,,,,,21.299999,20.27,,,,,,-2.5715,pending,,2026-06-26T04:17:19+00:00
trackb_cont_BNL_20260617,21.02,,,,,21.299999,20.27,,,,,,-2.5715,pending,,2026-06-26T04:17:19+00:00
trackb_cont_BNL_20260618,,,,,,21.299999,20.400999,,,,,,-1.9418,pending,,2026-06-26T04:17:19+00:00
trackb_cont_BNL_20260619,,,,,,21.299999,20.52,,,,,,-1.3699,pending,,2026-06-26T04:17:19+00:00
trackb_cont_BNL_20260625,,,,,,21.299999,20.764999,,,,,,-1.541,pending,,2026-06-26T04:17:19+00:00
trackb_cont_BNY_20260603,139.75,146.070007,,,,148.5,138.559998,,,,,,-0.9649,pending,,2026-06-26T04:15:52+00:00
trackb_cont_BNY_20260604,142.089996,143.630005,,,,148.5,139.679993,,,,,,-0.1644,pending,,2026-06-26T04:15:52+00:00
trackb_cont_BNY_20260605,143.979996,146.440002,,,,148.5,139.679993,,,,,,-0.1644,pending,,2026-06-26T04:15:52+00:00
trackb_cont_BNY_20260608,142.5,147.289993,,,,148.5,139.679993,,,,,,-0.1644,pending,,2026-06-26T04:15:52+00:00
trackb_cont_BNY_20260610,146.070007,145.429993,,,,148.5,139.679993,,,,,,-1.4812,pending,,2026-06-26T04:15:52+00:00
trackb_cont_BNY_20260611,143.630005,,,,,148.5,140.070007,,,,,,0.229,pending,,2026-06-26T04:15:52+00:00
trackb_cont_BNY_20260615,147.289993,,,,,148.5,142.050003,,,,,,-2.3241,pending,,2026-06-26T04:15:52+00:00
trackb_cont_BNY_20260616,143.559998,,,,,148.5,142.050003,,,,,,-1.5865,pending,,2026-06-26T04:15:52+00:00
trackb_cont_BNY_20260617,145.429993,,,,,148.5,142.679993,,,,,,-1.1501,pending,,2026-06-26T04:15:52+00:00
trackb_cont_BNY_20260618,,,,,,148.5,142.679993,,,,,,-1.1501,pending,,2026-06-26T04:15:52+00:00
trackb_cont_BNY_20260619,,,,,,148.5,143.509995,,,,,,-0.575,pending,,2026-06-26T04:15:52+00:00
trackb_cont_BNY_20260625,,,,,,148.050003,144.369995,,,,,,0.5642,pending,,2026-06-26T04:15:52+00:00
trackb_cont_BOC_20260603,13.68,13.04,,,,13.9,12.825,,,,,,-3.3534,pending,,2026-06-26T04:14:56+00:00
trackb_cont_BOC_20260604,13.37,13.14,,,,13.9,12.825,,,,,,-3.3534,pending,,2026-06-26T04:14:56+00:00
trackb_cont_BOC_20260605,13.61,13.16,,,,13.9,12.825,,,,,,-3.3534,pending,,2026-06-26T04:14:56+00:00
trackb_cont_BOC_20260608,13.7,13.3,,,,13.9,12.825,,,,,,-6.5914,pending,,2026-06-26T04:14:56+00:00
trackb_cont_BOC_20260612,13.16,,,,,13.9,12.825,,,,,,-4.0763,pending,,2026-06-26T04:14:56+00:00
trackb_cont_BOC_20260615,13.3,,,,,13.9,12.825,,,,,,-5.6985,pending,,2026-06-26T04:14:56+00:00
trackb_cont_BOC_20260616,13.22,,,,,13.9,12.825,,,,,,-6.5914,pending,,2026-06-26T04:14:56+00:00
trackb_cont_BOC_20260617,13.04,,,,,13.41,12.825,,,,,,-6.5914,pending,,2026-06-26T04:14:56+00:00
trackb_cont_BOC_20260618,,,,,,13.41,12.91,,,,,,-5.9723,pending,,2026-06-26T04:14:56+00:00
trackb_cont_BOC_20260619,,,,,,13.41,12.96,,,,,,-5.6082,pending,,2026-06-26T04:14:56+00:00
trackb_cont_BOOM_20260622,,,,,,7.12,5.92,,,,,,-15.7895,pending,,2026-06-26T04:18:45+00:00
trackb_cont_BOOM_20260623,,,,,,7.12,5.92,,,,,,-15.7895,pending,,2026-06-26T04:18:45+00:00
trackb_cont_BOOT_20260603,165.190002,165.720001,,,,184.179993,160.869995,,,,,,-4.8979,pending,,2026-06-26T04:15:17+00:00
trackb_cont_BOOT_20260604,174.979996,174.220001,,,,184.179993,160.869995,,,,,,-4.8979,pending,,2026-06-26T04:15:17+00:00
trackb_cont_BOOT_20260605,170.610001,178.460007,,,,184.179993,160.869995,,,,,,-4.8979,pending,,2026-06-26T04:15:17+00:00
trackb_cont_BOOT_20260608,165.880005,173.559998,,,,184.179993,160.869995,,,,,,-4.8979,pending,,2026-06-26T04:15:17+00:00
trackb_cont_BOOT_20260609,162.520004,177.479996,,,,184.179993,161.800003,,,,,,-0.2466,pending,,2026-06-26T04:15:17+00:00
trackb_cont_BOOT_20260610,165.720001,175.149994,,,,184.179993,161.800003,,,,,,-0.2466,pending,,2026-06-26T04:15:17+00:00
trackb_cont_BOOT_20260611,174.220001,,,,,184.179993,161.800003,,,,,,-2.0522,pending,,2026-06-26T04:15:17+00:00
trackb_cont_BOOT_20260616,177.479996,,,,,184.179993,161.800003,,,,,,-3.8921,pending,,2026-06-26T04:15:17+00:00
trackb_cont_BOOT_20260617,175.149994,,,,,184.179993,164.104996,,,,,,-2.523,pending,,2026-06-26T04:15:17+00:00
trackb_cont_BOOT_20260618,,,,,,184.179993,168.264999,,,,,,-0.052,pending,,2026-06-26T04:15:17+00:00
trackb_cont_BOOT_20260619,,,,,,184.179993,172.649994,,,,,,2.5527,pending,,2026-06-26T04:15:17+00:00
trackb_cont_BOOT_20260623,,,,,,182.789993,172.649994,,,,,,-3.2556,pending,,2026-06-26T04:15:17+00:00
trackb_cont_BOOT_20260624,,,,,,182.789993,173.580002,,,,,,-2.7345,pending,,2026-06-26T04:15:17+00:00
trackb_cont_BOOT_20260625,,,,,,178.669998,173.580002,,,,,,-2.7345,pending,,2026-06-26T04:15:17+00:00
trackb_cont_BRC_20260603,77.870003,83.449997,,,,91.0,73.209999,,,,,,-16.4412,pending,,2026-06-26T04:15:26+00:00
trackb_cont_BRC_20260604,81.169998,85.309998,,,,91.0,73.209999,,,,,,-16.4412,pending,,2026-06-26T04:15:26+00:00
trackb_cont_BRC_20260605,82.629997,85.110001,,,,91.0,73.209999,,,,,,-16.4412,pending,,2026-06-26T04:15:26+00:00
trackb_cont_BRC_20260608,84.57,86.669998,,,,90.389999,73.209999,,,,,,-16.4412,pending,,2026-06-26T04:15:26+00:00
trackb_cont_BRC_20260609,84.889999,87.639999,,,,90.389999,75.169998,,,,,,-0.1461,pending,,2026-06-26T04:15:26+00:00
trackb_cont_BRC_20260610,83.449997,89.639999,,,,90.389999,75.169998,,,,,,-0.1461,pending,,2026-06-26T04:15:26+00:00
trackb_cont_BRKR_20260603,54.919998,54.73,,,,64.540001,52.900002,,,,,,-9.3868,pending,,2026-06-26T04:15:08+00:00
trackb_cont_BRKR_20260604,55.18,57.23,,,,64.540001,52.900002,,,,,,-9.3868,pending,,2026-06-26T04:15:08+00:00
trackb_cont_BRKR_20260605,54.23,56.529999,,,,62.400002,52.900002,,,,,,-9.3868,pending,,2026-06-26T04:15:08+00:00
trackb_cont_BRKR_20260608,56.630001,55.110001,,,,62.400002,52.900002,,,,,,-9.3868,pending,,2026-06-26T04:15:08+00:00
trackb_cont_BROS_20260603,60.279999,65.720001,,,,71.720001,54.0,,,,,,-2.869,pending,,2026-06-26T04:15:42+00:00
trackb_cont_BROS_20260604,65.029999,70.720001,,,,71.720001,54.0,,,,,,-2.869,pending,,2026-06-26T04:15:42+00:00
trackb_cont_BROS_20260605,65.889999,67.029999,,,,71.720001,54.0,,,,,,-2.869,pending,,2026-06-26T04:15:42+00:00
trackb_cont_BROS_20260611,70.720001,,,,,71.720001,59.470001,,,,,,-1.3437,pending,,2026-06-26T04:15:42+00:00
trackb_cont_BROS_20260612,67.029999,,,,,71.720001,64.07,,,,,,-1.4762,pending,,2026-06-26T04:15:42+00:00
trackb_cont_BROS_20260616,67.150002,,,,,71.720001,65.040001,,,,,,-3.1855,pending,,2026-06-26T04:15:42+00:00
trackb_cont_BROS_20260617,66.599998,,,,,71.720001,65.040001,,,,,,-3.1855,pending,,2026-06-26T04:15:42+00:00
trackb_cont_BROS_20260618,,,,,,71.720001,65.040001,,,,,,-3.1855,pending,,2026-06-26T04:15:42+00:00
trackb_cont_BROS_20260619,,,,,,71.529999,65.040001,,,,,,-3.1855,pending,,2026-06-26T04:15:42+00:00
trackb_cont_BRX_20260611,30.91,,,,,32.799999,30.790001,,,,,,-3.3584,pending,,2026-06-26T04:17:17+00:00
trackb_cont_BRX_20260612,31.18,,,,,32.799999,30.790001,,,,,,-4.3195,pending,,2026-06-26T04:17:17+00:00
trackb_cont_BRX_20260615,31.77,,,,,32.700001,30.790001,,,,,,-5.3925,pending,,2026-06-26T04:17:17+00:00
trackb_cont_BRX_20260616,31.950001,,,,,32.389999,30.790001,,,,,,-3.9913,pending,,2026-06-26T04:17:17+00:00
trackb_cont_BRX_20260617,32.09,,,,,32.189999,30.790001,,,,,,-3.9913,pending,,2026-06-26T04:17:17+00:00
trackb_cont_BTOC_20260603,0.315,0.328,,,,0.352,0.261,,,,,,-23.8845,pending,,2026-06-26T04:16:13+00:00
trackb_cont_BTOC_20260604,0.315,0.261,,,,0.352,0.261,,,,,,-23.8845,pending,,2026-06-26T04:16:13+00:00
trackb_cont_BTOC_20260605,0.3,0.28,,,,0.352,0.261,,,,,,-23.8845,pending,,2026-06-26T04:16:13+00:00
trackb_cont_BTOC_20260608,0.32,0.288,,,,0.34,0.261,,,,,,-23.8845,pending,,2026-06-26T04:16:13+00:00
trackb_cont_BTSG_20260603,60.59,64.43,,,,69.889999,56.200001,,,,,,-7.1074,pending,,2026-06-26T04:16:11+00:00
trackb_cont_BTSG_20260604,63.080002,66.25,,,,69.889999,56.200001,,,,,,-7.1074,pending,,2026-06-26T04:16:11+00:00
trackb_cont_BTSG_20260605,63.23,67.199997,,,,69.889999,56.200001,,,,,,-7.1074,pending,,2026-06-26T04:16:11+00:00
trackb_cont_BTSG_20260608,64.080002,66.839996,,,,69.889999,58.099998,,,,,,-3.9669,pending,,2026-06-26T04:16:11+00:00
trackb_cont_BTSG_20260611,66.25,,,,,69.889999,61.040001,,,,,,0.7427,pending,,2026-06-26T04:16:11+00:00
trackb_cont_BTSG_20260616,67.610001,,,,,69.889999,63.52,,,,,,-0.2669,pending,,2026-06-26T04:16:11+00:00
trackb_cont_BTSG_20260617,69.699997,,,,,69.889999,63.639999,,,,,,-0.0785,pending,,2026-06-26T04:16:11+00:00
trackb_cont_BTSG_20260618,,,,,,69.889999,64.919998,,,,,,0.7605,pending,,2026-06-26T04:16:11+00:00
trackb_cont_BTSG_20260619,,,,,,69.889999,65.824997,,,,,,2.1651,pending,,2026-06-26T04:16:11+00:00
trackb_cont_BTSG_20260622,,,,,,69.889999,65.824997,,,,,,2.1651,pending,,2026-06-26T04:16:11+00:00
trackb_cont_BURL_20260603,327.01001,330.76001,,,,349.640015,313.799988,,,,,,-4.6056,pending,,2026-06-26T04:16:11+00:00
trackb_cont_BURL_20260604,342.369995,336.950012,,,,349.640015,313.799988,,,,,,-4.6056,pending,,2026-06-26T04:16:11+00:00
trackb_cont_BURL_20260605,338.450012,340.269989,,,,349.640015,313.799988,,,,,,-4.6056,pending,,2026-06-26T04:16:11+00:00
trackb_cont_BURL_20260608,336.600006,332.25,,,,349.640015,313.799988,,,,,,-1.0251,pending,,2026-06-26T04:16:11+00:00
trackb_cont_BURL_20260612,340.269989,,,,,349.640015,321.890015,,,,,,-5.9818,pending,,2026-06-26T04:16:11+00:00
trackb_cont_BURL_20260616,337.790009,,,,,349.640015,321.890015,,,,,,-4.1024,pending,,2026-06-26T04:16:11+00:00
trackb_cont_BURL_20260617,324.480011,,,,,349.640015,321.890015,,,,,,-4.1024,pending,,2026-06-26T04:16:11+00:00
trackb_cont_BURL_20260618,,,,,,349.640015,321.890015,,,,,,-2.6817,pending,,2026-06-26T04:16:11+00:00
trackb_cont_BURL_20260619,,,,,,349.640015,321.890015,,,,,,-2.6817,pending,,2026-06-26T04:16:11+00:00
trackb_cont_BURL_20260622,,,,,,349.640015,321.890015,,,,,,-4.4695,pending,,2026-06-26T04:16:11+00:00
trackb_cont_BURL_20260623,,,,,,346.429993,321.890015,,,,,,-4.4695,pending,,2026-06-26T04:16:11+00:00
trackb_cont_BWA_20260603,71.290001,70.540001,,,,78.82,67.230003,,,,,,-13.3801,pending,,2026-06-26T04:15:13+00:00
trackb_cont_BWA_20260604,74.849998,71.839996,,,,77.07,67.230003,,,,,,-13.3801,pending,,2026-06-26T04:15:13+00:00
trackb_cont_BWA_20260605,74.510002,72.339996,,,,76.5,67.230003,,,,,,-13.3801,pending,,2026-06-26T04:15:13+00:00
trackb_cont_BWA_20260608,73.519997,70.519997,,,,76.5,67.230003,,,,,,-7.4349,pending,,2026-06-26T04:15:13+00:00
trackb_cont_BWA_20260611,71.839996,,,,,76.5,67.230003,,,,,,-5.695,pending,,2026-06-26T04:15:13+00:00
trackb_cont_BWA_20260615,70.519997,,,,,76.5,67.230003,,,,,,-11.4346,pending,,2026-06-26T04:15:13+00:00
trackb_cont_BWA_20260616,68.190002,,,,,74.010002,67.230003,,,,,,-9.1977,pending,,2026-06-26T04:15:13+00:00
trackb_cont_BWA_20260617,69.470001,,,,,73.860001,67.230003,,,,,,-9.1977,pending,,2026-06-26T04:15:13+00:00
trackb_cont_BWA_20260618,,,,,,73.860001,67.230003,,,,,,-9.1977,pending,,2026-06-26T04:15:13+00:00
trackb_cont_BWA_20260619,,,,,,73.860001,67.230003,,,,,,-9.1977,pending,,2026-06-26T04:15:13+00:00
trackb_cont_BWIN_20260625,,,,,,25.110001,23.84,,,,,,-4.1415,pending,,2026-06-26T04:18:57+00:00
trackb_cont_BXC_20260611,57.560001,,,,,63.48,51.669998,,,,,,-1.0722,pending,,2026-06-26T04:17:20+00:00
trackb_cont_BXC_20260616,60.700001,,,,,63.48,53.82,,,,,,-4.32,pending,,2026-06-26T04:17:20+00:00
trackb_cont_BXC_20260617,63.060001,,,,,63.48,53.82,,,,,,-4.32,pending,,2026-06-26T04:17:20+00:00
trackb_cont_BXC_20260618,,,,,,63.48,54.09,,,,,,-3.84,pending,,2026-06-26T04:17:20+00:00
trackb_cont_BXC_20260619,,,,,,63.48,54.09,,,,,,-3.84,pending,,2026-06-26T04:17:20+00:00
trackb_cont_BXC_20260623,,,,,,63.48,54.09,,,,,,-2.5756,pending,,2026-06-26T04:17:20+00:00
trackb_cont_BXC_20260624,,,,,,63.48,55.0,,,,,,-0.9366,pending,,2026-06-26T04:17:20+00:00
trackb_cont_BXC_20260625,,,,,,63.48,60.490002,,,,,,8.9517,pending,,2026-06-26T04:17:20+00:00
trackb_cont_BXP_20260603,65.480003,63.060001,,,,67.440002,60.310001,,,,,,-0.0994,pending,,2026-06-26T04:14:54+00:00
trackb_cont_BXP_20260604,66.230003,64.699997,,,,67.440002,61.200001,,,,,,1.3749,pending,,2026-06-26T04:14:54+00:00
trackb_cont_BXP_20260605,66.279999,64.910004,,,,67.440002,61.400002,,,,,,1.7061,pending,,2026-06-26T04:14:54+00:00
trackb_cont_BXP_20260608,65.980003,64.339996,,,,67.440002,62.23,,,,,,-0.1604,pending,,2026-06-26T04:14:54+00:00
trackb_cont_BXP_20260610,63.060001,65.669998,,,,67.440002,62.959999,,,,,,-2.433,pending,,2026-06-26T04:14:54+00:00
trackb_cont_BXP_20260611,64.699997,,,,,67.269997,62.959999,,,,,,-3.8485,pending,,2026-06-26T04:14:54+00:00
trackb_cont_BXP_20260615,64.339996,,,,,67.199997,62.959999,,,,,,-6.1909,pending,,2026-06-26T04:14:54+00:00
trackb_cont_BXP_20260616,64.139999,,,,,66.910004,62.959999,,,,,,-4.9373,pending,,2026-06-26T04:14:54+00:00
trackb_cont_BXP_20260617,65.669998,,,,,65.889999,62.959999,,,,,,-4.9373,pending,,2026-06-26T04:14:54+00:00
trackb_cont_BXP_20260618,,,,,,65.769997,63.41,,,,,,-4.2579,pending,,2026-06-26T04:14:54+00:00
trackb_cont_BXP_20260619,,,,,,65.769997,63.41,,,,,,-4.2579,pending,,2026-06-26T04:14:54+00:00
trackb_cont_BX_20260616,112.989998,,,,,129.820007,112.059998,,,,,,-10.8229,pending,,2026-06-26T04:18:03+00:00
trackb_cont_BX_20260617,114.18,,,,,129.820007,112.059998,,,,,,-10.8229,pending,,2026-06-26T04:18:03+00:00
trackb_cont_BX_20260618,,,,,,127.199997,112.059998,,,,,,-11.736,pending,,2026-06-26T04:18:03+00:00
trackb_cont_BX_20260619,,,,,,125.470001,112.059998,,,,,,-11.736,pending,,2026-06-26T04:18:03+00:00
trackb_cont_BX_20260622,,,,,,125.470001,112.059998,,,,,,-11.736,pending,,2026-06-26T04:18:03+00:00
trackb_cont_BX_20260623,,,,,,122.389999,112.059998,,,,,,-9.0865,pending,,2026-06-26T04:18:03+00:00
trackb_cont_BX_20260624,,,,,,119.580002,112.059998,,,,,,-9.0865,pending,,2026-06-26T04:18:03+00:00
trackb_cont_BX_20260625,,,,,,117.790001,112.949997,,,,,,-8.3644,pending,,2026-06-26T04:18:03+00:00
trackb_cont_BYD_20260603,86.82,83.879997,,,,90.129997,83.730003,,,,,,-2.3101,pending,,2026-06-26T04:16:19+00:00
trackb_cont_BYD_20260604,86.550003,84.68,,,,90.129997,83.730003,,,,,,-2.3101,pending,,2026-06-26T04:16:19+00:00
trackb_cont_BYD_20260605,87.459999,86.349998,,,,90.129997,83.730003,,,,,,-2.3101,pending,,2026-06-26T04:16:19+00:00
trackb_cont_BYD_20260608,87.669998,86.400002,,,,90.129997,83.730003,,,,,,-4.7115,pending,,2026-06-26T04:16:19+00:00
trackb_cont_BYD_20260615,86.400002,,,,,90.129997,83.730003,,,,,,-4.9818,pending,,2026-06-26T04:16:19+00:00
trackb_cont_BYD_20260616,86.900002,,,,,90.129997,83.730003,,,,,,-3.7973,pending,,2026-06-26T04:16:19+00:00
trackb_cont_BYD_20260617,88.809998,,,,,90.129997,83.730003,,,,,,-3.7973,pending,,2026-06-26T04:16:19+00:00
trackb_cont_BYD_20260618,,,,,,90.129997,84.190002,,,,,,-3.2688,pending,,2026-06-26T04:16:19+00:00
trackb_cont_BYD_20260619,,,,,,90.129997,85.599998,,,,,,-1.6488,pending,,2026-06-26T04:16:19+00:00
trackb_cont_BZH_20260603,26.4,26.860001,,,,28.440001,25.370001,,,,,,-1.6095,pending,,2026-06-26T04:14:50+00:00
trackb_cont_BZH_20260604,27.65,27.049999,,,,28.440001,25.370001,,,,,,-1.6095,pending,,2026-06-26T04:14:50+00:00
trackb_cont_BZH_20260605,27.370001,26.48,,,,28.440001,25.370001,,,,,,-1.6095,pending,,2026-06-26T04:14:50+00:00
trackb_cont_BZH_20260608,26.85,26.549999,,,,28.440001,25.51,,,,,,-1.7334,pending,,2026-06-26T04:14:50+00:00
trackb_cont_BZH_20260616,27.68,,,,,28.440001,26.120001,,,,,,-4.3223,pending,,2026-06-26T04:14:50+00:00
trackb_cont_BZH_20260617,27.51,,,,,28.440001,26.120001,,,,,,-4.3223,pending,,2026-06-26T04:14:50+00:00
trackb_cont_BZH_20260618,,,,,,28.440001,26.120001,,,,,,-4.3223,pending,,2026-06-26T04:14:50+00:00
trackb_cont_BZH_20260619,,,,,,28.440001,26.120001,,,,,,-4.3223,pending,,2026-06-26T04:14:50+00:00
trackb_cont_BZH_20260622,,,,,,28.440001,26.120001,,,,,,-3.4381,pending,,2026-06-26T04:14:50+00:00
trackb_cont_BZH_20260623,,,,,,28.440001,26.120001,,,,,,-1.3595,pending,,2026-06-26T04:14:50+00:00
trackb_cont_BZH_20260624,,,,,,28.440001,26.610001,,,,,,0.4909,pending,,2026-06-26T04:14:50+00:00
trackb_cont_CACC_20260618,,,,,,630.640015,563.02002,,,,,,-0.0533,pending,,2026-06-26T04:18:36+00:00
trackb_cont_CACC_20260619,,,,,,630.640015,568.039978,,,,,,0.8379,pending,,2026-06-26T04:18:36+00:00
trackb_cont_CACC_20260625,,,,,,630.640015,605.190002,,,,,,0.5065,pending,,2026-06-26T04:18:36+00:00
trackb_cont_CACI_20260610,494.940002,443.26001,,,,535.469971,434.700012,,,,,,-16.2654,pending,,2026-06-26T04:16:29+00:00
trackb_cont_CAH_20260612,222.740005,,,,,237.789993,219.470001,,,,,,-0.7642,pending,,2026-06-26T04:16:28+00:00
trackb_cont_CAH_20260616,233.009995,,,,,237.789993,219.470001,,,,,,-2.6611,pending,,2026-06-26T04:16:28+00:00
trackb_cont_CAH_20260617,234.75,,,,,237.789993,219.470001,,,,,,-2.6611,pending,,2026-06-26T04:16:28+00:00
trackb_cont_CAH_20260618,,,,,,237.789993,219.470001,,,,,,-3.0095,pending,,2026-06-26T04:16:28+00:00
trackb_cont_CAH_20260619,,,,,,237.789993,222.279999,,,,,,-1.7677,pending,,2026-06-26T04:16:28+00:00
trackb_cont_CAH_20260622,,,,,,237.789993,222.279999,,,,,,-1.7677,pending,,2026-06-26T04:16:28+00:00
trackb_cont_CAKE_20260603,70.620003,75.519997,,,,79.699997,63.080002,,,,,,-3.2367,pending,,2026-06-26T04:16:05+00:00
trackb_cont_CAKE_20260604,74.980003,77.190002,,,,79.699997,63.080002,,,,,,-3.2367,pending,,2026-06-26T04:16:05+00:00
trackb_cont_CAKE_20260605,75.279999,76.910004,,,,79.699997,64.199997,,,,,,-1.5186,pending,,2026-06-26T04:16:05+00:00
trackb_cont_CAKE_20260608,73.75,77.050003,,,,79.699997,65.43,,,,,,-1.0585,pending,,2026-06-26T04:16:05+00:00
trackb_cont_CAKE_20260610,75.519997,79.050003,,,,79.699997,68.25,,,,,,1.5323,pending,,2026-06-26T04:16:05+00:00
trackb_cont_CAKE_20260612,76.910004,,,,,79.699997,72.709999,,,,,,-3.0275,pending,,2026-06-26T04:16:05+00:00
trackb_cont_CAKE_20260615,77.050003,,,,,79.699997,72.709999,,,,,,-2.3896,pending,,2026-06-26T04:16:05+00:00
trackb_cont_CAKE_20260616,78.169998,,,,,79.699997,72.75,,,,,,-1.3559,pending,,2026-06-26T04:16:05+00:00
trackb_cont_CAKE_20260617,79.050003,,,,,79.699997,72.75,,,,,,-1.3559,pending,,2026-06-26T04:16:05+00:00
trackb_cont_CAKE_20260618,,,,,,79.699997,75.519997,,,,,,2.4,pending,,2026-06-26T04:16:05+00:00
trackb_cont_CAKE_20260619,,,,,,79.699997,75.57,,,,,,2.4678,pending,,2026-06-26T04:16:05+00:00
trackb_cont_CAKE_20260625,,,,,,79.699997,76.610001,,,,,,-1.9956,pending,,2026-06-26T04:16:05+00:00
trackb_cont_CALM_20260612,75.970001,,,,,80.75,74.870003,,,,,,-6.2602,pending,,2026-06-26T04:17:28+00:00
trackb_cont_CALY_20260615,17.92,,,,,18.629999,16.75,,,,,,-4.6453,pending,,2026-06-26T04:17:45+00:00
trackb_cont_CALY_20260616,18.08,,,,,18.629999,16.75,,,,,,-0.4162,pending,,2026-06-26T04:17:45+00:00
trackb_cont_CALY_20260617,18.48,,,,,18.629999,16.790001,,,,,,-0.1784,pending,,2026-06-26T04:17:45+00:00
trackb_cont_CALY_20260618,,,,,,18.629999,17.530001,,,,,,4.2212,pending,,2026-06-26T04:17:45+00:00
trackb_cont_CALY_20260619,,,,,,18.629999,17.530001,,,,,,4.2212,pending,,2026-06-26T04:17:45+00:00
trackb_cont_CALY_20260622,,,,,,18.629999,17.530001,,,,,,-3.787,pending,,2026-06-26T04:17:45+00:00
trackb_cont_CALY_20260623,,,,,,18.629999,17.530001,,,,,,-3.787,pending,,2026-06-26T04:17:45+00:00
trackb_cont_CAL_20260603,13.74,12.49,,,,15.04,12.17,,,,,,-13.8102,pending,,2026-06-26T04:15:34+00:00
trackb_cont_CAL_20260604,14.73,13.14,,,,15.04,12.17,,,,,,-13.8102,pending,,2026-06-26T04:15:34+00:00
trackb_cont_CAL_20260605,14.64,12.67,,,,15.01,12.17,,,,,,-13.8102,pending,,2026-06-26T04:15:34+00:00
trackb_cont_CAL_20260608,14.06,12.27,,,,15.01,12.19,,,,,,-1.4551,pending,,2026-06-26T04:15:34+00:00
trackb_cont_CAL_20260611,13.14,,,,,15.01,12.19,,,,,,-11.2809,pending,,2026-06-26T04:15:34+00:00
trackb_cont_CAL_20260616,12.97,,,,,14.21,12.19,,,,,,-13.7602,pending,,2026-06-26T04:15:34+00:00
trackb_cont_CAL_20260617,12.47,,,,,13.75,12.19,,,,,,-13.7602,pending,,2026-06-26T04:15:34+00:00
trackb_cont_CARR_20260616,74.059998,,,,,76.760002,69.339996,,,,,,-3.9413,pending,,2026-06-26T04:18:02+00:00
trackb_cont_CARR_20260617,76.0,,,,,76.760002,69.339996,,,,,,-3.9413,pending,,2026-06-26T04:18:02+00:00
trackb_cont_CARR_20260618,,,,,,76.760002,70.18,,,,,,-1.8736,pending,,2026-06-26T04:18:02+00:00
trackb_cont_CARR_20260619,,,,,,76.760002,70.18,,,,,,-1.8736,pending,,2026-06-26T04:18:02+00:00
trackb_cont_CARR_20260622,,,,,,76.760002,70.18,,,,,,-2.2699,pending,,2026-06-26T04:18:02+00:00
trackb_cont_CARR_20260623,,,,,,76.760002,70.18,,,,,,-2.3243,pending,,2026-06-26T04:18:02+00:00
trackb_cont_CARR_20260624,,,,,,76.760002,71.599998,,,,,,-0.3479,pending,,2026-06-26T04:18:02+00:00
trackb_cont_CARR_20260625,,,,,,76.760002,74.660004,,,,,,3.9109,pending,,2026-06-26T04:18:02+00:00
trackb_cont_CASY_20260615,831.890015,,,,,900.650024,762.76001,,,,,,-12.7546,pending,,2026-06-26T04:17:51+00:00
trackb_cont_CASY_20260616,801.349976,,,,,887.390015,762.76001,,,,,,-11.1075,pending,,2026-06-26T04:17:51+00:00
trackb_cont_CASY_20260617,784.710022,,,,,865.75,762.76001,,,,,,-11.1075,pending,,2026-06-26T04:17:51+00:00
trackb_cont_CASY_20260618,,,,,,862.380005,762.76001,,,,,,-11.1075,pending,,2026-06-26T04:17:51+00:00
trackb_cont_CASY_20260619,,,,,,845.0,762.76001,,,,,,-11.1075,pending,,2026-06-26T04:17:51+00:00
trackb_cont_CAT_20260603,856.159973,955.919983,,,,1057.069946,854.72998,,,,,,-8.1627,pending,,2026-06-26T04:16:11+00:00
trackb_cont_CAT_20260604,897.630005,985.820007,,,,1057.069946,854.72998,,,,,,-8.1627,pending,,2026-06-26T04:16:11+00:00
trackb_cont_CAT_20260605,910.570007,1022.280029,,,,1057.069946,854.72998,,,,,,-8.1627,pending,,2026-06-26T04:16:11+00:00
trackb_cont_CAT_20260608,933.929993,984.23999,,,,1057.069946,854.72998,,,,,,-8.1627,pending,,2026-06-26T04:16:11+00:00
trackb_cont_CAT_20260622,,,,,,1057.069946,970.049988,,,,,,-1.5997,pending,,2026-06-26T04:16:11+00:00
trackb_cont_CAT_20260623,,,,,,1057.069946,970.049988,,,,,,-5.1092,pending,,2026-06-26T04:16:11+00:00
trackb_cont_CAT_20260624,,,,,,1057.069946,970.049988,,,,,,-5.1092,pending,,2026-06-26T04:16:11+00:00
trackb_cont_CAT_20260625,,,,,,1057.069946,1015.0,,,,,,2.0665,pending,,2026-06-26T04:16:11+00:00
trackb_cont_CAVA_20260616,82.239998,,,,,90.620003,76.779999,,,,,,-14.5465,pending,,2026-06-26T04:18:00+00:00
trackb_cont_CAVA_20260617,83.300003,,,,,90.620003,76.779999,,,,,,-14.5465,pending,,2026-06-26T04:18:00+00:00
trackb_cont_CAVA_20260618,,,,,,90.620003,76.779999,,,,,,-14.5465,pending,,2026-06-26T04:18:00+00:00
trackb_cont_CAVA_20260619,,,,,,88.699997,76.779999,,,,,,-14.5465,pending,,2026-06-26T04:18:00+00:00
trackb_cont_CBRL_20260603,44.490002,43.880001,,,,49.490002,32.360001,,,,,,-2.8812,pending,,2026-06-26T04:16:15+00:00
trackb_cont_CBRL_20260604,45.5,47.34,,,,49.490002,32.360001,,,,,,-2.8812,pending,,2026-06-26T04:16:15+00:00
trackb_cont_CBRL_20260605,46.689999,46.119999,,,,49.490002,32.360001,,,,,,-2.8812,pending,,2026-06-26T04:16:15+00:00
trackb_cont_CBRL_20260608,43.490002,46.459999,,,,49.490002,32.57,,,,,,-2.2509,pending,,2026-06-26T04:16:15+00:00
trackb_cont_CBRL_20260615,46.459999,,,,,49.490002,42.580002,,,,,,-8.607,pending,,2026-06-26T04:16:15+00:00
trackb_cont_CBRL_20260616,48.380001,,,,,49.490002,42.580002,,,,,,-3.6869,pending,,2026-06-26T04:16:15+00:00
trackb_cont_CBRL_20260617,48.32,,,,,49.490002,42.580002,,,,,,-3.6869,pending,,2026-06-26T04:16:15+00:00
trackb_cont_CBRL_20260618,,,,,,49.490002,44.540001,,,,,,0.7464,pending,,2026-06-26T04:16:15+00:00
trackb_cont_CBRL_20260619,,,,,,49.490002,45.439999,,,,,,2.7822,pending,,2026-06-26T04:16:15+00:00
trackb_cont_CBRL_20260622,,,,,,49.490002,45.439999,,,,,,-4.0135,pending,,2026-06-26T04:16:15+00:00
trackb_cont_CBRL_20260623,,,,,,49.490002,45.439999,,,,,,-1.4744,pending,,2026-06-26T04:16:15+00:00
trackb_cont_CBRL_20260624,,,,,,49.490002,46.709999,,,,,,1.2793,pending,,2026-06-26T04:16:15+00:00
trackb_cont_CBRL_20260625,,,,,,49.490002,47.380001,,,,,,2.732,pending,,2026-06-26T04:16:15+00:00
trackb_cont_CBZ_20260603,34.200001,32.830002,,,,35.669998,27.85,,,,,,-12.2005,pending,,2026-06-26T04:15:44+00:00
trackb_cont_CBZ_20260604,33.939999,31.1,,,,35.669998,27.85,,,,,,-12.2005,pending,,2026-06-26T04:15:44+00:00
trackb_cont_CBZ_20260605,35.259998,28.66,,,,35.669998,27.85,,,,,,-12.2005,pending,,2026-06-26T04:15:44+00:00
trackb_cont_CBZ_20260608,33.900002,30.4,,,,35.669998,27.85,,,,,,-17.9192,pending,,2026-06-26T04:15:44+00:00
trackb_cont_CBZ_20260610,32.830002,30.4,,,,35.669998,27.85,,,,,,-17.0637,pending,,2026-06-26T04:15:44+00:00
trackb_cont_CBZ_20260612,28.66,,,,,35.669998,27.85,,,,,,-17.9434,pending,,2026-06-26T04:15:44+00:00
trackb_cont_CBZ_20260616,31.219999,,,,,34.689999,27.85,,,,,,-19.0172,pending,,2026-06-26T04:15:44+00:00
trackb_cont_CBZ_20260617,30.4,,,,,34.41,27.85,,,,,,-19.0172,pending,,2026-06-26T04:15:44+00:00
trackb_cont_CBZ_20260618,,,,,,33.130001,27.85,,,,,,-19.0172,pending,,2026-06-26T04:15:44+00:00
trackb_cont_CBZ_20260619,,,,,,31.82,27.85,,,,,,-19.0172,pending,,2026-06-26T04:15:44+00:00
trackb_cont_CCI_20260612,83.120003,,,,,93.650002,78.269997,,,,,,-14.9609,pending,,2026-06-26T04:17:33+00:00
trackb_cont_CCK_20260618,,,,,,111.830002,100.510002,,,,,,-2.0943,pending,,2026-06-26T04:18:36+00:00
trackb_cont_CCK_20260619,,,,,,111.830002,100.510002,,,,,,-2.0943,pending,,2026-06-26T04:18:36+00:00
trackb_cont_CCK_20260622,,,,,,111.830002,100.510002,,,,,,-2.0943,pending,,2026-06-26T04:18:36+00:00
trackb_cont_CCK_20260623,,,,,,111.830002,102.389999,,,,,,-0.263,pending,,2026-06-26T04:18:36+00:00
trackb_cont_CCL_20260603,25.99,29.91,,,,31.6,25.65,,,,,,-6.3356,pending,,2026-06-26T04:15:38+00:00
trackb_cont_CCL_20260604,28.120001,30.870001,,,,31.6,25.65,,,,,,-6.3356,pending,,2026-06-26T04:15:38+00:00
trackb_cont_CCL_20260605,29.18,30.190001,,,,31.6,25.65,,,,,,-6.3356,pending,,2026-06-26T04:15:38+00:00
trackb_cont_CCL_20260608,30.120001,28.719999,,,,31.6,25.65,,,,,,-6.421,pending,,2026-06-26T04:15:38+00:00
trackb_cont_CCL_20260616,28.91,,,,,31.6,27.0,,,,,,-10.3288,pending,,2026-06-26T04:15:38+00:00
trackb_cont_CCL_20260617,28.459999,,,,,31.6,27.0,,,,,,-10.3288,pending,,2026-06-26T04:15:38+00:00
trackb_cont_CCL_20260618,,,,,,31.299999,27.0,,,,,,-13.2675,pending,,2026-06-26T04:15:38+00:00
trackb_cont_CCL_20260619,,,,,,30.99,27.0,,,,,,-13.2675,pending,,2026-06-26T04:15:38+00:00
trackb_cont_CCL_20260622,,,,,,30.99,27.0,,,,,,-13.2675,pending,,2026-06-26T04:15:38+00:00
trackb_cont_CCL_20260623,,,,,,30.0,27.0,,,,,,-13.2675,pending,,2026-06-26T04:15:38+00:00
trackb_cont_CCO_20260603,2.41,2.4,,,,2.42,2.39,,,,,,-0.6237,pending,,2026-06-26T04:16:11+00:00
trackb_cont_CCO_20260604,2.4,2.41,,,,2.42,2.39,,,,,,-0.6237,pending,,2026-06-26T04:16:11+00:00
trackb_cont_CCO_20260605,2.41,2.41,,,,2.42,2.39,,,,,,-0.6237,pending,,2026-06-26T04:16:11+00:00
trackb_cont_CCO_20260608,2.4,2.4,,,,2.42,2.39,,,,,,-0.4167,pending,,2026-06-26T04:16:11+00:00
trackb_cont_CCO_20260616,2.39,,,,,2.42,2.39,,,,,,-0.2088,pending,,2026-06-26T04:16:11+00:00
trackb_cont_CCO_20260617,2.4,,,,,2.42,2.39,,,,,,-0.2088,pending,,2026-06-26T04:16:11+00:00
trackb_cont_CCO_20260618,,,,,,2.42,2.39,,,,,,-0.2088,pending,,2026-06-26T04:16:11+00:00
trackb_cont_CCO_20260619,,,,,,2.42,2.39,,,,,,-0.2088,pending,,2026-06-26T04:16:11+00:00
trackb_cont_CCS_20260608,60.639999,62.779999,,,,71.279999,55.099998,,,,,,-0.7922,pending,,2026-06-26T04:16:41+00:00
trackb_cont_CCS_20260616,69.209999,,,,,71.279999,59.66,,,,,,-2.1325,pending,,2026-06-26T04:16:41+00:00
trackb_cont_CCS_20260617,69.519997,,,,,71.279999,59.66,,,,,,-2.1325,pending,,2026-06-26T04:16:41+00:00
trackb_cont_CCS_20260618,,,,,,71.279999,60.580002,,,,,,1.1521,pending,,2026-06-26T04:16:41+00:00
trackb_cont_CCS_20260619,,,,,,71.279999,62.07,,,,,,3.64,pending,,2026-06-26T04:16:41+00:00
trackb_cont_CCS_20260622,,,,,,71.279999,62.07,,,,,,-1.8656,pending,,2026-06-26T04:16:41+00:00
trackb_cont_CCS_20260623,,,,,,71.279999,62.07,,,,,,-1.8656,pending,,2026-06-26T04:16:41+00:00
trackb_cont_CCS_20260625,,,,,,71.279999,68.449997,,,,,,-1.0981,pending,,2026-06-26T04:16:41+00:00
trackb_cont_CDNS_20260603,385.130005,389.600006,,,,415.829987,363.730011,,,,,,-9.4208,pending,,2026-06-26T04:14:42+00:00
trackb_cont_CDNS_20260604,383.73999,387.390015,,,,415.829987,363.730011,,,,,,-9.4208,pending,,2026-06-26T04:14:42+00:00
trackb_cont_CDNS_20260605,384.959991,389.040009,,,,407.0,363.730011,,,,,,-9.4208,pending,,2026-06-26T04:14:42+00:00
trackb_cont_CDNS_20260608,394.5,379.059998,,,,406.670013,363.730011,,,,,,-3.3122,pending,,2026-06-26T04:14:42+00:00
trackb_cont_CDP_20260612,33.689999,,,,,35.23,33.139999,,,,,,-3.3819,pending,,2026-06-26T04:17:32+00:00
trackb_cont_CDP_20260616,34.970001,,,,,35.23,33.139999,,,,,,-2.4146,pending,,2026-06-26T04:17:32+00:00
trackb_cont_CDP_20260617,35.18,,,,,35.23,33.139999,,,,,,-2.4146,pending,,2026-06-26T04:17:32+00:00
trackb_cont_CDP_20260625,,,,,,35.23,34.490002,,,,,,-1.3726,pending,,2026-06-26T04:17:32+00:00
trackb_cont_CDW_20260603,129.300003,126.699997,,,,140.770004,123.089996,,,,,,-10.3071,pending,,2026-06-26T04:14:51+00:00
trackb_cont_CDW_20260604,129.130005,128.369995,,,,140.770004,123.089996,,,,,,-10.3071,pending,,2026-06-26T04:14:51+00:00
trackb_cont_CDW_20260605,132.190002,123.57,,,,140.320007,123.089996,,,,,,-10.3071,pending,,2026-06-26T04:14:51+00:00
trackb_cont_CDW_20260608,131.300003,130.059998,,,,137.809998,123.089996,,,,,,-7.479,pending,,2026-06-26T04:14:51+00:00
trackb_cont_CDW_20260616,130.220001,,,,,133.720001,123.089996,,,,,,-8.2787,pending,,2026-06-26T04:14:51+00:00
trackb_cont_CDW_20260617,128.020004,,,,,133.720001,123.089996,,,,,,-8.2787,pending,,2026-06-26T04:14:51+00:00
trackb_cont_CDW_20260618,,,,,,133.720001,123.089996,,,,,,-2.8493,pending,,2026-06-26T04:14:51+00:00
trackb_cont_CDW_20260619,,,,,,133.720001,123.089996,,,,,,-2.8493,pending,,2026-06-26T04:14:51+00:00
trackb_cont_CDZI_20260603,3.9,4.02,,,,4.84,3.61,,,,,,-21.9459,pending,,2026-06-26T04:16:22+00:00
trackb_cont_CDZI_20260604,4.02,4.07,,,,4.66,3.61,,,,,,-21.9459,pending,,2026-06-26T04:16:22+00:00
trackb_cont_CDZI_20260605,3.99,4.0,,,,4.56,3.61,,,,,,-21.9459,pending,,2026-06-26T04:16:22+00:00
trackb_cont_CDZI_20260608,3.86,4.07,,,,4.3,3.61,,,,,,-21.9459,pending,,2026-06-26T04:16:22+00:00
trackb_cont_CECO_20260616,95.400002,,,,,100.0,90.830002,,,,,,-5.5134,pending,,2026-06-26T04:18:11+00:00
trackb_cont_CECO_20260617,95.089996,,,,,100.0,90.830002,,,,,,-5.5134,pending,,2026-06-26T04:18:11+00:00
trackb_cont_CECO_20260622,,,,,,100.0,94.150002,,,,,,-4.3191,pending,,2026-06-26T04:18:11+00:00
trackb_cont_CECO_20260623,,,,,,99.900002,94.150002,,,,,,-5.5383,pending,,2026-06-26T04:18:11+00:00
trackb_cont_CECO_20260624,,,,,,99.900002,94.150002,,,,,,-5.5383,pending,,2026-06-26T04:18:11+00:00
trackb_cont_CECO_20260625,,,,,,99.900002,94.5,,,,,,-5.1871,pending,,2026-06-26T04:18:11+00:00
trackb_cont_CERT_20260618,,,,,,5.94,5.305,,,,,,-7.9792,pending,,2026-06-26T04:17:02+00:00
trackb_cont_CERT_20260619,,,,,,5.79,5.305,,,,,,-7.9792,pending,,2026-06-26T04:17:02+00:00
trackb_cont_CERT_20260622,,,,,,5.79,5.305,,,,,,-7.9792,pending,,2026-06-26T04:17:02+00:00
trackb_cont_CERT_20260623,,,,,,5.7,5.345,,,,,,-7.2853,pending,,2026-06-26T04:17:02+00:00
trackb_cont_CFG_20260611,67.080002,,,,,71.205002,65.050003,,,,,,0.1386,pending,,2026-06-26T04:17:18+00:00
trackb_cont_CFG_20260612,67.989998,,,,,71.205002,66.419998,,,,,,-0.1353,pending,,2026-06-26T04:17:18+00:00
trackb_cont_CFG_20260616,69.459999,,,,,71.205002,66.419998,,,,,,-1.3076,pending,,2026-06-26T04:17:18+00:00
trackb_cont_CFG_20260617,70.660004,,,,,71.205002,66.419998,,,,,,-1.3076,pending,,2026-06-26T04:17:18+00:00
trackb_cont_CFG_20260618,,,,,,71.205002,66.779999,,,,,,-0.7727,pending,,2026-06-26T04:17:18+00:00
trackb_cont_CFG_20260619,,,,,,71.205002,67.157997,,,,,,-0.211,pending,,2026-06-26T04:17:18+00:00
trackb_cont_CFG_20260625,,,,,,71.205002,69.800003,,,,,,0.4895,pending,,2026-06-26T04:17:18+00:00
trackb_cont_CGNX_20260623,,,,,,67.709999,62.759998,,,,,,-7.1598,pending,,2026-06-26T04:18:50+00:00
trackb_cont_CGNX_20260624,,,,,,67.709999,62.759998,,,,,,-7.1598,pending,,2026-06-26T04:18:50+00:00
trackb_cont_CGNX_20260625,,,,,,67.709999,65.010002,,,,,,-3.8314,pending,,2026-06-26T04:18:50+00:00
trackb_cont_CHCT_20260611,17.43,,,,,18.290001,17.275,,,,,,-3.2755,pending,,2026-06-26T04:17:21+00:00
trackb_cont_CHCT_20260612,17.5,,,,,18.15,17.275,,,,,,-3.3296,pending,,2026-06-26T04:17:21+00:00
trackb_cont_CHCT_20260615,17.85,,,,,18.15,17.275,,,,,,-4.1875,pending,,2026-06-26T04:17:21+00:00
trackb_cont_CHCT_20260616,18.030001,,,,,18.15,17.275,,,,,,-2.0692,pending,,2026-06-26T04:17:21+00:00
trackb_cont_CHCT_20260617,17.959999,,,,,18.15,17.275,,,,,,-2.0692,pending,,2026-06-26T04:17:21+00:00
trackb_cont_CHCT_20260618,,,,,,18.15,17.290001,,,,,,-1.9841,pending,,2026-06-26T04:17:21+00:00
trackb_cont_CHCT_20260619,,,,,,18.15,17.440001,,,,,,-1.1338,pending,,2026-06-26T04:17:21+00:00
trackb_cont_CHD_20260609,98.419998,98.669998,,,,100.120003,93.669998,,,,,,-1.7619,pending,,2026-06-26T04:17:00+00:00
trackb_cont_CHD_20260610,97.410004,98.150002,,,,100.120003,93.669998,,,,,,-1.7619,pending,,2026-06-26T04:17:00+00:00
trackb_cont_CHD_20260611,95.629997,,,,,100.120003,93.669998,,,,,,-4.6033,pending,,2026-06-26T04:17:00+00:00
trackb_cont_CHD_20260612,93.739998,,,,,100.120003,93.669998,,,,,,-3.5126,pending,,2026-06-26T04:17:00+00:00
trackb_cont_CHD_20260615,96.480003,,,,,100.120003,93.669998,,,,,,-4.2327,pending,,2026-06-26T04:17:00+00:00
trackb_cont_CHD_20260616,98.669998,,,,,100.120003,93.669998,,,,,,-5.0098,pending,,2026-06-26T04:17:00+00:00
trackb_cont_CHD_20260617,98.150002,,,,,100.0,93.669998,,,,,,-5.0098,pending,,2026-06-26T04:17:00+00:00
trackb_cont_CHEF_20260609,93.139999,95.629997,,,,97.629997,80.760002,,,,,,-0.1731,pending,,2026-06-26T04:16:59+00:00
trackb_cont_CHEF_20260610,92.370003,94.360001,,,,97.629997,82.370003,,,,,,1.8171,pending,,2026-06-26T04:16:59+00:00
trackb_cont_CHEF_20260616,95.629997,,,,,97.629997,89.910004,,,,,,-4.188,pending,,2026-06-26T04:16:59+00:00
trackb_cont_CHEF_20260617,94.360001,,,,,97.629997,89.910004,,,,,,-4.188,pending,,2026-06-26T04:16:59+00:00
trackb_cont_CHEF_20260618,,,,,,97.629997,91.68,,,,,,-2.3018,pending,,2026-06-26T04:16:59+00:00
trackb_cont_CHEF_20260619,,,,,,97.629997,91.980003,,,,,,-1.9821,pending,,2026-06-26T04:16:59+00:00
trackb_cont_CHEF_20260623,,,,,,96.730003,91.980003,,,,,,-1.9298,pending,,2026-06-26T04:16:59+00:00
trackb_cont_CHEF_20260624,,,,,,96.730003,93.82,,,,,,0.032,pending,,2026-06-26T04:16:59+00:00
trackb_cont_CHEF_20260625,,,,,,96.730003,93.82,,,,,,-1.8927,pending,,2026-06-26T04:16:59+00:00
trackb_cont_CHE_20260625,,,,,,457.709991,449.519989,,,,,,0.4986,pending,,2026-06-26T04:18:57+00:00
trackb_cont_CHH_20260623,,,,,,114.349998,110.099998,,,,,,0.2002,pending,,2026-06-26T04:16:48+00:00
trackb_cont_CHH_20260624,,,,,,114.349998,110.690002,,,,,,0.7372,pending,,2026-06-26T04:16:48+00:00
trackb_cont_CHH_20260625,,,,,,113.660004,110.870003,,,,,,0.901,pending,,2026-06-26T04:16:48+00:00
trackb_cont_CHRW_20260603,185.0,185.199997,,,,195.0,175.839996,,,,,,-3.0437,pending,,2026-06-26T04:15:44+00:00
trackb_cont_CHRW_20260604,191.110001,185.039993,,,,195.0,175.839996,,,,,,-3.0437,pending,,2026-06-26T04:15:44+00:00
trackb_cont_CHRW_20260605,193.740005,187.070007,,,,195.0,175.839996,,,,,,-3.0437,pending,,2026-06-26T04:15:44+00:00
trackb_cont_CHRW_20260608,190.25,178.839996,,,,195.0,175.839996,,,,,,-3.0437,pending,,2026-06-26T04:15:44+00:00
trackb_cont_CHRW_20260610,185.199997,180.339996,,,,195.0,175.839996,,,,,,-6.5377,pending,,2026-06-26T04:15:44+00:00
trackb_cont_CHRW_20260611,185.039993,,,,,195.0,175.839996,,,,,,-4.9514,pending,,2026-06-26T04:15:44+00:00
trackb_cont_CHRW_20260616,177.279999,,,,,191.029999,175.839996,,,,,,-7.5499,pending,,2026-06-26T04:15:44+00:00
trackb_cont_CHRW_20260617,180.339996,,,,,190.0,175.839996,,,,,,-7.5499,pending,,2026-06-26T04:15:44+00:00
trackb_cont_CHRW_20260618,,,,,,190.0,175.839996,,,,,,-5.054,pending,,2026-06-26T04:15:44+00:00
trackb_cont_CHRW_20260619,,,,,,190.0,175.839996,,,,,,-5.054,pending,,2026-06-26T04:15:44+00:00
trackb_cont_CHRW_20260622,,,,,,190.0,175.839996,,,,,,-5.054,pending,,2026-06-26T04:15:44+00:00
trackb_cont_CIA_20260603,5.38,5.68,,,,6.0,4.94,,,,,,-4.817,pending,,2026-06-26T04:16:09+00:00
trackb_cont_CIA_20260604,5.5,5.85,,,,6.0,4.94,,,,,,-4.817,pending,,2026-06-26T04:16:09+00:00
trackb_cont_CIA_20260605,5.56,5.88,,,,6.0,5.01,,,,,,-3.4682,pending,,2026-06-26T04:16:09+00:00
trackb_cont_CIA_20260611,5.85,,,,,6.0,5.28,,,,,,-1.8587,pending,,2026-06-26T04:16:09+00:00
trackb_cont_CIA_20260615,5.89,,,,,6.0,5.49,,,,,,-3.5149,pending,,2026-06-26T04:16:09+00:00
trackb_cont_CIEN_20260603,434.649994,436.720001,,,,637.51001,417.339996,,,,,,-33.4593,pending,,2026-06-26T04:14:45+00:00
trackb_cont_CIEN_20260604,445.220001,428.220001,,,,552.390015,417.339996,,,,,,-33.4593,pending,,2026-06-26T04:14:45+00:00
trackb_cont_CIEN_20260605,445.980011,460.329987,,,,525.150024,417.339996,,,,,,-33.4593,pending,,2026-06-26T04:14:45+00:00
trackb_cont_CIFR_20260603,21.02,26.35,,,,30.139999,20.691999,,,,,,-22.6033,pending,,2026-06-26T04:14:50+00:00
trackb_cont_CIFR_20260604,22.629999,29.18,,,,30.139999,20.691999,,,,,,-22.6033,pending,,2026-06-26T04:14:50+00:00
trackb_cont_CIFR_20260605,24.5,28.139999,,,,30.139999,20.691999,,,,,,-22.6033,pending,,2026-06-26T04:14:50+00:00
trackb_cont_CIFR_20260608,26.030001,27.639999,,,,30.139999,20.691999,,,,,,-22.6033,pending,,2026-06-26T04:14:50+00:00
trackb_cont_CIFR_20260623,,,,,,28.959999,24.42,,,,,,-13.2196,pending,,2026-06-26T04:14:50+00:00
trackb_cont_CIFR_20260624,,,,,,28.08,24.42,,,,,,-13.2196,pending,,2026-06-26T04:14:50+00:00
trackb_cont_CIFR_20260625,,,,,,28.08,24.42,,,,,,-6.865,pending,,2026-06-26T04:14:50+00:00
trackb_cont_CINF_20260616,178.449997,,,,,180.960007,169.649994,,,,,,-0.3319,pending,,2026-06-26T04:18:09+00:00
trackb_cont_CINF_20260617,177.729996,,,,,180.960007,169.649994,,,,,,-0.3319,pending,,2026-06-26T04:18:09+00:00
trackb_cont_CINF_20260618,,,,,,180.960007,169.649994,,,,,,-1.0614,pending,,2026-06-26T04:18:09+00:00
trackb_cont_CINF_20260619,,,,,,180.960007,170.559998,,,,,,-0.5307,pending,,2026-06-26T04:18:09+00:00
trackb_cont_CINF_20260622,,,,,,180.960007,170.559998,,,,,,0.2115,pending,,2026-06-26T04:18:09+00:00
trackb_cont_CINF_20260623,,,,,,180.960007,171.619995,,,,,,0.8343,pending,,2026-06-26T04:18:09+00:00
trackb_cont_CI_20260611,279.269989,,,,,299.269989,275.290009,,,,,,-6.9369,pending,,2026-06-26T04:17:15+00:00
trackb_cont_CI_20260615,283.079987,,,,,298.0,275.290009,,,,,,-6.3862,pending,,2026-06-26T04:17:15+00:00
trackb_cont_CI_20260616,279.459991,,,,,295.720001,275.290009,,,,,,-5.9978,pending,,2026-06-26T04:17:15+00:00
trackb_cont_CI_20260617,281.869995,,,,,291.149994,275.290009,,,,,,-5.9978,pending,,2026-06-26T04:17:15+00:00
trackb_cont_CLAR_20260616,3.13,,,,,3.24,2.97,,,,,,-5.7143,pending,,2026-06-26T04:18:08+00:00
trackb_cont_CLAR_20260617,3.13,,,,,3.24,2.97,,,,,,-5.7143,pending,,2026-06-26T04:18:08+00:00
trackb_cont_CLAR_20260618,,,,,,3.24,2.97,,,,,,-4.8077,pending,,2026-06-26T04:18:08+00:00
trackb_cont_CLAR_20260619,,,,,,3.24,2.97,,,,,,-4.8077,pending,,2026-06-26T04:18:08+00:00
trackb_cont_CLAR_20260622,,,,,,3.24,2.97,,,,,,-5.1118,pending,,2026-06-26T04:18:08+00:00
trackb_cont_CLAR_20260623,,,,,,3.24,2.99,,,,,,-4.4728,pending,,2026-06-26T04:18:08+00:00
trackb_cont_CLDT_20260603,12.22,12.8,,,,13.64,10.96,,,,,,-1.704,pending,,2026-06-26T04:14:46+00:00
trackb_cont_CLDT_20260604,12.68,13.36,,,,13.64,11.08,,,,,,-0.6278,pending,,2026-06-26T04:14:46+00:00
trackb_cont_CLDT_20260605,12.86,13.37,,,,13.64,11.41,,,,,,2.3318,pending,,2026-06-26T04:14:46+00:00
trackb_cont_CLDT_20260608,12.73,13.5,,,,13.64,11.45,,,,,,2.6906,pending,,2026-06-26T04:14:46+00:00
trackb_cont_CLDT_20260609,13.04,13.06,,,,13.64,11.59,,,,,,0.5204,pending,,2026-06-26T04:14:46+00:00
trackb_cont_CLDT_20260611,13.36,,,,,13.64,12.24,,,,,,0.1637,pending,,2026-06-26T04:14:46+00:00
trackb_cont_CLDT_20260612,13.37,,,,,13.64,12.54,,,,,,-1.1041,pending,,2026-06-26T04:14:46+00:00
trackb_cont_CLDT_20260616,13.06,,,,,13.64,12.75,,,,,,0.1178,pending,,2026-06-26T04:14:46+00:00
trackb_cont_CLDT_20260617,13.34,,,,,13.64,12.79,,,,,,0.4319,pending,,2026-06-26T04:14:46+00:00
trackb_cont_CLDT_20260618,,,,,,13.64,12.96,,,,,,1.25,pending,,2026-06-26T04:14:46+00:00
trackb_cont_CLDT_20260619,,,,,,13.64,12.97,,,,,,1.3281,pending,,2026-06-26T04:14:46+00:00
trackb_cont_CLDT_20260622,,,,,,13.64,12.97,,,,,,1.3281,pending,,2026-06-26T04:14:46+00:00
trackb_cont_CLF_20260603,12.41,12.68,,,,14.89,10.4,,,,,,-27.1709,pending,,2026-06-26T04:15:03+00:00
trackb_cont_CLF_20260604,13.71,12.28,,,,14.68,10.4,,,,,,-27.1709,pending,,2026-06-26T04:15:03+00:00
trackb_cont_CLF_20260605,13.78,11.89,,,,14.27,10.4,,,,,,-27.1709,pending,,2026-06-26T04:15:03+00:00
trackb_cont_CLF_20260608,13.63,11.16,,,,14.24,10.4,,,,,,-27.1709,pending,,2026-06-26T04:15:03+00:00
trackb_cont_CLF_20260616,10.57,,,,,13.88,10.4,,,,,,-23.7257,pending,,2026-06-26T04:15:03+00:00
trackb_cont_CLF_20260617,10.76,,,,,13.44,10.4,,,,,,-23.7257,pending,,2026-06-26T04:15:03+00:00
trackb_cont_CLMB_20260603,22.959999,22.52,,,,25.120001,20.68,,,,,,-4.1705,pending,,2026-06-26T04:15:30+00:00
trackb_cont_CLMB_20260604,23.200001,22.709999,,,,25.120001,20.68,,,,,,-4.1705,pending,,2026-06-26T04:15:30+00:00
trackb_cont_CLMB_20260605,22.639999,21.35,,,,25.120001,20.68,,,,,,-4.1705,pending,,2026-06-26T04:15:30+00:00
trackb_cont_CLMB_20260608,23.08,22.030001,,,,25.120001,20.68,,,,,,-13.1822,pending,,2026-06-26T04:15:30+00:00
trackb_cont_CLMB_20260609,22.719999,22.139999,,,,25.120001,20.68,,,,,,-12.9996,pending,,2026-06-26T04:15:30+00:00
trackb_cont_CLMT_20260603,34.650002,33.150002,,,,38.75,31.66,,,,,,-16.1436,pending,,2026-06-26T04:15:15+00:00
trackb_cont_CLMT_20260604,34.919998,32.639999,,,,37.73,31.66,,,,,,-16.1436,pending,,2026-06-26T04:15:15+00:00
trackb_cont_CLMT_20260605,34.419998,33.25,,,,37.130001,31.66,,,,,,-16.1436,pending,,2026-06-26T04:15:15+00:00
trackb_cont_CLMT_20260608,33.41,32.830002,,,,36.119999,31.66,,,,,,-16.1436,pending,,2026-06-26T04:15:15+00:00
trackb_cont_CLOV_20260608,4.81,5.06,,,,5.35,3.81,,,,,,-0.5222,pending,,2026-06-26T04:16:45+00:00
trackb_cont_CLOV_20260610,4.8,5.21,,,,5.35,4.5,,,,,,14.7959,pending,,2026-06-26T04:16:45+00:00
trackb_cont_CLOV_20260611,5.0,,,,,5.35,4.5,,,,,,-7.9755,pending,,2026-06-26T04:16:45+00:00
trackb_cont_CLOV_20260612,5.14,,,,,5.35,4.5,,,,,,-8.1633,pending,,2026-06-26T04:16:45+00:00
trackb_cont_CLOV_20260616,5.21,,,,,5.35,4.72,,,,,,-2.3785,pending,,2026-06-26T04:16:45+00:00
trackb_cont_CLOV_20260617,5.21,,,,,5.35,4.72,,,,,,-2.3785,pending,,2026-06-26T04:16:45+00:00
trackb_cont_CLOV_20260618,,,,,,5.35,4.84,,,,,,0.1034,pending,,2026-06-26T04:16:45+00:00
trackb_cont_CLOV_20260619,,,,,,5.35,4.926,,,,,,1.8821,pending,,2026-06-26T04:16:45+00:00
trackb_cont_CLOV_20260622,,,,,,5.35,4.926,,,,,,-1.48,pending,,2026-06-26T04:16:45+00:00
trackb_cont_CLOV_20260623,,,,,,5.35,4.97,,,,,,-0.6,pending,,2026-06-26T04:16:45+00:00
trackb_cont_CLSK_20260603,14.9,16.780001,,,,19.049999,14.061,,,,,,-20.5144,pending,,2026-06-26T04:16:06+00:00
trackb_cont_CLSK_20260604,16.17,17.24,,,,19.049999,14.061,,,,,,-20.5144,pending,,2026-06-26T04:16:06+00:00
trackb_cont_CLSK_20260605,16.48,17.450001,,,,19.049999,14.061,,,,,,-20.5144,pending,,2026-06-26T04:16:06+00:00
trackb_cont_CLSK_20260608,17.139999,17.190001,,,,19.049999,14.77,,,,,,-16.5065,pending,,2026-06-26T04:16:06+00:00
trackb_cont_CL_20260622,,,,,,93.080002,88.660004,,,,,,-0.9164,pending,,2026-06-26T04:18:45+00:00
trackb_cont_CL_20260625,,,,,,92.699997,90.669998,,,,,,-1.3169,pending,,2026-06-26T04:18:45+00:00
trackb_cont_CMCO_20260603,12.12,13.98,,,,15.77,11.99,,,,,,-20.9103,pending,,2026-06-26T04:15:53+00:00
trackb_cont_CMCO_20260604,13.36,14.69,,,,15.7,11.99,,,,,,-20.9103,pending,,2026-06-26T04:15:53+00:00
trackb_cont_CMCO_20260605,13.83,14.55,,,,15.7,11.99,,,,,,-20.9103,pending,,2026-06-26T04:15:53+00:00
trackb_cont_CMCO_20260608,15.03,14.04,,,,15.7,11.99,,,,,,-20.9103,pending,,2026-06-26T04:15:53+00:00
trackb_cont_CMC_20260603,73.57,73.220001,,,,79.910004,70.510002,,,,,,-8.1303,pending,,2026-06-26T04:15:38+00:00
trackb_cont_CMC_20260604,77.75,72.360001,,,,79.910004,70.510002,,,,,,-8.1303,pending,,2026-06-26T04:15:38+00:00
trackb_cont_CMC_20260605,77.760002,73.290001,,,,79.910004,70.510002,,,,,,-8.1303,pending,,2026-06-26T04:15:38+00:00
trackb_cont_CMC_20260608,77.029999,71.139999,,,,79.910004,70.510002,,,,,,-4.909,pending,,2026-06-26T04:15:38+00:00
trackb_cont_CMC_20260615,71.139999,,,,,79.910004,70.510002,,,,,,-11.3361,pending,,2026-06-26T04:15:38+00:00
trackb_cont_CMC_20260616,71.279999,,,,,79.25,70.510002,,,,,,-9.3061,pending,,2026-06-26T04:15:38+00:00
trackb_cont_CMC_20260617,74.089996,,,,,76.699997,70.510002,,,,,,-9.3061,pending,,2026-06-26T04:15:38+00:00
trackb_cont_CMC_20260618,,,,,,74.410004,70.510002,,,,,,-9.3061,pending,,2026-06-26T04:15:38+00:00
trackb_cont_CMC_20260619,,,,,,74.410004,70.510002,,,,,,-9.3061,pending,,2026-06-26T04:15:38+00:00
trackb_cont_CMI_20260622,,,,,,731.539978,685.26001,,,,,,-4.4081,pending,,2026-06-26T04:18:44+00:00
trackb_cont_CMI_20260623,,,,,,728.320007,685.26001,,,,,,-4.4081,pending,,2026-06-26T04:18:44+00:00
trackb_cont_CMP_20260603,28.950001,31.09,,,,33.310001,27.59,,,,,,-16.3432,pending,,2026-06-26T04:15:20+00:00
trackb_cont_CMP_20260604,30.209999,30.58,,,,32.48,27.59,,,,,,-16.3432,pending,,2026-06-26T04:15:20+00:00
trackb_cont_CMP_20260605,31.459999,28.870001,,,,32.48,27.59,,,,,,-16.3432,pending,,2026-06-26T04:15:20+00:00
trackb_cont_CMP_20260608,31.08,28.120001,,,,32.48,27.59,,,,,,-6.8849,pending,,2026-06-26T04:15:20+00:00
trackb_cont_CMS_20260625,,,,,,77.720001,75.559998,,,,,,-1.2158,pending,,2026-06-26T04:18:56+00:00
trackb_cont_CNC_20260603,65.339996,60.639999,,,,66.550003,58.23,,,,,,-0.8514,pending,,2026-06-26T04:15:59+00:00
trackb_cont_CNC_20260604,63.540001,61.02,,,,66.550003,59.900002,,,,,,1.9922,pending,,2026-06-26T04:15:59+00:00
trackb_cont_CNC_20260605,65.190002,63.68,,,,66.550003,59.900002,,,,,,1.9922,pending,,2026-06-26T04:15:59+00:00
trackb_cont_CNC_20260608,63.400002,63.139999,,,,66.550003,59.900002,,,,,,1.9922,pending,,2026-06-26T04:15:59+00:00
trackb_cont_CNC_20260609,61.389999,62.970001,,,,66.550003,59.900002,,,,,,-7.8887,pending,,2026-06-26T04:15:59+00:00
trackb_cont_CNC_20260610,60.639999,64.769997,,,,66.519997,59.900002,,,,,,-7.8887,pending,,2026-06-26T04:15:59+00:00
trackb_cont_CNC_20260615,63.139999,,,,,65.639999,59.900002,,,,,,-4.2978,pending,,2026-06-26T04:15:59+00:00
trackb_cont_CNC_20260616,62.970001,,,,,65.639999,59.900002,,,,,,-6.355,pending,,2026-06-26T04:15:59+00:00
trackb_cont_CNC_20260617,64.769997,,,,,65.639999,59.900002,,,,,,-6.355,pending,,2026-06-26T04:15:59+00:00
trackb_cont_CNK_20260603,33.049999,33.110001,,,,34.73,29.530001,,,,,,-1.4352,pending,,2026-06-26T04:15:26+00:00
trackb_cont_CNK_20260604,34.009998,33.759998,,,,34.73,29.969999,,,,,,0.0334,pending,,2026-06-26T04:15:26+00:00
trackb_cont_CNK_20260605,33.799999,33.610001,,,,34.73,30.860001,,,,,,3.004,pending,,2026-06-26T04:15:26+00:00
trackb_cont_CNK_20260608,32.169998,33.810001,,,,34.73,31.0,,,,,,3.4713,pending,,2026-06-26T04:15:26+00:00
trackb_cont_CNK_20260609,33.02,33.16,,,,34.73,31.639999,,,,,,0.6041,pending,,2026-06-26T04:15:26+00:00
trackb_cont_CNK_20260610,33.110001,32.369999,,,,34.73,31.92,,,,,,1.4944,pending,,2026-06-26T04:15:26+00:00
trackb_cont_CNK_20260612,33.610001,,,,,34.73,32.049999,,,,,,-5.763,pending,,2026-06-26T04:15:26+00:00
trackb_cont_CNK_20260615,33.810001,,,,,34.73,32.049999,,,,,,-2.6428,pending,,2026-06-26T04:15:26+00:00
trackb_cont_CNK_20260616,33.16,,,,,34.73,32.119999,,,,,,-0.3722,pending,,2026-06-26T04:15:26+00:00
trackb_cont_CNK_20260617,32.369999,,,,,34.73,32.32,,,,,,0.2481,pending,,2026-06-26T04:15:26+00:00
trackb_cont_CNK_20260618,,,,,,34.73,32.32,,,,,,0.2481,pending,,2026-06-26T04:15:26+00:00
trackb_cont_CNK_20260619,,,,,,34.73,32.32,,,,,,0.2481,pending,,2026-06-26T04:15:26+00:00
trackb_cont_CNK_20260622,,,,,,34.73,32.32,,,,,,-4.2654,pending,,2026-06-26T04:15:26+00:00
trackb_cont_CNK_20260623,,,,,,34.16,32.32,,,,,,-4.2654,pending,,2026-06-26T04:15:26+00:00
trackb_cont_CNM_20260603,49.439999,46.43,,,,53.82,46.195,,,,,,-9.9161,pending,,2026-06-26T04:15:48+00:00
trackb_cont_CNM_20260604,50.060001,48.580002,,,,53.82,46.195,,,,,,-9.9161,pending,,2026-06-26T04:15:48+00:00
trackb_cont_CNM_20260605,48.330002,47.25,,,,53.82,46.195,,,,,,-9.9161,pending,,2026-06-26T04:15:48+00:00
trackb_cont_CNM_20260608,47.610001,46.450001,,,,53.82,46.195,,,,,,-11.1122,pending,,2026-06-26T04:15:48+00:00
trackb_cont_CNM_20260609,47.77,47.130001,,,,53.82,46.195,,,,,,-11.4699,pending,,2026-06-26T04:15:48+00:00
trackb_cont_CNM_20260611,48.580002,,,,,50.560001,46.195,,,,,,-6.5635,pending,,2026-06-26T04:15:48+00:00
trackb_cont_CNO_20260609,51.049999,52.139999,,,,53.029999,48.290001,,,,,,0.6251,pending,,2026-06-26T04:16:55+00:00
trackb_cont_CNO_20260610,51.23,51.900002,,,,53.029999,48.52,,,,,,1.1044,pending,,2026-06-26T04:16:55+00:00
trackb_cont_CNO_20260611,50.830002,,,,,53.029999,49.75,,,,,,0.2418,pending,,2026-06-26T04:16:55+00:00
trackb_cont_CNO_20260616,52.139999,,,,,53.029999,50.560001,,,,,,-0.0593,pending,,2026-06-26T04:16:55+00:00
trackb_cont_CNO_20260617,51.900002,,,,,53.029999,50.560001,,,,,,-0.0593,pending,,2026-06-26T04:16:55+00:00
trackb_cont_CNO_20260618,,,,,,53.029999,50.59,,,,,,0.0,pending,,2026-06-26T04:16:55+00:00
trackb_cont_CNO_20260619,,,,,,53.029999,51.130001,,,,,,1.0674,pending,,2026-06-26T04:16:55+00:00
trackb_cont_CNO_20260623,,,,,,53.029999,51.349998,,,,,,-0.2138,pending,,2026-06-26T04:16:55+00:00
trackb_cont_CNO_20260624,,,,,,53.029999,51.349998,,,,,,-0.2138,pending,,2026-06-26T04:16:55+00:00
trackb_cont_CNO_20260625,,,,,,53.029999,51.349998,,,,,,-1.5152,pending,,2026-06-26T04:16:55+00:00
trackb_cont_CNP_20260609,43.349998,43.860001,,,,44.490002,41.599998,,,,,,-0.5974,pending,,2026-06-26T04:16:59+00:00
trackb_cont_CNP_20260612,43.119999,,,,,44.490002,41.599998,,,,,,-2.2327,pending,,2026-06-26T04:16:59+00:00
trackb_cont_CNP_20260616,43.860001,,,,,44.490002,41.599998,,,,,,-3.7705,pending,,2026-06-26T04:16:59+00:00
trackb_cont_CNP_20260617,44.220001,,,,,44.490002,41.599998,,,,,,-3.7705,pending,,2026-06-26T04:16:59+00:00
trackb_cont_COCO_20260615,82.739998,,,,,85.830002,78.199997,,,,,,-2.2746,pending,,2026-06-26T04:17:50+00:00
trackb_cont_COCO_20260616,82.790001,,,,,85.830002,80.940002,,,,,,-0.2834,pending,,2026-06-26T04:17:50+00:00
trackb_cont_COCO_20260617,82.550003,,,,,85.830002,80.940002,,,,,,-0.2834,pending,,2026-06-26T04:17:50+00:00
trackb_cont_COCO_20260618,,,,,,85.830002,80.940002,,,,,,-0.2834,pending,,2026-06-26T04:17:50+00:00
trackb_cont_COCO_20260619,,,,,,85.150002,80.940002,,,,,,-0.2834,pending,,2026-06-26T04:17:50+00:00
trackb_cont_COCO_20260622,,,,,,85.150002,80.940002,,,,,,-3.6658,pending,,2026-06-26T04:17:50+00:00
trackb_cont_COCO_20260623,,,,,,84.745003,80.940002,,,,,,-2.3407,pending,,2026-06-26T04:17:50+00:00
trackb_cont_COCO_20260624,,,,,,84.745003,81.792,,,,,,-1.3127,pending,,2026-06-26T04:17:50+00:00
trackb_cont_COCO_20260625,,,,,,84.154999,81.792,,,,,,-1.3127,pending,,2026-06-26T04:17:50+00:00
trackb_cont_COF_20260618,,,,,,210.100006,196.470001,,,,,,-4.0838,pending,,2026-06-26T04:18:33+00:00
trackb_cont_COF_20260619,,,,,,210.100006,196.470001,,,,,,-4.0838,pending,,2026-06-26T04:18:33+00:00
trackb_cont_COF_20260622,,,,,,210.100006,196.470001,,,,,,-4.0838,pending,,2026-06-26T04:18:33+00:00
trackb_cont_COF_20260623,,,,,,210.100006,196.470001,,,,,,-4.0838,pending,,2026-06-26T04:18:33+00:00
trackb_cont_COF_20260625,,,,,,210.100006,201.679993,,,,,,0.5986,pending,,2026-06-26T04:18:33+00:00
trackb_cont_COHR_20260603,354.769989,378.850006,,,,440.0,335.480011,,,,,,-19.6773,pending,,2026-06-26T04:15:00+00:00
trackb_cont_COHR_20260604,363.579987,389.570007,,,,439.679993,335.480011,,,,,,-19.6773,pending,,2026-06-26T04:15:00+00:00
trackb_cont_COHR_20260605,385.029999,425.480011,,,,439.679993,335.480011,,,,,,-19.6773,pending,,2026-06-26T04:15:00+00:00
trackb_cont_COHR_20260608,413.839996,381.220001,,,,439.679993,335.480011,,,,,,-19.6773,pending,,2026-06-26T04:15:00+00:00
trackb_cont_COHU_20260603,54.470001,65.449997,,,,70.919998,49.380001,,,,,,-12.6018,pending,,2026-06-26T04:14:59+00:00
trackb_cont_COHU_20260604,58.57,69.400002,,,,70.919998,49.380001,,,,,,-12.6018,pending,,2026-06-26T04:14:59+00:00
trackb_cont_COHU_20260605,61.330002,70.07,,,,70.919998,49.380001,,,,,,-12.6018,pending,,2026-06-26T04:14:59+00:00
trackb_cont_COHU_20260608,64.050003,64.370003,,,,70.919998,51.110001,,,,,,-9.5398,pending,,2026-06-26T04:14:59+00:00
trackb_cont_COHU_20260616,63.66,,,,,70.919998,62.049999,,,,,,-3.0014,pending,,2026-06-26T04:14:59+00:00
trackb_cont_COHU_20260617,67.360001,,,,,70.919998,62.049999,,,,,,-3.0014,pending,,2026-06-26T04:14:59+00:00
trackb_cont_COHU_20260618,,,,,,70.919998,62.049999,,,,,,-3.0014,pending,,2026-06-26T04:14:59+00:00
trackb_cont_COHU_20260619,,,,,,70.919998,62.049999,,,,,,-3.0014,pending,,2026-06-26T04:14:59+00:00
trackb_cont_COHU_20260623,,,,,,68.589996,62.049999,,,,,,-11.4457,pending,,2026-06-26T04:14:59+00:00
trackb_cont_COHU_20260624,,,,,,68.589996,62.049999,,,,,,-11.4457,pending,,2026-06-26T04:14:59+00:00
trackb_cont_COHU_20260625,,,,,,68.589996,63.740002,,,,,,-9.0338,pending,,2026-06-26T04:14:59+00:00
trackb_cont_COKE_20260615,183.009995,,,,,188.919998,172.929993,,,,,,-7.5389,pending,,2026-06-26T04:16:53+00:00
trackb_cont_COKE_20260616,177.539993,,,,,188.919998,172.929993,,,,,,-5.8474,pending,,2026-06-26T04:16:53+00:00
trackb_cont_COKE_20260617,179.229996,,,,,186.889999,172.929993,,,,,,-5.8474,pending,,2026-06-26T04:16:53+00:00
trackb_cont_COKE_20260618,,,,,,186.889999,172.929993,,,,,,-5.8321,pending,,2026-06-26T04:16:53+00:00
trackb_cont_COKE_20260619,,,,,,186.889999,172.929993,,,,,,-5.8321,pending,,2026-06-26T04:16:53+00:00
trackb_cont_COLB_20260609,30.879999,31.530001,,,,32.25,29.77,,,,,,0.3032,pending,,2026-06-26T04:17:00+00:00
trackb_cont_COLB_20260610,30.049999,32.07,,,,32.25,29.77,,,,,,0.3032,pending,,2026-06-26T04:17:00+00:00
trackb_cont_COLB_20260611,30.549999,,,,,32.25,29.77,,,,,,-1.814,pending,,2026-06-26T04:17:00+00:00
trackb_cont_COLB_20260616,31.530001,,,,,32.25,29.77,,,,,,-4.4915,pending,,2026-06-26T04:17:00+00:00
trackb_cont_COLB_20260617,32.07,,,,,32.25,29.77,,,,,,-4.4915,pending,,2026-06-26T04:17:00+00:00
trackb_cont_COLB_20260618,,,,,,32.25,30.129999,,,,,,-3.3365,pending,,2026-06-26T04:17:00+00:00
trackb_cont_COLB_20260619,,,,,,32.25,30.559999,,,,,,-1.957,pending,,2026-06-26T04:17:00+00:00
trackb_cont_COLD_20260603,14.36,14.15,,,,15.225,13.9,,,,,,-5.7946,pending,,2026-06-26T04:16:08+00:00
trackb_cont_COLD_20260604,14.67,14.07,,,,15.225,13.9,,,,,,-5.7946,pending,,2026-06-26T04:16:08+00:00
trackb_cont_COLD_20260605,14.46,13.97,,,,15.225,13.9,,,,,,-5.7946,pending,,2026-06-26T04:16:08+00:00
trackb_cont_COLL_20260616,35.580002,,,,,36.18,31.691,,,,,,-7.2278,pending,,2026-06-26T04:18:12+00:00
trackb_cont_COLL_20260617,34.84,,,,,36.18,31.691,,,,,,-7.2278,pending,,2026-06-26T04:18:12+00:00
trackb_cont_COLL_20260618,,,,,,36.18,32.900002,,,,,,-2.3159,pending,,2026-06-26T04:18:12+00:00
trackb_cont_COLL_20260619,,,,,,36.18,32.900002,,,,,,-2.3159,pending,,2026-06-26T04:18:12+00:00
trackb_cont_COLL_20260622,,,,,,36.18,32.900002,,,,,,-2.3159,pending,,2026-06-26T04:18:12+00:00
trackb_cont_COLM_20260603,64.470001,63.98,,,,69.059998,62.639999,,,,,,-4.672,pending,,2026-06-26T04:15:37+00:00
trackb_cont_COLM_20260604,66.559998,66.459999,,,,69.059998,62.639999,,,,,,-4.672,pending,,2026-06-26T04:15:37+00:00
trackb_cont_COLM_20260605,66.989998,64.779999,,,,69.059998,62.639999,,,,,,-4.672,pending,,2026-06-26T04:15:37+00:00
trackb_cont_COLM_20260616,64.510002,,,,,67.370003,62.639999,,,,,,-7.6038,pending,,2026-06-26T04:15:37+00:00
trackb_cont_COLM_20260617,63.860001,,,,,67.190002,62.639999,,,,,,-7.6038,pending,,2026-06-26T04:15:37+00:00
trackb_cont_COLM_20260618,,,,,,67.190002,62.639999,,,,,,-7.6038,pending,,2026-06-26T04:15:37+00:00
trackb_cont_COLM_20260619,,,,,,67.040001,62.639999,,,,,,-7.6038,pending,,2026-06-26T04:15:37+00:00
trackb_cont_COMP_20260615,9.89,,,,,11.26,8.89,,,,,,-2.1572,pending,,2026-06-26T04:17:53+00:00
trackb_cont_COMP_20260616,10.65,,,,,11.26,9.06,,,,,,-0.1653,pending,,2026-06-26T04:17:53+00:00
trackb_cont_COMP_20260617,11.05,,,,,11.26,9.335,,,,,,2.865,pending,,2026-06-26T04:17:53+00:00
trackb_cont_COMP_20260618,,,,,,11.26,9.57,,,,,,5.4545,pending,,2026-06-26T04:17:53+00:00
trackb_cont_COMP_20260619,,,,,,11.26,9.57,,,,,,5.4545,pending,,2026-06-26T04:17:53+00:00
trackb_cont_COMP_20260622,,,,,,11.26,9.57,,,,,,-4.3956,pending,,2026-06-26T04:17:53+00:00
trackb_cont_COMP_20260623,,,,,,11.26,9.57,,,,,,-2.1472,pending,,2026-06-26T04:17:53+00:00
trackb_cont_COMP_20260624,,,,,,11.26,9.94,,,,,,1.636,pending,,2026-06-26T04:17:53+00:00
trackb_cont_COMP_20260625,,,,,,11.26,10.63,,,,,,8.6912,pending,,2026-06-26T04:17:53+00:00
trackb_cont_COO_20260610,65.050003,70.639999,,,,71.32,64.940002,,,,,,-2.7699,pending,,2026-06-26T04:16:38+00:00
trackb_cont_COO_20260612,65.419998,,,,,71.32,64.940002,,,,,,-3.8068,pending,,2026-06-26T04:16:38+00:00
trackb_cont_COO_20260615,66.150002,,,,,71.32,64.940002,,,,,,-4.7801,pending,,2026-06-26T04:16:38+00:00
trackb_cont_COO_20260616,68.830002,,,,,71.32,64.940002,,,,,,-4.1759,pending,,2026-06-26T04:16:38+00:00
trackb_cont_COO_20260617,70.639999,,,,,71.32,64.940002,,,,,,-4.1759,pending,,2026-06-26T04:16:38+00:00
trackb_cont_COO_20260618,,,,,,71.32,64.970001,,,,,,-0.123,pending,,2026-06-26T04:16:38+00:00
trackb_cont_COO_20260619,,,,,,71.32,64.989998,,,,,,-0.0922,pending,,2026-06-26T04:16:38+00:00
trackb_cont_COO_20260625,,,,,,71.32,69.32,,,,,,0.7119,pending,,2026-06-26T04:16:38+00:00
trackb_cont_CORZ_20260603,25.690001,28.379999,,,,30.43,25.18,,,,,,-13.8261,pending,,2026-06-26T04:15:35+00:00
trackb_cont_CORZ_20260604,27.219999,29.16,,,,30.43,25.18,,,,,,-13.8261,pending,,2026-06-26T04:15:35+00:00
trackb_cont_CORZ_20260605,27.6,29.08,,,,30.43,25.18,,,,,,-13.8261,pending,,2026-06-26T04:15:35+00:00
trackb_cont_CORZ_20260608,28.219999,29.16,,,,30.43,25.24,,,,,,-2.3598,pending,,2026-06-26T04:15:35+00:00
trackb_cont_CPB_20260603,22.879999,21.110001,,,,23.24,20.379999,,,,,,-5.5607,pending,,2026-06-26T04:16:12+00:00
trackb_cont_CPB_20260604,22.73,21.15,,,,23.24,20.379999,,,,,,-5.5607,pending,,2026-06-26T04:16:12+00:00
trackb_cont_CPB_20260605,22.809999,20.4,,,,23.24,20.379999,,,,,,-5.5607,pending,,2026-06-26T04:16:12+00:00
trackb_cont_CPB_20260608,22.309999,21.209999,,,,23.24,20.379999,,,,,,-5.5607,pending,,2026-06-26T04:16:12+00:00
trackb_cont_CPB_20260616,22.24,,,,,22.790001,20.379999,,,,,,-9.4826,pending,,2026-06-26T04:16:12+00:00
trackb_cont_CPB_20260617,22.35,,,,,22.790001,20.379999,,,,,,-9.4826,pending,,2026-06-26T04:16:12+00:00
trackb_cont_CPNG_20260618,,,,,,18.799999,16.9,,,,,,-10.0346,pending,,2026-06-26T04:17:36+00:00
trackb_cont_CPNG_20260619,,,,,,18.219999,16.9,,,,,,-10.0346,pending,,2026-06-26T04:17:36+00:00
trackb_cont_CPNG_20260622,,,,,,18.219999,16.9,,,,,,-6.1111,pending,,2026-06-26T04:17:36+00:00
trackb_cont_CPT_20260609,112.360001,111.260002,,,,116.589996,107.970001,,,,,,-4.426,pending,,2026-06-26T04:16:56+00:00
trackb_cont_CPT_20260610,109.349998,113.589996,,,,116.589996,107.970001,,,,,,-4.426,pending,,2026-06-26T04:16:56+00:00
trackb_cont_CPT_20260612,108.980003,,,,,116.160004,107.970001,,,,,,-5.6536,pending,,2026-06-26T04:16:56+00:00
trackb_cont_CPT_20260615,110.5,,,,,115.480003,107.970001,,,,,,-5.9085,pending,,2026-06-26T04:16:56+00:00
trackb_cont_CPT_20260616,111.260002,,,,,114.389999,107.970001,,,,,,-5.3974,pending,,2026-06-26T04:16:56+00:00
trackb_cont_CPT_20260617,113.589996,,,,,113.830002,107.970001,,,,,,-5.3974,pending,,2026-06-26T04:16:56+00:00
trackb_cont_CRBG_20260611,29.18,,,,,29.98,27.01,,,,,,-0.6255,pending,,2026-06-26T04:17:21+00:00
trackb_cont_CRBG_20260615,28.91,,,,,29.98,27.674999,,,,,,-5.53,pending,,2026-06-26T04:17:21+00:00
trackb_cont_CRBG_20260616,27.98,,,,,29.98,27.674999,,,,,,-6.0431,pending,,2026-06-26T04:17:21+00:00
trackb_cont_CRBG_20260617,28.139999,,,,,29.98,27.674999,,,,,,-6.0431,pending,,2026-06-26T04:17:21+00:00
trackb_cont_CRBG_20260618,,,,,,29.85,27.674999,,,,,,-6.0431,pending,,2026-06-26T04:17:21+00:00
trackb_cont_CRBG_20260619,,,,,,29.540001,27.674999,,,,,,-6.0431,pending,,2026-06-26T04:17:21+00:00
trackb_cont_CRBG_20260622,,,,,,29.540001,27.674999,,,,,,-5.1576,pending,,2026-06-26T04:17:21+00:00
trackb_cont_CRBG_20260623,,,,,,29.110001,27.674999,,,,,,-4.8642,pending,,2026-06-26T04:17:21+00:00
trackb_cont_CRBG_20260624,,,,,,29.110001,27.674999,,,,,,-4.8642,pending,,2026-06-26T04:17:21+00:00
trackb_cont_CRBG_20260625,,,,,,28.860001,27.780001,,,,,,-4.5033,pending,,2026-06-26T04:17:21+00:00
trackb_cont_CRH_20260618,,,,,,116.900002,106.220001,,,,,,-2.9156,pending,,2026-06-26T04:17:58+00:00
trackb_cont_CRH_20260619,,,,,,116.900002,106.220001,,,,,,-2.9156,pending,,2026-06-26T04:17:58+00:00
trackb_cont_CRH_20260622,,,,,,116.900002,106.220001,,,,,,-2.9156,pending,,2026-06-26T04:17:58+00:00
trackb_cont_CRH_20260623,,,,,,116.900002,108.970001,,,,,,-2.0494,pending,,2026-06-26T04:17:58+00:00
trackb_cont_CRH_20260624,,,,,,116.900002,110.080002,,,,,,-1.0517,pending,,2026-06-26T04:17:58+00:00
trackb_cont_CRH_20260625,,,,,,116.900002,112.809998,,,,,,1.4022,pending,,2026-06-26T04:17:58+00:00
trackb_cont_CRI_20260603,39.330002,41.32,,,,44.279999,36.900002,,,,,,-5.9153,pending,,2026-06-26T04:15:41+00:00
trackb_cont_CRI_20260604,41.580002,42.540001,,,,44.279999,36.900002,,,,,,-5.9153,pending,,2026-06-26T04:15:41+00:00
trackb_cont_CRI_20260605,42.790001,41.57,,,,44.279999,37.369999,,,,,,-4.717,pending,,2026-06-26T04:15:41+00:00
trackb_cont_CRI_20260608,41.799999,42.75,,,,44.279999,38.220001,,,,,,-2.5497,pending,,2026-06-26T04:15:41+00:00
trackb_cont_CRI_20260615,42.75,,,,,44.279999,40.669998,,,,,,-5.0498,pending,,2026-06-26T04:15:41+00:00
trackb_cont_CRI_20260616,43.330002,,,,,44.279999,40.669998,,,,,,-3.8762,pending,,2026-06-26T04:15:41+00:00
trackb_cont_CRI_20260617,43.09,,,,,44.279999,40.669998,,,,,,-3.8762,pending,,2026-06-26T04:15:41+00:00
trackb_cont_CRI_20260618,,,,,,44.279999,40.669998,,,,,,-1.5731,pending,,2026-06-26T04:15:41+00:00
trackb_cont_CRI_20260619,,,,,,44.279999,40.669998,,,,,,-1.5731,pending,,2026-06-26T04:15:41+00:00
trackb_cont_CRI_20260622,,,,,,44.279999,40.669998,,,,,,-1.5731,pending,,2026-06-26T04:15:41+00:00
trackb_cont_CRL_20260608,188.470001,186.600006,,,,213.899994,178.919998,,,,,,-1.3345,pending,,2026-06-26T04:16:46+00:00
trackb_cont_CRL_20260616,202.100006,,,,,213.899994,178.919998,,,,,,-5.9553,pending,,2026-06-26T04:16:46+00:00
trackb_cont_CRL_20260617,212.710007,,,,,213.899994,178.919998,,,,,,-5.9553,pending,,2026-06-26T04:16:46+00:00
trackb_cont_CRL_20260618,,,,,,213.899994,178.919998,,,,,,-1.8756,pending,,2026-06-26T04:16:46+00:00
trackb_cont_CRL_20260619,,,,,,213.899994,178.919998,,,,,,-1.8756,pending,,2026-06-26T04:16:46+00:00
trackb_cont_CRL_20260622,,,,,,213.899994,178.919998,,,,,,-1.8756,pending,,2026-06-26T04:16:46+00:00
trackb_cont_CRM_20260603,170.919998,155.020004,,,,198.089996,146.320007,,,,,,-23.4187,pending,,2026-06-26T04:16:03+00:00
trackb_cont_CRM_20260604,166.449997,151.779999,,,,198.089996,146.320007,,,,,,-23.4187,pending,,2026-06-26T04:16:03+00:00
trackb_cont_CRM_20260605,165.889999,150.119995,,,,192.509995,146.320007,,,,,,-23.4187,pending,,2026-06-26T04:16:03+00:00
trackb_cont_CRM_20260608,164.550003,153.419998,,,,185.020004,146.320007,,,,,,-23.4187,pending,,2026-06-26T04:16:03+00:00
trackb_cont_CROX_20260603,121.940002,124.529999,,,,129.789993,115.699997,,,,,,-2.593,pending,,2026-06-26T04:15:43+00:00
trackb_cont_CROX_20260604,125.870003,125.050003,,,,129.789993,116.550003,,,,,,-1.8774,pending,,2026-06-26T04:15:43+00:00
trackb_cont_CROX_20260605,124.709999,123.800003,,,,129.789993,116.550003,,,,,,-1.8774,pending,,2026-06-26T04:15:43+00:00
trackb_cont_CROX_20260608,126.269997,121.139999,,,,129.789993,117.489998,,,,,,-1.5584,pending,,2026-06-26T04:15:43+00:00
trackb_cont_CROX_20260612,123.800003,,,,,129.789993,117.489998,,,,,,-6.6577,pending,,2026-06-26T04:15:43+00:00
trackb_cont_CROX_20260616,121.400002,,,,,129.789993,117.489998,,,,,,-9.0331,pending,,2026-06-26T04:15:43+00:00
trackb_cont_CROX_20260617,118.879997,,,,,129.789993,117.489998,,,,,,-9.0331,pending,,2026-06-26T04:15:43+00:00
trackb_cont_CROX_20260618,,,,,,127.889999,117.489998,,,,,,-5.6533,pending,,2026-06-26T04:15:43+00:00
trackb_cont_CROX_20260619,,,,,,127.82,117.489998,,,,,,-5.6533,pending,,2026-06-26T04:15:43+00:00
trackb_cont_CROX_20260622,,,,,,127.82,117.489998,,,,,,-5.6533,pending,,2026-06-26T04:15:43+00:00
trackb_cont_CROX_20260623,,,,,,122.540001,117.489998,,,,,,-5.0969,pending,,2026-06-26T04:15:43+00:00
trackb_cont_CROX_20260624,,,,,,122.540001,117.489998,,,,,,-5.0969,pending,,2026-06-26T04:15:43+00:00
trackb_cont_CROX_20260625,,,,,,122.5,117.489998,,,,,,-5.0969,pending,,2026-06-26T04:15:43+00:00
trackb_cont_CRSR_20260603,8.63,8.48,,,,11.29,8.05,,,,,,-24.6607,pending,,2026-06-26T04:16:08+00:00
trackb_cont_CRSR_20260604,8.95,8.95,,,,10.28,8.05,,,,,,-24.6607,pending,,2026-06-26T04:16:08+00:00
trackb_cont_CRSR_20260605,8.43,9.24,,,,9.69,8.05,,,,,,-24.6607,pending,,2026-06-26T04:16:08+00:00
trackb_cont_CRS_20260603,523.049988,575.469971,,,,605.109985,477.829987,,,,,,-1.7437,pending,,2026-06-26T04:15:10+00:00
trackb_cont_CRS_20260604,562.450012,586.469971,,,,605.109985,477.829987,,,,,,-1.7437,pending,,2026-06-26T04:15:10+00:00
trackb_cont_CRS_20260605,561.48999,587.77002,,,,605.109985,480.700012,,,,,,-1.1536,pending,,2026-06-26T04:15:10+00:00
trackb_cont_CRS_20260608,563.599976,578.119995,,,,605.109985,483.869995,,,,,,0.0558,pending,,2026-06-26T04:15:10+00:00
trackb_cont_CRS_20260610,575.469971,599.23999,,,,605.109985,515.169983,,,,,,3.2219,pending,,2026-06-26T04:15:10+00:00
trackb_cont_CRS_20260612,587.77002,,,,,605.109985,553.809998,,,,,,-1.5361,pending,,2026-06-26T04:15:10+00:00
trackb_cont_CRS_20260615,578.119995,,,,,605.109985,553.809998,,,,,,-2.036,pending,,2026-06-26T04:15:10+00:00
trackb_cont_CRS_20260616,580.950012,,,,,605.109985,556.109985,,,,,,-1.143,pending,,2026-06-26T04:15:10+00:00
trackb_cont_CRS_20260617,599.23999,,,,,605.109985,561.530029,,,,,,-0.1795,pending,,2026-06-26T04:15:10+00:00
trackb_cont_CRS_20260618,,,,,,605.109985,564.789978,,,,,,0.4,pending,,2026-06-26T04:15:10+00:00
trackb_cont_CRS_20260619,,,,,,605.109985,564.789978,,,,,,0.4,pending,,2026-06-26T04:15:10+00:00
trackb_cont_CRS_20260625,,,,,,605.109985,583.299988,,,,,,0.4045,pending,,2026-06-26T04:15:10+00:00
trackb_cont_CRWD_20260603,647.73999,682.960022,,,,767.0,617.73999,,,,,,-17.822,pending,,2026-06-26T04:14:58+00:00
trackb_cont_CRWD_20260604,691.530029,684.859985,,,,720.960022,617.73999,,,,,,-17.822,pending,,2026-06-26T04:14:58+00:00
trackb_cont_CRWD_20260605,682.799988,675.440002,,,,712.179993,617.73999,,,,,,-17.822,pending,,2026-06-26T04:14:58+00:00
trackb_cont_CRWD_20260608,692.909973,680.919983,,,,712.179993,617.73999,,,,,,-17.822,pending,,2026-06-26T04:14:58+00:00
trackb_cont_CSCO_20260603,118.800003,117.330002,,,,130.369995,116.5,,,,,,-8.9346,pending,,2026-06-26T04:14:40+00:00
trackb_cont_CSCO_20260604,121.830002,119.540001,,,,130.369995,116.5,,,,,,-8.9346,pending,,2026-06-26T04:14:41+00:00
trackb_cont_CSCO_20260605,121.099998,121.529999,,,,128.839996,116.5,,,,,,-8.9346,pending,,2026-06-26T04:14:41+00:00
trackb_cont_CSCO_20260608,120.169998,121.150002,,,,126.440002,116.5,,,,,,-4.2256,pending,,2026-06-26T04:14:41+00:00
trackb_cont_CSX_20260610,45.57,47.439999,,,,48.029999,45.150002,,,,,,-4.1605,pending,,2026-06-26T04:17:06+00:00
trackb_cont_CSX_20260611,45.630001,,,,,48.029999,45.150002,,,,,,-2.7149,pending,,2026-06-26T04:17:06+00:00
trackb_cont_CSX_20260616,46.060001,,,,,47.830002,45.150002,,,,,,-4.9173,pending,,2026-06-26T04:17:06+00:00
trackb_cont_CSX_20260617,47.439999,,,,,47.59,45.150002,,,,,,-4.9173,pending,,2026-06-26T04:17:06+00:00
trackb_cont_CSX_20260618,,,,,,47.59,45.43,,,,,,-4.3277,pending,,2026-06-26T04:17:06+00:00
trackb_cont_CSX_20260619,,,,,,47.59,45.509998,,,,,,-4.1592,pending,,2026-06-26T04:17:06+00:00
trackb_cont_CTAS_20260603,180.399994,169.639999,,,,184.479996,167.860001,,,,,,-3.2786,pending,,2026-06-26T04:15:46+00:00
trackb_cont_CTAS_20260604,181.880005,170.850006,,,,184.479996,167.860001,,,,,,-3.2786,pending,,2026-06-26T04:15:46+00:00
trackb_cont_CTAS_20260605,176.279999,169.449997,,,,184.479996,167.860001,,,,,,-3.2786,pending,,2026-06-26T04:15:46+00:00
trackb_cont_CTAS_20260608,174.740005,168.800003,,,,184.479996,167.860001,,,,,,-6.6667,pending,,2026-06-26T04:15:46+00:00
trackb_cont_CTAS_20260609,176.710007,170.929993,,,,184.479996,167.860001,,,,,,-3.3343,pending,,2026-06-26T04:15:46+00:00
trackb_cont_CTOS_20260611,11.27,,,,,12.23,10.26,,,,,,-0.0974,pending,,2026-06-26T04:17:19+00:00
trackb_cont_CTOS_20260615,11.25,,,,,12.23,10.36,,,,,,-4.7794,pending,,2026-06-26T04:17:19+00:00
trackb_cont_CTOS_20260616,11.4,,,,,12.23,10.43,,,,,,-1.5109,pending,,2026-06-26T04:17:19+00:00
trackb_cont_CTOS_20260617,11.97,,,,,12.23,10.575,,,,,,-0.1416,pending,,2026-06-26T04:17:19+00:00
trackb_cont_CTOS_20260618,,,,,,12.23,10.695,,,,,,-0.3262,pending,,2026-06-26T04:17:19+00:00
trackb_cont_CTOS_20260619,,,,,,12.23,10.84,,,,,,1.0252,pending,,2026-06-26T04:17:19+00:00
trackb_cont_CTOS_20260622,,,,,,12.23,10.84,,,,,,-3.8154,pending,,2026-06-26T04:17:19+00:00
trackb_cont_CTOS_20260623,,,,,,12.23,10.84,,,,,,-4.9123,pending,,2026-06-26T04:17:19+00:00
trackb_cont_CTOS_20260624,,,,,,12.23,11.2,,,,,,-1.7544,pending,,2026-06-26T04:17:19+00:00
trackb_cont_CTOS_20260625,,,,,,12.23,11.35,,,,,,-0.4386,pending,,2026-06-26T04:17:19+00:00
trackb_cont_CTO_20260611,20.6,,,,,21.450001,20.459999,,,,,,-2.4786,pending,,2026-06-26T04:17:21+00:00
trackb_cont_CTO_20260616,21.25,,,,,21.450001,20.459999,,,,,,-1.4451,pending,,2026-06-26T04:17:21+00:00
trackb_cont_CTO_20260617,21.139999,,,,,21.450001,20.459999,,,,,,-1.4451,pending,,2026-06-26T04:17:21+00:00
trackb_cont_CTO_20260618,,,,,,21.450001,20.459999,,,,,,-1.4451,pending,,2026-06-26T04:17:21+00:00
trackb_cont_CTO_20260619,,,,,,21.450001,20.459999,,,,,,-1.4451,pending,,2026-06-26T04:17:21+00:00
trackb_cont_CTRN_20260616,63.439999,,,,,66.379997,53.549999,,,,,,-0.2236,pending,,2026-06-26T04:17:12+00:00
trackb_cont_CTRN_20260617,56.220001,,,,,66.379997,53.549999,,,,,,-0.2236,pending,,2026-06-26T04:17:12+00:00
trackb_cont_CTRN_20260618,,,,,,66.379997,53.549999,,,,,,-0.2236,pending,,2026-06-26T04:17:12+00:00
trackb_cont_CTRN_20260619,,,,,,66.379997,53.549999,,,,,,-0.2236,pending,,2026-06-26T04:17:12+00:00
trackb_cont_CTRN_20260622,,,,,,66.379997,53.549999,,,,,,-11.7211,pending,,2026-06-26T04:17:12+00:00
trackb_cont_CTRN_20260623,,,,,,66.379997,53.549999,,,,,,-11.7211,pending,,2026-06-26T04:17:12+00:00
trackb_cont_CTRN_20260625,,,,,,60.540001,53.549999,,,,,,-15.5895,pending,,2026-06-26T04:17:12+00:00
trackb_cont_CUBE_20260609,41.200001,40.59,,,,42.619999,39.91,,,,,,-0.6472,pending,,2026-06-26T04:17:00+00:00
trackb_cont_CUBE_20260616,40.59,,,,,41.84,39.91,,,,,,-4.1086,pending,,2026-06-26T04:17:00+00:00
trackb_cont_CUBE_20260617,40.650002,,,,,41.25,39.91,,,,,,-4.1086,pending,,2026-06-26T04:17:00+00:00
trackb_cont_CURB_20260603,29.629999,30.01,,,,31.535,28.57,,,,,,-1.2785,pending,,2026-06-26T04:16:00+00:00
trackb_cont_CURB_20260604,29.870001,29.860001,,,,31.535,28.73,,,,,,-0.7256,pending,,2026-06-26T04:16:00+00:00
trackb_cont_CURB_20260605,30.959999,30.42,,,,31.535,28.73,,,,,,-0.7256,pending,,2026-06-26T04:16:00+00:00
trackb_cont_CURB_20260608,30.450001,31.0,,,,31.535,28.98,,,,,,0.1382,pending,,2026-06-26T04:16:00+00:00
trackb_cont_CURB_20260611,29.860001,,,,,31.535,29.440001,,,,,,-0.6412,pending,,2026-06-26T04:16:00+00:00
trackb_cont_CURB_20260612,30.42,,,,,31.535,29.6,,,,,,-0.9039,pending,,2026-06-26T04:16:00+00:00
trackb_cont_CURB_20260615,31.0,,,,,31.535,29.6,,,,,,-3.6458,pending,,2026-06-26T04:16:00+00:00
trackb_cont_CURB_20260616,31.280001,,,,,31.535,29.6,,,,,,-2.8553,pending,,2026-06-26T04:16:00+00:00
trackb_cont_CURB_20260617,31.33,,,,,31.535,29.6,,,,,,-2.8553,pending,,2026-06-26T04:16:00+00:00
trackb_cont_CURI_20260603,2.68,2.49,,,,3.28,2.41,,,,,,-20.9836,pending,,2026-06-26T04:15:13+00:00
trackb_cont_CURI_20260604,2.6,2.53,,,,3.28,2.41,,,,,,-20.9836,pending,,2026-06-26T04:15:13+00:00
trackb_cont_CURI_20260605,2.54,2.44,,,,3.05,2.41,,,,,,-20.9836,pending,,2026-06-26T04:15:13+00:00
trackb_cont_CURI_20260608,2.55,2.48,,,,2.99,2.41,,,,,,-20.9836,pending,,2026-06-26T04:15:13+00:00
trackb_cont_CUZ_20260603,29.049999,27.709999,,,,29.73,27.15,,,,,,-0.1104,pending,,2026-06-26T04:14:43+00:00
trackb_cont_CUZ_20260604,28.959999,28.280001,,,,29.73,27.370001,,,,,,0.699,pending,,2026-06-26T04:14:43+00:00
trackb_cont_CUZ_20260605,29.01,28.48,,,,29.73,27.49,,,,,,1.1405,pending,,2026-06-26T04:14:43+00:00
trackb_cont_CUZ_20260608,28.690001,28.860001,,,,29.73,27.559999,,,,,,-0.4695,pending,,2026-06-26T04:14:43+00:00
trackb_cont_CUZ_20260609,28.610001,28.690001,,,,29.73,27.559999,,,,,,-2.6836,pending,,2026-06-26T04:14:43+00:00
trackb_cont_CUZ_20260610,27.709999,29.25,,,,29.73,27.559999,,,,,,-2.6836,pending,,2026-06-26T04:14:43+00:00
trackb_cont_CUZ_20260612,28.48,,,,,29.35,27.559999,,,,,,-4.8343,pending,,2026-06-26T04:14:43+00:00
trackb_cont_CUZ_20260616,28.690001,,,,,29.27,27.559999,,,,,,-4.0724,pending,,2026-06-26T04:14:43+00:00
trackb_cont_CUZ_20260617,29.25,,,,,29.27,27.559999,,,,,,-4.0724,pending,,2026-06-26T04:14:43+00:00
trackb_cont_CUZ_20260618,,,,,,29.27,28.030001,,,,,,-2.4365,pending,,2026-06-26T04:14:43+00:00
trackb_cont_CUZ_20260619,,,,,,29.27,28.030001,,,,,,-2.4365,pending,,2026-06-26T04:14:43+00:00
trackb_cont_CUZ_20260625,,,,,,29.27,28.559999,,,,,,-0.4531,pending,,2026-06-26T04:14:43+00:00
trackb_cont_CVCO_20260603,564.51001,586.049988,,,,630.47998,531.840027,,,,,,-1.1192,pending,,2026-06-26T04:15:25+00:00
trackb_cont_CVCO_20260604,598.950012,601.51001,,,,630.47998,539.359985,,,,,,0.2789,pending,,2026-06-26T04:15:25+00:00
trackb_cont_CVCO_20260605,592.76001,587.159973,,,,630.47998,545.98999,,,,,,1.5115,pending,,2026-06-26T04:15:25+00:00
trackb_cont_CVCO_20260608,592.47998,585.0,,,,630.47998,547.390015,,,,,,-0.4583,pending,,2026-06-26T04:15:25+00:00
trackb_cont_CVCO_20260609,604.469971,611.599976,,,,630.47998,562.940002,,,,,,-0.0036,pending,,2026-06-26T04:15:25+00:00
trackb_cont_CVCO_20260610,586.049988,608.52002,,,,630.47998,564.049988,,,,,,0.1936,pending,,2026-06-26T04:15:25+00:00
trackb_cont_CVCO_20260611,601.51001,,,,,630.47998,565.609985,,,,,,0.1949,pending,,2026-06-26T04:15:25+00:00
trackb_cont_CVCO_20260612,587.159973,,,,,630.47998,573.150024,,,,,,-4.3075,pending,,2026-06-26T04:15:25+00:00
trackb_cont_CVCO_20260615,585.0,,,,,630.47998,573.150024,,,,,,-5.3661,pending,,2026-06-26T04:15:25+00:00
trackb_cont_CVCO_20260616,611.599976,,,,,630.47998,573.150024,,,,,,-3.234,pending,,2026-06-26T04:15:25+00:00
trackb_cont_CVCO_20260617,608.52002,,,,,630.47998,573.150024,,,,,,-3.234,pending,,2026-06-26T04:15:25+00:00
trackb_cont_CVCO_20260618,,,,,,630.47998,573.150024,,,,,,-2.2012,pending,,2026-06-26T04:15:25+00:00
trackb_cont_CVCO_20260619,,,,,,630.47998,573.150024,,,,,,-2.2012,pending,,2026-06-26T04:15:25+00:00
trackb_cont_CVCO_20260622,,,,,,630.47998,573.150024,,,,,,-2.2012,pending,,2026-06-26T04:15:25+00:00
trackb_cont_CVI_20260603,31.15,27.68,,,,36.43,26.049999,,,,,,-27.6389,pending,,2026-06-26T04:15:00+00:00
trackb_cont_CVI_20260604,30.389999,27.4,,,,34.490002,26.049999,,,,,,-27.6389,pending,,2026-06-26T04:15:00+00:00
trackb_cont_CVI_20260605,30.67,27.9,,,,34.330002,26.049999,,,,,,-27.6389,pending,,2026-06-26T04:15:00+00:00
trackb_cont_CVLG_20260603,43.779999,42.27,,,,47.080002,41.310001,,,,,,-1.7804,pending,,2026-06-26T04:14:43+00:00
trackb_cont_CVLG_20260604,46.32,42.630001,,,,47.080002,42.0,,,,,,-0.1398,pending,,2026-06-26T04:14:43+00:00
trackb_cont_CVLG_20260605,45.450001,43.330002,,,,47.080002,42.0,,,,,,-0.1398,pending,,2026-06-26T04:14:43+00:00
trackb_cont_CVLG_20260608,44.810001,43.09,,,,47.080002,42.0,,,,,,-0.1398,pending,,2026-06-26T04:14:43+00:00
trackb_cont_CVLG_20260609,44.189999,42.82,,,,47.080002,42.0,,,,,,-5.6816,pending,,2026-06-26T04:14:43+00:00
trackb_cont_CVLG_20260610,42.27,43.82,,,,47.080002,42.0,,,,,,-5.6816,pending,,2026-06-26T04:14:43+00:00
trackb_cont_CVLG_20260612,43.330002,,,,,47.080002,42.0,,,,,,-9.3264,pending,,2026-06-26T04:14:43+00:00
trackb_cont_CVLG_20260616,42.82,,,,,45.360001,42.0,,,,,,-5.4586,pending,,2026-06-26T04:14:43+00:00
trackb_cont_CVLG_20260617,43.82,,,,,44.5,42.0,,,,,,-5.4586,pending,,2026-06-26T04:14:43+00:00
trackb_cont_CVLG_20260618,,,,,,44.5,42.27,,,,,,0.0,pending,,2026-06-26T04:14:43+00:00
trackb_cont_CVLG_20260619,,,,,,44.5,42.310001,,,,,,0.0946,pending,,2026-06-26T04:14:43+00:00
trackb_cont_CVLG_20260622,,,,,,44.5,42.310001,,,,,,0.0946,pending,,2026-06-26T04:14:43+00:00
trackb_cont_CVSA_20260615,120.730003,,,,,127.480003,115.18,,,,,,-6.865,pending,,2026-06-26T04:17:56+00:00
trackb_cont_CVSA_20260616,122.809998,,,,,127.480003,115.18,,,,,,-6.684,pending,,2026-06-26T04:17:56+00:00
trackb_cont_CVSA_20260617,124.160004,,,,,127.480003,115.5,,,,,,-6.4247,pending,,2026-06-26T04:17:56+00:00
trackb_cont_CVS_20260609,100.720001,101.870003,,,,104.940002,95.919998,,,,,,-1.1949,pending,,2026-06-26T04:16:55+00:00
trackb_cont_CVS_20260615,101.57,,,,,104.940002,97.839996,,,,,,-1.5942,pending,,2026-06-26T04:16:55+00:00
trackb_cont_CVS_20260616,101.870003,,,,,104.940002,97.839996,,,,,,-3.0471,pending,,2026-06-26T04:16:55+00:00
trackb_cont_CVS_20260617,104.660004,,,,,104.940002,97.839996,,,,,,-3.0471,pending,,2026-06-26T04:16:55+00:00
trackb_cont_CVS_20260618,,,,,,104.940002,97.839996,,,,,,-1.1468,pending,,2026-06-26T04:16:55+00:00
trackb_cont_CVS_20260619,,,,,,104.940002,99.0,,,,,,0.0253,pending,,2026-06-26T04:16:55+00:00
trackb_cont_CVS_20260622,,,,,,104.940002,99.0,,,,,,0.0253,pending,,2026-06-26T04:16:55+00:00
trackb_cont_CVS_20260625,,,,,,104.940002,102.279999,,,,,,0.4025,pending,,2026-06-26T04:16:55+00:00
trackb_cont_CWEN_20260603,37.400002,36.77,,,,41.459999,36.0,,,,,,-12.7061,pending,,2026-06-26T04:15:08+00:00
trackb_cont_CWEN_20260604,37.689999,37.419998,,,,40.93,36.0,,,,,,-12.7061,pending,,2026-06-26T04:15:08+00:00
trackb_cont_CWEN_20260605,37.470001,37.07,,,,40.639999,36.0,,,,,,-12.7061,pending,,2026-06-26T04:15:08+00:00
trackb_cont_CWEN_20260608,38.610001,36.560001,,,,40.639999,36.0,,,,,,-9.4112,pending,,2026-06-26T04:15:08+00:00
trackb_cont_CWH_20260615,7.23,,,,,8.63,7.2,,,,,,-15.0443,pending,,2026-06-26T04:16:49+00:00
trackb_cont_CWH_20260616,7.56,,,,,8.02,7.2,,,,,,-9.377,pending,,2026-06-26T04:16:49+00:00
trackb_cont_CWH_20260617,7.42,,,,,8.02,7.2,,,,,,-9.377,pending,,2026-06-26T04:16:49+00:00
trackb_cont_CWST_20260611,86.980003,,,,,94.389999,84.449997,,,,,,-7.2284,pending,,2026-06-26T04:17:24+00:00
trackb_cont_CWST_20260612,84.580002,,,,,94.389999,84.449997,,,,,,-5.9158,pending,,2026-06-26T04:17:24+00:00
trackb_cont_CWST_20260616,91.239998,,,,,94.389999,84.449997,,,,,,-4.3493,pending,,2026-06-26T04:17:24+00:00
trackb_cont_CWST_20260617,92.330002,,,,,94.389999,84.449997,,,,,,-4.3493,pending,,2026-06-26T04:17:24+00:00
trackb_cont_CWST_20260618,,,,,,94.389999,84.449997,,,,,,-4.3493,pending,,2026-06-26T04:17:24+00:00
trackb_cont_CWST_20260619,,,,,,94.389999,84.449997,,,,,,-4.3493,pending,,2026-06-26T04:17:24+00:00
trackb_cont_CWT_20260603,46.07,45.0,,,,48.27,44.59,,,,,,-1.1363,pending,,2026-06-26T04:15:22+00:00
trackb_cont_CWT_20260604,45.349998,45.200001,,,,48.27,44.740002,,,,,,-0.8037,pending,,2026-06-26T04:15:22+00:00
trackb_cont_CWT_20260605,45.57,45.200001,,,,48.27,44.740002,,,,,,-0.8037,pending,,2026-06-26T04:15:22+00:00
trackb_cont_CWT_20260608,45.369999,46.279999,,,,48.27,44.740002,,,,,,-2.357,pending,,2026-06-26T04:15:22+00:00
trackb_cont_CWT_20260609,45.450001,47.299999,,,,48.27,44.740002,,,,,,-0.8642,pending,,2026-06-26T04:15:22+00:00
trackb_cont_CWT_20260610,45.0,47.549999,,,,48.27,44.740002,,,,,,-0.8642,pending,,2026-06-26T04:15:22+00:00
trackb_cont_CWT_20260625,,,,,,48.27,46.810001,,,,,,-1.0359,pending,,2026-06-26T04:15:22+00:00
trackb_cont_CXW_20260603,26.450001,28.17,,,,30.77,21.129999,,,,,,-1.9717,pending,,2026-06-26T04:16:26+00:00
trackb_cont_CXW_20260604,26.85,28.9,,,,30.77,21.85,,,,,,1.3686,pending,,2026-06-26T04:16:26+00:00
trackb_cont_CXW_20260605,27.1,29.65,,,,30.77,22.74,,,,,,5.4976,pending,,2026-06-26T04:16:26+00:00
trackb_cont_CXW_20260608,27.77,29.73,,,,30.77,23.0,,,,,,6.7038,pending,,2026-06-26T04:16:26+00:00
trackb_cont_CXW_20260609,27.879999,29.799999,,,,30.77,24.559999,,,,,,-0.6473,pending,,2026-06-26T04:16:26+00:00
trackb_cont_CXW_20260611,28.9,,,,,30.77,26.290001,,,,,,-0.6049,pending,,2026-06-26T04:16:26+00:00
trackb_cont_CXW_20260616,29.799999,,,,,30.77,26.870001,,,,,,-1.1405,pending,,2026-06-26T04:16:26+00:00
trackb_cont_CXW_20260617,29.379999,,,,,30.77,27.459999,,,,,,1.0302,pending,,2026-06-26T04:16:26+00:00
trackb_cont_CXW_20260618,,,,,,30.77,27.91,,,,,,2.6858,pending,,2026-06-26T04:16:26+00:00
trackb_cont_CXW_20260619,,,,,,30.77,28.620001,,,,,,5.298,pending,,2026-06-26T04:16:26+00:00
trackb_cont_CYRX_20260603,14.77,14.57,,,,16.73,14.29,,,,,,-12.7595,pending,,2026-06-26T04:15:19+00:00
trackb_cont_CYRX_20260604,14.38,15.01,,,,16.73,14.29,,,,,,-12.7595,pending,,2026-06-26T04:15:19+00:00
trackb_cont_CYRX_20260605,14.62,14.77,,,,16.16,14.29,,,,,,-12.7595,pending,,2026-06-26T04:15:19+00:00
trackb_cont_CYRX_20260608,14.83,14.76,,,,16.16,14.29,,,,,,-12.7595,pending,,2026-06-26T04:15:19+00:00
trackb_cont_CYRX_20260610,14.57,15.88,,,,16.16,14.29,,,,,,-7.6873,pending,,2026-06-26T04:15:19+00:00
trackb_cont_CYTK_20260625,,,,,,82.949997,80.370003,,,,,,-1.0222,pending,,2026-06-26T04:18:55+00:00
trackb_cont_CZR_20260603,29.469999,29.209999,,,,30.83,29.110001,,,,,,-0.4616,pending,,2026-06-26T04:14:44+00:00
trackb_cont_CZR_20260604,29.51,29.219999,,,,30.83,29.110001,,,,,,-0.4616,pending,,2026-06-26T04:14:44+00:00
trackb_cont_CZR_20260605,29.49,29.290001,,,,30.83,29.110001,,,,,,-0.4616,pending,,2026-06-26T04:14:44+00:00
trackb_cont_CZR_20260608,29.5,29.43,,,,30.83,29.18,,,,,,-0.0685,pending,,2026-06-26T04:14:44+00:00
trackb_cont_CZR_20260611,29.219999,,,,,30.83,29.18,,,,,,-0.9841,pending,,2026-06-26T04:14:44+00:00
trackb_cont_CZR_20260616,29.6,,,,,30.83,29.18,,,,,,-0.6131,pending,,2026-06-26T04:14:44+00:00
trackb_cont_CZR_20260617,30.41,,,,,30.83,29.18,,,,,,-0.6131,pending,,2026-06-26T04:14:44+00:00
trackb_cont_CZR_20260618,,,,,,30.83,29.200001,,,,,,-0.545,pending,,2026-06-26T04:14:44+00:00
trackb_cont_CZR_20260619,,,,,,30.83,29.24,,,,,,-0.4087,pending,,2026-06-26T04:14:44+00:00
trackb_cont_C_20260603,133.380005,143.779999,,,,147.960007,128.270004,,,,,,-0.6814,pending,,2026-06-26T04:15:16+00:00
trackb_cont_C_20260604,138.070007,143.059998,,,,147.960007,130.869995,,,,,,1.3318,pending,,2026-06-26T04:15:16+00:00
trackb_cont_C_20260605,139.830002,145.669998,,,,147.960007,131.190002,,,,,,1.5796,pending,,2026-06-26T04:15:16+00:00
trackb_cont_C_20260608,141.210007,144.970001,,,,147.960007,131.919998,,,,,,-0.4152,pending,,2026-06-26T04:15:16+00:00
trackb_cont_C_20260611,143.059998,,,,,147.960007,133.809998,,,,,,0.3224,pending,,2026-06-26T04:15:16+00:00
trackb_cont_C_20260612,145.669998,,,,,147.960007,138.210007,,,,,,0.1014,pending,,2026-06-26T04:15:16+00:00
trackb_cont_C_20260616,143.589996,,,,,147.960007,141.050003,,,,,,-0.669,pending,,2026-06-26T04:15:16+00:00
trackb_cont_C_20260617,144.979996,,,,,147.960007,143.039993,,,,,,0.7324,pending,,2026-06-26T04:15:16+00:00
trackb_cont_C_20260618,,,,,,147.960007,143.039993,,,,,,-2.6906,pending,,2026-06-26T04:15:16+00:00
trackb_cont_C_20260619,,,,,,147.789993,143.139999,,,,,,-2.6225,pending,,2026-06-26T04:15:16+00:00
trackb_cont_C_20260622,,,,,,147.789993,143.139999,,,,,,-2.6225,pending,,2026-06-26T04:15:16+00:00
trackb_cont_C_20260623,,,,,,147.789993,143.139999,,,,,,-1.7368,pending,,2026-06-26T04:15:16+00:00
trackb_cont_C_20260624,,,,,,147.789993,143.179993,,,,,,-1.7093,pending,,2026-06-26T04:15:16+00:00
trackb_cont_C_20260625,,,,,,147.789993,144.820007,,,,,,0.8566,pending,,2026-06-26T04:15:16+00:00
trackb_cont_DAL_20260603,76.470001,82.25,,,,95.139999,76.400002,,,,,,-3.3401,pending,,2026-06-26T04:16:07+00:00
trackb_cont_DAL_20260604,81.830002,84.18,,,,95.139999,76.400002,,,,,,-3.3401,pending,,2026-06-26T04:16:07+00:00
trackb_cont_DAL_20260605,83.059998,85.919998,,,,95.139999,76.400002,,,,,,-3.3401,pending,,2026-06-26T04:16:07+00:00
trackb_cont_DAL_20260608,84.07,86.720001,,,,95.139999,76.400002,,,,,,-3.3401,pending,,2026-06-26T04:16:07+00:00
trackb_cont_DAL_20260616,90.650002,,,,,95.139999,81.900002,,,,,,-3.0884,pending,,2026-06-26T04:16:07+00:00
trackb_cont_DAL_20260617,92.110001,,,,,95.139999,81.900002,,,,,,-3.0884,pending,,2026-06-26T04:16:07+00:00
trackb_cont_DAL_20260618,,,,,,95.139999,83.669998,,,,,,-0.994,pending,,2026-06-26T04:16:07+00:00
trackb_cont_DAL_20260619,,,,,,95.139999,84.190002,,,,,,-0.3787,pending,,2026-06-26T04:16:07+00:00
trackb_cont_DAL_20260622,,,,,,95.139999,84.190002,,,,,,0.0119,pending,,2026-06-26T04:16:07+00:00
trackb_cont_DAL_20260623,,,,,,95.139999,84.25,,,,,,0.0832,pending,,2026-06-26T04:16:07+00:00
trackb_cont_DAL_20260625,,,,,,95.139999,91.050003,,,,,,0.4413,pending,,2026-06-26T04:16:07+00:00
trackb_cont_DAN_20260603,35.470001,28.41,,,,37.540001,27.870001,,,,,,-25.2414,pending,,2026-06-26T04:15:09+00:00
trackb_cont_DAN_20260604,30.110001,29.18,,,,37.490002,27.870001,,,,,,-25.2414,pending,,2026-06-26T04:15:09+00:00
trackb_cont_DAN_20260605,30.809999,29.83,,,,37.490002,27.870001,,,,,,-25.2414,pending,,2026-06-26T04:15:09+00:00
trackb_cont_DAN_20260608,29.48,28.709999,,,,37.490002,27.870001,,,,,,-25.2414,pending,,2026-06-26T04:15:09+00:00
trackb_cont_DASH_20260622,,,,,,182.550003,169.0,,,,,,-2.5712,pending,,2026-06-26T04:18:45+00:00
trackb_cont_DASH_20260623,,,,,,182.550003,169.0,,,,,,-2.5712,pending,,2026-06-26T04:18:45+00:00
trackb_cont_DASH_20260625,,,,,,178.309998,172.360001,,,,,,-3.1304,pending,,2026-06-26T04:18:45+00:00
trackb_cont_DBI_20260603,7.0,6.22,,,,9.17,5.87,,,,,,-31.7442,pending,,2026-06-26T04:14:43+00:00
trackb_cont_DBI_20260604,6.56,6.32,,,,9.17,5.87,,,,,,-31.7442,pending,,2026-06-26T04:14:43+00:00
trackb_cont_DBI_20260605,6.88,6.11,,,,9.02,5.87,,,,,,-31.7442,pending,,2026-06-26T04:14:43+00:00
trackb_cont_DBI_20260608,6.91,6.12,,,,9.01,5.87,,,,,,-31.7442,pending,,2026-06-26T04:14:43+00:00
trackb_cont_DDD_20260603,2.89,3.45,,,,3.88,2.78,,,,,,-25.8667,pending,,2026-06-26T04:15:31+00:00
trackb_cont_DDD_20260604,3.02,3.57,,,,3.67,2.78,,,,,,-25.8667,pending,,2026-06-26T04:15:31+00:00
trackb_cont_DDD_20260605,3.01,3.26,,,,3.67,2.78,,,,,,-25.8667,pending,,2026-06-26T04:15:31+00:00
trackb_cont_DDD_20260608,3.02,3.14,,,,3.67,2.78,,,,,,-25.8667,pending,,2026-06-26T04:15:31+00:00
trackb_cont_DDOG_20260603,227.630005,226.630005,,,,262.200012,212.729996,,,,,,-13.6613,pending,,2026-06-26T04:15:06+00:00
trackb_cont_DDOG_20260604,234.240005,223.0,,,,251.399994,212.729996,,,,,,-13.6613,pending,,2026-06-26T04:15:06+00:00
trackb_cont_DDOG_20260605,229.899994,221.369995,,,,241.610001,212.729996,,,,,,-13.6613,pending,,2026-06-26T04:15:06+00:00
trackb_cont_DDOG_20260608,233.089996,220.570007,,,,240.789993,212.729996,,,,,,-13.6613,pending,,2026-06-26T04:15:06+00:00
trackb_cont_DEA_20260603,23.879999,22.99,,,,24.5,22.889999,,,,,,-3.3362,pending,,2026-06-26T04:16:26+00:00
trackb_cont_DEA_20260604,23.92,23.16,,,,24.5,22.889999,,,,,,-3.3362,pending,,2026-06-26T04:16:26+00:00
trackb_cont_DEA_20260605,24.040001,23.77,,,,24.5,22.889999,,,,,,-3.3362,pending,,2026-06-26T04:16:26+00:00
trackb_cont_DEA_20260609,23.860001,24.139999,,,,24.5,22.889999,,,,,,-4.266,pending,,2026-06-26T04:16:26+00:00
trackb_cont_DEA_20260611,23.16,,,,,24.4,22.889999,,,,,,-4.1457,pending,,2026-06-26T04:16:26+00:00
trackb_cont_DEA_20260616,24.139999,,,,,24.4,22.889999,,,,,,-3.8639,pending,,2026-06-26T04:16:26+00:00
trackb_cont_DEA_20260617,24.27,,,,,24.4,22.889999,,,,,,-3.8639,pending,,2026-06-26T04:16:26+00:00
trackb_cont_DECK_20260603,111.18,105.720001,,,,116.5,101.099998,,,,,,-5.3415,pending,,2026-06-26T04:16:01+00:00
trackb_cont_DECK_20260604,114.370003,109.110001,,,,116.5,101.099998,,,,,,-5.3415,pending,,2026-06-26T04:16:01+00:00
trackb_cont_DECK_20260605,113.830002,105.57,,,,116.5,101.099998,,,,,,-5.3415,pending,,2026-06-26T04:16:01+00:00
trackb_cont_DECK_20260608,112.5,103.629997,,,,116.5,101.099998,,,,,,-6.5014,pending,,2026-06-26T04:16:01+00:00
trackb_cont_DECK_20260612,105.57,,,,,116.5,101.099998,,,,,,-11.6027,pending,,2026-06-26T04:16:01+00:00
trackb_cont_DECK_20260616,105.699997,,,,,114.82,101.099998,,,,,,-11.2145,pending,,2026-06-26T04:16:01+00:00
trackb_cont_DECK_20260617,102.589996,,,,,111.919998,101.099998,,,,,,-11.2145,pending,,2026-06-26T04:16:01+00:00
trackb_cont_DECK_20260618,,,,,,110.589996,101.099998,,,,,,-11.2145,pending,,2026-06-26T04:16:01+00:00
trackb_cont_DECK_20260619,,,,,,108.400002,101.099998,,,,,,-11.2145,pending,,2026-06-26T04:16:01+00:00
trackb_cont_DEI_20260608,12.22,11.69,,,,12.82,11.25,,,,,,-7.7869,pending,,2026-06-26T04:16:47+00:00
trackb_cont_DEI_20260611,11.71,,,,,12.67,11.25,,,,,,-9.4203,pending,,2026-06-26T04:16:47+00:00
trackb_cont_DELL_20260603,369.829987,419.320007,,,,444.0,357.070007,,,,,,-13.9943,pending,,2026-06-26T04:15:30+00:00
trackb_cont_DELL_20260604,391.450012,409.5,,,,444.0,357.070007,,,,,,-13.9943,pending,,2026-06-26T04:15:30+00:00
trackb_cont_DELL_20260605,395.570007,418.709991,,,,444.0,357.070007,,,,,,-13.9943,pending,,2026-06-26T04:15:30+00:00
trackb_cont_DELL_20260608,409.070007,427.779999,,,,444.0,357.070007,,,,,,-13.9943,pending,,2026-06-26T04:15:30+00:00
trackb_cont_DELL_20260622,,,,,,444.0,391.0,,,,,,-4.5177,pending,,2026-06-26T04:15:30+00:00
trackb_cont_DELL_20260623,,,,,,440.380005,391.0,,,,,,-6.6179,pending,,2026-06-26T04:15:30+00:00
trackb_cont_DELL_20260624,,,,,,440.380005,391.049988,,,,,,-6.606,pending,,2026-06-26T04:15:30+00:00
trackb_cont_DELL_20260625,,,,,,417.320007,391.049988,,,,,,-6.606,pending,,2026-06-26T04:15:30+00:00
trackb_cont_DEVS_20260603,0.2946,0.2299,,,,0.919,0.034,,,,,,-95.7297,pending,,2026-06-26T04:15:46+00:00
trackb_cont_DEVS_20260604,0.277,0.2297,,,,0.8971,0.034,,,,,,-95.7297,pending,,2026-06-26T04:15:46+00:00
trackb_cont_DEVS_20260605,0.26,0.2172,,,,0.8971,0.034,,,,,,-95.7297,pending,,2026-06-26T04:15:46+00:00
trackb_cont_DEVS_20260608,0.266,0.153,,,,0.8971,0.034,,,,,,-95.7297,pending,,2026-06-26T04:15:46+00:00
trackb_cont_DE_20260603,560.049988,588.469971,,,,631.929993,556.619995,,,,,,-5.6064,pending,,2026-06-26T04:15:49+00:00
trackb_cont_DE_20260604,568.640015,589.23999,,,,631.929993,556.619995,,,,,,-5.6064,pending,,2026-06-26T04:15:49+00:00
trackb_cont_DE_20260605,577.47998,598.590027,,,,631.929993,556.619995,,,,,,-5.6064,pending,,2026-06-26T04:15:49+00:00
trackb_cont_DE_20260608,575.469971,591.940002,,,,631.929993,556.619995,,,,,,-5.6064,pending,,2026-06-26T04:15:49+00:00
trackb_cont_DE_20260609,585.289978,600.75,,,,631.929993,556.619995,,,,,,-2.9704,pending,,2026-06-26T04:15:49+00:00
trackb_cont_DE_20260618,,,,,,631.929993,583.380005,,,,,,-2.0353,pending,,2026-06-26T04:15:49+00:00
trackb_cont_DE_20260619,,,,,,631.929993,583.380005,,,,,,-2.0353,pending,,2026-06-26T04:15:49+00:00
trackb_cont_DE_20260622,,,,,,631.929993,583.380005,,,,,,-0.9945,pending,,2026-06-26T04:15:49+00:00
trackb_cont_DE_20260623,,,,,,631.929993,583.380005,,,,,,-0.9945,pending,,2026-06-26T04:15:49+00:00
trackb_cont_DFH_20260603,14.43,14.52,,,,17.799999,14.08,,,,,,-1.7446,pending,,2026-06-26T04:16:23+00:00
trackb_cont_DFH_20260604,15.12,15.6,,,,17.799999,14.08,,,,,,-1.7446,pending,,2026-06-26T04:16:23+00:00
trackb_cont_DFH_20260605,15.05,14.44,,,,17.799999,14.08,,,,,,-1.7446,pending,,2026-06-26T04:16:23+00:00
trackb_cont_DFH_20260616,16.73,,,,,17.799999,14.24,,,,,,-6.5003,pending,,2026-06-26T04:16:23+00:00
trackb_cont_DFH_20260617,16.790001,,,,,17.799999,14.24,,,,,,-6.5003,pending,,2026-06-26T04:16:23+00:00
trackb_cont_DFH_20260618,,,,,,17.799999,14.24,,,,,,-6.5003,pending,,2026-06-26T04:16:23+00:00
trackb_cont_DFH_20260619,,,,,,17.799999,14.24,,,,,,-6.5003,pending,,2026-06-26T04:16:23+00:00
trackb_cont_DFH_20260623,,,,,,17.799999,14.24,,,,,,-1.385,pending,,2026-06-26T04:16:23+00:00
trackb_cont_DFH_20260624,,,,,,17.799999,15.12,,,,,,4.7091,pending,,2026-06-26T04:16:23+00:00
trackb_cont_DFH_20260625,,,,,,17.799999,16.76,,,,,,16.0665,pending,,2026-06-26T04:16:23+00:00
trackb_cont_DGII_20260603,64.370003,67.379997,,,,70.82,63.150002,,,,,,-6.769,pending,,2026-06-26T04:15:07+00:00
trackb_cont_DGII_20260604,68.330002,69.059998,,,,70.82,63.150002,,,,,,-6.769,pending,,2026-06-26T04:15:07+00:00
trackb_cont_DGII_20260605,68.68,68.779999,,,,70.82,63.150002,,,,,,-6.769,pending,,2026-06-26T04:15:07+00:00
trackb_cont_DGII_20260608,68.959999,68.75,,,,70.82,63.150002,,,,,,-4.2456,pending,,2026-06-26T04:15:07+00:00
trackb_cont_DGII_20260616,67.739998,,,,,70.82,65.230003,,,,,,-5.8254,pending,,2026-06-26T04:15:07+00:00
trackb_cont_DGII_20260617,69.169998,,,,,70.82,65.230003,,,,,,-5.8254,pending,,2026-06-26T04:15:07+00:00
trackb_cont_DGII_20260618,,,,,,70.82,65.230003,,,,,,-3.1909,pending,,2026-06-26T04:15:07+00:00
trackb_cont_DGII_20260619,,,,,,70.82,65.230003,,,,,,-3.1909,pending,,2026-06-26T04:15:07+00:00
trackb_cont_DGII_20260623,,,,,,69.919998,65.230003,,,,,,-5.1614,pending,,2026-06-26T04:15:07+00:00
trackb_cont_DGII_20260624,,,,,,69.919998,67.150002,,,,,,-2.3699,pending,,2026-06-26T04:15:07+00:00
trackb_cont_DGII_20260625,,,,,,69.919998,67.150002,,,,,,-0.871,pending,,2026-06-26T04:15:07+00:00
trackb_cont_DGXX_20260603,5.99,6.69,,,,8.52,5.45,,,,,,-29.1287,pending,,2026-06-26T04:16:27+00:00
trackb_cont_DGXX_20260604,6.5,6.75,,,,8.0,5.45,,,,,,-29.1287,pending,,2026-06-26T04:16:27+00:00
trackb_cont_DGXX_20260605,6.24,6.63,,,,7.65,5.45,,,,,,-29.1287,pending,,2026-06-26T04:16:27+00:00
trackb_cont_DGX_20260611,195.0,,,,,207.850006,192.830002,,,,,,-5.3734,pending,,2026-06-26T04:16:33+00:00
trackb_cont_DGX_20260612,193.580002,,,,,207.850006,192.830002,,,,,,-5.3967,pending,,2026-06-26T04:16:33+00:00
trackb_cont_DGX_20260616,203.110001,,,,,207.850006,192.830002,,,,,,-4.2647,pending,,2026-06-26T04:16:33+00:00
trackb_cont_DGX_20260617,206.240005,,,,,207.850006,192.830002,,,,,,-4.2647,pending,,2026-06-26T04:16:33+00:00
trackb_cont_DGX_20260618,,,,,,207.850006,192.830002,,,,,,-4.2647,pending,,2026-06-26T04:16:33+00:00
trackb_cont_DGX_20260619,,,,,,207.850006,192.899994,,,,,,-4.23,pending,,2026-06-26T04:16:33+00:00
trackb_cont_DG_20260615,114.580002,,,,,120.129997,107.910004,,,,,,-9.1972,pending,,2026-06-26T04:17:49+00:00
trackb_cont_DG_20260616,119.169998,,,,,120.129997,107.910004,,,,,,-7.9973,pending,,2026-06-26T04:17:49+00:00
trackb_cont_DG_20260617,117.559998,,,,,120.129997,107.910004,,,,,,-7.9973,pending,,2026-06-26T04:17:49+00:00
trackb_cont_DG_20260618,,,,,,120.129997,108.949997,,,,,,0.2392,pending,,2026-06-26T04:17:49+00:00
trackb_cont_DG_20260619,,,,,,120.129997,111.75,,,,,,2.8153,pending,,2026-06-26T04:17:49+00:00
trackb_cont_DG_20260622,,,,,,120.129997,111.75,,,,,,2.8153,pending,,2026-06-26T04:17:49+00:00
trackb_cont_DG_20260623,,,,,,120.129997,112.779999,,,,,,0.2845,pending,,2026-06-26T04:17:49+00:00
trackb_cont_DG_20260624,,,,,,120.129997,114.540001,,,,,,1.8495,pending,,2026-06-26T04:17:49+00:00
trackb_cont_DG_20260625,,,,,,120.129997,115.919998,,,,,,-2.7272,pending,,2026-06-26T04:17:49+00:00
trackb_cont_DHC_20260612,8.94,,,,,9.48,8.27,,,,,,-6.0227,pending,,2026-06-26T04:17:35+00:00
trackb_cont_DHC_20260616,9.36,,,,,9.48,8.27,,,,,,-6.0761,pending,,2026-06-26T04:17:35+00:00
trackb_cont_DHC_20260617,9.43,,,,,9.48,8.27,,,,,,-6.0761,pending,,2026-06-26T04:17:35+00:00
trackb_cont_DHC_20260618,,,,,,9.48,8.27,,,,,,-6.0761,pending,,2026-06-26T04:17:35+00:00
trackb_cont_DHC_20260619,,,,,,9.48,8.77,,,,,,-0.3975,pending,,2026-06-26T04:17:35+00:00
trackb_cont_DHC_20260625,,,,,,9.44,9.21,,,,,,-1.6026,pending,,2026-06-26T04:17:35+00:00
trackb_cont_DHI_20260603,146.710007,152.479996,,,,170.789993,143.630005,,,,,,-0.9448,pending,,2026-06-26T04:16:07+00:00
trackb_cont_DHI_20260604,154.429993,157.809998,,,,170.789993,143.630005,,,,,,-0.9448,pending,,2026-06-26T04:16:07+00:00
trackb_cont_DHI_20260605,154.089996,155.940002,,,,170.789993,143.630005,,,,,,-0.9448,pending,,2026-06-26T04:16:07+00:00
trackb_cont_DHI_20260608,155.089996,156.080002,,,,170.789993,143.630005,,,,,,-0.9448,pending,,2026-06-26T04:16:07+00:00
trackb_cont_DHI_20260611,157.809998,,,,,170.789993,146.470001,,,,,,-0.1636,pending,,2026-06-26T04:16:07+00:00
trackb_cont_DHI_20260616,166.509995,,,,,170.789993,151.960007,,,,,,-3.0744,pending,,2026-06-26T04:16:07+00:00
trackb_cont_DHI_20260617,166.949997,,,,,170.789993,151.960007,,,,,,-3.0744,pending,,2026-06-26T04:16:07+00:00
trackb_cont_DHR_20260610,177.759995,193.210007,,,,197.570007,174.220001,,,,,,-5.0727,pending,,2026-06-26T04:16:30+00:00
trackb_cont_DHR_20260612,178.190002,,,,,197.570007,174.220001,,,,,,-3.634,pending,,2026-06-26T04:16:30+00:00
trackb_cont_DINO_20260603,70.760002,65.910004,,,,74.379997,63.82,,,,,,-13.7975,pending,,2026-06-26T04:15:29+00:00
trackb_cont_DINO_20260604,69.900002,64.5,,,,73.919998,63.82,,,,,,-13.7975,pending,,2026-06-26T04:15:29+00:00
trackb_cont_DINO_20260605,71.260002,65.839996,,,,73.919998,63.82,,,,,,-13.7975,pending,,2026-06-26T04:15:29+00:00
trackb_cont_DINO_20260608,67.25,65.650002,,,,73.919998,63.82,,,,,,-10.6037,pending,,2026-06-26T04:15:29+00:00
trackb_cont_DKNG_20260612,25.65,,,,,30.129999,23.08,,,,,,-23.1179,pending,,2026-06-26T04:17:27+00:00
trackb_cont_DKNG_20260615,25.15,,,,,29.530001,23.08,,,,,,-19.8472,pending,,2026-06-26T04:17:27+00:00
trackb_cont_DKNG_20260616,24.530001,,,,,29.530001,23.08,,,,,,-18.8039,pending,,2026-06-26T04:17:27+00:00
trackb_cont_DKNG_20260617,23.1,,,,,29.219999,23.08,,,,,,-18.8039,pending,,2026-06-26T04:17:27+00:00
trackb_cont_DKNG_20260618,,,,,,26.6,23.08,,,,,,-12.31,pending,,2026-06-26T04:17:27+00:00
trackb_cont_DKNG_20260619,,,,,,26.42,23.08,,,,,,-12.31,pending,,2026-06-26T04:17:27+00:00
trackb_cont_DKNG_20260622,,,,,,26.42,23.08,,,,,,-12.31,pending,,2026-06-26T04:17:27+00:00
trackb_cont_DKS_20260625,,,,,,239.889999,229.25,,,,,,-3.2415,pending,,2026-06-26T04:17:01+00:00
trackb_cont_DK_20260608,44.73,43.41,,,,50.330002,40.889999,,,,,,-15.3065,pending,,2026-06-26T04:16:45+00:00
trackb_cont_DK_20260610,42.34,47.169998,,,,49.349998,40.889999,,,,,,-15.6559,pending,,2026-06-26T04:16:45+00:00
trackb_cont_DLR_20260625,,,,,,195.559998,189.529999,,,,,,-1.8081,pending,,2026-06-26T04:18:56+00:00
trackb_cont_DLTR_20260603,110.32,106.410004,,,,120.580002,105.220001,,,,,,-4.6359,pending,,2026-06-26T04:16:08+00:00
trackb_cont_DLTR_20260604,114.889999,111.650002,,,,120.580002,105.220001,,,,,,-4.6359,pending,,2026-06-26T04:16:08+00:00
trackb_cont_DLTR_20260605,114.0,113.93,,,,120.580002,105.220001,,,,,,-4.6359,pending,,2026-06-26T04:16:08+00:00
trackb_cont_DLTR_20260608,112.879997,113.410004,,,,120.580002,105.220001,,,,,,-4.6359,pending,,2026-06-26T04:16:08+00:00
trackb_cont_DLTR_20260609,110.739998,119.349998,,,,120.580002,105.220001,,,,,,-2.2936,pending,,2026-06-26T04:16:08+00:00
trackb_cont_DLTR_20260611,111.650002,,,,,120.580002,105.220001,,,,,,-4.6229,pending,,2026-06-26T04:16:08+00:00
trackb_cont_DLTR_20260616,119.349998,,,,,120.580002,105.220001,,,,,,-7.4905,pending,,2026-06-26T04:16:08+00:00
trackb_cont_DLTR_20260617,118.209999,,,,,120.580002,105.220001,,,,,,-7.4905,pending,,2026-06-26T04:16:08+00:00
trackb_cont_DLTR_20260618,,,,,,120.580002,107.449997,,,,,,-5.5299,pending,,2026-06-26T04:16:08+00:00
trackb_cont_DLTR_20260619,,,,,,120.580002,111.800003,,,,,,-1.7054,pending,,2026-06-26T04:16:08+00:00
trackb_cont_DNOW_20260608,13.7,13.41,,,,14.16,12.835,,,,,,-2.9856,pending,,2026-06-26T04:16:44+00:00
trackb_cont_DNOW_20260612,13.71,,,,,14.16,12.835,,,,,,-6.0395,pending,,2026-06-26T04:16:44+00:00
trackb_cont_DNOW_20260616,13.09,,,,,13.91,12.835,,,,,,-7.9268,pending,,2026-06-26T04:16:44+00:00
trackb_cont_DNOW_20260617,13.45,,,,,13.83,12.835,,,,,,-7.9268,pending,,2026-06-26T04:16:44+00:00
trackb_cont_DNUT_20260611,3.63,,,,,4.55,3.4,,,,,,-12.8205,pending,,2026-06-26T04:17:22+00:00
trackb_cont_DNUT_20260616,3.73,,,,,4.021,3.4,,,,,,-16.1529,pending,,2026-06-26T04:17:22+00:00
trackb_cont_DNUT_20260617,3.56,,,,,3.895,3.4,,,,,,-16.1529,pending,,2026-06-26T04:17:22+00:00
trackb_cont_DNUT_20260618,,,,,,3.85,3.4,,,,,,-16.1529,pending,,2026-06-26T04:17:22+00:00
trackb_cont_DNUT_20260619,,,,,,3.805,3.4,,,,,,-16.1529,pending,,2026-06-26T04:17:22+00:00
trackb_cont_DOCN_20260603,171.470001,177.809998,,,,187.5,142.839996,,,,,,-18.1902,pending,,2026-06-26T04:15:12+00:00
trackb_cont_DOCN_20260604,174.75,173.270004,,,,187.5,142.839996,,,,,,-18.1902,pending,,2026-06-26T04:15:12+00:00
trackb_cont_DOCN_20260605,170.440002,166.240005,,,,187.5,142.839996,,,,,,-18.1902,pending,,2026-06-26T04:15:12+00:00
trackb_cont_DOCN_20260608,181.289993,157.179993,,,,187.5,142.839996,,,,,,-18.1902,pending,,2026-06-26T04:15:12+00:00
trackb_cont_DOCN_20260612,166.240005,,,,,187.5,142.839996,,,,,,-18.2604,pending,,2026-06-26T04:15:12+00:00
trackb_cont_DOCN_20260618,,,,,,182.779999,142.839996,,,,,,-19.7528,pending,,2026-06-26T04:15:12+00:00
trackb_cont_DOCN_20260619,,,,,,174.931,142.839996,,,,,,-19.7528,pending,,2026-06-26T04:15:12+00:00
trackb_cont_DOCN_20260622,,,,,,174.931,142.839996,,,,,,-17.5622,pending,,2026-06-26T04:15:12+00:00
trackb_cont_DOC_20260603,20.469999,19.4,,,,21.24,19.07,,,,,,-1.3706,pending,,2026-06-26T04:15:54+00:00
trackb_cont_DOC_20260604,20.5,19.559999,,,,21.24,19.23,,,,,,-0.5431,pending,,2026-06-26T04:15:54+00:00
trackb_cont_DOC_20260605,20.690001,19.98,,,,21.24,19.309999,,,,,,-0.1293,pending,,2026-06-26T04:15:54+00:00
trackb_cont_DOC_20260612,19.98,,,,,21.24,19.309999,,,,,,-5.8049,pending,,2026-06-26T04:15:54+00:00
trackb_cont_DOC_20260616,20.82,,,,,21.24,19.309999,,,,,,-5.5977,pending,,2026-06-26T04:15:54+00:00
trackb_cont_DOC_20260617,21.23,,,,,21.24,19.309999,,,,,,-5.5977,pending,,2026-06-26T04:15:54+00:00
trackb_cont_DOC_20260618,,,,,,21.24,19.440001,,,,,,-4.9621,pending,,2026-06-26T04:15:54+00:00
trackb_cont_DOC_20260619,,,,,,21.24,19.58,,,,,,-4.2777,pending,,2026-06-26T04:15:54+00:00
trackb_cont_DOC_20260625,,,,,,21.24,20.799999,,,,,,-0.0961,pending,,2026-06-26T04:15:54+00:00
trackb_cont_DORM_20260603,126.830002,122.769997,,,,136.520004,118.959999,,,,,,-4.2807,pending,,2026-06-26T04:15:06+00:00
trackb_cont_DORM_20260604,128.210007,125.660004,,,,136.520004,118.959999,,,,,,-4.2807,pending,,2026-06-26T04:15:06+00:00
trackb_cont_DORM_20260605,127.860001,124.720001,,,,136.520004,118.959999,,,,,,-4.2807,pending,,2026-06-26T04:15:06+00:00
trackb_cont_DORM_20260608,126.139999,128.149994,,,,136.520004,118.959999,,,,,,-6.3528,pending,,2026-06-26T04:15:06+00:00
trackb_cont_DORM_20260611,125.660004,,,,,136.520004,118.959999,,,,,,-6.2052,pending,,2026-06-26T04:15:06+00:00
trackb_cont_DORM_20260615,128.149994,,,,,136.520004,118.959999,,,,,,-9.1839,pending,,2026-06-26T04:15:06+00:00
trackb_cont_DORM_20260616,131.869995,,,,,136.520004,118.959999,,,,,,-7.077,pending,,2026-06-26T04:15:06+00:00
trackb_cont_DORM_20260617,134.369995,,,,,136.520004,118.959999,,,,,,-7.077,pending,,2026-06-26T04:15:06+00:00
trackb_cont_DORM_20260618,,,,,,136.520004,123.449997,,,,,,-3.5698,pending,,2026-06-26T04:15:06+00:00
trackb_cont_DORM_20260619,,,,,,136.520004,123.449997,,,,,,-3.5698,pending,,2026-06-26T04:15:06+00:00
trackb_cont_DOV_20260625,,,,,,233.649994,224.589996,,,,,,0.1248,pending,,2026-06-26T04:17:40+00:00
trackb_cont_DRH_20260603,11.64,11.87,,,,12.45,11.07,,,,,,-1.3808,pending,,2026-06-26T04:15:15+00:00
trackb_cont_DRH_20260604,11.84,12.31,,,,12.45,11.32,,,,,,0.8463,pending,,2026-06-26T04:15:15+00:00
trackb_cont_DRH_20260605,11.92,12.25,,,,12.45,11.53,,,,,,2.7171,pending,,2026-06-26T04:15:15+00:00
trackb_cont_DRH_20260608,11.94,12.3,,,,12.45,11.53,,,,,,-0.6891,pending,,2026-06-26T04:15:15+00:00
trackb_cont_DRH_20260609,12.02,12.19,,,,12.45,11.53,,,,,,-0.6891,pending,,2026-06-26T04:15:15+00:00
trackb_cont_DRH_20260611,12.31,,,,,12.45,11.71,,,,,,0.6014,pending,,2026-06-26T04:15:15+00:00
trackb_cont_DRH_20260612,12.25,,,,,12.45,11.8,,,,,,-0.3378,pending,,2026-06-26T04:15:15+00:00
trackb_cont_DRH_20260616,12.19,,,,,12.45,11.8,,,,,,-1.0897,pending,,2026-06-26T04:15:15+00:00
trackb_cont_DRH_20260617,12.41,,,,,12.45,11.8,,,,,,-1.0897,pending,,2026-06-26T04:15:15+00:00
trackb_cont_DRH_20260618,,,,,,12.45,11.98,,,,,,0.9267,pending,,2026-06-26T04:15:15+00:00
trackb_cont_DRH_20260619,,,,,,12.45,11.98,,,,,,0.9267,pending,,2026-06-26T04:15:15+00:00
trackb_cont_DRH_20260622,,,,,,12.45,11.98,,,,,,-2.6808,pending,,2026-06-26T04:15:15+00:00
trackb_cont_DRH_20260623,,,,,,12.43,11.98,,,,,,-2.2041,pending,,2026-06-26T04:15:15+00:00
trackb_cont_DRH_20260624,,,,,,12.42,11.98,,,,,,-2.2041,pending,,2026-06-26T04:15:15+00:00
trackb_cont_DRH_20260625,,,,,,12.42,12.19,,,,,,-0.4898,pending,,2026-06-26T04:15:15+00:00
trackb_cont_DRI_20260616,213.449997,,,,,219.380005,207.199997,,,,,,-1.5116,pending,,2026-06-26T04:18:10+00:00
trackb_cont_DRI_20260617,212.759995,,,,,219.380005,207.350006,,,,,,-1.4402,pending,,2026-06-26T04:18:10+00:00
trackb_cont_DRI_20260618,,,,,,219.380005,207.350006,,,,,,-1.4402,pending,,2026-06-26T04:18:10+00:00
trackb_cont_DRI_20260619,,,,,,218.669998,207.350006,,,,,,-1.4402,pending,,2026-06-26T04:18:10+00:00
trackb_cont_DRI_20260623,,,,,,216.380005,207.350006,,,,,,-2.1934,pending,,2026-06-26T04:18:10+00:00
trackb_cont_DRI_20260624,,,,,,216.380005,207.350006,,,,,,-2.1934,pending,,2026-06-26T04:18:10+00:00
trackb_cont_DSGR_20260616,27.5,,,,,28.75,26.93,,,,,,-3.4421,pending,,2026-06-26T04:18:15+00:00
trackb_cont_DTE_20260616,151.100006,,,,,153.570007,145.979996,,,,,,-1.6639,pending,,2026-06-26T04:18:09+00:00
trackb_cont_DTE_20260617,152.809998,,,,,153.570007,145.979996,,,,,,-1.6639,pending,,2026-06-26T04:18:09+00:00
trackb_cont_DTE_20260618,,,,,,153.570007,145.979996,,,,,,-1.6639,pending,,2026-06-26T04:18:09+00:00
trackb_cont_DTE_20260619,,,,,,153.570007,145.979996,,,,,,-1.6639,pending,,2026-06-26T04:18:09+00:00
trackb_cont_DTE_20260622,,,,,,153.570007,145.979996,,,,,,-1.0708,pending,,2026-06-26T04:18:09+00:00
trackb_cont_DTE_20260623,,,,,,153.570007,146.679993,,,,,,-0.5964,pending,,2026-06-26T04:18:09+00:00
trackb_cont_DTE_20260625,,,,,,153.570007,151.369995,,,,,,0.1787,pending,,2026-06-26T04:18:09+00:00
trackb_cont_DVA_20260603,198.539993,210.580002,,,,215.330002,186.610001,,,,,,-3.0144,pending,,2026-06-26T04:16:21+00:00
trackb_cont_DVA_20260604,203.830002,207.910004,,,,215.330002,190.429993,,,,,,-1.0291,pending,,2026-06-26T04:16:21+00:00
trackb_cont_DVA_20260605,208.660004,209.679993,,,,215.330002,190.429993,,,,,,-1.0291,pending,,2026-06-26T04:16:21+00:00
trackb_cont_DVA_20260608,209.75,210.929993,,,,215.330002,190.429993,,,,,,-1.0291,pending,,2026-06-26T04:16:21+00:00
trackb_cont_DVA_20260616,213.039993,,,,,215.330002,206.850006,,,,,,-0.8247,pending,,2026-06-26T04:16:21+00:00
trackb_cont_DVA_20260617,213.360001,,,,,215.330002,206.850006,,,,,,-0.8247,pending,,2026-06-26T04:16:21+00:00
trackb_cont_DVA_20260618,,,,,,215.330002,206.850006,,,,,,-0.8247,pending,,2026-06-26T04:16:21+00:00
trackb_cont_DVA_20260619,,,,,,215.330002,207.100006,,,,,,-0.7048,pending,,2026-06-26T04:16:21+00:00
trackb_cont_DVA_20260622,,,,,,215.330002,207.100006,,,,,,-0.3896,pending,,2026-06-26T04:16:21+00:00
trackb_cont_DVA_20260623,,,,,,215.029999,207.100006,,,,,,-0.3896,pending,,2026-06-26T04:16:21+00:00
trackb_cont_DV_20260612,10.17,,,,,10.675,9.905,,,,,,-3.1769,pending,,2026-06-26T04:17:34+00:00
trackb_cont_DV_20260622,,,,,,10.675,9.905,,,,,,-4.1142,pending,,2026-06-26T04:17:34+00:00
trackb_cont_DV_20260623,,,,,,10.675,9.905,,,,,,-4.1142,pending,,2026-06-26T04:17:34+00:00
trackb_cont_DXCM_20260603,74.769997,71.230003,,,,78.910004,68.550003,,,,,,-4.9567,pending,,2026-06-26T04:15:39+00:00
trackb_cont_DXCM_20260604,75.25,72.470001,,,,78.910004,68.550003,,,,,,-4.9567,pending,,2026-06-26T04:15:39+00:00
trackb_cont_DXCM_20260605,75.370003,69.07,,,,78.910004,68.550003,,,,,,-4.9567,pending,,2026-06-26T04:15:39+00:00
trackb_cont_DXCM_20260608,74.220001,68.919998,,,,78.910004,68.550003,,,,,,-5.9155,pending,,2026-06-26T04:15:39+00:00
trackb_cont_DXCM_20260615,68.919998,,,,,75.699997,68.550003,,,,,,-7.9124,pending,,2026-06-26T04:15:39+00:00
trackb_cont_DXCM_20260616,69.75,,,,,74.660004,68.550003,,,,,,-7.5523,pending,,2026-06-26T04:15:39+00:00
trackb_cont_DXCM_20260617,68.650002,,,,,74.260002,68.550003,,,,,,-7.5523,pending,,2026-06-26T04:15:39+00:00
trackb_cont_DXCM_20260618,,,,,,73.690002,68.550003,,,,,,-7.5523,pending,,2026-06-26T04:15:39+00:00
trackb_cont_DXCM_20260619,,,,,,71.919998,68.550003,,,,,,-7.5523,pending,,2026-06-26T04:15:39+00:00
trackb_cont_DXPE_20260612,169.050003,,,,,175.130005,161.860001,,,,,,-3.3325,pending,,2026-06-26T04:17:33+00:00
trackb_cont_DXPE_20260616,167.919998,,,,,175.130005,161.860001,,,,,,-5.5604,pending,,2026-06-26T04:17:33+00:00
trackb_cont_DXPE_20260617,166.990005,,,,,175.130005,161.860001,,,,,,-5.5604,pending,,2026-06-26T04:17:33+00:00
trackb_cont_DXPE_20260618,,,,,,175.130005,161.860001,,,,,,-1.8257,pending,,2026-06-26T04:17:33+00:00
trackb_cont_DXPE_20260619,,,,,,175.130005,161.860001,,,,,,-1.8257,pending,,2026-06-26T04:17:33+00:00
trackb_cont_DXPE_20260622,,,,,,175.130005,161.860001,,,,,,-1.8257,pending,,2026-06-26T04:17:33+00:00
trackb_cont_D_20260603,66.769997,68.019997,,,,70.169998,65.459999,,,,,,-1.697,pending,,2026-06-26T04:16:05+00:00
trackb_cont_D_20260604,66.690002,68.410004,,,,70.169998,65.470001,,,,,,-1.6819,pending,,2026-06-26T04:16:05+00:00
trackb_cont_D_20260605,67.910004,68.040001,,,,70.169998,65.470001,,,,,,-1.6819,pending,,2026-06-26T04:16:05+00:00
trackb_cont_D_20260608,68.150002,68.449997,,,,70.169998,65.470001,,,,,,-1.6819,pending,,2026-06-26T04:16:05+00:00
trackb_cont_D_20260609,68.5,69.260002,,,,70.169998,65.470001,,,,,,-0.0763,pending,,2026-06-26T04:16:05+00:00
trackb_cont_D_20260610,68.019997,69.510002,,,,70.169998,66.160004,,,,,,0.9768,pending,,2026-06-26T04:16:05+00:00
trackb_cont_D_20260615,68.449997,,,,,70.169998,67.330002,,,,,,-0.0445,pending,,2026-06-26T04:16:05+00:00
trackb_cont_D_20260616,69.260002,,,,,70.169998,67.870003,,,,,,-0.7313,pending,,2026-06-26T04:16:05+00:00
trackb_cont_D_20260617,69.510002,,,,,70.169998,67.870003,,,,,,-0.7313,pending,,2026-06-26T04:16:05+00:00
trackb_cont_D_20260618,,,,,,70.169998,67.870003,,,,,,-0.3524,pending,,2026-06-26T04:16:05+00:00
trackb_cont_D_20260619,,,,,,70.169998,67.870003,,,,,,-0.3524,pending,,2026-06-26T04:16:05+00:00
trackb_cont_D_20260622,,,,,,70.169998,67.870003,,,,,,-0.3524,pending,,2026-06-26T04:16:05+00:00
trackb_cont_D_20260623,,,,,,70.169998,68.07,,,,,,-0.0587,pending,,2026-06-26T04:16:05+00:00
trackb_cont_D_20260625,,,,,,70.169998,68.779999,,,,,,-0.693,pending,,2026-06-26T04:16:05+00:00
trackb_cont_EAT_20260615,164.25,,,,,177.770004,151.410004,,,,,,-6.2877,pending,,2026-06-26T04:17:02+00:00
trackb_cont_EAT_20260616,169.869995,,,,,177.770004,151.410004,,,,,,-3.1905,pending,,2026-06-26T04:17:02+00:00
trackb_cont_EAT_20260617,173.410004,,,,,177.770004,151.410004,,,,,,-3.1905,pending,,2026-06-26T04:17:02+00:00
trackb_cont_EAT_20260618,,,,,,177.770004,161.0,,,,,,2.9412,pending,,2026-06-26T04:17:02+00:00
trackb_cont_EAT_20260619,,,,,,177.770004,162.050003,,,,,,3.6125,pending,,2026-06-26T04:17:02+00:00
trackb_cont_EAT_20260622,,,,,,177.770004,162.050003,,,,,,-1.7224,pending,,2026-06-26T04:17:02+00:00
trackb_cont_EAT_20260623,,,,,,177.770004,162.050003,,,,,,-1.4654,pending,,2026-06-26T04:17:02+00:00
trackb_cont_EAT_20260624,,,,,,177.770004,164.949997,,,,,,0.2979,pending,,2026-06-26T04:17:02+00:00
trackb_cont_EAT_20260625,,,,,,177.770004,166.710007,,,,,,-1.8602,pending,,2026-06-26T04:17:02+00:00
trackb_cont_EA_20260603,203.199997,203.020004,,,,205.220001,201.800003,,,,,,-0.3654,pending,,2026-06-26T04:15:37+00:00
trackb_cont_EA_20260604,203.050003,202.149994,,,,205.220001,201.800003,,,,,,-0.3654,pending,,2026-06-26T04:15:37+00:00
trackb_cont_EA_20260605,203.270004,202.970001,,,,205.220001,201.800003,,,,,,-0.3654,pending,,2026-06-26T04:15:37+00:00
trackb_cont_EA_20260608,203.119995,203.520004,,,,205.220001,201.800003,,,,,,-0.5911,pending,,2026-06-26T04:15:37+00:00
trackb_cont_EA_20260610,203.020004,204.729996,,,,205.220001,201.800003,,,,,,-0.689,pending,,2026-06-26T04:15:37+00:00
trackb_cont_EA_20260616,204.520004,,,,,205.220001,201.800003,,,,,,-0.6401,pending,,2026-06-26T04:15:37+00:00
trackb_cont_EA_20260617,204.729996,,,,,205.220001,201.800003,,,,,,-0.6401,pending,,2026-06-26T04:15:37+00:00
trackb_cont_EA_20260618,,,,,,205.220001,201.800003,,,,,,-0.6009,pending,,2026-06-26T04:15:37+00:00
trackb_cont_EA_20260619,,,,,,205.220001,202.25,,,,,,-0.3793,pending,,2026-06-26T04:15:37+00:00
trackb_cont_EA_20260622,,,,,,205.220001,202.25,,,,,,-0.3793,pending,,2026-06-26T04:15:37+00:00
trackb_cont_EA_20260625,,,,,,205.220001,204.119995,,,,,,-0.1956,pending,,2026-06-26T04:15:37+00:00
trackb_cont_ECL_20260616,276.290009,,,,,283.410004,265.920013,,,,,,-1.8564,pending,,2026-06-26T04:16:53+00:00
trackb_cont_ECL_20260617,281.200012,,,,,283.410004,265.920013,,,,,,-1.8564,pending,,2026-06-26T04:16:53+00:00
trackb_cont_ECL_20260618,,,,,,283.410004,265.920013,,,,,,-1.8564,pending,,2026-06-26T04:16:53+00:00
trackb_cont_ECL_20260619,,,,,,283.410004,265.920013,,,,,,-1.8564,pending,,2026-06-26T04:16:53+00:00
trackb_cont_ECL_20260623,,,,,,283.410004,267.100006,,,,,,-0.8317,pending,,2026-06-26T04:16:53+00:00
trackb_cont_ECL_20260624,,,,,,283.410004,270.049988,,,,,,0.2636,pending,,2026-06-26T04:16:53+00:00
trackb_cont_ECL_20260625,,,,,,283.410004,277.0,,,,,,2.844,pending,,2026-06-26T04:16:53+00:00
trackb_cont_ECPG_20260625,,,,,,87.400002,85.419998,,,,,,-1.895,pending,,2026-06-26T04:18:57+00:00
trackb_cont_EEX_20260603,5.03,5.02,,,,5.06,4.97,,,,,,-0.1005,pending,,2026-06-26T04:15:27+00:00
trackb_cont_EEX_20260604,5.02,5.02,,,,5.06,4.97,,,,,,-0.1005,pending,,2026-06-26T04:15:27+00:00
trackb_cont_EEX_20260605,5.02,5.03,,,,5.06,4.97,,,,,,-0.1005,pending,,2026-06-26T04:15:27+00:00
trackb_cont_EEX_20260608,4.99,5.03,,,,5.06,4.98,,,,,,0.1005,pending,,2026-06-26T04:15:27+00:00
trackb_cont_EEX_20260610,5.02,5.03,,,,5.06,4.99,,,,,,-0.0,pending,,2026-06-26T04:15:27+00:00
trackb_cont_EEX_20260611,5.02,,,,,5.06,4.99,,,,,,-0.7952,pending,,2026-06-26T04:15:27+00:00
trackb_cont_EEX_20260612,5.03,,,,,5.04,4.99,,,,,,-0.5976,pending,,2026-06-26T04:15:27+00:00
trackb_cont_EFC_20260603,13.61,13.42,,,,13.82,13.23,,,,,,-1.3974,pending,,2026-06-26T04:14:58+00:00
trackb_cont_EFC_20260604,13.63,13.44,,,,13.82,13.23,,,,,,-1.3974,pending,,2026-06-26T04:14:58+00:00
trackb_cont_EFC_20260605,13.68,13.3,,,,13.82,13.23,,,,,,-1.3974,pending,,2026-06-26T04:14:58+00:00
trackb_cont_EFC_20260616,13.65,,,,,13.82,13.23,,,,,,-3.1124,pending,,2026-06-26T04:14:58+00:00
trackb_cont_EFC_20260617,13.65,,,,,13.82,13.23,,,,,,-3.1124,pending,,2026-06-26T04:14:58+00:00
trackb_cont_EFX_20260603,166.059998,154.839996,,,,178.339996,150.75,,,,,,-10.0456,pending,,2026-06-26T04:15:36+00:00
trackb_cont_EFX_20260604,159.580002,153.929993,,,,178.339996,150.75,,,,,,-10.0456,pending,,2026-06-26T04:15:36+00:00
trackb_cont_EFX_20260605,163.710007,153.490005,,,,174.0,150.75,,,,,,-10.0456,pending,,2026-06-26T04:15:36+00:00
trackb_cont_EGP_20260616,203.550003,,,,,207.580002,196.889999,,,,,,-4.3108,pending,,2026-06-26T04:18:12+00:00
trackb_cont_EGP_20260617,204.690002,,,,,207.580002,196.889999,,,,,,-4.3108,pending,,2026-06-26T04:18:12+00:00
trackb_cont_EGP_20260618,,,,,,207.580002,198.139999,,,,,,-3.7033,pending,,2026-06-26T04:18:12+00:00
trackb_cont_EGP_20260619,,,,,,207.580002,199.880005,,,,,,-2.8577,pending,,2026-06-26T04:18:12+00:00
trackb_cont_EHTH_20260615,1.58,,,,,1.85,1.5,,,,,,-18.4783,pending,,2026-06-26T04:17:49+00:00
trackb_cont_EHTH_20260616,1.78,,,,,1.83,1.5,,,,,,-15.493,pending,,2026-06-26T04:17:49+00:00
trackb_cont_EHTH_20260617,1.6,,,,,1.83,1.5,,,,,,-15.493,pending,,2026-06-26T04:17:49+00:00
trackb_cont_EIG_20260603,46.619999,46.43,,,,49.259998,43.150002,,,,,,-0.6104,pending,,2026-06-26T04:15:44+00:00
trackb_cont_EIG_20260604,46.41,46.549999,,,,49.259998,44.119999,,,,,,1.6239,pending,,2026-06-26T04:15:44+00:00
trackb_cont_EIG_20260605,46.25,46.52,,,,49.259998,44.639999,,,,,,2.8216,pending,,2026-06-26T04:15:44+00:00
trackb_cont_EIG_20260608,45.84,48.18,,,,49.259998,45.439999,,,,,,4.6643,pending,,2026-06-26T04:15:44+00:00
trackb_cont_EIG_20260610,46.43,48.52,,,,49.259998,45.790001,,,,,,0.4387,pending,,2026-06-26T04:15:44+00:00
trackb_cont_EIG_20260612,46.52,,,,,49.259998,45.790001,,,,,,-1.3359,pending,,2026-06-26T04:15:44+00:00
trackb_cont_EIG_20260615,48.18,,,,,49.259998,45.790001,,,,,,-1.1229,pending,,2026-06-26T04:15:44+00:00
trackb_cont_EIG_20260616,48.810001,,,,,49.259998,45.849998,,,,,,-0.8113,pending,,2026-06-26T04:15:44+00:00
trackb_cont_EIG_20260617,48.52,,,,,49.259998,45.93,,,,,,-0.6382,pending,,2026-06-26T04:15:44+00:00
trackb_cont_EIG_20260618,,,,,,49.259998,46.130001,,,,,,-0.2055,pending,,2026-06-26T04:15:44+00:00
trackb_cont_EIG_20260619,,,,,,49.259998,46.52,,,,,,0.6382,pending,,2026-06-26T04:15:44+00:00
trackb_cont_EIG_20260625,,,,,,49.200001,48.200001,,,,,,-1.2497,pending,,2026-06-26T04:15:44+00:00
trackb_cont_EIX_20260603,71.5,70.900002,,,,75.330002,70.540001,,,,,,-2.495,pending,,2026-06-26T04:15:38+00:00
trackb_cont_EIX_20260604,72.339996,71.889999,,,,75.330002,70.540001,,,,,,-2.495,pending,,2026-06-26T04:15:38+00:00
trackb_cont_EIX_20260605,72.949997,72.199997,,,,75.330002,70.540001,,,,,,-2.495,pending,,2026-06-26T04:15:38+00:00
trackb_cont_EIX_20260608,72.139999,72.940002,,,,75.330002,70.540001,,,,,,-2.495,pending,,2026-06-26T04:15:38+00:00
trackb_cont_EIX_20260610,70.900002,74.75,,,,75.330002,70.540001,,,,,,-0.4235,pending,,2026-06-26T04:15:38+00:00
trackb_cont_EIX_20260615,72.940002,,,,,75.330002,70.540001,,,,,,-1.7686,pending,,2026-06-26T04:15:38+00:00
trackb_cont_EIX_20260616,74.220001,,,,,75.330002,70.540001,,,,,,-2.6161,pending,,2026-06-26T04:15:38+00:00
trackb_cont_EIX_20260617,74.75,,,,,75.330002,70.540001,,,,,,-2.6161,pending,,2026-06-26T04:15:38+00:00
trackb_cont_EIX_20260618,,,,,,75.330002,70.870003,,,,,,-2.1606,pending,,2026-06-26T04:15:38+00:00
trackb_cont_EIX_20260619,,,,,,75.330002,71.620003,,,,,,-1.1251,pending,,2026-06-26T04:15:38+00:00
trackb_cont_ELF_20260615,63.490002,,,,,70.300003,61.529999,,,,,,-5.7445,pending,,2026-06-26T04:17:46+00:00
trackb_cont_ELF_20260616,64.540001,,,,,70.300003,61.529999,,,,,,-3.2699,pending,,2026-06-26T04:17:46+00:00
trackb_cont_ELF_20260617,65.089996,,,,,68.980003,61.529999,,,,,,-3.2699,pending,,2026-06-26T04:17:46+00:00
trackb_cont_ELF_20260618,,,,,,66.32,61.529999,,,,,,-3.2699,pending,,2026-06-26T04:17:46+00:00
trackb_cont_ELF_20260619,,,,,,66.32,61.529999,,,,,,-3.2699,pending,,2026-06-26T04:17:46+00:00
trackb_cont_ELS_20260611,62.189999,,,,,65.220001,61.419998,,,,,,-4.5087,pending,,2026-06-26T04:17:22+00:00
trackb_cont_ELS_20260616,63.299999,,,,,64.800003,61.419998,,,,,,-4.4716,pending,,2026-06-26T04:17:22+00:00
trackb_cont_ELS_20260617,62.93,,,,,64.519997,61.419998,,,,,,-4.4716,pending,,2026-06-26T04:17:22+00:00
trackb_cont_ELV_20260611,388.5,,,,,406.920013,381.23999,,,,,,-5.7643,pending,,2026-06-26T04:17:15+00:00
trackb_cont_EL_20260615,83.760002,,,,,91.540001,81.18,,,,,,-11.1018,pending,,2026-06-26T04:17:51+00:00
trackb_cont_EL_20260616,83.269997,,,,,91.540001,81.18,,,,,,-10.3974,pending,,2026-06-26T04:17:51+00:00
trackb_cont_EL_20260617,81.5,,,,,88.589996,81.18,,,,,,-10.3974,pending,,2026-06-26T04:17:51+00:00
trackb_cont_EMN_20260603,71.339996,72.120003,,,,77.129997,69.050003,,,,,,-9.6677,pending,,2026-06-26T04:15:41+00:00
trackb_cont_EMN_20260604,73.32,72.489998,,,,77.129997,69.050003,,,,,,-9.6677,pending,,2026-06-26T04:15:41+00:00
trackb_cont_EMN_20260605,75.220001,71.959999,,,,77.129997,69.050003,,,,,,-9.6677,pending,,2026-06-26T04:15:41+00:00
trackb_cont_EMN_20260608,75.279999,69.480003,,,,77.129997,69.050003,,,,,,-9.6677,pending,,2026-06-26T04:15:41+00:00
trackb_cont_EMN_20260615,69.480003,,,,,77.129997,69.050003,,,,,,-9.276,pending,,2026-06-26T04:15:41+00:00
trackb_cont_EMN_20260616,70.400002,,,,,75.730003,69.050003,,,,,,-9.1746,pending,,2026-06-26T04:15:41+00:00
trackb_cont_EMN_20260617,70.610001,,,,,75.059998,69.050003,,,,,,-9.1746,pending,,2026-06-26T04:15:41+00:00
trackb_cont_EMR_20260615,143.139999,,,,,152.880005,140.899994,,,,,,-4.8471,pending,,2026-06-26T04:17:36+00:00
trackb_cont_EMR_20260616,141.440002,,,,,152.880005,140.899994,,,,,,-4.6588,pending,,2026-06-26T04:17:36+00:00
trackb_cont_EMR_20260617,145.339996,,,,,152.880005,140.899994,,,,,,-4.6588,pending,,2026-06-26T04:17:36+00:00
trackb_cont_EMR_20260618,,,,,,152.880005,140.899994,,,,,,-4.6588,pending,,2026-06-26T04:17:36+00:00
trackb_cont_EMR_20260619,,,,,,152.0,140.899994,,,,,,-4.6588,pending,,2026-06-26T04:17:36+00:00
trackb_cont_EMR_20260622,,,,,,152.0,140.899994,,,,,,-6.4782,pending,,2026-06-26T04:17:36+00:00
trackb_cont_EMR_20260623,,,,,,147.339996,140.899994,,,,,,-6.4782,pending,,2026-06-26T04:17:36+00:00
trackb_cont_ENPH_20260603,50.57,47.779999,,,,72.800003,44.450001,,,,,,-35.7009,pending,,2026-06-26T04:14:49+00:00
trackb_cont_ENPH_20260604,54.93,52.279999,,,,69.940002,44.450001,,,,,,-35.7009,pending,,2026-06-26T04:14:49+00:00
trackb_cont_ENPH_20260605,54.59,52.41,,,,66.610001,44.450001,,,,,,-35.7009,pending,,2026-06-26T04:14:49+00:00
trackb_cont_ENPH_20260608,52.400002,47.220001,,,,60.0,44.450001,,,,,,-35.7009,pending,,2026-06-26T04:14:49+00:00
trackb_cont_ENR_20260608,20.129999,21.59,,,,23.25,19.212999,,,,,,-1.1677,pending,,2026-06-26T04:16:43+00:00
trackb_cont_ENR_20260616,22.52,,,,,23.25,19.84,,,,,,-2.0489,pending,,2026-06-26T04:16:43+00:00
trackb_cont_ENR_20260617,22.35,,,,,23.25,19.84,,,,,,-2.0489,pending,,2026-06-26T04:16:43+00:00
trackb_cont_ENR_20260618,,,,,,23.25,20.280001,,,,,,0.1234,pending,,2026-06-26T04:16:43+00:00
trackb_cont_ENR_20260619,,,,,,23.25,20.73,,,,,,2.3451,pending,,2026-06-26T04:16:43+00:00
trackb_cont_ENR_20260622,,,,,,23.25,20.73,,,,,,-3.671,pending,,2026-06-26T04:16:43+00:00
trackb_cont_ENR_20260623,,,,,,23.25,21.1,,,,,,-1.9517,pending,,2026-06-26T04:16:43+00:00
trackb_cont_ENS_20260603,220.759995,227.679993,,,,241.419998,214.139999,,,,,,-10.2947,pending,,2026-06-26T04:15:58+00:00
trackb_cont_ENS_20260604,222.919998,227.949997,,,,241.419998,214.139999,,,,,,-10.2947,pending,,2026-06-26T04:15:58+00:00
trackb_cont_ENS_20260605,224.259995,232.940002,,,,237.520004,214.139999,,,,,,-10.2947,pending,,2026-06-26T04:15:58+00:00
trackb_cont_ENS_20260608,231.419998,223.429993,,,,237.520004,214.139999,,,,,,-5.6984,pending,,2026-06-26T04:15:58+00:00
trackb_cont_ENTG_20260615,168.220001,,,,,186.940002,151.449997,,,,,,-6.926,pending,,2026-06-26T04:17:36+00:00
trackb_cont_ENTG_20260616,171.460007,,,,,186.940002,151.449997,,,,,,-8.3509,pending,,2026-06-26T04:17:36+00:00
trackb_cont_ENTG_20260617,176.279999,,,,,186.940002,156.490005,,,,,,-5.301,pending,,2026-06-26T04:17:36+00:00
trackb_cont_ENTG_20260622,,,,,,186.940002,164.419998,,,,,,-8.0271,pending,,2026-06-26T04:17:36+00:00
trackb_cont_ENTG_20260623,,,,,,184.0,164.419998,,,,,,-10.6413,pending,,2026-06-26T04:17:36+00:00
trackb_cont_ENTG_20260624,,,,,,184.0,165.539993,,,,,,-10.0326,pending,,2026-06-26T04:17:36+00:00
trackb_cont_ENTG_20260625,,,,,,184.0,169.380005,,,,,,-7.9456,pending,,2026-06-26T04:17:36+00:00
trackb_cont_ENVA_20260612,204.740005,,,,,224.949997,185.690002,,,,,,-2.0571,pending,,2026-06-26T04:17:32+00:00
trackb_cont_ENVA_20260616,216.580002,,,,,224.949997,185.690002,,,,,,-1.5273,pending,,2026-06-26T04:17:32+00:00
trackb_cont_ENVA_20260617,221.380005,,,,,224.949997,193.850006,,,,,,2.8,pending,,2026-06-26T04:17:32+00:00
trackb_cont_ENVA_20260618,,,,,,224.949997,198.179993,,,,,,-0.4621,pending,,2026-06-26T04:17:32+00:00
trackb_cont_ENVA_20260619,,,,,,224.949997,198.429993,,,,,,-0.3365,pending,,2026-06-26T04:17:32+00:00
trackb_cont_ENVA_20260622,,,,,,224.949997,198.429993,,,,,,-2.0341,pending,,2026-06-26T04:17:32+00:00
trackb_cont_ENVA_20260623,,,,,,224.949997,198.429993,,,,,,-2.0341,pending,,2026-06-26T04:17:32+00:00
trackb_cont_ENVX_20260603,6.28,6.69,,,,8.68,5.84,,,,,,-30.5175,pending,,2026-06-26T04:15:33+00:00
trackb_cont_ENVX_20260604,6.7,7.08,,,,8.545,5.84,,,,,,-30.5175,pending,,2026-06-26T04:15:33+00:00
trackb_cont_ENVX_20260605,6.66,7.05,,,,8.23,5.84,,,,,,-30.5175,pending,,2026-06-26T04:15:33+00:00
trackb_cont_ENVX_20260608,7.08,6.33,,,,7.68,5.84,,,,,,-30.5175,pending,,2026-06-26T04:15:33+00:00
trackb_cont_EOSE_20260603,6.07,7.6,,,,9.128,5.795,,,,,,-32.5771,pending,,2026-06-26T04:15:35+00:00
trackb_cont_EOSE_20260604,6.2,7.65,,,,8.23,5.795,,,,,,-32.5771,pending,,2026-06-26T04:15:35+00:00
trackb_cont_EOSE_20260605,6.06,7.34,,,,8.23,5.795,,,,,,-32.5771,pending,,2026-06-26T04:15:35+00:00
trackb_cont_EPC_20260612,22.719999,,,,,26.74,21.57,,,,,,-0.3695,pending,,2026-06-26T04:17:14+00:00
trackb_cont_EPC_20260615,26.219999,,,,,26.74,21.67,,,,,,-6.3324,pending,,2026-06-26T04:17:14+00:00
trackb_cont_EPC_20260616,26.58,,,,,26.74,21.67,,,,,,-6.2311,pending,,2026-06-26T04:17:14+00:00
trackb_cont_EPC_20260617,25.49,,,,,26.74,21.67,,,,,,-6.2311,pending,,2026-06-26T04:17:14+00:00
trackb_cont_EPC_20260618,,,,,,26.74,21.67,,,,,,-6.2311,pending,,2026-06-26T04:17:14+00:00
trackb_cont_EPC_20260619,,,,,,26.74,21.67,,,,,,-6.2311,pending,,2026-06-26T04:17:14+00:00
trackb_cont_EPC_20260623,,,,,,26.74,24.66,,,,,,8.5387,pending,,2026-06-26T04:17:14+00:00
trackb_cont_EPC_20260624,,,,,,26.74,25.15,,,,,,10.6954,pending,,2026-06-26T04:17:14+00:00
trackb_cont_EPC_20260625,,,,,,26.74,25.15,,,,,,10.6954,pending,,2026-06-26T04:17:14+00:00
trackb_cont_EPR_20260616,58.939999,,,,,59.610001,57.25,,,,,,-2.7436,pending,,2026-06-26T04:18:15+00:00
trackb_cont_EPR_20260617,59.040001,,,,,59.610001,57.25,,,,,,-2.7436,pending,,2026-06-26T04:18:15+00:00
trackb_cont_EPSM_20260603,1.84,1.56,,,,4.47,0.83,,,,,,-48.125,pending,,2026-06-26T04:16:01+00:00
trackb_cont_EPSM_20260604,1.6,1.36,,,,4.47,0.83,,,,,,-48.125,pending,,2026-06-26T04:16:01+00:00
trackb_cont_EPSM_20260605,1.53,1.35,,,,4.47,0.83,,,,,,-48.125,pending,,2026-06-26T04:16:01+00:00
trackb_cont_EQH_20260616,43.310001,,,,,46.52,43.240002,,,,,,-4.6737,pending,,2026-06-26T04:18:07+00:00
trackb_cont_EQH_20260617,43.84,,,,,46.52,43.240002,,,,,,-4.6737,pending,,2026-06-26T04:18:07+00:00
trackb_cont_EQH_20260618,,,,,,45.98,43.240002,,,,,,-5.9387,pending,,2026-06-26T04:18:07+00:00
trackb_cont_EQH_20260619,,,,,,45.619999,43.240002,,,,,,-5.9387,pending,,2026-06-26T04:18:07+00:00
trackb_cont_EQH_20260622,,,,,,45.619999,43.240002,,,,,,-5.9387,pending,,2026-06-26T04:18:07+00:00
trackb_cont_EQH_20260623,,,,,,45.07,43.240002,,,,,,-5.9387,pending,,2026-06-26T04:18:07+00:00
trackb_cont_EQH_20260625,,,,,,44.790001,43.330002,,,,,,0.0462,pending,,2026-06-26T04:18:07+00:00
trackb_cont_EQIX_20260608,1064.380005,1115.930054,,,,1124.0,1032.079956,,,,,,-4.521,pending,,2026-06-26T04:16:48+00:00
trackb_cont_EQIX_20260618,,,,,,1124.0,1074.680054,,,,,,-1.2714,pending,,2026-06-26T04:16:48+00:00
trackb_cont_EQIX_20260619,,,,,,1124.0,1074.680054,,,,,,-1.2714,pending,,2026-06-26T04:16:48+00:00
trackb_cont_EQIX_20260622,,,,,,1124.0,1074.680054,,,,,,-1.6032,pending,,2026-06-26T04:16:48+00:00
trackb_cont_EQIX_20260623,,,,,,1124.0,1074.680054,,,,,,-3.6973,pending,,2026-06-26T04:16:48+00:00
trackb_cont_EQIX_20260624,,,,,,1117.97998,1074.680054,,,,,,-3.6973,pending,,2026-06-26T04:16:48+00:00
trackb_cont_EQIX_20260625,,,,,,1106.0,1074.680054,,,,,,-3.6973,pending,,2026-06-26T04:16:48+00:00
trackb_cont_EQR_20260608,66.18,65.699997,,,,69.029999,63.619999,,,,,,-6.7019,pending,,2026-06-26T04:16:41+00:00
trackb_cont_EQR_20260610,64.629997,67.169998,,,,68.230003,63.619999,,,,,,-5.5242,pending,,2026-06-26T04:16:41+00:00
trackb_cont_EQR_20260612,64.730003,,,,,67.68,63.619999,,,,,,-4.5461,pending,,2026-06-26T04:16:41+00:00
trackb_cont_ERIE_20260612,211.649994,,,,,233.949997,210.779999,,,,,,-6.7386,pending,,2026-06-26T04:17:31+00:00
trackb_cont_ESAB_20260622,,,,,,107.010002,96.139999,,,,,,-9.4727,pending,,2026-06-26T04:18:45+00:00
trackb_cont_ESAB_20260623,,,,,,101.440002,96.139999,,,,,,-6.0031,pending,,2026-06-26T04:18:45+00:00
trackb_cont_ESAB_20260624,,,,,,101.440002,96.139999,,,,,,-6.0031,pending,,2026-06-26T04:18:45+00:00
trackb_cont_ESAB_20260625,,,,,,101.440002,96.82,,,,,,-5.3383,pending,,2026-06-26T04:18:45+00:00
trackb_cont_ESE_20260615,343.079987,,,,,362.149994,324.0,,,,,,-1.0188,pending,,2026-06-26T04:17:52+00:00
trackb_cont_ESE_20260616,346.51001,,,,,362.149994,328.0,,,,,,0.0885,pending,,2026-06-26T04:17:52+00:00
trackb_cont_ESE_20260617,354.899994,,,,,362.149994,328.0,,,,,,0.0885,pending,,2026-06-26T04:17:52+00:00
trackb_cont_ESE_20260618,,,,,,362.149994,332.660004,,,,,,1.5105,pending,,2026-06-26T04:17:52+00:00
trackb_cont_ESE_20260619,,,,,,362.149994,332.660004,,,,,,1.5105,pending,,2026-06-26T04:17:52+00:00
trackb_cont_ESE_20260622,,,,,,362.149994,332.660004,,,,,,-3.1557,pending,,2026-06-26T04:17:52+00:00
trackb_cont_ESE_20260623,,,,,,362.149994,332.660004,,,,,,-3.1557,pending,,2026-06-26T04:17:52+00:00
trackb_cont_ESE_20260625,,,,,,362.149994,347.880005,,,,,,0.3954,pending,,2026-06-26T04:17:52+00:00
trackb_cont_ESI_20260615,45.860001,,,,,49.25,44.560001,,,,,,-2.4945,pending,,2026-06-26T04:17:48+00:00
trackb_cont_ESI_20260616,46.119999,,,,,49.25,44.560001,,,,,,-1.9042,pending,,2026-06-26T04:17:48+00:00
trackb_cont_ESI_20260617,47.720001,,,,,49.25,44.880001,,,,,,-1.1998,pending,,2026-06-26T04:17:48+00:00
trackb_cont_ESI_20260618,,,,,,49.25,45.130001,,,,,,-0.6494,pending,,2026-06-26T04:17:48+00:00
trackb_cont_ESI_20260619,,,,,,49.25,45.130001,,,,,,-0.6494,pending,,2026-06-26T04:17:48+00:00
trackb_cont_ESPR_20260616,3.15,,,,,3.17,3.13,,,,,,-0.9494,pending,,2026-06-26T04:18:16+00:00
trackb_cont_ESPR_20260617,3.15,,,,,3.17,3.13,,,,,,-0.9494,pending,,2026-06-26T04:18:16+00:00
trackb_cont_ESPR_20260618,,,,,,3.17,3.13,,,,,,-1.2618,pending,,2026-06-26T04:18:16+00:00
trackb_cont_ESPR_20260619,,,,,,3.17,3.13,,,,,,-1.2618,pending,,2026-06-26T04:18:16+00:00
trackb_cont_ESPR_20260622,,,,,,3.17,3.13,,,,,,-0.6349,pending,,2026-06-26T04:18:16+00:00
trackb_cont_ESPR_20260623,,,,,,3.17,3.13,,,,,,-0.6349,pending,,2026-06-26T04:18:16+00:00
trackb_cont_ESRT_20260603,5.59,5.14,,,,5.84,5.07,,,,,,-6.7157,pending,,2026-06-26T04:16:27+00:00
trackb_cont_ESRT_20260604,5.4,5.24,,,,5.84,5.07,,,,,,-6.7157,pending,,2026-06-26T04:16:27+00:00
trackb_cont_ESRT_20260605,5.44,5.15,,,,5.84,5.07,,,,,,-6.7157,pending,,2026-06-26T04:16:27+00:00
trackb_cont_ESS_20260603,284.640015,274.399994,,,,288.309998,271.660004,,,,,,-2.7772,pending,,2026-06-26T04:15:48+00:00
trackb_cont_ESS_20260604,280.589996,273.709991,,,,288.309998,271.660004,,,,,,-2.7772,pending,,2026-06-26T04:15:48+00:00
trackb_cont_ESS_20260605,283.75,276.279999,,,,288.309998,271.660004,,,,,,-2.7772,pending,,2026-06-26T04:15:48+00:00
trackb_cont_ESS_20260608,281.390015,279.299988,,,,287.890015,271.660004,,,,,,-4.8243,pending,,2026-06-26T04:15:48+00:00
trackb_cont_ESS_20260612,276.279999,,,,,286.290009,271.660004,,,,,,-3.1826,pending,,2026-06-26T04:15:48+00:00
trackb_cont_ESS_20260616,281.649994,,,,,286.290009,271.660004,,,,,,-3.4561,pending,,2026-06-26T04:15:48+00:00
trackb_cont_ESS_20260617,285.570007,,,,,286.290009,271.660004,,,,,,-3.4561,pending,,2026-06-26T04:15:48+00:00
trackb_cont_ES_20260608,69.260002,71.029999,,,,72.739998,67.330002,,,,,,-4.6317,pending,,2026-06-26T04:16:44+00:00
trackb_cont_ETD_20260612,21.33,,,,,23.139999,20.85,,,,,,-5.784,pending,,2026-06-26T04:16:33+00:00
trackb_cont_ETD_20260615,21.66,,,,,23.139999,20.85,,,,,,-3.8062,pending,,2026-06-26T04:16:33+00:00
trackb_cont_ETD_20260616,22.68,,,,,23.139999,20.85,,,,,,-3.338,pending,,2026-06-26T04:16:33+00:00
trackb_cont_ETD_20260617,21.98,,,,,23.139999,20.85,,,,,,-3.338,pending,,2026-06-26T04:16:33+00:00
trackb_cont_ETD_20260618,,,,,,23.139999,20.85,,,,,,-3.338,pending,,2026-06-26T04:16:33+00:00
trackb_cont_ETD_20260619,,,,,,23.139999,20.85,,,,,,-3.338,pending,,2026-06-26T04:16:33+00:00
trackb_cont_ETR_20260625,,,,,,115.910004,114.059998,,,,,,-0.5493,pending,,2026-06-26T04:18:46+00:00
trackb_cont_ETSY_20260603,68.730003,72.830002,,,,79.900002,65.900002,,,,,,-3.8097,pending,,2026-06-26T04:15:04+00:00
trackb_cont_ETSY_20260604,69.440002,73.949997,,,,79.900002,65.900002,,,,,,-3.8097,pending,,2026-06-26T04:15:04+00:00
trackb_cont_ETSY_20260605,69.480003,72.540001,,,,79.900002,65.900002,,,,,,-3.8097,pending,,2026-06-26T04:15:04+00:00
trackb_cont_ETSY_20260608,72.190002,74.889999,,,,79.900002,65.900002,,,,,,-3.8097,pending,,2026-06-26T04:15:04+00:00
trackb_cont_ETSY_20260609,73.339996,78.019997,,,,79.900002,66.845001,,,,,,-2.8839,pending,,2026-06-26T04:15:04+00:00
trackb_cont_ETSY_20260611,73.949997,,,,,79.900002,67.830002,,,,,,-1.3095,pending,,2026-06-26T04:15:04+00:00
trackb_cont_ETSY_20260612,72.540001,,,,,79.900002,68.580002,,,,,,-1.2385,pending,,2026-06-26T04:15:04+00:00
trackb_cont_ETSY_20260616,78.019997,,,,,79.900002,72.224998,,,,,,0.5289,pending,,2026-06-26T04:15:04+00:00
trackb_cont_ETSY_20260617,77.699997,,,,,79.900002,72.480003,,,,,,0.8839,pending,,2026-06-26T04:15:04+00:00
trackb_cont_ETSY_20260618,,,,,,79.900002,72.480003,,,,,,0.8839,pending,,2026-06-26T04:15:04+00:00
trackb_cont_ETSY_20260619,,,,,,79.900002,72.480003,,,,,,0.8839,pending,,2026-06-26T04:15:04+00:00
trackb_cont_ETSY_20260622,,,,,,79.900002,72.480003,,,,,,-1.9878,pending,,2026-06-26T04:15:04+00:00
trackb_cont_ETSY_20260623,,,,,,79.900002,72.599998,,,,,,0.0827,pending,,2026-06-26T04:15:04+00:00
trackb_cont_ETSY_20260624,,,,,,79.900002,74.728996,,,,,,3.0176,pending,,2026-06-26T04:15:04+00:00
trackb_cont_ETSY_20260625,,,,,,78.779999,76.150002,,,,,,4.9766,pending,,2026-06-26T04:15:04+00:00
trackb_cont_EVC_20260603,8.95,9.4,,,,11.65,8.44,,,,,,-1.5169,pending,,2026-06-26T04:15:45+00:00
trackb_cont_EVC_20260604,9.98,9.86,,,,11.65,8.44,,,,,,-1.5169,pending,,2026-06-26T04:15:45+00:00
trackb_cont_EVC_20260605,9.66,9.87,,,,11.65,8.44,,,,,,-1.5169,pending,,2026-06-26T04:15:45+00:00
trackb_cont_EVC_20260608,9.22,10.84,,,,11.65,8.44,,,,,,-3.7628,pending,,2026-06-26T04:15:45+00:00
trackb_cont_EVC_20260616,11.21,,,,,11.65,8.76,,,,,,-6.5101,pending,,2026-06-26T04:15:45+00:00
trackb_cont_EVC_20260617,11.39,,,,,11.65,9.13,,,,,,-2.5614,pending,,2026-06-26T04:15:45+00:00
trackb_cont_EVC_20260618,,,,,,11.65,9.32,,,,,,-0.5336,pending,,2026-06-26T04:15:45+00:00
trackb_cont_EVC_20260619,,,,,,11.65,9.41,,,,,,0.4269,pending,,2026-06-26T04:15:45+00:00
trackb_cont_EVER_20260612,20.51,,,,,21.98,19.424999,,,,,,-2.0917,pending,,2026-06-26T04:17:29+00:00
trackb_cont_EVER_20260616,21.57,,,,,21.98,19.424999,,,,,,-4.5455,pending,,2026-06-26T04:17:29+00:00
trackb_cont_EVER_20260617,21.700001,,,,,21.98,19.424999,,,,,,-4.5455,pending,,2026-06-26T04:17:29+00:00
trackb_cont_EVER_20260618,,,,,,21.98,19.424999,,,,,,-1.9435,pending,,2026-06-26T04:17:29+00:00
trackb_cont_EVER_20260619,,,,,,21.98,19.77,,,,,,-0.2019,pending,,2026-06-26T04:17:29+00:00
trackb_cont_EVER_20260622,,,,,,21.98,19.77,,,,,,-0.2019,pending,,2026-06-26T04:17:29+00:00
trackb_cont_EVGO_20260603,1.89,1.89,,,,2.51,1.76,,,,,,-22.1239,pending,,2026-06-26T04:16:02+00:00
trackb_cont_EVGO_20260604,1.98,1.94,,,,2.51,1.76,,,,,,-22.1239,pending,,2026-06-26T04:16:02+00:00
trackb_cont_EVGO_20260605,2.0,1.94,,,,2.47,1.76,,,,,,-22.1239,pending,,2026-06-26T04:16:02+00:00
trackb_cont_EVGO_20260608,2.04,1.91,,,,2.16,1.76,,,,,,-22.1239,pending,,2026-06-26T04:16:02+00:00
trackb_cont_EVH_20260609,4.7,5.03,,,,5.15,4.305,,,,,,-7.618,pending,,2026-06-26T04:17:00+00:00
trackb_cont_EVH_20260611,4.49,,,,,5.15,4.305,,,,,,-3.6913,pending,,2026-06-26T04:17:00+00:00
trackb_cont_EVH_20260616,5.03,,,,,5.15,4.305,,,,,,-8.3067,pending,,2026-06-26T04:17:00+00:00
trackb_cont_EVH_20260617,5.03,,,,,5.15,4.305,,,,,,-8.3067,pending,,2026-06-26T04:17:00+00:00
trackb_cont_EVH_20260618,,,,,,5.15,4.305,,,,,,-7.8158,pending,,2026-06-26T04:17:00+00:00
trackb_cont_EVH_20260619,,,,,,5.15,4.305,,,,,,-7.8158,pending,,2026-06-26T04:17:00+00:00
trackb_cont_EVH_20260622,,,,,,5.15,4.305,,,,,,-4.1203,pending,,2026-06-26T04:17:00+00:00
trackb_cont_EVH_20260623,,,,,,5.15,4.43,,,,,,-1.3363,pending,,2026-06-26T04:17:00+00:00
trackb_cont_EVR_20260603,340.779999,367.040009,,,,381.470001,334.290009,,,,,,-1.8785,pending,,2026-06-26T04:15:43+00:00
trackb_cont_EVR_20260604,355.100006,371.720001,,,,381.470001,335.76001,,,,,,-1.4471,pending,,2026-06-26T04:15:43+00:00
trackb_cont_EVR_20260605,357.380005,374.040009,,,,381.470001,335.76001,,,,,,-1.4471,pending,,2026-06-26T04:15:43+00:00
trackb_cont_EVR_20260608,365.529999,366.640015,,,,381.470001,339.279999,,,,,,-0.4139,pending,,2026-06-26T04:15:43+00:00
trackb_cont_EVR_20260611,371.720001,,,,,381.470001,340.399994,,,,,,-0.1115,pending,,2026-06-26T04:15:43+00:00
trackb_cont_EVR_20260616,353.190002,,,,,381.470001,342.619995,,,,,,-7.2019,pending,,2026-06-26T04:15:43+00:00
trackb_cont_EVR_20260617,347.309998,,,,,381.470001,342.619995,,,,,,-7.2019,pending,,2026-06-26T04:15:43+00:00
trackb_cont_EVR_20260618,,,,,,379.720001,342.619995,,,,,,-6.6532,pending,,2026-06-26T04:15:43+00:00
trackb_cont_EVR_20260619,,,,,,377.209991,342.619995,,,,,,-6.6532,pending,,2026-06-26T04:15:43+00:00
trackb_cont_EVR_20260622,,,,,,377.209991,342.619995,,,,,,-7.8285,pending,,2026-06-26T04:15:43+00:00
trackb_cont_EVR_20260623,,,,,,371.940002,342.619995,,,,,,-8.4002,pending,,2026-06-26T04:15:43+00:00
trackb_cont_EVR_20260624,,,,,,369.410004,342.619995,,,,,,-8.4002,pending,,2026-06-26T04:15:43+00:00
trackb_cont_EVR_20260625,,,,,,359.720001,342.619995,,,,,,-8.4002,pending,,2026-06-26T04:15:43+00:00
trackb_cont_EWBC_20260608,131.320007,130.889999,,,,136.0,125.18,,,,,,-0.6035,pending,,2026-06-26T04:16:43+00:00
trackb_cont_EWBC_20260610,127.260002,130.240005,,,,136.0,125.18,,,,,,-0.8554,pending,,2026-06-26T04:16:43+00:00
trackb_cont_EWBC_20260611,126.809998,,,,,136.0,125.18,,,,,,-2.2718,pending,,2026-06-26T04:16:43+00:00
trackb_cont_EWBC_20260612,129.130005,,,,,136.0,125.18,,,,,,-3.8408,pending,,2026-06-26T04:16:43+00:00
trackb_cont_EWBC_20260616,130.690002,,,,,133.710007,125.18,,,,,,-4.8061,pending,,2026-06-26T04:16:43+00:00
trackb_cont_EWBC_20260617,130.240005,,,,,132.229996,125.18,,,,,,-4.8061,pending,,2026-06-26T04:16:43+00:00
trackb_cont_EW_20260603,85.980003,86.68,,,,91.650002,83.169998,,,,,,-3.6213,pending,,2026-06-26T04:15:23+00:00
trackb_cont_EW_20260604,85.760002,87.360001,,,,91.650002,83.169998,,,,,,-3.6213,pending,,2026-06-26T04:15:23+00:00
trackb_cont_EW_20260605,85.110001,85.879997,,,,91.650002,83.169998,,,,,,-3.6213,pending,,2026-06-26T04:15:23+00:00
trackb_cont_EW_20260608,86.279999,86.949997,,,,91.650002,83.169998,,,,,,-3.6213,pending,,2026-06-26T04:15:23+00:00
trackb_cont_EW_20260609,88.580002,89.660004,,,,91.650002,83.169998,,,,,,-3.1217,pending,,2026-06-26T04:15:23+00:00
trackb_cont_EW_20260610,86.68,89.720001,,,,91.650002,83.169998,,,,,,-3.1217,pending,,2026-06-26T04:15:23+00:00
trackb_cont_EXC_20260616,46.900002,,,,,47.509998,45.200001,,,,,,-2.5862,pending,,2026-06-26T04:16:39+00:00
trackb_cont_EXC_20260617,46.75,,,,,47.509998,45.200001,,,,,,-2.5862,pending,,2026-06-26T04:16:39+00:00
trackb_cont_EXC_20260618,,,,,,47.509998,45.450001,,,,,,-0.2414,pending,,2026-06-26T04:16:39+00:00
trackb_cont_EXC_20260619,,,,,,47.509998,45.68,,,,,,0.2634,pending,,2026-06-26T04:16:39+00:00
trackb_cont_EXEL_20260609,52.099998,52.869999,,,,53.93,50.799999,,,,,,-1.8168,pending,,2026-06-26T04:16:55+00:00
trackb_cont_EXEL_20260612,51.349998,,,,,53.869999,50.799999,,,,,,-5.0467,pending,,2026-06-26T04:16:55+00:00
trackb_cont_EXEL_20260616,52.869999,,,,,53.700001,50.799999,,,,,,-3.7605,pending,,2026-06-26T04:16:55+00:00
trackb_cont_EXEL_20260617,53.23,,,,,53.700001,50.799999,,,,,,-3.7605,pending,,2026-06-26T04:16:55+00:00
trackb_cont_EXEL_20260618,,,,,,53.700001,50.799999,,,,,,-3.7605,pending,,2026-06-26T04:16:55+00:00
trackb_cont_EXEL_20260619,,,,,,53.700001,50.799999,,,,,,-3.7605,pending,,2026-06-26T04:16:55+00:00
trackb_cont_EXPD_20260603,164.710007,160.610001,,,,168.520004,157.630005,,,,,,-1.1476,pending,,2026-06-26T04:16:04+00:00
trackb_cont_EXPD_20260604,166.440002,161.320007,,,,168.520004,158.960007,,,,,,-0.3136,pending,,2026-06-26T04:16:04+00:00
trackb_cont_EXPD_20260605,166.619995,163.149994,,,,168.520004,158.960007,,,,,,-0.3136,pending,,2026-06-26T04:16:04+00:00
trackb_cont_EXPD_20260608,163.229996,161.339996,,,,168.520004,158.960007,,,,,,-0.3136,pending,,2026-06-26T04:16:04+00:00
trackb_cont_EXPD_20260610,160.610001,161.669998,,,,168.520004,158.960007,,,,,,-2.7411,pending,,2026-06-26T04:16:04+00:00
trackb_cont_EXPD_20260611,161.320007,,,,,168.520004,158.960007,,,,,,-3.491,pending,,2026-06-26T04:16:04+00:00
trackb_cont_EXPD_20260612,163.149994,,,,,168.520004,158.960007,,,,,,-4.4941,pending,,2026-06-26T04:16:04+00:00
trackb_cont_EXPD_20260615,161.339996,,,,,166.259995,158.960007,,,,,,-3.2207,pending,,2026-06-26T04:16:04+00:00
trackb_cont_EXPD_20260616,160.160004,,,,,165.479996,158.960007,,,,,,-3.3883,pending,,2026-06-26T04:16:04+00:00
trackb_cont_EXPD_20260617,161.669998,,,,,164.949997,158.960007,,,,,,-3.3883,pending,,2026-06-26T04:16:04+00:00
trackb_cont_EXPD_20260618,,,,,,164.949997,158.960007,,,,,,-1.0273,pending,,2026-06-26T04:16:04+00:00
trackb_cont_EXPD_20260619,,,,,,164.949997,158.960007,,,,,,-1.0273,pending,,2026-06-26T04:16:04+00:00
trackb_cont_EXPD_20260622,,,,,,164.949997,158.960007,,,,,,-1.0273,pending,,2026-06-26T04:16:04+00:00
trackb_cont_EXP_20260603,213.190002,213.240005,,,,245.529999,206.729996,,,,,,-5.287,pending,,2026-06-26T04:15:55+00:00
trackb_cont_EXP_20260604,217.059998,224.580002,,,,245.529999,206.729996,,,,,,-5.287,pending,,2026-06-26T04:15:55+00:00
trackb_cont_EXP_20260605,215.25,223.5,,,,245.529999,206.729996,,,,,,-5.287,pending,,2026-06-26T04:15:55+00:00
trackb_cont_EXP_20260608,217.960007,221.089996,,,,245.529999,206.729996,,,,,,-2.8159,pending,,2026-06-26T04:15:55+00:00
trackb_cont_EXP_20260615,221.089996,,,,,245.529999,212.820007,,,,,,-4.9974,pending,,2026-06-26T04:15:55+00:00
trackb_cont_EXP_20260616,233.649994,,,,,245.529999,212.820007,,,,,,-3.3098,pending,,2026-06-26T04:15:55+00:00
trackb_cont_EXP_20260617,235.440002,,,,,245.529999,212.820007,,,,,,-3.3098,pending,,2026-06-26T04:15:55+00:00
trackb_cont_EXP_20260618,,,,,,245.529999,214.070007,,,,,,-2.7419,pending,,2026-06-26T04:15:55+00:00
trackb_cont_EXP_20260619,,,,,,245.529999,219.690002,,,,,,-0.1885,pending,,2026-06-26T04:15:55+00:00
trackb_cont_EXP_20260623,,,,,,245.529999,219.690002,,,,,,-1.7047,pending,,2026-06-26T04:15:55+00:00
trackb_cont_EXP_20260624,,,,,,245.529999,223.410004,,,,,,-0.0403,pending,,2026-06-26T04:15:55+00:00
trackb_cont_EXP_20260625,,,,,,245.529999,233.580002,,,,,,4.5101,pending,,2026-06-26T04:15:55+00:00
trackb_cont_EXR_20260608,146.649994,147.759995,,,,151.75,142.779999,,,,,,-1.7411,pending,,2026-06-26T04:16:44+00:00
trackb_cont_EXR_20260609,146.399994,145.860001,,,,151.75,142.779999,,,,,,-1.531,pending,,2026-06-26T04:16:44+00:00
trackb_cont_EXR_20260616,145.860001,,,,,149.320007,142.779999,,,,,,-3.1475,pending,,2026-06-26T04:16:44+00:00
trackb_cont_EXR_20260617,147.190002,,,,,149.089996,142.779999,,,,,,-3.1475,pending,,2026-06-26T04:16:44+00:00
trackb_cont_EXR_20260618,,,,,,149.089996,144.050003,,,,,,-2.286,pending,,2026-06-26T04:16:44+00:00
trackb_cont_EXR_20260619,,,,,,149.089996,144.050003,,,,,,-2.286,pending,,2026-06-26T04:16:44+00:00
trackb_cont_EXTR_20260603,28.58,30.83,,,,32.290001,27.59,,,,,,-3.767,pending,,2026-06-26T04:14:42+00:00
trackb_cont_EXTR_20260604,31.07,31.379999,,,,32.290001,27.59,,,,,,-3.767,pending,,2026-06-26T04:14:42+00:00
trackb_cont_EXTR_20260605,31.110001,31.85,,,,32.290001,27.59,,,,,,-3.767,pending,,2026-06-26T04:14:42+00:00
trackb_cont_EXTR_20260608,31.67,31.450001,,,,32.290001,27.59,,,,,,-3.767,pending,,2026-06-26T04:14:42+00:00
trackb_cont_EXTR_20260609,31.51,30.93,,,,32.290001,27.59,,,,,,-6.696,pending,,2026-06-26T04:14:42+00:00
trackb_cont_EXTR_20260611,31.379999,,,,,32.290001,29.43,,,,,,2.9741,pending,,2026-06-26T04:14:42+00:00
trackb_cont_EXTR_20260612,31.85,,,,,32.290001,30.4,,,,,,-2.1564,pending,,2026-06-26T04:14:42+00:00
trackb_cont_EXTR_20260616,30.93,,,,,32.290001,30.4,,,,,,-4.3875,pending,,2026-06-26T04:14:42+00:00
trackb_cont_EXTR_20260617,30.959999,,,,,32.290001,30.4,,,,,,-4.3875,pending,,2026-06-26T04:14:42+00:00
trackb_cont_EXTR_20260618,,,,,,32.290001,30.4,,,,,,-1.3947,pending,,2026-06-26T04:14:42+00:00
trackb_cont_EXTR_20260619,,,,,,32.290001,30.4,,,,,,-1.3947,pending,,2026-06-26T04:14:42+00:00
trackb_cont_EXTR_20260622,,,,,,32.290001,30.4,,,,,,-1.3947,pending,,2026-06-26T04:14:42+00:00
trackb_cont_EXTR_20260623,,,,,,32.09,30.4,,,,,,-4.5526,pending,,2026-06-26T04:14:42+00:00
trackb_cont_EXTR_20260624,,,,,,32.09,30.4,,,,,,-4.5526,pending,,2026-06-26T04:14:42+00:00
trackb_cont_EXTR_20260625,,,,,,31.799999,30.4,,,,,,-4.5526,pending,,2026-06-26T04:14:42+00:00
trackb_cont_FABC_20260608,3.42,3.23,,,,4.78,2.81,,,,,,-33.8824,pending,,2026-06-26T04:16:46+00:00
trackb_cont_FAST_20260611,45.889999,,,,,47.810001,44.639999,,,,,,-3.0198,pending,,2026-06-26T04:17:23+00:00
trackb_cont_FAST_20260615,45.599998,,,,,47.810001,44.639999,,,,,,-4.6765,pending,,2026-06-26T04:17:23+00:00
trackb_cont_FAST_20260616,46.259998,,,,,47.810001,44.639999,,,,,,-3.8451,pending,,2026-06-26T04:17:23+00:00
trackb_cont_FAST_20260617,46.919998,,,,,47.810001,44.639999,,,,,,-3.8451,pending,,2026-06-26T04:17:23+00:00
trackb_cont_FAST_20260618,,,,,,47.810001,45.150002,,,,,,-2.7466,pending,,2026-06-26T04:17:23+00:00
trackb_cont_FAST_20260619,,,,,,47.810001,45.41,,,,,,-2.1865,pending,,2026-06-26T04:17:23+00:00
trackb_cont_FA_20260603,15.84,15.79,,,,17.264999,15.45,,,,,,-2.9218,pending,,2026-06-26T04:15:33+00:00
trackb_cont_FA_20260604,15.56,16.07,,,,17.264999,15.45,,,,,,-2.9218,pending,,2026-06-26T04:15:33+00:00
trackb_cont_FA_20260605,16.49,16.129999,,,,17.264999,15.45,,,,,,-2.9218,pending,,2026-06-26T04:15:33+00:00
trackb_cont_FA_20260608,16.99,16.559999,,,,17.264999,15.45,,,,,,-2.9218,pending,,2026-06-26T04:15:33+00:00
trackb_cont_FA_20260616,16.719999,,,,,17.264999,15.535,,,,,,-7.8315,pending,,2026-06-26T04:15:33+00:00
trackb_cont_FA_20260617,16.76,,,,,17.264999,15.535,,,,,,-7.8315,pending,,2026-06-26T04:15:33+00:00
trackb_cont_FA_20260618,,,,,,17.264999,15.535,,,,,,-7.8315,pending,,2026-06-26T04:15:33+00:00
trackb_cont_FA_20260619,,,,,,17.264999,15.82,,,,,,-6.1406,pending,,2026-06-26T04:15:33+00:00
trackb_cont_FA_20260625,,,,,,17.07,16.455,,,,,,-1.5849,pending,,2026-06-26T04:15:33+00:00
trackb_cont_FBIN_20260603,40.43,40.59,,,,46.75,38.459999,,,,,,-0.8763,pending,,2026-06-26T04:15:54+00:00
trackb_cont_FBIN_20260604,42.959999,42.400002,,,,46.75,38.459999,,,,,,-0.8763,pending,,2026-06-26T04:15:54+00:00
trackb_cont_FBIN_20260605,43.220001,41.32,,,,46.75,38.459999,,,,,,-0.8763,pending,,2026-06-26T04:15:54+00:00
trackb_cont_FBIN_20260608,43.009998,40.650002,,,,46.75,38.459999,,,,,,-0.8763,pending,,2026-06-26T04:15:54+00:00
trackb_cont_FBIN_20260609,42.490002,44.650002,,,,46.75,39.310001,,,,,,-0.4054,pending,,2026-06-26T04:15:54+00:00
trackb_cont_FBIN_20260610,40.59,46.34,,,,46.75,40.189999,,,,,,1.8242,pending,,2026-06-26T04:15:54+00:00
trackb_cont_FBIN_20260616,44.650002,,,,,46.75,40.360001,,,,,,-8.1056,pending,,2026-06-26T04:15:54+00:00
trackb_cont_FBIN_20260617,46.34,,,,,46.75,40.360001,,,,,,-8.1056,pending,,2026-06-26T04:15:54+00:00
trackb_cont_FBIN_20260618,,,,,,46.75,40.360001,,,,,,-0.5666,pending,,2026-06-26T04:15:54+00:00
trackb_cont_FBIN_20260619,,,,,,46.75,40.360001,,,,,,-0.5666,pending,,2026-06-26T04:15:54+00:00
trackb_cont_FBIN_20260622,,,,,,46.75,40.360001,,,,,,-0.5666,pending,,2026-06-26T04:15:54+00:00
trackb_cont_FCEL_20260603,16.209999,20.040001,,,,26.24,15.06,,,,,,-33.4512,pending,,2026-06-26T04:15:50+00:00
trackb_cont_FCEL_20260604,17.690001,24.040001,,,,26.24,15.06,,,,,,-33.4512,pending,,2026-06-26T04:15:50+00:00
trackb_cont_FCEL_20260605,16.940001,24.389999,,,,26.24,15.06,,,,,,-33.4512,pending,,2026-06-26T04:15:50+00:00
trackb_cont_FCEL_20260623,,,,,,25.200001,18.4,,,,,,-24.5592,pending,,2026-06-26T04:15:50+00:00
trackb_cont_FCEL_20260624,,,,,,25.200001,18.4,,,,,,-24.5592,pending,,2026-06-26T04:15:50+00:00
trackb_cont_FCPT_20260615,24.950001,,,,,25.299999,24.18,,,,,,-4.0476,pending,,2026-06-26T04:17:50+00:00
trackb_cont_FCPT_20260616,25.15,,,,,25.299999,24.18,,,,,,-3.2607,pending,,2026-06-26T04:17:50+00:00
trackb_cont_FCPT_20260617,25.02,,,,,25.299999,24.18,,,,,,-3.2607,pending,,2026-06-26T04:17:50+00:00
trackb_cont_FCPT_20260618,,,,,,25.299999,24.290001,,,,,,-2.8206,pending,,2026-06-26T04:17:50+00:00
trackb_cont_FCPT_20260619,,,,,,25.299999,24.370001,,,,,,-2.5005,pending,,2026-06-26T04:17:50+00:00
trackb_cont_FC_20260603,24.59,23.42,,,,25.5,22.5,,,,,,-2.7868,pending,,2026-06-26T04:15:48+00:00
trackb_cont_FC_20260604,24.799999,23.889999,,,,25.5,22.5,,,,,,-2.7868,pending,,2026-06-26T04:15:48+00:00
trackb_cont_FC_20260605,24.32,23.34,,,,25.5,22.5,,,,,,-2.7868,pending,,2026-06-26T04:15:48+00:00
trackb_cont_FC_20260608,23.700001,23.209999,,,,25.5,22.5,,,,,,-2.7868,pending,,2026-06-26T04:15:48+00:00
trackb_cont_FC_20260610,23.42,23.719999,,,,25.5,22.5,,,,,,-6.1327,pending,,2026-06-26T04:15:48+00:00
trackb_cont_FC_20260611,23.889999,,,,,25.5,22.5,,,,,,-8.4994,pending,,2026-06-26T04:15:48+00:00
trackb_cont_FC_20260615,23.209999,,,,,24.639999,22.5,,,,,,-6.289,pending,,2026-06-26T04:15:48+00:00
trackb_cont_FC_20260616,23.75,,,,,24.639999,22.5,,,,,,-5.838,pending,,2026-06-26T04:15:48+00:00
trackb_cont_FC_20260617,23.719999,,,,,24.639999,22.5,,,,,,-5.838,pending,,2026-06-26T04:15:48+00:00
trackb_cont_FDS_20260603,249.080002,228.300003,,,,264.369995,207.960007,,,,,,-17.9094,pending,,2026-06-26T04:16:02+00:00
trackb_cont_FDS_20260604,236.639999,221.289993,,,,264.369995,207.960007,,,,,,-17.9094,pending,,2026-06-26T04:16:02+00:00
trackb_cont_FDS_20260605,241.160004,218.619995,,,,259.0,207.960007,,,,,,-17.9094,pending,,2026-06-26T04:16:02+00:00
trackb_cont_FDS_20260608,235.860001,218.149994,,,,256.649994,207.960007,,,,,,-17.9094,pending,,2026-06-26T04:16:02+00:00
trackb_cont_FDS_20260609,237.559998,216.449997,,,,251.110001,207.960007,,,,,,-15.5938,pending,,2026-06-26T04:16:02+00:00
trackb_cont_FDX_20260603,319.25,325.929993,,,,345.369995,306.049988,,,,,,-6.5924,pending,,2026-06-26T04:16:03+00:00
trackb_cont_FDX_20260604,338.0,326.200012,,,,345.369995,306.049988,,,,,,-6.5924,pending,,2026-06-26T04:16:03+00:00
trackb_cont_FDX_20260605,338.309998,328.779999,,,,345.369995,306.049988,,,,,,-6.5924,pending,,2026-06-26T04:16:03+00:00
trackb_cont_FDX_20260608,338.75,317.23999,,,,345.369995,306.049988,,,,,,-6.5924,pending,,2026-06-26T04:16:03+00:00
trackb_cont_FDX_20260609,335.73999,316.829987,,,,345.369995,306.049988,,,,,,-7.3194,pending,,2026-06-26T04:16:03+00:00
trackb_cont_FDX_20260610,325.929993,329.440002,,,,345.369995,306.049988,,,,,,-7.3194,pending,,2026-06-26T04:16:03+00:00
trackb_cont_FDX_20260611,326.200012,,,,,345.369995,306.049988,,,,,,-4.1347,pending,,2026-06-26T04:16:03+00:00
trackb_cont_FDX_20260616,316.829987,,,,,342.140015,306.049988,,,,,,-10.3176,pending,,2026-06-26T04:16:03+00:00
trackb_cont_FDX_20260617,329.440002,,,,,338.179993,306.049988,,,,,,-10.3176,pending,,2026-06-26T04:16:03+00:00
trackb_cont_FGI_20260612,4.56,,,,,6.446,4.0,,,,,,-36.6086,pending,,2026-06-26T04:17:33+00:00
trackb_cont_FGI_20260615,4.44,,,,,5.93,4.0,,,,,,-29.9475,pending,,2026-06-26T04:17:33+00:00
trackb_cont_FGI_20260616,4.23,,,,,5.23,4.0,,,,,,-21.9512,pending,,2026-06-26T04:17:33+00:00
trackb_cont_FGI_20260617,4.15,,,,,5.23,4.0,,,,,,-21.9512,pending,,2026-06-26T04:17:33+00:00
trackb_cont_FG_20260615,27.84,,,,,29.34,26.125,,,,,,-10.9274,pending,,2026-06-26T04:17:51+00:00
trackb_cont_FG_20260616,26.440001,,,,,28.67,26.125,,,,,,-9.8361,pending,,2026-06-26T04:17:51+00:00
trackb_cont_FG_20260617,26.49,,,,,28.1,26.125,,,,,,-9.8361,pending,,2026-06-26T04:17:51+00:00
trackb_cont_FHN_20260611,24.809999,,,,,25.879999,24.49,,,,,,-0.9304,pending,,2026-06-26T04:17:19+00:00
trackb_cont_FHN_20260612,24.809999,,,,,25.879999,24.49,,,,,,-2.0008,pending,,2026-06-26T04:17:19+00:00
trackb_cont_FHN_20260616,25.280001,,,,,25.879999,24.49,,,,,,-1.7452,pending,,2026-06-26T04:17:19+00:00
trackb_cont_FHN_20260617,25.559999,,,,,25.879999,24.49,,,,,,-1.7452,pending,,2026-06-26T04:17:19+00:00
trackb_cont_FHN_20260618,,,,,,25.879999,24.700001,,,,,,-0.9027,pending,,2026-06-26T04:17:19+00:00
trackb_cont_FHN_20260619,,,,,,25.879999,24.700001,,,,,,-0.9027,pending,,2026-06-26T04:17:19+00:00
trackb_cont_FICO_20260603,1220.150024,1126.839966,,,,1260.0,1065.689941,,,,,,-8.2259,pending,,2026-06-26T04:16:12+00:00
trackb_cont_FICO_20260604,1185.369995,1096.47998,,,,1260.0,1065.689941,,,,,,-8.2259,pending,,2026-06-26T04:16:12+00:00
trackb_cont_FICO_20260605,1179.189941,1090.849976,,,,1260.0,1065.689941,,,,,,-8.2259,pending,,2026-06-26T04:16:12+00:00
trackb_cont_FITB_20260603,52.650002,52.580002,,,,56.59,49.470001,,,,,,-0.3625,pending,,2026-06-26T04:15:59+00:00
trackb_cont_FITB_20260604,53.419998,52.740002,,,,56.59,49.950001,,,,,,0.6042,pending,,2026-06-26T04:15:59+00:00
trackb_cont_FITB_20260605,54.73,53.610001,,,,56.59,51.419998,,,,,,3.565,pending,,2026-06-26T04:15:59+00:00
trackb_cont_FITB_20260608,53.0,54.669998,,,,56.59,51.790001,,,,,,-0.423,pending,,2026-06-26T04:15:59+00:00
trackb_cont_FITB_20260610,52.580002,56.41,,,,56.59,52.299999,,,,,,0.6543,pending,,2026-06-26T04:15:59+00:00
trackb_cont_FITB_20260611,52.740002,,,,,56.59,52.299999,,,,,,-0.6648,pending,,2026-06-26T04:15:59+00:00
trackb_cont_FITB_20260612,53.610001,,,,,56.59,52.299999,,,,,,-2.0966,pending,,2026-06-26T04:15:59+00:00
trackb_cont_FITB_20260615,54.669998,,,,,56.59,52.299999,,,,,,-5.0472,pending,,2026-06-26T04:15:59+00:00
trackb_cont_FITB_20260616,54.959999,,,,,56.59,52.299999,,,,,,-2.4618,pending,,2026-06-26T04:15:59+00:00
trackb_cont_FITB_20260617,56.41,,,,,56.59,52.299999,,,,,,-2.4618,pending,,2026-06-26T04:15:59+00:00
trackb_cont_FIX_20260618,,,,,,2072.310059,1888.01001,,,,,,-2.2653,pending,,2026-06-26T04:18:34+00:00
trackb_cont_FIX_20260619,,,,,,2072.310059,1888.01001,,,,,,-2.2653,pending,,2026-06-26T04:18:34+00:00
trackb_cont_FIX_20260622,,,,,,2072.310059,1888.01001,,,,,,-4.0358,pending,,2026-06-26T04:18:34+00:00
trackb_cont_FIX_20260623,,,,,,2039.560059,1888.01001,,,,,,-4.0358,pending,,2026-06-26T04:18:34+00:00
trackb_cont_FIZZ_20260612,33.869999,,,,,37.459999,33.060001,,,,,,-10.5519,pending,,2026-06-26T04:17:35+00:00
trackb_cont_FLEX_20260603,139.490005,143.130005,,,,166.860001,137.779999,,,,,,-16.0876,pending,,2026-06-26T04:14:41+00:00
trackb_cont_FLEX_20260604,151.990005,147.610001,,,,165.889999,137.779999,,,,,,-16.0876,pending,,2026-06-26T04:14:41+00:00
trackb_cont_FLEX_20260605,149.710007,155.809998,,,,165.889999,137.779999,,,,,,-16.0876,pending,,2026-06-26T04:14:41+00:00
trackb_cont_FLEX_20260608,149.220001,151.850006,,,,165.889999,137.779999,,,,,,-9.3075,pending,,2026-06-26T04:14:41+00:00
trackb_cont_FLL_20260612,2.71,,,,,3.37,2.6,,,,,,-10.3448,pending,,2026-06-26T04:17:34+00:00
trackb_cont_FLL_20260616,2.72,,,,,3.05,2.6,,,,,,-15.9935,pending,,2026-06-26T04:17:34+00:00
trackb_cont_FLL_20260617,2.61,,,,,2.96,2.6,,,,,,-15.9935,pending,,2026-06-26T04:17:34+00:00
trackb_cont_FLL_20260618,,,,,,2.92,2.6,,,,,,-15.9935,pending,,2026-06-26T04:17:34+00:00
trackb_cont_FLL_20260619,,,,,,2.9,2.6,,,,,,-15.9935,pending,,2026-06-26T04:17:34+00:00
trackb_cont_FLNC_20260603,21.620001,23.42,,,,28.08,18.66,,,,,,-26.9953,pending,,2026-06-26T04:15:23+00:00
trackb_cont_FLNC_20260604,24.280001,24.799999,,,,27.98,18.66,,,,,,-26.9953,pending,,2026-06-26T04:15:23+00:00
trackb_cont_FLNC_20260605,23.709999,25.190001,,,,27.98,18.66,,,,,,-26.9953,pending,,2026-06-26T04:15:23+00:00
trackb_cont_FLNC_20260608,24.18,21.209999,,,,27.98,18.66,,,,,,-26.9953,pending,,2026-06-26T04:15:23+00:00
trackb_cont_FLR_20260611,53.66,,,,,54.790001,47.310001,,,,,,1.0034,pending,,2026-06-26T04:17:22+00:00
trackb_cont_FLR_20260615,53.369999,,,,,54.790001,50.110001,,,,,,-3.4303,pending,,2026-06-26T04:17:22+00:00
trackb_cont_FLR_20260616,53.169998,,,,,54.790001,50.330002,,,,,,-0.72,pending,,2026-06-26T04:17:22+00:00
trackb_cont_FLR_20260617,53.619999,,,,,54.790001,50.830002,,,,,,0.2663,pending,,2026-06-26T04:17:22+00:00
trackb_cont_FLR_20260618,,,,,,54.790001,51.59,,,,,,1.7655,pending,,2026-06-26T04:17:22+00:00
trackb_cont_FLR_20260619,,,,,,54.790001,51.59,,,,,,1.7655,pending,,2026-06-26T04:17:22+00:00
trackb_cont_FLR_20260622,,,,,,54.790001,51.59,,,,,,-3.8576,pending,,2026-06-26T04:17:22+00:00
trackb_cont_FLR_20260623,,,,,,54.459999,51.59,,,,,,-3.8576,pending,,2026-06-26T04:17:22+00:00
trackb_cont_FLS_20260603,72.860001,78.93,,,,82.540001,71.959999,,,,,,-5.0534,pending,,2026-06-26T04:14:56+00:00
trackb_cont_FLS_20260604,78.099998,81.699997,,,,82.540001,71.959999,,,,,,-5.0534,pending,,2026-06-26T04:14:56+00:00
trackb_cont_FLS_20260605,78.07,81.580002,,,,82.540001,71.959999,,,,,,-5.0534,pending,,2026-06-26T04:14:56+00:00
trackb_cont_FLS_20260608,79.989998,79.980003,,,,82.540001,71.959999,,,,,,-5.0534,pending,,2026-06-26T04:14:56+00:00
trackb_cont_FLS_20260616,72.93,,,,,82.540001,71.959999,,,,,,-10.6142,pending,,2026-06-26T04:14:56+00:00
trackb_cont_FLS_20260617,74.989998,,,,,82.540001,71.959999,,,,,,-10.6142,pending,,2026-06-26T04:14:56+00:00
trackb_cont_FLS_20260618,,,,,,82.540001,71.959999,,,,,,-8.8306,pending,,2026-06-26T04:14:56+00:00
trackb_cont_FLS_20260619,,,,,,82.540001,71.959999,,,,,,-8.8306,pending,,2026-06-26T04:14:56+00:00
trackb_cont_FLS_20260622,,,,,,82.540001,71.959999,,,,,,-11.9217,pending,,2026-06-26T04:14:56+00:00
trackb_cont_FLS_20260623,,,,,,81.25,71.959999,,,,,,-11.9217,pending,,2026-06-26T04:14:56+00:00
trackb_cont_FLS_20260625,,,,,,76.949997,74.019997,,,,,,1.4946,pending,,2026-06-26T04:14:56+00:00
trackb_cont_FLUT_20260611,101.830002,,,,,115.334999,95.110001,,,,,,-15.7871,pending,,2026-06-26T04:16:52+00:00
trackb_cont_FLYX_20260603,2.25,2.12,,,,2.695,1.9,,,,,,-25.1969,pending,,2026-06-26T04:16:01+00:00
trackb_cont_FLYX_20260604,2.36,2.14,,,,2.695,1.9,,,,,,-25.1969,pending,,2026-06-26T04:16:01+00:00
trackb_cont_FLYX_20260605,2.01,1.99,,,,2.605,1.9,,,,,,-25.1969,pending,,2026-06-26T04:16:01+00:00
trackb_cont_FLYX_20260608,2.07,2.04,,,,2.605,1.9,,,,,,-24.0,pending,,2026-06-26T04:16:01+00:00
trackb_cont_FNB_20260612,18.360001,,,,,19.32,17.940001,,,,,,-1.9136,pending,,2026-06-26T04:17:33+00:00
trackb_cont_FNB_20260616,18.98,,,,,19.32,17.940001,,,,,,-2.9221,pending,,2026-06-26T04:17:33+00:00
trackb_cont_FNB_20260617,19.139999,,,,,19.32,17.940001,,,,,,-2.9221,pending,,2026-06-26T04:17:33+00:00
trackb_cont_FNKO_20260618,,,,,,5.79,5.13,,,,,,0.7859,pending,,2026-06-26T04:18:37+00:00
trackb_cont_FNKO_20260619,,,,,,5.79,5.191,,,,,,1.9843,pending,,2026-06-26T04:18:37+00:00
trackb_cont_FNKO_20260622,,,,,,5.79,5.191,,,,,,1.9843,pending,,2026-06-26T04:18:37+00:00
trackb_cont_FORM_20260616,141.419998,,,,,157.240005,137.0,,,,,,-9.9691,pending,,2026-06-26T04:18:03+00:00
trackb_cont_FORM_20260617,148.75,,,,,157.240005,137.0,,,,,,-9.9691,pending,,2026-06-26T04:18:03+00:00
trackb_cont_FORR_20260603,6.73,6.67,,,,8.09,6.48,,,,,,-4.0,pending,,2026-06-26T04:15:32+00:00
trackb_cont_FOR_20260603,28.32,28.42,,,,31.290001,26.879999,,,,,,0.0186,pending,,2026-06-26T04:15:26+00:00
trackb_cont_FOR_20260604,28.790001,29.309999,,,,31.290001,27.700001,,,,,,3.0698,pending,,2026-06-26T04:15:26+00:00
trackb_cont_FOR_20260605,29.200001,29.02,,,,31.290001,28.0,,,,,,4.186,pending,,2026-06-26T04:15:26+00:00
trackb_cont_FOR_20260608,28.5,29.379999,,,,31.290001,28.17,,,,,,4.8186,pending,,2026-06-26T04:15:26+00:00
trackb_cont_FOR_20260611,29.309999,,,,,31.290001,28.18,,,,,,-0.4943,pending,,2026-06-26T04:15:26+00:00
trackb_cont_FOR_20260612,29.02,,,,,31.290001,28.18,,,,,,-2.1188,pending,,2026-06-26T04:15:26+00:00
trackb_cont_FOR_20260615,29.379999,,,,,31.290001,28.18,,,,,,-4.2148,pending,,2026-06-26T04:15:26+00:00
trackb_cont_FOR_20260616,30.93,,,,,31.290001,28.18,,,,,,-3.427,pending,,2026-06-26T04:15:26+00:00
trackb_cont_FOR_20260617,31.25,,,,,31.290001,28.18,,,,,,-3.427,pending,,2026-06-26T04:15:26+00:00
trackb_cont_FOR_20260618,,,,,,31.290001,28.780001,,,,,,-1.3708,pending,,2026-06-26T04:15:26+00:00
trackb_cont_FOR_20260619,,,,,,31.290001,28.809999,,,,,,-1.268,pending,,2026-06-26T04:15:26+00:00
trackb_cont_FOR_20260623,,,,,,31.290001,28.809999,,,,,,-0.7236,pending,,2026-06-26T04:15:26+00:00
trackb_cont_FOR_20260624,,,,,,31.290001,29.57,,,,,,1.8952,pending,,2026-06-26T04:15:26+00:00
trackb_cont_FOR_20260625,,,,,,31.290001,30.75,,,,,,-0.582,pending,,2026-06-26T04:15:26+00:00
trackb_cont_FOXA_20260611,52.23,,,,,69.175003,48.34,,,,,,-28.9118,pending,,2026-06-26T04:17:18+00:00
trackb_cont_FOXA_20260612,49.389999,,,,,68.849998,48.34,,,,,,-29.224,pending,,2026-06-26T04:17:18+00:00
trackb_cont_FOX_20260609,47.950001,45.369999,,,,61.959999,44.080002,,,,,,-26.9473,pending,,2026-06-26T04:17:00+00:00
trackb_cont_FPH_20260603,5.02,5.08,,,,5.22,4.89,,,,,,-1.6097,pending,,2026-06-26T04:15:48+00:00
trackb_cont_FPH_20260604,5.12,5.12,,,,5.22,4.89,,,,,,-1.6097,pending,,2026-06-26T04:15:48+00:00
trackb_cont_FPH_20260605,5.16,4.99,,,,5.22,4.89,,,,,,-1.6097,pending,,2026-06-26T04:15:48+00:00
trackb_cont_FPH_20260609,5.06,5.18,,,,5.22,4.97,,,,,,-2.1654,pending,,2026-06-26T04:15:48+00:00
trackb_cont_FPH_20260610,5.08,5.13,,,,5.22,4.97,,,,,,-2.1654,pending,,2026-06-26T04:15:48+00:00
trackb_cont_FPH_20260612,4.99,,,,,5.22,4.97,,,,,,-2.9297,pending,,2026-06-26T04:15:48+00:00
trackb_cont_FPH_20260615,5.1,,,,,5.22,4.97,,,,,,-3.8871,pending,,2026-06-26T04:15:48+00:00
trackb_cont_FPH_20260616,5.18,,,,,5.22,4.97,,,,,,-3.1189,pending,,2026-06-26T04:15:48+00:00
trackb_cont_FPH_20260617,5.13,,,,,5.22,4.97,,,,,,-3.1189,pending,,2026-06-26T04:15:48+00:00
trackb_cont_FPH_20260618,,,,,,5.22,4.97,,,,,,-3.1189,pending,,2026-06-26T04:15:48+00:00
trackb_cont_FPH_20260619,,,,,,5.22,4.97,,,,,,-3.1189,pending,,2026-06-26T04:15:48+00:00
trackb_cont_FPH_20260623,,,,,,5.22,4.97,,,,,,-0.4008,pending,,2026-06-26T04:15:48+00:00
trackb_cont_FPH_20260624,,,,,,5.22,5.08,,,,,,1.8036,pending,,2026-06-26T04:15:48+00:00
trackb_cont_FRMI_20260616,7.99,,,,,10.135,7.17,,,,,,-4.2084,pending,,2026-06-26T04:18:01+00:00
trackb_cont_FRMI_20260617,8.8,,,,,10.135,7.915,,,,,,5.7448,pending,,2026-06-26T04:18:01+00:00
trackb_cont_FRMI_20260618,,,,,,10.135,7.915,,,,,,5.7448,pending,,2026-06-26T04:18:01+00:00
trackb_cont_FRMI_20260619,,,,,,9.685,7.915,,,,,,5.7448,pending,,2026-06-26T04:18:01+00:00
trackb_cont_FRT_20260603,123.620003,120.480003,,,,126.410004,119.080002,,,,,,-0.2931,pending,,2026-06-26T04:16:23+00:00
trackb_cont_FRT_20260604,124.720001,120.389999,,,,126.410004,120.040001,,,,,,0.5108,pending,,2026-06-26T04:16:23+00:00
trackb_cont_FRT_20260605,125.839996,121.720001,,,,126.410004,120.040001,,,,,,0.5108,pending,,2026-06-26T04:16:23+00:00
trackb_cont_FRT_20260608,124.709999,123.68,,,,126.410004,120.040001,,,,,,-2.0561,pending,,2026-06-26T04:16:23+00:00
trackb_cont_FRT_20260610,120.480003,124.550003,,,,126.410004,120.040001,,,,,,-1.6871,pending,,2026-06-26T04:16:23+00:00
trackb_cont_FRT_20260612,121.720001,,,,,126.410004,120.040001,,,,,,-3.7524,pending,,2026-06-26T04:16:23+00:00
trackb_cont_FRT_20260616,124.620003,,,,,125.860001,120.040001,,,,,,-3.8411,pending,,2026-06-26T04:16:23+00:00
trackb_cont_FRT_20260617,124.550003,,,,,125.860001,120.040001,,,,,,-3.8411,pending,,2026-06-26T04:16:23+00:00
trackb_cont_FRT_20260618,,,,,,125.860001,120.199997,,,,,,-0.2324,pending,,2026-06-26T04:16:23+00:00
trackb_cont_FRT_20260619,,,,,,125.860001,120.519997,,,,,,0.0332,pending,,2026-06-26T04:16:23+00:00
trackb_cont_FRT_20260622,,,,,,125.860001,120.519997,,,,,,0.0332,pending,,2026-06-26T04:16:23+00:00
trackb_cont_FR_20260615,63.630001,,,,,64.160004,60.41,,,,,,-5.1276,pending,,2026-06-26T04:17:53+00:00
trackb_cont_FR_20260616,63.41,,,,,64.160004,60.41,,,,,,-4.9185,pending,,2026-06-26T04:17:53+00:00
trackb_cont_FR_20260617,63.139999,,,,,64.160004,60.41,,,,,,-4.9185,pending,,2026-06-26T04:17:53+00:00
trackb_cont_FR_20260618,,,,,,64.160004,61.0,,,,,,-3.9899,pending,,2026-06-26T04:17:53+00:00
trackb_cont_FR_20260619,,,,,,64.160004,61.639999,,,,,,-2.9826,pending,,2026-06-26T04:17:53+00:00
trackb_cont_FSLR_20260603,249.270004,254.800003,,,,320.950012,242.5,,,,,,-23.3662,pending,,2026-06-26T04:14:47+00:00
trackb_cont_FSLR_20260604,271.170013,257.700012,,,,320.640015,242.5,,,,,,-23.3662,pending,,2026-06-26T04:14:47+00:00
trackb_cont_FSLR_20260605,267.309998,263.109985,,,,306.549988,242.5,,,,,,-23.3662,pending,,2026-06-26T04:14:47+00:00
trackb_cont_FSLR_20260608,273.51001,249.240005,,,,289.98999,242.5,,,,,,-23.3662,pending,,2026-06-26T04:14:47+00:00
trackb_cont_FSP_20260612,0.56,,,,,0.74,0.53,,,,,,-22.0588,pending,,2026-06-26T04:17:05+00:00
trackb_cont_FSP_20260615,0.54,,,,,0.71,0.53,,,,,,-22.0703,pending,,2026-06-26T04:17:05+00:00
trackb_cont_FSP_20260616,0.54,,,,,0.67,0.53,,,,,,-18.449,pending,,2026-06-26T04:17:05+00:00
trackb_cont_FSP_20260617,0.55,,,,,0.65,0.53,,,,,,-18.449,pending,,2026-06-26T04:17:05+00:00
trackb_cont_FSP_20260618,,,,,,0.63,0.53,,,,,,-18.449,pending,,2026-06-26T04:17:05+00:00
trackb_cont_FSP_20260619,,,,,,0.6,0.53,,,,,,-18.449,pending,,2026-06-26T04:17:05+00:00
trackb_cont_FSS_20260618,,,,,,128.470001,115.910004,,,,,,-0.4894,pending,,2026-06-26T04:18:34+00:00
trackb_cont_FSS_20260619,,,,,,128.470001,115.940002,,,,,,-0.4636,pending,,2026-06-26T04:18:34+00:00
trackb_cont_FSS_20260622,,,,,,128.470001,115.940002,,,,,,-0.4636,pending,,2026-06-26T04:18:34+00:00
trackb_cont_FSS_20260623,,,,,,128.470001,115.940002,,,,,,-1.2772,pending,,2026-06-26T04:18:34+00:00
trackb_cont_FSS_20260624,,,,,,128.470001,117.839996,,,,,,0.3406,pending,,2026-06-26T04:18:34+00:00
trackb_cont_FSS_20260625,,,,,,128.470001,122.43,,,,,,4.249,pending,,2026-06-26T04:18:34+00:00
trackb_cont_FSTR_20260603,40.759998,41.630001,,,,45.810001,40.0,,,,,,-4.3062,pending,,2026-06-26T04:15:13+00:00
trackb_cont_FSTR_20260604,42.119999,43.09,,,,45.810001,40.0,,,,,,-4.3062,pending,,2026-06-26T04:15:13+00:00
trackb_cont_FSTR_20260605,42.369999,43.75,,,,45.810001,40.0,,,,,,-4.3062,pending,,2026-06-26T04:15:13+00:00
trackb_cont_FSTR_20260608,41.98,43.919998,,,,45.810001,40.0,,,,,,-3.6377,pending,,2026-06-26T04:15:13+00:00
trackb_cont_FSTR_20260610,41.630001,44.639999,,,,45.810001,40.0,,,,,,-4.2146,pending,,2026-06-26T04:15:13+00:00
trackb_cont_FSTR_20260616,43.310001,,,,,45.810001,40.700001,,,,,,-3.0029,pending,,2026-06-26T04:15:13+00:00
trackb_cont_FSTR_20260617,44.639999,,,,,45.810001,40.700001,,,,,,-3.0029,pending,,2026-06-26T04:15:13+00:00
trackb_cont_FSTR_20260618,,,,,,45.810001,40.700001,,,,,,-4.0999,pending,,2026-06-26T04:15:13+00:00
trackb_cont_FSTR_20260619,,,,,,45.810001,42.5,,,,,,0.1414,pending,,2026-06-26T04:15:13+00:00
trackb_cont_FSTR_20260622,,,,,,45.810001,42.5,,,,,,0.1414,pending,,2026-06-26T04:15:13+00:00
trackb_cont_FSTR_20260623,,,,,,45.810001,42.5,,,,,,0.1414,pending,,2026-06-26T04:15:13+00:00
trackb_cont_FTCI_20260603,4.29,5.08,,,,5.89,4.24,,,,,,-25.1465,pending,,2026-06-26T04:15:00+00:00
trackb_cont_FTCI_20260604,4.49,5.14,,,,5.6,4.24,,,,,,-25.1465,pending,,2026-06-26T04:15:00+00:00
trackb_cont_FTCI_20260605,4.32,5.24,,,,5.6,4.24,,,,,,-25.1465,pending,,2026-06-26T04:15:00+00:00
trackb_cont_FTCI_20260608,4.51,5.22,,,,5.6,4.24,,,,,,-10.7368,pending,,2026-06-26T04:15:00+00:00
trackb_cont_FTDR_20260616,72.889999,,,,,75.169998,68.360001,,,,,,-3.0217,pending,,2026-06-26T04:18:02+00:00
trackb_cont_FTDR_20260617,74.300003,,,,,75.169998,68.360001,,,,,,-3.0217,pending,,2026-06-26T04:18:02+00:00
trackb_cont_FTDR_20260618,,,,,,75.169998,69.160004,,,,,,0.611,pending,,2026-06-26T04:18:02+00:00
trackb_cont_FTDR_20260619,,,,,,75.169998,71.419998,,,,,,3.8987,pending,,2026-06-26T04:18:02+00:00
trackb_cont_FTDR_20260622,,,,,,75.169998,71.419998,,,,,,-0.1956,pending,,2026-06-26T04:18:02+00:00
trackb_cont_FTDR_20260623,,,,,,75.169998,71.419998,,,,,,-0.6261,pending,,2026-06-26T04:18:02+00:00
trackb_cont_FTDR_20260624,,,,,,75.169998,72.620003,,,,,,1.0436,pending,,2026-06-26T04:18:02+00:00
trackb_cont_FTDR_20260625,,,,,,75.169998,72.870003,,,,,,1.3914,pending,,2026-06-26T04:18:02+00:00
trackb_cont_FTEK_20260623,,,,,,2.31,1.76,,,,,,-11.5578,pending,,2026-06-26T04:18:51+00:00
trackb_cont_FTEK_20260624,,,,,,2.09,1.76,,,,,,-11.5578,pending,,2026-06-26T04:18:51+00:00
trackb_cont_FTNT_20260603,138.880005,144.139999,,,,151.970001,133.050003,,,,,,-9.5236,pending,,2026-06-26T04:14:44+00:00
trackb_cont_FTNT_20260604,145.059998,144.729996,,,,151.970001,133.050003,,,,,,-9.5236,pending,,2026-06-26T04:14:44+00:00
trackb_cont_FTNT_20260605,146.300003,145.389999,,,,151.970001,133.050003,,,,,,-9.5236,pending,,2026-06-26T04:14:44+00:00
trackb_cont_FTNT_20260608,149.490005,148.0,,,,151.970001,133.050003,,,,,,-8.0384,pending,,2026-06-26T04:14:44+00:00
trackb_cont_FTNT_20260609,147.020004,145.279999,,,,151.970001,133.050003,,,,,,-6.9841,pending,,2026-06-26T04:14:44+00:00
trackb_cont_FTNT_20260610,144.139999,149.929993,,,,151.970001,137.009995,,,,,,-4.2156,pending,,2026-06-26T04:14:44+00:00
trackb_cont_FTNT_20260612,145.389999,,,,,151.970001,139.789993,,,,,,-3.633,pending,,2026-06-26T04:14:44+00:00
trackb_cont_FTNT_20260616,145.279999,,,,,151.970001,139.789993,,,,,,-5.6238,pending,,2026-06-26T04:14:44+00:00
trackb_cont_FTNT_20260617,149.929993,,,,,151.970001,139.789993,,,,,,-5.6238,pending,,2026-06-26T04:14:44+00:00
trackb_cont_FTNT_20260618,,,,,,151.970001,139.789993,,,,,,-5.6238,pending,,2026-06-26T04:14:44+00:00
trackb_cont_FTNT_20260619,,,,,,151.970001,143.470001,,,,,,-3.1393,pending,,2026-06-26T04:14:44+00:00
trackb_cont_FTNT_20260622,,,,,,151.970001,143.470001,,,,,,-0.8706,pending,,2026-06-26T04:14:44+00:00
trackb_cont_FTNT_20260623,,,,,,151.970001,143.470001,,,,,,-1.3206,pending,,2026-06-26T04:14:44+00:00
trackb_cont_FTNT_20260624,,,,,,151.970001,144.570007,,,,,,-0.564,pending,,2026-06-26T04:14:45+00:00
trackb_cont_FTNT_20260625,,,,,,151.970001,144.619995,,,,,,-0.5296,pending,,2026-06-26T04:14:45+00:00
trackb_cont_FTV_20260610,60.68,61.73,,,,63.400002,58.73,,,,,,-3.9732,pending,,2026-06-26T04:17:08+00:00
trackb_cont_FUL_20260603,61.189999,64.769997,,,,66.449997,58.27,,,,,,-6.7755,pending,,2026-06-26T04:16:14+00:00
trackb_cont_FUL_20260604,63.599998,64.860001,,,,66.449997,58.27,,,,,,-6.7755,pending,,2026-06-26T04:16:14+00:00
trackb_cont_FUL_20260605,63.630001,64.309998,,,,66.449997,58.27,,,,,,-6.7755,pending,,2026-06-26T04:16:14+00:00
trackb_cont_FUL_20260608,64.419998,63.119999,,,,66.449997,58.27,,,,,,-6.7755,pending,,2026-06-26T04:16:14+00:00
trackb_cont_FUL_20260615,63.119999,,,,,66.449997,58.27,,,,,,-10.4296,pending,,2026-06-26T04:16:14+00:00
trackb_cont_FUL_20260616,64.599998,,,,,66.449997,58.27,,,,,,-9.1377,pending,,2026-06-26T04:16:14+00:00
trackb_cont_FUL_20260617,61.950001,,,,,66.449997,58.27,,,,,,-9.1377,pending,,2026-06-26T04:16:14+00:00
trackb_cont_FUL_20260618,,,,,,65.510002,58.27,,,,,,-10.5122,pending,,2026-06-26T04:16:14+00:00
trackb_cont_FUL_20260619,,,,,,65.440002,58.27,,,,,,-10.5122,pending,,2026-06-26T04:16:14+00:00
trackb_cont_FUL_20260622,,,,,,65.440002,58.27,,,,,,-10.1603,pending,,2026-06-26T04:16:14+00:00
trackb_cont_FUL_20260623,,,,,,64.959999,58.27,,,,,,-9.392,pending,,2026-06-26T04:16:14+00:00
trackb_cont_FUL_20260624,,,,,,64.959999,58.27,,,,,,-9.392,pending,,2026-06-26T04:16:14+00:00
trackb_cont_FUL_20260625,,,,,,62.009998,58.27,,,,,,-9.392,pending,,2026-06-26T04:16:14+00:00
trackb_cont_FUN_20260611,24.940001,,,,,26.280001,22.110001,,,,,,-4.4512,pending,,2026-06-26T04:17:16+00:00
trackb_cont_FUN_20260615,23.15,,,,,26.280001,22.110001,,,,,,-7.1008,pending,,2026-06-26T04:17:16+00:00
trackb_cont_FUN_20260616,23.02,,,,,26.280001,22.110001,,,,,,-5.2293,pending,,2026-06-26T04:17:16+00:00
trackb_cont_FUN_20260617,22.469999,,,,,26.280001,22.110001,,,,,,-5.2293,pending,,2026-06-26T04:17:16+00:00
trackb_cont_FUN_20260618,,,,,,25.950001,22.110001,,,,,,-11.0619,pending,,2026-06-26T04:17:16+00:00
trackb_cont_FUN_20260619,,,,,,24.780001,22.110001,,,,,,-11.0619,pending,,2026-06-26T04:17:16+00:00
trackb_cont_FUN_20260622,,,,,,24.780001,22.110001,,,,,,-11.3472,pending,,2026-06-26T04:17:16+00:00
trackb_cont_FUN_20260623,,,,,,23.9,22.110001,,,,,,-2.642,pending,,2026-06-26T04:17:16+00:00
trackb_cont_FUN_20260624,,,,,,23.9,22.110001,,,,,,-2.642,pending,,2026-06-26T04:17:16+00:00
trackb_cont_FUN_20260625,,,,,,23.76,22.110001,,,,,,-2.642,pending,,2026-06-26T04:17:16+00:00
trackb_cont_FVR_20260603,19.620001,19.139999,,,,20.440001,17.809999,,,,,,-0.8904,pending,,2026-06-26T04:15:47+00:00
trackb_cont_FVR_20260604,19.57,19.59,,,,20.440001,17.879999,,,,,,-0.5008,pending,,2026-06-26T04:15:47+00:00
trackb_cont_FVR_20260605,19.870001,19.709999,,,,20.440001,18.315001,,,,,,1.9199,pending,,2026-06-26T04:15:47+00:00
trackb_cont_FVR_20260608,19.530001,19.99,,,,20.440001,18.66,,,,,,3.8397,pending,,2026-06-26T04:15:47+00:00
trackb_cont_FVR_20260611,19.59,,,,,20.440001,18.66,,,,,,-4.893,pending,,2026-06-26T04:15:47+00:00
trackb_cont_FVR_20260612,19.709999,,,,,20.440001,18.66,,,,,,-4.65,pending,,2026-06-26T04:15:47+00:00
trackb_cont_FVR_20260616,19.82,,,,,20.440001,18.66,,,,,,-4.4057,pending,,2026-06-26T04:15:47+00:00
trackb_cont_FVR_20260617,19.700001,,,,,20.440001,18.66,,,,,,-4.4057,pending,,2026-06-26T04:15:47+00:00
trackb_cont_FVR_20260618,,,,,,20.440001,18.690001,,,,,,-2.3511,pending,,2026-06-26T04:15:47+00:00
trackb_cont_FVR_20260619,,,,,,20.440001,18.879999,,,,,,-1.3584,pending,,2026-06-26T04:15:47+00:00
trackb_cont_FVR_20260625,,,,,,19.83,19.309999,,,,,,-2.5732,pending,,2026-06-26T04:15:47+00:00
trackb_cont_FWONK_20260623,,,,,,92.510002,88.870003,,,,,,-0.5372,pending,,2026-06-26T04:18:51+00:00
trackb_cont_FWONK_20260624,,,,,,92.510002,89.25,,,,,,-0.1119,pending,,2026-06-26T04:18:51+00:00
trackb_cont_FWONK_20260625,,,,,,92.510002,90.160004,,,,,,0.9066,pending,,2026-06-26T04:18:51+00:00
trackb_cont_F_20260603,14.3,13.96,,,,16.200001,13.71,,,,,,-13.2553,pending,,2026-06-26T04:16:14+00:00
trackb_cont_F_20260604,14.71,14.06,,,,15.89,13.71,,,,,,-13.2553,pending,,2026-06-26T04:16:14+00:00
trackb_cont_F_20260605,14.84,14.11,,,,15.48,13.71,,,,,,-13.2553,pending,,2026-06-26T04:16:14+00:00
trackb_cont_F_20260608,14.77,14.0,,,,15.48,13.71,,,,,,-13.2553,pending,,2026-06-26T04:16:14+00:00
trackb_cont_GCO_20260603,39.02,34.57,,,,43.599998,33.740002,,,,,,-13.3761,pending,,2026-06-26T04:15:05+00:00
trackb_cont_GCO_20260604,42.720001,35.669998,,,,43.599998,33.740002,,,,,,-13.3761,pending,,2026-06-26T04:15:05+00:00
trackb_cont_GCO_20260605,42.5,35.790001,,,,43.599998,33.740002,,,,,,-13.3761,pending,,2026-06-26T04:15:05+00:00
trackb_cont_GCO_20260608,39.189999,33.82,,,,43.599998,33.740002,,,,,,-13.3761,pending,,2026-06-26T04:15:05+00:00
trackb_cont_GCO_20260610,34.57,34.740002,,,,43.599998,33.740002,,,,,,-13.9505,pending,,2026-06-26T04:15:05+00:00
trackb_cont_GCO_20260616,35.32,,,,,40.200001,33.740002,,,,,,-16.8146,pending,,2026-06-26T04:15:05+00:00
trackb_cont_GCO_20260617,34.740002,,,,,37.0,33.740002,,,,,,-16.8146,pending,,2026-06-26T04:15:05+00:00
trackb_cont_GD_20260615,350.339996,,,,,367.0,340.809998,,,,,,-5.0404,pending,,2026-06-26T04:17:49+00:00
trackb_cont_GD_20260616,344.320007,,,,,367.0,340.809998,,,,,,-5.6575,pending,,2026-06-26T04:17:49+00:00
trackb_cont_GD_20260617,344.700012,,,,,367.0,340.809998,,,,,,-5.6575,pending,,2026-06-26T04:17:49+00:00
trackb_cont_GD_20260618,,,,,,367.0,340.809998,,,,,,-5.6575,pending,,2026-06-26T04:17:49+00:00
trackb_cont_GD_20260619,,,,,,352.149994,340.809998,,,,,,-5.6575,pending,,2026-06-26T04:17:49+00:00
trackb_cont_GEF_20260615,69.949997,,,,,74.699997,67.459999,,,,,,-2.5145,pending,,2026-06-26T04:17:47+00:00
trackb_cont_GEF_20260616,72.68,,,,,74.699997,67.459999,,,,,,-3.1651,pending,,2026-06-26T04:17:47+00:00
trackb_cont_GEF_20260617,74.25,,,,,74.699997,67.459999,,,,,,-3.1651,pending,,2026-06-26T04:17:47+00:00
trackb_cont_GEF_20260618,,,,,,74.699997,67.459999,,,,,,-3.1651,pending,,2026-06-26T04:17:47+00:00
trackb_cont_GEF_20260619,,,,,,74.699997,67.459999,,,,,,-3.1651,pending,,2026-06-26T04:17:47+00:00
trackb_cont_GEF_20260622,,,,,,74.699997,67.459999,,,,,,-2.1042,pending,,2026-06-26T04:17:47+00:00
trackb_cont_GEF_20260623,,,,,,74.699997,68.970001,,,,,,0.0871,pending,,2026-06-26T04:17:47+00:00
trackb_cont_GEO_20260603,28.139999,28.860001,,,,30.4,23.0,,,,,,-0.6694,pending,,2026-06-26T04:15:11+00:00
trackb_cont_GEO_20260604,28.620001,29.280001,,,,30.4,23.73,,,,,,2.4833,pending,,2026-06-26T04:15:11+00:00
trackb_cont_GEO_20260605,28.440001,29.67,,,,30.4,24.93,,,,,,7.6657,pending,,2026-06-26T04:15:11+00:00
trackb_cont_GEO_20260608,28.540001,29.959999,,,,30.4,25.15,,,,,,-0.6322,pending,,2026-06-26T04:15:11+00:00
trackb_cont_GEO_20260609,28.629999,29.379999,,,,30.4,26.059999,,,,,,-2.3238,pending,,2026-06-26T04:15:11+00:00
trackb_cont_GEO_20260610,28.860001,29.33,,,,30.4,26.66,,,,,,-0.075,pending,,2026-06-26T04:15:11+00:00
trackb_cont_GEO_20260611,29.280001,,,,,30.4,27.559999,,,,,,-2.0611,pending,,2026-06-26T04:15:11+00:00
trackb_cont_GEO_20260615,29.959999,,,,,30.4,27.559999,,,,,,-2.1481,pending,,2026-06-26T04:15:11+00:00
trackb_cont_GEO_20260616,29.379999,,,,,30.4,27.559999,,,,,,-3.4338,pending,,2026-06-26T04:15:11+00:00
trackb_cont_GEO_20260617,29.33,,,,,30.4,28.389999,,,,,,-0.5256,pending,,2026-06-26T04:15:11+00:00
trackb_cont_GEO_20260618,,,,,,30.4,28.389999,,,,,,-0.5256,pending,,2026-06-26T04:15:11+00:00
trackb_cont_GEO_20260619,,,,,,30.4,28.940001,,,,,,1.4015,pending,,2026-06-26T04:15:11+00:00
trackb_cont_GEO_20260622,,,,,,30.4,28.940001,,,,,,-1.1612,pending,,2026-06-26T04:15:11+00:00
trackb_cont_GEO_20260623,,,,,,30.4,28.940001,,,,,,-2.4604,pending,,2026-06-26T04:15:11+00:00
trackb_cont_GEO_20260624,,,,,,30.190001,28.940001,,,,,,-2.4604,pending,,2026-06-26T04:15:11+00:00
trackb_cont_GEO_20260625,,,,,,29.82,28.940001,,,,,,-1.4976,pending,,2026-06-26T04:15:11+00:00
trackb_cont_GEV_20260623,,,,,,1109.97998,1023.080017,,,,,,-9.2684,pending,,2026-06-26T04:18:49+00:00
trackb_cont_GEV_20260624,,,,,,1109.97998,1023.080017,,,,,,-9.2684,pending,,2026-06-26T04:18:49+00:00
trackb_cont_GEV_20260625,,,,,,1109.97998,1055.0,,,,,,-6.4376,pending,,2026-06-26T04:18:49+00:00
trackb_cont_GE_20260603,318.709991,357.029999,,,,379.670013,311.0,,,,,,-1.629,pending,,2026-06-26T04:15:52+00:00
trackb_cont_GE_20260604,332.76001,357.640015,,,,379.670013,316.25,,,,,,0.0316,pending,,2026-06-26T04:15:52+00:00
trackb_cont_GE_20260605,335.299988,355.119995,,,,379.670013,318.25,,,,,,0.6642,pending,,2026-06-26T04:15:52+00:00
trackb_cont_GE_20260608,342.26001,356.470001,,,,379.670013,318.25,,,,,,0.6642,pending,,2026-06-26T04:15:52+00:00
trackb_cont_GE_20260610,357.029999,371.359985,,,,379.670013,318.25,,,,,,-1.1769,pending,,2026-06-26T04:15:52+00:00
trackb_cont_GE_20260616,365.880005,,,,,379.670013,344.040009,,,,,,-0.203,pending,,2026-06-26T04:15:52+00:00
trackb_cont_GE_20260617,371.359985,,,,,379.670013,347.769989,,,,,,0.8789,pending,,2026-06-26T04:15:52+00:00
trackb_cont_GE_20260618,,,,,,379.670013,347.769989,,,,,,0.8789,pending,,2026-06-26T04:15:52+00:00
trackb_cont_GE_20260619,,,,,,379.670013,347.769989,,,,,,0.8789,pending,,2026-06-26T04:15:52+00:00
trackb_cont_GE_20260622,,,,,,379.670013,347.769989,,,,,,-2.7598,pending,,2026-06-26T04:15:52+00:00
trackb_cont_GE_20260623,,,,,,379.670013,347.769989,,,,,,-2.0697,pending,,2026-06-26T04:15:52+00:00
trackb_cont_GE_20260624,,,,,,379.670013,355.660004,,,,,,0.1521,pending,,2026-06-26T04:15:52+00:00
trackb_cont_GE_20260625,,,,,,379.670013,366.51001,,,,,,3.2074,pending,,2026-06-26T04:15:52+00:00
trackb_cont_GFF_20260612,89.43,,,,,97.669998,88.169998,,,,,,-7.4816,pending,,2026-06-26T04:17:32+00:00
trackb_cont_GFF_20260616,94.860001,,,,,97.669998,88.169998,,,,,,-7.5883,pending,,2026-06-26T04:17:32+00:00
trackb_cont_GFF_20260617,95.919998,,,,,97.669998,88.169998,,,,,,-7.5883,pending,,2026-06-26T04:17:32+00:00
trackb_cont_GFF_20260618,,,,,,97.669998,88.169998,,,,,,-7.5883,pending,,2026-06-26T04:17:32+00:00
trackb_cont_GFF_20260619,,,,,,97.669998,88.169998,,,,,,-7.5883,pending,,2026-06-26T04:17:32+00:00
trackb_cont_GFS_20260603,74.82,80.639999,,,,90.779999,70.485001,,,,,,-18.2214,pending,,2026-06-26T04:16:26+00:00
trackb_cont_GFS_20260604,80.739998,85.830002,,,,90.779999,70.485001,,,,,,-18.2214,pending,,2026-06-26T04:16:26+00:00
trackb_cont_GFS_20260605,81.379997,89.669998,,,,90.779999,70.485001,,,,,,-18.2214,pending,,2026-06-26T04:16:26+00:00
trackb_cont_GFS_20260608,83.980003,83.389999,,,,90.779999,70.485001,,,,,,-18.2214,pending,,2026-06-26T04:16:26+00:00
trackb_cont_GHI_20260603,5.14,5.22,,,,6.16,5.05,,,,,,-6.2384,pending,,2026-06-26T04:15:37+00:00
trackb_cont_GHI_20260604,5.16,5.19,,,,6.16,5.05,,,,,,-6.2384,pending,,2026-06-26T04:15:37+00:00
trackb_cont_GHI_20260605,5.15,5.66,,,,6.16,5.05,,,,,,-6.2384,pending,,2026-06-26T04:15:37+00:00
trackb_cont_GHI_20260608,5.21,5.94,,,,6.16,5.05,,,,,,-6.2384,pending,,2026-06-26T04:15:37+00:00
trackb_cont_GH_20260603,130.699997,129.110001,,,,145.839996,122.760002,,,,,,-4.2023,pending,,2026-06-26T04:15:11+00:00
trackb_cont_GH_20260604,130.899994,131.779999,,,,145.839996,122.760002,,,,,,-4.2023,pending,,2026-06-26T04:15:11+00:00
trackb_cont_GH_20260605,131.619995,128.830002,,,,145.839996,122.760002,,,,,,-4.2023,pending,,2026-06-26T04:15:11+00:00
trackb_cont_GH_20260608,129.820007,130.830002,,,,145.839996,122.760002,,,,,,-4.2023,pending,,2026-06-26T04:15:11+00:00
trackb_cont_GH_20260610,129.110001,142.940002,,,,145.839996,125.0,,,,,,0.0881,pending,,2026-06-26T04:15:11+00:00
trackb_cont_GH_20260615,130.830002,,,,,145.839996,125.0,,,,,,-4.6675,pending,,2026-06-26T04:15:11+00:00
trackb_cont_GH_20260616,136.960007,,,,,145.839996,125.0,,,,,,-3.6163,pending,,2026-06-26T04:15:11+00:00
trackb_cont_GH_20260617,142.940002,,,,,145.839996,125.0,,,,,,-3.6163,pending,,2026-06-26T04:15:11+00:00
trackb_cont_GH_20260618,,,,,,145.839996,125.120003,,,,,,-3.5238,pending,,2026-06-26T04:15:11+00:00
trackb_cont_GH_20260619,,,,,,145.839996,125.120003,,,,,,-3.5238,pending,,2026-06-26T04:15:11+00:00
trackb_cont_GIII_20260603,34.07,34.049999,,,,36.529999,31.360001,,,,,,-2.6238,pending,,2026-06-26T04:15:22+00:00
trackb_cont_GIII_20260604,35.669998,34.77,,,,36.529999,31.360001,,,,,,-2.6238,pending,,2026-06-26T04:15:22+00:00
trackb_cont_GIII_20260605,35.279999,34.150002,,,,36.529999,32.790001,,,,,,1.8165,pending,,2026-06-26T04:15:22+00:00
trackb_cont_GIII_20260608,34.630001,33.619999,,,,36.529999,32.82,,,,,,1.9096,pending,,2026-06-26T04:15:22+00:00
trackb_cont_GIII_20260616,34.400002,,,,,35.330002,32.82,,,,,,-6.4957,pending,,2026-06-26T04:15:22+00:00
trackb_cont_GIII_20260617,33.380001,,,,,35.310001,32.82,,,,,,-6.4957,pending,,2026-06-26T04:15:22+00:00
trackb_cont_GIII_20260618,,,,,,35.310001,32.82,,,,,,-6.4957,pending,,2026-06-26T04:15:22+00:00
trackb_cont_GIII_20260619,,,,,,35.0,32.82,,,,,,-6.4957,pending,,2026-06-26T04:15:22+00:00
trackb_cont_GIS_20260616,34.799999,,,,,35.549999,33.060001,,,,,,-4.16,pending,,2026-06-26T04:18:06+00:00
trackb_cont_GIS_20260617,35.400002,,,,,35.549999,33.060001,,,,,,-4.16,pending,,2026-06-26T04:18:06+00:00
trackb_cont_GLPI_20260612,44.189999,,,,,47.679001,44.119999,,,,,,-7.8337,pending,,2026-06-26T04:17:31+00:00
trackb_cont_GLW_20260603,168.169998,175.399994,,,,230.5,166.0,,,,,,-17.1781,pending,,2026-06-26T04:16:01+00:00
trackb_cont_GLW_20260604,176.550003,194.919998,,,,230.5,166.0,,,,,,-17.1781,pending,,2026-06-26T04:16:01+00:00
trackb_cont_GLW_20260605,179.199997,209.830002,,,,230.5,166.0,,,,,,-17.1781,pending,,2026-06-26T04:16:01+00:00
trackb_cont_GLW_20260608,187.880005,194.070007,,,,230.5,166.0,,,,,,-17.1781,pending,,2026-06-26T04:16:01+00:00
trackb_cont_GLXY_20260616,28.58,,,,,36.099998,27.42,,,,,,-20.0233,pending,,2026-06-26T04:18:02+00:00
trackb_cont_GLXY_20260617,28.26,,,,,36.099998,27.42,,,,,,-20.0233,pending,,2026-06-26T04:18:02+00:00
trackb_cont_GLXY_20260618,,,,,,36.099998,27.42,,,,,,-20.0233,pending,,2026-06-26T04:18:02+00:00
trackb_cont_GLXY_20260619,,,,,,36.099998,27.42,,,,,,-20.0233,pending,,2026-06-26T04:18:02+00:00
trackb_cont_GLXY_20260623,,,,,,32.889999,27.42,,,,,,-17.2101,pending,,2026-06-26T04:18:02+00:00
trackb_cont_GLXY_20260624,,,,,,31.676001,27.42,,,,,,-17.2101,pending,,2026-06-26T04:18:02+00:00
trackb_cont_GLXY_20260625,,,,,,30.77,27.42,,,,,,-17.2101,pending,,2026-06-26T04:18:02+00:00
trackb_cont_GL_20260609,169.169998,175.639999,,,,181.149994,156.669998,,,,,,-0.2928,pending,,2026-06-26T04:16:55+00:00
trackb_cont_GL_20260611,170.759995,,,,,181.149994,163.139999,,,,,,0.3815,pending,,2026-06-26T04:16:55+00:00
trackb_cont_GL_20260615,175.580002,,,,,181.149994,165.779999,,,,,,-0.6889,pending,,2026-06-26T04:16:55+00:00
trackb_cont_GL_20260616,175.639999,,,,,181.149994,167.369995,,,,,,-0.8824,pending,,2026-06-26T04:16:55+00:00
trackb_cont_GL_20260617,176.399994,,,,,181.149994,168.539993,,,,,,-0.1895,pending,,2026-06-26T04:16:55+00:00
trackb_cont_GL_20260618,,,,,,181.149994,169.550003,,,,,,0.4086,pending,,2026-06-26T04:16:55+00:00
trackb_cont_GL_20260619,,,,,,181.149994,171.399994,,,,,,1.5042,pending,,2026-06-26T04:16:55+00:00
trackb_cont_GL_20260622,,,,,,181.149994,171.399994,,,,,,0.3748,pending,,2026-06-26T04:16:55+00:00
trackb_cont_GL_20260623,,,,,,181.149994,172.949997,,,,,,1.2825,pending,,2026-06-26T04:16:55+00:00
trackb_cont_GM_20260603,79.400002,79.580002,,,,85.410004,78.389999,,,,,,-5.5201,pending,,2026-06-26T04:16:06+00:00
trackb_cont_GM_20260604,80.849998,79.290001,,,,85.410004,78.389999,,,,,,-5.5201,pending,,2026-06-26T04:16:06+00:00
trackb_cont_GM_20260605,81.5,80.43,,,,85.410004,78.389999,,,,,,-5.5201,pending,,2026-06-26T04:16:06+00:00
trackb_cont_GM_20260608,84.07,78.949997,,,,85.410004,78.389999,,,,,,-4.5305,pending,,2026-06-26T04:16:06+00:00
trackb_cont_GM_20260610,79.580002,78.529999,,,,85.410004,78.389999,,,,,,-6.4223,pending,,2026-06-26T04:16:06+00:00
trackb_cont_GM_20260611,79.290001,,,,,85.410004,78.389999,,,,,,-1.272,pending,,2026-06-26T04:16:06+00:00
trackb_cont_GM_20260615,78.949997,,,,,85.410004,78.389999,,,,,,-7.4498,pending,,2026-06-26T04:16:06+00:00
trackb_cont_GM_20260616,78.949997,,,,,85.410004,78.389999,,,,,,-6.6007,pending,,2026-06-26T04:16:06+00:00
trackb_cont_GM_20260617,78.529999,,,,,83.32,78.389999,,,,,,-6.6007,pending,,2026-06-26T04:16:06+00:00
trackb_cont_GNK_20260625,,,,,,24.125,23.290001,,,,,,-3.601,pending,,2026-06-26T04:18:41+00:00
trackb_cont_GNRC_20260603,239.110001,268.200012,,,,296.440002,237.0,,,,,,-17.5337,pending,,2026-06-26T04:15:45+00:00
trackb_cont_GNRC_20260604,257.329987,279.149994,,,,296.440002,237.0,,,,,,-17.5337,pending,,2026-06-26T04:15:45+00:00
trackb_cont_GNRC_20260605,262.359985,295.540009,,,,296.440002,237.0,,,,,,-17.5337,pending,,2026-06-26T04:15:45+00:00
trackb_cont_GNRC_20260608,270.100006,274.540009,,,,296.440002,237.0,,,,,,-17.5337,pending,,2026-06-26T04:15:45+00:00
trackb_cont_GNTX_20260603,24.629999,25.379999,,,,26.48,24.440001,,,,,,-2.2009,pending,,2026-06-26T04:15:21+00:00
trackb_cont_GNTX_20260604,25.700001,25.950001,,,,26.48,24.440001,,,,,,-2.2009,pending,,2026-06-26T04:15:21+00:00
trackb_cont_GNTX_20260605,25.860001,25.700001,,,,26.48,24.440001,,,,,,-2.2009,pending,,2026-06-26T04:15:21+00:00
trackb_cont_GNTX_20260608,26.040001,24.75,,,,26.48,24.440001,,,,,,-2.2009,pending,,2026-06-26T04:15:21+00:00
trackb_cont_GNTX_20260609,25.73,25.040001,,,,26.48,24.440001,,,,,,-1.0927,pending,,2026-06-26T04:15:21+00:00
trackb_cont_GNTX_20260616,25.040001,,,,,26.370001,24.67,,,,,,-5.4608,pending,,2026-06-26T04:15:21+00:00
trackb_cont_GNTX_20260617,25.77,,,,,26.370001,24.67,,,,,,-5.4608,pending,,2026-06-26T04:15:21+00:00
trackb_cont_GNTX_20260618,,,,,,26.370001,24.67,,,,,,-5.4608,pending,,2026-06-26T04:15:21+00:00
trackb_cont_GNTX_20260619,,,,,,26.370001,24.67,,,,,,-5.4608,pending,,2026-06-26T04:15:21+00:00
trackb_cont_GOLF_20260611,107.730003,,,,,113.25,94.839996,,,,,,0.3067,pending,,2026-06-26T04:17:04+00:00
trackb_cont_GOLF_20260612,107.089996,,,,,113.25,96.580002,,,,,,-2.8761,pending,,2026-06-26T04:17:04+00:00
trackb_cont_GOLF_20260616,109.5,,,,,113.25,96.93,,,,,,-0.7373,pending,,2026-06-26T04:17:04+00:00
trackb_cont_GOLF_20260617,113.199997,,,,,113.25,97.0,,,,,,-0.6656,pending,,2026-06-26T04:17:04+00:00
trackb_cont_GOLF_20260618,,,,,,113.25,101.730003,,,,,,4.1782,pending,,2026-06-26T04:17:04+00:00
trackb_cont_GOLF_20260619,,,,,,113.25,106.0,,,,,,8.5509,pending,,2026-06-26T04:17:04+00:00
trackb_cont_GOLF_20260622,,,,,,113.25,106.0,,,,,,-1.6059,pending,,2026-06-26T04:17:04+00:00
trackb_cont_GOLF_20260623,,,,,,113.25,106.0,,,,,,-1.0178,pending,,2026-06-26T04:17:04+00:00
trackb_cont_GOLF_20260624,,,,,,113.25,108.410004,,,,,,1.2326,pending,,2026-06-26T04:17:04+00:00
trackb_cont_GOLF_20260625,,,,,,113.25,109.519997,,,,,,2.2691,pending,,2026-06-26T04:17:04+00:00
trackb_cont_GOOD_20260610,12.01,12.1,,,,12.84,11.88,,,,,,-5.1875,pending,,2026-06-26T04:17:11+00:00
trackb_cont_GO_20260611,9.26,,,,,10.0,8.925,,,,,,-3.4091,pending,,2026-06-26T04:17:15+00:00
trackb_cont_GO_20260612,9.36,,,,,10.0,9.175,,,,,,-2.6008,pending,,2026-06-26T04:17:15+00:00
trackb_cont_GO_20260616,9.8,,,,,10.0,9.175,,,,,,-4.7248,pending,,2026-06-26T04:17:15+00:00
trackb_cont_GO_20260617,9.53,,,,,10.0,9.175,,,,,,-4.7248,pending,,2026-06-26T04:17:15+00:00
trackb_cont_GO_20260618,,,,,,9.9,9.175,,,,,,-4.7248,pending,,2026-06-26T04:17:15+00:00
trackb_cont_GO_20260619,,,,,,9.9,9.19,,,,,,-4.5691,pending,,2026-06-26T04:17:15+00:00
trackb_cont_GPC_20260615,106.470001,,,,,114.589996,104.480003,,,,,,-0.6372,pending,,2026-06-26T04:17:27+00:00
trackb_cont_GPC_20260616,110.730003,,,,,114.589996,104.809998,,,,,,-0.1905,pending,,2026-06-26T04:17:27+00:00
trackb_cont_GPC_20260617,112.989998,,,,,114.589996,104.809998,,,,,,-0.1905,pending,,2026-06-26T04:17:27+00:00
trackb_cont_GPC_20260618,,,,,,114.589996,104.809998,,,,,,-1.2345,pending,,2026-06-26T04:17:27+00:00
trackb_cont_GPC_20260619,,,,,,114.589996,104.809998,,,,,,-1.2345,pending,,2026-06-26T04:17:27+00:00
trackb_cont_GPC_20260622,,,,,,114.589996,104.809998,,,,,,-3.5787,pending,,2026-06-26T04:17:27+00:00
trackb_cont_GPC_20260623,,,,,,114.589996,104.809998,,,,,,-3.5787,pending,,2026-06-26T04:17:27+00:00
trackb_cont_GPGI_20260622,,,,,,14.925,14.0,,,,,,-2.9126,pending,,2026-06-26T04:18:40+00:00
trackb_cont_GPGI_20260623,,,,,,14.925,14.0,,,,,,-2.371,pending,,2026-06-26T04:18:40+00:00
trackb_cont_GPGI_20260624,,,,,,14.925,14.13,,,,,,-1.4644,pending,,2026-06-26T04:18:40+00:00
trackb_cont_GPGI_20260625,,,,,,14.925,14.24,,,,,,-0.6974,pending,,2026-06-26T04:18:40+00:00
trackb_cont_GRBK_20260603,70.0,71.389999,,,,83.18,67.93,,,,,,-0.6145,pending,,2026-06-26T04:15:05+00:00
trackb_cont_GRBK_20260604,73.040001,74.610001,,,,83.18,67.93,,,,,,-0.6145,pending,,2026-06-26T04:15:05+00:00
trackb_cont_GRBK_20260605,72.190002,73.599998,,,,83.18,67.93,,,,,,-0.6145,pending,,2026-06-26T04:15:05+00:00
trackb_cont_GRBK_20260608,72.059998,74.550003,,,,83.18,67.93,,,,,,-0.6145,pending,,2026-06-26T04:15:05+00:00
trackb_cont_GRBK_20260610,71.389999,79.93,,,,83.18,69.82,,,,,,2.7671,pending,,2026-06-26T04:15:05+00:00
trackb_cont_GRBK_20260616,80.220001,,,,,83.18,71.269997,,,,,,-1.6016,pending,,2026-06-26T04:15:05+00:00
trackb_cont_GRBK_20260617,79.93,,,,,83.18,71.269997,,,,,,-1.6016,pending,,2026-06-26T04:15:05+00:00
trackb_cont_GRBK_20260618,,,,,,83.18,71.870003,,,,,,-0.7732,pending,,2026-06-26T04:15:05+00:00
trackb_cont_GRBK_20260619,,,,,,83.18,73.32,,,,,,1.2288,pending,,2026-06-26T04:15:05+00:00
trackb_cont_GS_20260603,1001.289978,1099.140015,,,,1125.0,1000.039978,,,,,,-3.6227,pending,,2026-06-26T04:15:01+00:00
trackb_cont_GS_20260604,1035.640015,1096.560059,,,,1125.0,1000.039978,,,,,,-3.6227,pending,,2026-06-26T04:15:01+00:00
trackb_cont_GS_20260605,1062.75,1106.369995,,,,1125.0,1000.039978,,,,,,-3.6227,pending,,2026-06-26T04:15:01+00:00
trackb_cont_GS_20260608,1076.170044,1094.439941,,,,1125.0,1000.039978,,,,,,-3.7201,pending,,2026-06-26T04:15:01+00:00
trackb_cont_GS_20260616,1076.910034,,,,,1125.0,1062.099976,,,,,,-1.9316,pending,,2026-06-26T04:15:01+00:00
trackb_cont_GS_20260617,1065.089966,,,,,1125.0,1062.099976,,,,,,-1.9316,pending,,2026-06-26T04:15:01+00:00
trackb_cont_GS_20260618,,,,,,1125.0,1062.099976,,,,,,-5.2103,pending,,2026-06-26T04:15:01+00:00
trackb_cont_GS_20260619,,,,,,1115.97998,1062.099976,,,,,,-5.2103,pending,,2026-06-26T04:15:01+00:00
trackb_cont_GS_20260622,,,,,,1115.97998,1062.099976,,,,,,-5.2103,pending,,2026-06-26T04:15:01+00:00
trackb_cont_GS_20260623,,,,,,1105.25,1062.099976,,,,,,-5.2103,pending,,2026-06-26T04:15:01+00:00
trackb_cont_GS_20260625,,,,,,1105.25,1062.099976,,,,,,-1.3752,pending,,2026-06-26T04:15:01+00:00
trackb_cont_GTLS_20260603,206.449997,206.899994,,,,209.130005,205.0,,,,,,-1.2904,pending,,2026-06-26T04:16:21+00:00
trackb_cont_GTLS_20260604,206.490005,207.990005,,,,209.130005,205.0,,,,,,-1.2904,pending,,2026-06-26T04:16:21+00:00
trackb_cont_GTLS_20260605,206.729996,208.979996,,,,209.130005,205.0,,,,,,-1.2904,pending,,2026-06-26T04:16:21+00:00
trackb_cont_GTLS_20260608,206.690002,208.800003,,,,209.130005,205.0,,,,,,-1.2904,pending,,2026-06-26T04:16:21+00:00
trackb_cont_GTY_20260615,33.700001,,,,,34.060001,32.349998,,,,,,-2.0294,pending,,2026-06-26T04:17:56+00:00
trackb_cont_GTY_20260616,33.860001,,,,,34.060001,32.349998,,,,,,-1.9103,pending,,2026-06-26T04:17:56+00:00
trackb_cont_GTY_20260617,33.900002,,,,,34.060001,32.349998,,,,,,-1.9103,pending,,2026-06-26T04:17:56+00:00
trackb_cont_GTY_20260618,,,,,,34.060001,32.43,,,,,,-1.6677,pending,,2026-06-26T04:17:56+00:00
trackb_cont_GTY_20260619,,,,,,34.060001,32.57,,,,,,-1.2432,pending,,2026-06-26T04:17:56+00:00
trackb_cont_GVA_20260615,150.080002,,,,,157.539993,140.929993,,,,,,-2.8069,pending,,2026-06-26T04:17:53+00:00
trackb_cont_GVA_20260616,151.880005,,,,,157.539993,143.089996,,,,,,0.7676,pending,,2026-06-26T04:17:53+00:00
trackb_cont_GVA_20260617,156.649994,,,,,157.539993,143.089996,,,,,,0.7676,pending,,2026-06-26T04:17:53+00:00
trackb_cont_GVA_20260618,,,,,,157.539993,144.789993,,,,,,1.9648,pending,,2026-06-26T04:17:53+00:00
trackb_cont_GVA_20260619,,,,,,157.539993,146.089996,,,,,,2.8803,pending,,2026-06-26T04:17:53+00:00
trackb_cont_GVA_20260622,,,,,,157.539993,146.089996,,,,,,-0.3954,pending,,2026-06-26T04:17:53+00:00
trackb_cont_GVA_20260623,,,,,,157.539993,147.869995,,,,,,0.8182,pending,,2026-06-26T04:17:53+00:00
trackb_cont_GVA_20260625,,,,,,157.539993,153.169998,,,,,,0.8494,pending,,2026-06-26T04:17:53+00:00
trackb_cont_GWW_20260603,1317.630005,1311.099976,,,,1390.959961,1266.640015,,,,,,-2.0856,pending,,2026-06-26T04:15:21+00:00
trackb_cont_GWW_20260604,1313.959961,1365.410034,,,,1390.959961,1281.689941,,,,,,-0.9222,pending,,2026-06-26T04:15:21+00:00
trackb_cont_GWW_20260605,1315.869995,1341.420044,,,,1390.959961,1283.459961,,,,,,-0.7854,pending,,2026-06-26T04:15:21+00:00
trackb_cont_GWW_20260608,1313.920044,1320.47998,,,,1390.959961,1288.650024,,,,,,-0.8738,pending,,2026-06-26T04:15:21+00:00
trackb_cont_GWW_20260609,1319.719971,1342.569946,,,,1390.959961,1304.310059,,,,,,-0.0199,pending,,2026-06-26T04:15:21+00:00
trackb_cont_GWW_20260610,1311.099976,1374.780029,,,,1390.959961,1304.48999,,,,,,-0.0061,pending,,2026-06-26T04:15:21+00:00
trackb_cont_GWW_20260612,1341.420044,,,,,1390.959961,1304.48999,,,,,,-0.7207,pending,,2026-06-26T04:15:21+00:00
trackb_cont_GWW_20260616,1342.569946,,,,,1390.959961,1304.48999,,,,,,-1.4121,pending,,2026-06-26T04:15:21+00:00
trackb_cont_GWW_20260617,1374.780029,,,,,1390.959961,1304.48999,,,,,,-1.4121,pending,,2026-06-26T04:15:21+00:00
trackb_cont_GWW_20260618,,,,,,1390.959961,1312.160034,,,,,,-0.8325,pending,,2026-06-26T04:15:21+00:00
trackb_cont_GWW_20260619,,,,,,1390.959961,1312.160034,,,,,,-0.8325,pending,,2026-06-26T04:15:21+00:00
trackb_cont_GWW_20260622,,,,,,1390.959961,1312.160034,,,,,,-3.8999,pending,,2026-06-26T04:15:21+00:00
trackb_cont_GWW_20260623,,,,,,1390.959961,1312.160034,,,,,,-2.1813,pending,,2026-06-26T04:15:21+00:00
trackb_cont_GWW_20260624,,,,,,1390.959961,1324.569946,,,,,,-1.2561,pending,,2026-06-26T04:15:21+00:00
trackb_cont_GWW_20260625,,,,,,1390.959961,1337.76001,,,,,,-0.2728,pending,,2026-06-26T04:15:21+00:00
trackb_cont_HAE_20260603,78.800003,72.730003,,,,81.989998,65.059998,,,,,,-0.3217,pending,,2026-06-26T04:15:22+00:00
trackb_cont_HAE_20260604,79.839996,74.169998,,,,81.989998,66.440002,,,,,,1.7926,pending,,2026-06-26T04:15:22+00:00
trackb_cont_HAE_20260605,78.199997,72.529999,,,,81.989998,69.639999,,,,,,6.6953,pending,,2026-06-26T04:15:22+00:00
trackb_cont_HAE_20260608,76.910004,72.779999,,,,81.989998,70.660004,,,,,,8.258,pending,,2026-06-26T04:15:22+00:00
trackb_cont_HAE_20260609,74.43,72.870003,,,,81.989998,72.040001,,,,,,-3.7927,pending,,2026-06-26T04:15:22+00:00
trackb_cont_HAE_20260612,72.529999,,,,,80.940002,72.040001,,,,,,-9.7695,pending,,2026-06-26T04:15:22+00:00
trackb_cont_HAE_20260616,72.870003,,,,,78.690002,72.040001,,,,,,-6.8769,pending,,2026-06-26T04:15:22+00:00
trackb_cont_HAE_20260617,77.620003,,,,,77.699997,72.040001,,,,,,-6.8769,pending,,2026-06-26T04:15:22+00:00
trackb_cont_HAE_20260618,,,,,,77.699997,72.040001,,,,,,-6.8769,pending,,2026-06-26T04:15:22+00:00
trackb_cont_HAE_20260619,,,,,,77.699997,72.040001,,,,,,-6.8769,pending,,2026-06-26T04:15:22+00:00
trackb_cont_HALO_20260609,69.639999,71.150002,,,,73.529999,67.019997,,,,,,-5.2453,pending,,2026-06-26T04:16:58+00:00
trackb_cont_HAYW_20260611,15.0,,,,,16.35,14.065,,,,,,-0.3189,pending,,2026-06-26T04:17:18+00:00
trackb_cont_HAYW_20260616,15.76,,,,,16.35,14.56,,,,,,-1.3216,pending,,2026-06-26T04:17:18+00:00
trackb_cont_HAYW_20260617,16.18,,,,,16.35,14.56,,,,,,-1.3216,pending,,2026-06-26T04:17:18+00:00
trackb_cont_HAYW_20260618,,,,,,16.35,14.56,,,,,,-0.1372,pending,,2026-06-26T04:17:18+00:00
trackb_cont_HAYW_20260619,,,,,,16.35,14.56,,,,,,-0.1372,pending,,2026-06-26T04:17:18+00:00
trackb_cont_HAYW_20260622,,,,,,16.35,14.56,,,,,,-2.9333,pending,,2026-06-26T04:17:18+00:00
trackb_cont_HAYW_20260623,,,,,,16.35,14.56,,,,,,-2.9333,pending,,2026-06-26T04:17:18+00:00
trackb_cont_HBAN_20260611,16.860001,,,,,18.16,16.74,,,,,,-0.5938,pending,,2026-06-26T04:17:16+00:00
trackb_cont_HBAN_20260616,17.58,,,,,18.16,16.74,,,,,,-3.5714,pending,,2026-06-26T04:17:16+00:00
trackb_cont_HBAN_20260617,17.9,,,,,18.16,16.74,,,,,,-3.5714,pending,,2026-06-26T04:17:16+00:00
trackb_cont_HBAN_20260618,,,,,,18.16,16.84,,,,,,-0.0593,pending,,2026-06-26T04:17:16+00:00
trackb_cont_HBAN_20260619,,,,,,18.16,16.9,,,,,,0.2967,pending,,2026-06-26T04:17:16+00:00
trackb_cont_HBAN_20260622,,,,,,18.16,16.9,,,,,,0.2967,pending,,2026-06-26T04:17:16+00:00
trackb_cont_HBAN_20260625,,,,,,18.16,17.6,,,,,,0.1138,pending,,2026-06-26T04:17:16+00:00
trackb_cont_HCC_20260603,95.230003,95.07,,,,109.709999,83.290001,,,,,,-22.2387,pending,,2026-06-26T04:14:40+00:00
trackb_cont_HCC_20260604,94.019997,90.580002,,,,109.709999,83.290001,,,,,,-22.2387,pending,,2026-06-26T04:14:40+00:00
trackb_cont_HCC_20260605,98.110001,87.959999,,,,104.690002,83.290001,,,,,,-22.2387,pending,,2026-06-26T04:14:40+00:00
trackb_cont_HCC_20260608,95.889999,86.110001,,,,101.699997,83.290001,,,,,,-22.2387,pending,,2026-06-26T04:14:40+00:00
trackb_cont_HCI_20260609,164.240005,174.970001,,,,178.0,154.529999,,,,,,0.4289,pending,,2026-06-26T04:16:58+00:00
trackb_cont_HCI_20260615,172.740005,,,,,178.0,157.350006,,,,,,-1.7545,pending,,2026-06-26T04:16:58+00:00
trackb_cont_HCI_20260616,174.970001,,,,,178.0,161.350006,,,,,,-0.3459,pending,,2026-06-26T04:16:58+00:00
trackb_cont_HCI_20260617,173.169998,,,,,178.0,162.350006,,,,,,0.2718,pending,,2026-06-26T04:16:58+00:00
trackb_cont_HCI_20260618,,,,,,178.0,162.350006,,,,,,0.2718,pending,,2026-06-26T04:16:58+00:00
trackb_cont_HCI_20260619,,,,,,178.0,164.660004,,,,,,1.6985,pending,,2026-06-26T04:16:58+00:00
trackb_cont_HCI_20260625,,,,,,175.679993,171.600006,,,,,,-1.926,pending,,2026-06-26T04:16:58+00:00
trackb_cont_HGV_20260603,49.880001,52.049999,,,,55.400002,47.41,,,,,,-6.3784,pending,,2026-06-26T04:15:47+00:00
trackb_cont_HGV_20260604,51.16,52.73,,,,55.400002,47.41,,,,,,-6.3784,pending,,2026-06-26T04:15:47+00:00
trackb_cont_HGV_20260605,50.779999,52.080002,,,,55.400002,47.41,,,,,,-6.3784,pending,,2026-06-26T04:15:47+00:00
trackb_cont_HGV_20260618,,,,,,55.400002,50.57,,,,,,-2.8434,pending,,2026-06-26T04:15:47+00:00
trackb_cont_HGV_20260619,,,,,,55.400002,50.57,,,,,,-2.8434,pending,,2026-06-26T04:15:47+00:00
trackb_cont_HGV_20260622,,,,,,55.400002,50.57,,,,,,-2.8434,pending,,2026-06-26T04:15:47+00:00
trackb_cont_HGV_20260623,,,,,,55.400002,50.57,,,,,,-2.8994,pending,,2026-06-26T04:15:47+00:00
trackb_cont_HGV_20260624,,,,,,55.400002,52.73,,,,,,1.2481,pending,,2026-06-26T04:15:47+00:00
trackb_cont_HGV_20260625,,,,,,55.400002,53.41,,,,,,2.5538,pending,,2026-06-26T04:15:47+00:00
trackb_cont_HIMS_20260611,35.470001,,,,,35.990002,26.52,,,,,,-4.5356,pending,,2026-06-26T04:17:14+00:00
trackb_cont_HIMS_20260612,33.540001,,,,,35.990002,26.52,,,,,,-8.1399,pending,,2026-06-26T04:17:14+00:00
trackb_cont_HIMS_20260618,,,,,,35.990002,30.290001,,,,,,-7.5961,pending,,2026-06-26T04:17:14+00:00
trackb_cont_HIMS_20260619,,,,,,35.990002,30.290001,,,,,,-7.5961,pending,,2026-06-26T04:17:14+00:00
trackb_cont_HIMS_20260622,,,,,,35.990002,30.290001,,,,,,-14.6039,pending,,2026-06-26T04:17:14+00:00
trackb_cont_HIMS_20260623,,,,,,34.68,30.290001,,,,,,-14.6039,pending,,2026-06-26T04:17:14+00:00
trackb_cont_HIMS_20260625,,,,,,33.448002,30.290001,,,,,,-7.37,pending,,2026-06-26T04:17:14+00:00
trackb_cont_HIW_20260603,30.200001,28.620001,,,,30.83,26.639999,,,,,,-0.597,pending,,2026-06-26T04:15:01+00:00
trackb_cont_HIW_20260604,30.25,29.280001,,,,30.83,26.66,,,,,,-0.5224,pending,,2026-06-26T04:15:01+00:00
trackb_cont_HIW_20260605,29.84,29.379999,,,,30.83,27.190001,,,,,,1.4552,pending,,2026-06-26T04:15:01+00:00
trackb_cont_HIW_20260608,29.469999,29.530001,,,,30.83,28.02,,,,,,0.5022,pending,,2026-06-26T04:15:01+00:00
trackb_cont_HIW_20260612,29.379999,,,,,30.48,28.450001,,,,,,-5.9504,pending,,2026-06-26T04:15:01+00:00
trackb_cont_HIW_20260616,28.91,,,,,29.9,28.450001,,,,,,-2.8513,pending,,2026-06-26T04:15:01+00:00
trackb_cont_HIW_20260617,29.219999,,,,,29.83,28.450001,,,,,,-2.8513,pending,,2026-06-26T04:15:01+00:00
trackb_cont_HIW_20260618,,,,,,29.83,28.540001,,,,,,-2.544,pending,,2026-06-26T04:15:01+00:00
trackb_cont_HIW_20260619,,,,,,29.83,28.540001,,,,,,-2.544,pending,,2026-06-26T04:15:01+00:00
trackb_cont_HLT_20260603,338.220001,349.299988,,,,358.0,328.299988,,,,,,-1.571,pending,,2026-06-26T04:15:48+00:00
trackb_cont_HLT_20260604,341.859985,348.839996,,,,358.0,328.299988,,,,,,-1.571,pending,,2026-06-26T04:15:48+00:00
trackb_cont_HLT_20260605,345.950012,342.929993,,,,358.0,328.299988,,,,,,-1.571,pending,,2026-06-26T04:15:48+00:00
trackb_cont_HLT_20260608,347.109985,343.829987,,,,358.0,328.299988,,,,,,-1.571,pending,,2026-06-26T04:15:48+00:00
trackb_cont_HLT_20260612,342.929993,,,,,358.0,339.01001,,,,,,-0.8337,pending,,2026-06-26T04:15:48+00:00
trackb_cont_HLT_20260616,343.420013,,,,,358.0,339.01001,,,,,,-2.3026,pending,,2026-06-26T04:15:48+00:00
trackb_cont_HLT_20260617,340.549988,,,,,358.0,339.01001,,,,,,-2.3026,pending,,2026-06-26T04:15:48+00:00
trackb_cont_HLT_20260618,,,,,,356.149994,339.01001,,,,,,-3.1417,pending,,2026-06-26T04:15:48+00:00
trackb_cont_HLT_20260619,,,,,,350.369995,339.01001,,,,,,-3.1417,pending,,2026-06-26T04:15:48+00:00
trackb_cont_HLT_20260622,,,,,,350.369995,339.01001,,,,,,-3.1417,pending,,2026-06-26T04:15:48+00:00
trackb_cont_HLT_20260623,,,,,,350.369995,339.01001,,,,,,-1.1431,pending,,2026-06-26T04:15:48+00:00
trackb_cont_HLT_20260624,,,,,,350.369995,339.880005,,,,,,-0.8894,pending,,2026-06-26T04:15:48+00:00
trackb_cont_HLT_20260625,,,,,,348.230011,339.880005,,,,,,-0.8894,pending,,2026-06-26T04:15:48+00:00
trackb_cont_HNGE_20260603,62.060001,67.040001,,,,75.169998,56.77,,,,,,-2.6244,pending,,2026-06-26T04:16:14+00:00
trackb_cont_HNGE_20260604,64.75,69.419998,,,,75.169998,58.154999,,,,,,-0.2487,pending,,2026-06-26T04:16:14+00:00
trackb_cont_HNGE_20260605,65.339996,68.849998,,,,75.169998,61.5,,,,,,5.4889,pending,,2026-06-26T04:16:14+00:00
trackb_cont_HNGE_20260608,68.349998,70.379997,,,,75.169998,61.5,,,,,,5.4889,pending,,2026-06-26T04:16:14+00:00
trackb_cont_HNGE_20260609,67.809998,70.559998,,,,75.169998,61.5,,,,,,-2.1635,pending,,2026-06-26T04:16:14+00:00
trackb_cont_HNGE_20260610,67.040001,75.139999,,,,75.169998,61.5,,,,,,-2.1635,pending,,2026-06-26T04:16:14+00:00
trackb_cont_HNGE_20260611,69.419998,,,,,75.169998,61.509998,,,,,,-0.8862,pending,,2026-06-26T04:16:14+00:00
trackb_cont_HNGE_20260616,70.559998,,,,,75.169998,65.959999,,,,,,-2.9572,pending,,2026-06-26T04:16:14+00:00
trackb_cont_HNGE_20260617,75.139999,,,,,75.169998,65.959999,,,,,,-2.9572,pending,,2026-06-26T04:16:14+00:00
trackb_cont_HNGE_20260618,,,,,,75.169998,65.959999,,,,,,-2.3321,pending,,2026-06-26T04:16:14+00:00
trackb_cont_HNGE_20260619,,,,,,75.169998,67.860001,,,,,,0.4812,pending,,2026-06-26T04:16:14+00:00
trackb_cont_HNGE_20260622,,,,,,75.169998,67.860001,,,,,,-2.2472,pending,,2026-06-26T04:16:14+00:00
trackb_cont_HNGE_20260623,,,,,,75.169998,67.860001,,,,,,-2.2472,pending,,2026-06-26T04:16:14+00:00
trackb_cont_HNGE_20260625,,,,,,75.169998,69.400002,,,,,,-1.644,pending,,2026-06-26T04:16:14+00:00
trackb_cont_HNST_20260615,3.6,,,,,3.78,3.425,,,,,,-6.6758,pending,,2026-06-26T04:17:12+00:00
trackb_cont_HNST_20260616,3.69,,,,,3.78,3.425,,,,,,-3.9271,pending,,2026-06-26T04:17:12+00:00
trackb_cont_HNST_20260617,3.56,,,,,3.78,3.425,,,,,,-3.9271,pending,,2026-06-26T04:17:12+00:00
trackb_cont_HNST_20260618,,,,,,3.78,3.425,,,,,,-3.7921,pending,,2026-06-26T04:17:12+00:00
trackb_cont_HNST_20260619,,,,,,3.78,3.425,,,,,,-3.7921,pending,,2026-06-26T04:17:12+00:00
trackb_cont_HNST_20260622,,,,,,3.78,3.425,,,,,,-9.1512,pending,,2026-06-26T04:17:12+00:00
trackb_cont_HNST_20260623,,,,,,3.78,3.47,,,,,,-7.9576,pending,,2026-06-26T04:17:12+00:00
trackb_cont_HOG_20260615,25.58,,,,,26.5,24.51,,,,,,-7.0887,pending,,2026-06-26T04:17:49+00:00
trackb_cont_HOG_20260616,25.549999,,,,,26.5,24.51,,,,,,-5.9478,pending,,2026-06-26T04:17:49+00:00
trackb_cont_HOG_20260617,25.459999,,,,,26.5,24.51,,,,,,-5.9478,pending,,2026-06-26T04:17:49+00:00
trackb_cont_HOG_20260618,,,,,,26.5,24.51,,,,,,-3.5419,pending,,2026-06-26T04:17:49+00:00
trackb_cont_HOG_20260619,,,,,,26.5,24.51,,,,,,-3.5419,pending,,2026-06-26T04:17:49+00:00
trackb_cont_HOG_20260622,,,,,,26.5,24.51,,,,,,-3.5419,pending,,2026-06-26T04:17:49+00:00
trackb_cont_HON_20260603,205.880005,228.610001,,,,237.490005,205.520004,,,,,,-11.7599,pending,,2026-06-26T04:15:34+00:00
trackb_cont_HON_20260604,219.119995,229.009995,,,,237.369995,205.520004,,,,,,-11.7599,pending,,2026-06-26T04:15:34+00:00
trackb_cont_HON_20260605,220.309998,228.110001,,,,237.369995,205.520004,,,,,,-11.7599,pending,,2026-06-26T04:15:34+00:00
trackb_cont_HON_20260608,227.410004,222.369995,,,,237.369995,205.520004,,,,,,-11.7599,pending,,2026-06-26T04:15:34+00:00
trackb_cont_HOOD_20260603,86.360001,105.199997,,,,112.5,78.93,,,,,,-4.8807,pending,,2026-06-26T04:16:26+00:00
trackb_cont_HOOD_20260604,92.230003,108.150002,,,,112.5,78.93,,,,,,-4.8807,pending,,2026-06-26T04:16:26+00:00
trackb_cont_HOOD_20260605,93.190002,105.709999,,,,112.5,78.93,,,,,,-4.8807,pending,,2026-06-26T04:16:26+00:00
trackb_cont_HOOD_20260608,98.120003,103.25,,,,112.5,78.93,,,,,,-4.8807,pending,,2026-06-26T04:16:26+00:00
trackb_cont_HOOD_20260616,97.190002,,,,,112.5,92.800003,,,,,,-6.5664,pending,,2026-06-26T04:16:26+00:00
trackb_cont_HOOD_20260617,93.470001,,,,,112.5,92.800003,,,,,,-6.5664,pending,,2026-06-26T04:16:26+00:00
trackb_cont_HOOD_20260618,,,,,,112.5,92.800003,,,,,,-6.5664,pending,,2026-06-26T04:16:26+00:00
trackb_cont_HOOD_20260619,,,,,,112.5,92.800003,,,,,,-6.5664,pending,,2026-06-26T04:16:26+00:00
trackb_cont_HOOD_20260623,,,,,,105.989998,92.800003,,,,,,-12.2127,pending,,2026-06-26T04:16:26+00:00
trackb_cont_HOOD_20260624,,,,,,104.269997,92.800003,,,,,,-12.2127,pending,,2026-06-26T04:16:26+00:00
trackb_cont_HOOD_20260625,,,,,,99.190002,92.800003,,,,,,-4.5169,pending,,2026-06-26T04:16:26+00:00
trackb_cont_HOV_20260603,111.919998,120.870003,,,,147.789993,107.720001,,,,,,-0.37,pending,,2026-06-26T04:15:21+00:00
trackb_cont_HOV_20260604,120.870003,131.779999,,,,147.789993,107.720001,,,,,,-0.37,pending,,2026-06-26T04:15:21+00:00
trackb_cont_HOV_20260605,120.720001,125.589996,,,,147.789993,107.720001,,,,,,-0.37,pending,,2026-06-26T04:15:21+00:00
trackb_cont_HOV_20260608,119.849998,127.489998,,,,147.789993,107.720001,,,,,,-0.37,pending,,2026-06-26T04:15:21+00:00
trackb_cont_HOV_20260616,141.910004,,,,,147.789993,118.610001,,,,,,-2.268,pending,,2026-06-26T04:15:21+00:00
trackb_cont_HOV_20260617,141.880005,,,,,147.789993,118.610001,,,,,,-2.268,pending,,2026-06-26T04:15:21+00:00
trackb_cont_HOV_20260618,,,,,,147.789993,123.419998,,,,,,2.1097,pending,,2026-06-26T04:15:21+00:00
trackb_cont_HOV_20260619,,,,,,147.789993,124.010002,,,,,,2.5978,pending,,2026-06-26T04:15:21+00:00
trackb_cont_HOV_20260622,,,,,,147.789993,124.010002,,,,,,2.5978,pending,,2026-06-26T04:15:21+00:00
trackb_cont_HOV_20260623,,,,,,147.789993,124.010002,,,,,,-1.2581,pending,,2026-06-26T04:15:21+00:00
trackb_cont_HOV_20260624,,,,,,147.789993,128.990005,,,,,,2.7072,pending,,2026-06-26T04:15:21+00:00
trackb_cont_HOV_20260625,,,,,,147.789993,139.169998,,,,,,10.813,pending,,2026-06-26T04:15:21+00:00
trackb_cont_HPE_20260603,45.490002,48.200001,,,,55.990002,44.740002,,,,,,-18.5212,pending,,2026-06-26T04:16:04+00:00
trackb_cont_HPE_20260604,46.799999,47.41,,,,54.470001,44.740002,,,,,,-18.5212,pending,,2026-06-26T04:16:04+00:00
trackb_cont_HPE_20260605,48.169998,48.400002,,,,53.054001,44.740002,,,,,,-18.5212,pending,,2026-06-26T04:16:04+00:00
trackb_cont_HPE_20260608,49.02,48.919998,,,,50.866001,44.740002,,,,,,-18.5212,pending,,2026-06-26T04:16:04+00:00
trackb_cont_HPP_20260603,15.06,13.41,,,,15.69,12.84,,,,,,-0.5807,pending,,2026-06-26T04:14:42+00:00
trackb_cont_HPP_20260604,15.23,14.62,,,,15.69,13.35,,,,,,3.3682,pending,,2026-06-26T04:14:42+00:00
trackb_cont_HPP_20260605,15.29,14.54,,,,15.69,13.35,,,,,,3.3682,pending,,2026-06-26T04:14:42+00:00
trackb_cont_HPP_20260608,15.15,14.4,,,,15.69,13.35,,,,,,-2.8384,pending,,2026-06-26T04:14:42+00:00
trackb_cont_HPP_20260611,14.62,,,,,15.67,13.35,,,,,,-11.3546,pending,,2026-06-26T04:14:42+00:00
trackb_cont_HPP_20260615,14.4,,,,,15.63,13.35,,,,,,-13.8987,pending,,2026-06-26T04:14:42+00:00
trackb_cont_HPP_20260616,14.38,,,,,15.02,13.35,,,,,,-11.823,pending,,2026-06-26T04:14:42+00:00
trackb_cont_HPP_20260617,14.3,,,,,14.86,13.35,,,,,,-11.823,pending,,2026-06-26T04:14:42+00:00
trackb_cont_HPP_20260618,,,,,,14.86,13.82,,,,,,-8.7186,pending,,2026-06-26T04:14:42+00:00
trackb_cont_HPP_20260619,,,,,,14.86,13.82,,,,,,-8.7186,pending,,2026-06-26T04:14:42+00:00
trackb_cont_HPP_20260623,,,,,,14.79,13.82,,,,,,-4.9519,pending,,2026-06-26T04:14:42+00:00
trackb_cont_HPP_20260624,,,,,,14.79,13.82,,,,,,-4.9519,pending,,2026-06-26T04:14:42+00:00
trackb_cont_HPP_20260625,,,,,,14.79,13.82,,,,,,-3.8943,pending,,2026-06-26T04:14:42+00:00
trackb_cont_HPQ_20260603,24.690001,23.18,,,,26.879999,22.57,,,,,,-14.3128,pending,,2026-06-26T04:16:13+00:00
trackb_cont_HPQ_20260604,24.68,23.5,,,,26.709999,22.57,,,,,,-14.3128,pending,,2026-06-26T04:16:13+00:00
trackb_cont_HPQ_20260605,25.24,23.540001,,,,26.280001,22.57,,,,,,-14.3128,pending,,2026-06-26T04:16:13+00:00
trackb_cont_HRB_20260603,37.209999,35.32,,,,39.0,33.560001,,,,,,-10.0991,pending,,2026-06-26T04:15:31+00:00
trackb_cont_HRB_20260604,35.889999,34.380001,,,,39.0,33.560001,,,,,,-10.0991,pending,,2026-06-26T04:15:31+00:00
trackb_cont_HRB_20260605,36.52,34.040001,,,,38.73,33.560001,,,,,,-10.0991,pending,,2026-06-26T04:15:31+00:00
trackb_cont_HRB_20260608,36.200001,35.869999,,,,38.68,33.560001,,,,,,-10.0991,pending,,2026-06-26T04:15:31+00:00
trackb_cont_HRI_20260608,151.550003,143.289993,,,,157.649994,135.199997,,,,,,-1.0828,pending,,2026-06-26T04:16:44+00:00
trackb_cont_HRI_20260611,155.119995,,,,,157.649994,140.289993,,,,,,-0.771,pending,,2026-06-26T04:16:44+00:00
trackb_cont_HRL_20260603,24.290001,24.33,,,,26.200001,22.9,,,,,,-2.2829,pending,,2026-06-26T04:15:28+00:00
trackb_cont_HRL_20260604,24.440001,24.16,,,,26.200001,22.92,,,,,,-2.1976,pending,,2026-06-26T04:15:28+00:00
trackb_cont_HRL_20260605,24.75,24.110001,,,,26.200001,23.309999,,,,,,-0.5334,pending,,2026-06-26T04:15:28+00:00
trackb_cont_HRL_20260608,24.58,24.719999,,,,26.200001,23.370001,,,,,,-0.2774,pending,,2026-06-26T04:15:28+00:00
trackb_cont_HRL_20260609,24.65,25.549999,,,,26.200001,23.530001,,,,,,-0.4653,pending,,2026-06-26T04:15:28+00:00
trackb_cont_HRL_20260610,24.33,26.02,,,,26.200001,23.93,,,,,,1.2267,pending,,2026-06-26T04:15:28+00:00
trackb_cont_HRL_20260612,24.110001,,,,,26.200001,23.93,,,,,,-2.0867,pending,,2026-06-26T04:15:28+00:00
trackb_cont_HRL_20260616,25.549999,,,,,26.200001,23.93,,,,,,-2.4857,pending,,2026-06-26T04:15:28+00:00
trackb_cont_HRL_20260617,26.02,,,,,26.200001,23.93,,,,,,-2.4857,pending,,2026-06-26T04:15:28+00:00
trackb_cont_HRL_20260618,,,,,,26.200001,23.93,,,,,,-1.6036,pending,,2026-06-26T04:15:28+00:00
trackb_cont_HRL_20260619,,,,,,26.200001,23.93,,,,,,-1.6036,pending,,2026-06-26T04:15:28+00:00
trackb_cont_HRL_20260622,,,,,,26.200001,23.93,,,,,,-1.6036,pending,,2026-06-26T04:15:28+00:00
trackb_cont_HRL_20260623,,,,,,26.200001,24.360001,,,,,,0.1645,pending,,2026-06-26T04:15:28+00:00
trackb_cont_HRL_20260625,,,,,,26.200001,25.59,,,,,,0.1566,pending,,2026-06-26T04:15:28+00:00
trackb_cont_HROW_20260615,42.779999,,,,,44.5,37.860001,,,,,,-1.5088,pending,,2026-06-26T04:16:53+00:00
trackb_cont_HROW_20260616,42.68,,,,,44.5,38.09,,,,,,-2.1828,pending,,2026-06-26T04:16:53+00:00
trackb_cont_HROW_20260617,41.5,,,,,44.5,38.52,,,,,,-1.0786,pending,,2026-06-26T04:16:53+00:00
trackb_cont_HROW_20260618,,,,,,44.5,41.25,,,,,,-1.6452,pending,,2026-06-26T04:16:53+00:00
trackb_cont_HROW_20260619,,,,,,44.5,41.25,,,,,,-1.6452,pending,,2026-06-26T04:16:53+00:00
trackb_cont_HROW_20260622,,,,,,44.5,41.25,,,,,,-3.7789,pending,,2026-06-26T04:16:53+00:00
trackb_cont_HROW_20260623,,,,,,44.130001,41.25,,,,,,-2.7352,pending,,2026-06-26T04:16:53+00:00
trackb_cont_HROW_20260624,,,,,,44.130001,41.25,,,,,,-2.7352,pending,,2026-06-26T04:16:53+00:00
trackb_cont_HROW_20260625,,,,,,43.119999,41.25,,,,,,-3.3505,pending,,2026-06-26T04:16:53+00:00
trackb_cont_HR_20260612,20.16,,,,,20.85,19.75,,,,,,-3.6585,pending,,2026-06-26T04:17:35+00:00
trackb_cont_HR_20260616,20.42,,,,,20.780001,19.75,,,,,,-4.033,pending,,2026-06-26T04:17:35+00:00
trackb_cont_HR_20260617,20.309999,,,,,20.780001,19.75,,,,,,-4.033,pending,,2026-06-26T04:17:35+00:00
trackb_cont_HR_20260618,,,,,,20.540001,19.75,,,,,,-4.033,pending,,2026-06-26T04:17:35+00:00
trackb_cont_HR_20260619,,,,,,20.540001,19.84,,,,,,-3.5957,pending,,2026-06-26T04:17:35+00:00
trackb_cont_HSIC_20260603,78.849998,79.970001,,,,84.389999,75.440002,,,,,,-0.7172,pending,,2026-06-26T04:16:00+00:00
trackb_cont_HSIC_20260604,80.220001,79.919998,,,,84.389999,76.129997,,,,,,0.1908,pending,,2026-06-26T04:16:00+00:00
trackb_cont_HSIC_20260605,81.25,78.669998,,,,84.389999,76.129997,,,,,,0.1908,pending,,2026-06-26T04:16:00+00:00
trackb_cont_HSIC_20260608,81.089996,80.099998,,,,84.389999,76.879997,,,,,,1.1779,pending,,2026-06-26T04:16:00+00:00
trackb_cont_HSIC_20260609,81.209999,82.82,,,,84.389999,78.5,,,,,,0.5766,pending,,2026-06-26T04:16:00+00:00
trackb_cont_HSIC_20260610,79.970001,83.690002,,,,84.389999,78.620003,,,,,,0.7303,pending,,2026-06-26T04:16:00+00:00
trackb_cont_HSIC_20260612,78.669998,,,,,84.389999,78.620003,,,,,,-1.9945,pending,,2026-06-26T04:16:00+00:00
trackb_cont_HSIC_20260616,82.82,,,,,84.389999,78.620003,,,,,,-3.4745,pending,,2026-06-26T04:16:00+00:00
trackb_cont_HSIC_20260617,83.690002,,,,,84.389999,78.620003,,,,,,-3.4745,pending,,2026-06-26T04:16:00+00:00
trackb_cont_HSIC_20260618,,,,,,84.389999,78.620003,,,,,,-1.6881,pending,,2026-06-26T04:16:00+00:00
trackb_cont_HSIC_20260619,,,,,,84.389999,78.620003,,,,,,-1.6881,pending,,2026-06-26T04:16:00+00:00
trackb_cont_HSIC_20260622,,,,,,84.389999,78.620003,,,,,,-1.6881,pending,,2026-06-26T04:16:00+00:00
trackb_cont_HSIC_20260625,,,,,,84.389999,82.82,,,,,,-0.0,pending,,2026-06-26T04:16:00+00:00
trackb_cont_HST_20260603,23.950001,24.620001,,,,25.41,23.41,,,,,,-2.1934,pending,,2026-06-26T04:14:57+00:00
trackb_cont_HST_20260604,24.34,25.01,,,,25.41,23.93,,,,,,-0.0209,pending,,2026-06-26T04:14:57+00:00
trackb_cont_HST_20260605,24.889999,25.129999,,,,25.41,23.93,,,,,,-0.0209,pending,,2026-06-26T04:14:57+00:00
trackb_cont_HST_20260608,24.809999,24.82,,,,25.41,23.93,,,,,,-2.8026,pending,,2026-06-26T04:14:57+00:00
trackb_cont_HST_20260610,24.620001,24.98,,,,25.41,23.93,,,,,,-2.0867,pending,,2026-06-26T04:14:57+00:00
trackb_cont_HST_20260616,24.58,,,,,25.41,24.34,,,,,,-1.7161,pending,,2026-06-26T04:14:57+00:00
trackb_cont_HST_20260617,24.98,,,,,25.41,24.34,,,,,,-1.7161,pending,,2026-06-26T04:14:57+00:00
trackb_cont_HST_20260618,,,,,,25.41,24.34,,,,,,-1.1373,pending,,2026-06-26T04:14:57+00:00
trackb_cont_HST_20260619,,,,,,25.41,24.34,,,,,,-1.1373,pending,,2026-06-26T04:14:57+00:00
trackb_cont_HST_20260622,,,,,,25.41,24.34,,,,,,-2.6789,pending,,2026-06-26T04:14:57+00:00
trackb_cont_HST_20260623,,,,,,25.32,24.34,,,,,,-3.1437,pending,,2026-06-26T04:14:57+00:00
trackb_cont_HST_20260624,,,,,,25.129999,24.34,,,,,,-3.1437,pending,,2026-06-26T04:14:57+00:00
trackb_cont_HST_20260625,,,,,,25.030001,24.620001,,,,,,0.1627,pending,,2026-06-26T04:14:57+00:00
trackb_cont_HTFL_20260616,34.91,,,,,35.849998,31.84,,,,,,-3.5882,pending,,2026-06-26T04:16:52+00:00
trackb_cont_HTFL_20260617,34.98,,,,,35.849998,32.044998,,,,,,-2.9675,pending,,2026-06-26T04:16:52+00:00
trackb_cont_HTFL_20260618,,,,,,35.849998,32.689999,,,,,,-1.0144,pending,,2026-06-26T04:16:52+00:00
trackb_cont_HTFL_20260619,,,,,,35.849998,32.970001,,,,,,-0.1665,pending,,2026-06-26T04:16:52+00:00
trackb_cont_HTFL_20260622,,,,,,35.849998,32.970001,,,,,,-1.9917,pending,,2026-06-26T04:16:52+00:00
trackb_cont_HTFL_20260623,,,,,,35.849998,32.970001,,,,,,-2.5709,pending,,2026-06-26T04:16:52+00:00
trackb_cont_HTFL_20260624,,,,,,35.849998,34.009998,,,,,,0.5024,pending,,2026-06-26T04:16:52+00:00
trackb_cont_HTFL_20260625,,,,,,35.849998,34.009998,,,,,,-2.5781,pending,,2026-06-26T04:16:52+00:00
trackb_cont_HTLD_20260603,15.78,14.33,,,,16.639999,14.24,,,,,,-8.3065,pending,,2026-06-26T04:14:49+00:00
trackb_cont_HTLD_20260604,16.219999,14.44,,,,16.639999,14.24,,,,,,-8.3065,pending,,2026-06-26T04:14:49+00:00
trackb_cont_HTLD_20260605,16.110001,14.69,,,,16.639999,14.24,,,,,,-8.3065,pending,,2026-06-26T04:14:49+00:00
trackb_cont_HTLD_20260608,15.82,14.64,,,,16.639999,14.24,,,,,,-9.5299,pending,,2026-06-26T04:14:49+00:00
trackb_cont_HTLD_20260612,14.69,,,,,16.52,14.24,,,,,,-12.2072,pending,,2026-06-26T04:14:49+00:00
trackb_cont_HTLD_20260616,14.59,,,,,15.95,14.24,,,,,,-9.1837,pending,,2026-06-26T04:14:49+00:00
trackb_cont_HTLD_20260617,15.28,,,,,15.38,14.24,,,,,,-9.1837,pending,,2026-06-26T04:14:49+00:00
trackb_cont_HTLD_20260618,,,,,,15.29,14.32,,,,,,-8.6735,pending,,2026-06-26T04:14:49+00:00
trackb_cont_HTLD_20260619,,,,,,15.29,14.39,,,,,,-8.227,pending,,2026-06-26T04:14:49+00:00
trackb_cont_HUBB_20260618,,,,,,547.325012,503.549988,,,,,,-2.6458,pending,,2026-06-26T04:18:22+00:00
trackb_cont_HUBB_20260619,,,,,,547.325012,503.549988,,,,,,-2.6458,pending,,2026-06-26T04:18:22+00:00
trackb_cont_HUBB_20260622,,,,,,547.325012,503.549988,,,,,,-2.6458,pending,,2026-06-26T04:18:22+00:00
trackb_cont_HUBB_20260623,,,,,,547.325012,503.549988,,,,,,-6.6445,pending,,2026-06-26T04:18:22+00:00
trackb_cont_HUBB_20260624,,,,,,547.325012,503.549988,,,,,,-6.6445,pending,,2026-06-26T04:18:22+00:00
trackb_cont_HUBG_20260603,44.439999,43.630001,,,,46.810001,42.630001,,,,,,-1.4107,pending,,2026-06-26T04:15:11+00:00
trackb_cont_HUBG_20260604,45.799999,44.349998,,,,46.810001,42.630001,,,,,,-1.4107,pending,,2026-06-26T04:15:11+00:00
trackb_cont_HUBG_20260605,46.380001,43.98,,,,46.810001,42.630001,,,,,,-1.4107,pending,,2026-06-26T04:15:11+00:00
trackb_cont_HUBG_20260608,45.529999,43.189999,,,,46.810001,42.630001,,,,,,-0.6988,pending,,2026-06-26T04:15:11+00:00
trackb_cont_HUBG_20260609,45.189999,43.0,,,,46.810001,42.77,,,,,,-4.1246,pending,,2026-06-26T04:15:11+00:00
trackb_cont_HUBG_20260611,44.349998,,,,,46.810001,42.77,,,,,,-3.7579,pending,,2026-06-26T04:15:11+00:00
trackb_cont_HUBG_20260615,43.189999,,,,,46.349998,42.77,,,,,,-7.1832,pending,,2026-06-26T04:15:11+00:00
trackb_cont_HUBG_20260616,43.0,,,,,45.880001,42.77,,,,,,-6.5851,pending,,2026-06-26T04:15:11+00:00
trackb_cont_HUBG_20260617,43.900002,,,,,45.360001,42.77,,,,,,-6.5851,pending,,2026-06-26T04:15:11+00:00
trackb_cont_HUBG_20260618,,,,,,44.93,42.77,,,,,,-1.9711,pending,,2026-06-26T04:15:11+00:00
trackb_cont_HUBG_20260619,,,,,,44.93,42.77,,,,,,-1.9711,pending,,2026-06-26T04:15:11+00:00
trackb_cont_HUBG_20260622,,,,,,44.93,42.77,,,,,,-1.9711,pending,,2026-06-26T04:15:11+00:00
trackb_cont_HUBS_20260603,192.789993,176.710007,,,,235.440002,169.630005,,,,,,-23.597,pending,,2026-06-26T04:16:10+00:00
trackb_cont_HUBS_20260604,186.429993,176.029999,,,,234.880005,169.630005,,,,,,-23.597,pending,,2026-06-26T04:16:10+00:00
trackb_cont_HUBS_20260605,187.979996,172.800003,,,,225.0,169.630005,,,,,,-23.597,pending,,2026-06-26T04:16:10+00:00
trackb_cont_HUBS_20260608,186.059998,173.289993,,,,212.059998,169.630005,,,,,,-23.597,pending,,2026-06-26T04:16:10+00:00
trackb_cont_HUM_20260603,364.459991,362.0,,,,380.859985,321.200012,,,,,,-2.2192,pending,,2026-06-26T04:15:29+00:00
trackb_cont_HUM_20260604,368.690002,360.649994,,,,380.859985,333.549988,,,,,,1.5404,pending,,2026-06-26T04:15:29+00:00
trackb_cont_HUM_20260605,379.220001,360.720001,,,,380.859985,342.709991,,,,,,4.3289,pending,,2026-06-26T04:15:29+00:00
trackb_cont_HUM_20260608,380.26001,359.130005,,,,380.859985,343.920013,,,,,,-1.7596,pending,,2026-06-26T04:15:29+00:00
trackb_cont_HUM_20260611,360.649994,,,,,380.859985,353.059998,,,,,,-3.1279,pending,,2026-06-26T04:15:29+00:00
trackb_cont_HUM_20260612,360.720001,,,,,380.859985,353.059998,,,,,,-4.2393,pending,,2026-06-26T04:15:29+00:00
trackb_cont_HUM_20260616,361.640015,,,,,380.859985,353.059998,,,,,,-6.6448,pending,,2026-06-26T04:15:29+00:00
trackb_cont_HUM_20260617,376.0,,,,,379.649994,353.059998,,,,,,-6.6448,pending,,2026-06-26T04:15:29+00:00
trackb_cont_HUM_20260618,,,,,,379.649994,353.059998,,,,,,-2.1045,pending,,2026-06-26T04:15:29+00:00
trackb_cont_HUM_20260619,,,,,,379.649994,353.059998,,,,,,-2.1045,pending,,2026-06-26T04:15:29+00:00
trackb_cont_HUM_20260622,,,,,,379.649994,353.059998,,,,,,-2.1045,pending,,2026-06-26T04:15:29+00:00
trackb_cont_HUM_20260623,,,,,,379.649994,353.059998,,,,,,-2.1045,pending,,2026-06-26T04:15:29+00:00
trackb_cont_HUM_20260625,,,,,,379.649994,358.549988,,,,,,-0.8544,pending,,2026-06-26T04:15:29+00:00
trackb_cont_HUN_20260603,14.23,12.73,,,,16.09,10.96,,,,,,-26.1456,pending,,2026-06-26T04:16:04+00:00
trackb_cont_HUN_20260604,15.08,12.07,,,,16.09,10.96,,,,,,-26.1456,pending,,2026-06-26T04:16:04+00:00
trackb_cont_HUN_20260605,15.74,11.5,,,,16.09,10.96,,,,,,-26.1456,pending,,2026-06-26T04:16:04+00:00
trackb_cont_HUN_20260616,11.32,,,,,14.94,10.96,,,,,,-31.3498,pending,,2026-06-26T04:16:04+00:00
trackb_cont_HUN_20260617,11.33,,,,,13.89,10.96,,,,,,-31.3498,pending,,2026-06-26T04:16:04+00:00
trackb_cont_HUN_20260618,,,,,,12.83,10.96,,,,,,-31.3498,pending,,2026-06-26T04:16:04+00:00
trackb_cont_HUN_20260619,,,,,,12.23,10.96,,,,,,-31.3498,pending,,2026-06-26T04:16:04+00:00
trackb_cont_HUT_20260603,105.68,118.879997,,,,135.309998,104.25,,,,,,-20.4472,pending,,2026-06-26T04:15:26+00:00
trackb_cont_HUT_20260604,116.309998,124.440002,,,,130.580002,104.25,,,,,,-20.4472,pending,,2026-06-26T04:15:26+00:00
trackb_cont_HUT_20260605,118.860001,121.040001,,,,129.880005,104.25,,,,,,-20.4472,pending,,2026-06-26T04:15:26+00:00
trackb_cont_HUT_20260608,120.18,120.510002,,,,129.880005,104.25,,,,,,-7.1187,pending,,2026-06-26T04:15:26+00:00
trackb_cont_HWM_20260618,,,,,,290.630005,269.220001,,,,,,-7.0084,pending,,2026-06-26T04:18:35+00:00
trackb_cont_HWM_20260619,,,,,,281.459991,269.220001,,,,,,-7.0084,pending,,2026-06-26T04:18:35+00:00
trackb_cont_HWM_20260622,,,,,,281.459991,269.220001,,,,,,-7.0084,pending,,2026-06-26T04:18:35+00:00
trackb_cont_HWM_20260623,,,,,,281.459991,269.220001,,,,,,-7.0084,pending,,2026-06-26T04:18:35+00:00
trackb_cont_HZO_20260603,32.599998,33.099998,,,,38.139999,32.59,,,,,,-5.7002,pending,,2026-06-26T04:15:47+00:00
trackb_cont_HZO_20260604,33.619999,34.950001,,,,38.139999,32.59,,,,,,-5.7002,pending,,2026-06-26T04:15:47+00:00
trackb_cont_HZO_20260605,34.0,34.830002,,,,38.139999,32.59,,,,,,-5.7002,pending,,2026-06-26T04:15:47+00:00
trackb_cont_HZO_20260608,34.290001,34.790001,,,,38.139999,32.59,,,,,,-5.7002,pending,,2026-06-26T04:15:47+00:00
trackb_cont_H_20260603,190.630005,201.880005,,,,206.860001,182.429993,,,,,,-1.7397,pending,,2026-06-26T04:15:41+00:00
trackb_cont_H_20260604,197.860001,202.089996,,,,206.860001,185.130005,,,,,,-0.2855,pending,,2026-06-26T04:15:41+00:00
trackb_cont_H_20260605,199.360001,196.330002,,,,206.860001,189.809998,,,,,,2.2353,pending,,2026-06-26T04:15:41+00:00
trackb_cont_H_20260608,198.949997,198.050003,,,,206.860001,189.809998,,,,,,2.2353,pending,,2026-06-26T04:15:41+00:00
trackb_cont_H_20260609,197.029999,197.320007,,,,206.860001,189.809998,,,,,,-2.0184,pending,,2026-06-26T04:15:41+00:00
trackb_cont_H_20260611,202.089996,,,,,206.860001,191.279999,,,,,,0.341,pending,,2026-06-26T04:15:41+00:00
trackb_cont_H_20260612,196.330002,,,,,206.860001,194.210007,,,,,,-1.8447,pending,,2026-06-26T04:15:41+00:00
trackb_cont_H_20260616,197.320007,,,,,206.860001,194.210007,,,,,,-0.553,pending,,2026-06-26T04:15:41+00:00
trackb_cont_H_20260617,197.009995,,,,,206.860001,194.210007,,,,,,-0.553,pending,,2026-06-26T04:15:41+00:00
trackb_cont_H_20260618,,,,,,206.860001,194.210007,,,,,,-5.533,pending,,2026-06-26T04:15:41+00:00
trackb_cont_H_20260619,,,,,,202.440002,194.210007,,,,,,-5.533,pending,,2026-06-26T04:15:41+00:00
trackb_cont_H_20260622,,,,,,202.440002,194.210007,,,,,,-3.8992,pending,,2026-06-26T04:15:41+00:00
trackb_cont_H_20260623,,,,,,202.440002,194.210007,,,,,,-1.0798,pending,,2026-06-26T04:15:41+00:00
trackb_cont_H_20260624,,,,,,202.440002,195.279999,,,,,,-0.5348,pending,,2026-06-26T04:15:41+00:00
trackb_cont_H_20260625,,,,,,200.720001,195.279999,,,,,,-0.5348,pending,,2026-06-26T04:15:41+00:00
trackb_cont_IAUX_20260603,1.37,1.52,,,,1.62,1.36,,,,,,-12.5402,pending,,2026-06-26T04:15:30+00:00
trackb_cont_IAUX_20260604,1.44,1.55,,,,1.62,1.36,,,,,,-12.5402,pending,,2026-06-26T04:15:30+00:00
trackb_cont_IAUX_20260605,1.48,1.5,,,,1.62,1.36,,,,,,-12.5402,pending,,2026-06-26T04:15:30+00:00
trackb_cont_IAUX_20260608,1.56,1.42,,,,1.62,1.36,,,,,,-12.5402,pending,,2026-06-26T04:15:30+00:00
trackb_cont_IBKR_20260603,85.419998,95.089996,,,,97.839996,83.110001,,,,,,-5.3686,pending,,2026-06-26T04:15:51+00:00
trackb_cont_IBKR_20260604,88.830002,96.0,,,,97.839996,83.110001,,,,,,-5.3686,pending,,2026-06-26T04:15:51+00:00
trackb_cont_IBKR_20260605,90.809998,96.82,,,,97.839996,83.120003,,,,,,-5.3572,pending,,2026-06-26T04:15:51+00:00
trackb_cont_IBKR_20260616,92.790001,,,,,97.839996,91.790001,,,,,,-2.0698,pending,,2026-06-26T04:15:51+00:00
trackb_cont_IBKR_20260617,92.160004,,,,,97.839996,91.790001,,,,,,-2.0698,pending,,2026-06-26T04:15:51+00:00
trackb_cont_IBKR_20260618,,,,,,97.839996,91.790001,,,,,,-3.4704,pending,,2026-06-26T04:15:51+00:00
trackb_cont_IBKR_20260619,,,,,,97.839996,91.790001,,,,,,-3.4704,pending,,2026-06-26T04:15:51+00:00
trackb_cont_IBKR_20260622,,,,,,97.839996,91.790001,,,,,,-3.4704,pending,,2026-06-26T04:15:51+00:00
trackb_cont_IBKR_20260623,,,,,,96.589996,91.790001,,,,,,-5.1952,pending,,2026-06-26T04:15:51+00:00
trackb_cont_IBKR_20260624,,,,,,95.279999,91.790001,,,,,,-5.1952,pending,,2026-06-26T04:15:51+00:00
trackb_cont_IBKR_20260625,,,,,,95.279999,91.790001,,,,,,-5.1952,pending,,2026-06-26T04:15:51+00:00
trackb_cont_IBM_20260603,272.359985,262.350006,,,,318.299988,243.679993,,,,,,-19.8682,pending,,2026-06-26T04:14:47+00:00
trackb_cont_IBM_20260604,274.850006,249.100006,,,,310.440002,243.679993,,,,,,-19.8682,pending,,2026-06-26T04:14:47+00:00
trackb_cont_IBM_20260605,272.23999,252.220001,,,,302.299988,243.679993,,,,,,-19.8682,pending,,2026-06-26T04:14:47+00:00
trackb_cont_IBM_20260608,268.709991,264.940002,,,,290.5,243.679993,,,,,,-19.8682,pending,,2026-06-26T04:14:47+00:00
trackb_cont_ICFI_20260616,67.889999,,,,,73.879997,63.0,,,,,,-12.8781,pending,,2026-06-26T04:18:08+00:00
trackb_cont_ICFI_20260617,65.110001,,,,,73.879997,63.0,,,,,,-12.8781,pending,,2026-06-26T04:18:08+00:00
trackb_cont_ICFI_20260618,,,,,,72.199997,63.0,,,,,,-12.7424,pending,,2026-06-26T04:18:08+00:00
trackb_cont_ICFI_20260619,,,,,,69.57,63.0,,,,,,-12.7424,pending,,2026-06-26T04:18:08+00:00
trackb_cont_ICFI_20260622,,,,,,69.57,63.0,,,,,,-12.7424,pending,,2026-06-26T04:18:08+00:00
trackb_cont_ICHR_20260603,72.169998,89.449997,,,,101.650002,62.439999,,,,,,-14.3719,pending,,2026-06-26T04:15:33+00:00
trackb_cont_ICHR_20260604,84.040001,98.610001,,,,101.650002,62.439999,,,,,,-14.3719,pending,,2026-06-26T04:15:33+00:00
trackb_cont_ICHR_20260605,86.800003,99.610001,,,,101.650002,62.439999,,,,,,-14.3719,pending,,2026-06-26T04:15:33+00:00
trackb_cont_ICHR_20260616,89.379997,,,,,101.650002,85.629997,,,,,,-4.641,pending,,2026-06-26T04:15:33+00:00
trackb_cont_ICHR_20260617,95.029999,,,,,101.650002,86.580002,,,,,,-3.5831,pending,,2026-06-26T04:15:33+00:00
trackb_cont_ICHR_20260618,,,,,,101.650002,86.580002,,,,,,-3.2085,pending,,2026-06-26T04:15:33+00:00
trackb_cont_ICHR_20260619,,,,,,101.650002,86.580002,,,,,,-3.2085,pending,,2026-06-26T04:15:33+00:00
trackb_cont_ICHR_20260622,,,,,,101.650002,86.580002,,,,,,-3.2085,pending,,2026-06-26T04:15:33+00:00
trackb_cont_ICHR_20260623,,,,,,97.400002,86.580002,,,,,,-13.081,pending,,2026-06-26T04:15:33+00:00
trackb_cont_ICHR_20260624,,,,,,97.400002,86.580002,,,,,,-13.081,pending,,2026-06-26T04:15:33+00:00
trackb_cont_ICHR_20260625,,,,,,97.400002,89.278,,,,,,-10.3725,pending,,2026-06-26T04:15:33+00:00
trackb_cont_ICUI_20260609,142.410004,142.949997,,,,149.610001,135.050003,,,,,,-1.7675,pending,,2026-06-26T04:16:59+00:00
trackb_cont_ICUI_20260611,140.369995,,,,,149.610001,135.050003,,,,,,-3.4184,pending,,2026-06-26T04:16:59+00:00
trackb_cont_ICUI_20260612,136.139999,,,,,149.610001,135.050003,,,,,,-5.4669,pending,,2026-06-26T04:16:59+00:00
trackb_cont_ICUI_20260616,142.949997,,,,,149.610001,135.050003,,,,,,-5.9377,pending,,2026-06-26T04:16:59+00:00
trackb_cont_ICUI_20260617,148.830002,,,,,149.610001,135.050003,,,,,,-5.9377,pending,,2026-06-26T04:16:59+00:00
trackb_cont_ICUI_20260618,,,,,,149.610001,135.050003,,,,,,-2.0951,pending,,2026-06-26T04:16:59+00:00
trackb_cont_ICUI_20260619,,,,,,149.610001,135.050003,,,,,,-2.0951,pending,,2026-06-26T04:16:59+00:00
trackb_cont_ICUI_20260622,,,,,,149.610001,135.050003,,,,,,-2.0951,pending,,2026-06-26T04:16:59+00:00
trackb_cont_ICUI_20260623,,,,,,149.610001,135.25,,,,,,-0.6537,pending,,2026-06-26T04:16:59+00:00
trackb_cont_ICUI_20260624,,,,,,149.610001,136.679993,,,,,,0.3966,pending,,2026-06-26T04:16:59+00:00
trackb_cont_ICUI_20260625,,,,,,149.610001,141.979996,,,,,,4.2897,pending,,2026-06-26T04:16:59+00:00
trackb_cont_IDT_20260603,55.5,53.830002,,,,58.439999,51.549999,,,,,,-3.5818,pending,,2026-06-26T04:15:39+00:00
trackb_cont_IDT_20260604,55.040001,55.419998,,,,58.439999,51.549999,,,,,,-3.5818,pending,,2026-06-26T04:15:39+00:00
trackb_cont_IDT_20260605,54.630001,52.279999,,,,57.259998,51.549999,,,,,,-3.5818,pending,,2026-06-26T04:15:39+00:00
trackb_cont_IDXX_20260611,562.090027,,,,,574.080017,538.440002,,,,,,-3.3217,pending,,2026-06-26T04:16:40+00:00
trackb_cont_IESC_20260603,678.200012,685.179993,,,,804.0,660.349976,,,,,,-9.2228,pending,,2026-06-26T04:15:12+00:00
trackb_cont_IESC_20260604,731.330017,712.390015,,,,804.0,660.349976,,,,,,-9.2228,pending,,2026-06-26T04:15:12+00:00
trackb_cont_IESC_20260605,749.830017,754.73999,,,,804.0,660.349976,,,,,,-9.2228,pending,,2026-06-26T04:15:12+00:00
trackb_cont_IESC_20260608,726.409973,710.539978,,,,804.0,660.349976,,,,,,-8.3763,pending,,2026-06-26T04:15:12+00:00
trackb_cont_IESC_20260616,747.48999,,,,,804.0,660.349976,,,,,,-10.5623,pending,,2026-06-26T04:15:12+00:00
trackb_cont_IESC_20260617,766.539978,,,,,804.0,660.349976,,,,,,-10.5623,pending,,2026-06-26T04:15:12+00:00
trackb_cont_IESC_20260618,,,,,,804.0,688.580017,,,,,,-6.7388,pending,,2026-06-26T04:15:12+00:00
trackb_cont_IESC_20260619,,,,,,804.0,707.27002,,,,,,-4.2074,pending,,2026-06-26T04:15:12+00:00
trackb_cont_IEX_20260611,224.929993,,,,,230.179993,213.080002,,,,,,-0.662,pending,,2026-06-26T04:17:16+00:00
trackb_cont_IEX_20260616,222.160004,,,,,230.179993,218.179993,,,,,,-1.8445,pending,,2026-06-26T04:17:16+00:00
trackb_cont_IEX_20260617,228.070007,,,,,230.179993,218.179993,,,,,,-1.8445,pending,,2026-06-26T04:17:16+00:00
trackb_cont_IEX_20260618,,,,,,230.179993,218.179993,,,,,,-1.8445,pending,,2026-06-26T04:17:16+00:00
trackb_cont_IEX_20260619,,,,,,230.179993,218.179993,,,,,,-1.8445,pending,,2026-06-26T04:17:16+00:00
trackb_cont_IEX_20260623,,,,,,230.179993,219.119995,,,,,,-2.7689,pending,,2026-06-26T04:17:16+00:00
trackb_cont_IEX_20260624,,,,,,230.179993,221.229996,,,,,,-1.8326,pending,,2026-06-26T04:17:16+00:00
trackb_cont_IFF_20260616,75.830002,,,,,78.889999,74.32,,,,,,-6.4333,pending,,2026-06-26T04:18:03+00:00
trackb_cont_IFF_20260617,75.080002,,,,,78.410004,74.32,,,,,,-6.4333,pending,,2026-06-26T04:18:03+00:00
trackb_cont_IIIN_20260615,28.799999,,,,,31.040001,28.379999,,,,,,-3.3708,pending,,2026-06-26T04:17:38+00:00
trackb_cont_IIIN_20260616,29.98,,,,,31.040001,28.450001,,,,,,-1.4548,pending,,2026-06-26T04:17:38+00:00
trackb_cont_IIIN_20260617,31.0,,,,,31.040001,28.450001,,,,,,-1.4548,pending,,2026-06-26T04:17:38+00:00
trackb_cont_IIIN_20260618,,,,,,31.040001,28.68,,,,,,-0.6581,pending,,2026-06-26T04:17:38+00:00
trackb_cont_IIIN_20260619,,,,,,31.040001,28.68,,,,,,-0.6581,pending,,2026-06-26T04:17:38+00:00
trackb_cont_IIIN_20260622,,,,,,31.040001,28.68,,,,,,-1.4094,pending,,2026-06-26T04:17:38+00:00
trackb_cont_IIIN_20260623,,,,,,31.040001,28.68,,,,,,-1.4094,pending,,2026-06-26T04:17:38+00:00
trackb_cont_IIPR_20260611,59.599998,,,,,62.299999,58.310001,,,,,,0.2579,pending,,2026-06-26T04:17:16+00:00
trackb_cont_IIPR_20260616,61.080002,,,,,61.810001,58.549999,,,,,,-3.3509,pending,,2026-06-26T04:17:16+00:00
trackb_cont_IIPR_20260617,61.16,,,,,61.810001,58.549999,,,,,,-3.3509,pending,,2026-06-26T04:17:16+00:00
trackb_cont_ILMN_20260603,162.470001,159.089996,,,,182.839996,155.550003,,,,,,-7.0094,pending,,2026-06-26T04:15:21+00:00
trackb_cont_ILMN_20260604,166.210007,161.929993,,,,182.839996,155.550003,,,,,,-7.0094,pending,,2026-06-26T04:15:21+00:00
trackb_cont_ILMN_20260605,160.970001,161.380005,,,,182.839996,155.550003,,,,,,-7.0094,pending,,2026-06-26T04:15:21+00:00
trackb_cont_ILMN_20260608,166.889999,164.929993,,,,182.839996,155.550003,,,,,,-7.0094,pending,,2026-06-26T04:15:21+00:00
trackb_cont_ILPT_20260603,8.66,8.32,,,,9.17,8.065,,,,,,-7.8812,pending,,2026-06-26T04:15:37+00:00
trackb_cont_ILPT_20260604,9.01,8.1,,,,9.17,8.065,,,,,,-7.8812,pending,,2026-06-26T04:15:37+00:00
trackb_cont_ILPT_20260605,9.0,8.37,,,,9.17,8.065,,,,,,-7.8812,pending,,2026-06-26T04:15:37+00:00
trackb_cont_ILPT_20260608,8.91,8.68,,,,9.17,8.065,,,,,,-7.8812,pending,,2026-06-26T04:15:37+00:00
trackb_cont_ILPT_20260611,8.1,,,,,9.17,8.065,,,,,,-6.8707,pending,,2026-06-26T04:15:37+00:00
trackb_cont_ILPT_20260616,8.7,,,,,9.14,8.065,,,,,,-10.7854,pending,,2026-06-26T04:15:37+00:00
trackb_cont_ILPT_20260617,8.78,,,,,8.84,8.065,,,,,,-10.7854,pending,,2026-06-26T04:15:37+00:00
trackb_cont_ILPT_20260618,,,,,,8.84,8.065,,,,,,-10.7854,pending,,2026-06-26T04:15:37+00:00
trackb_cont_ILPT_20260619,,,,,,8.84,8.07,,,,,,-10.7301,pending,,2026-06-26T04:15:37+00:00
trackb_cont_IMKTA_20260616,90.18,,,,,90.940002,85.720001,,,,,,-3.2396,pending,,2026-06-26T04:16:38+00:00
trackb_cont_IMKTA_20260617,88.279999,,,,,90.940002,85.720001,,,,,,-3.2396,pending,,2026-06-26T04:16:38+00:00
trackb_cont_INCY_20260608,101.980003,104.400002,,,,110.75,96.089996,,,,,,-6.1438,pending,,2026-06-26T04:16:45+00:00
trackb_cont_INCY_20260611,98.220001,,,,,110.75,96.089996,,,,,,-8.8244,pending,,2026-06-26T04:16:45+00:00
trackb_cont_INCY_20260615,104.400002,,,,,110.75,96.089996,,,,,,-7.2043,pending,,2026-06-26T04:16:45+00:00
trackb_cont_INCY_20260616,108.459999,,,,,110.75,96.089996,,,,,,-5.5162,pending,,2026-06-26T04:16:45+00:00
trackb_cont_INCY_20260617,107.529999,,,,,110.75,96.089996,,,,,,-5.5162,pending,,2026-06-26T04:16:45+00:00
trackb_cont_INDV_20260612,38.32,,,,,42.07,37.639999,,,,,,-1.2851,pending,,2026-06-26T04:17:31+00:00
trackb_cont_INDV_20260615,39.959999,,,,,42.07,37.639999,,,,,,-2.7641,pending,,2026-06-26T04:17:31+00:00
trackb_cont_INDV_20260616,41.470001,,,,,42.07,37.639999,,,,,,-1.2074,pending,,2026-06-26T04:17:31+00:00
trackb_cont_INDV_20260617,41.290001,,,,,42.07,37.639999,,,,,,-1.2074,pending,,2026-06-26T04:17:31+00:00
trackb_cont_INDV_20260618,,,,,,42.07,37.639999,,,,,,-0.7646,pending,,2026-06-26T04:17:31+00:00
trackb_cont_INDV_20260619,,,,,,42.07,37.639999,,,,,,-0.7646,pending,,2026-06-26T04:17:31+00:00
trackb_cont_INDV_20260622,,,,,,42.07,37.639999,,,,,,-0.7646,pending,,2026-06-26T04:17:31+00:00
trackb_cont_INN_20260603,6.12,6.41,,,,6.85,5.69,,,,,,-4.45,pending,,2026-06-26T04:15:02+00:00
trackb_cont_INN_20260604,6.31,6.63,,,,6.85,5.69,,,,,,-4.45,pending,,2026-06-26T04:15:02+00:00
trackb_cont_INN_20260605,6.2,6.57,,,,6.85,5.69,,,,,,-4.45,pending,,2026-06-26T04:15:02+00:00
trackb_cont_INN_20260608,6.38,6.7,,,,6.85,5.82,,,,,,-2.267,pending,,2026-06-26T04:15:02+00:00
trackb_cont_INN_20260611,6.63,,,,,6.85,6.0,,,,,,-1.9608,pending,,2026-06-26T04:15:02+00:00
trackb_cont_INN_20260616,6.71,,,,,6.85,6.34,,,,,,1.7657,pending,,2026-06-26T04:15:02+00:00
trackb_cont_INN_20260617,6.84,,,,,6.85,6.35,,,,,,1.9262,pending,,2026-06-26T04:15:02+00:00
trackb_cont_INN_20260618,,,,,,6.85,6.42,,,,,,3.0498,pending,,2026-06-26T04:15:02+00:00
trackb_cont_INN_20260619,,,,,,6.85,6.46,,,,,,3.6918,pending,,2026-06-26T04:15:02+00:00
trackb_cont_INN_20260623,,,,,,6.85,6.46,,,,,,-1.6743,pending,,2026-06-26T04:15:02+00:00
trackb_cont_INN_20260624,,,,,,6.85,6.6,,,,,,0.4566,pending,,2026-06-26T04:15:02+00:00
trackb_cont_INN_20260625,,,,,,6.85,6.66,,,,,,1.3699,pending,,2026-06-26T04:15:02+00:00
trackb_cont_INOD_20260603,99.889999,102.519997,,,,125.139999,70.620003,,,,,,-34.4959,pending,,2026-06-26T04:15:02+00:00
trackb_cont_INOD_20260604,105.360001,95.5,,,,125.139999,70.620003,,,,,,-34.4959,pending,,2026-06-26T04:15:02+00:00
trackb_cont_INOD_20260605,100.900002,90.68,,,,119.199997,70.620003,,,,,,-34.4959,pending,,2026-06-26T04:15:02+00:00
trackb_cont_INOD_20260608,99.660004,87.029999,,,,113.830002,70.620003,,,,,,-34.4959,pending,,2026-06-26T04:15:02+00:00
trackb_cont_INSE_20260603,8.01,8.0,,,,8.53,7.36,,,,,,-2.5166,pending,,2026-06-26T04:16:08+00:00
trackb_cont_INSE_20260604,8.18,8.0,,,,8.53,7.36,,,,,,-2.5166,pending,,2026-06-26T04:16:08+00:00
trackb_cont_INSE_20260605,8.3,7.74,,,,8.53,7.36,,,,,,-2.5166,pending,,2026-06-26T04:16:08+00:00
trackb_cont_INSE_20260608,8.11,7.73,,,,8.53,7.53,,,,,,-0.2649,pending,,2026-06-26T04:16:08+00:00
trackb_cont_INSE_20260611,8.0,,,,,8.53,7.71,,,,,,-3.7453,pending,,2026-06-26T04:16:08+00:00
trackb_cont_INSE_20260615,7.73,,,,,8.53,7.71,,,,,,-8.4323,pending,,2026-06-26T04:16:08+00:00
trackb_cont_INSE_20260616,8.05,,,,,8.27,7.71,,,,,,-5.6304,pending,,2026-06-26T04:16:08+00:00
trackb_cont_INSE_20260617,8.12,,,,,8.24,7.71,,,,,,-5.6304,pending,,2026-06-26T04:16:08+00:00
trackb_cont_INSE_20260618,,,,,,8.2,7.71,,,,,,-5.6304,pending,,2026-06-26T04:16:08+00:00
trackb_cont_INSE_20260619,,,,,,8.15,7.71,,,,,,-5.6304,pending,,2026-06-26T04:16:08+00:00
trackb_cont_INSW_20260625,,,,,,89.400002,81.165001,,,,,,-7.4726,pending,,2026-06-26T04:18:55+00:00
trackb_cont_INTC_20260616,131.649994,,,,,141.449997,116.0,,,,,,-9.0053,pending,,2026-06-26T04:18:00+00:00
trackb_cont_INTC_20260617,132.869995,,,,,141.449997,118.059998,,,,,,-7.3894,pending,,2026-06-26T04:18:00+00:00
trackb_cont_INTC_20260618,,,,,,141.449997,125.410004,,,,,,-1.6238,pending,,2026-06-26T04:18:00+00:00
trackb_cont_INTC_20260619,,,,,,141.449997,125.410004,,,,,,-1.6238,pending,,2026-06-26T04:18:00+00:00
trackb_cont_INVH_20260608,29.17,29.049999,,,,30.094999,28.235001,,,,,,-6.0087,pending,,2026-06-26T04:16:43+00:00
trackb_cont_INVH_20260609,29.0,29.639999,,,,29.985001,28.235001,,,,,,-3.8972,pending,,2026-06-26T04:16:43+00:00
trackb_cont_INVH_20260610,28.49,29.91,,,,29.985001,28.235001,,,,,,-3.8972,pending,,2026-06-26T04:16:43+00:00
trackb_cont_INVH_20260611,28.41,,,,,29.985001,28.235001,,,,,,-4.9647,pending,,2026-06-26T04:16:43+00:00
trackb_cont_INVH_20260616,29.639999,,,,,29.985001,28.235001,,,,,,-3.7826,pending,,2026-06-26T04:16:43+00:00
trackb_cont_INVH_20260617,29.91,,,,,29.985001,28.235001,,,,,,-3.7826,pending,,2026-06-26T04:16:43+00:00
trackb_cont_IONQ_20260603,56.630001,54.689999,,,,73.650002,50.16,,,,,,-26.9231,pending,,2026-06-26T04:14:54+00:00
trackb_cont_IONQ_20260604,57.990002,56.549999,,,,69.463997,50.16,,,,,,-26.9231,pending,,2026-06-26T04:14:54+00:00
trackb_cont_IONQ_20260605,57.849998,58.32,,,,64.900002,50.16,,,,,,-26.9231,pending,,2026-06-26T04:14:54+00:00
trackb_cont_IONQ_20260608,61.18,57.849998,,,,64.900002,50.16,,,,,,-26.9231,pending,,2026-06-26T04:14:54+00:00
trackb_cont_IPAR_20260611,99.089996,,,,,105.0,96.129997,,,,,,-2.2672,pending,,2026-06-26T04:16:39+00:00
trackb_cont_IPAR_20260616,104.25,,,,,105.0,96.129997,,,,,,-4.3911,pending,,2026-06-26T04:16:39+00:00
trackb_cont_IPAR_20260617,104.360001,,,,,105.0,96.129997,,,,,,-4.3911,pending,,2026-06-26T04:16:39+00:00
trackb_cont_IPAR_20260618,,,,,,105.0,96.129997,,,,,,-4.3911,pending,,2026-06-26T04:16:39+00:00
trackb_cont_IPAR_20260619,,,,,,105.0,96.129997,,,,,,-4.3911,pending,,2026-06-26T04:16:39+00:00
trackb_cont_IPGP_20260603,104.07,113.639999,,,,135.0,100.57,,,,,,-24.2239,pending,,2026-06-26T04:15:00+00:00
trackb_cont_IPGP_20260604,111.190002,118.010002,,,,126.43,100.57,,,,,,-24.2239,pending,,2026-06-26T04:15:00+00:00
trackb_cont_IPGP_20260605,114.650002,118.0,,,,121.730003,100.57,,,,,,-24.2239,pending,,2026-06-26T04:15:00+00:00
trackb_cont_IPGP_20260608,120.010002,107.650002,,,,121.730003,100.57,,,,,,-24.2239,pending,,2026-06-26T04:15:00+00:00
trackb_cont_IPX_20260603,34.189999,31.379999,,,,43.259998,25.77,,,,,,-36.1813,pending,,2026-06-26T04:15:24+00:00
trackb_cont_IPX_20260604,36.84,31.030001,,,,40.540001,25.77,,,,,,-36.1813,pending,,2026-06-26T04:15:24+00:00
trackb_cont_IPX_20260605,36.049999,30.379999,,,,39.540001,25.77,,,,,,-36.1813,pending,,2026-06-26T04:15:24+00:00
trackb_cont_IP_20260603,31.85,36.16,,,,39.82,31.780001,,,,,,-5.0777,pending,,2026-06-26T04:15:11+00:00
trackb_cont_IP_20260604,34.950001,36.82,,,,39.82,31.780001,,,,,,-5.0777,pending,,2026-06-26T04:15:11+00:00
trackb_cont_IP_20260605,36.150002,36.889999,,,,39.82,31.780001,,,,,,-5.0777,pending,,2026-06-26T04:15:11+00:00
trackb_cont_IP_20260608,36.389999,36.560001,,,,39.82,31.780001,,,,,,-5.4448,pending,,2026-06-26T04:15:11+00:00
trackb_cont_IP_20260611,36.82,,,,,39.82,31.809999,,,,,,-0.1256,pending,,2026-06-26T04:15:11+00:00
trackb_cont_IP_20260616,38.299999,,,,,39.82,35.849998,,,,,,-4.6543,pending,,2026-06-26T04:15:11+00:00
trackb_cont_IP_20260617,39.02,,,,,39.82,35.849998,,,,,,-4.6543,pending,,2026-06-26T04:15:11+00:00
trackb_cont_IP_20260618,,,,,,39.82,36.119999,,,,,,-0.1106,pending,,2026-06-26T04:15:11+00:00
trackb_cont_IP_20260619,,,,,,39.82,36.119999,,,,,,-0.1106,pending,,2026-06-26T04:15:11+00:00
trackb_cont_IP_20260622,,,,,,39.82,36.119999,,,,,,-0.1106,pending,,2026-06-26T04:15:11+00:00
trackb_cont_IP_20260625,,,,,,39.82,38.400002,,,,,,0.2611,pending,,2026-06-26T04:15:11+00:00
trackb_cont_IQV_20260603,182.169998,170.669998,,,,191.160004,162.220001,,,,,,-7.8295,pending,,2026-06-26T04:16:14+00:00
trackb_cont_IQV_20260604,181.059998,167.770004,,,,191.160004,162.220001,,,,,,-7.8295,pending,,2026-06-26T04:16:14+00:00
trackb_cont_IQV_20260605,181.460007,167.809998,,,,191.160004,162.220001,,,,,,-7.8295,pending,,2026-06-26T04:16:14+00:00
trackb_cont_IQV_20260608,178.389999,171.279999,,,,191.160004,162.220001,,,,,,-7.8295,pending,,2026-06-26T04:16:14+00:00
trackb_cont_IQV_20260609,179.169998,185.619995,,,,191.160004,162.220001,,,,,,-11.6882,pending,,2026-06-26T04:16:14+00:00
trackb_cont_IQV_20260612,167.809998,,,,,191.160004,162.220001,,,,,,-10.4054,pending,,2026-06-26T04:16:14+00:00
trackb_cont_IRDM_20260603,45.610001,45.049999,,,,53.830002,40.599998,,,,,,-20.5479,pending,,2026-06-26T04:15:50+00:00
trackb_cont_IRDM_20260604,49.91,44.57,,,,53.32,40.599998,,,,,,-20.5479,pending,,2026-06-26T04:15:50+00:00
trackb_cont_IRDM_20260605,47.32,43.299999,,,,50.959999,40.599998,,,,,,-20.5479,pending,,2026-06-26T04:15:50+00:00
trackb_cont_IRDM_20260608,45.389999,44.16,,,,50.259998,40.599998,,,,,,-20.5479,pending,,2026-06-26T04:15:50+00:00
trackb_cont_IRT_20260616,16.51,,,,,16.85,15.66,,,,,,-6.1714,pending,,2026-06-26T04:18:13+00:00
trackb_cont_IRT_20260617,16.76,,,,,16.85,15.66,,,,,,-6.1714,pending,,2026-06-26T04:18:13+00:00
trackb_cont_IR_20260618,,,,,,82.610001,76.110001,,,,,,-1.2456,pending,,2026-06-26T04:17:58+00:00
trackb_cont_IR_20260619,,,,,,82.610001,76.110001,,,,,,-1.2456,pending,,2026-06-26T04:17:58+00:00
trackb_cont_IR_20260622,,,,,,82.610001,76.110001,,,,,,-1.2456,pending,,2026-06-26T04:17:58+00:00
trackb_cont_IR_20260623,,,,,,82.610001,76.110001,,,,,,-2.2602,pending,,2026-06-26T04:17:58+00:00
trackb_cont_IR_20260624,,,,,,82.610001,76.910004,,,,,,-1.2328,pending,,2026-06-26T04:17:58+00:00
trackb_cont_IR_20260625,,,,,,82.610001,79.114998,,,,,,1.5988,pending,,2026-06-26T04:17:58+00:00
trackb_cont_ITGR_20260603,91.370003,89.5,,,,94.760002,86.970001,,,,,,-3.5275,pending,,2026-06-26T04:15:42+00:00
trackb_cont_ITGR_20260604,92.099998,90.959999,,,,94.760002,86.970001,,,,,,-3.5275,pending,,2026-06-26T04:15:42+00:00
trackb_cont_ITGR_20260605,90.980003,90.099998,,,,94.760002,86.970001,,,,,,-3.5275,pending,,2026-06-26T04:15:42+00:00
trackb_cont_ITGR_20260608,90.849998,89.540001,,,,94.760002,86.970001,,,,,,-3.5275,pending,,2026-06-26T04:15:42+00:00
trackb_cont_ITW_20260618,,,,,,273.25,261.25,,,,,,-0.3281,pending,,2026-06-26T04:18:23+00:00
trackb_cont_ITW_20260619,,,,,,273.25,261.25,,,,,,-0.3281,pending,,2026-06-26T04:18:23+00:00
trackb_cont_ITW_20260622,,,,,,273.25,261.25,,,,,,-1.0754,pending,,2026-06-26T04:18:23+00:00
trackb_cont_ITW_20260623,,,,,,273.25,261.25,,,,,,-1.5303,pending,,2026-06-26T04:18:23+00:00
trackb_cont_ITW_20260624,,,,,,273.25,261.769989,,,,,,-1.3343,pending,,2026-06-26T04:18:23+00:00
trackb_cont_ITW_20260625,,,,,,273.25,265.279999,,,,,,-0.0113,pending,,2026-06-26T04:18:23+00:00
trackb_cont_IT_20260603,154.910004,133.580002,,,,171.330002,124.25,,,,,,-24.7471,pending,,2026-06-26T04:16:09+00:00
trackb_cont_IT_20260604,148.809998,127.489998,,,,171.330002,124.25,,,,,,-24.7471,pending,,2026-06-26T04:16:09+00:00
trackb_cont_IT_20260605,148.169998,125.730003,,,,171.0,124.25,,,,,,-24.7471,pending,,2026-06-26T04:16:09+00:00
trackb_cont_IT_20260608,142.770004,129.179993,,,,164.300003,124.25,,,,,,-24.7471,pending,,2026-06-26T04:16:09+00:00
trackb_cont_IVT_20260603,34.759998,34.200001,,,,36.150002,32.48,,,,,,-0.8093,pending,,2026-06-26T04:15:56+00:00
trackb_cont_IVT_20260604,35.009998,34.330002,,,,36.150002,32.580002,,,,,,-0.5039,pending,,2026-06-26T04:15:56+00:00
trackb_cont_IVT_20260605,35.0,34.459999,,,,36.150002,33.040001,,,,,,0.9009,pending,,2026-06-26T04:15:56+00:00
trackb_cont_IVT_20260608,34.619999,35.009998,,,,36.150002,33.84,,,,,,1.1659,pending,,2026-06-26T04:15:56+00:00
trackb_cont_IVT_20260610,34.200001,35.880001,,,,36.150002,33.84,,,,,,-1.2835,pending,,2026-06-26T04:15:56+00:00
trackb_cont_IVT_20260616,35.459999,,,,,36.150002,33.84,,,,,,-2.5486,pending,,2026-06-26T04:15:56+00:00
trackb_cont_IVT_20260617,35.880001,,,,,35.93,33.84,,,,,,-2.5486,pending,,2026-06-26T04:15:56+00:00
trackb_cont_IVT_20260618,,,,,,35.93,33.889999,,,,,,-2.4046,pending,,2026-06-26T04:15:56+00:00
trackb_cont_IVT_20260619,,,,,,35.93,33.98,,,,,,-2.1454,pending,,2026-06-26T04:15:56+00:00
trackb_cont_IVZ_20260608,29.1,27.02,,,,29.82,25.59,,,,,,-6.4351,pending,,2026-06-26T04:16:47+00:00
trackb_cont_IVZ_20260616,25.969999,,,,,29.65,25.59,,,,,,-13.0922,pending,,2026-06-26T04:16:47+00:00
trackb_cont_IVZ_20260617,25.870001,,,,,29.65,25.59,,,,,,-13.0922,pending,,2026-06-26T04:16:47+00:00
trackb_cont_IVZ_20260618,,,,,,29.299999,25.59,,,,,,-11.9711,pending,,2026-06-26T04:16:47+00:00
trackb_cont_IVZ_20260619,,,,,,28.780001,25.59,,,,,,-11.9711,pending,,2026-06-26T04:16:47+00:00
trackb_cont_IVZ_20260622,,,,,,28.780001,25.59,,,,,,-11.9711,pending,,2026-06-26T04:16:47+00:00
trackb_cont_IVZ_20260623,,,,,,28.49,25.59,,,,,,-11.9711,pending,,2026-06-26T04:16:47+00:00
trackb_cont_JBHT_20260603,280.75,267.23999,,,,293.540009,265.369995,,,,,,-4.9126,pending,,2026-06-26T04:15:15+00:00
trackb_cont_JBHT_20260604,289.140015,271.220001,,,,293.540009,265.369995,,,,,,-4.9126,pending,,2026-06-26T04:15:15+00:00
trackb_cont_JBHT_20260605,289.359985,273.480011,,,,293.540009,265.369995,,,,,,-4.9126,pending,,2026-06-26T04:15:15+00:00
trackb_cont_JBHT_20260608,283.160004,269.23999,,,,293.540009,265.369995,,,,,,-4.9126,pending,,2026-06-26T04:15:15+00:00
trackb_cont_JBHT_20260609,279.820007,269.059998,,,,293.540009,265.369995,,,,,,-7.912,pending,,2026-06-26T04:15:15+00:00
trackb_cont_JBHT_20260611,271.220001,,,,,293.529999,265.369995,,,,,,-5.4782,pending,,2026-06-26T04:15:15+00:00
trackb_cont_JBHT_20260612,273.480011,,,,,293.529999,265.369995,,,,,,-8.2209,pending,,2026-06-26T04:15:15+00:00
trackb_cont_JBHT_20260616,269.059998,,,,,284.160004,265.369995,,,,,,-6.2893,pending,,2026-06-26T04:15:15+00:00
trackb_cont_JBHT_20260617,274.679993,,,,,279.170013,265.369995,,,,,,-6.2893,pending,,2026-06-26T04:15:15+00:00
trackb_cont_JBHT_20260618,,,,,,278.369995,265.369995,,,,,,-6.2893,pending,,2026-06-26T04:15:15+00:00
trackb_cont_JBHT_20260619,,,,,,278.369995,266.899994,,,,,,-5.749,pending,,2026-06-26T04:15:15+00:00
trackb_cont_JBLU_20260623,,,,,,6.22,5.37,,,,,,-2.1858,pending,,2026-06-26T04:17:02+00:00
trackb_cont_JBLU_20260624,,,,,,6.22,5.67,,,,,,3.2787,pending,,2026-06-26T04:17:02+00:00
trackb_cont_JBLU_20260625,,,,,,6.22,5.77,,,,,,5.1002,pending,,2026-06-26T04:17:02+00:00
trackb_cont_JBL_20260603,352.359985,374.980011,,,,428.929993,341.470001,,,,,,-10.3518,pending,,2026-06-26T04:15:35+00:00
trackb_cont_JBL_20260604,376.890015,371.880005,,,,428.929993,341.470001,,,,,,-10.3518,pending,,2026-06-26T04:15:35+00:00
trackb_cont_JBL_20260605,384.820007,377.23999,,,,428.929993,341.470001,,,,,,-10.3518,pending,,2026-06-26T04:15:35+00:00
trackb_cont_JBL_20260608,385.630005,372.98999,,,,428.929993,341.470001,,,,,,-10.3518,pending,,2026-06-26T04:15:35+00:00
trackb_cont_JBL_20260616,371.799988,,,,,428.929993,359.0,,,,,,-7.7856,pending,,2026-06-26T04:15:35+00:00
trackb_cont_JBL_20260617,374.640015,,,,,428.929993,359.0,,,,,,-7.7856,pending,,2026-06-26T04:15:35+00:00
trackb_cont_JBL_20260618,,,,,,390.049988,359.0,,,,,,-7.7856,pending,,2026-06-26T04:15:35+00:00
trackb_cont_JBL_20260619,,,,,,386.869995,359.0,,,,,,-7.7856,pending,,2026-06-26T04:15:35+00:00
trackb_cont_JEF_20260603,57.900002,61.880001,,,,63.98,51.48,,,,,,-2.9046,pending,,2026-06-26T04:14:48+00:00
trackb_cont_JEF_20260604,59.66,62.099998,,,,63.98,51.48,,,,,,-2.9046,pending,,2026-06-26T04:14:48+00:00
trackb_cont_JEF_20260605,61.66,62.810001,,,,63.98,51.48,,,,,,-2.9046,pending,,2026-06-26T04:14:48+00:00
trackb_cont_JEF_20260608,61.950001,60.52,,,,63.98,51.48,,,,,,-2.9046,pending,,2026-06-26T04:14:48+00:00
trackb_cont_JEF_20260609,62.02,57.939999,,,,63.98,51.48,,,,,,-11.0881,pending,,2026-06-26T04:14:48+00:00
trackb_cont_JEF_20260610,61.880001,52.639999,,,,63.98,51.48,,,,,,-11.0881,pending,,2026-06-26T04:14:48+00:00
trackb_cont_JEF_20260611,62.099998,,,,,63.98,51.48,,,,,,-11.0881,pending,,2026-06-26T04:14:48+00:00
trackb_cont_JEF_20260612,62.810001,,,,,63.98,51.48,,,,,,-13.711,pending,,2026-06-26T04:14:48+00:00
trackb_cont_JEF_20260616,57.939999,,,,,63.98,51.48,,,,,,-17.6978,pending,,2026-06-26T04:14:48+00:00
trackb_cont_JEF_20260617,52.639999,,,,,63.98,51.48,,,,,,-17.6978,pending,,2026-06-26T04:14:48+00:00
trackb_cont_JEF_20260618,,,,,,63.470001,51.48,,,,,,-17.6978,pending,,2026-06-26T04:14:48+00:00
trackb_cont_JEF_20260619,,,,,,63.470001,51.48,,,,,,-17.6978,pending,,2026-06-26T04:14:48+00:00
trackb_cont_JJSF_20260612,71.730003,,,,,81.360001,71.589996,,,,,,-8.7095,pending,,2026-06-26T04:17:25+00:00
trackb_cont_JJSF_20260616,74.910004,,,,,78.269997,71.589996,,,,,,-9.3683,pending,,2026-06-26T04:17:25+00:00
trackb_cont_JJSF_20260617,73.239998,,,,,76.400002,71.589996,,,,,,-9.3683,pending,,2026-06-26T04:17:25+00:00
trackb_cont_JNJ_20260610,234.199997,244.880005,,,,248.190002,227.5,,,,,,-2.0072,pending,,2026-06-26T04:16:34+00:00
trackb_cont_JNJ_20260616,241.0,,,,,248.190002,227.5,,,,,,-3.7078,pending,,2026-06-26T04:16:34+00:00
trackb_cont_JNJ_20260617,244.880005,,,,,248.190002,227.5,,,,,,-3.7078,pending,,2026-06-26T04:16:34+00:00
trackb_cont_JNJ_20260618,,,,,,248.190002,227.5,,,,,,-3.7078,pending,,2026-06-26T04:16:34+00:00
trackb_cont_JNJ_20260619,,,,,,248.190002,227.5,,,,,,-3.7078,pending,,2026-06-26T04:16:34+00:00
trackb_cont_JPM_20260609,331.140015,333.450012,,,,343.450012,308.880005,,,,,,-0.7168,pending,,2026-06-26T04:16:56+00:00
trackb_cont_JPM_20260616,333.450012,,,,,343.450012,324.019989,,,,,,0.9062,pending,,2026-06-26T04:16:56+00:00
trackb_cont_JPM_20260617,335.119995,,,,,343.450012,324.160004,,,,,,0.9498,pending,,2026-06-26T04:16:56+00:00
trackb_cont_JPM_20260618,,,,,,343.450012,324.160004,,,,,,-3.7244,pending,,2026-06-26T04:16:56+00:00
trackb_cont_JPM_20260619,,,,,,343.450012,326.75,,,,,,-2.9552,pending,,2026-06-26T04:16:56+00:00
trackb_cont_JPM_20260622,,,,,,343.450012,326.75,,,,,,-2.9552,pending,,2026-06-26T04:16:56+00:00
trackb_cont_JPM_20260623,,,,,,343.450012,327.209991,,,,,,-2.8185,pending,,2026-06-26T04:16:56+00:00
trackb_cont_JRSH_20260603,3.59,4.5,,,,5.47,3.278,,,,,,-3.871,pending,,2026-06-26T04:15:50+00:00
trackb_cont_JRSH_20260604,3.58,4.47,,,,5.47,3.278,,,,,,-3.871,pending,,2026-06-26T04:15:50+00:00
trackb_cont_JRSH_20260605,3.46,4.63,,,,5.47,3.278,,,,,,-3.871,pending,,2026-06-26T04:15:50+00:00
trackb_cont_JRSH_20260608,3.75,4.72,,,,5.47,3.375,,,,,,-1.0264,pending,,2026-06-26T04:15:50+00:00
trackb_cont_JRSH_20260611,4.47,,,,,5.47,3.445,,,,,,-4.039,pending,,2026-06-26T04:15:50+00:00
trackb_cont_JXN_20260625,,,,,,109.739998,105.860001,,,,,,-0.9543,pending,,2026-06-26T04:18:56+00:00
trackb_cont_J_20260611,120.970001,,,,,128.899994,117.129997,,,,,,-3.8026,pending,,2026-06-26T04:17:02+00:00
trackb_cont_J_20260616,122.040001,,,,,128.020004,117.129997,,,,,,-7.9782,pending,,2026-06-26T04:17:02+00:00
trackb_cont_J_20260617,124.389999,,,,,127.379997,117.129997,,,,,,-7.9782,pending,,2026-06-26T04:17:02+00:00
trackb_cont_J_20260618,,,,,,125.68,117.129997,,,,,,-4.6561,pending,,2026-06-26T04:17:02+00:00
trackb_cont_J_20260619,,,,,,125.68,117.129997,,,,,,-4.6561,pending,,2026-06-26T04:17:02+00:00
trackb_cont_KBH_20260603,52.16,52.419998,,,,63.630001,50.279999,,,,,,-0.6128,pending,,2026-06-26T04:15:06+00:00
trackb_cont_KBH_20260604,54.310001,54.200001,,,,63.630001,51.349998,,,,,,1.5023,pending,,2026-06-26T04:15:06+00:00
trackb_cont_KBH_20260605,54.0,52.52,,,,63.630001,51.349998,,,,,,1.5023,pending,,2026-06-26T04:15:06+00:00
trackb_cont_KBH_20260608,53.23,52.73,,,,63.630001,51.349998,,,,,,1.5023,pending,,2026-06-26T04:15:06+00:00
trackb_cont_KBH_20260609,53.84,61.509998,,,,63.630001,51.68,,,,,,0.5056,pending,,2026-06-26T04:15:06+00:00
trackb_cont_KBH_20260612,52.52,,,,,63.630001,52.02,,,,,,-4.2165,pending,,2026-06-26T04:15:06+00:00
trackb_cont_KBH_20260616,61.509998,,,,,63.630001,52.02,,,,,,-3.9158,pending,,2026-06-26T04:15:06+00:00
trackb_cont_KBH_20260617,60.720001,,,,,63.630001,52.02,,,,,,-3.9158,pending,,2026-06-26T04:15:06+00:00
trackb_cont_KBH_20260618,,,,,,63.630001,52.16,,,,,,-3.6572,pending,,2026-06-26T04:15:06+00:00
trackb_cont_KBH_20260619,,,,,,63.630001,52.16,,,,,,-3.6572,pending,,2026-06-26T04:15:06+00:00
trackb_cont_KBR_20260609,35.029999,33.189999,,,,36.25,31.610001,,,,,,-10.2244,pending,,2026-06-26T04:16:57+00:00
trackb_cont_KBR_20260611,32.82,,,,,36.25,31.610001,,,,,,-7.6271,pending,,2026-06-26T04:16:57+00:00
trackb_cont_KBR_20260615,33.200001,,,,,36.240002,31.610001,,,,,,-12.17,pending,,2026-06-26T04:16:57+00:00
trackb_cont_KBR_20260616,33.189999,,,,,35.610001,31.610001,,,,,,-10.3008,pending,,2026-06-26T04:16:57+00:00
trackb_cont_KBR_20260617,32.25,,,,,35.48,31.610001,,,,,,-10.3008,pending,,2026-06-26T04:16:57+00:00
trackb_cont_KDP_20260603,31.700001,30.889999,,,,32.580002,29.83,,,,,,-3.3063,pending,,2026-06-26T04:15:05+00:00
trackb_cont_KDP_20260604,31.23,30.76,,,,32.580002,29.83,,,,,,-3.3063,pending,,2026-06-26T04:15:05+00:00
trackb_cont_KDP_20260605,31.709999,30.870001,,,,32.580002,29.83,,,,,,-3.3063,pending,,2026-06-26T04:15:05+00:00
trackb_cont_KDP_20260608,31.77,30.870001,,,,32.580002,29.83,,,,,,-3.3063,pending,,2026-06-26T04:15:05+00:00
trackb_cont_KDP_20260611,30.76,,,,,32.580002,29.83,,,,,,-5.8991,pending,,2026-06-26T04:15:05+00:00
trackb_cont_KDP_20260616,31.4,,,,,32.580002,29.83,,,,,,-5.9139,pending,,2026-06-26T04:15:05+00:00
trackb_cont_KDP_20260617,32.52,,,,,32.580002,29.83,,,,,,-5.9139,pending,,2026-06-26T04:15:05+00:00
trackb_cont_KDP_20260618,,,,,,32.580002,29.83,,,,,,-3.4315,pending,,2026-06-26T04:15:05+00:00
trackb_cont_KDP_20260619,,,,,,32.580002,29.83,,,,,,-3.4315,pending,,2026-06-26T04:15:05+00:00
trackb_cont_KDP_20260622,,,,,,32.580002,29.83,,,,,,-3.4315,pending,,2026-06-26T04:15:05+00:00
trackb_cont_KEEL_20260603,5.25,5.97,,,,7.37,4.81,,,,,,-23.1629,pending,,2026-06-26T04:15:16+00:00
trackb_cont_KEEL_20260604,5.52,6.29,,,,7.37,4.81,,,,,,-23.1629,pending,,2026-06-26T04:15:16+00:00
trackb_cont_KEEL_20260605,5.59,6.66,,,,7.37,4.81,,,,,,-23.1629,pending,,2026-06-26T04:15:16+00:00
trackb_cont_KEEL_20260608,5.66,6.6,,,,7.37,5.04,,,,,,-19.4888,pending,,2026-06-26T04:15:16+00:00
trackb_cont_KEEL_20260618,,,,,,7.37,5.495,,,,,,-7.9565,pending,,2026-06-26T04:15:16+00:00
trackb_cont_KEEL_20260619,,,,,,7.37,5.495,,,,,,-7.9565,pending,,2026-06-26T04:15:16+00:00
trackb_cont_KEEL_20260622,,,,,,7.37,5.495,,,,,,-7.9565,pending,,2026-06-26T04:15:16+00:00
trackb_cont_KELYA_20260603,11.72,11.4,,,,12.22,10.84,,,,,,-4.8288,pending,,2026-06-26T04:15:53+00:00
trackb_cont_KELYA_20260604,12.04,11.36,,,,12.22,10.84,,,,,,-4.8288,pending,,2026-06-26T04:15:53+00:00
trackb_cont_KELYA_20260605,12.04,11.01,,,,12.22,10.84,,,,,,-4.8288,pending,,2026-06-26T04:15:53+00:00
trackb_cont_KELYA_20260608,11.62,11.36,,,,12.22,10.84,,,,,,-4.8288,pending,,2026-06-26T04:15:53+00:00
trackb_cont_KELYA_20260609,11.45,11.63,,,,12.22,10.84,,,,,,-8.7542,pending,,2026-06-26T04:15:53+00:00
trackb_cont_KELYA_20260610,11.4,11.85,,,,12.22,10.84,,,,,,-8.7542,pending,,2026-06-26T04:15:53+00:00
trackb_cont_KELYA_20260615,11.36,,,,,12.04,10.84,,,,,,-9.3645,pending,,2026-06-26T04:15:53+00:00
trackb_cont_KELYA_20260616,11.63,,,,,11.99,10.84,,,,,,-8.5618,pending,,2026-06-26T04:15:53+00:00
trackb_cont_KELYA_20260617,11.85,,,,,11.99,10.84,,,,,,-8.5618,pending,,2026-06-26T04:15:53+00:00
trackb_cont_KELYA_20260618,,,,,,11.99,10.84,,,,,,-8.5618,pending,,2026-06-26T04:15:53+00:00
trackb_cont_KELYA_20260619,,,,,,11.99,10.84,,,,,,-8.5618,pending,,2026-06-26T04:15:53+00:00
trackb_cont_KEYS_20260618,,,,,,374.963013,348.0,,,,,,-0.7699,pending,,2026-06-26T04:18:33+00:00
trackb_cont_KEYS_20260619,,,,,,374.963013,348.0,,,,,,-0.7699,pending,,2026-06-26T04:18:33+00:00
trackb_cont_KEYS_20260622,,,,,,374.963013,348.0,,,,,,-4.3089,pending,,2026-06-26T04:18:33+00:00
trackb_cont_KEYS_20260623,,,,,,368.98999,348.0,,,,,,-4.3089,pending,,2026-06-26T04:18:33+00:00
trackb_cont_KEY_20260612,22.83,,,,,23.719999,22.370001,,,,,,0.1791,pending,,2026-06-26T04:17:34+00:00
trackb_cont_KEY_20260615,23.02,,,,,23.719999,22.370001,,,,,,-2.1863,pending,,2026-06-26T04:17:34+00:00
trackb_cont_KEY_20260616,23.120001,,,,,23.719999,22.450001,,,,,,-0.3772,pending,,2026-06-26T04:17:34+00:00
trackb_cont_KEY_20260617,23.41,,,,,23.719999,22.450001,,,,,,-0.3772,pending,,2026-06-26T04:17:34+00:00
trackb_cont_KEY_20260618,,,,,,23.719999,22.5,,,,,,-0.1553,pending,,2026-06-26T04:17:34+00:00
trackb_cont_KEY_20260619,,,,,,23.719999,22.5,,,,,,-0.1553,pending,,2026-06-26T04:17:34+00:00
trackb_cont_KEY_20260625,,,,,,23.719999,23.25,,,,,,0.5623,pending,,2026-06-26T04:17:34+00:00
trackb_cont_KFRC_20260603,49.16,46.720001,,,,50.700001,43.68,,,,,,-5.4341,pending,,2026-06-26T04:15:14+00:00
trackb_cont_KFRC_20260604,49.900002,45.389999,,,,50.700001,43.68,,,,,,-5.4341,pending,,2026-06-26T04:15:14+00:00
trackb_cont_KFRC_20260605,50.0,43.939999,,,,50.700001,43.68,,,,,,-5.4341,pending,,2026-06-26T04:15:14+00:00
trackb_cont_KFRC_20260608,47.669998,45.57,,,,50.700001,43.68,,,,,,-8.1388,pending,,2026-06-26T04:15:14+00:00
trackb_cont_KFRC_20260609,47.810001,46.93,,,,50.700001,43.68,,,,,,-8.791,pending,,2026-06-26T04:15:14+00:00
trackb_cont_KFRC_20260610,46.720001,47.07,,,,50.700001,43.68,,,,,,-8.791,pending,,2026-06-26T04:15:14+00:00
trackb_cont_KFRC_20260611,45.389999,,,,,50.700001,43.68,,,,,,-11.1473,pending,,2026-06-26T04:15:14+00:00
trackb_cont_KFRC_20260615,45.57,,,,,50.459999,43.68,,,,,,-11.7763,pending,,2026-06-26T04:15:14+00:00
trackb_cont_KFRC_20260616,46.93,,,,,48.939999,43.68,,,,,,-10.9299,pending,,2026-06-26T04:15:14+00:00
trackb_cont_KFRC_20260617,47.07,,,,,48.939999,43.68,,,,,,-10.9299,pending,,2026-06-26T04:15:14+00:00
trackb_cont_KFRC_20260618,,,,,,47.639999,43.68,,,,,,-10.9299,pending,,2026-06-26T04:15:14+00:00
trackb_cont_KFRC_20260619,,,,,,47.639999,43.68,,,,,,-10.9299,pending,,2026-06-26T04:15:14+00:00
trackb_cont_KFY_20260603,73.300003,71.669998,,,,74.720001,67.610001,,,,,,-2.915,pending,,2026-06-26T04:15:24+00:00
trackb_cont_KFY_20260604,73.260002,71.459999,,,,74.720001,67.610001,,,,,,-2.915,pending,,2026-06-26T04:15:24+00:00
trackb_cont_KFY_20260605,73.220001,67.769997,,,,74.720001,67.610001,,,,,,-2.915,pending,,2026-06-26T04:15:24+00:00
trackb_cont_KFY_20260608,71.370003,71.720001,,,,74.720001,67.610001,,,,,,-6.5127,pending,,2026-06-26T04:15:24+00:00
trackb_cont_KFY_20260610,71.669998,70.57,,,,74.639999,67.610001,,,,,,-6.9502,pending,,2026-06-26T04:15:24+00:00
trackb_cont_KFY_20260612,67.769997,,,,,74.639999,67.610001,,,,,,-7.7123,pending,,2026-06-26T04:15:24+00:00
trackb_cont_KFY_20260616,70.629997,,,,,73.379997,67.610001,,,,,,-6.5256,pending,,2026-06-26T04:15:24+00:00
trackb_cont_KFY_20260617,70.57,,,,,73.379997,67.610001,,,,,,-6.5256,pending,,2026-06-26T04:15:24+00:00
trackb_cont_KFY_20260618,,,,,,73.379997,67.610001,,,,,,-6.5256,pending,,2026-06-26T04:15:24+00:00
trackb_cont_KFY_20260619,,,,,,73.379997,67.610001,,,,,,-6.5256,pending,,2026-06-26T04:15:24+00:00
trackb_cont_KHC_20260615,22.469999,,,,,24.370001,22.004999,,,,,,-9.0327,pending,,2026-06-26T04:17:50+00:00
trackb_cont_KHC_20260616,22.940001,,,,,24.0,22.004999,,,,,,-8.9009,pending,,2026-06-26T04:17:50+00:00
trackb_cont_KHC_20260617,23.469999,,,,,23.92,22.004999,,,,,,-8.9009,pending,,2026-06-26T04:17:50+00:00
trackb_cont_KIM_20260610,24.49,25.52,,,,26.08,24.299999,,,,,,0.2475,pending,,2026-06-26T04:17:09+00:00
trackb_cont_KIM_20260611,24.379999,,,,,26.08,24.299999,,,,,,-4.2553,pending,,2026-06-26T04:17:09+00:00
trackb_cont_KIM_20260616,25.42,,,,,25.6,24.299999,,,,,,-4.7619,pending,,2026-06-26T04:17:09+00:00
trackb_cont_KIM_20260617,25.52,,,,,25.6,24.299999,,,,,,-4.7619,pending,,2026-06-26T04:17:09+00:00
trackb_cont_KIM_20260618,,,,,,25.6,24.299999,,,,,,-4.7619,pending,,2026-06-26T04:17:09+00:00
trackb_cont_KIM_20260619,,,,,,25.6,24.57,,,,,,-3.7037,pending,,2026-06-26T04:17:09+00:00
trackb_cont_KLAC_20260603,213.563995,238.729996,,,,269.899994,192.772995,,,,,,-90.7138,pending,,2026-06-26T04:14:52+00:00
trackb_cont_KLAC_20260604,241.164001,259.559998,,,,269.899994,192.772995,,,,,,-90.7138,pending,,2026-06-26T04:14:52+00:00
trackb_cont_KLAC_20260605,254.539993,269.160004,,,,269.899994,192.772995,,,,,,-90.7138,pending,,2026-06-26T04:14:52+00:00
trackb_cont_KLAC_20260608,256.420013,244.490005,,,,269.899994,199.550003,,,,,,-89.6563,pending,,2026-06-26T04:14:52+00:00
trackb_cont_KLIC_20260603,102.029999,116.510002,,,,133.410004,96.459999,,,,,,-10.3906,pending,,2026-06-26T04:15:19+00:00
trackb_cont_KLIC_20260604,111.82,121.870003,,,,133.410004,96.459999,,,,,,-10.3906,pending,,2026-06-26T04:15:19+00:00
trackb_cont_KLIC_20260605,113.129997,124.220001,,,,133.410004,96.459999,,,,,,-10.3906,pending,,2026-06-26T04:15:19+00:00
trackb_cont_KLIC_20260608,115.440002,127.099998,,,,133.410004,96.459999,,,,,,-1.7319,pending,,2026-06-26T04:15:19+00:00
trackb_cont_KLIC_20260615,127.099998,,,,,133.410004,112.620003,,,,,,-3.8422,pending,,2026-06-26T04:15:19+00:00
trackb_cont_KLIC_20260616,123.279999,,,,,133.410004,113.879997,,,,,,-0.6109,pending,,2026-06-26T04:15:19+00:00
trackb_cont_KLIC_20260617,131.490005,,,,,133.410004,113.879997,,,,,,-0.6109,pending,,2026-06-26T04:15:19+00:00
trackb_cont_KLIC_20260618,,,,,,133.410004,113.879997,,,,,,-2.2573,pending,,2026-06-26T04:15:19+00:00
trackb_cont_KLIC_20260619,,,,,,133.410004,113.879997,,,,,,-2.2573,pending,,2026-06-26T04:15:19+00:00
trackb_cont_KLIC_20260622,,,,,,133.410004,113.879997,,,,,,-6.5562,pending,,2026-06-26T04:15:19+00:00
trackb_cont_KLIC_20260623,,,,,,133.410004,113.879997,,,,,,-6.5562,pending,,2026-06-26T04:15:19+00:00
trackb_cont_KMB_20260612,100.5,,,,,109.129997,100.410004,,,,,,-1.1129,pending,,2026-06-26T04:17:28+00:00
trackb_cont_KMB_20260616,106.730003,,,,,109.129997,100.410004,,,,,,-3.1539,pending,,2026-06-26T04:17:28+00:00
trackb_cont_KMB_20260617,108.099998,,,,,109.129997,100.410004,,,,,,-3.1539,pending,,2026-06-26T04:17:28+00:00
trackb_cont_KMB_20260618,,,,,,109.129997,100.410004,,,,,,-3.1539,pending,,2026-06-26T04:17:28+00:00
trackb_cont_KMB_20260619,,,,,,109.129997,100.410004,,,,,,-3.1539,pending,,2026-06-26T04:17:28+00:00
trackb_cont_KMB_20260623,,,,,,109.129997,101.260002,,,,,,0.7562,pending,,2026-06-26T04:17:28+00:00
trackb_cont_KMB_20260624,,,,,,109.129997,104.440002,,,,,,3.9204,pending,,2026-06-26T04:17:28+00:00
trackb_cont_KMB_20260625,,,,,,109.129997,106.580002,,,,,,6.0498,pending,,2026-06-26T04:17:28+00:00
trackb_cont_KMX_20260603,48.5,47.43,,,,53.93,43.52,,,,,,-6.5794,pending,,2026-06-26T04:15:35+00:00
trackb_cont_KMX_20260604,51.57,53.66,,,,53.93,45.349998,,,,,,-2.6511,pending,,2026-06-26T04:15:35+00:00
trackb_cont_KMX_20260605,51.259998,52.400002,,,,53.93,45.990002,,,,,,-1.2772,pending,,2026-06-26T04:15:35+00:00
trackb_cont_KMX_20260608,52.209999,51.91,,,,53.93,45.990002,,,,,,-1.2772,pending,,2026-06-26T04:15:35+00:00
trackb_cont_KMX_20260610,47.43,52.900002,,,,53.93,46.580002,,,,,,-1.9368,pending,,2026-06-26T04:15:35+00:00
trackb_cont_KMX_20260611,53.66,,,,,53.93,46.580002,,,,,,-3.9588,pending,,2026-06-26T04:15:35+00:00
trackb_cont_KMX_20260616,50.790001,,,,,53.93,46.580002,,,,,,-10.4145,pending,,2026-06-26T04:15:35+00:00
trackb_cont_KMX_20260617,52.900002,,,,,53.93,46.580002,,,,,,-10.4145,pending,,2026-06-26T04:15:35+00:00
trackb_cont_KMX_20260618,,,,,,53.93,47.73,,,,,,-8.2027,pending,,2026-06-26T04:15:35+00:00
trackb_cont_KMX_20260619,,,,,,53.830002,50.459999,,,,,,-2.9522,pending,,2026-06-26T04:15:35+00:00
trackb_cont_KNF_20260622,,,,,,96.279999,85.260002,,,,,,-1.1364,pending,,2026-06-26T04:18:24+00:00
trackb_cont_KNF_20260623,,,,,,96.279999,85.260002,,,,,,-1.1364,pending,,2026-06-26T04:18:24+00:00
trackb_cont_KNX_20260603,79.25,73.010002,,,,82.860001,72.690002,,,,,,-7.0817,pending,,2026-06-26T04:15:03+00:00
trackb_cont_KNX_20260604,82.449997,74.150002,,,,82.860001,72.690002,,,,,,-7.0817,pending,,2026-06-26T04:15:03+00:00
trackb_cont_KNX_20260605,81.540001,75.400002,,,,82.860001,72.690002,,,,,,-7.0817,pending,,2026-06-26T04:15:03+00:00
trackb_cont_KNX_20260608,79.25,74.0,,,,82.860001,72.690002,,,,,,-7.0817,pending,,2026-06-26T04:15:03+00:00
trackb_cont_KNX_20260610,73.010002,77.07,,,,82.860001,72.690002,,,,,,-9.9368,pending,,2026-06-26T04:15:03+00:00
trackb_cont_KNX_20260611,74.150002,,,,,82.860001,72.690002,,,,,,-8.2776,pending,,2026-06-26T04:15:03+00:00
trackb_cont_KNX_20260612,75.400002,,,,,82.860001,72.690002,,,,,,-11.8375,pending,,2026-06-26T04:15:03+00:00
trackb_cont_KNX_20260616,74.519997,,,,,79.25,72.690002,,,,,,-7.3216,pending,,2026-06-26T04:15:03+00:00
trackb_cont_KNX_20260617,77.07,,,,,77.989998,72.690002,,,,,,-7.3216,pending,,2026-06-26T04:15:03+00:00
trackb_cont_KN_20260603,37.310001,40.23,,,,42.93,36.509998,,,,,,-7.0758,pending,,2026-06-26T04:14:58+00:00
trackb_cont_KN_20260604,39.450001,41.369999,,,,42.93,36.509998,,,,,,-7.0758,pending,,2026-06-26T04:14:58+00:00
trackb_cont_KN_20260605,39.779999,42.799999,,,,42.93,36.509998,,,,,,-7.0758,pending,,2026-06-26T04:14:58+00:00
trackb_cont_KN_20260608,41.369999,40.09,,,,42.93,36.509998,,,,,,-2.0129,pending,,2026-06-26T04:14:58+00:00
trackb_cont_KN_20260616,40.150002,,,,,42.93,39.349998,,,,,,-4.351,pending,,2026-06-26T04:14:58+00:00
trackb_cont_KN_20260617,40.790001,,,,,42.93,39.349998,,,,,,-4.351,pending,,2026-06-26T04:14:58+00:00
trackb_cont_KN_20260618,,,,,,42.93,39.349998,,,,,,-4.351,pending,,2026-06-26T04:14:58+00:00
trackb_cont_KN_20260619,,,,,,42.93,39.349998,,,,,,-4.351,pending,,2026-06-26T04:14:58+00:00
trackb_cont_KN_20260622,,,,,,42.93,39.349998,,,,,,-4.8828,pending,,2026-06-26T04:14:58+00:00
trackb_cont_KN_20260623,,,,,,42.099998,39.349998,,,,,,-4.8828,pending,,2026-06-26T04:14:58+00:00
trackb_cont_KOPN_20260603,4.6,4.86,,,,6.61,3.64,,,,,,-40.7648,pending,,2026-06-26T04:15:39+00:00
trackb_cont_KOPN_20260604,5.13,4.93,,,,6.49,3.64,,,,,,-40.7648,pending,,2026-06-26T04:15:39+00:00
trackb_cont_KOPN_20260605,4.94,4.57,,,,6.15,3.64,,,,,,-40.7648,pending,,2026-06-26T04:15:39+00:00
trackb_cont_KOPN_20260608,5.22,4.05,,,,5.88,3.64,,,,,,-33.3333,pending,,2026-06-26T04:15:39+00:00
trackb_cont_KO_20260612,79.529999,,,,,82.889999,78.739998,,,,,,-4.5923,pending,,2026-06-26T04:17:28+00:00
trackb_cont_KO_20260616,80.599998,,,,,81.580002,78.739998,,,,,,-2.4348,pending,,2026-06-26T04:17:28+00:00
trackb_cont_KO_20260617,80.419998,,,,,81.580002,78.739998,,,,,,-2.4348,pending,,2026-06-26T04:17:28+00:00
trackb_cont_KO_20260618,,,,,,81.580002,78.739998,,,,,,-2.4348,pending,,2026-06-26T04:17:28+00:00
trackb_cont_KO_20260619,,,,,,81.580002,79.059998,,,,,,-2.0383,pending,,2026-06-26T04:17:28+00:00
trackb_cont_KRC_20260603,38.419998,36.150002,,,,39.490002,34.509998,,,,,,-0.029,pending,,2026-06-26T04:16:10+00:00
trackb_cont_KRC_20260604,38.700001,36.810001,,,,39.490002,35.540001,,,,,,2.9548,pending,,2026-06-26T04:16:10+00:00
trackb_cont_KRC_20260605,38.369999,37.0,,,,39.490002,36.009998,,,,,,4.3163,pending,,2026-06-26T04:16:10+00:00
trackb_cont_KRC_20260608,38.369999,37.200001,,,,39.490002,36.009998,,,,,,4.3163,pending,,2026-06-26T04:16:10+00:00
trackb_cont_KRC_20260609,38.09,36.919998,,,,39.490002,36.009998,,,,,,-4.9617,pending,,2026-06-26T04:16:10+00:00
trackb_cont_KRC_20260612,37.0,,,,,39.490002,36.009998,,,,,,-6.9509,pending,,2026-06-26T04:16:10+00:00
trackb_cont_KRC_20260616,36.919998,,,,,39.490002,36.009998,,,,,,-6.0772,pending,,2026-06-26T04:16:10+00:00
trackb_cont_KRC_20260617,37.509998,,,,,38.360001,36.009998,,,,,,-6.0772,pending,,2026-06-26T04:16:10+00:00
trackb_cont_KREF_20260603,7.15,6.8,,,,7.4,6.715,,,,,,-0.297,pending,,2026-06-26T04:14:44+00:00
trackb_cont_KREF_20260604,7.11,7.06,,,,7.4,6.76,,,,,,0.3712,pending,,2026-06-26T04:14:44+00:00
trackb_cont_KREF_20260605,7.23,6.98,,,,7.4,6.77,,,,,,0.5197,pending,,2026-06-26T04:14:44+00:00
trackb_cont_KREF_20260608,7.2,7.03,,,,7.4,6.77,,,,,,0.5197,pending,,2026-06-26T04:14:44+00:00
trackb_cont_KREF_20260610,6.8,7.0,,,,7.4,6.77,,,,,,-2.8694,pending,,2026-06-26T04:14:44+00:00
trackb_cont_KREF_20260615,7.03,,,,,7.4,6.77,,,,,,-8.2034,pending,,2026-06-26T04:14:44+00:00
trackb_cont_KREF_20260616,7.04,,,,,7.33,6.77,,,,,,-6.3624,pending,,2026-06-26T04:14:44+00:00
trackb_cont_KREF_20260617,7.0,,,,,7.215,6.77,,,,,,-6.3624,pending,,2026-06-26T04:14:44+00:00
trackb_cont_KREF_20260618,,,,,,7.17,6.85,,,,,,0.7353,pending,,2026-06-26T04:14:44+00:00
trackb_cont_KREF_20260619,,,,,,7.17,6.9,,,,,,1.4706,pending,,2026-06-26T04:14:44+00:00
trackb_cont_KRG_20260609,28.790001,28.85,,,,29.4,27.84,,,,,,-0.1435,pending,,2026-06-26T04:16:56+00:00
trackb_cont_KRG_20260610,28.23,29.01,,,,29.4,27.84,,,,,,-0.1435,pending,,2026-06-26T04:16:56+00:00
trackb_cont_KRG_20260611,27.91,,,,,29.4,27.84,,,,,,-3.4674,pending,,2026-06-26T04:16:56+00:00
trackb_cont_KRG_20260616,28.85,,,,,29.139999,27.84,,,,,,-3.4674,pending,,2026-06-26T04:16:56+00:00
trackb_cont_KRG_20260617,29.01,,,,,29.139999,27.84,,,,,,-3.4674,pending,,2026-06-26T04:16:56+00:00
trackb_cont_KRG_20260618,,,,,,29.139999,27.84,,,,,,-3.4674,pending,,2026-06-26T04:16:56+00:00
trackb_cont_KRG_20260619,,,,,,29.139999,27.9,,,,,,-3.2594,pending,,2026-06-26T04:16:56+00:00
trackb_cont_KTB_20260612,76.139999,,,,,81.705002,74.160004,,,,,,-7.7727,pending,,2026-06-26T04:16:49+00:00
trackb_cont_KTB_20260616,78.0,,,,,80.639999,74.160004,,,,,,-7.1026,pending,,2026-06-26T04:16:49+00:00
trackb_cont_KTB_20260617,79.900002,,,,,80.0,74.160004,,,,,,-7.1026,pending,,2026-06-26T04:16:49+00:00
trackb_cont_KTB_20260623,,,,,,80.0,74.160004,,,,,,-2.6005,pending,,2026-06-26T04:16:49+00:00
trackb_cont_KTB_20260624,,,,,,80.0,77.150002,,,,,,1.3265,pending,,2026-06-26T04:16:49+00:00
trackb_cont_KTB_20260625,,,,,,80.0,77.620003,,,,,,1.9438,pending,,2026-06-26T04:16:49+00:00
trackb_cont_KVUE_20260610,18.01,18.959999,,,,19.09,17.85,,,,,,1.7094,pending,,2026-06-26T04:17:09+00:00
trackb_cont_KVUE_20260612,17.860001,,,,,19.09,17.855,,,,,,-1.1898,pending,,2026-06-26T04:17:09+00:00
trackb_cont_KVUE_20260616,18.799999,,,,,19.09,17.855,,,,,,-2.6179,pending,,2026-06-26T04:17:09+00:00
trackb_cont_KVUE_20260617,18.959999,,,,,19.09,17.855,,,,,,-2.6179,pending,,2026-06-26T04:17:09+00:00
trackb_cont_KVUE_20260618,,,,,,19.09,17.855,,,,,,-2.6179,pending,,2026-06-26T04:17:09+00:00
trackb_cont_KVUE_20260619,,,,,,19.09,17.855,,,,,,-2.6179,pending,,2026-06-26T04:17:09+00:00
trackb_cont_KVUE_20260622,,,,,,19.09,17.855,,,,,,-1.4625,pending,,2026-06-26T04:17:09+00:00
trackb_cont_KVUE_20260623,,,,,,19.09,17.99,,,,,,-0.7174,pending,,2026-06-26T04:17:09+00:00
trackb_cont_LADR_20260611,10.2,,,,,10.39,10.03,,,,,,-2.7158,pending,,2026-06-26T04:17:17+00:00
trackb_cont_LAD_20260603,304.829987,293.019989,,,,319.410004,284.399994,,,,,,-3.0344,pending,,2026-06-26T04:15:02+00:00
trackb_cont_LAD_20260604,312.660004,294.850006,,,,319.410004,284.399994,,,,,,-3.0344,pending,,2026-06-26T04:15:02+00:00
trackb_cont_LAD_20260605,313.380005,295.149994,,,,319.410004,284.399994,,,,,,-3.0344,pending,,2026-06-26T04:15:02+00:00
trackb_cont_LAD_20260608,308.519989,297.079987,,,,319.410004,285.359985,,,,,,-2.7071,pending,,2026-06-26T04:15:02+00:00
trackb_cont_LAD_20260612,295.149994,,,,,319.410004,290.850006,,,,,,-6.9756,pending,,2026-06-26T04:15:02+00:00
trackb_cont_LAD_20260616,305.299988,,,,,313.0,290.850006,,,,,,-7.0841,pending,,2026-06-26T04:15:02+00:00
trackb_cont_LAD_20260617,296.730011,,,,,310.0,290.850006,,,,,,-7.0841,pending,,2026-06-26T04:15:02+00:00
trackb_cont_LAMR_20260615,152.380005,,,,,155.779999,148.339996,,,,,,-4.5308,pending,,2026-06-26T04:17:46+00:00
trackb_cont_LAMR_20260616,153.729996,,,,,155.779999,148.339996,,,,,,-3.6753,pending,,2026-06-26T04:17:46+00:00
trackb_cont_LAMR_20260617,154.360001,,,,,155.779999,148.350006,,,,,,-3.6688,pending,,2026-06-26T04:17:46+00:00
trackb_cont_LAMR_20260618,,,,,,155.779999,148.350006,,,,,,-3.6688,pending,,2026-06-26T04:17:46+00:00
trackb_cont_LAMR_20260619,,,,,,155.779999,148.350006,,,,,,-3.6688,pending,,2026-06-26T04:17:46+00:00
trackb_cont_LAUR_20260610,36.040001,36.5,,,,38.279999,34.91,,,,,,2.1955,pending,,2026-06-26T04:17:09+00:00
trackb_cont_LAUR_20260611,36.43,,,,,38.279999,34.91,,,,,,-4.33,pending,,2026-06-26T04:17:09+00:00
trackb_cont_LAUR_20260616,36.849998,,,,,37.639999,34.91,,,,,,-2.8659,pending,,2026-06-26T04:17:09+00:00
trackb_cont_LAUR_20260617,36.5,,,,,37.639999,34.91,,,,,,-2.8659,pending,,2026-06-26T04:17:09+00:00
trackb_cont_LAUR_20260618,,,,,,37.639999,35.59,,,,,,-0.9738,pending,,2026-06-26T04:17:09+00:00
trackb_cont_LAUR_20260619,,,,,,37.639999,35.955002,,,,,,0.0417,pending,,2026-06-26T04:17:09+00:00
trackb_cont_LAUR_20260625,,,,,,37.200001,35.959999,,,,,,-2.4152,pending,,2026-06-26T04:17:09+00:00
trackb_cont_LCUT_20260603,9.15,8.35,,,,9.6,7.97,,,,,,-11.1483,pending,,2026-06-26T04:15:35+00:00
trackb_cont_LCUT_20260604,9.06,8.44,,,,9.6,7.97,,,,,,-11.1483,pending,,2026-06-26T04:15:35+00:00
trackb_cont_LCUT_20260605,8.89,8.19,,,,9.55,7.97,,,,,,-11.1483,pending,,2026-06-26T04:15:35+00:00
trackb_cont_LCUT_20260608,9.19,8.41,,,,9.55,7.97,,,,,,-10.5499,pending,,2026-06-26T04:15:35+00:00
trackb_cont_LCUT_20260609,8.34,8.3,,,,9.55,7.97,,,,,,-12.8962,pending,,2026-06-26T04:15:35+00:00
trackb_cont_LEA_20260603,140.440002,137.919998,,,,149.029999,133.949997,,,,,,-8.5978,pending,,2026-06-26T04:15:27+00:00
trackb_cont_LEA_20260604,145.0,139.75,,,,149.029999,133.949997,,,,,,-8.5978,pending,,2026-06-26T04:15:27+00:00
trackb_cont_LEA_20260605,145.160004,140.710007,,,,149.029999,133.949997,,,,,,-8.5978,pending,,2026-06-26T04:15:27+00:00
trackb_cont_LEA_20260608,144.440002,136.679993,,,,149.029999,133.949997,,,,,,-8.5978,pending,,2026-06-26T04:15:27+00:00
trackb_cont_LEA_20260616,135.580002,,,,,145.339996,133.949997,,,,,,-7.9381,pending,,2026-06-26T04:15:27+00:00
trackb_cont_LEA_20260617,138.220001,,,,,142.210007,133.949997,,,,,,-7.9381,pending,,2026-06-26T04:15:27+00:00
trackb_cont_LEA_20260618,,,,,,142.210007,133.949997,,,,,,-7.9381,pending,,2026-06-26T04:15:27+00:00
trackb_cont_LEA_20260619,,,,,,142.210007,133.949997,,,,,,-7.9381,pending,,2026-06-26T04:15:27+00:00
trackb_cont_LECO_20260618,,,,,,278.809998,267.809998,,,,,,-0.6529,pending,,2026-06-26T04:18:33+00:00
trackb_cont_LECO_20260619,,,,,,278.809998,267.809998,,,,,,-0.6529,pending,,2026-06-26T04:18:33+00:00
trackb_cont_LEGH_20260603,24.389999,24.690001,,,,26.465,23.02,,,,,,-0.6259,pending,,2026-06-26T04:15:51+00:00
trackb_cont_LEGH_20260604,25.040001,25.0,,,,26.465,23.02,,,,,,-0.6259,pending,,2026-06-26T04:15:51+00:00
trackb_cont_LEGH_20260605,25.0,24.389999,,,,26.465,23.190001,,,,,,0.1079,pending,,2026-06-26T04:15:51+00:00
trackb_cont_LEGH_20260608,24.65,24.700001,,,,26.465,23.565001,,,,,,1.7267,pending,,2026-06-26T04:15:51+00:00
trackb_cont_LEG_20260611,10.99,,,,,11.72,10.11,,,,,,-0.9794,pending,,2026-06-26T04:16:50+00:00
trackb_cont_LEG_20260615,10.92,,,,,11.72,10.5,,,,,,-7.1207,pending,,2026-06-26T04:16:50+00:00
trackb_cont_LEG_20260616,11.44,,,,,11.72,10.5,,,,,,-3.6697,pending,,2026-06-26T04:16:50+00:00
trackb_cont_LEG_20260617,11.6,,,,,11.72,10.5,,,,,,-3.6697,pending,,2026-06-26T04:16:50+00:00
trackb_cont_LEG_20260618,,,,,,11.72,10.5,,,,,,-3.6697,pending,,2026-06-26T04:16:50+00:00
trackb_cont_LEG_20260619,,,,,,11.72,10.5,,,,,,-3.6697,pending,,2026-06-26T04:16:50+00:00
trackb_cont_LEG_20260622,,,,,,11.72,10.5,,,,,,-4.4586,pending,,2026-06-26T04:16:50+00:00
trackb_cont_LEG_20260623,,,,,,11.72,10.5,,,,,,-1.5009,pending,,2026-06-26T04:16:50+00:00
trackb_cont_LEG_20260624,,,,,,11.72,11.02,,,,,,3.3771,pending,,2026-06-26T04:16:50+00:00
trackb_cont_LEG_20260625,,,,,,11.72,11.39,,,,,,-0.4371,pending,,2026-06-26T04:16:50+00:00
trackb_cont_LEN_20260603,89.849998,86.480003,,,,96.029999,85.860001,,,,,,-3.7228,pending,,2026-06-26T04:16:04+00:00
trackb_cont_LEN_20260604,94.949997,89.730003,,,,96.029999,85.860001,,,,,,-3.7228,pending,,2026-06-26T04:16:04+00:00
trackb_cont_LEN_20260605,90.300003,87.440002,,,,96.029999,85.860001,,,,,,-3.7228,pending,,2026-06-26T04:16:04+00:00
trackb_cont_LEN_20260608,89.75,87.349998,,,,96.029999,85.860001,,,,,,-5.1166,pending,,2026-06-26T04:16:04+00:00
trackb_cont_LEN_20260609,89.779999,92.949997,,,,96.029999,85.860001,,,,,,-5.378,pending,,2026-06-26T04:16:04+00:00
trackb_cont_LEN_20260611,89.730003,,,,,96.029999,85.860001,,,,,,-4.4407,pending,,2026-06-26T04:16:04+00:00
trackb_cont_LEU_20260623,,,,,,192.0,165.5,,,,,,-9.8976,pending,,2026-06-26T04:18:51+00:00
trackb_cont_LEU_20260624,,,,,,178.169998,165.5,,,,,,-9.8976,pending,,2026-06-26T04:18:51+00:00
trackb_cont_LEVI_20260612,23.610001,,,,,24.700001,22.959999,,,,,,-5.2805,pending,,2026-06-26T04:17:36+00:00
trackb_cont_LEVI_20260616,23.559999,,,,,24.49,22.959999,,,,,,-5.0651,pending,,2026-06-26T04:17:36+00:00
trackb_cont_LEVI_20260617,23.99,,,,,24.35,22.959999,,,,,,-5.0651,pending,,2026-06-26T04:17:36+00:00
trackb_cont_LEVI_20260618,,,,,,24.35,22.959999,,,,,,-1.8384,pending,,2026-06-26T04:17:36+00:00
trackb_cont_LEVI_20260619,,,,,,24.35,22.959999,,,,,,-1.8384,pending,,2026-06-26T04:17:36+00:00
trackb_cont_LEVI_20260622,,,,,,24.35,22.959999,,,,,,-1.8384,pending,,2026-06-26T04:17:36+00:00
trackb_cont_LEVI_20260623,,,,,,24.35,22.959999,,,,,,-2.7531,pending,,2026-06-26T04:17:36+00:00
trackb_cont_LEVI_20260624,,,,,,24.35,23.42,,,,,,-0.8047,pending,,2026-06-26T04:17:36+00:00
trackb_cont_LEVI_20260625,,,,,,24.35,23.469999,,,,,,-0.593,pending,,2026-06-26T04:17:36+00:00
trackb_cont_LE_20260615,11.38,,,,,12.77,10.9,,,,,,-14.0379,pending,,2026-06-26T04:17:03+00:00
trackb_cont_LE_20260616,11.92,,,,,12.77,10.9,,,,,,-11.0204,pending,,2026-06-26T04:17:03+00:00
trackb_cont_LE_20260617,11.73,,,,,12.63,10.9,,,,,,-11.0204,pending,,2026-06-26T04:17:03+00:00
trackb_cont_LE_20260618,,,,,,12.63,10.9,,,,,,-7.3129,pending,,2026-06-26T04:17:03+00:00
trackb_cont_LE_20260619,,,,,,12.35,10.9,,,,,,-7.3129,pending,,2026-06-26T04:17:03+00:00
trackb_cont_LFST_20260615,9.44,,,,,9.995,8.36,,,,,,-0.6536,pending,,2026-06-26T04:17:48+00:00
trackb_cont_LFST_20260616,9.65,,,,,9.995,8.53,,,,,,-0.0,pending,,2026-06-26T04:17:48+00:00
trackb_cont_LFST_20260617,9.88,,,,,9.995,8.53,,,,,,-0.0,pending,,2026-06-26T04:17:48+00:00
trackb_cont_LFST_20260618,,,,,,9.995,8.61,,,,,,-0.0,pending,,2026-06-26T04:17:48+00:00
trackb_cont_LFST_20260619,,,,,,9.995,8.965,,,,,,4.1231,pending,,2026-06-26T04:17:48+00:00
trackb_cont_LFST_20260622,,,,,,9.995,8.965,,,,,,-0.167,pending,,2026-06-26T04:17:48+00:00
trackb_cont_LFST_20260623,,,,,,9.995,9.12,,,,,,-0.9234,pending,,2026-06-26T04:17:48+00:00
trackb_cont_LFST_20260624,,,,,,9.995,9.5,,,,,,3.2048,pending,,2026-06-26T04:17:48+00:00
trackb_cont_LFST_20260625,,,,,,9.995,9.568,,,,,,-0.8497,pending,,2026-06-26T04:17:48+00:00
trackb_cont_LFUS_20260603,439.440002,466.440002,,,,500.570007,430.01001,,,,,,-12.8705,pending,,2026-06-26T04:14:46+00:00
trackb_cont_LFUS_20260604,462.980011,479.820007,,,,498.380005,430.01001,,,,,,-12.8705,pending,,2026-06-26T04:14:46+00:00
trackb_cont_LFUS_20260605,472.140015,489.100006,,,,498.380005,430.01001,,,,,,-12.8705,pending,,2026-06-26T04:14:46+00:00
trackb_cont_LFUS_20260608,476.899994,466.959991,,,,498.380005,430.01001,,,,,,-12.8705,pending,,2026-06-26T04:14:46+00:00
trackb_cont_LGIH_20260603,52.560001,52.360001,,,,64.150002,47.130001,,,,,,-0.3805,pending,,2026-06-26T04:15:31+00:00
trackb_cont_LGIH_20260604,55.389999,56.700001,,,,64.150002,49.860001,,,,,,5.39,pending,,2026-06-26T04:15:31+00:00
trackb_cont_LGIH_20260605,54.049999,55.150002,,,,64.150002,49.860001,,,,,,5.39,pending,,2026-06-26T04:15:31+00:00
trackb_cont_LGIH_20260608,53.52,56.060001,,,,64.150002,50.009998,,,,,,-0.6753,pending,,2026-06-26T04:15:31+00:00
trackb_cont_LGIH_20260611,56.700001,,,,,64.150002,51.389999,,,,,,-2.226,pending,,2026-06-26T04:15:31+00:00
trackb_cont_LGIH_20260615,56.060001,,,,,64.150002,51.77,,,,,,-6.3495,pending,,2026-06-26T04:15:31+00:00
trackb_cont_LGIH_20260616,61.439999,,,,,64.150002,51.77,,,,,,-4.589,pending,,2026-06-26T04:15:31+00:00
trackb_cont_LGIH_20260617,62.610001,,,,,64.150002,51.77,,,,,,-4.589,pending,,2026-06-26T04:15:31+00:00
trackb_cont_LGIH_20260618,,,,,,64.150002,53.259998,,,,,,-1.843,pending,,2026-06-26T04:15:31+00:00
trackb_cont_LGIH_20260619,,,,,,64.150002,55.02,,,,,,1.4007,pending,,2026-06-26T04:15:31+00:00
trackb_cont_LGIH_20260622,,,,,,64.150002,55.02,,,,,,-2.963,pending,,2026-06-26T04:15:31+00:00
trackb_cont_LGIH_20260623,,,,,,64.150002,55.02,,,,,,-2.963,pending,,2026-06-26T04:15:31+00:00
trackb_cont_LGIH_20260625,,,,,,64.150002,61.02,,,,,,-0.6836,pending,,2026-06-26T04:15:31+00:00
trackb_cont_LH_20260609,264.76001,265.179993,,,,275.0,253.050003,,,,,,-3.4197,pending,,2026-06-26T04:16:56+00:00
trackb_cont_LH_20260612,254.429993,,,,,272.049988,253.050003,,,,,,-4.6066,pending,,2026-06-26T04:16:56+00:00
trackb_cont_LII_20260611,532.429993,,,,,580.109985,493.540009,,,,,,-2.2306,pending,,2026-06-26T04:17:16+00:00
trackb_cont_LII_20260623,,,,,,580.109985,519.47998,,,,,,-3.0893,pending,,2026-06-26T04:17:16+00:00
trackb_cont_LII_20260624,,,,,,580.109985,528.969971,,,,,,-1.3189,pending,,2026-06-26T04:17:16+00:00
trackb_cont_LILAK_20260616,6.55,,,,,6.955,4.755,,,,,,-39.8482,pending,,2026-06-26T04:16:37+00:00
trackb_cont_LILAK_20260617,6.91,,,,,6.955,4.755,,,,,,-39.8482,pending,,2026-06-26T04:16:37+00:00
trackb_cont_LILAK_20260618,,,,,,6.955,4.755,,,,,,-39.8482,pending,,2026-06-26T04:16:37+00:00
trackb_cont_LILAK_20260619,,,,,,6.955,4.76,,,,,,-39.7849,pending,,2026-06-26T04:16:37+00:00
trackb_cont_LIND_20260603,21.9,23.959999,,,,28.92,21.309999,,,,,,-4.4823,pending,,2026-06-26T04:15:37+00:00
trackb_cont_LIND_20260604,23.129999,25.75,,,,28.92,21.309999,,,,,,-4.4823,pending,,2026-06-26T04:15:37+00:00
trackb_cont_LIND_20260605,23.450001,25.549999,,,,28.92,21.309999,,,,,,-4.4823,pending,,2026-06-26T04:15:37+00:00
trackb_cont_LIND_20260608,23.969999,25.77,,,,28.92,21.379999,,,,,,-4.1685,pending,,2026-06-26T04:15:37+00:00
trackb_cont_LIND_20260616,26.98,,,,,28.92,23.809999,,,,,,-0.3766,pending,,2026-06-26T04:15:37+00:00
trackb_cont_LIND_20260617,28.6,,,,,28.92,23.84,,,,,,-0.251,pending,,2026-06-26T04:15:37+00:00
trackb_cont_LIND_20260618,,,,,,28.92,24.540001,,,,,,2.4207,pending,,2026-06-26T04:15:37+00:00
trackb_cont_LIND_20260619,,,,,,28.92,24.540001,,,,,,2.4207,pending,,2026-06-26T04:15:37+00:00
trackb_cont_LIND_20260622,,,,,,28.92,24.540001,,,,,,-4.699,pending,,2026-06-26T04:15:37+00:00
trackb_cont_LIND_20260623,,,,,,28.92,24.540001,,,,,,-3.953,pending,,2026-06-26T04:15:37+00:00
trackb_cont_LIND_20260624,,,,,,28.92,26.25,,,,,,2.7397,pending,,2026-06-26T04:15:37+00:00
trackb_cont_LIND_20260625,,,,,,28.92,27.73,,,,,,2.7798,pending,,2026-06-26T04:15:37+00:00
trackb_cont_LINE_20260603,44.330002,41.529999,,,,45.369999,40.009998,,,,,,-4.0297,pending,,2026-06-26T04:15:57+00:00
trackb_cont_LINE_20260604,44.57,41.380001,,,,45.369999,40.009998,,,,,,-4.0297,pending,,2026-06-26T04:15:57+00:00
trackb_cont_LINE_20260605,44.419998,40.389999,,,,45.369999,40.009998,,,,,,-4.0297,pending,,2026-06-26T04:15:57+00:00
trackb_cont_LINE_20260608,43.369999,40.82,,,,45.369999,40.009998,,,,,,-4.0297,pending,,2026-06-26T04:15:57+00:00
trackb_cont_LINE_20260612,40.389999,,,,,45.299999,40.009998,,,,,,-10.2311,pending,,2026-06-26T04:15:57+00:00
trackb_cont_LINE_20260615,40.82,,,,,45.299999,40.009998,,,,,,-11.5068,pending,,2026-06-26T04:15:57+00:00
trackb_cont_LINE_20260616,40.950001,,,,,43.77,40.009998,,,,,,-8.1602,pending,,2026-06-26T04:15:57+00:00
trackb_cont_LINE_20260617,42.610001,,,,,43.080002,40.009998,,,,,,-8.1602,pending,,2026-06-26T04:15:57+00:00
trackb_cont_LINE_20260618,,,,,,42.665001,40.009998,,,,,,-8.1602,pending,,2026-06-26T04:15:57+00:00
trackb_cont_LINE_20260619,,,,,,42.665001,40.009998,,,,,,-8.1602,pending,,2026-06-26T04:15:57+00:00
trackb_cont_LITE_20260603,853.26001,869.97998,,,,1049.530029,776.01001,,,,,,-19.5636,pending,,2026-06-26T04:15:56+00:00
trackb_cont_LITE_20260604,889.590027,850.0,,,,998.5,776.01001,,,,,,-19.5636,pending,,2026-06-26T04:15:56+00:00
trackb_cont_LITE_20260605,921.559998,893.929993,,,,998.5,776.01001,,,,,,-19.5636,pending,,2026-06-26T04:15:56+00:00
trackb_cont_LITE_20260608,957.23999,827.919983,,,,998.5,776.01001,,,,,,-19.5636,pending,,2026-06-26T04:15:56+00:00
trackb_cont_LLYVK_20260615,97.695,,,,,103.279999,97.010002,,,,,,-5.3099,pending,,2026-06-26T04:17:55+00:00
trackb_cont_LLYVK_20260616,99.5,,,,,102.690002,97.010002,,,,,,-3.3043,pending,,2026-06-26T04:17:55+00:00
trackb_cont_LLYVK_20260617,102.080002,,,,,102.690002,97.010002,,,,,,-3.3043,pending,,2026-06-26T04:17:55+00:00
trackb_cont_LLYVK_20260618,,,,,,102.339996,97.010002,,,,,,-2.3848,pending,,2026-06-26T04:17:55+00:00
trackb_cont_LLYVK_20260619,,,,,,102.339996,97.010002,,,,,,-2.3848,pending,,2026-06-26T04:17:55+00:00
trackb_cont_LLY_20260608,1129.349976,1107.079956,,,,1182.72998,1079.219971,,,,,,-4.6137,pending,,2026-06-26T04:16:43+00:00
trackb_cont_LLY_20260610,1112.0,1127.689941,,,,1170.119995,1079.219971,,,,,,-6.0854,pending,,2026-06-26T04:16:43+00:00
trackb_cont_LLY_20260612,1102.079956,,,,,1169.98999,1079.219971,,,,,,-7.0399,pending,,2026-06-26T04:16:43+00:00
trackb_cont_LLY_20260615,1107.079956,,,,,1146.689941,1079.219971,,,,,,-3.3265,pending,,2026-06-26T04:16:43+00:00
trackb_cont_LLY_20260616,1117.26001,,,,,1146.689941,1079.219971,,,,,,-4.5067,pending,,2026-06-26T04:16:43+00:00
trackb_cont_LLY_20260617,1127.689941,,,,,1145.430054,1079.219971,,,,,,-4.5067,pending,,2026-06-26T04:16:43+00:00
trackb_cont_LMND_20260618,,,,,,61.200001,55.18,,,,,,-3.6662,pending,,2026-06-26T04:16:31+00:00
trackb_cont_LMND_20260619,,,,,,61.200001,55.18,,,,,,-3.6662,pending,,2026-06-26T04:16:31+00:00
trackb_cont_LNC_20260615,38.189999,,,,,38.52,36.09,,,,,,-5.0263,pending,,2026-06-26T04:17:46+00:00
trackb_cont_LNC_20260616,36.23,,,,,38.52,36.09,,,,,,-4.6499,pending,,2026-06-26T04:17:46+00:00
trackb_cont_LNC_20260617,36.34,,,,,38.310001,36.09,,,,,,-4.6499,pending,,2026-06-26T04:17:46+00:00
trackb_cont_LNC_20260618,,,,,,38.209999,36.09,,,,,,-4.4227,pending,,2026-06-26T04:17:46+00:00
trackb_cont_LNC_20260619,,,,,,38.209999,36.09,,,,,,-4.4227,pending,,2026-06-26T04:17:46+00:00
trackb_cont_LNC_20260622,,,,,,38.209999,36.09,,,,,,-4.4227,pending,,2026-06-26T04:17:46+00:00
trackb_cont_LNC_20260623,,,,,,38.209999,36.09,,,,,,-4.4227,pending,,2026-06-26T04:17:46+00:00
trackb_cont_LNN_20260603,112.75,116.099998,,,,125.0,111.099998,,,,,,-1.139,pending,,2026-06-26T04:15:18+00:00
trackb_cont_LNN_20260604,114.68,119.099998,,,,125.0,111.099998,,,,,,-1.139,pending,,2026-06-26T04:15:18+00:00
trackb_cont_LNN_20260605,115.349998,116.730003,,,,125.0,111.099998,,,,,,-1.139,pending,,2026-06-26T04:15:18+00:00
trackb_cont_LNN_20260608,114.800003,117.419998,,,,125.0,111.099998,,,,,,-1.139,pending,,2026-06-26T04:15:18+00:00
trackb_cont_LNN_20260611,119.099998,,,,,125.0,112.209999,,,,,,-0.4789,pending,,2026-06-26T04:15:18+00:00
trackb_cont_LNN_20260616,120.529999,,,,,125.0,113.860001,,,,,,-1.3516,pending,,2026-06-26T04:15:18+00:00
trackb_cont_LNN_20260617,124.870003,,,,,125.0,115.209999,,,,,,-0.1819,pending,,2026-06-26T04:15:18+00:00
trackb_cont_LNN_20260618,,,,,,125.0,115.209999,,,,,,-0.1819,pending,,2026-06-26T04:15:18+00:00
trackb_cont_LNN_20260619,,,,,,125.0,115.209999,,,,,,-0.1819,pending,,2026-06-26T04:15:18+00:00
trackb_cont_LNTH_20260608,104.669998,106.029999,,,,109.019997,97.989998,,,,,,-2.961,pending,,2026-06-26T04:16:42+00:00
trackb_cont_LNTH_20260609,105.029999,104.849998,,,,109.019997,97.989998,,,,,,-2.0198,pending,,2026-06-26T04:16:42+00:00
trackb_cont_LNTH_20260610,103.190002,109.010002,,,,109.019997,99.669998,,,,,,-0.34,pending,,2026-06-26T04:16:42+00:00
trackb_cont_LNTH_20260616,104.849998,,,,,109.019997,101.610001,,,,,,-2.3309,pending,,2026-06-26T04:16:42+00:00
trackb_cont_LNTH_20260617,109.010002,,,,,109.019997,101.610001,,,,,,-2.3309,pending,,2026-06-26T04:16:42+00:00
trackb_cont_LNTH_20260618,,,,,,109.019997,102.970001,,,,,,-1.0237,pending,,2026-06-26T04:16:42+00:00
trackb_cont_LNTH_20260619,,,,,,109.019997,103.485001,,,,,,-0.5287,pending,,2026-06-26T04:16:42+00:00
trackb_cont_LODE_20260603,3.72,4.68,,,,4.98,3.64,,,,,,-7.9646,pending,,2026-06-26T04:15:04+00:00
trackb_cont_LODE_20260604,4.08,4.77,,,,4.98,3.64,,,,,,-7.9646,pending,,2026-06-26T04:15:04+00:00
trackb_cont_LODE_20260605,4.1,4.48,,,,4.98,3.64,,,,,,-7.9646,pending,,2026-06-26T04:15:04+00:00
trackb_cont_LODE_20260608,4.08,4.28,,,,4.98,3.64,,,,,,-7.9646,pending,,2026-06-26T04:15:04+00:00
trackb_cont_LODE_20260623,,,,,,4.43,3.94,,,,,,-12.0536,pending,,2026-06-26T04:15:04+00:00
trackb_cont_LODE_20260624,,,,,,4.32,3.94,,,,,,-12.0536,pending,,2026-06-26T04:15:04+00:00
trackb_cont_LODE_20260625,,,,,,4.15,3.94,,,,,,-12.0536,pending,,2026-06-26T04:15:04+00:00
trackb_cont_LOVE_20260608,15.64,14.59,,,,17.190001,13.58,,,,,,-13.6682,pending,,2026-06-26T04:16:47+00:00
trackb_cont_LOVE_20260616,16.030001,,,,,16.66,13.58,,,,,,-13.969,pending,,2026-06-26T04:16:47+00:00
trackb_cont_LOVE_20260617,16.110001,,,,,16.66,13.58,,,,,,-13.969,pending,,2026-06-26T04:16:47+00:00
trackb_cont_LPG_20260615,40.599998,,,,,43.889999,36.689999,,,,,,-15.6358,pending,,2026-06-26T04:17:57+00:00
trackb_cont_LPG_20260616,39.919998,,,,,42.810001,36.689999,,,,,,-14.1955,pending,,2026-06-26T04:17:57+00:00
trackb_cont_LPG_20260617,36.950001,,,,,41.380001,36.689999,,,,,,-14.1955,pending,,2026-06-26T04:17:57+00:00
trackb_cont_LPG_20260618,,,,,,41.228001,36.689999,,,,,,-14.1955,pending,,2026-06-26T04:17:57+00:00
trackb_cont_LPG_20260619,,,,,,41.228001,36.689999,,,,,,-14.1955,pending,,2026-06-26T04:17:57+00:00
trackb_cont_LPLA_20260618,,,,,,307.790009,271.779999,,,,,,-10.7455,pending,,2026-06-26T04:18:33+00:00
trackb_cont_LPLA_20260619,,,,,,300.040009,271.779999,,,,,,-10.7455,pending,,2026-06-26T04:18:33+00:00
trackb_cont_LPLA_20260622,,,,,,300.040009,271.779999,,,,,,-10.7455,pending,,2026-06-26T04:18:33+00:00
trackb_cont_LPX_20260603,71.760002,75.290001,,,,83.75,69.400002,,,,,,-6.2099,pending,,2026-06-26T04:16:24+00:00
trackb_cont_LPX_20260604,74.760002,77.559998,,,,83.75,69.400002,,,,,,-6.2099,pending,,2026-06-26T04:16:24+00:00
trackb_cont_LPX_20260605,75.040001,75.739998,,,,83.75,69.400002,,,,,,-6.2099,pending,,2026-06-26T04:16:24+00:00
trackb_cont_LPX_20260608,77.230003,74.169998,,,,83.75,69.400002,,,,,,-6.2099,pending,,2026-06-26T04:16:24+00:00
trackb_cont_LPX_20260616,79.690002,,,,,83.75,73.699997,,,,,,-5.0319,pending,,2026-06-26T04:16:24+00:00
trackb_cont_LPX_20260617,81.599998,,,,,83.75,73.699997,,,,,,-5.0319,pending,,2026-06-26T04:16:24+00:00
trackb_cont_LPX_20260618,,,,,,83.75,73.699997,,,,,,-2.1118,pending,,2026-06-26T04:16:24+00:00
trackb_cont_LPX_20260619,,,,,,83.75,73.699997,,,,,,-2.1118,pending,,2026-06-26T04:16:24+00:00
trackb_cont_LPX_20260622,,,,,,83.75,73.699997,,,,,,-2.1118,pending,,2026-06-26T04:16:24+00:00
trackb_cont_LQDA_20260611,71.07,,,,,78.25,66.32,,,,,,1.6398,pending,,2026-06-26T04:17:14+00:00
trackb_cont_LQDA_20260616,75.540001,,,,,78.25,66.550003,,,,,,-6.7078,pending,,2026-06-26T04:17:14+00:00
trackb_cont_LQDA_20260617,76.919998,,,,,78.25,66.830002,,,,,,-6.3153,pending,,2026-06-26T04:17:14+00:00
trackb_cont_LQDA_20260618,,,,,,78.25,66.830002,,,,,,-2.6511,pending,,2026-06-26T04:17:14+00:00
trackb_cont_LQDA_20260619,,,,,,78.25,71.769997,,,,,,4.5448,pending,,2026-06-26T04:17:14+00:00
trackb_cont_LQDA_20260622,,,,,,78.25,71.769997,,,,,,0.9849,pending,,2026-06-26T04:17:14+00:00
trackb_cont_LQDA_20260623,,,,,,78.25,72.220001,,,,,,1.6181,pending,,2026-06-26T04:17:14+00:00
trackb_cont_LQDT_20260611,37.889999,,,,,39.549999,36.360001,,,,,,-3.8604,pending,,2026-06-26T04:17:18+00:00
trackb_cont_LQDT_20260616,38.900002,,,,,39.549999,36.360001,,,,,,-3.3236,pending,,2026-06-26T04:17:18+00:00
trackb_cont_LQDT_20260617,38.139999,,,,,39.549999,36.360001,,,,,,-3.3236,pending,,2026-06-26T04:17:18+00:00
trackb_cont_LQDT_20260618,,,,,,39.549999,36.52,,,,,,-0.0547,pending,,2026-06-26T04:17:18+00:00
trackb_cont_LQDT_20260619,,,,,,39.549999,37.25,,,,,,1.9431,pending,,2026-06-26T04:17:18+00:00
trackb_cont_LQDT_20260622,,,,,,39.549999,37.25,,,,,,1.9431,pending,,2026-06-26T04:17:18+00:00
trackb_cont_LQDT_20260623,,,,,,39.549999,37.25,,,,,,-0.7196,pending,,2026-06-26T04:17:18+00:00
trackb_cont_LQDT_20260624,,,,,,39.549999,38.049999,,,,,,1.4126,pending,,2026-06-26T04:17:18+00:00
trackb_cont_LQDT_20260625,,,,,,39.349998,38.049999,,,,,,-2.1851,pending,,2026-06-26T04:17:18+00:00
trackb_cont_LRCX_20260603,321.799988,374.179993,,,,409.75,302.73999,,,,,,-10.7475,pending,,2026-06-26T04:14:41+00:00
trackb_cont_LRCX_20260604,362.519989,389.040009,,,,409.75,302.73999,,,,,,-10.7475,pending,,2026-06-26T04:14:41+00:00
trackb_cont_LRCX_20260605,366.809998,409.540009,,,,409.75,302.73999,,,,,,-10.7475,pending,,2026-06-26T04:14:41+00:00
trackb_cont_LRCX_20260608,388.920013,371.329987,,,,409.75,306.01001,,,,,,-9.7835,pending,,2026-06-26T04:14:41+00:00
trackb_cont_LRCX_20260615,371.329987,,,,,409.75,361.410004,,,,,,-6.7594,pending,,2026-06-26T04:14:41+00:00
trackb_cont_LRCX_20260616,374.799988,,,,,409.75,361.410004,,,,,,-7.4162,pending,,2026-06-26T04:14:41+00:00
trackb_cont_LRCX_20260617,401.820007,,,,,409.75,361.410004,,,,,,-7.4162,pending,,2026-06-26T04:14:41+00:00
trackb_cont_LRCX_20260618,,,,,,409.75,361.410004,,,,,,-8.8499,pending,,2026-06-26T04:14:41+00:00
trackb_cont_LRCX_20260619,,,,,,409.75,361.410004,,,,,,-8.8499,pending,,2026-06-26T04:14:41+00:00
trackb_cont_LRCX_20260622,,,,,,409.75,361.410004,,,,,,-7.1021,pending,,2026-06-26T04:14:41+00:00
trackb_cont_LRCX_20260623,,,,,,407.98999,361.410004,,,,,,-7.1021,pending,,2026-06-26T04:14:41+00:00
trackb_cont_LRN_20260603,99.839996,84.279999,,,,103.669998,80.220001,,,,,,-18.0383,pending,,2026-06-26T04:15:07+00:00
trackb_cont_LRN_20260604,99.470001,82.800003,,,,103.669998,80.220001,,,,,,-18.0383,pending,,2026-06-26T04:15:07+00:00
trackb_cont_LRN_20260605,97.709999,82.32,,,,103.669998,80.220001,,,,,,-18.0383,pending,,2026-06-26T04:15:07+00:00
trackb_cont_LRN_20260608,83.540001,82.980003,,,,101.610001,80.220001,,,,,,-18.0383,pending,,2026-06-26T04:15:07+00:00
trackb_cont_LRN_20260609,83.360001,84.809998,,,,101.610001,80.220001,,,,,,-17.0681,pending,,2026-06-26T04:15:07+00:00
trackb_cont_LRN_20260610,84.279999,86.110001,,,,101.610001,80.220001,,,,,,-17.0681,pending,,2026-06-26T04:15:07+00:00
trackb_cont_LSTR_20260603,218.919998,208.130005,,,,228.460007,203.339996,,,,,,-5.3792,pending,,2026-06-26T04:14:53+00:00
trackb_cont_LSTR_20260604,225.199997,207.399994,,,,228.460007,203.339996,,,,,,-5.3792,pending,,2026-06-26T04:14:53+00:00
trackb_cont_LSTR_20260605,224.270004,209.020004,,,,228.460007,203.339996,,,,,,-5.3792,pending,,2026-06-26T04:14:53+00:00
trackb_cont_LSTR_20260608,219.270004,207.5,,,,228.460007,203.339996,,,,,,-5.3792,pending,,2026-06-26T04:14:53+00:00
trackb_cont_LSTR_20260610,208.130005,210.119995,,,,226.490005,203.339996,,,,,,-9.775,pending,,2026-06-26T04:14:53+00:00
trackb_cont_LSTR_20260612,209.020004,,,,,226.490005,203.339996,,,,,,-9.7069,pending,,2026-06-26T04:14:53+00:00
trackb_cont_LSTR_20260616,207.679993,,,,,219.589996,203.339996,,,,,,-7.2481,pending,,2026-06-26T04:14:53+00:00
trackb_cont_LSTR_20260617,210.119995,,,,,216.830002,203.339996,,,,,,-7.2481,pending,,2026-06-26T04:14:53+00:00
trackb_cont_LSTR_20260618,,,,,,213.259995,203.339996,,,,,,-7.2481,pending,,2026-06-26T04:14:53+00:00
trackb_cont_LSTR_20260619,,,,,,213.259995,205.490005,,,,,,-6.2674,pending,,2026-06-26T04:14:53+00:00
trackb_cont_LTH_20260615,37.830002,,,,,40.634998,34.119999,,,,,,-3.0269,pending,,2026-06-26T04:17:51+00:00
trackb_cont_LTH_20260616,38.869999,,,,,40.634998,34.299999,,,,,,-1.3943,pending,,2026-06-26T04:17:51+00:00
trackb_cont_LTH_20260617,39.860001,,,,,40.634998,34.52,,,,,,-0.7618,pending,,2026-06-26T04:17:51+00:00
trackb_cont_LTH_20260618,,,,,,40.634998,34.880001,,,,,,0.2731,pending,,2026-06-26T04:17:51+00:00
trackb_cont_LTH_20260619,,,,,,40.634998,36.259998,,,,,,4.2403,pending,,2026-06-26T04:17:51+00:00
trackb_cont_LTH_20260622,,,,,,40.634998,36.259998,,,,,,-1.7877,pending,,2026-06-26T04:17:51+00:00
trackb_cont_LTH_20260623,,,,,,40.634998,36.259998,,,,,,-1.7877,pending,,2026-06-26T04:17:51+00:00
trackb_cont_LTH_20260625,,,,,,40.634998,39.595001,,,,,,1.8652,pending,,2026-06-26T04:17:51+00:00
trackb_cont_LUMN_20260603,8.26,8.1,,,,10.7,7.59,,,,,,-24.8143,pending,,2026-06-26T04:16:06+00:00
trackb_cont_LUMN_20260604,8.49,8.2,,,,10.12,7.59,,,,,,-24.8143,pending,,2026-06-26T04:16:06+00:00
trackb_cont_LUMN_20260605,8.49,8.09,,,,9.7,7.59,,,,,,-24.8143,pending,,2026-06-26T04:16:06+00:00
trackb_cont_LUMN_20260608,8.53,7.84,,,,9.33,7.59,,,,,,-24.8143,pending,,2026-06-26T04:16:06+00:00
trackb_cont_LUV_20260603,41.400002,46.66,,,,53.09,40.82,,,,,,-1.3533,pending,,2026-06-26T04:16:25+00:00
trackb_cont_LUV_20260604,44.290001,47.970001,,,,53.09,40.830002,,,,,,-1.3291,pending,,2026-06-26T04:16:25+00:00
trackb_cont_LUV_20260605,45.470001,48.57,,,,53.09,40.830002,,,,,,-1.3291,pending,,2026-06-26T04:16:25+00:00
trackb_cont_LUV_20260608,46.080002,49.41,,,,53.09,40.830002,,,,,,-1.3291,pending,,2026-06-26T04:16:25+00:00
trackb_cont_LUV_20260611,47.970001,,,,,53.09,40.830002,,,,,,-1.3768,pending,,2026-06-26T04:16:25+00:00
trackb_cont_LUV_20260615,49.41,,,,,53.09,45.790001,,,,,,-3.8025,pending,,2026-06-26T04:16:25+00:00
trackb_cont_LUV_20260616,50.939999,,,,,53.09,46.639999,,,,,,1.2812,pending,,2026-06-26T04:16:25+00:00
trackb_cont_LUV_20260617,52.09,,,,,53.09,46.639999,,,,,,1.2812,pending,,2026-06-26T04:16:25+00:00
trackb_cont_LUV_20260618,,,,,,53.09,47.23,,,,,,2.5624,pending,,2026-06-26T04:16:25+00:00
trackb_cont_LUV_20260619,,,,,,53.09,47.23,,,,,,2.5624,pending,,2026-06-26T04:16:25+00:00
trackb_cont_LW_20260611,45.060001,,,,,46.5,43.305,,,,,,-1.8695,pending,,2026-06-26T04:17:23+00:00
trackb_cont_LW_20260612,43.68,,,,,46.5,43.305,,,,,,-3.98,pending,,2026-06-26T04:17:23+00:00
trackb_cont_LW_20260616,45.700001,,,,,46.5,43.305,,,,,,-5.5404,pending,,2026-06-26T04:17:23+00:00
trackb_cont_LW_20260617,44.68,,,,,46.5,43.305,,,,,,-5.5404,pending,,2026-06-26T04:17:23+00:00
trackb_cont_LW_20260618,,,,,,46.5,43.305,,,,,,-5.5404,pending,,2026-06-26T04:17:23+00:00
trackb_cont_LW_20260619,,,,,,46.5,43.305,,,,,,-5.5404,pending,,2026-06-26T04:17:23+00:00
trackb_cont_LW_20260625,,,,,,46.5,44.369999,,,,,,-2.9103,pending,,2026-06-26T04:17:23+00:00
trackb_cont_LXP_20260611,53.18,,,,,54.709999,52.02,,,,,,-1.3839,pending,,2026-06-26T04:17:23+00:00
trackb_cont_LXP_20260616,53.799999,,,,,54.709999,52.02,,,,,,-3.3804,pending,,2026-06-26T04:17:23+00:00
trackb_cont_LXP_20260617,54.380001,,,,,54.68,52.02,,,,,,-3.3804,pending,,2026-06-26T04:17:23+00:00
trackb_cont_LXP_20260618,,,,,,54.68,52.369999,,,,,,-0.0763,pending,,2026-06-26T04:17:23+00:00
trackb_cont_LXP_20260619,,,,,,54.68,53.27,,,,,,1.6409,pending,,2026-06-26T04:17:23+00:00
trackb_cont_LXP_20260622,,,,,,54.68,53.27,,,,,,1.6409,pending,,2026-06-26T04:17:23+00:00
trackb_cont_LYV_20260615,168.600006,,,,,176.300003,166.149994,,,,,,-4.3548,pending,,2026-06-26T04:17:50+00:00
trackb_cont_LYV_20260616,171.470001,,,,,176.300003,166.149994,,,,,,-4.6321,pending,,2026-06-26T04:17:50+00:00
trackb_cont_LYV_20260617,175.110001,,,,,176.300003,166.149994,,,,,,-4.6321,pending,,2026-06-26T04:17:50+00:00
trackb_cont_LYV_20260618,,,,,,176.300003,166.149994,,,,,,-4.6321,pending,,2026-06-26T04:17:50+00:00
trackb_cont_LYV_20260619,,,,,,176.300003,166.149994,,,,,,-4.6321,pending,,2026-06-26T04:17:50+00:00
trackb_cont_LYV_20260623,,,,,,176.300003,166.149994,,,,,,-2.5856,pending,,2026-06-26T04:17:50+00:00
trackb_cont_LYV_20260624,,,,,,176.300003,166.149994,,,,,,-2.5856,pending,,2026-06-26T04:17:50+00:00
trackb_cont_LYV_20260625,,,,,,176.300003,171.270004,,,,,,0.4163,pending,,2026-06-26T04:17:50+00:00
trackb_cont_LZB_20260611,39.66,,,,,44.900002,35.060001,,,,,,-6.1563,pending,,2026-06-26T04:17:23+00:00
trackb_cont_LZB_20260615,40.299999,,,,,44.900002,35.060001,,,,,,-10.1947,pending,,2026-06-26T04:17:23+00:00
trackb_cont_LZB_20260616,41.849998,,,,,44.900002,35.060001,,,,,,-7.5946,pending,,2026-06-26T04:17:23+00:00
trackb_cont_LZB_20260617,40.799999,,,,,44.900002,39.32,,,,,,3.6332,pending,,2026-06-26T04:17:23+00:00
trackb_cont_L_20260616,111.919998,,,,,113.160004,106.580002,,,,,,-1.8826,pending,,2026-06-26T04:18:16+00:00
trackb_cont_L_20260617,110.900002,,,,,113.160004,106.580002,,,,,,-1.8826,pending,,2026-06-26T04:18:16+00:00
trackb_cont_L_20260618,,,,,,113.160004,106.580002,,,,,,-1.8826,pending,,2026-06-26T04:18:16+00:00
trackb_cont_L_20260619,,,,,,113.160004,107.019997,,,,,,-1.4776,pending,,2026-06-26T04:18:16+00:00
trackb_cont_MAA_20260608,137.330002,133.889999,,,,140.75,130.940002,,,,,,-4.7986,pending,,2026-06-26T04:16:42+00:00
trackb_cont_MAA_20260612,132.130005,,,,,140.580002,130.940002,,,,,,-5.1846,pending,,2026-06-26T04:16:42+00:00
trackb_cont_MAA_20260615,133.889999,,,,,140.580002,130.940002,,,,,,-5.6628,pending,,2026-06-26T04:16:42+00:00
trackb_cont_MAA_20260616,134.419998,,,,,138.389999,130.940002,,,,,,-5.2738,pending,,2026-06-26T04:16:42+00:00
trackb_cont_MAA_20260617,138.080002,,,,,138.389999,130.940002,,,,,,-5.2738,pending,,2026-06-26T04:16:42+00:00
trackb_cont_MAA_20260618,,,,,,138.389999,130.940002,,,,,,-5.2738,pending,,2026-06-26T04:16:42+00:00
trackb_cont_MAA_20260619,,,,,,138.389999,130.940002,,,,,,-5.2738,pending,,2026-06-26T04:16:42+00:00
trackb_cont_MAC_20260608,25.09,24.389999,,,,25.799999,22.860001,,,,,,-3.3812,pending,,2026-06-26T04:16:41+00:00
trackb_cont_MAC_20260612,24.040001,,,,,25.799999,22.860001,,,,,,-8.5966,pending,,2026-06-26T04:16:41+00:00
trackb_cont_MAC_20260616,25.41,,,,,25.799999,22.860001,,,,,,-8.9968,pending,,2026-06-26T04:16:41+00:00
trackb_cont_MAC_20260617,25.48,,,,,25.799999,22.860001,,,,,,-8.9968,pending,,2026-06-26T04:16:41+00:00
trackb_cont_MAGN_20260616,12.5,,,,,12.89,11.7,,,,,,-8.4507,pending,,2026-06-26T04:18:07+00:00
trackb_cont_MAGN_20260617,12.42,,,,,12.89,11.7,,,,,,-8.4507,pending,,2026-06-26T04:18:07+00:00
trackb_cont_MAGN_20260618,,,,,,12.89,11.88,,,,,,-7.0423,pending,,2026-06-26T04:18:07+00:00
trackb_cont_MAGN_20260619,,,,,,12.89,11.98,,,,,,-6.2598,pending,,2026-06-26T04:18:07+00:00
trackb_cont_MAN_20260603,33.07,34.290001,,,,36.150002,30.049999,,,,,,-1.346,pending,,2026-06-26T04:15:56+00:00
trackb_cont_MAN_20260604,34.0,33.549999,,,,36.150002,31.049999,,,,,,1.937,pending,,2026-06-26T04:15:56+00:00
trackb_cont_MAN_20260605,34.0,31.33,,,,36.150002,31.08,,,,,,2.0355,pending,,2026-06-26T04:15:56+00:00
trackb_cont_MAN_20260608,33.349998,32.259998,,,,36.150002,31.08,,,,,,2.0355,pending,,2026-06-26T04:15:56+00:00
trackb_cont_MAN_20260610,34.290001,33.810001,,,,36.150002,31.08,,,,,,-4.1628,pending,,2026-06-26T04:15:56+00:00
trackb_cont_MAN_20260612,31.33,,,,,36.150002,31.08,,,,,,-8.5882,pending,,2026-06-26T04:15:56+00:00
trackb_cont_MAN_20260615,32.259998,,,,,36.150002,31.08,,,,,,-7.5688,pending,,2026-06-26T04:15:56+00:00
trackb_cont_MAN_20260616,32.59,,,,,36.150002,31.08,,,,,,-8.3456,pending,,2026-06-26T04:15:56+00:00
trackb_cont_MAN_20260617,33.810001,,,,,36.150002,31.08,,,,,,-8.3456,pending,,2026-06-26T04:15:56+00:00
trackb_cont_MAN_20260618,,,,,,34.349998,31.08,,,,,,-9.2555,pending,,2026-06-26T04:15:56+00:00
trackb_cont_MAN_20260619,,,,,,34.139999,31.08,,,,,,-9.2555,pending,,2026-06-26T04:15:56+00:00
trackb_cont_MAN_20260622,,,,,,34.139999,31.08,,,,,,-9.2555,pending,,2026-06-26T04:15:56+00:00
trackb_cont_MAN_20260623,,,,,,34.139999,31.379999,,,,,,0.1596,pending,,2026-06-26T04:15:56+00:00
trackb_cont_MAN_20260624,,,,,,34.139999,32.07,,,,,,2.362,pending,,2026-06-26T04:15:56+00:00
trackb_cont_MAN_20260625,,,,,,34.139999,32.560001,,,,,,3.926,pending,,2026-06-26T04:15:56+00:00
trackb_cont_MARA_20260603,12.62,13.92,,,,16.43,11.84,,,,,,-15.7895,pending,,2026-06-26T04:16:22+00:00
trackb_cont_MARA_20260604,13.61,14.22,,,,16.43,11.84,,,,,,-15.7895,pending,,2026-06-26T04:16:22+00:00
trackb_cont_MARA_20260605,14.08,14.85,,,,16.43,11.84,,,,,,-15.7895,pending,,2026-06-26T04:16:22+00:00
trackb_cont_MAR_20260608,400.630005,386.829987,,,,410.980011,377.920013,,,,,,-3.7171,pending,,2026-06-26T04:16:43+00:00
trackb_cont_MAR_20260616,383.559998,,,,,404.070007,377.920013,,,,,,-5.9011,pending,,2026-06-26T04:16:43+00:00
trackb_cont_MAR_20260617,378.910004,,,,,404.070007,377.920013,,,,,,-5.9011,pending,,2026-06-26T04:16:43+00:00
trackb_cont_MAR_20260618,,,,,,403.26001,377.920013,,,,,,-5.9011,pending,,2026-06-26T04:16:43+00:00
trackb_cont_MAR_20260619,,,,,,395.019989,377.920013,,,,,,-5.9011,pending,,2026-06-26T04:16:43+00:00
trackb_cont_MASI_20260603,179.949997,,,,,179.990005,178.630005,,,,,,-0.0364,pending,,2026-06-26T04:16:23+00:00
trackb_cont_MASI_20260604,179.949997,,,,,179.990005,178.720001,,,,,,0.014,pending,,2026-06-26T04:16:23+00:00
trackb_cont_MASI_20260605,179.949997,,,,,179.990005,178.800003,,,,,,0.0588,pending,,2026-06-26T04:16:23+00:00
trackb_cont_MASI_20260608,,,,,,179.990005,179.899994,,,,,,0.6743,pending,,2026-06-26T04:16:23+00:00
trackb_cont_MASI_20260609,,,,,,179.990005,179.949997,,,,,,0.0056,pending,,2026-06-26T04:16:23+00:00
trackb_cont_MASI_20260610,,,,,,179.949997,179.949997,,,,,,0.0056,pending,,2026-06-26T04:16:23+00:00
trackb_cont_MASI_20260612,,,,,,179.949997,179.949997,,,,,,-0.0,pending,,2026-06-26T04:16:23+00:00
trackb_cont_MASI_20260616,,,,,,,,,,,,,,pending,,2026-06-26T04:16:23+00:00
trackb_cont_MASI_20260617,,,,,,,,,,,,,,pending,,2026-06-26T04:16:23+00:00
trackb_cont_MAS_20260616,78.050003,,,,,80.800003,72.32,,,,,,-3.9384,pending,,2026-06-26T04:18:08+00:00
trackb_cont_MAS_20260617,79.720001,,,,,80.800003,72.32,,,,,,-3.9384,pending,,2026-06-26T04:18:08+00:00
trackb_cont_MAS_20260618,,,,,,80.800003,73.18,,,,,,-1.2149,pending,,2026-06-26T04:18:08+00:00
trackb_cont_MAS_20260619,,,,,,80.800003,73.18,,,,,,-1.2149,pending,,2026-06-26T04:18:08+00:00
trackb_cont_MAS_20260622,,,,,,80.800003,73.18,,,,,,-1.2149,pending,,2026-06-26T04:18:08+00:00
trackb_cont_MAS_20260623,,,,,,80.800003,73.18,,,,,,-1.2149,pending,,2026-06-26T04:18:08+00:00
trackb_cont_MATX_20260603,193.429993,193.570007,,,,203.080002,183.610001,,,,,,-1.9177,pending,,2026-06-26T04:15:17+00:00
trackb_cont_MATX_20260604,198.979996,191.240005,,,,203.080002,183.610001,,,,,,-1.9177,pending,,2026-06-26T04:15:17+00:00
trackb_cont_MATX_20260605,201.940002,196.830002,,,,203.080002,183.610001,,,,,,-1.9177,pending,,2026-06-26T04:15:17+00:00
trackb_cont_MATX_20260608,195.179993,195.759995,,,,203.080002,186.050003,,,,,,-0.6143,pending,,2026-06-26T04:15:17+00:00
trackb_cont_MATX_20260611,191.240005,,,,,203.080002,189.710007,,,,,,-1.9232,pending,,2026-06-26T04:15:17+00:00
trackb_cont_MATX_20260615,195.759995,,,,,202.100006,189.710007,,,,,,-5.1806,pending,,2026-06-26T04:15:17+00:00
trackb_cont_MATX_20260616,195.589996,,,,,200.279999,189.710007,,,,,,-3.6271,pending,,2026-06-26T04:15:17+00:00
trackb_cont_MATX_20260617,196.369995,,,,,198.990005,189.710007,,,,,,-3.6271,pending,,2026-06-26T04:15:17+00:00
trackb_cont_MATX_20260618,,,,,,198.990005,189.710007,,,,,,-3.6271,pending,,2026-06-26T04:15:17+00:00
trackb_cont_MATX_20260619,,,,,,198.990005,193.740005,,,,,,-1.5799,pending,,2026-06-26T04:15:17+00:00
trackb_cont_MBC_20260616,9.34,,,,,9.88,8.355,,,,,,-8.7882,pending,,2026-06-26T04:16:49+00:00
trackb_cont_MBC_20260617,9.61,,,,,9.88,8.355,,,,,,-8.7882,pending,,2026-06-26T04:16:49+00:00
trackb_cont_MBC_20260618,,,,,,9.88,8.355,,,,,,-3.0743,pending,,2026-06-26T04:16:49+00:00
trackb_cont_MBC_20260619,,,,,,9.88,8.355,,,,,,-3.0743,pending,,2026-06-26T04:16:49+00:00
trackb_cont_MBC_20260622,,,,,,9.88,8.355,,,,,,-3.0743,pending,,2026-06-26T04:16:49+00:00
trackb_cont_MBI_20260612,6.0,,,,,6.59,5.81,,,,,,-5.9871,pending,,2026-06-26T04:17:34+00:00
trackb_cont_MBI_20260616,6.25,,,,,6.59,5.81,,,,,,-5.9871,pending,,2026-06-26T04:17:34+00:00
trackb_cont_MBI_20260617,6.14,,,,,6.59,5.81,,,,,,-5.9871,pending,,2026-06-26T04:17:34+00:00
trackb_cont_MBI_20260618,,,,,,6.59,5.81,,,,,,-4.91,pending,,2026-06-26T04:17:34+00:00
trackb_cont_MBI_20260619,,,,,,6.59,5.81,,,,,,-4.91,pending,,2026-06-26T04:17:34+00:00
trackb_cont_MBI_20260625,,,,,,6.28,6.12,,,,,,-2.08,pending,,2026-06-26T04:17:34+00:00
trackb_cont_MCHP_20260623,,,,,,98.379997,89.779999,,,,,,-12.5888,pending,,2026-06-26T04:18:50+00:00
trackb_cont_MCHP_20260624,,,,,,97.230003,89.779999,,,,,,-12.5888,pending,,2026-06-26T04:18:50+00:00
trackb_cont_MCHP_20260625,,,,,,97.230003,91.839996,,,,,,-10.5832,pending,,2026-06-26T04:18:50+00:00
trackb_cont_MCRI_20260608,128.539993,128.800003,,,,134.309998,121.559998,,,,,,-0.9291,pending,,2026-06-26T04:16:42+00:00
trackb_cont_MCRI_20260609,127.82,130.110001,,,,134.309998,123.019997,,,,,,0.3017,pending,,2026-06-26T04:16:42+00:00
trackb_cont_MCRI_20260610,127.760002,130.639999,,,,134.309998,124.879997,,,,,,1.8182,pending,,2026-06-26T04:16:42+00:00
trackb_cont_MCRI_20260611,130.660004,,,,,134.309998,125.5,,,,,,-1.352,pending,,2026-06-26T04:16:42+00:00
trackb_cont_MCRI_20260612,129.460007,,,,,134.309998,125.5,,,,,,-1.6843,pending,,2026-06-26T04:16:42+00:00
trackb_cont_MCRI_20260615,128.800003,,,,,134.309998,125.5,,,,,,-2.3384,pending,,2026-06-26T04:16:42+00:00
trackb_cont_MCRI_20260616,130.110001,,,,,134.309998,125.5,,,,,,-1.6997,pending,,2026-06-26T04:16:42+00:00
trackb_cont_MCRI_20260617,130.639999,,,,,134.309998,125.5,,,,,,-1.6997,pending,,2026-06-26T04:16:42+00:00
trackb_cont_MCRI_20260618,,,,,,134.309998,127.75,,,,,,0.0627,pending,,2026-06-26T04:16:42+00:00
trackb_cont_MCRI_20260619,,,,,,134.309998,127.75,,,,,,0.0627,pending,,2026-06-26T04:16:42+00:00
trackb_cont_MCRI_20260622,,,,,,134.309998,127.75,,,,,,-2.2272,pending,,2026-06-26T04:16:42+00:00
trackb_cont_MCRI_20260623,,,,,,132.559998,127.75,,,,,,-1.3209,pending,,2026-06-26T04:16:42+00:00
trackb_cont_MCRI_20260624,,,,,,132.559998,128.410004,,,,,,-0.8111,pending,,2026-06-26T04:16:42+00:00
trackb_cont_MCRI_20260625,,,,,,132.559998,128.449997,,,,,,-0.7802,pending,,2026-06-26T04:16:42+00:00
trackb_cont_MCY_20260610,101.400002,104.120003,,,,107.949997,98.230003,,,,,,-2.7811,pending,,2026-06-26T04:17:10+00:00
trackb_cont_MCY_20260623,,,,,,107.949997,103.32,,,,,,0.1648,pending,,2026-06-26T04:17:10+00:00
trackb_cont_MCY_20260624,,,,,,107.949997,103.910004,,,,,,0.7368,pending,,2026-06-26T04:17:10+00:00
trackb_cont_MCY_20260625,,,,,,107.809998,103.910004,,,,,,-2.8788,pending,,2026-06-26T04:17:10+00:00
trackb_cont_MDB_20260603,348.279999,334.690002,,,,392.48999,290.570007,,,,,,-21.9045,pending,,2026-06-26T04:15:13+00:00
trackb_cont_MDB_20260604,354.410004,332.75,,,,390.0,290.570007,,,,,,-21.9045,pending,,2026-06-26T04:15:13+00:00
trackb_cont_MDB_20260605,342.799988,319.160004,,,,381.0,290.570007,,,,,,-21.9045,pending,,2026-06-26T04:15:13+00:00
trackb_cont_MDB_20260608,354.179993,320.970001,,,,364.26001,290.570007,,,,,,-21.9045,pending,,2026-06-26T04:15:13+00:00
trackb_cont_MEC_20260603,33.84,33.509998,,,,36.5,30.059999,,,,,,-7.1362,pending,,2026-06-26T04:14:44+00:00
trackb_cont_MEC_20260604,35.240002,35.68,,,,36.5,30.059999,,,,,,-7.1362,pending,,2026-06-26T04:14:44+00:00
trackb_cont_MEC_20260605,35.48,34.709999,,,,36.5,31.34,,,,,,-3.182,pending,,2026-06-26T04:14:44+00:00
trackb_cont_MEC_20260608,34.740002,34.16,,,,36.5,32.759998,,,,,,1.2048,pending,,2026-06-26T04:14:44+00:00
trackb_cont_MEC_20260609,35.119999,34.389999,,,,36.5,32.799999,,,,,,-2.381,pending,,2026-06-26T04:14:44+00:00
trackb_cont_MEC_20260612,34.709999,,,,,36.5,33.063999,,,,,,-6.1748,pending,,2026-06-26T04:14:44+00:00
trackb_cont_MEC_20260615,34.16,,,,,36.0,33.063999,,,,,,-6.8226,pending,,2026-06-26T04:14:44+00:00
trackb_cont_MEC_20260616,34.389999,,,,,35.990002,33.063999,,,,,,-2.9955,pending,,2026-06-26T04:14:44+00:00
trackb_cont_MEC_20260617,35.290001,,,,,35.990002,33.063999,,,,,,-2.9955,pending,,2026-06-26T04:14:44+00:00
trackb_cont_MEC_20260618,,,,,,35.990002,33.450001,,,,,,-0.179,pending,,2026-06-26T04:14:44+00:00
trackb_cont_MEC_20260619,,,,,,35.990002,33.490002,,,,,,-0.0597,pending,,2026-06-26T04:14:44+00:00
trackb_cont_MEC_20260622,,,,,,35.990002,33.490002,,,,,,-6.1379,pending,,2026-06-26T04:14:44+00:00
trackb_cont_MEC_20260623,,,,,,35.470001,33.490002,,,,,,-6.1379,pending,,2026-06-26T04:14:44+00:00
trackb_cont_MEDP_20260608,467.5,473.480011,,,,533.090027,445.005005,,,,,,-2.0352,pending,,2026-06-26T04:16:28+00:00
trackb_cont_MEDP_20260612,455.660004,,,,,533.090027,445.005005,,,,,,-6.3285,pending,,2026-06-26T04:16:28+00:00
trackb_cont_MEDP_20260615,473.480011,,,,,533.090027,445.005005,,,,,,-5.497,pending,,2026-06-26T04:16:28+00:00
trackb_cont_MEDP_20260616,512.789978,,,,,533.090027,445.005005,,,,,,-4.2568,pending,,2026-06-26T04:16:28+00:00
trackb_cont_MEDP_20260617,519.960022,,,,,533.090027,445.005005,,,,,,-4.2568,pending,,2026-06-26T04:16:28+00:00
trackb_cont_MEDP_20260618,,,,,,533.090027,445.005005,,,,,,-2.6439,pending,,2026-06-26T04:16:28+00:00
trackb_cont_MEDP_20260619,,,,,,533.090027,445.005005,,,,,,-2.6439,pending,,2026-06-26T04:16:28+00:00
trackb_cont_MEDP_20260622,,,,,,533.090027,445.005005,,,,,,-3.3018,pending,,2026-06-26T04:16:28+00:00
trackb_cont_MEDP_20260623,,,,,,533.090027,450.970001,,,,,,-1.0293,pending,,2026-06-26T04:16:28+00:00
trackb_cont_MEDP_20260624,,,,,,533.090027,479.0,,,,,,5.1222,pending,,2026-06-26T04:16:28+00:00
trackb_cont_MEDP_20260625,,,,,,533.090027,512.549988,,,,,,12.4852,pending,,2026-06-26T04:16:28+00:00
trackb_cont_METC_20260603,14.28,14.53,,,,17.52,12.22,,,,,,-27.4562,pending,,2026-06-26T04:15:24+00:00
trackb_cont_METC_20260604,14.87,13.99,,,,17.52,12.22,,,,,,-27.4562,pending,,2026-06-26T04:15:24+00:00
trackb_cont_METC_20260605,15.26,13.41,,,,16.84,12.22,,,,,,-27.4562,pending,,2026-06-26T04:15:24+00:00
trackb_cont_METC_20260608,14.67,12.83,,,,15.8,12.22,,,,,,-21.9169,pending,,2026-06-26T04:15:24+00:00
trackb_cont_MET_20260603,86.129997,85.849998,,,,89.620003,80.510002,,,,,,-0.654,pending,,2026-06-26T04:16:24+00:00
trackb_cont_MET_20260604,87.580002,85.580002,,,,89.620003,81.849998,,,,,,0.9995,pending,,2026-06-26T04:16:24+00:00
trackb_cont_MET_20260605,88.839996,87.559998,,,,89.620003,83.220001,,,,,,2.69,pending,,2026-06-26T04:16:24+00:00
trackb_cont_MET_20260608,87.660004,88.029999,,,,89.620003,84.019997,,,,,,-0.5563,pending,,2026-06-26T04:16:24+00:00
trackb_cont_MET_20260615,88.029999,,,,,89.620003,84.18,,,,,,-5.8073,pending,,2026-06-26T04:16:24+00:00
trackb_cont_MET_20260616,84.599998,,,,,88.839996,84.18,,,,,,-5.0851,pending,,2026-06-26T04:16:24+00:00
trackb_cont_MET_20260617,84.629997,,,,,88.339996,84.18,,,,,,-5.0851,pending,,2026-06-26T04:16:24+00:00
trackb_cont_MET_20260618,,,,,,88.339996,84.18,,,,,,-5.0851,pending,,2026-06-26T04:16:24+00:00
trackb_cont_MET_20260619,,,,,,88.339996,84.18,,,,,,-5.0851,pending,,2026-06-26T04:16:24+00:00
trackb_cont_MET_20260625,,,,,,86.93,84.43,,,,,,-0.2009,pending,,2026-06-26T04:16:24+00:00
trackb_cont_MGM_20260603,46.91,46.939999,,,,49.810001,46.139999,,,,,,-3.4526,pending,,2026-06-26T04:15:54+00:00
trackb_cont_MGM_20260604,47.220001,46.84,,,,49.810001,46.139999,,,,,,-3.4526,pending,,2026-06-26T04:15:54+00:00
trackb_cont_MGM_20260605,48.970001,46.57,,,,49.810001,46.139999,,,,,,-3.4526,pending,,2026-06-26T04:15:54+00:00
trackb_cont_MGM_20260608,48.619999,46.919998,,,,49.810001,46.139999,,,,,,-2.8836,pending,,2026-06-26T04:15:54+00:00
trackb_cont_MGM_20260609,47.98,47.09,,,,49.810001,46.139999,,,,,,-2.3699,pending,,2026-06-26T04:15:54+00:00
trackb_cont_MGM_20260616,47.09,,,,,49.450001,46.139999,,,,,,-5.9231,pending,,2026-06-26T04:15:54+00:00
trackb_cont_MGM_20260617,47.200001,,,,,48.299999,46.139999,,,,,,-5.9231,pending,,2026-06-26T04:15:54+00:00
trackb_cont_MGM_20260618,,,,,,48.23,46.139999,,,,,,-5.9231,pending,,2026-06-26T04:15:54+00:00
trackb_cont_MGM_20260619,,,,,,48.23,46.139999,,,,,,-5.9231,pending,,2026-06-26T04:15:54+00:00
trackb_cont_MGNI_20260603,15.67,18.24,,,,19.280001,14.0,,,,,,-0.6388,pending,,2026-06-26T04:16:00+00:00
trackb_cont_MGNI_20260604,16.200001,17.889999,,,,19.280001,14.28,,,,,,1.3485,pending,,2026-06-26T04:16:00+00:00
trackb_cont_MGNI_20260605,16.25,17.450001,,,,19.280001,14.28,,,,,,1.3485,pending,,2026-06-26T04:16:00+00:00
trackb_cont_MGNI_20260608,16.75,18.0,,,,19.280001,14.28,,,,,,-2.7248,pending,,2026-06-26T04:16:00+00:00
trackb_cont_MGNI_20260610,18.24,17.32,,,,19.280001,15.2,,,,,,3.8961,pending,,2026-06-26T04:16:00+00:00
trackb_cont_MGNI_20260615,18.0,,,,,19.280001,15.94,,,,,,-2.4181,pending,,2026-06-26T04:16:00+00:00
trackb_cont_MGNI_20260616,18.290001,,,,,19.280001,16.6,,,,,,-1.3373,pending,,2026-06-26T04:16:00+00:00
trackb_cont_MGNI_20260617,17.32,,,,,19.280001,17.280001,,,,,,2.7043,pending,,2026-06-26T04:16:00+00:00
trackb_cont_MGNI_20260618,,,,,,18.459999,17.280001,,,,,,2.7043,pending,,2026-06-26T04:16:00+00:00
trackb_cont_MGNI_20260619,,,,,,18.459999,17.280001,,,,,,2.7043,pending,,2026-06-26T04:16:00+00:00
trackb_cont_MGNI_20260623,,,,,,18.459999,17.280001,,,,,,-0.9742,pending,,2026-06-26T04:16:00+00:00
trackb_cont_MGNI_20260624,,,,,,18.459999,17.280001,,,,,,-0.9742,pending,,2026-06-26T04:16:00+00:00
trackb_cont_MGNI_20260625,,,,,,18.34,17.280001,,,,,,-0.9742,pending,,2026-06-26T04:16:00+00:00
trackb_cont_MGRC_20260618,,,,,,125.150002,114.629997,,,,,,0.7648,pending,,2026-06-26T04:18:36+00:00
trackb_cont_MGRC_20260619,,,,,,125.150002,116.43,,,,,,2.347,pending,,2026-06-26T04:18:36+00:00
trackb_cont_MGRC_20260622,,,,,,125.150002,116.43,,,,,,2.347,pending,,2026-06-26T04:18:36+00:00
trackb_cont_MGRC_20260625,,,,,,125.150002,121.730003,,,,,,-0.0493,pending,,2026-06-26T04:18:36+00:00
trackb_cont_MG_20260612,18.74,,,,,19.639999,18.16,,,,,,-2.5228,pending,,2026-06-26T04:17:34+00:00
trackb_cont_MG_20260615,19.07,,,,,19.639999,18.16,,,,,,-3.4561,pending,,2026-06-26T04:17:34+00:00
trackb_cont_MG_20260616,18.860001,,,,,19.639999,18.16,,,,,,-2.9396,pending,,2026-06-26T04:17:34+00:00
trackb_cont_MG_20260617,18.780001,,,,,19.639999,18.16,,,,,,-2.9396,pending,,2026-06-26T04:17:34+00:00
trackb_cont_MG_20260618,,,,,,19.639999,18.24,,,,,,-2.512,pending,,2026-06-26T04:17:34+00:00
trackb_cont_MG_20260619,,,,,,19.639999,18.42,,,,,,-1.55,pending,,2026-06-26T04:17:34+00:00
trackb_cont_MG_20260625,,,,,,19.639999,18.709999,,,,,,-0.7953,pending,,2026-06-26T04:17:34+00:00
trackb_cont_MHK_20260603,101.75,108.040001,,,,123.019997,101.269997,,,,,,-3.1326,pending,,2026-06-26T04:15:49+00:00
trackb_cont_MHK_20260604,109.349998,112.300003,,,,123.019997,101.269997,,,,,,-3.1326,pending,,2026-06-26T04:15:49+00:00
trackb_cont_MHK_20260605,107.639999,109.949997,,,,123.019997,101.269997,,,,,,-3.1326,pending,,2026-06-26T04:15:49+00:00
trackb_cont_MHK_20260608,111.43,108.660004,,,,123.019997,101.269997,,,,,,-3.1326,pending,,2026-06-26T04:15:49+00:00
trackb_cont_MHK_20260616,119.089996,,,,,123.019997,107.050003,,,,,,-5.5996,pending,,2026-06-26T04:15:49+00:00
trackb_cont_MHK_20260617,121.0,,,,,123.019997,107.050003,,,,,,-5.5996,pending,,2026-06-26T04:15:49+00:00
trackb_cont_MHK_20260618,,,,,,123.019997,108.459999,,,,,,0.3887,pending,,2026-06-26T04:15:49+00:00
trackb_cont_MHK_20260619,,,,,,123.019997,108.459999,,,,,,0.3887,pending,,2026-06-26T04:15:49+00:00
trackb_cont_MHO_20260603,137.399994,142.779999,,,,163.660004,135.479996,,,,,,-0.4336,pending,,2026-06-26T04:15:32+00:00
trackb_cont_MHO_20260604,141.949997,149.089996,,,,163.660004,135.479996,,,,,,-0.4336,pending,,2026-06-26T04:15:32+00:00
trackb_cont_MHO_20260605,141.330002,149.089996,,,,163.660004,135.479996,,,,,,-0.4336,pending,,2026-06-26T04:15:32+00:00
trackb_cont_MHO_20260608,141.289993,148.649994,,,,163.660004,135.479996,,,,,,-1.3471,pending,,2026-06-26T04:15:32+00:00
trackb_cont_MHO_20260615,148.649994,,,,,163.660004,140.320007,,,,,,-2.8591,pending,,2026-06-26T04:15:32+00:00
trackb_cont_MHO_20260616,158.830002,,,,,163.660004,141.940002,,,,,,-0.295,pending,,2026-06-26T04:15:32+00:00
trackb_cont_MHO_20260617,159.190002,,,,,163.660004,141.940002,,,,,,-0.295,pending,,2026-06-26T04:15:32+00:00
trackb_cont_MHO_20260618,,,,,,163.660004,143.320007,,,,,,0.3782,pending,,2026-06-26T04:15:32+00:00
trackb_cont_MHO_20260619,,,,,,163.660004,148.050003,,,,,,3.691,pending,,2026-06-26T04:15:32+00:00
trackb_cont_MHO_20260622,,,,,,163.660004,148.050003,,,,,,-0.6976,pending,,2026-06-26T04:15:32+00:00
trackb_cont_MHO_20260623,,,,,,163.660004,148.050003,,,,,,-0.6976,pending,,2026-06-26T04:15:32+00:00
trackb_cont_MHO_20260624,,,,,,163.660004,149.440002,,,,,,0.2348,pending,,2026-06-26T04:15:32+00:00
trackb_cont_MHO_20260625,,,,,,163.660004,157.860001,,,,,,5.8824,pending,,2026-06-26T04:15:32+00:00
trackb_cont_MH_20260612,9.17,,,,,12.395,8.945,,,,,,-27.6295,pending,,2026-06-26T04:16:33+00:00
trackb_cont_MKSI_20260603,316.070007,371.26001,,,,421.579987,298.0,,,,,,-11.7769,pending,,2026-06-26T04:15:29+00:00
trackb_cont_MKSI_20260604,345.320007,406.369995,,,,421.579987,298.0,,,,,,-11.7769,pending,,2026-06-26T04:15:29+00:00
trackb_cont_MKSI_20260605,355.690002,420.559998,,,,421.579987,298.0,,,,,,-11.7769,pending,,2026-06-26T04:15:29+00:00
trackb_cont_MKSI_20260608,375.320007,389.170013,,,,421.579987,298.0,,,,,,-1.21,pending,,2026-06-26T04:15:29+00:00
trackb_cont_MKSI_20260616,381.619995,,,,,421.579987,365.359985,,,,,,-2.0889,pending,,2026-06-26T04:15:29+00:00
trackb_cont_MKSI_20260617,410.309998,,,,,421.579987,369.850006,,,,,,-0.8857,pending,,2026-06-26T04:15:29+00:00
trackb_cont_MKSI_20260618,,,,,,421.579987,376.829987,,,,,,1.5003,pending,,2026-06-26T04:15:29+00:00
trackb_cont_MKSI_20260619,,,,,,421.579987,376.829987,,,,,,1.5003,pending,,2026-06-26T04:15:29+00:00
trackb_cont_MKSI_20260622,,,,,,421.579987,376.829987,,,,,,1.5003,pending,,2026-06-26T04:15:29+00:00
trackb_cont_MKSI_20260625,,,,,,414.640015,383.380005,,,,,,0.4612,pending,,2026-06-26T04:15:29+00:00
trackb_cont_MLAB_20260603,107.220001,94.949997,,,,113.989998,87.220001,,,,,,-14.5488,pending,,2026-06-26T04:15:36+00:00
trackb_cont_MLAB_20260604,107.349998,95.099998,,,,113.989998,87.220001,,,,,,-14.5488,pending,,2026-06-26T04:15:36+00:00
trackb_cont_MLAB_20260605,105.480003,93.230003,,,,113.989998,87.220001,,,,,,-14.5488,pending,,2026-06-26T04:15:36+00:00
trackb_cont_MLAB_20260608,104.080002,91.970001,,,,113.989998,87.220001,,,,,,-16.0458,pending,,2026-06-26T04:15:36+00:00
trackb_cont_MLAB_20260609,99.68,94.449997,,,,113.989998,87.220001,,,,,,-19.5833,pending,,2026-06-26T04:15:37+00:00
trackb_cont_MLAB_20260611,95.099998,,,,,110.139999,87.220001,,,,,,-18.6532,pending,,2026-06-26T04:15:37+00:00
trackb_cont_MLAB_20260612,93.230003,,,,,110.139999,87.220001,,,,,,-18.7517,pending,,2026-06-26T04:15:37+00:00
trackb_cont_MLAB_20260616,94.449997,,,,,106.489998,87.220001,,,,,,-15.6235,pending,,2026-06-26T04:15:37+00:00
trackb_cont_MLAB_20260617,98.150002,,,,,101.279999,87.220001,,,,,,-15.6235,pending,,2026-06-26T04:15:37+00:00
trackb_cont_MLI_20260618,,,,,,140.960007,132.460007,,,,,,-5.2775,pending,,2026-06-26T04:18:36+00:00
trackb_cont_MLI_20260619,,,,,,139.509995,132.460007,,,,,,-5.2775,pending,,2026-06-26T04:18:36+00:00
trackb_cont_MLI_20260622,,,,,,139.509995,132.460007,,,,,,-5.2775,pending,,2026-06-26T04:18:36+00:00
trackb_cont_MLI_20260623,,,,,,137.830002,132.460007,,,,,,-5.2775,pending,,2026-06-26T04:18:36+00:00
trackb_cont_MLKN_20260616,17.24,,,,,20.98,15.46,,,,,,-3.736,pending,,2026-06-26T04:16:50+00:00
trackb_cont_MLKN_20260617,19.309999,,,,,20.98,15.64,,,,,,-2.6152,pending,,2026-06-26T04:16:50+00:00
trackb_cont_MLM_20260618,,,,,,642.179993,595.109985,,,,,,0.6818,pending,,2026-06-26T04:17:25+00:00
trackb_cont_MLM_20260619,,,,,,642.179993,600.460022,,,,,,1.5869,pending,,2026-06-26T04:17:25+00:00
trackb_cont_MLM_20260622,,,,,,642.179993,600.460022,,,,,,1.5869,pending,,2026-06-26T04:17:25+00:00
trackb_cont_MLM_20260625,,,,,,642.179993,617.619995,,,,,,0.1622,pending,,2026-06-26T04:17:25+00:00
trackb_cont_MMI_20260603,30.360001,28.98,,,,30.99,28.719999,,,,,,-0.5884,pending,,2026-06-26T04:15:52+00:00
trackb_cont_MMI_20260604,30.33,29.32,,,,30.99,28.719999,,,,,,-0.5884,pending,,2026-06-26T04:15:52+00:00
trackb_cont_MMI_20260605,30.16,28.809999,,,,30.99,28.719999,,,,,,-0.5884,pending,,2026-06-26T04:15:52+00:00
trackb_cont_MMI_20260608,29.42,29.43,,,,30.99,28.719999,,,,,,-4.5847,pending,,2026-06-26T04:15:52+00:00
trackb_cont_MMI_20260610,28.98,30.07,,,,30.889999,28.719999,,,,,,-4.553,pending,,2026-06-26T04:15:52+00:00
trackb_cont_MMI_20260612,28.809999,,,,,30.889999,28.719999,,,,,,-5.3083,pending,,2026-06-26T04:15:52+00:00
trackb_cont_MMI_20260615,29.43,,,,,30.629999,28.719999,,,,,,-5.4018,pending,,2026-06-26T04:15:52+00:00
trackb_cont_MMI_20260616,29.66,,,,,30.33,28.719999,,,,,,-3.608,pending,,2026-06-26T04:15:52+00:00
trackb_cont_MMI_20260617,30.07,,,,,30.18,28.719999,,,,,,-3.608,pending,,2026-06-26T04:15:52+00:00
trackb_cont_MMM_20260603,156.850006,159.229996,,,,169.759995,151.509995,,,,,,-0.9933,pending,,2026-06-26T04:16:09+00:00
trackb_cont_MMM_20260604,157.910004,160.600006,,,,169.759995,151.720001,,,,,,-0.856,pending,,2026-06-26T04:16:09+00:00
trackb_cont_MMM_20260605,158.320007,163.220001,,,,169.759995,151.720001,,,,,,-0.856,pending,,2026-06-26T04:16:09+00:00
trackb_cont_MMM_20260608,158.229996,161.839996,,,,169.759995,151.720001,,,,,,-1.3267,pending,,2026-06-26T04:16:09+00:00
trackb_cont_MMM_20260610,159.229996,167.970001,,,,169.759995,151.720001,,,,,,-1.3845,pending,,2026-06-26T04:16:09+00:00
trackb_cont_MMM_20260615,161.839996,,,,,169.759995,157.210007,,,,,,-2.6443,pending,,2026-06-26T04:16:09+00:00
trackb_cont_MMM_20260616,165.910004,,,,,169.759995,158.419998,,,,,,-0.1387,pending,,2026-06-26T04:16:09+00:00
trackb_cont_MMM_20260617,167.970001,,,,,169.759995,158.869995,,,,,,0.145,pending,,2026-06-26T04:16:09+00:00
trackb_cont_MMM_20260618,,,,,,169.759995,159.910004,,,,,,0.8006,pending,,2026-06-26T04:16:09+00:00
trackb_cont_MMM_20260619,,,,,,169.759995,160.520004,,,,,,1.1851,pending,,2026-06-26T04:16:09+00:00
trackb_cont_MMM_20260623,,,,,,169.759995,161.0,,,,,,-1.3601,pending,,2026-06-26T04:16:09+00:00
trackb_cont_MMM_20260624,,,,,,169.759995,161.580002,,,,,,-1.0048,pending,,2026-06-26T04:16:09+00:00
trackb_cont_MMM_20260625,,,,,,169.759995,166.619995,,,,,,2.0831,pending,,2026-06-26T04:16:09+00:00
trackb_cont_MMSI_20260611,67.220001,,,,,71.489998,64.5,,,,,,-3.717,pending,,2026-06-26T04:16:32+00:00
trackb_cont_MMSI_20260616,69.199997,,,,,71.489998,64.5,,,,,,-4.0393,pending,,2026-06-26T04:16:32+00:00
trackb_cont_MMSI_20260617,70.830002,,,,,71.489998,64.5,,,,,,-4.0393,pending,,2026-06-26T04:16:32+00:00
trackb_cont_MMSI_20260618,,,,,,71.489998,64.5,,,,,,-4.0393,pending,,2026-06-26T04:16:32+00:00
trackb_cont_MMSI_20260619,,,,,,71.489998,66.260002,,,,,,-1.4208,pending,,2026-06-26T04:16:32+00:00
trackb_cont_MNST_20260603,91.209999,91.660004,,,,96.059998,87.839996,,,,,,-1.2035,pending,,2026-06-26T04:15:20+00:00
trackb_cont_MNST_20260604,92.029999,91.339996,,,,96.059998,87.910004,,,,,,-1.1247,pending,,2026-06-26T04:15:20+00:00
trackb_cont_MNST_20260605,92.830002,93.019997,,,,96.059998,87.910004,,,,,,-1.1247,pending,,2026-06-26T04:15:20+00:00
trackb_cont_MNST_20260608,93.230003,93.690002,,,,96.059998,87.910004,,,,,,-1.8314,pending,,2026-06-26T04:15:20+00:00
trackb_cont_MNST_20260610,91.660004,95.830002,,,,96.059998,90.089996,,,,,,1.8311,pending,,2026-06-26T04:15:20+00:00
trackb_cont_MNST_20260611,91.339996,,,,,96.059998,90.959999,,,,,,-0.2741,pending,,2026-06-26T04:15:20+00:00
trackb_cont_MNST_20260616,94.699997,,,,,96.059998,90.959999,,,,,,-1.9933,pending,,2026-06-26T04:15:20+00:00
trackb_cont_MNST_20260617,95.830002,,,,,96.059998,90.959999,,,,,,-1.9933,pending,,2026-06-26T04:15:20+00:00
trackb_cont_MNST_20260618,,,,,,96.059998,90.959999,,,,,,-1.9933,pending,,2026-06-26T04:15:20+00:00
trackb_cont_MNST_20260619,,,,,,96.059998,91.5,,,,,,-1.4115,pending,,2026-06-26T04:15:20+00:00
trackb_cont_MNST_20260622,,,,,,96.059998,91.5,,,,,,0.1752,pending,,2026-06-26T04:15:20+00:00
trackb_cont_MNST_20260623,,,,,,96.059998,92.620003,,,,,,1.4014,pending,,2026-06-26T04:15:20+00:00
trackb_cont_MOD_20260603,258.170013,283.880005,,,,318.609985,251.380005,,,,,,-18.5787,pending,,2026-06-26T04:15:47+00:00
trackb_cont_MOD_20260604,271.51001,297.369995,,,,304.809998,251.380005,,,,,,-18.5787,pending,,2026-06-26T04:15:47+00:00
trackb_cont_MOD_20260605,274.5,295.579987,,,,302.98999,251.380005,,,,,,-18.5787,pending,,2026-06-26T04:15:47+00:00
trackb_cont_MOD_20260608,285.720001,277.459991,,,,302.98999,251.380005,,,,,,-18.5787,pending,,2026-06-26T04:15:47+00:00
trackb_cont_MOH_20260609,200.210007,201.419998,,,,217.550003,190.210007,,,,,,-4.1329,pending,,2026-06-26T04:16:55+00:00
trackb_cont_MOH_20260616,201.419998,,,,,217.550003,192.5,,,,,,-3.4119,pending,,2026-06-26T04:16:55+00:00
trackb_cont_MOH_20260617,216.039993,,,,,217.550003,192.5,,,,,,-3.4119,pending,,2026-06-26T04:16:55+00:00
trackb_cont_MOH_20260618,,,,,,217.550003,192.5,,,,,,-3.4119,pending,,2026-06-26T04:16:55+00:00
trackb_cont_MOH_20260619,,,,,,217.550003,192.5,,,,,,-3.4119,pending,,2026-06-26T04:16:55+00:00
trackb_cont_MOH_20260622,,,,,,217.550003,192.5,,,,,,-1.469,pending,,2026-06-26T04:16:55+00:00
trackb_cont_MOH_20260623,,,,,,217.550003,192.5,,,,,,-2.4921,pending,,2026-06-26T04:16:55+00:00
trackb_cont_MOH_20260624,,,,,,217.550003,192.5,,,,,,-2.4921,pending,,2026-06-26T04:16:55+00:00
trackb_cont_MOH_20260625,,,,,,217.550003,203.690002,,,,,,3.176,pending,,2026-06-26T04:16:55+00:00
trackb_cont_MO_20260612,69.510002,,,,,73.57,68.07,,,,,,-4.6772,pending,,2026-06-26T04:17:34+00:00
trackb_cont_MPC_20260603,263.279999,244.610001,,,,272.459991,238.279999,,,,,,-11.8885,pending,,2026-06-26T04:15:02+00:00
trackb_cont_MPC_20260604,260.809998,242.910004,,,,271.279999,238.279999,,,,,,-11.8885,pending,,2026-06-26T04:15:02+00:00
trackb_cont_MPC_20260605,263.579987,247.289993,,,,271.279999,238.279999,,,,,,-11.8885,pending,,2026-06-26T04:15:02+00:00
trackb_cont_MPC_20260608,250.860001,248.520004,,,,271.279999,238.279999,,,,,,-11.8885,pending,,2026-06-26T04:15:02+00:00
trackb_cont_MPC_20260616,246.509995,,,,,253.729996,238.279999,,,,,,-5.4032,pending,,2026-06-26T04:15:02+00:00
trackb_cont_MPC_20260617,253.559998,,,,,253.729996,238.279999,,,,,,-5.4032,pending,,2026-06-26T04:15:02+00:00
trackb_cont_MPC_20260618,,,,,,253.729996,238.279999,,,,,,-5.4032,pending,,2026-06-26T04:15:02+00:00
trackb_cont_MPC_20260619,,,,,,253.729996,240.0,,,,,,-4.7203,pending,,2026-06-26T04:15:02+00:00
trackb_cont_MPLX_20260609,56.080002,56.23,,,,57.740002,55.369999,,,,,,-1.8436,pending,,2026-06-26T04:16:58+00:00
trackb_cont_MPLX_20260610,55.91,56.07,,,,57.740002,55.369999,,,,,,-1.8436,pending,,2026-06-26T04:16:58+00:00
trackb_cont_MPLX_20260611,56.84,,,,,57.740002,55.369999,,,,,,-1.8088,pending,,2026-06-26T04:16:58+00:00
trackb_cont_MPLX_20260612,56.900002,,,,,57.740002,55.369999,,,,,,-1.9827,pending,,2026-06-26T04:16:58+00:00
trackb_cont_MPLX_20260615,57.68,,,,,57.740002,55.369999,,,,,,-1.7827,pending,,2026-06-26T04:16:58+00:00
trackb_cont_MPLX_20260616,56.23,,,,,57.740002,55.369999,,,,,,-1.3452,pending,,2026-06-26T04:16:58+00:00
trackb_cont_MPLX_20260617,56.07,,,,,57.740002,55.43,,,,,,-1.2383,pending,,2026-06-26T04:16:58+00:00
trackb_cont_MPLX_20260618,,,,,,57.740002,55.43,,,,,,-1.2383,pending,,2026-06-26T04:16:58+00:00
trackb_cont_MPLX_20260619,,,,,,57.740002,56.049999,,,,,,-0.1336,pending,,2026-06-26T04:16:58+00:00
trackb_cont_MPLX_20260625,,,,,,57.200001,56.049999,,,,,,-0.3201,pending,,2026-06-26T04:16:58+00:00
trackb_cont_MPWR_20260603,1473.040039,1448.209961,,,,1697.349976,1373.819946,,,,,,-17.1909,pending,,2026-06-26T04:16:27+00:00
trackb_cont_MPWR_20260604,1589.550049,1563.699951,,,,1666.689941,1373.819946,,,,,,-17.1909,pending,,2026-06-26T04:16:27+00:00
trackb_cont_MPWR_20260605,1577.319946,1537.880005,,,,1666.640015,1373.819946,,,,,,-17.1909,pending,,2026-06-26T04:16:27+00:00
trackb_cont_MPWR_20260608,1652.290039,1423.76001,,,,1666.640015,1373.819946,,,,,,-17.1909,pending,,2026-06-26T04:16:27+00:00
trackb_cont_MP_20260603,53.450001,60.84,,,,71.926003,52.419998,,,,,,-23.6528,pending,,2026-06-26T04:15:54+00:00
trackb_cont_MP_20260604,57.18,60.880001,,,,67.25,52.419998,,,,,,-23.6528,pending,,2026-06-26T04:15:54+00:00
trackb_cont_MP_20260605,57.549999,60.290001,,,,64.150002,52.419998,,,,,,-23.6528,pending,,2026-06-26T04:15:54+00:00
trackb_cont_MP_20260608,58.259998,58.900002,,,,63.140999,52.419998,,,,,,-23.6528,pending,,2026-06-26T04:15:54+00:00
trackb_cont_MRNA_20260616,60.419998,,,,,67.739998,51.66,,,,,,0.9379,pending,,2026-06-26T04:18:02+00:00
trackb_cont_MRNA_20260617,59.75,,,,,67.739998,54.509998,,,,,,6.5064,pending,,2026-06-26T04:18:02+00:00
trackb_cont_MRNA_20260618,,,,,,67.739998,57.5,,,,,,-10.1703,pending,,2026-06-26T04:18:02+00:00
trackb_cont_MRNA_20260619,,,,,,65.510002,57.5,,,,,,-10.1703,pending,,2026-06-26T04:18:02+00:00
trackb_cont_MRNA_20260622,,,,,,65.510002,57.5,,,,,,-10.1703,pending,,2026-06-26T04:18:02+00:00
trackb_cont_MRNA_20260623,,,,,,63.98,57.908001,,,,,,-9.5329,pending,,2026-06-26T04:18:02+00:00
trackb_cont_MRP_20260608,29.07,28.99,,,,30.15,27.945,,,,,,-3.4048,pending,,2026-06-26T04:16:45+00:00
trackb_cont_MRP_20260610,28.059999,29.889999,,,,30.15,27.945,,,,,,-3.3045,pending,,2026-06-26T04:16:45+00:00
trackb_cont_MRP_20260611,28.4,,,,,30.15,27.945,,,,,,-2.9688,pending,,2026-06-26T04:16:45+00:00
trackb_cont_MRP_20260616,29.4,,,,,30.15,27.945,,,,,,-4.4779,pending,,2026-06-26T04:16:45+00:00
trackb_cont_MRP_20260617,29.889999,,,,,30.15,27.945,,,,,,-4.4779,pending,,2026-06-26T04:16:45+00:00
trackb_cont_MRP_20260618,,,,,,30.15,28.155001,,,,,,-3.76,pending,,2026-06-26T04:16:45+00:00
trackb_cont_MRP_20260619,,,,,,30.15,28.155001,,,,,,-3.76,pending,,2026-06-26T04:16:45+00:00
trackb_cont_MRSH_20260616,165.960007,,,,,169.110001,160.0,,,,,,-3.6725,pending,,2026-06-26T04:18:09+00:00
trackb_cont_MRSH_20260617,162.229996,,,,,169.110001,160.0,,,,,,-3.6725,pending,,2026-06-26T04:18:09+00:00
trackb_cont_MRTN_20260603,17.690001,16.59,,,,18.48,16.549999,,,,,,-6.2323,pending,,2026-06-26T04:14:50+00:00
trackb_cont_MRTN_20260604,18.280001,16.85,,,,18.48,16.549999,,,,,,-6.2323,pending,,2026-06-26T04:14:50+00:00
trackb_cont_MRTN_20260605,18.16,16.92,,,,18.48,16.549999,,,,,,-6.2323,pending,,2026-06-26T04:14:50+00:00
trackb_cont_MRTN_20260608,17.77,17.15,,,,18.48,16.549999,,,,,,-6.2323,pending,,2026-06-26T04:14:50+00:00
trackb_cont_MRTN_20260609,17.379999,16.84,,,,18.48,16.549999,,,,,,-8.513,pending,,2026-06-26T04:14:50+00:00
trackb_cont_MRTN_20260616,16.84,,,,,17.99,16.549999,,,,,,-6.708,pending,,2026-06-26T04:14:50+00:00
trackb_cont_MRTN_20260617,17.309999,,,,,17.52,16.549999,,,,,,-6.708,pending,,2026-06-26T04:14:50+00:00
trackb_cont_MRTN_20260618,,,,,,17.52,16.700001,,,,,,-5.8625,pending,,2026-06-26T04:14:50+00:00
trackb_cont_MRTN_20260619,,,,,,17.52,16.790001,,,,,,-5.3551,pending,,2026-06-26T04:14:50+00:00
trackb_cont_MRVL_20260603,252.589996,289.540009,,,,329.880005,244.0,,,,,,-19.6655,pending,,2026-06-26T04:14:44+00:00
trackb_cont_MRVL_20260604,280.709991,310.579987,,,,329.880005,244.0,,,,,,-19.6655,pending,,2026-06-26T04:14:44+00:00
trackb_cont_MRVL_20260605,279.700012,307.859985,,,,329.880005,244.0,,,,,,-19.6655,pending,,2026-06-26T04:14:44+00:00
trackb_cont_MRVL_20260608,308.880005,279.040009,,,,329.880005,244.0,,,,,,-19.6655,pending,,2026-06-26T04:14:44+00:00
trackb_cont_MRVL_20260616,276.700012,,,,,329.880005,263.660004,,,,,,-13.3164,pending,,2026-06-26T04:14:44+00:00
trackb_cont_MRVL_20260617,281.26001,,,,,329.880005,263.660004,,,,,,-13.3164,pending,,2026-06-26T04:14:44+00:00
trackb_cont_MRVL_20260618,,,,,,329.880005,263.660004,,,,,,-8.9383,pending,,2026-06-26T04:14:44+00:00
trackb_cont_MRVL_20260619,,,,,,314.170013,263.660004,,,,,,-8.9383,pending,,2026-06-26T04:14:44+00:00
trackb_cont_MRVL_20260622,,,,,,314.170013,263.660004,,,,,,-8.9383,pending,,2026-06-26T04:14:44+00:00
trackb_cont_MSCI_20260603,608.52002,596.890015,,,,627.440002,542.330017,,,,,,-12.8111,pending,,2026-06-26T04:15:40+00:00
trackb_cont_MSCI_20260604,594.309998,581.190002,,,,627.440002,542.330017,,,,,,-12.8111,pending,,2026-06-26T04:15:40+00:00
trackb_cont_MSCI_20260605,599.119995,580.849976,,,,624.890015,542.330017,,,,,,-12.8111,pending,,2026-06-26T04:15:40+00:00
trackb_cont_MSCI_20260608,611.169983,581.51001,,,,618.840027,542.330017,,,,,,-12.8111,pending,,2026-06-26T04:15:40+00:00
trackb_cont_MSEX_20260603,53.720001,51.84,,,,54.970001,51.439999,,,,,,-2.0377,pending,,2026-06-26T04:15:16+00:00
trackb_cont_MSEX_20260604,52.459999,52.060001,,,,54.970001,51.439999,,,,,,-2.0377,pending,,2026-06-26T04:15:16+00:00
trackb_cont_MSEX_20260605,52.950001,51.779999,,,,54.970001,51.439999,,,,,,-2.0377,pending,,2026-06-26T04:15:16+00:00
trackb_cont_MSEX_20260608,52.709999,52.860001,,,,54.970001,51.439999,,,,,,-2.0377,pending,,2026-06-26T04:15:16+00:00
trackb_cont_MSEX_20260609,52.48,54.02,,,,54.970001,51.439999,,,,,,-2.2425,pending,,2026-06-26T04:15:16+00:00
trackb_cont_MSEX_20260611,52.060001,,,,,54.900002,51.439999,,,,,,-4.2442,pending,,2026-06-26T04:15:16+00:00
trackb_cont_MSEX_20260612,51.779999,,,,,54.900002,51.439999,,,,,,-1.9443,pending,,2026-06-26T04:15:16+00:00
trackb_cont_MSGS_20260603,386.369995,361.779999,,,,397.0,357.970001,,,,,,-6.2317,pending,,2026-06-26T04:14:48+00:00
trackb_cont_MSGS_20260604,393.679993,370.100006,,,,397.0,357.970001,,,,,,-6.2317,pending,,2026-06-26T04:14:48+00:00
trackb_cont_MSGS_20260605,384.679993,370.589996,,,,397.0,357.970001,,,,,,-6.2317,pending,,2026-06-26T04:14:48+00:00
trackb_cont_MSGS_20260608,380.0,370.600006,,,,397.0,357.970001,,,,,,-6.2317,pending,,2026-06-26T04:14:48+00:00
trackb_cont_MSGS_20260616,366.049988,,,,,382.399994,357.970001,,,,,,-4.8534,pending,,2026-06-26T04:14:48+00:00
trackb_cont_MSGS_20260617,378.730011,,,,,379.339996,357.970001,,,,,,-4.8534,pending,,2026-06-26T04:14:48+00:00
trackb_cont_MSGS_20260618,,,,,,379.339996,359.190002,,,,,,-4.5291,pending,,2026-06-26T04:14:48+00:00
trackb_cont_MSGS_20260619,,,,,,379.339996,362.160004,,,,,,-3.7397,pending,,2026-06-26T04:14:48+00:00
trackb_cont_MSM_20260603,115.160004,115.18,,,,120.199997,113.529999,,,,,,-2.3146,pending,,2026-06-26T04:14:59+00:00
trackb_cont_MSM_20260604,115.57,118.510002,,,,120.199997,114.050003,,,,,,-1.8671,pending,,2026-06-26T04:14:59+00:00
trackb_cont_MSM_20260605,116.690002,117.410004,,,,120.199997,114.050003,,,,,,-1.8671,pending,,2026-06-26T04:14:59+00:00
trackb_cont_MSM_20260608,114.220001,116.260002,,,,120.199997,114.050003,,,,,,-1.8671,pending,,2026-06-26T04:14:59+00:00
trackb_cont_MSM_20260609,117.279999,116.550003,,,,120.199997,114.050003,,,,,,-1.3323,pending,,2026-06-26T04:14:59+00:00
trackb_cont_MSM_20260610,115.18,119.370003,,,,120.199997,114.050003,,,,,,-1.3323,pending,,2026-06-26T04:14:59+00:00
trackb_cont_MSM_20260612,117.410004,,,,,120.199997,114.050003,,,,,,-1.3152,pending,,2026-06-26T04:14:59+00:00
trackb_cont_MSM_20260615,116.260002,,,,,120.199997,114.050003,,,,,,-2.3335,pending,,2026-06-26T04:14:59+00:00
trackb_cont_MSM_20260616,116.550003,,,,,120.199997,114.349998,,,,,,-1.1924,pending,,2026-06-26T04:14:59+00:00
trackb_cont_MSM_20260617,119.370003,,,,,120.199997,114.349998,,,,,,-1.1924,pending,,2026-06-26T04:14:59+00:00
trackb_cont_MSM_20260618,,,,,,120.199997,114.690002,,,,,,-0.4254,pending,,2026-06-26T04:14:59+00:00
trackb_cont_MSM_20260619,,,,,,120.199997,114.690002,,,,,,-0.4254,pending,,2026-06-26T04:14:59+00:00
trackb_cont_MSM_20260622,,,,,,120.199997,114.690002,,,,,,-0.4254,pending,,2026-06-26T04:14:59+00:00
trackb_cont_MSM_20260623,,,,,,120.199997,114.690002,,,,,,-2.3167,pending,,2026-06-26T04:14:59+00:00
trackb_cont_MSM_20260624,,,,,,120.199997,115.800003,,,,,,-1.3713,pending,,2026-06-26T04:14:59+00:00
trackb_cont_MSM_20260625,,,,,,120.199997,116.809998,,,,,,-0.511,pending,,2026-06-26T04:14:59+00:00
trackb_cont_MS_20260603,206.660004,224.960007,,,,230.470001,205.830002,,,,,,-1.8736,pending,,2026-06-26T04:15:05+00:00
trackb_cont_MS_20260604,212.660004,223.169998,,,,230.470001,205.830002,,,,,,-1.8736,pending,,2026-06-26T04:15:05+00:00
trackb_cont_MS_20260605,214.039993,227.089996,,,,230.470001,205.830002,,,,,,-1.8736,pending,,2026-06-26T04:15:05+00:00
trackb_cont_MS_20260608,217.979996,226.029999,,,,230.470001,205.830002,,,,,,-1.8736,pending,,2026-06-26T04:15:05+00:00
trackb_cont_MS_20260609,220.830002,219.860001,,,,230.470001,205.830002,,,,,,-3.0202,pending,,2026-06-26T04:15:05+00:00
trackb_cont_MS_20260610,224.960007,221.039993,,,,230.470001,205.830002,,,,,,-3.0202,pending,,2026-06-26T04:15:05+00:00
trackb_cont_MS_20260615,226.029999,,,,,230.470001,216.850006,,,,,,-1.0021,pending,,2026-06-26T04:15:05+00:00
trackb_cont_MS_20260616,219.860001,,,,,230.470001,218.589996,,,,,,-0.5437,pending,,2026-06-26T04:15:05+00:00
trackb_cont_MS_20260617,221.039993,,,,,230.470001,219.809998,,,,,,0.0114,pending,,2026-06-26T04:15:05+00:00
trackb_cont_MS_20260618,,,,,,230.470001,219.809998,,,,,,0.0114,pending,,2026-06-26T04:15:05+00:00
trackb_cont_MS_20260619,,,,,,228.229996,219.809998,,,,,,0.0114,pending,,2026-06-26T04:15:05+00:00
trackb_cont_MS_20260622,,,,,,228.229996,219.809998,,,,,,-1.5056,pending,,2026-06-26T04:15:05+00:00
trackb_cont_MS_20260623,,,,,,227.949997,219.809998,,,,,,-3.2058,pending,,2026-06-26T04:15:05+00:00
trackb_cont_MS_20260624,,,,,,227.479996,219.809998,,,,,,-3.2058,pending,,2026-06-26T04:15:05+00:00
trackb_cont_MS_20260625,,,,,,227.479996,220.850006,,,,,,-2.7478,pending,,2026-06-26T04:15:05+00:00
trackb_cont_MTB_20260603,223.929993,225.850006,,,,237.600006,213.679993,,,,,,-0.2591,pending,,2026-06-26T04:14:55+00:00
trackb_cont_MTB_20260604,227.820007,225.119995,,,,237.600006,216.770004,,,,,,1.1833,pending,,2026-06-26T04:14:55+00:00
trackb_cont_MTB_20260605,231.880005,227.729996,,,,237.600006,221.889999,,,,,,3.5732,pending,,2026-06-26T04:14:55+00:00
trackb_cont_MTB_20260608,225.940002,231.240005,,,,237.600006,222.110001,,,,,,3.6759,pending,,2026-06-26T04:14:55+00:00
trackb_cont_MTB_20260611,225.119995,,,,,237.600006,222.820007,,,,,,-0.4957,pending,,2026-06-26T04:14:55+00:00
trackb_cont_MTB_20260616,233.259995,,,,,237.600006,224.050003,,,,,,-1.5641,pending,,2026-06-26T04:14:55+00:00
trackb_cont_MTB_20260617,236.770004,,,,,237.600006,224.050003,,,,,,-1.5641,pending,,2026-06-26T04:14:55+00:00
trackb_cont_MTB_20260618,,,,,,237.600006,224.759995,,,,,,-0.4826,pending,,2026-06-26T04:14:55+00:00
trackb_cont_MTB_20260619,,,,,,237.600006,226.490005,,,,,,0.2834,pending,,2026-06-26T04:14:55+00:00
trackb_cont_MTB_20260622,,,,,,237.600006,226.490005,,,,,,0.2834,pending,,2026-06-26T04:14:55+00:00
trackb_cont_MTB_20260625,,,,,,237.600006,233.580002,,,,,,0.1372,pending,,2026-06-26T04:14:55+00:00
trackb_cont_MTCH_20260618,,,,,,36.07,34.310001,,,,,,-2.8321,pending,,2026-06-26T04:18:35+00:00
trackb_cont_MTCH_20260619,,,,,,36.07,34.310001,,,,,,-2.8321,pending,,2026-06-26T04:18:35+00:00
trackb_cont_MTG_20260625,,,,,,27.9,27.09,,,,,,0.1479,pending,,2026-06-26T04:18:41+00:00
trackb_cont_MTH_20260603,70.559998,72.449997,,,,84.580002,66.769997,,,,,,-0.758,pending,,2026-06-26T04:15:56+00:00
trackb_cont_MTH_20260604,73.589996,75.730003,,,,84.580002,67.540001,,,,,,0.3864,pending,,2026-06-26T04:15:56+00:00
trackb_cont_MTH_20260605,74.440002,75.080002,,,,84.580002,67.540001,,,,,,0.3864,pending,,2026-06-26T04:15:56+00:00
trackb_cont_MTH_20260608,72.900002,75.599998,,,,84.580002,67.959999,,,,,,-0.5415,pending,,2026-06-26T04:15:56+00:00
trackb_cont_MTH_20260609,74.290001,82.389999,,,,84.580002,69.150002,,,,,,1.3335,pending,,2026-06-26T04:15:56+00:00
trackb_cont_MTH_20260610,72.449997,83.339996,,,,84.580002,70.07,,,,,,2.6817,pending,,2026-06-26T04:15:56+00:00
trackb_cont_MTH_20260616,82.389999,,,,,84.580002,72.279999,,,,,,-2.8495,pending,,2026-06-26T04:15:56+00:00
trackb_cont_MTH_20260617,83.339996,,,,,84.580002,72.279999,,,,,,-2.8495,pending,,2026-06-26T04:15:56+00:00
trackb_cont_MTH_20260618,,,,,,84.580002,73.07,,,,,,-1.7876,pending,,2026-06-26T04:15:56+00:00
trackb_cont_MTH_20260619,,,,,,84.580002,74.529999,,,,,,0.1747,pending,,2026-06-26T04:15:56+00:00
trackb_cont_MTH_20260625,,,,,,84.580002,81.970001,,,,,,-0.5098,pending,,2026-06-26T04:15:56+00:00
trackb_cont_MTN_20260603,135.889999,129.929993,,,,148.100006,125.709999,,,,,,-6.8746,pending,,2026-06-26T04:15:17+00:00
trackb_cont_MTN_20260604,136.339996,144.779999,,,,148.100006,125.709999,,,,,,-6.8746,pending,,2026-06-26T04:15:17+00:00
trackb_cont_MTN_20260605,133.309998,141.669998,,,,148.100006,125.709999,,,,,,-6.8746,pending,,2026-06-26T04:15:17+00:00
trackb_cont_MTN_20260608,134.399994,142.389999,,,,148.100006,125.709999,,,,,,-6.8746,pending,,2026-06-26T04:15:17+00:00
trackb_cont_MTN_20260610,129.929993,133.339996,,,,148.100006,129.770004,,,,,,-5.4223,pending,,2026-06-26T04:15:17+00:00
trackb_cont_MTN_20260623,,,,,,146.809998,132.0,,,,,,-6.8257,pending,,2026-06-26T04:15:17+00:00
trackb_cont_MTN_20260624,,,,,,146.809998,132.0,,,,,,-6.8257,pending,,2026-06-26T04:15:17+00:00
trackb_cont_MTN_20260625,,,,,,141.820007,132.0,,,,,,-8.4859,pending,,2026-06-26T04:15:17+00:00
trackb_cont_MTRN_20260603,224.050003,263.910004,,,,286.089996,218.100006,,,,,,-4.1614,pending,,2026-06-26T04:15:10+00:00
trackb_cont_MTRN_20260604,246.0,274.980011,,,,286.089996,218.100006,,,,,,-4.1614,pending,,2026-06-26T04:15:10+00:00
trackb_cont_MTRN_20260605,247.259995,277.679993,,,,286.089996,218.259995,,,,,,-4.0911,pending,,2026-06-26T04:15:10+00:00
trackb_cont_MTRN_20260608,252.139999,265.339996,,,,286.089996,219.960007,,,,,,-3.344,pending,,2026-06-26T04:15:10+00:00
trackb_cont_MTRN_20260611,274.980011,,,,,286.089996,227.949997,,,,,,1.7407,pending,,2026-06-26T04:15:10+00:00
trackb_cont_MTRN_20260612,277.679993,,,,,286.089996,244.529999,,,,,,-0.5976,pending,,2026-06-26T04:15:10+00:00
trackb_cont_MTRN_20260615,265.339996,,,,,286.089996,244.669998,,,,,,-3.3422,pending,,2026-06-26T04:15:10+00:00
trackb_cont_MTRN_20260616,269.619995,,,,,286.089996,253.5,,,,,,0.5952,pending,,2026-06-26T04:15:10+00:00
trackb_cont_MTRN_20260617,281.799988,,,,,286.089996,255.789993,,,,,,1.504,pending,,2026-06-26T04:15:10+00:00
trackb_cont_MTRN_20260618,,,,,,286.089996,257.279999,,,,,,-4.6316,pending,,2026-06-26T04:15:10+00:00
trackb_cont_MTRN_20260619,,,,,,286.089996,257.279999,,,,,,-4.6316,pending,,2026-06-26T04:15:10+00:00
trackb_cont_MTRN_20260622,,,,,,286.089996,257.279999,,,,,,-6.4368,pending,,2026-06-26T04:15:10+00:00
trackb_cont_MTRN_20260623,,,,,,286.089996,257.279999,,,,,,-7.3466,pending,,2026-06-26T04:15:10+00:00
trackb_cont_MTRN_20260624,,,,,,286.089996,257.279999,,,,,,-7.3466,pending,,2026-06-26T04:15:10+00:00
trackb_cont_MTRN_20260625,,,,,,286.089996,272.5,,,,,,1.0682,pending,,2026-06-26T04:15:10+00:00
trackb_cont_MTSI_20260603,354.399994,367.109985,,,,401.690002,333.149994,,,,,,-14.9455,pending,,2026-06-26T04:16:22+00:00
trackb_cont_MTSI_20260604,374.76001,391.410004,,,,401.690002,333.149994,,,,,,-14.9455,pending,,2026-06-26T04:16:22+00:00
trackb_cont_MTSI_20260605,379.869995,396.26001,,,,401.690002,333.149994,,,,,,-14.9455,pending,,2026-06-26T04:16:22+00:00
trackb_cont_MTUS_20260603,19.77,19.559999,,,,21.209999,19.01,,,,,,-5.116,pending,,2026-06-26T04:14:53+00:00
trackb_cont_MTUS_20260604,20.700001,19.309999,,,,21.209999,19.01,,,,,,-5.116,pending,,2026-06-26T04:14:53+00:00
trackb_cont_MTUS_20260605,20.48,19.709999,,,,21.209999,19.01,,,,,,-5.116,pending,,2026-06-26T04:14:53+00:00
trackb_cont_MTUS_20260608,20.1,19.280001,,,,21.209999,19.01,,,,,,-3.3062,pending,,2026-06-26T04:14:53+00:00
trackb_cont_MTUS_20260609,20.0,19.57,,,,21.209999,19.01,,,,,,-3.257,pending,,2026-06-26T04:14:53+00:00
trackb_cont_MTUS_20260610,19.559999,20.23,,,,21.209999,19.01,,,,,,-3.257,pending,,2026-06-26T04:14:53+00:00
trackb_cont_MTUS_20260616,19.57,,,,,20.48,19.01,,,,,,-5.9842,pending,,2026-06-26T04:14:53+00:00
trackb_cont_MTUS_20260617,20.23,,,,,20.299999,19.01,,,,,,-5.9842,pending,,2026-06-26T04:14:53+00:00
trackb_cont_MTUS_20260618,,,,,,20.299999,19.01,,,,,,-5.9842,pending,,2026-06-26T04:14:53+00:00
trackb_cont_MTUS_20260619,,,,,,20.299999,19.049999,,,,,,-5.7864,pending,,2026-06-26T04:14:53+00:00
trackb_cont_MTW_20260622,,,,,,14.53,12.73,,,,,,-3.3409,pending,,2026-06-26T04:18:25+00:00
trackb_cont_MTW_20260623,,,,,,14.53,12.73,,,,,,-3.3409,pending,,2026-06-26T04:18:25+00:00
trackb_cont_MTW_20260625,,,,,,14.53,13.17,,,,,,-2.2272,pending,,2026-06-26T04:18:25+00:00
trackb_cont_MUSA_20260612,551.320007,,,,,624.25,518.809998,,,,,,-16.5994,pending,,2026-06-26T04:17:31+00:00
trackb_cont_MUSA_20260616,531.090027,,,,,594.580017,518.809998,,,,,,-11.8644,pending,,2026-06-26T04:17:31+00:00
trackb_cont_MUSA_20260617,523.72998,,,,,575.200012,518.809998,,,,,,-11.8644,pending,,2026-06-26T04:17:31+00:00
trackb_cont_MUSA_20260618,,,,,,570.369995,518.809998,,,,,,-11.8644,pending,,2026-06-26T04:17:31+00:00
trackb_cont_MUSA_20260619,,,,,,564.48999,518.809998,,,,,,-11.8644,pending,,2026-06-26T04:17:31+00:00
trackb_cont_MU_20260603,891.880005,1043.189941,,,,1255.0,854.349976,,,,,,-19.26,pending,,2026-06-26T04:14:47+00:00
trackb_cont_MU_20260604,995.869995,1133.98999,,,,1255.0,854.349976,,,,,,-19.26,pending,,2026-06-26T04:14:47+00:00
trackb_cont_MU_20260605,981.609985,1211.380005,,,,1255.0,854.349976,,,,,,-19.26,pending,,2026-06-26T04:14:47+00:00
trackb_cont_MU_20260608,1087.98999,1051.77002,,,,1255.0,854.349976,,,,,,-1.118,pending,,2026-06-26T04:14:47+00:00
trackb_cont_MU_20260615,1051.77002,,,,,1255.0,991.099976,,,,,,-6.2506,pending,,2026-06-26T04:14:47+00:00
trackb_cont_MU_20260616,1048.51001,,,,,1255.0,991.099976,,,,,,-7.8317,pending,,2026-06-26T04:14:47+00:00
trackb_cont_MU_20260617,1213.560059,,,,,1255.0,991.099976,,,,,,-7.8317,pending,,2026-06-26T04:14:47+00:00
trackb_cont_MU_20260618,,,,,,1255.0,991.099976,,,,,,-4.9933,pending,,2026-06-26T04:14:47+00:00
trackb_cont_MU_20260619,,,,,,1255.0,991.099976,,,,,,-4.9933,pending,,2026-06-26T04:14:47+00:00
trackb_cont_MU_20260622,,,,,,1255.0,991.099976,,,,,,-4.9933,pending,,2026-06-26T04:14:47+00:00
trackb_cont_MU_20260623,,,,,,1255.0,991.099976,,,,,,-18.1842,pending,,2026-06-26T04:14:47+00:00
trackb_cont_MU_20260624,,,,,,1255.0,991.099976,,,,,,-18.1842,pending,,2026-06-26T04:14:47+00:00
trackb_cont_MU_20260625,,,,,,1255.0,1136.310059,,,,,,-6.1971,pending,,2026-06-26T04:14:47+00:00
trackb_cont_MYE_20260603,24.99,26.93,,,,31.030001,22.940001,,,,,,-2.5902,pending,,2026-06-26T04:15:59+00:00
trackb_cont_MYE_20260604,26.450001,27.41,,,,31.030001,23.27,,,,,,-1.189,pending,,2026-06-26T04:15:59+00:00
trackb_cont_MYE_20260605,27.1,27.969999,,,,31.030001,23.280001,,,,,,-1.1465,pending,,2026-06-26T04:15:59+00:00
trackb_cont_MYE_20260608,26.84,27.92,,,,31.030001,23.91,,,,,,1.5287,pending,,2026-06-26T04:15:59+00:00
trackb_cont_MYE_20260609,26.799999,29.719999,,,,31.030001,24.9,,,,,,1.1784,pending,,2026-06-26T04:15:59+00:00
trackb_cont_MYE_20260611,27.41,,,,,31.030001,25.190001,,,,,,0.8003,pending,,2026-06-26T04:15:59+00:00
trackb_cont_MYE_20260612,27.969999,,,,,31.030001,26.440001,,,,,,-0.0378,pending,,2026-06-26T04:15:59+00:00
trackb_cont_MYE_20260615,27.92,,,,,31.030001,26.440001,,,,,,-4.8579,pending,,2026-06-26T04:15:59+00:00
trackb_cont_MYE_20260616,29.719999,,,,,31.030001,26.629999,,,,,,-0.5601,pending,,2026-06-26T04:15:59+00:00
trackb_cont_MYE_20260617,30.58,,,,,31.030001,26.629999,,,,,,-0.5601,pending,,2026-06-26T04:15:59+00:00
trackb_cont_MYE_20260618,,,,,,31.030001,27.040001,,,,,,0.9709,pending,,2026-06-26T04:15:59+00:00
trackb_cont_MYE_20260619,,,,,,31.030001,27.290001,,,,,,1.9044,pending,,2026-06-26T04:15:59+00:00
trackb_cont_MYE_20260625,,,,,,31.030001,29.68,,,,,,-0.1346,pending,,2026-06-26T04:15:59+00:00
trackb_cont_MYPS_20260603,0.558,0.55,,,,0.673,0.437,,,,,,-19.0141,pending,,2026-06-26T04:15:28+00:00
trackb_cont_MYPS_20260604,0.59,0.537,,,,0.673,0.437,,,,,,-19.0141,pending,,2026-06-26T04:15:28+00:00
trackb_cont_MYPS_20260605,0.592,0.505,,,,0.673,0.437,,,,,,-19.0141,pending,,2026-06-26T04:15:28+00:00
trackb_cont_MYPS_20260610,0.55,0.44,,,,0.673,0.437,,,,,,-26.1824,pending,,2026-06-26T04:15:28+00:00
trackb_cont_NBIX_20260603,160.860001,159.0,,,,169.570007,155.119995,,,,,,-5.137,pending,,2026-06-26T04:16:13+00:00
trackb_cont_NBIX_20260604,162.710007,158.289993,,,,169.570007,155.300003,,,,,,-5.0269,pending,,2026-06-26T04:16:13+00:00
trackb_cont_NBIX_20260605,159.759995,161.619995,,,,169.389999,155.300003,,,,,,-5.0269,pending,,2026-06-26T04:16:13+00:00
trackb_cont_NBIX_20260608,159.509995,161.440002,,,,169.389999,155.300003,,,,,,-5.0269,pending,,2026-06-26T04:16:13+00:00
trackb_cont_NBIX_20260609,156.419998,166.059998,,,,169.389999,155.300003,,,,,,-4.794,pending,,2026-06-26T04:16:13+00:00
trackb_cont_NBIX_20260610,159.0,164.179993,,,,169.389999,155.300003,,,,,,-4.794,pending,,2026-06-26T04:16:13+00:00
trackb_cont_NB_20260603,4.84,5.19,,,,6.17,4.45,,,,,,-24.2553,pending,,2026-06-26T04:15:25+00:00
trackb_cont_NB_20260604,5.42,5.31,,,,5.96,4.45,,,,,,-24.2553,pending,,2026-06-26T04:15:25+00:00
trackb_cont_NB_20260605,5.4,5.2,,,,5.765,4.45,,,,,,-24.2553,pending,,2026-06-26T04:15:25+00:00
trackb_cont_NCLH_20260608,20.139999,20.389999,,,,21.790001,17.700001,,,,,,-5.6,pending,,2026-06-26T04:16:34+00:00
trackb_cont_NCLH_20260609,20.33,21.01,,,,21.790001,17.700001,,,,,,-4.5822,pending,,2026-06-26T04:16:34+00:00
trackb_cont_NCLH_20260610,19.83,20.98,,,,21.790001,17.700001,,,,,,-4.5822,pending,,2026-06-26T04:16:34+00:00
trackb_cont_NCLH_20260611,20.440001,,,,,21.790001,17.700001,,,,,,-1.2277,pending,,2026-06-26T04:16:34+00:00
trackb_cont_NCLH_20260615,20.389999,,,,,21.790001,19.01,,,,,,-7.3135,pending,,2026-06-26T04:16:34+00:00
trackb_cont_NCLH_20260616,21.01,,,,,21.790001,19.01,,,,,,-5.3433,pending,,2026-06-26T04:16:34+00:00
trackb_cont_NCLH_20260617,20.98,,,,,21.790001,19.01,,,,,,-5.3433,pending,,2026-06-26T04:16:34+00:00
trackb_cont_NCLH_20260618,,,,,,21.790001,19.01,,,,,,-5.3433,pending,,2026-06-26T04:16:34+00:00
trackb_cont_NCLH_20260619,,,,,,21.790001,19.01,,,,,,-5.3433,pending,,2026-06-26T04:16:34+00:00
trackb_cont_NCMI_20260603,3.57,3.63,,,,3.78,3.35,,,,,,-5.7665,pending,,2026-06-26T04:15:33+00:00
trackb_cont_NCMI_20260604,3.58,3.4,,,,3.78,3.35,,,,,,-5.7665,pending,,2026-06-26T04:15:33+00:00
trackb_cont_NCMI_20260605,3.63,3.36,,,,3.78,3.35,,,,,,-5.7665,pending,,2026-06-26T04:15:33+00:00
trackb_cont_NCMI_20260608,3.57,3.48,,,,3.78,3.35,,,,,,-5.7665,pending,,2026-06-26T04:15:33+00:00
trackb_cont_NCMI_20260612,3.36,,,,,3.78,3.35,,,,,,-6.4246,pending,,2026-06-26T04:15:33+00:00
trackb_cont_NCMI_20260616,3.58,,,,,3.78,3.35,,,,,,-7.5862,pending,,2026-06-26T04:15:33+00:00
trackb_cont_NCMI_20260617,3.55,,,,,3.78,3.35,,,,,,-7.5862,pending,,2026-06-26T04:15:33+00:00
trackb_cont_NCMI_20260618,,,,,,3.66,3.35,,,,,,-7.5862,pending,,2026-06-26T04:15:33+00:00
trackb_cont_NCMI_20260619,,,,,,3.6,3.35,,,,,,-7.5862,pending,,2026-06-26T04:15:33+00:00
trackb_cont_NCMI_20260622,,,,,,3.6,3.35,,,,,,-1.4706,pending,,2026-06-26T04:15:33+00:00
trackb_cont_NDSN_20260623,,,,,,307.73999,287.029999,,,,,,-2.7215,pending,,2026-06-26T04:18:50+00:00
trackb_cont_NDSN_20260624,,,,,,307.73999,291.950012,,,,,,-1.054,pending,,2026-06-26T04:18:50+00:00
trackb_cont_NDSN_20260625,,,,,,307.73999,298.640015,,,,,,1.2133,pending,,2026-06-26T04:18:50+00:00
trackb_cont_NESR_20260615,25.07,,,,,27.690001,23.559999,,,,,,-13.3505,pending,,2026-06-26T04:17:45+00:00
trackb_cont_NESR_20260616,25.17,,,,,27.43,23.559999,,,,,,-10.3842,pending,,2026-06-26T04:17:45+00:00
trackb_cont_NESR_20260617,26.98,,,,,27.43,23.559999,,,,,,-10.3842,pending,,2026-06-26T04:17:45+00:00
trackb_cont_NESR_20260618,,,,,,27.43,23.559999,,,,,,-10.3842,pending,,2026-06-26T04:17:45+00:00
trackb_cont_NESR_20260619,,,,,,27.43,23.860001,,,,,,-9.2431,pending,,2026-06-26T04:17:45+00:00
trackb_cont_NET_20260603,219.669998,226.869995,,,,276.815002,212.320007,,,,,,-18.6825,pending,,2026-06-26T04:14:45+00:00
trackb_cont_NET_20260604,227.440002,224.059998,,,,276.815002,212.320007,,,,,,-18.6825,pending,,2026-06-26T04:14:45+00:00
trackb_cont_NET_20260605,228.479996,218.380005,,,,268.820007,212.320007,,,,,,-18.6825,pending,,2026-06-26T04:14:45+00:00
trackb_cont_NET_20260608,235.710007,224.940002,,,,254.699997,212.320007,,,,,,-15.1093,pending,,2026-06-26T04:14:45+00:00
trackb_cont_NEU_20260603,823.940002,763.570007,,,,850.340027,758.309998,,,,,,-3.5983,pending,,2026-06-26T04:15:40+00:00
trackb_cont_NEU_20260604,840.179993,780.179993,,,,850.340027,758.309998,,,,,,-3.5983,pending,,2026-06-26T04:15:40+00:00
trackb_cont_NEU_20260605,833.330017,780.190002,,,,850.340027,758.309998,,,,,,-3.5983,pending,,2026-06-26T04:15:40+00:00
trackb_cont_NEU_20260608,815.099976,783.659973,,,,850.340027,758.309998,,,,,,-3.5983,pending,,2026-06-26T04:15:40+00:00
trackb_cont_NEU_20260609,789.880005,790.849976,,,,850.340027,758.309998,,,,,,-5.5654,pending,,2026-06-26T04:15:40+00:00
trackb_cont_NEU_20260611,780.179993,,,,,850.340027,758.309998,,,,,,-7.9654,pending,,2026-06-26T04:15:40+00:00
trackb_cont_NEU_20260616,790.849976,,,,,813.51001,758.309998,,,,,,-7.5423,pending,,2026-06-26T04:15:40+00:00
trackb_cont_NEU_20260617,801.039978,,,,,813.51001,758.309998,,,,,,-7.5423,pending,,2026-06-26T04:15:40+00:00
trackb_cont_NEU_20260618,,,,,,813.51001,758.309998,,,,,,-7.5423,pending,,2026-06-26T04:15:40+00:00
trackb_cont_NEU_20260619,,,,,,813.51001,774.059998,,,,,,-5.622,pending,,2026-06-26T04:15:40+00:00
trackb_cont_NGVC_20260603,31.450001,30.719999,,,,32.889999,28.280001,,,,,,-1.2052,pending,,2026-06-26T04:16:10+00:00
trackb_cont_NGVC_20260604,31.35,30.110001,,,,32.889999,28.280001,,,,,,-1.2052,pending,,2026-06-26T04:16:10+00:00
trackb_cont_NGVC_20260605,31.58,30.25,,,,32.889999,28.780001,,,,,,0.5415,pending,,2026-06-26T04:16:10+00:00
trackb_cont_NGVC_20260608,30.65,32.169998,,,,32.889999,29.42,,,,,,2.7773,pending,,2026-06-26T04:16:10+00:00
trackb_cont_NGVC_20260610,30.719999,31.51,,,,32.889999,29.9,,,,,,-0.6645,pending,,2026-06-26T04:16:10+00:00
trackb_cont_NGVC_20260612,30.25,,,,,32.889999,29.9,,,,,,-4.6252,pending,,2026-06-26T04:16:10+00:00
trackb_cont_NGVC_20260616,32.689999,,,,,32.889999,29.9,,,,,,-3.5017,pending,,2026-06-26T04:16:10+00:00
trackb_cont_NGVC_20260617,31.51,,,,,32.889999,29.9,,,,,,-3.5017,pending,,2026-06-26T04:16:10+00:00
trackb_cont_NGVC_20260618,,,,,,32.889999,29.9,,,,,,-3.5017,pending,,2026-06-26T04:16:10+00:00
trackb_cont_NGVC_20260619,,,,,,32.889999,29.9,,,,,,-3.5017,pending,,2026-06-26T04:16:10+00:00
trackb_cont_NGVC_20260625,,,,,,32.889999,31.4,,,,,,-3.9462,pending,,2026-06-26T04:16:10+00:00
trackb_cont_NHC_20260616,202.809998,,,,,205.899994,186.649994,,,,,,-4.3311,pending,,2026-06-26T04:18:16+00:00
trackb_cont_NHC_20260617,201.529999,,,,,205.899994,186.649994,,,,,,-4.3311,pending,,2026-06-26T04:18:16+00:00
trackb_cont_NHC_20260618,,,,,,205.899994,190.860001,,,,,,-2.1732,pending,,2026-06-26T04:18:16+00:00
trackb_cont_NHC_20260619,,,,,,205.660004,196.520004,,,,,,0.7278,pending,,2026-06-26T04:18:16+00:00
trackb_cont_NIXX_20260603,0.8897,1.05,,,,1.67,0.69,,,,,,-3.6716,pending,,2026-06-26T04:16:22+00:00
trackb_cont_NIXX_20260604,0.9098,1.17,,,,1.67,0.69,,,,,,-3.6716,pending,,2026-06-26T04:16:22+00:00
trackb_cont_NIXX_20260605,0.87,1.42,,,,1.67,0.69,,,,,,-3.6716,pending,,2026-06-26T04:16:22+00:00
trackb_cont_NIXX_20260608,0.8749,1.5,,,,1.67,0.69,,,,,,-18.2948,pending,,2026-06-26T04:16:22+00:00
trackb_cont_NIXX_20260612,1.42,,,,,1.67,0.781,,,,,,-14.157,pending,,2026-06-26T04:16:22+00:00
trackb_cont_NIXX_20260615,1.5,,,,,1.67,0.781,,,,,,-24.9038,pending,,2026-06-26T04:16:22+00:00
trackb_cont_NIXX_20260616,1.47,,,,,1.67,0.79,,,,,,-14.4466,pending,,2026-06-26T04:16:22+00:00
trackb_cont_NIXX_20260617,1.35,,,,,1.67,0.8477,,,,,,-8.198,pending,,2026-06-26T04:16:22+00:00
trackb_cont_NIXX_20260618,,,,,,1.67,1.03,,,,,,11.5443,pending,,2026-06-26T04:16:22+00:00
trackb_cont_NIXX_20260619,,,,,,1.67,1.175,,,,,,27.2471,pending,,2026-06-26T04:16:22+00:00
trackb_cont_NIXX_20260622,,,,,,1.67,1.175,,,,,,0.4273,pending,,2026-06-26T04:16:22+00:00
trackb_cont_NIXX_20260623,,,,,,1.67,1.26,,,,,,7.6923,pending,,2026-06-26T04:16:22+00:00
trackb_cont_NIXX_20260625,,,,,,1.5299,1.26,,,,,,-14.2857,pending,,2026-06-26T04:16:22+00:00
trackb_cont_NMAX_20260603,8.97,7.5,,,,10.0,6.52,,,,,,-21.8225,pending,,2026-06-26T04:15:04+00:00
trackb_cont_NMAX_20260604,8.76,7.78,,,,10.0,6.52,,,,,,-21.8225,pending,,2026-06-26T04:15:04+00:00
trackb_cont_NMAX_20260605,8.19,7.05,,,,9.674,6.52,,,,,,-21.8225,pending,,2026-06-26T04:15:04+00:00
trackb_cont_NMAX_20260608,7.82,7.35,,,,9.45,6.52,,,,,,-28.4303,pending,,2026-06-26T04:15:04+00:00
trackb_cont_NMAX_20260609,7.5,7.02,,,,9.45,6.52,,,,,,-26.6592,pending,,2026-06-26T04:15:04+00:00
trackb_cont_NMAX_20260610,7.5,6.67,,,,9.45,6.52,,,,,,-26.6592,pending,,2026-06-26T04:15:04+00:00
trackb_cont_NMAX_20260611,7.78,,,,,9.154,6.52,,,,,,-27.3133,pending,,2026-06-26T04:15:04+00:00
trackb_cont_NMAX_20260612,7.05,,,,,8.7,6.52,,,,,,-25.5708,pending,,2026-06-26T04:15:04+00:00
trackb_cont_NMRK_20260618,,,,,,15.42,14.68,,,,,,-0.4071,pending,,2026-06-26T04:17:59+00:00
trackb_cont_NMRK_20260619,,,,,,15.42,14.68,,,,,,-0.4071,pending,,2026-06-26T04:17:59+00:00
trackb_cont_NMRK_20260622,,,,,,15.42,14.68,,,,,,-0.4071,pending,,2026-06-26T04:17:59+00:00
trackb_cont_NNBR_20260603,2.88,2.78,,,,3.18,2.62,,,,,,-14.239,pending,,2026-06-26T04:15:14+00:00
trackb_cont_NNBR_20260604,2.98,2.79,,,,3.14,2.62,,,,,,-14.239,pending,,2026-06-26T04:15:14+00:00
trackb_cont_NNBR_20260605,3.0,2.7,,,,3.14,2.62,,,,,,-14.239,pending,,2026-06-26T04:15:14+00:00
trackb_cont_NNBR_20260608,3.0,2.88,,,,3.14,2.62,,,,,,-14.239,pending,,2026-06-26T04:15:14+00:00
trackb_cont_NNBR_20260615,2.88,,,,,3.14,2.62,,,,,,-15.7556,pending,,2026-06-26T04:15:14+00:00
trackb_cont_NNBR_20260616,2.63,,,,,3.06,2.62,,,,,,-13.3884,pending,,2026-06-26T04:15:14+00:00
trackb_cont_NNBR_20260617,2.68,,,,,2.99,2.62,,,,,,-13.3884,pending,,2026-06-26T04:15:14+00:00
trackb_cont_NNBR_20260618,,,,,,2.99,2.62,,,,,,-13.3884,pending,,2026-06-26T04:15:14+00:00
trackb_cont_NNBR_20260619,,,,,,2.99,2.62,,,,,,-13.3884,pending,,2026-06-26T04:15:14+00:00
trackb_cont_NNN_20260609,46.16,46.509998,,,,46.900002,44.830002,,,,,,-0.3999,pending,,2026-06-26T04:16:59+00:00
trackb_cont_NNN_20260611,45.0,,,,,46.900002,44.830002,,,,,,-3.1749,pending,,2026-06-26T04:16:59+00:00
trackb_cont_NNN_20260615,46.02,,,,,46.799999,44.830002,,,,,,-3.5707,pending,,2026-06-26T04:16:59+00:00
trackb_cont_NNN_20260616,46.509998,,,,,46.799999,44.830002,,,,,,-3.1122,pending,,2026-06-26T04:16:59+00:00
trackb_cont_NNN_20260617,46.369999,,,,,46.799999,44.830002,,,,,,-3.1122,pending,,2026-06-26T04:16:59+00:00
trackb_cont_NNN_20260618,,,,,,46.799999,44.830002,,,,,,-3.1122,pending,,2026-06-26T04:16:59+00:00
trackb_cont_NNN_20260619,,,,,,46.799999,44.849998,,,,,,-3.0689,pending,,2026-06-26T04:16:59+00:00
trackb_cont_NOVT_20260603,154.580002,151.429993,,,,171.699997,148.979996,,,,,,-12.4008,pending,,2026-06-26T04:15:06+00:00
trackb_cont_NOVT_20260604,162.410004,155.300003,,,,171.419998,148.979996,,,,,,-12.4008,pending,,2026-06-26T04:15:06+00:00
trackb_cont_NOVT_20260605,160.529999,155.660004,,,,167.0,148.979996,,,,,,-12.4008,pending,,2026-06-26T04:15:06+00:00
trackb_cont_NOVT_20260608,156.630005,151.339996,,,,167.0,148.979996,,,,,,-12.4008,pending,,2026-06-26T04:15:06+00:00
trackb_cont_NOV_20260608,20.52,18.75,,,,21.530001,17.99,,,,,,-10.6753,pending,,2026-06-26T04:16:42+00:00
trackb_cont_NOV_20260615,18.75,,,,,21.030001,17.99,,,,,,-13.4264,pending,,2026-06-26T04:16:42+00:00
trackb_cont_NOV_20260616,18.35,,,,,20.57,17.99,,,,,,-12.7334,pending,,2026-06-26T04:16:42+00:00
trackb_cont_NOV_20260617,18.940001,,,,,20.08,17.99,,,,,,-12.7334,pending,,2026-06-26T04:16:42+00:00
trackb_cont_NOV_20260618,,,,,,19.59,17.99,,,,,,-12.7334,pending,,2026-06-26T04:16:42+00:00
trackb_cont_NOV_20260619,,,,,,19.26,17.99,,,,,,-12.7334,pending,,2026-06-26T04:16:42+00:00
trackb_cont_NOW_20260603,106.059998,95.480003,,,,128.080002,89.389999,,,,,,-25.4835,pending,,2026-06-26T04:16:01+00:00
trackb_cont_NOW_20260604,103.080002,95.040001,,,,124.800003,89.389999,,,,,,-25.4835,pending,,2026-06-26T04:16:01+00:00
trackb_cont_NOW_20260605,102.150002,93.010002,,,,121.199997,89.389999,,,,,,-25.4835,pending,,2026-06-26T04:16:01+00:00
trackb_cont_NOW_20260608,104.150002,95.940002,,,,115.360001,89.389999,,,,,,-25.4835,pending,,2026-06-26T04:16:01+00:00
trackb_cont_NP_20260625,,,,,,29.385,27.42,,,,,,-5.4157,pending,,2026-06-26T04:18:57+00:00
trackb_cont_NRGV_20260603,4.33,4.1,,,,6.645,3.79,,,,,,-37.5618,pending,,2026-06-26T04:15:57+00:00
trackb_cont_NRGV_20260604,4.44,4.1,,,,6.645,3.79,,,,,,-37.5618,pending,,2026-06-26T04:15:57+00:00
trackb_cont_NRGV_20260605,4.3,4.42,,,,6.296,3.79,,,,,,-37.5618,pending,,2026-06-26T04:15:57+00:00
trackb_cont_NRGV_20260608,4.11,4.25,,,,5.61,3.79,,,,,,-37.5618,pending,,2026-06-26T04:15:57+00:00
trackb_cont_NSA_20260616,44.439999,,,,,45.630001,43.5,,,,,,-3.1504,pending,,2026-06-26T04:18:10+00:00
trackb_cont_NSA_20260617,44.84,,,,,45.630001,43.5,,,,,,-3.1504,pending,,2026-06-26T04:18:10+00:00
trackb_cont_NSIT_20260603,109.080002,106.959999,,,,120.68,102.68,,,,,,-8.7411,pending,,2026-06-26T04:15:03+00:00
trackb_cont_NSIT_20260604,110.580002,108.440002,,,,120.68,102.68,,,,,,-8.7411,pending,,2026-06-26T04:15:03+00:00
trackb_cont_NSIT_20260605,111.050003,106.089996,,,,120.010002,102.68,,,,,,-8.7411,pending,,2026-06-26T04:15:03+00:00
trackb_cont_NSIT_20260608,110.809998,110.529999,,,,117.440002,102.68,,,,,,-7.5538,pending,,2026-06-26T04:15:03+00:00
trackb_cont_NSIT_20260609,109.220001,113.300003,,,,117.440002,102.68,,,,,,-6.7732,pending,,2026-06-26T04:15:03+00:00
trackb_cont_NSP_20260603,37.0,37.240002,,,,39.75,33.099998,,,,,,-2.961,pending,,2026-06-26T04:15:39+00:00
trackb_cont_NSP_20260604,37.68,36.220001,,,,39.75,33.099998,,,,,,-2.961,pending,,2026-06-26T04:15:39+00:00
trackb_cont_NSP_20260605,36.599998,34.110001,,,,39.75,33.099998,,,,,,-2.961,pending,,2026-06-26T04:15:39+00:00
trackb_cont_NSP_20260615,37.040001,,,,,39.75,33.099998,,,,,,-7.7609,pending,,2026-06-26T04:15:39+00:00
trackb_cont_NSP_20260616,38.110001,,,,,39.75,33.099998,,,,,,-8.513,pending,,2026-06-26T04:15:39+00:00
trackb_cont_NSP_20260617,38.41,,,,,39.75,33.099998,,,,,,-8.513,pending,,2026-06-26T04:15:39+00:00
trackb_cont_NSP_20260618,,,,,,39.75,33.099998,,,,,,-8.513,pending,,2026-06-26T04:15:39+00:00
trackb_cont_NSP_20260619,,,,,,39.75,33.099998,,,,,,-8.513,pending,,2026-06-26T04:15:39+00:00
trackb_cont_NSP_20260622,,,,,,39.75,33.099998,,,,,,-8.614,pending,,2026-06-26T04:15:39+00:00
trackb_cont_NSP_20260625,,,,,,39.75,37.389999,,,,,,-1.8893,pending,,2026-06-26T04:15:39+00:00
trackb_cont_NTAP_20260603,160.660004,154.809998,,,,182.860001,151.360001,,,,,,-15.5828,pending,,2026-06-26T04:15:58+00:00
trackb_cont_NTAP_20260604,160.470001,159.710007,,,,180.0,151.360001,,,,,,-15.5828,pending,,2026-06-26T04:15:58+00:00
trackb_cont_NTAP_20260605,161.610001,158.309998,,,,177.619995,151.360001,,,,,,-15.5828,pending,,2026-06-26T04:15:58+00:00
trackb_cont_NTAP_20260608,161.820007,157.820007,,,,172.050003,151.360001,,,,,,-9.387,pending,,2026-06-26T04:15:58+00:00
trackb_cont_NTGR_20260603,23.92,22.77,,,,27.16,22.32,,,,,,-14.6136,pending,,2026-06-26T04:15:52+00:00
trackb_cont_NTGR_20260604,24.33,23.049999,,,,26.17,22.32,,,,,,-14.6136,pending,,2026-06-26T04:15:52+00:00
trackb_cont_NTGR_20260605,24.5,23.49,,,,25.74,22.32,,,,,,-14.6136,pending,,2026-06-26T04:15:52+00:00
trackb_cont_NTGR_20260608,24.530001,23.23,,,,25.299999,22.32,,,,,,-14.6136,pending,,2026-06-26T04:15:52+00:00
trackb_cont_NTRA_20260611,231.410004,,,,,271.470001,208.794006,,,,,,-3.5594,pending,,2026-06-26T04:17:15+00:00
trackb_cont_NTRA_20260622,,,,,,271.470001,219.5,,,,,,-5.1467,pending,,2026-06-26T04:17:15+00:00
trackb_cont_NTRA_20260623,,,,,,271.470001,224.350006,,,,,,-3.0509,pending,,2026-06-26T04:17:15+00:00
trackb_cont_NTRA_20260625,,,,,,271.470001,258.5,,,,,,-0.5654,pending,,2026-06-26T04:17:15+00:00
trackb_cont_NTRS_20260603,166.130005,174.949997,,,,178.699997,165.899994,,,,,,-0.5694,pending,,2026-06-26T04:14:52+00:00
trackb_cont_NTRS_20260604,170.75,172.110001,,,,178.699997,165.899994,,,,,,-0.5694,pending,,2026-06-26T04:14:52+00:00
trackb_cont_NTRS_20260605,174.339996,175.559998,,,,178.699997,165.899994,,,,,,-0.5694,pending,,2026-06-26T04:14:52+00:00
trackb_cont_NTRS_20260608,172.720001,176.259995,,,,178.699997,165.899994,,,,,,-2.6808,pending,,2026-06-26T04:14:52+00:00
trackb_cont_NTRS_20260609,174.839996,173.929993,,,,178.699997,165.899994,,,,,,-1.8982,pending,,2026-06-26T04:14:52+00:00
trackb_cont_NTRS_20260610,174.949997,175.970001,,,,178.699997,165.899994,,,,,,-1.8982,pending,,2026-06-26T04:14:52+00:00
trackb_cont_NTRS_20260616,173.929993,,,,,178.699997,171.009995,,,,,,-1.526,pending,,2026-06-26T04:14:52+00:00
trackb_cont_NTRS_20260617,175.970001,,,,,178.699997,171.009995,,,,,,-1.526,pending,,2026-06-26T04:14:52+00:00
trackb_cont_NTRS_20260618,,,,,,178.699997,171.009995,,,,,,-2.2521,pending,,2026-06-26T04:14:52+00:00
trackb_cont_NTRS_20260619,,,,,,178.699997,172.630005,,,,,,-1.3261,pending,,2026-06-26T04:14:52+00:00
trackb_cont_NTRS_20260622,,,,,,178.699997,172.630005,,,,,,-1.3261,pending,,2026-06-26T04:14:52+00:00
trackb_cont_NTRS_20260625,,,,,,178.699997,175.160004,,,,,,0.7072,pending,,2026-06-26T04:14:52+00:00
trackb_cont_NTST_20260616,20.379999,,,,,21.25,18.959999,,,,,,-5.5777,pending,,2026-06-26T04:18:15+00:00
trackb_cont_NTST_20260617,20.76,,,,,21.25,19.115,,,,,,-4.8058,pending,,2026-06-26T04:18:15+00:00
trackb_cont_NTST_20260618,,,,,,21.25,19.115,,,,,,-4.8058,pending,,2026-06-26T04:18:15+00:00
trackb_cont_NTST_20260619,,,,,,21.25,19.209999,,,,,,-4.3327,pending,,2026-06-26T04:18:15+00:00
trackb_cont_NUE_20260603,250.490005,252.600006,,,,270.899994,237.5,,,,,,-8.5589,pending,,2026-06-26T04:14:56+00:00
trackb_cont_NUE_20260604,260.899994,243.830002,,,,270.899994,237.5,,,,,,-8.5589,pending,,2026-06-26T04:14:56+00:00
trackb_cont_NUE_20260605,266.350006,244.929993,,,,270.899994,237.5,,,,,,-8.5589,pending,,2026-06-26T04:14:56+00:00
trackb_cont_NUE_20260608,259.320007,239.630005,,,,270.899994,237.5,,,,,,-6.6394,pending,,2026-06-26T04:14:56+00:00
trackb_cont_NUE_20260609,259.079987,240.520004,,,,270.899994,237.5,,,,,,-6.2747,pending,,2026-06-26T04:14:56+00:00
trackb_cont_NUE_20260611,243.830002,,,,,270.899994,237.5,,,,,,-5.1858,pending,,2026-06-26T04:14:56+00:00
trackb_cont_NUE_20260616,240.520004,,,,,264.399994,237.5,,,,,,-8.9829,pending,,2026-06-26T04:14:56+00:00
trackb_cont_NUE_20260617,248.889999,,,,,258.839996,237.5,,,,,,-8.9829,pending,,2026-06-26T04:14:56+00:00
trackb_cont_NUE_20260618,,,,,,254.110001,237.5,,,,,,-8.9829,pending,,2026-06-26T04:14:56+00:00
trackb_cont_NUE_20260619,,,,,,249.649994,237.5,,,,,,-8.9829,pending,,2026-06-26T04:14:56+00:00
trackb_cont_NUTX_20260616,147.539993,,,,,153.699997,142.914993,,,,,,-4.1032,pending,,2026-06-26T04:18:12+00:00
trackb_cont_NUTX_20260617,149.104996,,,,,153.699997,142.914993,,,,,,-4.1032,pending,,2026-06-26T04:18:12+00:00
trackb_cont_NUTX_20260618,,,,,,153.699997,142.914993,,,,,,-2.3671,pending,,2026-06-26T04:18:12+00:00
trackb_cont_NUTX_20260619,,,,,,153.699997,142.914993,,,,,,-2.3671,pending,,2026-06-26T04:18:12+00:00
trackb_cont_NUTX_20260622,,,,,,153.699997,142.914993,,,,,,-5.0462,pending,,2026-06-26T04:18:12+00:00
trackb_cont_NUTX_20260623,,,,,,153.699997,145.0,,,,,,-3.6609,pending,,2026-06-26T04:18:12+00:00
trackb_cont_NUTX_20260625,,,,,,151.0,146.0,,,,,,-1.0438,pending,,2026-06-26T04:18:12+00:00
trackb_cont_NVRI_20260603,20.49,21.17,,,,22.26,17.620001,,,,,,-3.8734,pending,,2026-06-26T04:14:42+00:00
trackb_cont_NVRI_20260604,21.129999,22.01,,,,22.26,18.02,,,,,,-1.6912,pending,,2026-06-26T04:14:42+00:00
trackb_cont_NVRI_20260605,21.35,21.6,,,,22.26,18.75,,,,,,2.2913,pending,,2026-06-26T04:14:42+00:00
trackb_cont_NVRI_20260608,20.709999,21.959999,,,,22.26,19.370001,,,,,,0.3627,pending,,2026-06-26T04:14:42+00:00
trackb_cont_NVRI_20260610,21.17,20.58,,,,22.26,20.190001,,,,,,1.5594,pending,,2026-06-26T04:14:42+00:00
trackb_cont_NVRI_20260612,21.6,,,,,22.26,20.51,,,,,,-2.9342,pending,,2026-06-26T04:14:42+00:00
trackb_cont_NVRI_20260616,21.809999,,,,,22.26,20.52,,,,,,-1.7477,pending,,2026-06-26T04:14:42+00:00
trackb_cont_NVRI_20260617,20.58,,,,,22.26,20.52,,,,,,-1.7477,pending,,2026-06-26T04:14:42+00:00
trackb_cont_NVRI_20260618,,,,,,22.26,20.52,,,,,,-3.0704,pending,,2026-06-26T04:14:42+00:00
trackb_cont_NVRI_20260619,,,,,,22.26,20.52,,,,,,-3.0704,pending,,2026-06-26T04:14:42+00:00
trackb_cont_NVRI_20260622,,,,,,22.26,20.52,,,,,,-3.0704,pending,,2026-06-26T04:14:42+00:00
trackb_cont_NVRI_20260623,,,,,,22.26,20.52,,,,,,-5.0,pending,,2026-06-26T04:14:42+00:00
trackb_cont_NVRI_20260624,,,,,,22.26,20.52,,,,,,-5.0,pending,,2026-06-26T04:14:42+00:00
trackb_cont_NVRI_20260625,,,,,,22.040001,20.52,,,,,,-5.9147,pending,,2026-06-26T04:14:42+00:00
trackb_cont_NVST_20260625,,,,,,26.99,26.16,,,,,,0.4608,pending,,2026-06-26T04:18:25+00:00
trackb_cont_NVTS_20260608,23.73,21.4,,,,26.429001,17.219999,,,,,,-31.3397,pending,,2026-06-26T04:16:46+00:00
trackb_cont_NWL_20260611,4.92,,,,,5.93,4.26,,,,,,-4.9107,pending,,2026-06-26T04:17:14+00:00
trackb_cont_NWL_20260612,5.03,,,,,5.93,4.6,,,,,,-0.4329,pending,,2026-06-26T04:17:14+00:00
trackb_cont_NWL_20260615,5.12,,,,,5.93,4.69,,,,,,-6.6667,pending,,2026-06-26T04:17:14+00:00
trackb_cont_NWL_20260616,5.51,,,,,5.93,4.69,,,,,,-3.3986,pending,,2026-06-26T04:17:14+00:00
trackb_cont_NWL_20260617,5.89,,,,,5.93,4.76,,,,,,-1.9567,pending,,2026-06-26T04:17:14+00:00
trackb_cont_NWL_20260618,,,,,,5.93,4.8,,,,,,-1.1328,pending,,2026-06-26T04:17:14+00:00
trackb_cont_NWL_20260619,,,,,,5.93,4.8,,,,,,-1.1328,pending,,2026-06-26T04:17:14+00:00
trackb_cont_NWPX_20260603,122.309998,138.889999,,,,152.029999,117.209999,,,,,,-2.2896,pending,,2026-06-26T04:15:50+00:00
trackb_cont_NWPX_20260604,129.220001,139.190002,,,,152.029999,117.209999,,,,,,-2.2896,pending,,2026-06-26T04:15:50+00:00
trackb_cont_NWPX_20260605,128.850006,140.919998,,,,152.029999,117.209999,,,,,,-2.2896,pending,,2026-06-26T04:15:50+00:00
trackb_cont_NWPX_20260608,131.100006,138.619995,,,,152.029999,118.510002,,,,,,-1.2059,pending,,2026-06-26T04:15:50+00:00
trackb_cont_NWPX_20260615,138.619995,,,,,152.029999,128.820007,,,,,,-3.722,pending,,2026-06-26T04:15:50+00:00
trackb_cont_NWPX_20260616,143.529999,,,,,152.029999,131.0,,,,,,-0.6447,pending,,2026-06-26T04:15:50+00:00
trackb_cont_NWPX_20260617,146.630005,,,,,152.029999,132.740005,,,,,,0.675,pending,,2026-06-26T04:15:50+00:00
trackb_cont_NWPX_20260618,,,,,,152.029999,135.0,,,,,,2.3891,pending,,2026-06-26T04:15:50+00:00
trackb_cont_NWPX_20260619,,,,,,152.029999,135.0,,,,,,2.3891,pending,,2026-06-26T04:15:50+00:00
trackb_cont_NWPX_20260625,,,,,,152.029999,144.509995,,,,,,0.6828,pending,,2026-06-26T04:15:50+00:00
trackb_cont_NWSA_20260609,25.93,25.23,,,,27.620001,24.35,,,,,,-10.0148,pending,,2026-06-26T04:16:58+00:00
trackb_cont_NWS_20260612,27.92,,,,,30.309999,27.85,,,,,,-7.5672,pending,,2026-06-26T04:17:35+00:00
trackb_cont_NXT_20260603,111.949997,123.309998,,,,154.529999,108.509003,,,,,,-25.9071,pending,,2026-06-26T04:16:07+00:00
trackb_cont_NXT_20260604,119.68,125.900002,,,,152.425003,108.509003,,,,,,-25.9071,pending,,2026-06-26T04:16:07+00:00
trackb_cont_NXT_20260605,121.879997,129.070007,,,,146.339996,108.509003,,,,,,-25.9071,pending,,2026-06-26T04:16:07+00:00
trackb_cont_NXT_20260608,125.830002,120.639999,,,,135.796997,108.509003,,,,,,-25.9071,pending,,2026-06-26T04:16:07+00:00
trackb_cont_OC_20260616,134.169998,,,,,139.220001,123.300003,,,,,,-1.3284,pending,,2026-06-26T04:18:17+00:00
trackb_cont_OC_20260617,136.259995,,,,,139.220001,123.300003,,,,,,-1.3284,pending,,2026-06-26T04:18:17+00:00
trackb_cont_OC_20260618,,,,,,139.220001,123.300003,,,,,,-2.0029,pending,,2026-06-26T04:18:17+00:00
trackb_cont_OC_20260619,,,,,,139.220001,123.300003,,,,,,-2.0029,pending,,2026-06-26T04:18:17+00:00
trackb_cont_OC_20260622,,,,,,139.220001,123.300003,,,,,,-3.7771,pending,,2026-06-26T04:18:17+00:00
trackb_cont_OC_20260623,,,,,,139.220001,123.300003,,,,,,-1.0592,pending,,2026-06-26T04:18:17+00:00
trackb_cont_OC_20260624,,,,,,139.220001,125.849998,,,,,,0.987,pending,,2026-06-26T04:18:17+00:00
trackb_cont_OC_20260625,,,,,,139.220001,133.910004,,,,,,7.4547,pending,,2026-06-26T04:18:17+00:00
trackb_cont_ODFL_20260603,235.949997,218.360001,,,,252.029999,216.100006,,,,,,-7.428,pending,,2026-06-26T04:14:50+00:00
trackb_cont_ODFL_20260604,247.759995,221.039993,,,,252.029999,216.100006,,,,,,-7.428,pending,,2026-06-26T04:14:50+00:00
trackb_cont_ODFL_20260605,245.75,219.520004,,,,252.029999,216.100006,,,,,,-7.428,pending,,2026-06-26T04:14:50+00:00
trackb_cont_ODFL_20260608,237.419998,217.580002,,,,252.029999,216.100006,,,,,,-10.9123,pending,,2026-06-26T04:14:50+00:00
trackb_cont_ODFL_20260610,218.360001,220.119995,,,,248.940002,216.100006,,,,,,-12.5137,pending,,2026-06-26T04:14:50+00:00
trackb_cont_ODFL_20260612,219.520004,,,,,248.940002,216.100006,,,,,,-12.7785,pending,,2026-06-26T04:14:50+00:00
trackb_cont_ODFL_20260615,217.580002,,,,,244.389999,216.100006,,,,,,-10.7099,pending,,2026-06-26T04:14:50+00:00
trackb_cont_ODFL_20260616,219.039993,,,,,238.589996,216.100006,,,,,,-9.2017,pending,,2026-06-26T04:14:50+00:00
trackb_cont_ODFL_20260617,220.119995,,,,,233.160004,216.100006,,,,,,-9.2017,pending,,2026-06-26T04:14:50+00:00
trackb_cont_ODFL_20260618,,,,,,228.059998,216.100006,,,,,,-9.2017,pending,,2026-06-26T04:14:50+00:00
trackb_cont_ODFL_20260619,,,,,,228.059998,216.100006,,,,,,-9.2017,pending,,2026-06-26T04:14:50+00:00
trackb_cont_OII_20260603,39.299999,35.5,,,,40.209999,34.799999,,,,,,-9.9612,pending,,2026-06-26T04:16:25+00:00
trackb_cont_OII_20260604,39.799999,36.060001,,,,40.209999,34.799999,,,,,,-9.9612,pending,,2026-06-26T04:16:25+00:00
trackb_cont_OII_20260605,39.389999,36.189999,,,,40.209999,34.799999,,,,,,-9.9612,pending,,2026-06-26T04:16:25+00:00
trackb_cont_OII_20260608,37.889999,36.279999,,,,40.209999,34.799999,,,,,,-9.9612,pending,,2026-06-26T04:16:25+00:00
trackb_cont_OII_20260611,36.060001,,,,,40.169998,34.799999,,,,,,-11.4504,pending,,2026-06-26T04:16:25+00:00
trackb_cont_OII_20260616,36.290001,,,,,39.41,34.799999,,,,,,-9.4457,pending,,2026-06-26T04:16:25+00:00
trackb_cont_OII_20260617,39.369999,,,,,39.41,34.799999,,,,,,-9.4457,pending,,2026-06-26T04:16:25+00:00
trackb_cont_OII_20260618,,,,,,39.41,34.799999,,,,,,-9.4457,pending,,2026-06-26T04:16:25+00:00
trackb_cont_OII_20260619,,,,,,39.41,34.799999,,,,,,-9.4457,pending,,2026-06-26T04:16:25+00:00
trackb_cont_OKLO_20260603,54.02,58.82,,,,70.849998,50.43,,,,,,-22.819,pending,,2026-06-26T04:16:13+00:00
trackb_cont_OKLO_20260604,57.860001,61.169998,,,,66.57,50.43,,,,,,-22.819,pending,,2026-06-26T04:16:13+00:00
trackb_cont_OKLO_20260605,57.490002,58.400002,,,,64.809998,50.43,,,,,,-22.819,pending,,2026-06-26T04:16:13+00:00
trackb_cont_OKLO_20260608,60.740002,57.189999,,,,63.0,50.43,,,,,,-22.819,pending,,2026-06-26T04:16:13+00:00
trackb_cont_OKTA_20260603,114.919998,113.029999,,,,132.735001,107.0,,,,,,-14.3109,pending,,2026-06-26T04:15:18+00:00
trackb_cont_OKTA_20260604,117.5,117.809998,,,,125.294998,107.0,,,,,,-14.3109,pending,,2026-06-26T04:15:18+00:00
trackb_cont_OKTA_20260605,116.290001,115.940002,,,,123.990997,107.0,,,,,,-14.3109,pending,,2026-06-26T04:15:18+00:00
trackb_cont_OKTA_20260608,118.120003,118.160004,,,,123.449997,107.0,,,,,,-9.872,pending,,2026-06-26T04:15:18+00:00
trackb_cont_OLOX_20260603,7.31,5.79,,,,10.666,5.0,,,,,,-47.313,pending,,2026-06-26T04:15:55+00:00
trackb_cont_OLOX_20260604,6.7,6.06,,,,8.25,5.0,,,,,,-47.313,pending,,2026-06-26T04:15:55+00:00
trackb_cont_OLOX_20260605,6.46,5.71,,,,8.016,5.0,,,,,,-47.313,pending,,2026-06-26T04:15:55+00:00
trackb_cont_OLOX_20260608,6.32,5.41,,,,8.016,5.0,,,,,,-47.313,pending,,2026-06-26T04:15:55+00:00
trackb_cont_OMC_20260616,73.660004,,,,,78.099998,70.290001,,,,,,-8.0936,pending,,2026-06-26T04:18:10+00:00
trackb_cont_OMC_20260617,73.43,,,,,78.099998,70.290001,,,,,,-8.0936,pending,,2026-06-26T04:18:10+00:00
trackb_cont_OMC_20260618,,,,,,75.599998,70.290001,,,,,,-8.0936,pending,,2026-06-26T04:18:10+00:00
trackb_cont_OMC_20260619,,,,,,75.199997,70.290001,,,,,,-8.0936,pending,,2026-06-26T04:18:10+00:00
trackb_cont_OMDA_20260603,17.1,17.25,,,,19.049999,16.709999,,,,,,-3.7991,pending,,2026-06-26T04:15:58+00:00
trackb_cont_OMDA_20260604,17.73,17.639999,,,,19.049999,16.709999,,,,,,-3.7991,pending,,2026-06-26T04:15:58+00:00
trackb_cont_OMDA_20260605,17.139999,17.98,,,,19.049999,16.709999,,,,,,-3.7991,pending,,2026-06-26T04:15:58+00:00
trackb_cont_OMDA_20260608,17.33,18.299999,,,,19.049999,16.709999,,,,,,-3.7991,pending,,2026-06-26T04:15:58+00:00
trackb_cont_OMDA_20260610,17.25,18.9,,,,19.049999,16.709999,,,,,,-6.5436,pending,,2026-06-26T04:15:58+00:00
trackb_cont_OMDA_20260625,,,,,,19.02,18.41,,,,,,-1.0215,pending,,2026-06-26T04:15:58+00:00
trackb_cont_OMF_20260616,58.580002,,,,,61.209999,57.279999,,,,,,-1.0024,pending,,2026-06-26T04:17:39+00:00
trackb_cont_OMF_20260617,59.889999,,,,,61.209999,57.279999,,,,,,-1.0024,pending,,2026-06-26T04:17:39+00:00
trackb_cont_OMF_20260618,,,,,,61.209999,57.599998,,,,,,-0.4494,pending,,2026-06-26T04:17:39+00:00
trackb_cont_OMF_20260619,,,,,,61.209999,57.599998,,,,,,-0.4494,pending,,2026-06-26T04:17:39+00:00
trackb_cont_OMF_20260622,,,,,,61.209999,57.599998,,,,,,-0.9969,pending,,2026-06-26T04:17:39+00:00
trackb_cont_OMF_20260623,,,,,,61.209999,57.599998,,,,,,-1.0819,pending,,2026-06-26T04:17:39+00:00
trackb_cont_OMF_20260624,,,,,,61.209999,58.16,,,,,,-0.1202,pending,,2026-06-26T04:17:39+00:00
trackb_cont_OMF_20260625,,,,,,61.209999,59.029999,,,,,,0.7682,pending,,2026-06-26T04:17:39+00:00
trackb_cont_ONDS_20260603,9.31,9.12,,,,13.0,7.31,,,,,,-37.8401,pending,,2026-06-26T04:15:18+00:00
trackb_cont_ONDS_20260604,9.83,9.27,,,,12.42,7.31,,,,,,-37.8401,pending,,2026-06-26T04:15:18+00:00
trackb_cont_ONDS_20260605,9.33,8.89,,,,11.66,7.31,,,,,,-37.8401,pending,,2026-06-26T04:15:18+00:00
trackb_cont_ONDS_20260608,9.51,8.53,,,,10.84,7.31,,,,,,-37.8401,pending,,2026-06-26T04:15:18+00:00
trackb_cont_ONL_20260603,2.8,2.77,,,,2.985,2.615,,,,,,-10.2916,pending,,2026-06-26T04:16:19+00:00
trackb_cont_ONL_20260604,2.79,2.87,,,,2.985,2.615,,,,,,-10.2916,pending,,2026-06-26T04:16:19+00:00
trackb_cont_ONL_20260605,2.79,2.88,,,,2.965,2.615,,,,,,-10.2916,pending,,2026-06-26T04:16:19+00:00
trackb_cont_ONL_20260608,2.79,2.89,,,,2.905,2.615,,,,,,-10.2916,pending,,2026-06-26T04:16:19+00:00
trackb_cont_ONTO_20260616,322.23999,,,,,353.179993,308.230011,,,,,,-9.6418,pending,,2026-06-26T04:18:02+00:00
trackb_cont_ONTO_20260617,344.23999,,,,,353.179993,308.230011,,,,,,-9.6418,pending,,2026-06-26T04:18:02+00:00
trackb_cont_ONTO_20260618,,,,,,353.179993,308.230011,,,,,,-3.3519,pending,,2026-06-26T04:18:02+00:00
trackb_cont_ONTO_20260619,,,,,,353.179993,308.230011,,,,,,-3.3519,pending,,2026-06-26T04:18:02+00:00
trackb_cont_ON_20260603,110.169998,112.919998,,,,134.919998,108.300003,,,,,,-17.8487,pending,,2026-06-26T04:15:00+00:00
trackb_cont_ON_20260604,115.959999,121.620003,,,,134.490005,108.300003,,,,,,-17.8487,pending,,2026-06-26T04:15:00+00:00
trackb_cont_ON_20260605,116.790001,131.550003,,,,132.419998,108.300003,,,,,,-17.8487,pending,,2026-06-26T04:15:00+00:00
trackb_cont_ON_20260608,125.900002,117.059998,,,,132.419998,108.300003,,,,,,-17.8487,pending,,2026-06-26T04:15:00+00:00
trackb_cont_OPAD_20260603,4.83,4.8,,,,7.05,0.736,,,,,,-5.6531,pending,,2026-06-26T04:15:21+00:00
trackb_cont_OPAD_20260604,5.07,5.07,,,,7.05,0.736,,,,,,-5.6531,pending,,2026-06-26T04:15:21+00:00
trackb_cont_OPAD_20260605,4.95,4.58,,,,7.05,4.17,,,,,,434.5469,pending,,2026-06-26T04:15:21+00:00
trackb_cont_OPAL_20260603,1.94,1.82,,,,2.31,1.75,,,,,,-22.3947,pending,,2026-06-26T04:15:53+00:00
trackb_cont_OPAL_20260604,1.91,1.86,,,,2.31,1.75,,,,,,-22.3947,pending,,2026-06-26T04:15:53+00:00
trackb_cont_OPAL_20260605,1.93,1.78,,,,2.28,1.75,,,,,,-22.3947,pending,,2026-06-26T04:15:53+00:00
trackb_cont_OPAL_20260608,1.91,1.87,,,,2.19,1.75,,,,,,-22.3947,pending,,2026-06-26T04:15:53+00:00
trackb_cont_OPEN_20260603,4.48,4.45,,,,5.29,4.08,,,,,,-16.7347,pending,,2026-06-26T04:15:39+00:00
trackb_cont_OPEN_20260604,4.47,4.47,,,,5.15,4.08,,,,,,-16.7347,pending,,2026-06-26T04:15:39+00:00
trackb_cont_OPEN_20260605,4.44,4.28,,,,5.03,4.08,,,,,,-16.7347,pending,,2026-06-26T04:15:39+00:00
trackb_cont_OPLN_20260603,36.689999,37.220001,,,,40.349998,36.169998,,,,,,-3.0815,pending,,2026-06-26T04:15:09+00:00
trackb_cont_OPLN_20260604,38.700001,38.07,,,,40.349998,36.169998,,,,,,-3.0815,pending,,2026-06-26T04:15:09+00:00
trackb_cont_OPLN_20260605,37.830002,38.540001,,,,40.349998,36.290001,,,,,,-2.7599,pending,,2026-06-26T04:15:09+00:00
trackb_cont_OPLN_20260608,38.59,38.5,,,,40.349998,36.43,,,,,,-2.3848,pending,,2026-06-26T04:15:09+00:00
trackb_cont_OPLN_20260616,39.41,,,,,40.349998,37.02,,,,,,-2.9747,pending,,2026-06-26T04:15:09+00:00
trackb_cont_OPLN_20260617,39.639999,,,,,40.349998,37.02,,,,,,-2.9747,pending,,2026-06-26T04:15:09+00:00
trackb_cont_OPLN_20260618,,,,,,40.349998,37.23,,,,,,-2.4243,pending,,2026-06-26T04:15:09+00:00
trackb_cont_OPLN_20260619,,,,,,40.349998,38.040001,,,,,,-0.3014,pending,,2026-06-26T04:15:09+00:00
trackb_cont_ORA_20260603,136.690002,126.120003,,,,146.389999,119.790001,,,,,,-17.7634,pending,,2026-06-26T04:14:43+00:00
trackb_cont_ORA_20260604,136.410004,127.68,,,,144.350006,119.790001,,,,,,-17.7634,pending,,2026-06-26T04:14:43+00:00
trackb_cont_ORA_20260605,138.160004,129.550003,,,,143.690002,119.790001,,,,,,-17.7634,pending,,2026-06-26T04:14:43+00:00
trackb_cont_ORA_20260608,138.710007,123.300003,,,,143.690002,119.790001,,,,,,-14.4357,pending,,2026-06-26T04:14:43+00:00
trackb_cont_ORA_20260609,133.960007,124.18,,,,139.619995,119.790001,,,,,,-12.2225,pending,,2026-06-26T04:14:43+00:00
trackb_cont_ORA_20260610,126.120003,120.029999,,,,139.220001,119.790001,,,,,,-12.2225,pending,,2026-06-26T04:14:43+00:00
trackb_cont_ORBS_20260618,,,,,,1.08,0.721,,,,,,-30.0,pending,,2026-06-26T04:16:37+00:00
trackb_cont_ORBS_20260619,,,,,,1.08,0.721,,,,,,-30.0,pending,,2026-06-26T04:16:37+00:00
trackb_cont_ORCL_20260603,201.259995,183.529999,,,,240.509995,150.360001,,,,,,-34.4851,pending,,2026-06-26T04:15:10+00:00
trackb_cont_ORCL_20260604,184.100006,184.289993,,,,238.949997,150.360001,,,,,,-34.4851,pending,,2026-06-26T04:15:10+00:00
trackb_cont_ORCL_20260605,184.130005,175.070007,,,,231.440002,150.360001,,,,,,-34.4851,pending,,2026-06-26T04:15:10+00:00
trackb_cont_ORCL_20260608,192.639999,165.160004,,,,220.5,150.360001,,,,,,-34.4851,pending,,2026-06-26T04:15:10+00:00
trackb_cont_ORI_20260625,,,,,,40.740002,39.900002,,,,,,-0.9926,pending,,2026-06-26T04:18:56+00:00
trackb_cont_OSCR_20260612,28.540001,,,,,30.379999,27.142,,,,,,-6.1155,pending,,2026-06-26T04:17:27+00:00
trackb_cont_OSCR_20260615,29.93,,,,,30.379999,27.142,,,,,,-1.2659,pending,,2026-06-26T04:17:27+00:00
trackb_cont_OSCR_20260616,29.16,,,,,30.379999,27.57,,,,,,-3.5171,pending,,2026-06-26T04:17:27+00:00
trackb_cont_OSCR_20260617,28.67,,,,,30.379999,27.57,,,,,,-3.5171,pending,,2026-06-26T04:17:27+00:00
trackb_cont_OSCR_20260618,,,,,,30.379999,27.57,,,,,,-3.5171,pending,,2026-06-26T04:17:27+00:00
trackb_cont_OSCR_20260619,,,,,,30.379999,28.049999,,,,,,-1.8373,pending,,2026-06-26T04:17:27+00:00
trackb_cont_OSK_20260625,,,,,,151.389999,145.089996,,,,,,1.2138,pending,,2026-06-26T04:17:24+00:00
trackb_cont_OSS_20260603,15.76,18.18,,,,20.709999,14.61,,,,,,-23.0648,pending,,2026-06-26T04:15:11+00:00
trackb_cont_OSS_20260604,16.84,18.440001,,,,20.709999,14.61,,,,,,-23.0648,pending,,2026-06-26T04:15:11+00:00
trackb_cont_OSS_20260605,16.65,18.190001,,,,20.709999,14.61,,,,,,-23.0648,pending,,2026-06-26T04:15:11+00:00
trackb_cont_OSS_20260608,17.23,17.02,,,,20.709999,14.61,,,,,,-23.0648,pending,,2026-06-26T04:15:11+00:00
trackb_cont_OTTR_20260611,87.5,,,,,90.989998,85.510002,,,,,,-4.5647,pending,,2026-06-26T04:17:21+00:00
trackb_cont_OTTR_20260612,88.209999,,,,,90.550003,85.510002,,,,,,-3.3894,pending,,2026-06-26T04:17:21+00:00
trackb_cont_OTTR_20260616,88.82,,,,,90.370003,85.510002,,,,,,-4.5434,pending,,2026-06-26T04:17:21+00:00
trackb_cont_OTTR_20260617,90.050003,,,,,90.18,85.510002,,,,,,-4.5434,pending,,2026-06-26T04:17:21+00:00
trackb_cont_OTTR_20260618,,,,,,90.18,86.550003,,,,,,-0.2075,pending,,2026-06-26T04:17:21+00:00
trackb_cont_OTTR_20260619,,,,,,90.18,87.0,,,,,,0.3113,pending,,2026-06-26T04:17:21+00:00
trackb_cont_OTTR_20260622,,,,,,90.18,87.0,,,,,,0.3113,pending,,2026-06-26T04:17:21+00:00
trackb_cont_OUST_20260603,38.389999,40.720001,,,,51.5,35.299999,,,,,,-19.2958,pending,,2026-06-26T04:15:29+00:00
trackb_cont_OUST_20260604,39.610001,46.57,,,,51.5,35.299999,,,,,,-19.2958,pending,,2026-06-26T04:15:29+00:00
trackb_cont_OUST_20260605,39.799999,47.68,,,,51.5,35.299999,,,,,,-19.2958,pending,,2026-06-26T04:15:29+00:00
trackb_cont_OUST_20260608,45.18,45.16,,,,51.5,35.299999,,,,,,-19.2958,pending,,2026-06-26T04:15:29+00:00
trackb_cont_OXM_20260603,43.279999,35.84,,,,45.82,34.459999,,,,,,-23.4392,pending,,2026-06-26T04:16:24+00:00
trackb_cont_OXM_20260604,35.919998,36.389999,,,,45.82,34.459999,,,,,,-23.4392,pending,,2026-06-26T04:16:24+00:00
trackb_cont_OXM_20260605,37.240002,37.880001,,,,45.82,34.459999,,,,,,-23.4392,pending,,2026-06-26T04:16:24+00:00
trackb_cont_O_20260616,61.990002,,,,,62.549999,60.220001,,,,,,-3.3387,pending,,2026-06-26T04:18:07+00:00
trackb_cont_O_20260617,62.040001,,,,,62.459999,60.220001,,,,,,-3.3387,pending,,2026-06-26T04:18:07+00:00
trackb_cont_PACK_20260603,6.72,7.22,,,,7.81,6.59,,,,,,-6.1254,pending,,2026-06-26T04:14:45+00:00
trackb_cont_PACK_20260604,7.14,7.34,,,,7.81,6.59,,,,,,-6.1254,pending,,2026-06-26T04:14:45+00:00
trackb_cont_PACK_20260605,7.3,7.27,,,,7.81,6.59,,,,,,-6.1254,pending,,2026-06-26T04:14:45+00:00
trackb_cont_PACK_20260608,7.6,7.22,,,,7.81,6.59,,,,,,-2.9455,pending,,2026-06-26T04:14:45+00:00
trackb_cont_PACK_20260609,7.46,7.64,,,,7.81,6.59,,,,,,-3.5139,pending,,2026-06-26T04:14:45+00:00
trackb_cont_PACK_20260616,7.64,,,,,7.81,7.0,,,,,,-9.7938,pending,,2026-06-26T04:14:45+00:00
trackb_cont_PACK_20260617,7.24,,,,,7.8,7.0,,,,,,-9.7938,pending,,2026-06-26T04:14:45+00:00
trackb_cont_PACK_20260618,,,,,,7.8,7.0,,,,,,-9.7938,pending,,2026-06-26T04:14:45+00:00
trackb_cont_PACK_20260619,,,,,,7.8,7.0,,,,,,-9.7938,pending,,2026-06-26T04:14:45+00:00
trackb_cont_PACK_20260623,,,,,,7.8,7.0,,,,,,-3.7139,pending,,2026-06-26T04:14:45+00:00
trackb_cont_PACK_20260624,,,,,,7.8,7.225,,,,,,-0.619,pending,,2026-06-26T04:14:45+00:00
trackb_cont_PAG_20260603,178.179993,171.330002,,,,186.619995,169.330002,,,,,,-1.5151,pending,,2026-06-26T04:14:54+00:00
trackb_cont_PAG_20260604,181.020004,175.199997,,,,186.619995,169.330002,,,,,,-1.5151,pending,,2026-06-26T04:14:54+00:00
trackb_cont_PAG_20260605,180.960007,175.0,,,,186.619995,169.330002,,,,,,-1.5151,pending,,2026-06-26T04:14:54+00:00
trackb_cont_PAG_20260608,180.070007,176.710007,,,,186.619995,170.229996,,,,,,-0.9917,pending,,2026-06-26T04:14:54+00:00
trackb_cont_PAG_20260609,180.759995,183.440002,,,,186.619995,171.139999,,,,,,-0.7827,pending,,2026-06-26T04:14:54+00:00
trackb_cont_PAG_20260610,171.330002,183.839996,,,,186.619995,171.139999,,,,,,-0.7827,pending,,2026-06-26T04:14:54+00:00
trackb_cont_PAG_20260616,183.440002,,,,,186.619995,171.139999,,,,,,-5.9929,pending,,2026-06-26T04:14:54+00:00
trackb_cont_PAG_20260617,183.839996,,,,,186.619995,171.139999,,,,,,-5.9929,pending,,2026-06-26T04:14:54+00:00
trackb_cont_PAG_20260618,,,,,,186.619995,171.779999,,,,,,0.2627,pending,,2026-06-26T04:14:54+00:00
trackb_cont_PAG_20260619,,,,,,186.619995,174.449997,,,,,,1.821,pending,,2026-06-26T04:14:54+00:00
trackb_cont_PAL_20260611,7.52,,,,,8.71,7.01,,,,,,-12.5935,pending,,2026-06-26T04:17:13+00:00
trackb_cont_PAL_20260612,7.47,,,,,8.71,7.01,,,,,,-16.5476,pending,,2026-06-26T04:17:13+00:00
trackb_cont_PAL_20260616,7.16,,,,,8.225,7.01,,,,,,-13.1351,pending,,2026-06-26T04:17:13+00:00
trackb_cont_PAL_20260617,7.1,,,,,8.07,7.01,,,,,,-13.1351,pending,,2026-06-26T04:17:13+00:00
trackb_cont_PAL_20260618,,,,,,7.74,7.01,,,,,,-13.1351,pending,,2026-06-26T04:17:13+00:00
trackb_cont_PAL_20260619,,,,,,7.74,7.01,,,,,,-13.1351,pending,,2026-06-26T04:17:13+00:00
trackb_cont_PANW_20260603,263.220001,282.130005,,,,295.75,251.149994,,,,,,-11.1414,pending,,2026-06-26T04:14:55+00:00
trackb_cont_PANW_20260604,279.529999,287.779999,,,,295.75,251.149994,,,,,,-11.1414,pending,,2026-06-26T04:14:55+00:00
trackb_cont_PANW_20260605,279.619995,286.399994,,,,295.75,251.149994,,,,,,-11.1414,pending,,2026-06-26T04:14:55+00:00
trackb_cont_PANW_20260608,284.540009,290.920013,,,,295.75,251.149994,,,,,,-7.6824,pending,,2026-06-26T04:14:55+00:00
trackb_cont_PANW_20260609,279.899994,285.26001,,,,295.75,251.149994,,,,,,-5.6997,pending,,2026-06-26T04:14:55+00:00
trackb_cont_PANW_20260623,,,,,,295.540009,282.519989,,,,,,-1.3548,pending,,2026-06-26T04:14:55+00:00
trackb_cont_PANW_20260624,,,,,,295.540009,284.279999,,,,,,-0.7402,pending,,2026-06-26T04:14:55+00:00
trackb_cont_PANW_20260625,,,,,,295.540009,285.269989,,,,,,0.0035,pending,,2026-06-26T04:14:55+00:00
trackb_cont_PATH_20260603,10.75,10.23,,,,12.24,9.88,,,,,,-14.6067,pending,,2026-06-26T04:16:13+00:00
trackb_cont_PATH_20260604,10.65,10.27,,,,12.14,9.88,,,,,,-14.6067,pending,,2026-06-26T04:16:13+00:00
trackb_cont_PATH_20260605,10.55,10.16,,,,11.94,9.88,,,,,,-14.6067,pending,,2026-06-26T04:16:13+00:00
trackb_cont_PAYX_20260603,101.099998,97.580002,,,,103.300003,93.019997,,,,,,-5.2846,pending,,2026-06-26T04:15:32+00:00
trackb_cont_PAYX_20260604,99.269997,98.239998,,,,103.300003,93.019997,,,,,,-5.2846,pending,,2026-06-26T04:15:32+00:00
trackb_cont_PAYX_20260605,100.629997,95.93,,,,103.300003,93.019997,,,,,,-5.2846,pending,,2026-06-26T04:15:32+00:00
trackb_cont_PAYX_20260608,100.900002,97.989998,,,,103.300003,93.019997,,,,,,-7.4704,pending,,2026-06-26T04:15:32+00:00
trackb_cont_PAYX_20260610,97.580002,96.720001,,,,103.300003,93.019997,,,,,,-5.9644,pending,,2026-06-26T04:15:32+00:00
trackb_cont_PAYX_20260615,97.989998,,,,,103.300003,93.019997,,,,,,-7.8645,pending,,2026-06-26T04:15:32+00:00
trackb_cont_PAYX_20260616,96.300003,,,,,102.620003,93.019997,,,,,,-8.5978,pending,,2026-06-26T04:15:32+00:00
trackb_cont_PAYX_20260617,96.720001,,,,,100.849998,93.019997,,,,,,-8.5978,pending,,2026-06-26T04:15:32+00:00
trackb_cont_PAYX_20260618,,,,,,100.190002,93.019997,,,,,,-8.5978,pending,,2026-06-26T04:15:32+00:00
trackb_cont_PAYX_20260619,,,,,,100.190002,93.019997,,,,,,-8.5978,pending,,2026-06-26T04:15:32+00:00
trackb_cont_PBF_20260609,39.150002,40.34,,,,43.68,36.389999,,,,,,-14.1138,pending,,2026-06-26T04:16:53+00:00
trackb_cont_PBF_20260612,39.290001,,,,,42.990002,36.389999,,,,,,-11.5244,pending,,2026-06-26T04:16:53+00:00
trackb_cont_PBI_20260603,16.91,17.379999,,,,18.1,16.1,,,,,,-0.801,pending,,2026-06-26T04:15:22+00:00
trackb_cont_PBI_20260604,17.139999,17.5,,,,18.1,16.16,,,,,,-0.4313,pending,,2026-06-26T04:15:22+00:00
trackb_cont_PBI_20260605,17.32,17.139999,,,,18.1,16.16,,,,,,-0.4313,pending,,2026-06-26T04:15:22+00:00
trackb_cont_PBI_20260608,17.24,17.049999,,,,18.1,16.16,,,,,,-0.4313,pending,,2026-06-26T04:15:22+00:00
trackb_cont_PBI_20260611,17.5,,,,,18.1,16.73,,,,,,-1.0645,pending,,2026-06-26T04:15:22+00:00
trackb_cont_PBI_20260612,17.139999,,,,,18.1,16.799999,,,,,,-1.9837,pending,,2026-06-26T04:15:22+00:00
trackb_cont_PBI_20260616,17.370001,,,,,18.1,16.799999,,,,,,-1.1474,pending,,2026-06-26T04:15:22+00:00
trackb_cont_PBI_20260617,17.5,,,,,18.1,16.799999,,,,,,-1.1474,pending,,2026-06-26T04:15:22+00:00
trackb_cont_PBI_20260618,,,,,,18.1,16.799999,,,,,,-3.3372,pending,,2026-06-26T04:15:22+00:00
trackb_cont_PBI_20260619,,,,,,18.1,16.799999,,,,,,-3.3372,pending,,2026-06-26T04:15:22+00:00
trackb_cont_PBI_20260622,,,,,,18.1,16.799999,,,,,,-3.3372,pending,,2026-06-26T04:15:22+00:00
trackb_cont_PCAR_20260608,120.690002,116.779999,,,,123.029999,113.940002,,,,,,-2.3483,pending,,2026-06-26T04:16:42+00:00
trackb_cont_PCAR_20260611,118.949997,,,,,123.029999,114.150002,,,,,,0.1404,pending,,2026-06-26T04:16:42+00:00
trackb_cont_PCAR_20260615,116.779999,,,,,123.029999,116.32,,,,,,-3.2682,pending,,2026-06-26T04:16:42+00:00
trackb_cont_PCAR_20260616,117.029999,,,,,123.029999,116.32,,,,,,-4.2713,pending,,2026-06-26T04:16:42+00:00
trackb_cont_PCAR_20260617,121.68,,,,,123.029999,116.32,,,,,,-4.2713,pending,,2026-06-26T04:16:42+00:00
trackb_cont_PCAR_20260618,,,,,,123.029999,116.32,,,,,,-4.2713,pending,,2026-06-26T04:16:42+00:00
trackb_cont_PCAR_20260619,,,,,,123.029999,116.32,,,,,,-4.2713,pending,,2026-06-26T04:16:42+00:00
trackb_cont_PCAR_20260623,,,,,,123.029999,116.32,,,,,,-3.1635,pending,,2026-06-26T04:16:42+00:00
trackb_cont_PCAR_20260624,,,,,,123.029999,116.32,,,,,,-3.1635,pending,,2026-06-26T04:16:42+00:00
trackb_cont_PCAR_20260625,,,,,,123.029999,117.860001,,,,,,-1.8815,pending,,2026-06-26T04:16:42+00:00
trackb_cont_PCG_20260609,16.74,17.120001,,,,17.33,16.35,,,,,,-0.7888,pending,,2026-06-26T04:16:55+00:00
trackb_cont_PCG_20260616,17.120001,,,,,17.33,16.35,,,,,,-1.6541,pending,,2026-06-26T04:16:55+00:00
trackb_cont_PCG_20260617,17.08,,,,,17.33,16.35,,,,,,-1.6541,pending,,2026-06-26T04:16:55+00:00
trackb_cont_PCT_20260603,9.885,8.62,,,,14.195,7.72,,,,,,-41.7464,pending,,2026-06-26T04:15:08+00:00
trackb_cont_PCT_20260604,9.02,8.7,,,,14.195,7.72,,,,,,-41.7464,pending,,2026-06-26T04:15:08+00:00
trackb_cont_PCT_20260605,8.88,8.34,,,,13.81,7.72,,,,,,-41.7464,pending,,2026-06-26T04:15:08+00:00
trackb_cont_PCT_20260608,8.8,8.29,,,,12.81,7.72,,,,,,-38.314,pending,,2026-06-26T04:15:08+00:00
trackb_cont_PDM_20260610,8.73,9.24,,,,9.44,8.66,,,,,,-2.9148,pending,,2026-06-26T04:17:08+00:00
trackb_cont_PDM_20260615,9.04,,,,,9.27,8.66,,,,,,-6.5804,pending,,2026-06-26T04:17:08+00:00
trackb_cont_PDM_20260616,8.86,,,,,9.26,8.66,,,,,,-3.8312,pending,,2026-06-26T04:17:08+00:00
trackb_cont_PDM_20260617,9.24,,,,,9.26,8.66,,,,,,-3.8312,pending,,2026-06-26T04:17:08+00:00
trackb_cont_PEB_20260603,17.23,18.33,,,,19.6,15.63,,,,,,-1.7599,pending,,2026-06-26T04:14:52+00:00
trackb_cont_PEB_20260604,17.73,19.059999,,,,19.6,16.16,,,,,,1.5713,pending,,2026-06-26T04:14:52+00:00
trackb_cont_PEB_20260605,18.18,18.719999,,,,19.6,16.74,,,,,,5.2168,pending,,2026-06-26T04:14:52+00:00
trackb_cont_PEB_20260608,18.5,18.360001,,,,19.6,16.74,,,,,,-0.8881,pending,,2026-06-26T04:14:52+00:00
trackb_cont_PEB_20260609,19.379999,18.620001,,,,19.6,16.74,,,,,,-0.5938,pending,,2026-06-26T04:14:52+00:00
trackb_cont_PEB_20260616,18.620001,,,,,19.6,18.09,,,,,,-1.3362,pending,,2026-06-26T04:14:52+00:00
trackb_cont_PEB_20260617,18.9,,,,,19.6,18.09,,,,,,-1.3362,pending,,2026-06-26T04:14:52+00:00
trackb_cont_PEB_20260618,,,,,,19.120001,18.17,,,,,,-3.145,pending,,2026-06-26T04:14:52+00:00
trackb_cont_PEB_20260619,,,,,,19.09,18.17,,,,,,-3.145,pending,,2026-06-26T04:14:52+00:00
trackb_cont_PEB_20260622,,,,,,19.09,18.17,,,,,,-3.145,pending,,2026-06-26T04:14:52+00:00
trackb_cont_PEB_20260623,,,,,,19.030001,18.17,,,,,,-3.145,pending,,2026-06-26T04:14:52+00:00
trackb_cont_PEB_20260625,,,,,,19.030001,18.6,,,,,,-0.1074,pending,,2026-06-26T04:14:52+00:00
trackb_cont_PECO_20260615,41.790001,,,,,42.41,40.18,,,,,,-3.7144,pending,,2026-06-26T04:17:48+00:00
trackb_cont_PECO_20260616,42.139999,,,,,42.41,40.18,,,,,,-3.0639,pending,,2026-06-26T04:17:48+00:00
trackb_cont_PECO_20260617,42.209999,,,,,42.41,40.18,,,,,,-3.0639,pending,,2026-06-26T04:17:48+00:00
trackb_cont_PECO_20260618,,,,,,42.41,40.419998,,,,,,-2.4849,pending,,2026-06-26T04:17:48+00:00
trackb_cont_PECO_20260619,,,,,,42.41,40.560001,,,,,,-2.1472,pending,,2026-06-26T04:17:48+00:00
trackb_cont_PECO_20260625,,,,,,42.32,41.799999,,,,,,-0.8068,pending,,2026-06-26T04:17:48+00:00
trackb_cont_PEG_20260615,81.389999,,,,,83.0,78.879997,,,,,,-0.836,pending,,2026-06-26T04:17:57+00:00
trackb_cont_PEG_20260616,81.949997,,,,,83.0,78.879997,,,,,,-2.134,pending,,2026-06-26T04:17:57+00:00
trackb_cont_PEG_20260617,82.629997,,,,,83.0,78.879997,,,,,,-2.134,pending,,2026-06-26T04:17:57+00:00
trackb_cont_PENG_20260603,58.52,59.68,,,,77.400002,56.610001,,,,,,-17.5142,pending,,2026-06-26T04:15:04+00:00
trackb_cont_PENG_20260604,64.330002,67.150002,,,,77.400002,56.610001,,,,,,-17.5142,pending,,2026-06-26T04:15:04+00:00
trackb_cont_PENG_20260605,64.129997,67.940002,,,,77.400002,56.610001,,,,,,-17.5142,pending,,2026-06-26T04:15:04+00:00
trackb_cont_PENG_20260608,63.869999,66.959999,,,,77.400002,56.610001,,,,,,-5.4293,pending,,2026-06-26T04:15:04+00:00
trackb_cont_PENG_20260615,66.959999,,,,,77.400002,59.040001,,,,,,-6.7151,pending,,2026-06-26T04:15:04+00:00
trackb_cont_PENG_20260616,64.720001,,,,,77.400002,59.040001,,,,,,-8.5927,pending,,2026-06-26T04:15:04+00:00
trackb_cont_PENG_20260617,66.769997,,,,,77.400002,59.040001,,,,,,-8.5927,pending,,2026-06-26T04:15:04+00:00
trackb_cont_PENG_20260618,,,,,,77.400002,61.0,,,,,,-5.5581,pending,,2026-06-26T04:15:04+00:00
trackb_cont_PENG_20260619,,,,,,77.400002,61.0,,,,,,-5.5581,pending,,2026-06-26T04:15:04+00:00
trackb_cont_PENG_20260623,,,,,,71.57,61.0,,,,,,-10.2149,pending,,2026-06-26T04:15:04+00:00
trackb_cont_PENG_20260624,,,,,,68.879997,61.110001,,,,,,-10.053,pending,,2026-06-26T04:15:04+00:00
trackb_cont_PENN_20260603,21.450001,21.23,,,,22.360001,18.790001,,,,,,-4.4981,pending,,2026-06-26T04:15:16+00:00
trackb_cont_PENN_20260604,21.209999,21.299999,,,,22.360001,18.790001,,,,,,-4.4981,pending,,2026-06-26T04:15:16+00:00
trackb_cont_PENN_20260605,21.68,20.83,,,,22.360001,18.790001,,,,,,-4.4981,pending,,2026-06-26T04:15:16+00:00
trackb_cont_PENN_20260608,21.84,20.5,,,,22.360001,18.790001,,,,,,-2.2881,pending,,2026-06-26T04:15:16+00:00
trackb_cont_PENN_20260609,21.870001,20.379999,,,,22.360001,19.18,,,,,,0.0522,pending,,2026-06-26T04:15:16+00:00
trackb_cont_PENN_20260610,21.23,21.09,,,,22.360001,19.940001,,,,,,4.0167,pending,,2026-06-26T04:15:16+00:00
trackb_cont_PENN_20260611,21.299999,,,,,22.360001,19.940001,,,,,,-7.0396,pending,,2026-06-26T04:15:16+00:00
trackb_cont_PENN_20260616,20.379999,,,,,22.360001,19.940001,,,,,,-8.7832,pending,,2026-06-26T04:15:16+00:00
trackb_cont_PENN_20260617,21.09,,,,,22.09,19.940001,,,,,,-8.7832,pending,,2026-06-26T04:15:16+00:00
trackb_cont_PENN_20260618,,,,,,21.870001,19.940001,,,,,,-8.7832,pending,,2026-06-26T04:15:16+00:00
trackb_cont_PENN_20260619,,,,,,21.870001,19.940001,,,,,,-8.7832,pending,,2026-06-26T04:15:16+00:00
trackb_cont_PENN_20260622,,,,,,21.870001,19.940001,,,,,,-6.385,pending,,2026-06-26T04:15:16+00:00
trackb_cont_PENN_20260623,,,,,,21.799999,19.940001,,,,,,-6.385,pending,,2026-06-26T04:15:16+00:00
trackb_cont_PFE_20260616,24.040001,,,,,26.280001,23.620001,,,,,,-9.5192,pending,,2026-06-26T04:18:16+00:00
trackb_cont_PFE_20260617,23.67,,,,,26.280001,23.620001,,,,,,-9.5192,pending,,2026-06-26T04:18:16+00:00
trackb_cont_PFGC_20260603,100.739998,103.410004,,,,108.599998,93.690002,,,,,,-3.2328,pending,,2026-06-26T04:15:56+00:00
trackb_cont_PFGC_20260604,104.059998,103.620003,,,,108.599998,93.690002,,,,,,-3.2328,pending,,2026-06-26T04:15:56+00:00
trackb_cont_PFGC_20260605,104.07,102.610001,,,,108.599998,94.25,,,,,,-2.6544,pending,,2026-06-26T04:15:56+00:00
trackb_cont_PFGC_20260608,104.099998,104.389999,,,,108.599998,96.940002,,,,,,0.1239,pending,,2026-06-26T04:15:56+00:00
trackb_cont_PFGC_20260610,103.410004,107.269997,,,,108.599998,98.879997,,,,,,1.5508,pending,,2026-06-26T04:15:56+00:00
trackb_cont_PFGC_20260616,106.43,,,,,108.599998,102.019997,,,,,,-3.032,pending,,2026-06-26T04:15:56+00:00
trackb_cont_PFGC_20260617,107.269997,,,,,108.599998,102.019997,,,,,,-3.032,pending,,2026-06-26T04:15:56+00:00
trackb_cont_PFGC_20260618,,,,,,108.599998,102.019997,,,,,,-2.186,pending,,2026-06-26T04:15:56+00:00
trackb_cont_PFGC_20260619,,,,,,108.599998,102.019997,,,,,,-2.186,pending,,2026-06-26T04:15:56+00:00
trackb_cont_PFGC_20260622,,,,,,108.599998,102.019997,,,,,,-1.5441,pending,,2026-06-26T04:15:56+00:00
trackb_cont_PFGC_20260623,,,,,,108.599998,102.019997,,,,,,-0.575,pending,,2026-06-26T04:15:56+00:00
trackb_cont_PFGC_20260624,,,,,,108.599998,104.220001,,,,,,1.569,pending,,2026-06-26T04:15:56+00:00
trackb_cont_PFGC_20260625,,,,,,108.599998,105.105003,,,,,,2.4315,pending,,2026-06-26T04:15:56+00:00
trackb_cont_PFG_20260603,109.209999,110.220001,,,,112.449997,100.849998,,,,,,-1.1371,pending,,2026-06-26T04:15:32+00:00
trackb_cont_PFG_20260604,109.690002,109.57,,,,112.449997,101.910004,,,,,,-0.098,pending,,2026-06-26T04:15:32+00:00
trackb_cont_PFG_20260605,111.120003,111.230003,,,,112.449997,103.389999,,,,,,1.3528,pending,,2026-06-26T04:15:32+00:00
trackb_cont_PFG_20260608,110.589996,112.360001,,,,112.449997,104.660004,,,,,,2.5978,pending,,2026-06-26T04:15:32+00:00
trackb_cont_PFG_20260610,110.220001,105.440002,,,,112.449997,104.660004,,,,,,-0.3523,pending,,2026-06-26T04:15:32+00:00
trackb_cont_PFG_20260616,106.699997,,,,,112.449997,104.660004,,,,,,-6.025,pending,,2026-06-26T04:15:32+00:00
trackb_cont_PFG_20260617,105.440002,,,,,112.449997,104.660004,,,,,,-6.025,pending,,2026-06-26T04:15:32+00:00
trackb_cont_PFG_20260618,,,,,,112.449997,104.660004,,,,,,-6.025,pending,,2026-06-26T04:15:32+00:00
trackb_cont_PFG_20260619,,,,,,112.449997,104.660004,,,,,,-6.025,pending,,2026-06-26T04:15:32+00:00
trackb_cont_PFG_20260623,,,,,,112.449997,104.660004,,,,,,-5.9067,pending,,2026-06-26T04:15:32+00:00
trackb_cont_PFG_20260624,,,,,,110.510002,104.660004,,,,,,-5.9067,pending,,2026-06-26T04:15:32+00:00
trackb_cont_PFG_20260625,,,,,,108.339996,104.660004,,,,,,-1.9119,pending,,2026-06-26T04:15:32+00:00
trackb_cont_PGNY_20260603,25.889999,26.309999,,,,27.379999,24.700001,,,,,,-0.5436,pending,,2026-06-26T04:15:43+00:00
trackb_cont_PGNY_20260604,25.65,26.08,,,,27.379999,25.08,,,,,,0.9865,pending,,2026-06-26T04:15:43+00:00
trackb_cont_PGNY_20260605,26.629999,26.280001,,,,27.379999,25.184999,,,,,,1.4093,pending,,2026-06-26T04:15:43+00:00
trackb_cont_PGNY_20260608,26.91,26.629999,,,,27.379999,25.184999,,,,,,1.4093,pending,,2026-06-26T04:15:43+00:00
trackb_cont_PGNY_20260609,26.6,26.889999,,,,27.379999,25.184999,,,,,,-2.8357,pending,,2026-06-26T04:15:43+00:00
trackb_cont_PGNY_20260611,26.08,,,,,27.379999,25.184999,,,,,,-2.7231,pending,,2026-06-26T04:15:43+00:00
trackb_cont_PGNY_20260612,26.280001,,,,,27.379999,25.184999,,,,,,-1.8129,pending,,2026-06-26T04:15:43+00:00
trackb_cont_PGNY_20260616,26.889999,,,,,27.379999,25.950001,,,,,,-4.2082,pending,,2026-06-26T04:15:43+00:00
trackb_cont_PGNY_20260617,27.379999,,,,,27.379999,25.950001,,,,,,-4.2082,pending,,2026-06-26T04:15:43+00:00
trackb_cont_PGNY_20260618,,,,,,27.379999,25.950001,,,,,,-1.3683,pending,,2026-06-26T04:15:43+00:00
trackb_cont_PGNY_20260619,,,,,,27.379999,26.25,,,,,,-0.2281,pending,,2026-06-26T04:15:43+00:00
trackb_cont_PGNY_20260625,,,,,,27.379999,26.85,,,,,,-0.1488,pending,,2026-06-26T04:15:43+00:00
trackb_cont_PGR_20260616,220.5,,,,,222.449997,201.830002,,,,,,-1.3249,pending,,2026-06-26T04:18:01+00:00
trackb_cont_PGR_20260617,215.539993,,,,,222.449997,201.830002,,,,,,-1.3249,pending,,2026-06-26T04:18:01+00:00
trackb_cont_PGR_20260618,,,,,,222.449997,201.830002,,,,,,-1.3249,pending,,2026-06-26T04:18:01+00:00
trackb_cont_PGR_20260619,,,,,,222.449997,203.429993,,,,,,-0.5427,pending,,2026-06-26T04:18:01+00:00
trackb_cont_PGR_20260622,,,,,,222.449997,203.429993,,,,,,-0.7029,pending,,2026-06-26T04:18:01+00:00
trackb_cont_PGR_20260623,,,,,,222.449997,210.190002,,,,,,1.355,pending,,2026-06-26T04:18:01+00:00
trackb_cont_PGR_20260624,,,,,,222.449997,215.389999,,,,,,3.8625,pending,,2026-06-26T04:18:01+00:00
trackb_cont_PGR_20260625,,,,,,222.449997,215.389999,,,,,,3.8625,pending,,2026-06-26T04:18:01+00:00
trackb_cont_PG_20260610,150.559998,148.5,,,,153.350006,147.570007,,,,,,1.7023,pending,,2026-06-26T04:17:07+00:00
trackb_cont_PG_20260615,150.860001,,,,,153.350006,147.570007,,,,,,-2.1094,pending,,2026-06-26T04:17:07+00:00
trackb_cont_PG_20260616,152.039993,,,,,153.350006,147.570007,,,,,,-2.1938,pending,,2026-06-26T04:17:07+00:00
trackb_cont_PG_20260617,148.5,,,,,153.350006,147.570007,,,,,,-2.1938,pending,,2026-06-26T04:17:07+00:00
trackb_cont_PG_20260618,,,,,,153.350006,147.570007,,,,,,-1.9924,pending,,2026-06-26T04:17:07+00:00
trackb_cont_PG_20260619,,,,,,153.350006,147.570007,,,,,,-1.9924,pending,,2026-06-26T04:17:07+00:00
trackb_cont_PG_20260622,,,,,,153.350006,147.570007,,,,,,-1.8686,pending,,2026-06-26T04:17:07+00:00
trackb_cont_PG_20260623,,,,,,153.350006,147.820007,,,,,,0.0948,pending,,2026-06-26T04:17:07+00:00
trackb_cont_PG_20260624,,,,,,153.350006,147.820007,,,,,,0.0948,pending,,2026-06-26T04:17:07+00:00
trackb_cont_PG_20260625,,,,,,152.289993,147.820007,,,,,,0.0948,pending,,2026-06-26T04:17:07+00:00
trackb_cont_PHIN_20260603,80.510002,78.349998,,,,86.934998,77.885002,,,,,,-2.7289,pending,,2026-06-26T04:16:10+00:00
trackb_cont_PHIN_20260604,81.809998,80.779999,,,,86.934998,78.25,,,,,,-2.273,pending,,2026-06-26T04:16:10+00:00
trackb_cont_PHIN_20260605,85.160004,81.330002,,,,86.934998,78.25,,,,,,-2.273,pending,,2026-06-26T04:16:10+00:00
trackb_cont_PHIN_20260608,83.650002,80.519997,,,,86.934998,78.25,,,,,,-1.5476,pending,,2026-06-26T04:16:10+00:00
trackb_cont_PHIN_20260616,83.489998,,,,,85.519997,78.25,,,,,,-8.1681,pending,,2026-06-26T04:16:10+00:00
trackb_cont_PHIN_20260617,85.010002,,,,,85.519997,78.25,,,,,,-8.1681,pending,,2026-06-26T04:16:10+00:00
trackb_cont_PHM_20260615,126.550003,,,,,140.089996,121.599998,,,,,,-3.5342,pending,,2026-06-26T04:16:49+00:00
trackb_cont_PHM_20260616,135.710007,,,,,140.089996,121.599998,,,,,,-1.3708,pending,,2026-06-26T04:16:49+00:00
trackb_cont_PHM_20260617,135.809998,,,,,140.089996,121.599998,,,,,,-1.3708,pending,,2026-06-26T04:16:49+00:00
trackb_cont_PHM_20260618,,,,,,140.089996,123.470001,,,,,,0.146,pending,,2026-06-26T04:16:49+00:00
trackb_cont_PHM_20260619,,,,,,140.089996,124.849998,,,,,,1.2653,pending,,2026-06-26T04:16:49+00:00
trackb_cont_PHM_20260625,,,,,,140.089996,135.119995,,,,,,-0.4348,pending,,2026-06-26T04:16:49+00:00
trackb_cont_PHR_20260603,9.14,9.35,,,,10.205,8.76,,,,,,-9.3168,pending,,2026-06-26T04:16:06+00:00
trackb_cont_PHR_20260604,9.05,9.38,,,,10.14,8.76,,,,,,-9.3168,pending,,2026-06-26T04:16:06+00:00
trackb_cont_PHR_20260605,9.06,8.92,,,,9.79,8.76,,,,,,-9.3168,pending,,2026-06-26T04:16:06+00:00
trackb_cont_PHR_20260608,9.15,9.15,,,,9.745,8.76,,,,,,-9.3168,pending,,2026-06-26T04:16:06+00:00
trackb_cont_PH_20260622,,,,,,1003.789978,930.200012,,,,,,-2.4201,pending,,2026-06-26T04:17:59+00:00
trackb_cont_PH_20260623,,,,,,1003.789978,930.200012,,,,,,-2.4201,pending,,2026-06-26T04:17:59+00:00
trackb_cont_PII_20260603,66.510002,68.629997,,,,73.769997,65.559998,,,,,,-4.0117,pending,,2026-06-26T04:15:52+00:00
trackb_cont_PII_20260604,69.389999,71.360001,,,,73.769997,65.559998,,,,,,-4.0117,pending,,2026-06-26T04:15:52+00:00
trackb_cont_PII_20260605,70.93,68.760002,,,,73.769997,65.559998,,,,,,-4.0117,pending,,2026-06-26T04:15:52+00:00
trackb_cont_PII_20260608,70.110001,68.68,,,,73.769997,65.559998,,,,,,-0.7569,pending,,2026-06-26T04:15:52+00:00
trackb_cont_PII_20260616,70.919998,,,,,73.769997,67.0,,,,,,-6.4964,pending,,2026-06-26T04:15:52+00:00
trackb_cont_PII_20260617,72.150002,,,,,73.769997,67.0,,,,,,-6.4964,pending,,2026-06-26T04:15:52+00:00
trackb_cont_PII_20260618,,,,,,73.769997,67.0,,,,,,-6.4964,pending,,2026-06-26T04:15:52+00:00
trackb_cont_PII_20260619,,,,,,73.769997,67.0,,,,,,-6.4964,pending,,2026-06-26T04:15:52+00:00
trackb_cont_PII_20260622,,,,,,73.769997,67.0,,,,,,-6.1099,pending,,2026-06-26T04:15:52+00:00
trackb_cont_PII_20260623,,,,,,73.769997,67.0,,,,,,-2.5596,pending,,2026-06-26T04:15:52+00:00
trackb_cont_PII_20260624,,,,,,73.769997,69.18,,,,,,0.6108,pending,,2026-06-26T04:15:52+00:00
trackb_cont_PINS_20260609,21.16,19.860001,,,,22.105,18.725,,,,,,-14.8477,pending,,2026-06-26T04:16:54+00:00
trackb_cont_PINS_20260612,19.5,,,,,21.700001,18.725,,,,,,-12.907,pending,,2026-06-26T04:16:54+00:00
trackb_cont_PINS_20260618,,,,,,20.67,18.725,,,,,,-8.0304,pending,,2026-06-26T04:16:54+00:00
trackb_cont_PINS_20260619,,,,,,20.495001,18.725,,,,,,-8.0304,pending,,2026-06-26T04:16:54+00:00
trackb_cont_PINS_20260622,,,,,,20.495001,18.725,,,,,,-8.0304,pending,,2026-06-26T04:16:54+00:00
trackb_cont_PKG_20260603,216.639999,229.259995,,,,243.5,214.179993,,,,,,-4.8808,pending,,2026-06-26T04:16:03+00:00
trackb_cont_PKG_20260604,224.399994,229.020004,,,,243.5,214.179993,,,,,,-4.8808,pending,,2026-06-26T04:16:03+00:00
trackb_cont_PKG_20260605,228.229996,234.029999,,,,243.5,214.179993,,,,,,-4.8808,pending,,2026-06-26T04:16:03+00:00
trackb_cont_PKG_20260608,229.960007,232.830002,,,,243.5,214.179993,,,,,,-4.8808,pending,,2026-06-26T04:16:03+00:00
trackb_cont_PKG_20260610,229.259995,241.089996,,,,243.5,214.179993,,,,,,-2.3926,pending,,2026-06-26T04:16:03+00:00
trackb_cont_PKG_20260615,232.830002,,,,,243.5,227.25,,,,,,-1.9862,pending,,2026-06-26T04:16:03+00:00
trackb_cont_PKG_20260616,237.850006,,,,,243.5,227.25,,,,,,-2.3526,pending,,2026-06-26T04:16:03+00:00
trackb_cont_PKG_20260617,241.089996,,,,,243.5,227.25,,,,,,-2.3526,pending,,2026-06-26T04:16:03+00:00
trackb_cont_PKG_20260618,,,,,,243.5,228.300003,,,,,,-0.3182,pending,,2026-06-26T04:16:03+00:00
trackb_cont_PKG_20260619,,,,,,243.5,228.300003,,,,,,-0.3182,pending,,2026-06-26T04:16:03+00:00
trackb_cont_PKG_20260622,,,,,,243.5,228.300003,,,,,,-0.3182,pending,,2026-06-26T04:16:03+00:00
trackb_cont_PKG_20260623,,,,,,243.5,228.300003,,,,,,-0.3182,pending,,2026-06-26T04:16:03+00:00
trackb_cont_PKG_20260625,,,,,,243.5,238.100006,,,,,,0.1051,pending,,2026-06-26T04:16:03+00:00
trackb_cont_PK_20260603,13.92,14.5,,,,14.95,13.15,,,,,,-3.4862,pending,,2026-06-26T04:14:43+00:00
trackb_cont_PK_20260604,14.36,14.72,,,,14.95,13.57,,,,,,-0.4037,pending,,2026-06-26T04:14:43+00:00
trackb_cont_PK_20260605,14.5,14.57,,,,14.95,13.86,,,,,,1.7248,pending,,2026-06-26T04:14:43+00:00
trackb_cont_PK_20260608,14.4,14.43,,,,14.95,13.86,,,,,,1.7248,pending,,2026-06-26T04:14:43+00:00
trackb_cont_PK_20260611,14.72,,,,,14.95,13.97,,,,,,0.3592,pending,,2026-06-26T04:14:43+00:00
trackb_cont_PK_20260616,14.34,,,,,14.95,14.06,,,,,,-2.4289,pending,,2026-06-26T04:14:43+00:00
trackb_cont_PK_20260617,14.57,,,,,14.95,14.06,,,,,,-2.4289,pending,,2026-06-26T04:14:43+00:00
trackb_cont_PK_20260618,,,,,,14.945,14.06,,,,,,-4.8714,pending,,2026-06-26T04:14:43+00:00
trackb_cont_PK_20260619,,,,,,14.855,14.06,,,,,,-4.8714,pending,,2026-06-26T04:14:43+00:00
trackb_cont_PK_20260622,,,,,,14.855,14.06,,,,,,-4.8714,pending,,2026-06-26T04:14:43+00:00
trackb_cont_PK_20260623,,,,,,14.795,14.06,,,,,,-4.8714,pending,,2026-06-26T04:14:43+00:00
trackb_cont_PK_20260625,,,,,,14.585,14.295,,,,,,-0.3138,pending,,2026-06-26T04:14:43+00:00
trackb_cont_PLD_20260611,140.539993,,,,,150.179993,137.669998,,,,,,-5.5567,pending,,2026-06-26T04:17:15+00:00
trackb_cont_PLD_20260612,143.830002,,,,,150.179993,137.669998,,,,,,-6.4678,pending,,2026-06-26T04:17:15+00:00
trackb_cont_PLD_20260615,145.25,,,,,150.179993,137.669998,,,,,,-8.0422,pending,,2026-06-26T04:17:15+00:00
trackb_cont_PLD_20260616,140.869995,,,,,148.460007,137.669998,,,,,,-7.4207,pending,,2026-06-26T04:17:15+00:00
trackb_cont_PLD_20260617,140.529999,,,,,146.160004,137.669998,,,,,,-7.4207,pending,,2026-06-26T04:17:15+00:00
trackb_cont_PLPC_20260603,352.160004,364.279999,,,,407.25,349.48999,,,,,,-6.8027,pending,,2026-06-26T04:15:23+00:00
trackb_cont_PLPC_20260604,376.470001,384.269989,,,,407.25,349.48999,,,,,,-6.8027,pending,,2026-06-26T04:15:23+00:00
trackb_cont_PLPC_20260605,375.420013,401.23999,,,,407.25,349.48999,,,,,,-6.8027,pending,,2026-06-26T04:15:23+00:00
trackb_cont_PLPC_20260608,380.160004,383.470001,,,,407.25,349.48999,,,,,,-3.7271,pending,,2026-06-26T04:15:23+00:00
trackb_cont_PLPC_20260616,384.309998,,,,,407.25,362.619995,,,,,,-5.7506,pending,,2026-06-26T04:15:23+00:00
trackb_cont_PLPC_20260617,405.0,,,,,407.25,362.619995,,,,,,-5.7506,pending,,2026-06-26T04:15:23+00:00
trackb_cont_PLPC_20260618,,,,,,407.25,368.190002,,,,,,-4.3028,pending,,2026-06-26T04:15:23+00:00
trackb_cont_PLPC_20260619,,,,,,407.25,368.190002,,,,,,-4.3028,pending,,2026-06-26T04:15:23+00:00
trackb_cont_PLUG_20260603,2.86,2.65,,,,3.99,2.5,,,,,,-34.4383,pending,,2026-06-26T04:15:49+00:00
trackb_cont_PLUG_20260604,2.83,2.85,,,,3.72,2.5,,,,,,-34.4383,pending,,2026-06-26T04:15:49+00:00
trackb_cont_PLUG_20260605,2.76,2.79,,,,3.5,2.5,,,,,,-34.4383,pending,,2026-06-26T04:15:49+00:00
trackb_cont_PLUG_20260608,2.8,2.71,,,,3.34,2.5,,,,,,-34.4383,pending,,2026-06-26T04:15:49+00:00
trackb_cont_PLXS_20260603,275.51001,294.029999,,,,307.059998,269.809998,,,,,,-6.0877,pending,,2026-06-26T04:15:12+00:00
trackb_cont_PLXS_20260604,287.929993,299.970001,,,,307.059998,269.809998,,,,,,-6.0877,pending,,2026-06-26T04:15:12+00:00
trackb_cont_PLXS_20260605,295.019989,303.820007,,,,307.059998,269.809998,,,,,,-6.0877,pending,,2026-06-26T04:15:12+00:00
trackb_cont_PLXS_20260608,295.019989,288.589996,,,,307.059998,269.809998,,,,,,-6.0877,pending,,2026-06-26T04:15:12+00:00
trackb_cont_PLXS_20260615,288.589996,,,,,307.059998,279.660004,,,,,,-6.6711,pending,,2026-06-26T04:15:12+00:00
trackb_cont_PLXS_20260616,286.589996,,,,,307.059998,279.660004,,,,,,-5.7146,pending,,2026-06-26T04:15:12+00:00
trackb_cont_PLXS_20260617,296.790009,,,,,307.059998,279.660004,,,,,,-5.7146,pending,,2026-06-26T04:15:12+00:00
trackb_cont_PLXS_20260618,,,,,,307.059998,279.660004,,,,,,-4.8873,pending,,2026-06-26T04:15:12+00:00
trackb_cont_PLXS_20260619,,,,,,307.059998,279.660004,,,,,,-4.8873,pending,,2026-06-26T04:15:12+00:00
trackb_cont_PLXS_20260622,,,,,,307.059998,279.660004,,,,,,-6.7707,pending,,2026-06-26T04:15:12+00:00
trackb_cont_PLXS_20260623,,,,,,299.0,279.660004,,,,,,-7.9521,pending,,2026-06-26T04:15:12+00:00
trackb_cont_PLXS_20260624,,,,,,299.0,279.660004,,,,,,-7.9521,pending,,2026-06-26T04:15:12+00:00
trackb_cont_PLXS_20260625,,,,,,299.0,286.019989,,,,,,-5.8587,pending,,2026-06-26T04:15:12+00:00
trackb_cont_PL_20260603,30.719999,28.219999,,,,47.619999,25.299999,,,,,,-43.2799,pending,,2026-06-26T04:16:02+00:00
trackb_cont_PL_20260604,34.169998,28.23,,,,45.165001,25.299999,,,,,,-43.2799,pending,,2026-06-26T04:16:02+00:00
trackb_cont_PL_20260605,31.15,28.77,,,,39.18,25.299999,,,,,,-43.2799,pending,,2026-06-26T04:16:02+00:00
trackb_cont_PL_20260608,30.58,28.530001,,,,34.369999,25.299999,,,,,,-43.2799,pending,,2026-06-26T04:16:02+00:00
trackb_cont_PNC_20260608,230.559998,238.669998,,,,249.009995,226.759995,,,,,,-0.705,pending,,2026-06-26T04:16:41+00:00
trackb_cont_PNC_20260611,232.039993,,,,,249.009995,229.740005,,,,,,-1.2466,pending,,2026-06-26T04:16:41+00:00
trackb_cont_PNC_20260615,238.669998,,,,,249.009995,229.740005,,,,,,-3.5638,pending,,2026-06-26T04:16:41+00:00
trackb_cont_PNC_20260616,239.919998,,,,,249.009995,231.330002,,,,,,-0.2221,pending,,2026-06-26T04:16:41+00:00
trackb_cont_PNC_20260617,245.279999,,,,,249.009995,231.330002,,,,,,-0.2221,pending,,2026-06-26T04:16:41+00:00
trackb_cont_PNC_20260618,,,,,,249.009995,231.330002,,,,,,-0.7721,pending,,2026-06-26T04:16:41+00:00
trackb_cont_PNC_20260619,,,,,,249.009995,232.210007,,,,,,-0.3946,pending,,2026-06-26T04:16:41+00:00
trackb_cont_PNC_20260622,,,,,,249.009995,232.210007,,,,,,0.0733,pending,,2026-06-26T04:16:41+00:00
trackb_cont_PNC_20260623,,,,,,249.009995,234.369995,,,,,,1.0041,pending,,2026-06-26T04:16:41+00:00
trackb_cont_POWL_20260616,294.48999,,,,,316.98999,280.0,,,,,,-6.9644,pending,,2026-06-26T04:17:36+00:00
trackb_cont_POWL_20260617,309.200012,,,,,316.98999,280.0,,,,,,-6.9644,pending,,2026-06-26T04:17:36+00:00
trackb_cont_POWL_20260623,,,,,,316.98999,280.0,,,,,,-9.0318,pending,,2026-06-26T04:17:36+00:00
trackb_cont_POWL_20260624,,,,,,316.98999,287.959991,,,,,,-6.4457,pending,,2026-06-26T04:17:36+00:00
trackb_cont_PPG_20260603,112.970001,117.139999,,,,125.699997,110.860001,,,,,,-0.7964,pending,,2026-06-26T04:15:12+00:00
trackb_cont_PPG_20260604,118.239998,118.25,,,,125.699997,111.629997,,,,,,-0.1074,pending,,2026-06-26T04:15:12+00:00
trackb_cont_PPG_20260605,119.339996,118.919998,,,,125.699997,111.629997,,,,,,-0.1074,pending,,2026-06-26T04:15:12+00:00
trackb_cont_PPG_20260608,121.529999,117.699997,,,,125.699997,112.25,,,,,,-1.362,pending,,2026-06-26T04:15:12+00:00
trackb_cont_PPG_20260610,117.139999,122.400002,,,,125.699997,112.879997,,,,,,-0.0,pending,,2026-06-26T04:15:12+00:00
trackb_cont_PPG_20260612,118.919998,,,,,125.699997,116.779999,,,,,,-1.2348,pending,,2026-06-26T04:15:12+00:00
trackb_cont_PPG_20260616,120.980003,,,,,125.699997,116.779999,,,,,,-4.7005,pending,,2026-06-26T04:15:12+00:00
trackb_cont_PPG_20260617,122.400002,,,,,125.699997,116.779999,,,,,,-4.7005,pending,,2026-06-26T04:15:12+00:00
trackb_cont_PPG_20260618,,,,,,125.699997,117.330002,,,,,,-4.2517,pending,,2026-06-26T04:15:12+00:00
trackb_cont_PPG_20260619,,,,,,125.699997,117.330002,,,,,,-4.2517,pending,,2026-06-26T04:15:12+00:00
trackb_cont_PRA_20260616,25.0,,,,,25.02,24.540001,,,,,,-0.3654,pending,,2026-06-26T04:18:07+00:00
trackb_cont_PRA_20260617,25.0,,,,,25.02,24.540001,,,,,,-0.3654,pending,,2026-06-26T04:18:07+00:00
trackb_cont_PRA_20260618,,,,,,25.02,24.540001,,,,,,-0.3654,pending,,2026-06-26T04:18:07+00:00
trackb_cont_PRA_20260619,,,,,,25.02,24.540001,,,,,,-0.3654,pending,,2026-06-26T04:18:07+00:00
trackb_cont_PRA_20260623,,,,,,25.02,24.559999,,,,,,0.0815,pending,,2026-06-26T04:18:07+00:00
trackb_cont_PRA_20260624,,,,,,25.02,24.98,,,,,,1.793,pending,,2026-06-26T04:18:07+00:00
trackb_cont_PRA_20260625,,,,,,25.01,24.99,,,,,,1.8337,pending,,2026-06-26T04:18:07+00:00
trackb_cont_PRG_20260615,39.43,,,,,44.299999,37.389999,,,,,,-4.251,pending,,2026-06-26T04:17:50+00:00
trackb_cont_PRG_20260616,41.32,,,,,44.299999,37.389999,,,,,,-4.6781,pending,,2026-06-26T04:17:50+00:00
trackb_cont_PRG_20260617,43.41,,,,,44.299999,37.389999,,,,,,-4.6781,pending,,2026-06-26T04:17:50+00:00
trackb_cont_PRG_20260618,,,,,,44.299999,37.950001,,,,,,0.8772,pending,,2026-06-26T04:17:50+00:00
trackb_cont_PRG_20260619,,,,,,44.299999,38.310001,,,,,,1.8341,pending,,2026-06-26T04:17:50+00:00
trackb_cont_PRG_20260622,,,,,,44.299999,38.310001,,,,,,-0.3123,pending,,2026-06-26T04:17:50+00:00
trackb_cont_PRG_20260623,,,,,,44.299999,38.310001,,,,,,-0.3123,pending,,2026-06-26T04:17:50+00:00
trackb_cont_PRI_20260616,281.519989,,,,,287.690002,278.929993,,,,,,-0.7402,pending,,2026-06-26T04:18:08+00:00
trackb_cont_PRI_20260617,281.369995,,,,,287.690002,278.929993,,,,,,-0.7402,pending,,2026-06-26T04:18:08+00:00
trackb_cont_PRI_20260618,,,,,,287.690002,278.929993,,,,,,-0.7402,pending,,2026-06-26T04:18:08+00:00
trackb_cont_PRI_20260619,,,,,,287.690002,278.929993,,,,,,-0.7402,pending,,2026-06-26T04:18:08+00:00
trackb_cont_PRI_20260622,,,,,,287.690002,278.929993,,,,,,-1.0114,pending,,2026-06-26T04:18:08+00:00
trackb_cont_PRI_20260623,,,,,,287.690002,279.0,,,,,,-0.382,pending,,2026-06-26T04:18:08+00:00
trackb_cont_PRI_20260624,,,,,,287.690002,279.0,,,,,,-0.382,pending,,2026-06-26T04:18:08+00:00
trackb_cont_PRI_20260625,,,,,,287.690002,279.839996,,,,,,-0.0821,pending,,2026-06-26T04:18:08+00:00
trackb_cont_PRKS_20260603,44.080002,45.880001,,,,48.509998,38.150002,,,,,,-0.4696,pending,,2026-06-26T04:15:57+00:00
trackb_cont_PRKS_20260604,46.439999,46.639999,,,,48.509998,39.52,,,,,,3.1046,pending,,2026-06-26T04:15:57+00:00
trackb_cont_PRKS_20260605,45.150002,46.040001,,,,48.509998,39.52,,,,,,3.1046,pending,,2026-06-26T04:15:57+00:00
trackb_cont_PRKS_20260608,46.259998,46.27,,,,48.509998,40.669998,,,,,,6.1049,pending,,2026-06-26T04:15:57+00:00
trackb_cont_PRKS_20260610,45.880001,46.400002,,,,48.509998,43.91,,,,,,4.4481,pending,,2026-06-26T04:15:57+00:00
trackb_cont_PRKS_20260616,46.869999,,,,,48.509998,44.810001,,,,,,-1.7755,pending,,2026-06-26T04:15:57+00:00
trackb_cont_PRKS_20260617,46.400002,,,,,48.509998,44.810001,,,,,,-1.7755,pending,,2026-06-26T04:15:57+00:00
trackb_cont_PRKS_20260618,,,,,,48.509998,44.810001,,,,,,-1.7755,pending,,2026-06-26T04:15:57+00:00
trackb_cont_PRKS_20260619,,,,,,48.279999,44.810001,,,,,,-1.7755,pending,,2026-06-26T04:15:57+00:00
trackb_cont_PRKS_20260622,,,,,,48.279999,44.810001,,,,,,-3.9237,pending,,2026-06-26T04:15:57+00:00
trackb_cont_PRKS_20260623,,,,,,48.279999,44.810001,,,,,,-3.9237,pending,,2026-06-26T04:15:57+00:00
trackb_cont_PRKS_20260625,,,,,,48.279999,45.720001,,,,,,-2.4536,pending,,2026-06-26T04:15:57+00:00
trackb_cont_PRLB_20260603,73.779999,79.57,,,,83.150002,72.169998,,,,,,-4.537,pending,,2026-06-26T04:14:43+00:00
trackb_cont_PRLB_20260604,77.959999,81.059998,,,,83.150002,72.169998,,,,,,-4.537,pending,,2026-06-26T04:14:43+00:00
trackb_cont_PRLB_20260605,78.940002,81.68,,,,83.150002,72.169998,,,,,,-4.537,pending,,2026-06-26T04:14:43+00:00
trackb_cont_PRLB_20260608,78.529999,79.809998,,,,83.150002,72.900002,,,,,,-3.5714,pending,,2026-06-26T04:14:43+00:00
trackb_cont_PRLB_20260611,81.059998,,,,,83.150002,73.190002,,,,,,-0.7997,pending,,2026-06-26T04:14:43+00:00
trackb_cont_PRLB_20260616,79.830002,,,,,83.150002,77.580002,,,,,,-2.1134,pending,,2026-06-26T04:14:43+00:00
trackb_cont_PRLB_20260617,81.220001,,,,,82.370003,77.580002,,,,,,-2.1134,pending,,2026-06-26T04:14:43+00:00
trackb_cont_PRLB_20260618,,,,,,82.370003,78.309998,,,,,,-1.5835,pending,,2026-06-26T04:14:43+00:00
trackb_cont_PRLB_20260619,,,,,,82.370003,78.309998,,,,,,-1.5835,pending,,2026-06-26T04:14:43+00:00
trackb_cont_PRLB_20260622,,,,,,82.370003,78.309998,,,,,,-1.5835,pending,,2026-06-26T04:14:43+00:00
trackb_cont_PRLB_20260623,,,,,,82.370003,78.309998,,,,,,-4.1259,pending,,2026-06-26T04:14:43+00:00
trackb_cont_PRLB_20260624,,,,,,82.370003,78.309998,,,,,,-4.1259,pending,,2026-06-26T04:14:43+00:00
trackb_cont_PRLB_20260625,,,,,,82.370003,80.419998,,,,,,0.7391,pending,,2026-06-26T04:14:43+00:00
trackb_cont_PRMB_20260603,22.879999,23.700001,,,,25.459999,22.67,,,,,,-6.3417,pending,,2026-06-26T04:15:19+00:00
trackb_cont_PRMB_20260604,23.540001,24.27,,,,25.459999,22.67,,,,,,-6.3417,pending,,2026-06-26T04:15:19+00:00
trackb_cont_PRMB_20260605,24.15,23.530001,,,,25.459999,22.67,,,,,,-6.3417,pending,,2026-06-26T04:15:19+00:00
trackb_cont_PRSU_20260603,46.360001,48.68,,,,54.639999,43.09,,,,,,-0.9653,pending,,2026-06-26T04:16:11+00:00
trackb_cont_PRSU_20260604,47.75,50.939999,,,,54.639999,43.09,,,,,,-0.9653,pending,,2026-06-26T04:16:11+00:00
trackb_cont_PRSU_20260605,47.959999,50.91,,,,54.639999,43.48,,,,,,-0.069,pending,,2026-06-26T04:16:11+00:00
trackb_cont_PRSU_20260608,48.59,52.18,,,,54.639999,44.02,,,,,,0.2277,pending,,2026-06-26T04:16:11+00:00
trackb_cont_PRSU_20260611,50.939999,,,,,54.639999,46.540001,,,,,,0.3883,pending,,2026-06-26T04:16:11+00:00
trackb_cont_PRSU_20260612,50.91,,,,,54.639999,47.560001,,,,,,-0.3979,pending,,2026-06-26T04:16:11+00:00
trackb_cont_PRSU_20260615,52.18,,,,,54.639999,47.950001,,,,,,-0.6218,pending,,2026-06-26T04:16:11+00:00
trackb_cont_PRSU_20260616,53.450001,,,,,54.639999,48.200001,,,,,,0.0,pending,,2026-06-26T04:16:11+00:00
trackb_cont_PRSU_20260617,54.200001,,,,,54.639999,48.66,,,,,,0.9544,pending,,2026-06-26T04:16:11+00:00
trackb_cont_PRSU_20260618,,,,,,54.639999,49.240002,,,,,,1.1504,pending,,2026-06-26T04:16:11+00:00
trackb_cont_PRSU_20260619,,,,,,54.639999,50.119999,,,,,,2.9581,pending,,2026-06-26T04:16:11+00:00
trackb_cont_PRSU_20260622,,,,,,54.639999,50.119999,,,,,,2.9581,pending,,2026-06-26T04:16:11+00:00
trackb_cont_PRSU_20260625,,,,,,54.639999,53.290001,,,,,,-0.2993,pending,,2026-06-26T04:16:11+00:00
trackb_cont_PRU_20260603,105.169998,107.010002,,,,110.889999,100.400002,,,,,,-0.5694,pending,,2026-06-26T04:15:17+00:00
trackb_cont_PRU_20260604,106.510002,106.529999,,,,110.889999,101.68,,,,,,0.6982,pending,,2026-06-26T04:15:17+00:00
trackb_cont_PRU_20260605,108.5,108.260002,,,,110.889999,102.599998,,,,,,1.6093,pending,,2026-06-26T04:15:17+00:00
trackb_cont_PRU_20260608,108.690002,108.480003,,,,110.889999,102.599998,,,,,,-1.9308,pending,,2026-06-26T04:15:17+00:00
trackb_cont_PRU_20260610,107.010002,107.029999,,,,110.889999,103.699997,,,,,,-0.0193,pending,,2026-06-26T04:15:17+00:00
trackb_cont_PRU_20260611,106.529999,,,,,110.889999,104.989998,,,,,,-0.1712,pending,,2026-06-26T04:15:17+00:00
trackb_cont_PRU_20260612,108.260002,,,,,110.889999,105.190002,,,,,,-1.2393,pending,,2026-06-26T04:15:17+00:00
trackb_cont_PRU_20260615,108.480003,,,,,110.889999,105.190002,,,,,,-3.8658,pending,,2026-06-26T04:15:17+00:00
trackb_cont_PRU_20260616,106.260002,,,,,110.889999,105.190002,,,,,,-3.6898,pending,,2026-06-26T04:15:17+00:00
trackb_cont_PRU_20260617,107.029999,,,,,109.400002,105.190002,,,,,,-3.6898,pending,,2026-06-26T04:15:17+00:00
trackb_cont_PRVA_20260616,24.51,,,,,24.860001,23.09,,,,,,0.3913,pending,,2026-06-26T04:18:11+00:00
trackb_cont_PRVA_20260617,24.530001,,,,,24.860001,23.09,,,,,,0.3913,pending,,2026-06-26T04:18:11+00:00
trackb_cont_PRVA_20260622,,,,,,24.860001,23.389999,,,,,,-1.1829,pending,,2026-06-26T04:18:11+00:00
trackb_cont_PRVA_20260623,,,,,,24.860001,23.67,,,,,,0.7663,pending,,2026-06-26T04:18:11+00:00
trackb_cont_PRVA_20260624,,,,,,24.860001,23.85,,,,,,1.5326,pending,,2026-06-26T04:18:11+00:00
trackb_cont_PRVA_20260625,,,,,,24.860001,24.440001,,,,,,-0.2856,pending,,2026-06-26T04:18:11+00:00
trackb_cont_PSA_20260616,317.920013,,,,,325.869995,311.230011,,,,,,-3.1266,pending,,2026-06-26T04:18:11+00:00
trackb_cont_PSA_20260617,320.73999,,,,,325.869995,311.230011,,,,,,-3.1266,pending,,2026-06-26T04:18:11+00:00
trackb_cont_PSA_20260618,,,,,,325.869995,313.600006,,,,,,-2.3889,pending,,2026-06-26T04:18:11+00:00
trackb_cont_PSA_20260619,,,,,,325.869995,313.600006,,,,,,-2.3889,pending,,2026-06-26T04:18:11+00:00
trackb_cont_PSA_20260625,,,,,,321.720001,315.160004,,,,,,-0.8681,pending,,2026-06-26T04:18:11+00:00
trackb_cont_PSMT_20260603,174.740005,178.429993,,,,196.080002,168.800003,,,,,,-1.3442,pending,,2026-06-26T04:16:12+00:00
trackb_cont_PSMT_20260604,180.289993,182.020004,,,,196.080002,171.600006,,,,,,0.2922,pending,,2026-06-26T04:16:12+00:00
trackb_cont_PSMT_20260605,182.300003,182.979996,,,,196.080002,172.539993,,,,,,0.8416,pending,,2026-06-26T04:16:12+00:00
trackb_cont_PSMT_20260608,179.729996,185.660004,,,,196.080002,174.149994,,,,,,0.1035,pending,,2026-06-26T04:16:12+00:00
trackb_cont_PSMT_20260609,179.649994,188.320007,,,,196.080002,174.149994,,,,,,-1.6268,pending,,2026-06-26T04:16:12+00:00
trackb_cont_PSMT_20260612,182.979996,,,,,196.080002,176.339996,,,,,,-2.1909,pending,,2026-06-26T04:16:12+00:00
trackb_cont_PSMT_20260616,188.320007,,,,,196.080002,176.339996,,,,,,-3.2269,pending,,2026-06-26T04:16:12+00:00
trackb_cont_PSMT_20260617,195.919998,,,,,196.080002,176.339996,,,,,,-3.2269,pending,,2026-06-26T04:16:12+00:00
trackb_cont_PSMT_20260618,,,,,,196.080002,178.559998,,,,,,0.0729,pending,,2026-06-26T04:16:12+00:00
trackb_cont_PSMT_20260619,,,,,,196.080002,180.139999,,,,,,0.9584,pending,,2026-06-26T04:16:12+00:00
trackb_cont_PSMT_20260622,,,,,,196.080002,180.139999,,,,,,0.9584,pending,,2026-06-26T04:16:12+00:00
trackb_cont_PSMT_20260623,,,,,,196.080002,181.759995,,,,,,-0.6667,pending,,2026-06-26T04:16:12+00:00
trackb_cont_PSMT_20260624,,,,,,196.080002,182.0,,,,,,-0.5356,pending,,2026-06-26T04:16:12+00:00
trackb_cont_PSMT_20260625,,,,,,196.080002,188.899994,,,,,,0.308,pending,,2026-06-26T04:16:12+00:00
trackb_cont_PSN_20260603,56.470001,54.82,,,,62.105,46.880001,,,,,,-21.2696,pending,,2026-06-26T04:15:09+00:00
trackb_cont_PSN_20260604,57.279999,52.209999,,,,62.105,46.880001,,,,,,-21.2696,pending,,2026-06-26T04:15:09+00:00
trackb_cont_PSN_20260605,56.700001,48.650002,,,,61.919998,46.880001,,,,,,-21.2696,pending,,2026-06-26T04:15:09+00:00
trackb_cont_PSN_20260608,55.490002,49.240002,,,,59.779999,46.880001,,,,,,-21.2696,pending,,2026-06-26T04:15:09+00:00
trackb_cont_PSN_20260609,55.66,48.84,,,,59.040001,46.880001,,,,,,-18.9348,pending,,2026-06-26T04:15:09+00:00
trackb_cont_PSN_20260611,52.209999,,,,,58.330002,46.880001,,,,,,-16.9825,pending,,2026-06-26T04:15:09+00:00
trackb_cont_PSTL_20260615,23.43,,,,,24.370001,22.27,,,,,,-6.6834,pending,,2026-06-26T04:17:56+00:00
trackb_cont_PSTL_20260616,23.6,,,,,24.370001,22.27,,,,,,-4.6661,pending,,2026-06-26T04:17:56+00:00
trackb_cont_PSTL_20260617,24.34,,,,,24.370001,22.27,,,,,,-4.6661,pending,,2026-06-26T04:17:56+00:00
trackb_cont_PSTL_20260618,,,,,,24.370001,22.309999,,,,,,-4.4949,pending,,2026-06-26T04:17:56+00:00
trackb_cont_PSTL_20260619,,,,,,24.370001,22.700001,,,,,,-2.8253,pending,,2026-06-26T04:17:56+00:00
trackb_cont_PSX_20260603,181.720001,167.169998,,,,188.0,164.100006,,,,,,-11.9966,pending,,2026-06-26T04:15:19+00:00
trackb_cont_PSX_20260604,178.100006,166.139999,,,,188.0,164.100006,,,,,,-11.9966,pending,,2026-06-26T04:15:19+00:00
trackb_cont_PSX_20260605,179.449997,168.410004,,,,188.0,164.100006,,,,,,-11.9966,pending,,2026-06-26T04:15:19+00:00
trackb_cont_PSX_20260608,173.259995,170.339996,,,,188.0,164.100006,,,,,,-10.367,pending,,2026-06-26T04:15:19+00:00
trackb_cont_PSX_20260609,172.0,168.639999,,,,185.979996,164.100006,,,,,,-10.5332,pending,,2026-06-26T04:15:19+00:00
trackb_cont_PTON_20260603,5.59,5.53,,,,6.3,5.285,,,,,,-12.4275,pending,,2026-06-26T04:15:25+00:00
trackb_cont_PTON_20260604,5.65,5.77,,,,6.3,5.285,,,,,,-12.4275,pending,,2026-06-26T04:15:25+00:00
trackb_cont_PTON_20260605,5.55,5.43,,,,6.17,5.285,,,,,,-12.4275,pending,,2026-06-26T04:15:25+00:00
trackb_cont_PTON_20260608,5.8,5.44,,,,5.985,5.285,,,,,,-8.4055,pending,,2026-06-26T04:15:25+00:00
trackb_cont_PUSA_20260603,4.93,4.38,,,,6.57,3.75,,,,,,-36.2245,pending,,2026-06-26T04:14:48+00:00
trackb_cont_PUSA_20260604,5.06,4.21,,,,6.28,3.75,,,,,,-36.2245,pending,,2026-06-26T04:14:48+00:00
trackb_cont_PUSA_20260605,4.71,4.36,,,,5.88,3.75,,,,,,-36.2245,pending,,2026-06-26T04:14:48+00:00
trackb_cont_PUSA_20260608,4.5,4.1,,,,5.55,3.75,,,,,,-27.3256,pending,,2026-06-26T04:14:48+00:00
trackb_cont_PVH_20260603,78.32,76.419998,,,,100.75,69.0,,,,,,-31.1927,pending,,2026-06-26T04:14:58+00:00
trackb_cont_PVH_20260604,81.809998,77.07,,,,85.279999,69.0,,,,,,-31.1927,pending,,2026-06-26T04:14:58+00:00
trackb_cont_PVH_20260605,81.959999,77.970001,,,,85.279999,69.150002,,,,,,-31.0431,pending,,2026-06-26T04:14:58+00:00
trackb_cont_PXED_20260603,30.870001,29.92,,,,32.0,29.27,,,,,,-2.7575,pending,,2026-06-26T04:16:24+00:00
trackb_cont_PXED_20260604,31.26,30.540001,,,,32.0,29.27,,,,,,-2.7575,pending,,2026-06-26T04:16:24+00:00
trackb_cont_PXED_20260605,30.809999,30.48,,,,32.0,29.27,,,,,,-2.7575,pending,,2026-06-26T04:16:24+00:00
trackb_cont_PXED_20260608,29.75,31.0,,,,32.0,29.27,,,,,,-3.4949,pending,,2026-06-26T04:16:24+00:00
trackb_cont_PXED_20260612,30.48,,,,,32.0,29.27,,,,,,-6.366,pending,,2026-06-26T04:16:24+00:00
trackb_cont_PXED_20260616,31.51,,,,,32.0,29.27,,,,,,-3.3993,pending,,2026-06-26T04:16:24+00:00
trackb_cont_PXED_20260617,30.58,,,,,32.0,29.27,,,,,,-3.3993,pending,,2026-06-26T04:16:24+00:00
trackb_cont_PXED_20260618,,,,,,32.0,29.27,,,,,,-3.3993,pending,,2026-06-26T04:16:24+00:00
trackb_cont_PXED_20260619,,,,,,32.0,29.870001,,,,,,-1.4191,pending,,2026-06-26T04:16:24+00:00
trackb_cont_PXED_20260625,,,,,,31.959999,30.540001,,,,,,-3.0784,pending,,2026-06-26T04:16:24+00:00
trackb_cont_QBTS_20260603,23.25,22.92,,,,29.950001,21.635,,,,,,-21.6549,pending,,2026-06-26T04:15:25+00:00
trackb_cont_QBTS_20260604,23.82,24.690001,,,,28.82,21.635,,,,,,-21.6549,pending,,2026-06-26T04:15:25+00:00
trackb_cont_QBTS_20260605,23.370001,24.469999,,,,27.15,21.635,,,,,,-21.6549,pending,,2026-06-26T04:15:25+00:00
trackb_cont_QBTS_20260608,26.26,25.030001,,,,27.15,21.635,,,,,,-9.2872,pending,,2026-06-26T04:15:25+00:00
trackb_cont_QCOM_20260603,191.199997,212.970001,,,,255.089996,190.100006,,,,,,-23.9843,pending,,2026-06-26T04:15:55+00:00
trackb_cont_QCOM_20260604,202.960007,226.110001,,,,246.699997,190.100006,,,,,,-23.9843,pending,,2026-06-26T04:15:55+00:00
trackb_cont_QCOM_20260605,211.720001,221.899994,,,,238.440002,190.100006,,,,,,-23.9843,pending,,2026-06-26T04:15:55+00:00
trackb_cont_QCOM_20260608,220.809998,204.130005,,,,233.440002,190.100006,,,,,,-23.9843,pending,,2026-06-26T04:15:55+00:00
trackb_cont_QMCO_20260603,12.59,14.95,,,,18.48,11.75,,,,,,-14.9783,pending,,2026-06-26T04:15:12+00:00
trackb_cont_QMCO_20260604,13.06,15.6,,,,18.48,11.75,,,,,,-14.9783,pending,,2026-06-26T04:15:12+00:00
trackb_cont_QMCO_20260605,13.74,14.04,,,,16.5,11.75,,,,,,-14.9783,pending,,2026-06-26T04:15:12+00:00
trackb_cont_QMCO_20260608,13.97,13.81,,,,16.5,11.75,,,,,,-14.9783,pending,,2026-06-26T04:15:12+00:00
trackb_cont_QNST_20260618,,,,,,13.58,12.63,,,,,,-1.0963,pending,,2026-06-26T04:17:05+00:00
trackb_cont_QNST_20260619,,,,,,13.58,12.77,,,,,,0.0,pending,,2026-06-26T04:17:05+00:00
trackb_cont_QNST_20260622,,,,,,13.58,12.77,,,,,,0.0,pending,,2026-06-26T04:17:05+00:00
trackb_cont_QNST_20260623,,,,,,13.58,12.91,,,,,,-0.6159,pending,,2026-06-26T04:17:05+00:00
trackb_cont_QNST_20260624,,,,,,13.58,12.99,,,,,,-0.0,pending,,2026-06-26T04:17:05+00:00
trackb_cont_QNST_20260625,,,,,,13.35,12.99,,,,,,-0.0,pending,,2026-06-26T04:17:05+00:00
trackb_cont_QS_20260603,7.0,6.9,,,,9.325,6.85,,,,,,-22.598,pending,,2026-06-26T04:15:47+00:00
trackb_cont_QS_20260604,7.23,8.04,,,,9.24,6.85,,,,,,-22.598,pending,,2026-06-26T04:15:47+00:00
trackb_cont_QS_20260605,7.09,7.61,,,,8.865,6.85,,,,,,-22.598,pending,,2026-06-26T04:15:47+00:00
trackb_cont_QS_20260608,7.23,7.42,,,,8.49,6.85,,,,,,-10.691,pending,,2026-06-26T04:15:47+00:00
trackb_cont_RAIL_20260623,,,,,,9.64,8.64,,,,,,-6.087,pending,,2026-06-26T04:18:32+00:00
trackb_cont_RAIL_20260624,,,,,,9.64,8.99,,,,,,-2.2826,pending,,2026-06-26T04:18:32+00:00
trackb_cont_RAIL_20260625,,,,,,9.64,9.28,,,,,,0.8696,pending,,2026-06-26T04:18:32+00:00
trackb_cont_RAL_20260603,62.450001,67.230003,,,,75.410004,59.764999,,,,,,-4.1613,pending,,2026-06-26T04:15:08+00:00
trackb_cont_RAL_20260604,65.57,68.18,,,,75.410004,59.764999,,,,,,-4.1613,pending,,2026-06-26T04:15:08+00:00
trackb_cont_RAL_20260605,66.080002,67.720001,,,,75.410004,59.764999,,,,,,-4.1613,pending,,2026-06-26T04:15:08+00:00
trackb_cont_RAL_20260608,68.769997,69.220001,,,,75.410004,60.5,,,,,,0.5484,pending,,2026-06-26T04:15:08+00:00
trackb_cont_RAL_20260610,67.230003,73.540001,,,,75.410004,61.919998,,,,,,1.4583,pending,,2026-06-26T04:15:08+00:00
trackb_cont_RAL_20260611,68.18,,,,,75.410004,63.419998,,,,,,1.5532,pending,,2026-06-26T04:15:08+00:00
trackb_cont_RAL_20260616,72.199997,,,,,75.410004,65.82,,,,,,-3.5392,pending,,2026-06-26T04:15:08+00:00
trackb_cont_RAL_20260617,73.540001,,,,,75.410004,65.82,,,,,,-3.5392,pending,,2026-06-26T04:15:08+00:00
trackb_cont_RAL_20260618,,,,,,75.410004,65.82,,,,,,-3.5392,pending,,2026-06-26T04:15:08+00:00
trackb_cont_RAL_20260619,,,,,,75.410004,65.82,,,,,,-3.5392,pending,,2026-06-26T04:15:08+00:00
trackb_cont_RAL_20260625,,,,,,75.410004,73.290001,,,,,,1.5097,pending,,2026-06-26T04:15:08+00:00
trackb_cont_RBA_20260616,112.550003,,,,,115.690002,106.919998,,,,,,-2.4631,pending,,2026-06-26T04:18:11+00:00
trackb_cont_RBA_20260617,115.5,,,,,115.690002,106.919998,,,,,,-2.4631,pending,,2026-06-26T04:18:11+00:00
trackb_cont_RBA_20260618,,,,,,115.690002,107.199997,,,,,,-2.2076,pending,,2026-06-26T04:18:11+00:00
trackb_cont_RBA_20260619,,,,,,115.690002,107.419998,,,,,,-2.0069,pending,,2026-06-26T04:18:11+00:00
trackb_cont_RBA_20260623,,,,,,115.690002,107.419998,,,,,,-1.1139,pending,,2026-06-26T04:18:11+00:00
trackb_cont_RBA_20260624,,,,,,115.690002,108.43,,,,,,-0.1841,pending,,2026-06-26T04:18:11+00:00
trackb_cont_RBA_20260625,,,,,,115.690002,112.0,,,,,,3.1023,pending,,2026-06-26T04:18:11+00:00
trackb_cont_RBC_20260623,,,,,,667.690002,627.460022,,,,,,-2.8294,pending,,2026-06-26T04:17:44+00:00
trackb_cont_RBC_20260624,,,,,,667.690002,629.150024,,,,,,-2.5676,pending,,2026-06-26T04:17:44+00:00
trackb_cont_RBC_20260625,,,,,,667.690002,640.299988,,,,,,-0.8409,pending,,2026-06-26T04:17:44+00:00
trackb_cont_RBLX_20260618,,,,,,53.02,45.150002,,,,,,-5.9767,pending,,2026-06-26T04:16:30+00:00
trackb_cont_RBLX_20260619,,,,,,49.540001,45.150002,,,,,,-5.9767,pending,,2026-06-26T04:16:30+00:00
trackb_cont_RBLX_20260622,,,,,,49.540001,45.150002,,,,,,-5.9767,pending,,2026-06-26T04:16:30+00:00
trackb_cont_RBRK_20260603,71.32,69.239998,,,,80.730003,66.370003,,,,,,-14.8229,pending,,2026-06-26T04:15:31+00:00
trackb_cont_RBRK_20260604,71.449997,70.220001,,,,78.25,66.370003,,,,,,-14.8229,pending,,2026-06-26T04:15:31+00:00
trackb_cont_RBRK_20260605,68.190002,70.529999,,,,78.080002,66.370003,,,,,,-14.8229,pending,,2026-06-26T04:15:31+00:00
trackb_cont_RBRK_20260608,69.790001,74.239998,,,,76.204002,66.370003,,,,,,-14.8229,pending,,2026-06-26T04:15:31+00:00
trackb_cont_RCAT_20260603,10.895,11.2,,,,15.225,8.865,,,,,,-35.221,pending,,2026-06-26T04:15:22+00:00
trackb_cont_RCAT_20260604,12.01,11.44,,,,15.225,8.865,,,,,,-35.221,pending,,2026-06-26T04:15:22+00:00
trackb_cont_RCAT_20260605,11.18,10.63,,,,14.48,8.865,,,,,,-35.221,pending,,2026-06-26T04:15:22+00:00
trackb_cont_RCAT_20260608,11.97,10.18,,,,13.33,8.865,,,,,,-30.0868,pending,,2026-06-26T04:15:22+00:00
trackb_cont_RCL_20260603,268.730011,301.470001,,,,333.390015,266.01001,,,,,,-9.1527,pending,,2026-06-26T04:14:59+00:00
trackb_cont_RCL_20260604,287.959991,312.51001,,,,333.390015,266.01001,,,,,,-9.1527,pending,,2026-06-26T04:14:59+00:00
trackb_cont_RCL_20260605,294.380005,309.359985,,,,333.390015,266.01001,,,,,,-9.1527,pending,,2026-06-26T04:14:59+00:00
trackb_cont_RCL_20260608,313.670013,309.529999,,,,333.390015,266.01001,,,,,,-4.9964,pending,,2026-06-26T04:14:59+00:00
trackb_cont_RCL_20260610,301.470001,322.649994,,,,333.390015,266.01001,,,,,,-2.2022,pending,,2026-06-26T04:14:59+00:00
trackb_cont_RCL_20260616,320.950012,,,,,333.390015,279.230011,,,,,,-10.6292,pending,,2026-06-26T04:14:59+00:00
trackb_cont_RCL_20260617,322.649994,,,,,333.390015,279.230011,,,,,,-10.6292,pending,,2026-06-26T04:14:59+00:00
trackb_cont_RCL_20260618,,,,,,333.390015,279.230011,,,,,,-10.6292,pending,,2026-06-26T04:14:59+00:00
trackb_cont_RCL_20260619,,,,,,333.390015,279.230011,,,,,,-10.6292,pending,,2026-06-26T04:14:59+00:00
trackb_cont_RDDT_20260608,181.880005,165.630005,,,,183.119995,152.649994,,,,,,-11.9919,pending,,2026-06-26T04:16:43+00:00
trackb_cont_RDDT_20260610,165.949997,158.020004,,,,182.410004,152.649994,,,,,,-10.7988,pending,,2026-06-26T04:16:43+00:00
trackb_cont_REG_20260612,77.360001,,,,,81.040001,76.690002,,,,,,-4.9572,pending,,2026-06-26T04:17:32+00:00
trackb_cont_REG_20260616,79.870003,,,,,80.620003,76.690002,,,,,,-3.1447,pending,,2026-06-26T04:17:32+00:00
trackb_cont_REG_20260617,80.25,,,,,80.620003,76.690002,,,,,,-3.1447,pending,,2026-06-26T04:17:32+00:00
trackb_cont_REG_20260618,,,,,,80.620003,76.690002,,,,,,-3.1447,pending,,2026-06-26T04:17:32+00:00
trackb_cont_REG_20260619,,,,,,80.620003,76.75,,,,,,-3.069,pending,,2026-06-26T04:17:32+00:00
trackb_cont_REYN_20260610,23.33,26.309999,,,,26.43,23.08,,,,,,2.8062,pending,,2026-06-26T04:17:08+00:00
trackb_cont_REYN_20260616,25.73,,,,,26.43,23.139999,,,,,,-1.866,pending,,2026-06-26T04:17:08+00:00
trackb_cont_REYN_20260617,26.309999,,,,,26.43,23.139999,,,,,,-1.866,pending,,2026-06-26T04:17:08+00:00
trackb_cont_REYN_20260618,,,,,,26.43,23.305,,,,,,-0.1072,pending,,2026-06-26T04:17:08+00:00
trackb_cont_REYN_20260619,,,,,,26.43,23.67,,,,,,1.4574,pending,,2026-06-26T04:17:08+00:00
trackb_cont_REYN_20260622,,,,,,26.43,23.67,,,,,,-0.8379,pending,,2026-06-26T04:17:08+00:00
trackb_cont_REYN_20260623,,,,,,26.43,23.870001,,,,,,0.252,pending,,2026-06-26T04:17:08+00:00
trackb_cont_REYN_20260624,,,,,,26.43,24.67,,,,,,3.6119,pending,,2026-06-26T04:17:08+00:00
trackb_cont_REYN_20260625,,,,,,26.43,25.780001,,,,,,0.1943,pending,,2026-06-26T04:17:08+00:00
trackb_cont_RFIL_20260603,16.700001,16.860001,,,,22.299999,14.22,,,,,,-23.363,pending,,2026-06-26T04:15:44+00:00
trackb_cont_RFIL_20260604,18.57,17.809999,,,,22.299999,14.22,,,,,,-23.363,pending,,2026-06-26T04:15:44+00:00
trackb_cont_RFIL_20260605,18.75,21.5,,,,22.299999,14.22,,,,,,-23.363,pending,,2026-06-26T04:15:44+00:00
trackb_cont_RFIL_20260608,18.120001,21.120001,,,,22.299999,14.22,,,,,,-11.3466,pending,,2026-06-26T04:15:44+00:00
trackb_cont_RFIL_20260616,19.34,,,,,22.299999,14.22,,,,,,-22.5068,pending,,2026-06-26T04:15:44+00:00
trackb_cont_RFIL_20260617,20.950001,,,,,22.299999,16.07,,,,,,-12.4251,pending,,2026-06-26T04:15:44+00:00
trackb_cont_RFIL_20260625,,,,,,21.030001,19.24,,,,,,-0.5171,pending,,2026-06-26T04:15:44+00:00
trackb_cont_RF_20260603,28.58,28.65,,,,30.209999,27.32,,,,,,-0.5098,pending,,2026-06-26T04:15:20+00:00
trackb_cont_RF_20260604,28.889999,28.620001,,,,30.209999,27.530001,,,,,,0.2549,pending,,2026-06-26T04:15:20+00:00
trackb_cont_RF_20260605,29.27,28.75,,,,30.209999,28.1,,,,,,2.3307,pending,,2026-06-26T04:15:20+00:00
trackb_cont_RF_20260608,28.6,29.290001,,,,30.209999,28.1,,,,,,-1.5417,pending,,2026-06-26T04:15:20+00:00
trackb_cont_RF_20260609,29.0,29.49,,,,30.209999,28.1,,,,,,-1.6106,pending,,2026-06-26T04:15:20+00:00
trackb_cont_RF_20260612,28.75,,,,,30.209999,28.48,,,,,,-1.4192,pending,,2026-06-26T04:15:20+00:00
trackb_cont_RF_20260615,29.290001,,,,,30.209999,28.48,,,,,,-3.0963,pending,,2026-06-26T04:15:20+00:00
trackb_cont_RF_20260616,29.49,,,,,30.209999,28.48,,,,,,-1.4021,pending,,2026-06-26T04:15:20+00:00
trackb_cont_RF_20260617,29.98,,,,,30.209999,28.48,,,,,,-1.4021,pending,,2026-06-26T04:15:20+00:00
trackb_cont_RGEN_20260611,132.020004,,,,,149.050003,124.849998,,,,,,-4.5197,pending,,2026-06-26T04:17:14+00:00
trackb_cont_RGEN_20260616,138.399994,,,,,149.050003,124.849998,,,,,,-5.3593,pending,,2026-06-26T04:17:14+00:00
trackb_cont_RGEN_20260617,145.229996,,,,,149.050003,124.849998,,,,,,-5.3593,pending,,2026-06-26T04:17:14+00:00
trackb_cont_RGEN_20260618,,,,,,149.050003,124.849998,,,,,,-6.5144,pending,,2026-06-26T04:17:14+00:00
trackb_cont_RGEN_20260619,,,,,,149.050003,124.849998,,,,,,-6.5144,pending,,2026-06-26T04:17:14+00:00
trackb_cont_RGEN_20260622,,,,,,149.050003,124.849998,,,,,,-5.431,pending,,2026-06-26T04:17:14+00:00
trackb_cont_RGEN_20260623,,,,,,149.050003,124.849998,,,,,,-5.431,pending,,2026-06-26T04:17:14+00:00
trackb_cont_RGP_20260603,4.71,4.29,,,,4.77,3.83,,,,,,-14.2217,pending,,2026-06-26T04:15:59+00:00
trackb_cont_RGP_20260604,4.67,4.23,,,,4.77,3.83,,,,,,-14.2217,pending,,2026-06-26T04:15:59+00:00
trackb_cont_RGP_20260605,4.65,4.09,,,,4.77,3.83,,,,,,-14.2217,pending,,2026-06-26T04:15:59+00:00
trackb_cont_RGP_20260608,4.36,4.17,,,,4.77,3.83,,,,,,-14.2217,pending,,2026-06-26T04:15:59+00:00
trackb_cont_RGP_20260611,4.23,,,,,4.77,3.83,,,,,,-18.6837,pending,,2026-06-26T04:15:59+00:00
trackb_cont_RGP_20260612,4.09,,,,,4.76,3.83,,,,,,-17.9872,pending,,2026-06-26T04:15:59+00:00
trackb_cont_RGP_20260616,4.14,,,,,4.49,3.83,,,,,,-13.8358,pending,,2026-06-26T04:15:59+00:00
trackb_cont_RGP_20260617,3.86,,,,,4.49,3.83,,,,,,-13.8358,pending,,2026-06-26T04:15:59+00:00
trackb_cont_RGTI_20260603,19.445,20.245001,,,,28.059999,18.280001,,,,,,-25.1366,pending,,2026-06-26T04:15:07+00:00
trackb_cont_RGTI_20260604,20.629999,21.360001,,,,25.02,18.280001,,,,,,-25.1366,pending,,2026-06-26T04:15:07+00:00
trackb_cont_RGTI_20260605,20.98,21.379999,,,,23.565001,18.280001,,,,,,-25.1366,pending,,2026-06-26T04:15:07+00:00
trackb_cont_RGTI_20260608,22.700001,21.280001,,,,23.565001,18.280001,,,,,,-25.1366,pending,,2026-06-26T04:15:07+00:00
trackb_cont_RHI_20260603,31.24,32.259998,,,,33.259998,28.6,,,,,,-3.1329,pending,,2026-06-26T04:15:36+00:00
trackb_cont_RHI_20260604,31.59,31.59,,,,33.259998,28.6,,,,,,-3.1329,pending,,2026-06-26T04:15:36+00:00
trackb_cont_RHI_20260605,32.490002,29.110001,,,,33.259998,28.6,,,,,,-3.1329,pending,,2026-06-26T04:15:36+00:00
trackb_cont_RHI_20260608,32.07,29.33,,,,33.259998,28.6,,,,,,-8.5093,pending,,2026-06-26T04:15:36+00:00
trackb_cont_RHI_20260616,30.08,,,,,33.259998,28.6,,,,,,-13.4383,pending,,2026-06-26T04:15:36+00:00
trackb_cont_RHI_20260617,30.09,,,,,33.259998,28.6,,,,,,-13.4383,pending,,2026-06-26T04:15:36+00:00
trackb_cont_RHI_20260618,,,,,,32.509998,28.6,,,,,,-12.0135,pending,,2026-06-26T04:15:36+00:00
trackb_cont_RHI_20260619,,,,,,31.26,28.6,,,,,,-12.0135,pending,,2026-06-26T04:15:36+00:00
trackb_cont_RHI_20260622,,,,,,31.26,28.6,,,,,,-9.465,pending,,2026-06-26T04:15:36+00:00
trackb_cont_RHI_20260623,,,,,,30.98,28.6,,,,,,-1.752,pending,,2026-06-26T04:15:36+00:00
trackb_cont_RHI_20260624,,,,,,30.98,28.6,,,,,,-1.752,pending,,2026-06-26T04:15:36+00:00
trackb_cont_RHLD_20260615,123.900002,,,,,139.279999,119.720001,,,,,,-10.1404,pending,,2026-06-26T04:17:47+00:00
trackb_cont_RHLD_20260616,122.400002,,,,,132.0,119.720001,,,,,,-8.8646,pending,,2026-06-26T04:17:47+00:00
trackb_cont_RHLD_20260617,125.059998,,,,,132.0,119.720001,,,,,,-8.8646,pending,,2026-06-26T04:17:47+00:00
trackb_cont_RHP_20260603,118.669998,122.349998,,,,131.669998,112.739998,,,,,,-2.4234,pending,,2026-06-26T04:15:41+00:00
trackb_cont_RHP_20260604,121.449997,125.150002,,,,131.669998,114.580002,,,,,,-0.8309,pending,,2026-06-26T04:15:41+00:00
trackb_cont_RHP_20260605,122.809998,125.160004,,,,131.669998,116.269997,,,,,,0.6318,pending,,2026-06-26T04:15:41+00:00
trackb_cont_RHP_20260608,122.470001,124.230003,,,,131.669998,118.080002,,,,,,2.1984,pending,,2026-06-26T04:15:41+00:00
trackb_cont_RHP_20260611,125.150002,,,,,131.669998,119.470001,,,,,,0.6741,pending,,2026-06-26T04:15:41+00:00
trackb_cont_RHP_20260616,129.770004,,,,,131.669998,121.330002,,,,,,-0.9025,pending,,2026-06-26T04:15:41+00:00
trackb_cont_RHP_20260617,130.910004,,,,,131.669998,121.330002,,,,,,-0.9025,pending,,2026-06-26T04:15:41+00:00
trackb_cont_RHP_20260618,,,,,,131.669998,122.599998,,,,,,0.2043,pending,,2026-06-26T04:15:41+00:00
trackb_cont_RHP_20260619,,,,,,131.669998,122.599998,,,,,,0.2043,pending,,2026-06-26T04:15:41+00:00
trackb_cont_RHP_20260622,,,,,,131.669998,122.599998,,,,,,0.2043,pending,,2026-06-26T04:15:41+00:00
trackb_cont_RHP_20260623,,,,,,131.669998,122.599998,,,,,,-2.0454,pending,,2026-06-26T04:15:41+00:00
trackb_cont_RHP_20260624,,,,,,131.669998,122.599998,,,,,,-2.0454,pending,,2026-06-26T04:15:41+00:00
trackb_cont_RHP_20260625,,,,,,131.669998,129.360001,,,,,,3.3557,pending,,2026-06-26T04:15:41+00:00
trackb_cont_RH_20260603,148.690002,135.669998,,,,163.559998,135.559998,,,,,,-8.9713,pending,,2026-06-26T04:15:03+00:00
trackb_cont_RH_20260604,159.320007,148.089996,,,,163.559998,135.559998,,,,,,-8.9713,pending,,2026-06-26T04:15:03+00:00
trackb_cont_RH_20260605,153.039993,146.710007,,,,163.559998,135.559998,,,,,,-8.9713,pending,,2026-06-26T04:15:03+00:00
trackb_cont_RH_20260608,148.119995,141.740005,,,,163.559998,135.559998,,,,,,-8.9713,pending,,2026-06-26T04:15:03+00:00
trackb_cont_RH_20260610,135.669998,159.919998,,,,163.559998,135.559998,,,,,,-7.6567,pending,,2026-06-26T04:15:03+00:00
trackb_cont_RH_20260611,148.089996,,,,,163.559998,135.559998,,,,,,-8.8305,pending,,2026-06-26T04:15:03+00:00
trackb_cont_RH_20260612,146.710007,,,,,163.559998,135.559998,,,,,,-14.9134,pending,,2026-06-26T04:15:03+00:00
trackb_cont_RH_20260615,141.740005,,,,,162.75,135.559998,,,,,,-15.275,pending,,2026-06-26T04:15:03+00:00
trackb_cont_RH_20260616,156.539993,,,,,162.100006,135.559998,,,,,,-9.9269,pending,,2026-06-26T04:15:03+00:00
trackb_cont_RH_20260617,159.919998,,,,,162.100006,135.559998,,,,,,-9.9269,pending,,2026-06-26T04:15:03+00:00
trackb_cont_RIOT_20260603,24.08,27.43,,,,30.32,23.665001,,,,,,-15.4066,pending,,2026-06-26T04:15:42+00:00
trackb_cont_RIOT_20260604,26.139999,28.1,,,,30.32,23.665001,,,,,,-15.4066,pending,,2026-06-26T04:15:42+00:00
trackb_cont_RIOT_20260605,26.610001,28.629999,,,,30.32,23.665001,,,,,,-15.4066,pending,,2026-06-26T04:15:42+00:00
trackb_cont_RIOT_20260608,27.379999,28.690001,,,,30.32,23.665001,,,,,,-15.4066,pending,,2026-06-26T04:15:42+00:00
trackb_cont_RIVN_20260603,14.76,16.26,,,,18.549999,14.35,,,,,,-18.7659,pending,,2026-06-26T04:15:10+00:00
trackb_cont_RIVN_20260604,15.54,16.52,,,,18.549999,14.35,,,,,,-18.7659,pending,,2026-06-26T04:15:10+00:00
trackb_cont_RIVN_20260605,16.76,15.1,,,,18.0,14.35,,,,,,-18.7659,pending,,2026-06-26T04:15:10+00:00
trackb_cont_RIVN_20260608,16.68,14.89,,,,17.6,14.35,,,,,,-12.2324,pending,,2026-06-26T04:15:10+00:00
trackb_cont_RJF_20260618,,,,,,160.380005,149.550003,,,,,,-5.8071,pending,,2026-06-26T04:18:35+00:00
trackb_cont_RJF_20260619,,,,,,158.029999,149.550003,,,,,,-5.8071,pending,,2026-06-26T04:18:35+00:00
trackb_cont_RJF_20260622,,,,,,158.029999,149.550003,,,,,,-5.8071,pending,,2026-06-26T04:18:35+00:00
trackb_cont_RLGT_20260603,8.88,8.75,,,,9.45,8.43,,,,,,-1.8626,pending,,2026-06-26T04:15:25+00:00
trackb_cont_RLGT_20260604,9.1,8.97,,,,9.45,8.44,,,,,,-1.7462,pending,,2026-06-26T04:15:25+00:00
trackb_cont_RLGT_20260605,9.2,9.09,,,,9.45,8.56,,,,,,-0.3492,pending,,2026-06-26T04:15:25+00:00
trackb_cont_RLGT_20260608,9.12,9.04,,,,9.45,8.65,,,,,,0.9335,pending,,2026-06-26T04:15:25+00:00
trackb_cont_RLGT_20260610,8.75,9.16,,,,9.41,8.68,,,,,,-3.5556,pending,,2026-06-26T04:15:25+00:00
trackb_cont_RLGT_20260615,9.04,,,,,9.41,8.68,,,,,,-6.5159,pending,,2026-06-26T04:15:25+00:00
trackb_cont_RLGT_20260616,9.09,,,,,9.41,8.68,,,,,,-6.0606,pending,,2026-06-26T04:15:25+00:00
trackb_cont_RLGT_20260617,9.16,,,,,9.41,8.68,,,,,,-6.0606,pending,,2026-06-26T04:15:25+00:00
trackb_cont_RLGT_20260618,,,,,,9.41,8.77,,,,,,0.2286,pending,,2026-06-26T04:15:25+00:00
trackb_cont_RLGT_20260619,,,,,,9.41,8.94,,,,,,2.1714,pending,,2026-06-26T04:15:25+00:00
trackb_cont_RLI_20260610,52.75,55.130001,,,,55.5,51.779999,,,,,,-0.6333,pending,,2026-06-26T04:16:30+00:00
trackb_cont_RLI_20260612,52.740002,,,,,55.5,51.779999,,,,,,-4.3414,pending,,2026-06-26T04:16:30+00:00
trackb_cont_RLI_20260615,53.84,,,,,55.5,51.779999,,,,,,-3.8083,pending,,2026-06-26T04:16:30+00:00
trackb_cont_RLI_20260616,54.75,,,,,55.5,51.779999,,,,,,-4.5266,pending,,2026-06-26T04:16:30+00:00
trackb_cont_RLI_20260617,55.130001,,,,,55.5,51.779999,,,,,,-4.5266,pending,,2026-06-26T04:16:30+00:00
trackb_cont_RLI_20260618,,,,,,55.5,51.779999,,,,,,-4.5266,pending,,2026-06-26T04:16:30+00:00
trackb_cont_RLI_20260619,,,,,,55.5,52.73,,,,,,-2.775,pending,,2026-06-26T04:16:30+00:00
trackb_cont_RLI_20260623,,,,,,55.5,52.990002,,,,,,0.474,pending,,2026-06-26T04:16:30+00:00
trackb_cont_RLI_20260624,,,,,,55.5,53.860001,,,,,,2.1236,pending,,2026-06-26T04:16:30+00:00
trackb_cont_RLI_20260625,,,,,,55.5,54.400002,,,,,,3.1475,pending,,2026-06-26T04:16:30+00:00
trackb_cont_RLJ_20260603,10.64,11.1,,,,11.57,9.99,,,,,,-1.1381,pending,,2026-06-26T04:14:57+00:00
trackb_cont_RLJ_20260604,10.97,11.43,,,,11.57,10.24,,,,,,1.336,pending,,2026-06-26T04:14:57+00:00
trackb_cont_RLJ_20260605,11.02,11.36,,,,11.57,10.47,,,,,,3.6121,pending,,2026-06-26T04:14:57+00:00
trackb_cont_RLJ_20260608,11.07,11.31,,,,11.57,10.47,,,,,,3.6121,pending,,2026-06-26T04:14:57+00:00
trackb_cont_RLJ_20260609,11.26,11.32,,,,11.57,10.47,,,,,,-0.3806,pending,,2026-06-26T04:14:57+00:00
trackb_cont_RLJ_20260610,11.1,11.53,,,,11.57,10.56,,,,,,0.4757,pending,,2026-06-26T04:14:57+00:00
trackb_cont_RLJ_20260611,11.43,,,,,11.57,10.72,,,,,,0.7519,pending,,2026-06-26T04:14:57+00:00
trackb_cont_RLJ_20260612,11.36,,,,,11.57,10.97,,,,,,0.0,pending,,2026-06-26T04:14:57+00:00
trackb_cont_RLJ_20260616,11.32,,,,,11.57,10.99,,,,,,-0.3175,pending,,2026-06-26T04:14:57+00:00
trackb_cont_RLJ_20260617,11.53,,,,,11.57,11.01,,,,,,-0.1361,pending,,2026-06-26T04:14:57+00:00
trackb_cont_RLJ_20260618,,,,,,11.57,11.16,,,,,,1.2245,pending,,2026-06-26T04:14:57+00:00
trackb_cont_RLJ_20260619,,,,,,11.57,11.16,,,,,,1.2245,pending,,2026-06-26T04:14:57+00:00
trackb_cont_RLJ_20260622,,,,,,11.57,11.16,,,,,,-2.3622,pending,,2026-06-26T04:14:57+00:00
trackb_cont_RLJ_20260623,,,,,,11.57,11.16,,,,,,-2.3622,pending,,2026-06-26T04:14:57+00:00
trackb_cont_RLJ_20260625,,,,,,11.57,11.31,,,,,,-0.0883,pending,,2026-06-26T04:14:57+00:00
trackb_cont_RL_20260612,410.920013,,,,,421.600006,396.130005,,,,,,0.7196,pending,,2026-06-26T04:17:29+00:00
trackb_cont_RL_20260616,414.25,,,,,419.859985,398.220001,,,,,,-4.3108,pending,,2026-06-26T04:17:29+00:00
trackb_cont_RL_20260617,410.109985,,,,,419.859985,398.220001,,,,,,-4.3108,pending,,2026-06-26T04:17:29+00:00
trackb_cont_RL_20260618,,,,,,419.859985,398.220001,,,,,,-1.3941,pending,,2026-06-26T04:17:29+00:00
trackb_cont_RL_20260619,,,,,,419.859985,398.220001,,,,,,-1.3941,pending,,2026-06-26T04:17:29+00:00
trackb_cont_RL_20260622,,,,,,419.859985,398.220001,,,,,,-3.581,pending,,2026-06-26T04:17:29+00:00
trackb_cont_RL_20260623,,,,,,417.920013,398.220001,,,,,,-3.581,pending,,2026-06-26T04:17:29+00:00
trackb_cont_RMAX_20260623,,,,,,10.2,9.48,,,,,,-1.25,pending,,2026-06-26T04:18:50+00:00
trackb_cont_RMAX_20260624,,,,,,10.2,9.48,,,,,,-1.25,pending,,2026-06-26T04:18:50+00:00
trackb_cont_RMAX_20260625,,,,,,9.89,9.48,,,,,,-1.25,pending,,2026-06-26T04:18:50+00:00
trackb_cont_RMBS_20260603,138.119995,130.100006,,,,174.100006,120.010002,,,,,,-29.3716,pending,,2026-06-26T04:14:45+00:00
trackb_cont_RMBS_20260604,144.470001,141.169998,,,,171.279999,120.010002,,,,,,-29.3716,pending,,2026-06-26T04:14:45+00:00
trackb_cont_RMBS_20260605,146.559998,140.350006,,,,161.800003,120.010002,,,,,,-29.3716,pending,,2026-06-26T04:14:45+00:00
trackb_cont_RMBS_20260608,143.289993,128.210007,,,,159.630005,120.010002,,,,,,-29.3716,pending,,2026-06-26T04:14:45+00:00
trackb_cont_RMR_20260603,21.049999,20.32,,,,21.450001,19.790001,,,,,,-0.101,pending,,2026-06-26T04:16:03+00:00
trackb_cont_RMR_20260604,20.92,20.450001,,,,21.450001,20.01,,,,,,1.0096,pending,,2026-06-26T04:16:03+00:00
trackb_cont_RMR_20260605,21.370001,20.4,,,,21.450001,20.275,,,,,,2.3473,pending,,2026-06-26T04:16:03+00:00
trackb_cont_RMR_20260608,20.48,20.74,,,,21.450001,20.290001,,,,,,2.423,pending,,2026-06-26T04:16:03+00:00
trackb_cont_RMR_20260616,20.719999,,,,,21.030001,20.290001,,,,,,-3.5646,pending,,2026-06-26T04:16:03+00:00
trackb_cont_RMR_20260617,20.809999,,,,,21.030001,20.290001,,,,,,-3.5646,pending,,2026-06-26T04:16:03+00:00
trackb_cont_RMR_20260618,,,,,,21.030001,20.315001,,,,,,-3.4458,pending,,2026-06-26T04:16:03+00:00
trackb_cont_RMR_20260619,,,,,,21.030001,20.341999,,,,,,-3.3175,pending,,2026-06-26T04:16:03+00:00
trackb_cont_ROCK_20260615,39.32,,,,,44.970001,39.310001,,,,,,-6.4048,pending,,2026-06-26T04:17:12+00:00
trackb_cont_ROCK_20260616,43.200001,,,,,44.970001,39.310001,,,,,,-4.6337,pending,,2026-06-26T04:17:12+00:00
trackb_cont_ROCK_20260617,44.189999,,,,,44.970001,39.310001,,,,,,-4.6337,pending,,2026-06-26T04:17:12+00:00
trackb_cont_ROCK_20260618,,,,,,44.970001,39.310001,,,,,,-4.6337,pending,,2026-06-26T04:17:12+00:00
trackb_cont_ROCK_20260619,,,,,,44.970001,39.310001,,,,,,-4.6337,pending,,2026-06-26T04:17:12+00:00
trackb_cont_ROCK_20260622,,,,,,44.970001,39.310001,,,,,,-3.8875,pending,,2026-06-26T04:17:12+00:00
trackb_cont_ROCK_20260623,,,,,,44.970001,39.310001,,,,,,-3.8875,pending,,2026-06-26T04:17:12+00:00
trackb_cont_ROG_20260603,137.470001,158.479996,,,,169.0,135.520004,,,,,,-10.3822,pending,,2026-06-26T04:14:59+00:00
trackb_cont_ROG_20260604,145.990005,162.679993,,,,169.0,135.520004,,,,,,-10.3822,pending,,2026-06-26T04:14:59+00:00
trackb_cont_ROG_20260605,151.059998,166.509995,,,,169.0,135.520004,,,,,,-10.3822,pending,,2026-06-26T04:14:59+00:00
trackb_cont_ROG_20260616,162.139999,,,,,169.0,155.059998,,,,,,-0.7552,pending,,2026-06-26T04:14:59+00:00
trackb_cont_ROG_20260617,167.089996,,,,,169.0,155.800003,,,,,,-0.2816,pending,,2026-06-26T04:14:59+00:00
trackb_cont_ROG_20260618,,,,,,169.0,158.580002,,,,,,1.4977,pending,,2026-06-26T04:14:59+00:00
trackb_cont_ROG_20260619,,,,,,169.0,158.580002,,,,,,1.4977,pending,,2026-06-26T04:14:59+00:00
trackb_cont_ROG_20260622,,,,,,169.0,158.580002,,,,,,-2.5203,pending,,2026-06-26T04:14:59+00:00
trackb_cont_ROG_20260623,,,,,,168.979996,158.580002,,,,,,-2.5203,pending,,2026-06-26T04:14:59+00:00
trackb_cont_ROKU_20260616,135.929993,,,,,140.550003,134.460007,,,,,,-5.2498,pending,,2026-06-26T04:17:59+00:00
trackb_cont_ROKU_20260617,134.729996,,,,,140.320007,134.460007,,,,,,-5.2498,pending,,2026-06-26T04:17:59+00:00
trackb_cont_ROKU_20260618,,,,,,139.699997,134.460007,,,,,,-5.2498,pending,,2026-06-26T04:17:59+00:00
trackb_cont_ROKU_20260619,,,,,,138.25,134.460007,,,,,,-5.2498,pending,,2026-06-26T04:17:59+00:00
trackb_cont_ROK_20260603,440.070007,458.690002,,,,486.470001,439.700012,,,,,,-4.8608,pending,,2026-06-26T04:14:53+00:00
trackb_cont_ROK_20260604,457.589996,473.790009,,,,486.470001,439.700012,,,,,,-4.8608,pending,,2026-06-26T04:14:53+00:00
trackb_cont_ROK_20260605,459.339996,478.079987,,,,486.470001,439.700012,,,,,,-4.8608,pending,,2026-06-26T04:14:53+00:00
trackb_cont_ROK_20260608,463.570007,456.359985,,,,486.470001,439.700012,,,,,,-1.5692,pending,,2026-06-26T04:14:53+00:00
trackb_cont_ROK_20260616,460.369995,,,,,486.470001,455.700012,,,,,,-2.8814,pending,,2026-06-26T04:14:53+00:00
trackb_cont_ROK_20260617,479.390015,,,,,486.470001,455.700012,,,,,,-2.8814,pending,,2026-06-26T04:14:53+00:00
trackb_cont_ROK_20260618,,,,,,486.470001,455.700012,,,,,,-2.8814,pending,,2026-06-26T04:14:53+00:00
trackb_cont_ROK_20260619,,,,,,486.470001,455.700012,,,,,,-2.8814,pending,,2026-06-26T04:14:53+00:00
trackb_cont_ROK_20260622,,,,,,486.470001,455.700012,,,,,,-3.8181,pending,,2026-06-26T04:14:53+00:00
trackb_cont_ROK_20260623,,,,,,486.470001,455.700012,,,,,,-4.6812,pending,,2026-06-26T04:14:53+00:00
trackb_cont_ROK_20260624,,,,,,486.470001,455.700012,,,,,,-4.6812,pending,,2026-06-26T04:14:53+00:00
trackb_cont_ROLR_20260611,5.95,,,,,7.55,4.9,,,,,,-30.4965,pending,,2026-06-26T04:17:20+00:00
trackb_cont_ROLR_20260612,5.48,,,,,7.36,4.9,,,,,,-33.4239,pending,,2026-06-26T04:17:20+00:00
trackb_cont_ROST_20260610,233.25,215.130005,,,,242.809998,214.940002,,,,,,-5.4876,pending,,2026-06-26T04:17:10+00:00
trackb_cont_ROST_20260612,236.970001,,,,,242.809998,214.940002,,,,,,-10.1083,pending,,2026-06-26T04:17:10+00:00
trackb_cont_ROST_20260616,228.589996,,,,,240.940002,214.940002,,,,,,-9.4284,pending,,2026-06-26T04:17:10+00:00
trackb_cont_ROST_20260617,215.130005,,,,,240.940002,214.940002,,,,,,-9.4284,pending,,2026-06-26T04:17:10+00:00
trackb_cont_ROST_20260618,,,,,,240.940002,214.940002,,,,,,-9.4284,pending,,2026-06-26T04:17:10+00:00
trackb_cont_ROST_20260619,,,,,,240.940002,214.940002,,,,,,-9.4284,pending,,2026-06-26T04:17:10+00:00
trackb_cont_RPM_20260603,104.279999,107.019997,,,,113.169998,103.57,,,,,,-0.7855,pending,,2026-06-26T04:15:59+00:00
trackb_cont_RPM_20260604,107.529999,108.0,,,,113.169998,103.870003,,,,,,-0.4981,pending,,2026-06-26T04:15:59+00:00
trackb_cont_RPM_20260605,107.050003,107.559998,,,,113.169998,104.010002,,,,,,-0.364,pending,,2026-06-26T04:15:59+00:00
trackb_cont_RPM_20260608,108.849998,106.040001,,,,113.169998,104.010002,,,,,,-0.364,pending,,2026-06-26T04:15:59+00:00
trackb_cont_RPM_20260610,107.019997,111.699997,,,,113.169998,104.129997,,,,,,-0.4588,pending,,2026-06-26T04:15:59+00:00
trackb_cont_RPM_20260612,107.559998,,,,,113.169998,105.620003,,,,,,-1.7762,pending,,2026-06-26T04:15:59+00:00
trackb_cont_RPM_20260616,109.699997,,,,,113.169998,105.620003,,,,,,-3.7192,pending,,2026-06-26T04:15:59+00:00
trackb_cont_RPM_20260617,111.699997,,,,,113.169998,105.620003,,,,,,-3.7192,pending,,2026-06-26T04:15:59+00:00
trackb_cont_RPM_20260618,,,,,,113.169998,105.620003,,,,,,-1.3082,pending,,2026-06-26T04:15:59+00:00
trackb_cont_RPM_20260619,,,,,,113.169998,105.620003,,,,,,-1.3082,pending,,2026-06-26T04:15:59+00:00
trackb_cont_RPM_20260622,,,,,,113.169998,105.620003,,,,,,-2.2037,pending,,2026-06-26T04:15:59+00:00
trackb_cont_RPM_20260623,,,,,,113.169998,105.620003,,,,,,-1.8036,pending,,2026-06-26T04:15:59+00:00
trackb_cont_RPM_20260624,,,,,,113.169998,107.230003,,,,,,-0.3068,pending,,2026-06-26T04:15:59+00:00
trackb_cont_RPRX_20260603,54.52,53.700001,,,,56.5,51.150002,,,,,,-7.3202,pending,,2026-06-26T04:16:26+00:00
trackb_cont_RPRX_20260604,55.290001,52.959999,,,,56.5,51.150002,,,,,,-7.3202,pending,,2026-06-26T04:16:26+00:00
trackb_cont_RPRX_20260605,54.869999,53.57,,,,56.5,51.150002,,,,,,-7.3202,pending,,2026-06-26T04:16:26+00:00
trackb_cont_RPRX_20260608,54.27,55.349998,,,,56.5,51.150002,,,,,,-8.4482,pending,,2026-06-26T04:16:26+00:00
trackb_cont_RPRX_20260610,53.700001,54.689999,,,,56.23,51.150002,,,,,,-6.7627,pending,,2026-06-26T04:16:26+00:00
trackb_cont_RPRX_20260611,52.959999,,,,,56.0,51.150002,,,,,,-6.1812,pending,,2026-06-26T04:16:26+00:00
trackb_cont_RPRX_20260625,,,,,,55.240002,53.59,,,,,,-1.2712,pending,,2026-06-26T04:16:26+00:00
trackb_cont_RRR_20260603,62.080002,59.130001,,,,64.419998,56.299999,,,,,,-0.793,pending,,2026-06-26T04:16:07+00:00
trackb_cont_RRR_20260604,62.32,61.330002,,,,64.419998,56.299999,,,,,,-0.793,pending,,2026-06-26T04:16:07+00:00
trackb_cont_RRR_20260605,63.110001,60.450001,,,,64.419998,57.009998,,,,,,0.4581,pending,,2026-06-26T04:16:07+00:00
trackb_cont_RRR_20260609,60.919998,62.5,,,,64.419998,58.200001,,,,,,0.1894,pending,,2026-06-26T04:16:07+00:00
trackb_cont_RRR_20260610,59.130001,63.57,,,,64.419998,58.82,,,,,,1.2567,pending,,2026-06-26T04:16:07+00:00
trackb_cont_RRR_20260615,61.02,,,,,64.419998,58.82,,,,,,-6.6794,pending,,2026-06-26T04:16:07+00:00
trackb_cont_RRR_20260616,62.5,,,,,64.419998,58.82,,,,,,-3.7867,pending,,2026-06-26T04:16:07+00:00
trackb_cont_RRR_20260617,63.57,,,,,64.419998,58.82,,,,,,-3.7867,pending,,2026-06-26T04:16:07+00:00
trackb_cont_RRR_20260618,,,,,,64.419998,59.290001,,,,,,0.2706,pending,,2026-06-26T04:16:07+00:00
trackb_cont_RRR_20260619,,,,,,64.419998,60.264999,,,,,,1.9195,pending,,2026-06-26T04:16:07+00:00
trackb_cont_RRR_20260622,,,,,,64.419998,60.264999,,,,,,1.9195,pending,,2026-06-26T04:16:07+00:00
trackb_cont_RRX_20260615,218.179993,,,,,234.990005,214.649994,,,,,,-4.2553,pending,,2026-06-26T04:17:39+00:00
trackb_cont_RRX_20260616,218.75,,,,,234.990005,214.649994,,,,,,-3.4934,pending,,2026-06-26T04:17:39+00:00
trackb_cont_RRX_20260617,227.179993,,,,,234.990005,214.649994,,,,,,-3.4934,pending,,2026-06-26T04:17:39+00:00
trackb_cont_RRX_20260618,,,,,,234.990005,214.649994,,,,,,-5.2736,pending,,2026-06-26T04:17:39+00:00
trackb_cont_RRX_20260619,,,,,,234.990005,214.649994,,,,,,-5.2736,pending,,2026-06-26T04:17:39+00:00
trackb_cont_RRX_20260622,,,,,,234.990005,214.649994,,,,,,-5.3488,pending,,2026-06-26T04:17:39+00:00
trackb_cont_RRX_20260623,,,,,,234.990005,214.649994,,,,,,-5.3488,pending,,2026-06-26T04:17:39+00:00
trackb_cont_RSI_20260615,29.51,,,,,31.040001,27.82,,,,,,-6.2984,pending,,2026-06-26T04:17:46+00:00
trackb_cont_RSI_20260616,29.83,,,,,31.040001,27.82,,,,,,-6.9254,pending,,2026-06-26T04:17:46+00:00
trackb_cont_RSI_20260617,30.360001,,,,,31.040001,27.82,,,,,,-6.9254,pending,,2026-06-26T04:17:46+00:00
trackb_cont_RS_20260603,394.290009,404.109985,,,,419.829987,386.609985,,,,,,-1.5257,pending,,2026-06-26T04:15:06+00:00
trackb_cont_RS_20260604,410.429993,396.339996,,,,419.829987,386.609985,,,,,,-1.5257,pending,,2026-06-26T04:15:06+00:00
trackb_cont_RS_20260605,413.429993,403.48999,,,,419.829987,389.230011,,,,,,-0.8584,pending,,2026-06-26T04:15:06+00:00
trackb_cont_RS_20260608,405.920013,398.630005,,,,419.829987,389.230011,,,,,,-0.8584,pending,,2026-06-26T04:15:06+00:00
trackb_cont_RS_20260609,413.339996,396.859985,,,,419.829987,393.0,,,,,,-0.8227,pending,,2026-06-26T04:15:06+00:00
trackb_cont_RS_20260610,404.109985,405.779999,,,,419.829987,393.0,,,,,,-0.8227,pending,,2026-06-26T04:15:06+00:00
trackb_cont_RS_20260611,396.339996,,,,,419.829987,393.0,,,,,,-0.3272,pending,,2026-06-26T04:15:06+00:00
trackb_cont_RS_20260615,398.630005,,,,,419.829987,393.350006,,,,,,-5.7223,pending,,2026-06-26T04:15:06+00:00
trackb_cont_RS_20260616,396.859985,,,,,417.170013,393.350006,,,,,,-3.6663,pending,,2026-06-26T04:15:06+00:00
trackb_cont_RS_20260617,405.779999,,,,,412.540009,393.350006,,,,,,-3.6663,pending,,2026-06-26T04:15:06+00:00
trackb_cont_RS_20260618,,,,,,410.119995,393.350006,,,,,,-2.7949,pending,,2026-06-26T04:15:06+00:00
trackb_cont_RS_20260619,,,,,,410.119995,393.350006,,,,,,-2.7949,pending,,2026-06-26T04:15:06+00:00
trackb_cont_RS_20260622,,,,,,410.119995,393.350006,,,,,,-2.7949,pending,,2026-06-26T04:15:06+00:00
trackb_cont_RTX_20260616,185.059998,,,,,194.169998,180.970001,,,,,,-2.7158,pending,,2026-06-26T04:18:01+00:00
trackb_cont_RTX_20260617,186.589996,,,,,194.169998,180.970001,,,,,,-2.7158,pending,,2026-06-26T04:18:01+00:00
trackb_cont_RTX_20260618,,,,,,194.169998,180.970001,,,,,,-2.7158,pending,,2026-06-26T04:18:01+00:00
trackb_cont_RTX_20260619,,,,,,189.660004,180.970001,,,,,,-2.7158,pending,,2026-06-26T04:18:01+00:00
trackb_cont_RTX_20260622,,,,,,189.660004,180.970001,,,,,,-2.4946,pending,,2026-06-26T04:18:01+00:00
trackb_cont_RTX_20260623,,,,,,189.660004,181.830002,,,,,,-2.0312,pending,,2026-06-26T04:18:01+00:00
trackb_cont_RUM_20260603,7.0,7.29,,,,10.54,5.83,,,,,,-31.8925,pending,,2026-06-26T04:16:25+00:00
trackb_cont_RUM_20260604,7.54,7.36,,,,10.54,5.83,,,,,,-31.8925,pending,,2026-06-26T04:16:25+00:00
trackb_cont_RUM_20260605,7.16,6.8,,,,8.71,5.83,,,,,,-31.8925,pending,,2026-06-26T04:16:25+00:00
trackb_cont_RUM_20260608,7.75,6.73,,,,8.71,5.83,,,,,,-31.8925,pending,,2026-06-26T04:16:25+00:00
trackb_cont_RVMD_20260623,,,,,,184.389999,163.050003,,,,,,-1.6646,pending,,2026-06-26T04:18:49+00:00
trackb_cont_RVMD_20260624,,,,,,184.389999,166.429993,,,,,,0.3739,pending,,2026-06-26T04:18:49+00:00
trackb_cont_RVMD_20260625,,,,,,184.389999,168.190002,,,,,,-0.9307,pending,,2026-06-26T04:18:49+00:00
trackb_cont_RVTY_20260603,101.290001,97.82,,,,114.150002,96.860001,,,,,,-4.4585,pending,,2026-06-26T04:16:15+00:00
trackb_cont_RVTY_20260604,101.519997,100.0,,,,114.150002,96.860001,,,,,,-4.4585,pending,,2026-06-26T04:16:15+00:00
trackb_cont_RVTY_20260605,99.660004,99.040001,,,,114.150002,96.860001,,,,,,-4.4585,pending,,2026-06-26T04:16:15+00:00
trackb_cont_RVTY_20260608,100.550003,99.900002,,,,114.150002,96.860001,,,,,,-4.4585,pending,,2026-06-26T04:16:15+00:00
trackb_cont_RVTY_20260611,100.0,,,,,114.150002,96.860001,,,,,,-4.3736,pending,,2026-06-26T04:16:15+00:00
trackb_cont_RXO_20260603,28.75,24.82,,,,29.860001,24.68,,,,,,-7.6347,pending,,2026-06-26T04:14:57+00:00
trackb_cont_RXO_20260604,28.5,25.389999,,,,29.860001,24.68,,,,,,-7.6347,pending,,2026-06-26T04:14:57+00:00
trackb_cont_RXO_20260605,28.35,25.82,,,,29.860001,24.68,,,,,,-7.6347,pending,,2026-06-26T04:14:57+00:00
trackb_cont_RXO_20260608,27.709999,25.49,,,,29.860001,24.68,,,,,,-7.6347,pending,,2026-06-26T04:14:57+00:00
trackb_cont_RXO_20260610,24.82,26.9,,,,29.860001,24.68,,,,,,-12.0769,pending,,2026-06-26T04:14:57+00:00
trackb_cont_RXO_20260616,25.299999,,,,,28.25,24.68,,,,,,-11.223,pending,,2026-06-26T04:14:57+00:00
trackb_cont_RXO_20260617,26.9,,,,,27.415001,24.68,,,,,,-11.223,pending,,2026-06-26T04:14:57+00:00
trackb_cont_RXO_20260618,,,,,,27.26,25.030001,,,,,,0.8461,pending,,2026-06-26T04:14:57+00:00
trackb_cont_RXO_20260619,,,,,,27.26,25.030001,,,,,,0.8461,pending,,2026-06-26T04:14:57+00:00
trackb_cont_RYAN_20260612,33.259998,,,,,36.900002,33.080002,,,,,,-4.0881,pending,,2026-06-26T04:16:31+00:00
trackb_cont_RYAN_20260616,35.279999,,,,,36.900002,33.080002,,,,,,-6.4215,pending,,2026-06-26T04:16:31+00:00
trackb_cont_RYAN_20260617,35.950001,,,,,36.900002,33.080002,,,,,,-6.4215,pending,,2026-06-26T04:16:31+00:00
trackb_cont_RYAN_20260618,,,,,,36.619999,33.080002,,,,,,-6.2358,pending,,2026-06-26T04:16:31+00:00
trackb_cont_RYAN_20260619,,,,,,36.619999,33.080002,,,,,,-6.2358,pending,,2026-06-26T04:16:31+00:00
trackb_cont_RYAN_20260622,,,,,,36.619999,33.080002,,,,,,-5.4046,pending,,2026-06-26T04:16:31+00:00
trackb_cont_RYAN_20260623,,,,,,36.619999,33.619999,,,,,,-3.8605,pending,,2026-06-26T04:16:31+00:00
trackb_cont_RYN_20260610,20.73,21.879999,,,,22.219999,20.42,,,,,,-1.7324,pending,,2026-06-26T04:17:10+00:00
trackb_cont_RYN_20260611,20.98,,,,,22.219999,20.42,,,,,,-1.305,pending,,2026-06-26T04:17:10+00:00
trackb_cont_RYN_20260615,21.17,,,,,22.219999,20.700001,,,,,,-6.5383,pending,,2026-06-26T04:17:10+00:00
trackb_cont_RYN_20260616,21.68,,,,,21.969999,20.700001,,,,,,-5.3065,pending,,2026-06-26T04:17:10+00:00
trackb_cont_RYN_20260617,21.879999,,,,,21.969999,20.700001,,,,,,-5.3065,pending,,2026-06-26T04:17:10+00:00
trackb_cont_RYN_20260618,,,,,,21.969999,20.719999,,,,,,-5.215,pending,,2026-06-26T04:17:10+00:00
trackb_cont_RYN_20260619,,,,,,21.969999,20.719999,,,,,,-5.215,pending,,2026-06-26T04:17:10+00:00
trackb_cont_RYZ_20260603,28.639999,28.040001,,,,30.85,26.58,,,,,,-5.266,pending,,2026-06-26T04:15:24+00:00
trackb_cont_RYZ_20260604,29.6,27.700001,,,,30.85,26.58,,,,,,-5.266,pending,,2026-06-26T04:15:24+00:00
trackb_cont_RYZ_20260605,30.41,27.25,,,,30.85,26.58,,,,,,-5.266,pending,,2026-06-26T04:15:24+00:00
trackb_cont_RYZ_20260608,29.02,27.530001,,,,30.85,26.58,,,,,,-5.266,pending,,2026-06-26T04:15:24+00:00
trackb_cont_RYZ_20260612,27.25,,,,,30.85,26.58,,,,,,-10.2027,pending,,2026-06-26T04:15:24+00:00
trackb_cont_RYZ_20260616,27.76,,,,,29.780001,26.58,,,,,,-10.0964,pending,,2026-06-26T04:15:24+00:00
trackb_cont_RYZ_20260617,27.82,,,,,29.0,26.58,,,,,,-10.0964,pending,,2026-06-26T04:15:24+00:00
trackb_cont_RYZ_20260618,,,,,,28.290001,26.58,,,,,,-10.0964,pending,,2026-06-26T04:15:24+00:00
trackb_cont_RYZ_20260619,,,,,,28.18,26.58,,,,,,-10.0964,pending,,2026-06-26T04:15:24+00:00
trackb_cont_R_20260603,270.25,266.100006,,,,284.25,256.200012,,,,,,-1.0505,pending,,2026-06-26T04:14:51+00:00
trackb_cont_R_20260604,280.339996,263.369995,,,,284.25,259.950012,,,,,,0.3978,pending,,2026-06-26T04:14:51+00:00
trackb_cont_R_20260605,280.329987,265.059998,,,,284.25,260.540009,,,,,,0.6257,pending,,2026-06-26T04:14:51+00:00
trackb_cont_R_20260608,277.230011,263.359985,,,,284.25,260.540009,,,,,,0.6257,pending,,2026-06-26T04:14:51+00:00
trackb_cont_R_20260609,274.660004,261.01001,,,,284.25,260.540009,,,,,,-3.8385,pending,,2026-06-26T04:14:51+00:00
trackb_cont_R_20260610,266.100006,267.920013,,,,284.25,260.540009,,,,,,-3.8385,pending,,2026-06-26T04:14:51+00:00
trackb_cont_R_20260611,263.369995,,,,,284.25,260.540009,,,,,,-3.593,pending,,2026-06-26T04:14:51+00:00
trackb_cont_R_20260616,261.01001,,,,,279.880005,260.540009,,,,,,-5.4987,pending,,2026-06-26T04:14:51+00:00
trackb_cont_R_20260617,267.920013,,,,,275.0,260.540009,,,,,,-5.4987,pending,,2026-06-26T04:14:51+00:00
trackb_cont_SAFE_20260609,15.69,15.74,,,,16.32,14.72,,,,,,-5.8824,pending,,2026-06-26T04:16:57+00:00
trackb_cont_SAFE_20260611,15.34,,,,,16.290001,14.72,,,,,,-6.5397,pending,,2026-06-26T04:16:57+00:00
trackb_cont_SAFE_20260612,15.21,,,,,16.290001,14.72,,,,,,-8.5146,pending,,2026-06-26T04:16:57+00:00
trackb_cont_SAFE_20260616,15.74,,,,,16.07,14.72,,,,,,-6.4803,pending,,2026-06-26T04:16:57+00:00
trackb_cont_SAFE_20260617,15.69,,,,,15.98,14.72,,,,,,-6.4803,pending,,2026-06-26T04:16:57+00:00
trackb_cont_SAFE_20260618,,,,,,15.98,15.0,,,,,,-4.7014,pending,,2026-06-26T04:16:57+00:00
trackb_cont_SAFE_20260619,,,,,,15.98,15.16,,,,,,-3.6849,pending,,2026-06-26T04:16:57+00:00
trackb_cont_SAH_20260603,84.150002,78.129997,,,,85.919998,77.419998,,,,,,-7.2036,pending,,2026-06-26T04:14:53+00:00
trackb_cont_SAH_20260604,84.25,80.730003,,,,85.919998,77.419998,,,,,,-7.2036,pending,,2026-06-26T04:14:53+00:00
trackb_cont_SAH_20260605,84.610001,80.580002,,,,85.919998,77.419998,,,,,,-7.2036,pending,,2026-06-26T04:14:53+00:00
trackb_cont_SAH_20260608,83.709999,81.43,,,,85.919998,77.419998,,,,,,-7.2036,pending,,2026-06-26T04:14:53+00:00
trackb_cont_SAH_20260610,78.129997,82.709999,,,,85.919998,77.419998,,,,,,-6.3732,pending,,2026-06-26T04:14:53+00:00
trackb_cont_SAH_20260611,80.730003,,,,,85.889999,77.419998,,,,,,-7.9976,pending,,2026-06-26T04:14:53+00:00
trackb_cont_SAH_20260612,80.580002,,,,,85.889999,77.419998,,,,,,-8.1068,pending,,2026-06-26T04:14:53+00:00
trackb_cont_SAH_20260616,83.620003,,,,,84.370003,77.419998,,,,,,-8.4221,pending,,2026-06-26T04:14:53+00:00
trackb_cont_SAH_20260617,82.709999,,,,,84.370003,77.419998,,,,,,-8.4221,pending,,2026-06-26T04:14:53+00:00
trackb_cont_SAH_20260618,,,,,,84.370003,78.440002,,,,,,0.3968,pending,,2026-06-26T04:14:53+00:00
trackb_cont_SAH_20260619,,,,,,84.370003,79.080002,,,,,,1.2159,pending,,2026-06-26T04:14:53+00:00
trackb_cont_SAIA_20260603,463.700012,425.859985,,,,494.709991,422.339996,,,,,,-8.5666,pending,,2026-06-26T04:15:45+00:00
trackb_cont_SAIA_20260604,487.140015,435.119995,,,,494.709991,422.339996,,,,,,-8.5666,pending,,2026-06-26T04:15:45+00:00
trackb_cont_SAIA_20260605,482.869995,436.049988,,,,494.709991,422.339996,,,,,,-8.5666,pending,,2026-06-26T04:15:45+00:00
trackb_cont_SAIA_20260608,474.190002,430.869995,,,,494.709991,422.339996,,,,,,-8.5666,pending,,2026-06-26T04:15:45+00:00
trackb_cont_SAIA_20260609,457.019989,428.440002,,,,494.709991,422.339996,,,,,,-12.137,pending,,2026-06-26T04:15:45+00:00
trackb_cont_SAIA_20260611,435.119995,,,,,490.070007,422.339996,,,,,,-8.9196,pending,,2026-06-26T04:15:45+00:00
trackb_cont_SAIA_20260615,430.869995,,,,,486.730011,422.339996,,,,,,-12.0848,pending,,2026-06-26T04:15:45+00:00
trackb_cont_SAIA_20260616,428.440002,,,,,476.600006,422.339996,,,,,,-10.9889,pending,,2026-06-26T04:15:45+00:00
trackb_cont_SAIA_20260617,433.690002,,,,,456.420013,422.339996,,,,,,-10.9889,pending,,2026-06-26T04:15:45+00:00
trackb_cont_SAIC_20260603,114.230003,106.730003,,,,118.419998,98.339996,,,,,,-12.61,pending,,2026-06-26T04:16:23+00:00
trackb_cont_SAIC_20260604,114.93,102.389999,,,,118.419998,98.339996,,,,,,-12.61,pending,,2026-06-26T04:16:23+00:00
trackb_cont_SAIC_20260605,113.809998,100.599998,,,,118.169998,98.339996,,,,,,-12.61,pending,,2026-06-26T04:16:23+00:00
trackb_cont_SAIC_20260608,109.389999,105.160004,,,,116.720001,98.339996,,,,,,-12.61,pending,,2026-06-26T04:16:23+00:00
trackb_cont_SAIC_20260609,108.870003,108.470001,,,,116.720001,98.339996,,,,,,-13.1272,pending,,2026-06-26T04:16:23+00:00
trackb_cont_SAIC_20260610,106.730003,106.629997,,,,116.720001,98.339996,,,,,,-13.1272,pending,,2026-06-26T04:16:23+00:00
trackb_cont_SAIC_20260612,100.599998,,,,,115.849998,98.339996,,,,,,-14.4349,pending,,2026-06-26T04:16:23+00:00
trackb_cont_SANM_20260603,231.320007,242.770004,,,,288.679993,229.059998,,,,,,-19.2655,pending,,2026-06-26T04:14:44+00:00
trackb_cont_SANM_20260604,246.979996,241.490005,,,,285.339996,229.059998,,,,,,-19.2655,pending,,2026-06-26T04:14:44+00:00
trackb_cont_SANM_20260605,255.199997,253.449997,,,,270.970001,229.059998,,,,,,-19.2655,pending,,2026-06-26T04:14:44+00:00
trackb_cont_SANM_20260608,259.820007,247.039993,,,,269.540009,229.059998,,,,,,-9.132,pending,,2026-06-26T04:14:44+00:00
trackb_cont_SBH_20260616,14.32,,,,,14.48,12.88,,,,,,-5.0147,pending,,2026-06-26T04:17:41+00:00
trackb_cont_SBH_20260617,14.14,,,,,14.48,12.88,,,,,,-5.0147,pending,,2026-06-26T04:17:41+00:00
trackb_cont_SBH_20260618,,,,,,14.48,12.88,,,,,,-5.0147,pending,,2026-06-26T04:17:41+00:00
trackb_cont_SBH_20260619,,,,,,14.48,12.88,,,,,,-5.0147,pending,,2026-06-26T04:17:41+00:00
trackb_cont_SBH_20260623,,,,,,14.48,13.21,,,,,,1.5373,pending,,2026-06-26T04:17:41+00:00
trackb_cont_SBH_20260624,,,,,,14.48,13.46,,,,,,3.4589,pending,,2026-06-26T04:17:41+00:00
trackb_cont_SBH_20260625,,,,,,14.48,13.93,,,,,,7.0715,pending,,2026-06-26T04:17:41+00:00
trackb_cont_SCHW_20260616,91.389999,,,,,94.830002,89.260002,,,,,,-2.4907,pending,,2026-06-26T04:18:00+00:00
trackb_cont_SCHW_20260617,89.440002,,,,,94.830002,89.260002,,,,,,-2.4907,pending,,2026-06-26T04:18:00+00:00
trackb_cont_SCHW_20260618,,,,,,94.790001,89.260002,,,,,,-5.7046,pending,,2026-06-26T04:18:00+00:00
trackb_cont_SCHW_20260619,,,,,,93.300003,89.260002,,,,,,-5.7046,pending,,2026-06-26T04:18:00+00:00
trackb_cont_SCHW_20260622,,,,,,93.300003,89.260002,,,,,,-2.6608,pending,,2026-06-26T04:18:00+00:00
trackb_cont_SCHW_20260623,,,,,,93.300003,89.260002,,,,,,-3.0099,pending,,2026-06-26T04:18:00+00:00
trackb_cont_SCHW_20260624,,,,,,92.900002,89.260002,,,,,,-3.0099,pending,,2026-06-26T04:18:00+00:00
trackb_cont_SCHW_20260625,,,,,,92.599998,89.260002,,,,,,-3.0099,pending,,2026-06-26T04:18:00+00:00
trackb_cont_SCSC_20260603,48.860001,48.639999,,,,50.799999,45.279999,,,,,,-0.7018,pending,,2026-06-26T04:15:10+00:00
trackb_cont_SCSC_20260604,49.540001,49.630001,,,,50.799999,46.009998,,,,,,0.8991,pending,,2026-06-26T04:15:10+00:00
trackb_cont_SCSC_20260605,50.009998,49.330002,,,,50.799999,46.110001,,,,,,1.1184,pending,,2026-06-26T04:15:10+00:00
trackb_cont_SCSC_20260608,49.349998,49.189999,,,,50.799999,46.119999,,,,,,1.1403,pending,,2026-06-26T04:15:10+00:00
trackb_cont_SCSC_20260609,49.27,49.709999,,,,50.799999,47.18,,,,,,-2.0145,pending,,2026-06-26T04:15:10+00:00
trackb_cont_SCSC_20260610,48.639999,50.529999,,,,50.799999,47.66,,,,,,-1.0177,pending,,2026-06-26T04:15:10+00:00
trackb_cont_SCSC_20260612,49.330002,,,,,50.799999,48.200001,,,,,,-2.7049,pending,,2026-06-26T04:15:10+00:00
trackb_cont_SCSC_20260616,49.709999,,,,,50.799999,48.200001,,,,,,-4.0987,pending,,2026-06-26T04:15:10+00:00
trackb_cont_SCSC_20260617,50.529999,,,,,50.799999,48.200001,,,,,,-4.0987,pending,,2026-06-26T04:15:10+00:00
trackb_cont_SCSC_20260618,,,,,,50.799999,48.52,,,,,,-3.462,pending,,2026-06-26T04:15:10+00:00
trackb_cont_SCSC_20260619,,,,,,50.799999,48.52,,,,,,-3.462,pending,,2026-06-26T04:15:10+00:00
trackb_cont_SCSC_20260622,,,,,,50.799999,48.52,,,,,,-2.2365,pending,,2026-06-26T04:15:10+00:00
trackb_cont_SCSC_20260623,,,,,,50.799999,48.52,,,,,,-1.642,pending,,2026-06-26T04:15:10+00:00
trackb_cont_SCSC_20260624,,,,,,50.799999,49.189999,,,,,,-0.2838,pending,,2026-06-26T04:15:10+00:00
trackb_cont_SCSC_20260625,,,,,,50.799999,49.75,,,,,,0.8514,pending,,2026-06-26T04:15:10+00:00
trackb_cont_SDGR_20260603,14.15,15.53,,,,16.469999,13.9,,,,,,-5.3778,pending,,2026-06-26T04:16:13+00:00
trackb_cont_SDGR_20260604,14.6,15.76,,,,16.469999,13.9,,,,,,-5.3778,pending,,2026-06-26T04:16:13+00:00
trackb_cont_SDGR_20260605,14.45,15.23,,,,16.469999,13.9,,,,,,-5.3778,pending,,2026-06-26T04:16:13+00:00
trackb_cont_SDGR_20260608,14.6,15.04,,,,16.469999,13.9,,,,,,-5.3778,pending,,2026-06-26T04:16:13+00:00
trackb_cont_SDGR_20260622,,,,,,16.469999,14.924,,,,,,-5.3046,pending,,2026-06-26T04:16:13+00:00
trackb_cont_SDGR_20260623,,,,,,16.469999,14.924,,,,,,-2.0092,pending,,2026-06-26T04:16:13+00:00
trackb_cont_SDGR_20260624,,,,,,16.469999,15.081,,,,,,-0.9783,pending,,2026-06-26T04:16:13+00:00
trackb_cont_SDHC_20260615,13.24,,,,,14.97,12.68,,,,,,-7.7483,pending,,2026-06-26T04:17:51+00:00
trackb_cont_SDHC_20260616,14.34,,,,,14.97,12.68,,,,,,-7.3776,pending,,2026-06-26T04:17:51+00:00
trackb_cont_SDHC_20260617,14.28,,,,,14.97,13.0,,,,,,-5.0402,pending,,2026-06-26T04:17:51+00:00
trackb_cont_SDHC_20260618,,,,,,14.97,13.141,,,,,,-4.0102,pending,,2026-06-26T04:17:51+00:00
trackb_cont_SDHC_20260619,,,,,,14.97,13.141,,,,,,-4.0102,pending,,2026-06-26T04:17:51+00:00
trackb_cont_SDHC_20260623,,,,,,14.97,13.141,,,,,,-1.2697,pending,,2026-06-26T04:17:51+00:00
trackb_cont_SDHC_20260624,,,,,,14.97,13.4,,,,,,0.6762,pending,,2026-06-26T04:17:51+00:00
trackb_cont_SEI_20260623,,,,,,80.5,73.531998,,,,,,-10.5124,pending,,2026-06-26T04:18:50+00:00
trackb_cont_SEI_20260624,,,,,,80.5,73.531998,,,,,,-10.5124,pending,,2026-06-26T04:18:50+00:00
trackb_cont_SEI_20260625,,,,,,80.5,74.550003,,,,,,-9.2735,pending,,2026-06-26T04:18:50+00:00
trackb_cont_SEM_20260609,16.610001,16.57,,,,16.700001,16.51,,,,,,-0.3621,pending,,2026-06-26T04:16:57+00:00
trackb_cont_SEM_20260611,16.540001,,,,,16.700001,16.51,,,,,,-0.5422,pending,,2026-06-26T04:16:57+00:00
trackb_cont_SEM_20260612,16.549999,,,,,16.700001,16.51,,,,,,-0.9004,pending,,2026-06-26T04:16:57+00:00
trackb_cont_SEM_20260616,16.57,,,,,16.67,16.51,,,,,,-0.9895,pending,,2026-06-26T04:16:57+00:00
trackb_cont_SEM_20260617,16.549999,,,,,16.620001,16.51,,,,,,-0.9895,pending,,2026-06-26T04:16:57+00:00
trackb_cont_SEM_20260618,,,,,,16.620001,16.51,,,,,,-0.9895,pending,,2026-06-26T04:16:57+00:00
trackb_cont_SEM_20260619,,,,,,16.620001,16.52,,,,,,-0.9295,pending,,2026-06-26T04:16:57+00:00
trackb_cont_SEZL_20260603,120.980003,146.729996,,,,165.899994,108.510002,,,,,,-0.6773,pending,,2026-06-26T04:15:20+00:00
trackb_cont_SEZL_20260604,128.830002,163.279999,,,,165.899994,113.330002,,,,,,3.7346,pending,,2026-06-26T04:15:20+00:00
trackb_cont_SEZL_20260605,132.699997,156.470001,,,,165.899994,113.330002,,,,,,3.7346,pending,,2026-06-26T04:15:20+00:00
trackb_cont_SEZL_20260608,146.119995,151.610001,,,,165.899994,114.860001,,,,,,-0.9913,pending,,2026-06-26T04:15:20+00:00
trackb_cont_SEZL_20260610,146.729996,163.740005,,,,165.899994,118.860001,,,,,,-1.8983,pending,,2026-06-26T04:15:20+00:00
trackb_cont_SEZL_20260612,156.470001,,,,,165.899994,128.880005,,,,,,0.0388,pending,,2026-06-26T04:15:20+00:00
trackb_cont_SEZL_20260616,159.270004,,,,,165.899994,143.869995,,,,,,-1.9224,pending,,2026-06-26T04:15:20+00:00
trackb_cont_SEZL_20260617,163.740005,,,,,165.899994,145.529999,,,,,,-0.7908,pending,,2026-06-26T04:15:20+00:00
trackb_cont_SEZL_20260618,,,,,,165.899994,147.330002,,,,,,0.4363,pending,,2026-06-26T04:15:20+00:00
trackb_cont_SEZL_20260619,,,,,,165.899994,147.330002,,,,,,0.4363,pending,,2026-06-26T04:15:20+00:00
trackb_cont_SFD_20260609,25.950001,24.68,,,,27.08,24.379999,,,,,,-7.1238,pending,,2026-06-26T04:16:35+00:00
trackb_cont_SFIX_20260618,,,,,,4.555,3.85,,,,,,0.2604,pending,,2026-06-26T04:17:03+00:00
trackb_cont_SFIX_20260619,,,,,,4.555,3.89,,,,,,1.3021,pending,,2026-06-26T04:17:03+00:00
trackb_cont_SFIX_20260622,,,,,,4.555,3.89,,,,,,1.3021,pending,,2026-06-26T04:17:03+00:00
trackb_cont_SFIX_20260625,,,,,,4.49,4.225,,,,,,-4.195,pending,,2026-06-26T04:17:03+00:00
trackb_cont_SGI_20260618,,,,,,79.220001,72.019997,,,,,,-2.7677,pending,,2026-06-26T04:16:48+00:00
trackb_cont_SGI_20260619,,,,,,79.220001,72.019997,,,,,,-2.7677,pending,,2026-06-26T04:16:48+00:00
trackb_cont_SGI_20260622,,,,,,79.220001,72.019997,,,,,,-4.1012,pending,,2026-06-26T04:16:48+00:00
trackb_cont_SGI_20260623,,,,,,79.220001,72.019997,,,,,,-4.1012,pending,,2026-06-26T04:16:48+00:00
trackb_cont_SGRY_20260612,14.55,,,,,15.52,14.08,,,,,,-5.7564,pending,,2026-06-26T04:17:35+00:00
trackb_cont_SGRY_20260615,14.53,,,,,15.52,14.08,,,,,,-8.0039,pending,,2026-06-26T04:17:35+00:00
trackb_cont_SGRY_20260616,15.22,,,,,15.52,14.08,,,,,,-6.8783,pending,,2026-06-26T04:17:35+00:00
trackb_cont_SGRY_20260617,15.46,,,,,15.52,14.08,,,,,,-6.8783,pending,,2026-06-26T04:17:35+00:00
trackb_cont_SGRY_20260618,,,,,,15.52,14.08,,,,,,-1.0541,pending,,2026-06-26T04:17:35+00:00
trackb_cont_SGRY_20260619,,,,,,15.52,14.08,,,,,,-1.0541,pending,,2026-06-26T04:17:35+00:00
trackb_cont_SHLS_20260603,9.25,9.44,,,,12.815,9.12,,,,,,-27.2176,pending,,2026-06-26T04:15:30+00:00
trackb_cont_SHLS_20260604,9.89,10.42,,,,12.79,9.12,,,,,,-27.2176,pending,,2026-06-26T04:15:30+00:00
trackb_cont_SHLS_20260605,10.43,10.94,,,,12.49,9.12,,,,,,-27.2176,pending,,2026-06-26T04:15:30+00:00
trackb_cont_SHLS_20260608,10.3,10.28,,,,11.44,9.12,,,,,,-27.2176,pending,,2026-06-26T04:15:30+00:00
trackb_cont_SHOO_20260603,44.23,42.84,,,,47.110001,41.139999,,,,,,-6.0516,pending,,2026-06-26T04:14:44+00:00
trackb_cont_SHOO_20260604,45.889999,44.189999,,,,47.110001,41.139999,,,,,,-6.0516,pending,,2026-06-26T04:14:44+00:00
trackb_cont_SHOO_20260605,46.150002,42.73,,,,47.110001,41.139999,,,,,,-6.0516,pending,,2026-06-26T04:14:44+00:00
trackb_cont_SHOO_20260608,45.419998,42.299999,,,,47.110001,41.139999,,,,,,-6.5637,pending,,2026-06-26T04:14:44+00:00
trackb_cont_SHOO_20260616,42.290001,,,,,46.259998,41.139999,,,,,,-9.463,pending,,2026-06-26T04:14:44+00:00
trackb_cont_SHOO_20260617,41.48,,,,,45.09,41.139999,,,,,,-9.463,pending,,2026-06-26T04:14:44+00:00
trackb_cont_SHOO_20260618,,,,,,44.939999,41.139999,,,,,,-9.463,pending,,2026-06-26T04:14:44+00:00
trackb_cont_SHOO_20260619,,,,,,44.23,41.139999,,,,,,-9.463,pending,,2026-06-26T04:14:44+00:00
trackb_cont_SHO_20260603,11.43,11.74,,,,12.07,10.96,,,,,,-2.6211,pending,,2026-06-26T04:14:55+00:00
trackb_cont_SHO_20260604,11.7,11.91,,,,12.07,11.25,,,,,,-0.0444,pending,,2026-06-26T04:14:55+00:00
trackb_cont_SHO_20260605,11.72,11.86,,,,12.07,11.38,,,,,,1.1106,pending,,2026-06-26T04:14:55+00:00
trackb_cont_SHO_20260608,11.78,11.74,,,,12.07,11.38,,,,,,1.1106,pending,,2026-06-26T04:14:55+00:00
trackb_cont_SHO_20260609,11.85,11.64,,,,12.07,11.41,,,,,,-0.9549,pending,,2026-06-26T04:14:55+00:00
trackb_cont_SHO_20260611,11.91,,,,,12.07,11.45,,,,,,0.175,pending,,2026-06-26T04:14:55+00:00
trackb_cont_SHO_20260615,11.74,,,,,12.07,11.47,,,,,,-2.8789,pending,,2026-06-26T04:14:55+00:00
trackb_cont_SHO_20260616,11.64,,,,,12.07,11.47,,,,,,-2.0913,pending,,2026-06-26T04:14:55+00:00
trackb_cont_SHO_20260617,11.6,,,,,12.07,11.47,,,,,,-2.0913,pending,,2026-06-26T04:14:55+00:00
trackb_cont_SHO_20260618,,,,,,12.07,11.47,,,,,,-3.4512,pending,,2026-06-26T04:14:55+00:00
trackb_cont_SHO_20260619,,,,,,12.07,11.47,,,,,,-3.4512,pending,,2026-06-26T04:14:55+00:00
trackb_cont_SHO_20260622,,,,,,12.07,11.47,,,,,,-3.4512,pending,,2026-06-26T04:14:55+00:00
trackb_cont_SHO_20260623,,,,,,12.0,11.47,,,,,,-3.2884,pending,,2026-06-26T04:14:55+00:00
trackb_cont_SHO_20260624,,,,,,11.8,11.47,,,,,,-3.2884,pending,,2026-06-26T04:14:55+00:00
trackb_cont_SHO_20260625,,,,,,11.77,11.47,,,,,,-1.4605,pending,,2026-06-26T04:14:55+00:00
trackb_cont_SHW_20260615,322.899994,,,,,344.0,312.170013,,,,,,-4.3611,pending,,2026-06-26T04:17:45+00:00
trackb_cont_SHW_20260616,333.130005,,,,,344.0,312.170013,,,,,,-3.128,pending,,2026-06-26T04:17:45+00:00
trackb_cont_SHW_20260617,339.079987,,,,,344.0,312.170013,,,,,,-3.128,pending,,2026-06-26T04:17:45+00:00
trackb_cont_SHW_20260618,,,,,,344.0,314.829987,,,,,,-2.3026,pending,,2026-06-26T04:17:45+00:00
trackb_cont_SHW_20260619,,,,,,344.0,315.709991,,,,,,-2.0295,pending,,2026-06-26T04:17:45+00:00
trackb_cont_SHW_20260625,,,,,,344.0,335.399994,,,,,,0.6814,pending,,2026-06-26T04:17:45+00:00
trackb_cont_SIGI_20260611,92.309998,,,,,96.339996,91.389999,,,,,,0.0547,pending,,2026-06-26T04:17:21+00:00
trackb_cont_SIGI_20260616,95.389999,,,,,96.339996,91.519997,,,,,,-1.3368,pending,,2026-06-26T04:17:21+00:00
trackb_cont_SIGI_20260617,94.510002,,,,,96.339996,91.519997,,,,,,-1.3368,pending,,2026-06-26T04:17:21+00:00
trackb_cont_SIGI_20260618,,,,,,96.339996,91.519997,,,,,,-1.3368,pending,,2026-06-26T04:17:21+00:00
trackb_cont_SIGI_20260619,,,,,,96.339996,91.519997,,,,,,-1.3368,pending,,2026-06-26T04:17:21+00:00
trackb_cont_SIGI_20260622,,,,,,96.339996,91.519997,,,,,,-0.8558,pending,,2026-06-26T04:17:21+00:00
trackb_cont_SIGI_20260623,,,,,,96.339996,92.919998,,,,,,0.5193,pending,,2026-06-26T04:17:21+00:00
trackb_cont_SIGI_20260624,,,,,,96.339996,93.199997,,,,,,0.8222,pending,,2026-06-26T04:17:21+00:00
trackb_cont_SIGI_20260625,,,,,,96.339996,94.349998,,,,,,2.0662,pending,,2026-06-26T04:17:21+00:00
trackb_cont_SILA_20260603,30.290001,30.290001,,,,30.360001,30.23,,,,,,-0.0496,pending,,2026-06-26T04:16:08+00:00
trackb_cont_SILA_20260604,30.27,30.299999,,,,30.360001,30.245001,,,,,,0.0,pending,,2026-06-26T04:16:08+00:00
trackb_cont_SILA_20260605,30.280001,30.34,,,,30.360001,30.245001,,,,,,0.0,pending,,2026-06-26T04:16:08+00:00
trackb_cont_SILA_20260608,30.290001,30.33,,,,30.360001,30.25,,,,,,0.0165,pending,,2026-06-26T04:16:08+00:00
trackb_cont_SILA_20260616,30.33,,,,,30.360001,30.275,,,,,,-0.0495,pending,,2026-06-26T04:16:08+00:00
trackb_cont_SILA_20260617,30.35,,,,,30.360001,30.290001,,,,,,0.0,pending,,2026-06-26T04:16:08+00:00
trackb_cont_SILA_20260618,,,,,,30.360001,30.299999,,,,,,0.033,pending,,2026-06-26T04:16:08+00:00
trackb_cont_SILA_20260619,,,,,,30.360001,30.32,,,,,,0.099,pending,,2026-06-26T04:16:08+00:00
trackb_cont_SILA_20260622,,,,,,30.360001,30.32,,,,,,0.066,pending,,2026-06-26T04:16:08+00:00
trackb_cont_SILA_20260623,,,,,,30.35,30.325001,,,,,,-0.0494,pending,,2026-06-26T04:16:08+00:00
trackb_cont_SILA_20260624,,,,,,30.35,30.33,,,,,,-0.033,pending,,2026-06-26T04:16:08+00:00
trackb_cont_SILA_20260625,,,,,,30.35,30.33,,,,,,-0.0,pending,,2026-06-26T04:16:08+00:00
trackb_cont_SIRI_20260603,27.59,27.93,,,,28.77,26.459999,,,,,,-5.8531,pending,,2026-06-26T04:16:25+00:00
trackb_cont_SIRI_20260604,27.59,28.030001,,,,28.77,26.459999,,,,,,-5.8531,pending,,2026-06-26T04:16:25+00:00
trackb_cont_SIRI_20260605,27.52,27.940001,,,,28.77,26.459999,,,,,,-5.8531,pending,,2026-06-26T04:16:25+00:00
trackb_cont_SJM_20260609,115.989998,111.629997,,,,117.739998,105.5,,,,,,3.6651,pending,,2026-06-26T04:16:54+00:00
trackb_cont_SJM_20260610,112.959999,112.5,,,,117.739998,107.099998,,,,,,5.2373,pending,,2026-06-26T04:16:54+00:00
trackb_cont_SJM_20260615,110.470001,,,,,116.919998,107.099998,,,,,,-6.4465,pending,,2026-06-26T04:16:54+00:00
trackb_cont_SJM_20260616,111.629997,,,,,116.919998,107.099998,,,,,,-7.1723,pending,,2026-06-26T04:16:54+00:00
trackb_cont_SJM_20260617,112.5,,,,,116.209999,107.099998,,,,,,-7.1723,pending,,2026-06-26T04:16:54+00:00
trackb_cont_SJM_20260618,,,,,,114.160004,107.099998,,,,,,-5.1877,pending,,2026-06-26T04:16:54+00:00
trackb_cont_SJM_20260619,,,,,,113.050003,107.099998,,,,,,-5.1877,pending,,2026-06-26T04:16:54+00:00
trackb_cont_SJM_20260622,,,,,,113.050003,107.099998,,,,,,-5.1877,pending,,2026-06-26T04:16:54+00:00
trackb_cont_SKLZ_20260603,8.75,8.32,,,,10.0,7.65,,,,,,-19.6429,pending,,2026-06-26T04:14:56+00:00
trackb_cont_SKLZ_20260604,9.03,8.84,,,,10.0,7.65,,,,,,-19.6429,pending,,2026-06-26T04:14:56+00:00
trackb_cont_SKLZ_20260605,8.63,8.49,,,,9.58,7.65,,,,,,-19.6429,pending,,2026-06-26T04:14:56+00:00
trackb_cont_SKLZ_20260608,8.85,9.12,,,,9.49,7.65,,,,,,-19.6429,pending,,2026-06-26T04:14:56+00:00
trackb_cont_SKT_20260616,40.540001,,,,,41.200001,38.43,,,,,,-5.0408,pending,,2026-06-26T04:18:06+00:00
trackb_cont_SKT_20260617,41.099998,,,,,41.200001,38.43,,,,,,-5.0408,pending,,2026-06-26T04:18:06+00:00
trackb_cont_SKT_20260618,,,,,,41.200001,38.77,,,,,,-4.2006,pending,,2026-06-26T04:18:06+00:00
trackb_cont_SKT_20260619,,,,,,41.200001,38.849998,,,,,,-4.003,pending,,2026-06-26T04:18:06+00:00
trackb_cont_SKYW_20260616,96.699997,,,,,101.349998,91.230003,,,,,,-1.919,pending,,2026-06-26T04:18:06+00:00
trackb_cont_SKYW_20260617,98.290001,,,,,101.349998,91.230003,,,,,,-1.919,pending,,2026-06-26T04:18:06+00:00
trackb_cont_SKYW_20260618,,,,,,101.349998,91.230003,,,,,,-1.919,pending,,2026-06-26T04:18:06+00:00
trackb_cont_SKYW_20260619,,,,,,101.349998,91.230003,,,,,,-1.919,pending,,2026-06-26T04:18:06+00:00
trackb_cont_SKYW_20260623,,,,,,101.349998,91.230003,,,,,,-2.0086,pending,,2026-06-26T04:18:06+00:00
trackb_cont_SKYW_20260624,,,,,,101.349998,94.190002,,,,,,1.1708,pending,,2026-06-26T04:18:06+00:00
trackb_cont_SKYW_20260625,,,,,,101.349998,97.220001,,,,,,0.5377,pending,,2026-06-26T04:18:06+00:00
trackb_cont_SKY_20260610,80.620003,86.989998,,,,90.540001,75.099998,,,,,,-0.133,pending,,2026-06-26T04:17:07+00:00
trackb_cont_SKY_20260612,81.949997,,,,,90.540001,78.0,,,,,,-3.0574,pending,,2026-06-26T04:17:07+00:00
trackb_cont_SKY_20260616,88.230003,,,,,90.540001,78.980003,,,,,,0.5474,pending,,2026-06-26T04:17:07+00:00
trackb_cont_SKY_20260617,86.989998,,,,,90.540001,79.779999,,,,,,1.5659,pending,,2026-06-26T04:17:07+00:00
trackb_cont_SKY_20260618,,,,,,90.540001,81.279999,,,,,,0.8187,pending,,2026-06-26T04:17:07+00:00
trackb_cont_SKY_20260619,,,,,,90.540001,81.279999,,,,,,0.8187,pending,,2026-06-26T04:17:07+00:00
trackb_cont_SKY_20260622,,,,,,90.540001,81.279999,,,,,,0.8187,pending,,2026-06-26T04:17:07+00:00
trackb_cont_SKY_20260623,,,,,,90.540001,81.279999,,,,,,-0.8176,pending,,2026-06-26T04:17:07+00:00
trackb_cont_SKY_20260624,,,,,,90.540001,85.260002,,,,,,4.0391,pending,,2026-06-26T04:17:07+00:00
trackb_cont_SKY_20260625,,,,,,90.540001,86.440002,,,,,,-2.0288,pending,,2026-06-26T04:17:07+00:00
trackb_cont_SLB_20260608,53.709999,47.790001,,,,57.360001,45.869999,,,,,,-16.4024,pending,,2026-06-26T04:16:44+00:00
trackb_cont_SLDP_20260603,2.77,2.7,,,,3.52,2.56,,,,,,-22.2806,pending,,2026-06-26T04:15:03+00:00
trackb_cont_SLDP_20260604,2.83,2.87,,,,3.43,2.56,,,,,,-22.2806,pending,,2026-06-26T04:15:03+00:00
trackb_cont_SLDP_20260605,2.8,2.8,,,,3.23,2.56,,,,,,-22.2806,pending,,2026-06-26T04:15:03+00:00
trackb_cont_SLDP_20260608,2.84,2.73,,,,3.07,2.56,,,,,,-22.2806,pending,,2026-06-26T04:15:03+00:00
trackb_cont_SLGN_20260616,44.669998,,,,,45.799999,41.07,,,,,,-0.4846,pending,,2026-06-26T04:18:07+00:00
trackb_cont_SLGN_20260617,45.330002,,,,,45.799999,41.139999,,,,,,-0.315,pending,,2026-06-26T04:18:07+00:00
trackb_cont_SLGN_20260618,,,,,,45.799999,41.139999,,,,,,-1.7435,pending,,2026-06-26T04:18:07+00:00
trackb_cont_SLGN_20260619,,,,,,45.799999,41.139999,,,,,,-1.7435,pending,,2026-06-26T04:18:07+00:00
trackb_cont_SLGN_20260622,,,,,,45.799999,41.139999,,,,,,-1.7435,pending,,2026-06-26T04:18:07+00:00
trackb_cont_SLG_20260603,51.049999,48.900002,,,,52.529999,44.080002,,,,,,-0.3391,pending,,2026-06-26T04:16:07+00:00
trackb_cont_SLG_20260604,51.310001,50.560001,,,,52.529999,45.119999,,,,,,2.0122,pending,,2026-06-26T04:16:07+00:00
trackb_cont_SLG_20260605,51.150002,49.57,,,,52.529999,46.450001,,,,,,5.0192,pending,,2026-06-26T04:16:07+00:00
trackb_cont_SLG_20260608,51.450001,50.099998,,,,52.529999,48.080002,,,,,,0.5227,pending,,2026-06-26T04:16:07+00:00
trackb_cont_SLG_20260616,49.619999,,,,,52.259998,48.5,,,,,,-5.3104,pending,,2026-06-26T04:16:07+00:00
trackb_cont_SLG_20260617,50.169998,,,,,51.619999,48.5,,,,,,-5.3104,pending,,2026-06-26T04:16:07+00:00
trackb_cont_SLG_20260618,,,,,,51.619999,48.849998,,,,,,-0.1023,pending,,2026-06-26T04:16:07+00:00
trackb_cont_SLG_20260619,,,,,,51.25,48.849998,,,,,,-0.1023,pending,,2026-06-26T04:16:07+00:00
trackb_cont_SLG_20260622,,,,,,51.25,48.849998,,,,,,-0.1023,pending,,2026-06-26T04:16:07+00:00
trackb_cont_SLM_20260611,23.030001,,,,,25.120001,21.33,,,,,,0.1408,pending,,2026-06-26T04:17:20+00:00
trackb_cont_SLM_20260622,,,,,,25.120001,22.549999,,,,,,-2.0842,pending,,2026-06-26T04:17:20+00:00
trackb_cont_SLM_20260623,,,,,,25.120001,22.75,,,,,,-0.394,pending,,2026-06-26T04:17:20+00:00
trackb_cont_SLM_20260624,,,,,,25.120001,23.24,,,,,,1.7513,pending,,2026-06-26T04:17:20+00:00
trackb_cont_SLM_20260625,,,,,,25.120001,24.0,,,,,,0.6711,pending,,2026-06-26T04:17:20+00:00
trackb_cont_SMA_20260616,32.849998,,,,,33.200001,31.504999,,,,,,-2.0976,pending,,2026-06-26T04:18:17+00:00
trackb_cont_SMA_20260617,32.779999,,,,,33.200001,31.504999,,,,,,-2.0976,pending,,2026-06-26T04:18:17+00:00
trackb_cont_SMA_20260618,,,,,,33.200001,31.969999,,,,,,-0.6526,pending,,2026-06-26T04:18:17+00:00
trackb_cont_SMA_20260619,,,,,,33.200001,32.290001,,,,,,0.3418,pending,,2026-06-26T04:18:17+00:00
trackb_cont_SMCI_20260603,29.27,27.780001,,,,50.02,27.709999,,,,,,-40.3701,pending,,2026-06-26T04:14:58+00:00
trackb_cont_SMCI_20260604,31.969999,30.66,,,,47.84,27.709999,,,,,,-40.3701,pending,,2026-06-26T04:14:58+00:00
trackb_cont_SMCI_20260605,30.459999,35.459999,,,,45.259998,27.709999,,,,,,-40.3701,pending,,2026-06-26T04:14:58+00:00
trackb_cont_SMCI_20260608,30.85,33.32,,,,44.950001,27.709999,,,,,,-40.3701,pending,,2026-06-26T04:14:58+00:00
trackb_cont_SMG_20260615,63.490002,,,,,70.550003,61.939999,,,,,,-4.3123,pending,,2026-06-26T04:17:50+00:00
trackb_cont_SMG_20260616,68.540001,,,,,70.550003,61.939999,,,,,,-3.1431,pending,,2026-06-26T04:17:50+00:00
trackb_cont_SMG_20260617,69.330002,,,,,70.550003,61.939999,,,,,,-3.1431,pending,,2026-06-26T04:17:50+00:00
trackb_cont_SMG_20260618,,,,,,70.550003,62.0,,,,,,-3.0493,pending,,2026-06-26T04:17:50+00:00
trackb_cont_SMG_20260619,,,,,,70.550003,62.0,,,,,,-3.0493,pending,,2026-06-26T04:17:50+00:00
trackb_cont_SMG_20260622,,,,,,70.550003,62.0,,,,,,-4.1583,pending,,2026-06-26T04:17:50+00:00
trackb_cont_SMG_20260623,,,,,,70.550003,62.0,,,,,,-1.1322,pending,,2026-06-26T04:17:50+00:00
trackb_cont_SMG_20260624,,,,,,70.550003,64.040001,,,,,,2.1209,pending,,2026-06-26T04:17:50+00:00
trackb_cont_SMG_20260625,,,,,,70.550003,67.900002,,,,,,-0.9338,pending,,2026-06-26T04:17:50+00:00
trackb_cont_SMPL_20260611,12.63,,,,,12.825,11.84,,,,,,-6.1063,pending,,2026-06-26T04:17:18+00:00
trackb_cont_SMPL_20260612,11.86,,,,,12.825,11.84,,,,,,-6.3291,pending,,2026-06-26T04:17:18+00:00
trackb_cont_SMPL_20260615,12.16,,,,,12.825,11.84,,,,,,-6.0243,pending,,2026-06-26T04:17:18+00:00
trackb_cont_SMPL_20260616,12.63,,,,,12.825,11.84,,,,,,-6.3291,pending,,2026-06-26T04:17:18+00:00
trackb_cont_SMPL_20260617,12.29,,,,,12.825,11.84,,,,,,-6.3291,pending,,2026-06-26T04:17:18+00:00
trackb_cont_SMPL_20260618,,,,,,12.825,11.84,,,,,,-6.3291,pending,,2026-06-26T04:17:18+00:00
trackb_cont_SMPL_20260619,,,,,,12.825,11.84,,,,,,-6.3291,pending,,2026-06-26T04:17:18+00:00
trackb_cont_SMR_20260603,9.29,10.34,,,,13.52,9.12,,,,,,-25.6421,pending,,2026-06-26T04:15:09+00:00
trackb_cont_SMR_20260604,9.57,11.74,,,,12.3,9.12,,,,,,-25.6421,pending,,2026-06-26T04:15:09+00:00
trackb_cont_SMR_20260605,9.89,11.24,,,,12.24,9.12,,,,,,-25.6421,pending,,2026-06-26T04:15:09+00:00
trackb_cont_SMR_20260608,10.64,10.86,,,,11.85,9.12,,,,,,-25.6421,pending,,2026-06-26T04:15:09+00:00
trackb_cont_SMTC_20260603,154.279999,150.199997,,,,177.350006,143.610001,,,,,,-12.0414,pending,,2026-06-26T04:15:14+00:00
trackb_cont_SMTC_20260604,163.570007,158.229996,,,,177.350006,143.610001,,,,,,-12.0414,pending,,2026-06-26T04:15:14+00:00
trackb_cont_SMTC_20260605,166.710007,174.729996,,,,177.350006,143.610001,,,,,,-12.0414,pending,,2026-06-26T04:15:14+00:00
trackb_cont_SMTC_20260608,174.300003,163.279999,,,,177.350006,143.610001,,,,,,-4.9066,pending,,2026-06-26T04:15:14+00:00
trackb_cont_SMTC_20260616,158.479996,,,,,175.690002,148.899994,,,,,,-14.553,pending,,2026-06-26T04:15:14+00:00
trackb_cont_SMTC_20260617,162.270004,,,,,175.690002,148.899994,,,,,,-14.553,pending,,2026-06-26T04:15:14+00:00
trackb_cont_SMTC_20260618,,,,,,175.690002,152.229996,,,,,,-12.642,pending,,2026-06-26T04:15:14+00:00
trackb_cont_SMTC_20260619,,,,,,175.690002,153.339996,,,,,,-12.0051,pending,,2026-06-26T04:15:14+00:00
trackb_cont_SM_20260608,28.469999,27.41,,,,33.549999,25.93,,,,,,-19.497,pending,,2026-06-26T04:16:46+00:00
trackb_cont_SNA_20260609,389.390015,392.140015,,,,403.350006,377.579987,,,,,,-0.8065,pending,,2026-06-26T04:16:57+00:00
trackb_cont_SNA_20260610,381.26001,400.950012,,,,403.350006,377.579987,,,,,,-0.8065,pending,,2026-06-26T04:16:57+00:00
trackb_cont_SNA_20260616,392.140015,,,,,403.350006,379.540009,,,,,,-2.9384,pending,,2026-06-26T04:16:57+00:00
trackb_cont_SNA_20260617,400.950012,,,,,403.350006,379.540009,,,,,,-2.9384,pending,,2026-06-26T04:16:57+00:00
trackb_cont_SNA_20260618,,,,,,403.350006,382.709991,,,,,,0.3803,pending,,2026-06-26T04:16:57+00:00
trackb_cont_SNA_20260619,,,,,,403.350006,383.220001,,,,,,0.5141,pending,,2026-06-26T04:16:57+00:00
trackb_cont_SNDK_20260603,1643.22998,1958.800049,,,,2354.389893,1514.359985,,,,,,-14.9372,pending,,2026-06-26T04:15:43+00:00
trackb_cont_SNDK_20260604,1881.51001,2184.75,,,,2354.389893,1514.359985,,,,,,-14.9372,pending,,2026-06-26T04:15:43+00:00
trackb_cont_SNDK_20260605,1980.099976,2273.72998,,,,2354.389893,1514.359985,,,,,,-14.9372,pending,,2026-06-26T04:15:43+00:00
trackb_cont_SNDK_20260608,2107.860107,1963.599976,,,,2354.389893,1536.0,,,,,,-13.7217,pending,,2026-06-26T04:15:43+00:00
trackb_cont_SNDK_20260615,1963.599976,,,,,2354.389893,1861.01001,,,,,,-10.1549,pending,,2026-06-26T04:15:43+00:00
trackb_cont_SNDK_20260616,1914.459961,,,,,2354.389893,1861.01001,,,,,,-11.4762,pending,,2026-06-26T04:15:43+00:00
trackb_cont_SNDK_20260617,2335.0,,,,,2354.389893,1861.01001,,,,,,-11.4762,pending,,2026-06-26T04:15:43+00:00
trackb_cont_SNDK_20260618,,,,,,2354.389893,1861.01001,,,,,,-11.4762,pending,,2026-06-26T04:15:43+00:00
trackb_cont_SNDK_20260619,,,,,,2354.389893,1861.01001,,,,,,-11.4762,pending,,2026-06-26T04:15:43+00:00
trackb_cont_SNDR_20260603,37.060001,35.34,,,,39.27,34.880001,,,,,,-4.9073,pending,,2026-06-26T04:14:46+00:00
trackb_cont_SNDR_20260604,38.110001,35.68,,,,39.27,34.880001,,,,,,-4.9073,pending,,2026-06-26T04:14:46+00:00
trackb_cont_SNDR_20260605,38.439999,35.470001,,,,39.27,34.880001,,,,,,-4.9073,pending,,2026-06-26T04:14:46+00:00
trackb_cont_SNDR_20260608,37.689999,35.360001,,,,39.27,34.880001,,,,,,-4.9073,pending,,2026-06-26T04:14:46+00:00
trackb_cont_SNDR_20260612,35.470001,,,,,38.900002,34.880001,,,,,,-8.4755,pending,,2026-06-26T04:14:46+00:00
trackb_cont_SNDR_20260615,35.360001,,,,,38.564999,34.880001,,,,,,-8.4755,pending,,2026-06-26T04:14:46+00:00
trackb_cont_SNDR_20260616,34.970001,,,,,37.938,34.880001,,,,,,-7.234,pending,,2026-06-26T04:14:46+00:00
trackb_cont_SNDR_20260617,36.200001,,,,,37.130001,34.880001,,,,,,-7.234,pending,,2026-06-26T04:14:46+00:00
trackb_cont_SNOW_20260603,239.899994,234.520004,,,,263.640015,217.479996,,,,,,-11.5737,pending,,2026-06-26T04:15:41+00:00
trackb_cont_SNOW_20260604,240.389999,232.289993,,,,253.005005,217.479996,,,,,,-11.5737,pending,,2026-06-26T04:15:41+00:00
trackb_cont_SNOW_20260605,232.779999,226.589996,,,,248.639999,217.479996,,,,,,-11.5737,pending,,2026-06-26T04:15:41+00:00
trackb_cont_SNOW_20260608,240.779999,230.410004,,,,248.639999,217.479996,,,,,,-8.7216,pending,,2026-06-26T04:15:41+00:00
trackb_cont_SNX_20260603,267.809998,283.809998,,,,296.470001,263.709991,,,,,,-5.2144,pending,,2026-06-26T04:15:19+00:00
trackb_cont_SNX_20260604,277.089996,284.559998,,,,296.470001,263.709991,,,,,,-5.2144,pending,,2026-06-26T04:15:19+00:00
trackb_cont_SNX_20260605,280.649994,283.26001,,,,296.470001,263.709991,,,,,,-5.2144,pending,,2026-06-26T04:15:19+00:00
trackb_cont_SNX_20260608,284.649994,290.140015,,,,296.470001,263.709991,,,,,,-1.8936,pending,,2026-06-26T04:15:19+00:00
trackb_cont_SNX_20260612,283.26001,,,,,296.470001,275.140015,,,,,,-0.7037,pending,,2026-06-26T04:15:19+00:00
trackb_cont_SNX_20260616,283.220001,,,,,296.470001,275.140015,,,,,,-3.3935,pending,,2026-06-26T04:15:19+00:00
trackb_cont_SNX_20260617,277.630005,,,,,296.470001,275.140015,,,,,,-3.3935,pending,,2026-06-26T04:15:19+00:00
trackb_cont_SNX_20260618,,,,,,296.470001,275.140015,,,,,,-4.1324,pending,,2026-06-26T04:15:19+00:00
trackb_cont_SNX_20260619,,,,,,296.470001,275.140015,,,,,,-4.1324,pending,,2026-06-26T04:15:19+00:00
trackb_cont_SNX_20260622,,,,,,296.470001,275.140015,,,,,,-3.3104,pending,,2026-06-26T04:15:19+00:00
trackb_cont_SNX_20260623,,,,,,296.470001,275.140015,,,,,,-2.8666,pending,,2026-06-26T04:15:19+00:00
trackb_cont_SNX_20260624,,,,,,296.470001,275.140015,,,,,,-2.8666,pending,,2026-06-26T04:15:19+00:00
trackb_cont_SNX_20260625,,,,,,295.190002,275.140015,,,,,,-2.8529,pending,,2026-06-26T04:15:19+00:00
trackb_cont_SN_20260603,128.220001,133.559998,,,,145.884995,116.800003,,,,,,-4.3564,pending,,2026-06-26T04:15:01+00:00
trackb_cont_SN_20260604,135.589996,140.839996,,,,145.884995,116.800003,,,,,,-4.3564,pending,,2026-06-26T04:15:01+00:00
trackb_cont_SN_20260605,133.800003,138.559998,,,,145.884995,116.800003,,,,,,-4.3564,pending,,2026-06-26T04:15:01+00:00
trackb_cont_SN_20260608,133.089996,134.899994,,,,145.884995,116.800003,,,,,,-2.5204,pending,,2026-06-26T04:15:01+00:00
trackb_cont_SN_20260609,136.279999,140.190002,,,,145.884995,120.794998,,,,,,2.1263,pending,,2026-06-26T04:15:01+00:00
trackb_cont_SN_20260610,133.559998,142.850006,,,,145.884995,126.572998,,,,,,7.0113,pending,,2026-06-26T04:15:01+00:00
trackb_cont_SN_20260616,140.190002,,,,,145.884995,133.240997,,,,,,-1.1712,pending,,2026-06-26T04:15:01+00:00
trackb_cont_SN_20260617,142.850006,,,,,145.884995,133.240997,,,,,,-1.1712,pending,,2026-06-26T04:15:01+00:00
trackb_cont_SN_20260618,,,,,,145.884995,134.399994,,,,,,-0.3115,pending,,2026-06-26T04:15:01+00:00
trackb_cont_SN_20260619,,,,,,145.884995,134.399994,,,,,,-0.3115,pending,,2026-06-26T04:15:01+00:00
trackb_cont_SN_20260622,,,,,,145.884995,134.399994,,,,,,-4.5726,pending,,2026-06-26T04:15:01+00:00
trackb_cont_SN_20260623,,,,,,145.884995,134.399994,,,,,,-3.0023,pending,,2026-06-26T04:15:01+00:00
trackb_cont_SN_20260624,,,,,,145.884995,136.630005,,,,,,-1.3929,pending,,2026-06-26T04:15:01+00:00
trackb_cont_SN_20260625,,,,,,145.884995,140.550003,,,,,,0.2568,pending,,2026-06-26T04:15:01+00:00
trackb_cont_SOFI_20260603,15.87,17.42,,,,18.700001,15.651,,,,,,-6.1972,pending,,2026-06-26T04:16:22+00:00
trackb_cont_SOFI_20260604,16.67,17.91,,,,18.700001,15.651,,,,,,-6.1972,pending,,2026-06-26T04:16:22+00:00
trackb_cont_SOFI_20260605,16.58,17.1,,,,18.700001,15.651,,,,,,-6.1972,pending,,2026-06-26T04:16:22+00:00
trackb_cont_SOFI_20260608,17.129999,17.290001,,,,18.700001,15.651,,,,,,-6.1972,pending,,2026-06-26T04:16:22+00:00
trackb_cont_SOLS_20260603,77.690002,85.139999,,,,89.720001,76.989998,,,,,,-13.1529,pending,,2026-06-26T04:16:05+00:00
trackb_cont_SOLS_20260604,81.169998,85.57,,,,89.169998,76.989998,,,,,,-13.1529,pending,,2026-06-26T04:16:05+00:00
trackb_cont_SOLS_20260605,83.059998,86.949997,,,,89.169998,76.989998,,,,,,-13.1529,pending,,2026-06-26T04:16:05+00:00
trackb_cont_SOLV_20260603,80.940002,74.559998,,,,83.419998,73.040001,,,,,,-6.0217,pending,,2026-06-26T04:15:28+00:00
trackb_cont_SOLV_20260604,79.220001,75.43,,,,83.419998,73.040001,,,,,,-6.0217,pending,,2026-06-26T04:15:28+00:00
trackb_cont_SOLV_20260605,78.870003,73.559998,,,,83.419998,73.040001,,,,,,-6.0217,pending,,2026-06-26T04:15:28+00:00
trackb_cont_SOLV_20260608,76.900002,73.989998,,,,82.720001,73.040001,,,,,,-6.0217,pending,,2026-06-26T04:15:28+00:00
trackb_cont_SOLV_20260609,76.559998,75.589996,,,,82.720001,73.040001,,,,,,-7.2626,pending,,2026-06-26T04:15:28+00:00
trackb_cont_SONO_20260603,14.67,14.29,,,,16.379999,13.64,,,,,,-12.7877,pending,,2026-06-26T04:15:09+00:00
trackb_cont_SONO_20260604,15.44,14.68,,,,16.379999,13.64,,,,,,-12.7877,pending,,2026-06-26T04:15:09+00:00
trackb_cont_SONO_20260605,15.36,14.32,,,,16.370001,13.64,,,,,,-12.7877,pending,,2026-06-26T04:15:09+00:00
trackb_cont_SONO_20260608,14.9,14.16,,,,15.77,13.64,,,,,,-12.7877,pending,,2026-06-26T04:15:09+00:00
trackb_cont_SON_20260623,,,,,,54.810001,50.09,,,,,,-0.7333,pending,,2026-06-26T04:18:24+00:00
trackb_cont_SON_20260624,,,,,,54.810001,51.389999,,,,,,1.843,pending,,2026-06-26T04:18:24+00:00
trackb_cont_SON_20260625,,,,,,54.810001,53.560001,,,,,,6.1435,pending,,2026-06-26T04:18:24+00:00
trackb_cont_SO_20260612,93.43,,,,,96.870003,92.309998,,,,,,-1.0293,pending,,2026-06-26T04:17:29+00:00
trackb_cont_SO_20260616,95.779999,,,,,96.870003,92.309998,,,,,,-2.1727,pending,,2026-06-26T04:17:29+00:00
trackb_cont_SO_20260617,95.910004,,,,,96.870003,92.309998,,,,,,-2.1727,pending,,2026-06-26T04:17:29+00:00
trackb_cont_SPB_20260610,80.550003,85.959999,,,,87.870003,80.379997,,,,,,-1.2531,pending,,2026-06-26T04:17:08+00:00
trackb_cont_SPB_20260616,86.209999,,,,,87.870003,80.379997,,,,,,-5.9003,pending,,2026-06-26T04:17:08+00:00
trackb_cont_SPB_20260617,85.959999,,,,,87.870003,80.379997,,,,,,-5.9003,pending,,2026-06-26T04:17:08+00:00
trackb_cont_SPB_20260618,,,,,,87.870003,81.57,,,,,,1.2663,pending,,2026-06-26T04:17:08+00:00
trackb_cont_SPB_20260619,,,,,,87.870003,82.309998,,,,,,2.185,pending,,2026-06-26T04:17:08+00:00
trackb_cont_SPB_20260625,,,,,,87.870003,84.830002,,,,,,-1.6007,pending,,2026-06-26T04:17:08+00:00
trackb_cont_SPG_20260608,215.660004,216.740005,,,,226.440002,205.179993,,,,,,-2.4393,pending,,2026-06-26T04:16:47+00:00
trackb_cont_SPG_20260612,214.570007,,,,,226.440002,208.710007,,,,,,-2.8623,pending,,2026-06-26T04:16:47+00:00
trackb_cont_SPG_20260615,216.740005,,,,,226.440002,208.710007,,,,,,-4.5897,pending,,2026-06-26T04:16:47+00:00
trackb_cont_SPG_20260616,222.149994,,,,,226.440002,208.710007,,,,,,-3.3078,pending,,2026-06-26T04:16:47+00:00
trackb_cont_SPG_20260617,225.490005,,,,,226.440002,208.710007,,,,,,-3.3078,pending,,2026-06-26T04:16:47+00:00
trackb_cont_SPHR_20260603,142.0,152.350006,,,,162.005005,132.610001,,,,,,-4.9936,pending,,2026-06-26T04:16:24+00:00
trackb_cont_SPHR_20260604,150.770004,157.330002,,,,162.005005,132.610001,,,,,,-4.9936,pending,,2026-06-26T04:16:24+00:00
trackb_cont_SPHR_20260605,153.25,157.240005,,,,162.005005,132.610001,,,,,,-4.9936,pending,,2026-06-26T04:16:24+00:00
trackb_cont_SPHR_20260608,154.380005,158.199997,,,,162.005005,132.610001,,,,,,-4.9936,pending,,2026-06-26T04:16:24+00:00
trackb_cont_SPHR_20260616,155.119995,,,,,162.005005,148.190002,,,,,,-3.6601,pending,,2026-06-26T04:16:24+00:00
trackb_cont_SPHR_20260617,161.350006,,,,,162.005005,148.190002,,,,,,-3.6601,pending,,2026-06-26T04:16:24+00:00
trackb_cont_SPHR_20260618,,,,,,162.005005,152.119995,,,,,,-1.2849,pending,,2026-06-26T04:16:24+00:00
trackb_cont_SPHR_20260619,,,,,,162.005005,152.119995,,,,,,-1.2849,pending,,2026-06-26T04:16:24+00:00
trackb_cont_SPHR_20260622,,,,,,162.005005,152.119995,,,,,,-3.3115,pending,,2026-06-26T04:16:24+00:00
trackb_cont_SPHR_20260623,,,,,,162.005005,152.119995,,,,,,-3.2562,pending,,2026-06-26T04:16:24+00:00
trackb_cont_SPHR_20260624,,,,,,162.005005,154.259995,,,,,,-1.8952,pending,,2026-06-26T04:16:24+00:00
trackb_cont_SPHR_20260625,,,,,,161.419998,155.360001,,,,,,-1.1956,pending,,2026-06-26T04:16:24+00:00
trackb_cont_SPXC_20260603,223.630005,235.289993,,,,251.080002,217.740005,,,,,,-9.1311,pending,,2026-06-26T04:14:42+00:00
trackb_cont_SPXC_20260604,233.490005,242.970001,,,,251.080002,217.740005,,,,,,-9.1311,pending,,2026-06-26T04:14:42+00:00
trackb_cont_SPXC_20260605,230.050003,246.410004,,,,251.080002,217.740005,,,,,,-9.1311,pending,,2026-06-26T04:14:42+00:00
trackb_cont_SPXC_20260608,237.059998,236.070007,,,,251.080002,217.740005,,,,,,-9.1311,pending,,2026-06-26T04:14:42+00:00
trackb_cont_SPXC_20260615,236.070007,,,,,251.080002,232.570007,,,,,,-1.9002,pending,,2026-06-26T04:14:42+00:00
trackb_cont_SPXC_20260616,237.220001,,,,,251.080002,232.570007,,,,,,-2.9938,pending,,2026-06-26T04:14:42+00:00
trackb_cont_SPXC_20260617,244.559998,,,,,251.080002,232.570007,,,,,,-2.9938,pending,,2026-06-26T04:14:42+00:00
trackb_cont_SPXC_20260618,,,,,,251.080002,232.570007,,,,,,-2.9938,pending,,2026-06-26T04:14:42+00:00
trackb_cont_SPXC_20260619,,,,,,251.080002,232.570007,,,,,,-2.9938,pending,,2026-06-26T04:14:42+00:00
trackb_cont_SPXC_20260622,,,,,,251.080002,232.570007,,,,,,-4.2804,pending,,2026-06-26T04:14:42+00:00
trackb_cont_SPXC_20260623,,,,,,251.080002,232.570007,,,,,,-5.6167,pending,,2026-06-26T04:14:42+00:00
trackb_cont_SPXC_20260624,,,,,,251.080002,232.570007,,,,,,-5.6167,pending,,2026-06-26T04:14:42+00:00
trackb_cont_SPXC_20260625,,,,,,251.080002,239.399994,,,,,,-2.8449,pending,,2026-06-26T04:14:42+00:00
trackb_cont_SRG_20260603,2.67,2.63,,,,2.9,2.575,,,,,,-6.0219,pending,,2026-06-26T04:14:50+00:00
trackb_cont_SRG_20260604,2.65,2.66,,,,2.86,2.575,,,,,,-6.0219,pending,,2026-06-26T04:14:50+00:00
trackb_cont_SRG_20260605,2.63,2.59,,,,2.74,2.575,,,,,,-6.0219,pending,,2026-06-26T04:14:50+00:00
trackb_cont_SRG_20260608,2.65,2.64,,,,2.74,2.575,,,,,,-4.2751,pending,,2026-06-26T04:14:50+00:00
trackb_cont_SSB_20260616,99.75,,,,,101.129997,95.5,,,,,,-2.3767,pending,,2026-06-26T04:18:05+00:00
trackb_cont_SSB_20260617,100.769997,,,,,101.129997,95.5,,,,,,-2.3767,pending,,2026-06-26T04:18:05+00:00
trackb_cont_SSB_20260618,,,,,,101.129997,95.949997,,,,,,0.1043,pending,,2026-06-26T04:18:05+00:00
trackb_cont_SSB_20260619,,,,,,101.129997,96.589996,,,,,,0.772,pending,,2026-06-26T04:18:05+00:00
trackb_cont_SSRM_20260622,,,,,,31.1,27.809999,,,,,,-10.1454,pending,,2026-06-26T04:18:45+00:00
trackb_cont_SSRM_20260623,,,,,,29.860001,27.809999,,,,,,-10.1454,pending,,2026-06-26T04:18:45+00:00
trackb_cont_SSYS_20260603,8.46,8.82,,,,10.43,8.23,,,,,,-18.1502,pending,,2026-06-26T04:15:17+00:00
trackb_cont_SSYS_20260604,9.0,8.92,,,,9.84,8.23,,,,,,-18.1502,pending,,2026-06-26T04:15:17+00:00
trackb_cont_SSYS_20260605,8.92,8.63,,,,9.44,8.23,,,,,,-18.1502,pending,,2026-06-26T04:15:17+00:00
trackb_cont_SSYS_20260608,8.9,8.32,,,,9.35,8.23,,,,,,-18.1502,pending,,2026-06-26T04:15:17+00:00
trackb_cont_STAG_20260615,38.880001,,,,,39.470001,37.040001,,,,,,-4.5361,pending,,2026-06-26T04:17:45+00:00
trackb_cont_STAG_20260616,39.110001,,,,,39.470001,37.040001,,,,,,-3.9045,pending,,2026-06-26T04:17:45+00:00
trackb_cont_STAG_20260617,39.09,,,,,39.470001,37.040001,,,,,,-3.9045,pending,,2026-06-26T04:17:45+00:00
trackb_cont_STAG_20260618,,,,,,39.470001,37.27,,,,,,-3.3078,pending,,2026-06-26T04:17:45+00:00
trackb_cont_STAG_20260619,,,,,,39.470001,37.689999,,,,,,-2.2182,pending,,2026-06-26T04:17:45+00:00
trackb_cont_STGW_20260603,6.53,6.66,,,,7.24,6.21,,,,,,-6.2642,pending,,2026-06-26T04:15:42+00:00
trackb_cont_STGW_20260604,6.56,6.71,,,,7.22,6.21,,,,,,-6.2642,pending,,2026-06-26T04:15:42+00:00
trackb_cont_STGW_20260605,6.63,6.66,,,,7.22,6.21,,,,,,-6.2642,pending,,2026-06-26T04:15:42+00:00
trackb_cont_STGW_20260608,6.59,7.04,,,,7.22,6.21,,,,,,-6.2642,pending,,2026-06-26T04:15:42+00:00
trackb_cont_STLD_20260603,268.339996,270.130005,,,,288.73999,239.520004,,,,,,-12.9746,pending,,2026-06-26T04:14:52+00:00
trackb_cont_STLD_20260604,279.549988,249.910004,,,,288.73999,239.520004,,,,,,-12.9746,pending,,2026-06-26T04:14:52+00:00
trackb_cont_STLD_20260605,282.76001,250.979996,,,,288.73999,239.520004,,,,,,-12.9746,pending,,2026-06-26T04:14:52+00:00
trackb_cont_STLD_20260608,272.190002,243.690002,,,,288.73999,239.520004,,,,,,-10.7933,pending,,2026-06-26T04:14:52+00:00
trackb_cont_STLD_20260615,243.690002,,,,,288.73999,239.520004,,,,,,-15.6694,pending,,2026-06-26T04:14:52+00:00
trackb_cont_STLD_20260616,241.429993,,,,,278.970001,239.520004,,,,,,-12.4497,pending,,2026-06-26T04:14:52+00:00
trackb_cont_STLD_20260617,251.0,,,,,276.390015,239.520004,,,,,,-12.4497,pending,,2026-06-26T04:14:52+00:00
trackb_cont_STLD_20260618,,,,,,261.98999,239.520004,,,,,,-12.4497,pending,,2026-06-26T04:14:52+00:00
trackb_cont_STLD_20260619,,,,,,253.5,239.520004,,,,,,-12.4497,pending,,2026-06-26T04:14:52+00:00
trackb_cont_STRL_20260603,770.25,838.210022,,,,1005.679993,770.219971,,,,,,-18.9268,pending,,2026-06-26T04:15:15+00:00
trackb_cont_STRL_20260604,838.549988,861.880005,,,,1005.679993,770.219971,,,,,,-18.9268,pending,,2026-06-26T04:15:15+00:00
trackb_cont_STRL_20260605,858.98999,932.75,,,,969.880005,770.219971,,,,,,-18.9268,pending,,2026-06-26T04:15:15+00:00
trackb_cont_STRL_20260608,866.669983,892.25,,,,936.679993,770.219971,,,,,,-18.9268,pending,,2026-06-26T04:15:15+00:00
trackb_cont_STT_20260603,161.800003,171.100006,,,,175.460007,155.690002,,,,,,-0.8723,pending,,2026-06-26T04:15:34+00:00
trackb_cont_STT_20260604,164.850006,168.309998,,,,175.460007,158.020004,,,,,,0.6112,pending,,2026-06-26T04:15:34+00:00
trackb_cont_STT_20260605,167.630005,173.710007,,,,175.460007,158.679993,,,,,,1.0314,pending,,2026-06-26T04:15:34+00:00
trackb_cont_STT_20260608,167.369995,173.729996,,,,175.460007,158.679993,,,,,,-1.898,pending,,2026-06-26T04:15:34+00:00
trackb_cont_STT_20260609,171.289993,168.869995,,,,175.460007,158.679993,,,,,,-1.9344,pending,,2026-06-26T04:15:34+00:00
trackb_cont_STT_20260611,168.309998,,,,,175.460007,162.020004,,,,,,0.136,pending,,2026-06-26T04:15:34+00:00
trackb_cont_STT_20260615,173.729996,,,,,175.460007,166.910004,,,,,,-1.8263,pending,,2026-06-26T04:15:34+00:00
trackb_cont_STT_20260616,168.869995,,,,,175.460007,167.940002,,,,,,-0.3383,pending,,2026-06-26T04:15:34+00:00
trackb_cont_STT_20260617,169.509995,,,,,175.460007,167.940002,,,,,,-0.3383,pending,,2026-06-26T04:15:34+00:00
trackb_cont_STT_20260618,,,,,,175.460007,167.940002,,,,,,-1.8469,pending,,2026-06-26T04:15:34+00:00
trackb_cont_STT_20260619,,,,,,175.460007,167.990005,,,,,,-1.8176,pending,,2026-06-26T04:15:34+00:00
trackb_cont_STT_20260622,,,,,,175.460007,167.990005,,,,,,-1.8176,pending,,2026-06-26T04:15:34+00:00
trackb_cont_STUB_20260603,10.16,11.4,,,,11.96,9.15,,,,,,-4.5383,pending,,2026-06-26T04:15:45+00:00
trackb_cont_STUB_20260604,10.62,11.68,,,,11.96,9.15,,,,,,-4.5383,pending,,2026-06-26T04:15:45+00:00
trackb_cont_STUB_20260605,11.46,11.4,,,,11.96,9.15,,,,,,-4.5383,pending,,2026-06-26T04:15:45+00:00
trackb_cont_STUB_20260608,11.5,11.83,,,,11.96,9.195,,,,,,-4.0689,pending,,2026-06-26T04:15:45+00:00
trackb_cont_STUB_20260616,11.27,,,,,11.96,11.04,,,,,,-1.7794,pending,,2026-06-26T04:15:45+00:00
trackb_cont_STUB_20260617,11.52,,,,,11.96,11.04,,,,,,-1.7794,pending,,2026-06-26T04:15:45+00:00
trackb_cont_STUB_20260618,,,,,,11.96,11.04,,,,,,-5.0731,pending,,2026-06-26T04:15:45+00:00
trackb_cont_STUB_20260619,,,,,,11.96,11.04,,,,,,-5.0731,pending,,2026-06-26T04:15:45+00:00
trackb_cont_STUB_20260622,,,,,,11.96,11.04,,,,,,-5.0731,pending,,2026-06-26T04:15:45+00:00
trackb_cont_STUB_20260623,,,,,,11.96,11.04,,,,,,-5.0731,pending,,2026-06-26T04:15:45+00:00
trackb_cont_STX_20260603,815.98999,1066.069946,,,,1145.0,801.890015,,,,,,-15.9224,pending,,2026-06-26T04:15:18+00:00
trackb_cont_STX_20260604,868.090027,1070.22998,,,,1145.0,801.890015,,,,,,-15.9224,pending,,2026-06-26T04:15:18+00:00
trackb_cont_STX_20260605,931.039978,1094.040039,,,,1145.0,801.890015,,,,,,-15.9224,pending,,2026-06-26T04:15:18+00:00
trackb_cont_STX_20260608,1018.799988,1038.589966,,,,1145.0,801.890015,,,,,,-5.3784,pending,,2026-06-26T04:15:18+00:00
trackb_cont_STX_20260615,1038.589966,,,,,1145.0,953.059998,,,,,,-5.9282,pending,,2026-06-26T04:15:18+00:00
trackb_cont_STX_20260616,993.25,,,,,1145.0,953.059998,,,,,,-4.3069,pending,,2026-06-26T04:15:18+00:00
trackb_cont_STX_20260617,1025.359985,,,,,1145.0,953.059998,,,,,,-4.3069,pending,,2026-06-26T04:15:18+00:00
trackb_cont_STX_20260618,,,,,,1145.0,953.059998,,,,,,-4.3069,pending,,2026-06-26T04:15:18+00:00
trackb_cont_STX_20260619,,,,,,1127.98999,953.059998,,,,,,-4.3069,pending,,2026-06-26T04:15:18+00:00
trackb_cont_STX_20260622,,,,,,1127.98999,953.059998,,,,,,-10.9481,pending,,2026-06-26T04:15:18+00:00
trackb_cont_STX_20260623,,,,,,1111.0,953.059998,,,,,,-10.9481,pending,,2026-06-26T04:15:18+00:00
trackb_cont_ST_20260603,47.02,49.459999,,,,53.889999,46.82,,,,,,-11.8267,pending,,2026-06-26T04:15:02+00:00
trackb_cont_ST_20260604,49.849998,50.630001,,,,53.599998,46.82,,,,,,-11.8267,pending,,2026-06-26T04:15:02+00:00
trackb_cont_ST_20260605,50.400002,51.700001,,,,52.700001,46.82,,,,,,-11.8267,pending,,2026-06-26T04:15:02+00:00
trackb_cont_ST_20260608,51.369999,48.810001,,,,52.700001,46.82,,,,,,-11.8267,pending,,2026-06-26T04:15:02+00:00
trackb_cont_SUI_20260615,119.5,,,,,127.589996,117.459999,,,,,,-7.4462,pending,,2026-06-26T04:17:52+00:00
trackb_cont_SUI_20260616,119.93,,,,,125.099998,117.459999,,,,,,-6.0846,pending,,2026-06-26T04:17:52+00:00
trackb_cont_SUI_20260617,118.580002,,,,,124.279999,117.459999,,,,,,-6.0846,pending,,2026-06-26T04:17:52+00:00
trackb_cont_SUI_20260618,,,,,,123.330002,117.459999,,,,,,-6.0846,pending,,2026-06-26T04:17:52+00:00
trackb_cont_SUI_20260619,,,,,,122.669998,117.459999,,,,,,-6.0846,pending,,2026-06-26T04:17:52+00:00
trackb_cont_SVV_20260603,9.52,9.66,,,,10.55,8.74,,,,,,-6.7733,pending,,2026-06-26T04:15:12+00:00
trackb_cont_SVV_20260604,9.97,10.15,,,,10.55,8.81,,,,,,-6.0267,pending,,2026-06-26T04:15:12+00:00
trackb_cont_SVV_20260605,9.99,9.64,,,,10.55,8.81,,,,,,-6.0267,pending,,2026-06-26T04:15:12+00:00
trackb_cont_SVV_20260608,10.14,9.71,,,,10.55,8.81,,,,,,-6.0267,pending,,2026-06-26T04:15:12+00:00
trackb_cont_SVV_20260611,10.15,,,,,10.55,9.483,,,,,,-0.3887,pending,,2026-06-26T04:15:12+00:00
trackb_cont_SVV_20260616,10.23,,,,,10.55,9.51,,,,,,-4.7571,pending,,2026-06-26T04:15:12+00:00
trackb_cont_SVV_20260617,10.41,,,,,10.55,9.51,,,,,,-4.7571,pending,,2026-06-26T04:15:12+00:00
trackb_cont_SVV_20260618,,,,,,10.55,9.51,,,,,,-3.6474,pending,,2026-06-26T04:15:12+00:00
trackb_cont_SVV_20260619,,,,,,10.55,9.51,,,,,,-3.6474,pending,,2026-06-26T04:15:12+00:00
trackb_cont_SVV_20260622,,,,,,10.55,9.51,,,,,,-6.3054,pending,,2026-06-26T04:15:12+00:00
trackb_cont_SVV_20260623,,,,,,10.55,9.51,,,,,,-6.3054,pending,,2026-06-26T04:15:12+00:00
trackb_cont_SWK_20260611,86.75,,,,,93.5,78.059998,,,,,,0.7616,pending,,2026-06-26T04:17:20+00:00
trackb_cont_SWK_20260616,89.660004,,,,,93.5,82.199997,,,,,,-3.6286,pending,,2026-06-26T04:17:20+00:00
trackb_cont_SWK_20260617,92.309998,,,,,93.5,82.199997,,,,,,-3.6286,pending,,2026-06-26T04:17:20+00:00
trackb_cont_SWK_20260618,,,,,,93.5,83.199997,,,,,,0.8852,pending,,2026-06-26T04:17:20+00:00
trackb_cont_SWK_20260619,,,,,,93.5,83.199997,,,,,,0.8852,pending,,2026-06-26T04:17:20+00:00
trackb_cont_SWK_20260622,,,,,,93.5,83.199997,,,,,,0.8852,pending,,2026-06-26T04:17:20+00:00
trackb_cont_SXC_20260603,9.11,8.73,,,,9.71,8.04,,,,,,-14.0567,pending,,2026-06-26T04:14:55+00:00
trackb_cont_SXC_20260604,9.45,8.64,,,,9.71,8.04,,,,,,-14.0567,pending,,2026-06-26T04:14:55+00:00
trackb_cont_SXC_20260605,9.59,8.37,,,,9.71,8.04,,,,,,-14.0567,pending,,2026-06-26T04:14:55+00:00
trackb_cont_SXC_20260608,9.21,8.37,,,,9.71,8.04,,,,,,-11.4537,pending,,2026-06-26T04:14:55+00:00
trackb_cont_SXC_20260616,8.15,,,,,9.25,8.04,,,,,,-12.9399,pending,,2026-06-26T04:14:55+00:00
trackb_cont_SXC_20260617,8.41,,,,,9.09,8.04,,,,,,-12.9399,pending,,2026-06-26T04:14:55+00:00
trackb_cont_SXT_20260611,113.480003,,,,,126.279999,110.040001,,,,,,-8.1316,pending,,2026-06-26T04:17:17+00:00
trackb_cont_SXT_20260615,118.739998,,,,,126.279999,110.040001,,,,,,-12.6667,pending,,2026-06-26T04:17:17+00:00
trackb_cont_SXT_20260616,120.900002,,,,,123.82,110.040001,,,,,,-11.0392,pending,,2026-06-26T04:17:17+00:00
trackb_cont_SXT_20260617,121.82,,,,,123.82,110.040001,,,,,,-11.0392,pending,,2026-06-26T04:17:17+00:00
trackb_cont_SXT_20260618,,,,,,123.82,110.559998,,,,,,-10.6189,pending,,2026-06-26T04:17:17+00:00
trackb_cont_SXT_20260619,,,,,,123.82,113.610001,,,,,,-8.1531,pending,,2026-06-26T04:17:17+00:00
trackb_cont_SYF_20260615,75.040001,,,,,79.695,73.904999,,,,,,-2.9991,pending,,2026-06-26T04:17:46+00:00
trackb_cont_SYF_20260616,76.32,,,,,79.695,73.904999,,,,,,-1.8396,pending,,2026-06-26T04:17:46+00:00
trackb_cont_SYF_20260617,78.519997,,,,,79.695,73.904999,,,,,,-1.8396,pending,,2026-06-26T04:17:46+00:00
trackb_cont_SYF_20260625,,,,,,79.695,76.830002,,,,,,0.6682,pending,,2026-06-26T04:17:46+00:00
trackb_cont_SYY_20260609,79.440002,80.589996,,,,82.129997,76.0,,,,,,-0.6276,pending,,2026-06-26T04:16:31+00:00
trackb_cont_SYY_20260611,78.699997,,,,,82.129997,77.940002,,,,,,-0.7639,pending,,2026-06-26T04:16:31+00:00
trackb_cont_SYY_20260612,77.980003,,,,,82.129997,77.940002,,,,,,-2.1346,pending,,2026-06-26T04:16:31+00:00
trackb_cont_SYY_20260616,80.589996,,,,,82.129997,77.940002,,,,,,-1.8759,pending,,2026-06-26T04:16:31+00:00
trackb_cont_SYY_20260617,80.849998,,,,,82.129997,77.940002,,,,,,-1.8759,pending,,2026-06-26T04:16:31+00:00
trackb_cont_SYY_20260618,,,,,,82.129997,77.940002,,,,,,-1.8759,pending,,2026-06-26T04:16:31+00:00
trackb_cont_SYY_20260619,,,,,,82.129997,77.940002,,,,,,-1.8759,pending,,2026-06-26T04:16:31+00:00
trackb_cont_SYY_20260623,,,,,,82.129997,78.25,,,,,,0.3462,pending,,2026-06-26T04:16:31+00:00
trackb_cont_SYY_20260624,,,,,,82.129997,78.889999,,,,,,1.167,pending,,2026-06-26T04:16:31+00:00
trackb_cont_SYY_20260625,,,,,,82.129997,80.459999,,,,,,3.1803,pending,,2026-06-26T04:16:31+00:00
trackb_cont_TALK_20260603,5.21,5.2,,,,5.22,5.19,,,,,,-0.5747,pending,,2026-06-26T04:15:55+00:00
trackb_cont_TALK_20260604,5.21,5.21,,,,5.22,5.19,,,,,,-0.5747,pending,,2026-06-26T04:15:55+00:00
trackb_cont_TALK_20260605,5.21,5.21,,,,5.22,5.19,,,,,,-0.5747,pending,,2026-06-26T04:15:55+00:00
trackb_cont_TALK_20260608,5.2,5.2,,,,5.22,5.19,,,,,,-0.5747,pending,,2026-06-26T04:15:55+00:00
trackb_cont_TALK_20260610,5.2,5.19,,,,5.22,5.19,,,,,,-0.3839,pending,,2026-06-26T04:15:55+00:00
trackb_cont_TBCH_20260603,13.11,12.48,,,,14.1,11.59,,,,,,-9.3114,pending,,2026-06-26T04:14:50+00:00
trackb_cont_TBCH_20260604,13.39,13.77,,,,14.1,11.59,,,,,,-9.3114,pending,,2026-06-26T04:14:50+00:00
trackb_cont_TBCH_20260605,13.29,13.52,,,,14.1,11.59,,,,,,-9.3114,pending,,2026-06-26T04:14:50+00:00
trackb_cont_TBCH_20260608,13.08,12.27,,,,14.1,11.59,,,,,,-7.3541,pending,,2026-06-26T04:14:50+00:00
trackb_cont_TBCH_20260609,12.81,12.01,,,,14.1,11.59,,,,,,-10.6399,pending,,2026-06-26T04:14:50+00:00
trackb_cont_TBCH_20260616,12.01,,,,,14.1,11.59,,,,,,-12.988,pending,,2026-06-26T04:14:50+00:00
trackb_cont_TBCH_20260617,12.25,,,,,14.1,11.59,,,,,,-12.988,pending,,2026-06-26T04:14:50+00:00
trackb_cont_TBCH_20260623,,,,,,14.1,11.59,,,,,,-14.2751,pending,,2026-06-26T04:14:50+00:00
trackb_cont_TBCH_20260624,,,,,,12.51,11.59,,,,,,-14.2751,pending,,2026-06-26T04:14:50+00:00
trackb_cont_TBCH_20260625,,,,,,12.44,11.89,,,,,,-12.0562,pending,,2026-06-26T04:14:50+00:00
trackb_cont_TBI_20260603,6.55,6.77,,,,7.2,6.11,,,,,,-8.1893,pending,,2026-06-26T04:15:30+00:00
trackb_cont_TBI_20260604,6.87,6.7,,,,7.2,6.11,,,,,,-8.1893,pending,,2026-06-26T04:15:30+00:00
trackb_cont_TBI_20260605,6.98,6.3,,,,7.2,6.11,,,,,,-8.1893,pending,,2026-06-26T04:15:30+00:00
trackb_cont_TBI_20260608,6.95,6.44,,,,7.2,6.11,,,,,,-7.8431,pending,,2026-06-26T04:15:30+00:00
trackb_cont_TBI_20260610,6.77,6.53,,,,7.2,6.11,,,,,,-8.2583,pending,,2026-06-26T04:15:30+00:00
trackb_cont_TBI_20260616,6.66,,,,,7.13,6.11,,,,,,-12.5894,pending,,2026-06-26T04:15:30+00:00
trackb_cont_TBI_20260617,6.53,,,,,7.02,6.11,,,,,,-12.5894,pending,,2026-06-26T04:15:30+00:00
trackb_cont_TBI_20260618,,,,,,6.94,6.11,,,,,,-10.6725,pending,,2026-06-26T04:15:30+00:00
trackb_cont_TBI_20260619,,,,,,6.81,6.11,,,,,,-10.6725,pending,,2026-06-26T04:15:30+00:00
trackb_cont_TBI_20260622,,,,,,6.81,6.11,,,,,,-10.6725,pending,,2026-06-26T04:15:30+00:00
trackb_cont_TBI_20260623,,,,,,6.81,6.2,,,,,,-9.3567,pending,,2026-06-26T04:15:30+00:00
trackb_cont_TBLA_20260603,4.72,4.78,,,,5.1,4.39,,,,,,-5.0811,pending,,2026-06-26T04:16:20+00:00
trackb_cont_TBLA_20260604,4.73,4.7,,,,5.1,4.39,,,,,,-5.0811,pending,,2026-06-26T04:16:20+00:00
trackb_cont_TBLA_20260605,4.74,4.44,,,,5.1,4.39,,,,,,-5.0811,pending,,2026-06-26T04:16:20+00:00
trackb_cont_TBLA_20260618,,,,,,4.87,4.39,,,,,,-8.159,pending,,2026-06-26T04:16:20+00:00
trackb_cont_TBLA_20260619,,,,,,4.8,4.39,,,,,,-8.159,pending,,2026-06-26T04:16:20+00:00
trackb_cont_TDG_20260603,1212.359985,1316.75,,,,1361.77002,1201.859985,,,,,,-2.1896,pending,,2026-06-26T04:16:21+00:00
trackb_cont_TDG_20260604,1257.589966,1328.310059,,,,1361.77002,1203.349976,,,,,,-2.0683,pending,,2026-06-26T04:16:21+00:00
trackb_cont_TDG_20260605,1256.050049,1295.900024,,,,1361.77002,1203.349976,,,,,,-2.0683,pending,,2026-06-26T04:16:21+00:00
trackb_cont_TDG_20260608,1277.349976,1297.680054,,,,1361.77002,1203.349976,,,,,,-2.0683,pending,,2026-06-26T04:16:21+00:00
trackb_cont_TDG_20260611,1328.310059,,,,,1361.77002,1205.0,,,,,,-0.6071,pending,,2026-06-26T04:16:21+00:00
trackb_cont_TDG_20260615,1297.680054,,,,,1361.77002,1265.949951,,,,,,-0.5851,pending,,2026-06-26T04:16:21+00:00
trackb_cont_TDG_20260616,1322.670044,,,,,1361.77002,1278.01001,,,,,,-0.1685,pending,,2026-06-26T04:16:21+00:00
trackb_cont_TDG_20260617,1332.560059,,,,,1361.77002,1280.699951,,,,,,0.0416,pending,,2026-06-26T04:16:21+00:00
trackb_cont_TDG_20260618,,,,,,1361.77002,1280.699951,,,,,,0.0416,pending,,2026-06-26T04:16:21+00:00
trackb_cont_TDG_20260619,,,,,,1361.77002,1280.699951,,,,,,0.0416,pending,,2026-06-26T04:16:21+00:00
trackb_cont_TDG_20260622,,,,,,1361.77002,1280.699951,,,,,,-3.5843,pending,,2026-06-26T04:16:21+00:00
trackb_cont_TDG_20260623,,,,,,1361.77002,1280.699951,,,,,,-1.1729,pending,,2026-06-26T04:16:21+00:00
trackb_cont_TDG_20260624,,,,,,1361.77002,1289.650024,,,,,,-0.4823,pending,,2026-06-26T04:16:21+00:00
trackb_cont_TDG_20260625,,,,,,1361.77002,1321.380005,,,,,,-0.0975,pending,,2026-06-26T04:16:21+00:00
trackb_cont_TDOC_20260603,7.03,7.59,,,,8.15,6.74,,,,,,-6.1935,pending,,2026-06-26T04:16:23+00:00
trackb_cont_TDOC_20260604,7.31,8.07,,,,8.15,6.74,,,,,,-6.1935,pending,,2026-06-26T04:16:23+00:00
trackb_cont_TDOC_20260605,7.34,7.58,,,,8.15,6.74,,,,,,-6.1935,pending,,2026-06-26T04:16:23+00:00
trackb_cont_TDOC_20260608,7.46,7.69,,,,8.15,6.74,,,,,,-6.1935,pending,,2026-06-26T04:16:23+00:00
trackb_cont_TDUP_20260616,6.54,,,,,6.765,5.125,,,,,,-1.537,pending,,2026-06-26T04:18:13+00:00
trackb_cont_TDUP_20260617,6.65,,,,,6.765,5.27,,,,,,1.2488,pending,,2026-06-26T04:18:13+00:00
trackb_cont_TDUP_20260618,,,,,,6.765,5.43,,,,,,1.8762,pending,,2026-06-26T04:18:13+00:00
trackb_cont_TDUP_20260619,,,,,,6.765,5.782,,,,,,8.4803,pending,,2026-06-26T04:18:13+00:00
trackb_cont_TDUP_20260622,,,,,,6.765,5.782,,,,,,-3.7937,pending,,2026-06-26T04:18:13+00:00
trackb_cont_TDUP_20260623,,,,,,6.765,5.782,,,,,,-3.7937,pending,,2026-06-26T04:18:13+00:00
trackb_cont_TDUP_20260625,,,,,,6.765,6.44,,,,,,-1.5291,pending,,2026-06-26T04:18:13+00:00
trackb_cont_TEAM_20260603,91.540001,84.389999,,,,106.260002,74.410004,,,,,,-26.6464,pending,,2026-06-26T04:16:10+00:00
trackb_cont_TEAM_20260604,89.199997,82.720001,,,,106.260002,74.410004,,,,,,-26.6464,pending,,2026-06-26T04:16:10+00:00
trackb_cont_TEAM_20260605,88.519997,79.959999,,,,103.372002,74.410004,,,,,,-26.6464,pending,,2026-06-26T04:16:10+00:00
trackb_cont_TEAM_20260608,91.550003,81.349998,,,,99.980003,74.410004,,,,,,-26.6464,pending,,2026-06-26T04:16:10+00:00
trackb_cont_TECH_20260612,55.610001,,,,,70.919998,53.290001,,,,,,-1.3513,pending,,2026-06-26T04:16:40+00:00
trackb_cont_TECH_20260616,58.880001,,,,,70.919998,54.32,,,,,,-3.0865,pending,,2026-06-26T04:16:40+00:00
trackb_cont_TECH_20260617,70.699997,,,,,70.919998,54.32,,,,,,-3.0865,pending,,2026-06-26T04:16:40+00:00
trackb_cont_TECH_20260618,,,,,,70.919998,55.150002,,,,,,-1.6057,pending,,2026-06-26T04:16:40+00:00
trackb_cont_TECH_20260619,,,,,,70.919998,55.459999,,,,,,-1.0526,pending,,2026-06-26T04:16:40+00:00
trackb_cont_TECH_20260623,,,,,,70.919998,55.759998,,,,,,0.2697,pending,,2026-06-26T04:16:40+00:00
trackb_cont_TECH_20260624,,,,,,70.919998,56.849998,,,,,,2.2298,pending,,2026-06-26T04:16:40+00:00
trackb_cont_TECH_20260625,,,,,,70.919998,70.080002,,,,,,19.0217,pending,,2026-06-26T04:16:40+00:00
trackb_cont_TER_20260603,347.589996,408.559998,,,,472.369995,340.339996,,,,,,-16.5097,pending,,2026-06-26T04:15:33+00:00
trackb_cont_TER_20260604,381.399994,437.920013,,,,472.369995,340.339996,,,,,,-16.5097,pending,,2026-06-26T04:15:33+00:00
trackb_cont_TER_20260605,403.200012,457.0,,,,472.369995,340.339996,,,,,,-16.5097,pending,,2026-06-26T04:15:33+00:00
trackb_cont_TER_20260608,432.410004,420.119995,,,,472.369995,340.339996,,,,,,-16.5097,pending,,2026-06-26T04:15:33+00:00
trackb_cont_TER_20260615,420.119995,,,,,472.369995,408.23999,,,,,,-5.2851,pending,,2026-06-26T04:15:33+00:00
trackb_cont_TER_20260616,427.200012,,,,,472.369995,408.23999,,,,,,-5.3093,pending,,2026-06-26T04:15:33+00:00
trackb_cont_TER_20260617,471.959991,,,,,472.369995,408.23999,,,,,,-5.3093,pending,,2026-06-26T04:15:33+00:00
trackb_cont_TER_20260618,,,,,,472.369995,408.769989,,,,,,-5.1864,pending,,2026-06-26T04:15:33+00:00
trackb_cont_TER_20260619,,,,,,472.369995,408.769989,,,,,,-5.1864,pending,,2026-06-26T04:15:33+00:00
trackb_cont_TER_20260623,,,,,,472.369995,408.769989,,,,,,-10.5536,pending,,2026-06-26T04:15:33+00:00
trackb_cont_TER_20260624,,,,,,472.369995,413.769989,,,,,,-9.4595,pending,,2026-06-26T04:15:33+00:00
trackb_cont_TER_20260625,,,,,,472.369995,427.089996,,,,,,-6.5449,pending,,2026-06-26T04:15:33+00:00
trackb_cont_TEX_20260616,70.099998,,,,,74.690002,63.82,,,,,,-3.4172,pending,,2026-06-26T04:18:12+00:00
trackb_cont_TEX_20260617,74.580002,,,,,74.690002,63.82,,,,,,-3.4172,pending,,2026-06-26T04:18:12+00:00
trackb_cont_TEX_20260618,,,,,,74.690002,65.360001,,,,,,-1.0866,pending,,2026-06-26T04:18:12+00:00
trackb_cont_TEX_20260619,,,,,,74.690002,66.080002,,,,,,0.003,pending,,2026-06-26T04:18:12+00:00
trackb_cont_TE_20260603,7.73,9.04,,,,12.49,7.36,,,,,,-36.4421,pending,,2026-06-26T04:14:48+00:00
trackb_cont_TE_20260604,8.47,9.35,,,,12.49,7.36,,,,,,-36.4421,pending,,2026-06-26T04:14:48+00:00
trackb_cont_TE_20260605,8.5,10.4,,,,11.26,7.36,,,,,,-36.4421,pending,,2026-06-26T04:14:48+00:00
trackb_cont_TE_20260608,8.92,9.24,,,,10.9,7.36,,,,,,-36.4421,pending,,2026-06-26T04:14:48+00:00
trackb_cont_TFC_20260609,49.130001,49.790001,,,,52.07,47.810001,,,,,,-2.0889,pending,,2026-06-26T04:16:53+00:00
trackb_cont_TFC_20260612,48.759998,,,,,52.07,47.810001,,,,,,-5.663,pending,,2026-06-26T04:16:53+00:00
trackb_cont_TFC_20260615,49.669998,,,,,52.07,47.810001,,,,,,-7.171,pending,,2026-06-26T04:16:53+00:00
trackb_cont_TFC_20260616,49.790001,,,,,51.200001,47.810001,,,,,,-3.2969,pending,,2026-06-26T04:16:53+00:00
trackb_cont_TFC_20260617,50.669998,,,,,51.200001,47.810001,,,,,,-3.2969,pending,,2026-06-26T04:16:53+00:00
trackb_cont_TFC_20260618,,,,,,51.200001,47.970001,,,,,,-2.9733,pending,,2026-06-26T04:16:53+00:00
trackb_cont_TFC_20260619,,,,,,51.200001,48.32,,,,,,-2.2654,pending,,2026-06-26T04:16:53+00:00
trackb_cont_TGT_20260616,141.199997,,,,,142.820007,127.660004,,,,,,-5.3704,pending,,2026-06-26T04:16:39+00:00
trackb_cont_TGT_20260617,139.570007,,,,,142.820007,127.660004,,,,,,-5.3704,pending,,2026-06-26T04:16:39+00:00
trackb_cont_TGT_20260618,,,,,,142.820007,128.949997,,,,,,-4.4142,pending,,2026-06-26T04:16:39+00:00
trackb_cont_TGT_20260619,,,,,,142.820007,129.389999,,,,,,-4.0881,pending,,2026-06-26T04:16:39+00:00
trackb_cont_THG_20260612,201.289993,,,,,213.050003,195.639999,,,,,,-0.2193,pending,,2026-06-26T04:17:32+00:00
trackb_cont_THG_20260616,210.399994,,,,,213.050003,197.009995,,,,,,-1.1044,pending,,2026-06-26T04:17:32+00:00
trackb_cont_THG_20260617,207.559998,,,,,213.050003,197.009995,,,,,,-1.1044,pending,,2026-06-26T04:17:32+00:00
trackb_cont_THG_20260618,,,,,,213.050003,197.009995,,,,,,-1.1044,pending,,2026-06-26T04:17:32+00:00
trackb_cont_THG_20260619,,,,,,213.050003,198.350006,,,,,,-0.4317,pending,,2026-06-26T04:17:32+00:00
trackb_cont_THG_20260623,,,,,,213.050003,202.389999,,,,,,0.5465,pending,,2026-06-26T04:17:32+00:00
trackb_cont_THG_20260624,,,,,,213.050003,206.830002,,,,,,2.7522,pending,,2026-06-26T04:17:32+00:00
trackb_cont_THG_20260625,,,,,,212.100006,206.830002,,,,,,-1.6968,pending,,2026-06-26T04:17:32+00:00
trackb_cont_THO_20260611,72.379997,,,,,80.019997,70.169998,,,,,,-6.24,pending,,2026-06-26T04:16:36+00:00
trackb_cont_TH_20260616,20.01,,,,,20.83,18.65,,,,,,-0.3207,pending,,2026-06-26T04:18:12+00:00
trackb_cont_TH_20260617,20.190001,,,,,20.83,18.799999,,,,,,0.481,pending,,2026-06-26T04:18:12+00:00
trackb_cont_TH_20260618,,,,,,20.83,19.290001,,,,,,3.1,pending,,2026-06-26T04:18:12+00:00
trackb_cont_TH_20260619,,,,,,20.83,19.74,,,,,,5.5051,pending,,2026-06-26T04:18:12+00:00
trackb_cont_TH_20260622,,,,,,20.83,19.74,,,,,,-2.0833,pending,,2026-06-26T04:18:12+00:00
trackb_cont_TH_20260623,,,,,,20.83,19.74,,,,,,-2.0833,pending,,2026-06-26T04:18:12+00:00
trackb_cont_TILE_20260608,31.35,32.41,,,,35.599998,30.0,,,,,,-0.4645,pending,,2026-06-26T04:16:45+00:00
trackb_cont_TILE_20260610,30.93,35.509998,,,,35.599998,30.280001,,,,,,-0.7213,pending,,2026-06-26T04:16:45+00:00
trackb_cont_TILE_20260612,32.360001,,,,,35.599998,30.82,,,,,,-1.5964,pending,,2026-06-26T04:16:45+00:00
trackb_cont_TILE_20260616,34.240002,,,,,35.599998,30.82,,,,,,-3.5368,pending,,2026-06-26T04:16:45+00:00
trackb_cont_TILE_20260617,35.509998,,,,,35.599998,30.82,,,,,,-3.5368,pending,,2026-06-26T04:16:45+00:00
trackb_cont_TILE_20260618,,,,,,35.599998,31.26,,,,,,1.0669,pending,,2026-06-26T04:16:45+00:00
trackb_cont_TILE_20260619,,,,,,35.599998,31.83,,,,,,2.9098,pending,,2026-06-26T04:16:45+00:00
trackb_cont_TILE_20260622,,,,,,35.599998,31.83,,,,,,2.9098,pending,,2026-06-26T04:16:45+00:00
trackb_cont_TILE_20260623,,,,,,35.599998,31.83,,,,,,-1.6378,pending,,2026-06-26T04:16:45+00:00
trackb_cont_TILE_20260624,,,,,,35.599998,32.490002,,,,,,0.4017,pending,,2026-06-26T04:16:45+00:00
trackb_cont_TILE_20260625,,,,,,35.599998,34.389999,,,,,,6.2732,pending,,2026-06-26T04:16:45+00:00
trackb_cont_TITN_20260603,19.959999,19.41,,,,25.0,18.84,,,,,,-19.3148,pending,,2026-06-26T04:14:48+00:00
trackb_cont_TITN_20260604,19.049999,20.68,,,,25.0,18.84,,,,,,-19.3148,pending,,2026-06-26T04:14:48+00:00
trackb_cont_TITN_20260605,20.26,20.85,,,,25.0,18.84,,,,,,-19.3148,pending,,2026-06-26T04:14:48+00:00
trackb_cont_TITN_20260608,19.91,20.25,,,,25.0,18.84,,,,,,-18.723,pending,,2026-06-26T04:14:48+00:00
trackb_cont_TJX_20260610,164.130005,155.190002,,,,170.0,154.649994,,,,,,-3.1925,pending,,2026-06-26T04:16:30+00:00
trackb_cont_TJX_20260611,163.809998,,,,,170.0,154.649994,,,,,,-7.7598,pending,,2026-06-26T04:16:30+00:00
trackb_cont_TJX_20260615,164.350006,,,,,168.740005,154.649994,,,,,,-6.1761,pending,,2026-06-26T04:16:30+00:00
trackb_cont_TJX_20260616,165.169998,,,,,168.050003,154.649994,,,,,,-7.1366,pending,,2026-06-26T04:16:30+00:00
trackb_cont_TJX_20260617,155.190002,,,,,167.289993,154.649994,,,,,,-7.1366,pending,,2026-06-26T04:16:30+00:00
trackb_cont_TJX_20260618,,,,,,167.289993,154.649994,,,,,,-7.1366,pending,,2026-06-26T04:16:30+00:00
trackb_cont_TJX_20260619,,,,,,167.289993,154.649994,,,,,,-7.1366,pending,,2026-06-26T04:16:30+00:00
trackb_cont_TKO_20260603,206.429993,194.529999,,,,216.699997,192.639999,,,,,,-3.1156,pending,,2026-06-26T04:16:09+00:00
trackb_cont_TKO_20260604,213.699997,198.779999,,,,216.699997,192.639999,,,,,,-3.1156,pending,,2026-06-26T04:16:09+00:00
trackb_cont_TKO_20260605,203.360001,197.259995,,,,216.699997,192.639999,,,,,,-3.1156,pending,,2026-06-26T04:16:09+00:00
trackb_cont_TKO_20260612,197.259995,,,,,216.699997,192.639999,,,,,,-9.8549,pending,,2026-06-26T04:16:09+00:00
trackb_cont_TKR_20260603,132.389999,139.399994,,,,145.610001,129.770004,,,,,,-1.5514,pending,,2026-06-26T04:14:45+00:00
trackb_cont_TKR_20260604,137.399994,142.360001,,,,145.610001,129.770004,,,,,,-1.5514,pending,,2026-06-26T04:14:45+00:00
trackb_cont_TKR_20260605,137.059998,141.970001,,,,145.610001,129.770004,,,,,,-1.5514,pending,,2026-06-26T04:14:45+00:00
trackb_cont_TKR_20260608,139.119995,137.639999,,,,145.610001,132.050003,,,,,,0.1783,pending,,2026-06-26T04:14:45+00:00
trackb_cont_TKR_20260609,140.279999,137.990005,,,,145.610001,132.240005,,,,,,-1.8044,pending,,2026-06-26T04:14:45+00:00
trackb_cont_TKR_20260610,139.399994,144.009995,,,,145.610001,132.240005,,,,,,-1.8044,pending,,2026-06-26T04:14:45+00:00
trackb_cont_TKR_20260616,137.990005,,,,,145.610001,134.0,,,,,,-4.572,pending,,2026-06-26T04:14:45+00:00
trackb_cont_TKR_20260617,144.009995,,,,,145.610001,134.0,,,,,,-4.572,pending,,2026-06-26T04:14:45+00:00
trackb_cont_TKR_20260618,,,,,,145.610001,134.0,,,,,,-4.572,pending,,2026-06-26T04:14:45+00:00
trackb_cont_TKR_20260619,,,,,,145.610001,134.0,,,,,,-4.572,pending,,2026-06-26T04:14:45+00:00
trackb_cont_TKR_20260623,,,,,,145.610001,134.0,,,,,,-5.6139,pending,,2026-06-26T04:14:45+00:00
trackb_cont_TKR_20260624,,,,,,145.610001,137.210007,,,,,,-3.3528,pending,,2026-06-26T04:14:45+00:00
trackb_cont_TKR_20260625,,,,,,145.610001,141.0,,,,,,-0.6832,pending,,2026-06-26T04:14:45+00:00
trackb_cont_TLN_20260603,336.589996,409.809998,,,,449.841003,329.130005,,,,,,-13.4938,pending,,2026-06-26T04:16:25+00:00
trackb_cont_TLN_20260604,344.799988,436.290009,,,,449.841003,329.130005,,,,,,-13.4938,pending,,2026-06-26T04:16:25+00:00
trackb_cont_TLN_20260605,360.540009,438.119995,,,,449.841003,329.130005,,,,,,-13.4938,pending,,2026-06-26T04:16:25+00:00
trackb_cont_TLN_20260608,386.209991,411.920013,,,,449.841003,329.130005,,,,,,-13.4938,pending,,2026-06-26T04:16:25+00:00
trackb_cont_TLN_20260618,,,,,,449.841003,399.350006,,,,,,-2.5524,pending,,2026-06-26T04:16:25+00:00
trackb_cont_TLN_20260619,,,,,,443.209991,399.350006,,,,,,-2.5524,pending,,2026-06-26T04:16:25+00:00
trackb_cont_TLN_20260622,,,,,,443.209991,399.350006,,,,,,-8.4668,pending,,2026-06-26T04:16:25+00:00
trackb_cont_TLN_20260623,,,,,,424.5,399.350006,,,,,,-8.8492,pending,,2026-06-26T04:16:25+00:00
trackb_cont_TLN_20260624,,,,,,423.980011,399.350006,,,,,,-8.8492,pending,,2026-06-26T04:16:25+00:00
trackb_cont_TLYS_20260603,5.18,4.56,,,,5.9,4.19,,,,,,-6.264,pending,,2026-06-26T04:15:54+00:00
trackb_cont_TLYS_20260604,5.31,4.43,,,,5.9,4.19,,,,,,-6.264,pending,,2026-06-26T04:15:54+00:00
trackb_cont_TLYS_20260605,5.45,4.7,,,,5.85,4.19,,,,,,-6.264,pending,,2026-06-26T04:15:54+00:00
trackb_cont_TLYS_20260608,5.1,4.45,,,,5.85,4.19,,,,,,-18.3236,pending,,2026-06-26T04:15:54+00:00
trackb_cont_TLYS_20260616,4.3,,,,,5.19,4.19,,,,,,-21.6822,pending,,2026-06-26T04:15:54+00:00
trackb_cont_TLYS_20260617,4.21,,,,,4.71,4.19,,,,,,-21.6822,pending,,2026-06-26T04:15:54+00:00
trackb_cont_TLYS_20260618,,,,,,4.71,4.19,,,,,,-21.6822,pending,,2026-06-26T04:15:54+00:00
trackb_cont_TLYS_20260619,,,,,,4.71,4.19,,,,,,-21.6822,pending,,2026-06-26T04:15:54+00:00
trackb_cont_TMHC_20260603,71.599998,71.589996,,,,72.260002,71.43,,,,,,-0.2165,pending,,2026-06-26T04:14:45+00:00
trackb_cont_TMHC_20260604,71.910004,71.580002,,,,72.260002,71.43,,,,,,-0.2165,pending,,2026-06-26T04:14:45+00:00
trackb_cont_TMHC_20260605,71.900002,71.599998,,,,72.260002,71.43,,,,,,-0.2165,pending,,2026-06-26T04:14:45+00:00
trackb_cont_TMHC_20260608,71.949997,71.650002,,,,72.260002,71.440002,,,,,,-0.1258,pending,,2026-06-26T04:14:45+00:00
trackb_cont_TMHC_20260610,71.589996,71.980003,,,,72.260002,71.449997,,,,,,0.014,pending,,2026-06-26T04:14:45+00:00
trackb_cont_TMHC_20260611,71.580002,,,,,72.260002,71.5,,,,,,-0.1397,pending,,2026-06-26T04:14:45+00:00
trackb_cont_TMHC_20260612,71.599998,,,,,72.260002,71.559998,,,,,,-0.4867,pending,,2026-06-26T04:14:45+00:00
trackb_cont_TMHC_20260616,71.93,,,,,72.260002,71.559998,,,,,,-0.5144,pending,,2026-06-26T04:14:45+00:00
trackb_cont_TMHC_20260617,71.980003,,,,,72.18,71.559998,,,,,,-0.5144,pending,,2026-06-26T04:14:45+00:00
trackb_cont_TMHC_20260618,,,,,,72.18,71.559998,,,,,,-0.5144,pending,,2026-06-26T04:14:45+00:00
trackb_cont_TMHC_20260619,,,,,,72.18,71.599998,,,,,,-0.4588,pending,,2026-06-26T04:14:45+00:00
trackb_cont_TMHC_20260622,,,,,,72.18,71.599998,,,,,,0.0279,pending,,2026-06-26T04:14:45+00:00
trackb_cont_TMHC_20260623,,,,,,72.18,71.639999,,,,,,0.0838,pending,,2026-06-26T04:14:45+00:00
trackb_cont_TMHC_20260625,,,,,,72.07,71.900002,,,,,,-0.0417,pending,,2026-06-26T04:14:45+00:00
trackb_cont_TMO_20260603,482.040009,461.690002,,,,515.960022,457.640015,,,,,,-3.1593,pending,,2026-06-26T04:16:20+00:00
trackb_cont_TMO_20260604,475.660004,464.609985,,,,515.960022,457.640015,,,,,,-3.1593,pending,,2026-06-26T04:16:20+00:00
trackb_cont_TMO_20260605,469.339996,464.01001,,,,515.960022,457.640015,,,,,,-3.1593,pending,,2026-06-26T04:16:20+00:00
trackb_cont_TMO_20260608,473.720001,469.350006,,,,515.960022,457.640015,,,,,,-3.1593,pending,,2026-06-26T04:16:20+00:00
trackb_cont_TMO_20260611,464.609985,,,,,515.960022,457.640015,,,,,,-5.0618,pending,,2026-06-26T04:16:20+00:00
trackb_cont_TNET_20260603,47.869999,45.580002,,,,48.740002,42.900002,,,,,,-7.2633,pending,,2026-06-26T04:15:27+00:00
trackb_cont_TNET_20260604,47.82,45.290001,,,,48.740002,42.900002,,,,,,-7.2633,pending,,2026-06-26T04:15:27+00:00
trackb_cont_TNET_20260605,47.380001,43.099998,,,,48.740002,42.900002,,,,,,-7.2633,pending,,2026-06-26T04:15:27+00:00
trackb_cont_TNET_20260608,46.68,45.82,,,,48.740002,42.900002,,,,,,-7.2633,pending,,2026-06-26T04:15:27+00:00
trackb_cont_TNET_20260612,43.099998,,,,,48.18,42.900002,,,,,,-10.2886,pending,,2026-06-26T04:15:27+00:00
trackb_cont_TNET_20260616,47.209999,,,,,48.18,42.900002,,,,,,-8.6262,pending,,2026-06-26T04:15:27+00:00
trackb_cont_TNET_20260617,47.25,,,,,48.18,42.900002,,,,,,-8.6262,pending,,2026-06-26T04:15:27+00:00
trackb_cont_TNET_20260618,,,,,,48.18,42.900002,,,,,,-8.6262,pending,,2026-06-26T04:15:27+00:00
trackb_cont_TNET_20260619,,,,,,48.18,42.900002,,,,,,-8.6262,pending,,2026-06-26T04:15:27+00:00
trackb_cont_TNL_20260603,71.209999,75.93,,,,78.25,69.32,,,,,,-0.4738,pending,,2026-06-26T04:14:57+00:00
trackb_cont_TNL_20260604,73.599998,76.709999,,,,78.25,69.849998,,,,,,0.2871,pending,,2026-06-26T04:14:57+00:00
trackb_cont_TNL_20260605,74.129997,74.699997,,,,78.25,70.419998,,,,,,1.1055,pending,,2026-06-26T04:14:57+00:00
trackb_cont_TNL_20260608,74.330002,75.580002,,,,78.25,70.610001,,,,,,1.3783,pending,,2026-06-26T04:14:57+00:00
trackb_cont_TNL_20260616,76.68,,,,,78.25,73.300003,,,,,,-1.2396,pending,,2026-06-26T04:14:57+00:00
trackb_cont_TNL_20260617,76.239998,,,,,78.25,73.300003,,,,,,-1.2396,pending,,2026-06-26T04:14:57+00:00
trackb_cont_TNL_20260618,,,,,,78.25,73.300003,,,,,,-3.4637,pending,,2026-06-26T04:14:57+00:00
trackb_cont_TNL_20260619,,,,,,78.25,73.300003,,,,,,-3.4637,pending,,2026-06-26T04:14:57+00:00
trackb_cont_TNL_20260622,,,,,,78.25,73.300003,,,,,,-3.4637,pending,,2026-06-26T04:14:57+00:00
trackb_cont_TNL_20260623,,,,,,78.25,73.300003,,,,,,-1.8742,pending,,2026-06-26T04:14:57+00:00
trackb_cont_TNL_20260624,,,,,,78.25,74.639999,,,,,,-0.0803,pending,,2026-06-26T04:14:57+00:00
trackb_cont_TNL_20260625,,,,,,77.919998,75.800003,,,,,,1.4726,pending,,2026-06-26T04:14:57+00:00
trackb_cont_TOL_20260603,138.899994,149.660004,,,,165.470001,136.350006,,,,,,-0.3872,pending,,2026-06-26T04:16:04+00:00
trackb_cont_TOL_20260604,147.210007,155.669998,,,,165.470001,136.770004,,,,,,-0.0804,pending,,2026-06-26T04:16:04+00:00
trackb_cont_TOL_20260605,147.100006,151.919998,,,,165.470001,136.770004,,,,,,-0.0804,pending,,2026-06-26T04:16:04+00:00
trackb_cont_TOL_20260608,148.710007,150.960007,,,,165.470001,136.770004,,,,,,-0.0804,pending,,2026-06-26T04:16:04+00:00
trackb_cont_TOL_20260615,150.960007,,,,,165.470001,147.979996,,,,,,-2.3396,pending,,2026-06-26T04:16:04+00:00
trackb_cont_TOL_20260616,161.029999,,,,,165.470001,149.449997,,,,,,0.0067,pending,,2026-06-26T04:16:04+00:00
trackb_cont_TOL_20260617,162.080002,,,,,165.470001,149.639999,,,,,,0.1338,pending,,2026-06-26T04:16:04+00:00
trackb_cont_TOL_20260618,,,,,,165.470001,149.759995,,,,,,-1.9671,pending,,2026-06-26T04:16:04+00:00
trackb_cont_TOL_20260619,,,,,,165.470001,149.759995,,,,,,-1.9671,pending,,2026-06-26T04:16:04+00:00
trackb_cont_TOL_20260622,,,,,,165.470001,149.759995,,,,,,-1.9671,pending,,2026-06-26T04:16:04+00:00
trackb_cont_TOL_20260623,,,,,,165.470001,149.759995,,,,,,-1.9671,pending,,2026-06-26T04:16:04+00:00
trackb_cont_TOL_20260625,,,,,,165.470001,160.589996,,,,,,-0.2732,pending,,2026-06-26T04:16:04+00:00
trackb_cont_TOMZ_20260603,0.84,0.7,,,,1.08,0.67,,,,,,-34.9515,pending,,2026-06-26T04:15:05+00:00
trackb_cont_TOMZ_20260604,0.79,0.76,,,,1.08,0.67,,,,,,-34.9515,pending,,2026-06-26T04:15:05+00:00
trackb_cont_TOMZ_20260605,0.72,0.71,,,,1.07,0.67,,,,,,-34.9515,pending,,2026-06-26T04:15:05+00:00
trackb_cont_TOMZ_20260608,0.72,0.75,,,,1.05,0.67,,,,,,-35.5769,pending,,2026-06-26T04:15:05+00:00
trackb_cont_TOMZ_20260610,0.7,0.73,,,,0.91,0.67,,,,,,-29.4737,pending,,2026-06-26T04:15:05+00:00
trackb_cont_TREX_20260611,47.130001,,,,,50.200001,42.970001,,,,,,0.4207,pending,,2026-06-26T04:17:17+00:00
trackb_cont_TREX_20260612,46.400002,,,,,50.200001,45.200001,,,,,,-2.4601,pending,,2026-06-26T04:17:17+00:00
trackb_cont_TREX_20260615,45.34,,,,,50.200001,45.200001,,,,,,-5.3304,pending,,2026-06-26T04:17:17+00:00
trackb_cont_TREX_20260616,48.880001,,,,,50.200001,45.200001,,,,,,-3.5219,pending,,2026-06-26T04:17:17+00:00
trackb_cont_TREX_20260617,49.98,,,,,50.200001,45.200001,,,,,,-3.5219,pending,,2026-06-26T04:17:17+00:00
trackb_cont_TREX_20260618,,,,,,50.200001,45.200001,,,,,,-2.4706,pending,,2026-06-26T04:17:17+00:00
trackb_cont_TREX_20260619,,,,,,50.200001,45.200001,,,,,,-2.4706,pending,,2026-06-26T04:17:17+00:00
trackb_cont_TREX_20260622,,,,,,50.200001,45.200001,,,,,,-2.4706,pending,,2026-06-26T04:17:17+00:00
trackb_cont_TREX_20260623,,,,,,50.200001,45.200001,,,,,,-2.5862,pending,,2026-06-26T04:17:17+00:00
trackb_cont_TREX_20260624,,,,,,50.200001,45.200001,,,,,,-2.5862,pending,,2026-06-26T04:17:17+00:00
trackb_cont_TRGP_20260612,264.51001,,,,,275.320007,253.820007,,,,,,-5.7727,pending,,2026-06-26T04:17:29+00:00
trackb_cont_TRGP_20260616,266.320007,,,,,275.320007,253.820007,,,,,,-4.4784,pending,,2026-06-26T04:17:29+00:00
trackb_cont_TRGP_20260617,273.450012,,,,,275.320007,253.820007,,,,,,-4.4784,pending,,2026-06-26T04:17:29+00:00
trackb_cont_TRGP_20260618,,,,,,275.320007,253.820007,,,,,,-4.4784,pending,,2026-06-26T04:17:29+00:00
trackb_cont_TRGP_20260619,,,,,,275.320007,256.399994,,,,,,-3.5075,pending,,2026-06-26T04:17:29+00:00
trackb_cont_TRIP_20260603,11.57,12.61,,,,14.2,11.35,,,,,,-4.421,pending,,2026-06-26T04:15:25+00:00
trackb_cont_TRIP_20260604,11.91,12.97,,,,14.2,11.35,,,,,,-4.421,pending,,2026-06-26T04:15:25+00:00
trackb_cont_TRIP_20260605,12.41,12.36,,,,14.2,11.35,,,,,,-4.421,pending,,2026-06-26T04:15:25+00:00
trackb_cont_TRIP_20260608,12.56,12.39,,,,14.2,11.35,,,,,,-4.3002,pending,,2026-06-26T04:15:25+00:00
trackb_cont_TRIP_20260609,12.81,12.98,,,,14.2,11.35,,,,,,-3.895,pending,,2026-06-26T04:15:25+00:00
trackb_cont_TRIP_20260610,12.61,12.8,,,,14.2,11.35,,,,,,-3.895,pending,,2026-06-26T04:15:25+00:00
trackb_cont_TRIP_20260611,12.97,,,,,14.2,11.35,,,,,,-1.9015,pending,,2026-06-26T04:15:25+00:00
trackb_cont_TRIP_20260612,12.36,,,,,14.2,11.64,,,,,,-2.267,pending,,2026-06-26T04:15:25+00:00
trackb_cont_TRIP_20260615,12.39,,,,,14.2,12.07,,,,,,-12.7733,pending,,2026-06-26T04:15:25+00:00
trackb_cont_TRIP_20260616,12.98,,,,,13.14,12.07,,,,,,-8.178,pending,,2026-06-26T04:15:25+00:00
trackb_cont_TRIP_20260617,12.8,,,,,13.14,12.07,,,,,,-8.178,pending,,2026-06-26T04:15:25+00:00
trackb_cont_TRIP_20260618,,,,,,13.14,12.07,,,,,,-4.2823,pending,,2026-06-26T04:15:25+00:00
trackb_cont_TRIP_20260619,,,,,,13.14,12.07,,,,,,-4.2823,pending,,2026-06-26T04:15:25+00:00
trackb_cont_TRIP_20260622,,,,,,13.14,12.07,,,,,,-4.2823,pending,,2026-06-26T04:15:25+00:00
trackb_cont_TRNO_20260611,64.349998,,,,,67.580002,62.990002,,,,,,-4.8489,pending,,2026-06-26T04:17:18+00:00
trackb_cont_TRNO_20260616,65.440002,,,,,67.309998,62.990002,,,,,,-6.0972,pending,,2026-06-26T04:17:18+00:00
trackb_cont_TRNO_20260617,65.349998,,,,,67.0,62.990002,,,,,,-6.0972,pending,,2026-06-26T04:17:18+00:00
trackb_cont_TRN_20260618,,,,,,36.580002,34.369999,,,,,,0.2625,pending,,2026-06-26T04:18:36+00:00
trackb_cont_TRN_20260619,,,,,,36.580002,34.389999,,,,,,0.3209,pending,,2026-06-26T04:18:36+00:00
trackb_cont_TRN_20260622,,,,,,36.580002,34.389999,,,,,,0.3209,pending,,2026-06-26T04:18:36+00:00
trackb_cont_TROW_20260609,108.940002,105.199997,,,,110.849998,104.400002,,,,,,-0.9957,pending,,2026-06-26T04:17:00+00:00
trackb_cont_TROW_20260615,106.0,,,,,110.849998,104.400002,,,,,,-5.5887,pending,,2026-06-26T04:17:00+00:00
trackb_cont_TROW_20260616,105.199997,,,,,110.0,104.400002,,,,,,-5.2932,pending,,2026-06-26T04:17:00+00:00
trackb_cont_TROW_20260617,106.339996,,,,,109.639999,104.400002,,,,,,-5.2932,pending,,2026-06-26T04:17:00+00:00
trackb_cont_TROW_20260618,,,,,,109.580002,104.400002,,,,,,-5.2932,pending,,2026-06-26T04:17:00+00:00
trackb_cont_TROW_20260619,,,,,,109.580002,104.400002,,,,,,-5.2932,pending,,2026-06-26T04:17:00+00:00
trackb_cont_TRS_20260616,43.599998,,,,,44.889999,41.860001,,,,,,-0.0239,pending,,2026-06-26T04:18:08+00:00
trackb_cont_TRS_20260617,44.07,,,,,44.889999,42.200001,,,,,,0.7882,pending,,2026-06-26T04:18:08+00:00
trackb_cont_TRS_20260618,,,,,,44.889999,42.740002,,,,,,2.0779,pending,,2026-06-26T04:18:08+00:00
trackb_cont_TRS_20260619,,,,,,44.889999,42.84,,,,,,2.3167,pending,,2026-06-26T04:18:08+00:00
trackb_cont_TRS_20260622,,,,,,44.889999,42.84,,,,,,-2.1247,pending,,2026-06-26T04:18:08+00:00
trackb_cont_TRS_20260623,,,,,,44.889999,42.84,,,,,,-2.1247,pending,,2026-06-26T04:18:08+00:00
trackb_cont_TRU_20260603,67.849998,64.440002,,,,73.169998,63.369999,,,,,,-8.1794,pending,,2026-06-26T04:14:55+00:00
trackb_cont_TRU_20260604,65.699997,64.599998,,,,73.169998,63.369999,,,,,,-8.1794,pending,,2026-06-26T04:14:55+00:00
trackb_cont_TRU_20260605,66.129997,64.43,,,,71.330002,63.369999,,,,,,-8.1794,pending,,2026-06-26T04:14:55+00:00
trackb_cont_TRV_20260609,307.51001,320.73999,,,,325.890015,297.01001,,,,,,0.0944,pending,,2026-06-26T04:16:54+00:00
trackb_cont_TRV_20260612,310.609985,,,,,325.890015,297.01001,,,,,,-2.2672,pending,,2026-06-26T04:16:54+00:00
trackb_cont_TRV_20260616,320.73999,,,,,325.890015,301.649994,,,,,,-1.6482,pending,,2026-06-26T04:16:54+00:00
trackb_cont_TRV_20260617,318.290009,,,,,325.890015,301.649994,,,,,,-1.6482,pending,,2026-06-26T04:16:54+00:00
trackb_cont_TRV_20260618,,,,,,325.890015,301.649994,,,,,,-2.1522,pending,,2026-06-26T04:16:54+00:00
trackb_cont_TRV_20260619,,,,,,325.890015,307.670013,,,,,,-0.1995,pending,,2026-06-26T04:16:54+00:00
trackb_cont_TRV_20260622,,,,,,325.890015,307.670013,,,,,,-0.0455,pending,,2026-06-26T04:16:54+00:00
trackb_cont_TRV_20260623,,,,,,325.890015,309.589996,,,,,,-0.3284,pending,,2026-06-26T04:16:54+00:00
trackb_cont_TRV_20260624,,,,,,325.890015,316.410004,,,,,,1.8673,pending,,2026-06-26T04:16:54+00:00
trackb_cont_TRV_20260625,,,,,,325.890015,318.160004,,,,,,2.4307,pending,,2026-06-26T04:16:54+00:00
trackb_cont_TSQ_20260616,6.52,,,,,6.69,6.15,,,,,,-11.4471,pending,,2026-06-26T04:18:14+00:00
trackb_cont_TSQ_20260617,6.44,,,,,6.69,6.15,,,,,,-11.4471,pending,,2026-06-26T04:18:14+00:00
trackb_cont_TSQ_20260618,,,,,,6.69,6.15,,,,,,-11.4471,pending,,2026-06-26T04:18:14+00:00
trackb_cont_TSQ_20260619,,,,,,6.6,6.15,,,,,,-11.4471,pending,,2026-06-26T04:18:14+00:00
trackb_cont_TTC_20260623,,,,,,98.019997,90.599998,,,,,,-1.7247,pending,,2026-06-26T04:18:25+00:00
trackb_cont_TTC_20260624,,,,,,98.019997,90.690002,,,,,,-1.6271,pending,,2026-06-26T04:18:25+00:00
trackb_cont_TTI_20260603,10.38,10.17,,,,10.77,9.27,,,,,,-7.2072,pending,,2026-06-26T04:15:04+00:00
trackb_cont_TTI_20260604,10.45,10.24,,,,10.77,9.27,,,,,,-7.2072,pending,,2026-06-26T04:15:04+00:00
trackb_cont_TTI_20260605,10.4,10.34,,,,10.77,9.27,,,,,,-7.2072,pending,,2026-06-26T04:15:04+00:00
trackb_cont_TTMI_20260616,209.740005,,,,,223.830002,198.809998,,,,,,-2.8394,pending,,2026-06-26T04:18:04+00:00
trackb_cont_TTMI_20260617,210.570007,,,,,223.830002,199.520004,,,,,,-2.4924,pending,,2026-06-26T04:18:04+00:00
trackb_cont_TTMI_20260618,,,,,,223.830002,200.160004,,,,,,-1.2531,pending,,2026-06-26T04:18:04+00:00
trackb_cont_TTMI_20260619,,,,,,223.830002,200.160004,,,,,,-1.2531,pending,,2026-06-26T04:18:04+00:00
trackb_cont_TTMI_20260622,,,,,,223.830002,200.160004,,,,,,-7.5217,pending,,2026-06-26T04:18:04+00:00
trackb_cont_TTMI_20260623,,,,,,219.800003,200.160004,,,,,,-7.5217,pending,,2026-06-26T04:18:04+00:00
trackb_cont_TTWO_20260625,,,,,,240.839996,230.669998,,,,,,-2.1631,pending,,2026-06-26T04:18:55+00:00
trackb_cont_TUSK_20260603,3.37,3.04,,,,3.92,2.715,,,,,,-23.3051,pending,,2026-06-26T04:15:01+00:00
trackb_cont_TUSK_20260604,3.19,3.03,,,,3.92,2.715,,,,,,-23.3051,pending,,2026-06-26T04:15:01+00:00
trackb_cont_TUSK_20260605,3.29,2.92,,,,3.79,2.715,,,,,,-23.3051,pending,,2026-06-26T04:15:01+00:00
trackb_cont_TUSK_20260608,3.09,3.06,,,,3.615,2.715,,,,,,-18.2229,pending,,2026-06-26T04:15:01+00:00
trackb_cont_TWFG_20260611,21.67,,,,,22.584999,20.67,,,,,,-5.4005,pending,,2026-06-26T04:17:19+00:00
trackb_cont_TWFG_20260612,21.504999,,,,,22.584999,20.67,,,,,,-2.454,pending,,2026-06-26T04:17:19+00:00
trackb_cont_TWFG_20260615,21.049999,,,,,22.584999,20.67,,,,,,-4.7026,pending,,2026-06-26T04:17:19+00:00
trackb_cont_TWFG_20260616,22.08,,,,,22.584999,20.67,,,,,,-2.7752,pending,,2026-06-26T04:17:19+00:00
trackb_cont_TWFG_20260617,21.389999,,,,,22.584999,20.67,,,,,,-2.7752,pending,,2026-06-26T04:17:19+00:00
trackb_cont_TWFG_20260618,,,,,,22.584999,20.67,,,,,,-1.4306,pending,,2026-06-26T04:17:19+00:00
trackb_cont_TWFG_20260619,,,,,,22.584999,20.809999,,,,,,-0.763,pending,,2026-06-26T04:17:19+00:00
trackb_cont_TWFG_20260622,,,,,,22.584999,20.809999,,,,,,-3.9686,pending,,2026-06-26T04:17:19+00:00
trackb_cont_TWFG_20260623,,,,,,22.51,20.809999,,,,,,-3.2318,pending,,2026-06-26T04:17:19+00:00
trackb_cont_TWFG_20260624,,,,,,22.51,20.809999,,,,,,-3.2318,pending,,2026-06-26T04:17:19+00:00
trackb_cont_TWFG_20260625,,,,,,22.51,21.120001,,,,,,-1.7903,pending,,2026-06-26T04:17:19+00:00
trackb_cont_TWLO_20260603,207.089996,188.110001,,,,238.479996,179.199997,,,,,,-17.9806,pending,,2026-06-26T04:14:52+00:00
trackb_cont_TWLO_20260604,206.619995,186.169998,,,,238.479996,179.199997,,,,,,-17.9806,pending,,2026-06-26T04:14:52+00:00
trackb_cont_TWLO_20260605,204.080002,183.639999,,,,237.300003,179.199997,,,,,,-17.9806,pending,,2026-06-26T04:14:52+00:00
trackb_cont_TWLO_20260608,202.0,184.039993,,,,227.5,179.199997,,,,,,-20.7045,pending,,2026-06-26T04:14:52+00:00
trackb_cont_TWLO_20260610,188.110001,190.880005,,,,211.740005,179.199997,,,,,,-15.6865,pending,,2026-06-26T04:14:52+00:00
trackb_cont_TWST_20260603,67.769997,82.870003,,,,98.400002,66.43,,,,,,-6.7518,pending,,2026-06-26T04:14:51+00:00
trackb_cont_TWST_20260604,74.050003,87.559998,,,,98.400002,66.43,,,,,,-6.7518,pending,,2026-06-26T04:14:51+00:00
trackb_cont_TWST_20260605,76.169998,85.169998,,,,98.400002,66.43,,,,,,-6.7518,pending,,2026-06-26T04:14:51+00:00
trackb_cont_TWST_20260608,80.790001,85.0,,,,98.400002,66.43,,,,,,-6.7518,pending,,2026-06-26T04:14:51+00:00
trackb_cont_TWST_20260615,85.0,,,,,98.400002,77.290001,,,,,,-3.7484,pending,,2026-06-26T04:14:51+00:00
trackb_cont_TWST_20260616,91.349998,,,,,98.400002,80.629997,,,,,,-1.3942,pending,,2026-06-26T04:14:51+00:00
trackb_cont_TWST_20260617,96.650002,,,,,98.400002,81.550003,,,,,,-0.269,pending,,2026-06-26T04:14:51+00:00
trackb_cont_TWST_20260618,,,,,,98.400002,81.550003,,,,,,-0.269,pending,,2026-06-26T04:14:51+00:00
trackb_cont_TWST_20260619,,,,,,98.400002,81.550003,,,,,,-0.269,pending,,2026-06-26T04:14:51+00:00
trackb_cont_TXG_20260603,29.110001,32.130001,,,,36.880001,28.01,,,,,,-11.2203,pending,,2026-06-26T04:14:51+00:00
trackb_cont_TXG_20260604,29.049999,34.755001,,,,36.880001,28.01,,,,,,-11.2203,pending,,2026-06-26T04:14:51+00:00
trackb_cont_TXG_20260605,28.84,32.939999,,,,36.880001,28.01,,,,,,-11.2203,pending,,2026-06-26T04:14:51+00:00
trackb_cont_TXG_20260608,32.220001,31.870001,,,,36.880001,28.01,,,,,,-11.2203,pending,,2026-06-26T04:14:51+00:00
trackb_cont_TXG_20260610,32.130001,35.73,,,,36.880001,28.01,,,,,,-4.0096,pending,,2026-06-26T04:14:51+00:00
trackb_cont_TXG_20260622,,,,,,36.880001,31.299999,,,,,,-9.941,pending,,2026-06-26T04:14:51+00:00
trackb_cont_TXG_20260623,,,,,,36.880001,31.299999,,,,,,-4.9788,pending,,2026-06-26T04:14:51+00:00
trackb_cont_TXG_20260624,,,,,,36.880001,32.650002,,,,,,-0.8804,pending,,2026-06-26T04:14:51+00:00
trackb_cont_UAA_20260615,5.78,,,,,6.27,5.64,,,,,,-8.1433,pending,,2026-06-26T04:17:03+00:00
trackb_cont_UAA_20260616,6.06,,,,,6.27,5.64,,,,,,-4.9705,pending,,2026-06-26T04:17:03+00:00
trackb_cont_UAA_20260617,6.08,,,,,6.27,5.64,,,,,,-4.9705,pending,,2026-06-26T04:17:03+00:00
trackb_cont_UAA_20260618,,,,,,6.27,5.64,,,,,,-4.9705,pending,,2026-06-26T04:17:03+00:00
trackb_cont_UAA_20260619,,,,,,6.27,5.74,,,,,,-3.2856,pending,,2026-06-26T04:17:03+00:00
trackb_cont_UAA_20260623,,,,,,6.27,5.74,,,,,,-2.8765,pending,,2026-06-26T04:17:03+00:00
trackb_cont_UAA_20260624,,,,,,6.27,5.82,,,,,,-1.5228,pending,,2026-06-26T04:17:03+00:00
trackb_cont_UAA_20260625,,,,,,6.27,5.88,,,,,,-0.5076,pending,,2026-06-26T04:17:03+00:00
trackb_cont_UAL_20260616,130.539993,,,,,138.440002,115.400002,,,,,,-4.3911,pending,,2026-06-26T04:18:00+00:00
trackb_cont_UAL_20260617,134.610001,,,,,138.440002,115.400002,,,,,,-4.3911,pending,,2026-06-26T04:18:00+00:00
trackb_cont_UAL_20260618,,,,,,138.440002,116.769997,,,,,,0.8115,pending,,2026-06-26T04:18:00+00:00
trackb_cont_UAL_20260619,,,,,,138.440002,116.769997,,,,,,0.8115,pending,,2026-06-26T04:18:00+00:00
trackb_cont_UAL_20260622,,,,,,138.440002,116.769997,,,,,,-1.31,pending,,2026-06-26T04:18:00+00:00
trackb_cont_UAL_20260623,,,,,,138.440002,116.769997,,,,,,-1.6094,pending,,2026-06-26T04:18:00+00:00
trackb_cont_UAL_20260624,,,,,,138.440002,123.139999,,,,,,3.758,pending,,2026-06-26T04:18:00+00:00
trackb_cont_UAL_20260625,,,,,,138.440002,132.0,,,,,,11.2235,pending,,2026-06-26T04:18:00+00:00
trackb_cont_UA_20260615,5.61,,,,,6.065,5.52,,,,,,-7.6151,pending,,2026-06-26T04:17:40+00:00
trackb_cont_UA_20260616,5.88,,,,,6.065,5.52,,,,,,-4.3328,pending,,2026-06-26T04:17:40+00:00
trackb_cont_UA_20260617,5.89,,,,,6.065,5.52,,,,,,-4.3328,pending,,2026-06-26T04:17:40+00:00
trackb_cont_UA_20260618,,,,,,6.065,5.56,,,,,,-3.6395,pending,,2026-06-26T04:17:40+00:00
trackb_cont_UA_20260619,,,,,,6.065,5.56,,,,,,-3.6395,pending,,2026-06-26T04:17:40+00:00
trackb_cont_UCTT_20260603,90.900002,111.610001,,,,125.0,81.650002,,,,,,-11.7488,pending,,2026-06-26T04:15:18+00:00
trackb_cont_UCTT_20260604,104.830002,121.279999,,,,125.0,81.650002,,,,,,-11.7488,pending,,2026-06-26T04:15:18+00:00
trackb_cont_UCTT_20260605,108.900002,123.139999,,,,125.0,81.650002,,,,,,-11.7488,pending,,2026-06-26T04:15:18+00:00
trackb_cont_UCTT_20260608,113.550003,111.629997,,,,125.0,82.669998,,,,,,0.7311,pending,,2026-06-26T04:15:18+00:00
trackb_cont_UCTT_20260616,108.419998,,,,,125.0,106.019997,,,,,,-6.8857,pending,,2026-06-26T04:15:18+00:00
trackb_cont_UCTT_20260617,120.660004,,,,,125.0,106.019997,,,,,,-6.8857,pending,,2026-06-26T04:15:18+00:00
trackb_cont_UCTT_20260618,,,,,,125.0,106.019997,,,,,,-6.8857,pending,,2026-06-26T04:15:18+00:00
trackb_cont_UCTT_20260619,,,,,,125.0,106.019997,,,,,,-6.8857,pending,,2026-06-26T04:15:18+00:00
trackb_cont_UCTT_20260622,,,,,,125.0,106.019997,,,,,,-12.5825,pending,,2026-06-26T04:15:18+00:00
trackb_cont_UCTT_20260623,,,,,,120.75,106.019997,,,,,,-13.9029,pending,,2026-06-26T04:15:18+00:00
trackb_cont_UCTT_20260624,,,,,,120.75,106.019997,,,,,,-13.9029,pending,,2026-06-26T04:15:18+00:00
trackb_cont_UDR_20260608,38.900002,38.279999,,,,39.720001,37.139999,,,,,,-5.2551,pending,,2026-06-26T04:16:40+00:00
trackb_cont_UDR_20260609,38.610001,38.389999,,,,39.720001,37.139999,,,,,,-3.8073,pending,,2026-06-26T04:16:40+00:00
trackb_cont_UDR_20260611,37.560001,,,,,39.599998,37.139999,,,,,,-5.5443,pending,,2026-06-26T04:16:40+00:00
trackb_cont_UDR_20260615,38.279999,,,,,39.419998,37.139999,,,,,,-5.1583,pending,,2026-06-26T04:16:40+00:00
trackb_cont_UDR_20260616,38.389999,,,,,39.27,37.139999,,,,,,-5.0492,pending,,2026-06-26T04:16:40+00:00
trackb_cont_UDR_20260617,39.099998,,,,,39.27,37.139999,,,,,,-5.0492,pending,,2026-06-26T04:16:40+00:00
trackb_cont_UDR_20260618,,,,,,39.27,37.139999,,,,,,-5.0492,pending,,2026-06-26T04:16:40+00:00
trackb_cont_UDR_20260619,,,,,,39.27,37.139999,,,,,,-5.0492,pending,,2026-06-26T04:16:40+00:00
trackb_cont_UEC_20260603,9.42,11.42,,,,15.14,9.36,,,,,,-33.617,pending,,2026-06-26T04:16:23+00:00
trackb_cont_UEC_20260604,10.63,12.01,,,,14.46,9.36,,,,,,-33.617,pending,,2026-06-26T04:16:23+00:00
trackb_cont_UEC_20260605,11.03,11.47,,,,13.86,9.36,,,,,,-33.617,pending,,2026-06-26T04:16:23+00:00
trackb_cont_UEC_20260608,11.77,11.34,,,,13.29,9.36,,,,,,-33.617,pending,,2026-06-26T04:16:23+00:00
trackb_cont_UE_20260616,23.23,,,,,23.530001,21.959999,,,,,,-4.7702,pending,,2026-06-26T04:18:07+00:00
trackb_cont_UE_20260617,23.379999,,,,,23.530001,21.959999,,,,,,-4.7702,pending,,2026-06-26T04:18:07+00:00
trackb_cont_UE_20260618,,,,,,23.530001,22.184999,,,,,,-3.7945,pending,,2026-06-26T04:18:07+00:00
trackb_cont_UE_20260619,,,,,,23.530001,22.200001,,,,,,-3.7294,pending,,2026-06-26T04:18:07+00:00
trackb_cont_UFPT_20260603,232.479996,227.679993,,,,256.0,211.699997,,,,,,-1.3215,pending,,2026-06-26T04:16:27+00:00
trackb_cont_UFPT_20260604,238.600006,239.279999,,,,256.0,220.309998,,,,,,2.6919,pending,,2026-06-26T04:16:27+00:00
trackb_cont_UFPT_20260605,234.940002,233.300003,,,,256.0,221.380005,,,,,,3.1906,pending,,2026-06-26T04:16:27+00:00
trackb_cont_UFPT_20260611,239.279999,,,,,256.0,223.869995,,,,,,-3.7035,pending,,2026-06-26T04:16:27+00:00
trackb_cont_UFPT_20260612,233.300003,,,,,256.0,223.869995,,,,,,-6.1735,pending,,2026-06-26T04:16:27+00:00
trackb_cont_UFPT_20260616,242.949997,,,,,256.0,223.869995,,,,,,-4.2472,pending,,2026-06-26T04:16:27+00:00
trackb_cont_UFPT_20260617,252.729996,,,,,256.0,223.869995,,,,,,-4.2472,pending,,2026-06-26T04:16:27+00:00
trackb_cont_UHAL-B_20260603,54.529999,54.049999,,,,58.185001,49.029999,,,,,,-0.9895,pending,,2026-06-26T04:16:09+00:00
trackb_cont_UHAL-B_20260604,54.610001,54.84,,,,58.185001,49.029999,,,,,,-0.9895,pending,,2026-06-26T04:16:09+00:00
trackb_cont_UHAL-B_20260605,55.400002,55.41,,,,58.185001,50.25,,,,,,1.4742,pending,,2026-06-26T04:16:09+00:00
trackb_cont_UHAL-B_20260608,55.049999,55.439999,,,,58.185001,51.889999,,,,,,4.7859,pending,,2026-06-26T04:16:09+00:00
trackb_cont_UHAL-B_20260609,55.060001,56.360001,,,,58.185001,52.810001,,,,,,-0.6584,pending,,2026-06-26T04:16:09+00:00
trackb_cont_UHAL-B_20260612,55.41,,,,,58.185001,53.73,,,,,,-1.6114,pending,,2026-06-26T04:16:09+00:00
trackb_cont_UHAL-B_20260615,55.439999,,,,,58.185001,53.73,,,,,,-3.8475,pending,,2026-06-26T04:16:09+00:00
trackb_cont_UHAL-B_20260616,56.360001,,,,,58.185001,53.73,,,,,,-3.0844,pending,,2026-06-26T04:16:09+00:00
trackb_cont_UHAL-B_20260617,58.060001,,,,,58.185001,53.73,,,,,,-3.0844,pending,,2026-06-26T04:16:09+00:00
trackb_cont_UHAL-B_20260618,,,,,,58.185001,54.200001,,,,,,-2.2367,pending,,2026-06-26T04:16:09+00:00
trackb_cont_UHAL-B_20260619,,,,,,58.185001,54.200001,,,,,,-2.2367,pending,,2026-06-26T04:16:09+00:00
trackb_cont_UHAL-B_20260625,,,,,,58.185001,56.5,,,,,,0.2484,pending,,2026-06-26T04:16:09+00:00
trackb_cont_UHAL_20260603,61.150002,61.27,,,,66.019997,54.84,,,,,,-1.0115,pending,,2026-06-26T04:16:20+00:00
trackb_cont_UHAL_20260604,62.029999,62.23,,,,66.019997,54.939999,,,,,,-0.831,pending,,2026-06-26T04:16:20+00:00
trackb_cont_UHAL_20260605,62.380001,62.380001,,,,66.019997,56.389999,,,,,,1.7863,pending,,2026-06-26T04:16:20+00:00
trackb_cont_UHAL_20260608,62.080002,62.77,,,,66.019997,57.709999,,,,,,0.278,pending,,2026-06-26T04:16:20+00:00
trackb_cont_UHAL_20260610,61.27,66.019997,,,,66.019997,60.66,,,,,,1.8982,pending,,2026-06-26T04:16:20+00:00
trackb_cont_UHAL_20260611,62.23,,,,,66.019997,60.889999,,,,,,-0.4252,pending,,2026-06-26T04:16:20+00:00
trackb_cont_UHAL_20260612,62.380001,,,,,66.019997,60.889999,,,,,,-1.8378,pending,,2026-06-26T04:16:20+00:00
trackb_cont_UHAL_20260615,62.77,,,,,66.019997,60.889999,,,,,,-3.6855,pending,,2026-06-26T04:16:20+00:00
trackb_cont_UHAL_20260616,64.089996,,,,,66.019997,60.889999,,,,,,-2.8093,pending,,2026-06-26T04:16:20+00:00
trackb_cont_UHAL_20260617,66.019997,,,,,66.019997,60.889999,,,,,,-2.8093,pending,,2026-06-26T04:16:20+00:00
trackb_cont_UHAL_20260618,,,,,,66.019997,61.5,,,,,,0.3754,pending,,2026-06-26T04:16:20+00:00
trackb_cont_UHAL_20260619,,,,,,66.019997,61.700001,,,,,,0.7018,pending,,2026-06-26T04:16:20+00:00
trackb_cont_UHAL_20260622,,,,,,66.019997,61.700001,,,,,,0.7018,pending,,2026-06-26T04:16:20+00:00
trackb_cont_UHAL_20260625,,,,,,66.019997,64.209999,,,,,,0.1872,pending,,2026-06-26T04:16:20+00:00
trackb_cont_ULCC_20260603,5.535,6.64,,,,8.405,5.31,,,,,,-6.8421,pending,,2026-06-26T04:15:47+00:00
trackb_cont_ULCC_20260604,6.07,7.22,,,,8.405,5.31,,,,,,-6.8421,pending,,2026-06-26T04:15:47+00:00
trackb_cont_ULCC_20260605,6.25,7.14,,,,8.405,5.31,,,,,,-6.8421,pending,,2026-06-26T04:15:47+00:00
trackb_cont_ULCC_20260608,6.57,7.25,,,,8.405,5.31,,,,,,-6.8421,pending,,2026-06-26T04:15:47+00:00
trackb_cont_ULCC_20260610,6.64,8.06,,,,8.405,5.31,,,,,,-11.3523,pending,,2026-06-26T04:15:47+00:00
trackb_cont_ULCC_20260616,7.43,,,,,8.405,6.45,,,,,,-5.9081,pending,,2026-06-26T04:15:47+00:00
trackb_cont_ULCC_20260617,8.06,,,,,8.405,6.571,,,,,,-4.143,pending,,2026-06-26T04:15:47+00:00
trackb_cont_ULCC_20260618,,,,,,8.405,6.815,,,,,,-0.5835,pending,,2026-06-26T04:15:47+00:00
trackb_cont_ULCC_20260619,,,,,,8.405,7.01,,,,,,2.2611,pending,,2026-06-26T04:15:47+00:00
trackb_cont_ULCC_20260622,,,,,,8.405,7.01,,,,,,-2.9086,pending,,2026-06-26T04:15:47+00:00
trackb_cont_ULCC_20260623,,,,,,8.405,7.01,,,,,,-2.9086,pending,,2026-06-26T04:15:47+00:00
trackb_cont_ULCC_20260625,,,,,,8.405,7.61,,,,,,2.4226,pending,,2026-06-26T04:15:47+00:00
trackb_cont_UMAC_20260603,22.85,24.450001,,,,32.93,18.41,,,,,,-37.381,pending,,2026-06-26T04:14:54+00:00
trackb_cont_UMAC_20260604,25.719999,24.98,,,,32.93,18.41,,,,,,-37.381,pending,,2026-06-26T04:14:54+00:00
trackb_cont_UMAC_20260605,24.43,22.57,,,,30.950001,18.41,,,,,,-37.381,pending,,2026-06-26T04:14:54+00:00
trackb_cont_UMAC_20260608,24.73,21.51,,,,27.83,18.41,,,,,,-31.0487,pending,,2026-06-26T04:14:54+00:00
trackb_cont_UMBF_20260612,136.940002,,,,,144.789993,125.150002,,,,,,-5.5543,pending,,2026-06-26T04:17:35+00:00
trackb_cont_UMBF_20260615,139.479996,,,,,144.789993,125.150002,,,,,,-8.6029,pending,,2026-06-26T04:17:35+00:00
trackb_cont_UMBF_20260616,141.470001,,,,,144.789993,125.150002,,,,,,-7.3032,pending,,2026-06-26T04:17:35+00:00
trackb_cont_UMBF_20260617,143.410004,,,,,144.789993,131.210007,,,,,,-2.8146,pending,,2026-06-26T04:17:35+00:00
trackb_cont_UMBF_20260618,,,,,,144.789993,132.300003,,,,,,-2.0073,pending,,2026-06-26T04:17:35+00:00
trackb_cont_UMBF_20260619,,,,,,144.789993,132.330002,,,,,,-1.985,pending,,2026-06-26T04:17:35+00:00
trackb_cont_UNFI_20260603,50.59,49.650002,,,,57.02,40.400002,,,,,,-22.128,pending,,2026-06-26T04:15:45+00:00
trackb_cont_UNFI_20260604,49.860001,51.709999,,,,57.02,40.400002,,,,,,-22.128,pending,,2026-06-26T04:15:45+00:00
trackb_cont_UNFI_20260605,50.389999,51.02,,,,57.02,40.400002,,,,,,-22.128,pending,,2026-06-26T04:15:45+00:00
trackb_cont_UNFI_20260608,50.330002,51.48,,,,57.02,40.400002,,,,,,-27.2334,pending,,2026-06-26T04:15:45+00:00
trackb_cont_UNFI_20260609,49.509998,51.18,,,,53.560001,40.400002,,,,,,-21.7661,pending,,2026-06-26T04:15:45+00:00
trackb_cont_UNFI_20260610,49.650002,50.299999,,,,53.560001,46.080002,,,,,,-10.7668,pending,,2026-06-26T04:15:45+00:00
trackb_cont_UNF_20260603,272.600006,259.73999,,,,280.5,258.170013,,,,,,-2.4209,pending,,2026-06-26T04:16:19+00:00
trackb_cont_UNF_20260604,275.649994,261.0,,,,280.5,258.170013,,,,,,-2.4209,pending,,2026-06-26T04:16:19+00:00
trackb_cont_UNF_20260605,264.829987,261.0,,,,280.5,258.170013,,,,,,-2.4209,pending,,2026-06-26T04:16:19+00:00
trackb_cont_UNF_20260608,263.829987,261.640015,,,,280.5,258.170013,,,,,,-2.4209,pending,,2026-06-26T04:16:19+00:00
trackb_cont_UNF_20260609,265.920013,263.609985,,,,280.5,258.170013,,,,,,-2.2343,pending,,2026-06-26T04:16:19+00:00
trackb_cont_UNF_20260610,259.73999,262.410004,,,,280.5,258.170013,,,,,,-2.2343,pending,,2026-06-26T04:16:19+00:00
trackb_cont_UNH_20260609,407.649994,405.799988,,,,417.579987,398.589996,,,,,,-1.9628,pending,,2026-06-26T04:16:54+00:00
trackb_cont_UNH_20260610,399.529999,415.529999,,,,417.579987,398.589996,,,,,,-1.9628,pending,,2026-06-26T04:16:54+00:00
trackb_cont_UNH_20260611,400.959991,,,,,417.579987,398.589996,,,,,,-2.1769,pending,,2026-06-26T04:16:54+00:00
trackb_cont_UNH_20260612,406.679993,,,,,417.579987,398.589996,,,,,,-1.7162,pending,,2026-06-26T04:16:54+00:00
trackb_cont_UNH_20260616,405.799988,,,,,417.579987,398.589996,,,,,,-3.3229,pending,,2026-06-26T04:16:54+00:00
trackb_cont_UNH_20260617,415.529999,,,,,417.579987,398.589996,,,,,,-3.3229,pending,,2026-06-26T04:16:54+00:00
trackb_cont_UNIT_20260612,11.2,,,,,12.938,11.03,,,,,,-11.901,pending,,2026-06-26T04:17:28+00:00
trackb_cont_UNIT_20260616,11.32,,,,,12.77,11.03,,,,,,-13.2521,pending,,2026-06-26T04:17:28+00:00
trackb_cont_UNIT_20260617,11.46,,,,,12.4,11.03,,,,,,-13.2521,pending,,2026-06-26T04:17:28+00:00
trackb_cont_UNIT_20260618,,,,,,11.845,11.03,,,,,,-13.2521,pending,,2026-06-26T04:17:28+00:00
trackb_cont_UNIT_20260619,,,,,,11.63,11.03,,,,,,-13.2521,pending,,2026-06-26T04:17:28+00:00
trackb_cont_UNM_20260603,90.68,91.620003,,,,93.220001,82.610001,,,,,,-0.6554,pending,,2026-06-26T04:15:49+00:00
trackb_cont_UNM_20260604,91.709999,89.980003,,,,93.220001,84.239998,,,,,,1.3048,pending,,2026-06-26T04:15:49+00:00
trackb_cont_UNM_20260605,92.730003,90.580002,,,,93.220001,85.32,,,,,,2.6036,pending,,2026-06-26T04:15:49+00:00
trackb_cont_UNM_20260608,91.82,91.339996,,,,93.220001,86.010002,,,,,,3.4333,pending,,2026-06-26T04:15:49+00:00
trackb_cont_UNM_20260611,89.980003,,,,,93.220001,87.480003,,,,,,-3.5289,pending,,2026-06-26T04:15:49+00:00
trackb_cont_UNM_20260616,88.650002,,,,,92.889999,87.480003,,,,,,-5.3452,pending,,2026-06-26T04:15:49+00:00
trackb_cont_UNM_20260617,88.919998,,,,,92.720001,87.480003,,,,,,-5.3452,pending,,2026-06-26T04:15:49+00:00
trackb_cont_UNM_20260618,,,,,,92.57,87.480003,,,,,,-5.3452,pending,,2026-06-26T04:15:49+00:00
trackb_cont_UNM_20260619,,,,,,91.470001,87.480003,,,,,,-5.3452,pending,,2026-06-26T04:15:49+00:00
trackb_cont_UNM_20260622,,,,,,91.470001,87.480003,,,,,,-2.7784,pending,,2026-06-26T04:15:49+00:00
trackb_cont_UNM_20260623,,,,,,91.470001,87.480003,,,,,,-2.7784,pending,,2026-06-26T04:15:49+00:00
trackb_cont_UPST_20260603,30.299999,30.459999,,,,34.02,29.139999,,,,,,-3.382,pending,,2026-06-26T04:16:21+00:00
trackb_cont_UPST_20260604,31.790001,32.43,,,,34.02,29.139999,,,,,,-3.382,pending,,2026-06-26T04:16:21+00:00
trackb_cont_UPST_20260605,30.5,31.32,,,,34.02,29.139999,,,,,,-3.382,pending,,2026-06-26T04:16:21+00:00
trackb_cont_UPST_20260608,32.360001,31.459999,,,,34.02,29.25,,,,,,-3.0172,pending,,2026-06-26T04:16:21+00:00
trackb_cont_UPS_20260603,103.260002,105.129997,,,,111.220001,102.830002,,,,,,-6.8822,pending,,2026-06-26T04:15:13+00:00
trackb_cont_UPS_20260604,108.650002,104.860001,,,,111.220001,102.830002,,,,,,-6.8822,pending,,2026-06-26T04:15:13+00:00
trackb_cont_UPS_20260605,108.099998,107.239998,,,,110.830002,102.830002,,,,,,-6.8822,pending,,2026-06-26T04:15:13+00:00
trackb_cont_UPS_20260608,108.830002,105.830002,,,,110.830002,102.830002,,,,,,-5.2607,pending,,2026-06-26T04:15:13+00:00
trackb_cont_UPS_20260616,106.139999,,,,,110.830002,102.849998,,,,,,-5.2379,pending,,2026-06-26T04:15:13+00:00
trackb_cont_UPS_20260617,109.309998,,,,,110.010002,102.849998,,,,,,-5.2379,pending,,2026-06-26T04:15:13+00:00
trackb_cont_UPS_20260618,,,,,,109.400002,102.849998,,,,,,-5.2379,pending,,2026-06-26T04:15:13+00:00
trackb_cont_UPS_20260619,,,,,,109.400002,102.849998,,,,,,-5.2379,pending,,2026-06-26T04:15:13+00:00
trackb_cont_URBN_20260611,76.419998,,,,,79.419998,70.730003,,,,,,-2.6964,pending,,2026-06-26T04:17:24+00:00
trackb_cont_URBN_20260615,71.0,,,,,78.860001,70.730003,,,,,,-9.1866,pending,,2026-06-26T04:17:24+00:00
trackb_cont_URBN_20260616,72.32,,,,,78.860001,70.730003,,,,,,-9.1458,pending,,2026-06-26T04:17:24+00:00
trackb_cont_URBN_20260617,71.370003,,,,,77.07,70.730003,,,,,,-9.1458,pending,,2026-06-26T04:17:24+00:00
trackb_cont_URBN_20260618,,,,,,77.059998,70.730003,,,,,,-2.401,pending,,2026-06-26T04:17:24+00:00
trackb_cont_URBN_20260619,,,,,,75.849998,70.730003,,,,,,-2.401,pending,,2026-06-26T04:17:24+00:00
trackb_cont_URBN_20260622,,,,,,75.849998,70.730003,,,,,,-2.401,pending,,2026-06-26T04:17:24+00:00
trackb_cont_URG_20260603,1.47,1.55,,,,2.09,1.3,,,,,,-32.1149,pending,,2026-06-26T04:15:07+00:00
trackb_cont_URG_20260604,1.57,1.5,,,,1.99,1.3,,,,,,-32.1149,pending,,2026-06-26T04:15:07+00:00
trackb_cont_URG_20260605,1.57,1.43,,,,1.94,1.3,,,,,,-32.1149,pending,,2026-06-26T04:15:07+00:00
trackb_cont_URI_20260603,1056.349976,1048.969971,,,,1143.689941,995.869995,,,,,,-3.3624,pending,,2026-06-26T04:15:53+00:00
trackb_cont_URI_20260604,1068.48999,1076.810059,,,,1143.689941,1045.920044,,,,,,1.4944,pending,,2026-06-26T04:15:53+00:00
trackb_cont_URI_20260605,1074.23999,1092.680054,,,,1143.689941,1045.920044,,,,,,1.4944,pending,,2026-06-26T04:15:53+00:00
trackb_cont_URI_20260608,1084.01001,1063.140015,,,,1143.689941,1045.920044,,,,,,-2.0463,pending,,2026-06-26T04:15:53+00:00
trackb_cont_URI_20260616,1083.719971,,,,,1143.689941,1048.709961,,,,,,-3.644,pending,,2026-06-26T04:15:53+00:00
trackb_cont_URI_20260617,1139.51001,,,,,1143.689941,1048.709961,,,,,,-3.644,pending,,2026-06-26T04:15:53+00:00
trackb_cont_URI_20260618,,,,,,1143.689941,1055.699951,,,,,,-3.0017,pending,,2026-06-26T04:15:53+00:00
trackb_cont_URI_20260619,,,,,,1143.689941,1055.699951,,,,,,-3.0017,pending,,2026-06-26T04:15:53+00:00
trackb_cont_URI_20260623,,,,,,1143.689941,1055.699951,,,,,,-3.3844,pending,,2026-06-26T04:15:53+00:00
trackb_cont_URI_20260624,,,,,,1143.689941,1065.819946,,,,,,-2.4582,pending,,2026-06-26T04:15:53+00:00
trackb_cont_URI_20260625,,,,,,1143.689941,1090.630005,,,,,,-0.1876,pending,,2026-06-26T04:15:53+00:00
trackb_cont_USAR_20260603,20.33,23.549999,,,,32.799999,19.885,,,,,,-29.6977,pending,,2026-06-26T04:15:07+00:00
trackb_cont_USAR_20260604,22.559999,24.639999,,,,27.48,19.885,,,,,,-29.6977,pending,,2026-06-26T04:15:07+00:00
trackb_cont_USAR_20260605,21.99,24.120001,,,,26.07,19.885,,,,,,-29.6977,pending,,2026-06-26T04:15:07+00:00
trackb_cont_USB_20260610,57.91,61.209999,,,,61.880001,55.799999,,,,,,0.813,pending,,2026-06-26T04:17:07+00:00
trackb_cont_USB_20260612,58.68,,,,,61.880001,57.41,,,,,,-0.3817,pending,,2026-06-26T04:17:07+00:00
trackb_cont_USB_20260615,60.049999,,,,,61.880001,57.41,,,,,,-3.04,pending,,2026-06-26T04:17:07+00:00
trackb_cont_USB_20260616,60.110001,,,,,61.880001,57.41,,,,,,-1.2641,pending,,2026-06-26T04:17:07+00:00
trackb_cont_USB_20260617,61.209999,,,,,61.880001,57.41,,,,,,-1.2641,pending,,2026-06-26T04:17:07+00:00
trackb_cont_USB_20260618,,,,,,61.880001,57.549999,,,,,,-1.0233,pending,,2026-06-26T04:17:07+00:00
trackb_cont_USB_20260619,,,,,,61.880001,58.25,,,,,,0.1806,pending,,2026-06-26T04:17:07+00:00
trackb_cont_USFD_20260611,91.910004,,,,,98.894997,89.790001,,,,,,-0.4325,pending,,2026-06-26T04:17:17+00:00
trackb_cont_USFD_20260616,95.349998,,,,,98.894997,91.260002,,,,,,-2.8115,pending,,2026-06-26T04:17:17+00:00
trackb_cont_USFD_20260617,96.220001,,,,,98.894997,91.260002,,,,,,-2.8115,pending,,2026-06-26T04:17:17+00:00
trackb_cont_USFD_20260618,,,,,,98.894997,91.260002,,,,,,-2.8115,pending,,2026-06-26T04:17:17+00:00
trackb_cont_USFD_20260619,,,,,,98.894997,91.260002,,,,,,-2.8115,pending,,2026-06-26T04:17:17+00:00
trackb_cont_USFD_20260623,,,,,,98.894997,92.089996,,,,,,-0.7223,pending,,2026-06-26T04:17:17+00:00
trackb_cont_USFD_20260624,,,,,,98.894997,93.150002,,,,,,0.4204,pending,,2026-06-26T04:17:17+00:00
trackb_cont_USFD_20260625,,,,,,98.894997,95.830002,,,,,,3.3096,pending,,2026-06-26T04:17:17+00:00
trackb_cont_UTI_20260603,39.75,38.75,,,,45.740002,36.119999,,,,,,-17.0797,pending,,2026-06-26T04:14:49+00:00
trackb_cont_UTI_20260604,40.779999,40.349998,,,,45.740002,36.119999,,,,,,-17.0797,pending,,2026-06-26T04:14:49+00:00
trackb_cont_UTI_20260605,39.139999,40.02,,,,45.02,36.119999,,,,,,-17.0797,pending,,2026-06-26T04:14:49+00:00
trackb_cont_UTI_20260608,36.700001,39.75,,,,44.389999,36.119999,,,,,,-17.0989,pending,,2026-06-26T04:14:49+00:00
trackb_cont_UTI_20260609,38.450001,39.369999,,,,41.540001,36.119999,,,,,,-15.9218,pending,,2026-06-26T04:14:49+00:00
trackb_cont_UVV_20260603,54.330002,52.810001,,,,54.509998,51.41,,,,,,-4.3001,pending,,2026-06-26T04:15:40+00:00
trackb_cont_UVV_20260604,53.259998,52.16,,,,54.509998,51.41,,,,,,-4.3001,pending,,2026-06-26T04:15:40+00:00
trackb_cont_UVV_20260605,53.93,51.509998,,,,54.509998,51.41,,,,,,-4.3001,pending,,2026-06-26T04:15:40+00:00
trackb_cont_UVV_20260609,53.630001,52.84,,,,54.509998,51.41,,,,,,-2.5403,pending,,2026-06-26T04:15:40+00:00
trackb_cont_UVV_20260610,52.810001,53.169998,,,,54.509998,51.41,,,,,,-2.5403,pending,,2026-06-26T04:15:40+00:00
trackb_cont_UVV_20260616,52.84,,,,,54.389999,51.41,,,,,,-3.3101,pending,,2026-06-26T04:15:40+00:00
trackb_cont_UVV_20260617,53.169998,,,,,53.619999,51.41,,,,,,-3.3101,pending,,2026-06-26T04:15:40+00:00
trackb_cont_UVV_20260618,,,,,,53.490002,51.41,,,,,,-3.3101,pending,,2026-06-26T04:15:40+00:00
trackb_cont_UVV_20260619,,,,,,53.490002,51.41,,,,,,-3.3101,pending,,2026-06-26T04:15:40+00:00
trackb_cont_U_20260603,26.66,26.469999,,,,31.4,25.57,,,,,,-12.4165,pending,,2026-06-26T04:16:07+00:00
trackb_cont_U_20260604,26.709999,27.48,,,,31.4,25.57,,,,,,-12.4165,pending,,2026-06-26T04:16:07+00:00
trackb_cont_U_20260605,27.24,27.139999,,,,31.4,25.57,,,,,,-12.4165,pending,,2026-06-26T04:16:07+00:00
trackb_cont_U_20260608,28.49,27.610001,,,,29.889999,25.57,,,,,,-12.4165,pending,,2026-06-26T04:16:07+00:00
trackb_cont_VAC_20260603,87.730003,93.959999,,,,102.0,84.510002,,,,,,-0.2832,pending,,2026-06-26T04:15:09+00:00
trackb_cont_VAC_20260604,92.870003,97.970001,,,,102.0,85.75,,,,,,1.1799,pending,,2026-06-26T04:15:09+00:00
trackb_cont_VAC_20260605,93.379997,95.709999,,,,102.0,86.629997,,,,,,2.2183,pending,,2026-06-26T04:15:09+00:00
trackb_cont_VAC_20260608,95.32,97.510002,,,,102.0,86.970001,,,,,,-2.816,pending,,2026-06-26T04:15:09+00:00
trackb_cont_VAC_20260615,97.510002,,,,,102.0,93.07,,,,,,-3.7738,pending,,2026-06-26T04:15:09+00:00
trackb_cont_VAC_20260616,99.150002,,,,,102.0,93.07,,,,,,-2.8345,pending,,2026-06-26T04:15:09+00:00
trackb_cont_VAC_20260617,98.730003,,,,,102.0,93.07,,,,,,-2.8345,pending,,2026-06-26T04:15:09+00:00
trackb_cont_VAC_20260618,,,,,,102.0,94.169998,,,,,,-0.8737,pending,,2026-06-26T04:15:09+00:00
trackb_cont_VAC_20260619,,,,,,102.0,94.169998,,,,,,-0.8737,pending,,2026-06-26T04:15:09+00:00
trackb_cont_VAC_20260622,,,,,,102.0,94.169998,,,,,,-3.8787,pending,,2026-06-26T04:15:09+00:00
trackb_cont_VAC_20260623,,,,,,102.0,94.169998,,,,,,-3.8787,pending,,2026-06-26T04:15:09+00:00
trackb_cont_VAC_20260625,,,,,,102.0,96.730003,,,,,,-2.4407,pending,,2026-06-26T04:15:09+00:00
trackb_cont_VC_20260603,117.699997,110.400002,,,,126.949997,108.75,,,,,,-11.9647,pending,,2026-06-26T04:14:58+00:00
trackb_cont_VC_20260604,120.050003,113.809998,,,,126.949997,108.75,,,,,,-11.9647,pending,,2026-06-26T04:14:58+00:00
trackb_cont_VC_20260605,118.440002,120.0,,,,126.949997,108.75,,,,,,-11.9647,pending,,2026-06-26T04:14:58+00:00
trackb_cont_VC_20260608,116.889999,115.82,,,,126.949997,108.75,,,,,,-11.9647,pending,,2026-06-26T04:14:58+00:00
trackb_cont_VECO_20260603,65.940002,75.779999,,,,86.629997,57.810001,,,,,,-4.3672,pending,,2026-06-26T04:16:22+00:00
trackb_cont_VECO_20260604,71.550003,79.650002,,,,86.629997,57.810001,,,,,,-4.3672,pending,,2026-06-26T04:16:22+00:00
trackb_cont_VECO_20260605,77.480003,77.459999,,,,86.629997,57.810001,,,,,,-4.3672,pending,,2026-06-26T04:16:22+00:00
trackb_cont_VECO_20260608,83.040001,74.839996,,,,86.629997,58.799999,,,,,,-2.7295,pending,,2026-06-26T04:16:22+00:00
trackb_cont_VECO_20260616,71.160004,,,,,84.160004,69.360001,,,,,,-19.269,pending,,2026-06-26T04:16:22+00:00
trackb_cont_VECO_20260617,75.449997,,,,,81.82,69.360001,,,,,,-19.269,pending,,2026-06-26T04:16:22+00:00
trackb_cont_VECO_20260618,,,,,,81.82,69.360001,,,,,,-19.269,pending,,2026-06-26T04:16:22+00:00
trackb_cont_VECO_20260619,,,,,,81.0,69.360001,,,,,,-19.269,pending,,2026-06-26T04:16:22+00:00
trackb_cont_VEEV_20260603,163.759995,154.850006,,,,185.630005,150.389999,,,,,,-14.699,pending,,2026-06-26T04:16:05+00:00
trackb_cont_VEEV_20260604,161.550003,153.300003,,,,185.630005,150.389999,,,,,,-14.699,pending,,2026-06-26T04:16:05+00:00
trackb_cont_VEEV_20260605,159.539993,153.160004,,,,181.75,150.389999,,,,,,-14.699,pending,,2026-06-26T04:16:05+00:00
trackb_cont_VEEV_20260608,162.169998,159.710007,,,,172.679993,150.389999,,,,,,-14.699,pending,,2026-06-26T04:16:05+00:00
trackb_cont_VELO_20260603,22.68,25.559999,,,,31.75,14.72,,,,,,-27.2727,pending,,2026-06-26T04:16:27+00:00
trackb_cont_VELO_20260604,30.610001,29.860001,,,,31.75,14.72,,,,,,-27.2727,pending,,2026-06-26T04:16:27+00:00
trackb_cont_VELO_20260605,25.5,24.309999,,,,31.75,14.72,,,,,,-27.2727,pending,,2026-06-26T04:16:27+00:00
trackb_cont_VGZ_20260603,2.11,2.38,,,,2.66,1.88,,,,,,-18.7905,pending,,2026-06-26T04:16:01+00:00
trackb_cont_VGZ_20260604,2.2,2.39,,,,2.66,1.88,,,,,,-18.7905,pending,,2026-06-26T04:16:01+00:00
trackb_cont_VGZ_20260605,2.34,2.3,,,,2.66,1.88,,,,,,-18.7905,pending,,2026-06-26T04:16:01+00:00
trackb_cont_VGZ_20260608,2.49,2.08,,,,2.66,1.88,,,,,,-13.3641,pending,,2026-06-26T04:16:01+00:00
trackb_cont_VIAV_20260608,54.049999,49.970001,,,,57.5,44.259998,,,,,,-6.9386,pending,,2026-06-26T04:16:47+00:00
trackb_cont_VIAV_20260615,49.970001,,,,,57.5,46.720001,,,,,,-18.0782,pending,,2026-06-26T04:16:47+00:00
trackb_cont_VIAV_20260616,49.41,,,,,54.389999,46.720001,,,,,,-12.6321,pending,,2026-06-26T04:16:47+00:00
trackb_cont_VIAV_20260617,50.439999,,,,,53.099998,46.720001,,,,,,-12.6321,pending,,2026-06-26T04:16:47+00:00
trackb_cont_VIAV_20260618,,,,,,53.099998,46.720001,,,,,,-12.6321,pending,,2026-06-26T04:16:47+00:00
trackb_cont_VIAV_20260619,,,,,,53.099998,47.400002,,,,,,-11.3604,pending,,2026-06-26T04:16:47+00:00
trackb_cont_VICI_20260616,26.719999,,,,,28.309999,26.075001,,,,,,-6.9913,pending,,2026-06-26T04:18:03+00:00
trackb_cont_VICI_20260617,26.530001,,,,,27.9,26.075001,,,,,,-6.9913,pending,,2026-06-26T04:18:03+00:00
trackb_cont_VICI_20260618,,,,,,27.110001,26.075001,,,,,,-6.9913,pending,,2026-06-26T04:18:03+00:00
trackb_cont_VICI_20260619,,,,,,27.110001,26.075001,,,,,,-6.9913,pending,,2026-06-26T04:18:03+00:00
trackb_cont_VICR_20260603,275.51001,325.170013,,,,369.399994,258.910004,,,,,,-20.8831,pending,,2026-06-26T04:16:02+00:00
trackb_cont_VICR_20260604,298.059998,331.369995,,,,369.399994,258.910004,,,,,,-20.8831,pending,,2026-06-26T04:16:02+00:00
trackb_cont_VICR_20260605,303.769989,365.529999,,,,369.399994,258.910004,,,,,,-20.8831,pending,,2026-06-26T04:16:02+00:00
trackb_cont_VICR_20260608,322.410004,336.119995,,,,369.399994,258.910004,,,,,,-20.8831,pending,,2026-06-26T04:16:02+00:00
trackb_cont_VISN_20260603,12.07,12.57,,,,13.039,11.561,,,,,,-5.2377,pending,,2026-06-26T04:15:44+00:00
trackb_cont_VISN_20260604,12.65,12.66,,,,13.039,11.561,,,,,,-5.2377,pending,,2026-06-26T04:15:44+00:00
trackb_cont_VISN_20260605,12.66,12.88,,,,13.039,11.561,,,,,,-5.2377,pending,,2026-06-26T04:15:44+00:00
trackb_cont_VISN_20260608,12.76,12.5,,,,13.039,11.561,,,,,,-1.6085,pending,,2026-06-26T04:15:44+00:00
trackb_cont_VISN_20260616,12.55,,,,,13.01,12.31,,,,,,-3.2993,pending,,2026-06-26T04:15:44+00:00
trackb_cont_VISN_20260617,12.62,,,,,13.01,12.31,,,,,,-3.2993,pending,,2026-06-26T04:15:44+00:00
trackb_cont_VISN_20260618,,,,,,13.01,12.31,,,,,,-3.9032,pending,,2026-06-26T04:15:44+00:00
trackb_cont_VISN_20260619,,,,,,13.01,12.31,,,,,,-3.9032,pending,,2026-06-26T04:15:44+00:00
trackb_cont_VISN_20260622,,,,,,13.01,12.31,,,,,,-3.9032,pending,,2026-06-26T04:15:44+00:00
trackb_cont_VISN_20260623,,,,,,12.87,12.31,,,,,,-3.9032,pending,,2026-06-26T04:15:44+00:00
trackb_cont_VLO_20260603,257.98999,239.770004,,,,265.609985,232.720001,,,,,,-11.8117,pending,,2026-06-26T04:15:23+00:00
trackb_cont_VLO_20260604,255.600006,236.300003,,,,264.160004,232.720001,,,,,,-11.8117,pending,,2026-06-26T04:15:23+00:00
trackb_cont_VLO_20260605,258.670013,243.779999,,,,264.160004,232.720001,,,,,,-11.8117,pending,,2026-06-26T04:15:23+00:00
trackb_cont_VLO_20260608,247.160004,243.679993,,,,264.160004,232.720001,,,,,,-11.8117,pending,,2026-06-26T04:15:23+00:00
trackb_cont_VLO_20260609,244.130005,242.429993,,,,264.160004,232.720001,,,,,,-9.9346,pending,,2026-06-26T04:15:23+00:00
trackb_cont_VLO_20260616,242.429993,,,,,255.740005,232.720001,,,,,,-5.928,pending,,2026-06-26T04:15:23+00:00
trackb_cont_VLO_20260617,255.059998,,,,,255.740005,232.720001,,,,,,-5.928,pending,,2026-06-26T04:15:23+00:00
trackb_cont_VLO_20260618,,,,,,255.740005,232.720001,,,,,,-5.928,pending,,2026-06-26T04:15:23+00:00
trackb_cont_VLO_20260619,,,,,,255.740005,233.949997,,,,,,-5.4308,pending,,2026-06-26T04:15:23+00:00
trackb_cont_VLY_20260603,14.16,13.91,,,,14.94,13.38,,,,,,-1.3274,pending,,2026-06-26T04:15:08+00:00
trackb_cont_VLY_20260604,14.41,14.09,,,,14.94,13.58,,,,,,0.1475,pending,,2026-06-26T04:15:08+00:00
trackb_cont_VLY_20260605,14.63,14.24,,,,14.94,13.67,,,,,,0.8112,pending,,2026-06-26T04:15:08+00:00
trackb_cont_VLY_20260608,14.29,14.38,,,,14.94,13.67,,,,,,0.8112,pending,,2026-06-26T04:15:08+00:00
trackb_cont_VLY_20260611,14.09,,,,,14.94,13.67,,,,,,-3.4605,pending,,2026-06-26T04:15:08+00:00
trackb_cont_VLY_20260612,14.24,,,,,14.94,13.67,,,,,,-5.1353,pending,,2026-06-26T04:15:08+00:00
trackb_cont_VLY_20260616,14.61,,,,,14.94,13.67,,,,,,-5.0035,pending,,2026-06-26T04:15:08+00:00
trackb_cont_VLY_20260617,14.78,,,,,14.94,13.67,,,,,,-5.0035,pending,,2026-06-26T04:15:08+00:00
trackb_cont_VLY_20260618,,,,,,14.94,13.67,,,,,,-5.0035,pending,,2026-06-26T04:15:08+00:00
trackb_cont_VLY_20260619,,,,,,14.94,14.06,,,,,,-2.2933,pending,,2026-06-26T04:15:08+00:00
trackb_cont_VMC_20260616,307.290009,,,,,321.160004,293.0,,,,,,-0.3977,pending,,2026-06-26T04:17:06+00:00
trackb_cont_VMC_20260617,312.970001,,,,,321.160004,293.0,,,,,,-0.3977,pending,,2026-06-26T04:17:06+00:00
trackb_cont_VMC_20260618,,,,,,321.160004,296.679993,,,,,,0.8533,pending,,2026-06-26T04:17:06+00:00
trackb_cont_VMC_20260619,,,,,,321.160004,298.570007,,,,,,1.4958,pending,,2026-06-26T04:17:06+00:00
trackb_cont_VMC_20260625,,,,,,321.160004,309.059998,,,,,,0.576,pending,,2026-06-26T04:17:06+00:00
trackb_cont_VMI_20260603,512.25,565.309998,,,,585.710022,511.230011,,,,,,-6.1757,pending,,2026-06-26T04:14:53+00:00
trackb_cont_VMI_20260604,528.559998,570.309998,,,,585.710022,511.230011,,,,,,-6.1757,pending,,2026-06-26T04:14:53+00:00
trackb_cont_VMI_20260605,546.809998,583.0,,,,585.710022,511.230011,,,,,,-6.1757,pending,,2026-06-26T04:14:53+00:00
trackb_cont_VMI_20260608,540.619995,568.700012,,,,585.710022,511.230011,,,,,,-4.2282,pending,,2026-06-26T04:14:53+00:00
trackb_cont_VMI_20260609,556.51001,563.409973,,,,585.710022,511.230011,,,,,,-4.5572,pending,,2026-06-26T04:14:53+00:00
trackb_cont_VMI_20260611,570.309998,,,,,585.710022,512.140015,,,,,,-0.0215,pending,,2026-06-26T04:14:53+00:00
trackb_cont_VMI_20260615,568.700012,,,,,585.710022,538.679993,,,,,,-3.407,pending,,2026-06-26T04:14:53+00:00
trackb_cont_VMI_20260616,563.409973,,,,,585.710022,547.440002,,,,,,-0.2078,pending,,2026-06-26T04:14:53+00:00
trackb_cont_VMI_20260617,583.549988,,,,,585.710022,550.940002,,,,,,0.4302,pending,,2026-06-26T04:14:53+00:00
trackb_cont_VMI_20260618,,,,,,585.710022,550.940002,,,,,,0.4302,pending,,2026-06-26T04:14:53+00:00
trackb_cont_VMI_20260619,,,,,,585.710022,550.940002,,,,,,0.4302,pending,,2026-06-26T04:14:53+00:00
trackb_cont_VMI_20260622,,,,,,585.710022,550.940002,,,,,,-3.3964,pending,,2026-06-26T04:14:53+00:00
trackb_cont_VMI_20260623,,,,,,585.710022,550.940002,,,,,,-3.3964,pending,,2026-06-26T04:14:53+00:00
trackb_cont_VNCE_20260622,,,,,,8.2,6.56,,,,,,-7.6056,pending,,2026-06-26T04:18:44+00:00
trackb_cont_VNCE_20260623,,,,,,8.2,6.56,,,,,,-2.8148,pending,,2026-06-26T04:18:44+00:00
trackb_cont_VNCE_20260624,,,,,,8.2,6.82,,,,,,1.037,pending,,2026-06-26T04:18:44+00:00
trackb_cont_VNO_20260603,38.279999,36.459999,,,,39.27,33.5,,,,,,-0.2976,pending,,2026-06-26T04:14:49+00:00
trackb_cont_VNO_20260604,38.970001,37.810001,,,,39.27,33.900002,,,,,,0.8929,pending,,2026-06-26T04:14:49+00:00
trackb_cont_VNO_20260605,38.27,37.580002,,,,39.27,34.549999,,,,,,2.8274,pending,,2026-06-26T04:14:49+00:00
trackb_cont_VNO_20260608,38.330002,37.650002,,,,39.27,35.380001,,,,,,0.4828,pending,,2026-06-26T04:14:49+00:00
trackb_cont_VNO_20260609,37.82,37.98,,,,39.27,36.310001,,,,,,0.3039,pending,,2026-06-26T04:14:49+00:00
trackb_cont_VNO_20260612,37.580002,,,,,39.16,36.310001,,,,,,-6.8258,pending,,2026-06-26T04:14:49+00:00
trackb_cont_VNO_20260616,37.98,,,,,38.66,36.310001,,,,,,-5.7862,pending,,2026-06-26T04:14:49+00:00
trackb_cont_VNO_20260617,38.080002,,,,,38.360001,36.310001,,,,,,-5.7862,pending,,2026-06-26T04:14:49+00:00
trackb_cont_VNO_20260618,,,,,,38.360001,37.209999,,,,,,-3.451,pending,,2026-06-26T04:14:49+00:00
trackb_cont_VNO_20260619,,,,,,38.360001,37.290001,,,,,,-3.2434,pending,,2026-06-26T04:14:49+00:00
trackb_cont_VPG_20260603,122.25,133.449997,,,,148.389999,112.389999,,,,,,-13.9104,pending,,2026-06-26T04:14:54+00:00
trackb_cont_VPG_20260604,141.699997,141.339996,,,,148.389999,112.389999,,,,,,-13.9104,pending,,2026-06-26T04:14:54+00:00
trackb_cont_VPG_20260605,139.520004,140.919998,,,,148.389999,112.389999,,,,,,-13.9104,pending,,2026-06-26T04:14:54+00:00
trackb_cont_VPG_20260608,146.029999,134.169998,,,,148.389999,112.389999,,,,,,-4.3571,pending,,2026-06-26T04:14:54+00:00
trackb_cont_VPG_20260609,138.440002,133.389999,,,,148.389999,112.389999,,,,,,-6.3104,pending,,2026-06-26T04:14:54+00:00
trackb_cont_VPG_20260610,133.449997,134.020004,,,,148.389999,118.519997,,,,,,-1.2004,pending,,2026-06-26T04:14:54+00:00
trackb_cont_VPG_20260615,134.169998,,,,,148.389999,127.449997,,,,,,-13.0983,pending,,2026-06-26T04:14:54+00:00
trackb_cont_VPG_20260616,133.389999,,,,,147.960007,127.449997,,,,,,-12.5017,pending,,2026-06-26T04:14:54+00:00
trackb_cont_VPG_20260617,134.020004,,,,,145.899994,127.449997,,,,,,-12.5017,pending,,2026-06-26T04:14:54+00:00
trackb_cont_VPG_20260618,,,,,,145.899994,127.449997,,,,,,-12.5017,pending,,2026-06-26T04:14:54+00:00
trackb_cont_VPG_20260619,,,,,,145.899994,127.449997,,,,,,-12.5017,pending,,2026-06-26T04:14:54+00:00
trackb_cont_VPG_20260622,,,,,,145.899994,127.449997,,,,,,-9.8274,pending,,2026-06-26T04:14:54+00:00
trackb_cont_VPG_20260623,,,,,,138.869995,127.449997,,,,,,-9.8274,pending,,2026-06-26T04:14:54+00:00
trackb_cont_VRSK_20260603,183.130005,175.350006,,,,185.270004,168.179993,,,,,,-5.4956,pending,,2026-06-26T04:15:49+00:00
trackb_cont_VRSK_20260604,182.0,173.800003,,,,185.270004,168.179993,,,,,,-5.4956,pending,,2026-06-26T04:15:49+00:00
trackb_cont_VRSK_20260605,183.800003,168.990005,,,,185.270004,168.179993,,,,,,-5.4956,pending,,2026-06-26T04:15:49+00:00
trackb_cont_VRSK_20260608,180.460007,174.759995,,,,185.270004,168.179993,,,,,,-5.4956,pending,,2026-06-26T04:15:49+00:00
trackb_cont_VRSK_20260610,175.350006,177.039993,,,,185.270004,168.179993,,,,,,-6.0289,pending,,2026-06-26T04:15:49+00:00
trackb_cont_VRSK_20260612,168.990005,,,,,184.550003,168.179993,,,,,,-7.5934,pending,,2026-06-26T04:15:49+00:00
trackb_cont_VRSK_20260616,180.059998,,,,,182.279999,168.179993,,,,,,-7.7859,pending,,2026-06-26T04:15:49+00:00
trackb_cont_VRSK_20260617,177.039993,,,,,182.279999,168.179993,,,,,,-7.7859,pending,,2026-06-26T04:15:49+00:00
trackb_cont_VRSK_20260618,,,,,,182.279999,168.179993,,,,,,-7.7859,pending,,2026-06-26T04:15:49+00:00
trackb_cont_VRSK_20260619,,,,,,182.279999,168.179993,,,,,,-7.7859,pending,,2026-06-26T04:15:49+00:00
trackb_cont_VRTX_20260609,453.170013,475.200012,,,,486.48999,433.799988,,,,,,-2.0679,pending,,2026-06-26T04:16:59+00:00
trackb_cont_VRTX_20260611,451.630005,,,,,486.48999,435.209991,,,,,,-0.1148,pending,,2026-06-26T04:16:59+00:00
trackb_cont_VSTS_20260603,13.02,12.8,,,,14.04,12.17,,,,,,-7.5228,pending,,2026-06-26T04:14:51+00:00
trackb_cont_VSTS_20260604,13.31,12.88,,,,14.04,12.17,,,,,,-7.5228,pending,,2026-06-26T04:14:51+00:00
trackb_cont_VSTS_20260605,13.19,13.11,,,,14.04,12.17,,,,,,-7.5228,pending,,2026-06-26T04:14:51+00:00
trackb_cont_VSTS_20260608,13.14,13.2,,,,14.04,12.17,,,,,,-5.2918,pending,,2026-06-26T04:14:51+00:00
trackb_cont_VSTS_20260610,12.8,13.74,,,,14.04,12.17,,,,,,-2.3274,pending,,2026-06-26T04:14:51+00:00
trackb_cont_VSTS_20260612,13.11,,,,,14.04,12.68,,,,,,-4.7333,pending,,2026-06-26T04:14:51+00:00
trackb_cont_VSTS_20260616,13.49,,,,,14.04,12.68,,,,,,-2.8352,pending,,2026-06-26T04:14:51+00:00
trackb_cont_VSTS_20260617,13.74,,,,,14.04,12.68,,,,,,-2.8352,pending,,2026-06-26T04:14:51+00:00
trackb_cont_VSTS_20260618,,,,,,14.04,12.685,,,,,,-2.7969,pending,,2026-06-26T04:14:51+00:00
trackb_cont_VSTS_20260619,,,,,,14.04,12.77,,,,,,-2.1456,pending,,2026-06-26T04:14:51+00:00
trackb_cont_VSTS_20260625,,,,,,14.04,13.555,,,,,,0.4818,pending,,2026-06-26T04:14:51+00:00
trackb_cont_VST_20260618,,,,,,171.350006,159.145004,,,,,,-2.2241,pending,,2026-06-26T04:17:11+00:00
trackb_cont_VST_20260619,,,,,,171.350006,159.145004,,,,,,-2.2241,pending,,2026-06-26T04:17:11+00:00
trackb_cont_VST_20260622,,,,,,171.350006,159.145004,,,,,,-2.8122,pending,,2026-06-26T04:17:11+00:00
trackb_cont_VST_20260623,,,,,,171.350006,159.145004,,,,,,-4.8517,pending,,2026-06-26T04:17:11+00:00
trackb_cont_VST_20260624,,,,,,171.350006,159.880005,,,,,,-4.4123,pending,,2026-06-26T04:17:11+00:00
trackb_cont_VST_20260625,,,,,,171.350006,166.009995,,,,,,1.9279,pending,,2026-06-26T04:17:11+00:00
trackb_cont_VSXY_20260603,74.239998,78.519997,,,,83.919998,72.0,,,,,,-2.3199,pending,,2026-06-26T04:14:49+00:00
trackb_cont_VSXY_20260604,78.779999,81.980003,,,,83.919998,72.279999,,,,,,-1.94,pending,,2026-06-26T04:14:49+00:00
trackb_cont_VSXY_20260605,78.879997,80.57,,,,83.919998,72.279999,,,,,,-1.94,pending,,2026-06-26T04:14:49+00:00
trackb_cont_VSXY_20260608,79.419998,78.760002,,,,83.919998,73.269997,,,,,,-1.7828,pending,,2026-06-26T04:14:49+00:00
trackb_cont_VSXY_20260610,78.519997,83.0,,,,83.919998,73.269997,,,,,,-3.9208,pending,,2026-06-26T04:14:49+00:00
trackb_cont_VSXY_20260616,80.639999,,,,,83.919998,77.599998,,,,,,-2.6959,pending,,2026-06-26T04:14:49+00:00
trackb_cont_VSXY_20260617,83.0,,,,,83.919998,77.599998,,,,,,-2.6959,pending,,2026-06-26T04:14:49+00:00
trackb_cont_VSXY_20260618,,,,,,83.919998,77.599998,,,,,,-2.8178,pending,,2026-06-26T04:14:49+00:00
trackb_cont_VSXY_20260619,,,,,,83.629997,77.599998,,,,,,-2.8178,pending,,2026-06-26T04:14:49+00:00
trackb_cont_VSXY_20260622,,,,,,83.629997,77.599998,,,,,,-5.3428,pending,,2026-06-26T04:14:49+00:00
trackb_cont_VSXY_20260623,,,,,,83.629997,77.599998,,,,,,-3.6862,pending,,2026-06-26T04:14:49+00:00
trackb_cont_VSXY_20260624,,,,,,83.629997,77.82,,,,,,-3.4132,pending,,2026-06-26T04:14:49+00:00
trackb_cont_VSXY_20260625,,,,,,83.629997,78.300003,,,,,,-2.8174,pending,,2026-06-26T04:14:49+00:00
trackb_cont_VVV_20260610,37.439999,39.720001,,,,40.25,36.290001,,,,,,0.304,pending,,2026-06-26T04:17:10+00:00
trackb_cont_VVV_20260615,38.32,,,,,40.25,36.966999,,,,,,-4.9569,pending,,2026-06-26T04:17:10+00:00
trackb_cont_VVV_20260616,39.610001,,,,,40.25,36.966999,,,,,,-3.4804,pending,,2026-06-26T04:17:10+00:00
trackb_cont_VVV_20260617,39.720001,,,,,40.25,36.966999,,,,,,-3.4804,pending,,2026-06-26T04:17:10+00:00
trackb_cont_VVV_20260618,,,,,,40.25,36.966999,,,,,,-3.4804,pending,,2026-06-26T04:17:10+00:00
trackb_cont_VVV_20260619,,,,,,40.25,36.966999,,,,,,-3.4804,pending,,2026-06-26T04:17:10+00:00
trackb_cont_VVV_20260622,,,,,,40.25,36.966999,,,,,,-2.8973,pending,,2026-06-26T04:17:10+00:00
trackb_cont_VVV_20260623,,,,,,40.25,36.966999,,,,,,-1.5264,pending,,2026-06-26T04:17:10+00:00
trackb_cont_VVV_20260624,,,,,,40.25,38.549999,,,,,,2.6905,pending,,2026-06-26T04:17:10+00:00
trackb_cont_VVV_20260625,,,,,,40.25,39.189999,,,,,,4.3953,pending,,2026-06-26T04:17:10+00:00
trackb_cont_VZ_20260616,45.68,,,,,47.400002,45.150002,,,,,,-4.777,pending,,2026-06-26T04:18:01+00:00
trackb_cont_VZ_20260617,46.07,,,,,46.849998,45.150002,,,,,,-4.777,pending,,2026-06-26T04:18:01+00:00
trackb_cont_VZ_20260618,,,,,,46.849998,45.150002,,,,,,-4.777,pending,,2026-06-26T04:18:01+00:00
trackb_cont_VZ_20260619,,,,,,46.849998,45.150002,,,,,,-4.777,pending,,2026-06-26T04:18:01+00:00
trackb_cont_V_20260618,,,,,,339.940002,325.859985,,,,,,-1.6272,pending,,2026-06-26T04:18:34+00:00
trackb_cont_V_20260619,,,,,,339.940002,325.859985,,,,,,-1.6272,pending,,2026-06-26T04:18:34+00:00
trackb_cont_V_20260622,,,,,,339.940002,325.859985,,,,,,-0.4217,pending,,2026-06-26T04:18:34+00:00
trackb_cont_V_20260623,,,,,,339.940002,327.220001,,,,,,-0.0061,pending,,2026-06-26T04:18:34+00:00
trackb_cont_V_20260625,,,,,,339.940002,330.070007,,,,,,-0.6501,pending,,2026-06-26T04:18:34+00:00
trackb_cont_WAB_20260618,,,,,,284.910004,267.299988,,,,,,-1.6773,pending,,2026-06-26T04:18:35+00:00
trackb_cont_WAB_20260619,,,,,,284.910004,267.299988,,,,,,-1.6773,pending,,2026-06-26T04:18:35+00:00
trackb_cont_WAB_20260622,,,,,,284.910004,267.299988,,,,,,-2.3847,pending,,2026-06-26T04:18:35+00:00
trackb_cont_WAB_20260623,,,,,,284.910004,267.299988,,,,,,-2.3847,pending,,2026-06-26T04:18:35+00:00
trackb_cont_WALD_20260603,1.87,1.66,,,,1.925,1.46,,,,,,-17.7465,pending,,2026-06-26T04:15:23+00:00
trackb_cont_WALD_20260604,1.86,1.66,,,,1.925,1.46,,,,,,-17.7465,pending,,2026-06-26T04:15:23+00:00
trackb_cont_WALD_20260605,1.86,1.61,,,,1.925,1.46,,,,,,-17.7465,pending,,2026-06-26T04:15:23+00:00
trackb_cont_WALD_20260608,1.82,1.61,,,,1.925,1.46,,,,,,-15.1163,pending,,2026-06-26T04:15:23+00:00
trackb_cont_WALD_20260612,1.61,,,,,1.91,1.46,,,,,,-21.5054,pending,,2026-06-26T04:15:23+00:00
trackb_cont_WALD_20260615,1.61,,,,,1.9,1.46,,,,,,-21.0811,pending,,2026-06-26T04:15:23+00:00
trackb_cont_WALD_20260616,1.53,,,,,1.861,1.46,,,,,,-14.6199,pending,,2026-06-26T04:15:23+00:00
trackb_cont_WALD_20260617,1.48,,,,,1.729,1.46,,,,,,-14.6199,pending,,2026-06-26T04:15:23+00:00
trackb_cont_WALD_20260618,,,,,,1.7,1.46,,,,,,-14.6199,pending,,2026-06-26T04:15:23+00:00
trackb_cont_WALD_20260619,,,,,,1.655,1.46,,,,,,-14.6199,pending,,2026-06-26T04:15:23+00:00
trackb_cont_WAL_20260611,79.910004,,,,,85.540001,77.379997,,,,,,-5.1367,pending,,2026-06-26T04:17:20+00:00
trackb_cont_WAL_20260612,78.760002,,,,,85.540001,77.379997,,,,,,-6.001,pending,,2026-06-26T04:17:20+00:00
trackb_cont_WAL_20260616,80.290001,,,,,83.089996,77.379997,,,,,,-6.8665,pending,,2026-06-26T04:17:20+00:00
trackb_cont_WAL_20260617,81.480003,,,,,82.400002,77.379997,,,,,,-6.8665,pending,,2026-06-26T04:17:20+00:00
trackb_cont_WATT_20260603,22.92,26.959999,,,,30.5,22.66,,,,,,-22.2108,pending,,2026-06-26T04:15:06+00:00
trackb_cont_WATT_20260604,24.17,25.23,,,,28.98,22.66,,,,,,-22.2108,pending,,2026-06-26T04:15:06+00:00
trackb_cont_WATT_20260605,23.709999,25.790001,,,,28.870001,22.66,,,,,,-22.2108,pending,,2026-06-26T04:15:06+00:00
trackb_cont_WAT_20260603,363.179993,357.0,,,,384.98999,351.769989,,,,,,-6.5982,pending,,2026-06-26T04:16:02+00:00
trackb_cont_WAT_20260604,359.73999,355.440002,,,,384.98999,351.769989,,,,,,-6.5982,pending,,2026-06-26T04:16:02+00:00
trackb_cont_WAT_20260605,355.529999,358.25,,,,380.630005,351.769989,,,,,,-6.5982,pending,,2026-06-26T04:16:02+00:00
trackb_cont_WAT_20260608,357.76001,357.200012,,,,380.630005,351.769989,,,,,,-6.5982,pending,,2026-06-26T04:16:02+00:00
trackb_cont_WBI_20260608,32.27,28.59,,,,36.209999,27.5,,,,,,-6.5897,pending,,2026-06-26T04:16:46+00:00
trackb_cont_WBS_20260615,75.900002,,,,,76.129997,74.230003,,,,,,-0.5493,pending,,2026-06-26T04:17:45+00:00
trackb_cont_WBS_20260616,75.410004,,,,,76.129997,74.779999,,,,,,0.4358,pending,,2026-06-26T04:17:45+00:00
trackb_cont_WBS_20260617,75.519997,,,,,76.129997,75.010002,,,,,,0.7447,pending,,2026-06-26T04:17:45+00:00
trackb_cont_WBS_20260618,,,,,,76.129997,75.330002,,,,,,-0.4329,pending,,2026-06-26T04:17:45+00:00
trackb_cont_WBS_20260619,,,,,,76.129997,75.330002,,,,,,-0.4329,pending,,2026-06-26T04:17:45+00:00
trackb_cont_WBS_20260622,,,,,,76.129997,75.330002,,,,,,-0.3835,pending,,2026-06-26T04:17:45+00:00
trackb_cont_WBS_20260623,,,,,,75.980003,75.330002,,,,,,-0.3835,pending,,2026-06-26T04:17:45+00:00
trackb_cont_WBS_20260625,,,,,,75.790001,75.360001,,,,,,-0.0663,pending,,2026-06-26T04:17:45+00:00
trackb_cont_WCC_20260603,334.190002,351.880005,,,,377.899994,333.209991,,,,,,-10.9457,pending,,2026-06-26T04:15:25+00:00
trackb_cont_WCC_20260604,344.209991,365.359985,,,,371.070007,333.209991,,,,,,-10.9457,pending,,2026-06-26T04:15:25+00:00
trackb_cont_WCC_20260605,346.769989,369.720001,,,,371.070007,333.209991,,,,,,-10.9457,pending,,2026-06-26T04:15:25+00:00
trackb_cont_WCC_20260608,347.790009,353.089996,,,,371.070007,333.209991,,,,,,-5.9552,pending,,2026-06-26T04:15:25+00:00
trackb_cont_WDAY_20260603,137.470001,121.830002,,,,153.479996,111.5,,,,,,-22.7036,pending,,2026-06-26T04:16:00+00:00
trackb_cont_WDAY_20260604,130.529999,116.93,,,,153.479996,111.5,,,,,,-22.7036,pending,,2026-06-26T04:16:00+00:00
trackb_cont_WDAY_20260605,130.800003,113.040001,,,,151.5,111.5,,,,,,-22.7036,pending,,2026-06-26T04:16:00+00:00
trackb_cont_WDAY_20260608,129.600006,115.129997,,,,145.479996,111.5,,,,,,-22.7036,pending,,2026-06-26T04:16:00+00:00
trackb_cont_WDC_20260603,490.089996,712.130005,,,,799.869995,480.869995,,,,,,-19.5298,pending,,2026-06-26T04:15:03+00:00
trackb_cont_WDC_20260604,529.289978,746.22998,,,,799.869995,480.869995,,,,,,-19.5298,pending,,2026-06-26T04:15:03+00:00
trackb_cont_WDC_20260605,562.929993,732.619995,,,,799.869995,480.869995,,,,,,-19.5298,pending,,2026-06-26T04:15:03+00:00
trackb_cont_WDC_20260608,653.530029,670.75,,,,799.869995,480.869995,,,,,,-19.5298,pending,,2026-06-26T04:15:03+00:00
trackb_cont_WDC_20260615,670.75,,,,,799.869995,612.0,,,,,,-4.3645,pending,,2026-06-26T04:15:03+00:00
trackb_cont_WDC_20260616,643.830017,,,,,799.869995,612.409973,,,,,,-5.1049,pending,,2026-06-26T04:15:03+00:00
trackb_cont_WDC_20260617,675.390015,,,,,799.869995,612.409973,,,,,,-5.1049,pending,,2026-06-26T04:15:03+00:00
trackb_cont_WDC_20260618,,,,,,799.869995,612.409973,,,,,,-20.4662,pending,,2026-06-26T04:15:03+00:00
trackb_cont_WDC_20260619,,,,,,779.799988,612.409973,,,,,,-20.4662,pending,,2026-06-26T04:15:03+00:00
trackb_cont_WDC_20260622,,,,,,779.799988,612.409973,,,,,,-20.4662,pending,,2026-06-26T04:15:03+00:00
trackb_cont_WDC_20260623,,,,,,729.0,612.409973,,,,,,-16.4082,pending,,2026-06-26T04:15:03+00:00
trackb_cont_WDC_20260624,,,,,,729.0,612.409973,,,,,,-16.4082,pending,,2026-06-26T04:15:03+00:00
trackb_cont_WDC_20260625,,,,,,729.0,658.5,,,,,,-10.1171,pending,,2026-06-26T04:15:03+00:00
trackb_cont_WD_20260616,53.0,,,,,54.529999,50.43,,,,,,-4.2711,pending,,2026-06-26T04:18:10+00:00
trackb_cont_WD_20260617,53.0,,,,,54.529999,50.43,,,,,,-4.2711,pending,,2026-06-26T04:18:10+00:00
trackb_cont_WEC_20260616,115.610001,,,,,117.519997,111.260002,,,,,,-2.5232,pending,,2026-06-26T04:18:17+00:00
trackb_cont_WEC_20260617,117.07,,,,,117.519997,111.260002,,,,,,-2.5232,pending,,2026-06-26T04:18:17+00:00
trackb_cont_WEC_20260618,,,,,,117.519997,111.260002,,,,,,-1.1374,pending,,2026-06-26T04:18:17+00:00
trackb_cont_WEC_20260619,,,,,,117.519997,111.970001,,,,,,-0.5065,pending,,2026-06-26T04:18:17+00:00
trackb_cont_WELL_20260625,,,,,,224.470001,219.330002,,,,,,-0.9484,pending,,2026-06-26T04:18:43+00:00
trackb_cont_WERN_20260603,42.75,39.880001,,,,45.27,39.68,,,,,,-7.935,pending,,2026-06-26T04:14:47+00:00
trackb_cont_WERN_20260604,43.84,40.689999,,,,45.27,39.68,,,,,,-7.935,pending,,2026-06-26T04:14:47+00:00
trackb_cont_WERN_20260605,43.959999,40.860001,,,,45.27,39.68,,,,,,-7.935,pending,,2026-06-26T04:14:47+00:00
trackb_cont_WERN_20260608,43.07,41.029999,,,,45.27,39.68,,,,,,-8.6977,pending,,2026-06-26T04:14:47+00:00
trackb_cont_WERN_20260610,39.880001,42.200001,,,,44.799999,39.68,,,,,,-10.8515,pending,,2026-06-26T04:14:47+00:00
trackb_cont_WERN_20260616,40.990002,,,,,43.860001,39.68,,,,,,-7.4303,pending,,2026-06-26T04:14:47+00:00
trackb_cont_WERN_20260617,42.200001,,,,,42.459999,39.68,,,,,,-7.4303,pending,,2026-06-26T04:14:47+00:00
trackb_cont_WFC_20260603,81.970001,83.809998,,,,87.080002,77.400002,,,,,,-0.7438,pending,,2026-06-26T04:15:50+00:00
trackb_cont_WFC_20260604,82.400002,82.199997,,,,87.080002,79.720001,,,,,,2.2313,pending,,2026-06-26T04:15:50+00:00
trackb_cont_WFC_20260605,83.730003,83.839996,,,,87.080002,80.830002,,,,,,3.6548,pending,,2026-06-26T04:15:50+00:00
trackb_cont_WFC_20260608,83.139999,84.129997,,,,87.080002,80.830002,,,,,,-1.3546,pending,,2026-06-26T04:15:50+00:00
trackb_cont_WFC_20260609,85.050003,84.300003,,,,87.080002,80.830002,,,,,,-0.1606,pending,,2026-06-26T04:15:50+00:00
trackb_cont_WFC_20260611,82.199997,,,,,87.080002,80.830002,,,,,,-1.3908,pending,,2026-06-26T04:15:50+00:00
trackb_cont_WFC_20260615,84.129997,,,,,87.080002,81.949997,,,,,,-3.1783,pending,,2026-06-26T04:15:50+00:00
trackb_cont_WFC_20260616,84.300003,,,,,87.080002,81.949997,,,,,,-1.8857,pending,,2026-06-26T04:15:50+00:00
trackb_cont_WFC_20260617,84.739998,,,,,87.080002,81.949997,,,,,,-1.8857,pending,,2026-06-26T04:15:50+00:00
trackb_cont_WFC_20260618,,,,,,86.300003,81.949997,,,,,,-1.8857,pending,,2026-06-26T04:15:50+00:00
trackb_cont_WFC_20260619,,,,,,86.300003,82.690002,,,,,,-0.9997,pending,,2026-06-26T04:15:50+00:00
trackb_cont_WFC_20260625,,,,,,86.300003,84.279999,,,,,,-0.0237,pending,,2026-06-26T04:15:50+00:00
trackb_cont_WGS_20260608,61.32,58.080002,,,,68.949997,51.509998,,,,,,-1.3407,pending,,2026-06-26T04:16:28+00:00
trackb_cont_WGS_20260616,63.540001,,,,,68.949997,54.82,,,,,,-10.8618,pending,,2026-06-26T04:16:28+00:00
trackb_cont_WGS_20260617,68.669998,,,,,68.949997,54.82,,,,,,-10.8618,pending,,2026-06-26T04:16:28+00:00
trackb_cont_WGS_20260618,,,,,,68.949997,54.82,,,,,,-2.8359,pending,,2026-06-26T04:16:28+00:00
trackb_cont_WGS_20260619,,,,,,68.949997,54.82,,,,,,-2.8359,pending,,2026-06-26T04:16:28+00:00
trackb_cont_WGS_20260622,,,,,,68.949997,54.82,,,,,,-2.8359,pending,,2026-06-26T04:16:28+00:00
trackb_cont_WGS_20260623,,,,,,68.949997,54.82,,,,,,-1.0826,pending,,2026-06-26T04:16:28+00:00
trackb_cont_WGS_20260624,,,,,,68.949997,58.509998,,,,,,5.5756,pending,,2026-06-26T04:16:28+00:00
trackb_cont_WH_20260618,,,,,,88.0,81.339996,,,,,,-3.7681,pending,,2026-06-26T04:18:34+00:00
trackb_cont_WH_20260619,,,,,,88.0,81.339996,,,,,,-3.7681,pending,,2026-06-26T04:18:34+00:00
trackb_cont_WH_20260622,,,,,,88.0,81.339996,,,,,,-3.7681,pending,,2026-06-26T04:18:34+00:00
trackb_cont_WH_20260623,,,,,,88.0,81.839996,,,,,,-0.2195,pending,,2026-06-26T04:18:34+00:00
trackb_cont_WH_20260624,,,,,,88.0,84.480003,,,,,,2.9993,pending,,2026-06-26T04:18:34+00:00
trackb_cont_WH_20260625,,,,,,87.139999,85.489998,,,,,,4.2307,pending,,2026-06-26T04:18:34+00:00
trackb_cont_WING_20260616,155.789993,,,,,168.139999,148.369995,,,,,,-12.7389,pending,,2026-06-26T04:16:27+00:00
trackb_cont_WING_20260617,165.419998,,,,,165.509995,148.369995,,,,,,-12.7389,pending,,2026-06-26T04:16:27+00:00
trackb_cont_WING_20260618,,,,,,165.509995,149.009995,,,,,,-0.6931,pending,,2026-06-26T04:16:27+00:00
trackb_cont_WING_20260619,,,,,,165.509995,149.380005,,,,,,-0.4465,pending,,2026-06-26T04:16:27+00:00
trackb_cont_WING_20260622,,,,,,165.509995,149.380005,,,,,,-0.4465,pending,,2026-06-26T04:16:27+00:00
trackb_cont_WKC_20260603,31.450001,31.26,,,,32.419998,28.76,,,,,,-1.4731,pending,,2026-06-26T04:16:24+00:00
trackb_cont_WKC_20260604,31.440001,31.120001,,,,32.419998,29.07,,,,,,-0.4111,pending,,2026-06-26T04:16:24+00:00
trackb_cont_WKC_20260605,31.719999,31.68,,,,32.419998,29.219999,,,,,,0.1028,pending,,2026-06-26T04:16:24+00:00
trackb_cont_WKC_20260608,31.27,31.940001,,,,32.419998,29.82,,,,,,2.1583,pending,,2026-06-26T04:16:24+00:00
trackb_cont_WKC_20260609,31.370001,31.6,,,,32.419998,29.940001,,,,,,-0.6965,pending,,2026-06-26T04:16:24+00:00
trackb_cont_WKC_20260610,31.26,32.189999,,,,32.419998,30.610001,,,,,,1.5257,pending,,2026-06-26T04:16:24+00:00
trackb_cont_WKC_20260611,31.120001,,,,,32.419998,30.610001,,,,,,-2.6709,pending,,2026-06-26T04:16:24+00:00
trackb_cont_WKC_20260615,31.940001,,,,,32.419998,30.610001,,,,,,-0.8101,pending,,2026-06-26T04:16:24+00:00
trackb_cont_WKC_20260616,31.6,,,,,32.419998,30.73,,,,,,-1.38,pending,,2026-06-26T04:16:24+00:00
trackb_cont_WKC_20260617,32.189999,,,,,32.419998,30.73,,,,,,-1.38,pending,,2026-06-26T04:16:24+00:00
trackb_cont_WKC_20260618,,,,,,32.419998,30.780001,,,,,,-1.7398,pending,,2026-06-26T04:16:24+00:00
trackb_cont_WKC_20260619,,,,,,32.419998,31.190001,,,,,,-0.431,pending,,2026-06-26T04:16:24+00:00
trackb_cont_WKC_20260622,,,,,,32.419998,31.190001,,,,,,0.2249,pending,,2026-06-26T04:16:24+00:00
trackb_cont_WKC_20260623,,,,,,32.419998,31.34,,,,,,0.7069,pending,,2026-06-26T04:16:24+00:00
trackb_cont_WMK_20260603,82.059998,76.449997,,,,83.739998,73.760002,,,,,,-2.1751,pending,,2026-06-26T04:15:46+00:00
trackb_cont_WMK_20260604,82.540001,76.739998,,,,83.739998,73.860001,,,,,,-2.0424,pending,,2026-06-26T04:15:46+00:00
trackb_cont_WMK_20260605,82.629997,78.129997,,,,83.739998,75.629997,,,,,,0.305,pending,,2026-06-26T04:15:46+00:00
trackb_cont_WMK_20260608,79.239998,79.0,,,,83.739998,75.769997,,,,,,0.4907,pending,,2026-06-26T04:15:46+00:00
trackb_cont_WMK_20260609,79.279999,80.360001,,,,83.739998,75.769997,,,,,,-4.9071,pending,,2026-06-26T04:15:46+00:00
trackb_cont_WMK_20260610,76.449997,78.010002,,,,83.739998,75.769997,,,,,,-4.9071,pending,,2026-06-26T04:15:46+00:00
trackb_cont_WMK_20260615,79.0,,,,,81.870003,75.769997,,,,,,-5.6413,pending,,2026-06-26T04:15:46+00:00
trackb_cont_WMK_20260616,80.360001,,,,,81.580002,75.769997,,,,,,-5.2875,pending,,2026-06-26T04:15:46+00:00
trackb_cont_WMK_20260617,78.010002,,,,,81.580002,75.769997,,,,,,-5.2875,pending,,2026-06-26T04:15:46+00:00
trackb_cont_WMK_20260618,,,,,,81.580002,75.769997,,,,,,-5.2875,pending,,2026-06-26T04:15:46+00:00
trackb_cont_WMK_20260619,,,,,,81.580002,76.620003,,,,,,-4.225,pending,,2026-06-26T04:15:46+00:00
trackb_cont_WNC_20260616,13.1,,,,,14.05,9.28,,,,,,-5.6431,pending,,2026-06-26T04:16:34+00:00
trackb_cont_WNC_20260617,13.94,,,,,14.05,10.26,,,,,,4.3213,pending,,2026-06-26T04:16:34+00:00
trackb_cont_WNC_20260618,,,,,,14.05,10.64,,,,,,8.1851,pending,,2026-06-26T04:16:34+00:00
trackb_cont_WNC_20260619,,,,,,14.05,11.4,,,,,,15.9126,pending,,2026-06-26T04:16:34+00:00
trackb_cont_WOR_20260603,57.490002,59.040001,,,,61.950001,53.810001,,,,,,-6.2053,pending,,2026-06-26T04:15:20+00:00
trackb_cont_WOR_20260604,58.720001,60.400002,,,,61.950001,53.810001,,,,,,-6.2053,pending,,2026-06-26T04:15:20+00:00
trackb_cont_WOR_20260605,59.68,61.490002,,,,61.950001,53.810001,,,,,,-6.2053,pending,,2026-06-26T04:15:20+00:00
trackb_cont_WOR_20260608,59.849998,61.029999,,,,61.950001,53.810001,,,,,,-6.1071,pending,,2026-06-26T04:15:20+00:00
trackb_cont_WOR_20260615,61.029999,,,,,61.950001,53.810001,,,,,,-9.5402,pending,,2026-06-26T04:15:20+00:00
trackb_cont_WOR_20260616,57.299999,,,,,61.950001,53.810001,,,,,,-10.0393,pending,,2026-06-26T04:15:20+00:00
trackb_cont_WOR_20260617,55.939999,,,,,61.950001,53.810001,,,,,,-10.0393,pending,,2026-06-26T04:15:20+00:00
trackb_cont_WOR_20260618,,,,,,61.950001,53.810001,,,,,,-8.8584,pending,,2026-06-26T04:15:20+00:00
trackb_cont_WOR_20260619,,,,,,61.950001,53.810001,,,,,,-8.8584,pending,,2026-06-26T04:15:20+00:00
trackb_cont_WOR_20260622,,,,,,61.950001,53.810001,,,,,,-10.9106,pending,,2026-06-26T04:15:20+00:00
trackb_cont_WOR_20260623,,,,,,61.810001,53.810001,,,,,,-12.4898,pending,,2026-06-26T04:15:20+00:00
trackb_cont_WOR_20260624,,,,,,57.450001,53.810001,,,,,,-12.4898,pending,,2026-06-26T04:15:20+00:00
trackb_cont_WOR_20260625,,,,,,57.450001,54.040001,,,,,,-5.6894,pending,,2026-06-26T04:15:20+00:00
trackb_cont_WPC_20260611,71.220001,,,,,76.970001,70.75,,,,,,-6.7115,pending,,2026-06-26T04:17:19+00:00
trackb_cont_WPC_20260616,72.629997,,,,,76.529999,70.75,,,,,,-6.9691,pending,,2026-06-26T04:17:19+00:00
trackb_cont_WPC_20260617,73.349998,,,,,75.199997,70.75,,,,,,-6.9691,pending,,2026-06-26T04:17:19+00:00
trackb_cont_WPC_20260618,,,,,,73.360001,70.75,,,,,,-2.049,pending,,2026-06-26T04:17:19+00:00
trackb_cont_WPC_20260619,,,,,,73.360001,70.75,,,,,,-2.049,pending,,2026-06-26T04:17:19+00:00
trackb_cont_WRB_20260610,68.089996,69.290001,,,,70.93,66.839996,,,,,,0.1348,pending,,2026-06-26T04:17:07+00:00
trackb_cont_WRB_20260612,67.139999,,,,,70.93,66.839996,,,,,,-1.0364,pending,,2026-06-26T04:17:07+00:00
trackb_cont_WRB_20260616,70.050003,,,,,70.93,67.0,,,,,,-1.8818,pending,,2026-06-26T04:17:07+00:00
trackb_cont_WRB_20260617,69.290001,,,,,70.93,67.0,,,,,,-1.8818,pending,,2026-06-26T04:17:07+00:00
trackb_cont_WRB_20260618,,,,,,70.93,67.0,,,,,,-1.8818,pending,,2026-06-26T04:17:07+00:00
trackb_cont_WRB_20260619,,,,,,70.93,67.0,,,,,,-1.8818,pending,,2026-06-26T04:17:07+00:00
trackb_cont_WRLD_20260603,171.330002,173.399994,,,,202.630005,155.080002,,,,,,-6.5783,pending,,2026-06-26T04:15:41+00:00
trackb_cont_WRLD_20260604,176.970001,177.949997,,,,202.630005,155.080002,,,,,,-6.5783,pending,,2026-06-26T04:15:41+00:00
trackb_cont_WRLD_20260605,178.449997,181.729996,,,,202.630005,164.589996,,,,,,-0.8494,pending,,2026-06-26T04:15:41+00:00
trackb_cont_WRLD_20260608,173.149994,184.630005,,,,202.630005,164.830002,,,,,,-0.7048,pending,,2026-06-26T04:15:41+00:00
trackb_cont_WRLD_20260616,194.759995,,,,,202.630005,164.830002,,,,,,-6.8231,pending,,2026-06-26T04:15:41+00:00
trackb_cont_WRLD_20260617,201.839996,,,,,202.630005,170.610001,,,,,,-3.5557,pending,,2026-06-26T04:15:41+00:00
trackb_cont_WRLD_20260623,,,,,,202.630005,178.570007,,,,,,-1.7388,pending,,2026-06-26T04:15:41+00:00
trackb_cont_WRLD_20260624,,,,,,202.630005,184.25,,,,,,1.3867,pending,,2026-06-26T04:15:41+00:00
trackb_cont_WRLD_20260625,,,,,,202.630005,194.729996,,,,,,7.1535,pending,,2026-06-26T04:15:41+00:00
trackb_cont_WSC_20260616,28.85,,,,,29.77,27.59,,,,,,-3.4808,pending,,2026-06-26T04:18:00+00:00
trackb_cont_WSC_20260617,29.07,,,,,29.77,27.59,,,,,,-3.4808,pending,,2026-06-26T04:18:00+00:00
trackb_cont_WSC_20260618,,,,,,29.77,27.59,,,,,,-0.898,pending,,2026-06-26T04:18:00+00:00
trackb_cont_WSC_20260619,,,,,,29.77,27.59,,,,,,-0.898,pending,,2026-06-26T04:18:00+00:00
trackb_cont_WSC_20260622,,,,,,29.77,27.59,,,,,,-4.3343,pending,,2026-06-26T04:18:00+00:00
trackb_cont_WSC_20260623,,,,,,29.77,27.59,,,,,,-4.3343,pending,,2026-06-26T04:18:00+00:00
trackb_cont_WSM_20260603,206.940002,221.149994,,,,244.649994,200.399994,,,,,,-1.7888,pending,,2026-06-26T04:15:19+00:00
trackb_cont_WSM_20260604,218.740005,226.919998,,,,244.649994,201.639999,,,,,,-1.1811,pending,,2026-06-26T04:15:19+00:00
trackb_cont_WSM_20260605,223.539993,226.059998,,,,244.649994,201.639999,,,,,,-1.1811,pending,,2026-06-26T04:15:19+00:00
trackb_cont_WSM_20260608,223.289993,226.139999,,,,244.649994,201.639999,,,,,,-1.1811,pending,,2026-06-26T04:15:19+00:00
trackb_cont_WSM_20260615,226.139999,,,,,244.649994,220.690002,,,,,,-3.6583,pending,,2026-06-26T04:15:19+00:00
trackb_cont_WSM_20260616,235.660004,,,,,244.649994,220.690002,,,,,,-1.7299,pending,,2026-06-26T04:15:19+00:00
trackb_cont_WSM_20260617,240.059998,,,,,244.649994,220.690002,,,,,,-1.7299,pending,,2026-06-26T04:15:19+00:00
trackb_cont_WSM_20260618,,,,,,244.649994,222.600006,,,,,,-0.8794,pending,,2026-06-26T04:15:19+00:00
trackb_cont_WSM_20260619,,,,,,244.649994,222.600006,,,,,,-0.8794,pending,,2026-06-26T04:15:19+00:00
trackb_cont_WSM_20260622,,,,,,244.649994,222.600006,,,,,,-1.9038,pending,,2026-06-26T04:15:19+00:00
trackb_cont_WSM_20260623,,,,,,244.649994,222.600006,,,,,,-1.5306,pending,,2026-06-26T04:15:19+00:00
trackb_cont_WSM_20260624,,,,,,244.649994,227.889999,,,,,,0.8095,pending,,2026-06-26T04:15:19+00:00
trackb_cont_WSM_20260625,,,,,,244.649994,238.169998,,,,,,5.357,pending,,2026-06-26T04:15:19+00:00
trackb_cont_WST_20260612,329.709991,,,,,352.309998,321.940002,,,,,,-2.5428,pending,,2026-06-26T04:17:30+00:00
trackb_cont_WST_20260616,340.410004,,,,,352.309998,321.940002,,,,,,-2.3833,pending,,2026-06-26T04:17:30+00:00
trackb_cont_WST_20260617,346.559998,,,,,352.309998,321.940002,,,,,,-2.3833,pending,,2026-06-26T04:17:30+00:00
trackb_cont_WST_20260618,,,,,,352.309998,323.200012,,,,,,-2.0012,pending,,2026-06-26T04:17:30+00:00
trackb_cont_WST_20260619,,,,,,352.309998,324.679993,,,,,,-1.5525,pending,,2026-06-26T04:17:30+00:00
trackb_cont_WST_20260623,,,,,,352.309998,327.609985,,,,,,-0.6369,pending,,2026-06-26T04:17:30+00:00
trackb_cont_WST_20260624,,,,,,352.309998,335.720001,,,,,,1.8228,pending,,2026-06-26T04:17:30+00:00
trackb_cont_WST_20260625,,,,,,352.309998,345.0,,,,,,1.3484,pending,,2026-06-26T04:17:30+00:00
trackb_cont_WS_20260603,41.080002,39.200001,,,,44.939999,35.0,,,,,,-17.8211,pending,,2026-06-26T04:15:33+00:00
trackb_cont_WS_20260604,43.5,40.73,,,,44.939999,35.0,,,,,,-17.8211,pending,,2026-06-26T04:15:33+00:00
trackb_cont_WS_20260605,43.450001,40.220001,,,,44.939999,35.0,,,,,,-17.8211,pending,,2026-06-26T04:15:33+00:00
trackb_cont_WS_20260608,41.689999,39.759998,,,,44.939999,35.0,,,,,,-17.8211,pending,,2026-06-26T04:15:33+00:00
trackb_cont_WS_20260616,39.619999,,,,,43.051998,35.0,,,,,,-18.3197,pending,,2026-06-26T04:15:33+00:00
trackb_cont_WS_20260617,36.830002,,,,,41.564999,35.0,,,,,,-18.3197,pending,,2026-06-26T04:15:33+00:00
trackb_cont_WS_20260618,,,,,,41.310001,35.0,,,,,,-18.3197,pending,,2026-06-26T04:15:33+00:00
trackb_cont_WS_20260619,,,,,,41.310001,35.0,,,,,,-18.3197,pending,,2026-06-26T04:15:33+00:00
trackb_cont_WULF_20260603,23.190001,27.860001,,,,29.84,22.99,,,,,,-11.9494,pending,,2026-06-26T04:15:27+00:00
trackb_cont_WULF_20260604,25.35,28.98,,,,29.84,22.99,,,,,,-11.9494,pending,,2026-06-26T04:15:27+00:00
trackb_cont_WULF_20260605,26.059999,28.309999,,,,29.84,22.99,,,,,,-11.9494,pending,,2026-06-26T04:15:27+00:00
trackb_cont_WULF_20260608,28.17,28.780001,,,,29.84,23.059999,,,,,,-11.6814,pending,,2026-06-26T04:15:27+00:00
trackb_cont_WULF_20260616,26.969999,,,,,29.84,25.35,,,,,,-10.3607,pending,,2026-06-26T04:15:27+00:00
trackb_cont_WULF_20260617,26.059999,,,,,29.84,25.35,,,,,,-10.3607,pending,,2026-06-26T04:15:27+00:00
trackb_cont_WULF_20260618,,,,,,29.84,25.35,,,,,,-9.0093,pending,,2026-06-26T04:15:27+00:00
trackb_cont_WULF_20260619,,,,,,29.84,25.35,,,,,,-9.0093,pending,,2026-06-26T04:15:27+00:00
trackb_cont_WULF_20260622,,,,,,29.84,25.35,,,,,,-12.5259,pending,,2026-06-26T04:15:27+00:00
trackb_cont_WULF_20260623,,,,,,29.42,25.35,,,,,,-12.5259,pending,,2026-06-26T04:15:27+00:00
trackb_cont_WWD_20260615,428.25,,,,,450.920013,394.410004,,,,,,-0.3877,pending,,2026-06-26T04:17:49+00:00
trackb_cont_WWD_20260616,432.799988,,,,,450.920013,405.51001,,,,,,0.8355,pending,,2026-06-26T04:17:49+00:00
trackb_cont_WWD_20260617,436.440002,,,,,450.920013,416.570007,,,,,,3.5857,pending,,2026-06-26T04:17:49+00:00
trackb_cont_WWD_20260618,,,,,,450.920013,416.570007,,,,,,-4.1993,pending,,2026-06-26T04:17:49+00:00
trackb_cont_WWD_20260619,,,,,,450.920013,416.570007,,,,,,-4.1993,pending,,2026-06-26T04:17:49+00:00
trackb_cont_WWD_20260622,,,,,,450.920013,416.570007,,,,,,-3.1413,pending,,2026-06-26T04:17:49+00:00
trackb_cont_WWD_20260623,,,,,,450.920013,416.570007,,,,,,-2.4015,pending,,2026-06-26T04:17:49+00:00
trackb_cont_WWD_20260624,,,,,,450.920013,424.290009,,,,,,-0.5928,pending,,2026-06-26T04:17:49+00:00
trackb_cont_WWD_20260625,,,,,,450.920013,434.309998,,,,,,1.7548,pending,,2026-06-26T04:17:49+00:00
trackb_cont_WWW_20260611,17.6,,,,,18.73,16.299999,,,,,,-5.067,pending,,2026-06-26T04:17:12+00:00
trackb_cont_WWW_20260615,16.76,,,,,18.67,16.299999,,,,,,-12.6005,pending,,2026-06-26T04:17:12+00:00
trackb_cont_WWW_20260616,17.540001,,,,,18.290001,16.299999,,,,,,-7.439,pending,,2026-06-26T04:17:12+00:00
trackb_cont_WWW_20260617,16.969999,,,,,17.969999,16.299999,,,,,,-7.439,pending,,2026-06-26T04:17:12+00:00
trackb_cont_WYNN_20260603,105.260002,102.309998,,,,111.290001,98.5,,,,,,-4.7665,pending,,2026-06-26T04:16:20+00:00
trackb_cont_WYNN_20260604,107.75,105.529999,,,,111.290001,98.5,,,,,,-4.7665,pending,,2026-06-26T04:16:20+00:00
trackb_cont_WYNN_20260605,107.269997,103.620003,,,,111.290001,98.5,,,,,,-4.7665,pending,,2026-06-26T04:16:20+00:00
trackb_cont_WYNN_20260608,105.959999,104.150002,,,,111.290001,98.5,,,,,,-4.7665,pending,,2026-06-26T04:16:20+00:00
trackb_cont_WYNN_20260611,105.529999,,,,,111.290001,98.5,,,,,,-6.4222,pending,,2026-06-26T04:16:20+00:00
trackb_cont_WYNN_20260616,103.75,,,,,106.900002,98.5,,,,,,-7.2505,pending,,2026-06-26T04:16:20+00:00
trackb_cont_WYNN_20260617,99.379997,,,,,106.75,98.5,,,,,,-7.2505,pending,,2026-06-26T04:16:20+00:00
trackb_cont_WYNN_20260618,,,,,,106.75,98.5,,,,,,-7.2505,pending,,2026-06-26T04:16:20+00:00
trackb_cont_WYNN_20260619,,,,,,106.25,98.5,,,,,,-7.2505,pending,,2026-06-26T04:16:20+00:00
trackb_cont_WY_20260603,24.16,24.33,,,,25.85,23.77,,,,,,-3.0982,pending,,2026-06-26T04:15:46+00:00
trackb_cont_WY_20260604,24.33,24.32,,,,25.85,23.77,,,,,,-3.0982,pending,,2026-06-26T04:15:46+00:00
trackb_cont_WY_20260605,24.85,24.25,,,,25.85,23.77,,,,,,-3.0982,pending,,2026-06-26T04:15:46+00:00
trackb_cont_WY_20260608,24.65,24.440001,,,,25.85,23.77,,,,,,-2.9003,pending,,2026-06-26T04:15:46+00:00
trackb_cont_WY_20260611,24.32,,,,,25.85,23.77,,,,,,-1.6142,pending,,2026-06-26T04:15:46+00:00
trackb_cont_WY_20260616,25.299999,,,,,25.85,24.1,,,,,,-3.0376,pending,,2026-06-26T04:15:46+00:00
trackb_cont_WY_20260617,25.76,,,,,25.85,24.1,,,,,,-3.0376,pending,,2026-06-26T04:15:46+00:00
trackb_cont_W_20260603,68.669998,81.589996,,,,96.68,66.75,,,,,,-2.6507,pending,,2026-06-26T04:15:58+00:00
trackb_cont_W_20260604,77.68,88.519997,,,,96.68,66.75,,,,,,-2.6507,pending,,2026-06-26T04:15:58+00:00
trackb_cont_W_20260605,77.589996,85.040001,,,,96.68,66.75,,,,,,-2.6507,pending,,2026-06-26T04:15:58+00:00
trackb_cont_W_20260608,82.989998,84.849998,,,,96.68,66.75,,,,,,-2.6507,pending,,2026-06-26T04:15:58+00:00
trackb_cont_W_20260611,88.519997,,,,,96.68,70.0,,,,,,1.9368,pending,,2026-06-26T04:15:58+00:00
trackb_cont_W_20260616,92.790001,,,,,96.68,81.160004,,,,,,-2.6392,pending,,2026-06-26T04:15:58+00:00
trackb_cont_W_20260617,93.519997,,,,,96.68,81.160004,,,,,,-2.6392,pending,,2026-06-26T04:15:58+00:00
trackb_cont_W_20260618,,,,,,96.68,82.059998,,,,,,-1.5595,pending,,2026-06-26T04:15:58+00:00
trackb_cont_W_20260619,,,,,,96.68,82.059998,,,,,,-1.5595,pending,,2026-06-26T04:15:58+00:00
trackb_cont_W_20260625,,,,,,96.68,93.199997,,,,,,0.4419,pending,,2026-06-26T04:15:58+00:00
trackb_cont_XHR_20260603,18.459999,19.530001,,,,20.540001,17.549999,,,,,,-0.7353,pending,,2026-06-26T04:15:16+00:00
trackb_cont_XHR_20260604,19.23,20.02,,,,20.540001,17.809999,,,,,,0.7353,pending,,2026-06-26T04:15:16+00:00
trackb_cont_XHR_20260605,19.450001,20.1,,,,20.540001,18.17,,,,,,2.7715,pending,,2026-06-26T04:15:16+00:00
trackb_cont_XHR_20260608,19.129999,20.030001,,,,20.540001,18.17,,,,,,2.7715,pending,,2026-06-26T04:15:16+00:00
trackb_cont_XHR_20260609,19.6,20.219999,,,,20.540001,18.17,,,,,,-0.8729,pending,,2026-06-26T04:15:16+00:00
trackb_cont_XHR_20260610,19.530001,20.4,,,,20.540001,18.424999,,,,,,0.5183,pending,,2026-06-26T04:15:16+00:00
trackb_cont_XHR_20260611,20.02,,,,,20.540001,18.75,,,,,,1.571,pending,,2026-06-26T04:15:16+00:00
trackb_cont_XHR_20260616,20.219999,,,,,20.540001,19.09,,,,,,0.0786,pending,,2026-06-26T04:15:16+00:00
trackb_cont_XHR_20260617,20.4,,,,,20.540001,19.33,,,,,,1.3368,pending,,2026-06-26T04:15:16+00:00
trackb_cont_XHR_20260618,,,,,,20.540001,19.795,,,,,,3.7746,pending,,2026-06-26T04:15:16+00:00
trackb_cont_XHR_20260619,,,,,,20.540001,19.879999,,,,,,4.2202,pending,,2026-06-26T04:15:16+00:00
trackb_cont_XIFR_20260603,11.47,11.63,,,,12.68,11.26,,,,,,-10.6349,pending,,2026-06-26T04:15:44+00:00
trackb_cont_XIFR_20260604,11.56,11.82,,,,12.26,11.26,,,,,,-10.6349,pending,,2026-06-26T04:15:44+00:00
trackb_cont_XIFR_20260605,11.66,11.69,,,,12.1,11.26,,,,,,-10.6349,pending,,2026-06-26T04:15:44+00:00
trackb_cont_XMAX_20260603,8.61,8.2,,,,8.78,8.1,,,,,,-5.5944,pending,,2026-06-26T04:16:06+00:00
trackb_cont_XMAX_20260604,8.63,8.23,,,,8.78,8.1,,,,,,-5.5944,pending,,2026-06-26T04:16:06+00:00
trackb_cont_XMAX_20260605,8.1,8.18,,,,8.78,8.1,,,,,,-5.5944,pending,,2026-06-26T04:16:06+00:00
trackb_cont_XMAX_20260608,8.41,8.6,,,,8.78,8.1,,,,,,-5.5944,pending,,2026-06-26T04:16:06+00:00
trackb_cont_XMAX_20260612,8.18,,,,,8.78,8.1,,,,,,-6.1414,pending,,2026-06-26T04:16:06+00:00
trackb_cont_XMAX_20260625,,,,,,8.67,8.25,,,,,,-1.0791,pending,,2026-06-26T04:16:06+00:00
trackb_cont_XOS_20260603,3.66,3.385,,,,8.27,2.7,,,,,,-56.5819,pending,,2026-06-26T04:16:00+00:00
trackb_cont_XOS_20260604,4.27,3.12,,,,6.2,2.7,,,,,,-56.5819,pending,,2026-06-26T04:16:00+00:00
trackb_cont_XOS_20260605,3.5,3.29,,,,5.48,2.7,,,,,,-56.5819,pending,,2026-06-26T04:16:00+00:00
trackb_cont_XOS_20260608,3.41,3.22,,,,5.2,2.7,,,,,,-56.5819,pending,,2026-06-26T04:16:00+00:00
trackb_cont_XPOF_20260615,6.82,,,,,7.15,6.4,,,,,,-3.6145,pending,,2026-06-26T04:17:40+00:00
trackb_cont_XPOF_20260616,7.03,,,,,7.15,6.4,,,,,,-7.1791,pending,,2026-06-26T04:17:40+00:00
trackb_cont_XPOF_20260617,6.99,,,,,7.15,6.4,,,,,,-7.1791,pending,,2026-06-26T04:17:40+00:00
trackb_cont_XPOF_20260618,,,,,,7.15,6.4,,,,,,-7.1791,pending,,2026-06-26T04:17:40+00:00
trackb_cont_XPOF_20260619,,,,,,7.15,6.4,,,,,,-7.1791,pending,,2026-06-26T04:17:40+00:00
trackb_cont_XPOF_20260622,,,,,,7.15,6.4,,,,,,-6.2958,pending,,2026-06-26T04:17:40+00:00
trackb_cont_XPOF_20260623,,,,,,7.15,6.46,,,,,,-5.4173,pending,,2026-06-26T04:17:40+00:00
trackb_cont_XPO_20260603,216.259995,201.789993,,,,232.050003,195.850006,,,,,,-10.7806,pending,,2026-06-26T04:15:43+00:00
trackb_cont_XPO_20260604,227.649994,199.5,,,,232.050003,195.850006,,,,,,-10.7806,pending,,2026-06-26T04:15:43+00:00
trackb_cont_XPO_20260605,228.330002,201.190002,,,,232.050003,195.850006,,,,,,-10.7806,pending,,2026-06-26T04:15:43+00:00
trackb_cont_XPO_20260608,220.740005,199.220001,,,,232.050003,195.850006,,,,,,-10.7806,pending,,2026-06-26T04:15:43+00:00
trackb_cont_XPO_20260615,199.220001,,,,,231.009995,195.850006,,,,,,-12.9788,pending,,2026-06-26T04:15:43+00:00
trackb_cont_XPO_20260616,196.830002,,,,,224.160004,195.850006,,,,,,-10.6727,pending,,2026-06-26T04:15:43+00:00
trackb_cont_XPO_20260617,203.020004,,,,,214.789993,195.850006,,,,,,-10.6727,pending,,2026-06-26T04:15:43+00:00
trackb_cont_XRN_20260603,37.0,34.959999,,,,37.869999,34.689999,,,,,,-2.5835,pending,,2026-06-26T04:16:15+00:00
trackb_cont_XRN_20260604,37.189999,35.099998,,,,37.869999,34.689999,,,,,,-2.5835,pending,,2026-06-26T04:16:15+00:00
trackb_cont_XRN_20260605,37.080002,35.07,,,,37.869999,34.689999,,,,,,-2.5835,pending,,2026-06-26T04:16:15+00:00
trackb_cont_XRN_20260608,36.310001,35.77,,,,37.869999,34.689999,,,,,,-2.5835,pending,,2026-06-26T04:16:15+00:00
trackb_cont_XRN_20260611,35.099998,,,,,37.869999,34.689999,,,,,,-6.2432,pending,,2026-06-26T04:16:15+00:00
trackb_cont_XRN_20260616,36.220001,,,,,36.560001,34.689999,,,,,,-6.2939,pending,,2026-06-26T04:16:15+00:00
trackb_cont_XRN_20260617,36.119999,,,,,36.41,34.689999,,,,,,-6.2939,pending,,2026-06-26T04:16:15+00:00
trackb_cont_XRN_20260618,,,,,,36.41,34.689999,,,,,,-6.2939,pending,,2026-06-26T04:16:15+00:00
trackb_cont_XRN_20260619,,,,,,36.41,34.689999,,,,,,-6.2939,pending,,2026-06-26T04:16:15+00:00
trackb_cont_XYZ_20260618,,,,,,77.129997,71.5,,,,,,-1.8396,pending,,2026-06-26T04:17:25+00:00
trackb_cont_XYZ_20260619,,,,,,77.129997,71.5,,,,,,-1.8396,pending,,2026-06-26T04:17:25+00:00
trackb_cont_XYZ_20260623,,,,,,77.129997,71.5,,,,,,-2.1486,pending,,2026-06-26T04:17:25+00:00
trackb_cont_XYZ_20260624,,,,,,77.129997,73.0,,,,,,-0.0958,pending,,2026-06-26T04:17:25+00:00
trackb_cont_YETI_20260603,48.27,47.240002,,,,51.889999,45.049999,,,,,,-4.6763,pending,,2026-06-26T04:16:12+00:00
trackb_cont_YETI_20260604,50.68,48.970001,,,,51.889999,46.630001,,,,,,-1.333,pending,,2026-06-26T04:16:12+00:00
trackb_cont_YETI_20260605,50.419998,47.939999,,,,51.889999,46.630001,,,,,,-1.333,pending,,2026-06-26T04:16:12+00:00
trackb_cont_YETI_20260608,49.880001,47.970001,,,,51.889999,46.630001,,,,,,-1.5622,pending,,2026-06-26T04:16:12+00:00
trackb_cont_YETI_20260610,47.240002,50.009998,,,,51.889999,46.630001,,,,,,-2.1817,pending,,2026-06-26T04:16:12+00:00
trackb_cont_YETI_20260616,49.639999,,,,,50.869999,46.630001,,,,,,-6.7586,pending,,2026-06-26T04:16:12+00:00
trackb_cont_YETI_20260617,50.009998,,,,,50.869999,46.630001,,,,,,-6.7586,pending,,2026-06-26T04:16:12+00:00
trackb_cont_YORW_20260610,29.559999,30.34,,,,30.790001,29.370001,,,,,,-1.0778,pending,,2026-06-26T04:17:08+00:00
trackb_cont_YORW_20260611,29.530001,,,,,30.6,29.370001,,,,,,-2.9732,pending,,2026-06-26T04:17:08+00:00
trackb_cont_ZBH_20260615,87.57,,,,,92.760002,86.589996,,,,,,-2.8607,pending,,2026-06-26T04:17:53+00:00
trackb_cont_ZBH_20260616,90.559998,,,,,92.760002,86.589996,,,,,,-1.5239,pending,,2026-06-26T04:17:53+00:00
trackb_cont_ZBH_20260617,90.959999,,,,,92.760002,86.589996,,,,,,-1.5239,pending,,2026-06-26T04:17:53+00:00
trackb_cont_ZBRA_20260603,216.789993,232.979996,,,,252.5,211.860001,,,,,,-13.9655,pending,,2026-06-26T04:15:52+00:00
trackb_cont_ZBRA_20260604,222.440002,235.979996,,,,252.5,211.860001,,,,,,-13.9655,pending,,2026-06-26T04:15:52+00:00
trackb_cont_ZBRA_20260605,228.419998,245.690002,,,,252.5,211.860001,,,,,,-13.9655,pending,,2026-06-26T04:15:52+00:00
trackb_cont_ZBRA_20260608,240.050003,237.720001,,,,252.5,211.860001,,,,,,-13.9655,pending,,2026-06-26T04:15:52+00:00
trackb_cont_ZD_20260603,45.799999,44.32,,,,48.689999,43.860001,,,,,,-1.8243,pending,,2026-06-26T04:15:57+00:00
trackb_cont_ZD_20260604,45.740002,46.029999,,,,48.689999,43.860001,,,,,,-1.8243,pending,,2026-06-26T04:15:57+00:00
trackb_cont_ZD_20260605,46.259998,45.32,,,,48.689999,43.860001,,,,,,-1.8243,pending,,2026-06-26T04:15:57+00:00
trackb_cont_ZD_20260608,45.849998,46.400002,,,,48.689999,43.860001,,,,,,-4.2567,pending,,2026-06-26T04:15:57+00:00
trackb_cont_ZD_20260611,46.029999,,,,,48.689999,43.860001,,,,,,-4.2358,pending,,2026-06-26T04:15:57+00:00
trackb_cont_ZD_20260615,46.400002,,,,,48.689999,43.860001,,,,,,-6.1015,pending,,2026-06-26T04:15:57+00:00
trackb_cont_ZD_20260616,48.18,,,,,48.689999,43.860001,,,,,,-5.106,pending,,2026-06-26T04:15:57+00:00
trackb_cont_ZD_20260617,48.549999,,,,,48.689999,43.860001,,,,,,-5.106,pending,,2026-06-26T04:15:57+00:00
trackb_cont_ZD_20260618,,,,,,48.689999,44.130001,,,,,,-4.5218,pending,,2026-06-26T04:15:57+00:00
trackb_cont_ZD_20260619,,,,,,48.689999,44.740002,,,,,,-3.2021,pending,,2026-06-26T04:15:57+00:00
trackb_cont_ZION_20260612,67.120003,,,,,69.800003,65.540001,,,,,,-1.3546,pending,,2026-06-26T04:17:31+00:00
trackb_cont_ZION_20260615,68.489998,,,,,69.800003,65.540001,,,,,,-3.2905,pending,,2026-06-26T04:17:31+00:00
trackb_cont_ZION_20260616,68.300003,,,,,69.800003,65.540001,,,,,,-1.8201,pending,,2026-06-26T04:17:31+00:00
trackb_cont_ZION_20260617,69.330002,,,,,69.800003,65.540001,,,,,,-1.8201,pending,,2026-06-26T04:17:31+00:00
trackb_cont_ZION_20260618,,,,,,69.800003,65.959999,,,,,,-1.1909,pending,,2026-06-26T04:17:31+00:00
trackb_cont_ZION_20260619,,,,,,69.800003,66.160004,,,,,,-0.8913,pending,,2026-06-26T04:17:31+00:00
trackb_cont_ZION_20260622,,,,,,69.800003,66.160004,,,,,,-0.0151,pending,,2026-06-26T04:17:31+00:00
trackb_cont_ZION_20260623,,,,,,69.800003,66.489998,,,,,,0.4836,pending,,2026-06-26T04:17:31+00:00
trackb_cont_ZM_20260603,93.959999,87.389999,,,,110.735001,82.267998,,,,,,-22.3814,pending,,2026-06-26T04:15:36+00:00
trackb_cont_ZM_20260604,92.32,86.360001,,,,106.830002,82.267998,,,,,,-22.3814,pending,,2026-06-26T04:15:36+00:00
trackb_cont_ZM_20260605,93.68,84.339996,,,,105.959999,82.267998,,,,,,-22.3814,pending,,2026-06-26T04:15:36+00:00
trackb_cont_ZONE_20260603,0.636,0.913,,,,1.05,0.57,,,,,,-25.069,pending,,2026-06-26T04:16:15+00:00
trackb_cont_ZONE_20260604,0.701,0.984,,,,1.05,0.57,,,,,,-25.069,pending,,2026-06-26T04:16:15+00:00
trackb_cont_ZONE_20260605,0.81,0.993,,,,1.05,0.57,,,,,,-25.069,pending,,2026-06-26T04:16:15+00:00
trackb_cont_ZONE_20260608,0.77,0.92,,,,1.05,0.57,,,,,,-25.069,pending,,2026-06-26T04:16:15+00:00
trackb_cont_ZONE_20260616,0.8,,,,,1.05,0.715,,,,,,-9.5166,pending,,2026-06-26T04:16:15+00:00
trackb_cont_ZONE_20260617,0.81,,,,,1.05,0.787,,,,,,-0.405,pending,,2026-06-26T04:16:15+00:00
trackb_cont_ZONE_20260618,,,,,,1.05,0.79,,,,,,-0.0253,pending,,2026-06-26T04:16:15+00:00
trackb_cont_ZONE_20260619,,,,,,1.05,0.79,,,,,,-0.0253,pending,,2026-06-26T04:16:15+00:00
trackb_cont_ZONE_20260622,,,,,,1.05,0.79,,,,,,-19.7154,pending,,2026-06-26T04:16:15+00:00
trackb_cont_ZONE_20260623,,,,,,0.96,0.79,,,,,,-19.7154,pending,,2026-06-26T04:16:15+00:00
trackb_rev_AAOI_20260618,,,,,,177.160004,134.309998,,,,,,-22.9034,pending,,2026-06-26T04:18:37+00:00
trackb_rev_AAOI_20260619,,,,,,177.160004,134.309998,,,,,,-22.9034,pending,,2026-06-26T04:18:37+00:00
trackb_rev_AAOI_20260622,,,,,,177.160004,134.309998,,,,,,-22.9034,pending,,2026-06-26T04:18:37+00:00
trackb_rev_AAP_20260625,,,,,,59.439999,57.360001,,,,,,-1.001,pending,,2026-06-26T04:17:29+00:00
trackb_rev_ABAT_20260612,2.93,,,,,3.69,2.6,,,,,,-23.9766,pending,,2026-06-26T04:14:56+00:00
trackb_rev_ABT_20260603,89.169998,88.5,,,,94.559998,86.720001,,,,,,-0.6188,pending,,2026-06-26T04:16:34+00:00
trackb_rev_ABT_20260604,89.650002,88.410004,,,,94.559998,87.07,,,,,,-0.2177,pending,,2026-06-26T04:16:34+00:00
trackb_rev_ABT_20260605,88.18,87.830002,,,,94.559998,87.07,,,,,,-0.2177,pending,,2026-06-26T04:16:34+00:00
trackb_rev_ABT_20260608,88.669998,90.529999,,,,94.559998,87.07,,,,,,-0.2177,pending,,2026-06-26T04:16:34+00:00
trackb_rev_ABT_20260612,87.830002,,,,,94.559998,87.07,,,,,,-2.8779,pending,,2026-06-26T04:16:34+00:00
trackb_rev_ABT_20260615,90.529999,,,,,94.559998,87.209999,,,,,,-1.491,pending,,2026-06-26T04:16:34+00:00
trackb_rev_ABT_20260616,90.489998,,,,,94.559998,87.209999,,,,,,-1.7905,pending,,2026-06-26T04:16:34+00:00
trackb_rev_ABT_20260617,93.239998,,,,,94.559998,87.209999,,,,,,-1.7905,pending,,2026-06-26T04:16:34+00:00
trackb_rev_ABT_20260618,,,,,,94.559998,87.209999,,,,,,-1.7905,pending,,2026-06-26T04:16:34+00:00
trackb_rev_ABT_20260619,,,,,,94.559998,87.209999,,,,,,-1.7905,pending,,2026-06-26T04:16:34+00:00
trackb_rev_ACHC_20260616,24.959999,,,,,26.35,23.43,,,,,,-5.0648,pending,,2026-06-26T04:18:19+00:00
trackb_rev_ACHC_20260617,26.24,,,,,26.35,23.43,,,,,,-5.0648,pending,,2026-06-26T04:18:19+00:00
trackb_rev_ACHC_20260618,,,,,,26.35,23.67,,,,,,0.7234,pending,,2026-06-26T04:18:19+00:00
trackb_rev_ACHC_20260619,,,,,,26.35,23.67,,,,,,0.7234,pending,,2026-06-26T04:18:19+00:00
trackb_rev_ACHC_20260622,,,,,,26.35,23.67,,,,,,0.7234,pending,,2026-06-26T04:18:19+00:00
trackb_rev_ACH_20260625,,,,,,3.3,3.14,,,,,,-1.875,pending,,2026-06-26T04:18:09+00:00
trackb_rev_ADBE_20260611,195.160004,,,,,232.5,190.119995,,,,,,-18.5363,pending,,2026-06-26T04:17:24+00:00
trackb_rev_ADBE_20260612,194.899994,,,,,211.990005,190.119995,,,,,,-13.1079,pending,,2026-06-26T04:17:24+00:00
trackb_rev_ADC_20260618,,,,,,76.080002,72.989998,,,,,,-1.111,pending,,2026-06-26T04:17:48+00:00
trackb_rev_ADC_20260619,,,,,,76.080002,73.169998,,,,,,-0.8671,pending,,2026-06-26T04:17:48+00:00
trackb_rev_ADC_20260622,,,,,,76.080002,73.169998,,,,,,-0.8671,pending,,2026-06-26T04:17:48+00:00
trackb_rev_ADC_20260623,,,,,,76.080002,73.830002,,,,,,0.5995,pending,,2026-06-26T04:17:48+00:00
trackb_rev_ADC_20260624,,,,,,76.080002,74.379997,,,,,,1.349,pending,,2026-06-26T04:17:48+00:00
trackb_rev_ADC_20260625,,,,,,76.080002,74.739998,,,,,,-0.7701,pending,,2026-06-26T04:17:48+00:00
trackb_rev_ADTN_20260610,15.09,14.04,,,,15.86,13.32,,,,,,-16.8539,pending,,2026-06-26T04:16:26+00:00
trackb_rev_ADTN_20260615,14.47,,,,,15.86,13.32,,,,,,-14.6701,pending,,2026-06-26T04:16:26+00:00
trackb_rev_ADTN_20260616,13.96,,,,,15.86,13.32,,,,,,-11.9345,pending,,2026-06-26T04:16:26+00:00
trackb_rev_ADTN_20260617,14.04,,,,,15.86,13.32,,,,,,-11.9345,pending,,2026-06-26T04:16:26+00:00
trackb_rev_ADUS_20260622,,,,,,98.989998,93.449997,,,,,,-0.8278,pending,,2026-06-26T04:18:37+00:00
trackb_rev_ADUS_20260623,,,,,,98.989998,95.209999,,,,,,1.04,pending,,2026-06-26T04:18:37+00:00
trackb_rev_AEE_20260622,,,,,,114.800003,108.599998,,,,,,-0.0644,pending,,2026-06-26T04:18:47+00:00
trackb_rev_AEE_20260623,,,,,,114.800003,109.610001,,,,,,-0.082,pending,,2026-06-26T04:18:47+00:00
trackb_rev_AEE_20260624,,,,,,114.800003,112.019997,,,,,,2.1149,pending,,2026-06-26T04:18:47+00:00
trackb_rev_AEO_20260603,17.530001,17.1,,,,19.280001,15.63,,,,,,-2.0437,pending,,2026-06-26T04:16:35+00:00
trackb_rev_AEO_20260604,18.290001,17.809999,,,,19.280001,16.120001,,,,,,1.0272,pending,,2026-06-26T04:16:35+00:00
trackb_rev_AEO_20260605,18.790001,17.790001,,,,19.280001,16.219999,,,,,,1.6539,pending,,2026-06-26T04:16:35+00:00
trackb_rev_AEO_20260608,18.459999,17.73,,,,19.280001,16.42,,,,,,2.9074,pending,,2026-06-26T04:16:35+00:00
trackb_rev_AEP_20260623,,,,,,137.539993,130.25,,,,,,-0.0384,pending,,2026-06-26T04:18:53+00:00
trackb_rev_AEP_20260624,,,,,,137.539993,132.919998,,,,,,2.0107,pending,,2026-06-26T04:18:53+00:00
trackb_rev_AGCO_20260616,114.580002,,,,,119.220001,111.089996,,,,,,-2.1147,pending,,2026-06-26T04:18:23+00:00
trackb_rev_AGCO_20260617,118.860001,,,,,119.220001,111.089996,,,,,,-2.1147,pending,,2026-06-26T04:18:23+00:00
trackb_rev_AGCO_20260618,,,,,,119.220001,111.089996,,,,,,-2.0932,pending,,2026-06-26T04:18:23+00:00
trackb_rev_AGCO_20260619,,,,,,119.220001,111.089996,,,,,,-2.0932,pending,,2026-06-26T04:18:23+00:00
trackb_rev_AGCO_20260622,,,,,,119.220001,111.089996,,,,,,-2.2611,pending,,2026-06-26T04:18:23+00:00
trackb_rev_AGCO_20260623,,,,,,119.220001,111.089996,,,,,,-2.2611,pending,,2026-06-26T04:18:23+00:00
trackb_rev_AGNC_20260622,,,,,,10.65,10.3,,,,,,-0.7707,pending,,2026-06-26T04:18:48+00:00
trackb_rev_AGNC_20260623,,,,,,10.65,10.3,,,,,,-0.7707,pending,,2026-06-26T04:18:48+00:00
trackb_rev_AGNC_20260625,,,,,,10.65,10.46,,,,,,-0.286,pending,,2026-06-26T04:18:48+00:00
trackb_rev_AIRE_20260609,2.11,1.94,,,,2.398,1.81,,,,,,-14.218,pending,,2026-06-26T04:17:03+00:00
trackb_rev_AIRE_20260610,2.29,1.82,,,,2.398,1.81,,,,,,-14.218,pending,,2026-06-26T04:17:03+00:00
trackb_rev_AIRE_20260611,2.22,,,,,2.398,1.81,,,,,,-9.0452,pending,,2026-06-26T04:17:03+00:00
trackb_rev_AIRE_20260612,2.14,,,,,2.398,1.81,,,,,,-12.1359,pending,,2026-06-26T04:17:03+00:00
trackb_rev_AJG_20260603,220.139999,216.089996,,,,225.339996,199.690002,,,,,,-0.8712,pending,,2026-06-26T04:16:32+00:00
trackb_rev_AJG_20260604,220.899994,214.059998,,,,225.339996,206.419998,,,,,,2.4697,pending,,2026-06-26T04:16:32+00:00
trackb_rev_AJG_20260605,218.690002,209.080002,,,,225.339996,208.080002,,,,,,3.2937,pending,,2026-06-26T04:16:32+00:00
trackb_rev_AKR_20260622,,,,,,22.059999,21.049999,,,,,,-0.3786,pending,,2026-06-26T04:18:47+00:00
trackb_rev_AKR_20260623,,,,,,22.059999,21.280001,,,,,,0.1412,pending,,2026-06-26T04:18:47+00:00
trackb_rev_AKR_20260624,,,,,,22.059999,21.59,,,,,,1.6,pending,,2026-06-26T04:18:47+00:00
trackb_rev_ALBT_20260609,0.311,0.323,,,,0.385,0.286,,,,,,-16.129,pending,,2026-06-26T04:17:05+00:00
trackb_rev_ALBT_20260610,0.36,0.3,,,,0.385,0.286,,,,,,-16.129,pending,,2026-06-26T04:17:05+00:00
trackb_rev_ALBT_20260611,0.34,,,,,0.385,0.286,,,,,,-17.8161,pending,,2026-06-26T04:17:05+00:00
trackb_rev_ALBT_20260616,0.323,,,,,0.385,0.286,,,,,,-19.4366,pending,,2026-06-26T04:17:05+00:00
trackb_rev_ALBT_20260617,0.3,,,,,0.385,0.287,,,,,,-19.1549,pending,,2026-06-26T04:17:05+00:00
trackb_rev_ALBT_20260618,,,,,,0.363,0.287,,,,,,-20.2778,pending,,2026-06-26T04:17:05+00:00
trackb_rev_ALBT_20260619,,,,,,0.363,0.287,,,,,,-20.2778,pending,,2026-06-26T04:17:05+00:00
trackb_rev_ALBT_20260622,,,,,,0.363,0.287,,,,,,-20.2778,pending,,2026-06-26T04:17:05+00:00
trackb_rev_ALGN_20260609,179.520004,170.899994,,,,185.0,165.5,,,,,,-3.807,pending,,2026-06-26T04:17:01+00:00
trackb_rev_ALGN_20260610,173.529999,175.710007,,,,185.0,165.5,,,,,,-3.807,pending,,2026-06-26T04:17:01+00:00
trackb_rev_ALGN_20260612,173.759995,,,,,185.0,165.5,,,,,,-6.2376,pending,,2026-06-26T04:17:01+00:00
trackb_rev_ALGN_20260625,,,,,,176.699997,171.539993,,,,,,0.3745,pending,,2026-06-26T04:17:01+00:00
trackb_rev_ALGT_20260612,102.18,,,,,114.019997,86.959999,,,,,,1.0693,pending,,2026-06-26T04:16:11+00:00
trackb_rev_ALG_20260616,163.520004,,,,,170.210007,149.820007,,,,,,-2.7963,pending,,2026-06-26T04:18:24+00:00
trackb_rev_ALG_20260617,168.039993,,,,,170.210007,152.630005,,,,,,-0.9732,pending,,2026-06-26T04:18:24+00:00
trackb_rev_ALG_20260618,,,,,,170.210007,154.910004,,,,,,0.5061,pending,,2026-06-26T04:18:24+00:00
trackb_rev_ALG_20260619,,,,,,170.210007,154.910004,,,,,,0.5061,pending,,2026-06-26T04:18:24+00:00
trackb_rev_ALG_20260622,,,,,,170.210007,154.910004,,,,,,-3.9913,pending,,2026-06-26T04:18:24+00:00
trackb_rev_ALM_20260610,18.280001,16.450001,,,,19.639999,15.11,,,,,,-8.1459,pending,,2026-06-26T04:16:21+00:00
trackb_rev_ALSN_20260615,117.0,,,,,125.900002,116.529999,,,,,,-3.2223,pending,,2026-06-26T04:17:57+00:00
trackb_rev_ALSN_20260616,119.68,,,,,125.900002,116.529999,,,,,,-3.3307,pending,,2026-06-26T04:17:57+00:00
trackb_rev_ALSN_20260617,124.519997,,,,,125.900002,116.529999,,,,,,-3.3307,pending,,2026-06-26T04:17:57+00:00
trackb_rev_ALSN_20260618,,,,,,125.900002,116.529999,,,,,,-3.3307,pending,,2026-06-26T04:17:57+00:00
trackb_rev_ALSN_20260619,,,,,,125.900002,116.529999,,,,,,-3.3307,pending,,2026-06-26T04:17:57+00:00
trackb_rev_ALSN_20260622,,,,,,125.900002,116.529999,,,,,,-2.1579,pending,,2026-06-26T04:17:57+00:00
trackb_rev_ALSN_20260623,,,,,,125.900002,116.529999,,,,,,-3.7896,pending,,2026-06-26T04:17:57+00:00
trackb_rev_ALSN_20260624,,,,,,125.900002,116.529999,,,,,,-3.7896,pending,,2026-06-26T04:17:57+00:00
trackb_rev_ALSN_20260625,,,,,,125.900002,121.269997,,,,,,1.3285,pending,,2026-06-26T04:17:57+00:00
trackb_rev_ALTG_20260611,7.67,,,,,7.88,6.27,,,,,,-2.3364,pending,,2026-06-26T04:17:26+00:00
trackb_rev_AME_20260616,235.380005,,,,,244.710007,230.529999,,,,,,-0.065,pending,,2026-06-26T04:18:17+00:00
trackb_rev_AME_20260617,240.949997,,,,,244.710007,230.529999,,,,,,-0.065,pending,,2026-06-26T04:18:17+00:00
trackb_rev_AMGN_20260623,,,,,,359.100006,345.48999,,,,,,0.2234,pending,,2026-06-26T04:17:06+00:00
trackb_rev_AMGN_20260624,,,,,,359.100006,346.0,,,,,,0.3713,pending,,2026-06-26T04:17:06+00:00
trackb_rev_AMLX_20260616,17.0,,,,,18.74,14.81,,,,,,-4.2044,pending,,2026-06-26T04:18:26+00:00
trackb_rev_AMLX_20260617,17.440001,,,,,18.74,15.025,,,,,,-2.8137,pending,,2026-06-26T04:18:26+00:00
trackb_rev_AMLX_20260618,,,,,,18.74,15.315,,,,,,-0.9379,pending,,2026-06-26T04:18:26+00:00
trackb_rev_AMLX_20260619,,,,,,18.74,15.71,,,,,,1.6171,pending,,2026-06-26T04:18:26+00:00
trackb_rev_AMPX_20260616,12.52,,,,,16.799999,11.755,,,,,,-30.3407,pending,,2026-06-26T04:15:30+00:00
trackb_rev_AMPX_20260617,12.56,,,,,16.629999,11.755,,,,,,-30.3407,pending,,2026-06-26T04:15:30+00:00
trackb_rev_AMPX_20260618,,,,,,16.629999,11.755,,,,,,-30.3407,pending,,2026-06-26T04:15:30+00:00
trackb_rev_AMPX_20260619,,,,,,16.629999,11.755,,,,,,-30.3407,pending,,2026-06-26T04:15:30+00:00
trackb_rev_AMRZ_20260609,55.619999,54.529999,,,,56.990002,50.41,,,,,,-0.7677,pending,,2026-06-26T04:15:28+00:00
trackb_rev_AMRZ_20260611,55.349998,,,,,56.990002,50.41,,,,,,-0.198,pending,,2026-06-26T04:15:28+00:00
trackb_rev_AMRZ_20260615,52.799999,,,,,56.990002,52.450001,,,,,,-5.5806,pending,,2026-06-26T04:15:28+00:00
trackb_rev_AMRZ_20260616,54.529999,,,,,56.990002,52.450001,,,,,,-4.0256,pending,,2026-06-26T04:15:28+00:00
trackb_rev_AMRZ_20260617,55.880001,,,,,56.990002,52.450001,,,,,,-4.0256,pending,,2026-06-26T04:15:28+00:00
trackb_rev_AMRZ_20260618,,,,,,56.630001,52.450001,,,,,,-4.0256,pending,,2026-06-26T04:15:28+00:00
trackb_rev_AMRZ_20260619,,,,,,56.435001,52.450001,,,,,,-4.0256,pending,,2026-06-26T04:15:28+00:00
trackb_rev_AMR_20260611,185.770004,,,,,202.279999,159.339996,,,,,,-17.9886,pending,,2026-06-26T04:15:10+00:00
trackb_rev_AMSF_20260603,32.049999,31.219999,,,,32.709999,30.049999,,,,,,-1.5722,pending,,2026-06-26T04:16:36+00:00
trackb_rev_AMSF_20260604,31.799999,31.32,,,,32.709999,30.049999,,,,,,-1.5722,pending,,2026-06-26T04:16:36+00:00
trackb_rev_AMSF_20260605,31.530001,31.4,,,,32.709999,30.879999,,,,,,1.1464,pending,,2026-06-26T04:16:36+00:00
trackb_rev_AMSF_20260622,,,,,,32.709999,31.139999,,,,,,-0.5747,pending,,2026-06-26T04:16:36+00:00
trackb_rev_AMT_20260618,,,,,,181.899994,167.240005,,,,,,-7.6379,pending,,2026-06-26T04:15:34+00:00
trackb_rev_AMT_20260619,,,,,,180.470001,167.240005,,,,,,-7.6379,pending,,2026-06-26T04:15:34+00:00
trackb_rev_AMT_20260622,,,,,,180.470001,167.240005,,,,,,-7.6379,pending,,2026-06-26T04:15:34+00:00
trackb_rev_AMT_20260623,,,,,,180.470001,167.240005,,,,,,-5.2089,pending,,2026-06-26T04:15:34+00:00
trackb_rev_AMT_20260624,,,,,,180.470001,167.240005,,,,,,-5.2089,pending,,2026-06-26T04:15:34+00:00
trackb_rev_AM_20260622,,,,,,22.950001,21.610001,,,,,,1.0285,pending,,2026-06-26T04:18:48+00:00
trackb_rev_ANDE_20260616,70.660004,,,,,72.290001,67.239998,,,,,,-3.3491,pending,,2026-06-26T04:17:32+00:00
trackb_rev_ANDE_20260617,71.150002,,,,,72.290001,67.239998,,,,,,-3.3491,pending,,2026-06-26T04:17:32+00:00
trackb_rev_ANDE_20260618,,,,,,72.290001,68.449997,,,,,,-1.6099,pending,,2026-06-26T04:17:32+00:00
trackb_rev_ANDE_20260619,,,,,,72.290001,68.449997,,,,,,-1.6099,pending,,2026-06-26T04:17:32+00:00
trackb_rev_ANDE_20260622,,,,,,72.290001,68.449997,,,,,,-3.8894,pending,,2026-06-26T04:17:32+00:00
trackb_rev_ANDE_20260623,,,,,,71.5,68.449997,,,,,,-3.8894,pending,,2026-06-26T04:17:32+00:00
trackb_rev_ANF_20260603,85.330002,84.709999,,,,94.809998,73.919998,,,,,,-1.9108,pending,,2026-06-26T04:16:37+00:00
trackb_rev_ANF_20260604,90.620003,87.239998,,,,94.809998,74.419998,,,,,,-1.2473,pending,,2026-06-26T04:16:37+00:00
trackb_rev_ANF_20260605,90.57,86.07,,,,94.809998,74.419998,,,,,,-1.2473,pending,,2026-06-26T04:16:37+00:00
trackb_rev_ANF_20260608,91.099998,84.220001,,,,94.809998,75.370003,,,,,,0.0398,pending,,2026-06-26T04:16:37+00:00
trackb_rev_ANF_20260609,89.059998,88.830002,,,,94.809998,81.099998,,,,,,1.9869,pending,,2026-06-26T04:16:37+00:00
trackb_rev_ANF_20260611,87.239998,,,,,94.809998,83.980003,,,,,,-1.5821,pending,,2026-06-26T04:16:37+00:00
trackb_rev_AN_20260612,188.300003,,,,,197.759995,184.979996,,,,,,-4.6839,pending,,2026-06-26T04:17:39+00:00
trackb_rev_AN_20260616,194.850006,,,,,197.759995,184.979996,,,,,,-5.0849,pending,,2026-06-26T04:17:39+00:00
trackb_rev_AN_20260617,192.050003,,,,,197.149994,184.979996,,,,,,-5.0849,pending,,2026-06-26T04:17:39+00:00
trackb_rev_AN_20260618,,,,,,196.610001,184.979996,,,,,,-5.0849,pending,,2026-06-26T04:17:39+00:00
trackb_rev_AN_20260619,,,,,,196.610001,184.979996,,,,,,-5.0849,pending,,2026-06-26T04:17:39+00:00
trackb_rev_APEI_20260616,52.130001,,,,,54.700001,50.610001,,,,,,-1.8615,pending,,2026-06-26T04:18:33+00:00
trackb_rev_APEI_20260617,53.529999,,,,,54.700001,50.900002,,,,,,-1.2992,pending,,2026-06-26T04:18:33+00:00
trackb_rev_APEI_20260618,,,,,,54.700001,50.900002,,,,,,-2.6769,pending,,2026-06-26T04:18:33+00:00
trackb_rev_APEI_20260619,,,,,,54.700001,51.689999,,,,,,-1.1664,pending,,2026-06-26T04:18:33+00:00
trackb_rev_APEI_20260622,,,,,,54.700001,51.689999,,,,,,-1.9537,pending,,2026-06-26T04:18:33+00:00
trackb_rev_APEI_20260623,,,,,,54.700001,51.689999,,,,,,-4.2246,pending,,2026-06-26T04:18:33+00:00
trackb_rev_APEI_20260624,,,,,,53.740002,51.689999,,,,,,-4.2246,pending,,2026-06-26T04:18:33+00:00
trackb_rev_APEI_20260625,,,,,,53.689999,51.790001,,,,,,-4.0393,pending,,2026-06-26T04:18:33+00:00
trackb_rev_APG_20260616,41.950001,,,,,43.139999,41.32,,,,,,-0.0484,pending,,2026-06-26T04:18:32+00:00
trackb_rev_APG_20260617,41.68,,,,,43.139999,41.32,,,,,,-0.0484,pending,,2026-06-26T04:18:32+00:00
trackb_rev_APG_20260618,,,,,,43.139999,41.32,,,,,,-0.0484,pending,,2026-06-26T04:18:32+00:00
trackb_rev_APG_20260619,,,,,,43.139999,41.32,,,,,,-0.0484,pending,,2026-06-26T04:18:32+00:00
trackb_rev_APG_20260623,,,,,,43.139999,41.32,,,,,,-3.4128,pending,,2026-06-26T04:18:32+00:00
trackb_rev_APG_20260624,,,,,,43.139999,41.369999,,,,,,-3.2959,pending,,2026-06-26T04:18:32+00:00
trackb_rev_APG_20260625,,,,,,43.139999,41.369999,,,,,,-3.2959,pending,,2026-06-26T04:18:32+00:00
trackb_rev_ARCC_20260618,,,,,,18.299999,17.719999,,,,,,-2.4229,pending,,2026-06-26T04:17:30+00:00
trackb_rev_ARCC_20260619,,,,,,18.209999,17.719999,,,,,,-2.4229,pending,,2026-06-26T04:17:30+00:00
trackb_rev_ARCC_20260622,,,,,,18.209999,17.719999,,,,,,-1.7194,pending,,2026-06-26T04:17:30+00:00
trackb_rev_ARCC_20260623,,,,,,18.059999,17.719999,,,,,,-0.6726,pending,,2026-06-26T04:17:30+00:00
trackb_rev_ARCC_20260624,,,,,,18.059999,17.790001,,,,,,-0.2803,pending,,2026-06-26T04:17:30+00:00
trackb_rev_AREC_20260610,2.11,1.86,,,,2.305,1.85,,,,,,-14.1531,pending,,2026-06-26T04:15:14+00:00
trackb_rev_AREC_20260616,1.97,,,,,2.29,1.85,,,,,,-17.4107,pending,,2026-06-26T04:15:14+00:00
trackb_rev_AREC_20260617,1.86,,,,,2.29,1.85,,,,,,-17.4107,pending,,2026-06-26T04:15:14+00:00
trackb_rev_ARES_20260625,,,,,,118.160004,111.690002,,,,,,-1.9145,pending,,2026-06-26T04:16:19+00:00
trackb_rev_ARI_20260622,,,,,,10.91,10.6,,,,,,-2.1237,pending,,2026-06-26T04:16:20+00:00
trackb_rev_ARI_20260623,,,,,,10.91,10.6,,,,,,-1.3953,pending,,2026-06-26T04:16:20+00:00
trackb_rev_ARI_20260624,,,,,,10.91,10.6,,,,,,-1.3953,pending,,2026-06-26T04:16:20+00:00
trackb_rev_ARLO_20260612,13.22,,,,,13.52,12.29,,,,,,-3.3045,pending,,2026-06-26T04:17:42+00:00
trackb_rev_ARRY_20260611,8.0,,,,,8.685,6.82,,,,,,-0.2195,pending,,2026-06-26T04:15:39+00:00
trackb_rev_ARR_20260618,,,,,,17.17,16.469999,,,,,,-2.0226,pending,,2026-06-26T04:15:46+00:00
trackb_rev_ARR_20260619,,,,,,17.17,16.469999,,,,,,-2.0226,pending,,2026-06-26T04:15:46+00:00
trackb_rev_ARR_20260622,,,,,,17.17,16.469999,,,,,,-1.7303,pending,,2026-06-26T04:15:46+00:00
trackb_rev_ARR_20260623,,,,,,17.17,16.469999,,,,,,-1.7303,pending,,2026-06-26T04:15:46+00:00
trackb_rev_ARR_20260625,,,,,,17.17,16.950001,,,,,,0.0,pending,,2026-06-26T04:15:46+00:00
trackb_rev_ASIX_20260609,21.299999,19.77,,,,22.879999,18.875,,,,,,-11.6752,pending,,2026-06-26T04:17:04+00:00
trackb_rev_ASO_20260608,49.25,49.700001,,,,57.139999,47.799999,,,,,,-7.6329,pending,,2026-06-26T04:16:51+00:00
trackb_rev_ASO_20260611,51.82,,,,,53.709999,47.799999,,,,,,-4.17,pending,,2026-06-26T04:16:51+00:00
trackb_rev_ASTE_20260616,59.060001,,,,,63.060001,51.959999,,,,,,-0.6881,pending,,2026-06-26T04:18:23+00:00
trackb_rev_ASTE_20260617,61.740002,,,,,63.060001,52.610001,,,,,,0.5543,pending,,2026-06-26T04:18:23+00:00
trackb_rev_ASTE_20260618,,,,,,63.060001,54.0,,,,,,3.211,pending,,2026-06-26T04:18:23+00:00
trackb_rev_ASTE_20260619,,,,,,63.060001,55.299999,,,,,,5.6957,pending,,2026-06-26T04:18:23+00:00
trackb_rev_ASTE_20260622,,,,,,63.060001,55.299999,,,,,,-1.4612,pending,,2026-06-26T04:18:23+00:00
trackb_rev_ASTS_20260612,73.190002,,,,,97.730003,63.720001,,,,,,-34.6863,pending,,2026-06-26T04:16:03+00:00
trackb_rev_ATMU_20260623,,,,,,54.259998,49.709999,,,,,,-4.6239,pending,,2026-06-26T04:18:53+00:00
trackb_rev_ATMU_20260624,,,,,,54.259998,49.709999,,,,,,-4.6239,pending,,2026-06-26T04:18:53+00:00
trackb_rev_ATMU_20260625,,,,,,54.259998,50.779999,,,,,,-2.571,pending,,2026-06-26T04:18:53+00:00
trackb_rev_AVAV_20260616,142.179993,,,,,172.990005,135.199997,,,,,,-22.1534,pending,,2026-06-26T04:16:02+00:00
trackb_rev_AVAV_20260617,136.679993,,,,,172.990005,135.199997,,,,,,-22.1534,pending,,2026-06-26T04:16:02+00:00
trackb_rev_AVB_20260618,,,,,,187.5,176.130005,,,,,,-2.8436,pending,,2026-06-26T04:16:41+00:00
trackb_rev_AVB_20260619,,,,,,187.5,176.130005,,,,,,-2.8436,pending,,2026-06-26T04:16:41+00:00
trackb_rev_AVB_20260622,,,,,,187.5,176.130005,,,,,,-0.6711,pending,,2026-06-26T04:16:41+00:00
trackb_rev_AVB_20260623,,,,,,187.5,180.179993,,,,,,1.6129,pending,,2026-06-26T04:16:41+00:00
trackb_rev_AVD_20260625,,,,,,2.72,2.54,,,,,,-3.4221,pending,,2026-06-26T04:17:23+00:00
trackb_rev_AVGO_20260609,376.709991,382.070007,,,,414.640015,370.329987,,,,,,-6.6238,pending,,2026-06-26T04:15:13+00:00
trackb_rev_AVGO_20260610,392.899994,378.910004,,,,414.640015,370.549988,,,,,,-6.5683,pending,,2026-06-26T04:15:13+00:00
trackb_rev_AVGO_20260611,411.350006,,,,,414.640015,370.549988,,,,,,-0.4166,pending,,2026-06-26T04:15:13+00:00
trackb_rev_AVGO_20260612,392.130005,,,,,414.640015,372.700012,,,,,,-3.3379,pending,,2026-06-26T04:15:13+00:00
trackb_rev_AVY_20260622,,,,,,168.0,156.610001,,,,,,-1.3045,pending,,2026-06-26T04:18:47+00:00
trackb_rev_AVY_20260623,,,,,,168.0,157.009995,,,,,,-0.2985,pending,,2026-06-26T04:18:47+00:00
trackb_rev_AVY_20260624,,,,,,168.0,158.240005,,,,,,0.4826,pending,,2026-06-26T04:18:47+00:00
trackb_rev_AVY_20260625,,,,,,168.0,162.5,,,,,,-0.3984,pending,,2026-06-26T04:18:47+00:00
trackb_rev_AWI_20260625,,,,,,163.539993,158.740005,,,,,,0.6595,pending,,2026-06-26T04:19:01+00:00
trackb_rev_AWK_20260616,129.639999,,,,,131.389999,124.480003,,,,,,-2.361,pending,,2026-06-26T04:18:33+00:00
trackb_rev_AWK_20260617,130.0,,,,,131.389999,124.480003,,,,,,-2.361,pending,,2026-06-26T04:18:33+00:00
trackb_rev_AWK_20260618,,,,,,131.389999,124.529999,,,,,,-2.3218,pending,,2026-06-26T04:18:33+00:00
trackb_rev_AWK_20260619,,,,,,131.389999,124.650002,,,,,,-2.2276,pending,,2026-06-26T04:18:33+00:00
trackb_rev_AWK_20260622,,,,,,131.389999,124.650002,,,,,,-0.3358,pending,,2026-06-26T04:18:33+00:00
trackb_rev_AWK_20260623,,,,,,131.389999,125.690002,,,,,,0.6164,pending,,2026-06-26T04:18:33+00:00
trackb_rev_AWK_20260624,,,,,,131.389999,126.370003,,,,,,1.1607,pending,,2026-06-26T04:18:33+00:00
trackb_rev_AWK_20260625,,,,,,131.389999,128.619995,,,,,,2.9619,pending,,2026-06-26T04:18:33+00:00
trackb_rev_AYI_20260612,321.670013,,,,,375.0,284.399994,,,,,,-1.4553,pending,,2026-06-26T04:15:04+00:00
trackb_rev_AZO_20260625,,,,,,3134.590088,3050.030029,,,,,,-1.2222,pending,,2026-06-26T04:18:58+00:00
trackb_rev_BAER_20260609,1.84,1.72,,,,1.995,1.655,,,,,,-13.8021,pending,,2026-06-26T04:17:03+00:00
trackb_rev_BAER_20260610,1.92,1.66,,,,1.995,1.655,,,,,,-13.8021,pending,,2026-06-26T04:17:03+00:00
trackb_rev_BAH_20260612,63.330002,,,,,77.959999,59.630001,,,,,,-22.7591,pending,,2026-06-26T04:16:16+00:00
trackb_rev_BAH_20260615,63.880001,,,,,77.870003,59.630001,,,,,,-22.5886,pending,,2026-06-26T04:16:16+00:00
trackb_rev_BAH_20260616,62.68,,,,,75.790001,59.630001,,,,,,-20.3021,pending,,2026-06-26T04:16:16+00:00
trackb_rev_BAH_20260617,59.709999,,,,,74.919998,59.630001,,,,,,-20.3021,pending,,2026-06-26T04:16:16+00:00
trackb_rev_BALL_20260618,,,,,,62.540001,57.080002,,,,,,-1.5353,pending,,2026-06-26T04:18:41+00:00
trackb_rev_BALL_20260619,,,,,,62.540001,57.080002,,,,,,-1.5353,pending,,2026-06-26T04:18:41+00:00
trackb_rev_BALL_20260622,,,,,,62.540001,57.080002,,,,,,-1.1088,pending,,2026-06-26T04:18:41+00:00
trackb_rev_BALL_20260623,,,,,,62.540001,58.119999,,,,,,-0.1375,pending,,2026-06-26T04:18:41+00:00
trackb_rev_BALL_20260624,,,,,,62.540001,60.77,,,,,,4.4158,pending,,2026-06-26T04:18:41+00:00
trackb_rev_BALL_20260625,,,,,,62.290001,61.029999,,,,,,4.8625,pending,,2026-06-26T04:18:41+00:00
trackb_rev_BBAI_20260616,3.52,,,,,4.11,3.36,,,,,,-18.2561,pending,,2026-06-26T04:15:57+00:00
trackb_rev_BBAI_20260617,3.41,,,,,4.03,3.36,,,,,,-18.2561,pending,,2026-06-26T04:15:57+00:00
trackb_rev_BBAI_20260618,,,,,,4.0,3.36,,,,,,-18.2561,pending,,2026-06-26T04:15:57+00:00
trackb_rev_BBAI_20260619,,,,,,4.0,3.36,,,,,,-18.2561,pending,,2026-06-26T04:15:57+00:00
trackb_rev_BBIO_20260618,,,,,,70.769997,65.591003,,,,,,-2.6695,pending,,2026-06-26T04:18:41+00:00
trackb_rev_BBIO_20260619,,,,,,70.769997,66.300003,,,,,,-1.6174,pending,,2026-06-26T04:18:41+00:00
trackb_rev_BBIO_20260622,,,,,,70.769997,66.300003,,,,,,0.0453,pending,,2026-06-26T04:18:41+00:00
trackb_rev_BBIO_20260623,,,,,,70.769997,68.029999,,,,,,2.6558,pending,,2026-06-26T04:18:41+00:00
trackb_rev_BBUC_20260610,31.91,32.009998,,,,33.580002,31.08,,,,,,-2.2026,pending,,2026-06-26T04:17:13+00:00
trackb_rev_BBWI_20260608,19.459999,20.719999,,,,22.530001,17.290001,,,,,,-0.8032,pending,,2026-06-26T04:16:52+00:00
trackb_rev_BBW_20260603,33.799999,31.6,,,,36.509998,30.73,,,,,,-13.607,pending,,2026-06-26T04:16:38+00:00
trackb_rev_BBW_20260604,33.889999,32.369999,,,,36.509998,30.73,,,,,,-13.607,pending,,2026-06-26T04:16:38+00:00
trackb_rev_BBW_20260605,32.130001,31.809999,,,,36.0,30.73,,,,,,-13.607,pending,,2026-06-26T04:16:38+00:00
trackb_rev_BBW_20260608,32.509998,30.76,,,,34.450001,30.73,,,,,,-13.607,pending,,2026-06-26T04:16:38+00:00
trackb_rev_BC_20260612,81.519997,,,,,88.589996,80.239998,,,,,,-1.6908,pending,,2026-06-26T04:17:22+00:00
trackb_rev_BDC_20260616,118.489998,,,,,128.479996,115.809998,,,,,,0.1817,pending,,2026-06-26T04:18:19+00:00
trackb_rev_BDC_20260617,121.32,,,,,128.479996,117.080002,,,,,,1.2803,pending,,2026-06-26T04:18:19+00:00
trackb_rev_BDC_20260618,,,,,,128.479996,117.080002,,,,,,1.2803,pending,,2026-06-26T04:18:19+00:00
trackb_rev_BDC_20260619,,,,,,125.230003,117.080002,,,,,,1.2803,pending,,2026-06-26T04:18:19+00:00
trackb_rev_BDX_20260612,140.710007,,,,,152.830002,140.110001,,,,,,-4.9135,pending,,2026-06-26T04:17:37+00:00
trackb_rev_BDX_20260616,147.770004,,,,,152.830002,140.110001,,,,,,-4.2964,pending,,2026-06-26T04:17:37+00:00
trackb_rev_BDX_20260617,151.380005,,,,,152.830002,140.110001,,,,,,-4.2964,pending,,2026-06-26T04:17:37+00:00
trackb_rev_BDX_20260618,,,,,,152.830002,140.110001,,,,,,-4.2964,pending,,2026-06-26T04:17:37+00:00
trackb_rev_BDX_20260619,,,,,,152.830002,140.110001,,,,,,-4.2964,pending,,2026-06-26T04:17:37+00:00
trackb_rev_BDX_20260622,,,,,,152.830002,140.110001,,,,,,-2.6879,pending,,2026-06-26T04:17:37+00:00
trackb_rev_BDX_20260623,,,,,,152.830002,141.25,,,,,,0.3838,pending,,2026-06-26T04:17:37+00:00
trackb_rev_BDX_20260624,,,,,,152.830002,144.610001,,,,,,2.7717,pending,,2026-06-26T04:17:37+00:00
trackb_rev_BDX_20260625,,,,,,152.830002,147.199997,,,,,,4.6123,pending,,2026-06-26T04:17:37+00:00
trackb_rev_BEPC_20260612,37.939999,,,,,38.880001,35.919998,,,,,,-4.6709,pending,,2026-06-26T04:15:45+00:00
trackb_rev_BEPC_20260616,37.650002,,,,,38.880001,35.919998,,,,,,-2.2851,pending,,2026-06-26T04:15:45+00:00
trackb_rev_BEPC_20260617,37.619999,,,,,38.880001,35.919998,,,,,,-2.2851,pending,,2026-06-26T04:15:45+00:00
trackb_rev_BEPC_20260618,,,,,,38.880001,36.32,,,,,,-1.197,pending,,2026-06-26T04:15:45+00:00
trackb_rev_BEPC_20260619,,,,,,38.880001,36.93,,,,,,0.4625,pending,,2026-06-26T04:15:45+00:00
trackb_rev_BETR_20260612,26.379999,,,,,30.5,24.056,,,,,,-0.1826,pending,,2026-06-26T04:17:44+00:00
trackb_rev_BF-A_20260618,,,,,,28.209999,25.709999,,,,,,0.7445,pending,,2026-06-26T04:18:40+00:00
trackb_rev_BF-A_20260619,,,,,,28.209999,26.41,,,,,,3.4875,pending,,2026-06-26T04:18:40+00:00
trackb_rev_BF-A_20260622,,,,,,28.209999,26.41,,,,,,-0.8634,pending,,2026-06-26T04:18:40+00:00
trackb_rev_BF-A_20260623,,,,,,28.209999,27.25,,,,,,2.2898,pending,,2026-06-26T04:18:40+00:00
trackb_rev_BF-A_20260625,,,,,,28.209999,27.34,,,,,,-2.6006,pending,,2026-06-26T04:18:40+00:00
trackb_rev_BF-B_20260618,,,,,,28.0,25.610001,,,,,,-0.7172,pending,,2026-06-26T04:18:06+00:00
trackb_rev_BF-B_20260619,,,,,,28.0,26.450001,,,,,,2.5393,pending,,2026-06-26T04:18:06+00:00
trackb_rev_BF-B_20260622,,,,,,28.0,26.450001,,,,,,-0.7132,pending,,2026-06-26T04:18:06+00:00
trackb_rev_BF-B_20260623,,,,,,28.0,27.02,,,,,,1.4264,pending,,2026-06-26T04:18:06+00:00
trackb_rev_BFRG_20260603,0.678,0.698,,,,0.78,0.504,,,,,,-31.9195,pending,,2026-06-26T04:16:37+00:00
trackb_rev_BFRG_20260604,0.628,0.723,,,,0.78,0.504,,,,,,-31.9195,pending,,2026-06-26T04:16:37+00:00
trackb_rev_BFRG_20260605,0.618,0.66,,,,0.755,0.504,,,,,,-31.9195,pending,,2026-06-26T04:16:37+00:00
trackb_rev_BFRG_20260608,0.639,0.662,,,,0.75,0.504,,,,,,-31.9195,pending,,2026-06-26T04:16:37+00:00
trackb_rev_BFRG_20260611,0.723,,,,,0.75,0.504,,,,,,-25.6637,pending,,2026-06-26T04:16:37+00:00
trackb_rev_BFRG_20260615,0.662,,,,,0.75,0.6,,,,,,-3.2258,pending,,2026-06-26T04:16:37+00:00
trackb_rev_BFRG_20260616,0.644,,,,,0.75,0.6,,,,,,-9.0909,pending,,2026-06-26T04:16:37+00:00
trackb_rev_BFRG_20260617,0.611,,,,,0.75,0.6,,,,,,-9.0909,pending,,2026-06-26T04:16:37+00:00
trackb_rev_BFRG_20260618,,,,,,0.73,0.6,,,,,,-9.0909,pending,,2026-06-26T04:16:37+00:00
trackb_rev_BFRG_20260619,,,,,,0.708,0.6,,,,,,-9.0909,pending,,2026-06-26T04:16:37+00:00
trackb_rev_BG_20260622,,,,,,113.099998,106.0,,,,,,-5.8447,pending,,2026-06-26T04:16:15+00:00
trackb_rev_BG_20260623,,,,,,112.589996,106.0,,,,,,-4.8645,pending,,2026-06-26T04:16:15+00:00
trackb_rev_BG_20260624,,,,,,111.57,106.0,,,,,,-4.8645,pending,,2026-06-26T04:16:15+00:00
trackb_rev_BJ_20260618,,,,,,87.900002,83.211998,,,,,,-3.3374,pending,,2026-06-26T04:18:37+00:00
trackb_rev_BJ_20260619,,,,,,87.900002,83.211998,,,,,,-3.3374,pending,,2026-06-26T04:18:37+00:00
trackb_rev_BJ_20260622,,,,,,87.900002,83.211998,,,,,,-2.3563,pending,,2026-06-26T04:18:37+00:00
trackb_rev_BJ_20260623,,,,,,87.900002,83.790001,,,,,,-1.678,pending,,2026-06-26T04:18:37+00:00
trackb_rev_BJ_20260625,,,,,,86.870003,85.550003,,,,,,-2.2397,pending,,2026-06-26T04:18:37+00:00
trackb_rev_BKH_20260623,,,,,,75.059998,72.629997,,,,,,-0.3977,pending,,2026-06-26T04:18:15+00:00
trackb_rev_BKH_20260624,,,,,,75.059998,73.559998,,,,,,0.8777,pending,,2026-06-26T04:18:15+00:00
trackb_rev_BKNG_20260603,160.639999,171.630005,,,,184.889999,158.119995,,,,,,-4.7011,pending,,2026-06-26T04:16:40+00:00
trackb_rev_BKNG_20260604,163.589996,171.779999,,,,184.889999,158.119995,,,,,,-4.7011,pending,,2026-06-26T04:16:40+00:00
trackb_rev_BKNG_20260605,164.940002,167.770004,,,,184.889999,158.119995,,,,,,-4.7011,pending,,2026-06-26T04:16:40+00:00
trackb_rev_BKNG_20260608,174.639999,168.940002,,,,184.889999,158.119995,,,,,,-4.7011,pending,,2026-06-26T04:16:40+00:00
trackb_rev_BKNG_20260610,171.630005,177.050003,,,,184.889999,158.119995,,,,,,-2.5755,pending,,2026-06-26T04:16:40+00:00
trackb_rev_BKNG_20260616,181.25,,,,,184.889999,164.130005,,,,,,-5.7374,pending,,2026-06-26T04:16:40+00:00
trackb_rev_BKNG_20260617,177.050003,,,,,184.889999,164.130005,,,,,,-5.7374,pending,,2026-06-26T04:16:40+00:00
trackb_rev_BKNG_20260618,,,,,,184.889999,164.130005,,,,,,-5.7374,pending,,2026-06-26T04:16:40+00:00
trackb_rev_BKNG_20260619,,,,,,184.889999,164.130005,,,,,,-5.7374,pending,,2026-06-26T04:16:40+00:00
trackb_rev_BKSY_20260610,29.52,24.35,,,,35.98,24.0,,,,,,-29.9883,pending,,2026-06-26T04:17:11+00:00
trackb_rev_BLDR_20260608,77.809998,76.730003,,,,90.110001,71.5,,,,,,-2.906,pending,,2026-06-26T04:16:50+00:00
trackb_rev_BLDR_20260609,78.739998,85.410004,,,,90.110001,72.660004,,,,,,-0.6291,pending,,2026-06-26T04:16:50+00:00
trackb_rev_BLDR_20260611,80.589996,,,,,90.110001,72.660004,,,,,,-2.6266,pending,,2026-06-26T04:16:50+00:00
trackb_rev_BLDR_20260616,85.410004,,,,,90.110001,75.940002,,,,,,-3.4763,pending,,2026-06-26T04:16:50+00:00
trackb_rev_BLDR_20260617,88.720001,,,,,90.110001,75.940002,,,,,,-3.4763,pending,,2026-06-26T04:16:50+00:00
trackb_rev_BLDR_20260618,,,,,,90.110001,76.019997,,,,,,-3.3746,pending,,2026-06-26T04:16:50+00:00
trackb_rev_BLDR_20260619,,,,,,90.110001,76.019997,,,,,,-3.3746,pending,,2026-06-26T04:16:50+00:00
trackb_rev_BLDR_20260622,,,,,,90.110001,76.019997,,,,,,-5.6707,pending,,2026-06-26T04:16:50+00:00
trackb_rev_BLDR_20260623,,,,,,90.110001,76.019997,,,,,,-5.6707,pending,,2026-06-26T04:16:50+00:00
trackb_rev_BLK_20260625,,,,,,1002.469971,966.130005,,,,,,-1.6762,pending,,2026-06-26T04:18:34+00:00
trackb_rev_BMI_20260603,128.429993,134.649994,,,,141.5,124.449997,,,,,,-3.0612,pending,,2026-06-26T04:16:29+00:00
trackb_rev_BMI_20260604,130.520004,135.5,,,,141.5,125.599998,,,,,,-2.1654,pending,,2026-06-26T04:16:29+00:00
trackb_rev_BMI_20260605,131.729996,134.820007,,,,141.5,125.599998,,,,,,-2.1654,pending,,2026-06-26T04:16:29+00:00
trackb_rev_BMI_20260608,134.399994,127.809998,,,,141.5,126.0,,,,,,-0.4189,pending,,2026-06-26T04:16:29+00:00
trackb_rev_BMI_20260609,135.380005,133.580002,,,,141.5,126.160004,,,,,,-3.207,pending,,2026-06-26T04:16:29+00:00
trackb_rev_BMI_20260610,134.649994,140.899994,,,,141.5,126.160004,,,,,,-3.207,pending,,2026-06-26T04:16:29+00:00
trackb_rev_BMY_20260603,55.599998,55.279999,,,,57.82,53.439999,,,,,,-2.4016,pending,,2026-06-26T04:16:38+00:00
trackb_rev_BMY_20260604,56.900002,54.0,,,,57.82,53.439999,,,,,,-2.4016,pending,,2026-06-26T04:16:38+00:00
trackb_rev_BMY_20260605,57.130001,54.700001,,,,57.82,53.439999,,,,,,-2.4016,pending,,2026-06-26T04:16:38+00:00
trackb_rev_BMY_20260625,,,,,,56.189999,55.02,,,,,,0.0364,pending,,2026-06-26T04:16:38+00:00
trackb_rev_BOOM_20260625,,,,,,6.27,5.92,,,,,,-4.5161,pending,,2026-06-26T04:18:45+00:00
trackb_rev_BOXL_20260610,0.677,4.5,,,,8.42,0.672,,,,,,-3.8627,pending,,2026-06-26T04:17:13+00:00
trackb_rev_BRBR_20260623,,,,,,12.545,10.181,,,,,,0.1082,pending,,2026-06-26T04:18:52+00:00
trackb_rev_BRBR_20260624,,,,,,12.545,11.19,,,,,,10.0295,pending,,2026-06-26T04:18:52+00:00
trackb_rev_BRBR_20260625,,,,,,11.915,11.35,,,,,,11.6028,pending,,2026-06-26T04:18:52+00:00
trackb_rev_BRC_20260611,85.309998,,,,,90.389999,77.610001,,,,,,-0.3339,pending,,2026-06-26T04:15:26+00:00
trackb_rev_BRC_20260612,85.110001,,,,,90.389999,80.389999,,,,,,-0.9609,pending,,2026-06-26T04:15:26+00:00
trackb_rev_BRO_20260615,60.400002,,,,,62.34,58.049999,,,,,,-2.8614,pending,,2026-06-26T04:17:59+00:00
trackb_rev_BRO_20260616,61.799999,,,,,62.34,58.049999,,,,,,-2.4206,pending,,2026-06-26T04:17:59+00:00
trackb_rev_BRO_20260617,60.830002,,,,,62.34,58.049999,,,,,,-2.4206,pending,,2026-06-26T04:17:59+00:00
trackb_rev_BRO_20260618,,,,,,62.34,58.049999,,,,,,-1.6768,pending,,2026-06-26T04:17:59+00:00
trackb_rev_BRO_20260619,,,,,,62.34,58.139999,,,,,,-1.5244,pending,,2026-06-26T04:17:59+00:00
trackb_rev_BRO_20260622,,,,,,62.34,58.139999,,,,,,-1.5244,pending,,2026-06-26T04:17:59+00:00
trackb_rev_BR_20260611,137.600006,,,,,147.130005,133.830002,,,,,,-8.611,pending,,2026-06-26T04:17:25+00:00
trackb_rev_BR_20260616,140.100006,,,,,146.169998,133.830002,,,,,,-7.0238,pending,,2026-06-26T04:17:25+00:00
trackb_rev_BR_20260617,136.259995,,,,,146.169998,133.830002,,,,,,-7.0238,pending,,2026-06-26T04:17:25+00:00
trackb_rev_BR_20260618,,,,,,142.839996,133.830002,,,,,,-7.0238,pending,,2026-06-26T04:17:25+00:00
trackb_rev_BR_20260619,,,,,,142.839996,133.830002,,,,,,-7.0238,pending,,2026-06-26T04:17:25+00:00
trackb_rev_BXMT_20260616,17.469999,,,,,18.58,17.110001,,,,,,-5.9373,pending,,2026-06-26T04:18:26+00:00
trackb_rev_BXMT_20260617,17.35,,,,,18.459999,17.110001,,,,,,-5.9373,pending,,2026-06-26T04:18:26+00:00
trackb_rev_BXMT_20260618,,,,,,18.33,17.110001,,,,,,-5.2697,pending,,2026-06-26T04:18:26+00:00
trackb_rev_BXMT_20260619,,,,,,18.33,17.110001,,,,,,-5.2697,pending,,2026-06-26T04:18:26+00:00
trackb_rev_BXMT_20260622,,,,,,18.33,17.110001,,,,,,-5.2697,pending,,2026-06-26T04:18:26+00:00
trackb_rev_BXMT_20260623,,,,,,18.33,17.110001,,,,,,-4.9972,pending,,2026-06-26T04:18:26+00:00
trackb_rev_BXMT_20260624,,,,,,18.33,17.110001,,,,,,-4.9972,pending,,2026-06-26T04:18:26+00:00
trackb_rev_BXMT_20260625,,,,,,17.67,17.110001,,,,,,-2.0607,pending,,2026-06-26T04:18:26+00:00
trackb_rev_BYD_20260622,,,,,,90.129997,85.599998,,,,,,1.0864,pending,,2026-06-26T04:16:19+00:00
trackb_rev_BYD_20260623,,,,,,90.129997,85.919998,,,,,,-0.498,pending,,2026-06-26T04:16:19+00:00
trackb_rev_BYD_20260624,,,,,,90.129997,86.629997,,,,,,0.3243,pending,,2026-06-26T04:16:19+00:00
trackb_rev_CACI_20260603,521.140015,494.940002,,,,544.23999,434.700012,,,,,,-18.1659,pending,,2026-06-26T04:16:29+00:00
trackb_rev_CACI_20260604,525.419983,466.420013,,,,544.23999,434.700012,,,,,,-18.1659,pending,,2026-06-26T04:16:29+00:00
trackb_rev_CACI_20260605,519.400024,449.720001,,,,544.23999,434.700012,,,,,,-18.1659,pending,,2026-06-26T04:16:29+00:00
trackb_rev_CACI_20260608,507.559998,467.679993,,,,537.799988,434.700012,,,,,,-18.1659,pending,,2026-06-26T04:16:29+00:00
trackb_rev_CACI_20260623,,,,,,475.959991,439.799988,,,,,,-2.2058,pending,,2026-06-26T04:16:29+00:00
trackb_rev_CACI_20260624,,,,,,475.959991,439.799988,,,,,,-2.2058,pending,,2026-06-26T04:16:29+00:00
trackb_rev_CACI_20260625,,,,,,460.769989,439.799988,,,,,,-2.2058,pending,,2026-06-26T04:16:29+00:00
trackb_rev_CAG_20260625,,,,,,14.0,13.65,,,,,,0.2939,pending,,2026-06-26T04:18:59+00:00
trackb_rev_CAH_20260603,216.300003,226.279999,,,,237.789993,195.509995,,,,,,-0.7009,pending,,2026-06-26T04:16:28+00:00
trackb_rev_CAH_20260604,221.160004,221.770004,,,,237.789993,197.529999,,,,,,0.3251,pending,,2026-06-26T04:16:28+00:00
trackb_rev_CAH_20260605,223.850006,222.740005,,,,237.789993,201.0,,,,,,2.0875,pending,,2026-06-26T04:16:28+00:00
trackb_rev_CAH_20260608,226.399994,228.910004,,,,237.789993,201.0,,,,,,2.0875,pending,,2026-06-26T04:16:28+00:00
trackb_rev_CAL_20260610,12.49,12.47,,,,15.01,12.19,,,,,,-10.5649,pending,,2026-06-26T04:15:34+00:00
trackb_rev_CARG_20260625,,,,,,31.74,30.74,,,,,,-1.4744,pending,,2026-06-26T04:18:59+00:00
trackb_rev_CAR_20260603,186.830002,180.880005,,,,197.279999,163.550003,,,,,,-6.1002,pending,,2026-06-26T04:16:28+00:00
trackb_rev_CAR_20260604,189.610001,188.429993,,,,197.279999,163.550003,,,,,,-6.1002,pending,,2026-06-26T04:16:28+00:00
trackb_rev_CAR_20260605,187.119995,186.279999,,,,197.279999,163.550003,,,,,,-6.1002,pending,,2026-06-26T04:16:28+00:00
trackb_rev_CAR_20260608,190.070007,190.460007,,,,197.279999,163.550003,,,,,,-6.1002,pending,,2026-06-26T04:16:28+00:00
trackb_rev_CAR_20260610,180.880005,165.199997,,,,197.279999,163.550003,,,,,,-8.6823,pending,,2026-06-26T04:16:28+00:00
trackb_rev_CAR_20260612,186.279999,,,,,197.279999,163.550003,,,,,,-13.744,pending,,2026-06-26T04:16:28+00:00
trackb_rev_CAR_20260616,175.289993,,,,,197.279999,163.550003,,,,,,-13.5708,pending,,2026-06-26T04:16:28+00:00
trackb_rev_CAR_20260617,165.199997,,,,,197.279999,163.550003,,,,,,-13.5708,pending,,2026-06-26T04:16:28+00:00
trackb_rev_CAR_20260618,,,,,,197.279999,163.550003,,,,,,-13.5708,pending,,2026-06-26T04:16:28+00:00
trackb_rev_CAR_20260619,,,,,,197.279999,163.550003,,,,,,-13.5708,pending,,2026-06-26T04:16:28+00:00
trackb_rev_CAR_20260622,,,,,,197.279999,163.550003,,,,,,-13.2038,pending,,2026-06-26T04:16:28+00:00
trackb_rev_CAR_20260623,,,,,,197.279999,163.550003,,,,,,-12.2021,pending,,2026-06-26T04:16:28+00:00
trackb_rev_CAR_20260624,,,,,,186.580002,163.550003,,,,,,-12.2021,pending,,2026-06-26T04:16:28+00:00
trackb_rev_CAR_20260625,,,,,,176.5,163.550003,,,,,,-12.2021,pending,,2026-06-26T04:16:28+00:00
trackb_rev_CAVA_20260625,,,,,,85.010002,82.900002,,,,,,0.8025,pending,,2026-06-26T04:18:00+00:00
trackb_rev_CBRE_20260616,133.940002,,,,,138.110001,128.550003,,,,,,-3.974,pending,,2026-06-26T04:18:18+00:00
trackb_rev_CBRE_20260617,134.580002,,,,,138.110001,128.550003,,,,,,-3.974,pending,,2026-06-26T04:18:18+00:00
trackb_rev_CBRE_20260618,,,,,,137.25,128.550003,,,,,,-3.974,pending,,2026-06-26T04:18:18+00:00
trackb_rev_CBRE_20260619,,,,,,137.25,128.550003,,,,,,-3.974,pending,,2026-06-26T04:18:18+00:00
trackb_rev_CBRE_20260622,,,,,,137.25,128.550003,,,,,,-2.2805,pending,,2026-06-26T04:18:18+00:00
trackb_rev_CBRE_20260623,,,,,,137.25,130.110001,,,,,,0.1231,pending,,2026-06-26T04:18:18+00:00
trackb_rev_CBRE_20260624,,,,,,137.25,132.770004,,,,,,2.1701,pending,,2026-06-26T04:18:18+00:00
trackb_rev_CBRE_20260625,,,,,,137.25,134.050003,,,,,,3.1551,pending,,2026-06-26T04:18:18+00:00
trackb_rev_CBZ_20260623,,,,,,31.82,29.379999,,,,,,2.5122,pending,,2026-06-26T04:15:44+00:00
trackb_rev_CBZ_20260624,,,,,,31.82,29.379999,,,,,,2.5122,pending,,2026-06-26T04:15:44+00:00
trackb_rev_CBZ_20260625,,,,,,31.82,29.379999,,,,,,-5.8937,pending,,2026-06-26T04:15:44+00:00
trackb_rev_CCI_20260618,,,,,,86.339996,78.269997,,,,,,-9.3363,pending,,2026-06-26T04:17:33+00:00
trackb_rev_CCI_20260619,,,,,,84.730003,78.269997,,,,,,-9.3363,pending,,2026-06-26T04:17:33+00:00
trackb_rev_CCI_20260622,,,,,,84.730003,78.269997,,,,,,-4.607,pending,,2026-06-26T04:17:33+00:00
trackb_rev_CCI_20260623,,,,,,84.730003,78.269997,,,,,,-4.607,pending,,2026-06-26T04:17:33+00:00
trackb_rev_CCL_20260612,30.190001,,,,,31.6,27.0,,,,,,-3.9829,pending,,2026-06-26T04:15:38+00:00
trackb_rev_CCOI_20260603,14.46,14.61,,,,17.950001,13.02,,,,,,-20.9951,pending,,2026-06-26T04:16:31+00:00
trackb_rev_CCOI_20260604,14.94,14.19,,,,17.950001,13.02,,,,,,-20.9951,pending,,2026-06-26T04:16:31+00:00
trackb_rev_CCOI_20260605,15.86,14.66,,,,17.950001,13.02,,,,,,-20.9951,pending,,2026-06-26T04:16:31+00:00
trackb_rev_CCOI_20260608,16.450001,14.16,,,,17.950001,13.02,,,,,,-20.9951,pending,,2026-06-26T04:16:31+00:00
trackb_rev_CCS_20260610,59.889999,69.519997,,,,71.279999,56.939999,,,,,,2.8355,pending,,2026-06-26T04:16:41+00:00
trackb_rev_CDZI_20260612,4.0,,,,,4.22,3.61,,,,,,-10.199,pending,,2026-06-26T04:16:22+00:00
trackb_rev_CELH_20260610,30.379999,28.219999,,,,31.67,27.74,,,,,,-0.9286,pending,,2026-06-26T04:17:11+00:00
trackb_rev_CERT_20260609,6.05,5.43,,,,6.245,4.965,,,,,,-4.8851,pending,,2026-06-26T04:17:02+00:00
trackb_rev_CERT_20260611,5.54,,,,,6.245,4.965,,,,,,-4.1506,pending,,2026-06-26T04:17:02+00:00
trackb_rev_CERT_20260615,5.4,,,,,6.245,5.16,,,,,,-1.9943,pending,,2026-06-26T04:17:02+00:00
trackb_rev_CERT_20260616,5.43,,,,,6.245,5.24,,,,,,-0.7576,pending,,2026-06-26T04:17:02+00:00
trackb_rev_CERT_20260617,5.49,,,,,6.245,5.305,,,,,,0.4735,pending,,2026-06-26T04:17:02+00:00
trackb_rev_CG_20260622,,,,,,45.27,40.470001,,,,,,-9.6652,pending,,2026-06-26T04:18:48+00:00
trackb_rev_CG_20260623,,,,,,44.68,40.470001,,,,,,-9.199,pending,,2026-06-26T04:18:48+00:00
trackb_rev_CG_20260624,,,,,,42.990002,40.470001,,,,,,-9.199,pending,,2026-06-26T04:18:48+00:00
trackb_rev_CG_20260625,,,,,,42.990002,41.09,,,,,,0.0731,pending,,2026-06-26T04:18:48+00:00
trackb_rev_CHDN_20260612,86.349998,,,,,94.0,83.349998,,,,,,-4.2724,pending,,2026-06-26T04:17:39+00:00
trackb_rev_CHDN_20260616,84.610001,,,,,94.0,83.349998,,,,,,-7.9209,pending,,2026-06-26T04:17:39+00:00
trackb_rev_CHDN_20260617,83.980003,,,,,90.980003,83.349998,,,,,,-7.9209,pending,,2026-06-26T04:17:39+00:00
trackb_rev_CHDN_20260618,,,,,,88.849998,83.349998,,,,,,-5.0251,pending,,2026-06-26T04:17:39+00:00
trackb_rev_CHDN_20260619,,,,,,88.849998,83.349998,,,,,,-5.0251,pending,,2026-06-26T04:17:39+00:00
trackb_rev_CHDN_20260622,,,,,,88.849998,83.349998,,,,,,-5.0251,pending,,2026-06-26T04:17:39+00:00
trackb_rev_CHH_20260608,112.0,111.599998,,,,117.93,102.610001,,,,,,-6.5568,pending,,2026-06-26T04:16:48+00:00
trackb_rev_CHH_20260610,113.790001,111.18,,,,117.93,102.610001,,,,,,-2.6655,pending,,2026-06-26T04:16:48+00:00
trackb_rev_CIEN_20260609,430.299988,463.51001,,,,494.529999,417.339996,,,,,,-10.5706,pending,,2026-06-26T04:14:45+00:00
trackb_rev_CIM_20260618,,,,,,13.65,13.1,,,,,,-1.9828,pending,,2026-06-26T04:18:42+00:00
trackb_rev_CIM_20260619,,,,,,13.65,13.1,,,,,,-1.9828,pending,,2026-06-26T04:18:42+00:00
trackb_rev_CIM_20260622,,,,,,13.65,13.1,,,,,,-1.3554,pending,,2026-06-26T04:18:42+00:00
trackb_rev_CIM_20260623,,,,,,13.65,13.1,,,,,,-0.1524,pending,,2026-06-26T04:18:42+00:00
trackb_rev_CIM_20260624,,,,,,13.65,13.28,,,,,,1.2195,pending,,2026-06-26T04:18:42+00:00
trackb_rev_CIM_20260625,,,,,,13.65,13.45,,,,,,2.5152,pending,,2026-06-26T04:18:42+00:00
trackb_rev_CI_20260623,,,,,,286.730011,275.290009,,,,,,-2.4071,pending,,2026-06-26T04:17:15+00:00
trackb_rev_CI_20260624,,,,,,285.5,275.290009,,,,,,-2.4071,pending,,2026-06-26T04:17:15+00:00
trackb_rev_CI_20260625,,,,,,285.5,278.899994,,,,,,-1.1273,pending,,2026-06-26T04:17:15+00:00
trackb_rev_CLH_20260625,,,,,,305.459991,297.0,,,,,,-0.5958,pending,,2026-06-26T04:18:59+00:00
trackb_rev_CLX_20260603,99.32,94.970001,,,,100.730003,88.150002,,,,,,-0.799,pending,,2026-06-26T04:16:30+00:00
trackb_rev_CLX_20260604,98.300003,95.800003,,,,100.730003,88.589996,,,,,,-0.3039,pending,,2026-06-26T04:16:30+00:00
trackb_rev_CLX_20260605,96.82,90.599998,,,,100.730003,90.150002,,,,,,1.4517,pending,,2026-06-26T04:16:30+00:00
trackb_rev_CLX_20260608,95.980003,92.639999,,,,100.730003,90.5,,,,,,1.8456,pending,,2026-06-26T04:16:30+00:00
trackb_rev_CMCO_20260610,13.98,14.78,,,,15.7,11.99,,,,,,-3.7721,pending,,2026-06-26T04:15:53+00:00
trackb_rev_CNM_20260615,46.450001,,,,,49.91,46.195,,,,,,-7.1364,pending,,2026-06-26T04:15:48+00:00
trackb_rev_CNM_20260616,47.130001,,,,,49.91,46.195,,,,,,-3.9805,pending,,2026-06-26T04:15:48+00:00
trackb_rev_CNM_20260617,48.259998,,,,,49.91,46.195,,,,,,-3.9805,pending,,2026-06-26T04:15:48+00:00
trackb_rev_CNM_20260618,,,,,,49.91,46.195,,,,,,-0.5061,pending,,2026-06-26T04:15:48+00:00
trackb_rev_CNM_20260619,,,,,,48.950001,46.195,,,,,,-0.5061,pending,,2026-06-26T04:15:48+00:00
trackb_rev_CNM_20260622,,,,,,48.950001,46.195,,,,,,-0.5061,pending,,2026-06-26T04:15:48+00:00
trackb_rev_COKE_20260608,185.429993,183.009995,,,,194.210007,172.929993,,,,,,-3.8797,pending,,2026-06-26T04:16:53+00:00
trackb_rev_COKE_20260622,,,,,,186.889999,172.929993,,,,,,-4.7428,pending,,2026-06-26T04:16:53+00:00
trackb_rev_COKE_20260623,,,,,,186.889999,172.929993,,,,,,-4.7428,pending,,2026-06-26T04:16:53+00:00
trackb_rev_COKE_20260625,,,,,,180.970001,172.929993,,,,,,-2.5966,pending,,2026-06-26T04:16:53+00:00
trackb_rev_COLL_20260623,,,,,,36.18,33.790001,,,,,,1.0164,pending,,2026-06-26T04:18:12+00:00
trackb_rev_COLL_20260624,,,,,,36.18,34.540001,,,,,,3.2586,pending,,2026-06-26T04:18:12+00:00
trackb_rev_COLL_20260625,,,,,,36.18,34.540001,,,,,,3.2586,pending,,2026-06-26T04:18:12+00:00
trackb_rev_COO_20260603,67.690002,65.050003,,,,71.32,59.59,,,,,,-0.8651,pending,,2026-06-26T04:16:38+00:00
trackb_rev_COO_20260604,67.510002,65.910004,,,,71.32,61.09,,,,,,1.6303,pending,,2026-06-26T04:16:38+00:00
trackb_rev_COO_20260605,67.879997,65.419998,,,,71.32,64.940002,,,,,,8.0353,pending,,2026-06-26T04:16:38+00:00
trackb_rev_COO_20260608,67.760002,66.150002,,,,71.32,64.940002,,,,,,8.0353,pending,,2026-06-26T04:16:38+00:00
trackb_rev_COR_20260603,281.23999,277.089996,,,,291.850006,261.290009,,,,,,-0.6936,pending,,2026-06-26T04:16:40+00:00
trackb_rev_COR_20260604,281.480011,271.829987,,,,291.850006,266.720001,,,,,,1.3701,pending,,2026-06-26T04:16:40+00:00
trackb_rev_COR_20260605,281.670013,271.279999,,,,291.850006,269.299988,,,,,,2.3507,pending,,2026-06-26T04:16:40+00:00
trackb_rev_COR_20260608,281.429993,281.100006,,,,291.850006,269.299988,,,,,,-2.087,pending,,2026-06-26T04:16:40+00:00
trackb_rev_COR_20260610,277.089996,286.950012,,,,291.850006,269.299988,,,,,,-1.744,pending,,2026-06-26T04:16:40+00:00
trackb_rev_COR_20260612,271.279999,,,,,291.850006,269.299988,,,,,,-4.3271,pending,,2026-06-26T04:16:40+00:00
trackb_rev_COR_20260616,284.470001,,,,,291.850006,269.299988,,,,,,-4.0202,pending,,2026-06-26T04:16:40+00:00
trackb_rev_COR_20260617,286.950012,,,,,291.850006,269.299988,,,,,,-4.0202,pending,,2026-06-26T04:16:40+00:00
trackb_rev_COR_20260618,,,,,,291.850006,269.299988,,,,,,-2.6392,pending,,2026-06-26T04:16:40+00:00
trackb_rev_COR_20260619,,,,,,291.850006,269.299988,,,,,,-2.6392,pending,,2026-06-26T04:16:40+00:00
trackb_rev_COR_20260622,,,,,,291.850006,269.299988,,,,,,-2.6392,pending,,2026-06-26T04:16:40+00:00
trackb_rev_COR_20260623,,,,,,291.850006,274.380005,,,,,,-0.8026,pending,,2026-06-26T04:16:40+00:00
trackb_rev_COR_20260625,,,,,,291.850006,284.230011,,,,,,-0.0844,pending,,2026-06-26T04:16:40+00:00
trackb_rev_COST_20260623,,,,,,967.940002,938.599976,,,,,,-1.3402,pending,,2026-06-26T04:18:52+00:00
trackb_rev_COST_20260624,,,,,,967.940002,938.599976,,,,,,-1.3402,pending,,2026-06-26T04:18:52+00:00
trackb_rev_COST_20260625,,,,,,955.75,938.599976,,,,,,-2.3401,pending,,2026-06-26T04:18:52+00:00
trackb_rev_COUR_20260612,5.31,,,,,6.26,5.075,,,,,,-4.7842,pending,,2026-06-26T04:17:38+00:00
trackb_rev_COUR_20260616,6.09,,,,,6.26,5.075,,,,,,-4.4256,pending,,2026-06-26T04:17:38+00:00
trackb_rev_COUR_20260617,5.76,,,,,6.26,5.075,,,,,,-4.4256,pending,,2026-06-26T04:17:38+00:00
trackb_rev_COUR_20260618,,,,,,6.26,5.075,,,,,,-4.4256,pending,,2026-06-26T04:17:38+00:00
trackb_rev_COUR_20260619,,,,,,6.26,5.075,,,,,,-4.4256,pending,,2026-06-26T04:17:38+00:00
trackb_rev_COUR_20260622,,,,,,6.26,5.075,,,,,,-5.1402,pending,,2026-06-26T04:17:38+00:00
trackb_rev_COUR_20260623,,,,,,6.26,5.075,,,,,,-5.1402,pending,,2026-06-26T04:17:38+00:00
trackb_rev_CPK_20260623,,,,,,125.209999,119.760002,,,,,,0.664,pending,,2026-06-26T04:18:55+00:00
trackb_rev_CPK_20260624,,,,,,125.209999,121.0,,,,,,1.7063,pending,,2026-06-26T04:18:55+00:00
trackb_rev_CPK_20260625,,,,,,125.209999,121.0,,,,,,1.7063,pending,,2026-06-26T04:18:55+00:00
trackb_rev_CPNG_20260612,17.309999,,,,,19.605,16.309999,,,,,,-5.4493,pending,,2026-06-26T04:17:36+00:00
trackb_rev_CPNG_20260615,17.51,,,,,19.605,16.795,,,,,,-3.0312,pending,,2026-06-26T04:17:36+00:00
trackb_rev_CPNG_20260616,17.76,,,,,19.605,16.9,,,,,,-0.4418,pending,,2026-06-26T04:17:36+00:00
trackb_rev_CPNG_20260617,17.059999,,,,,19.605,16.9,,,,,,-0.4418,pending,,2026-06-26T04:17:36+00:00
trackb_rev_CPNG_20260623,,,,,,18.209999,16.9,,,,,,-2.3686,pending,,2026-06-26T04:17:36+00:00
trackb_rev_CPNG_20260624,,,,,,18.209999,17.0,,,,,,-1.7909,pending,,2026-06-26T04:17:36+00:00
trackb_rev_CPNG_20260625,,,,,,17.790001,17.0,,,,,,-4.2793,pending,,2026-06-26T04:17:36+00:00
trackb_rev_CRAI_20260612,140.279999,,,,,154.240005,133.960007,,,,,,-9.2904,pending,,2026-06-26T04:17:39+00:00
trackb_rev_CRAI_20260616,144.369995,,,,,150.389999,133.960007,,,,,,-8.8831,pending,,2026-06-26T04:17:39+00:00
trackb_rev_CRAI_20260617,142.970001,,,,,150.389999,133.960007,,,,,,-8.8831,pending,,2026-06-26T04:17:39+00:00
trackb_rev_CRAI_20260618,,,,,,149.389999,133.960007,,,,,,-8.8831,pending,,2026-06-26T04:17:39+00:00
trackb_rev_CRAI_20260619,,,,,,148.5,133.960007,,,,,,-8.8831,pending,,2026-06-26T04:17:39+00:00
trackb_rev_CRAI_20260622,,,,,,148.5,133.960007,,,,,,-3.4174,pending,,2026-06-26T04:17:39+00:00
trackb_rev_CRAI_20260623,,,,,,148.5,141.279999,,,,,,0.7129,pending,,2026-06-26T04:17:39+00:00
trackb_rev_CRAI_20260624,,,,,,148.199997,141.990005,,,,,,1.219,pending,,2026-06-26T04:17:39+00:00
trackb_rev_CRAI_20260625,,,,,,146.139999,141.990005,,,,,,1.219,pending,,2026-06-26T04:17:39+00:00
trackb_rev_CRH_20260615,110.279999,,,,,116.900002,106.220001,,,,,,-5.6242,pending,,2026-06-26T04:17:58+00:00
trackb_rev_CRH_20260616,112.019997,,,,,116.900002,106.220001,,,,,,-4.3365,pending,,2026-06-26T04:17:58+00:00
trackb_rev_CRH_20260617,113.050003,,,,,116.900002,106.220001,,,,,,-4.3365,pending,,2026-06-26T04:17:58+00:00
trackb_rev_CRM_20260616,152.759995,,,,,166.300003,146.320007,,,,,,-11.8076,pending,,2026-06-26T04:16:03+00:00
trackb_rev_CRM_20260617,150.190002,,,,,161.429993,146.320007,,,,,,-11.8076,pending,,2026-06-26T04:16:03+00:00
trackb_rev_CRM_20260618,,,,,,157.059998,146.320007,,,,,,-11.8076,pending,,2026-06-26T04:16:03+00:00
trackb_rev_CRM_20260619,,,,,,157.059998,146.320007,,,,,,-11.8076,pending,,2026-06-26T04:16:03+00:00
trackb_rev_CRWV_20260616,100.879997,,,,,122.0,98.252998,,,,,,-9.0334,pending,,2026-06-26T04:18:17+00:00
trackb_rev_CRWV_20260617,98.760002,,,,,122.0,98.252998,,,,,,-9.0334,pending,,2026-06-26T04:18:17+00:00
trackb_rev_CSGP_20260612,29.219999,,,,,34.080002,28.540001,,,,,,-12.5881,pending,,2026-06-26T04:17:38+00:00
trackb_rev_CSGP_20260616,29.809999,,,,,32.720001,28.540001,,,,,,-11.394,pending,,2026-06-26T04:17:38+00:00
trackb_rev_CSGP_20260617,28.639999,,,,,32.560001,28.540001,,,,,,-11.394,pending,,2026-06-26T04:17:38+00:00
trackb_rev_CSGP_20260618,,,,,,31.040001,28.540001,,,,,,-6.3033,pending,,2026-06-26T04:17:38+00:00
trackb_rev_CSGP_20260619,,,,,,31.040001,28.540001,,,,,,-6.3033,pending,,2026-06-26T04:17:38+00:00
trackb_rev_CSGP_20260622,,,,,,31.040001,28.540001,,,,,,-6.3033,pending,,2026-06-26T04:17:38+00:00
trackb_rev_CSL_20260616,378.529999,,,,,397.160004,341.0,,,,,,-4.4068,pending,,2026-06-26T04:18:22+00:00
trackb_rev_CSL_20260617,388.399994,,,,,397.160004,341.0,,,,,,-4.4068,pending,,2026-06-26T04:18:22+00:00
trackb_rev_CSL_20260618,,,,,,397.160004,347.899994,,,,,,-2.4725,pending,,2026-06-26T04:18:22+00:00
trackb_rev_CSL_20260619,,,,,,397.160004,351.209991,,,,,,-1.5446,pending,,2026-06-26T04:18:22+00:00
trackb_rev_CSL_20260622,,,,,,397.160004,351.209991,,,,,,-2.7011,pending,,2026-06-26T04:18:22+00:00
trackb_rev_CSL_20260623,,,,,,397.160004,351.209991,,,,,,-2.7011,pending,,2026-06-26T04:18:22+00:00
trackb_rev_CTAS_20260622,,,,,,173.399994,167.860001,,,,,,-1.7501,pending,,2026-06-26T04:15:46+00:00
trackb_rev_CTAS_20260623,,,,,,173.399994,167.860001,,,,,,-1.7501,pending,,2026-06-26T04:15:46+00:00
trackb_rev_CTNT_20260616,1.67,,,,,2.35,1.465,,,,,,-13.3136,pending,,2026-06-26T04:18:26+00:00
trackb_rev_CTNT_20260617,1.56,,,,,2.35,1.465,,,,,,-13.3136,pending,,2026-06-26T04:18:26+00:00
trackb_rev_CTNT_20260618,,,,,,2.35,1.465,,,,,,-7.571,pending,,2026-06-26T04:18:26+00:00
trackb_rev_CTNT_20260619,,,,,,1.89,1.55,,,,,,-2.2082,pending,,2026-06-26T04:18:26+00:00
trackb_rev_CTNT_20260622,,,,,,1.89,1.55,,,,,,-2.5157,pending,,2026-06-26T04:18:26+00:00
trackb_rev_CTNT_20260623,,,,,,1.89,1.55,,,,,,-14.8352,pending,,2026-06-26T04:18:26+00:00
trackb_rev_CTNT_20260624,,,,,,1.801,1.55,,,,,,-14.8352,pending,,2026-06-26T04:18:26+00:00
trackb_rev_CTNT_20260625,,,,,,1.69,1.55,,,,,,-14.8352,pending,,2026-06-26T04:18:26+00:00
trackb_rev_CTRN_20260610,56.84,56.220001,,,,66.379997,43.34,,,,,,-0.5963,pending,,2026-06-26T04:17:12+00:00
trackb_rev_CTSH_20260603,51.810001,48.82,,,,55.560001,38.970001,,,,,,-26.6792,pending,,2026-06-26T04:16:29+00:00
trackb_rev_CTSH_20260604,51.18,43.700001,,,,55.560001,38.970001,,,,,,-26.6792,pending,,2026-06-26T04:16:29+00:00
trackb_rev_CTSH_20260605,52.169998,41.830002,,,,54.610001,38.970001,,,,,,-26.6792,pending,,2026-06-26T04:16:29+00:00
trackb_rev_CTSH_20260608,50.82,40.950001,,,,54.369999,38.970001,,,,,,-26.6792,pending,,2026-06-26T04:16:29+00:00
trackb_rev_CTSH_20260612,41.830002,,,,,52.310001,38.970001,,,,,,-23.857,pending,,2026-06-26T04:16:29+00:00
trackb_rev_CTSH_20260615,40.950001,,,,,52.130001,38.970001,,,,,,-24.4914,pending,,2026-06-26T04:16:29+00:00
trackb_rev_CTSH_20260616,41.439999,,,,,51.599998,38.970001,,,,,,-23.3704,pending,,2026-06-26T04:16:29+00:00
trackb_rev_CTSH_20260617,39.150002,,,,,50.970001,38.970001,,,,,,-23.3704,pending,,2026-06-26T04:16:29+00:00
trackb_rev_CTSH_20260618,,,,,,46.439999,38.970001,,,,,,-23.3704,pending,,2026-06-26T04:16:29+00:00
trackb_rev_CTSH_20260619,,,,,,44.57,38.970001,,,,,,-23.3704,pending,,2026-06-26T04:16:29+00:00
trackb_rev_CURI_20260609,2.56,2.48,,,,2.99,2.41,,,,,,-15.1408,pending,,2026-06-26T04:15:13+00:00
trackb_rev_CURI_20260610,2.49,2.44,,,,2.81,2.41,,,,,,-15.1408,pending,,2026-06-26T04:15:13+00:00
trackb_rev_CURI_20260616,2.48,,,,,2.655,2.41,,,,,,-6.4078,pending,,2026-06-26T04:15:13+00:00
trackb_rev_CURI_20260617,2.44,,,,,2.62,2.41,,,,,,-6.4078,pending,,2026-06-26T04:15:13+00:00
trackb_rev_CURI_20260618,,,,,,2.585,2.41,,,,,,-6.4078,pending,,2026-06-26T04:15:13+00:00
trackb_rev_CURI_20260619,,,,,,2.585,2.41,,,,,,-6.4078,pending,,2026-06-26T04:15:13+00:00
trackb_rev_CVNA_20260612,66.669998,,,,,71.5,62.41,,,,,,-7.977,pending,,2026-06-26T04:17:37+00:00
trackb_rev_CVSA_20260618,,,,,,127.480003,115.5,,,,,,-1.5681,pending,,2026-06-26T04:17:56+00:00
trackb_rev_CVSA_20260619,,,,,,127.480003,117.160004,,,,,,-0.1534,pending,,2026-06-26T04:17:56+00:00
trackb_rev_CVSA_20260622,,,,,,127.480003,117.160004,,,,,,-0.1534,pending,,2026-06-26T04:17:56+00:00
trackb_rev_CVSA_20260625,,,,,,127.480003,122.349998,,,,,,-0.3746,pending,,2026-06-26T04:17:56+00:00
trackb_rev_CWEN_20260611,37.419998,,,,,39.0,36.0,,,,,,-3.7433,pending,,2026-06-26T04:15:08+00:00
trackb_rev_CWEN_20260612,37.07,,,,,39.0,36.0,,,,,,-4.4839,pending,,2026-06-26T04:15:08+00:00
trackb_rev_CWEN_20260615,36.560001,,,,,39.0,36.0,,,,,,-5.2382,pending,,2026-06-26T04:15:08+00:00
trackb_rev_CWEN_20260616,36.779999,,,,,39.0,36.0,,,,,,-6.4571,pending,,2026-06-26T04:15:08+00:00
trackb_rev_CWEN_20260617,36.84,,,,,37.939999,36.0,,,,,,-6.4571,pending,,2026-06-26T04:15:08+00:00
trackb_rev_CWH_20260608,7.74,7.23,,,,8.63,6.48,,,,,,1.092,pending,,2026-06-26T04:16:49+00:00
trackb_rev_CWH_20260610,7.2,7.42,,,,8.63,7.04,,,,,,3.0747,pending,,2026-06-26T04:16:49+00:00
trackb_rev_CWH_20260625,,,,,,8.02,7.29,,,,,,-3.5714,pending,,2026-06-26T04:16:49+00:00
trackb_rev_DAN_20260615,28.709999,,,,,31.620001,27.870001,,,,,,-11.4957,pending,,2026-06-26T04:15:09+00:00
trackb_rev_DAN_20260616,28.280001,,,,,30.379999,27.870001,,,,,,-7.883,pending,,2026-06-26T04:15:09+00:00
trackb_rev_DAN_20260617,28.450001,,,,,29.940001,27.870001,,,,,,-7.883,pending,,2026-06-26T04:15:09+00:00
trackb_rev_DBI_20260611,6.32,,,,,7.11,5.87,,,,,,-16.1429,pending,,2026-06-26T04:14:43+00:00
trackb_rev_DBI_20260616,6.27,,,,,6.89,5.87,,,,,,-10.858,pending,,2026-06-26T04:14:43+00:00
trackb_rev_DBI_20260617,5.89,,,,,6.77,5.87,,,,,,-10.858,pending,,2026-06-26T04:14:43+00:00
trackb_rev_DBI_20260618,,,,,,6.54,5.87,,,,,,-5.627,pending,,2026-06-26T04:14:43+00:00
trackb_rev_DBI_20260619,,,,,,6.41,5.87,,,,,,-5.627,pending,,2026-06-26T04:14:43+00:00
trackb_rev_DBI_20260622,,,,,,6.41,5.87,,,,,,-5.627,pending,,2026-06-26T04:14:43+00:00
trackb_rev_DCH_20260612,6.16,,,,,6.79,5.5,,,,,,-11.7175,pending,,2026-06-26T04:17:42+00:00
trackb_rev_DEA_20260618,,,,,,24.4,22.889999,,,,,,-0.651,pending,,2026-06-26T04:16:26+00:00
trackb_rev_DEA_20260619,,,,,,24.4,22.889999,,,,,,-0.651,pending,,2026-06-26T04:16:26+00:00
trackb_rev_DEA_20260622,,,,,,24.4,22.889999,,,,,,-0.651,pending,,2026-06-26T04:16:26+00:00
trackb_rev_DEA_20260623,,,,,,24.4,22.889999,,,,,,-0.651,pending,,2026-06-26T04:16:26+00:00
trackb_rev_DEVS_20260611,0.2297,,,,,0.288,0.034,,,,,,-88.4746,pending,,2026-06-26T04:15:46+00:00
trackb_rev_DEVS_20260612,0.2172,,,,,0.2799,0.034,,,,,,-87.7256,pending,,2026-06-26T04:15:46+00:00
trackb_rev_DEVS_20260616,0.078,,,,,0.26235,0.034,,,,,,-86.9281,pending,,2026-06-26T04:15:46+00:00
trackb_rev_DEVS_20260617,0.073,,,,,0.2398,0.034,,,,,,-86.9281,pending,,2026-06-26T04:15:46+00:00
trackb_rev_DEVS_20260618,,,,,,0.239,0.034,,,,,,-86.9281,pending,,2026-06-26T04:15:46+00:00
trackb_rev_DEVS_20260619,,,,,,0.227,0.034,,,,,,-86.9281,pending,,2026-06-26T04:15:46+00:00
trackb_rev_DEVS_20260622,,,,,,0.227,0.034,,,,,,-85.2174,pending,,2026-06-26T04:15:46+00:00
trackb_rev_DEVS_20260623,,,,,,0.2129,0.034,,,,,,-84.3318,pending,,2026-06-26T04:15:46+00:00
trackb_rev_DEVS_20260624,,,,,,0.135,0.034,,,,,,-84.3318,pending,,2026-06-26T04:15:46+00:00
trackb_rev_DEVS_20260625,,,,,,0.115,0.0561,,,,,,-74.1475,pending,,2026-06-26T04:15:46+00:00
trackb_rev_DE_20260612,598.590027,,,,,631.929993,567.25,,,,,,-0.2444,pending,,2026-06-26T04:15:49+00:00
trackb_rev_DFH_20260608,14.91,14.75,,,,17.799999,14.15,,,,,,-3.0822,pending,,2026-06-26T04:16:23+00:00
trackb_rev_DGX_20260603,203.779999,197.759995,,,,207.850006,192.380005,,,,,,-0.7419,pending,,2026-06-26T04:16:33+00:00
trackb_rev_DGX_20260604,203.830002,195.0,,,,207.850006,192.830002,,,,,,-0.5098,pending,,2026-06-26T04:16:33+00:00
trackb_rev_DGX_20260605,203.059998,193.580002,,,,207.850006,192.830002,,,,,,-0.5098,pending,,2026-06-26T04:16:33+00:00
trackb_rev_DGX_20260608,202.179993,197.179993,,,,207.850006,192.830002,,,,,,-0.5098,pending,,2026-06-26T04:16:33+00:00
trackb_rev_DHR_20260603,183.630005,177.759995,,,,197.570007,173.630005,,,,,,-1.7708,pending,,2026-06-26T04:16:30+00:00
trackb_rev_DHR_20260604,180.789993,177.169998,,,,197.570007,174.220001,,,,,,-1.437,pending,,2026-06-26T04:16:30+00:00
trackb_rev_DHR_20260605,180.100006,178.190002,,,,197.570007,174.220001,,,,,,-1.437,pending,,2026-06-26T04:16:30+00:00
trackb_rev_DHR_20260608,181.100006,178.970001,,,,197.570007,174.220001,,,,,,-1.437,pending,,2026-06-26T04:16:30+00:00
trackb_rev_DHR_20260615,178.970001,,,,,197.570007,174.220001,,,,,,-3.7166,pending,,2026-06-26T04:16:30+00:00
trackb_rev_DHR_20260616,188.869995,,,,,197.570007,174.220001,,,,,,-3.6793,pending,,2026-06-26T04:16:30+00:00
trackb_rev_DHR_20260617,193.210007,,,,,197.570007,174.220001,,,,,,-3.6793,pending,,2026-06-26T04:16:30+00:00
trackb_rev_DHR_20260618,,,,,,197.570007,174.220001,,,,,,-1.0114,pending,,2026-06-26T04:16:30+00:00
trackb_rev_DHR_20260619,,,,,,197.570007,175.0,,,,,,-0.5682,pending,,2026-06-26T04:16:30+00:00
trackb_rev_DHR_20260622,,,,,,197.570007,175.0,,,,,,-0.5682,pending,,2026-06-26T04:16:30+00:00
trackb_rev_DHR_20260623,,,,,,197.570007,177.070007,,,,,,-0.6285,pending,,2026-06-26T04:16:30+00:00
trackb_rev_DHR_20260624,,,,,,197.570007,179.929993,,,,,,0.9765,pending,,2026-06-26T04:16:30+00:00
trackb_rev_DHR_20260625,,,,,,197.570007,189.690002,,,,,,6.4538,pending,,2026-06-26T04:16:30+00:00
trackb_rev_DINO_20260618,,,,,,68.25,63.82,,,,,,-1.8184,pending,,2026-06-26T04:15:29+00:00
trackb_rev_DINO_20260619,,,,,,68.25,63.82,,,,,,-1.8184,pending,,2026-06-26T04:15:29+00:00
trackb_rev_DINO_20260622,,,,,,68.25,63.82,,,,,,-1.0543,pending,,2026-06-26T04:15:29+00:00
trackb_rev_DJT_20260609,8.16,7.52,,,,8.58,7.03,,,,,,-13.7423,pending,,2026-06-26T04:17:01+00:00
trackb_rev_DJT_20260612,8.12,,,,,8.58,7.03,,,,,,-14.7879,pending,,2026-06-26T04:17:01+00:00
trackb_rev_DJT_20260616,7.52,,,,,8.58,7.03,,,,,,-17.1479,pending,,2026-06-26T04:17:01+00:00
trackb_rev_DJT_20260617,7.06,,,,,8.56,7.03,,,,,,-17.1479,pending,,2026-06-26T04:17:01+00:00
trackb_rev_DJT_20260618,,,,,,8.56,7.03,,,,,,-17.1479,pending,,2026-06-26T04:17:01+00:00
trackb_rev_DJT_20260619,,,,,,8.555,7.03,,,,,,-17.1479,pending,,2026-06-26T04:17:01+00:00
trackb_rev_DKS_20260609,225.889999,236.929993,,,,244.380005,212.690002,,,,,,-0.3234,pending,,2026-06-26T04:17:01+00:00
trackb_rev_DK_20260618,,,,,,47.639999,40.889999,,,,,,-2.2706,pending,,2026-06-26T04:16:45+00:00
trackb_rev_DK_20260619,,,,,,47.639999,40.889999,,,,,,-2.2706,pending,,2026-06-26T04:16:45+00:00
trackb_rev_DK_20260622,,,,,,47.639999,40.889999,,,,,,-1.3986,pending,,2026-06-26T04:16:45+00:00
trackb_rev_DK_20260623,,,,,,47.639999,41.66,,,,,,-2.8451,pending,,2026-06-26T04:16:45+00:00
trackb_rev_DK_20260624,,,,,,47.639999,41.75,,,,,,-2.6353,pending,,2026-06-26T04:16:45+00:00
trackb_rev_DOCS_20260612,20.07,,,,,21.07,19.620001,,,,,,-1.998,pending,,2026-06-26T04:17:37+00:00
trackb_rev_DOCS_20260616,20.83,,,,,21.07,19.75,,,,,,-3.8227,pending,,2026-06-26T04:17:37+00:00
trackb_rev_DOCS_20260617,19.85,,,,,21.07,19.75,,,,,,-3.8227,pending,,2026-06-26T04:17:37+00:00
trackb_rev_DOCS_20260622,,,,,,21.02,19.75,,,,,,-2.4691,pending,,2026-06-26T04:17:37+00:00
trackb_rev_DOCS_20260623,,,,,,21.02,19.75,,,,,,-2.4691,pending,,2026-06-26T04:17:37+00:00
trackb_rev_DOUG_20260612,1.68,,,,,1.8,1.67,,,,,,-4.5714,pending,,2026-06-26T04:17:42+00:00
trackb_rev_DOV_20260612,229.399994,,,,,233.649994,216.289993,,,,,,-1.025,pending,,2026-06-26T04:17:40+00:00
trackb_rev_DPZ_20260616,287.619995,,,,,323.829987,282.0,,,,,,-11.7882,pending,,2026-06-26T04:18:19+00:00
trackb_rev_DPZ_20260617,285.440002,,,,,322.670013,282.0,,,,,,-11.7882,pending,,2026-06-26T04:18:19+00:00
trackb_rev_DPZ_20260618,,,,,,320.850006,282.0,,,,,,-11.7882,pending,,2026-06-26T04:18:19+00:00
trackb_rev_DPZ_20260619,,,,,,313.579987,282.0,,,,,,-11.7882,pending,,2026-06-26T04:18:19+00:00
trackb_rev_DRVN_20260608,13.46,12.45,,,,14.63,12.125,,,,,,-6.7308,pending,,2026-06-26T04:16:51+00:00
trackb_rev_DRVN_20260610,12.55,13.54,,,,14.63,12.125,,,,,,-9.9852,pending,,2026-06-26T04:16:51+00:00
trackb_rev_DTCX_20260612,2.03,,,,,2.3,1.9,,,,,,-10.3774,pending,,2026-06-26T04:17:44+00:00
trackb_rev_DTCX_20260615,2.21,,,,,2.3,1.9,,,,,,-13.242,pending,,2026-06-26T04:17:44+00:00
trackb_rev_DTCX_20260616,2.12,,,,,2.3,1.9,,,,,,-12.037,pending,,2026-06-26T04:17:44+00:00
trackb_rev_DTCX_20260617,1.9,,,,,2.3,1.9,,,,,,-12.037,pending,,2026-06-26T04:17:44+00:00
trackb_rev_DV_20260615,10.44,,,,,10.675,9.905,,,,,,-3.9282,pending,,2026-06-26T04:17:34+00:00
trackb_rev_DV_20260616,10.35,,,,,10.675,9.905,,,,,,-2.6057,pending,,2026-06-26T04:17:34+00:00
trackb_rev_DV_20260617,9.95,,,,,10.675,9.905,,,,,,-2.6057,pending,,2026-06-26T04:17:34+00:00
trackb_rev_DV_20260618,,,,,,10.675,9.905,,,,,,-2.6057,pending,,2026-06-26T04:17:34+00:00
trackb_rev_DV_20260619,,,,,,10.675,9.905,,,,,,-2.6057,pending,,2026-06-26T04:17:34+00:00
trackb_rev_DX_20260616,13.01,,,,,13.32,12.74,,,,,,-3.3384,pending,,2026-06-26T04:18:31+00:00
trackb_rev_DX_20260617,13.09,,,,,13.24,12.74,,,,,,-3.3384,pending,,2026-06-26T04:18:31+00:00
trackb_rev_DX_20260618,,,,,,13.17,12.74,,,,,,-3.3384,pending,,2026-06-26T04:18:31+00:00
trackb_rev_DX_20260619,,,,,,13.13,12.74,,,,,,-3.3384,pending,,2026-06-26T04:18:31+00:00
trackb_rev_DX_20260623,,,,,,13.13,12.74,,,,,,-0.7788,pending,,2026-06-26T04:18:31+00:00
trackb_rev_DX_20260624,,,,,,13.13,12.95,,,,,,0.8567,pending,,2026-06-26T04:18:31+00:00
trackb_rev_DX_20260625,,,,,,13.11,12.96,,,,,,0.9346,pending,,2026-06-26T04:18:31+00:00
trackb_rev_EAT_20260609,153.550003,169.869995,,,,177.770004,145.960007,,,,,,-0.1232,pending,,2026-06-26T04:17:02+00:00
trackb_rev_ECL_20260608,268.579987,268.660004,,,,283.410004,255.0,,,,,,-1.1513,pending,,2026-06-26T04:16:53+00:00
trackb_rev_EDHL_20260603,3.5,5.87,,,,17.49,2.6,,,,,,-1.1407,pending,,2026-06-26T04:16:35+00:00
trackb_rev_EDHL_20260604,5.98,5.58,,,,17.49,3.1,,,,,,17.8707,pending,,2026-06-26T04:16:35+00:00
trackb_rev_EDHL_20260605,8.64,4.97,,,,17.49,3.1,,,,,,17.8707,pending,,2026-06-26T04:16:35+00:00
trackb_rev_EDHL_20260608,7.38,4.83,,,,17.49,3.1,,,,,,17.8707,pending,,2026-06-26T04:16:35+00:00
trackb_rev_ED_20260618,,,,,,111.629997,105.690002,,,,,,-1.3303,pending,,2026-06-26T04:18:39+00:00
trackb_rev_ED_20260619,,,,,,111.629997,105.919998,,,,,,-1.1156,pending,,2026-06-26T04:18:39+00:00
trackb_rev_ED_20260622,,,,,,111.629997,105.919998,,,,,,-0.4137,pending,,2026-06-26T04:18:39+00:00
trackb_rev_ED_20260623,,,,,,111.629997,107.0,,,,,,0.6017,pending,,2026-06-26T04:18:39+00:00
trackb_rev_EEIQ_20260610,3.34,3.07,,,,3.7,2.86,,,,,,-19.4366,pending,,2026-06-26T04:17:13+00:00
trackb_rev_EEIQ_20260611,3.45,,,,,3.7,2.86,,,,,,-17.1015,pending,,2026-06-26T04:17:13+00:00
trackb_rev_EEIQ_20260616,3.28,,,,,3.7,2.86,,,,,,-8.1744,pending,,2026-06-26T04:17:13+00:00
trackb_rev_EEIQ_20260617,3.07,,,,,3.7,2.86,,,,,,-8.1744,pending,,2026-06-26T04:17:13+00:00
trackb_rev_EEIQ_20260618,,,,,,3.7,3.01,,,,,,-3.3584,pending,,2026-06-26T04:17:13+00:00
trackb_rev_EEIQ_20260619,,,,,,3.66,3.01,,,,,,-3.3584,pending,,2026-06-26T04:17:13+00:00
trackb_rev_EEIQ_20260622,,,,,,3.66,3.01,,,,,,-12.7536,pending,,2026-06-26T04:17:13+00:00
trackb_rev_EEIQ_20260623,,,,,,3.66,3.01,,,,,,-12.7536,pending,,2026-06-26T04:17:13+00:00
trackb_rev_EFX_20260609,167.130005,157.610001,,,,172.0,150.75,,,,,,-10.2091,pending,,2026-06-26T04:15:36+00:00
trackb_rev_EFX_20260611,153.929993,,,,,168.309998,150.75,,,,,,-9.2196,pending,,2026-06-26T04:15:36+00:00
trackb_rev_EFX_20260612,153.490005,,,,,168.309998,150.75,,,,,,-5.5333,pending,,2026-06-26T04:15:36+00:00
trackb_rev_EFX_20260616,157.610001,,,,,167.910004,150.75,,,,,,-9.2824,pending,,2026-06-26T04:15:36+00:00
trackb_rev_EFX_20260617,151.929993,,,,,167.130005,150.75,,,,,,-9.2824,pending,,2026-06-26T04:15:36+00:00
trackb_rev_EFX_20260618,,,,,,161.199997,150.75,,,,,,-2.1167,pending,,2026-06-26T04:15:36+00:00
trackb_rev_EFX_20260619,,,,,,161.199997,150.75,,,,,,-2.1167,pending,,2026-06-26T04:15:36+00:00
trackb_rev_EFX_20260622,,,,,,161.199997,150.75,,,,,,-2.0659,pending,,2026-06-26T04:15:36+00:00
trackb_rev_EGP_20260623,,,,,,207.580002,200.710007,,,,,,-1.2351,pending,,2026-06-26T04:18:12+00:00
trackb_rev_EGP_20260624,,,,,,207.580002,200.710007,,,,,,-1.2351,pending,,2026-06-26T04:18:12+00:00
trackb_rev_EGP_20260625,,,,,,205.570007,201.050003,,,,,,-1.0678,pending,,2026-06-26T04:18:12+00:00
trackb_rev_EHTH_20260618,,,,,,1.83,1.5,,,,,,-9.0909,pending,,2026-06-26T04:17:49+00:00
trackb_rev_EHTH_20260619,,,,,,1.83,1.5,,,,,,-9.0909,pending,,2026-06-26T04:17:49+00:00
trackb_rev_EHTH_20260622,,,,,,1.83,1.5,,,,,,-9.0909,pending,,2026-06-26T04:17:49+00:00
trackb_rev_ELME_20260616,2.02,,,,,2.05,1.26,,,,,,-37.931,pending,,2026-06-26T04:18:30+00:00
trackb_rev_ELME_20260617,1.35,,,,,2.04,1.26,,,,,,-37.931,pending,,2026-06-26T04:18:30+00:00
trackb_rev_ELME_20260618,,,,,,2.04,1.26,,,,,,-37.931,pending,,2026-06-26T04:18:30+00:00
trackb_rev_ELME_20260619,,,,,,2.04,1.26,,,,,,-37.931,pending,,2026-06-26T04:18:30+00:00
trackb_rev_ELME_20260622,,,,,,2.04,1.26,,,,,,-37.931,pending,,2026-06-26T04:18:30+00:00
trackb_rev_ELME_20260623,,,,,,2.04,1.26,,,,,,-37.931,pending,,2026-06-26T04:18:30+00:00
trackb_rev_ELS_20260618,,,,,,63.82,61.419998,,,,,,-2.6933,pending,,2026-06-26T04:17:22+00:00
trackb_rev_ELS_20260619,,,,,,63.82,61.419998,,,,,,-2.6933,pending,,2026-06-26T04:17:22+00:00
trackb_rev_ELS_20260622,,,,,,63.82,61.419998,,,,,,-2.6933,pending,,2026-06-26T04:17:22+00:00
trackb_rev_ELS_20260623,,,,,,63.82,62.220001,,,,,,-1.4259,pending,,2026-06-26T04:17:22+00:00
trackb_rev_EME_20260625,,,,,,876.52002,855.01001,,,,,,0.9254,pending,,2026-06-26T04:19:03+00:00
trackb_rev_EMN_20260610,72.120003,70.610001,,,,77.129997,69.050003,,,,,,-3.6556,pending,,2026-06-26T04:15:41+00:00
trackb_rev_EMN_20260612,71.959999,,,,,77.129997,69.050003,,,,,,-5.8238,pending,,2026-06-26T04:15:41+00:00
trackb_rev_EMR_20260612,150.210007,,,,,152.880005,140.899994,,,,,,-0.8375,pending,,2026-06-26T04:17:36+00:00
trackb_rev_ENTG_20260612,184.0,,,,,186.940002,142.429993,,,,,,-1.7182,pending,,2026-06-26T04:17:36+00:00
trackb_rev_ENVX_20260612,7.05,,,,,7.396,5.84,,,,,,-12.8358,pending,,2026-06-26T04:15:33+00:00
trackb_rev_ENVX_20260615,6.33,,,,,7.396,5.84,,,,,,-20.3817,pending,,2026-06-26T04:15:33+00:00
trackb_rev_ENVX_20260616,5.94,,,,,7.28,5.84,,,,,,-18.6063,pending,,2026-06-26T04:15:33+00:00
trackb_rev_ENVX_20260617,6.05,,,,,7.28,5.84,,,,,,-18.6063,pending,,2026-06-26T04:15:33+00:00
trackb_rev_EOG_20260618,,,,,,135.220001,129.059998,,,,,,-2.1569,pending,,2026-06-26T04:18:37+00:00
trackb_rev_EOG_20260619,,,,,,135.220001,129.929993,,,,,,-1.4973,pending,,2026-06-26T04:18:37+00:00
trackb_rev_EOG_20260622,,,,,,135.220001,129.929993,,,,,,-0.0385,pending,,2026-06-26T04:18:37+00:00
trackb_rev_EOG_20260623,,,,,,135.220001,130.610001,,,,,,0.4847,pending,,2026-06-26T04:18:37+00:00
trackb_rev_EPAM_20260603,93.040001,87.699997,,,,101.93,73.059998,,,,,,-24.8702,pending,,2026-06-26T04:16:31+00:00
trackb_rev_EPAM_20260604,92.760002,76.639999,,,,101.5,73.059998,,,,,,-24.8702,pending,,2026-06-26T04:16:31+00:00
trackb_rev_EPAM_20260605,95.379997,76.040001,,,,100.309998,73.059998,,,,,,-24.8702,pending,,2026-06-26T04:16:31+00:00
trackb_rev_EPAM_20260608,92.720001,76.889999,,,,99.150002,73.059998,,,,,,-24.8702,pending,,2026-06-26T04:16:31+00:00
trackb_rev_EPAM_20260609,93.330002,78.389999,,,,98.470001,73.059998,,,,,,-24.4624,pending,,2026-06-26T04:16:31+00:00
trackb_rev_EPAM_20260611,76.639999,,,,,96.330002,73.059998,,,,,,-21.4746,pending,,2026-06-26T04:16:31+00:00
trackb_rev_EPC_20260610,22.559999,25.49,,,,26.74,20.4,,,,,,0.5917,pending,,2026-06-26T04:17:14+00:00
trackb_rev_EPRT_20260625,,,,,,30.67,29.959999,,,,,,-1.5445,pending,,2026-06-26T04:19:03+00:00
trackb_rev_ERIE_20260616,229.529999,,,,,233.949997,210.779999,,,,,,-6.0318,pending,,2026-06-26T04:17:31+00:00
trackb_rev_ERIE_20260617,229.960007,,,,,233.949997,210.779999,,,,,,-6.0318,pending,,2026-06-26T04:17:31+00:00
trackb_rev_ERIE_20260618,,,,,,233.949997,210.779999,,,,,,-6.0318,pending,,2026-06-26T04:17:31+00:00
trackb_rev_ERIE_20260619,,,,,,233.949997,210.779999,,,,,,-6.0318,pending,,2026-06-26T04:17:31+00:00
trackb_rev_ERII_20260625,,,,,,8.95,8.73,,,,,,-0.4561,pending,,2026-06-26T04:18:59+00:00
trackb_rev_ETD_20260603,21.35,21.07,,,,23.139999,20.26,,,,,,-1.0259,pending,,2026-06-26T04:16:33+00:00
trackb_rev_ETD_20260604,22.129999,21.17,,,,23.139999,20.32,,,,,,-0.7328,pending,,2026-06-26T04:16:33+00:00
trackb_rev_ETD_20260605,21.58,21.33,,,,23.139999,20.32,,,,,,-0.7328,pending,,2026-06-26T04:16:33+00:00
trackb_rev_ETD_20260608,21.459999,21.66,,,,23.139999,20.32,,,,,,-0.7328,pending,,2026-06-26T04:16:33+00:00
trackb_rev_ETD_20260610,21.07,21.98,,,,23.139999,20.85,,,,,,0.7733,pending,,2026-06-26T04:16:33+00:00
trackb_rev_ETR_20260622,,,,,,115.910004,110.709999,,,,,,-0.36,pending,,2026-06-26T04:18:46+00:00
trackb_rev_ETR_20260623,,,,,,115.910004,111.839996,,,,,,-0.3209,pending,,2026-06-26T04:18:46+00:00
trackb_rev_ETR_20260624,,,,,,115.910004,113.239998,,,,,,0.9269,pending,,2026-06-26T04:18:46+00:00
trackb_rev_EU_20260610,1.62,1.33,,,,1.75,1.27,,,,,,-5.9259,pending,,2026-06-26T04:17:13+00:00
trackb_rev_EVGO_20260612,1.94,,,,,2.11,1.76,,,,,,-11.1111,pending,,2026-06-26T04:16:02+00:00
trackb_rev_EVGO_20260616,1.8,,,,,2.09,1.76,,,,,,-12.4378,pending,,2026-06-26T04:16:02+00:00
trackb_rev_EVGO_20260617,1.77,,,,,2.02,1.76,,,,,,-12.4378,pending,,2026-06-26T04:16:02+00:00
trackb_rev_EVLV_20260608,6.13,5.54,,,,6.335,5.22,,,,,,-11.6751,pending,,2026-06-26T04:16:52+00:00
trackb_rev_EVLV_20260609,5.92,5.49,,,,6.335,5.22,,,,,,-10.3093,pending,,2026-06-26T04:16:52+00:00
trackb_rev_EVLV_20260610,5.62,5.23,,,,6.335,5.22,,,,,,-10.3093,pending,,2026-06-26T04:16:52+00:00
trackb_rev_EVLV_20260611,5.65,,,,,6.335,5.22,,,,,,-10.6164,pending,,2026-06-26T04:16:52+00:00
trackb_rev_EVLV_20260612,5.54,,,,,6.335,5.22,,,,,,-14.9837,pending,,2026-06-26T04:16:52+00:00
trackb_rev_EVLV_20260616,5.49,,,,,6.2,5.22,,,,,,-15.6023,pending,,2026-06-26T04:16:52+00:00
trackb_rev_EVLV_20260617,5.23,,,,,6.0,5.22,,,,,,-15.6023,pending,,2026-06-26T04:16:52+00:00
trackb_rev_EVLV_20260618,,,,,,5.83,5.22,,,,,,-15.6023,pending,,2026-06-26T04:16:52+00:00
trackb_rev_EVLV_20260619,,,,,,5.68,5.22,,,,,,-15.6023,pending,,2026-06-26T04:16:52+00:00
trackb_rev_EVTV_20260603,1.69,1.4,,,,2.03,1.34,,,,,,-31.282,pending,,2026-06-26T04:16:35+00:00
trackb_rev_EVTV_20260604,1.67,1.45,,,,1.93,1.34,,,,,,-31.282,pending,,2026-06-26T04:16:35+00:00
trackb_rev_EVTV_20260605,1.62,1.59,,,,1.88,1.34,,,,,,-31.282,pending,,2026-06-26T04:16:35+00:00
trackb_rev_EXC_20260603,45.610001,45.560001,,,,47.509998,44.150002,,,,,,-3.7917,pending,,2026-06-26T04:16:39+00:00
trackb_rev_EXC_20260604,45.509998,45.810001,,,,47.509998,44.150002,,,,,,-3.7917,pending,,2026-06-26T04:16:39+00:00
trackb_rev_EXC_20260605,46.209999,45.939999,,,,47.509998,44.599998,,,,,,-2.8111,pending,,2026-06-26T04:16:39+00:00
trackb_rev_EXC_20260608,46.18,46.619999,,,,47.509998,44.599998,,,,,,-2.8111,pending,,2026-06-26T04:16:39+00:00
trackb_rev_EXC_20260609,46.59,46.900002,,,,47.509998,44.599998,,,,,,-0.4464,pending,,2026-06-26T04:16:39+00:00
trackb_rev_EXC_20260622,,,,,,47.509998,45.68,,,,,,-0.2838,pending,,2026-06-26T04:16:39+00:00
trackb_rev_EXC_20260623,,,,,,47.509998,45.93,,,,,,0.262,pending,,2026-06-26T04:16:39+00:00
trackb_rev_EXLS_20260611,25.93,,,,,29.190001,25.15,,,,,,-13.3356,pending,,2026-06-26T04:17:26+00:00
trackb_rev_EXLS_20260615,26.16,,,,,29.190001,25.15,,,,,,-13.5144,pending,,2026-06-26T04:17:26+00:00
trackb_rev_EXLS_20260616,26.34,,,,,29.190001,25.15,,,,,,-11.6924,pending,,2026-06-26T04:17:26+00:00
trackb_rev_EXLS_20260617,25.219999,,,,,29.190001,25.15,,,,,,-11.6924,pending,,2026-06-26T04:17:26+00:00
trackb_rev_EXLS_20260618,,,,,,27.26,25.15,,,,,,-11.6924,pending,,2026-06-26T04:17:26+00:00
trackb_rev_EXLS_20260619,,,,,,26.690001,25.15,,,,,,-11.6924,pending,,2026-06-26T04:17:26+00:00
trackb_rev_EXPE_20260611,240.899994,,,,,270.51001,216.179993,,,,,,-1.2606,pending,,2026-06-26T04:17:24+00:00
trackb_rev_EXPE_20260616,262.149994,,,,,270.51001,232.520004,,,,,,-1.1857,pending,,2026-06-26T04:17:24+00:00
trackb_rev_EXPE_20260617,250.949997,,,,,270.51001,232.520004,,,,,,-1.1857,pending,,2026-06-26T04:17:24+00:00
trackb_rev_EXPE_20260618,,,,,,270.51001,232.520004,,,,,,-1.1857,pending,,2026-06-26T04:17:24+00:00
trackb_rev_EXPE_20260619,,,,,,270.51001,232.520004,,,,,,-1.1857,pending,,2026-06-26T04:17:24+00:00
trackb_rev_EYE_20260622,,,,,,18.059999,16.48,,,,,,-1.7878,pending,,2026-06-26T04:18:47+00:00
trackb_rev_EYE_20260623,,,,,,18.059999,16.73,,,,,,-1.3561,pending,,2026-06-26T04:18:47+00:00
trackb_rev_EYE_20260624,,,,,,18.059999,16.73,,,,,,-1.3561,pending,,2026-06-26T04:18:47+00:00
trackb_rev_EYE_20260625,,,,,,18.059999,17.440001,,,,,,2.8302,pending,,2026-06-26T04:18:47+00:00
trackb_rev_FAST_20260622,,,,,,47.810001,45.41,,,,,,-1.046,pending,,2026-06-26T04:17:23+00:00
trackb_rev_FAST_20260623,,,,,,47.810001,45.41,,,,,,-1.046,pending,,2026-06-26T04:17:23+00:00
trackb_rev_FCN_20260615,143.649994,,,,,158.699997,137.649994,,,,,,-12.1626,pending,,2026-06-26T04:17:57+00:00
trackb_rev_FCN_20260616,144.350006,,,,,158.699997,137.649994,,,,,,-11.499,pending,,2026-06-26T04:17:57+00:00
trackb_rev_FCN_20260617,140.399994,,,,,154.220001,137.649994,,,,,,-11.499,pending,,2026-06-26T04:17:57+00:00
trackb_rev_FCN_20260618,,,,,,151.039993,137.649994,,,,,,-8.8622,pending,,2026-06-26T04:17:57+00:00
trackb_rev_FCN_20260619,,,,,,146.779999,137.649994,,,,,,-8.8622,pending,,2026-06-26T04:17:57+00:00
trackb_rev_FCN_20260622,,,,,,146.779999,137.649994,,,,,,-5.4472,pending,,2026-06-26T04:17:57+00:00
trackb_rev_FCN_20260623,,,,,,146.779999,139.75,,,,,,-4.0047,pending,,2026-06-26T04:17:57+00:00
trackb_rev_FCPT_20260622,,,,,,25.299999,24.370001,,,,,,-0.49,pending,,2026-06-26T04:17:50+00:00
trackb_rev_FCPT_20260623,,,,,,25.299999,24.540001,,,,,,0.2042,pending,,2026-06-26T04:17:50+00:00
trackb_rev_FCPT_20260625,,,,,,25.299999,24.83,,,,,,-1.2724,pending,,2026-06-26T04:17:50+00:00
trackb_rev_FCUV_20260616,4.42,,,,,7.4,0.672,,,,,,-15.6309,pending,,2026-06-26T04:18:31+00:00
trackb_rev_FCUV_20260617,4.76,,,,,7.4,0.672,,,,,,-15.6309,pending,,2026-06-26T04:18:31+00:00
trackb_rev_FCUV_20260618,,,,,,7.4,1.84,,,,,,170.5882,pending,,2026-06-26T04:18:31+00:00
trackb_rev_FCUV_20260619,,,,,,7.4,1.84,,,,,,170.5882,pending,,2026-06-26T04:18:31+00:00
trackb_rev_FDS_20260622,,,,,,227.580002,207.960007,,,,,,-6.0238,pending,,2026-06-26T04:16:02+00:00
trackb_rev_FDS_20260623,,,,,,227.580002,207.960007,,,,,,-6.0238,pending,,2026-06-26T04:16:02+00:00
trackb_rev_FERG_20260615,234.050003,,,,,245.149994,228.580002,,,,,,-3.4223,pending,,2026-06-26T04:17:59+00:00
trackb_rev_FERG_20260616,236.679993,,,,,245.149994,228.580002,,,,,,-3.2609,pending,,2026-06-26T04:17:59+00:00
trackb_rev_FERG_20260617,240.759995,,,,,245.149994,228.580002,,,,,,-3.2609,pending,,2026-06-26T04:17:59+00:00
trackb_rev_FERG_20260618,,,,,,245.149994,228.580002,,,,,,-3.2609,pending,,2026-06-26T04:17:59+00:00
trackb_rev_FERG_20260619,,,,,,245.149994,228.580002,,,,,,-3.2609,pending,,2026-06-26T04:17:59+00:00
trackb_rev_FERG_20260622,,,,,,245.149994,228.580002,,,,,,-4.099,pending,,2026-06-26T04:17:59+00:00
trackb_rev_FERG_20260623,,,,,,245.149994,228.580002,,,,,,-4.099,pending,,2026-06-26T04:17:59+00:00
trackb_rev_FE_20260603,46.43,46.139999,,,,48.299999,45.09,,,,,,-2.1059,pending,,2026-06-26T04:16:34+00:00
trackb_rev_FE_20260604,46.669998,46.450001,,,,48.299999,45.09,,,,,,-2.1059,pending,,2026-06-26T04:16:34+00:00
trackb_rev_FE_20260605,47.029999,46.759998,,,,48.299999,45.509998,,,,,,-1.1941,pending,,2026-06-26T04:16:34+00:00
trackb_rev_FE_20260608,47.34,47.450001,,,,48.299999,45.509998,,,,,,-1.9604,pending,,2026-06-26T04:16:34+00:00
trackb_rev_FE_20260612,46.759998,,,,,48.299999,45.91,,,,,,-1.6285,pending,,2026-06-26T04:16:34+00:00
trackb_rev_FE_20260616,47.82,,,,,48.299999,45.91,,,,,,-3.2251,pending,,2026-06-26T04:16:34+00:00
trackb_rev_FE_20260617,48.009998,,,,,48.299999,45.91,,,,,,-3.2251,pending,,2026-06-26T04:16:34+00:00
trackb_rev_FE_20260618,,,,,,48.299999,46.0,,,,,,-3.0354,pending,,2026-06-26T04:16:34+00:00
trackb_rev_FE_20260619,,,,,,48.299999,46.279999,,,,,,-2.4452,pending,,2026-06-26T04:16:34+00:00
trackb_rev_FE_20260622,,,,,,48.299999,46.279999,,,,,,-0.366,pending,,2026-06-26T04:16:34+00:00
trackb_rev_FE_20260623,,,,,,48.299999,46.75,,,,,,-0.0214,pending,,2026-06-26T04:16:34+00:00
trackb_rev_FE_20260624,,,,,,48.299999,47.349998,,,,,,1.2618,pending,,2026-06-26T04:16:34+00:00
trackb_rev_FE_20260625,,,,,,48.299999,47.639999,,,,,,1.8819,pending,,2026-06-26T04:16:34+00:00
trackb_rev_FGI_20260618,,,,,,4.89,4.0,,,,,,-13.2321,pending,,2026-06-26T04:17:33+00:00
trackb_rev_FGI_20260619,,,,,,4.75,4.0,,,,,,-13.2321,pending,,2026-06-26T04:17:33+00:00
trackb_rev_FGI_20260622,,,,,,4.75,4.0,,,,,,-13.2321,pending,,2026-06-26T04:17:33+00:00
trackb_rev_FGI_20260623,,,,,,4.682,4.0,,,,,,-13.2321,pending,,2026-06-26T04:17:33+00:00
trackb_rev_FG_20260618,,,,,,28.1,26.125,,,,,,-2.4823,pending,,2026-06-26T04:17:51+00:00
trackb_rev_FG_20260619,,,,,,28.1,26.125,,,,,,-2.4823,pending,,2026-06-26T04:17:51+00:00
trackb_rev_FG_20260622,,,,,,28.1,26.125,,,,,,-2.4823,pending,,2026-06-26T04:17:51+00:00
trackb_rev_FG_20260623,,,,,,28.1,26.125,,,,,,-4.3741,pending,,2026-06-26T04:17:51+00:00
trackb_rev_FG_20260624,,,,,,27.799999,26.125,,,,,,-4.3741,pending,,2026-06-26T04:17:51+00:00
trackb_rev_FG_20260625,,,,,,27.110001,26.125,,,,,,-4.3741,pending,,2026-06-26T04:17:51+00:00
trackb_rev_FIG_20260612,19.08,,,,,20.129999,16.799999,,,,,,-13.1334,pending,,2026-06-26T04:17:37+00:00
trackb_rev_FIP_20260616,4.69,,,,,5.05,4.51,,,,,,-10.8696,pending,,2026-06-26T04:18:32+00:00
trackb_rev_FIP_20260617,4.91,,,,,5.045,4.51,,,,,,-10.8696,pending,,2026-06-26T04:18:32+00:00
trackb_rev_FIP_20260618,,,,,,4.96,4.51,,,,,,-7.582,pending,,2026-06-26T04:18:32+00:00
trackb_rev_FIP_20260619,,,,,,4.92,4.51,,,,,,-7.582,pending,,2026-06-26T04:18:32+00:00
trackb_rev_FIP_20260622,,,,,,4.92,4.51,,,,,,-7.582,pending,,2026-06-26T04:18:32+00:00
trackb_rev_FIP_20260623,,,,,,4.92,4.51,,,,,,-5.4507,pending,,2026-06-26T04:18:32+00:00
trackb_rev_FIP_20260624,,,,,,4.92,4.51,,,,,,-5.4507,pending,,2026-06-26T04:18:32+00:00
trackb_rev_FIP_20260625,,,,,,4.92,4.75,,,,,,1.2793,pending,,2026-06-26T04:18:32+00:00
trackb_rev_FISV_20260603,53.279999,48.77,,,,57.02,47.040001,,,,,,-11.3289,pending,,2026-06-26T04:16:39+00:00
trackb_rev_FISV_20260604,53.060001,47.860001,,,,57.02,47.040001,,,,,,-11.3289,pending,,2026-06-26T04:16:39+00:00
trackb_rev_FISV_20260605,53.779999,47.18,,,,55.830002,47.040001,,,,,,-11.3289,pending,,2026-06-26T04:16:39+00:00
trackb_rev_FISV_20260608,47.91,47.299999,,,,54.389999,47.040001,,,,,,-13.5771,pending,,2026-06-26T04:16:39+00:00
trackb_rev_FIZZ_20260625,,,,,,34.27,33.060001,,,,,,-1.5778,pending,,2026-06-26T04:17:35+00:00
trackb_rev_FLO_20260616,7.65,,,,,7.92,7.18,,,,,,-8.3599,pending,,2026-06-26T04:18:26+00:00
trackb_rev_FLO_20260617,7.6,,,,,7.92,7.18,,,,,,-8.3599,pending,,2026-06-26T04:18:26+00:00
trackb_rev_FLO_20260618,,,,,,7.92,7.3,,,,,,-6.8283,pending,,2026-06-26T04:18:26+00:00
trackb_rev_FLO_20260619,,,,,,7.92,7.35,,,,,,-6.1902,pending,,2026-06-26T04:18:26+00:00
trackb_rev_FLO_20260622,,,,,,7.92,7.35,,,,,,-5.527,pending,,2026-06-26T04:18:26+00:00
trackb_rev_FLO_20260623,,,,,,7.92,7.38,,,,,,0.4082,pending,,2026-06-26T04:18:26+00:00
trackb_rev_FLO_20260624,,,,,,7.92,7.5,,,,,,2.0408,pending,,2026-06-26T04:18:26+00:00
trackb_rev_FLO_20260625,,,,,,7.86,7.5,,,,,,2.0408,pending,,2026-06-26T04:18:26+00:00
trackb_rev_FLS_20260610,78.93,74.989998,,,,82.540001,71.959999,,,,,,-3.8739,pending,,2026-06-26T04:14:56+00:00
trackb_rev_FLS_20260612,81.580002,,,,,82.540001,71.959999,,,,,,-7.8617,pending,,2026-06-26T04:14:56+00:00
trackb_rev_FLUT_20260608,108.980003,97.849998,,,,119.440002,95.110001,,,,,,-5.3538,pending,,2026-06-26T04:16:52+00:00
trackb_rev_FLUT_20260609,108.919998,98.510002,,,,119.440002,95.110001,,,,,,-9.3759,pending,,2026-06-26T04:16:52+00:00
trackb_rev_FLUT_20260618,,,,,,105.029999,95.110001,,,,,,-5.2595,pending,,2026-06-26T04:16:52+00:00
trackb_rev_FLUT_20260619,,,,,,102.43,95.110001,,,,,,-5.2595,pending,,2026-06-26T04:16:52+00:00
trackb_rev_FLUT_20260622,,,,,,102.43,95.110001,,,,,,-6.5992,pending,,2026-06-26T04:16:52+00:00
trackb_rev_FLUT_20260623,,,,,,100.855003,95.110001,,,,,,-6.5992,pending,,2026-06-26T04:16:52+00:00
trackb_rev_FLY_20260610,31.15,24.610001,,,,39.529999,23.889999,,,,,,-33.969,pending,,2026-06-26T04:17:11+00:00
trackb_rev_FMFC_20260616,0.324,,,,,0.455,0.231,,,,,,-40.1554,pending,,2026-06-26T04:18:32+00:00
trackb_rev_FMFC_20260617,0.274,,,,,0.455,0.231,,,,,,-40.1554,pending,,2026-06-26T04:18:32+00:00
trackb_rev_FMFC_20260618,,,,,,0.455,0.231,,,,,,-40.1554,pending,,2026-06-26T04:18:32+00:00
trackb_rev_FMFC_20260619,,,,,,0.455,0.231,,,,,,-40.1554,pending,,2026-06-26T04:18:32+00:00
trackb_rev_FMFC_20260622,,,,,,0.455,0.231,,,,,,-1.282,pending,,2026-06-26T04:18:32+00:00
trackb_rev_FNF_20260622,,,,,,48.25,45.759998,,,,,,-2.264,pending,,2026-06-26T04:18:48+00:00
trackb_rev_FNF_20260623,,,,,,48.25,45.759998,,,,,,-2.5139,pending,,2026-06-26T04:18:48+00:00
trackb_rev_FNF_20260624,,,,,,48.25,45.759998,,,,,,-2.5139,pending,,2026-06-26T04:18:48+00:00
trackb_rev_FNF_20260625,,,,,,46.689999,45.759998,,,,,,-2.5139,pending,,2026-06-26T04:18:48+00:00
trackb_rev_FOSL_20260611,4.29,,,,,4.68,3.94,,,,,,-6.1905,pending,,2026-06-26T04:17:27+00:00
trackb_rev_FOSL_20260612,4.17,,,,,4.68,3.94,,,,,,-5.7416,pending,,2026-06-26T04:17:27+00:00
trackb_rev_FOSL_20260616,4.03,,,,,4.54,3.94,,,,,,-10.0457,pending,,2026-06-26T04:17:27+00:00
trackb_rev_FOSL_20260617,4.17,,,,,4.54,3.94,,,,,,-10.0457,pending,,2026-06-26T04:17:27+00:00
trackb_rev_FOSL_20260618,,,,,,4.36,3.94,,,,,,-10.0457,pending,,2026-06-26T04:17:27+00:00
trackb_rev_FOSL_20260619,,,,,,4.36,3.94,,,,,,-10.0457,pending,,2026-06-26T04:17:27+00:00
trackb_rev_FOSL_20260623,,,,,,4.19,3.94,,,,,,-5.5156,pending,,2026-06-26T04:17:27+00:00
trackb_rev_FOSL_20260624,,,,,,4.19,3.94,,,,,,-5.5156,pending,,2026-06-26T04:17:27+00:00
trackb_rev_FOSL_20260625,,,,,,4.19,4.0,,,,,,-4.0767,pending,,2026-06-26T04:17:27+00:00
trackb_rev_FRPT_20260609,57.09,52.740002,,,,57.93,49.451,,,,,,-3.7918,pending,,2026-06-26T04:17:06+00:00
trackb_rev_FRPT_20260610,55.66,53.380001,,,,57.93,49.451,,,,,,-3.7918,pending,,2026-06-26T04:17:06+00:00
trackb_rev_FRPT_20260616,52.740002,,,,,57.93,50.5,,,,,,-7.9307,pending,,2026-06-26T04:17:06+00:00
trackb_rev_FRPT_20260617,53.380001,,,,,57.93,50.5,,,,,,-7.9307,pending,,2026-06-26T04:17:06+00:00
trackb_rev_FRPT_20260618,,,,,,56.860001,50.5,,,,,,-10.3656,pending,,2026-06-26T04:17:06+00:00
trackb_rev_FRPT_20260619,,,,,,55.490002,50.5,,,,,,-10.3656,pending,,2026-06-26T04:17:06+00:00
trackb_rev_FRPT_20260622,,,,,,55.490002,50.5,,,,,,-10.3656,pending,,2026-06-26T04:17:06+00:00
trackb_rev_FRPT_20260623,,,,,,54.529999,51.130001,,,,,,0.4124,pending,,2026-06-26T04:17:06+00:00
trackb_rev_FRPT_20260624,,,,,,54.529999,51.68,,,,,,1.4925,pending,,2026-06-26T04:17:06+00:00
trackb_rev_FRPT_20260625,,,,,,54.075001,52.599998,,,,,,3.2993,pending,,2026-06-26T04:17:06+00:00
trackb_rev_FSP_20260609,0.67,0.54,,,,0.74,0.53,,,,,,-15.873,pending,,2026-06-26T04:17:05+00:00
trackb_rev_FSP_20260625,,,,,,0.57,0.53,,,,,,-1.8519,pending,,2026-06-26T04:17:05+00:00
trackb_rev_FTCI_20260616,4.98,,,,,5.6,4.295,,,,,,-6.6304,pending,,2026-06-26T04:15:00+00:00
trackb_rev_FTCI_20260617,4.56,,,,,5.6,4.43,,,,,,-3.6957,pending,,2026-06-26T04:15:00+00:00
trackb_rev_FTCI_20260618,,,,,,5.6,4.43,,,,,,-3.6957,pending,,2026-06-26T04:15:00+00:00
trackb_rev_FTCI_20260619,,,,,,5.4,4.43,,,,,,-3.6957,pending,,2026-06-26T04:15:00+00:00
trackb_rev_FTI_20260625,,,,,,67.339996,64.32,,,,,,0.0467,pending,,2026-06-26T04:19:02+00:00
trackb_rev_FUBO_20260609,9.28,8.75,,,,10.76,7.95,,,,,,-18.0412,pending,,2026-06-26T04:17:03+00:00
trackb_rev_FUBO_20260611,9.22,,,,,10.76,7.95,,,,,,-20.3407,pending,,2026-06-26T04:17:03+00:00
trackb_rev_FUBO_20260612,8.82,,,,,10.36,7.95,,,,,,-24.0688,pending,,2026-06-26T04:17:03+00:00
trackb_rev_FUBO_20260615,8.71,,,,,10.26,7.95,,,,,,-21.4427,pending,,2026-06-26T04:17:03+00:00
trackb_rev_FUBO_20260616,8.75,,,,,9.97,7.95,,,,,,-21.944,pending,,2026-06-26T04:17:03+00:00
trackb_rev_FUBO_20260617,8.09,,,,,9.48,7.95,,,,,,-21.944,pending,,2026-06-26T04:17:03+00:00
trackb_rev_FUL_20260610,64.769997,61.950001,,,,66.449997,58.27,,,,,,-2.9319,pending,,2026-06-26T04:16:14+00:00
trackb_rev_FWDI_20260625,,,,,,3.79,3.5,,,,,,-4.6322,pending,,2026-06-26T04:19:03+00:00
trackb_rev_FWRD_20260609,13.77,13.39,,,,14.53,10.6,,,,,,-7.8261,pending,,2026-06-26T04:17:05+00:00
trackb_rev_FWRD_20260615,13.08,,,,,14.53,13.05,,,,,,-3.1899,pending,,2026-06-26T04:17:05+00:00
trackb_rev_FWRD_20260616,13.39,,,,,14.53,13.05,,,,,,-2.2106,pending,,2026-06-26T04:17:05+00:00
trackb_rev_FWRD_20260617,14.29,,,,,14.53,13.05,,,,,,-2.2106,pending,,2026-06-26T04:17:05+00:00
trackb_rev_FWRD_20260618,,,,,,14.53,13.05,,,,,,-2.2106,pending,,2026-06-26T04:17:05+00:00
trackb_rev_FWRD_20260619,,,,,,14.53,13.05,,,,,,-2.2106,pending,,2026-06-26T04:17:05+00:00
trackb_rev_FWRD_20260625,,,,,,14.53,13.5,,,,,,0.8215,pending,,2026-06-26T04:17:05+00:00
trackb_rev_GAME_20260612,0.425,,,,,0.478,0.362,,,,,,-19.0157,pending,,2026-06-26T04:17:44+00:00
trackb_rev_GAME_20260616,0.391,,,,,0.478,0.362,,,,,,-18.9068,pending,,2026-06-26T04:17:44+00:00
trackb_rev_GAME_20260617,0.389,,,,,0.45,0.362,,,,,,-18.9068,pending,,2026-06-26T04:17:44+00:00
trackb_rev_GAME_20260618,,,,,,0.45,0.362,,,,,,-18.9068,pending,,2026-06-26T04:17:44+00:00
trackb_rev_GAME_20260619,,,,,,0.45,0.362,,,,,,-18.9068,pending,,2026-06-26T04:17:44+00:00
trackb_rev_GAME_20260622,,,,,,0.45,0.362,,,,,,-14.8235,pending,,2026-06-26T04:17:44+00:00
trackb_rev_GAME_20260623,,,,,,0.45,0.362,,,,,,-14.8235,pending,,2026-06-26T04:17:44+00:00
trackb_rev_GAP_20260608,22.1,20.450001,,,,22.41,20.129999,,,,,,-6.6327,pending,,2026-06-26T04:16:50+00:00
trackb_rev_GAP_20260610,20.940001,20.219999,,,,22.41,20.129999,,,,,,-5.4486,pending,,2026-06-26T04:16:50+00:00
trackb_rev_GATX_20260622,,,,,,184.369995,176.479996,,,,,,-0.3895,pending,,2026-06-26T04:18:46+00:00
trackb_rev_GATX_20260623,,,,,,184.369995,176.479996,,,,,,-0.3895,pending,,2026-06-26T04:18:46+00:00
trackb_rev_GEHC_20260603,63.759998,61.150002,,,,66.440002,59.970001,,,,,,-2.6224,pending,,2026-06-26T04:16:33+00:00
trackb_rev_GEHC_20260604,64.510002,61.59,,,,66.440002,59.970001,,,,,,-2.6224,pending,,2026-06-26T04:16:33+00:00
trackb_rev_GEHC_20260605,65.18,60.639999,,,,66.440002,59.970001,,,,,,-2.6224,pending,,2026-06-26T04:16:33+00:00
trackb_rev_GEHC_20260608,64.760002,63.720001,,,,66.440002,59.970001,,,,,,-2.6224,pending,,2026-06-26T04:16:33+00:00
trackb_rev_GEHC_20260612,60.639999,,,,,66.440002,59.970001,,,,,,-7.0377,pending,,2026-06-26T04:16:33+00:00
trackb_rev_GEHC_20260615,63.720001,,,,,66.440002,59.970001,,,,,,-9.212,pending,,2026-06-26T04:16:33+00:00
trackb_rev_GEHC_20260616,64.879997,,,,,65.93,59.970001,,,,,,-7.9438,pending,,2026-06-26T04:16:33+00:00
trackb_rev_GEHC_20260617,64.940002,,,,,65.93,59.970001,,,,,,-7.9438,pending,,2026-06-26T04:16:33+00:00
trackb_rev_GEHC_20260618,,,,,,65.93,59.970001,,,,,,-0.9415,pending,,2026-06-26T04:16:33+00:00
trackb_rev_GEHC_20260619,,,,,,65.93,60.32,,,,,,-0.3634,pending,,2026-06-26T04:16:33+00:00
trackb_rev_GEHC_20260622,,,,,,65.93,60.32,,,,,,-0.3634,pending,,2026-06-26T04:16:33+00:00
trackb_rev_GEHC_20260623,,,,,,65.93,61.0,,,,,,0.7598,pending,,2026-06-26T04:16:33+00:00
trackb_rev_GFL_20260618,,,,,,38.150002,34.389999,,,,,,-1.939,pending,,2026-06-26T04:18:39+00:00
trackb_rev_GFL_20260619,,,,,,38.150002,34.59,,,,,,-1.3687,pending,,2026-06-26T04:18:39+00:00
trackb_rev_GFL_20260622,,,,,,38.150002,34.59,,,,,,-1.453,pending,,2026-06-26T04:18:39+00:00
trackb_rev_GFL_20260623,,,,,,38.150002,35.354,,,,,,0.7236,pending,,2026-06-26T04:18:39+00:00
trackb_rev_GIPR_20260603,0.204,0.18,,,,0.22,0.162,,,,,,-22.2276,pending,,2026-06-26T04:16:36+00:00
trackb_rev_GIPR_20260604,0.195,0.173,,,,0.22,0.162,,,,,,-22.2276,pending,,2026-06-26T04:16:36+00:00
trackb_rev_GIPR_20260605,0.189,0.179,,,,0.21,0.162,,,,,,-22.2276,pending,,2026-06-26T04:16:36+00:00
trackb_rev_GIPR_20260608,0.192,0.171,,,,0.21,0.162,,,,,,-22.2276,pending,,2026-06-26T04:16:36+00:00
trackb_rev_GIS_20260618,,,,,,35.549999,33.209999,,,,,,-0.0,pending,,2026-06-26T04:18:06+00:00
trackb_rev_GIS_20260619,,,,,,35.549999,33.32,,,,,,0.3312,pending,,2026-06-26T04:18:06+00:00
trackb_rev_GIS_20260622,,,,,,35.549999,33.32,,,,,,-0.2992,pending,,2026-06-26T04:18:06+00:00
trackb_rev_GIS_20260623,,,,,,35.549999,33.84,,,,,,1.4997,pending,,2026-06-26T04:18:06+00:00
trackb_rev_GIS_20260624,,,,,,35.549999,34.5,,,,,,3.4793,pending,,2026-06-26T04:18:06+00:00
trackb_rev_GIS_20260625,,,,,,35.549999,34.889999,,,,,,4.6491,pending,,2026-06-26T04:18:06+00:00
trackb_rev_GLPI_20260618,,,,,,45.700001,44.119999,,,,,,-2.5188,pending,,2026-06-26T04:17:31+00:00
trackb_rev_GLPI_20260619,,,,,,45.700001,44.119999,,,,,,-2.5188,pending,,2026-06-26T04:17:31+00:00
trackb_rev_GLPI_20260622,,,,,,45.700001,44.119999,,,,,,-1.0541,pending,,2026-06-26T04:17:31+00:00
trackb_rev_GLPI_20260623,,,,,,45.700001,44.490002,,,,,,-0.2243,pending,,2026-06-26T04:17:31+00:00
trackb_rev_GMED_20260603,80.860001,75.419998,,,,85.150002,74.669998,,,,,,-4.306,pending,,2026-06-26T04:16:40+00:00
trackb_rev_GMED_20260604,80.519997,79.230003,,,,85.150002,74.669998,,,,,,-4.306,pending,,2026-06-26T04:16:40+00:00
trackb_rev_GMED_20260605,80.389999,79.190002,,,,85.150002,74.669998,,,,,,-4.306,pending,,2026-06-26T04:16:40+00:00
trackb_rev_GMED_20260608,77.32,80.040001,,,,85.150002,74.669998,,,,,,-4.306,pending,,2026-06-26T04:16:40+00:00
trackb_rev_GMED_20260610,75.419998,84.650002,,,,85.150002,74.669998,,,,,,-4.636,pending,,2026-06-26T04:16:40+00:00
trackb_rev_GME_20260616,21.440001,,,,,21.93,20.93,,,,,,-3.9587,pending,,2026-06-26T04:18:18+00:00
trackb_rev_GME_20260617,21.01,,,,,21.93,20.93,,,,,,-3.9587,pending,,2026-06-26T04:18:18+00:00
trackb_rev_GME_20260618,,,,,,21.67,20.93,,,,,,-3.9587,pending,,2026-06-26T04:18:18+00:00
trackb_rev_GME_20260619,,,,,,21.65,20.93,,,,,,-3.9587,pending,,2026-06-26T04:18:18+00:00
trackb_rev_GME_20260622,,,,,,21.65,20.93,,,,,,-2.7416,pending,,2026-06-26T04:18:18+00:00
trackb_rev_GME_20260623,,,,,,21.65,20.93,,,,,,-0.9934,pending,,2026-06-26T04:18:18+00:00
trackb_rev_GME_20260624,,,,,,21.65,20.93,,,,,,-0.9934,pending,,2026-06-26T04:18:18+00:00
trackb_rev_GME_20260625,,,,,,21.41,20.93,,,,,,-2.3787,pending,,2026-06-26T04:18:18+00:00
trackb_rev_GNK_20260618,,,,,,25.27,23.290001,,,,,,-1.9368,pending,,2026-06-26T04:18:41+00:00
trackb_rev_GNK_20260619,,,,,,25.27,23.290001,,,,,,-1.9368,pending,,2026-06-26T04:18:41+00:00
trackb_rev_GNK_20260622,,,,,,25.27,23.290001,,,,,,-1.647,pending,,2026-06-26T04:18:41+00:00
trackb_rev_GNK_20260623,,,,,,25.27,23.290001,,,,,,-1.1879,pending,,2026-06-26T04:18:41+00:00
trackb_rev_GNK_20260624,,,,,,24.76,23.290001,,,,,,-1.1879,pending,,2026-06-26T04:18:41+00:00
trackb_rev_GNL_20260625,,,,,,9.24,8.97,,,,,,-2.181,pending,,2026-06-26T04:19:02+00:00
trackb_rev_GNRC_20260612,295.540009,,,,,296.440002,255.690002,,,,,,-0.6373,pending,,2026-06-26T04:15:45+00:00
trackb_rev_GOLF_20260609,97.599998,109.5,,,,113.25,91.440002,,,,,,1.0164,pending,,2026-06-26T04:17:04+00:00
trackb_rev_GOLF_20260610,100.489998,113.199997,,,,113.25,92.410004,,,,,,2.0879,pending,,2026-06-26T04:17:04+00:00
trackb_rev_GPC_20260611,108.699997,,,,,114.589996,98.809998,,,,,,0.3861,pending,,2026-06-26T04:17:27+00:00
trackb_rev_GPGI_20260618,,,,,,14.925,14.0,,,,,,-0.8499,pending,,2026-06-26T04:18:40+00:00
trackb_rev_GPGI_20260619,,,,,,14.925,14.0,,,,,,-0.8499,pending,,2026-06-26T04:18:40+00:00
trackb_rev_GPI_20260618,,,,,,325.589996,294.890015,,,,,,-3.3369,pending,,2026-06-26T04:18:39+00:00
trackb_rev_GPI_20260619,,,,,,325.589996,294.890015,,,,,,-3.3369,pending,,2026-06-26T04:18:39+00:00
trackb_rev_GPI_20260622,,,,,,325.589996,294.890015,,,,,,-3.3369,pending,,2026-06-26T04:18:39+00:00
trackb_rev_GPI_20260625,,,,,,323.399994,294.890015,,,,,,-7.1242,pending,,2026-06-26T04:18:39+00:00
trackb_rev_GTLS_20260622,,,,,,209.130005,208.520004,,,,,,0.2548,pending,,2026-06-26T04:16:21+00:00
trackb_rev_GTLS_20260623,,,,,,209.020004,208.699997,,,,,,0.3414,pending,,2026-06-26T04:16:21+00:00
trackb_rev_GTY_20260622,,,,,,34.060001,32.57,,,,,,-0.3366,pending,,2026-06-26T04:17:56+00:00
trackb_rev_GTY_20260623,,,,,,34.060001,33.049999,,,,,,0.6701,pending,,2026-06-26T04:17:56+00:00
trackb_rev_GTY_20260624,,,,,,34.060001,33.139999,,,,,,0.9443,pending,,2026-06-26T04:17:56+00:00
trackb_rev_GTY_20260625,,,,,,33.900002,33.139999,,,,,,0.9443,pending,,2026-06-26T04:17:56+00:00
trackb_rev_GT_20260609,6.31,6.29,,,,6.78,5.79,,,,,,-0.1724,pending,,2026-06-26T04:17:06+00:00
trackb_rev_GT_20260610,6.16,6.44,,,,6.78,5.79,,,,,,-0.1724,pending,,2026-06-26T04:17:06+00:00
trackb_rev_GT_20260611,6.19,,,,,6.78,5.86,,,,,,-0.1704,pending,,2026-06-26T04:17:06+00:00
trackb_rev_GT_20260612,5.97,,,,,6.78,5.86,,,,,,-2.1703,pending,,2026-06-26T04:17:06+00:00
trackb_rev_GT_20260616,6.29,,,,,6.71,5.86,,,,,,-13.1852,pending,,2026-06-26T04:17:06+00:00
trackb_rev_GT_20260617,6.44,,,,,6.6,5.86,,,,,,-13.1852,pending,,2026-06-26T04:17:06+00:00
trackb_rev_GT_20260618,,,,,,6.6,5.86,,,,,,-13.1852,pending,,2026-06-26T04:17:06+00:00
trackb_rev_GT_20260619,,,,,,6.6,5.86,,,,,,-13.1852,pending,,2026-06-26T04:17:06+00:00
trackb_rev_GT_20260623,,,,,,6.6,5.86,,,,,,-1.8425,pending,,2026-06-26T04:17:06+00:00
trackb_rev_GT_20260624,,,,,,6.6,5.96,,,,,,-0.1675,pending,,2026-06-26T04:17:06+00:00
trackb_rev_GT_20260625,,,,,,6.6,6.29,,,,,,-0.0,pending,,2026-06-26T04:17:06+00:00
trackb_rev_GWRS_20260603,7.06,6.85,,,,7.42,6.685,,,,,,-5.4455,pending,,2026-06-26T04:16:35+00:00
trackb_rev_GWRS_20260604,6.99,7.09,,,,7.42,6.685,,,,,,-5.4455,pending,,2026-06-26T04:16:35+00:00
trackb_rev_GWRS_20260605,7.03,6.9,,,,7.42,6.685,,,,,,-5.4455,pending,,2026-06-26T04:16:35+00:00
trackb_rev_GWRS_20260608,6.72,7.05,,,,7.27,6.685,,,,,,-5.4455,pending,,2026-06-26T04:16:35+00:00
trackb_rev_GWRS_20260609,6.88,7.1,,,,7.23,6.685,,,,,,-5.1773,pending,,2026-06-26T04:16:35+00:00
trackb_rev_GWRS_20260611,7.09,,,,,7.23,6.685,,,,,,-5.3116,pending,,2026-06-26T04:16:35+00:00
trackb_rev_GWRS_20260612,6.9,,,,,7.23,6.685,,,,,,-4.3634,pending,,2026-06-26T04:16:35+00:00
trackb_rev_GXAI_20260612,1.24,,,,,1.29,1.08,,,,,,-11.4754,pending,,2026-06-26T04:17:41+00:00
trackb_rev_GXAI_20260616,1.14,,,,,1.29,1.08,,,,,,-11.8367,pending,,2026-06-26T04:17:41+00:00
trackb_rev_GXAI_20260617,1.15,,,,,1.29,1.08,,,,,,-11.8367,pending,,2026-06-26T04:17:41+00:00
trackb_rev_GXAI_20260618,,,,,,1.29,1.08,,,,,,-11.8367,pending,,2026-06-26T04:17:41+00:00
trackb_rev_GXAI_20260619,,,,,,1.29,1.08,,,,,,-11.8367,pending,,2026-06-26T04:17:41+00:00
trackb_rev_GXAI_20260623,,,,,,1.26,1.08,,,,,,-12.9032,pending,,2026-06-26T04:17:41+00:00
trackb_rev_GXAI_20260624,,,,,,1.2,1.08,,,,,,-12.9032,pending,,2026-06-26T04:17:41+00:00
trackb_rev_GXAI_20260625,,,,,,1.16,1.08,,,,,,-12.9032,pending,,2026-06-26T04:17:41+00:00
trackb_rev_GXO_20260611,48.639999,,,,,52.035,47.810001,,,,,,0.0209,pending,,2026-06-26T04:17:26+00:00
trackb_rev_GXO_20260615,48.830002,,,,,52.035,48.0,,,,,,-6.4692,pending,,2026-06-26T04:17:26+00:00
trackb_rev_GXO_20260616,49.98,,,,,52.035,48.0,,,,,,-3.9231,pending,,2026-06-26T04:17:26+00:00
trackb_rev_GXO_20260617,50.950001,,,,,52.035,48.0,,,,,,-3.9231,pending,,2026-06-26T04:17:26+00:00
trackb_rev_GXO_20260618,,,,,,52.035,48.029999,,,,,,-3.8631,pending,,2026-06-26T04:17:26+00:00
trackb_rev_GXO_20260619,,,,,,52.035,48.029999,,,,,,-3.8631,pending,,2026-06-26T04:17:26+00:00
trackb_rev_GXO_20260623,,,,,,52.035,48.353001,,,,,,-2.769,pending,,2026-06-26T04:17:26+00:00
trackb_rev_GXO_20260624,,,,,,52.035,48.353001,,,,,,-2.769,pending,,2026-06-26T04:17:26+00:00
trackb_rev_GXO_20260625,,,,,,52.035,50.07,,,,,,0.6837,pending,,2026-06-26T04:17:26+00:00
trackb_rev_HAYW_20260612,14.83,,,,,16.35,14.56,,,,,,-1.0197,pending,,2026-06-26T04:17:18+00:00
trackb_rev_HCA_20260623,,,,,,393.0,381.019989,,,,,,1.069,pending,,2026-06-26T04:18:53+00:00
trackb_rev_HCA_20260624,,,,,,393.0,384.549988,,,,,,2.0054,pending,,2026-06-26T04:18:53+00:00
trackb_rev_HCA_20260625,,,,,,391.0,384.649994,,,,,,2.0319,pending,,2026-06-26T04:18:53+00:00
trackb_rev_HFFG_20260603,1.91,1.83,,,,2.0,1.625,,,,,,-12.1622,pending,,2026-06-26T04:16:37+00:00
trackb_rev_HFFG_20260604,1.88,1.89,,,,2.0,1.625,,,,,,-12.1622,pending,,2026-06-26T04:16:37+00:00
trackb_rev_HFFG_20260605,1.9,1.84,,,,2.0,1.625,,,,,,-12.1622,pending,,2026-06-26T04:16:37+00:00
trackb_rev_HFFG_20260608,1.8,1.83,,,,2.0,1.625,,,,,,-12.1622,pending,,2026-06-26T04:16:37+00:00
trackb_rev_HLMN_20260616,8.205,,,,,8.485,7.67,,,,,,-4.1849,pending,,2026-06-26T04:18:26+00:00
trackb_rev_HLMN_20260617,8.32,,,,,8.485,7.67,,,,,,-4.1849,pending,,2026-06-26T04:18:26+00:00
trackb_rev_HLMN_20260618,,,,,,8.485,7.67,,,,,,-4.1849,pending,,2026-06-26T04:18:26+00:00
trackb_rev_HLMN_20260619,,,,,,8.485,7.67,,,,,,-4.1849,pending,,2026-06-26T04:18:26+00:00
trackb_rev_HNI_20260612,34.16,,,,,40.619999,32.02,,,,,,-3.3213,pending,,2026-06-26T04:17:40+00:00
trackb_rev_HNI_20260616,37.330002,,,,,40.619999,32.02,,,,,,-4.7024,pending,,2026-06-26T04:17:40+00:00
trackb_rev_HNI_20260617,39.099998,,,,,40.619999,32.02,,,,,,-4.7024,pending,,2026-06-26T04:17:40+00:00
trackb_rev_HNI_20260618,,,,,,40.619999,32.639999,,,,,,0.7097,pending,,2026-06-26T04:17:40+00:00
trackb_rev_HNI_20260619,,,,,,40.619999,33.880001,,,,,,4.5356,pending,,2026-06-26T04:17:40+00:00
trackb_rev_HNI_20260622,,,,,,40.619999,33.880001,,,,,,4.5356,pending,,2026-06-26T04:17:40+00:00
trackb_rev_HNST_20260610,3.56,3.56,,,,3.78,3.37,,,,,,-0.0,pending,,2026-06-26T04:17:12+00:00
trackb_rev_HON_20260609,229.490005,227.419998,,,,237.369995,205.520004,,,,,,-2.9651,pending,,2026-06-26T04:15:34+00:00
trackb_rev_HON_20260612,228.110001,,,,,237.369995,219.160004,,,,,,0.0183,pending,,2026-06-26T04:15:34+00:00
trackb_rev_HOV_20260609,121.040001,141.910004,,,,147.789993,108.730003,,,,,,0.6666,pending,,2026-06-26T04:15:21+00:00
trackb_rev_HOV_20260610,120.870003,141.880005,,,,147.789993,110.959999,,,,,,2.7312,pending,,2026-06-26T04:15:21+00:00
trackb_rev_HROW_20260608,38.93,42.779999,,,,44.5,32.779999,,,,,,-1.2353,pending,,2026-06-26T04:16:53+00:00
trackb_rev_HROW_20260609,38.400002,42.68,,,,44.5,33.09,,,,,,-0.0302,pending,,2026-06-26T04:16:53+00:00
trackb_rev_HROW_20260610,41.939999,41.5,,,,44.5,33.09,,,,,,-0.0302,pending,,2026-06-26T04:16:53+00:00
trackb_rev_HROW_20260612,42.41,,,,,44.5,37.459999,,,,,,-0.5047,pending,,2026-06-26T04:16:53+00:00
trackb_rev_HTFL_20260608,32.82,34.48,,,,35.849998,27.98,,,,,,-0.427,pending,,2026-06-26T04:16:52+00:00
trackb_rev_HTFL_20260609,32.049999,34.91,,,,35.849998,27.98,,,,,,-1.652,pending,,2026-06-26T04:16:52+00:00
trackb_rev_HTFL_20260611,33.639999,,,,,35.849998,28.950001,,,,,,-1.631,pending,,2026-06-26T04:16:52+00:00
trackb_rev_HUBB_20260616,518.179993,,,,,547.325012,496.592499,,,,,,0.2286,pending,,2026-06-26T04:18:22+00:00
trackb_rev_HUBB_20260617,536.039978,,,,,547.325012,503.549988,,,,,,1.6328,pending,,2026-06-26T04:18:22+00:00
trackb_rev_HUBS_20260611,176.029999,,,,,195.0,169.630005,,,,,,-12.0131,pending,,2026-06-26T04:16:10+00:00
trackb_rev_HUBS_20260615,173.289993,,,,,195.0,169.630005,,,,,,-12.0929,pending,,2026-06-26T04:16:10+00:00
trackb_rev_HUBS_20260616,180.729996,,,,,187.779999,169.630005,,,,,,-9.603,pending,,2026-06-26T04:16:10+00:00
trackb_rev_HUBS_20260617,170.279999,,,,,186.0,169.630005,,,,,,-9.603,pending,,2026-06-26T04:16:10+00:00
trackb_rev_HUBS_20260618,,,,,,183.660004,169.630005,,,,,,-9.603,pending,,2026-06-26T04:16:10+00:00
trackb_rev_HUBS_20260619,,,,,,183.660004,169.630005,,,,,,-9.603,pending,,2026-06-26T04:16:10+00:00
trackb_rev_HURN_20260616,96.529999,,,,,109.0,84.879997,,,,,,-19.7125,pending,,2026-06-26T04:18:22+00:00
trackb_rev_HURN_20260617,92.209999,,,,,108.830002,84.879997,,,,,,-19.7125,pending,,2026-06-26T04:18:22+00:00
trackb_rev_HURN_20260618,,,,,,106.040001,84.879997,,,,,,-19.7125,pending,,2026-06-26T04:18:22+00:00
trackb_rev_HURN_20260619,,,,,,99.550003,84.879997,,,,,,-19.7125,pending,,2026-06-26T04:18:22+00:00
trackb_rev_IAUX_20260610,1.52,1.39,,,,1.62,1.36,,,,,,-2.8571,pending,,2026-06-26T04:15:30+00:00
trackb_rev_IBP_20260625,,,,,,230.270004,223.020004,,,,,,-0.1254,pending,,2026-06-26T04:19:00+00:00
trackb_rev_IDXX_20260603,556.940002,546.090027,,,,581.469971,538.440002,,,,,,-3.6582,pending,,2026-06-26T04:16:40+00:00
trackb_rev_IDXX_20260604,557.909973,562.090027,,,,581.469971,538.440002,,,,,,-3.6582,pending,,2026-06-26T04:16:40+00:00
trackb_rev_IDXX_20260605,560.880005,545.72998,,,,581.469971,538.440002,,,,,,-3.6582,pending,,2026-06-26T04:16:40+00:00
trackb_rev_IDXX_20260616,549.159973,,,,,574.080017,538.440002,,,,,,-4.9717,pending,,2026-06-26T04:16:40+00:00
trackb_rev_IDXX_20260617,554.940002,,,,,573.0,538.440002,,,,,,-4.9717,pending,,2026-06-26T04:16:40+00:00
trackb_rev_IDXX_20260618,,,,,,570.840027,538.440002,,,,,,-4.9717,pending,,2026-06-26T04:16:40+00:00
trackb_rev_IDXX_20260619,,,,,,570.840027,538.440002,,,,,,-4.9717,pending,,2026-06-26T04:16:40+00:00
trackb_rev_IDXX_20260622,,,,,,570.840027,538.440002,,,,,,-4.2075,pending,,2026-06-26T04:16:40+00:00
trackb_rev_IDXX_20260623,,,,,,570.840027,538.440002,,,,,,-4.2075,pending,,2026-06-26T04:16:40+00:00
trackb_rev_IDXX_20260625,,,,,,570.840027,545.659973,,,,,,-0.6373,pending,,2026-06-26T04:16:40+00:00
trackb_rev_IIIN_20260612,29.540001,,,,,31.040001,28.379999,,,,,,-1.7993,pending,,2026-06-26T04:17:38+00:00
trackb_rev_IMKTA_20260603,93.610001,87.07,,,,94.690002,85.690002,,,,,,-4.4278,pending,,2026-06-26T04:16:38+00:00
trackb_rev_IMKTA_20260604,93.050003,87.43,,,,94.690002,85.690002,,,,,,-4.4278,pending,,2026-06-26T04:16:38+00:00
trackb_rev_IMKTA_20260605,92.010002,89.75,,,,94.690002,85.720001,,,,,,-4.3944,pending,,2026-06-26T04:16:38+00:00
trackb_rev_IMKTA_20260608,88.32,89.029999,,,,94.690002,85.720001,,,,,,-4.3944,pending,,2026-06-26T04:16:38+00:00
trackb_rev_IMKTA_20260618,,,,,,90.940002,85.720001,,,,,,-1.5505,pending,,2026-06-26T04:16:38+00:00
trackb_rev_IMKTA_20260619,,,,,,90.940002,87.489998,,,,,,0.4824,pending,,2026-06-26T04:16:38+00:00
trackb_rev_IMKTA_20260622,,,,,,90.940002,87.489998,,,,,,0.0686,pending,,2026-06-26T04:16:38+00:00
trackb_rev_IMKTA_20260623,,,,,,90.940002,87.489998,,,,,,0.0686,pending,,2026-06-26T04:16:38+00:00
trackb_rev_IPAR_20260603,98.360001,96.589996,,,,105.0,87.709999,,,,,,-2.685,pending,,2026-06-26T04:16:39+00:00
trackb_rev_IPAR_20260604,100.150002,99.089996,,,,105.0,87.879997,,,,,,-2.4964,pending,,2026-06-26T04:16:39+00:00
trackb_rev_IPAR_20260605,101.779999,97.75,,,,105.0,88.669998,,,,,,-1.6199,pending,,2026-06-26T04:16:39+00:00
trackb_rev_IPAR_20260608,99.419998,99.419998,,,,105.0,91.269997,,,,,,-0.0,pending,,2026-06-26T04:16:39+00:00
trackb_rev_IPAR_20260609,100.169998,104.25,,,,105.0,92.760002,,,,,,0.4005,pending,,2026-06-26T04:16:39+00:00
trackb_rev_IPAR_20260610,96.589996,104.360001,,,,105.0,95.709999,,,,,,3.5935,pending,,2026-06-26T04:16:39+00:00
trackb_rev_IPGP_20260610,113.639999,110.230003,,,,121.730003,101.449997,,,,,,-8.8254,pending,,2026-06-26T04:15:00+00:00
trackb_rev_IQV_20260618,,,,,,191.160004,162.220001,,,,,,-4.8563,pending,,2026-06-26T04:16:14+00:00
trackb_rev_IQV_20260619,,,,,,191.160004,163.350006,,,,,,-4.1935,pending,,2026-06-26T04:16:14+00:00
trackb_rev_IQV_20260622,,,,,,191.160004,163.350006,,,,,,-2.6346,pending,,2026-06-26T04:16:14+00:00
trackb_rev_IQV_20260623,,,,,,191.160004,168.75,,,,,,0.5602,pending,,2026-06-26T04:16:14+00:00
trackb_rev_IQV_20260624,,,,,,191.160004,174.690002,,,,,,4.0999,pending,,2026-06-26T04:16:14+00:00
trackb_rev_IRT_20260618,,,,,,16.85,15.66,,,,,,-2.0944,pending,,2026-06-26T04:18:13+00:00
trackb_rev_IRT_20260619,,,,,,16.85,15.66,,,,,,-2.0944,pending,,2026-06-26T04:18:13+00:00
trackb_rev_IRT_20260622,,,,,,16.85,15.66,,,,,,-1.0114,pending,,2026-06-26T04:18:13+00:00
trackb_rev_IRT_20260623,,,,,,16.85,16.09,,,,,,0.4997,pending,,2026-06-26T04:18:13+00:00
trackb_rev_IRT_20260624,,,,,,16.85,16.209999,,,,,,1.2492,pending,,2026-06-26T04:18:13+00:00
trackb_rev_IRT_20260625,,,,,,16.85,16.52,,,,,,3.1855,pending,,2026-06-26T04:18:13+00:00
trackb_rev_IR_20260615,76.639999,,,,,82.610001,75.900002,,,,,,-1.5309,pending,,2026-06-26T04:17:58+00:00
trackb_rev_IR_20260616,78.32,,,,,82.610001,76.110001,,,,,,-2.1722,pending,,2026-06-26T04:17:58+00:00
trackb_rev_IR_20260617,81.699997,,,,,82.610001,76.110001,,,,,,-2.1722,pending,,2026-06-26T04:17:58+00:00
trackb_rev_ITRI_20260610,79.260002,82.949997,,,,83.540001,78.5,,,,,,-4.0342,pending,,2026-06-26T04:17:12+00:00
trackb_rev_ITT_20260625,,,,,,201.830002,195.0,,,,,,0.2055,pending,,2026-06-26T04:18:59+00:00
trackb_rev_ITW_20260616,263.679993,,,,,273.25,261.0,,,,,,-0.5752,pending,,2026-06-26T04:18:23+00:00
trackb_rev_ITW_20260617,270.600006,,,,,273.25,261.0,,,,,,-0.5752,pending,,2026-06-26T04:18:23+00:00
trackb_rev_IT_20260616,130.470001,,,,,146.5,124.25,,,,,,-14.9701,pending,,2026-06-26T04:16:09+00:00
trackb_rev_IT_20260617,126.629997,,,,,142.369995,124.25,,,,,,-14.9701,pending,,2026-06-26T04:16:09+00:00
trackb_rev_IVDA_20260609,0.52,0.43,,,,0.7,0.27,,,,,,-6.8965,pending,,2026-06-26T04:17:04+00:00
trackb_rev_IVDA_20260610,0.46,0.38,,,,0.7,0.27,,,,,,-6.8965,pending,,2026-06-26T04:17:04+00:00
trackb_rev_IVDA_20260611,0.43,,,,,0.7,0.27,,,,,,0.0,pending,,2026-06-26T04:17:04+00:00
trackb_rev_IVR_20260616,7.82,,,,,8.22,7.75,,,,,,-4.6154,pending,,2026-06-26T04:18:31+00:00
trackb_rev_IVR_20260617,7.83,,,,,8.2,7.75,,,,,,-4.6154,pending,,2026-06-26T04:18:31+00:00
trackb_rev_IVR_20260618,,,,,,8.14,7.75,,,,,,-4.6154,pending,,2026-06-26T04:18:31+00:00
trackb_rev_IVR_20260619,,,,,,8.05,7.75,,,,,,-4.6154,pending,,2026-06-26T04:18:31+00:00
trackb_rev_IVR_20260625,,,,,,7.89,7.79,,,,,,-0.3836,pending,,2026-06-26T04:18:31+00:00
trackb_rev_JBGS_20260616,14.37,,,,,14.58,13.71,,,,,,-4.2598,pending,,2026-06-26T04:18:25+00:00
trackb_rev_JBGS_20260617,14.39,,,,,14.58,13.71,,,,,,-4.2598,pending,,2026-06-26T04:18:25+00:00
trackb_rev_JBGS_20260618,,,,,,14.58,13.99,,,,,,-0.5686,pending,,2026-06-26T04:18:25+00:00
trackb_rev_JBGS_20260619,,,,,,14.58,14.07,,,,,,-0.0,pending,,2026-06-26T04:18:25+00:00
trackb_rev_JBGS_20260622,,,,,,14.58,14.07,,,,,,-0.6356,pending,,2026-06-26T04:18:25+00:00
trackb_rev_JBGS_20260623,,,,,,14.58,14.11,,,,,,-0.3531,pending,,2026-06-26T04:18:25+00:00
trackb_rev_JBLU_20260609,5.22,5.79,,,,6.22,4.56,,,,,,-4.2017,pending,,2026-06-26T04:17:02+00:00
trackb_rev_JFB_20260608,5.05,4.9,,,,5.8,4.301,,,,,,-22.7828,pending,,2026-06-26T04:16:50+00:00
trackb_rev_JFB_20260616,4.87,,,,,5.39,4.301,,,,,,-19.9814,pending,,2026-06-26T04:16:50+00:00
trackb_rev_JFB_20260617,4.85,,,,,5.21,4.301,,,,,,-19.9814,pending,,2026-06-26T04:16:50+00:00
trackb_rev_JJSF_20260611,74.580002,,,,,81.360001,71.589996,,,,,,-9.7226,pending,,2026-06-26T04:17:25+00:00
trackb_rev_JJSF_20260618,,,,,,76.400002,71.589996,,,,,,-3.906,pending,,2026-06-26T04:17:25+00:00
trackb_rev_JJSF_20260619,,,,,,76.400002,71.589996,,,,,,-3.906,pending,,2026-06-26T04:17:25+00:00
trackb_rev_JJSF_20260622,,,,,,76.400002,71.589996,,,,,,-3.906,pending,,2026-06-26T04:17:25+00:00
trackb_rev_JJSF_20260623,,,,,,76.400002,71.589996,,,,,,-0.1952,pending,,2026-06-26T04:17:25+00:00
trackb_rev_JJSF_20260624,,,,,,76.400002,72.5,,,,,,1.0735,pending,,2026-06-26T04:17:25+00:00
trackb_rev_JJSF_20260625,,,,,,76.400002,72.720001,,,,,,-2.9235,pending,,2026-06-26T04:17:25+00:00
trackb_rev_JLL_20260616,299.779999,,,,,313.359985,291.380005,,,,,,-2.8458,pending,,2026-06-26T04:18:20+00:00
trackb_rev_JLL_20260617,303.76001,,,,,313.359985,291.380005,,,,,,-2.8458,pending,,2026-06-26T04:18:20+00:00
trackb_rev_JLL_20260618,,,,,,307.480011,291.380005,,,,,,-5.2369,pending,,2026-06-26T04:18:20+00:00
trackb_rev_JLL_20260619,,,,,,307.399994,291.380005,,,,,,-5.2369,pending,,2026-06-26T04:18:20+00:00
trackb_rev_JLL_20260622,,,,,,307.399994,291.380005,,,,,,-1.988,pending,,2026-06-26T04:18:20+00:00
trackb_rev_JLL_20260623,,,,,,307.399994,294.410004,,,,,,-0.9687,pending,,2026-06-26T04:18:20+00:00
trackb_rev_JNJ_20260603,238.490005,234.199997,,,,248.190002,222.0,,,,,,-1.1268,pending,,2026-06-26T04:16:34+00:00
trackb_rev_JNJ_20260604,238.330002,228.389999,,,,248.190002,225.899994,,,,,,0.6102,pending,,2026-06-26T04:16:34+00:00
trackb_rev_JNJ_20260605,240.869995,231.289993,,,,248.190002,227.5,,,,,,1.3228,pending,,2026-06-26T04:16:34+00:00
trackb_rev_JRVR_20260618,,,,,,4.245,3.82,,,,,,-5.2109,pending,,2026-06-26T04:18:42+00:00
trackb_rev_JRVR_20260619,,,,,,4.245,3.86,,,,,,-4.2184,pending,,2026-06-26T04:18:42+00:00
trackb_rev_JRVR_20260622,,,,,,4.245,3.86,,,,,,-2.2785,pending,,2026-06-26T04:18:42+00:00
trackb_rev_JRVR_20260623,,,,,,4.245,3.87,,,,,,-1.023,pending,,2026-06-26T04:18:42+00:00
trackb_rev_JRVR_20260624,,,,,,4.245,4.005,,,,,,2.4297,pending,,2026-06-26T04:18:42+00:00
trackb_rev_JRVR_20260625,,,,,,4.135,4.005,,,,,,-3.726,pending,,2026-06-26T04:18:42+00:00
trackb_rev_J_20260609,124.82,122.040001,,,,128.899994,117.129997,,,,,,-2.3591,pending,,2026-06-26T04:17:02+00:00
trackb_rev_J_20260610,122.849998,124.389999,,,,128.899994,117.129997,,,,,,-2.3591,pending,,2026-06-26T04:17:02+00:00
trackb_rev_J_20260612,118.699997,,,,,128.899994,117.129997,,,,,,-7.2678,pending,,2026-06-26T04:17:02+00:00
trackb_rev_J_20260623,,,,,,125.68,117.129997,,,,,,-1.3227,pending,,2026-06-26T04:17:02+00:00
trackb_rev_J_20260624,,,,,,125.68,119.870003,,,,,,0.9857,pending,,2026-06-26T04:17:02+00:00
trackb_rev_J_20260625,,,,,,125.68,121.459999,,,,,,2.3252,pending,,2026-06-26T04:17:02+00:00
trackb_rev_KBR_20260612,32.110001,,,,,36.25,31.610001,,,,,,-10.6052,pending,,2026-06-26T04:16:57+00:00
trackb_rev_KBR_20260618,,,,,,33.959999,31.610001,,,,,,-6.4516,pending,,2026-06-26T04:16:57+00:00
trackb_rev_KBR_20260619,,,,,,33.709999,31.610001,,,,,,-6.4516,pending,,2026-06-26T04:16:57+00:00
trackb_rev_KBR_20260622,,,,,,33.709999,31.610001,,,,,,-3.6868,pending,,2026-06-26T04:16:57+00:00
trackb_rev_KBR_20260623,,,,,,33.709999,31.860001,,,,,,-2.925,pending,,2026-06-26T04:16:57+00:00
trackb_rev_KEX_20260625,,,,,,139.809998,137.419998,,,,,,0.2115,pending,,2026-06-26T04:18:59+00:00
trackb_rev_KHC_20260623,,,,,,23.84,22.235001,,,,,,0.9306,pending,,2026-06-26T04:17:50+00:00
trackb_rev_KHC_20260624,,,,,,23.84,22.549999,,,,,,2.3604,pending,,2026-06-26T04:17:50+00:00
trackb_rev_KHC_20260625,,,,,,23.84,22.940001,,,,,,4.1307,pending,,2026-06-26T04:17:50+00:00
trackb_rev_KIDZ_20260616,0.985,,,,,1.672,0.765,,,,,,-54.7337,pending,,2026-06-26T04:18:24+00:00
trackb_rev_KIDZ_20260617,0.827,,,,,1.55,0.765,,,,,,-54.7337,pending,,2026-06-26T04:18:24+00:00
trackb_rev_KIDZ_20260618,,,,,,1.55,0.765,,,,,,-54.7337,pending,,2026-06-26T04:18:24+00:00
trackb_rev_KIDZ_20260619,,,,,,1.53,0.765,,,,,,-54.7337,pending,,2026-06-26T04:18:24+00:00
trackb_rev_KKR_20260623,,,,,,97.589996,90.839996,,,,,,-6.2539,pending,,2026-06-26T04:18:52+00:00
trackb_rev_KKR_20260624,,,,,,97.589996,90.839996,,,,,,-6.2539,pending,,2026-06-26T04:18:52+00:00
trackb_rev_KKR_20260625,,,,,,97.589996,92.099998,,,,,,0.6447,pending,,2026-06-26T04:18:52+00:00
trackb_rev_KLAC_20260625,,,,,,260.839996,243.509995,,,,,,1.26,pending,,2026-06-26T04:14:52+00:00
trackb_rev_KMPR_20260625,,,,,,26.32,25.35,,,,,,-2.7991,pending,,2026-06-26T04:19:02+00:00
trackb_rev_KMT_20260618,,,,,,37.380001,34.27,,,,,,-7.2781,pending,,2026-06-26T04:18:41+00:00
trackb_rev_KMT_20260619,,,,,,36.700001,34.27,,,,,,-7.2781,pending,,2026-06-26T04:18:41+00:00
trackb_rev_KMT_20260622,,,,,,36.700001,34.27,,,,,,-7.2781,pending,,2026-06-26T04:18:41+00:00
trackb_rev_KMT_20260623,,,,,,36.580002,34.27,,,,,,-7.2781,pending,,2026-06-26T04:18:41+00:00
trackb_rev_KMT_20260625,,,,,,36.580002,34.509998,,,,,,0.1742,pending,,2026-06-26T04:18:41+00:00
trackb_rev_KNF_20260616,90.800003,,,,,96.279999,81.279999,,,,,,1.082,pending,,2026-06-26T04:18:24+00:00
trackb_rev_KNF_20260617,92.900002,,,,,96.279999,81.860001,,,,,,1.8033,pending,,2026-06-26T04:18:24+00:00
trackb_rev_KNF_20260618,,,,,,96.279999,84.32,,,,,,1.0304,pending,,2026-06-26T04:18:24+00:00
trackb_rev_KNF_20260619,,,,,,96.279999,85.260002,,,,,,2.1567,pending,,2026-06-26T04:18:24+00:00
trackb_rev_KNSL_20260618,,,,,,317.36499,294.549988,,,,,,-5.8404,pending,,2026-06-26T04:18:38+00:00
trackb_rev_KNSL_20260619,,,,,,317.36499,294.549988,,,,,,-5.8404,pending,,2026-06-26T04:18:38+00:00
trackb_rev_KNSL_20260622,,,,,,317.36499,294.549988,,,,,,-5.8404,pending,,2026-06-26T04:18:38+00:00
trackb_rev_KNSL_20260623,,,,,,317.36499,300.572998,,,,,,-3.915,pending,,2026-06-26T04:18:38+00:00
trackb_rev_KNSL_20260625,,,,,,313.480011,306.940002,,,,,,-1.1115,pending,,2026-06-26T04:18:38+00:00
trackb_rev_KR_20260622,,,,,,59.450001,55.599998,,,,,,-1.7841,pending,,2026-06-26T04:18:49+00:00
trackb_rev_KR_20260623,,,,,,59.450001,56.23,,,,,,-0.6713,pending,,2026-06-26T04:18:49+00:00
trackb_rev_KTB_20260608,79.220001,76.839996,,,,82.224998,71.620003,,,,,,2.2121,pending,,2026-06-26T04:16:49+00:00
trackb_rev_KTB_20260609,77.480003,78.0,,,,82.224998,73.040001,,,,,,1.0934,pending,,2026-06-26T04:16:49+00:00
trackb_rev_KTOS_20260603,54.82,56.16,,,,63.59,46.009998,,,,,,-22.0103,pending,,2026-06-26T04:16:32+00:00
trackb_rev_KTOS_20260604,58.779999,54.209999,,,,63.59,46.009998,,,,,,-22.0103,pending,,2026-06-26T04:16:32+00:00
trackb_rev_KTOS_20260605,57.75,51.09,,,,62.099998,46.009998,,,,,,-22.0103,pending,,2026-06-26T04:16:32+00:00
trackb_rev_KTOS_20260608,57.02,50.799999,,,,61.700001,46.009998,,,,,,-22.0103,pending,,2026-06-26T04:16:32+00:00
trackb_rev_KTOS_20260612,51.09,,,,,61.700001,46.009998,,,,,,-21.7251,pending,,2026-06-26T04:16:32+00:00
trackb_rev_KTOS_20260615,50.799999,,,,,59.5,46.009998,,,,,,-22.2815,pending,,2026-06-26T04:16:32+00:00
trackb_rev_KTOS_20260616,47.950001,,,,,58.400002,46.009998,,,,,,-20.8906,pending,,2026-06-26T04:16:32+00:00
trackb_rev_KTOS_20260617,46.32,,,,,58.400002,46.009998,,,,,,-20.8906,pending,,2026-06-26T04:16:32+00:00
trackb_rev_KTOS_20260618,,,,,,56.75,46.009998,,,,,,-20.8906,pending,,2026-06-26T04:16:32+00:00
trackb_rev_KTOS_20260619,,,,,,54.150002,46.009998,,,,,,-20.8906,pending,,2026-06-26T04:16:32+00:00
trackb_rev_LADR_20260616,10.23,,,,,10.39,10.06,,,,,,-0.5929,pending,,2026-06-26T04:17:17+00:00
trackb_rev_LADR_20260617,10.17,,,,,10.39,10.06,,,,,,-0.5929,pending,,2026-06-26T04:17:17+00:00
trackb_rev_LEG_20260608,10.77,10.92,,,,11.72,9.84,,,,,,-1.6983,pending,,2026-06-26T04:16:50+00:00
trackb_rev_LE_20260609,12.13,11.92,,,,12.94,10.51,,,,,,-6.2444,pending,,2026-06-26T04:17:03+00:00
trackb_rev_LHX_20260603,303.0,313.170013,,,,318.519989,282.410004,,,,,,-8.2578,pending,,2026-06-26T04:16:33+00:00
trackb_rev_LHX_20260604,312.170013,294.820007,,,,318.519989,282.410004,,,,,,-8.2578,pending,,2026-06-26T04:16:33+00:00
trackb_rev_LHX_20260605,307.790009,285.829987,,,,318.519989,282.410004,,,,,,-8.2578,pending,,2026-06-26T04:16:33+00:00
trackb_rev_LHX_20260608,304.170013,293.769989,,,,318.519989,282.410004,,,,,,-8.2578,pending,,2026-06-26T04:16:33+00:00
trackb_rev_LHX_20260618,,,,,,317.570007,282.410004,,,,,,-10.4491,pending,,2026-06-26T04:16:33+00:00
trackb_rev_LHX_20260619,,,,,,296.089996,282.410004,,,,,,-10.4491,pending,,2026-06-26T04:16:33+00:00
trackb_rev_LHX_20260622,,,,,,296.089996,282.410004,,,,,,-10.4491,pending,,2026-06-26T04:16:33+00:00
trackb_rev_LHX_20260623,,,,,,296.089996,286.5,,,,,,-9.1522,pending,,2026-06-26T04:16:33+00:00
trackb_rev_LH_20260618,,,,,,272.049988,253.050003,,,,,,-2.2123,pending,,2026-06-26T04:16:56+00:00
trackb_rev_LH_20260619,,,,,,272.049988,253.050003,,,,,,-2.2123,pending,,2026-06-26T04:16:56+00:00
trackb_rev_LH_20260622,,,,,,272.049988,253.050003,,,,,,-1.0828,pending,,2026-06-26T04:16:56+00:00
trackb_rev_LH_20260623,,,,,,272.049988,256.429993,,,,,,0.7861,pending,,2026-06-26T04:16:56+00:00
trackb_rev_LH_20260624,,,,,,272.049988,259.910004,,,,,,2.1538,pending,,2026-06-26T04:16:56+00:00
trackb_rev_LH_20260625,,,,,,272.049988,264.109985,,,,,,3.8046,pending,,2026-06-26T04:16:56+00:00
trackb_rev_LILAK_20260603,5.353261,5.25,,,,6.955,4.755,,,,,,-38.5659,pending,,2026-06-26T04:16:37+00:00
trackb_rev_LILAK_20260604,5.380435,4.79,,,,6.955,4.755,,,,,,-38.5659,pending,,2026-06-26T04:16:37+00:00
trackb_rev_LILAK_20260605,5.570652,5.3,,,,6.955,4.755,,,,,,-38.5659,pending,,2026-06-26T04:16:37+00:00
trackb_rev_LILAK_20260608,5.271739,5.88,,,,6.955,4.755,,,,,,-38.5659,pending,,2026-06-26T04:16:37+00:00
trackb_rev_LMB_20260612,81.760002,,,,,84.360001,78.029999,,,,,,-4.1047,pending,,2026-06-26T04:17:38+00:00
trackb_rev_LMB_20260616,80.279999,,,,,84.360001,78.050003,,,,,,-2.9772,pending,,2026-06-26T04:17:38+00:00
trackb_rev_LMB_20260617,81.910004,,,,,84.360001,78.050003,,,,,,-2.9772,pending,,2026-06-26T04:17:38+00:00
trackb_rev_LMB_20260618,,,,,,84.360001,78.050003,,,,,,-2.9772,pending,,2026-06-26T04:17:38+00:00
trackb_rev_LMB_20260619,,,,,,84.360001,78.050003,,,,,,-2.9772,pending,,2026-06-26T04:17:38+00:00
trackb_rev_LMB_20260623,,,,,,84.360001,78.050003,,,,,,-4.5377,pending,,2026-06-26T04:17:38+00:00
trackb_rev_LMB_20260624,,,,,,84.360001,79.434998,,,,,,-2.8437,pending,,2026-06-26T04:17:38+00:00
trackb_rev_LMB_20260625,,,,,,83.080002,81.040001,,,,,,-0.8806,pending,,2026-06-26T04:17:38+00:00
trackb_rev_LMND_20260603,55.860001,57.279999,,,,61.798,50.25,,,,,,-4.3404,pending,,2026-06-26T04:16:31+00:00
trackb_rev_LMND_20260604,57.18,58.84,,,,61.798,50.25,,,,,,-4.3404,pending,,2026-06-26T04:16:31+00:00
trackb_rev_LMND_20260605,57.490002,57.509998,,,,61.798,50.25,,,,,,-4.3404,pending,,2026-06-26T04:16:31+00:00
trackb_rev_LMND_20260608,60.75,57.889999,,,,61.798,50.25,,,,,,-2.3513,pending,,2026-06-26T04:16:31+00:00
trackb_rev_LMND_20260625,,,,,,59.099998,55.709999,,,,,,-2.5538,pending,,2026-06-26T04:16:31+00:00
trackb_rev_LMT_20260603,525.02002,532.320007,,,,550.98999,490.049988,,,,,,-6.4165,pending,,2026-06-26T04:16:29+00:00
trackb_rev_LMT_20260604,548.679993,510.950012,,,,550.98999,490.049988,,,,,,-6.4165,pending,,2026-06-26T04:16:29+00:00
trackb_rev_LMT_20260605,540.330017,493.600006,,,,550.98999,490.049988,,,,,,-6.4165,pending,,2026-06-26T04:16:29+00:00
trackb_rev_LMT_20260608,530.359985,503.670013,,,,550.98999,490.049988,,,,,,-6.4165,pending,,2026-06-26T04:16:29+00:00
trackb_rev_LMT_20260618,,,,,,536.900024,490.049988,,,,,,-8.4019,pending,,2026-06-26T04:16:29+00:00
trackb_rev_LMT_20260619,,,,,,512.570007,490.049988,,,,,,-8.4019,pending,,2026-06-26T04:16:29+00:00
trackb_rev_LMT_20260622,,,,,,512.570007,490.049988,,,,,,-8.4019,pending,,2026-06-26T04:16:29+00:00
trackb_rev_LMT_20260623,,,,,,512.570007,491.48999,,,,,,-8.1327,pending,,2026-06-26T04:16:29+00:00
trackb_rev_LNG_20260625,,,,,,236.899994,226.320007,,,,,,-1.9666,pending,,2026-06-26T04:19:00+00:00
trackb_rev_LOCL_20260603,1.39,1.32,,,,1.65,1.21,,,,,,-23.4129,pending,,2026-06-26T04:16:36+00:00
trackb_rev_LOCL_20260604,1.36,1.29,,,,1.58,1.21,,,,,,-23.4129,pending,,2026-06-26T04:16:36+00:00
trackb_rev_LOCL_20260605,1.35,1.27,,,,1.53,1.21,,,,,,-23.4129,pending,,2026-06-26T04:16:36+00:00
trackb_rev_LOCL_20260608,1.32,1.3,,,,1.505,1.21,,,,,,-23.4129,pending,,2026-06-26T04:16:36+00:00
trackb_rev_LOVE_20260618,,,,,,16.66,13.58,,,,,,-3.2074,pending,,2026-06-26T04:16:47+00:00
trackb_rev_LOVE_20260619,,,,,,16.66,13.58,,,,,,-3.2074,pending,,2026-06-26T04:16:47+00:00
trackb_rev_LOVE_20260622,,,,,,16.66,13.58,,,,,,-3.2074,pending,,2026-06-26T04:16:47+00:00
trackb_rev_LOVE_20260623,,,,,,16.66,14.465,,,,,,3.3214,pending,,2026-06-26T04:16:47+00:00
trackb_rev_LOVE_20260624,,,,,,16.66,14.796,,,,,,5.6857,pending,,2026-06-26T04:16:47+00:00
trackb_rev_LOVE_20260625,,,,,,16.66,15.17,,,,,,8.3571,pending,,2026-06-26T04:16:47+00:00
trackb_rev_LPLA_20260616,282.149994,,,,,308.529999,271.779999,,,,,,-8.9301,pending,,2026-06-26T04:18:33+00:00
trackb_rev_LPLA_20260617,277.329987,,,,,308.529999,271.779999,,,,,,-8.9301,pending,,2026-06-26T04:18:33+00:00
trackb_rev_LPLA_20260623,,,,,,300.040009,271.779999,,,,,,-8.6822,pending,,2026-06-26T04:18:33+00:00
trackb_rev_LPLA_20260624,,,,,,293.820007,271.779999,,,,,,-8.6822,pending,,2026-06-26T04:18:33+00:00
trackb_rev_LPLA_20260625,,,,,,283.829987,271.779999,,,,,,-8.6822,pending,,2026-06-26T04:18:33+00:00
trackb_rev_LRN_20260618,,,,,,86.839996,80.220001,,,,,,-3.1633,pending,,2026-06-26T04:15:07+00:00
trackb_rev_LRN_20260619,,,,,,86.839996,80.809998,,,,,,-2.4511,pending,,2026-06-26T04:15:07+00:00
trackb_rev_LRN_20260622,,,,,,86.839996,80.809998,,,,,,-2.4034,pending,,2026-06-26T04:15:07+00:00
trackb_rev_LRN_20260623,,,,,,86.839996,82.040001,,,,,,-0.9179,pending,,2026-06-26T04:15:07+00:00
trackb_rev_LTC_20260625,,,,,,38.459999,37.790001,,,,,,-0.7355,pending,,2026-06-26T04:19:01+00:00
trackb_rev_LVS_20260612,47.799999,,,,,51.669998,46.080002,,,,,,-8.9508,pending,,2026-06-26T04:17:37+00:00
trackb_rev_LVS_20260616,47.759998,,,,,50.139999,46.080002,,,,,,-6.9655,pending,,2026-06-26T04:17:37+00:00
trackb_rev_LVS_20260617,46.279999,,,,,49.16,46.080002,,,,,,-6.9655,pending,,2026-06-26T04:17:37+00:00
trackb_rev_LVS_20260618,,,,,,49.049999,46.080002,,,,,,-6.9655,pending,,2026-06-26T04:17:37+00:00
trackb_rev_LVS_20260619,,,,,,48.59,46.080002,,,,,,-6.9655,pending,,2026-06-26T04:17:37+00:00
trackb_rev_LVS_20260622,,,,,,48.59,46.080002,,,,,,-5.4187,pending,,2026-06-26T04:17:37+00:00
trackb_rev_LVS_20260623,,,,,,48.59,46.080002,,,,,,-5.4187,pending,,2026-06-26T04:17:37+00:00
trackb_rev_LZ_20260608,5.98,5.67,,,,6.14,5.22,,,,,,-9.0592,pending,,2026-06-26T04:16:51+00:00
trackb_rev_L_20260623,,,,,,113.160004,108.139999,,,,,,0.0092,pending,,2026-06-26T04:18:16+00:00
trackb_rev_L_20260624,,,,,,113.160004,110.349998,,,,,,2.0531,pending,,2026-06-26T04:18:16+00:00
trackb_rev_L_20260625,,,,,,113.160004,110.690002,,,,,,2.3675,pending,,2026-06-26T04:18:16+00:00
trackb_rev_MAMO_20260623,,,,,,1.05,0.931,,,,,,-5.4822,pending,,2026-06-26T04:18:54+00:00
trackb_rev_MAMO_20260624,,,,,,1.05,0.936,,,,,,-4.9746,pending,,2026-06-26T04:18:54+00:00
trackb_rev_MAMO_20260625,,,,,,0.98,0.936,,,,,,-4.9746,pending,,2026-06-26T04:18:54+00:00
trackb_rev_MATW_20260625,,,,,,27.0,25.950001,,,,,,-1.4432,pending,,2026-06-26T04:19:03+00:00
trackb_rev_MA_20260625,,,,,,504.799988,488.649994,,,,,,-1.165,pending,,2026-06-26T04:18:58+00:00
trackb_rev_MBC_20260608,9.17,8.36,,,,9.88,8.355,,,,,,-1.2411,pending,,2026-06-26T04:16:49+00:00
trackb_rev_MCD_20260618,,,,,,284.76001,264.529999,,,,,,-6.7998,pending,,2026-06-26T04:18:37+00:00
trackb_rev_MCD_20260619,,,,,,277.549988,264.529999,,,,,,-6.7998,pending,,2026-06-26T04:18:37+00:00
trackb_rev_MCD_20260622,,,,,,277.549988,264.529999,,,,,,-5.0537,pending,,2026-06-26T04:18:37+00:00
trackb_rev_MCD_20260623,,,,,,276.059998,264.529999,,,,,,-5.0537,pending,,2026-06-26T04:18:37+00:00
trackb_rev_MCK_20260616,766.549988,,,,,787.570007,744.450012,,,,,,-4.2336,pending,,2026-06-26T04:18:20+00:00
trackb_rev_MCK_20260617,763.809998,,,,,784.669983,744.450012,,,,,,-4.2336,pending,,2026-06-26T04:18:20+00:00
trackb_rev_MCK_20260618,,,,,,782.679993,744.450012,,,,,,-4.0051,pending,,2026-06-26T04:18:20+00:00
trackb_rev_MCK_20260619,,,,,,782.679993,744.450012,,,,,,-4.0051,pending,,2026-06-26T04:18:20+00:00
trackb_rev_MCK_20260622,,,,,,782.679993,744.450012,,,,,,-0.8233,pending,,2026-06-26T04:18:20+00:00
trackb_rev_MCK_20260623,,,,,,782.679993,754.48999,,,,,,0.5142,pending,,2026-06-26T04:18:20+00:00
trackb_rev_MCK_20260625,,,,,,782.679993,762.960022,,,,,,-0.4683,pending,,2026-06-26T04:18:20+00:00
trackb_rev_MCO_20260616,449.790009,,,,,472.429993,438.140015,,,,,,-4.6817,pending,,2026-06-26T04:18:20+00:00
trackb_rev_MCO_20260617,438.850006,,,,,472.429993,438.140015,,,,,,-4.6817,pending,,2026-06-26T04:18:20+00:00
trackb_rev_MCO_20260618,,,,,,460.25,438.140015,,,,,,-4.6817,pending,,2026-06-26T04:18:20+00:00
trackb_rev_MCO_20260619,,,,,,459.779999,438.140015,,,,,,-4.6817,pending,,2026-06-26T04:18:20+00:00
trackb_rev_MEDP_20260603,465.730011,457.089996,,,,533.090027,434.380005,,,,,,-1.0794,pending,,2026-06-26T04:16:28+00:00
trackb_rev_MEDP_20260604,475.070007,460.200012,,,,533.090027,442.950012,,,,,,0.8722,pending,,2026-06-26T04:16:28+00:00
trackb_rev_MEDP_20260605,467.339996,455.660004,,,,533.090027,442.950012,,,,,,0.8722,pending,,2026-06-26T04:16:28+00:00
trackb_rev_METC_20260612,13.41,,,,,15.69,12.22,,,,,,-17.8211,pending,,2026-06-26T04:15:24+00:00
trackb_rev_METC_20260618,,,,,,14.89,12.22,,,,,,-15.8981,pending,,2026-06-26T04:15:24+00:00
trackb_rev_METC_20260619,,,,,,13.85,12.22,,,,,,-15.8981,pending,,2026-06-26T04:15:24+00:00
trackb_rev_METC_20260622,,,,,,13.85,12.22,,,,,,-15.8981,pending,,2026-06-26T04:15:24+00:00
trackb_rev_MFA_20260623,,,,,,9.71,9.34,,,,,,-0.2137,pending,,2026-06-26T04:18:54+00:00
trackb_rev_MFA_20260624,,,,,,9.71,9.4,,,,,,0.4273,pending,,2026-06-26T04:18:54+00:00
trackb_rev_MFA_20260625,,,,,,9.71,9.56,,,,,,-0.5203,pending,,2026-06-26T04:18:54+00:00
trackb_rev_MHK_20260612,109.949997,,,,,123.019997,107.050003,,,,,,-2.1033,pending,,2026-06-26T04:15:49+00:00
trackb_rev_MH_20260603,12.8,10.1,,,,13.19,8.945,,,,,,-22.4534,pending,,2026-06-26T04:16:33+00:00
trackb_rev_MH_20260604,12.36,9.68,,,,13.19,8.945,,,,,,-22.4534,pending,,2026-06-26T04:16:33+00:00
trackb_rev_MH_20260605,11.76,9.17,,,,13.19,8.945,,,,,,-22.4534,pending,,2026-06-26T04:16:33+00:00
trackb_rev_MH_20260608,10.29,9.48,,,,13.19,8.945,,,,,,-22.4534,pending,,2026-06-26T04:16:33+00:00
trackb_rev_MH_20260609,10.31,9.7,,,,13.19,8.945,,,,,,-24.895,pending,,2026-06-26T04:16:33+00:00
trackb_rev_MH_20260616,9.7,,,,,10.99,8.945,,,,,,-17.9064,pending,,2026-06-26T04:16:33+00:00
trackb_rev_MH_20260617,9.15,,,,,10.99,8.945,,,,,,-17.9064,pending,,2026-06-26T04:16:33+00:00
trackb_rev_MIRA_20260609,0.95,0.91,,,,1.02,0.902,,,,,,-9.8,pending,,2026-06-26T04:17:04+00:00
trackb_rev_MIRA_20260610,0.978,0.908,,,,1.0,0.902,,,,,,-9.8,pending,,2026-06-26T04:17:04+00:00
trackb_rev_MKC_20260616,47.599998,,,,,50.279999,45.720001,,,,,,-4.2814,pending,,2026-06-26T04:18:24+00:00
trackb_rev_MKC_20260617,48.349998,,,,,50.279999,45.720001,,,,,,-4.2814,pending,,2026-06-26T04:18:24+00:00
trackb_rev_MKC_20260618,,,,,,50.279999,45.720001,,,,,,-1.688,pending,,2026-06-26T04:18:24+00:00
trackb_rev_MKC_20260619,,,,,,50.279999,45.720001,,,,,,-1.688,pending,,2026-06-26T04:18:24+00:00
trackb_rev_MKC_20260622,,,,,,50.279999,45.720001,,,,,,-1.688,pending,,2026-06-26T04:18:24+00:00
trackb_rev_MKC_20260623,,,,,,50.279999,46.400002,,,,,,1.4651,pending,,2026-06-26T04:18:24+00:00
trackb_rev_MKC_20260624,,,,,,50.279999,47.220001,,,,,,3.2583,pending,,2026-06-26T04:18:24+00:00
trackb_rev_MKC_20260625,,,,,,50.279999,48.07,,,,,,0.9874,pending,,2026-06-26T04:18:24+00:00
trackb_rev_MLAB_20260618,,,,,,99.949997,87.220001,,,,,,-8.1411,pending,,2026-06-26T04:15:37+00:00
trackb_rev_MLAB_20260619,,,,,,99.949997,87.220001,,,,,,-8.1411,pending,,2026-06-26T04:15:37+00:00
trackb_rev_MLAB_20260622,,,,,,99.949997,87.220001,,,,,,-8.1411,pending,,2026-06-26T04:15:37+00:00
trackb_rev_MLAB_20260623,,,,,,99.949997,91.860001,,,,,,-1.4695,pending,,2026-06-26T04:15:37+00:00
trackb_rev_MLAB_20260624,,,,,,99.949997,91.959999,,,,,,-1.3622,pending,,2026-06-26T04:15:37+00:00
trackb_rev_MLKN_20260608,15.59,16.059999,,,,20.98,14.42,,,,,,-2.4357,pending,,2026-06-26T04:16:50+00:00
trackb_rev_MLKN_20260609,15.7,17.24,,,,20.98,14.66,,,,,,0.9642,pending,,2026-06-26T04:16:50+00:00
trackb_rev_MLM_20260611,609.119995,,,,,642.179993,545.559998,,,,,,-1.3222,pending,,2026-06-26T04:17:25+00:00
trackb_rev_MLM_20260612,609.880005,,,,,642.179993,565.0,,,,,,-0.0955,pending,,2026-06-26T04:17:25+00:00
trackb_rev_MLM_20260616,616.619995,,,,,642.179993,586.880005,,,,,,-0.7702,pending,,2026-06-26T04:17:25+00:00
trackb_rev_MLM_20260617,628.940002,,,,,642.179993,586.880005,,,,,,-0.7702,pending,,2026-06-26T04:17:25+00:00
trackb_rev_MMSI_20260603,66.989998,65.239998,,,,71.489998,60.02,,,,,,-1.0061,pending,,2026-06-26T04:16:32+00:00
trackb_rev_MMSI_20260604,66.889999,67.220001,,,,71.489998,61.880001,,,,,,2.0617,pending,,2026-06-26T04:16:32+00:00
trackb_rev_MMSI_20260605,66.529999,66.5,,,,71.489998,63.169998,,,,,,4.1893,pending,,2026-06-26T04:16:32+00:00
trackb_rev_MMSI_20260608,66.940002,67.269997,,,,71.489998,64.040001,,,,,,5.6243,pending,,2026-06-26T04:16:32+00:00
trackb_rev_MMSI_20260622,,,,,,71.489998,66.260002,,,,,,-1.4281,pending,,2026-06-26T04:16:32+00:00
trackb_rev_MMSI_20260623,,,,,,71.489998,66.449997,,,,,,-1.1455,pending,,2026-06-26T04:16:32+00:00
trackb_rev_MMS_20260616,56.779999,,,,,62.07,53.400002,,,,,,-13.3117,pending,,2026-06-26T04:18:24+00:00
trackb_rev_MMS_20260617,55.07,,,,,61.619999,53.400002,,,,,,-13.3117,pending,,2026-06-26T04:18:24+00:00
trackb_rev_MMS_20260618,,,,,,59.009998,53.400002,,,,,,-10.0707,pending,,2026-06-26T04:18:24+00:00
trackb_rev_MMS_20260619,,,,,,57.330002,53.400002,,,,,,-10.0707,pending,,2026-06-26T04:18:24+00:00
trackb_rev_MMS_20260622,,,,,,57.330002,53.400002,,,,,,-10.0707,pending,,2026-06-26T04:18:24+00:00
trackb_rev_MOD_20260612,295.579987,,,,,302.98999,265.51001,,,,,,-2.2099,pending,,2026-06-26T04:15:47+00:00
trackb_rev_MORN_20260615,156.210007,,,,,178.240005,141.490005,,,,,,-19.4936,pending,,2026-06-26T04:17:57+00:00
trackb_rev_MORN_20260616,153.229996,,,,,176.880005,141.490005,,,,,,-19.5073,pending,,2026-06-26T04:17:57+00:00
trackb_rev_MORN_20260617,141.839996,,,,,172.429993,141.490005,,,,,,-19.5073,pending,,2026-06-26T04:17:57+00:00
trackb_rev_MORN_20260618,,,,,,163.169998,141.490005,,,,,,-13.8831,pending,,2026-06-26T04:17:57+00:00
trackb_rev_MORN_20260619,,,,,,162.149994,141.490005,,,,,,-13.8831,pending,,2026-06-26T04:17:57+00:00
trackb_rev_MORN_20260622,,,,,,162.149994,141.490005,,,,,,-13.8831,pending,,2026-06-26T04:17:57+00:00
trackb_rev_MOS_20260603,19.82,22.51,,,,24.290001,19.799999,,,,,,-16.4557,pending,,2026-06-26T04:16:37+00:00
trackb_rev_MOS_20260604,21.09,22.9,,,,24.290001,19.799999,,,,,,-16.4557,pending,,2026-06-26T04:16:37+00:00
trackb_rev_MOS_20260605,22.690001,22.0,,,,24.290001,19.799999,,,,,,-16.4557,pending,,2026-06-26T04:16:37+00:00
trackb_rev_MOS_20260608,22.52,21.25,,,,24.290001,19.799999,,,,,,-10.9712,pending,,2026-06-26T04:16:37+00:00
trackb_rev_MOS_20260610,22.51,21.73,,,,24.290001,19.799999,,,,,,-7.3901,pending,,2026-06-26T04:16:37+00:00
trackb_rev_MOS_20260612,22.0,,,,,24.290001,20.85,,,,,,-1.138,pending,,2026-06-26T04:16:37+00:00
trackb_rev_MPC_20260623,,,,,,253.729996,240.220001,,,,,,-2.859,pending,,2026-06-26T04:15:02+00:00
trackb_rev_MPC_20260624,,,,,,253.729996,240.220001,,,,,,-2.859,pending,,2026-06-26T04:15:02+00:00
trackb_rev_MPC_20260625,,,,,,253.729996,244.610001,,,,,,-1.0837,pending,,2026-06-26T04:15:02+00:00
trackb_rev_MP_20260610,60.84,55.619999,,,,63.140999,53.290001,,,,,,-7.4505,pending,,2026-06-26T04:15:54+00:00
trackb_rev_MP_20260611,60.880001,,,,,63.140999,53.310001,,,,,,-0.2619,pending,,2026-06-26T04:15:54+00:00
trackb_rev_MP_20260612,60.290001,,,,,63.140999,54.07,,,,,,-5.439,pending,,2026-06-26T04:15:54+00:00
trackb_rev_MRK_20260603,119.089996,115.440002,,,,125.959999,111.57,,,,,,-3.8273,pending,,2026-06-26T04:16:29+00:00
trackb_rev_MRK_20260604,120.760002,113.870003,,,,125.959999,111.57,,,,,,-3.8273,pending,,2026-06-26T04:16:29+00:00
trackb_rev_MRK_20260605,119.050003,115.480003,,,,125.959999,111.57,,,,,,-3.8273,pending,,2026-06-26T04:16:29+00:00
trackb_rev_MRK_20260608,114.900002,119.599998,,,,125.959999,111.57,,,,,,-3.8273,pending,,2026-06-26T04:16:29+00:00
trackb_rev_MRK_20260618,,,,,,125.959999,111.57,,,,,,-2.7289,pending,,2026-06-26T04:16:29+00:00
trackb_rev_MRK_20260619,,,,,,125.959999,113.0,,,,,,-1.4821,pending,,2026-06-26T04:16:29+00:00
trackb_rev_MRK_20260622,,,,,,125.959999,113.0,,,,,,-1.4821,pending,,2026-06-26T04:16:29+00:00
trackb_rev_MRK_20260623,,,,,,125.959999,116.529999,,,,,,1.5955,pending,,2026-06-26T04:16:29+00:00
trackb_rev_MRP_20260612,28.49,,,,,30.15,27.945,,,,,,-4.5594,pending,,2026-06-26T04:16:45+00:00
trackb_rev_MRSH_20260618,,,,,,167.070007,160.0,,,,,,-2.4777,pending,,2026-06-26T04:18:09+00:00
trackb_rev_MRSH_20260619,,,,,,167.070007,160.0,,,,,,-2.4777,pending,,2026-06-26T04:18:09+00:00
trackb_rev_MRSH_20260622,,,,,,167.070007,160.0,,,,,,-2.4777,pending,,2026-06-26T04:18:09+00:00
trackb_rev_MRSH_20260623,,,,,,167.070007,161.800003,,,,,,-1.3805,pending,,2026-06-26T04:18:09+00:00
trackb_rev_MSEX_20260622,,,,,,54.900002,51.52,,,,,,-1.0373,pending,,2026-06-26T04:15:16+00:00
trackb_rev_MSEX_20260623,,,,,,54.900002,51.950001,,,,,,-0.2113,pending,,2026-06-26T04:15:16+00:00
trackb_rev_MSFT_20260611,379.399994,,,,,401.75,349.200012,,,,,,-12.12,pending,,2026-06-26T04:17:24+00:00
trackb_rev_MSI_20260616,400.600006,,,,,416.459991,389.019989,,,,,,-5.5559,pending,,2026-06-26T04:18:18+00:00
trackb_rev_MSI_20260617,397.01001,,,,,408.799988,389.019989,,,,,,-5.5559,pending,,2026-06-26T04:18:18+00:00
trackb_rev_MSI_20260618,,,,,,408.799988,389.019989,,,,,,-5.5559,pending,,2026-06-26T04:18:18+00:00
trackb_rev_MSI_20260619,,,,,,408.799988,389.019989,,,,,,-5.5559,pending,,2026-06-26T04:18:18+00:00
trackb_rev_MSI_20260623,,,,,,408.799988,389.019989,,,,,,-0.8184,pending,,2026-06-26T04:18:18+00:00
trackb_rev_MSI_20260624,,,,,,408.799988,389.019989,,,,,,-0.8184,pending,,2026-06-26T04:18:18+00:00
trackb_rev_MSS_20260612,0.76,,,,,1.085,0.651,,,,,,-39.1589,pending,,2026-06-26T04:17:43+00:00
trackb_rev_MSS_20260616,0.709,,,,,0.877,0.651,,,,,,-24.8528,pending,,2026-06-26T04:17:43+00:00
trackb_rev_MSS_20260617,0.653,,,,,0.804,0.651,,,,,,-24.8528,pending,,2026-06-26T04:17:43+00:00
trackb_rev_MSS_20260618,,,,,,0.804,0.651,,,,,,-15.4545,pending,,2026-06-26T04:17:43+00:00
trackb_rev_MSS_20260619,,,,,,0.78,0.651,,,,,,-15.4545,pending,,2026-06-26T04:17:43+00:00
trackb_rev_MSS_20260622,,,,,,0.78,0.651,,,,,,-15.4545,pending,,2026-06-26T04:17:43+00:00
trackb_rev_MTD_20260609,1151.569946,1203.180054,,,,1261.01001,1113.900024,,,,,,-2.1934,pending,,2026-06-26T04:17:02+00:00
trackb_rev_MTD_20260612,1164.069946,,,,,1261.01001,1121.060059,,,,,,-1.7691,pending,,2026-06-26T04:17:02+00:00
trackb_rev_MTD_20260616,1203.180054,,,,,1261.01001,1121.060059,,,,,,-2.9339,pending,,2026-06-26T04:17:02+00:00
trackb_rev_MTD_20260617,1243.420044,,,,,1261.01001,1121.060059,,,,,,-2.9339,pending,,2026-06-26T04:17:02+00:00
trackb_rev_MTD_20260618,,,,,,1261.01001,1129.530029,,,,,,-2.2005,pending,,2026-06-26T04:17:02+00:00
trackb_rev_MTD_20260619,,,,,,1261.01001,1132.719971,,,,,,-1.9243,pending,,2026-06-26T04:17:02+00:00
trackb_rev_MTD_20260622,,,,,,1261.01001,1132.719971,,,,,,-1.0587,pending,,2026-06-26T04:17:02+00:00
trackb_rev_MTD_20260623,,,,,,1261.01001,1146.01001,,,,,,-1.5514,pending,,2026-06-26T04:17:02+00:00
trackb_rev_MTD_20260624,,,,,,1261.01001,1167.050049,,,,,,0.256,pending,,2026-06-26T04:17:02+00:00
trackb_rev_MTD_20260625,,,,,,1261.01001,1212.780029,,,,,,4.1845,pending,,2026-06-26T04:17:02+00:00
trackb_rev_MTG_20260618,,,,,,27.9,25.92,,,,,,-1.9296,pending,,2026-06-26T04:18:41+00:00
trackb_rev_MTG_20260619,,,,,,27.9,26.110001,,,,,,-1.2107,pending,,2026-06-26T04:18:41+00:00
trackb_rev_MTG_20260622,,,,,,27.9,26.110001,,,,,,0.1919,pending,,2026-06-26T04:18:41+00:00
trackb_rev_MTG_20260623,,,,,,27.9,26.33,,,,,,0.1141,pending,,2026-06-26T04:18:41+00:00
trackb_rev_MTG_20260624,,,,,,27.9,26.540001,,,,,,0.9126,pending,,2026-06-26T04:18:41+00:00
trackb_rev_MTW_20260616,13.47,,,,,14.53,12.58,,,,,,-0.5534,pending,,2026-06-26T04:18:25+00:00
trackb_rev_MTW_20260617,14.46,,,,,14.53,12.58,,,,,,-0.5534,pending,,2026-06-26T04:18:25+00:00
trackb_rev_MTW_20260618,,,,,,14.53,12.73,,,,,,0.6324,pending,,2026-06-26T04:18:25+00:00
trackb_rev_MTW_20260619,,,,,,14.53,12.73,,,,,,0.6324,pending,,2026-06-26T04:18:25+00:00
trackb_rev_MUR_20260618,,,,,,36.459999,33.740002,,,,,,-4.338,pending,,2026-06-26T04:18:39+00:00
trackb_rev_MUR_20260619,,,,,,36.459999,34.09,,,,,,-3.3456,pending,,2026-06-26T04:18:39+00:00
trackb_rev_MUR_20260622,,,,,,36.459999,34.09,,,,,,-0.5833,pending,,2026-06-26T04:18:39+00:00
trackb_rev_MUR_20260623,,,,,,36.459999,34.57,,,,,,0.4358,pending,,2026-06-26T04:18:39+00:00
trackb_rev_MUR_20260624,,,,,,36.029999,34.57,,,,,,0.4358,pending,,2026-06-26T04:18:39+00:00
trackb_rev_NB_20260609,5.19,4.62,,,,5.765,4.45,,,,,,-10.8216,pending,,2026-06-26T04:15:25+00:00
trackb_rev_NB_20260611,5.31,,,,,5.765,4.45,,,,,,-8.0579,pending,,2026-06-26T04:15:25+00:00
trackb_rev_NB_20260612,5.2,,,,,5.765,4.45,,,,,,-17.8967,pending,,2026-06-26T04:15:25+00:00
trackb_rev_NB_20260616,4.62,,,,,5.47,4.45,,,,,,-18.6472,pending,,2026-06-26T04:15:25+00:00
trackb_rev_NB_20260617,4.6,,,,,5.4,4.45,,,,,,-18.6472,pending,,2026-06-26T04:15:25+00:00
trackb_rev_NCLH_20260603,17.92,19.83,,,,21.790001,17.700001,,,,,,-3.4633,pending,,2026-06-26T04:16:34+00:00
trackb_rev_NCLH_20260604,19.059999,20.440001,,,,21.790001,17.700001,,,,,,-3.4633,pending,,2026-06-26T04:16:34+00:00
trackb_rev_NCLH_20260605,19.43,20.040001,,,,21.790001,17.700001,,,,,,-3.4633,pending,,2026-06-26T04:16:34+00:00
trackb_rev_NCLH_20260612,20.040001,,,,,21.790001,18.76,,,,,,-1.574,pending,,2026-06-26T04:16:34+00:00
trackb_rev_NI_20260618,,,,,,48.380001,46.169998,,,,,,-1.6194,pending,,2026-06-26T04:18:42+00:00
trackb_rev_NI_20260619,,,,,,48.380001,46.169998,,,,,,-1.6194,pending,,2026-06-26T04:18:42+00:00
trackb_rev_NI_20260622,,,,,,48.380001,46.169998,,,,,,-2.3064,pending,,2026-06-26T04:18:42+00:00
trackb_rev_NI_20260623,,,,,,48.380001,46.169998,,,,,,-2.3064,pending,,2026-06-26T04:18:42+00:00
trackb_rev_NJR_20260623,,,,,,57.189999,54.27,,,,,,-0.9852,pending,,2026-06-26T04:18:55+00:00
trackb_rev_NJR_20260624,,,,,,57.189999,55.540001,,,,,,1.3319,pending,,2026-06-26T04:18:55+00:00
trackb_rev_NKE_20260603,43.959999,44.189999,,,,46.310001,40.439999,,,,,,-6.8617,pending,,2026-06-26T04:16:31+00:00
trackb_rev_NKE_20260604,45.959999,45.200001,,,,46.310001,40.439999,,,,,,-6.8617,pending,,2026-06-26T04:16:31+00:00
trackb_rev_NKE_20260605,44.93,43.189999,,,,46.310001,40.439999,,,,,,-6.8617,pending,,2026-06-26T04:16:31+00:00
trackb_rev_NKE_20260608,45.200001,42.380001,,,,46.310001,40.439999,,,,,,-5.9097,pending,,2026-06-26T04:16:31+00:00
trackb_rev_NKE_20260610,44.189999,40.900002,,,,46.310001,40.439999,,,,,,-6.4539,pending,,2026-06-26T04:16:31+00:00
trackb_rev_NLOP_20260609,11.78,11.24,,,,12.19,11.08,,,,,,-6.8908,pending,,2026-06-26T04:17:05+00:00
trackb_rev_NLOP_20260610,11.65,11.11,,,,12.09,11.08,,,,,,-6.8908,pending,,2026-06-26T04:17:05+00:00
trackb_rev_NLOP_20260611,11.6,,,,,11.98,11.08,,,,,,-6.1017,pending,,2026-06-26T04:17:05+00:00
trackb_rev_NLOP_20260612,11.54,,,,,11.98,11.08,,,,,,-4.8927,pending,,2026-06-26T04:17:05+00:00
trackb_rev_NLOP_20260616,11.24,,,,,11.9,11.08,,,,,,-5.5413,pending,,2026-06-26T04:17:05+00:00
trackb_rev_NLOP_20260617,11.11,,,,,11.855,11.08,,,,,,-5.5413,pending,,2026-06-26T04:17:05+00:00
trackb_rev_NLOP_20260618,,,,,,11.75,11.08,,,,,,-5.5413,pending,,2026-06-26T04:17:05+00:00
trackb_rev_NLOP_20260619,,,,,,11.695,11.08,,,,,,-5.5413,pending,,2026-06-26T04:17:05+00:00
trackb_rev_NLOP_20260622,,,,,,11.695,11.08,,,,,,-4.4828,pending,,2026-06-26T04:17:05+00:00
trackb_rev_NLOP_20260623,,,,,,11.695,11.08,,,,,,-4.4828,pending,,2026-06-26T04:17:05+00:00
trackb_rev_NMIH_20260622,,,,,,40.220001,37.48,,,,,,-0.0,pending,,2026-06-26T04:18:47+00:00
trackb_rev_NMIH_20260623,,,,,,40.220001,37.689999,,,,,,0.5603,pending,,2026-06-26T04:18:47+00:00
trackb_rev_NMRK_20260615,15.04,,,,,15.715,14.68,,,,,,-4.799,pending,,2026-06-26T04:17:59+00:00
trackb_rev_NMRK_20260616,15.02,,,,,15.715,14.68,,,,,,-2.6848,pending,,2026-06-26T04:17:59+00:00
trackb_rev_NMRK_20260617,15.02,,,,,15.715,14.68,,,,,,-2.6848,pending,,2026-06-26T04:17:59+00:00
trackb_rev_NMRK_20260625,,,,,,15.42,14.86,,,,,,-1.0652,pending,,2026-06-26T04:17:59+00:00
trackb_rev_NOV_20260622,,,,,,19.26,17.99,,,,,,-3.5906,pending,,2026-06-26T04:16:42+00:00
trackb_rev_NOV_20260623,,,,,,19.26,17.99,,,,,,-3.5906,pending,,2026-06-26T04:16:42+00:00
trackb_rev_NRGV_20260616,3.93,,,,,4.55,3.79,,,,,,-8.5645,pending,,2026-06-26T04:15:57+00:00
trackb_rev_NRGV_20260617,4.26,,,,,4.55,3.79,,,,,,-8.5645,pending,,2026-06-26T04:15:57+00:00
trackb_rev_NRGV_20260618,,,,,,4.55,3.79,,,,,,-8.5645,pending,,2026-06-26T04:15:57+00:00
trackb_rev_NRGV_20260619,,,,,,4.55,3.79,,,,,,-8.5645,pending,,2026-06-26T04:15:57+00:00
trackb_rev_NSC_20260625,,,,,,312.23999,306.779999,,,,,,0.9743,pending,,2026-06-26T04:19:02+00:00
trackb_rev_NSSC_20260623,,,,,,38.380001,37.049999,,,,,,-1.2,pending,,2026-06-26T04:18:54+00:00
trackb_rev_NSSC_20260624,,,,,,38.380001,37.209999,,,,,,-0.7733,pending,,2026-06-26T04:18:54+00:00
trackb_rev_NSSC_20260625,,,,,,38.380001,37.34,,,,,,-0.4267,pending,,2026-06-26T04:18:54+00:00
trackb_rev_NTGR_20260610,22.77,22.780001,,,,25.07,22.32,,,,,,-11.4286,pending,,2026-06-26T04:15:52+00:00
trackb_rev_NTST_20260622,,,,,,21.25,19.209999,,,,,,0.0521,pending,,2026-06-26T04:18:15+00:00
trackb_rev_NTST_20260623,,,,,,21.25,19.559999,,,,,,1.875,pending,,2026-06-26T04:18:15+00:00
trackb_rev_NVST_20260616,26.040001,,,,,26.99,24.52,,,,,,-1.2882,pending,,2026-06-26T04:18:25+00:00
trackb_rev_NVST_20260617,26.639999,,,,,26.99,24.700001,,,,,,-0.5636,pending,,2026-06-26T04:18:25+00:00
trackb_rev_NVST_20260618,,,,,,26.99,25.145,,,,,,1.1464,pending,,2026-06-26T04:18:25+00:00
trackb_rev_NVST_20260619,,,,,,26.99,25.18,,,,,,1.2872,pending,,2026-06-26T04:18:25+00:00
trackb_rev_NVST_20260622,,,,,,26.99,25.18,,,,,,1.2872,pending,,2026-06-26T04:18:25+00:00
trackb_rev_NWN_20260622,,,,,,51.57,48.66,,,,,,-0.7344,pending,,2026-06-26T04:18:47+00:00
trackb_rev_NWN_20260623,,,,,,51.57,48.790001,,,,,,0.1848,pending,,2026-06-26T04:18:47+00:00
trackb_rev_NWN_20260624,,,,,,51.57,49.580002,,,,,,1.807,pending,,2026-06-26T04:18:47+00:00
trackb_rev_NWN_20260625,,,,,,51.110001,49.580002,,,,,,-1.8801,pending,,2026-06-26T04:18:47+00:00
trackb_rev_NWSA_20260615,24.98,,,,,26.59,24.35,,,,,,-4.7898,pending,,2026-06-26T04:16:58+00:00
trackb_rev_NWSA_20260616,25.23,,,,,26.59,24.35,,,,,,-4.734,pending,,2026-06-26T04:16:58+00:00
trackb_rev_NWSA_20260617,25.030001,,,,,26.59,24.35,,,,,,-4.734,pending,,2026-06-26T04:16:58+00:00
trackb_rev_NWSA_20260618,,,,,,26.02,24.35,,,,,,-4.734,pending,,2026-06-26T04:16:58+00:00
trackb_rev_NWSA_20260619,,,,,,26.02,24.35,,,,,,-4.734,pending,,2026-06-26T04:16:58+00:00
trackb_rev_NWSA_20260622,,,,,,26.02,24.35,,,,,,-3.6788,pending,,2026-06-26T04:16:58+00:00
trackb_rev_NWSA_20260623,,,,,,25.700001,24.41,,,,,,-0.8127,pending,,2026-06-26T04:16:58+00:00
trackb_rev_NWSA_20260624,,,,,,25.700001,24.99,,,,,,1.5441,pending,,2026-06-26T04:16:58+00:00
trackb_rev_NWS_20260616,28.530001,,,,,30.309999,27.85,,,,,,-4.0978,pending,,2026-06-26T04:17:35+00:00
trackb_rev_NWS_20260617,28.34,,,,,30.309999,27.85,,,,,,-4.0978,pending,,2026-06-26T04:17:35+00:00
trackb_rev_NWS_20260618,,,,,,29.6,27.85,,,,,,-4.0978,pending,,2026-06-26T04:17:35+00:00
trackb_rev_NWS_20260619,,,,,,29.01,27.85,,,,,,-4.0978,pending,,2026-06-26T04:17:35+00:00
trackb_rev_NWS_20260622,,,,,,29.01,27.85,,,,,,-3.1304,pending,,2026-06-26T04:17:35+00:00
trackb_rev_NWS_20260623,,,,,,29.01,27.9,,,,,,-2.9565,pending,,2026-06-26T04:17:35+00:00
trackb_rev_NXT_20260611,125.900002,,,,,129.990005,108.509003,,,,,,-3.0737,pending,,2026-06-26T04:16:07+00:00
trackb_rev_OI_20260625,,,,,,9.83,9.34,,,,,,-2.4033,pending,,2026-06-26T04:19:01+00:00
trackb_rev_OKE_20260618,,,,,,89.940002,83.080002,,,,,,-2.2588,pending,,2026-06-26T04:18:43+00:00
trackb_rev_OKE_20260619,,,,,,89.940002,84.150002,,,,,,-1.0,pending,,2026-06-26T04:18:43+00:00
trackb_rev_OKE_20260622,,,,,,89.940002,84.150002,,,,,,-1.0,pending,,2026-06-26T04:18:43+00:00
trackb_rev_OKE_20260623,,,,,,89.940002,85.650002,,,,,,-0.7417,pending,,2026-06-26T04:18:43+00:00
trackb_rev_OKE_20260624,,,,,,89.940002,86.110001,,,,,,-0.2086,pending,,2026-06-26T04:18:43+00:00
trackb_rev_OLLI_20260603,78.300003,77.470001,,,,88.839996,70.849998,,,,,,-11.2934,pending,,2026-06-26T04:16:36+00:00
trackb_rev_OLLI_20260604,83.650002,76.910004,,,,88.839996,70.849998,,,,,,-11.2934,pending,,2026-06-26T04:16:36+00:00
trackb_rev_OLLI_20260605,83.25,73.419998,,,,88.839996,70.849998,,,,,,-11.2934,pending,,2026-06-26T04:16:36+00:00
trackb_rev_OLLI_20260608,85.0,72.790001,,,,88.839996,70.849998,,,,,,-11.2934,pending,,2026-06-26T04:16:36+00:00
trackb_rev_OLLI_20260623,,,,,,74.93,70.849998,,,,,,-3.5004,pending,,2026-06-26T04:16:36+00:00
trackb_rev_OLLI_20260624,,,,,,74.93,70.849998,,,,,,-3.5004,pending,,2026-06-26T04:16:36+00:00
trackb_rev_OLLI_20260625,,,,,,74.764999,70.849998,,,,,,-3.5004,pending,,2026-06-26T04:16:36+00:00
trackb_rev_OLOX_20260622,,,,,,6.19,5.0,,,,,,-17.4917,pending,,2026-06-26T04:15:55+00:00
trackb_rev_OLOX_20260623,,,,,,5.63,5.0,,,,,,-17.4917,pending,,2026-06-26T04:15:55+00:00
trackb_rev_OMF_20260612,58.23,,,,,61.209999,56.59,,,,,,-0.2292,pending,,2026-06-26T04:17:39+00:00
trackb_rev_ONDS_20260611,9.27,,,,,9.97,7.31,,,,,,-21.4823,pending,,2026-06-26T04:15:18+00:00
trackb_rev_ONDS_20260612,8.89,,,,,9.97,7.31,,,,,,-25.6358,pending,,2026-06-26T04:15:18+00:00
trackb_rev_ONDS_20260616,7.68,,,,,9.74,7.31,,,,,,-24.709,pending,,2026-06-26T04:15:18+00:00
trackb_rev_ONDS_20260617,7.675,,,,,9.5,7.31,,,,,,-24.709,pending,,2026-06-26T04:15:18+00:00
trackb_rev_ONT_20260611,17.190001,,,,,18.85,15.95,,,,,,-5.116,pending,,2026-06-26T04:17:26+00:00
trackb_rev_ONT_20260616,17.799999,,,,,18.85,15.95,,,,,,-6.7797,pending,,2026-06-26T04:17:26+00:00
trackb_rev_ONT_20260617,18.190001,,,,,18.85,15.95,,,,,,-6.7797,pending,,2026-06-26T04:17:26+00:00
trackb_rev_ONT_20260618,,,,,,18.85,15.95,,,,,,-6.7797,pending,,2026-06-26T04:17:26+00:00
trackb_rev_ONT_20260619,,,,,,18.85,15.95,,,,,,-6.7797,pending,,2026-06-26T04:17:26+00:00
trackb_rev_OPAL_20260610,1.82,2.09,,,,2.17,1.75,,,,,,-18.0328,pending,,2026-06-26T04:15:53+00:00
trackb_rev_OPAL_20260616,2.01,,,,,2.17,1.75,,,,,,-10.0535,pending,,2026-06-26T04:15:53+00:00
trackb_rev_OPAL_20260617,2.09,,,,,2.17,1.75,,,,,,-10.0535,pending,,2026-06-26T04:15:53+00:00
trackb_rev_OPAL_20260618,,,,,,2.17,1.75,,,,,,-10.0535,pending,,2026-06-26T04:15:53+00:00
trackb_rev_OPAL_20260619,,,,,,2.17,1.75,,,,,,-10.0535,pending,,2026-06-26T04:15:53+00:00
trackb_rev_OPCH_20260603,21.379999,21.709999,,,,22.59,19.870001,,,,,,-1.9975,pending,,2026-06-26T04:16:33+00:00
trackb_rev_OPCH_20260604,20.780001,21.99,,,,22.59,19.870001,,,,,,-1.9975,pending,,2026-06-26T04:16:33+00:00
trackb_rev_OPCH_20260605,20.76,21.299999,,,,22.59,19.870001,,,,,,-1.9975,pending,,2026-06-26T04:16:33+00:00
trackb_rev_OPCH_20260608,21.23,21.969999,,,,22.59,19.870001,,,,,,-1.9975,pending,,2026-06-26T04:16:33+00:00
trackb_rev_OPCH_20260609,21.620001,22.01,,,,22.59,20.33,,,,,,1.245,pending,,2026-06-26T04:16:33+00:00
trackb_rev_OPCH_20260622,,,,,,22.59,21.190001,,,,,,-3.638,pending,,2026-06-26T04:16:33+00:00
trackb_rev_OPCH_20260623,,,,,,22.59,21.459999,,,,,,-2.4102,pending,,2026-06-26T04:16:33+00:00
trackb_rev_OPEN_20260609,4.75,4.28,,,,5.03,4.08,,,,,,-5.3364,pending,,2026-06-26T04:15:39+00:00
trackb_rev_OPEN_20260616,4.28,,,,,5.03,4.18,,,,,,-10.2041,pending,,2026-06-26T04:15:39+00:00
trackb_rev_OPEN_20260617,4.3,,,,,4.86,4.18,,,,,,-10.2041,pending,,2026-06-26T04:15:39+00:00
trackb_rev_OPEN_20260618,,,,,,4.59,4.18,,,,,,-10.2041,pending,,2026-06-26T04:15:39+00:00
trackb_rev_OPEN_20260619,,,,,,4.49,4.18,,,,,,-10.2041,pending,,2026-06-26T04:15:39+00:00
trackb_rev_ORBS_20260603,0.89,1.03,,,,1.13,0.721,,,,,,-23.9451,pending,,2026-06-26T04:16:37+00:00
trackb_rev_ORBS_20260604,0.89,1.03,,,,1.13,0.721,,,,,,-23.9451,pending,,2026-06-26T04:16:37+00:00
trackb_rev_ORBS_20260605,0.878,0.95,,,,1.13,0.721,,,,,,-23.9451,pending,,2026-06-26T04:16:37+00:00
trackb_rev_ORBS_20260608,1.05,0.901,,,,1.13,0.721,,,,,,-23.9451,pending,,2026-06-26T04:16:37+00:00
trackb_rev_ORBS_20260610,1.03,0.75,,,,1.13,0.721,,,,,,-17.4112,pending,,2026-06-26T04:16:37+00:00
trackb_rev_ORBS_20260612,0.95,,,,,1.13,0.721,,,,,,-18.9888,pending,,2026-06-26T04:16:37+00:00
trackb_rev_ORBS_20260615,0.901,,,,,1.13,0.721,,,,,,-29.3207,pending,,2026-06-26T04:16:37+00:00
trackb_rev_ORBS_20260616,0.78,,,,,1.13,0.721,,,,,,-29.6585,pending,,2026-06-26T04:16:37+00:00
trackb_rev_ORBS_20260617,0.75,,,,,1.13,0.721,,,,,,-29.6585,pending,,2026-06-26T04:16:37+00:00
trackb_rev_ORCL_20260616,157.529999,,,,,195.320007,150.360001,,,,,,-22.4509,pending,,2026-06-26T04:15:10+00:00
trackb_rev_ORCL_20260617,152.460007,,,,,190.190002,150.360001,,,,,,-22.4509,pending,,2026-06-26T04:15:10+00:00
trackb_rev_ORGN_20260603,1.22,1.12,,,,1.44,0.819,,,,,,-38.4211,pending,,2026-06-26T04:16:36+00:00
trackb_rev_ORGN_20260604,1.12,1.09,,,,1.44,0.819,,,,,,-38.4211,pending,,2026-06-26T04:16:36+00:00
trackb_rev_ORGN_20260605,1.11,0.998,,,,1.37,0.819,,,,,,-38.4211,pending,,2026-06-26T04:16:36+00:00
trackb_rev_ORGN_20260608,1.145,0.957,,,,1.33,0.819,,,,,,-37.4809,pending,,2026-06-26T04:16:36+00:00
trackb_rev_ORGN_20260609,1.09,0.89,,,,1.32,0.819,,,,,,-36.0156,pending,,2026-06-26T04:16:36+00:00
trackb_rev_ORLY_20260618,,,,,,89.339996,84.760002,,,,,,-4.1176,pending,,2026-06-26T04:18:43+00:00
trackb_rev_ORLY_20260619,,,,,,88.720001,84.760002,,,,,,-4.1176,pending,,2026-06-26T04:18:43+00:00
trackb_rev_ORLY_20260622,,,,,,88.720001,84.760002,,,,,,-4.1176,pending,,2026-06-26T04:18:43+00:00
trackb_rev_ORLY_20260625,,,,,,88.050003,86.419998,,,,,,-1.5942,pending,,2026-06-26T04:18:43+00:00
trackb_rev_OSIS_20260616,213.720001,,,,,231.389999,212.300003,,,,,,-4.4296,pending,,2026-06-26T04:18:23+00:00
trackb_rev_OSIS_20260617,218.929993,,,,,231.389999,212.300003,,,,,,-4.4296,pending,,2026-06-26T04:18:23+00:00
trackb_rev_OSIS_20260618,,,,,,228.0,212.300003,,,,,,-2.3953,pending,,2026-06-26T04:18:23+00:00
trackb_rev_OSIS_20260619,,,,,,228.0,212.300003,,,,,,-2.3953,pending,,2026-06-26T04:18:23+00:00
trackb_rev_OSIS_20260622,,,,,,228.0,212.300003,,,,,,-2.3953,pending,,2026-06-26T04:18:23+00:00
trackb_rev_OSIS_20260623,,,,,,220.589996,212.300003,,,,,,-3.1743,pending,,2026-06-26T04:18:23+00:00
trackb_rev_OSIS_20260624,,,,,,220.179993,212.300003,,,,,,-3.1743,pending,,2026-06-26T04:18:23+00:00
trackb_rev_OSIS_20260625,,,,,,220.179993,213.029999,,,,,,-2.8414,pending,,2026-06-26T04:18:23+00:00
trackb_rev_OSK_20260611,139.539993,,,,,151.389999,128.229996,,,,,,1.0083,pending,,2026-06-26T04:17:24+00:00
trackb_rev_OSK_20260612,142.300003,,,,,151.389999,133.360001,,,,,,-0.4479,pending,,2026-06-26T04:17:24+00:00
trackb_rev_OSK_20260616,143.350006,,,,,151.389999,135.809998,,,,,,-1.6369,pending,,2026-06-26T04:17:24+00:00
trackb_rev_OSK_20260617,150.990005,,,,,151.389999,135.809998,,,,,,-1.6369,pending,,2026-06-26T04:17:24+00:00
trackb_rev_OSK_20260618,,,,,,151.389999,137.589996,,,,,,-0.3477,pending,,2026-06-26T04:17:24+00:00
trackb_rev_OSK_20260619,,,,,,151.389999,137.589996,,,,,,-0.3477,pending,,2026-06-26T04:17:24+00:00
trackb_rev_OSK_20260622,,,,,,151.389999,137.589996,,,,,,-1.3975,pending,,2026-06-26T04:17:24+00:00
trackb_rev_OSK_20260623,,,,,,151.389999,137.589996,,,,,,-1.3975,pending,,2026-06-26T04:17:24+00:00
trackb_rev_OTIS_20260618,,,,,,75.290001,71.75,,,,,,-2.1413,pending,,2026-06-26T04:18:41+00:00
trackb_rev_OTIS_20260619,,,,,,75.290001,71.75,,,,,,-2.1413,pending,,2026-06-26T04:18:41+00:00
trackb_rev_OTIS_20260622,,,,,,75.290001,71.75,,,,,,-2.1413,pending,,2026-06-26T04:18:41+00:00
trackb_rev_OTIS_20260623,,,,,,75.290001,71.75,,,,,,-2.1413,pending,,2026-06-26T04:18:41+00:00
trackb_rev_OTIS_20260625,,,,,,75.290001,72.629997,,,,,,-0.0,pending,,2026-06-26T04:18:41+00:00
trackb_rev_OXM_20260616,35.82,,,,,39.080002,34.459999,,,,,,-5.2774,pending,,2026-06-26T04:16:24+00:00
trackb_rev_OXM_20260617,35.209999,,,,,39.080002,34.459999,,,,,,-5.2774,pending,,2026-06-26T04:16:24+00:00
trackb_rev_OXM_20260618,,,,,,39.080002,34.459999,,,,,,-5.2774,pending,,2026-06-26T04:16:24+00:00
trackb_rev_OXM_20260619,,,,,,39.080002,34.459999,,,,,,-5.2774,pending,,2026-06-26T04:16:24+00:00
trackb_rev_O_20260618,,,,,,62.459999,60.220001,,,,,,-1.0678,pending,,2026-06-26T04:18:07+00:00
trackb_rev_O_20260619,,,,,,62.459999,60.259998,,,,,,-1.0021,pending,,2026-06-26T04:18:07+00:00
trackb_rev_O_20260622,,,,,,62.459999,60.259998,,,,,,0.0332,pending,,2026-06-26T04:18:07+00:00
trackb_rev_O_20260623,,,,,,62.459999,60.939999,,,,,,1.162,pending,,2026-06-26T04:18:07+00:00
trackb_rev_PAL_20260610,7.39,7.1,,,,8.71,7.01,,,,,,-2.095,pending,,2026-06-26T04:17:13+00:00
trackb_rev_PATH_20260615,10.16,,,,,11.08,9.88,,,,,,-8.6876,pending,,2026-06-26T04:16:13+00:00
trackb_rev_PATH_20260616,10.31,,,,,10.85,9.88,,,,,,-8.5609,pending,,2026-06-26T04:16:13+00:00
trackb_rev_PATH_20260617,9.93,,,,,10.8,9.88,,,,,,-8.5609,pending,,2026-06-26T04:16:13+00:00
trackb_rev_PATH_20260618,,,,,,10.58,9.88,,,,,,-8.5609,pending,,2026-06-26T04:16:13+00:00
trackb_rev_PATH_20260619,,,,,,10.58,9.91,,,,,,-8.2832,pending,,2026-06-26T04:16:13+00:00
trackb_rev_PBF_20260622,,,,,,42.68,36.419998,,,,,,-2.3331,pending,,2026-06-26T04:16:53+00:00
trackb_rev_PBF_20260623,,,,,,42.68,38.0,,,,,,-3.2833,pending,,2026-06-26T04:16:53+00:00
trackb_rev_PBF_20260624,,,,,,42.68,39.169998,,,,,,-0.3054,pending,,2026-06-26T04:16:53+00:00
trackb_rev_PBH_20260625,,,,,,48.34,46.32,,,,,,-2.1133,pending,,2026-06-26T04:19:01+00:00
trackb_rev_PCAR_20260612,120.120003,,,,,123.029999,116.32,,,,,,-1.0716,pending,,2026-06-26T04:16:42+00:00
trackb_rev_PCG_20260618,,,,,,17.33,16.4,,,,,,-0.304,pending,,2026-06-26T04:16:55+00:00
trackb_rev_PCG_20260619,,,,,,17.33,16.459999,,,,,,0.0608,pending,,2026-06-26T04:16:55+00:00
trackb_rev_PCG_20260622,,,,,,17.33,16.459999,,,,,,0.0608,pending,,2026-06-26T04:16:55+00:00
trackb_rev_PCG_20260623,,,,,,17.33,16.58,,,,,,0.7903,pending,,2026-06-26T04:16:55+00:00
trackb_rev_PCRX_20260623,,,,,,24.49,22.809999,,,,,,0.4403,pending,,2026-06-26T04:18:54+00:00
trackb_rev_PCRX_20260624,,,,,,24.49,23.540001,,,,,,3.6548,pending,,2026-06-26T04:18:54+00:00
trackb_rev_PCRX_20260625,,,,,,24.49,23.85,,,,,,5.0198,pending,,2026-06-26T04:18:54+00:00
trackb_rev_PEG_20260618,,,,,,83.0,79.300003,,,,,,-0.1385,pending,,2026-06-26T04:17:57+00:00
trackb_rev_PEG_20260619,,,,,,83.0,79.68,,,,,,0.34,pending,,2026-06-26T04:17:57+00:00
trackb_rev_PEG_20260622,,,,,,83.0,79.68,,,,,,0.34,pending,,2026-06-26T04:17:57+00:00
trackb_rev_PEG_20260623,,,,,,83.0,80.129997,,,,,,0.9067,pending,,2026-06-26T04:17:57+00:00
trackb_rev_PEN_20260622,,,,,,318.799988,315.029999,,,,,,-0.6841,pending,,2026-06-26T04:18:49+00:00
trackb_rev_PEN_20260623,,,,,,318.799988,316.299988,,,,,,-0.2837,pending,,2026-06-26T04:18:49+00:00
trackb_rev_PEN_20260625,,,,,,318.640015,316.380005,,,,,,0.0063,pending,,2026-06-26T04:18:49+00:00
trackb_rev_PEP_20260623,,,,,,143.740005,139.369995,,,,,,-0.9523,pending,,2026-06-26T04:18:51+00:00
trackb_rev_PEP_20260624,,,,,,143.740005,139.369995,,,,,,-0.9523,pending,,2026-06-26T04:18:51+00:00
trackb_rev_PEP_20260625,,,,,,143.100006,139.369995,,,,,,-0.9523,pending,,2026-06-26T04:18:51+00:00
trackb_rev_PESI_20260611,11.0,,,,,12.67,9.33,,,,,,-1.2698,pending,,2026-06-26T04:17:26+00:00
trackb_rev_PESI_20260615,11.09,,,,,12.67,10.15,,,,,,-9.6597,pending,,2026-06-26T04:17:26+00:00
trackb_rev_PESI_20260616,10.98,,,,,12.67,10.15,,,,,,-8.2279,pending,,2026-06-26T04:17:26+00:00
trackb_rev_PESI_20260617,12.24,,,,,12.67,10.5,,,,,,-5.0633,pending,,2026-06-26T04:17:26+00:00
trackb_rev_PESI_20260618,,,,,,12.67,10.74,,,,,,-2.8933,pending,,2026-06-26T04:17:26+00:00
trackb_rev_PESI_20260619,,,,,,12.67,10.83,,,,,,-2.0796,pending,,2026-06-26T04:17:26+00:00
trackb_rev_PESI_20260622,,,,,,12.67,10.83,,,,,,-1.5455,pending,,2026-06-26T04:17:26+00:00
trackb_rev_PESI_20260623,,,,,,12.67,10.83,,,,,,-1.5455,pending,,2026-06-26T04:17:26+00:00
trackb_rev_PFE_20260618,,,,,,25.66,23.620001,,,,,,-7.9501,pending,,2026-06-26T04:18:16+00:00
trackb_rev_PFE_20260619,,,,,,25.309999,23.620001,,,,,,-7.9501,pending,,2026-06-26T04:18:16+00:00
trackb_rev_PFE_20260622,,,,,,25.309999,23.620001,,,,,,-7.9501,pending,,2026-06-26T04:18:16+00:00
trackb_rev_PFE_20260623,,,,,,25.24,23.620001,,,,,,-5.8214,pending,,2026-06-26T04:18:16+00:00
trackb_rev_PFE_20260624,,,,,,25.110001,23.620001,,,,,,-5.8214,pending,,2026-06-26T04:18:16+00:00
trackb_rev_PFE_20260625,,,,,,24.34,23.620001,,,,,,-1.7471,pending,,2026-06-26T04:18:16+00:00
trackb_rev_PHM_20260608,122.839996,126.550003,,,,140.089996,117.010002,,,,,,-1.174,pending,,2026-06-26T04:16:49+00:00
trackb_rev_PHM_20260610,121.879997,135.809998,,,,140.089996,118.059998,,,,,,0.2973,pending,,2026-06-26T04:16:49+00:00
trackb_rev_PHR_20260616,9.59,,,,,9.745,8.905,,,,,,-2.9956,pending,,2026-06-26T04:16:06+00:00
trackb_rev_PHR_20260617,9.13,,,,,9.745,8.905,,,,,,-2.9956,pending,,2026-06-26T04:16:06+00:00
trackb_rev_PHR_20260618,,,,,,9.745,8.905,,,,,,-2.9956,pending,,2026-06-26T04:16:06+00:00
trackb_rev_PHR_20260619,,,,,,9.745,8.905,,,,,,-2.9956,pending,,2026-06-26T04:16:06+00:00
trackb_rev_PH_20260615,947.580017,,,,,1003.789978,918.340027,,,,,,-1.0543,pending,,2026-06-26T04:17:59+00:00
trackb_rev_PH_20260616,961.090027,,,,,1003.789978,921.929993,,,,,,-0.6594,pending,,2026-06-26T04:17:59+00:00
trackb_rev_PH_20260617,989.909973,,,,,1003.789978,930.200012,,,,,,0.2317,pending,,2026-06-26T04:17:59+00:00
trackb_rev_PH_20260618,,,,,,1003.789978,930.200012,,,,,,0.2317,pending,,2026-06-26T04:17:59+00:00
trackb_rev_PH_20260619,,,,,,1003.789978,930.200012,,,,,,0.2317,pending,,2026-06-26T04:17:59+00:00
trackb_rev_PLBY_20260616,1.4,,,,,1.605,1.31,,,,,,-12.3746,pending,,2026-06-26T04:18:27+00:00
trackb_rev_PLBY_20260617,1.34,,,,,1.605,1.31,,,,,,-12.3746,pending,,2026-06-26T04:18:27+00:00
trackb_rev_PLBY_20260618,,,,,,1.605,1.31,,,,,,-12.3746,pending,,2026-06-26T04:18:27+00:00
trackb_rev_PLBY_20260619,,,,,,1.605,1.31,,,,,,-12.3746,pending,,2026-06-26T04:18:27+00:00
trackb_rev_PLBY_20260622,,,,,,1.605,1.31,,,,,,-9.6552,pending,,2026-06-26T04:18:27+00:00
trackb_rev_PLBY_20260623,,,,,,1.51,1.31,,,,,,-9.6552,pending,,2026-06-26T04:18:27+00:00
trackb_rev_PLD_20260618,,,,,,146.160004,137.669998,,,,,,-2.077,pending,,2026-06-26T04:17:15+00:00
trackb_rev_PLD_20260619,,,,,,146.160004,137.669998,,,,,,-2.077,pending,,2026-06-26T04:17:15+00:00
trackb_rev_PLD_20260622,,,,,,146.160004,137.669998,,,,,,-2.0421,pending,,2026-06-26T04:17:15+00:00
trackb_rev_PLD_20260623,,,,,,146.160004,137.669998,,,,,,-4.2828,pending,,2026-06-26T04:17:15+00:00
trackb_rev_PLD_20260624,,,,,,145.550003,137.669998,,,,,,-4.2828,pending,,2026-06-26T04:17:15+00:00
trackb_rev_PLNT_20260608,49.98,51.84,,,,54.0,49.330002,,,,,,-2.6638,pending,,2026-06-26T04:16:51+00:00
trackb_rev_PLNT_20260610,50.209999,51.939999,,,,54.0,49.330002,,,,,,-2.7597,pending,,2026-06-26T04:16:51+00:00
trackb_rev_PLTR_20260609,133.25,113.5,,,,136.990005,106.370003,,,,,,-22.0561,pending,,2026-06-26T04:17:01+00:00
trackb_rev_PLTR_20260616,113.5,,,,,136.100006,106.370003,,,,,,-20.7495,pending,,2026-06-26T04:17:01+00:00
trackb_rev_PLTR_20260617,107.269997,,,,,136.100006,106.370003,,,,,,-20.7495,pending,,2026-06-26T04:17:01+00:00
trackb_rev_PLTR_20260618,,,,,,131.429993,106.370003,,,,,,-20.7495,pending,,2026-06-26T04:17:01+00:00
trackb_rev_PLTR_20260619,,,,,,128.869995,106.370003,,,,,,-20.7495,pending,,2026-06-26T04:17:01+00:00
trackb_rev_PL_20260609,28.209999,26.299999,,,,34.369999,25.299999,,,,,,-22.7245,pending,,2026-06-26T04:16:02+00:00
trackb_rev_PL_20260610,28.219999,26.51,,,,34.32,25.299999,,,,,,-22.7245,pending,,2026-06-26T04:16:02+00:00
trackb_rev_PMNT_20260616,0.105,,,,,0.212,0.069,,,,,,-62.6825,pending,,2026-06-26T04:18:31+00:00
trackb_rev_PMNT_20260617,0.141,,,,,0.212,0.069,,,,,,-62.6825,pending,,2026-06-26T04:18:31+00:00
trackb_rev_POOL_20260611,198.990005,,,,,212.690002,186.309998,,,,,,-1.8853,pending,,2026-06-26T04:17:25+00:00
trackb_rev_POOL_20260612,195.610001,,,,,212.690002,189.889999,,,,,,-1.2738,pending,,2026-06-26T04:17:25+00:00
trackb_rev_POOL_20260616,205.360001,,,,,212.690002,189.889999,,,,,,-2.2496,pending,,2026-06-26T04:17:25+00:00
trackb_rev_POOL_20260617,207.380005,,,,,212.690002,192.479996,,,,,,-0.9163,pending,,2026-06-26T04:17:25+00:00
trackb_rev_POOL_20260618,,,,,,212.690002,193.330002,,,,,,-1.3622,pending,,2026-06-26T04:17:25+00:00
trackb_rev_POOL_20260619,,,,,,212.690002,193.330002,,,,,,-1.3622,pending,,2026-06-26T04:17:25+00:00
trackb_rev_POOL_20260622,,,,,,212.690002,193.330002,,,,,,-1.3622,pending,,2026-06-26T04:17:25+00:00
trackb_rev_POOL_20260623,,,,,,212.690002,193.330002,,,,,,-1.3622,pending,,2026-06-26T04:17:25+00:00
trackb_rev_POWL_20260612,307.799988,,,,,316.98999,280.0,,,,,,-3.6145,pending,,2026-06-26T04:17:36+00:00
trackb_rev_PPC_20260612,26.629999,,,,,30.360001,26.5,,,,,,-10.6541,pending,,2026-06-26T04:17:40+00:00
trackb_rev_PPC_20260615,27.719999,,,,,29.969999,26.5,,,,,,-11.193,pending,,2026-06-26T04:17:40+00:00
trackb_rev_PPC_20260616,27.559999,,,,,29.389999,26.5,,,,,,-8.3045,pending,,2026-06-26T04:17:40+00:00
trackb_rev_PPC_20260617,26.77,,,,,29.030001,26.5,,,,,,-8.3045,pending,,2026-06-26T04:17:40+00:00
trackb_rev_PPC_20260618,,,,,,28.42,26.5,,,,,,-8.3045,pending,,2026-06-26T04:17:40+00:00
trackb_rev_PPC_20260619,,,,,,27.969999,26.5,,,,,,-8.3045,pending,,2026-06-26T04:17:40+00:00
trackb_rev_PPC_20260622,,,,,,27.969999,26.5,,,,,,-3.0015,pending,,2026-06-26T04:17:40+00:00
trackb_rev_PPC_20260623,,,,,,27.969999,26.620001,,,,,,-2.5622,pending,,2026-06-26T04:17:40+00:00
trackb_rev_PPC_20260625,,,,,,27.93,26.620001,,,,,,-3.4107,pending,,2026-06-26T04:17:40+00:00
trackb_rev_PPL_20260623,,,,,,37.32,35.380001,,,,,,-0.5901,pending,,2026-06-26T04:18:53+00:00
trackb_rev_PPL_20260624,,,,,,37.32,36.32,,,,,,2.0511,pending,,2026-06-26T04:18:53+00:00
trackb_rev_PPL_20260625,,,,,,37.32,36.66,,,,,,3.0065,pending,,2026-06-26T04:18:53+00:00
trackb_rev_PRDO_20260616,32.889999,,,,,33.380001,31.290001,,,,,,-5.3253,pending,,2026-06-26T04:18:25+00:00
trackb_rev_PRDO_20260617,32.98,,,,,33.380001,31.290001,,,,,,-5.3253,pending,,2026-06-26T04:18:25+00:00
trackb_rev_PRDO_20260618,,,,,,33.380001,31.559999,,,,,,-0.661,pending,,2026-06-26T04:18:25+00:00
trackb_rev_PRDO_20260619,,,,,,33.380001,31.9,,,,,,0.4092,pending,,2026-06-26T04:18:25+00:00
trackb_rev_PRDO_20260622,,,,,,33.380001,31.9,,,,,,0.4092,pending,,2026-06-26T04:18:25+00:00
trackb_rev_PRIM_20260608,101.339996,84.949997,,,,125.959999,65.0,,,,,,-46.6513,pending,,2026-06-26T04:16:48+00:00
trackb_rev_PRIM_20260609,103.269997,92.690002,,,,119.639999,65.0,,,,,,-47.077,pending,,2026-06-26T04:16:48+00:00
trackb_rev_PRIM_20260610,101.660004,95.379997,,,,109.07,65.0,,,,,,-47.077,pending,,2026-06-26T04:16:48+00:00
trackb_rev_PRIM_20260612,108.339996,,,,,109.07,65.0,,,,,,-31.2169,pending,,2026-06-26T04:16:48+00:00
trackb_rev_PSKY_20260612,9.89,,,,,10.97,9.4,,,,,,-10.3909,pending,,2026-06-26T04:17:38+00:00
trackb_rev_PSKY_20260615,9.72,,,,,10.97,9.4,,,,,,-13.0837,pending,,2026-06-26T04:17:38+00:00
trackb_rev_PSKY_20260616,9.75,,,,,10.79,9.4,,,,,,-10.1768,pending,,2026-06-26T04:17:38+00:00
trackb_rev_PSKY_20260617,9.43,,,,,10.29,9.4,,,,,,-10.1768,pending,,2026-06-26T04:17:38+00:00
trackb_rev_PSKY_20260618,,,,,,10.2,9.4,,,,,,-10.1768,pending,,2026-06-26T04:17:38+00:00
trackb_rev_PSKY_20260619,,,,,,10.1,9.4,,,,,,-10.1768,pending,,2026-06-26T04:17:38+00:00
trackb_rev_PSX_20260618,,,,,,173.029999,164.100006,,,,,,-1.1595,pending,,2026-06-26T04:15:19+00:00
trackb_rev_PSX_20260619,,,,,,173.029999,164.809998,,,,,,-0.7318,pending,,2026-06-26T04:15:19+00:00
trackb_rev_PSX_20260622,,,,,,173.029999,164.809998,,,,,,-0.8005,pending,,2026-06-26T04:15:19+00:00
trackb_rev_PSX_20260623,,,,,,173.029999,165.470001,,,,,,-1.7457,pending,,2026-06-26T04:15:19+00:00
trackb_rev_PSX_20260624,,,,,,173.029999,165.470001,,,,,,-1.7457,pending,,2026-06-26T04:15:19+00:00
trackb_rev_PSX_20260625,,,,,,173.029999,166.869995,,,,,,-0.9144,pending,,2026-06-26T04:15:19+00:00
trackb_rev_PUSA_20260623,,,,,,4.27,3.75,,,,,,-13.9908,pending,,2026-06-26T04:14:48+00:00
trackb_rev_PUSA_20260624,,,,,,4.1,3.75,,,,,,-13.9908,pending,,2026-06-26T04:14:48+00:00
trackb_rev_PVH_20260608,83.260002,73.410004,,,,85.279999,69.150002,,,,,,-11.1182,pending,,2026-06-26T04:14:58+00:00
trackb_rev_PVH_20260609,81.669998,72.709999,,,,85.279999,69.150002,,,,,,-9.9609,pending,,2026-06-26T04:14:58+00:00
trackb_rev_PVH_20260611,77.07,,,,,85.279999,69.150002,,,,,,-11.7084,pending,,2026-06-26T04:14:58+00:00
trackb_rev_PVH_20260612,77.970001,,,,,85.279999,69.150002,,,,,,-15.4749,pending,,2026-06-26T04:14:58+00:00
trackb_rev_QNST_20260609,12.95,13.26,,,,13.58,11.78,,,,,,-0.6745,pending,,2026-06-26T04:17:05+00:00
trackb_rev_QNST_20260610,12.77,13.32,,,,13.58,11.78,,,,,,-0.6745,pending,,2026-06-26T04:17:05+00:00
trackb_rev_QNST_20260616,13.26,,,,,13.58,12.48,,,,,,1.4634,pending,,2026-06-26T04:17:05+00:00
trackb_rev_QNST_20260617,13.32,,,,,13.58,12.63,,,,,,2.6829,pending,,2026-06-26T04:17:05+00:00
trackb_rev_QS_20260612,7.61,,,,,8.49,6.87,,,,,,-4.9793,pending,,2026-06-26T04:15:47+00:00
trackb_rev_QUBT_20260611,10.76,,,,,11.515,9.0,,,,,,-5.5614,pending,,2026-06-26T04:17:24+00:00
trackb_rev_QUBT_20260612,10.54,,,,,11.515,9.0,,,,,,-9.1826,pending,,2026-06-26T04:17:24+00:00
trackb_rev_RAIL_20260616,9.26,,,,,9.64,8.16,,,,,,1.1779,pending,,2026-06-26T04:18:32+00:00
trackb_rev_RAIL_20260617,9.58,,,,,9.64,8.64,,,,,,7.1296,pending,,2026-06-26T04:18:32+00:00
trackb_rev_RAIL_20260618,,,,,,9.64,8.64,,,,,,7.1296,pending,,2026-06-26T04:18:32+00:00
trackb_rev_RAIL_20260619,,,,,,9.64,8.64,,,,,,7.1296,pending,,2026-06-26T04:18:32+00:00
trackb_rev_RBC_20260612,645.72998,,,,,667.690002,600.859985,,,,,,-1.0865,pending,,2026-06-26T04:17:44+00:00
trackb_rev_RBLX_20260603,41.5,48.02,,,,53.02,40.68,,,,,,-5.6477,pending,,2026-06-26T04:16:30+00:00
trackb_rev_RBLX_20260604,43.490002,51.529999,,,,53.02,40.68,,,,,,-5.6477,pending,,2026-06-26T04:16:30+00:00
trackb_rev_RBLX_20260605,43.310001,47.27,,,,53.02,40.68,,,,,,-5.6477,pending,,2026-06-26T04:16:30+00:00
trackb_rev_RBLX_20260608,45.66,47.110001,,,,53.02,40.68,,,,,,-5.6477,pending,,2026-06-26T04:16:30+00:00
trackb_rev_RBLX_20260610,48.02,46.389999,,,,53.02,40.68,,,,,,-3.8298,pending,,2026-06-26T04:16:30+00:00
trackb_rev_RBLX_20260625,,,,,,47.740002,45.150002,,,,,,-5.8198,pending,,2026-06-26T04:16:30+00:00
trackb_rev_RCAT_20260612,10.63,,,,,12.265,8.865,,,,,,-26.1865,pending,,2026-06-26T04:15:22+00:00
trackb_rev_RCAT_20260616,9.34,,,,,11.993,8.865,,,,,,-27.5729,pending,,2026-06-26T04:15:22+00:00
trackb_rev_RCAT_20260617,8.91,,,,,11.705,8.865,,,,,,-27.5729,pending,,2026-06-26T04:15:22+00:00
trackb_rev_RCAT_20260618,,,,,,11.575,8.865,,,,,,-27.5729,pending,,2026-06-26T04:15:22+00:00
trackb_rev_RCAT_20260619,,,,,,11.315,8.865,,,,,,-27.5729,pending,,2026-06-26T04:15:22+00:00
trackb_rev_RCAT_20260622,,,,,,11.315,8.865,,,,,,-22.5087,pending,,2026-06-26T04:15:22+00:00
trackb_rev_RCAT_20260623,,,,,,10.725,8.865,,,,,,-22.5087,pending,,2026-06-26T04:15:22+00:00
trackb_rev_RCL_20260612,309.359985,,,,,333.390015,279.230011,,,,,,-3.0317,pending,,2026-06-26T04:14:59+00:00
trackb_rev_REGN_20260623,,,,,,634.309998,607.919983,,,,,,-0.7478,pending,,2026-06-26T04:18:51+00:00
trackb_rev_REGN_20260624,,,,,,634.309998,619.27002,,,,,,1.1053,pending,,2026-06-26T04:18:51+00:00
trackb_rev_REGN_20260625,,,,,,634.309998,619.700012,,,,,,1.1755,pending,,2026-06-26T04:18:51+00:00
trackb_rev_REG_20260622,,,,,,80.620003,76.75,,,,,,-0.1691,pending,,2026-06-26T04:17:32+00:00
trackb_rev_REG_20260623,,,,,,80.620003,77.760002,,,,,,1.1446,pending,,2026-06-26T04:17:32+00:00
trackb_rev_RENX_20260616,1.66,,,,,1.83,1.635,,,,,,-6.3574,pending,,2026-06-26T04:18:28+00:00
trackb_rev_RENX_20260617,1.73,,,,,1.825,1.635,,,,,,-6.3574,pending,,2026-06-26T04:18:28+00:00
trackb_rev_RENX_20260618,,,,,,1.82,1.635,,,,,,-6.3574,pending,,2026-06-26T04:18:28+00:00
trackb_rev_RENX_20260619,,,,,,1.78,1.635,,,,,,-6.3574,pending,,2026-06-26T04:18:28+00:00
trackb_rev_RENX_20260622,,,,,,1.78,1.635,,,,,,-8.1461,pending,,2026-06-26T04:18:28+00:00
trackb_rev_RENX_20260623,,,,,,1.745,1.635,,,,,,-4.9419,pending,,2026-06-26T04:18:28+00:00
trackb_rev_RENX_20260624,,,,,,1.745,1.635,,,,,,-4.9419,pending,,2026-06-26T04:18:28+00:00
trackb_rev_RENX_20260625,,,,,,1.745,1.67,,,,,,-2.907,pending,,2026-06-26T04:18:28+00:00
trackb_rev_REZI_20260616,31.870001,,,,,33.139999,30.24,,,,,,-5.278,pending,,2026-06-26T04:18:23+00:00
trackb_rev_REZI_20260617,32.34,,,,,32.98,30.24,,,,,,-5.278,pending,,2026-06-26T04:18:23+00:00
trackb_rev_REZI_20260618,,,,,,32.98,30.24,,,,,,-5.278,pending,,2026-06-26T04:18:23+00:00
trackb_rev_REZI_20260619,,,,,,32.98,30.24,,,,,,-5.278,pending,,2026-06-26T04:18:23+00:00
trackb_rev_REZI_20260623,,,,,,32.98,30.24,,,,,,-2.859,pending,,2026-06-26T04:18:23+00:00
trackb_rev_REZI_20260624,,,,,,32.98,30.540001,,,,,,-1.8953,pending,,2026-06-26T04:18:23+00:00
trackb_rev_REZI_20260625,,,,,,32.98,31.84,,,,,,2.2808,pending,,2026-06-26T04:18:23+00:00
trackb_rev_RHLD_20260618,,,,,,132.0,119.720001,,,,,,-6.8037,pending,,2026-06-26T04:17:47+00:00
trackb_rev_RHLD_20260619,,,,,,131.699997,119.720001,,,,,,-6.8037,pending,,2026-06-26T04:17:47+00:00
trackb_rev_RH_20260618,,,,,,162.100006,137.25,,,,,,-0.9919,pending,,2026-06-26T04:15:03+00:00
trackb_rev_RH_20260619,,,,,,162.100006,140.5,,,,,,1.3526,pending,,2026-06-26T04:15:03+00:00
trackb_rev_RH_20260622,,,,,,162.100006,140.5,,,,,,1.3526,pending,,2026-06-26T04:15:03+00:00
trackb_rev_RIME_20260603,0.68,0.75,,,,0.79,0.58,,,,,,-19.2426,pending,,2026-06-26T04:16:37+00:00
trackb_rev_RIME_20260604,0.68,0.73,,,,0.79,0.58,,,,,,-19.2426,pending,,2026-06-26T04:16:37+00:00
trackb_rev_RIME_20260605,0.66,0.64,,,,0.79,0.58,,,,,,-19.2426,pending,,2026-06-26T04:16:37+00:00
trackb_rev_RIME_20260608,0.68,0.66,,,,0.79,0.58,,,,,,-13.4328,pending,,2026-06-26T04:16:37+00:00
trackb_rev_RIME_20260610,0.75,0.58,,,,0.79,0.58,,,,,,-14.7059,pending,,2026-06-26T04:16:37+00:00
trackb_rev_RIME_20260612,0.64,,,,,0.79,0.58,,,,,,-14.7059,pending,,2026-06-26T04:16:37+00:00
trackb_rev_RITM_20260623,,,,,,9.38,9.12,,,,,,-0.2188,pending,,2026-06-26T04:18:54+00:00
trackb_rev_RITM_20260624,,,,,,9.38,9.17,,,,,,0.3282,pending,,2026-06-26T04:18:54+00:00
trackb_rev_RITM_20260625,,,,,,9.38,9.17,,,,,,0.3282,pending,,2026-06-26T04:18:54+00:00
trackb_rev_RLI_20260603,53.939999,52.75,,,,55.5,49.919998,,,,,,-1.5967,pending,,2026-06-26T04:16:30+00:00
trackb_rev_RLI_20260604,54.130001,53.09,,,,55.5,50.25,,,,,,-0.9462,pending,,2026-06-26T04:16:30+00:00
trackb_rev_RLI_20260605,54.349998,52.740002,,,,55.5,50.830002,,,,,,0.1971,pending,,2026-06-26T04:16:30+00:00
trackb_rev_RLI_20260608,53.59,53.84,,,,55.5,51.560001,,,,,,1.6361,pending,,2026-06-26T04:16:30+00:00
trackb_rev_ROCK_20260610,40.52,44.189999,,,,44.970001,37.119999,,,,,,-3.3082,pending,,2026-06-26T04:17:12+00:00
trackb_rev_ROCK_20260612,40.009998,,,,,44.970001,39.310001,,,,,,-0.2537,pending,,2026-06-26T04:17:12+00:00
trackb_rev_ROLR_20260615,5.75,,,,,6.714,4.9,,,,,,-24.1556,pending,,2026-06-26T04:17:20+00:00
trackb_rev_ROLR_20260616,5.3,,,,,6.218,4.9,,,,,,-19.4079,pending,,2026-06-26T04:17:20+00:00
trackb_rev_ROLR_20260617,5.9,,,,,6.218,4.9,,,,,,-19.4079,pending,,2026-06-26T04:17:20+00:00
trackb_rev_ROLR_20260618,,,,,,5.99,4.9,,,,,,-19.4079,pending,,2026-06-26T04:17:20+00:00
trackb_rev_ROLR_20260619,,,,,,5.97,4.9,,,,,,-19.4079,pending,,2026-06-26T04:17:20+00:00
trackb_rev_ROLR_20260623,,,,,,5.97,4.9,,,,,,-10.5839,pending,,2026-06-26T04:17:20+00:00
trackb_rev_ROLR_20260624,,,,,,5.97,4.9,,,,,,-10.5839,pending,,2026-06-26T04:17:20+00:00
trackb_rev_ROLR_20260625,,,,,,5.97,4.9,,,,,,-7.5472,pending,,2026-06-26T04:17:20+00:00
trackb_rev_ROP_20260611,330.26001,,,,,339.660004,320.109985,,,,,,-4.1874,pending,,2026-06-26T04:17:26+00:00
trackb_rev_ROP_20260612,325.089996,,,,,339.660004,320.109985,,,,,,-3.7871,pending,,2026-06-26T04:17:26+00:00
trackb_rev_ROP_20260615,329.540009,,,,,339.660004,320.109985,,,,,,-5.1048,pending,,2026-06-26T04:17:26+00:00
trackb_rev_ROP_20260616,331.600006,,,,,339.660004,320.109985,,,,,,-4.2633,pending,,2026-06-26T04:17:26+00:00
trackb_rev_ROP_20260617,332.420013,,,,,339.660004,320.109985,,,,,,-4.2633,pending,,2026-06-26T04:17:26+00:00
trackb_rev_ROP_20260618,,,,,,338.220001,320.109985,,,,,,-2.9882,pending,,2026-06-26T04:17:26+00:00
trackb_rev_ROP_20260619,,,,,,338.220001,320.109985,,,,,,-2.9882,pending,,2026-06-26T04:17:26+00:00
trackb_rev_ROP_20260622,,,,,,338.220001,320.109985,,,,,,-3.0733,pending,,2026-06-26T04:17:26+00:00
trackb_rev_ROP_20260623,,,,,,338.220001,326.730011,,,,,,-1.0689,pending,,2026-06-26T04:17:26+00:00
trackb_rev_RRX_20260612,231.279999,,,,,234.990005,209.960007,,,,,,-0.6059,pending,,2026-06-26T04:17:39+00:00
trackb_rev_RSG_20260622,,,,,,216.179993,203.610001,,,,,,-0.649,pending,,2026-06-26T04:18:46+00:00
trackb_rev_RSG_20260623,,,,,,216.179993,205.889999,,,,,,0.4636,pending,,2026-06-26T04:18:46+00:00
trackb_rev_RUN_20260609,12.64,14.42,,,,16.790001,11.7,,,,,,-13.0758,pending,,2026-06-26T04:17:01+00:00
trackb_rev_RUN_20260610,12.44,13.6,,,,16.790001,11.7,,,,,,-13.0758,pending,,2026-06-26T04:17:01+00:00
trackb_rev_RUSHA_20260623,,,,,,74.919998,69.410004,,,,,,-1.6995,pending,,2026-06-26T04:18:53+00:00
trackb_rev_RUSHA_20260624,,,,,,74.919998,69.519997,,,,,,-1.5437,pending,,2026-06-26T04:18:53+00:00
trackb_rev_RUSHA_20260625,,,,,,74.919998,71.68,,,,,,1.5154,pending,,2026-06-26T04:18:53+00:00
trackb_rev_RVLV_20260608,20.77,21.15,,,,23.58,18.795,,,,,,-0.4502,pending,,2026-06-26T04:16:51+00:00
trackb_rev_RVLV_20260609,21.219999,22.940001,,,,23.58,19.6,,,,,,0.3071,pending,,2026-06-26T04:16:51+00:00
trackb_rev_RVLV_20260610,20.65,22.790001,,,,23.58,19.92,,,,,,1.9447,pending,,2026-06-26T04:16:51+00:00
trackb_rev_RVLV_20260616,22.940001,,,,,23.58,20.559999,,,,,,-1.7913,pending,,2026-06-26T04:16:51+00:00
trackb_rev_RVLV_20260617,22.790001,,,,,23.58,20.559999,,,,,,-1.7913,pending,,2026-06-26T04:16:51+00:00
trackb_rev_RVLV_20260618,,,,,,23.58,20.729,,,,,,-0.984,pending,,2026-06-26T04:16:51+00:00
trackb_rev_RVLV_20260619,,,,,,23.58,20.729,,,,,,-0.984,pending,,2026-06-26T04:16:51+00:00
trackb_rev_RVLV_20260622,,,,,,23.58,20.729,,,,,,-4.8692,pending,,2026-06-26T04:16:51+00:00
trackb_rev_RVLV_20260623,,,,,,23.58,20.729,,,,,,-4.8692,pending,,2026-06-26T04:16:51+00:00
trackb_rev_RVLV_20260625,,,,,,23.58,22.58,,,,,,-1.5693,pending,,2026-06-26T04:16:51+00:00
trackb_rev_RYAN_20260603,34.669998,35.279999,,,,36.900002,30.67,,,,,,-2.5421,pending,,2026-06-26T04:16:31+00:00
trackb_rev_RYAN_20260604,34.490002,34.970001,,,,36.900002,31.17,,,,,,-0.9533,pending,,2026-06-26T04:16:31+00:00
trackb_rev_RYAN_20260605,35.639999,33.259998,,,,36.900002,31.17,,,,,,-0.9533,pending,,2026-06-26T04:16:31+00:00
trackb_rev_RYN_20260622,,,,,,21.969999,20.719999,,,,,,-1.2393,pending,,2026-06-26T04:17:10+00:00
trackb_rev_SAFE_20260622,,,,,,15.98,15.16,,,,,,-1.1734,pending,,2026-06-26T04:16:57+00:00
trackb_rev_SAFX_20260609,0.367,0.43,,,,0.54,0.322,,,,,,-15.2632,pending,,2026-06-26T04:17:04+00:00
trackb_rev_SAFX_20260611,0.416,,,,,0.54,0.322,,,,,,-15.0396,pending,,2026-06-26T04:17:04+00:00
trackb_rev_SBAC_20260618,,,,,,192.300003,178.270004,,,,,,-6.9426,pending,,2026-06-26T04:18:43+00:00
trackb_rev_SBAC_20260619,,,,,,190.490005,178.270004,,,,,,-6.9426,pending,,2026-06-26T04:18:43+00:00
trackb_rev_SBAC_20260622,,,,,,190.490005,178.270004,,,,,,-6.9426,pending,,2026-06-26T04:18:43+00:00
trackb_rev_SBC_20260612,2.95,,,,,3.2,2.87,,,,,,-4.0134,pending,,2026-06-26T04:17:44+00:00
trackb_rev_SBEV_20260616,0.164,,,,,0.198,0.144,,,,,,-26.305,pending,,2026-06-26T04:18:27+00:00
trackb_rev_SBEV_20260617,0.157,,,,,0.195,0.144,,,,,,-26.305,pending,,2026-06-26T04:18:27+00:00
trackb_rev_SBEV_20260618,,,,,,0.193,0.144,,,,,,-19.418,pending,,2026-06-26T04:18:27+00:00
trackb_rev_SBEV_20260619,,,,,,0.188,0.144,,,,,,-19.418,pending,,2026-06-26T04:18:27+00:00
trackb_rev_SBEV_20260622,,,,,,0.188,0.144,,,,,,-19.418,pending,,2026-06-26T04:18:27+00:00
trackb_rev_SBEV_20260623,,,,,,0.188,0.144,,,,,,-20.0,pending,,2026-06-26T04:18:27+00:00
trackb_rev_SBEV_20260624,,,,,,0.188,0.144,,,,,,-20.0,pending,,2026-06-26T04:18:27+00:00
trackb_rev_SBEV_20260625,,,,,,0.164,0.144,,,,,,-20.0,pending,,2026-06-26T04:18:27+00:00
trackb_rev_SBGI_20260615,13.97,,,,,14.35,12.89,,,,,,-8.0599,pending,,2026-06-26T04:17:58+00:00
trackb_rev_SBGI_20260616,14.03,,,,,14.35,12.89,,,,,,-5.046,pending,,2026-06-26T04:17:58+00:00
trackb_rev_SBGI_20260617,12.94,,,,,14.35,12.89,,,,,,-5.046,pending,,2026-06-26T04:17:58+00:00
trackb_rev_SBGI_20260618,,,,,,14.35,12.89,,,,,,-5.6369,pending,,2026-06-26T04:17:58+00:00
trackb_rev_SBGI_20260619,,,,,,14.35,12.89,,,,,,-5.6369,pending,,2026-06-26T04:17:58+00:00
trackb_rev_SBGI_20260622,,,,,,14.35,12.89,,,,,,-5.7059,pending,,2026-06-26T04:17:58+00:00
trackb_rev_SBGI_20260623,,,,,,14.35,12.89,,,,,,-5.7059,pending,,2026-06-26T04:17:58+00:00
trackb_rev_SBH_20260612,13.01,,,,,14.48,12.88,,,,,,-5.0147,pending,,2026-06-26T04:17:41+00:00
trackb_rev_SBH_20260622,,,,,,14.48,12.88,,,,,,-6.8691,pending,,2026-06-26T04:17:41+00:00
trackb_rev_SCI_20260625,,,,,,74.239998,72.300003,,,,,,-2.3501,pending,,2026-06-26T04:19:01+00:00
trackb_rev_SCVL_20260608,16.85,,,,,17.74,15.89,,,,,,-2.6944,pending,,2026-06-26T04:16:49+00:00
trackb_rev_SCVL_20260609,16.299999,,,,,17.74,15.89,,,,,,-5.0209,pending,,2026-06-26T04:16:49+00:00
trackb_rev_SCVL_20260611,15.94,,,,,17.74,15.89,,,,,,-4.5646,pending,,2026-06-26T04:16:49+00:00
trackb_rev_SDOT_20260609,8.67,7.25,,,,39.860001,4.82,,,,,,-76.5222,pending,,2026-06-26T04:17:03+00:00
trackb_rev_SDOT_20260615,10.095,,,,,26.93,4.82,,,,,,-79.0161,pending,,2026-06-26T04:17:03+00:00
trackb_rev_SDOT_20260616,7.25,,,,,23.860001,4.82,,,,,,-79.9643,pending,,2026-06-26T04:17:03+00:00
trackb_rev_SDOT_20260617,6.18,,,,,20.6,4.82,,,,,,-79.9643,pending,,2026-06-26T04:17:03+00:00
trackb_rev_SDOT_20260618,,,,,,16.950001,4.82,,,,,,-79.9643,pending,,2026-06-26T04:17:03+00:00
trackb_rev_SDOT_20260619,,,,,,15.518,4.82,,,,,,-79.9643,pending,,2026-06-26T04:17:03+00:00
trackb_rev_SFD_20260603,26.83,25.030001,,,,27.094999,24.379999,,,,,,-6.9821,pending,,2026-06-26T04:16:35+00:00
trackb_rev_SFD_20260604,26.58,24.940001,,,,27.094999,24.379999,,,,,,-6.9821,pending,,2026-06-26T04:16:35+00:00
trackb_rev_SFD_20260605,26.77,24.530001,,,,27.094999,24.379999,,,,,,-6.9821,pending,,2026-06-26T04:16:35+00:00
trackb_rev_SFD_20260608,25.93,24.969999,,,,27.08,24.379999,,,,,,-6.9821,pending,,2026-06-26T04:16:35+00:00
trackb_rev_SFD_20260616,24.68,,,,,26.115,24.379999,,,,,,-7.0884,pending,,2026-06-26T04:16:35+00:00
trackb_rev_SFD_20260617,24.41,,,,,26.030001,24.379999,,,,,,-7.0884,pending,,2026-06-26T04:16:35+00:00
trackb_rev_SFD_20260618,,,,,,25.290001,24.379999,,,,,,-7.0884,pending,,2026-06-26T04:16:35+00:00
trackb_rev_SFD_20260619,,,,,,25.174999,24.379999,,,,,,-7.0884,pending,,2026-06-26T04:16:35+00:00
trackb_rev_SFD_20260622,,,,,,25.174999,24.379999,,,,,,-2.2454,pending,,2026-06-26T04:16:35+00:00
trackb_rev_SFD_20260623,,,,,,25.174999,24.379999,,,,,,-0.6115,pending,,2026-06-26T04:16:35+00:00
trackb_rev_SFD_20260624,,,,,,25.174999,24.379999,,,,,,-0.6115,pending,,2026-06-26T04:16:35+00:00
trackb_rev_SFIX_20260609,4.16,4.41,,,,4.555,3.52,,,,,,-3.8251,pending,,2026-06-26T04:17:03+00:00
trackb_rev_SFM_20260603,86.82,79.660004,,,,88.900002,76.860001,,,,,,-1.4868,pending,,2026-06-26T04:16:32+00:00
trackb_rev_SFM_20260604,88.120003,80.489998,,,,88.900002,76.860001,,,,,,-1.4868,pending,,2026-06-26T04:16:32+00:00
trackb_rev_SFM_20260605,86.330002,80.839996,,,,88.900002,76.860001,,,,,,-1.4868,pending,,2026-06-26T04:16:32+00:00
trackb_rev_SFM_20260608,85.389999,84.510002,,,,88.900002,76.860001,,,,,,-1.4868,pending,,2026-06-26T04:16:32+00:00
trackb_rev_SFM_20260623,,,,,,86.620003,80.629997,,,,,,-0.2598,pending,,2026-06-26T04:16:32+00:00
trackb_rev_SFM_20260624,,,,,,86.620003,80.629997,,,,,,-0.2598,pending,,2026-06-26T04:16:32+00:00
trackb_rev_SF_20260625,,,,,,73.870003,71.040001,,,,,,-2.5247,pending,,2026-06-26T04:19:00+00:00
trackb_rev_SGI_20260608,74.260002,73.849998,,,,79.220001,66.779999,,,,,,-1.8086,pending,,2026-06-26T04:16:48+00:00
trackb_rev_SGI_20260616,76.519997,,,,,79.220001,72.019997,,,,,,-3.8066,pending,,2026-06-26T04:16:48+00:00
trackb_rev_SGI_20260617,78.589996,,,,,79.220001,72.019997,,,,,,-3.8066,pending,,2026-06-26T04:16:48+00:00
trackb_rev_SKIL_20260611,7.51,,,,,7.9,5.002,,,,,,-5.4442,pending,,2026-06-26T04:17:27+00:00
trackb_rev_SKIN_20260608,0.655,0.667,,,,0.725,0.598,,,,,,-1.6447,pending,,2026-06-26T04:16:51+00:00
trackb_rev_SKIN_20260610,0.65,0.64,,,,0.725,0.613,,,,,,-3.3123,pending,,2026-06-26T04:16:51+00:00
trackb_rev_SKYH_20260612,9.42,,,,,9.82,9.14,,,,,,0.2193,pending,,2026-06-26T04:17:41+00:00
trackb_rev_SKYH_20260615,9.52,,,,,9.82,9.18,,,,,,-1.2903,pending,,2026-06-26T04:17:41+00:00
trackb_rev_SKYH_20260616,9.49,,,,,9.82,9.18,,,,,,-3.1646,pending,,2026-06-26T04:17:41+00:00
trackb_rev_SKYH_20260617,9.23,,,,,9.82,9.18,,,,,,-3.1646,pending,,2026-06-26T04:17:41+00:00
trackb_rev_SKYH_20260618,,,,,,9.82,9.18,,,,,,-3.1646,pending,,2026-06-26T04:17:41+00:00
trackb_rev_SKYH_20260619,,,,,,9.82,9.18,,,,,,-3.1646,pending,,2026-06-26T04:17:41+00:00
trackb_rev_SKYH_20260622,,,,,,9.82,9.18,,,,,,-3.7736,pending,,2026-06-26T04:17:41+00:00
trackb_rev_SKYH_20260623,,,,,,9.82,9.18,,,,,,-3.7736,pending,,2026-06-26T04:17:41+00:00
trackb_rev_SLDP_20260609,2.74,2.64,,,,3.0,2.56,,,,,,-13.3672,pending,,2026-06-26T04:15:03+00:00
trackb_rev_SLDP_20260615,2.73,,,,,3.0,2.56,,,,,,-14.2379,pending,,2026-06-26T04:15:03+00:00
trackb_rev_SLDP_20260616,2.64,,,,,2.97,2.56,,,,,,-11.5717,pending,,2026-06-26T04:15:03+00:00
trackb_rev_SLDP_20260617,2.6,,,,,2.97,2.56,,,,,,-11.5717,pending,,2026-06-26T04:15:03+00:00
trackb_rev_SLM_20260612,22.84,,,,,25.120001,21.719999,,,,,,-1.897,pending,,2026-06-26T04:17:20+00:00
trackb_rev_SMCI_20260616,32.450001,,,,,36.799999,27.709999,,,,,,-10.8286,pending,,2026-06-26T04:14:58+00:00
trackb_rev_SMCI_20260617,31.68,,,,,36.799999,27.709999,,,,,,-10.8286,pending,,2026-06-26T04:14:58+00:00
trackb_rev_SMPL_20260622,,,,,,12.825,11.84,,,,,,-6.2549,pending,,2026-06-26T04:17:18+00:00
trackb_rev_SMPL_20260623,,,,,,12.825,11.98,,,,,,-5.1465,pending,,2026-06-26T04:17:18+00:00
trackb_rev_SMR_20260609,9.89,10.21,,,,11.85,9.12,,,,,,-15.2416,pending,,2026-06-26T04:15:09+00:00
trackb_rev_SOFI_20260612,17.1,,,,,18.700001,16.23,,,,,,-2.6395,pending,,2026-06-26T04:16:22+00:00
trackb_rev_SOFI_20260615,17.290001,,,,,18.700001,16.719999,,,,,,-3.2127,pending,,2026-06-26T04:16:22+00:00
trackb_rev_SOFI_20260616,17.309999,,,,,18.700001,16.719999,,,,,,-2.4219,pending,,2026-06-26T04:16:22+00:00
trackb_rev_SOFI_20260617,17.299999,,,,,18.700001,16.719999,,,,,,-2.4219,pending,,2026-06-26T04:16:22+00:00
trackb_rev_SONO_20260612,14.32,,,,,15.59,13.64,,,,,,-11.658,pending,,2026-06-26T04:15:09+00:00
trackb_rev_SON_20260616,53.540001,,,,,54.810001,49.880001,,,,,,-1.8303,pending,,2026-06-26T04:18:24+00:00
trackb_rev_SON_20260617,54.34,,,,,54.810001,49.880001,,,,,,-1.8303,pending,,2026-06-26T04:18:24+00:00
trackb_rev_SON_20260618,,,,,,54.810001,49.880001,,,,,,-1.8303,pending,,2026-06-26T04:18:24+00:00
trackb_rev_SON_20260619,,,,,,54.810001,49.880001,,,,,,-1.8303,pending,,2026-06-26T04:18:24+00:00
trackb_rev_SO_20260618,,,,,,96.870003,92.440002,,,,,,-0.4362,pending,,2026-06-26T04:17:29+00:00
trackb_rev_SO_20260619,,,,,,96.870003,92.889999,,,,,,0.0485,pending,,2026-06-26T04:17:29+00:00
trackb_rev_SO_20260622,,,,,,96.870003,92.889999,,,,,,0.0485,pending,,2026-06-26T04:17:29+00:00
trackb_rev_SO_20260623,,,,,,96.870003,93.5,,,,,,0.7055,pending,,2026-06-26T04:17:29+00:00
trackb_rev_SPGI_20260616,402.350006,,,,,436.369995,395.0,,,,,,-7.6582,pending,,2026-06-26T04:18:19+00:00
trackb_rev_SPGI_20260617,395.140015,,,,,434.079987,395.0,,,,,,-7.6582,pending,,2026-06-26T04:18:19+00:00
trackb_rev_SPGI_20260618,,,,,,418.0,395.0,,,,,,-7.6582,pending,,2026-06-26T04:18:19+00:00
trackb_rev_SPGI_20260619,,,,,,415.0,395.0,,,,,,-7.6582,pending,,2026-06-26T04:18:19+00:00
trackb_rev_SPGI_20260622,,,,,,415.0,395.0,,,,,,-3.8742,pending,,2026-06-26T04:18:19+00:00
trackb_rev_SPGI_20260623,,,,,,415.0,395.0,,,,,,-3.0413,pending,,2026-06-26T04:18:19+00:00
trackb_rev_SPGI_20260624,,,,,,413.0,395.0,,,,,,-3.0413,pending,,2026-06-26T04:18:19+00:00
trackb_rev_SPGI_20260625,,,,,,413.0,395.0,,,,,,-1.8268,pending,,2026-06-26T04:18:19+00:00
trackb_rev_SPIR_20260610,18.15,15.99,,,,20.15,15.93,,,,,,-6.4042,pending,,2026-06-26T04:17:11+00:00
trackb_rev_STAG_20260623,,,,,,39.470001,38.490002,,,,,,-0.2333,pending,,2026-06-26T04:17:45+00:00
trackb_rev_STAG_20260624,,,,,,39.470001,38.490002,,,,,,-0.2333,pending,,2026-06-26T04:17:45+00:00
trackb_rev_STAG_20260625,,,,,,39.470001,38.540001,,,,,,-0.1037,pending,,2026-06-26T04:17:45+00:00
trackb_rev_STEM_20260610,7.68,7.24,,,,8.49,7.15,,,,,,-8.0977,pending,,2026-06-26T04:17:12+00:00
trackb_rev_STGW_20260610,6.66,6.79,,,,7.22,6.4,,,,,,-0.6211,pending,,2026-06-26T04:15:42+00:00
trackb_rev_STGW_20260611,6.71,,,,,7.22,6.4,,,,,,-1.9908,pending,,2026-06-26T04:15:42+00:00
trackb_rev_STGW_20260612,6.66,,,,,7.22,6.53,,,,,,-0.4573,pending,,2026-06-26T04:15:42+00:00
trackb_rev_STRA_20260615,77.139999,,,,,78.379997,73.019997,,,,,,-4.349,pending,,2026-06-26T04:17:58+00:00
trackb_rev_STRA_20260616,76.910004,,,,,78.379997,74.129997,,,,,,-0.995,pending,,2026-06-26T04:17:58+00:00
trackb_rev_STRA_20260617,76.610001,,,,,78.379997,74.129997,,,,,,-0.995,pending,,2026-06-26T04:17:58+00:00
trackb_rev_STRA_20260618,,,,,,78.379997,74.129997,,,,,,-0.995,pending,,2026-06-26T04:17:58+00:00
trackb_rev_STRA_20260619,,,,,,78.379997,74.790001,,,,,,-0.1135,pending,,2026-06-26T04:17:58+00:00
trackb_rev_STRA_20260622,,,,,,78.379997,74.790001,,,,,,-0.7168,pending,,2026-06-26T04:17:58+00:00
trackb_rev_STRA_20260623,,,,,,78.379997,76.230003,,,,,,1.1947,pending,,2026-06-26T04:17:58+00:00
trackb_rev_STWD_20260622,,,,,,16.879999,16.58,,,,,,-0.7186,pending,,2026-06-26T04:18:48+00:00
trackb_rev_STWD_20260623,,,,,,16.879999,16.58,,,,,,-0.7186,pending,,2026-06-26T04:18:48+00:00
trackb_rev_STWD_20260625,,,,,,16.879999,16.58,,,,,,-0.1806,pending,,2026-06-26T04:18:48+00:00
trackb_rev_SUI_20260622,,,,,,122.669998,117.459999,,,,,,-0.8442,pending,,2026-06-26T04:17:52+00:00
trackb_rev_SUI_20260623,,,,,,121.260002,117.459999,,,,,,-0.8442,pending,,2026-06-26T04:17:52+00:00
trackb_rev_SUI_20260625,,,,,,119.639999,117.459999,,,,,,-2.0595,pending,,2026-06-26T04:17:52+00:00
trackb_rev_SWX_20260618,,,,,,89.959999,86.779999,,,,,,-0.3674,pending,,2026-06-26T04:18:40+00:00
trackb_rev_SWX_20260619,,,,,,89.959999,88.309998,,,,,,1.3892,pending,,2026-06-26T04:18:40+00:00
trackb_rev_SWX_20260622,,,,,,89.959999,88.309998,,,,,,-0.1921,pending,,2026-06-26T04:18:40+00:00
trackb_rev_SWX_20260623,,,,,,89.940002,88.5,,,,,,0.0226,pending,,2026-06-26T04:18:40+00:00
trackb_rev_SWX_20260625,,,,,,89.940002,88.709999,,,,,,-0.0676,pending,,2026-06-26T04:18:40+00:00
trackb_rev_SXT_20260622,,,,,,123.82,113.610001,,,,,,0.1146,pending,,2026-06-26T04:17:17+00:00
trackb_rev_SYK_20260603,308.839996,301.140015,,,,322.25,291.73999,,,,,,-0.4861,pending,,2026-06-26T04:16:28+00:00
trackb_rev_SYK_20260604,305.640015,307.799988,,,,322.25,298.019989,,,,,,1.6561,pending,,2026-06-26T04:16:28+00:00
trackb_rev_SYK_20260605,312.200012,304.690002,,,,322.25,299.190002,,,,,,2.0552,pending,,2026-06-26T04:16:28+00:00
trackb_rev_SYK_20260608,307.940002,310.0,,,,322.25,299.190002,,,,,,2.0552,pending,,2026-06-26T04:16:28+00:00
trackb_rev_SYY_20260603,78.540001,79.0,,,,82.129997,73.650002,,,,,,-1.9438,pending,,2026-06-26T04:16:31+00:00
trackb_rev_SYY_20260604,79.639999,78.699997,,,,82.129997,74.239998,,,,,,-1.1583,pending,,2026-06-26T04:16:31+00:00
trackb_rev_SYY_20260605,79.190002,77.980003,,,,82.129997,74.5,,,,,,-0.8121,pending,,2026-06-26T04:16:31+00:00
trackb_rev_SYY_20260608,79.690002,79.279999,,,,82.129997,76.0,,,,,,1.1849,pending,,2026-06-26T04:16:31+00:00
trackb_rev_TDS_20260618,,,,,,40.110001,37.150002,,,,,,-6.0089,pending,,2026-06-26T04:18:43+00:00
trackb_rev_TDS_20260619,,,,,,40.110001,37.150002,,,,,,-6.0089,pending,,2026-06-26T04:18:43+00:00
trackb_rev_TDS_20260622,,,,,,40.110001,37.150002,,,,,,-6.0089,pending,,2026-06-26T04:18:43+00:00
trackb_rev_TDS_20260623,,,,,,39.650002,37.150002,,,,,,-4.5968,pending,,2026-06-26T04:18:43+00:00
trackb_rev_TDS_20260624,,,,,,39.459999,37.150002,,,,,,-4.5968,pending,,2026-06-26T04:18:43+00:00
trackb_rev_TDS_20260625,,,,,,37.860001,37.150002,,,,,,-1.0652,pending,,2026-06-26T04:18:43+00:00
trackb_rev_TDY_20260618,,,,,,633.190002,605.679993,,,,,,-1.5715,pending,,2026-06-26T04:18:38+00:00
trackb_rev_TDY_20260619,,,,,,633.190002,605.679993,,,,,,-1.5715,pending,,2026-06-26T04:18:38+00:00
trackb_rev_TDY_20260622,,,,,,633.190002,605.679993,,,,,,-2.2435,pending,,2026-06-26T04:18:38+00:00
trackb_rev_TDY_20260623,,,,,,633.190002,605.679993,,,,,,-2.2435,pending,,2026-06-26T04:18:38+00:00
trackb_rev_TECH_20260603,52.5,55.0,,,,70.919998,49.040001,,,,,,-1.7923,pending,,2026-06-26T04:16:40+00:00
trackb_rev_TECH_20260604,54.02,57.939999,,,,70.919998,51.27,,,,,,2.6735,pending,,2026-06-26T04:16:40+00:00
trackb_rev_TECH_20260605,54.0,55.610001,,,,70.919998,51.27,,,,,,2.6735,pending,,2026-06-26T04:16:40+00:00
trackb_rev_TECH_20260608,56.169998,56.259998,,,,70.919998,51.93,,,,,,3.9952,pending,,2026-06-26T04:16:40+00:00
trackb_rev_TECH_20260609,56.029999,58.880001,,,,70.919998,51.970001,,,,,,-1.2915,pending,,2026-06-26T04:16:40+00:00
trackb_rev_TEM_20260616,51.939999,,,,,55.650002,46.68,,,,,,-10.9245,pending,,2026-06-26T04:18:17+00:00
trackb_rev_TEM_20260617,54.869999,,,,,55.650002,46.68,,,,,,-10.9245,pending,,2026-06-26T04:18:17+00:00
trackb_rev_TEM_20260618,,,,,,55.650002,46.68,,,,,,-10.9245,pending,,2026-06-26T04:18:17+00:00
trackb_rev_TEM_20260619,,,,,,55.650002,46.68,,,,,,-10.9245,pending,,2026-06-26T04:18:17+00:00
trackb_rev_TFC_20260622,,,,,,51.200001,48.32,,,,,,-0.0207,pending,,2026-06-26T04:16:53+00:00
trackb_rev_TFC_20260623,,,,,,51.200001,48.689999,,,,,,0.7449,pending,,2026-06-26T04:16:53+00:00
trackb_rev_TFX_20260618,,,,,,129.929993,120.860001,,,,,,-3.816,pending,,2026-06-26T04:18:39+00:00
trackb_rev_TFX_20260619,,,,,,129.929993,120.860001,,,,,,-3.816,pending,,2026-06-26T04:18:39+00:00
trackb_rev_TFX_20260622,,,,,,129.929993,120.860001,,,,,,-3.816,pending,,2026-06-26T04:18:39+00:00
trackb_rev_TFX_20260623,,,,,,129.929993,121.209999,,,,,,-3.5375,pending,,2026-06-26T04:18:39+00:00
trackb_rev_TGT_20260603,127.980003,127.809998,,,,142.820007,120.769997,,,,,,-3.3763,pending,,2026-06-26T04:16:39+00:00
trackb_rev_TGT_20260604,132.639999,130.740005,,,,142.820007,120.769997,,,,,,-3.3763,pending,,2026-06-26T04:16:39+00:00
trackb_rev_TGT_20260605,135.229996,129.729996,,,,142.820007,120.769997,,,,,,-3.3763,pending,,2026-06-26T04:16:39+00:00
trackb_rev_TGT_20260609,133.399994,141.199997,,,,142.820007,123.980003,,,,,,0.0081,pending,,2026-06-26T04:16:39+00:00
trackb_rev_TGT_20260610,127.809998,139.570007,,,,142.820007,125.370003,,,,,,1.1293,pending,,2026-06-26T04:16:39+00:00
trackb_rev_TG_20260616,8.13,,,,,8.2,7.63,,,,,,-4.8628,pending,,2026-06-26T04:18:26+00:00
trackb_rev_TG_20260617,8.07,,,,,8.2,7.63,,,,,,-4.8628,pending,,2026-06-26T04:18:26+00:00
trackb_rev_TG_20260618,,,,,,8.2,7.66,,,,,,-4.4888,pending,,2026-06-26T04:18:26+00:00
trackb_rev_TG_20260619,,,,,,8.2,7.74,,,,,,-3.4913,pending,,2026-06-26T04:18:26+00:00
trackb_rev_TG_20260622,,,,,,8.2,7.74,,,,,,-0.5141,pending,,2026-06-26T04:18:26+00:00
trackb_rev_TG_20260623,,,,,,8.2,7.81,,,,,,0.3856,pending,,2026-06-26T04:18:26+00:00
trackb_rev_TG_20260625,,,,,,8.2,8.01,,,,,,-1.476,pending,,2026-06-26T04:18:26+00:00
trackb_rev_THO_20260603,74.839996,71.919998,,,,80.870003,69.709999,,,,,,-9.9063,pending,,2026-06-26T04:16:36+00:00
trackb_rev_THO_20260604,76.730003,72.379997,,,,80.870003,70.169998,,,,,,-9.3118,pending,,2026-06-26T04:16:36+00:00
trackb_rev_THO_20260605,77.169998,72.529999,,,,80.870003,70.169998,,,,,,-9.3118,pending,,2026-06-26T04:16:36+00:00
trackb_rev_THO_20260608,75.980003,72.849998,,,,80.870003,70.169998,,,,,,-9.3118,pending,,2026-06-26T04:16:36+00:00
trackb_rev_THO_20260616,75.489998,,,,,79.940002,70.169998,,,,,,-8.2145,pending,,2026-06-26T04:16:36+00:00
trackb_rev_THO_20260617,77.949997,,,,,79.940002,70.169998,,,,,,-8.2145,pending,,2026-06-26T04:16:36+00:00
trackb_rev_THO_20260618,,,,,,79.940002,70.169998,,,,,,-8.2145,pending,,2026-06-26T04:16:36+00:00
trackb_rev_THO_20260619,,,,,,79.940002,70.169998,,,,,,-8.2145,pending,,2026-06-26T04:16:36+00:00
trackb_rev_TIC_20260618,,,,,,8.475,7.995,,,,,,-1.418,pending,,2026-06-26T04:18:42+00:00
trackb_rev_TIC_20260619,,,,,,8.475,7.995,,,,,,-1.418,pending,,2026-06-26T04:18:42+00:00
trackb_rev_TIC_20260622,,,,,,8.475,7.995,,,,,,-5.0475,pending,,2026-06-26T04:18:42+00:00
trackb_rev_TIC_20260623,,,,,,8.475,7.995,,,,,,-0.9294,pending,,2026-06-26T04:18:42+00:00
trackb_rev_TIC_20260624,,,,,,8.475,8.08,,,,,,0.1239,pending,,2026-06-26T04:18:42+00:00
trackb_rev_TIC_20260625,,,,,,8.475,8.08,,,,,,-2.1792,pending,,2026-06-26T04:18:42+00:00
trackb_rev_TITN_20260612,20.85,,,,,21.76,18.84,,,,,,-1.1024,pending,,2026-06-26T04:14:48+00:00
trackb_rev_TITN_20260616,20.99,,,,,21.76,19.209999,,,,,,-5.1592,pending,,2026-06-26T04:14:48+00:00
trackb_rev_TITN_20260617,21.469999,,,,,21.76,19.209999,,,,,,-5.1592,pending,,2026-06-26T04:14:48+00:00
trackb_rev_TITN_20260618,,,,,,21.76,19.58,,,,,,0.8758,pending,,2026-06-26T04:14:48+00:00
trackb_rev_TITN_20260619,,,,,,21.76,20.120001,,,,,,3.6579,pending,,2026-06-26T04:14:48+00:00
trackb_rev_TITN_20260622,,,,,,21.76,20.120001,,,,,,-2.7079,pending,,2026-06-26T04:14:48+00:00
trackb_rev_TJX_20260603,167.660004,164.130005,,,,170.0,153.0,,,,,,-2.5788,pending,,2026-06-26T04:16:30+00:00
trackb_rev_TJX_20260604,168.339996,163.809998,,,,170.0,154.649994,,,,,,-1.5282,pending,,2026-06-26T04:16:30+00:00
trackb_rev_TJX_20260605,168.410004,164.169998,,,,170.0,154.649994,,,,,,-1.5282,pending,,2026-06-26T04:16:30+00:00
trackb_rev_TJX_20260608,167.330002,164.350006,,,,170.0,154.649994,,,,,,-1.5282,pending,,2026-06-26T04:16:30+00:00
trackb_rev_TLN_20260612,438.119995,,,,,449.841003,348.834991,,,,,,1.1702,pending,,2026-06-26T04:16:25+00:00
trackb_rev_TLYS_20260622,,,,,,4.71,4.19,,,,,,-5.4176,pending,,2026-06-26T04:15:54+00:00
trackb_rev_TLYS_20260623,,,,,,4.71,4.19,,,,,,-10.8511,pending,,2026-06-26T04:15:54+00:00
trackb_rev_TLYS_20260624,,,,,,4.46,4.19,,,,,,-10.8511,pending,,2026-06-26T04:15:54+00:00
trackb_rev_TLYS_20260625,,,,,,4.44,4.19,,,,,,-2.5581,pending,,2026-06-26T04:15:54+00:00
trackb_rev_TMDX_20260609,75.82,77.614998,,,,80.720001,70.650002,,,,,,-0.6888,pending,,2026-06-26T04:17:02+00:00
trackb_rev_TMDX_20260610,73.220001,77.75,,,,80.720001,71.324997,,,,,,0.26,pending,,2026-06-26T04:17:02+00:00
trackb_rev_TMDX_20260615,73.830002,,,,,80.720001,72.788002,,,,,,-2.7093,pending,,2026-06-26T04:17:02+00:00
trackb_rev_TMDX_20260616,77.614998,,,,,80.720001,72.788002,,,,,,-2.6768,pending,,2026-06-26T04:17:02+00:00
trackb_rev_TMDX_20260617,77.75,,,,,80.720001,72.788002,,,,,,-2.6768,pending,,2026-06-26T04:17:02+00:00
trackb_rev_TMDX_20260618,,,,,,80.720001,72.788002,,,,,,-2.6768,pending,,2026-06-26T04:17:02+00:00
trackb_rev_TMDX_20260619,,,,,,80.25,72.788002,,,,,,-2.6768,pending,,2026-06-26T04:17:02+00:00
trackb_rev_TMDX_20260622,,,,,,80.25,72.788002,,,,,,-7.6177,pending,,2026-06-26T04:17:02+00:00
trackb_rev_TMDX_20260623,,,,,,80.25,72.788002,,,,,,-7.6177,pending,,2026-06-26T04:17:02+00:00
trackb_rev_TMO_20260609,472.630005,492.200012,,,,515.960022,457.640015,,,,,,-2.5531,pending,,2026-06-26T04:16:20+00:00
trackb_rev_TMO_20260616,492.200012,,,,,515.960022,457.640015,,,,,,-3.1982,pending,,2026-06-26T04:16:20+00:00
trackb_rev_TMO_20260617,505.75,,,,,515.960022,457.640015,,,,,,-3.1982,pending,,2026-06-26T04:16:20+00:00
trackb_rev_TMO_20260618,,,,,,515.960022,458.910004,,,,,,-2.9296,pending,,2026-06-26T04:16:20+00:00
trackb_rev_TMO_20260619,,,,,,515.960022,458.910004,,,,,,-2.9296,pending,,2026-06-26T04:16:20+00:00
trackb_rev_TMO_20260622,,,,,,515.960022,458.910004,,,,,,-1.2268,pending,,2026-06-26T04:16:20+00:00
trackb_rev_TMO_20260623,,,,,,515.960022,460.130005,,,,,,-0.9642,pending,,2026-06-26T04:16:20+00:00
trackb_rev_TMUS_20260625,,,,,,183.490005,178.399994,,,,,,-1.322,pending,,2026-06-26T04:19:00+00:00
trackb_rev_TOMZ_20260616,0.75,,,,,0.9,0.69,,,,,,-1.2876,pending,,2026-06-26T04:15:05+00:00
trackb_rev_TOMZ_20260617,0.73,,,,,0.8,0.69,,,,,,-1.2876,pending,,2026-06-26T04:15:05+00:00
trackb_rev_TOMZ_20260618,,,,,,0.8,0.7,,,,,,0.1431,pending,,2026-06-26T04:15:05+00:00
trackb_rev_TOMZ_20260619,,,,,,0.8,0.7,,,,,,0.1431,pending,,2026-06-26T04:15:05+00:00
trackb_rev_TRNO_20260618,,,,,,65.919998,62.990002,,,,,,-1.3005,pending,,2026-06-26T04:17:18+00:00
trackb_rev_TRNO_20260619,,,,,,65.919998,64.040001,,,,,,0.3447,pending,,2026-06-26T04:17:18+00:00
trackb_rev_TRNO_20260622,,,,,,65.919998,64.040001,,,,,,-0.4817,pending,,2026-06-26T04:17:18+00:00
trackb_rev_TRNO_20260623,,,,,,65.919998,64.239998,,,,,,-0.1709,pending,,2026-06-26T04:17:18+00:00
trackb_rev_TRUG_20260616,1.35,,,,,1.47,1.22,,,,,,-15.8621,pending,,2026-06-26T04:18:27+00:00
trackb_rev_TRUG_20260617,1.25,,,,,1.45,1.22,,,,,,-15.8621,pending,,2026-06-26T04:18:27+00:00
trackb_rev_TRUG_20260618,,,,,,1.42,1.22,,,,,,-15.8621,pending,,2026-06-26T04:18:27+00:00
trackb_rev_TRUG_20260619,,,,,,1.42,1.22,,,,,,-15.8621,pending,,2026-06-26T04:18:27+00:00
trackb_rev_TRU_20260616,68.0,,,,,70.309998,63.369999,,,,,,-6.8499,pending,,2026-06-26T04:14:55+00:00
trackb_rev_TRU_20260617,67.0,,,,,70.309998,63.369999,,,,,,-6.8499,pending,,2026-06-26T04:14:55+00:00
trackb_rev_TSCO_20260623,,,,,,31.41,29.459999,,,,,,-1.1741,pending,,2026-06-26T04:18:52+00:00
trackb_rev_TSCO_20260624,,,,,,31.41,29.610001,,,,,,-0.6709,pending,,2026-06-26T04:18:52+00:00
trackb_rev_TSCO_20260625,,,,,,31.41,29.860001,,,,,,-0.6653,pending,,2026-06-26T04:18:52+00:00
trackb_rev_TSQ_20260622,,,,,,6.6,6.15,,,,,,-2.6899,pending,,2026-06-26T04:18:14+00:00
trackb_rev_TSQ_20260623,,,,,,6.6,6.15,,,,,,-2.6899,pending,,2026-06-26T04:18:14+00:00
trackb_rev_TTC_20260616,94.779999,,,,,98.019997,88.610001,,,,,,-1.5936,pending,,2026-06-26T04:18:25+00:00
trackb_rev_TTC_20260617,97.050003,,,,,98.019997,90.290001,,,,,,0.2721,pending,,2026-06-26T04:18:25+00:00
trackb_rev_TTC_20260618,,,,,,98.019997,90.599998,,,,,,-0.2971,pending,,2026-06-26T04:18:25+00:00
trackb_rev_TTC_20260619,,,,,,98.019997,90.599998,,,,,,-0.2971,pending,,2026-06-26T04:18:25+00:00
trackb_rev_TTC_20260622,,,,,,98.019997,90.599998,,,,,,-0.2971,pending,,2026-06-26T04:18:25+00:00
trackb_rev_TTC_20260625,,,,,,98.019997,94.029999,,,,,,-0.7913,pending,,2026-06-26T04:18:25+00:00
trackb_rev_TTEK_20260611,27.360001,,,,,29.219999,26.709999,,,,,,-1.6206,pending,,2026-06-26T04:17:27+00:00
trackb_rev_TTEK_20260616,28.58,,,,,29.219999,26.709999,,,,,,-5.2837,pending,,2026-06-26T04:17:27+00:00
trackb_rev_TTEK_20260617,28.440001,,,,,29.219999,26.709999,,,,,,-5.2837,pending,,2026-06-26T04:17:27+00:00
trackb_rev_TTEK_20260618,,,,,,29.219999,26.709999,,,,,,-5.2669,pending,,2026-06-26T04:17:27+00:00
trackb_rev_TTEK_20260619,,,,,,29.219999,26.709999,,,,,,-5.2669,pending,,2026-06-26T04:17:27+00:00
trackb_rev_TTEK_20260622,,,,,,29.219999,26.709999,,,,,,-5.2669,pending,,2026-06-26T04:17:27+00:00
trackb_rev_TTEK_20260623,,,,,,29.219999,27.18,,,,,,-3.5999,pending,,2026-06-26T04:17:27+00:00
trackb_rev_TTEK_20260625,,,,,,29.219999,28.200001,,,,,,-1.3296,pending,,2026-06-26T04:17:27+00:00
trackb_rev_TWI_20260615,7.28,,,,,8.04,7.24,,,,,,-9.33,pending,,2026-06-26T04:17:58+00:00
trackb_rev_TWI_20260616,7.51,,,,,7.92,7.24,,,,,,-6.096,pending,,2026-06-26T04:17:58+00:00
trackb_rev_TWI_20260617,7.9,,,,,7.92,7.24,,,,,,-6.096,pending,,2026-06-26T04:17:58+00:00
trackb_rev_TWI_20260618,,,,,,7.92,7.24,,,,,,-1.6304,pending,,2026-06-26T04:17:58+00:00
trackb_rev_TWI_20260619,,,,,,7.92,7.24,,,,,,-1.6304,pending,,2026-06-26T04:17:58+00:00
trackb_rev_TWI_20260622,,,,,,7.92,7.24,,,,,,-1.6304,pending,,2026-06-26T04:17:58+00:00
trackb_rev_TWI_20260625,,,,,,7.92,7.59,,,,,,1.0652,pending,,2026-06-26T04:17:58+00:00
trackb_rev_TW_20260623,,,,,,100.769997,91.419998,,,,,,-6.9043,pending,,2026-06-26T04:18:55+00:00
trackb_rev_TW_20260624,,,,,,99.5,91.419998,,,,,,-6.9043,pending,,2026-06-26T04:18:55+00:00
trackb_rev_TW_20260625,,,,,,96.230003,91.419998,,,,,,-4.8204,pending,,2026-06-26T04:18:55+00:00
trackb_rev_UAA_20260609,5.84,6.06,,,,6.27,5.63,,,,,,-0.7055,pending,,2026-06-26T04:17:03+00:00
trackb_rev_UAA_20260610,5.7,6.08,,,,6.27,5.64,,,,,,-0.5291,pending,,2026-06-26T04:17:03+00:00
trackb_rev_UAA_20260622,,,,,,6.27,5.74,,,,,,-5.2805,pending,,2026-06-26T04:17:03+00:00
trackb_rev_UAVS_20260612,0.9,,,,,0.97,0.81,,,,,,-13.8298,pending,,2026-06-26T04:17:43+00:00
trackb_rev_UA_20260612,5.73,,,,,6.065,5.52,,,,,,-5.3173,pending,,2026-06-26T04:17:40+00:00
trackb_rev_UA_20260622,,,,,,6.065,5.56,,,,,,-5.2811,pending,,2026-06-26T04:17:40+00:00
trackb_rev_UA_20260623,,,,,,6.065,5.56,,,,,,-5.2811,pending,,2026-06-26T04:17:40+00:00
trackb_rev_UA_20260625,,,,,,6.065,5.695,,,,,,-3.1463,pending,,2026-06-26T04:17:40+00:00
trackb_rev_UBER_20260625,,,,,,74.550003,72.110001,,,,,,-2.3561,pending,,2026-06-26T04:18:58+00:00
trackb_rev_UGI_20260603,34.790001,33.619999,,,,35.48,33.369999,,,,,,-4.5754,pending,,2026-06-26T04:16:32+00:00
trackb_rev_UGI_20260604,34.77,33.810001,,,,35.48,33.369999,,,,,,-4.5754,pending,,2026-06-26T04:16:32+00:00
trackb_rev_UGI_20260605,35.029999,33.790001,,,,35.48,33.369999,,,,,,-4.5754,pending,,2026-06-26T04:16:32+00:00
trackb_rev_UGI_20260608,34.360001,34.720001,,,,35.48,33.369999,,,,,,-4.5754,pending,,2026-06-26T04:16:32+00:00
trackb_rev_UGI_20260622,,,,,,35.299999,33.509998,,,,,,-0.8873,pending,,2026-06-26T04:16:32+00:00
trackb_rev_UGI_20260623,,,,,,35.299999,33.759998,,,,,,-0.0888,pending,,2026-06-26T04:16:32+00:00
trackb_rev_UGI_20260624,,,,,,35.299999,34.369999,,,,,,1.7165,pending,,2026-06-26T04:16:32+00:00
trackb_rev_UGI_20260625,,,,,,35.299999,34.779999,,,,,,2.9299,pending,,2026-06-26T04:16:32+00:00
trackb_rev_UMH_20260625,,,,,,15.45,15.08,,,,,,-1.6308,pending,,2026-06-26T04:19:02+00:00
trackb_rev_UNFI_20260618,,,,,,53.560001,49.389999,,,,,,-0.5237,pending,,2026-06-26T04:15:45+00:00
trackb_rev_UNFI_20260619,,,,,,53.560001,50.0,,,,,,0.7049,pending,,2026-06-26T04:15:45+00:00
trackb_rev_UNFI_20260622,,,,,,53.560001,50.0,,,,,,0.7049,pending,,2026-06-26T04:15:45+00:00
trackb_rev_UNF_20260622,,,,,,266.0,259.720001,,,,,,-0.4904,pending,,2026-06-26T04:16:19+00:00
trackb_rev_UNF_20260623,,,,,,266.0,259.899994,,,,,,-0.4215,pending,,2026-06-26T04:16:19+00:00
trackb_rev_UNP_20260625,,,,,,267.980011,262.01001,,,,,,0.7886,pending,,2026-06-26T04:18:58+00:00
trackb_rev_UONE_20260612,5.43,,,,,6.9,5.25,,,,,,-7.7329,pending,,2026-06-26T04:17:41+00:00
trackb_rev_UONE_20260616,5.46,,,,,6.9,5.25,,,,,,-14.7713,pending,,2026-06-26T04:17:41+00:00
trackb_rev_UONE_20260617,5.26,,,,,6.9,5.25,,,,,,-14.7713,pending,,2026-06-26T04:17:41+00:00
trackb_rev_UONE_20260618,,,,,,6.9,5.25,,,,,,-14.7713,pending,,2026-06-26T04:17:41+00:00
trackb_rev_UONE_20260619,,,,,,5.99,5.25,,,,,,-14.7713,pending,,2026-06-26T04:17:41+00:00
trackb_rev_UPST_20260615,31.459999,,,,,34.02,30.040001,,,,,,-8.2356,pending,,2026-06-26T04:16:21+00:00
trackb_rev_UPST_20260616,32.650002,,,,,33.990002,30.040001,,,,,,-8.6652,pending,,2026-06-26T04:16:21+00:00
trackb_rev_UPST_20260617,32.970001,,,,,33.990002,30.040001,,,,,,-8.6652,pending,,2026-06-26T04:16:21+00:00
trackb_rev_UPWK_20260609,8.43,8.22,,,,8.96,7.78,,,,,,-12.2886,pending,,2026-06-26T04:17:05+00:00
trackb_rev_UPWK_20260616,8.22,,,,,8.58,7.78,,,,,,-8.6854,pending,,2026-06-26T04:17:05+00:00
trackb_rev_UPWK_20260617,7.86,,,,,8.55,7.78,,,,,,-8.6854,pending,,2026-06-26T04:17:05+00:00
trackb_rev_UPWK_20260618,,,,,,8.55,7.78,,,,,,-8.6854,pending,,2026-06-26T04:17:05+00:00
trackb_rev_UPWK_20260619,,,,,,8.55,7.78,,,,,,-8.6854,pending,,2026-06-26T04:17:05+00:00
trackb_rev_URG_20260616,1.35,,,,,1.8,1.3,,,,,,-25.9259,pending,,2026-06-26T04:15:07+00:00
trackb_rev_URG_20260617,1.3,,,,,1.77,1.3,,,,,,-25.9259,pending,,2026-06-26T04:15:07+00:00
trackb_rev_URG_20260618,,,,,,1.62,1.3,,,,,,-25.9259,pending,,2026-06-26T04:15:07+00:00
trackb_rev_URG_20260619,,,,,,1.52,1.3,,,,,,-25.9259,pending,,2026-06-26T04:15:07+00:00
trackb_rev_USLM_20260610,110.370003,107.150002,,,,115.209999,103.0,,,,,,-2.5267,pending,,2026-06-26T04:17:13+00:00
trackb_rev_USLM_20260612,111.120003,,,,,115.209999,104.419998,,,,,,-1.4441,pending,,2026-06-26T04:17:13+00:00
trackb_rev_UVV_20260623,,,,,,53.490002,52.080002,,,,,,1.1066,pending,,2026-06-26T04:15:40+00:00
trackb_rev_UVV_20260624,,,,,,53.490002,52.139999,,,,,,1.2231,pending,,2026-06-26T04:15:40+00:00
trackb_rev_UVV_20260625,,,,,,53.490002,52.740002,,,,,,2.3879,pending,,2026-06-26T04:15:40+00:00
trackb_rev_VEEV_20260612,153.160004,,,,,166.899994,150.389999,,,,,,-6.9081,pending,,2026-06-26T04:16:05+00:00
trackb_rev_VEEV_20260615,159.710007,,,,,166.899994,150.389999,,,,,,-9.7163,pending,,2026-06-26T04:16:05+00:00
trackb_rev_VEEV_20260616,161.350006,,,,,165.800003,150.389999,,,,,,-7.7362,pending,,2026-06-26T04:16:05+00:00
trackb_rev_VEEV_20260617,158.080002,,,,,165.800003,150.389999,,,,,,-7.7362,pending,,2026-06-26T04:16:05+00:00
trackb_rev_VEEV_20260618,,,,,,165.800003,150.389999,,,,,,-7.7362,pending,,2026-06-26T04:16:05+00:00
trackb_rev_VEEV_20260619,,,,,,165.800003,151.149994,,,,,,-7.2699,pending,,2026-06-26T04:16:05+00:00
trackb_rev_VFC_20260625,,,,,,17.5,16.83,,,,,,-2.2648,pending,,2026-06-26T04:18:58+00:00
trackb_rev_VG_20260603,13.29,11.05,,,,13.82,10.26,,,,,,-20.4959,pending,,2026-06-26T04:16:35+00:00
trackb_rev_VG_20260604,12.75,11.02,,,,13.82,10.26,,,,,,-20.4959,pending,,2026-06-26T04:16:35+00:00
trackb_rev_VG_20260605,13.08,11.26,,,,13.82,10.26,,,,,,-20.4959,pending,,2026-06-26T04:16:35+00:00
trackb_rev_VICI_20260623,,,,,,27.110001,26.275,,,,,,0.7091,pending,,2026-06-26T04:18:03+00:00
trackb_rev_VICI_20260624,,,,,,27.110001,26.434999,,,,,,1.3223,pending,,2026-06-26T04:18:03+00:00
trackb_rev_VICI_20260625,,,,,,26.83,26.434999,,,,,,1.3223,pending,,2026-06-26T04:18:03+00:00
trackb_rev_VITL_20260603,10.54,10.85,,,,11.49,9.61,,,,,,-1.5369,pending,,2026-06-26T04:16:39+00:00
trackb_rev_VITL_20260604,11.0,10.41,,,,11.49,9.61,,,,,,-1.5369,pending,,2026-06-26T04:16:39+00:00
trackb_rev_VITL_20260605,10.6,10.08,,,,11.49,9.69,,,,,,-0.7172,pending,,2026-06-26T04:16:39+00:00
trackb_rev_VITL_20260608,10.61,10.68,,,,11.49,9.85,,,,,,-1.8924,pending,,2026-06-26T04:16:39+00:00
trackb_rev_VITL_20260610,10.85,10.68,,,,11.49,9.915,,,,,,-1.4414,pending,,2026-06-26T04:16:39+00:00
trackb_rev_VITL_20260611,10.41,,,,,11.49,9.915,,,,,,-5.9298,pending,,2026-06-26T04:16:39+00:00
trackb_rev_VITL_20260616,11.11,,,,,11.49,9.915,,,,,,-7.1629,pending,,2026-06-26T04:16:39+00:00
trackb_rev_VITL_20260617,10.68,,,,,11.49,9.915,,,,,,-7.1629,pending,,2026-06-26T04:16:39+00:00
trackb_rev_VITL_20260618,,,,,,11.155,9.915,,,,,,-8.6175,pending,,2026-06-26T04:16:39+00:00
trackb_rev_VITL_20260619,,,,,,11.155,9.915,,,,,,-8.6175,pending,,2026-06-26T04:16:39+00:00
trackb_rev_VITL_20260622,,,,,,11.155,9.915,,,,,,-8.6175,pending,,2026-06-26T04:16:39+00:00
trackb_rev_VITL_20260625,,,,,,11.08,10.43,,,,,,-6.1206,pending,,2026-06-26T04:16:39+00:00
trackb_rev_VLO_20260622,,,,,,255.740005,233.949997,,,,,,-0.9945,pending,,2026-06-26T04:15:23+00:00
trackb_rev_VLO_20260623,,,,,,255.740005,236.100006,,,,,,-3.1504,pending,,2026-06-26T04:15:23+00:00
trackb_rev_VLO_20260624,,,,,,255.740005,236.100006,,,,,,-3.1504,pending,,2026-06-26T04:15:23+00:00
trackb_rev_VLO_20260625,,,,,,255.740005,240.020004,,,,,,-1.5424,pending,,2026-06-26T04:15:23+00:00
trackb_rev_VLTO_20260622,,,,,,89.459999,81.574997,,,,,,-2.91,pending,,2026-06-26T04:18:48+00:00
trackb_rev_VLTO_20260623,,,,,,89.459999,83.040001,,,,,,0.1085,pending,,2026-06-26T04:18:48+00:00
trackb_rev_VLTO_20260624,,,,,,89.459999,84.584999,,,,,,1.9711,pending,,2026-06-26T04:18:48+00:00
trackb_rev_VLTO_20260625,,,,,,89.459999,84.849998,,,,,,-1.703,pending,,2026-06-26T04:18:48+00:00
trackb_rev_VMC_20260609,300.829987,307.290009,,,,321.160004,271.630005,,,,,,0.6112,pending,,2026-06-26T04:17:06+00:00
trackb_rev_VMC_20260611,302.839996,,,,,321.160004,271.859985,,,,,,-0.2971,pending,,2026-06-26T04:17:06+00:00
trackb_rev_VNT_20260618,,,,,,31.26,29.610001,,,,,,-0.1181,pending,,2026-06-26T04:18:40+00:00
trackb_rev_VNT_20260619,,,,,,31.26,29.629999,,,,,,-0.0506,pending,,2026-06-26T04:18:40+00:00
trackb_rev_VNT_20260622,,,,,,31.26,29.629999,,,,,,-0.9361,pending,,2026-06-26T04:18:40+00:00
trackb_rev_VNT_20260623,,,,,,31.26,29.975,,,,,,0.2173,pending,,2026-06-26T04:18:40+00:00
trackb_rev_VRA_20260618,,,,,,4.07,3.68,,,,,,-2.3873,pending,,2026-06-26T04:18:42+00:00
trackb_rev_VRA_20260619,,,,,,3.9,3.68,,,,,,-2.3873,pending,,2026-06-26T04:18:42+00:00
trackb_rev_VRA_20260622,,,,,,3.9,3.68,,,,,,-2.3873,pending,,2026-06-26T04:18:42+00:00
trackb_rev_VRSK_20260622,,,,,,182.279999,168.179993,,,,,,-3.2336,pending,,2026-06-26T04:15:49+00:00
trackb_rev_VRSK_20260623,,,,,,182.279999,171.220001,,,,,,1.3196,pending,,2026-06-26T04:15:49+00:00
trackb_rev_VRSK_20260624,,,,,,182.279999,174.289993,,,,,,3.1363,pending,,2026-06-26T04:15:49+00:00
trackb_rev_VRSK_20260625,,,,,,182.279999,176.259995,,,,,,4.302,pending,,2026-06-26T04:15:49+00:00
trackb_rev_VST_20260610,158.830002,167.770004,,,,171.350006,137.910004,,,,,,-6.1198,pending,,2026-06-26T04:17:11+00:00
trackb_rev_VST_20260611,163.75,,,,,171.350006,139.570007,,,,,,0.7435,pending,,2026-06-26T04:17:11+00:00
trackb_rev_VST_20260612,167.259995,,,,,171.350006,147.0,,,,,,0.4236,pending,,2026-06-26T04:17:11+00:00
trackb_rev_VZ_20260625,,,,,,46.259998,45.330002,,,,,,-0.7662,pending,,2026-06-26T04:18:01+00:00
trackb_rev_WAL_20260618,,,,,,82.400002,78.449997,,,,,,-0.9657,pending,,2026-06-26T04:17:20+00:00
trackb_rev_WAL_20260619,,,,,,82.400002,78.449997,,,,,,-0.9657,pending,,2026-06-26T04:17:20+00:00
trackb_rev_WAL_20260622,,,,,,82.400002,78.449997,,,,,,-1.8271,pending,,2026-06-26T04:17:20+00:00
trackb_rev_WAL_20260623,,,,,,82.400002,78.5,,,,,,-1.7645,pending,,2026-06-26T04:17:20+00:00
trackb_rev_WATT_20260611,25.23,,,,,28.870001,22.66,,,,,,-1.1344,pending,,2026-06-26T04:15:06+00:00
trackb_rev_WAY_20260608,18.549999,18.41,,,,20.120001,17.26,,,,,,-13.7,pending,,2026-06-26T04:16:52+00:00
trackb_rev_WAY_20260612,17.309999,,,,,19.4,17.26,,,,,,-6.4499,pending,,2026-06-26T04:16:52+00:00
trackb_rev_WAY_20260615,18.41,,,,,19.4,17.26,,,,,,-9.3487,pending,,2026-06-26T04:16:52+00:00
trackb_rev_WAY_20260616,19.0,,,,,19.129999,17.26,,,,,,-7.7991,pending,,2026-06-26T04:16:52+00:00
trackb_rev_WAY_20260617,18.959999,,,,,19.129999,17.26,,,,,,-7.7991,pending,,2026-06-26T04:16:52+00:00
trackb_rev_WAY_20260618,,,,,,19.129999,17.26,,,,,,-7.7991,pending,,2026-06-26T04:16:52+00:00
trackb_rev_WAY_20260619,,,,,,19.129999,17.26,,,,,,-7.7991,pending,,2026-06-26T04:16:52+00:00
trackb_rev_WEC_20260622,,,,,,117.519997,111.970001,,,,,,-0.1783,pending,,2026-06-26T04:18:17+00:00
trackb_rev_WEC_20260623,,,,,,117.519997,113.080002,,,,,,0.0354,pending,,2026-06-26T04:18:17+00:00
trackb_rev_WEC_20260624,,,,,,117.519997,114.389999,,,,,,1.1943,pending,,2026-06-26T04:18:17+00:00
trackb_rev_WEC_20260625,,,,,,117.519997,115.529999,,,,,,2.2028,pending,,2026-06-26T04:18:17+00:00
trackb_rev_WELL_20260618,,,,,,224.470001,202.899994,,,,,,-2.4402,pending,,2026-06-26T04:18:43+00:00
trackb_rev_WELL_20260619,,,,,,224.470001,206.210007,,,,,,-0.8487,pending,,2026-06-26T04:18:43+00:00
trackb_rev_WELL_20260622,,,,,,224.470001,206.210007,,,,,,-0.2129,pending,,2026-06-26T04:18:43+00:00
trackb_rev_WELL_20260623,,,,,,224.470001,211.660004,,,,,,2.4244,pending,,2026-06-26T04:18:43+00:00
trackb_rev_WES_20260623,,,,,,43.580002,42.110001,,,,,,-2.0242,pending,,2026-06-26T04:18:54+00:00
trackb_rev_WES_20260624,,,,,,43.369999,42.110001,,,,,,-2.0242,pending,,2026-06-26T04:18:54+00:00
trackb_rev_WES_20260625,,,,,,43.110001,42.150002,,,,,,-1.9311,pending,,2026-06-26T04:18:54+00:00
trackb_rev_WGS_20260603,54.32,56.419998,,,,68.949997,51.0,,,,,,-2.5416,pending,,2026-06-26T04:16:28+00:00
trackb_rev_WGS_20260604,60.990002,59.009998,,,,68.949997,51.509998,,,,,,-1.567,pending,,2026-06-26T04:16:28+00:00
trackb_rev_WGS_20260605,59.919998,55.419998,,,,68.949997,51.509998,,,,,,-1.567,pending,,2026-06-26T04:16:28+00:00
trackb_rev_WGS_20260609,60.599998,63.540001,,,,68.949997,52.279999,,,,,,0.9266,pending,,2026-06-26T04:16:28+00:00
trackb_rev_WGS_20260610,56.419998,68.669998,,,,68.949997,52.509998,,,,,,1.3707,pending,,2026-06-26T04:16:28+00:00
trackb_rev_WING_20260603,145.589996,150.050003,,,,172.740005,135.770004,,,,,,-5.1952,pending,,2026-06-26T04:16:27+00:00
trackb_rev_WING_20260604,153.880005,161.779999,,,,172.740005,138.0,,,,,,-3.638,pending,,2026-06-26T04:16:27+00:00
trackb_rev_WING_20260605,162.289993,156.740005,,,,172.740005,138.0,,,,,,-3.638,pending,,2026-06-26T04:16:27+00:00
trackb_rev_WING_20260608,166.220001,150.410004,,,,172.740005,138.0,,,,,,-2.9741,pending,,2026-06-26T04:16:27+00:00
trackb_rev_WING_20260612,156.740005,,,,,172.740005,148.369995,,,,,,-3.5807,pending,,2026-06-26T04:16:27+00:00
trackb_rev_WING_20260625,,,,,,165.509995,155.110001,,,,,,-0.4365,pending,,2026-06-26T04:16:27+00:00
trackb_rev_WKHS_20260612,2.88,,,,,3.2,2.71,,,,,,-13.6943,pending,,2026-06-26T04:17:41+00:00
trackb_rev_WMT_20260623,,,,,,120.400002,115.379997,,,,,,-1.5361,pending,,2026-06-26T04:18:52+00:00
trackb_rev_WMT_20260624,,,,,,120.400002,115.379997,,,,,,-1.5361,pending,,2026-06-26T04:18:52+00:00
trackb_rev_WMT_20260625,,,,,,118.580002,115.379997,,,,,,-1.5361,pending,,2026-06-26T04:18:52+00:00
trackb_rev_WM_20260616,223.259995,,,,,225.5,212.220001,,,,,,-2.2275,pending,,2026-06-26T04:18:18+00:00
trackb_rev_WM_20260617,223.080002,,,,,225.5,212.220001,,,,,,-2.2275,pending,,2026-06-26T04:18:18+00:00
trackb_rev_WM_20260618,,,,,,225.5,212.220001,,,,,,-1.7136,pending,,2026-06-26T04:18:18+00:00
trackb_rev_WM_20260619,,,,,,225.5,212.809998,,,,,,-1.4403,pending,,2026-06-26T04:18:18+00:00
trackb_rev_WM_20260622,,,,,,225.5,212.809998,,,,,,-1.4403,pending,,2026-06-26T04:18:18+00:00
trackb_rev_WM_20260623,,,,,,225.5,214.0,,,,,,0.3235,pending,,2026-06-26T04:18:18+00:00
trackb_rev_WM_20260624,,,,,,225.5,219.110001,,,,,,2.719,pending,,2026-06-26T04:18:18+00:00
trackb_rev_WM_20260625,,,,,,225.25,219.169998,,,,,,-1.8319,pending,,2026-06-26T04:18:18+00:00
trackb_rev_WNC_20260603,8.26,10.8,,,,14.05,7.21,,,,,,-7.5048,pending,,2026-06-26T04:16:34+00:00
trackb_rev_WNC_20260604,8.94,11.36,,,,14.05,7.21,,,,,,-7.5048,pending,,2026-06-26T04:16:34+00:00
trackb_rev_WNC_20260605,9.71,12.06,,,,14.05,7.21,,,,,,-7.5048,pending,,2026-06-26T04:16:34+00:00
trackb_rev_WNC_20260608,9.46,12.6,,,,14.05,7.45,,,,,,1.4986,pending,,2026-06-26T04:16:34+00:00
trackb_rev_WNC_20260610,10.8,13.94,,,,14.05,7.87,,,,,,1.4175,pending,,2026-06-26T04:16:34+00:00
trackb_rev_WPC_20260622,,,,,,73.360001,70.75,,,,,,-0.6599,pending,,2026-06-26T04:17:19+00:00
trackb_rev_WPC_20260623,,,,,,73.360001,71.849998,,,,,,0.8846,pending,,2026-06-26T04:17:19+00:00
trackb_rev_WPC_20260625,,,,,,73.360001,71.970001,,,,,,-0.9087,pending,,2026-06-26T04:17:19+00:00
trackb_rev_WSO_20260618,,,,,,418.720001,386.220001,,,,,,-0.5792,pending,,2026-06-26T04:18:38+00:00
trackb_rev_WSO_20260619,,,,,,418.720001,386.220001,,,,,,-0.5792,pending,,2026-06-26T04:18:38+00:00
trackb_rev_WSO_20260622,,,,,,418.720001,386.220001,,,,,,-0.5792,pending,,2026-06-26T04:18:38+00:00
trackb_rev_WSO_20260623,,,,,,418.720001,386.220001,,,,,,-2.7546,pending,,2026-06-26T04:18:38+00:00
trackb_rev_WSO_20260624,,,,,,418.720001,391.5,,,,,,-1.4251,pending,,2026-06-26T04:18:38+00:00
trackb_rev_WSO_20260625,,,,,,418.720001,400.380005,,,,,,-0.1496,pending,,2026-06-26T04:18:38+00:00
trackb_rev_WTRG_20260616,37.779999,,,,,38.48,36.34,,,,,,-4.0148,pending,,2026-06-26T04:18:32+00:00
trackb_rev_WTRG_20260617,37.93,,,,,38.48,36.34,,,,,,-4.0148,pending,,2026-06-26T04:18:32+00:00
trackb_rev_WTRG_20260618,,,,,,38.48,36.34,,,,,,-1.4909,pending,,2026-06-26T04:18:32+00:00
trackb_rev_WTRG_20260619,,,,,,38.48,36.48,,,,,,-1.1114,pending,,2026-06-26T04:18:32+00:00
trackb_rev_WTRG_20260622,,,,,,38.48,36.48,,,,,,-0.5995,pending,,2026-06-26T04:18:32+00:00
trackb_rev_WTRG_20260623,,,,,,38.48,36.93,,,,,,0.6267,pending,,2026-06-26T04:18:32+00:00
trackb_rev_WWW_20260610,16.700001,16.969999,,,,18.73,16.299999,,,,,,-2.9762,pending,,2026-06-26T04:17:12+00:00
trackb_rev_WWW_20260618,,,,,,17.799999,16.299999,,,,,,-3.8632,pending,,2026-06-26T04:17:12+00:00
trackb_rev_WWW_20260619,,,,,,17.68,16.299999,,,,,,-3.8632,pending,,2026-06-26T04:17:12+00:00
trackb_rev_WWW_20260622,,,,,,17.68,16.299999,,,,,,-7.3864,pending,,2026-06-26T04:17:12+00:00
trackb_rev_WWW_20260623,,,,,,17.68,16.299999,,,,,,-7.3864,pending,,2026-06-26T04:17:12+00:00
trackb_rev_WY_20260612,24.25,,,,,25.85,24.1,,,,,,-0.9453,pending,,2026-06-26T04:15:46+00:00
trackb_rev_W_20260609,83.160004,92.790001,,,,96.68,67.610001,,,,,,0.685,pending,,2026-06-26T04:15:58+00:00
trackb_rev_W_20260610,81.589996,93.519997,,,,96.68,68.25,,,,,,1.6381,pending,,2026-06-26T04:15:58+00:00
trackb_rev_XEL_20260622,,,,,,82.879997,77.169998,,,,,,-0.31,pending,,2026-06-26T04:18:49+00:00
trackb_rev_XEL_20260623,,,,,,82.879997,78.690002,,,,,,1.6535,pending,,2026-06-26T04:18:49+00:00
trackb_rev_XPOF_20260612,6.61,,,,,7.15,6.28,,,,,,-1.2579,pending,,2026-06-26T04:17:40+00:00
trackb_rev_XPO_20260623,,,,,,207.800003,195.850006,,,,,,-2.6542,pending,,2026-06-26T04:15:43+00:00
trackb_rev_XPO_20260624,,,,,,207.800003,195.850006,,,,,,-2.6542,pending,,2026-06-26T04:15:43+00:00
trackb_rev_XRAY_20260616,10.52,,,,,10.98,10.01,,,,,,-0.6452,pending,,2026-06-26T04:18:19+00:00
trackb_rev_XRAY_20260617,10.78,,,,,10.98,10.01,,,,,,-0.6452,pending,,2026-06-26T04:18:19+00:00
trackb_rev_XRAY_20260618,,,,,,10.98,10.02,,,,,,-0.5459,pending,,2026-06-26T04:18:19+00:00
trackb_rev_XRAY_20260619,,,,,,10.98,10.02,,,,,,-0.5459,pending,,2026-06-26T04:18:19+00:00
trackb_rev_XRAY_20260625,,,,,,10.98,10.63,,,,,,1.0456,pending,,2026-06-26T04:18:19+00:00
trackb_rev_XRN_20260622,,,,,,36.41,34.689999,,,,,,-1.1681,pending,,2026-06-26T04:16:15+00:00
trackb_rev_XRN_20260623,,,,,,36.41,34.790001,,,,,,-0.8832,pending,,2026-06-26T04:16:15+00:00
trackb_rev_XYL_20260612,111.769997,,,,,119.57,108.800003,,,,,,-0.2292,pending,,2026-06-26T04:17:44+00:00
trackb_rev_XYL_20260616,112.040001,,,,,119.57,109.050003,,,,,,-2.3243,pending,,2026-06-26T04:17:44+00:00
trackb_rev_XYL_20260617,117.0,,,,,119.57,109.050003,,,,,,-2.3243,pending,,2026-06-26T04:17:44+00:00
trackb_rev_XYL_20260618,,,,,,119.57,109.050003,,,,,,-2.3243,pending,,2026-06-26T04:17:44+00:00
trackb_rev_XYL_20260619,,,,,,119.57,109.050003,,,,,,-2.3243,pending,,2026-06-26T04:17:44+00:00
trackb_rev_XYZ_20260611,74.779999,,,,,77.129997,65.459999,,,,,,-1.756,pending,,2026-06-26T04:17:25+00:00
trackb_rev_YELP_20260612,22.469999,,,,,23.99,22.129999,,,,,,-3.8662,pending,,2026-06-26T04:17:39+00:00
trackb_rev_YELP_20260615,22.67,,,,,23.99,22.129999,,,,,,-5.629,pending,,2026-06-26T04:17:39+00:00
trackb_rev_YELP_20260616,23.360001,,,,,23.68,22.129999,,,,,,-3.573,pending,,2026-06-26T04:17:39+00:00
trackb_rev_YELP_20260617,22.92,,,,,23.68,22.129999,,,,,,-3.573,pending,,2026-06-26T04:17:39+00:00
trackb_rev_YELP_20260618,,,,,,23.68,22.129999,,,,,,-0.6955,pending,,2026-06-26T04:17:39+00:00
trackb_rev_YELP_20260619,,,,,,23.68,22.379999,,,,,,0.4263,pending,,2026-06-26T04:17:39+00:00
trackb_rev_YELP_20260622,,,,,,23.68,22.379999,,,,,,0.4263,pending,,2026-06-26T04:17:39+00:00
trackb_rev_YELP_20260623,,,,,,23.68,22.379999,,,,,,-0.4005,pending,,2026-06-26T04:17:39+00:00
trackb_rev_YELP_20260624,,,,,,23.68,22.51,,,,,,0.178,pending,,2026-06-26T04:17:39+00:00
trackb_rev_YELP_20260625,,,,,,23.42,22.51,,,,,,-3.6387,pending,,2026-06-26T04:17:39+00:00
trackb_rev_YORW_20260616,30.43,,,,,30.6,29.370001,,,,,,-1.5916,pending,,2026-06-26T04:17:08+00:00
trackb_rev_YORW_20260617,30.34,,,,,30.6,29.370001,,,,,,-1.5916,pending,,2026-06-26T04:17:08+00:00
trackb_rev_YORW_20260618,,,,,,30.6,29.370001,,,,,,-1.5916,pending,,2026-06-26T04:17:08+00:00
trackb_rev_YORW_20260619,,,,,,30.6,29.370001,,,,,,-1.5916,pending,,2026-06-26T04:17:08+00:00
trackb_rev_YORW_20260623,,,,,,30.6,29.629999,,,,,,0.4407,pending,,2026-06-26T04:17:08+00:00
trackb_rev_YORW_20260624,,,,,,30.6,29.93,,,,,,1.4576,pending,,2026-06-26T04:17:08+00:00
trackb_rev_YUM_20260618,,,,,,154.710007,149.509995,,,,,,-3.3393,pending,,2026-06-26T04:18:38+00:00
trackb_rev_YUM_20260619,,,,,,153.5,149.509995,,,,,,-3.3393,pending,,2026-06-26T04:18:38+00:00
trackb_rev_YUM_20260622,,,,,,153.5,149.509995,,,,,,-1.6317,pending,,2026-06-26T04:18:38+00:00
trackb_rev_YUM_20260623,,,,,,153.5,150.770004,,,,,,-0.8027,pending,,2026-06-26T04:18:38+00:00
trackb_rev_YUM_20260625,,,,,,153.110001,150.770004,,,,,,-1.4704,pending,,2026-06-26T04:18:38+00:00
trackb_rev_ZM_20260616,85.470001,,,,,93.629997,82.267998,,,,,,-13.0359,pending,,2026-06-26T04:15:36+00:00
trackb_rev_ZM_20260617,82.879997,,,,,91.599998,82.267998,,,,,,-13.0359,pending,,2026-06-26T04:15:36+00:00
trackb_rev_ZTS_20260616,78.169998,,,,,80.580002,75.639999,,,,,,-5.2012,pending,,2026-06-26T04:18:18+00:00
trackb_rev_ZTS_20260617,77.82,,,,,80.019997,75.639999,,,,,,-5.2012,pending,,2026-06-26T04:18:18+00:00
trackb_rev_ZTS_20260618,,,,,,79.910004,75.639999,,,,,,-2.0968,pending,,2026-06-26T04:18:18+00:00
trackb_rev_ZTS_20260619,,,,,,79.910004,75.639999,,,,,,-2.0968,pending,,2026-06-26T04:18:18+00:00
trackb_rev_ZTS_20260622,,,,,,79.910004,75.639999,,,,,,-2.0968,pending,,2026-06-26T04:18:18+00:00
trackb_rev_ZWS_20260622,,,,,,52.110001,48.25,,,,,,-3.4614,pending,,2026-06-26T04:18:46+00:00
trackb_rev_ZWS_20260623,,,,,,52.110001,48.25,,,,,,-3.4614,pending,,2026-06-26T04:18:46+00:00
