signal_id,spot_at_5d,spot_at_10d,spot_at_20d,spot_at_40d,spot_at_primary_date,max_high_to_primary,max_low_to_primary,hit_primary,hit_range_low,hit_range_high,direction_correct,days_to_primary_hit,max_drawdown_pct,final_status,resolved_date,last_updated
trackb_cont_AAON_20260603,121.120003,,,,,150.460007,118.610001,,,,,,-19.3074,pending,,2026-06-11T13:01:19+00:00
trackb_cont_AAON_20260604,,,,,,145.770004,118.610001,,,,,,-19.3074,pending,,2026-06-11T13:01:19+00:00
trackb_cont_AAON_20260605,,,,,,141.729996,118.610001,,,,,,-19.3074,pending,,2026-06-11T13:01:19+00:00
trackb_cont_AAON_20260608,,,,,,138.660004,118.610001,,,,,,-19.3074,pending,,2026-06-11T13:01:19+00:00
trackb_cont_AAPL_20260603,291.579987,,,,,317.399994,287.380005,,,,,,-7.7432,pending,,2026-06-11T13:00:36+00:00
trackb_cont_AAPL_20260604,,,,,,317.399994,287.380005,,,,,,-7.7432,pending,,2026-06-11T13:00:36+00:00
trackb_cont_AAPL_20260605,,,,,,317.399994,287.380005,,,,,,-7.7432,pending,,2026-06-11T13:00:36+00:00
trackb_cont_AAPL_20260608,,,,,,317.399994,287.380005,,,,,,-7.7432,pending,,2026-06-11T13:00:36+00:00
trackb_cont_AAT_20260603,24.5,,,,,24.809999,23.190001,,,,,,-0.3438,pending,,2026-06-11T13:01:22+00:00
trackb_cont_AAT_20260604,,,,,,24.809999,23.32,,,,,,0.2149,pending,,2026-06-11T13:01:22+00:00
trackb_cont_AAT_20260605,,,,,,24.809999,23.59,,,,,,1.3752,pending,,2026-06-11T13:01:22+00:00
trackb_cont_AAT_20260608,,,,,,24.809999,23.66,,,,,,-0.0,pending,,2026-06-11T13:01:22+00:00
trackb_cont_AAT_20260611,,,,,,,,,,,,,,pending,,2026-06-11T13:01:22+00:00
trackb_cont_ABAT_20260603,3.075,,,,,4.25,3.03,,,,,,-17.8884,pending,,2026-06-11T13:00:59+00:00
trackb_cont_ABAT_20260604,,,,,,4.25,3.03,,,,,,-17.8884,pending,,2026-06-11T13:00:59+00:00
trackb_cont_ABAT_20260605,,,,,,4.25,3.03,,,,,,-17.8884,pending,,2026-06-11T13:00:59+00:00
trackb_cont_ABAT_20260608,,,,,,4.25,3.03,,,,,,-17.8884,pending,,2026-06-11T13:00:59+00:00
trackb_cont_ABBV_20260603,224.949997,,,,,230.470001,213.729996,,,,,,-2.2457,pending,,2026-06-11T13:02:10+00:00
trackb_cont_ABBV_20260604,,,,,,230.470001,219.839996,,,,,,0.5488,pending,,2026-06-11T13:02:10+00:00
trackb_cont_ABBV_20260605,,,,,,230.470001,221.169998,,,,,,1.1572,pending,,2026-06-11T13:02:10+00:00
trackb_cont_ABBV_20260608,,,,,,228.580002,221.169998,,,,,,-2.6669,pending,,2026-06-11T13:02:10+00:00
trackb_cont_ABBV_20260609,,,,,,227.139999,221.720001,,,,,,-0.6052,pending,,2026-06-11T13:02:10+00:00
trackb_cont_ABBV_20260610,,,,,,227.139999,224.119995,,,,,,0.4707,pending,,2026-06-11T13:02:10+00:00
trackb_cont_ABBV_20260611,,,,,,,,,,,,,,pending,,2026-06-11T13:02:10+00:00
trackb_cont_ABM_20260611,,,,,,,,,,,,,,pending,,2026-06-11T13:03:21+00:00
trackb_cont_ACEL_20260609,,,,,,13.25,12.25,,,,,,1.4073,pending,,2026-06-11T13:03:01+00:00
trackb_cont_ACMR_20260603,79.959999,,,,,93.5,74.190002,,,,,,-16.7947,pending,,2026-06-11T13:01:03+00:00
trackb_cont_ACMR_20260604,,,,,,91.559998,74.190002,,,,,,-16.7947,pending,,2026-06-11T13:01:03+00:00
trackb_cont_ACMR_20260605,,,,,,88.990997,74.190002,,,,,,-16.7947,pending,,2026-06-11T13:01:03+00:00
trackb_cont_ACMR_20260608,,,,,,88.990997,74.190002,,,,,,-16.7947,pending,,2026-06-11T13:01:03+00:00
trackb_cont_ACVA_20260603,5.94,,,,,6.2,5.54,,,,,,-6.6554,pending,,2026-06-11T13:02:23+00:00
trackb_cont_ACVA_20260604,,,,,,6.06,5.54,,,,,,-6.6554,pending,,2026-06-11T13:02:23+00:00
trackb_cont_ACVA_20260605,,,,,,5.975,5.54,,,,,,-6.6554,pending,,2026-06-11T13:02:23+00:00
trackb_cont_ACVA_20260608,,,,,,5.975,5.555,,,,,,-6.4027,pending,,2026-06-11T13:02:23+00:00
trackb_cont_ADI_20260603,392.670013,,,,,439.700012,383.320007,,,,,,-11.108,pending,,2026-06-11T13:02:03+00:00
trackb_cont_ADI_20260604,,,,,,432.269989,383.320007,,,,,,-11.108,pending,,2026-06-11T13:02:03+00:00
trackb_cont_ADI_20260605,,,,,,419.640015,383.320007,,,,,,-11.108,pending,,2026-06-11T13:02:03+00:00
trackb_cont_ADI_20260608,,,,,,415.0,383.320007,,,,,,-4.5019,pending,,2026-06-11T13:02:03+00:00
trackb_cont_ADM_20260603,81.279999,,,,,85.370003,79.07,,,,,,-6.7955,pending,,2026-06-11T13:01:36+00:00
trackb_cont_ADM_20260604,,,,,,84.739998,79.07,,,,,,-6.7955,pending,,2026-06-11T13:01:36+00:00
trackb_cont_ADM_20260605,,,,,,83.190002,79.07,,,,,,-6.7955,pending,,2026-06-11T13:01:36+00:00
trackb_cont_ADM_20260608,,,,,,82.690002,79.07,,,,,,-6.7955,pending,,2026-06-11T13:01:36+00:00
trackb_cont_ADP_20260603,231.100006,,,,,237.110001,225.0,,,,,,-0.3234,pending,,2026-06-11T13:01:28+00:00
trackb_cont_ADP_20260604,,,,,,237.110001,225.380005,,,,,,-0.1551,pending,,2026-06-11T13:01:28+00:00
trackb_cont_ADP_20260605,,,,,,234.850006,225.380005,,,,,,-0.1551,pending,,2026-06-11T13:01:28+00:00
trackb_cont_ADP_20260608,,,,,,233.199997,225.380005,,,,,,-0.1551,pending,,2026-06-11T13:01:28+00:00
trackb_cont_ADP_20260609,,,,,,233.199997,225.380005,,,,,,-1.6152,pending,,2026-06-11T13:01:28+00:00
trackb_cont_ADTN_20260603,14.95,,,,,18.299999,14.0,,,,,,-19.1219,pending,,2026-06-11T13:02:29+00:00
trackb_cont_ADTN_20260604,,,,,,17.32,14.0,,,,,,-19.1219,pending,,2026-06-11T13:02:29+00:00
trackb_cont_ADTN_20260605,,,,,,17.059999,14.0,,,,,,-19.1219,pending,,2026-06-11T13:02:29+00:00
trackb_cont_ADTN_20260608,,,,,,17.059999,14.0,,,,,,-19.1219,pending,,2026-06-11T13:02:29+00:00
trackb_cont_AEHR_20260603,93.32,,,,,121.800003,84.620003,,,,,,-26.3726,pending,,2026-06-11T13:00:43+00:00
trackb_cont_AEHR_20260604,,,,,,119.470001,84.620003,,,,,,-26.3726,pending,,2026-06-11T13:00:43+00:00
trackb_cont_AEHR_20260605,,,,,,111.790001,84.620003,,,,,,-26.3726,pending,,2026-06-11T13:00:43+00:00
trackb_cont_AEHR_20260608,,,,,,106.540001,84.620003,,,,,,-26.3726,pending,,2026-06-11T13:00:43+00:00
trackb_cont_AFL_20260610,,,,,,117.650002,115.82,,,,,,0.5033,pending,,2026-06-11T13:03:13+00:00
trackb_cont_AFRM_20260603,62.810001,,,,,70.650002,62.439999,,,,,,-4.8823,pending,,2026-06-11T13:02:25+00:00
trackb_cont_AFRM_20260604,,,,,,69.144997,62.439999,,,,,,-4.8823,pending,,2026-06-11T13:02:25+00:00
trackb_cont_AFRM_20260605,,,,,,68.699997,62.439999,,,,,,-4.8823,pending,,2026-06-11T13:02:25+00:00
trackb_cont_AGL_20260603,101.699997,,,,,109.485001,80.0,,,,,,-5.482,pending,,2026-06-11T13:01:27+00:00
trackb_cont_AGL_20260604,,,,,,109.485001,83.294998,,,,,,-1.5891,pending,,2026-06-11T13:01:27+00:00
trackb_cont_AGL_20260605,,,,,,109.485001,91.168999,,,,,,7.7138,pending,,2026-06-11T13:01:27+00:00
trackb_cont_AGL_20260608,,,,,,109.485001,93.769997,,,,,,10.7869,pending,,2026-06-11T13:01:27+00:00
trackb_cont_AHRT_20260603,6.85,,,,,6.94,6.59,,,,,,-0.153,pending,,2026-06-11T13:02:04+00:00
trackb_cont_AHRT_20260604,,,,,,6.94,6.7,,,,,,1.5136,pending,,2026-06-11T13:02:04+00:00
trackb_cont_AHRT_20260605,,,,,,6.94,6.7,,,,,,1.5136,pending,,2026-06-11T13:02:04+00:00
trackb_cont_AHRT_20260608,,,,,,6.94,6.73,,,,,,1.9682,pending,,2026-06-11T13:02:04+00:00
trackb_cont_AIT_20260610,,,,,,326.410004,313.839996,,,,,,-0.1845,pending,,2026-06-11T13:03:11+00:00
trackb_cont_AIV_20260603,2.89,,,,,4.3,2.89,,,,,,-32.3977,pending,,2026-06-11T13:02:08+00:00
trackb_cont_AIV_20260604,,,,,,3.1,2.89,,,,,,-32.3977,pending,,2026-06-11T13:02:08+00:00
trackb_cont_AIV_20260605,,,,,,3.1,2.89,,,,,,-32.3977,pending,,2026-06-11T13:02:08+00:00
trackb_cont_AIZ_20260609,,,,,,259.929993,248.809998,,,,,,-1.2737,pending,,2026-06-11T13:03:01+00:00
trackb_cont_AIZ_20260610,,,,,,259.929993,252.289993,,,,,,0.1071,pending,,2026-06-11T13:03:01+00:00
trackb_cont_AJG_20260608,,,,,,225.339996,211.5,,,,,,-2.1468,pending,,2026-06-11T13:02:36+00:00
trackb_cont_AJG_20260610,,,,,,225.339996,215.889999,,,,,,1.5857,pending,,2026-06-11T13:02:36+00:00
trackb_cont_AJG_20260611,,,,,,,,,,,,,,pending,,2026-06-11T13:02:36+00:00
trackb_cont_AKAM_20260603,129.970001,,,,,164.800003,129.330002,,,,,,-20.2848,pending,,2026-06-11T13:01:18+00:00
trackb_cont_AKAM_20260604,,,,,,160.880005,129.330002,,,,,,-20.2848,pending,,2026-06-11T13:01:18+00:00
trackb_cont_AKAM_20260605,,,,,,158.050003,129.330002,,,,,,-20.2848,pending,,2026-06-11T13:01:18+00:00
trackb_cont_AKAM_20260608,,,,,,150.360001,129.330002,,,,,,-20.2848,pending,,2026-06-11T13:01:18+00:00
trackb_cont_ALAB_20260603,330.859985,,,,,372.369995,303.0,,,,,,-14.5877,pending,,2026-06-11T13:00:36+00:00
trackb_cont_ALAB_20260604,,,,,,372.140015,303.0,,,,,,-14.5877,pending,,2026-06-11T13:00:36+00:00
trackb_cont_ALAB_20260605,,,,,,372.140015,303.0,,,,,,-14.5877,pending,,2026-06-11T13:00:36+00:00
trackb_cont_ALAB_20260608,,,,,,372.140015,303.0,,,,,,-14.5877,pending,,2026-06-11T13:00:36+00:00
trackb_cont_ALGT_20260603,80.150002,,,,,88.959999,80.010002,,,,,,-5.6041,pending,,2026-06-11T13:02:16+00:00
trackb_cont_ALGT_20260604,,,,,,88.959999,80.010002,,,,,,-5.6041,pending,,2026-06-11T13:02:16+00:00
trackb_cont_ALGT_20260605,,,,,,88.959999,80.010002,,,,,,-5.6041,pending,,2026-06-11T13:02:16+00:00
trackb_cont_ALGT_20260608,,,,,,88.959999,80.010002,,,,,,-5.6041,pending,,2026-06-11T13:02:16+00:00
trackb_cont_ALL_20260610,,,,,,225.270004,217.539993,,,,,,1.172,pending,,2026-06-11T13:03:14+00:00
trackb_cont_ALM_20260603,15.3,,,,,21.24,14.7,,,,,,-28.2752,pending,,2026-06-11T13:02:24+00:00
trackb_cont_ALM_20260604,,,,,,21.24,14.7,,,,,,-28.2752,pending,,2026-06-11T13:02:24+00:00
trackb_cont_ALM_20260605,,,,,,18.0,14.7,,,,,,-28.2752,pending,,2026-06-11T13:02:24+00:00
trackb_cont_ALNT_20260603,85.760002,,,,,91.110001,82.669998,,,,,,-3.1627,pending,,2026-06-11T13:01:02+00:00
trackb_cont_ALNT_20260604,,,,,,91.110001,82.669998,,,,,,-3.1627,pending,,2026-06-11T13:01:02+00:00
trackb_cont_ALNT_20260605,,,,,,90.230003,82.669998,,,,,,-3.1627,pending,,2026-06-11T13:01:02+00:00
trackb_cont_ALNT_20260608,,,,,,90.230003,82.669998,,,,,,-3.1627,pending,,2026-06-11T13:01:02+00:00
trackb_cont_ALNT_20260609,,,,,,90.230003,82.669998,,,,,,-5.1732,pending,,2026-06-11T13:01:02+00:00
trackb_cont_ALOY_20260603,13.91,,,,,14.67,10.38,,,,,,-0.6898,pending,,2026-06-11T13:01:35+00:00
trackb_cont_ALOY_20260604,,,,,,14.67,11.95,,,,,,14.3311,pending,,2026-06-11T13:01:35+00:00
trackb_cont_ALOY_20260605,,,,,,14.67,11.95,,,,,,14.3311,pending,,2026-06-11T13:01:35+00:00
trackb_cont_ALOY_20260608,,,,,,14.67,11.95,,,,,,14.3311,pending,,2026-06-11T13:01:35+00:00
trackb_cont_AMAT_20260603,497.01001,,,,,534.440002,452.910004,,,,,,-9.0542,pending,,2026-06-11T13:00:36+00:00
trackb_cont_AMAT_20260604,,,,,,534.440002,452.910004,,,,,,-9.0542,pending,,2026-06-11T13:00:36+00:00
trackb_cont_AMAT_20260605,,,,,,534.440002,452.910004,,,,,,-9.0542,pending,,2026-06-11T13:00:36+00:00
trackb_cont_AMAT_20260608,,,,,,534.440002,466.51001,,,,,,2.9801,pending,,2026-06-11T13:00:36+00:00
trackb_cont_AMC_20260603,2.08,,,,,2.12,1.72,,,,,,-8.2667,pending,,2026-06-11T13:01:43+00:00
trackb_cont_AMC_20260604,,,,,,2.12,1.72,,,,,,-8.2667,pending,,2026-06-11T13:01:43+00:00
trackb_cont_AMC_20260605,,,,,,2.12,1.72,,,,,,-8.2667,pending,,2026-06-11T13:01:43+00:00
trackb_cont_AMC_20260608,,,,,,2.12,1.79,,,,,,-4.5333,pending,,2026-06-11T13:01:43+00:00
trackb_cont_AMC_20260611,,,,,,,,,,,,,,pending,,2026-06-11T13:01:43+00:00
trackb_cont_AMD_20260603,452.399994,,,,,546.440002,437.230011,,,,,,-17.7211,pending,,2026-06-11T13:00:44+00:00
trackb_cont_AMD_20260604,,,,,,532.190002,437.230011,,,,,,-17.7211,pending,,2026-06-11T13:00:44+00:00
trackb_cont_AMD_20260605,,,,,,505.619995,437.230011,,,,,,-17.7211,pending,,2026-06-11T13:00:44+00:00
trackb_cont_AMD_20260608,,,,,,505.0,437.230011,,,,,,-6.2503,pending,,2026-06-11T13:00:44+00:00
trackb_cont_AMGN_20260610,,,,,,348.589996,337.48999,,,,,,-2.3834,pending,,2026-06-11T13:03:11+00:00
trackb_cont_AMKR_20260603,69.610001,,,,,79.5,64.32,,,,,,-15.4463,pending,,2026-06-11T13:02:19+00:00
trackb_cont_AMKR_20260604,,,,,,76.779999,64.32,,,,,,-15.4463,pending,,2026-06-11T13:02:19+00:00
trackb_cont_AMKR_20260605,,,,,,76.779999,64.32,,,,,,-15.4463,pending,,2026-06-11T13:02:19+00:00
trackb_cont_AMKR_20260608,,,,,,76.779999,65.199997,,,,,,-14.2895,pending,,2026-06-11T13:02:19+00:00
trackb_cont_AMN_20260603,29.379999,,,,,32.52,28.93,,,,,,-1.9322,pending,,2026-06-11T13:01:31+00:00
trackb_cont_AMN_20260604,,,,,,32.52,29.280001,,,,,,-0.7458,pending,,2026-06-11T13:01:31+00:00
trackb_cont_AMN_20260605,,,,,,32.52,29.280001,,,,,,-0.7458,pending,,2026-06-11T13:01:31+00:00
trackb_cont_AMN_20260608,,,,,,32.52,29.280001,,,,,,-0.7458,pending,,2026-06-11T13:01:31+00:00
trackb_cont_AMN_20260610,,,,,,30.690001,29.280001,,,,,,-5.6701,pending,,2026-06-11T13:01:31+00:00
trackb_cont_AMPX_20260603,16.43,,,,,23.4,16.33,,,,,,-26.9024,pending,,2026-06-11T13:01:35+00:00
trackb_cont_AMPX_20260604,,,,,,22.940001,16.33,,,,,,-26.9024,pending,,2026-06-11T13:01:35+00:00
trackb_cont_AMPX_20260605,,,,,,22.000999,16.33,,,,,,-26.9024,pending,,2026-06-11T13:01:35+00:00
trackb_cont_AMPX_20260608,,,,,,20.441,16.33,,,,,,-26.9024,pending,,2026-06-11T13:01:35+00:00
trackb_cont_AMRZ_20260603,50.509998,,,,,54.599998,50.48,,,,,,-6.6136,pending,,2026-06-11T13:01:33+00:00
trackb_cont_AMRZ_20260604,,,,,,54.599998,50.48,,,,,,-6.6136,pending,,2026-06-11T13:01:33+00:00
trackb_cont_AMRZ_20260605,,,,,,54.02,50.48,,,,,,-6.6136,pending,,2026-06-11T13:01:33+00:00
trackb_cont_AMRZ_20260608,,,,,,53.32,50.48,,,,,,-6.6136,pending,,2026-06-11T13:01:33+00:00
trackb_cont_AMR_20260603,194.289993,,,,,220.580002,188.580002,,,,,,-12.3006,pending,,2026-06-11T13:01:13+00:00
trackb_cont_AMR_20260604,,,,,,220.580002,188.580002,,,,,,-12.3006,pending,,2026-06-11T13:01:13+00:00
trackb_cont_AMR_20260605,,,,,,213.964996,188.580002,,,,,,-12.3006,pending,,2026-06-11T13:01:13+00:00
trackb_cont_AMR_20260608,,,,,,208.0,188.580002,,,,,,-6.8189,pending,,2026-06-11T13:01:13+00:00
trackb_cont_AMT_20260603,192.5,,,,,196.080002,181.470001,,,,,,-2.6083,pending,,2026-06-11T13:01:38+00:00
trackb_cont_AMT_20260604,,,,,,196.080002,185.050003,,,,,,-0.687,pending,,2026-06-11T13:01:38+00:00
trackb_cont_AMT_20260605,,,,,,196.080002,188.589996,,,,,,1.2129,pending,,2026-06-11T13:01:38+00:00
trackb_cont_AMT_20260608,,,,,,193.929993,188.589996,,,,,,-2.8488,pending,,2026-06-11T13:01:38+00:00
trackb_cont_AMT_20260610,,,,,,192.940002,188.589996,,,,,,-0.2697,pending,,2026-06-11T13:01:38+00:00
trackb_cont_ANET_20260603,151.759995,,,,,177.479996,145.320007,,,,,,-16.9315,pending,,2026-06-11T13:00:59+00:00
trackb_cont_ANET_20260604,,,,,,167.789993,145.320007,,,,,,-16.9315,pending,,2026-06-11T13:00:59+00:00
trackb_cont_ANET_20260605,,,,,,161.192993,145.320007,,,,,,-16.9315,pending,,2026-06-11T13:00:59+00:00
trackb_cont_ANET_20260608,,,,,,159.229996,145.320007,,,,,,-16.9315,pending,,2026-06-11T13:00:59+00:00
trackb_cont_APH_20260603,149.220001,,,,,159.800003,138.199997,,,,,,-7.5462,pending,,2026-06-11T13:01:21+00:00
trackb_cont_APH_20260604,,,,,,159.800003,138.199997,,,,,,-7.5462,pending,,2026-06-11T13:01:21+00:00
trackb_cont_APH_20260605,,,,,,159.800003,138.199997,,,,,,-7.5462,pending,,2026-06-11T13:01:21+00:00
trackb_cont_APH_20260608,,,,,,159.800003,141.860001,,,,,,2.1972,pending,,2026-06-11T13:01:21+00:00
trackb_cont_APH_20260611,,,,,,,,,,,,,,pending,,2026-06-11T13:01:21+00:00
trackb_cont_APLD_20260603,38.919998,,,,,48.66,37.689999,,,,,,-18.2607,pending,,2026-06-11T13:01:55+00:00
trackb_cont_APLD_20260604,,,,,,46.870998,37.689999,,,,,,-18.2607,pending,,2026-06-11T13:01:55+00:00
trackb_cont_APLD_20260605,,,,,,46.870998,37.689999,,,,,,-18.2607,pending,,2026-06-11T13:01:55+00:00
trackb_cont_APLD_20260608,,,,,,46.870998,38.34,,,,,,-16.851,pending,,2026-06-11T13:01:55+00:00
trackb_cont_APLE_20260603,15.86,,,,,16.040001,14.825,,,,,,-1.9186,pending,,2026-06-11T13:01:10+00:00
trackb_cont_APLE_20260604,,,,,,16.040001,15.25,,,,,,0.8932,pending,,2026-06-11T13:01:10+00:00
trackb_cont_APLE_20260605,,,,,,16.040001,15.49,,,,,,2.481,pending,,2026-06-11T13:01:10+00:00
trackb_cont_APLE_20260608,,,,,,16.040001,15.57,,,,,,-0.4476,pending,,2026-06-11T13:01:10+00:00
trackb_cont_APLE_20260609,,,,,,16.040001,15.66,,,,,,0.449,pending,,2026-06-11T13:01:10+00:00
trackb_cont_APP_20260603,492.980011,,,,,599.642029,492.630005,,,,,,-14.0509,pending,,2026-06-11T13:01:19+00:00
trackb_cont_APP_20260604,,,,,,595.0,492.630005,,,,,,-14.0509,pending,,2026-06-11T13:01:19+00:00
trackb_cont_APP_20260605,,,,,,595.0,492.630005,,,,,,-14.0509,pending,,2026-06-11T13:01:19+00:00
trackb_cont_AP_20260603,10.12,,,,,11.79,9.51,,,,,,-18.299,pending,,2026-06-11T13:01:48+00:00
trackb_cont_AP_20260604,,,,,,11.71,9.51,,,,,,-18.299,pending,,2026-06-11T13:01:48+00:00
trackb_cont_AP_20260605,,,,,,11.14,9.51,,,,,,-18.299,pending,,2026-06-11T13:01:48+00:00
trackb_cont_AP_20260608,,,,,,11.14,9.51,,,,,,-18.299,pending,,2026-06-11T13:01:48+00:00
trackb_cont_ARCB_20260603,165.160004,,,,,173.589996,138.990005,,,,,,-1.2575,pending,,2026-06-11T13:00:42+00:00
trackb_cont_ARCB_20260604,,,,,,173.589996,141.970001,,,,,,0.8596,pending,,2026-06-11T13:00:42+00:00
trackb_cont_ARCB_20260605,,,,,,173.589996,149.990005,,,,,,6.5573,pending,,2026-06-11T13:00:42+00:00
trackb_cont_ARCB_20260608,,,,,,173.589996,156.029999,,,,,,0.6061,pending,,2026-06-11T13:00:42+00:00
trackb_cont_ARCB_20260609,,,,,,173.589996,156.029999,,,,,,-6.1304,pending,,2026-06-11T13:00:42+00:00
trackb_cont_ARCB_20260610,,,,,,169.639999,156.029999,,,,,,-6.1304,pending,,2026-06-11T13:00:42+00:00
trackb_cont_ARCB_20260611,,,,,,,,,,,,,,pending,,2026-06-11T13:00:42+00:00
trackb_cont_AREC_20260603,2.06,,,,,2.75,2.01,,,,,,-21.3307,pending,,2026-06-11T13:01:18+00:00
trackb_cont_AREC_20260604,,,,,,2.51,2.01,,,,,,-21.3307,pending,,2026-06-11T13:01:18+00:00
trackb_cont_AREC_20260605,,,,,,2.32,2.01,,,,,,-21.3307,pending,,2026-06-11T13:01:18+00:00
trackb_cont_ARES_20260603,128.309998,,,,,133.389999,120.0,,,,,,-1.5587,pending,,2026-06-11T13:02:21+00:00
trackb_cont_ARES_20260604,,,,,,133.389999,124.230003,,,,,,1.9114,pending,,2026-06-11T13:02:21+00:00
trackb_cont_ARES_20260605,,,,,,133.389999,124.230003,,,,,,1.9114,pending,,2026-06-11T13:02:21+00:00
trackb_cont_ARES_20260608,,,,,,133.389999,125.209999,,,,,,2.7153,pending,,2026-06-11T13:02:21+00:00
trackb_cont_ARES_20260611,,,,,,,,,,,,,,pending,,2026-06-11T13:02:21+00:00
trackb_cont_ARE_20260603,52.310001,,,,,55.139999,50.189999,,,,,,-4.0161,pending,,2026-06-11T13:01:02+00:00
trackb_cont_ARE_20260604,,,,,,55.139999,50.189999,,,,,,-4.0161,pending,,2026-06-11T13:01:02+00:00
trackb_cont_ARE_20260605,,,,,,55.139999,50.189999,,,,,,-4.0161,pending,,2026-06-11T13:01:02+00:00
trackb_cont_ARE_20260608,,,,,,55.139999,50.189999,,,,,,-4.0161,pending,,2026-06-11T13:01:02+00:00
trackb_cont_ARE_20260610,,,,,,53.57,52.16,,,,,,3.7803,pending,,2026-06-11T13:01:02+00:00
trackb_cont_ARI_20260603,10.89,,,,,11.06,10.81,,,,,,-1.0979,pending,,2026-06-11T13:02:23+00:00
trackb_cont_ARI_20260604,,,,,,11.06,10.81,,,,,,-1.0979,pending,,2026-06-11T13:02:23+00:00
trackb_cont_ARI_20260605,,,,,,11.06,10.81,,,,,,-1.0979,pending,,2026-06-11T13:02:23+00:00
trackb_cont_ARI_20260608,,,,,,11.06,10.81,,,,,,-1.0979,pending,,2026-06-11T13:02:23+00:00
trackb_cont_ARI_20260609,,,,,,11.04,10.87,,,,,,0.3693,pending,,2026-06-11T13:02:23+00:00
trackb_cont_ARI_20260610,,,,,,11.04,10.88,,,,,,0.4617,pending,,2026-06-11T13:02:23+00:00
trackb_cont_ARMK_20260603,53.299999,,,,,54.360001,52.790001,,,,,,-1.5112,pending,,2026-06-11T13:00:48+00:00
trackb_cont_ARMK_20260604,,,,,,54.360001,52.790001,,,,,,-1.5112,pending,,2026-06-11T13:00:48+00:00
trackb_cont_ARMK_20260605,,,,,,54.360001,52.790001,,,,,,-1.5112,pending,,2026-06-11T13:00:48+00:00
trackb_cont_ARMK_20260608,,,,,,54.360001,52.790001,,,,,,-1.5112,pending,,2026-06-11T13:00:48+00:00
trackb_cont_ARMK_20260610,,,,,,54.119999,53.220001,,,,,,0.7573,pending,,2026-06-11T13:00:48+00:00
trackb_cont_ARQ_20260603,2.67,,,,,2.8,2.56,,,,,,-3.5782,pending,,2026-06-11T13:02:03+00:00
trackb_cont_ARQ_20260604,,,,,,2.8,2.56,,,,,,-3.5782,pending,,2026-06-11T13:02:03+00:00
trackb_cont_ARQ_20260605,,,,,,2.8,2.58,,,,,,-2.8249,pending,,2026-06-11T13:02:03+00:00
trackb_cont_ARRY_20260603,6.835,,,,,9.545,6.8,,,,,,-23.4665,pending,,2026-06-11T13:01:44+00:00
trackb_cont_ARRY_20260604,,,,,,9.545,6.8,,,,,,-23.4665,pending,,2026-06-11T13:01:44+00:00
trackb_cont_ARRY_20260605,,,,,,9.09,6.8,,,,,,-23.4665,pending,,2026-06-11T13:01:44+00:00
trackb_cont_ARRY_20260608,,,,,,8.53,6.8,,,,,,-23.4665,pending,,2026-06-11T13:01:44+00:00
trackb_cont_ARR_20260603,16.83,,,,,17.290001,16.65,,,,,,-2.5176,pending,,2026-06-11T13:01:52+00:00
trackb_cont_ARR_20260604,,,,,,17.290001,16.65,,,,,,-2.5176,pending,,2026-06-11T13:01:52+00:00
trackb_cont_ARR_20260605,,,,,,17.23,16.65,,,,,,-2.5176,pending,,2026-06-11T13:01:52+00:00
trackb_cont_ARR_20260608,,,,,,17.200001,16.65,,,,,,-2.5176,pending,,2026-06-11T13:01:52+00:00
trackb_cont_ARW_20260603,215.490005,,,,,233.300003,210.089996,,,,,,-8.9731,pending,,2026-06-11T13:01:08+00:00
trackb_cont_ARW_20260604,,,,,,230.929993,210.089996,,,,,,-8.9731,pending,,2026-06-11T13:01:08+00:00
trackb_cont_ARW_20260605,,,,,,225.330002,210.089996,,,,,,-8.9731,pending,,2026-06-11T13:01:08+00:00
trackb_cont_ARW_20260608,,,,,,225.0,210.089996,,,,,,-8.9731,pending,,2026-06-11T13:01:08+00:00
trackb_cont_ASH_20260603,64.870003,,,,,67.199997,54.98,,,,,,-3.8559,pending,,2026-06-11T13:01:39+00:00
trackb_cont_ASH_20260604,,,,,,67.199997,54.98,,,,,,-3.8559,pending,,2026-06-11T13:01:39+00:00
trackb_cont_ASH_20260605,,,,,,67.199997,54.98,,,,,,-3.8559,pending,,2026-06-11T13:01:39+00:00
trackb_cont_ASH_20260608,,,,,,67.199997,54.98,,,,,,-3.8559,pending,,2026-06-11T13:01:39+00:00
trackb_cont_ASPI_20260603,5.85,,,,,8.18,5.815,,,,,,-24.863,pending,,2026-06-11T13:01:04+00:00
trackb_cont_ASPI_20260604,,,,,,8.13,5.815,,,,,,-24.863,pending,,2026-06-11T13:01:04+00:00
trackb_cont_ASPI_20260605,,,,,,7.39,5.815,,,,,,-24.863,pending,,2026-06-11T13:01:04+00:00
trackb_cont_ASPI_20260608,,,,,,7.28,5.815,,,,,,-13.3383,pending,,2026-06-11T13:01:04+00:00
trackb_cont_ASPN_20260603,5.44,,,,,6.29,5.16,,,,,,-12.1702,pending,,2026-06-11T13:01:48+00:00
trackb_cont_ASPN_20260604,,,,,,6.24,5.16,,,,,,-12.1702,pending,,2026-06-11T13:01:48+00:00
trackb_cont_ASPN_20260605,,,,,,6.17,5.16,,,,,,-12.1702,pending,,2026-06-11T13:01:48+00:00
trackb_cont_ASPN_20260608,,,,,,5.85,5.16,,,,,,-8.5106,pending,,2026-06-11T13:01:48+00:00
trackb_cont_ASTI_20260603,6.99,,,,,9.4,6.245,,,,,,-20.9494,pending,,2026-06-11T13:01:45+00:00
trackb_cont_ASTI_20260604,,,,,,8.65,6.245,,,,,,-20.9494,pending,,2026-06-11T13:01:45+00:00
trackb_cont_ASTI_20260605,,,,,,7.88,6.245,,,,,,-20.9494,pending,,2026-06-11T13:01:45+00:00
trackb_cont_ASTS_20260603,87.32,,,,,114.339996,85.5,,,,,,-21.5236,pending,,2026-06-11T13:02:08+00:00
trackb_cont_ASTS_20260604,,,,,,111.57,85.5,,,,,,-21.5236,pending,,2026-06-11T13:02:08+00:00
trackb_cont_ASTS_20260605,,,,,,104.489998,85.5,,,,,,-21.5236,pending,,2026-06-11T13:02:08+00:00
trackb_cont_ASTS_20260608,,,,,,100.940002,85.5,,,,,,-21.5236,pending,,2026-06-11T13:02:08+00:00
trackb_cont_ATEX_20260603,64.779999,,,,,71.793999,61.505001,,,,,,-6.1351,pending,,2026-06-11T13:00:42+00:00
trackb_cont_ATEX_20260604,,,,,,71.793999,61.505001,,,,,,-6.1351,pending,,2026-06-11T13:00:42+00:00
trackb_cont_ATEX_20260605,,,,,,71.793999,61.505001,,,,,,-6.1351,pending,,2026-06-11T13:00:42+00:00
trackb_cont_ATEX_20260608,,,,,,71.793999,61.505001,,,,,,-7.7056,pending,,2026-06-11T13:00:42+00:00
trackb_cont_ATEX_20260609,,,,,,68.519997,61.505001,,,,,,-7.1482,pending,,2026-06-11T13:00:42+00:00
trackb_cont_ATI_20260603,183.369995,,,,,190.330002,174.949997,,,,,,-2.1396,pending,,2026-06-11T13:01:34+00:00
trackb_cont_ATI_20260604,,,,,,190.330002,175.660004,,,,,,-1.7424,pending,,2026-06-11T13:01:34+00:00
trackb_cont_ATI_20260605,,,,,,190.330002,175.660004,,,,,,-1.7424,pending,,2026-06-11T13:01:34+00:00
trackb_cont_ATI_20260608,,,,,,190.330002,176.539993,,,,,,-1.2502,pending,,2026-06-11T13:01:34+00:00
trackb_cont_ATI_20260609,,,,,,190.330002,177.339996,,,,,,-1.5543,pending,,2026-06-11T13:01:34+00:00
trackb_cont_ATI_20260611,,,,,,,,,,,,,,pending,,2026-06-11T13:01:34+00:00
trackb_cont_ATKR_20260608,,,,,,83.065002,76.120003,,,,,,-5.57,pending,,2026-06-11T13:02:52+00:00
trackb_cont_AVAV_20260603,172.929993,,,,,205.550003,169.0,,,,,,-12.0799,pending,,2026-06-11T13:02:07+00:00
trackb_cont_AVAV_20260604,,,,,,205.550003,169.0,,,,,,-12.0799,pending,,2026-06-11T13:02:07+00:00
trackb_cont_AVAV_20260605,,,,,,200.869995,169.0,,,,,,-12.0799,pending,,2026-06-11T13:02:07+00:00
trackb_cont_AVAV_20260608,,,,,,190.220001,169.0,,,,,,-12.0799,pending,,2026-06-11T13:02:07+00:00
trackb_cont_AVB_20260608,,,,,,190.389999,185.429993,,,,,,-2.2612,pending,,2026-06-11T13:02:46+00:00
trackb_cont_AVB_20260609,,,,,,188.970001,185.429993,,,,,,-1.162,pending,,2026-06-11T13:02:46+00:00
trackb_cont_AVD_20260611,,,,,,,,,,,,,,pending,,2026-06-11T13:03:27+00:00
trackb_cont_AVGO_20260603,372.100006,,,,,495.0,370.329987,,,,,,-23.6716,pending,,2026-06-11T13:01:17+00:00
trackb_cont_AVGO_20260604,,,,,,426.480011,370.329987,,,,,,-23.6716,pending,,2026-06-11T13:01:17+00:00
trackb_cont_AVGO_20260605,,,,,,410.5,370.329987,,,,,,-23.6716,pending,,2026-06-11T13:01:17+00:00
trackb_cont_AVGO_20260608,,,,,,407.869995,370.329987,,,,,,-23.6716,pending,,2026-06-11T13:01:17+00:00
trackb_cont_AVTR_20260603,9.65,,,,,10.06,8.825,,,,,,-0.5073,pending,,2026-06-11T13:02:00+00:00
trackb_cont_AVTR_20260604,,,,,,10.06,9.04,,,,,,1.9166,pending,,2026-06-11T13:02:00+00:00
trackb_cont_AVTR_20260605,,,,,,10.06,9.04,,,,,,1.9166,pending,,2026-06-11T13:02:00+00:00
trackb_cont_AVTR_20260608,,,,,,10.06,9.2,,,,,,3.7204,pending,,2026-06-11T13:02:00+00:00
trackb_cont_AVTR_20260610,,,,,,10.06,9.61,,,,,,-0.8256,pending,,2026-06-11T13:02:00+00:00
trackb_cont_AVT_20260603,85.389999,,,,,94.099998,82.760002,,,,,,-11.2588,pending,,2026-06-11T13:01:43+00:00
trackb_cont_AVT_20260604,,,,,,91.959999,82.760002,,,,,,-11.2588,pending,,2026-06-11T13:01:43+00:00
trackb_cont_AVT_20260605,,,,,,88.970001,82.760002,,,,,,-11.2588,pending,,2026-06-11T13:01:43+00:00
trackb_cont_AVT_20260608,,,,,,88.940002,82.760002,,,,,,-11.2588,pending,,2026-06-11T13:01:43+00:00
trackb_cont_AWR_20260603,78.519997,,,,,81.019997,76.220001,,,,,,-1.2822,pending,,2026-06-11T13:01:58+00:00
trackb_cont_AWR_20260604,,,,,,81.019997,76.400002,,,,,,-1.0491,pending,,2026-06-11T13:01:58+00:00
trackb_cont_AWR_20260605,,,,,,81.019997,76.400002,,,,,,-1.0491,pending,,2026-06-11T13:01:58+00:00
trackb_cont_AWR_20260608,,,,,,81.019997,76.830002,,,,,,-1.965,pending,,2026-06-11T13:01:58+00:00
trackb_cont_AWR_20260609,,,,,,81.019997,77.050003,,,,,,0.2081,pending,,2026-06-11T13:01:58+00:00
trackb_cont_AXON_20260603,447.589996,,,,,515.799988,436.359985,,,,,,-8.9152,pending,,2026-06-11T13:00:43+00:00
trackb_cont_AXON_20260604,,,,,,515.799988,436.359985,,,,,,-8.9152,pending,,2026-06-11T13:00:43+00:00
trackb_cont_AXON_20260605,,,,,,514.98999,436.359985,,,,,,-8.9152,pending,,2026-06-11T13:00:43+00:00
trackb_cont_AXON_20260608,,,,,,492.589996,436.359985,,,,,,-8.9152,pending,,2026-06-11T13:00:43+00:00
trackb_cont_AXON_20260610,,,,,,462.98999,437.980011,,,,,,-7.0225,pending,,2026-06-11T13:00:43+00:00
trackb_cont_AXTA_20260603,32.099998,,,,,33.439999,30.57,,,,,,-2.2073,pending,,2026-06-11T13:02:18+00:00
trackb_cont_AXTA_20260604,,,,,,33.439999,31.615,,,,,,1.1356,pending,,2026-06-11T13:02:18+00:00
trackb_cont_AXTA_20260605,,,,,,33.439999,31.84,,,,,,1.8554,pending,,2026-06-11T13:02:18+00:00
trackb_cont_AXTA_20260608,,,,,,33.439999,31.84,,,,,,1.8554,pending,,2026-06-11T13:02:18+00:00
trackb_cont_AXTA_20260611,,,,,,,,,,,,,,pending,,2026-06-11T13:02:18+00:00
trackb_cont_AYI_20260603,280.390015,,,,,313.769989,279.730011,,,,,,-10.0199,pending,,2026-06-11T13:01:07+00:00
trackb_cont_AYI_20260604,,,,,,312.25,279.730011,,,,,,-10.0199,pending,,2026-06-11T13:01:07+00:00
trackb_cont_AYI_20260605,,,,,,308.190002,279.730011,,,,,,-10.0199,pending,,2026-06-11T13:01:07+00:00
trackb_cont_AYI_20260608,,,,,,304.799988,279.730011,,,,,,-7.3864,pending,,2026-06-11T13:01:07+00:00
trackb_cont_AZTA_20260603,22.379999,,,,,24.360001,22.139999,,,,,,-7.5381,pending,,2026-06-11T13:02:02+00:00
trackb_cont_AZTA_20260604,,,,,,24.209999,22.139999,,,,,,-7.5381,pending,,2026-06-11T13:02:02+00:00
trackb_cont_AZTA_20260605,,,,,,23.41,22.139999,,,,,,-7.5381,pending,,2026-06-11T13:02:02+00:00
trackb_cont_AZTA_20260608,,,,,,23.41,22.219999,,,,,,-2.0714,pending,,2026-06-11T13:02:02+00:00
trackb_cont_AZTA_20260609,,,,,,23.41,22.219999,,,,,,-2.1576,pending,,2026-06-11T13:02:02+00:00
trackb_cont_AZTA_20260610,,,,,,23.219999,22.360001,,,,,,-1.5412,pending,,2026-06-11T13:02:02+00:00
trackb_cont_AZTA_20260611,,,,,,,,,,,,,,pending,,2026-06-11T13:02:02+00:00
trackb_cont_A_20260603,131.619995,,,,,141.089996,131.570007,,,,,,-5.1372,pending,,2026-06-11T13:01:37+00:00
trackb_cont_A_20260604,,,,,,141.089996,131.570007,,,,,,-5.1372,pending,,2026-06-11T13:01:37+00:00
trackb_cont_A_20260605,,,,,,139.0,131.570007,,,,,,-5.1372,pending,,2026-06-11T13:01:37+00:00
trackb_cont_A_20260608,,,,,,137.639999,131.570007,,,,,,-5.1372,pending,,2026-06-11T13:01:37+00:00
trackb_cont_BAC_20260611,,,,,,,,,,,,,,pending,,2026-06-11T13:03:19+00:00
trackb_cont_BAH_20260603,77.290001,,,,,81.940002,77.160004,,,,,,-1.4056,pending,,2026-06-11T13:02:21+00:00
trackb_cont_BAH_20260604,,,,,,81.940002,77.160004,,,,,,-1.4056,pending,,2026-06-11T13:02:21+00:00
trackb_cont_BAH_20260605,,,,,,80.959999,77.160004,,,,,,-1.4056,pending,,2026-06-11T13:02:21+00:00
trackb_cont_BAH_20260608,,,,,,80.349998,77.160004,,,,,,-1.4056,pending,,2026-06-11T13:02:21+00:00
trackb_cont_BAX_20260609,,,,,,20.98,19.360001,,,,,,0.6237,pending,,2026-06-11T13:03:02+00:00
trackb_cont_BAX_20260611,,,,,,,,,,,,,,pending,,2026-06-11T13:03:02+00:00
trackb_cont_BBAI_20260603,4.02,,,,,5.0,3.83,,,,,,-19.9197,pending,,2026-06-11T13:02:02+00:00
trackb_cont_BBAI_20260604,,,,,,4.98,3.83,,,,,,-19.9197,pending,,2026-06-11T13:02:02+00:00
trackb_cont_BBAI_20260605,,,,,,4.67,3.83,,,,,,-19.9197,pending,,2026-06-11T13:02:02+00:00
trackb_cont_BBAI_20260608,,,,,,4.49,3.83,,,,,,-19.9197,pending,,2026-06-11T13:02:02+00:00
trackb_cont_BBBY_20260603,5.55,,,,,6.47,5.37,,,,,,-10.8714,pending,,2026-06-11T13:01:26+00:00
trackb_cont_BBBY_20260604,,,,,,6.47,5.37,,,,,,-10.8714,pending,,2026-06-11T13:01:26+00:00
trackb_cont_BBBY_20260605,,,,,,6.15,5.37,,,,,,-10.8714,pending,,2026-06-11T13:01:26+00:00
trackb_cont_BBBY_20260608,,,,,,5.96,5.37,,,,,,-10.8714,pending,,2026-06-11T13:01:26+00:00
trackb_cont_BBGI_20260603,23.059999,,,,,24.5,18.26,,,,,,-4.1973,pending,,2026-06-11T13:01:53+00:00
trackb_cont_BBGI_20260604,,,,,,24.5,18.790001,,,,,,-1.4166,pending,,2026-06-11T13:01:53+00:00
trackb_cont_BBGI_20260605,,,,,,24.5,19.700001,,,,,,3.3578,pending,,2026-06-11T13:01:53+00:00
trackb_cont_BBGI_20260608,,,,,,24.5,20.360001,,,,,,6.8206,pending,,2026-06-11T13:01:53+00:00
trackb_cont_BBGI_20260610,,,,,,24.5,21.59,,,,,,2.4194,pending,,2026-06-11T13:01:53+00:00
trackb_cont_BBSI_20260603,34.34,,,,,35.130001,32.02,,,,,,-1.0965,pending,,2026-06-11T13:01:31+00:00
trackb_cont_BBSI_20260604,,,,,,35.130001,32.330002,,,,,,-0.139,pending,,2026-06-11T13:01:31+00:00
trackb_cont_BBSI_20260605,,,,,,34.939999,32.389999,,,,,,0.0463,pending,,2026-06-11T13:01:31+00:00
trackb_cont_BBY_20260603,75.639999,,,,,76.559998,69.709999,,,,,,-2.1202,pending,,2026-06-11T13:02:11+00:00
trackb_cont_BBY_20260604,,,,,,76.559998,69.709999,,,,,,-2.1202,pending,,2026-06-11T13:02:11+00:00
trackb_cont_BBY_20260605,,,,,,76.559998,69.709999,,,,,,-2.1202,pending,,2026-06-11T13:02:11+00:00
trackb_cont_BBY_20260609,,,,,,76.559998,74.279999,,,,,,0.1483,pending,,2026-06-11T13:02:11+00:00
trackb_cont_BBY_20260611,,,,,,,,,,,,,,pending,,2026-06-11T13:02:11+00:00
trackb_cont_BCAR_20260603,10.57,,,,,11.17,10.48,,,,,,-4.684,pending,,2026-06-11T13:01:32+00:00
trackb_cont_BCAR_20260604,,,,,,11.07,10.48,,,,,,-4.684,pending,,2026-06-11T13:01:32+00:00
trackb_cont_BCAR_20260605,,,,,,10.93,10.48,,,,,,-4.684,pending,,2026-06-11T13:01:32+00:00
trackb_cont_BCHT_20260603,1.93,,,,,2.28,1.86,,,,,,-8.4736,pending,,2026-06-11T13:02:24+00:00
trackb_cont_BCHT_20260604,,,,,,2.22,1.86,,,,,,-8.4736,pending,,2026-06-11T13:02:24+00:00
trackb_cont_BCHT_20260605,,,,,,2.22,1.86,,,,,,-8.4736,pending,,2026-06-11T13:02:24+00:00
trackb_cont_BCHT_20260608,,,,,,2.22,1.86,,,,,,-8.4736,pending,,2026-06-11T13:02:24+00:00
trackb_cont_BC_20260611,,,,,,,,,,,,,,pending,,2026-06-11T13:03:26+00:00
trackb_cont_BDN_20260603,3.21,,,,,3.31,3.05,,,,,,-0.1637,pending,,2026-06-11T13:01:40+00:00
trackb_cont_BDN_20260604,,,,,,3.31,3.05,,,,,,-0.1637,pending,,2026-06-11T13:01:40+00:00
trackb_cont_BDN_20260605,,,,,,3.31,3.11,,,,,,1.8003,pending,,2026-06-11T13:01:40+00:00
trackb_cont_BDN_20260608,,,,,,3.31,3.18,,,,,,0.3155,pending,,2026-06-11T13:01:40+00:00
trackb_cont_BDN_20260610,,,,,,3.31,3.2,,,,,,0.0,pending,,2026-06-11T13:01:40+00:00
trackb_cont_BEN_20260608,,,,,,31.93,31.120001,,,,,,-0.6703,pending,,2026-06-11T13:02:50+00:00
trackb_cont_BEPC_20260603,37.490002,,,,,40.540001,37.279999,,,,,,-7.5395,pending,,2026-06-11T13:01:50+00:00
trackb_cont_BEPC_20260604,,,,,,39.52,37.279999,,,,,,-7.5395,pending,,2026-06-11T13:01:50+00:00
trackb_cont_BEPC_20260605,,,,,,39.380001,37.279999,,,,,,-7.5395,pending,,2026-06-11T13:01:50+00:00
trackb_cont_BEPC_20260608,,,,,,39.380001,37.279999,,,,,,-7.5395,pending,,2026-06-11T13:01:50+00:00
trackb_cont_BESS_20260611,,,,,,,,,,,,,,pending,,2026-06-11T13:03:27+00:00
trackb_cont_BE_20260603,234.229996,,,,,298.5,230.604996,,,,,,-20.3973,pending,,2026-06-11T13:02:14+00:00
trackb_cont_BE_20260604,,,,,,295.690002,230.604996,,,,,,-20.3973,pending,,2026-06-11T13:02:14+00:00
trackb_cont_BE_20260605,,,,,,280.73999,230.604996,,,,,,-20.3973,pending,,2026-06-11T13:02:14+00:00
trackb_cont_BFH_20260603,96.449997,,,,,98.599998,87.449997,,,,,,-1.9729,pending,,2026-06-11T13:01:34+00:00
trackb_cont_BFH_20260604,,,,,,98.599998,88.790001,,,,,,-0.4708,pending,,2026-06-11T13:01:34+00:00
trackb_cont_BFH_20260605,,,,,,98.599998,90.080002,,,,,,0.9752,pending,,2026-06-11T13:01:34+00:00
trackb_cont_BFH_20260608,,,,,,98.599998,90.919998,,,,,,1.9168,pending,,2026-06-11T13:01:34+00:00
trackb_cont_BFH_20260609,,,,,,98.599998,91.540001,,,,,,0.1313,pending,,2026-06-11T13:01:34+00:00
trackb_cont_BFH_20260611,,,,,,,,,,,,,,pending,,2026-06-11T13:01:34+00:00
trackb_cont_BG_20260603,128.210007,,,,,134.869995,123.470001,,,,,,-7.8445,pending,,2026-06-11T13:02:20+00:00
trackb_cont_BG_20260604,,,,,,132.910004,123.470001,,,,,,-7.8445,pending,,2026-06-11T13:02:20+00:00
trackb_cont_BG_20260605,,,,,,130.149994,123.470001,,,,,,-7.8445,pending,,2026-06-11T13:02:20+00:00
trackb_cont_BG_20260608,,,,,,130.149994,123.470001,,,,,,-7.8445,pending,,2026-06-11T13:02:20+00:00
trackb_cont_BHE_20260603,82.860001,,,,,89.279999,81.540001,,,,,,-7.6871,pending,,2026-06-11T13:01:32+00:00
trackb_cont_BHE_20260604,,,,,,89.0,81.540001,,,,,,-7.6871,pending,,2026-06-11T13:01:32+00:00
trackb_cont_BHE_20260605,,,,,,88.849998,81.540001,,,,,,-7.6871,pending,,2026-06-11T13:01:32+00:00
trackb_cont_BHE_20260608,,,,,,88.849998,81.540001,,,,,,-2.836,pending,,2026-06-11T13:01:32+00:00
trackb_cont_BHF_20260610,,,,,,63.41,62.82,,,,,,0.4477,pending,,2026-06-11T13:03:13+00:00
trackb_cont_BIO_20260603,291.01001,,,,,312.269989,290.209991,,,,,,-4.4387,pending,,2026-06-11T13:01:47+00:00
trackb_cont_BIO_20260604,,,,,,312.269989,290.209991,,,,,,-4.4387,pending,,2026-06-11T13:01:47+00:00
trackb_cont_BIO_20260605,,,,,,307.350006,290.209991,,,,,,-4.4387,pending,,2026-06-11T13:01:47+00:00
trackb_cont_BIO_20260608,,,,,,298.579987,290.209991,,,,,,-1.3964,pending,,2026-06-11T13:01:47+00:00
trackb_cont_BIPC_20260603,41.310001,,,,,41.924999,40.470001,,,,,,-1.2445,pending,,2026-06-11T13:01:55+00:00
trackb_cont_BIPC_20260604,,,,,,41.924999,40.470001,,,,,,-1.2445,pending,,2026-06-11T13:01:55+00:00
trackb_cont_BIPC_20260605,,,,,,41.924999,40.470001,,,,,,-1.2445,pending,,2026-06-11T13:01:55+00:00
trackb_cont_BIPC_20260608,,,,,,41.924999,40.470001,,,,,,-1.2445,pending,,2026-06-11T13:01:55+00:00
trackb_cont_BMRN_20260608,,,,,,58.259998,55.990002,,,,,,-1.374,pending,,2026-06-11T13:02:48+00:00
trackb_cont_BMRN_20260610,,,,,,58.259998,55.990002,,,,,,-0.9903,pending,,2026-06-11T13:02:48+00:00
trackb_cont_BMRN_20260611,,,,,,,,,,,,,,pending,,2026-06-11T13:02:48+00:00
trackb_cont_BNL_20260611,,,,,,,,,,,,,,pending,,2026-06-11T13:03:24+00:00
trackb_cont_BNY_20260603,139.75,,,,,144.979996,138.559998,,,,,,-0.9649,pending,,2026-06-11T13:01:57+00:00
trackb_cont_BNY_20260604,,,,,,144.979996,139.679993,,,,,,-0.1644,pending,,2026-06-11T13:01:57+00:00
trackb_cont_BNY_20260605,,,,,,144.839996,139.679993,,,,,,-0.1644,pending,,2026-06-11T13:01:57+00:00
trackb_cont_BNY_20260608,,,,,,144.039993,139.679993,,,,,,-0.1644,pending,,2026-06-11T13:01:57+00:00
trackb_cont_BNY_20260610,,,,,,144.0,139.679993,,,,,,-1.4812,pending,,2026-06-11T13:01:57+00:00
trackb_cont_BNY_20260611,,,,,,,,,,,,,,pending,,2026-06-11T13:01:57+00:00
trackb_cont_BOC_20260603,13.68,,,,,13.86,13.06,,,,,,-1.5825,pending,,2026-06-11T13:00:58+00:00
trackb_cont_BOC_20260604,,,,,,13.86,13.291,,,,,,0.1583,pending,,2026-06-11T13:00:58+00:00
trackb_cont_BOC_20260605,,,,,,13.86,13.291,,,,,,0.1583,pending,,2026-06-11T13:00:58+00:00
trackb_cont_BOC_20260608,,,,,,13.845,13.291,,,,,,-3.1974,pending,,2026-06-11T13:00:58+00:00
trackb_cont_BOOT_20260603,165.190002,,,,,174.660004,160.869995,,,,,,-4.8979,pending,,2026-06-11T13:01:21+00:00
trackb_cont_BOOT_20260604,,,,,,174.660004,160.869995,,,,,,-4.8979,pending,,2026-06-11T13:01:21+00:00
trackb_cont_BOOT_20260605,,,,,,173.070007,160.869995,,,,,,-4.8979,pending,,2026-06-11T13:01:21+00:00
trackb_cont_BOOT_20260608,,,,,,173.070007,160.869995,,,,,,-4.8979,pending,,2026-06-11T13:01:21+00:00
trackb_cont_BOOT_20260609,,,,,,173.070007,162.460007,,,,,,0.1603,pending,,2026-06-11T13:01:21+00:00
trackb_cont_BOOT_20260610,,,,,,172.699997,162.460007,,,,,,0.1603,pending,,2026-06-11T13:01:21+00:00
trackb_cont_BOOT_20260611,,,,,,,,,,,,,,pending,,2026-06-11T13:01:21+00:00
trackb_cont_BRC_20260603,77.870003,,,,,91.0,73.209999,,,,,,-16.4412,pending,,2026-06-11T13:01:31+00:00
trackb_cont_BRC_20260604,,,,,,91.0,73.209999,,,,,,-16.4412,pending,,2026-06-11T13:01:31+00:00
trackb_cont_BRC_20260605,,,,,,91.0,73.209999,,,,,,-16.4412,pending,,2026-06-11T13:01:31+00:00
trackb_cont_BRC_20260608,,,,,,88.0,73.209999,,,,,,-16.4412,pending,,2026-06-11T13:01:31+00:00
trackb_cont_BRC_20260609,,,,,,82.400002,75.169998,,,,,,-0.1461,pending,,2026-06-11T13:01:31+00:00
trackb_cont_BRC_20260610,,,,,,79.080002,75.169998,,,,,,-0.1461,pending,,2026-06-11T13:01:31+00:00
trackb_cont_BRKR_20260603,54.919998,,,,,64.540001,54.880001,,,,,,-5.9952,pending,,2026-06-11T13:01:11+00:00
trackb_cont_BRKR_20260604,,,,,,64.540001,54.880001,,,,,,-5.9952,pending,,2026-06-11T13:01:11+00:00
trackb_cont_BRKR_20260605,,,,,,59.959999,54.880001,,,,,,-5.9952,pending,,2026-06-11T13:01:11+00:00
trackb_cont_BRKR_20260608,,,,,,58.580002,54.880001,,,,,,-5.9952,pending,,2026-06-11T13:01:11+00:00
trackb_cont_BROS_20260603,60.279999,,,,,61.310001,54.0,,,,,,-2.869,pending,,2026-06-11T13:01:47+00:00
trackb_cont_BROS_20260604,,,,,,61.310001,54.0,,,,,,-2.869,pending,,2026-06-11T13:01:47+00:00
trackb_cont_BROS_20260605,,,,,,61.310001,54.0,,,,,,-2.869,pending,,2026-06-11T13:01:47+00:00
trackb_cont_BROS_20260611,,,,,,,,,,,,,,pending,,2026-06-11T13:01:47+00:00
trackb_cont_BRX_20260611,,,,,,,,,,,,,,pending,,2026-06-11T13:03:22+00:00
trackb_cont_BTOC_20260603,0.315,,,,,0.352,0.315,,,,,,-8.1365,pending,,2026-06-11T13:02:18+00:00
trackb_cont_BTOC_20260604,,,,,,0.352,0.315,,,,,,-8.1365,pending,,2026-06-11T13:02:18+00:00
trackb_cont_BTOC_20260605,,,,,,0.352,0.315,,,,,,-8.1365,pending,,2026-06-11T13:02:18+00:00
trackb_cont_BTOC_20260608,,,,,,0.34,0.315,,,,,,-8.1365,pending,,2026-06-11T13:02:18+00:00
trackb_cont_BTSG_20260603,60.59,,,,,62.34,56.200001,,,,,,-7.1074,pending,,2026-06-11T13:02:16+00:00
trackb_cont_BTSG_20260604,,,,,,62.34,56.200001,,,,,,-7.1074,pending,,2026-06-11T13:02:16+00:00
trackb_cont_BTSG_20260605,,,,,,62.34,56.200001,,,,,,-7.1074,pending,,2026-06-11T13:02:16+00:00
trackb_cont_BTSG_20260608,,,,,,62.34,58.099998,,,,,,-3.9669,pending,,2026-06-11T13:02:16+00:00
trackb_cont_BTSG_20260611,,,,,,,,,,,,,,pending,,2026-06-11T13:02:16+00:00
trackb_cont_BURL_20260603,327.01001,,,,,332.799988,313.799988,,,,,,-4.6056,pending,,2026-06-11T13:02:16+00:00
trackb_cont_BURL_20260604,,,,,,332.799988,313.799988,,,,,,-4.6056,pending,,2026-06-11T13:02:16+00:00
trackb_cont_BURL_20260605,,,,,,331.140015,313.799988,,,,,,-4.6056,pending,,2026-06-11T13:02:16+00:00
trackb_cont_BURL_20260608,,,,,,331.140015,313.799988,,,,,,-1.0251,pending,,2026-06-11T13:02:16+00:00
trackb_cont_BWA_20260603,71.290001,,,,,78.82,71.0,,,,,,-8.5228,pending,,2026-06-11T13:01:16+00:00
trackb_cont_BWA_20260604,,,,,,77.07,71.0,,,,,,-8.5228,pending,,2026-06-11T13:01:16+00:00
trackb_cont_BWA_20260605,,,,,,76.360001,71.0,,,,,,-8.5228,pending,,2026-06-11T13:01:16+00:00
trackb_cont_BWA_20260608,,,,,,76.360001,71.0,,,,,,-2.2443,pending,,2026-06-11T13:01:16+00:00
trackb_cont_BWA_20260611,,,,,,,,,,,,,,pending,,2026-06-11T13:01:16+00:00
trackb_cont_BXC_20260611,,,,,,,,,,,,,,pending,,2026-06-11T13:03:24+00:00
trackb_cont_BXP_20260603,65.480003,,,,,67.440002,60.310001,,,,,,-0.0994,pending,,2026-06-11T13:00:53+00:00
trackb_cont_BXP_20260604,,,,,,67.440002,61.200001,,,,,,1.3749,pending,,2026-06-11T13:00:53+00:00
trackb_cont_BXP_20260605,,,,,,67.440002,61.400002,,,,,,1.7061,pending,,2026-06-11T13:00:53+00:00
trackb_cont_BXP_20260608,,,,,,67.440002,62.23,,,,,,-0.1604,pending,,2026-06-11T13:00:53+00:00
trackb_cont_BXP_20260610,,,,,,67.440002,65.440002,,,,,,1.4102,pending,,2026-06-11T13:00:53+00:00
trackb_cont_BXP_20260611,,,,,,,,,,,,,,pending,,2026-06-11T13:00:53+00:00
trackb_cont_BYD_20260603,86.82,,,,,89.93,84.449997,,,,,,-1.4701,pending,,2026-06-11T13:02:21+00:00
trackb_cont_BYD_20260604,,,,,,89.93,86.169998,,,,,,0.5367,pending,,2026-06-11T13:02:21+00:00
trackb_cont_BYD_20260605,,,,,,89.93,86.169998,,,,,,0.5367,pending,,2026-06-11T13:02:21+00:00
trackb_cont_BYD_20260608,,,,,,89.18,86.169998,,,,,,-1.9347,pending,,2026-06-11T13:02:21+00:00
trackb_cont_BZH_20260603,26.4,,,,,27.190001,25.370001,,,,,,-1.6095,pending,,2026-06-11T13:00:46+00:00
trackb_cont_BZH_20260604,,,,,,27.190001,25.370001,,,,,,-1.6095,pending,,2026-06-11T13:00:46+00:00
trackb_cont_BZH_20260605,,,,,,27.190001,25.370001,,,,,,-1.6095,pending,,2026-06-11T13:00:46+00:00
trackb_cont_BZH_20260608,,,,,,27.190001,25.51,,,,,,-1.7334,pending,,2026-06-11T13:00:46+00:00
trackb_cont_CACI_20260610,,,,,,534.26001,515.47998,,,,,,-0.705,pending,,2026-06-11T13:02:33+00:00
trackb_cont_CAKE_20260603,70.620003,,,,,71.239998,63.080002,,,,,,-3.2367,pending,,2026-06-11T13:02:11+00:00
trackb_cont_CAKE_20260604,,,,,,71.239998,63.080002,,,,,,-3.2367,pending,,2026-06-11T13:02:11+00:00
trackb_cont_CAKE_20260605,,,,,,71.239998,64.199997,,,,,,-1.5186,pending,,2026-06-11T13:02:11+00:00
trackb_cont_CAKE_20260608,,,,,,71.239998,65.43,,,,,,-1.0585,pending,,2026-06-11T13:02:11+00:00
trackb_cont_CAKE_20260610,,,,,,71.239998,68.25,,,,,,1.5323,pending,,2026-06-11T13:02:11+00:00
trackb_cont_CAL_20260603,13.74,,,,,15.04,12.17,,,,,,-13.8102,pending,,2026-06-11T13:01:39+00:00
trackb_cont_CAL_20260604,,,,,,15.04,12.17,,,,,,-13.8102,pending,,2026-06-11T13:01:39+00:00
trackb_cont_CAL_20260605,,,,,,14.63,12.17,,,,,,-13.8102,pending,,2026-06-11T13:01:39+00:00
trackb_cont_CAL_20260608,,,,,,14.63,12.54,,,,,,1.3743,pending,,2026-06-11T13:01:39+00:00
trackb_cont_CAL_20260611,,,,,,,,,,,,,,pending,,2026-06-11T13:01:39+00:00
trackb_cont_CAT_20260603,856.159973,,,,,946.830017,854.72998,,,,,,-8.1627,pending,,2026-06-11T13:02:17+00:00
trackb_cont_CAT_20260604,,,,,,946.830017,854.72998,,,,,,-8.1627,pending,,2026-06-11T13:02:17+00:00
trackb_cont_CAT_20260605,,,,,,938.179993,854.72998,,,,,,-8.1627,pending,,2026-06-11T13:02:17+00:00
trackb_cont_CAT_20260608,,,,,,938.179993,854.72998,,,,,,-8.1627,pending,,2026-06-11T13:02:17+00:00
trackb_cont_CBRL_20260603,44.490002,,,,,48.91,32.360001,,,,,,-2.8812,pending,,2026-06-11T13:02:21+00:00
trackb_cont_CBRL_20260604,,,,,,48.91,32.360001,,,,,,-2.8812,pending,,2026-06-11T13:02:21+00:00
trackb_cont_CBRL_20260605,,,,,,48.91,32.360001,,,,,,-2.8812,pending,,2026-06-11T13:02:21+00:00
trackb_cont_CBRL_20260608,,,,,,48.91,32.57,,,,,,-2.2509,pending,,2026-06-11T13:02:21+00:00
trackb_cont_CBZ_20260603,34.200001,,,,,34.669998,31.59,,,,,,-0.4098,pending,,2026-06-11T13:01:49+00:00
trackb_cont_CBZ_20260604,,,,,,34.669998,32.93,,,,,,3.8146,pending,,2026-06-11T13:01:49+00:00
trackb_cont_CBZ_20260605,,,,,,34.669998,32.93,,,,,,3.8146,pending,,2026-06-11T13:01:49+00:00
trackb_cont_CBZ_20260608,,,,,,34.669998,32.93,,,,,,-2.9472,pending,,2026-06-11T13:01:49+00:00
trackb_cont_CBZ_20260610,,,,,,34.669998,33.209999,,,,,,-1.1018,pending,,2026-06-11T13:01:49+00:00
trackb_cont_CCL_20260603,25.99,,,,,28.209999,25.77,,,,,,-5.8974,pending,,2026-06-11T13:01:43+00:00
trackb_cont_CCL_20260604,,,,,,28.209999,25.77,,,,,,-5.8974,pending,,2026-06-11T13:01:43+00:00
trackb_cont_CCL_20260605,,,,,,28.209999,25.77,,,,,,-5.8974,pending,,2026-06-11T13:01:43+00:00
trackb_cont_CCL_20260608,,,,,,28.209999,25.77,,,,,,-5.9832,pending,,2026-06-11T13:01:43+00:00
trackb_cont_CCO_20260603,2.41,,,,,2.41,2.39,,,,,,-0.6237,pending,,2026-06-11T13:02:16+00:00
trackb_cont_CCO_20260604,,,,,,2.41,2.39,,,,,,-0.6237,pending,,2026-06-11T13:02:16+00:00
trackb_cont_CCO_20260605,,,,,,2.41,2.39,,,,,,-0.6237,pending,,2026-06-11T13:02:16+00:00
trackb_cont_CCO_20260608,,,,,,2.41,2.39,,,,,,-0.4167,pending,,2026-06-11T13:02:16+00:00
trackb_cont_CCS_20260608,,,,,,58.91,55.099998,,,,,,-0.7922,pending,,2026-06-11T13:02:45+00:00
trackb_cont_CDNS_20260603,385.130005,,,,,415.829987,373.540009,,,,,,-6.9778,pending,,2026-06-11T13:00:37+00:00
trackb_cont_CDNS_20260604,,,,,,415.829987,373.540009,,,,,,-6.9778,pending,,2026-06-11T13:00:37+00:00
trackb_cont_CDNS_20260605,,,,,,407.0,373.540009,,,,,,-6.9778,pending,,2026-06-11T13:00:37+00:00
trackb_cont_CDNS_20260608,,,,,,406.670013,377.109985,,,,,,0.2446,pending,,2026-06-11T13:00:37+00:00
trackb_cont_CDW_20260603,129.300003,,,,,140.770004,129.039993,,,,,,-5.9715,pending,,2026-06-11T13:00:47+00:00
trackb_cont_CDW_20260604,,,,,,140.770004,129.039993,,,,,,-5.9715,pending,,2026-06-11T13:00:47+00:00
trackb_cont_CDW_20260605,,,,,,140.320007,129.039993,,,,,,-5.9715,pending,,2026-06-11T13:00:47+00:00
trackb_cont_CDW_20260608,,,,,,137.809998,129.039993,,,,,,-3.0066,pending,,2026-06-11T13:00:47+00:00
trackb_cont_CDZI_20260603,3.9,,,,,4.84,3.87,,,,,,-16.3243,pending,,2026-06-11T13:02:25+00:00
trackb_cont_CDZI_20260604,,,,,,4.66,3.87,,,,,,-16.3243,pending,,2026-06-11T13:02:25+00:00
trackb_cont_CDZI_20260605,,,,,,4.56,3.87,,,,,,-16.3243,pending,,2026-06-11T13:02:25+00:00
trackb_cont_CDZI_20260608,,,,,,4.3,3.87,,,,,,-16.3243,pending,,2026-06-11T13:02:25+00:00
trackb_cont_CFG_20260611,,,,,,,,,,,,,,pending,,2026-06-11T13:03:23+00:00
trackb_cont_CHCT_20260611,,,,,,,,,,,,,,pending,,2026-06-11T13:03:26+00:00
trackb_cont_CHD_20260609,,,,,,98.779999,94.75,,,,,,-0.6293,pending,,2026-06-11T13:03:04+00:00
trackb_cont_CHD_20260610,,,,,,98.779999,97.25,,,,,,1.9927,pending,,2026-06-11T13:03:04+00:00
trackb_cont_CHD_20260611,,,,,,,,,,,,,,pending,,2026-06-11T13:03:04+00:00
trackb_cont_CHEF_20260609,,,,,,85.5,80.760002,,,,,,-0.1731,pending,,2026-06-11T13:03:03+00:00
trackb_cont_CHEF_20260610,,,,,,85.5,82.370003,,,,,,1.8171,pending,,2026-06-11T13:03:03+00:00
trackb_cont_CHRW_20260603,185.0,,,,,192.5,177.509995,,,,,,-2.1229,pending,,2026-06-11T13:01:50+00:00
trackb_cont_CHRW_20260604,,,,,,192.5,180.360001,,,,,,-0.5514,pending,,2026-06-11T13:01:50+00:00
trackb_cont_CHRW_20260605,,,,,,192.5,180.360001,,,,,,-0.5514,pending,,2026-06-11T13:01:50+00:00
trackb_cont_CHRW_20260608,,,,,,192.5,180.360001,,,,,,-0.5514,pending,,2026-06-11T13:01:50+00:00
trackb_cont_CHRW_20260610,,,,,,190.600006,184.330002,,,,,,-2.0251,pending,,2026-06-11T13:01:50+00:00
trackb_cont_CHRW_20260611,,,,,,,,,,,,,,pending,,2026-06-11T13:01:50+00:00
trackb_cont_CIA_20260603,5.38,,,,,5.54,4.94,,,,,,-4.817,pending,,2026-06-11T13:02:15+00:00
trackb_cont_CIA_20260604,,,,,,5.54,4.94,,,,,,-4.817,pending,,2026-06-11T13:02:15+00:00
trackb_cont_CIA_20260605,,,,,,5.54,5.01,,,,,,-3.4682,pending,,2026-06-11T13:02:15+00:00
trackb_cont_CIA_20260611,,,,,,,,,,,,,,pending,,2026-06-11T13:02:15+00:00
trackb_cont_CIEN_20260603,434.649994,,,,,637.51001,417.339996,,,,,,-33.4593,pending,,2026-06-11T13:00:41+00:00
trackb_cont_CIEN_20260604,,,,,,552.390015,417.339996,,,,,,-33.4593,pending,,2026-06-11T13:00:41+00:00
trackb_cont_CIEN_20260605,,,,,,525.150024,417.339996,,,,,,-33.4593,pending,,2026-06-11T13:00:41+00:00
trackb_cont_CIFR_20260603,21.02,,,,,28.620001,20.93,,,,,,-21.7131,pending,,2026-06-11T13:00:46+00:00
trackb_cont_CIFR_20260604,,,,,,26.33,20.93,,,,,,-21.7131,pending,,2026-06-11T13:00:46+00:00
trackb_cont_CIFR_20260605,,,,,,25.58,20.93,,,,,,-21.7131,pending,,2026-06-11T13:00:46+00:00
trackb_cont_CIFR_20260608,,,,,,25.58,20.93,,,,,,-21.7131,pending,,2026-06-11T13:00:46+00:00
trackb_cont_CI_20260611,,,,,,,,,,,,,,pending,,2026-06-11T13:03:20+00:00
trackb_cont_CLDT_20260603,12.22,,,,,12.31,10.96,,,,,,-1.704,pending,,2026-06-11T13:00:42+00:00
trackb_cont_CLDT_20260604,,,,,,12.31,11.08,,,,,,-0.6278,pending,,2026-06-11T13:00:42+00:00
trackb_cont_CLDT_20260605,,,,,,12.31,11.41,,,,,,2.3318,pending,,2026-06-11T13:00:42+00:00
trackb_cont_CLDT_20260608,,,,,,12.31,11.45,,,,,,2.6906,pending,,2026-06-11T13:00:42+00:00
trackb_cont_CLDT_20260609,,,,,,12.31,11.59,,,,,,0.5204,pending,,2026-06-11T13:00:42+00:00
trackb_cont_CLDT_20260611,,,,,,,,,,,,,,pending,,2026-06-11T13:00:42+00:00
trackb_cont_CLF_20260603,12.41,,,,,14.89,12.12,,,,,,-15.1261,pending,,2026-06-11T13:01:06+00:00
trackb_cont_CLF_20260604,,,,,,14.68,12.12,,,,,,-15.1261,pending,,2026-06-11T13:01:06+00:00
trackb_cont_CLF_20260605,,,,,,14.27,12.12,,,,,,-15.1261,pending,,2026-06-11T13:01:06+00:00
trackb_cont_CLF_20260608,,,,,,13.39,12.12,,,,,,-15.1261,pending,,2026-06-11T13:01:06+00:00
trackb_cont_CLMB_20260603,22.959999,,,,,25.120001,21.5,,,,,,-0.3707,pending,,2026-06-11T13:01:34+00:00
trackb_cont_CLMB_20260604,,,,,,25.120001,22.01,,,,,,1.9926,pending,,2026-06-11T13:01:34+00:00
trackb_cont_CLMB_20260605,,,,,,25.120001,22.809999,,,,,,5.6997,pending,,2026-06-11T13:01:34+00:00
trackb_cont_CLMB_20260608,,,,,,25.120001,22.9,,,,,,-3.8623,pending,,2026-06-11T13:01:34+00:00
trackb_cont_CLMB_20260609,,,,,,25.120001,22.9,,,,,,-3.6601,pending,,2026-06-11T13:01:34+00:00
trackb_cont_CLMT_20260603,34.650002,,,,,38.75,33.16,,,,,,-12.1706,pending,,2026-06-11T13:01:19+00:00
trackb_cont_CLMT_20260604,,,,,,37.73,33.16,,,,,,-12.1706,pending,,2026-06-11T13:01:19+00:00
trackb_cont_CLMT_20260605,,,,,,37.130001,33.16,,,,,,-12.1706,pending,,2026-06-11T13:01:19+00:00
trackb_cont_CLMT_20260608,,,,,,36.119999,33.16,,,,,,-12.1706,pending,,2026-06-11T13:01:19+00:00
trackb_cont_CLOV_20260608,,,,,,5.14,3.81,,,,,,-0.5222,pending,,2026-06-11T13:02:49+00:00
trackb_cont_CLOV_20260610,,,,,,5.14,4.53,,,,,,15.5612,pending,,2026-06-11T13:02:49+00:00
trackb_cont_CLOV_20260611,,,,,,,,,,,,,,pending,,2026-06-11T13:02:49+00:00
trackb_cont_CLSK_20260603,14.9,,,,,18.27,14.061,,,,,,-20.5144,pending,,2026-06-11T13:02:11+00:00
trackb_cont_CLSK_20260604,,,,,,17.247,14.061,,,,,,-20.5144,pending,,2026-06-11T13:02:11+00:00
trackb_cont_CLSK_20260605,,,,,,17.247,14.061,,,,,,-20.5144,pending,,2026-06-11T13:02:11+00:00
trackb_cont_CLSK_20260608,,,,,,17.247,14.9,,,,,,-15.7716,pending,,2026-06-11T13:02:11+00:00
trackb_cont_CMCO_20260603,12.12,,,,,15.77,12.1,,,,,,-20.1847,pending,,2026-06-11T13:01:59+00:00
trackb_cont_CMCO_20260604,,,,,,14.5,12.1,,,,,,-20.1847,pending,,2026-06-11T13:01:59+00:00
trackb_cont_CMCO_20260605,,,,,,14.29,12.1,,,,,,-20.1847,pending,,2026-06-11T13:01:59+00:00
trackb_cont_CMCO_20260608,,,,,,13.54,12.1,,,,,,-20.1847,pending,,2026-06-11T13:01:59+00:00
trackb_cont_CMC_20260603,73.57,,,,,77.209999,73.169998,,,,,,-4.6645,pending,,2026-06-11T13:01:44+00:00
trackb_cont_CMC_20260604,,,,,,77.209999,73.169998,,,,,,-4.6645,pending,,2026-06-11T13:01:44+00:00
trackb_cont_CMC_20260605,,,,,,76.239998,73.169998,,,,,,-4.6645,pending,,2026-06-11T13:01:44+00:00
trackb_cont_CMC_20260608,,,,,,76.120003,73.169998,,,,,,-1.3216,pending,,2026-06-11T13:01:44+00:00
trackb_cont_CMP_20260603,28.950001,,,,,33.310001,28.34,,,,,,-14.0691,pending,,2026-06-11T13:01:24+00:00
trackb_cont_CMP_20260604,,,,,,32.189999,28.34,,,,,,-14.0691,pending,,2026-06-11T13:01:24+00:00
trackb_cont_CMP_20260605,,,,,,31.15,28.34,,,,,,-14.0691,pending,,2026-06-11T13:01:24+00:00
trackb_cont_CMP_20260608,,,,,,30.620001,28.34,,,,,,-4.3537,pending,,2026-06-11T13:01:24+00:00
trackb_cont_CNC_20260603,65.339996,,,,,66.550003,58.23,,,,,,-0.8514,pending,,2026-06-11T13:02:04+00:00
trackb_cont_CNC_20260604,,,,,,66.550003,60.959999,,,,,,3.797,pending,,2026-06-11T13:02:04+00:00
trackb_cont_CNC_20260605,,,,,,66.550003,61.700001,,,,,,5.057,pending,,2026-06-11T13:02:04+00:00
trackb_cont_CNC_20260608,,,,,,66.550003,62.0,,,,,,5.5679,pending,,2026-06-11T13:02:04+00:00
trackb_cont_CNC_20260609,,,,,,66.550003,63.799999,,,,,,-1.8914,pending,,2026-06-11T13:02:04+00:00
trackb_cont_CNC_20260610,,,,,,66.519997,63.799999,,,,,,-1.8914,pending,,2026-06-11T13:02:04+00:00
trackb_cont_CNK_20260603,33.049999,,,,,33.59,29.530001,,,,,,-1.4352,pending,,2026-06-11T13:01:30+00:00
trackb_cont_CNK_20260604,,,,,,33.59,29.969999,,,,,,0.0334,pending,,2026-06-11T13:01:30+00:00
trackb_cont_CNK_20260605,,,,,,33.59,30.860001,,,,,,3.004,pending,,2026-06-11T13:01:30+00:00
trackb_cont_CNK_20260608,,,,,,33.59,31.0,,,,,,3.4713,pending,,2026-06-11T13:01:30+00:00
trackb_cont_CNK_20260609,,,,,,33.59,31.639999,,,,,,0.6041,pending,,2026-06-11T13:01:30+00:00
trackb_cont_CNK_20260610,,,,,,33.59,31.92,,,,,,1.4944,pending,,2026-06-11T13:01:30+00:00
trackb_cont_CNM_20260603,49.439999,,,,,53.82,48.599998,,,,,,-5.2262,pending,,2026-06-11T13:01:54+00:00
trackb_cont_CNM_20260604,,,,,,53.82,48.599998,,,,,,-5.2262,pending,,2026-06-11T13:01:54+00:00
trackb_cont_CNM_20260605,,,,,,53.82,48.599998,,,,,,-5.2262,pending,,2026-06-11T13:01:54+00:00
trackb_cont_CNM_20260608,,,,,,53.82,48.599998,,,,,,-6.4845,pending,,2026-06-11T13:01:54+00:00
trackb_cont_CNM_20260609,,,,,,53.82,48.599998,,,,,,-6.8609,pending,,2026-06-11T13:01:54+00:00
trackb_cont_CNM_20260611,,,,,,,,,,,,,,pending,,2026-06-11T13:01:54+00:00
trackb_cont_CNO_20260609,,,,,,49.950001,48.290001,,,,,,0.6251,pending,,2026-06-11T13:03:00+00:00
trackb_cont_CNO_20260610,,,,,,49.950001,48.52,,,,,,1.1044,pending,,2026-06-11T13:03:00+00:00
trackb_cont_CNO_20260611,,,,,,,,,,,,,,pending,,2026-06-11T13:03:00+00:00
trackb_cont_CNP_20260609,,,,,,42.91,41.799999,,,,,,-0.1195,pending,,2026-06-11T13:03:03+00:00
trackb_cont_COHR_20260603,354.769989,,,,,440.0,335.480011,,,,,,-19.6773,pending,,2026-06-11T13:01:03+00:00
trackb_cont_COHR_20260604,,,,,,432.51001,335.480011,,,,,,-19.6773,pending,,2026-06-11T13:01:03+00:00
trackb_cont_COHR_20260605,,,,,,417.76001,335.480011,,,,,,-19.6773,pending,,2026-06-11T13:01:03+00:00
trackb_cont_COHR_20260608,,,,,,415.0,335.480011,,,,,,-19.6773,pending,,2026-06-11T13:01:03+00:00
trackb_cont_COHU_20260603,54.470001,,,,,58.459999,49.380001,,,,,,-12.6018,pending,,2026-06-11T13:01:01+00:00
trackb_cont_COHU_20260604,,,,,,57.509998,49.380001,,,,,,-12.6018,pending,,2026-06-11T13:01:01+00:00
trackb_cont_COHU_20260605,,,,,,57.509998,49.380001,,,,,,-12.6018,pending,,2026-06-11T13:01:01+00:00
trackb_cont_COHU_20260608,,,,,,57.509998,51.110001,,,,,,-9.5398,pending,,2026-06-11T13:01:01+00:00
trackb_cont_COLB_20260609,,,,,,30.870001,29.790001,,,,,,0.3706,pending,,2026-06-11T13:03:04+00:00
trackb_cont_COLB_20260610,,,,,,30.709999,30.129999,,,,,,1.5162,pending,,2026-06-11T13:03:04+00:00
trackb_cont_COLB_20260611,,,,,,,,,,,,,,pending,,2026-06-11T13:03:04+00:00
trackb_cont_COLD_20260603,14.36,,,,,15.225,14.265,,,,,,-3.3209,pending,,2026-06-11T13:02:14+00:00
trackb_cont_COLD_20260604,,,,,,15.225,14.265,,,,,,-3.3209,pending,,2026-06-11T13:02:14+00:00
trackb_cont_COLD_20260605,,,,,,15.225,14.265,,,,,,-3.3209,pending,,2026-06-11T13:02:14+00:00
trackb_cont_COLM_20260603,64.470001,,,,,67.099998,63.720001,,,,,,-3.0285,pending,,2026-06-11T13:01:42+00:00
trackb_cont_COLM_20260604,,,,,,67.099998,63.720001,,,,,,-3.0285,pending,,2026-06-11T13:01:42+00:00
trackb_cont_COLM_20260605,,,,,,67.099998,63.720001,,,,,,-3.0285,pending,,2026-06-11T13:01:42+00:00
trackb_cont_COO_20260610,,,,,,68.669998,67.540001,,,,,,1.1229,pending,,2026-06-11T13:02:43+00:00
trackb_cont_CORZ_20260603,25.690001,,,,,29.700001,25.18,,,,,,-13.8261,pending,,2026-06-11T13:01:39+00:00
trackb_cont_CORZ_20260604,,,,,,28.57,25.18,,,,,,-13.8261,pending,,2026-06-11T13:01:39+00:00
trackb_cont_CORZ_20260605,,,,,,28.57,25.18,,,,,,-13.8261,pending,,2026-06-11T13:01:39+00:00
trackb_cont_CORZ_20260608,,,,,,28.57,25.24,,,,,,-2.3598,pending,,2026-06-11T13:01:39+00:00
trackb_cont_CPB_20260603,22.879999,,,,,23.24,20.620001,,,,,,-4.4486,pending,,2026-06-11T13:02:17+00:00
trackb_cont_CPB_20260604,,,,,,23.24,20.620001,,,,,,-4.4486,pending,,2026-06-11T13:02:17+00:00
trackb_cont_CPB_20260605,,,,,,23.24,20.620001,,,,,,-4.4486,pending,,2026-06-11T13:02:17+00:00
trackb_cont_CPB_20260608,,,,,,23.24,20.620001,,,,,,-4.4486,pending,,2026-06-11T13:02:17+00:00
trackb_cont_CPT_20260609,,,,,,116.57,112.82,,,,,,-0.1328,pending,,2026-06-11T13:03:00+00:00
trackb_cont_CPT_20260610,,,,,,116.57,114.290001,,,,,,1.1685,pending,,2026-06-11T13:03:00+00:00
trackb_cont_CRBG_20260611,,,,,,,,,,,,,,pending,,2026-06-11T13:03:26+00:00
trackb_cont_CRI_20260603,39.330002,,,,,40.490002,36.900002,,,,,,-5.9153,pending,,2026-06-11T13:01:46+00:00
trackb_cont_CRI_20260604,,,,,,40.490002,36.900002,,,,,,-5.9153,pending,,2026-06-11T13:01:46+00:00
trackb_cont_CRI_20260605,,,,,,40.490002,37.369999,,,,,,-4.717,pending,,2026-06-11T13:01:46+00:00
trackb_cont_CRI_20260608,,,,,,40.490002,38.220001,,,,,,-2.5497,pending,,2026-06-11T13:01:46+00:00
trackb_cont_CRL_20260608,,,,,,193.809998,181.460007,,,,,,0.0662,pending,,2026-06-11T13:02:50+00:00
trackb_cont_CRM_20260603,170.919998,,,,,198.089996,170.029999,,,,,,-11.0093,pending,,2026-06-11T13:02:08+00:00
trackb_cont_CRM_20260604,,,,,,198.089996,170.029999,,,,,,-11.0093,pending,,2026-06-11T13:02:08+00:00
trackb_cont_CRM_20260605,,,,,,192.509995,170.029999,,,,,,-11.0093,pending,,2026-06-11T13:02:08+00:00
trackb_cont_CRM_20260608,,,,,,185.020004,170.029999,,,,,,-11.0093,pending,,2026-06-11T13:02:08+00:00
trackb_cont_CROX_20260603,121.940002,,,,,129.449997,115.699997,,,,,,-2.593,pending,,2026-06-11T13:01:48+00:00
trackb_cont_CROX_20260604,,,,,,129.449997,116.550003,,,,,,-1.8774,pending,,2026-06-11T13:01:48+00:00
trackb_cont_CROX_20260605,,,,,,129.449997,116.550003,,,,,,-1.8774,pending,,2026-06-11T13:01:48+00:00
trackb_cont_CROX_20260608,,,,,,129.449997,120.43,,,,,,0.9049,pending,,2026-06-11T13:01:48+00:00
trackb_cont_CRSR_20260603,8.63,,,,,11.29,8.05,,,,,,-24.6607,pending,,2026-06-11T13:02:13+00:00
trackb_cont_CRSR_20260604,,,,,,10.28,8.05,,,,,,-24.6607,pending,,2026-06-11T13:02:13+00:00
trackb_cont_CRSR_20260605,,,,,,9.69,8.05,,,,,,-24.6607,pending,,2026-06-11T13:02:13+00:00
trackb_cont_CRS_20260603,523.049988,,,,,537.409973,477.829987,,,,,,-1.7437,pending,,2026-06-11T13:01:14+00:00
trackb_cont_CRS_20260604,,,,,,537.409973,477.829987,,,,,,-1.7437,pending,,2026-06-11T13:01:14+00:00
trackb_cont_CRS_20260605,,,,,,537.409973,480.700012,,,,,,-1.1536,pending,,2026-06-11T13:01:14+00:00
trackb_cont_CRS_20260608,,,,,,537.409973,483.869995,,,,,,0.0558,pending,,2026-06-11T13:01:14+00:00
trackb_cont_CRS_20260610,,,,,,537.409973,515.169983,,,,,,3.2219,pending,,2026-06-11T13:01:14+00:00
trackb_cont_CRWD_20260603,647.73999,,,,,767.0,617.73999,,,,,,-17.822,pending,,2026-06-11T13:01:00+00:00
trackb_cont_CRWD_20260604,,,,,,720.960022,617.73999,,,,,,-17.822,pending,,2026-06-11T13:01:00+00:00
trackb_cont_CRWD_20260605,,,,,,706.219971,617.73999,,,,,,-17.822,pending,,2026-06-11T13:01:00+00:00
trackb_cont_CRWD_20260608,,,,,,684.0,617.73999,,,,,,-17.822,pending,,2026-06-11T13:01:00+00:00
trackb_cont_CSCO_20260603,118.800003,,,,,130.369995,117.099998,,,,,,-8.4656,pending,,2026-06-11T13:00:36+00:00
trackb_cont_CSCO_20260604,,,,,,130.369995,117.099998,,,,,,-8.4656,pending,,2026-06-11T13:00:36+00:00
trackb_cont_CSCO_20260605,,,,,,128.839996,117.099998,,,,,,-8.4656,pending,,2026-06-11T13:00:36+00:00
trackb_cont_CSCO_20260608,,,,,,126.440002,117.099998,,,,,,-3.7323,pending,,2026-06-11T13:00:36+00:00
trackb_cont_CSX_20260610,,,,,,47.34,46.380001,,,,,,-1.5496,pending,,2026-06-11T13:03:10+00:00
trackb_cont_CSX_20260611,,,,,,,,,,,,,,pending,,2026-06-11T13:03:10+00:00
trackb_cont_CTAS_20260603,180.399994,,,,,182.729996,171.949997,,,,,,-0.9219,pending,,2026-06-11T13:01:51+00:00
trackb_cont_CTAS_20260604,,,,,,182.729996,173.419998,,,,,,-0.0749,pending,,2026-06-11T13:01:51+00:00
trackb_cont_CTAS_20260605,,,,,,182.729996,173.419998,,,,,,-0.0749,pending,,2026-06-11T13:01:51+00:00
trackb_cont_CTAS_20260608,,,,,,182.270004,173.419998,,,,,,-3.5752,pending,,2026-06-11T13:01:51+00:00
trackb_cont_CTAS_20260609,,,,,,182.270004,173.419998,,,,,,-0.1325,pending,,2026-06-11T13:01:51+00:00
trackb_cont_CTOS_20260611,,,,,,,,,,,,,,pending,,2026-06-11T13:03:23+00:00
trackb_cont_CTO_20260611,,,,,,,,,,,,,,pending,,2026-06-11T13:03:25+00:00
trackb_cont_CUBE_20260609,,,,,,42.619999,40.330002,,,,,,0.3983,pending,,2026-06-11T13:03:04+00:00
trackb_cont_CURB_20260603,29.629999,,,,,30.315001,28.57,,,,,,-1.2785,pending,,2026-06-11T13:02:05+00:00
trackb_cont_CURB_20260604,,,,,,30.315001,28.73,,,,,,-0.7256,pending,,2026-06-11T13:02:05+00:00
trackb_cont_CURB_20260605,,,,,,30.315001,28.73,,,,,,-0.7256,pending,,2026-06-11T13:02:05+00:00
trackb_cont_CURB_20260608,,,,,,30.315001,28.98,,,,,,0.1382,pending,,2026-06-11T13:02:05+00:00
trackb_cont_CURB_20260611,,,,,,,,,,,,,,pending,,2026-06-11T13:02:05+00:00
trackb_cont_CURI_20260603,2.68,,,,,3.28,2.65,,,,,,-13.1148,pending,,2026-06-11T13:01:16+00:00
trackb_cont_CURI_20260604,,,,,,3.28,2.65,,,,,,-13.1148,pending,,2026-06-11T13:01:16+00:00
trackb_cont_CURI_20260605,,,,,,3.05,2.65,,,,,,-13.1148,pending,,2026-06-11T13:01:16+00:00
trackb_cont_CURI_20260608,,,,,,2.99,2.65,,,,,,-13.1148,pending,,2026-06-11T13:01:16+00:00
trackb_cont_CUZ_20260603,29.049999,,,,,29.73,27.15,,,,,,-0.1104,pending,,2026-06-11T13:00:38+00:00
trackb_cont_CUZ_20260604,,,,,,29.73,27.370001,,,,,,0.699,pending,,2026-06-11T13:00:38+00:00
trackb_cont_CUZ_20260605,,,,,,29.73,27.49,,,,,,1.1405,pending,,2026-06-11T13:00:38+00:00
trackb_cont_CUZ_20260608,,,,,,29.73,27.82,,,,,,0.4695,pending,,2026-06-11T13:00:38+00:00
trackb_cont_CUZ_20260609,,,,,,29.73,28.48,,,,,,0.565,pending,,2026-06-11T13:00:38+00:00
trackb_cont_CUZ_20260610,,,,,,29.73,29.049999,,,,,,2.5777,pending,,2026-06-11T13:00:38+00:00
trackb_cont_CVCO_20260603,564.51001,,,,,592.349976,531.840027,,,,,,-1.1192,pending,,2026-06-11T13:01:29+00:00
trackb_cont_CVCO_20260604,,,,,,592.349976,539.359985,,,,,,0.2789,pending,,2026-06-11T13:01:29+00:00
trackb_cont_CVCO_20260605,,,,,,592.349976,545.98999,,,,,,1.5115,pending,,2026-06-11T13:01:29+00:00
trackb_cont_CVCO_20260608,,,,,,592.349976,547.390015,,,,,,-0.4583,pending,,2026-06-11T13:01:29+00:00
trackb_cont_CVCO_20260609,,,,,,592.349976,562.940002,,,,,,-0.0036,pending,,2026-06-11T13:01:29+00:00
trackb_cont_CVCO_20260610,,,,,,586.76001,564.049988,,,,,,0.1936,pending,,2026-06-11T13:01:29+00:00
trackb_cont_CVCO_20260611,,,,,,,,,,,,,,pending,,2026-06-11T13:01:29+00:00
trackb_cont_CVI_20260603,31.15,,,,,36.43,31.129999,,,,,,-13.5278,pending,,2026-06-11T13:01:03+00:00
trackb_cont_CVI_20260604,,,,,,34.490002,31.129999,,,,,,-13.5278,pending,,2026-06-11T13:01:03+00:00
trackb_cont_CVI_20260605,,,,,,34.330002,31.129999,,,,,,-13.5278,pending,,2026-06-11T13:01:03+00:00
trackb_cont_CVLG_20260603,43.779999,,,,,45.759998,41.310001,,,,,,-1.7804,pending,,2026-06-11T13:00:38+00:00
trackb_cont_CVLG_20260604,,,,,,45.759998,42.349998,,,,,,0.6924,pending,,2026-06-11T13:00:38+00:00
trackb_cont_CVLG_20260605,,,,,,45.759998,42.68,,,,,,1.477,pending,,2026-06-11T13:00:38+00:00
trackb_cont_CVLG_20260608,,,,,,45.759998,43.09,,,,,,2.4518,pending,,2026-06-11T13:00:38+00:00
trackb_cont_CVLG_20260609,,,,,,45.759998,43.09,,,,,,-3.2338,pending,,2026-06-11T13:00:38+00:00
trackb_cont_CVLG_20260610,,,,,,45.669998,43.09,,,,,,-3.2338,pending,,2026-06-11T13:00:38+00:00
trackb_cont_CVS_20260609,,,,,,98.610001,95.919998,,,,,,-1.1949,pending,,2026-06-11T13:02:59+00:00
trackb_cont_CWEN_20260603,37.400002,,,,,41.459999,37.34,,,,,,-9.4568,pending,,2026-06-11T13:01:12+00:00
trackb_cont_CWEN_20260604,,,,,,40.93,37.34,,,,,,-9.4568,pending,,2026-06-11T13:01:12+00:00
trackb_cont_CWEN_20260605,,,,,,40.639999,37.34,,,,,,-9.4568,pending,,2026-06-11T13:01:12+00:00
trackb_cont_CWEN_20260608,,,,,,40.639999,37.34,,,,,,-6.0393,pending,,2026-06-11T13:01:12+00:00
trackb_cont_CWST_20260611,,,,,,,,,,,,,,pending,,2026-06-11T13:03:28+00:00
trackb_cont_CWT_20260603,46.07,,,,,47.360001,44.59,,,,,,-1.1363,pending,,2026-06-11T13:01:27+00:00
trackb_cont_CWT_20260604,,,,,,47.360001,44.93,,,,,,-0.3825,pending,,2026-06-11T13:01:27+00:00
trackb_cont_CWT_20260605,,,,,,47.360001,45.130001,,,,,,0.061,pending,,2026-06-11T13:01:27+00:00
trackb_cont_CWT_20260608,,,,,,47.360001,45.130001,,,,,,-1.5059,pending,,2026-06-11T13:01:27+00:00
trackb_cont_CWT_20260609,,,,,,47.360001,45.290001,,,,,,0.3545,pending,,2026-06-11T13:01:27+00:00
trackb_cont_CWT_20260610,,,,,,47.360001,46.07,,,,,,2.0829,pending,,2026-06-11T13:01:27+00:00
trackb_cont_CXW_20260603,26.450001,,,,,26.969999,21.129999,,,,,,-1.9717,pending,,2026-06-11T13:02:30+00:00
trackb_cont_CXW_20260604,,,,,,26.969999,21.85,,,,,,1.3686,pending,,2026-06-11T13:02:30+00:00
trackb_cont_CXW_20260605,,,,,,26.969999,22.74,,,,,,5.4976,pending,,2026-06-11T13:02:30+00:00
trackb_cont_CXW_20260608,,,,,,26.969999,23.0,,,,,,6.7038,pending,,2026-06-11T13:02:30+00:00
trackb_cont_CXW_20260609,,,,,,26.969999,24.559999,,,,,,-0.6473,pending,,2026-06-11T13:02:30+00:00
trackb_cont_CXW_20260611,,,,,,,,,,,,,,pending,,2026-06-11T13:02:30+00:00
trackb_cont_CYRX_20260603,14.77,,,,,16.73,14.61,,,,,,-10.8059,pending,,2026-06-11T13:01:23+00:00
trackb_cont_CYRX_20260604,,,,,,16.73,14.61,,,,,,-10.8059,pending,,2026-06-11T13:01:23+00:00
trackb_cont_CYRX_20260605,,,,,,16.1,14.61,,,,,,-10.8059,pending,,2026-06-11T13:01:23+00:00
trackb_cont_CYRX_20260608,,,,,,16.0,14.61,,,,,,-10.8059,pending,,2026-06-11T13:01:23+00:00
trackb_cont_CYRX_20260610,,,,,,15.41,14.61,,,,,,-5.6202,pending,,2026-06-11T13:01:23+00:00
trackb_cont_CZR_20260603,29.469999,,,,,29.5,29.110001,,,,,,-0.4616,pending,,2026-06-11T13:00:40+00:00
trackb_cont_CZR_20260604,,,,,,29.5,29.110001,,,,,,-0.4616,pending,,2026-06-11T13:00:40+00:00
trackb_cont_CZR_20260605,,,,,,29.5,29.110001,,,,,,-0.4616,pending,,2026-06-11T13:00:40+00:00
trackb_cont_CZR_20260608,,,,,,29.5,29.18,,,,,,-0.0685,pending,,2026-06-11T13:00:40+00:00
trackb_cont_CZR_20260611,,,,,,,,,,,,,,pending,,2026-06-11T13:00:40+00:00
trackb_cont_C_20260603,133.380005,,,,,137.119995,128.270004,,,,,,-0.6814,pending,,2026-06-11T13:01:20+00:00
trackb_cont_C_20260604,,,,,,137.119995,130.869995,,,,,,1.3318,pending,,2026-06-11T13:01:20+00:00
trackb_cont_C_20260605,,,,,,137.119995,131.190002,,,,,,1.5796,pending,,2026-06-11T13:01:20+00:00
trackb_cont_C_20260608,,,,,,137.119995,131.919998,,,,,,-0.4152,pending,,2026-06-11T13:01:20+00:00
trackb_cont_C_20260611,,,,,,,,,,,,,,pending,,2026-06-11T13:01:20+00:00
trackb_cont_DAL_20260603,76.470001,,,,,81.800003,76.43,,,,,,-3.3021,pending,,2026-06-11T13:02:12+00:00
trackb_cont_DAL_20260604,,,,,,81.800003,76.43,,,,,,-3.3021,pending,,2026-06-11T13:02:12+00:00
trackb_cont_DAL_20260605,,,,,,81.800003,76.43,,,,,,-3.3021,pending,,2026-06-11T13:02:12+00:00
trackb_cont_DAL_20260608,,,,,,81.800003,76.43,,,,,,-3.3021,pending,,2026-06-11T13:02:12+00:00
trackb_cont_DAN_20260603,35.470001,,,,,37.540001,34.91,,,,,,-6.3573,pending,,2026-06-11T13:01:13+00:00
trackb_cont_DAN_20260604,,,,,,37.490002,34.91,,,,,,-6.3573,pending,,2026-06-11T13:01:13+00:00
trackb_cont_DAN_20260605,,,,,,37.490002,34.91,,,,,,-6.3573,pending,,2026-06-11T13:01:13+00:00
trackb_cont_DAN_20260608,,,,,,37.490002,35.459999,,,,,,-4.882,pending,,2026-06-11T13:01:13+00:00
trackb_cont_DBI_20260603,7.0,,,,,9.17,6.55,,,,,,-23.8372,pending,,2026-06-11T13:00:38+00:00
trackb_cont_DBI_20260604,,,,,,9.17,6.55,,,,,,-23.8372,pending,,2026-06-11T13:00:38+00:00
trackb_cont_DBI_20260605,,,,,,9.02,6.55,,,,,,-23.8372,pending,,2026-06-11T13:00:38+00:00
trackb_cont_DBI_20260608,,,,,,9.01,6.55,,,,,,-23.8372,pending,,2026-06-11T13:00:38+00:00
trackb_cont_DDD_20260603,2.89,,,,,3.88,2.78,,,,,,-25.8667,pending,,2026-06-11T13:01:35+00:00
trackb_cont_DDD_20260604,,,,,,3.39,2.78,,,,,,-25.8667,pending,,2026-06-11T13:01:35+00:00
trackb_cont_DDD_20260605,,,,,,3.17,2.78,,,,,,-25.8667,pending,,2026-06-11T13:01:35+00:00
trackb_cont_DDD_20260608,,,,,,3.17,2.78,,,,,,-25.8667,pending,,2026-06-11T13:01:35+00:00
trackb_cont_DDOG_20260603,227.630005,,,,,262.200012,219.080002,,,,,,-11.0841,pending,,2026-06-11T13:01:09+00:00
trackb_cont_DDOG_20260604,,,,,,251.399994,219.080002,,,,,,-11.0841,pending,,2026-06-11T13:01:09+00:00
trackb_cont_DDOG_20260605,,,,,,241.610001,219.080002,,,,,,-11.0841,pending,,2026-06-11T13:01:09+00:00
trackb_cont_DDOG_20260608,,,,,,240.789993,219.080002,,,,,,-11.0841,pending,,2026-06-11T13:01:09+00:00
trackb_cont_DEA_20260603,23.879999,,,,,24.5,23.469999,,,,,,-0.8868,pending,,2026-06-11T13:02:29+00:00
trackb_cont_DEA_20260604,,,,,,24.5,23.469999,,,,,,-0.8868,pending,,2026-06-11T13:02:29+00:00
trackb_cont_DEA_20260605,,,,,,24.5,23.684999,,,,,,0.0211,pending,,2026-06-11T13:02:29+00:00
trackb_cont_DEA_20260609,,,,,,24.5,23.870001,,,,,,-0.1673,pending,,2026-06-11T13:02:29+00:00
trackb_cont_DEA_20260611,,,,,,,,,,,,,,pending,,2026-06-11T13:02:29+00:00
trackb_cont_DECK_20260603,111.18,,,,,115.0,105.129997,,,,,,-1.5683,pending,,2026-06-11T13:02:06+00:00
trackb_cont_DECK_20260604,,,,,,115.0,107.169998,,,,,,0.3417,pending,,2026-06-11T13:02:06+00:00
trackb_cont_DECK_20260605,,,,,,115.0,107.209999,,,,,,0.3792,pending,,2026-06-11T13:02:06+00:00
trackb_cont_DECK_20260608,,,,,,115.0,107.5,,,,,,-0.5826,pending,,2026-06-11T13:02:06+00:00
trackb_cont_DEI_20260608,,,,,,12.82,12.24,,,,,,0.3279,pending,,2026-06-11T13:02:51+00:00
trackb_cont_DEI_20260611,,,,,,,,,,,,,,pending,,2026-06-11T13:02:51+00:00
trackb_cont_DELL_20260603,369.829987,,,,,436.0,357.070007,,,,,,-13.9943,pending,,2026-06-11T13:01:35+00:00
trackb_cont_DELL_20260604,,,,,,430.5,357.070007,,,,,,-13.9943,pending,,2026-06-11T13:01:35+00:00
trackb_cont_DELL_20260605,,,,,,412.899994,357.070007,,,,,,-13.9943,pending,,2026-06-11T13:01:35+00:00
trackb_cont_DELL_20260608,,,,,,407.73999,357.070007,,,,,,-13.9943,pending,,2026-06-11T13:01:35+00:00
trackb_cont_DEVS_20260603,0.295,,,,,0.919,0.273,,,,,,-65.7121,pending,,2026-06-11T13:01:51+00:00
trackb_cont_DEVS_20260604,,,,,,0.897,0.273,,,,,,-65.7121,pending,,2026-06-11T13:01:51+00:00
trackb_cont_DEVS_20260605,,,,,,0.897,0.273,,,,,,-65.7121,pending,,2026-06-11T13:01:51+00:00
trackb_cont_DEVS_20260608,,,,,,0.897,0.273,,,,,,-65.7121,pending,,2026-06-11T13:01:51+00:00
trackb_cont_DE_20260603,560.049988,,,,,604.51001,559.940002,,,,,,-5.0434,pending,,2026-06-11T13:01:54+00:00
trackb_cont_DE_20260604,,,,,,604.51001,559.940002,,,,,,-5.0434,pending,,2026-06-11T13:01:54+00:00
trackb_cont_DE_20260605,,,,,,597.820007,559.940002,,,,,,-5.0434,pending,,2026-06-11T13:01:54+00:00
trackb_cont_DE_20260608,,,,,,592.609985,559.940002,,,,,,-5.0434,pending,,2026-06-11T13:01:54+00:00
trackb_cont_DE_20260609,,,,,,582.780029,559.940002,,,,,,-2.3917,pending,,2026-06-11T13:01:54+00:00
trackb_cont_DFH_20260603,14.43,,,,,15.346,14.08,,,,,,-1.7446,pending,,2026-06-11T13:02:27+00:00
trackb_cont_DFH_20260604,,,,,,15.346,14.08,,,,,,-1.7446,pending,,2026-06-11T13:02:27+00:00
trackb_cont_DFH_20260605,,,,,,15.346,14.08,,,,,,-1.7446,pending,,2026-06-11T13:02:27+00:00
trackb_cont_DGII_20260603,64.370003,,,,,70.300003,63.150002,,,,,,-6.769,pending,,2026-06-11T13:01:10+00:00
trackb_cont_DGII_20260604,,,,,,69.400002,63.150002,,,,,,-6.769,pending,,2026-06-11T13:01:10+00:00
trackb_cont_DGII_20260605,,,,,,69.019997,63.150002,,,,,,-6.769,pending,,2026-06-11T13:01:10+00:00
trackb_cont_DGII_20260608,,,,,,69.019997,63.150002,,,,,,-4.2456,pending,,2026-06-11T13:01:10+00:00
trackb_cont_DGXX_20260603,5.99,,,,,8.52,5.61,,,,,,-27.0481,pending,,2026-06-11T13:02:31+00:00
trackb_cont_DGXX_20260604,,,,,,8.0,5.61,,,,,,-27.0481,pending,,2026-06-11T13:02:31+00:00
trackb_cont_DGXX_20260605,,,,,,7.26,5.61,,,,,,-27.0481,pending,,2026-06-11T13:02:31+00:00
trackb_cont_DGX_20260611,,,,,,,,,,,,,,pending,,2026-06-11T13:02:37+00:00
trackb_cont_DHI_20260603,146.710007,,,,,151.360001,143.630005,,,,,,-0.9448,pending,,2026-06-11T13:02:13+00:00
trackb_cont_DHI_20260604,,,,,,151.360001,143.630005,,,,,,-0.9448,pending,,2026-06-11T13:02:13+00:00
trackb_cont_DHI_20260605,,,,,,151.360001,143.630005,,,,,,-0.9448,pending,,2026-06-11T13:02:13+00:00
trackb_cont_DHI_20260608,,,,,,151.360001,143.630005,,,,,,-0.9448,pending,,2026-06-11T13:02:13+00:00
trackb_cont_DHI_20260611,,,,,,,,,,,,,,pending,,2026-06-11T13:02:13+00:00
trackb_cont_DHR_20260610,,,,,,188.179993,183.589996,,,,,,0.0327,pending,,2026-06-11T13:02:34+00:00
trackb_cont_DINO_20260603,70.760002,,,,,74.379997,69.07,,,,,,-6.7063,pending,,2026-06-11T13:01:33+00:00
trackb_cont_DINO_20260604,,,,,,73.919998,69.07,,,,,,-6.7063,pending,,2026-06-11T13:01:33+00:00
trackb_cont_DINO_20260605,,,,,,73.919998,69.07,,,,,,-6.7063,pending,,2026-06-11T13:01:33+00:00
trackb_cont_DINO_20260608,,,,,,73.919998,69.07,,,,,,-3.2498,pending,,2026-06-11T13:01:33+00:00
trackb_cont_DK_20260608,,,,,,50.330002,45.540001,,,,,,-5.6752,pending,,2026-06-11T13:02:50+00:00
trackb_cont_DK_20260610,,,,,,49.189999,46.509998,,,,,,-4.0635,pending,,2026-06-11T13:02:50+00:00
trackb_cont_DLTR_20260603,110.32,,,,,115.230003,107.540001,,,,,,-2.5332,pending,,2026-06-11T13:02:13+00:00
trackb_cont_DLTR_20260604,,,,,,115.230003,107.540001,,,,,,-2.5332,pending,,2026-06-11T13:02:13+00:00
trackb_cont_DLTR_20260605,,,,,,113.209999,107.540001,,,,,,-2.5332,pending,,2026-06-11T13:02:13+00:00
trackb_cont_DLTR_20260608,,,,,,113.209999,107.540001,,,,,,-2.5332,pending,,2026-06-11T13:02:13+00:00
trackb_cont_DLTR_20260609,,,,,,113.209999,107.599998,,,,,,-0.0836,pending,,2026-06-11T13:02:13+00:00
trackb_cont_DLTR_20260611,,,,,,,,,,,,,,pending,,2026-06-11T13:02:13+00:00
trackb_cont_DNOW_20260608,,,,,,13.919,13.245,,,,,,0.1134,pending,,2026-06-11T13:02:49+00:00
trackb_cont_DNUT_20260611,,,,,,,,,,,,,,pending,,2026-06-11T13:03:26+00:00
trackb_cont_DOCN_20260603,171.470001,,,,,184.460007,153.710007,,,,,,-11.9645,pending,,2026-06-11T13:01:15+00:00
trackb_cont_DOCN_20260604,,,,,,184.460007,153.710007,,,,,,-11.9645,pending,,2026-06-11T13:01:15+00:00
trackb_cont_DOCN_20260605,,,,,,180.5,153.710007,,,,,,-11.9645,pending,,2026-06-11T13:01:15+00:00
trackb_cont_DOCN_20260608,,,,,,179.205002,153.710007,,,,,,-11.9645,pending,,2026-06-11T13:01:15+00:00
trackb_cont_DOC_20260603,20.469999,,,,,20.809999,19.07,,,,,,-1.3706,pending,,2026-06-11T13:01:59+00:00
trackb_cont_DOC_20260604,,,,,,20.809999,19.23,,,,,,-0.5431,pending,,2026-06-11T13:01:59+00:00
trackb_cont_DOC_20260605,,,,,,20.809999,19.450001,,,,,,0.5948,pending,,2026-06-11T13:01:59+00:00
trackb_cont_DORM_20260603,126.830002,,,,,132.149994,123.839996,,,,,,-0.354,pending,,2026-06-11T13:01:10+00:00
trackb_cont_DORM_20260604,,,,,,132.149994,124.889999,,,,,,0.4908,pending,,2026-06-11T13:01:10+00:00
trackb_cont_DORM_20260605,,,,,,132.149994,125.309998,,,,,,0.8288,pending,,2026-06-11T13:01:10+00:00
trackb_cont_DORM_20260608,,,,,,132.149994,126.349998,,,,,,-0.5353,pending,,2026-06-11T13:01:10+00:00
trackb_cont_DORM_20260611,,,,,,,,,,,,,,pending,,2026-06-11T13:01:10+00:00
trackb_cont_DRH_20260603,11.64,,,,,11.87,11.07,,,,,,-1.3808,pending,,2026-06-11T13:01:18+00:00
trackb_cont_DRH_20260604,,,,,,11.87,11.32,,,,,,0.8463,pending,,2026-06-11T13:01:18+00:00
trackb_cont_DRH_20260605,,,,,,11.87,11.53,,,,,,2.7171,pending,,2026-06-11T13:01:18+00:00
trackb_cont_DRH_20260608,,,,,,11.87,11.53,,,,,,-0.6891,pending,,2026-06-11T13:01:18+00:00
trackb_cont_DRH_20260609,,,,,,11.87,11.53,,,,,,-0.6891,pending,,2026-06-11T13:01:18+00:00
trackb_cont_DRH_20260611,,,,,,,,,,,,,,pending,,2026-06-11T13:01:18+00:00
trackb_cont_DVA_20260603,198.539993,,,,,200.0,186.610001,,,,,,-3.0144,pending,,2026-06-11T13:02:24+00:00
trackb_cont_DVA_20260604,,,,,,200.0,190.429993,,,,,,-1.0291,pending,,2026-06-11T13:02:24+00:00
trackb_cont_DVA_20260605,,,,,,200.0,190.429993,,,,,,-1.0291,pending,,2026-06-11T13:02:24+00:00
trackb_cont_DVA_20260608,,,,,,200.0,190.429993,,,,,,-1.0291,pending,,2026-06-11T13:02:24+00:00
trackb_cont_DXCM_20260603,74.769997,,,,,78.910004,71.529999,,,,,,-0.825,pending,,2026-06-11T13:01:44+00:00
trackb_cont_DXCM_20260604,,,,,,78.910004,71.529999,,,,,,-0.825,pending,,2026-06-11T13:01:44+00:00
trackb_cont_DXCM_20260605,,,,,,78.910004,72.519997,,,,,,0.5477,pending,,2026-06-11T13:01:44+00:00
trackb_cont_DXCM_20260608,,,,,,78.910004,73.0,,,,,,0.1921,pending,,2026-06-11T13:01:44+00:00
trackb_cont_D_20260603,66.769997,,,,,67.519997,65.459999,,,,,,-1.697,pending,,2026-06-11T13:02:10+00:00
trackb_cont_D_20260604,,,,,,67.519997,65.470001,,,,,,-1.6819,pending,,2026-06-11T13:02:10+00:00
trackb_cont_D_20260605,,,,,,67.519997,65.470001,,,,,,-1.6819,pending,,2026-06-11T13:02:10+00:00
trackb_cont_D_20260608,,,,,,67.199997,65.470001,,,,,,-1.6819,pending,,2026-06-11T13:02:10+00:00
trackb_cont_D_20260609,,,,,,66.959999,65.470001,,,,,,-0.0763,pending,,2026-06-11T13:02:10+00:00
trackb_cont_D_20260610,,,,,,66.959999,66.160004,,,,,,0.9768,pending,,2026-06-11T13:02:10+00:00
trackb_cont_EA_20260603,203.199997,,,,,203.899994,201.809998,,,,,,-0.3604,pending,,2026-06-11T13:01:43+00:00
trackb_cont_EA_20260604,,,,,,203.899994,202.270004,,,,,,-0.1333,pending,,2026-06-11T13:01:43+00:00
trackb_cont_EA_20260605,,,,,,203.899994,202.270004,,,,,,-0.1333,pending,,2026-06-11T13:01:43+00:00
trackb_cont_EA_20260608,,,,,,203.800003,202.270004,,,,,,-0.3596,pending,,2026-06-11T13:01:43+00:00
trackb_cont_EA_20260610,,,,,,203.800003,202.869995,,,,,,-0.1624,pending,,2026-06-11T13:01:43+00:00
trackb_cont_EEX_20260603,5.03,,,,,5.04,4.97,,,,,,-0.1005,pending,,2026-06-11T13:01:32+00:00
trackb_cont_EEX_20260604,,,,,,5.04,4.97,,,,,,-0.1005,pending,,2026-06-11T13:01:32+00:00
trackb_cont_EEX_20260605,,,,,,5.04,4.97,,,,,,-0.1005,pending,,2026-06-11T13:01:32+00:00
trackb_cont_EEX_20260608,,,,,,5.04,4.98,,,,,,0.1005,pending,,2026-06-11T13:01:32+00:00
trackb_cont_EEX_20260610,,,,,,5.04,5.015,,,,,,0.501,pending,,2026-06-11T13:01:32+00:00
trackb_cont_EEX_20260611,,,,,,,,,,,,,,pending,,2026-06-11T13:01:32+00:00
trackb_cont_EFC_20260603,13.61,,,,,13.73,13.35,,,,,,-0.5031,pending,,2026-06-11T13:01:01+00:00
trackb_cont_EFC_20260604,,,,,,13.73,13.36,,,,,,-0.4285,pending,,2026-06-11T13:01:01+00:00
trackb_cont_EFC_20260605,,,,,,13.73,13.38,,,,,,-0.2795,pending,,2026-06-11T13:01:01+00:00
trackb_cont_EFX_20260603,166.059998,,,,,178.339996,164.759995,,,,,,-1.6857,pending,,2026-06-11T13:01:41+00:00
trackb_cont_EFX_20260604,,,,,,178.339996,164.759995,,,,,,-1.6857,pending,,2026-06-11T13:01:41+00:00
trackb_cont_EFX_20260605,,,,,,174.0,164.759995,,,,,,-1.6857,pending,,2026-06-11T13:01:41+00:00
trackb_cont_EIG_20260603,46.619999,,,,,46.700001,43.150002,,,,,,-0.6104,pending,,2026-06-11T13:01:49+00:00
trackb_cont_EIG_20260604,,,,,,46.700001,44.119999,,,,,,1.6239,pending,,2026-06-11T13:01:49+00:00
trackb_cont_EIG_20260605,,,,,,46.700001,44.639999,,,,,,2.8216,pending,,2026-06-11T13:01:49+00:00
trackb_cont_EIG_20260608,,,,,,46.700001,45.439999,,,,,,4.6643,pending,,2026-06-11T13:01:49+00:00
trackb_cont_EIG_20260610,,,,,,46.700001,45.939999,,,,,,0.7677,pending,,2026-06-11T13:01:49+00:00
trackb_cont_EIX_20260603,71.5,,,,,73.830002,70.68,,,,,,-2.3015,pending,,2026-06-11T13:01:43+00:00
trackb_cont_EIX_20260604,,,,,,73.830002,70.68,,,,,,-2.3015,pending,,2026-06-11T13:01:43+00:00
trackb_cont_EIX_20260605,,,,,,73.830002,70.68,,,,,,-2.3015,pending,,2026-06-11T13:01:43+00:00
trackb_cont_EIX_20260608,,,,,,73.580002,70.68,,,,,,-2.3015,pending,,2026-06-11T13:01:43+00:00
trackb_cont_EIX_20260610,,,,,,72.019997,71.110001,,,,,,0.3811,pending,,2026-06-11T13:01:43+00:00
trackb_cont_ELS_20260611,,,,,,,,,,,,,,pending,,2026-06-11T13:03:27+00:00
trackb_cont_ELV_20260611,,,,,,,,,,,,,,pending,,2026-06-11T13:03:20+00:00
trackb_cont_EMN_20260603,71.339996,,,,,76.809998,71.010002,,,,,,-7.1036,pending,,2026-06-11T13:01:46+00:00
trackb_cont_EMN_20260604,,,,,,75.0,71.010002,,,,,,-7.1036,pending,,2026-06-11T13:01:46+00:00
trackb_cont_EMN_20260605,,,,,,73.919998,71.010002,,,,,,-7.1036,pending,,2026-06-11T13:01:46+00:00
trackb_cont_EMN_20260608,,,,,,73.919998,71.010002,,,,,,-7.1036,pending,,2026-06-11T13:01:46+00:00
trackb_cont_ENPH_20260603,50.57,,,,,72.800003,48.459999,,,,,,-29.9002,pending,,2026-06-11T13:00:45+00:00
trackb_cont_ENPH_20260604,,,,,,69.940002,48.459999,,,,,,-29.9002,pending,,2026-06-11T13:00:45+00:00
trackb_cont_ENPH_20260605,,,,,,66.610001,48.459999,,,,,,-29.9002,pending,,2026-06-11T13:00:45+00:00
trackb_cont_ENPH_20260608,,,,,,60.0,48.459999,,,,,,-29.9002,pending,,2026-06-11T13:00:45+00:00
trackb_cont_ENR_20260608,,,,,,20.15,19.290001,,,,,,-0.7716,pending,,2026-06-11T13:02:48+00:00
trackb_cont_ENS_20260603,220.759995,,,,,241.419998,217.059998,,,,,,-9.0715,pending,,2026-06-11T13:02:02+00:00
trackb_cont_ENS_20260604,,,,,,241.419998,217.059998,,,,,,-9.0715,pending,,2026-06-11T13:02:02+00:00
trackb_cont_ENS_20260605,,,,,,233.899994,217.059998,,,,,,-9.0715,pending,,2026-06-11T13:02:02+00:00
trackb_cont_ENS_20260608,,,,,,233.509995,217.059998,,,,,,-4.4125,pending,,2026-06-11T13:02:02+00:00
trackb_cont_ENVX_20260603,6.28,,,,,8.68,6.27,,,,,,-25.4015,pending,,2026-06-11T13:01:37+00:00
trackb_cont_ENVX_20260604,,,,,,8.545,6.27,,,,,,-25.4015,pending,,2026-06-11T13:01:37+00:00
trackb_cont_ENVX_20260605,,,,,,8.23,6.27,,,,,,-25.4015,pending,,2026-06-11T13:01:37+00:00
trackb_cont_ENVX_20260608,,,,,,7.68,6.27,,,,,,-25.4015,pending,,2026-06-11T13:01:37+00:00
trackb_cont_EOSE_20260603,6.07,,,,,9.128,5.88,,,,,,-31.5881,pending,,2026-06-11T13:01:39+00:00
trackb_cont_EOSE_20260604,,,,,,8.175,5.88,,,,,,-31.5881,pending,,2026-06-11T13:01:39+00:00
trackb_cont_EOSE_20260605,,,,,,7.82,5.88,,,,,,-31.5881,pending,,2026-06-11T13:01:39+00:00
trackb_cont_EPSM_20260603,1.84,,,,,4.47,0.83,,,,,,-48.125,pending,,2026-06-11T13:02:06+00:00
trackb_cont_EPSM_20260604,,,,,,4.47,0.83,,,,,,-48.125,pending,,2026-06-11T13:02:06+00:00
trackb_cont_EPSM_20260605,,,,,,4.47,0.83,,,,,,-48.125,pending,,2026-06-11T13:02:06+00:00
trackb_cont_EQIX_20260608,,,,,,1084.550049,1032.719971,,,,,,-4.4618,pending,,2026-06-11T13:02:52+00:00
trackb_cont_EQR_20260608,,,,,,69.029999,66.699997,,,,,,-2.1851,pending,,2026-06-11T13:02:45+00:00
trackb_cont_EQR_20260610,,,,,,68.230003,67.279999,,,,,,-0.0891,pending,,2026-06-11T13:02:45+00:00
trackb_cont_ESRT_20260603,5.59,,,,,5.84,5.22,,,,,,-3.9558,pending,,2026-06-11T13:02:31+00:00
trackb_cont_ESRT_20260604,,,,,,5.84,5.22,,,,,,-3.9558,pending,,2026-06-11T13:02:31+00:00
trackb_cont_ESRT_20260605,,,,,,5.84,5.23,,,,,,-3.7718,pending,,2026-06-11T13:02:31+00:00
trackb_cont_ESS_20260603,284.640015,,,,,288.309998,276.299988,,,,,,-1.1166,pending,,2026-06-11T13:01:53+00:00
trackb_cont_ESS_20260604,,,,,,288.309998,279.23999,,,,,,-0.0644,pending,,2026-06-11T13:01:53+00:00
trackb_cont_ESS_20260605,,,,,,288.309998,280.600006,,,,,,0.4223,pending,,2026-06-11T13:01:53+00:00
trackb_cont_ESS_20260608,,,,,,287.890015,280.600006,,,,,,-1.6922,pending,,2026-06-11T13:01:53+00:00
trackb_cont_ES_20260608,,,,,,70.620003,67.760002,,,,,,-4.0227,pending,,2026-06-11T13:02:48+00:00
trackb_cont_ETSY_20260603,68.730003,,,,,70.470001,65.900002,,,,,,-3.8097,pending,,2026-06-11T13:01:07+00:00
trackb_cont_ETSY_20260604,,,,,,70.089996,65.900002,,,,,,-3.8097,pending,,2026-06-11T13:01:07+00:00
trackb_cont_ETSY_20260605,,,,,,70.089996,65.900002,,,,,,-3.8097,pending,,2026-06-11T13:01:07+00:00
trackb_cont_ETSY_20260608,,,,,,70.089996,65.900002,,,,,,-3.8097,pending,,2026-06-11T13:01:07+00:00
trackb_cont_ETSY_20260609,,,,,,70.089996,66.845001,,,,,,-2.8839,pending,,2026-06-11T13:01:07+00:00
trackb_cont_ETSY_20260611,,,,,,,,,,,,,,pending,,2026-06-11T13:01:07+00:00
trackb_cont_EVC_20260603,8.95,,,,,9.66,8.44,,,,,,-1.5169,pending,,2026-06-11T13:01:51+00:00
trackb_cont_EVC_20260604,,,,,,9.66,8.44,,,,,,-1.5169,pending,,2026-06-11T13:01:51+00:00
trackb_cont_EVC_20260605,,,,,,9.66,8.44,,,,,,-1.5169,pending,,2026-06-11T13:01:51+00:00
trackb_cont_EVC_20260608,,,,,,9.66,8.44,,,,,,-3.7628,pending,,2026-06-11T13:01:51+00:00
trackb_cont_EVGO_20260603,1.89,,,,,2.51,1.87,,,,,,-17.2566,pending,,2026-06-11T13:02:07+00:00
trackb_cont_EVGO_20260604,,,,,,2.51,1.87,,,,,,-17.2566,pending,,2026-06-11T13:02:07+00:00
trackb_cont_EVGO_20260605,,,,,,2.47,1.87,,,,,,-17.2566,pending,,2026-06-11T13:02:07+00:00
trackb_cont_EVGO_20260608,,,,,,2.16,1.87,,,,,,-17.2566,pending,,2026-06-11T13:02:07+00:00
trackb_cont_EVH_20260609,,,,,,4.841,4.44,,,,,,-4.721,pending,,2026-06-11T13:03:05+00:00
trackb_cont_EVH_20260611,,,,,,,,,,,,,,pending,,2026-06-11T13:03:05+00:00
trackb_cont_EVR_20260603,340.779999,,,,,361.850006,334.290009,,,,,,-1.8785,pending,,2026-06-11T13:01:49+00:00
trackb_cont_EVR_20260604,,,,,,361.850006,335.76001,,,,,,-1.4471,pending,,2026-06-11T13:01:49+00:00
trackb_cont_EVR_20260605,,,,,,361.850006,335.76001,,,,,,-1.4471,pending,,2026-06-11T13:01:49+00:00
trackb_cont_EVR_20260608,,,,,,361.850006,339.279999,,,,,,-0.4139,pending,,2026-06-11T13:01:49+00:00
trackb_cont_EVR_20260611,,,,,,,,,,,,,,pending,,2026-06-11T13:01:49+00:00
trackb_cont_EWBC_20260608,,,,,,130.419998,126.0,,,,,,0.0476,pending,,2026-06-11T13:02:47+00:00
trackb_cont_EWBC_20260610,,,,,,130.419998,127.660004,,,,,,1.1088,pending,,2026-06-11T13:02:47+00:00
trackb_cont_EWBC_20260611,,,,,,,,,,,,,,pending,,2026-06-11T13:02:47+00:00
trackb_cont_EW_20260603,85.980003,,,,,89.480003,84.699997,,,,,,-1.8483,pending,,2026-06-11T13:01:28+00:00
trackb_cont_EW_20260604,,,,,,89.480003,84.699997,,,,,,-1.8483,pending,,2026-06-11T13:01:28+00:00
trackb_cont_EW_20260605,,,,,,89.480003,84.699997,,,,,,-1.8483,pending,,2026-06-11T13:01:28+00:00
trackb_cont_EW_20260608,,,,,,87.93,84.699997,,,,,,-1.8483,pending,,2026-06-11T13:01:28+00:00
trackb_cont_EW_20260609,,,,,,87.93,85.099998,,,,,,-0.8736,pending,,2026-06-11T13:01:28+00:00
trackb_cont_EW_20260610,,,,,,87.220001,85.099998,,,,,,-0.8736,pending,,2026-06-11T13:01:28+00:00
trackb_cont_EXEL_20260609,,,,,,53.82,52.009998,,,,,,0.5218,pending,,2026-06-11T13:03:00+00:00
trackb_cont_EXPD_20260603,164.710007,,,,,167.0,157.630005,,,,,,-1.1476,pending,,2026-06-11T13:02:10+00:00
trackb_cont_EXPD_20260604,,,,,,167.0,159.070007,,,,,,-0.2446,pending,,2026-06-11T13:02:10+00:00
trackb_cont_EXPD_20260605,,,,,,167.0,159.940002,,,,,,0.301,pending,,2026-06-11T13:02:10+00:00
trackb_cont_EXPD_20260608,,,,,,167.0,160.470001,,,,,,0.6334,pending,,2026-06-11T13:02:10+00:00
trackb_cont_EXPD_20260610,,,,,,165.410004,162.0,,,,,,-0.8811,pending,,2026-06-11T13:02:10+00:00
trackb_cont_EXPD_20260611,,,,,,,,,,,,,,pending,,2026-06-11T13:02:10+00:00
trackb_cont_EXP_20260603,213.190002,,,,,222.0,206.729996,,,,,,-5.287,pending,,2026-06-11T13:02:00+00:00
trackb_cont_EXP_20260604,,,,,,222.0,206.729996,,,,,,-5.287,pending,,2026-06-11T13:02:00+00:00
trackb_cont_EXP_20260605,,,,,,220.710007,206.729996,,,,,,-5.287,pending,,2026-06-11T13:02:00+00:00
trackb_cont_EXP_20260608,,,,,,220.710007,206.729996,,,,,,-2.8159,pending,,2026-06-11T13:02:00+00:00
trackb_cont_EXR_20260608,,,,,,151.75,143.910004,,,,,,-0.9635,pending,,2026-06-11T13:02:49+00:00
trackb_cont_EXR_20260609,,,,,,151.75,146.020004,,,,,,0.7035,pending,,2026-06-11T13:02:49+00:00
trackb_cont_EXTR_20260603,28.58,,,,,30.16,27.59,,,,,,-3.767,pending,,2026-06-11T13:00:37+00:00
trackb_cont_EXTR_20260604,,,,,,30.16,27.59,,,,,,-3.767,pending,,2026-06-11T13:00:37+00:00
trackb_cont_EXTR_20260605,,,,,,30.16,27.59,,,,,,-3.767,pending,,2026-06-11T13:00:37+00:00
trackb_cont_EXTR_20260608,,,,,,30.16,27.59,,,,,,-3.767,pending,,2026-06-11T13:00:37+00:00
trackb_cont_EXTR_20260609,,,,,,29.809999,27.59,,,,,,-6.696,pending,,2026-06-11T13:00:37+00:00
trackb_cont_EXTR_20260611,,,,,,,,,,,,,,pending,,2026-06-11T13:00:37+00:00
trackb_cont_FABC_20260608,,,,,,4.78,3.38,,,,,,-20.4706,pending,,2026-06-11T13:02:51+00:00
trackb_cont_FAST_20260611,,,,,,,,,,,,,,pending,,2026-06-11T13:03:28+00:00
trackb_cont_FA_20260603,15.84,,,,,16.610001,15.47,,,,,,-2.7961,pending,,2026-06-11T13:01:38+00:00
trackb_cont_FA_20260604,,,,,,16.610001,15.47,,,,,,-2.7961,pending,,2026-06-11T13:01:38+00:00
trackb_cont_FA_20260605,,,,,,16.24,15.47,,,,,,-2.7961,pending,,2026-06-11T13:01:38+00:00
trackb_cont_FA_20260608,,,,,,16.24,15.52,,,,,,-2.4819,pending,,2026-06-11T13:01:38+00:00
trackb_cont_FBIN_20260603,40.43,,,,,42.299999,38.459999,,,,,,-0.8763,pending,,2026-06-11T13:01:59+00:00
trackb_cont_FBIN_20260604,,,,,,42.299999,38.459999,,,,,,-0.8763,pending,,2026-06-11T13:01:59+00:00
trackb_cont_FBIN_20260605,,,,,,42.299999,38.459999,,,,,,-0.8763,pending,,2026-06-11T13:01:59+00:00
trackb_cont_FBIN_20260608,,,,,,42.299999,38.459999,,,,,,-0.8763,pending,,2026-06-11T13:01:59+00:00
trackb_cont_FBIN_20260609,,,,,,42.299999,39.310001,,,,,,-0.4054,pending,,2026-06-11T13:01:59+00:00
trackb_cont_FBIN_20260610,,,,,,42.299999,40.189999,,,,,,1.8242,pending,,2026-06-11T13:01:59+00:00
trackb_cont_FCEL_20260603,16.209999,,,,,23.959999,15.06,,,,,,-33.4512,pending,,2026-06-11T13:01:56+00:00
trackb_cont_FCEL_20260604,,,,,,22.9,15.06,,,,,,-33.4512,pending,,2026-06-11T13:01:56+00:00
trackb_cont_FCEL_20260605,,,,,,20.5,15.06,,,,,,-33.4512,pending,,2026-06-11T13:01:56+00:00
trackb_cont_FC_20260603,24.59,,,,,25.26,23.07,,,,,,-0.324,pending,,2026-06-11T13:01:54+00:00
trackb_cont_FC_20260604,,,,,,25.26,23.26,,,,,,0.4969,pending,,2026-06-11T13:01:54+00:00
trackb_cont_FC_20260605,,,,,,25.26,23.379999,,,,,,1.0153,pending,,2026-06-11T13:01:54+00:00
trackb_cont_FC_20260608,,,,,,25.26,23.379999,,,,,,1.0153,pending,,2026-06-11T13:01:54+00:00
trackb_cont_FC_20260610,,,,,,25.26,23.950001,,,,,,-0.0834,pending,,2026-06-11T13:01:54+00:00
trackb_cont_FC_20260611,,,,,,,,,,,,,,pending,,2026-06-11T13:01:54+00:00
trackb_cont_FDS_20260603,249.080002,,,,,264.369995,238.300003,,,,,,-5.933,pending,,2026-06-11T13:02:07+00:00
trackb_cont_FDS_20260604,,,,,,264.369995,238.300003,,,,,,-5.933,pending,,2026-06-11T13:02:07+00:00
trackb_cont_FDS_20260605,,,,,,259.0,238.300003,,,,,,-5.933,pending,,2026-06-11T13:02:07+00:00
trackb_cont_FDS_20260608,,,,,,256.649994,238.300003,,,,,,-5.933,pending,,2026-06-11T13:02:07+00:00
trackb_cont_FDS_20260609,,,,,,251.050003,238.300003,,,,,,-3.2795,pending,,2026-06-11T13:02:07+00:00
trackb_cont_FDX_20260603,319.25,,,,,337.48999,318.959991,,,,,,-2.6522,pending,,2026-06-11T13:02:09+00:00
trackb_cont_FDX_20260604,,,,,,337.48999,318.959991,,,,,,-2.6522,pending,,2026-06-11T13:02:09+00:00
trackb_cont_FDX_20260605,,,,,,337.48999,318.959991,,,,,,-2.6522,pending,,2026-06-11T13:02:09+00:00
trackb_cont_FDX_20260608,,,,,,337.48999,318.959991,,,,,,-2.6522,pending,,2026-06-11T13:02:09+00:00
trackb_cont_FDX_20260609,,,,,,337.48999,318.959991,,,,,,-3.4099,pending,,2026-06-11T13:02:09+00:00
trackb_cont_FDX_20260610,,,,,,331.480011,318.959991,,,,,,-3.4099,pending,,2026-06-11T13:02:09+00:00
trackb_cont_FDX_20260611,,,,,,,,,,,,,,pending,,2026-06-11T13:02:09+00:00
trackb_cont_FHN_20260611,,,,,,,,,,,,,,pending,,2026-06-11T13:03:24+00:00
trackb_cont_FICO_20260603,1220.150024,,,,,1260.0,1124.459961,,,,,,-3.1648,pending,,2026-06-11T13:02:18+00:00
trackb_cont_FICO_20260604,,,,,,1260.0,1124.459961,,,,,,-3.1648,pending,,2026-06-11T13:02:18+00:00
trackb_cont_FICO_20260605,,,,,,1260.0,1124.459961,,,,,,-3.1648,pending,,2026-06-11T13:02:18+00:00
trackb_cont_FITB_20260603,52.650002,,,,,53.93,49.470001,,,,,,-0.3625,pending,,2026-06-11T13:02:04+00:00
trackb_cont_FITB_20260604,,,,,,53.93,49.950001,,,,,,0.6042,pending,,2026-06-11T13:02:04+00:00
trackb_cont_FITB_20260605,,,,,,53.93,51.419998,,,,,,3.565,pending,,2026-06-11T13:02:04+00:00
trackb_cont_FITB_20260608,,,,,,53.93,51.790001,,,,,,-0.423,pending,,2026-06-11T13:02:04+00:00
trackb_cont_FITB_20260610,,,,,,53.93,52.439999,,,,,,0.9238,pending,,2026-06-11T13:02:04+00:00
trackb_cont_FITB_20260611,,,,,,,,,,,,,,pending,,2026-06-11T13:02:04+00:00
trackb_cont_FLEX_20260603,139.490005,,,,,166.860001,137.779999,,,,,,-16.0876,pending,,2026-06-11T13:00:37+00:00
trackb_cont_FLEX_20260604,,,,,,161.110001,137.779999,,,,,,-16.0876,pending,,2026-06-11T13:00:37+00:00
trackb_cont_FLEX_20260605,,,,,,158.699997,137.779999,,,,,,-16.0876,pending,,2026-06-11T13:00:37+00:00
trackb_cont_FLEX_20260608,,,,,,158.699997,137.779999,,,,,,-9.3075,pending,,2026-06-11T13:00:37+00:00
trackb_cont_FLNC_20260603,21.620001,,,,,28.08,21.375,,,,,,-16.3732,pending,,2026-06-11T13:01:27+00:00
trackb_cont_FLNC_20260604,,,,,,27.98,21.375,,,,,,-16.3732,pending,,2026-06-11T13:01:27+00:00
trackb_cont_FLNC_20260605,,,,,,27.98,21.375,,,,,,-16.3732,pending,,2026-06-11T13:01:27+00:00
trackb_cont_FLNC_20260608,,,,,,27.98,21.375,,,,,,-16.3732,pending,,2026-06-11T13:01:27+00:00
trackb_cont_FLR_20260611,,,,,,,,,,,,,,pending,,2026-06-11T13:03:27+00:00
trackb_cont_FLS_20260603,72.860001,,,,,76.879997,72.760002,,,,,,-3.9979,pending,,2026-06-11T13:00:58+00:00
trackb_cont_FLS_20260604,,,,,,76.879997,72.760002,,,,,,-3.9979,pending,,2026-06-11T13:00:58+00:00
trackb_cont_FLS_20260605,,,,,,76.879997,72.760002,,,,,,-3.9979,pending,,2026-06-11T13:00:58+00:00
trackb_cont_FLS_20260608,,,,,,76.879997,72.760002,,,,,,-3.9979,pending,,2026-06-11T13:00:58+00:00
trackb_cont_FLUT_20260611,,,,,,,,,,,,,,pending,,2026-06-11T13:02:57+00:00
trackb_cont_FLYX_20260603,2.25,,,,,2.695,2.24,,,,,,-11.811,pending,,2026-06-11T13:02:07+00:00
trackb_cont_FLYX_20260604,,,,,,2.695,2.24,,,,,,-11.811,pending,,2026-06-11T13:02:07+00:00
trackb_cont_FLYX_20260605,,,,,,2.605,2.24,,,,,,-11.811,pending,,2026-06-11T13:02:07+00:00
trackb_cont_FLYX_20260608,,,,,,2.605,2.24,,,,,,-10.4,pending,,2026-06-11T13:02:07+00:00
trackb_cont_FORR_20260603,6.73,,,,,7.45,6.62,,,,,,-1.9259,pending,,2026-06-11T13:01:36+00:00
trackb_cont_FOR_20260603,28.32,,,,,29.299999,26.879999,,,,,,0.0186,pending,,2026-06-11T13:01:30+00:00
trackb_cont_FOR_20260604,,,,,,29.299999,27.700001,,,,,,3.0698,pending,,2026-06-11T13:01:30+00:00
trackb_cont_FOR_20260605,,,,,,29.299999,28.0,,,,,,4.186,pending,,2026-06-11T13:01:30+00:00
trackb_cont_FOR_20260608,,,,,,29.299999,28.17,,,,,,4.8186,pending,,2026-06-11T13:01:30+00:00
trackb_cont_FOR_20260611,,,,,,,,,,,,,,pending,,2026-06-11T13:01:30+00:00
trackb_cont_FOXA_20260611,,,,,,,,,,,,,,pending,,2026-06-11T13:03:22+00:00
trackb_cont_FOX_20260609,,,,,,61.779999,60.049999,,,,,,-0.4806,pending,,2026-06-11T13:03:04+00:00
trackb_cont_FPH_20260603,5.02,,,,,5.19,4.89,,,,,,-1.6097,pending,,2026-06-11T13:01:54+00:00
trackb_cont_FPH_20260604,,,,,,5.19,4.89,,,,,,-1.6097,pending,,2026-06-11T13:01:54+00:00
trackb_cont_FPH_20260605,,,,,,5.19,4.89,,,,,,-1.6097,pending,,2026-06-11T13:01:54+00:00
trackb_cont_FPH_20260609,,,,,,5.17,4.98,,,,,,-1.9685,pending,,2026-06-11T13:01:54+00:00
trackb_cont_FPH_20260610,,,,,,5.09,4.98,,,,,,-1.9685,pending,,2026-06-11T13:01:54+00:00
trackb_cont_FRT_20260603,123.620003,,,,,125.580002,119.080002,,,,,,-0.2931,pending,,2026-06-11T13:02:26+00:00
trackb_cont_FRT_20260604,,,,,,125.580002,120.089996,,,,,,0.5526,pending,,2026-06-11T13:02:26+00:00
trackb_cont_FRT_20260605,,,,,,125.580002,120.510002,,,,,,0.9043,pending,,2026-06-11T13:02:26+00:00
trackb_cont_FRT_20260608,,,,,,125.580002,121.629997,,,,,,-0.7588,pending,,2026-06-11T13:02:26+00:00
trackb_cont_FRT_20260610,,,,,,125.580002,123.449997,,,,,,1.1056,pending,,2026-06-11T13:02:26+00:00
trackb_cont_FSLR_20260603,249.270004,,,,,320.950012,248.660004,,,,,,-21.4195,pending,,2026-06-11T13:00:43+00:00
trackb_cont_FSLR_20260604,,,,,,320.640015,248.660004,,,,,,-21.4195,pending,,2026-06-11T13:00:43+00:00
trackb_cont_FSLR_20260605,,,,,,306.549988,248.660004,,,,,,-21.4195,pending,,2026-06-11T13:00:43+00:00
trackb_cont_FSLR_20260608,,,,,,289.98999,248.660004,,,,,,-21.4195,pending,,2026-06-11T13:00:43+00:00
trackb_cont_FSTR_20260603,40.759998,,,,,42.799999,40.75,,,,,,-2.512,pending,,2026-06-11T13:01:16+00:00
trackb_cont_FSTR_20260604,,,,,,42.799999,40.75,,,,,,-2.512,pending,,2026-06-11T13:01:16+00:00
trackb_cont_FSTR_20260605,,,,,,42.799999,40.75,,,,,,-2.512,pending,,2026-06-11T13:01:16+00:00
trackb_cont_FSTR_20260608,,,,,,42.799999,40.75,,,,,,-1.8309,pending,,2026-06-11T13:01:16+00:00
trackb_cont_FSTR_20260610,,,,,,42.75,40.75,,,,,,-2.4186,pending,,2026-06-11T13:01:16+00:00
trackb_cont_FTCI_20260603,4.29,,,,,5.89,4.24,,,,,,-25.1465,pending,,2026-06-11T13:01:03+00:00
trackb_cont_FTCI_20260604,,,,,,5.53,4.24,,,,,,-25.1465,pending,,2026-06-11T13:01:03+00:00
trackb_cont_FTCI_20260605,,,,,,5.31,4.24,,,,,,-25.1465,pending,,2026-06-11T13:01:03+00:00
trackb_cont_FTCI_20260608,,,,,,5.008,4.24,,,,,,-10.7368,pending,,2026-06-11T13:01:03+00:00
trackb_cont_FTNT_20260603,138.880005,,,,,150.070007,133.050003,,,,,,-9.5236,pending,,2026-06-11T13:00:40+00:00
trackb_cont_FTNT_20260604,,,,,,150.070007,133.050003,,,,,,-9.5236,pending,,2026-06-11T13:00:40+00:00
trackb_cont_FTNT_20260605,,,,,,149.050003,133.050003,,,,,,-9.5236,pending,,2026-06-11T13:00:40+00:00
trackb_cont_FTNT_20260608,,,,,,147.0,133.050003,,,,,,-8.0384,pending,,2026-06-11T13:00:40+00:00
trackb_cont_FTNT_20260609,,,,,,144.300003,133.050003,,,,,,-6.9841,pending,,2026-06-11T13:00:40+00:00
trackb_cont_FTNT_20260610,,,,,,141.300003,137.009995,,,,,,-4.2156,pending,,2026-06-11T13:00:40+00:00
trackb_cont_FTV_20260610,,,,,,63.400002,59.973,,,,,,-1.9408,pending,,2026-06-11T13:03:12+00:00
trackb_cont_FUL_20260603,61.189999,,,,,63.48,58.84,,,,,,-5.8635,pending,,2026-06-11T13:02:19+00:00
trackb_cont_FUL_20260604,,,,,,63.240002,58.84,,,,,,-5.8635,pending,,2026-06-11T13:02:19+00:00
trackb_cont_FUL_20260605,,,,,,62.93,58.84,,,,,,-5.8635,pending,,2026-06-11T13:02:19+00:00
trackb_cont_FUL_20260608,,,,,,62.93,59.66,,,,,,-4.5516,pending,,2026-06-11T13:02:19+00:00
trackb_cont_FUN_20260611,,,,,,,,,,,,,,pending,,2026-06-11T13:03:20+00:00
trackb_cont_FVR_20260603,19.620001,,,,,19.9,17.809999,,,,,,-0.8904,pending,,2026-06-11T13:01:53+00:00
trackb_cont_FVR_20260604,,,,,,19.9,17.879999,,,,,,-0.5008,pending,,2026-06-11T13:01:53+00:00
trackb_cont_FVR_20260605,,,,,,19.9,18.315001,,,,,,1.9199,pending,,2026-06-11T13:01:53+00:00
trackb_cont_FVR_20260608,,,,,,19.9,18.67,,,,,,3.8954,pending,,2026-06-11T13:01:53+00:00
trackb_cont_FVR_20260611,,,,,,,,,,,,,,pending,,2026-06-11T13:01:53+00:00
trackb_cont_F_20260603,14.3,,,,,16.200001,14.23,,,,,,-9.9652,pending,,2026-06-11T13:02:20+00:00
trackb_cont_F_20260604,,,,,,15.89,14.23,,,,,,-9.9652,pending,,2026-06-11T13:02:20+00:00
trackb_cont_F_20260605,,,,,,15.39,14.23,,,,,,-9.9652,pending,,2026-06-11T13:02:20+00:00
trackb_cont_F_20260608,,,,,,15.39,14.23,,,,,,-9.9652,pending,,2026-06-11T13:02:20+00:00
trackb_cont_GCO_20260603,39.02,,,,,41.299999,37.880001,,,,,,-2.7471,pending,,2026-06-11T13:01:08+00:00
trackb_cont_GCO_20260604,,,,,,41.299999,37.880001,,,,,,-2.7471,pending,,2026-06-11T13:01:08+00:00
trackb_cont_GCO_20260605,,,,,,41.299999,37.880001,,,,,,-2.7471,pending,,2026-06-11T13:01:08+00:00
trackb_cont_GCO_20260608,,,,,,41.299999,38.07,,,,,,-2.2593,pending,,2026-06-11T13:01:08+00:00
trackb_cont_GCO_20260610,,,,,,40.459999,38.380001,,,,,,-2.1168,pending,,2026-06-11T13:01:08+00:00
trackb_cont_GEO_20260603,28.139999,,,,,28.5,23.0,,,,,,-0.6694,pending,,2026-06-11T13:01:14+00:00
trackb_cont_GEO_20260604,,,,,,28.5,23.73,,,,,,2.4833,pending,,2026-06-11T13:01:14+00:00
trackb_cont_GEO_20260605,,,,,,28.5,24.93,,,,,,7.6657,pending,,2026-06-11T13:01:14+00:00
trackb_cont_GEO_20260608,,,,,,28.5,25.15,,,,,,-0.6322,pending,,2026-06-11T13:01:14+00:00
trackb_cont_GEO_20260609,,,,,,28.5,26.059999,,,,,,-2.3238,pending,,2026-06-11T13:01:14+00:00
trackb_cont_GEO_20260610,,,,,,28.5,26.66,,,,,,-0.075,pending,,2026-06-11T13:01:14+00:00
trackb_cont_GEO_20260611,,,,,,,,,,,,,,pending,,2026-06-11T13:01:14+00:00
trackb_cont_GE_20260603,318.709991,,,,,332.48999,311.0,,,,,,-1.629,pending,,2026-06-11T13:01:57+00:00
trackb_cont_GE_20260604,,,,,,332.48999,316.25,,,,,,0.0316,pending,,2026-06-11T13:01:57+00:00
trackb_cont_GE_20260605,,,,,,332.48999,318.25,,,,,,0.6642,pending,,2026-06-11T13:01:57+00:00
trackb_cont_GE_20260608,,,,,,332.019989,318.25,,,,,,0.6642,pending,,2026-06-11T13:01:57+00:00
trackb_cont_GE_20260610,,,,,,330.570007,318.25,,,,,,-1.1769,pending,,2026-06-11T13:01:57+00:00
trackb_cont_GFS_20260603,74.82,,,,,88.5,70.485001,,,,,,-18.2214,pending,,2026-06-11T13:02:30+00:00
trackb_cont_GFS_20260604,,,,,,86.846001,70.485001,,,,,,-18.2214,pending,,2026-06-11T13:02:30+00:00
trackb_cont_GFS_20260605,,,,,,82.535004,70.485001,,,,,,-18.2214,pending,,2026-06-11T13:02:30+00:00
trackb_cont_GFS_20260608,,,,,,79.68,70.485001,,,,,,-18.2214,pending,,2026-06-11T13:02:30+00:00
trackb_cont_GHI_20260603,5.14,,,,,5.5,5.1,,,,,,-5.3101,pending,,2026-06-11T13:01:41+00:00
trackb_cont_GHI_20260604,,,,,,5.38,5.1,,,,,,-5.3101,pending,,2026-06-11T13:01:41+00:00
trackb_cont_GHI_20260605,,,,,,5.28,5.1,,,,,,-5.3101,pending,,2026-06-11T13:01:41+00:00
trackb_cont_GHI_20260608,,,,,,5.25,5.1,,,,,,-5.3101,pending,,2026-06-11T13:01:41+00:00
trackb_cont_GH_20260603,130.699997,,,,,134.279999,122.760002,,,,,,-4.2023,pending,,2026-06-11T13:01:15+00:00
trackb_cont_GH_20260604,,,,,,134.279999,122.760002,,,,,,-4.2023,pending,,2026-06-11T13:01:15+00:00
trackb_cont_GH_20260605,,,,,,133.339996,122.760002,,,,,,-4.2023,pending,,2026-06-11T13:01:15+00:00
trackb_cont_GH_20260608,,,,,,133.309998,122.760002,,,,,,-4.2023,pending,,2026-06-11T13:01:15+00:00
trackb_cont_GH_20260610,,,,,,133.309998,128.460007,,,,,,2.8585,pending,,2026-06-11T13:01:15+00:00
trackb_cont_GIII_20260603,34.07,,,,,36.529999,31.360001,,,,,,-2.6238,pending,,2026-06-11T13:01:26+00:00
trackb_cont_GIII_20260604,,,,,,36.529999,31.360001,,,,,,-2.6238,pending,,2026-06-11T13:01:26+00:00
trackb_cont_GIII_20260605,,,,,,36.529999,32.790001,,,,,,1.8165,pending,,2026-06-11T13:01:26+00:00
trackb_cont_GIII_20260608,,,,,,36.529999,33.540001,,,,,,4.1453,pending,,2026-06-11T13:01:26+00:00
trackb_cont_GLW_20260603,168.169998,,,,,208.570007,166.0,,,,,,-17.1781,pending,,2026-06-11T13:02:06+00:00
trackb_cont_GLW_20260604,,,,,,199.800003,166.0,,,,,,-17.1781,pending,,2026-06-11T13:02:06+00:00
trackb_cont_GLW_20260605,,,,,,192.899994,166.0,,,,,,-17.1781,pending,,2026-06-11T13:02:06+00:00
trackb_cont_GLW_20260608,,,,,,192.899994,166.0,,,,,,-17.1781,pending,,2026-06-11T13:02:06+00:00
trackb_cont_GL_20260609,,,,,,163.5,156.669998,,,,,,-0.2928,pending,,2026-06-11T13:02:59+00:00
trackb_cont_GL_20260611,,,,,,,,,,,,,,pending,,2026-06-11T13:02:59+00:00
trackb_cont_GM_20260603,79.400002,,,,,85.099998,79.0,,,,,,-4.7849,pending,,2026-06-11T13:02:11+00:00
trackb_cont_GM_20260604,,,,,,85.099998,79.0,,,,,,-4.7849,pending,,2026-06-11T13:02:11+00:00
trackb_cont_GM_20260605,,,,,,85.099998,79.0,,,,,,-4.7849,pending,,2026-06-11T13:02:11+00:00
trackb_cont_GM_20260608,,,,,,85.099998,79.0,,,,,,-3.7876,pending,,2026-06-11T13:02:11+00:00
trackb_cont_GM_20260610,,,,,,83.790001,79.0,,,,,,-5.6942,pending,,2026-06-11T13:02:11+00:00
trackb_cont_GM_20260611,,,,,,,,,,,,,,pending,,2026-06-11T13:02:11+00:00
trackb_cont_GNRC_20260603,239.110001,,,,,289.799988,237.0,,,,,,-17.5337,pending,,2026-06-11T13:01:50+00:00
trackb_cont_GNRC_20260604,,,,,,282.209991,237.0,,,,,,-17.5337,pending,,2026-06-11T13:01:50+00:00
trackb_cont_GNRC_20260605,,,,,,275.350006,237.0,,,,,,-17.5337,pending,,2026-06-11T13:01:50+00:00
trackb_cont_GNRC_20260608,,,,,,275.350006,237.0,,,,,,-17.5337,pending,,2026-06-11T13:01:50+00:00
trackb_cont_GNTX_20260603,24.629999,,,,,25.299999,24.440001,,,,,,-2.2009,pending,,2026-06-11T13:01:25+00:00
trackb_cont_GNTX_20260604,,,,,,25.299999,24.440001,,,,,,-2.2009,pending,,2026-06-11T13:01:25+00:00
trackb_cont_GNTX_20260605,,,,,,25.15,24.440001,,,,,,-2.2009,pending,,2026-06-11T13:01:25+00:00
trackb_cont_GNTX_20260608,,,,,,25.15,24.440001,,,,,,-2.2009,pending,,2026-06-11T13:01:25+00:00
trackb_cont_GNTX_20260609,,,,,,25.15,24.440001,,,,,,-1.0927,pending,,2026-06-11T13:01:25+00:00
trackb_cont_GOLF_20260611,,,,,,,,,,,,,,pending,,2026-06-11T13:03:08+00:00
trackb_cont_GOOD_20260610,,,,,,12.84,12.68,,,,,,1.1971,pending,,2026-06-11T13:03:15+00:00
trackb_cont_GO_20260611,,,,,,,,,,,,,,pending,,2026-06-11T13:03:19+00:00
trackb_cont_GRBK_20260603,70.0,,,,,71.879997,67.93,,,,,,-0.6145,pending,,2026-06-11T13:01:08+00:00
trackb_cont_GRBK_20260604,,,,,,71.879997,67.93,,,,,,-0.6145,pending,,2026-06-11T13:01:08+00:00
trackb_cont_GRBK_20260605,,,,,,71.879997,67.93,,,,,,-0.6145,pending,,2026-06-11T13:01:08+00:00
trackb_cont_GRBK_20260608,,,,,,71.879997,67.93,,,,,,-0.6145,pending,,2026-06-11T13:01:08+00:00
trackb_cont_GRBK_20260610,,,,,,71.879997,69.900002,,,,,,2.8849,pending,,2026-06-11T13:01:08+00:00
trackb_cont_GS_20260603,1001.289978,,,,,1098.359985,1000.039978,,,,,,-3.6227,pending,,2026-06-11T13:01:04+00:00
trackb_cont_GS_20260604,,,,,,1098.359985,1000.039978,,,,,,-3.6227,pending,,2026-06-11T13:01:04+00:00
trackb_cont_GS_20260605,,,,,,1098.359985,1000.039978,,,,,,-3.6227,pending,,2026-06-11T13:01:04+00:00
trackb_cont_GS_20260608,,,,,,1064.349976,1000.039978,,,,,,-3.7201,pending,,2026-06-11T13:01:04+00:00
trackb_cont_GTLS_20260603,206.449997,,,,,208.279999,206.279999,,,,,,-0.6741,pending,,2026-06-11T13:02:24+00:00
trackb_cont_GTLS_20260604,,,,,,207.820007,206.279999,,,,,,-0.6741,pending,,2026-06-11T13:02:24+00:00
trackb_cont_GTLS_20260605,,,,,,207.669998,206.279999,,,,,,-0.6741,pending,,2026-06-11T13:02:24+00:00
trackb_cont_GTLS_20260608,,,,,,207.559998,206.279999,,,,,,-0.6741,pending,,2026-06-11T13:02:24+00:00
trackb_cont_GWW_20260603,1317.630005,,,,,1349.73999,1266.640015,,,,,,-2.0856,pending,,2026-06-11T13:01:26+00:00
trackb_cont_GWW_20260604,,,,,,1349.73999,1281.689941,,,,,,-0.9222,pending,,2026-06-11T13:01:26+00:00
trackb_cont_GWW_20260605,,,,,,1349.73999,1283.459961,,,,,,-0.7854,pending,,2026-06-11T13:01:26+00:00
trackb_cont_GWW_20260608,,,,,,1349.73999,1288.650024,,,,,,-0.8738,pending,,2026-06-11T13:01:26+00:00
trackb_cont_GWW_20260609,,,,,,1349.73999,1304.310059,,,,,,-0.0199,pending,,2026-06-11T13:01:26+00:00
trackb_cont_GWW_20260610,,,,,,1349.73999,1309.969971,,,,,,0.4139,pending,,2026-06-11T13:01:26+00:00
trackb_cont_HAE_20260603,78.800003,,,,,80.800003,65.059998,,,,,,-0.3217,pending,,2026-06-11T13:01:27+00:00
trackb_cont_HAE_20260604,,,,,,80.800003,66.440002,,,,,,1.7926,pending,,2026-06-11T13:01:27+00:00
trackb_cont_HAE_20260605,,,,,,80.800003,69.639999,,,,,,6.6953,pending,,2026-06-11T13:01:27+00:00
trackb_cont_HAE_20260608,,,,,,80.800003,70.660004,,,,,,8.258,pending,,2026-06-11T13:01:27+00:00
trackb_cont_HAE_20260609,,,,,,80.800003,75.0,,,,,,0.1603,pending,,2026-06-11T13:01:27+00:00
trackb_cont_HALO_20260609,,,,,,72.290001,70.239998,,,,,,-0.6928,pending,,2026-06-11T13:03:02+00:00
trackb_cont_HAYW_20260611,,,,,,,,,,,,,,pending,,2026-06-11T13:03:23+00:00
trackb_cont_HBAN_20260611,,,,,,,,,,,,,,pending,,2026-06-11T13:03:20+00:00
trackb_cont_HCC_20260603,95.230003,,,,,109.709999,92.754997,,,,,,-13.402,pending,,2026-06-11T13:00:35+00:00
trackb_cont_HCC_20260604,,,,,,109.709999,92.754997,,,,,,-13.402,pending,,2026-06-11T13:00:35+00:00
trackb_cont_HCC_20260605,,,,,,104.690002,92.754997,,,,,,-13.402,pending,,2026-06-11T13:00:35+00:00
trackb_cont_HCC_20260608,,,,,,101.699997,92.754997,,,,,,-13.402,pending,,2026-06-11T13:00:35+00:00
trackb_cont_HCI_20260609,,,,,,163.039993,154.529999,,,,,,0.4289,pending,,2026-06-11T13:03:02+00:00
trackb_cont_HGV_20260603,49.880001,,,,,52.009998,47.41,,,,,,-6.3784,pending,,2026-06-11T13:01:53+00:00
trackb_cont_HGV_20260604,,,,,,50.424999,47.41,,,,,,-6.3784,pending,,2026-06-11T13:01:53+00:00
trackb_cont_HGV_20260605,,,,,,50.419998,47.41,,,,,,-6.3784,pending,,2026-06-11T13:01:53+00:00
trackb_cont_HIMS_20260611,,,,,,,,,,,,,,pending,,2026-06-11T13:03:18+00:00
trackb_cont_HIW_20260603,30.200001,,,,,30.73,26.639999,,,,,,-0.597,pending,,2026-06-11T13:01:03+00:00
trackb_cont_HIW_20260604,,,,,,30.73,26.66,,,,,,-0.5224,pending,,2026-06-11T13:01:03+00:00
trackb_cont_HIW_20260605,,,,,,30.73,27.190001,,,,,,1.4552,pending,,2026-06-11T13:01:03+00:00
trackb_cont_HIW_20260608,,,,,,30.73,28.02,,,,,,0.5022,pending,,2026-06-11T13:01:03+00:00
trackb_cont_HLT_20260603,338.220001,,,,,347.269989,328.299988,,,,,,-1.571,pending,,2026-06-11T13:01:53+00:00
trackb_cont_HLT_20260604,,,,,,347.269989,328.299988,,,,,,-1.571,pending,,2026-06-11T13:01:53+00:00
trackb_cont_HLT_20260605,,,,,,347.269989,328.299988,,,,,,-1.571,pending,,2026-06-11T13:01:53+00:00
trackb_cont_HLT_20260608,,,,,,347.269989,328.299988,,,,,,-1.571,pending,,2026-06-11T13:01:53+00:00
trackb_cont_HNGE_20260603,62.060001,,,,,66.550003,56.77,,,,,,-2.6244,pending,,2026-06-11T13:02:20+00:00
trackb_cont_HNGE_20260604,,,,,,66.550003,58.154999,,,,,,-0.2487,pending,,2026-06-11T13:02:20+00:00
trackb_cont_HNGE_20260605,,,,,,66.550003,61.5,,,,,,5.4889,pending,,2026-06-11T13:02:20+00:00
trackb_cont_HNGE_20260608,,,,,,65.989998,61.5,,,,,,5.4889,pending,,2026-06-11T13:02:20+00:00
trackb_cont_HNGE_20260609,,,,,,65.989998,61.5,,,,,,-2.1635,pending,,2026-06-11T13:02:20+00:00
trackb_cont_HNGE_20260610,,,,,,65.989998,61.5,,,,,,-2.1635,pending,,2026-06-11T13:02:20+00:00
trackb_cont_HNGE_20260611,,,,,,,,,,,,,,pending,,2026-06-11T13:02:20+00:00
trackb_cont_HON_20260603,205.880005,,,,,237.490005,205.520004,,,,,,-11.7599,pending,,2026-06-11T13:01:39+00:00
trackb_cont_HON_20260604,,,,,,226.759995,205.520004,,,,,,-11.7599,pending,,2026-06-11T13:01:39+00:00
trackb_cont_HON_20260605,,,,,,218.990005,205.520004,,,,,,-11.7599,pending,,2026-06-11T13:01:39+00:00
trackb_cont_HON_20260608,,,,,,216.210007,205.520004,,,,,,-11.7599,pending,,2026-06-11T13:01:39+00:00
trackb_cont_HOOD_20260603,86.360001,,,,,91.459999,78.93,,,,,,-4.8807,pending,,2026-06-11T13:02:30+00:00
trackb_cont_HOOD_20260604,,,,,,91.459999,78.93,,,,,,-4.8807,pending,,2026-06-11T13:02:30+00:00
trackb_cont_HOOD_20260605,,,,,,91.459999,78.93,,,,,,-4.8807,pending,,2026-06-11T13:02:30+00:00
trackb_cont_HOOD_20260608,,,,,,91.459999,78.93,,,,,,-4.8807,pending,,2026-06-11T13:02:30+00:00
trackb_cont_HOV_20260603,111.919998,,,,,115.279999,107.720001,,,,,,-0.37,pending,,2026-06-11T13:01:25+00:00
trackb_cont_HOV_20260604,,,,,,115.279999,107.720001,,,,,,-0.37,pending,,2026-06-11T13:01:25+00:00
trackb_cont_HOV_20260605,,,,,,115.279999,107.720001,,,,,,-0.37,pending,,2026-06-11T13:01:25+00:00
trackb_cont_HOV_20260608,,,,,,115.279999,107.720001,,,,,,-0.37,pending,,2026-06-11T13:01:25+00:00
trackb_cont_HPE_20260603,45.490002,,,,,55.990002,44.91,,,,,,-18.2116,pending,,2026-06-11T13:02:10+00:00
trackb_cont_HPE_20260604,,,,,,54.470001,44.91,,,,,,-18.2116,pending,,2026-06-11T13:02:10+00:00
trackb_cont_HPE_20260605,,,,,,53.054001,44.91,,,,,,-18.2116,pending,,2026-06-11T13:02:10+00:00
trackb_cont_HPE_20260608,,,,,,50.866001,44.91,,,,,,-18.2116,pending,,2026-06-11T13:02:10+00:00
trackb_cont_HPP_20260603,15.06,,,,,15.69,12.84,,,,,,-0.5807,pending,,2026-06-11T13:00:37+00:00
trackb_cont_HPP_20260604,,,,,,15.69,13.38,,,,,,3.6005,pending,,2026-06-11T13:00:37+00:00
trackb_cont_HPP_20260605,,,,,,15.69,13.52,,,,,,4.6845,pending,,2026-06-11T13:00:37+00:00
trackb_cont_HPP_20260608,,,,,,15.69,13.75,,,,,,0.0728,pending,,2026-06-11T13:00:37+00:00
trackb_cont_HPP_20260611,,,,,,,,,,,,,,pending,,2026-06-11T13:00:37+00:00
trackb_cont_HPQ_20260603,24.690001,,,,,26.879999,24.07,,,,,,-8.6181,pending,,2026-06-11T13:02:18+00:00
trackb_cont_HPQ_20260604,,,,,,26.709999,24.07,,,,,,-8.6181,pending,,2026-06-11T13:02:18+00:00
trackb_cont_HPQ_20260605,,,,,,26.280001,24.07,,,,,,-8.6181,pending,,2026-06-11T13:02:18+00:00
trackb_cont_HRB_20260603,37.209999,,,,,39.0,36.869999,,,,,,-1.2323,pending,,2026-06-11T13:01:36+00:00
trackb_cont_HRB_20260604,,,,,,39.0,36.869999,,,,,,-1.2323,pending,,2026-06-11T13:01:36+00:00
trackb_cont_HRB_20260605,,,,,,38.73,36.869999,,,,,,-1.2323,pending,,2026-06-11T13:01:36+00:00
trackb_cont_HRB_20260608,,,,,,38.68,36.869999,,,,,,-1.2323,pending,,2026-06-11T13:01:36+00:00
trackb_cont_HRI_20260608,,,,,,153.979996,135.199997,,,,,,-1.0828,pending,,2026-06-11T13:02:49+00:00
trackb_cont_HRI_20260611,,,,,,,,,,,,,,pending,,2026-06-11T13:02:49+00:00
trackb_cont_HRL_20260603,24.290001,,,,,24.549999,22.9,,,,,,-2.2829,pending,,2026-06-11T13:01:33+00:00
trackb_cont_HRL_20260604,,,,,,24.549999,22.92,,,,,,-2.1976,pending,,2026-06-11T13:01:33+00:00
trackb_cont_HRL_20260605,,,,,,24.549999,23.309999,,,,,,-0.5334,pending,,2026-06-11T13:01:33+00:00
trackb_cont_HRL_20260608,,,,,,24.549999,23.370001,,,,,,-0.2774,pending,,2026-06-11T13:01:33+00:00
trackb_cont_HRL_20260609,,,,,,24.549999,23.530001,,,,,,-0.4653,pending,,2026-06-11T13:01:33+00:00
trackb_cont_HRL_20260610,,,,,,24.549999,24.1,,,,,,1.9459,pending,,2026-06-11T13:01:33+00:00
trackb_cont_HSIC_20260603,78.849998,,,,,81.209999,75.440002,,,,,,-0.7172,pending,,2026-06-11T13:02:05+00:00
trackb_cont_HSIC_20260604,,,,,,81.209999,76.129997,,,,,,0.1908,pending,,2026-06-11T13:02:05+00:00
trackb_cont_HSIC_20260605,,,,,,81.209999,76.129997,,,,,,0.1908,pending,,2026-06-11T13:02:05+00:00
trackb_cont_HSIC_20260608,,,,,,81.209999,76.879997,,,,,,1.1779,pending,,2026-06-11T13:02:05+00:00
trackb_cont_HSIC_20260609,,,,,,81.209999,78.5,,,,,,0.5766,pending,,2026-06-11T13:02:05+00:00
trackb_cont_HSIC_20260610,,,,,,81.209999,78.779999,,,,,,0.9353,pending,,2026-06-11T13:02:05+00:00
trackb_cont_HST_20260603,23.950001,,,,,24.9,23.41,,,,,,-2.1934,pending,,2026-06-11T13:00:59+00:00
trackb_cont_HST_20260604,,,,,,24.9,23.940001,,,,,,0.0209,pending,,2026-06-11T13:00:59+00:00
trackb_cont_HST_20260605,,,,,,24.9,23.940001,,,,,,0.0209,pending,,2026-06-11T13:00:59+00:00
trackb_cont_HST_20260608,,,,,,24.9,23.940001,,,,,,-2.762,pending,,2026-06-11T13:00:59+00:00
trackb_cont_HST_20260610,,,,,,24.6,23.940001,,,,,,-2.0458,pending,,2026-06-11T13:00:59+00:00
trackb_cont_HTLD_20260603,15.78,,,,,16.639999,15.16,,,,,,-2.3825,pending,,2026-06-11T13:00:45+00:00
trackb_cont_HTLD_20260604,,,,,,16.639999,15.17,,,,,,-2.3181,pending,,2026-06-11T13:00:45+00:00
trackb_cont_HTLD_20260605,,,,,,16.639999,15.42,,,,,,-0.7083,pending,,2026-06-11T13:00:45+00:00
trackb_cont_HTLD_20260608,,,,,,16.639999,15.42,,,,,,-2.033,pending,,2026-06-11T13:00:45+00:00
trackb_cont_HUBG_20260603,44.439999,,,,,45.580002,42.630001,,,,,,-1.4107,pending,,2026-06-11T13:01:15+00:00
trackb_cont_HUBG_20260604,,,,,,45.580002,42.630001,,,,,,-1.4107,pending,,2026-06-11T13:01:15+00:00
trackb_cont_HUBG_20260605,,,,,,45.580002,42.630001,,,,,,-1.4107,pending,,2026-06-11T13:01:15+00:00
trackb_cont_HUBG_20260608,,,,,,45.580002,42.630001,,,,,,-0.6988,pending,,2026-06-11T13:01:15+00:00
trackb_cont_HUBG_20260609,,,,,,45.580002,43.509998,,,,,,-2.4658,pending,,2026-06-11T13:01:15+00:00
trackb_cont_HUBG_20260611,,,,,,,,,,,,,,pending,,2026-06-11T13:01:15+00:00
trackb_cont_HUBS_20260603,192.789993,,,,,235.440002,190.020004,,,,,,-14.4131,pending,,2026-06-11T13:02:15+00:00
trackb_cont_HUBS_20260604,,,,,,234.880005,190.020004,,,,,,-14.4131,pending,,2026-06-11T13:02:15+00:00
trackb_cont_HUBS_20260605,,,,,,225.0,190.020004,,,,,,-14.4131,pending,,2026-06-11T13:02:15+00:00
trackb_cont_HUBS_20260608,,,,,,212.059998,190.020004,,,,,,-14.4131,pending,,2026-06-11T13:02:15+00:00
trackb_cont_HUM_20260603,364.459991,,,,,369.339996,321.200012,,,,,,-2.2192,pending,,2026-06-11T13:01:33+00:00
trackb_cont_HUM_20260604,,,,,,369.339996,333.549988,,,,,,1.5404,pending,,2026-06-11T13:01:33+00:00
trackb_cont_HUM_20260605,,,,,,369.339996,342.709991,,,,,,4.3289,pending,,2026-06-11T13:01:33+00:00
trackb_cont_HUM_20260608,,,,,,369.339996,343.920013,,,,,,-1.7596,pending,,2026-06-11T13:01:33+00:00
trackb_cont_HUM_20260611,,,,,,,,,,,,,,pending,,2026-06-11T13:01:33+00:00
trackb_cont_HUN_20260603,14.23,,,,,15.08,13.96,,,,,,-5.9299,pending,,2026-06-11T13:02:09+00:00
trackb_cont_HUN_20260604,,,,,,14.71,13.96,,,,,,-5.9299,pending,,2026-06-11T13:02:09+00:00
trackb_cont_HUN_20260605,,,,,,14.68,13.96,,,,,,-5.9299,pending,,2026-06-11T13:02:09+00:00
trackb_cont_HUT_20260603,105.68,,,,,135.309998,104.25,,,,,,-20.4472,pending,,2026-06-11T13:01:30+00:00
trackb_cont_HUT_20260604,,,,,,130.580002,104.25,,,,,,-20.4472,pending,,2026-06-11T13:01:30+00:00
trackb_cont_HUT_20260605,,,,,,124.980003,104.25,,,,,,-20.4472,pending,,2026-06-11T13:01:30+00:00
trackb_cont_HUT_20260608,,,,,,124.980003,104.25,,,,,,-7.1187,pending,,2026-06-11T13:01:30+00:00
trackb_cont_HZO_20260603,32.599998,,,,,35.459999,32.59,,,,,,-5.7002,pending,,2026-06-11T13:01:52+00:00
trackb_cont_HZO_20260604,,,,,,35.459999,32.59,,,,,,-5.7002,pending,,2026-06-11T13:01:52+00:00
trackb_cont_HZO_20260605,,,,,,34.889999,32.59,,,,,,-5.7002,pending,,2026-06-11T13:01:52+00:00
trackb_cont_HZO_20260608,,,,,,34.32,32.59,,,,,,-5.7002,pending,,2026-06-11T13:01:52+00:00
trackb_cont_H_20260603,190.630005,,,,,199.869995,182.429993,,,,,,-1.7397,pending,,2026-06-11T13:01:46+00:00
trackb_cont_H_20260604,,,,,,199.869995,185.130005,,,,,,-0.2855,pending,,2026-06-11T13:01:46+00:00
trackb_cont_H_20260605,,,,,,199.869995,189.809998,,,,,,2.2353,pending,,2026-06-11T13:01:46+00:00
trackb_cont_H_20260608,,,,,,199.869995,189.809998,,,,,,2.2353,pending,,2026-06-11T13:01:46+00:00
trackb_cont_H_20260609,,,,,,199.869995,189.809998,,,,,,-2.0184,pending,,2026-06-11T13:01:46+00:00
trackb_cont_H_20260611,,,,,,,,,,,,,,pending,,2026-06-11T13:01:46+00:00
trackb_cont_IAUX_20260603,1.37,,,,,1.6,1.36,,,,,,-12.5402,pending,,2026-06-11T13:01:34+00:00
trackb_cont_IAUX_20260604,,,,,,1.6,1.36,,,,,,-12.5402,pending,,2026-06-11T13:01:34+00:00
trackb_cont_IAUX_20260605,,,,,,1.569,1.36,,,,,,-12.5402,pending,,2026-06-11T13:01:34+00:00
trackb_cont_IAUX_20260608,,,,,,1.45,1.36,,,,,,-12.5402,pending,,2026-06-11T13:01:34+00:00
trackb_cont_IBKR_20260603,85.419998,,,,,89.029999,83.110001,,,,,,-5.3686,pending,,2026-06-11T13:01:56+00:00
trackb_cont_IBKR_20260604,,,,,,88.529999,83.110001,,,,,,-5.3686,pending,,2026-06-11T13:01:56+00:00
trackb_cont_IBKR_20260605,,,,,,88.529999,83.120003,,,,,,-5.3572,pending,,2026-06-11T13:01:56+00:00
trackb_cont_IBM_20260603,272.359985,,,,,318.299988,271.290009,,,,,,-10.7889,pending,,2026-06-11T13:00:43+00:00
trackb_cont_IBM_20260604,,,,,,310.440002,271.290009,,,,,,-10.7889,pending,,2026-06-11T13:00:43+00:00
trackb_cont_IBM_20260605,,,,,,302.299988,271.290009,,,,,,-10.7889,pending,,2026-06-11T13:00:43+00:00
trackb_cont_IBM_20260608,,,,,,290.5,271.290009,,,,,,-10.7889,pending,,2026-06-11T13:00:43+00:00
trackb_cont_ICHR_20260603,72.169998,,,,,80.739998,62.439999,,,,,,-14.3719,pending,,2026-06-11T13:01:38+00:00
trackb_cont_ICHR_20260604,,,,,,80.739998,62.439999,,,,,,-14.3719,pending,,2026-06-11T13:01:38+00:00
trackb_cont_ICHR_20260605,,,,,,80.739998,62.439999,,,,,,-14.3719,pending,,2026-06-11T13:01:38+00:00
trackb_cont_ICUI_20260609,,,,,,144.380005,138.580002,,,,,,0.8001,pending,,2026-06-11T13:03:03+00:00
trackb_cont_ICUI_20260611,,,,,,,,,,,,,,pending,,2026-06-11T13:03:03+00:00
trackb_cont_IDT_20260603,55.5,,,,,58.439999,52.009998,,,,,,-2.7214,pending,,2026-06-11T13:01:44+00:00
trackb_cont_IDT_20260604,,,,,,58.439999,52.009998,,,,,,-2.7214,pending,,2026-06-11T13:01:44+00:00
trackb_cont_IDT_20260605,,,,,,57.259998,54.200001,,,,,,1.3747,pending,,2026-06-11T13:01:44+00:00
trackb_cont_IDXX_20260611,,,,,,,,,,,,,,pending,,2026-06-11T13:02:44+00:00
trackb_cont_IESC_20260603,678.200012,,,,,768.0,670.700012,,,,,,-7.8,pending,,2026-06-11T13:01:15+00:00
trackb_cont_IESC_20260604,,,,,,768.0,670.700012,,,,,,-7.8,pending,,2026-06-11T13:01:15+00:00
trackb_cont_IESC_20260605,,,,,,768.0,670.700012,,,,,,-7.8,pending,,2026-06-11T13:01:15+00:00
trackb_cont_IESC_20260608,,,,,,768.0,670.700012,,,,,,-6.9403,pending,,2026-06-11T13:01:15+00:00
trackb_cont_IEX_20260611,,,,,,,,,,,,,,pending,,2026-06-11T13:03:21+00:00
trackb_cont_IIPR_20260611,,,,,,,,,,,,,,pending,,2026-06-11T13:03:20+00:00
trackb_cont_ILMN_20260603,162.470001,,,,,177.220001,155.550003,,,,,,-7.0094,pending,,2026-06-11T13:01:25+00:00
trackb_cont_ILMN_20260604,,,,,,177.220001,155.550003,,,,,,-7.0094,pending,,2026-06-11T13:01:25+00:00
trackb_cont_ILMN_20260605,,,,,,168.630005,155.550003,,,,,,-7.0094,pending,,2026-06-11T13:01:25+00:00
trackb_cont_ILMN_20260608,,,,,,166.970001,155.550003,,,,,,-7.0094,pending,,2026-06-11T13:01:25+00:00
trackb_cont_ILPT_20260603,8.66,,,,,8.998,8.47,,,,,,-3.2553,pending,,2026-06-11T13:01:42+00:00
trackb_cont_ILPT_20260604,,,,,,8.998,8.47,,,,,,-3.2553,pending,,2026-06-11T13:01:42+00:00
trackb_cont_ILPT_20260605,,,,,,8.998,8.47,,,,,,-3.2553,pending,,2026-06-11T13:01:42+00:00
trackb_cont_ILPT_20260608,,,,,,8.998,8.47,,,,,,-3.2553,pending,,2026-06-11T13:01:42+00:00
trackb_cont_ILPT_20260611,,,,,,,,,,,,,,pending,,2026-06-11T13:01:42+00:00
trackb_cont_INCY_20260608,,,,,,110.339996,98.779999,,,,,,-3.5163,pending,,2026-06-11T13:02:50+00:00
trackb_cont_INCY_20260611,,,,,,,,,,,,,,pending,,2026-06-11T13:02:50+00:00
trackb_cont_INN_20260603,6.12,,,,,6.28,5.69,,,,,,-4.45,pending,,2026-06-11T13:01:05+00:00
trackb_cont_INN_20260604,,,,,,6.28,5.69,,,,,,-4.45,pending,,2026-06-11T13:01:05+00:00
trackb_cont_INN_20260605,,,,,,6.28,5.69,,,,,,-4.45,pending,,2026-06-11T13:01:05+00:00
trackb_cont_INN_20260608,,,,,,6.28,5.82,,,,,,-2.267,pending,,2026-06-11T13:01:05+00:00
trackb_cont_INN_20260611,,,,,,,,,,,,,,pending,,2026-06-11T13:01:05+00:00
trackb_cont_INOD_20260603,99.889999,,,,,125.139999,89.599998,,,,,,-16.8908,pending,,2026-06-11T13:01:05+00:00
trackb_cont_INOD_20260604,,,,,,125.139999,89.599998,,,,,,-16.8908,pending,,2026-06-11T13:01:05+00:00
trackb_cont_INOD_20260605,,,,,,119.199997,89.599998,,,,,,-16.8908,pending,,2026-06-11T13:01:05+00:00
trackb_cont_INOD_20260608,,,,,,109.209999,89.599998,,,,,,-16.8908,pending,,2026-06-11T13:01:05+00:00
trackb_cont_INSE_20260603,8.01,,,,,8.342,7.36,,,,,,-2.5166,pending,,2026-06-11T13:02:13+00:00
trackb_cont_INSE_20260604,,,,,,8.342,7.36,,,,,,-2.5166,pending,,2026-06-11T13:02:13+00:00
trackb_cont_INSE_20260605,,,,,,8.342,7.36,,,,,,-2.5166,pending,,2026-06-11T13:02:13+00:00
trackb_cont_INSE_20260608,,,,,,8.342,7.53,,,,,,-0.2649,pending,,2026-06-11T13:02:13+00:00
trackb_cont_INSE_20260611,,,,,,,,,,,,,,pending,,2026-06-11T13:02:13+00:00
trackb_cont_INVH_20260608,,,,,,30.094999,29.219999,,,,,,-2.7297,pending,,2026-06-11T13:02:48+00:00
trackb_cont_INVH_20260609,,,,,,29.975,29.25,,,,,,-0.4425,pending,,2026-06-11T13:02:48+00:00
trackb_cont_INVH_20260610,,,,,,29.975,29.629999,,,,,,0.8509,pending,,2026-06-11T13:02:48+00:00
trackb_cont_INVH_20260611,,,,,,,,,,,,,,pending,,2026-06-11T13:02:48+00:00
trackb_cont_IONQ_20260603,56.630001,,,,,73.650002,53.264999,,,,,,-22.3995,pending,,2026-06-11T13:00:53+00:00
trackb_cont_IONQ_20260604,,,,,,69.463997,53.264999,,,,,,-22.3995,pending,,2026-06-11T13:00:53+00:00
trackb_cont_IONQ_20260605,,,,,,64.900002,53.264999,,,,,,-22.3995,pending,,2026-06-11T13:00:53+00:00
trackb_cont_IONQ_20260608,,,,,,64.900002,53.264999,,,,,,-22.3995,pending,,2026-06-11T13:00:53+00:00
trackb_cont_IPAR_20260611,,,,,,,,,,,,,,pending,,2026-06-11T13:02:43+00:00
trackb_cont_IPGP_20260603,104.07,,,,,135.0,100.57,,,,,,-24.2239,pending,,2026-06-11T13:01:03+00:00
trackb_cont_IPGP_20260604,,,,,,126.43,100.57,,,,,,-24.2239,pending,,2026-06-11T13:01:03+00:00
trackb_cont_IPGP_20260605,,,,,,118.169998,100.57,,,,,,-24.2239,pending,,2026-06-11T13:01:03+00:00
trackb_cont_IPGP_20260608,,,,,,115.57,100.57,,,,,,-24.2239,pending,,2026-06-11T13:01:03+00:00
trackb_cont_IPX_20260603,34.189999,,,,,43.259998,34.153999,,,,,,-15.4185,pending,,2026-06-11T13:01:28+00:00
trackb_cont_IPX_20260604,,,,,,40.540001,34.153999,,,,,,-15.4185,pending,,2026-06-11T13:01:28+00:00
trackb_cont_IPX_20260605,,,,,,39.540001,34.153999,,,,,,-15.4185,pending,,2026-06-11T13:01:28+00:00
trackb_cont_IP_20260603,31.85,,,,,34.529999,31.780001,,,,,,-5.0777,pending,,2026-06-11T13:01:14+00:00
trackb_cont_IP_20260604,,,,,,34.529999,31.780001,,,,,,-5.0777,pending,,2026-06-11T13:01:14+00:00
trackb_cont_IP_20260605,,,,,,34.290001,31.780001,,,,,,-5.0777,pending,,2026-06-11T13:01:14+00:00
trackb_cont_IP_20260608,,,,,,34.130001,31.780001,,,,,,-5.4448,pending,,2026-06-11T13:01:14+00:00
trackb_cont_IP_20260611,,,,,,,,,,,,,,pending,,2026-06-11T13:01:14+00:00
trackb_cont_IQV_20260603,182.169998,,,,,190.679993,174.100006,,,,,,-1.0795,pending,,2026-06-11T13:02:19+00:00
trackb_cont_IQV_20260604,,,,,,190.679993,180.419998,,,,,,2.5114,pending,,2026-06-11T13:02:19+00:00
trackb_cont_IQV_20260605,,,,,,190.679993,180.419998,,,,,,2.5114,pending,,2026-06-11T13:02:19+00:00
trackb_cont_IQV_20260608,,,,,,190.679993,180.419998,,,,,,2.5114,pending,,2026-06-11T13:02:19+00:00
trackb_cont_IQV_20260609,,,,,,190.679993,180.419998,,,,,,-1.7802,pending,,2026-06-11T13:02:19+00:00
trackb_cont_IRDM_20260603,45.610001,,,,,53.830002,43.540001,,,,,,-14.7945,pending,,2026-06-11T13:01:56+00:00
trackb_cont_IRDM_20260604,,,,,,53.32,43.540001,,,,,,-14.7945,pending,,2026-06-11T13:01:56+00:00
trackb_cont_IRDM_20260605,,,,,,50.959999,43.540001,,,,,,-14.7945,pending,,2026-06-11T13:01:56+00:00
trackb_cont_IRDM_20260608,,,,,,49.630001,43.540001,,,,,,-14.7945,pending,,2026-06-11T13:01:56+00:00
trackb_cont_ITGR_20260603,91.370003,,,,,94.760002,90.0,,,,,,-0.1664,pending,,2026-06-11T13:01:47+00:00
trackb_cont_ITGR_20260604,,,,,,94.760002,91.110001,,,,,,1.0649,pending,,2026-06-11T13:01:47+00:00
trackb_cont_ITGR_20260605,,,,,,94.760002,91.190002,,,,,,1.1536,pending,,2026-06-11T13:01:47+00:00
trackb_cont_ITGR_20260608,,,,,,94.760002,91.190002,,,,,,1.1536,pending,,2026-06-11T13:01:47+00:00
trackb_cont_IT_20260603,154.910004,,,,,171.330002,152.720001,,,,,,-7.5041,pending,,2026-06-11T13:02:14+00:00
trackb_cont_IT_20260604,,,,,,171.330002,152.720001,,,,,,-7.5041,pending,,2026-06-11T13:02:14+00:00
trackb_cont_IT_20260605,,,,,,171.0,152.720001,,,,,,-7.5041,pending,,2026-06-11T13:02:14+00:00
trackb_cont_IT_20260608,,,,,,164.300003,152.720001,,,,,,-7.5041,pending,,2026-06-11T13:02:14+00:00
trackb_cont_IVT_20260603,34.759998,,,,,35.5,32.48,,,,,,-0.8093,pending,,2026-06-11T13:02:01+00:00
trackb_cont_IVT_20260604,,,,,,35.5,32.580002,,,,,,-0.5039,pending,,2026-06-11T13:02:01+00:00
trackb_cont_IVT_20260605,,,,,,35.5,33.040001,,,,,,0.9009,pending,,2026-06-11T13:02:01+00:00
trackb_cont_IVT_20260608,,,,,,35.5,33.880001,,,,,,1.2855,pending,,2026-06-11T13:02:01+00:00
trackb_cont_IVT_20260610,,,,,,35.5,34.615002,,,,,,0.9773,pending,,2026-06-11T13:02:01+00:00
trackb_cont_IVZ_20260608,,,,,,28.540001,27.23,,,,,,-0.4388,pending,,2026-06-11T13:02:52+00:00
trackb_cont_JBHT_20260603,280.75,,,,,293.540009,270.890015,,,,,,-2.9346,pending,,2026-06-11T13:01:19+00:00
trackb_cont_JBHT_20260604,,,,,,293.540009,270.890015,,,,,,-2.9346,pending,,2026-06-11T13:01:19+00:00
trackb_cont_JBHT_20260605,,,,,,293.540009,270.890015,,,,,,-2.9346,pending,,2026-06-11T13:01:19+00:00
trackb_cont_JBHT_20260608,,,,,,293.540009,270.890015,,,,,,-2.9346,pending,,2026-06-11T13:01:19+00:00
trackb_cont_JBHT_20260609,,,,,,293.540009,270.890015,,,,,,-5.9965,pending,,2026-06-11T13:01:19+00:00
trackb_cont_JBHT_20260611,,,,,,,,,,,,,,pending,,2026-06-11T13:01:19+00:00
trackb_cont_JBL_20260603,352.359985,,,,,384.700012,341.470001,,,,,,-10.3518,pending,,2026-06-11T13:01:40+00:00
trackb_cont_JBL_20260604,,,,,,378.73999,341.470001,,,,,,-10.3518,pending,,2026-06-11T13:01:40+00:00
trackb_cont_JBL_20260605,,,,,,376.579987,341.470001,,,,,,-10.3518,pending,,2026-06-11T13:01:40+00:00
trackb_cont_JBL_20260608,,,,,,376.579987,341.470001,,,,,,-10.3518,pending,,2026-06-11T13:01:40+00:00
trackb_cont_JEF_20260603,57.900002,,,,,59.939999,52.630001,,,,,,-0.7356,pending,,2026-06-11T13:00:44+00:00
trackb_cont_JEF_20260604,,,,,,59.939999,53.419998,,,,,,0.7544,pending,,2026-06-11T13:00:44+00:00
trackb_cont_JEF_20260605,,,,,,59.939999,54.779999,,,,,,3.3195,pending,,2026-06-11T13:00:44+00:00
trackb_cont_JEF_20260608,,,,,,59.939999,56.5,,,,,,6.5636,pending,,2026-06-11T13:00:44+00:00
trackb_cont_JEF_20260609,,,,,,59.939999,57.439999,,,,,,-0.7945,pending,,2026-06-11T13:00:44+00:00
trackb_cont_JEF_20260610,,,,,,59.939999,57.669998,,,,,,-0.3972,pending,,2026-06-11T13:00:44+00:00
trackb_cont_JEF_20260611,,,,,,,,,,,,,,pending,,2026-06-11T13:00:44+00:00
trackb_cont_JNJ_20260610,,,,,,240.929993,237.050003,,,,,,2.1063,pending,,2026-06-11T13:02:38+00:00
trackb_cont_JPM_20260609,,,,,,316.420013,309.01001,,,,,,-0.675,pending,,2026-06-11T13:03:01+00:00
trackb_cont_JRSH_20260603,3.59,,,,,3.675,3.278,,,,,,-3.871,pending,,2026-06-11T13:01:56+00:00
trackb_cont_JRSH_20260604,,,,,,3.675,3.278,,,,,,-3.871,pending,,2026-06-11T13:01:56+00:00
trackb_cont_JRSH_20260605,,,,,,3.675,3.278,,,,,,-3.871,pending,,2026-06-11T13:01:56+00:00
trackb_cont_JRSH_20260608,,,,,,3.675,3.375,,,,,,-1.0264,pending,,2026-06-11T13:01:56+00:00
trackb_cont_JRSH_20260611,,,,,,,,,,,,,,pending,,2026-06-11T13:01:56+00:00
trackb_cont_J_20260611,,,,,,,,,,,,,,pending,,2026-06-11T13:03:06+00:00
trackb_cont_KBH_20260603,52.16,,,,,54.220001,50.279999,,,,,,-0.6128,pending,,2026-06-11T13:01:10+00:00
trackb_cont_KBH_20260604,,,,,,54.220001,51.349998,,,,,,1.5023,pending,,2026-06-11T13:01:10+00:00
trackb_cont_KBH_20260605,,,,,,54.220001,51.349998,,,,,,1.5023,pending,,2026-06-11T13:01:10+00:00
trackb_cont_KBH_20260608,,,,,,54.220001,51.349998,,,,,,1.5023,pending,,2026-06-11T13:01:10+00:00
trackb_cont_KBH_20260609,,,,,,54.220001,51.68,,,,,,0.5056,pending,,2026-06-11T13:01:10+00:00
trackb_cont_KBR_20260609,,,,,,35.889999,34.02,,,,,,-3.3797,pending,,2026-06-11T13:03:01+00:00
trackb_cont_KBR_20260611,,,,,,,,,,,,,,pending,,2026-06-11T13:03:01+00:00
trackb_cont_KDP_20260603,31.700001,,,,,32.279999,30.0,,,,,,-2.7553,pending,,2026-06-11T13:01:08+00:00
trackb_cont_KDP_20260604,,,,,,32.279999,30.0,,,,,,-2.7553,pending,,2026-06-11T13:01:08+00:00
trackb_cont_KDP_20260605,,,,,,32.279999,30.209999,,,,,,-2.0746,pending,,2026-06-11T13:01:08+00:00
trackb_cont_KDP_20260608,,,,,,32.279999,30.530001,,,,,,-1.0373,pending,,2026-06-11T13:01:08+00:00
trackb_cont_KDP_20260611,,,,,,,,,,,,,,pending,,2026-06-11T13:01:08+00:00
trackb_cont_KEEL_20260603,5.25,,,,,6.45,4.81,,,,,,-23.1629,pending,,2026-06-11T13:01:21+00:00
trackb_cont_KEEL_20260604,,,,,,6.355,4.81,,,,,,-23.1629,pending,,2026-06-11T13:01:21+00:00
trackb_cont_KEEL_20260605,,,,,,6.355,4.81,,,,,,-23.1629,pending,,2026-06-11T13:01:21+00:00
trackb_cont_KEEL_20260608,,,,,,6.355,5.17,,,,,,-17.4121,pending,,2026-06-11T13:01:21+00:00
trackb_cont_KELYA_20260603,11.72,,,,,12.16,11.24,,,,,,-1.3169,pending,,2026-06-11T13:01:58+00:00
trackb_cont_KELYA_20260604,,,,,,12.16,11.47,,,,,,0.7024,pending,,2026-06-11T13:01:58+00:00
trackb_cont_KELYA_20260605,,,,,,12.16,11.61,,,,,,1.9315,pending,,2026-06-11T13:01:58+00:00
trackb_cont_KELYA_20260608,,,,,,12.12,11.61,,,,,,1.9315,pending,,2026-06-11T13:01:58+00:00
trackb_cont_KELYA_20260609,,,,,,12.12,11.61,,,,,,-2.2727,pending,,2026-06-11T13:01:58+00:00
trackb_cont_KELYA_20260610,,,,,,11.93,11.69,,,,,,-1.5993,pending,,2026-06-11T13:01:58+00:00
trackb_cont_KFRC_20260603,49.16,,,,,49.77,45.849998,,,,,,-0.7361,pending,,2026-06-11T13:01:18+00:00
trackb_cont_KFRC_20260604,,,,,,49.77,46.959999,,,,,,1.667,pending,,2026-06-11T13:01:18+00:00
trackb_cont_KFRC_20260605,,,,,,49.77,46.959999,,,,,,1.667,pending,,2026-06-11T13:01:18+00:00
trackb_cont_KFRC_20260608,,,,,,49.77,46.959999,,,,,,-1.2408,pending,,2026-06-11T13:01:18+00:00
trackb_cont_KFRC_20260609,,,,,,49.77,46.959999,,,,,,-1.942,pending,,2026-06-11T13:01:18+00:00
trackb_cont_KFRC_20260610,,,,,,49.77,47.77,,,,,,-0.2506,pending,,2026-06-11T13:01:18+00:00
trackb_cont_KFRC_20260611,,,,,,,,,,,,,,pending,,2026-06-11T13:01:18+00:00
trackb_cont_KFY_20260603,73.300003,,,,,74.720001,69.239998,,,,,,-0.5744,pending,,2026-06-11T13:01:29+00:00
trackb_cont_KFY_20260604,,,,,,74.720001,70.610001,,,,,,1.3929,pending,,2026-06-11T13:01:29+00:00
trackb_cont_KFY_20260605,,,,,,74.720001,70.730003,,,,,,1.5652,pending,,2026-06-11T13:01:29+00:00
trackb_cont_KFY_20260608,,,,,,74.720001,72.120003,,,,,,-0.2765,pending,,2026-06-11T13:01:29+00:00
trackb_cont_KFY_20260610,,,,,,74.540001,73.290001,,,,,,0.8671,pending,,2026-06-11T13:01:29+00:00
trackb_cont_KIM_20260610,,,,,,25.709999,25.129999,,,,,,3.6716,pending,,2026-06-11T13:03:13+00:00
trackb_cont_KIM_20260611,,,,,,,,,,,,,,pending,,2026-06-11T13:03:13+00:00
trackb_cont_KLAC_20260603,2135.639893,,,,,2304.406006,1927.72998,,,,,,-7.1376,pending,,2026-06-11T13:00:49+00:00
trackb_cont_KLAC_20260604,,,,,,2304.406006,1927.72998,,,,,,-7.1376,pending,,2026-06-11T13:00:49+00:00
trackb_cont_KLAC_20260605,,,,,,2304.406006,1927.72998,,,,,,-7.1376,pending,,2026-06-11T13:00:49+00:00
trackb_cont_KLAC_20260608,,,,,,2304.406006,1995.5,,,,,,3.4367,pending,,2026-06-11T13:00:49+00:00
trackb_cont_KLIC_20260603,102.029999,,,,,109.959999,96.459999,,,,,,-10.3906,pending,,2026-06-11T13:01:24+00:00
trackb_cont_KLIC_20260604,,,,,,109.5,96.459999,,,,,,-10.3906,pending,,2026-06-11T13:01:24+00:00
trackb_cont_KLIC_20260605,,,,,,109.5,96.459999,,,,,,-10.3906,pending,,2026-06-11T13:01:24+00:00
trackb_cont_KLIC_20260608,,,,,,109.5,96.459999,,,,,,-1.7319,pending,,2026-06-11T13:01:24+00:00
trackb_cont_KMX_20260603,48.5,,,,,49.43,43.52,,,,,,-6.5794,pending,,2026-06-11T13:01:40+00:00
trackb_cont_KMX_20260604,,,,,,49.43,45.349998,,,,,,-2.6511,pending,,2026-06-11T13:01:40+00:00
trackb_cont_KMX_20260605,,,,,,49.43,45.990002,,,,,,-1.2772,pending,,2026-06-11T13:01:40+00:00
trackb_cont_KMX_20260608,,,,,,49.43,45.990002,,,,,,-1.2772,pending,,2026-06-11T13:01:40+00:00
trackb_cont_KMX_20260610,,,,,,49.169998,47.709999,,,,,,0.4421,pending,,2026-06-11T13:01:40+00:00
trackb_cont_KMX_20260611,,,,,,,,,,,,,,pending,,2026-06-11T13:01:40+00:00
trackb_cont_KNX_20260603,79.25,,,,,82.440002,75.459999,,,,,,-3.5408,pending,,2026-06-11T13:01:06+00:00
trackb_cont_KNX_20260604,,,,,,82.440002,75.459999,,,,,,-3.5408,pending,,2026-06-11T13:01:06+00:00
trackb_cont_KNX_20260605,,,,,,82.440002,75.459999,,,,,,-3.5408,pending,,2026-06-11T13:01:06+00:00
trackb_cont_KNX_20260608,,,,,,82.440002,75.459999,,,,,,-3.5408,pending,,2026-06-11T13:01:06+00:00
trackb_cont_KNX_20260610,,,,,,80.660004,75.459999,,,,,,-6.5048,pending,,2026-06-11T13:01:06+00:00
trackb_cont_KNX_20260611,,,,,,,,,,,,,,pending,,2026-06-11T13:01:06+00:00
trackb_cont_KN_20260603,37.310001,,,,,39.919998,36.509998,,,,,,-7.0758,pending,,2026-06-11T13:01:01+00:00
trackb_cont_KN_20260604,,,,,,39.73,36.509998,,,,,,-7.0758,pending,,2026-06-11T13:01:01+00:00
trackb_cont_KN_20260605,,,,,,39.360001,36.509998,,,,,,-7.0758,pending,,2026-06-11T13:01:01+00:00
trackb_cont_KN_20260608,,,,,,39.360001,36.509998,,,,,,-2.0129,pending,,2026-06-11T13:01:01+00:00
trackb_cont_KOPN_20260603,4.6,,,,,6.61,4.56,,,,,,-25.7933,pending,,2026-06-11T13:01:45+00:00
trackb_cont_KOPN_20260604,,,,,,6.49,4.56,,,,,,-25.7933,pending,,2026-06-11T13:01:45+00:00
trackb_cont_KOPN_20260605,,,,,,6.15,4.56,,,,,,-25.7933,pending,,2026-06-11T13:01:45+00:00
trackb_cont_KOPN_20260608,,,,,,5.88,4.56,,,,,,-16.4835,pending,,2026-06-11T13:01:45+00:00
trackb_cont_KRC_20260603,38.419998,,,,,39.220001,34.509998,,,,,,-0.029,pending,,2026-06-11T13:02:15+00:00
trackb_cont_KRC_20260604,,,,,,39.220001,35.540001,,,,,,2.9548,pending,,2026-06-11T13:02:15+00:00
trackb_cont_KRC_20260605,,,,,,39.220001,36.290001,,,,,,5.1275,pending,,2026-06-11T13:02:15+00:00
trackb_cont_KRC_20260608,,,,,,39.220001,37.549999,,,,,,8.7775,pending,,2026-06-11T13:02:15+00:00
trackb_cont_KRC_20260609,,,,,,39.220001,38.290001,,,,,,1.0557,pending,,2026-06-11T13:02:15+00:00
trackb_cont_KREF_20260603,7.15,,,,,7.295,6.715,,,,,,-0.297,pending,,2026-06-11T13:00:39+00:00
trackb_cont_KREF_20260604,,,,,,7.295,6.76,,,,,,0.3712,pending,,2026-06-11T13:00:39+00:00
trackb_cont_KREF_20260605,,,,,,7.295,6.9,,,,,,2.4499,pending,,2026-06-11T13:00:39+00:00
trackb_cont_KREF_20260608,,,,,,7.295,6.93,,,,,,2.8953,pending,,2026-06-11T13:00:39+00:00
trackb_cont_KREF_20260610,,,,,,7.295,7.14,,,,,,2.439,pending,,2026-06-11T13:00:39+00:00
trackb_cont_KRG_20260609,,,,,,29.290001,27.99,,,,,,0.3945,pending,,2026-06-11T13:03:00+00:00
trackb_cont_KRG_20260610,,,,,,29.290001,28.639999,,,,,,2.726,pending,,2026-06-11T13:03:00+00:00
trackb_cont_KRG_20260611,,,,,,,,,,,,,,pending,,2026-06-11T13:03:00+00:00
trackb_cont_KVUE_20260610,,,,,,18.129999,17.85,,,,,,1.7094,pending,,2026-06-11T13:03:13+00:00
trackb_cont_LADR_20260611,,,,,,,,,,,,,,pending,,2026-06-11T13:03:22+00:00
trackb_cont_LAD_20260603,304.829987,,,,,309.350006,284.399994,,,,,,-3.0344,pending,,2026-06-11T13:01:05+00:00
trackb_cont_LAD_20260604,,,,,,309.350006,284.399994,,,,,,-3.0344,pending,,2026-06-11T13:01:05+00:00
trackb_cont_LAD_20260605,,,,,,309.350006,284.399994,,,,,,-3.0344,pending,,2026-06-11T13:01:05+00:00
trackb_cont_LAD_20260608,,,,,,309.350006,285.359985,,,,,,-2.7071,pending,,2026-06-11T13:01:05+00:00
trackb_cont_LAUR_20260610,,,,,,36.759998,35.095001,,,,,,2.7371,pending,,2026-06-11T13:03:14+00:00
trackb_cont_LAUR_20260611,,,,,,,,,,,,,,pending,,2026-06-11T13:03:14+00:00
trackb_cont_LCUT_20260603,9.15,,,,,9.6,8.7,,,,,,-3.01,pending,,2026-06-11T13:01:40+00:00
trackb_cont_LCUT_20260604,,,,,,9.6,8.7,,,,,,-3.01,pending,,2026-06-11T13:01:40+00:00
trackb_cont_LCUT_20260605,,,,,,9.55,8.7,,,,,,-3.01,pending,,2026-06-11T13:01:40+00:00
trackb_cont_LCUT_20260608,,,,,,9.55,8.7,,,,,,-2.3569,pending,,2026-06-11T13:01:40+00:00
trackb_cont_LCUT_20260609,,,,,,9.55,8.7,,,,,,-4.918,pending,,2026-06-11T13:01:40+00:00
trackb_cont_LEA_20260603,140.440002,,,,,147.660004,139.139999,,,,,,-5.0563,pending,,2026-06-11T13:01:31+00:00
trackb_cont_LEA_20260604,,,,,,146.460007,139.139999,,,,,,-5.0563,pending,,2026-06-11T13:01:31+00:00
trackb_cont_LEA_20260605,,,,,,146.460007,139.139999,,,,,,-5.0563,pending,,2026-06-11T13:01:31+00:00
trackb_cont_LEA_20260608,,,,,,146.460007,139.139999,,,,,,-5.0563,pending,,2026-06-11T13:01:31+00:00
trackb_cont_LEGH_20260603,24.389999,,,,,25.209999,23.02,,,,,,-0.6259,pending,,2026-06-11T13:01:56+00:00
trackb_cont_LEGH_20260604,,,,,,25.209999,23.02,,,,,,-0.6259,pending,,2026-06-11T13:01:56+00:00
trackb_cont_LEGH_20260605,,,,,,25.209999,23.190001,,,,,,0.1079,pending,,2026-06-11T13:01:56+00:00
trackb_cont_LEGH_20260608,,,,,,25.209999,23.565001,,,,,,1.7267,pending,,2026-06-11T13:01:56+00:00
trackb_cont_LEG_20260611,,,,,,,,,,,,,,pending,,2026-06-11T13:02:54+00:00
trackb_cont_LEN_20260603,89.849998,,,,,94.209999,88.82,,,,,,-0.4037,pending,,2026-06-11T13:02:09+00:00
trackb_cont_LEN_20260604,,,,,,94.209999,88.940002,,,,,,-0.2691,pending,,2026-06-11T13:02:09+00:00
trackb_cont_LEN_20260605,,,,,,94.209999,88.940002,,,,,,-0.2691,pending,,2026-06-11T13:02:09+00:00
trackb_cont_LEN_20260608,,,,,,94.209999,88.940002,,,,,,-1.7129,pending,,2026-06-11T13:02:09+00:00
trackb_cont_LEN_20260609,,,,,,94.209999,89.339996,,,,,,-1.5429,pending,,2026-06-11T13:02:09+00:00
trackb_cont_LEN_20260611,,,,,,,,,,,,,,pending,,2026-06-11T13:02:09+00:00
trackb_cont_LFUS_20260603,439.440002,,,,,500.570007,430.01001,,,,,,-12.8705,pending,,2026-06-11T13:00:42+00:00
trackb_cont_LFUS_20260604,,,,,,485.779999,430.01001,,,,,,-12.8705,pending,,2026-06-11T13:00:42+00:00
trackb_cont_LFUS_20260605,,,,,,485.779999,430.01001,,,,,,-12.8705,pending,,2026-06-11T13:00:42+00:00
trackb_cont_LFUS_20260608,,,,,,485.779999,430.01001,,,,,,-12.8705,pending,,2026-06-11T13:00:42+00:00
trackb_cont_LGIH_20260603,52.560001,,,,,55.419998,47.130001,,,,,,-0.3805,pending,,2026-06-11T13:01:36+00:00
trackb_cont_LGIH_20260604,,,,,,55.419998,49.860001,,,,,,5.39,pending,,2026-06-11T13:01:36+00:00
trackb_cont_LGIH_20260605,,,,,,55.419998,49.860001,,,,,,5.39,pending,,2026-06-11T13:01:36+00:00
trackb_cont_LGIH_20260608,,,,,,55.419998,50.009998,,,,,,-0.6753,pending,,2026-06-11T13:01:36+00:00
trackb_cont_LGIH_20260611,,,,,,,,,,,,,,pending,,2026-06-11T13:01:36+00:00
trackb_cont_LH_20260609,,,,,,275.0,262.429993,,,,,,0.1603,pending,,2026-06-11T13:03:00+00:00
trackb_cont_LII_20260611,,,,,,,,,,,,,,pending,,2026-06-11T13:03:21+00:00
trackb_cont_LIND_20260603,21.9,,,,,23.18,21.309999,,,,,,-4.4823,pending,,2026-06-11T13:01:42+00:00
trackb_cont_LIND_20260604,,,,,,23.18,21.309999,,,,,,-4.4823,pending,,2026-06-11T13:01:42+00:00
trackb_cont_LIND_20260605,,,,,,23.18,21.309999,,,,,,-4.4823,pending,,2026-06-11T13:01:42+00:00
trackb_cont_LIND_20260608,,,,,,23.18,21.379999,,,,,,-4.1685,pending,,2026-06-11T13:01:42+00:00
trackb_cont_LINE_20260603,44.330002,,,,,45.369999,41.450001,,,,,,-0.5757,pending,,2026-06-11T13:02:02+00:00
trackb_cont_LINE_20260604,,,,,,45.369999,41.93,,,,,,0.5757,pending,,2026-06-11T13:02:02+00:00
trackb_cont_LINE_20260605,,,,,,45.369999,42.040001,,,,,,0.8395,pending,,2026-06-11T13:02:02+00:00
trackb_cont_LINE_20260608,,,,,,45.369999,42.259998,,,,,,1.3672,pending,,2026-06-11T13:02:02+00:00
trackb_cont_LITE_20260603,853.26001,,,,,1049.530029,776.01001,,,,,,-19.5636,pending,,2026-06-11T13:02:01+00:00
trackb_cont_LITE_20260604,,,,,,974.0,776.01001,,,,,,-19.5636,pending,,2026-06-11T13:02:01+00:00
trackb_cont_LITE_20260605,,,,,,974.0,776.01001,,,,,,-19.5636,pending,,2026-06-11T13:02:01+00:00
trackb_cont_LITE_20260608,,,,,,914.0,776.01001,,,,,,-19.5636,pending,,2026-06-11T13:02:01+00:00
trackb_cont_LLY_20260608,,,,,,1182.72998,1133.530029,,,,,,0.1865,pending,,2026-06-11T13:02:48+00:00
trackb_cont_LLY_20260610,,,,,,1166.420044,1133.530029,,,,,,-1.3593,pending,,2026-06-11T13:02:48+00:00
trackb_cont_LNN_20260603,112.75,,,,,116.050003,111.099998,,,,,,-1.139,pending,,2026-06-11T13:01:22+00:00
trackb_cont_LNN_20260604,,,,,,116.050003,111.099998,,,,,,-1.139,pending,,2026-06-11T13:01:22+00:00
trackb_cont_LNN_20260605,,,,,,116.050003,111.099998,,,,,,-1.139,pending,,2026-06-11T13:01:22+00:00
trackb_cont_LNN_20260608,,,,,,115.519997,111.099998,,,,,,-1.139,pending,,2026-06-11T13:01:22+00:00
trackb_cont_LNN_20260611,,,,,,,,,,,,,,pending,,2026-06-11T13:01:22+00:00
trackb_cont_LNTH_20260608,,,,,,102.730003,97.989998,,,,,,-2.961,pending,,2026-06-11T13:02:47+00:00
trackb_cont_LNTH_20260609,,,,,,102.730003,97.989998,,,,,,-2.0198,pending,,2026-06-11T13:02:47+00:00
trackb_cont_LNTH_20260610,,,,,,102.730003,99.669998,,,,,,-0.34,pending,,2026-06-11T13:02:47+00:00
trackb_cont_LODE_20260603,3.72,,,,,4.64,3.64,,,,,,-7.9646,pending,,2026-06-11T13:01:07+00:00
trackb_cont_LODE_20260604,,,,,,4.64,3.64,,,,,,-7.9646,pending,,2026-06-11T13:01:07+00:00
trackb_cont_LODE_20260605,,,,,,4.45,3.64,,,,,,-7.9646,pending,,2026-06-11T13:01:07+00:00
trackb_cont_LODE_20260608,,,,,,4.14,3.64,,,,,,-7.9646,pending,,2026-06-11T13:01:07+00:00
trackb_cont_LOVE_20260608,,,,,,16.950001,15.513,,,,,,-1.3795,pending,,2026-06-11T13:02:52+00:00
trackb_cont_LPX_20260603,71.760002,,,,,75.099998,69.400002,,,,,,-6.2099,pending,,2026-06-11T13:02:27+00:00
trackb_cont_LPX_20260604,,,,,,75.099998,69.400002,,,,,,-6.2099,pending,,2026-06-11T13:02:27+00:00
trackb_cont_LPX_20260605,,,,,,73.449997,69.400002,,,,,,-6.2099,pending,,2026-06-11T13:02:27+00:00
trackb_cont_LPX_20260608,,,,,,73.449997,69.400002,,,,,,-6.2099,pending,,2026-06-11T13:02:27+00:00
trackb_cont_LQDA_20260611,,,,,,,,,,,,,,pending,,2026-06-11T13:03:19+00:00
trackb_cont_LQDT_20260611,,,,,,,,,,,,,,pending,,2026-06-11T13:03:22+00:00
trackb_cont_LRCX_20260603,321.799988,,,,,349.089996,302.73999,,,,,,-10.7475,pending,,2026-06-11T13:00:36+00:00
trackb_cont_LRCX_20260604,,,,,,349.089996,302.73999,,,,,,-10.7475,pending,,2026-06-11T13:00:36+00:00
trackb_cont_LRCX_20260605,,,,,,349.089996,302.73999,,,,,,-10.7475,pending,,2026-06-11T13:00:36+00:00
trackb_cont_LRCX_20260608,,,,,,349.089996,306.01001,,,,,,-9.7835,pending,,2026-06-11T13:00:36+00:00
trackb_cont_LRN_20260603,99.839996,,,,,103.669998,95.190002,,,,,,-2.7433,pending,,2026-06-11T13:01:11+00:00
trackb_cont_LRN_20260604,,,,,,103.669998,95.190002,,,,,,-2.7433,pending,,2026-06-11T13:01:11+00:00
trackb_cont_LRN_20260605,,,,,,103.669998,95.190002,,,,,,-2.7433,pending,,2026-06-11T13:01:11+00:00
trackb_cont_LRN_20260608,,,,,,100.540001,95.190002,,,,,,-2.7433,pending,,2026-06-11T13:01:11+00:00
trackb_cont_LRN_20260609,,,,,,99.940002,95.190002,,,,,,-1.5921,pending,,2026-06-11T13:01:11+00:00
trackb_cont_LRN_20260610,,,,,,99.940002,96.080002,,,,,,-0.672,pending,,2026-06-11T13:01:11+00:00
trackb_cont_LSTR_20260603,218.919998,,,,,228.460007,212.039993,,,,,,-1.3309,pending,,2026-06-11T13:00:49+00:00
trackb_cont_LSTR_20260604,,,,,,228.460007,214.910004,,,,,,0.0047,pending,,2026-06-11T13:00:49+00:00
trackb_cont_LSTR_20260605,,,,,,228.460007,214.910004,,,,,,0.0047,pending,,2026-06-11T13:00:49+00:00
trackb_cont_LSTR_20260608,,,,,,228.460007,214.910004,,,,,,0.0047,pending,,2026-06-11T13:00:49+00:00
trackb_cont_LSTR_20260610,,,,,,223.679993,214.910004,,,,,,-4.6413,pending,,2026-06-11T13:00:49+00:00
trackb_cont_LUMN_20260603,8.26,,,,,10.7,8.11,,,,,,-19.6632,pending,,2026-06-11T13:02:11+00:00
trackb_cont_LUMN_20260604,,,,,,10.12,8.11,,,,,,-19.6632,pending,,2026-06-11T13:02:11+00:00
trackb_cont_LUMN_20260605,,,,,,9.7,8.11,,,,,,-19.6632,pending,,2026-06-11T13:02:11+00:00
trackb_cont_LUMN_20260608,,,,,,9.33,8.11,,,,,,-19.6632,pending,,2026-06-11T13:02:11+00:00
trackb_cont_LUV_20260603,41.400002,,,,,43.23,40.82,,,,,,-1.3533,pending,,2026-06-11T13:02:29+00:00
trackb_cont_LUV_20260604,,,,,,43.23,40.900002,,,,,,-1.16,pending,,2026-06-11T13:02:29+00:00
trackb_cont_LUV_20260605,,,,,,43.23,40.900002,,,,,,-1.16,pending,,2026-06-11T13:02:29+00:00
trackb_cont_LUV_20260608,,,,,,43.23,40.900002,,,,,,-1.16,pending,,2026-06-11T13:02:29+00:00
trackb_cont_LUV_20260611,,,,,,,,,,,,,,pending,,2026-06-11T13:02:29+00:00
trackb_cont_LW_20260611,,,,,,,,,,,,,,pending,,2026-06-11T13:03:28+00:00
trackb_cont_LXP_20260611,,,,,,,,,,,,,,pending,,2026-06-11T13:03:28+00:00
trackb_cont_LZB_20260611,,,,,,,,,,,,,,pending,,2026-06-11T13:03:27+00:00
trackb_cont_MAA_20260608,,,,,,140.75,136.110001,,,,,,-1.0397,pending,,2026-06-11T13:02:46+00:00
trackb_cont_MAC_20260608,,,,,,25.09,23.32,,,,,,-1.437,pending,,2026-06-11T13:02:45+00:00
trackb_cont_MAN_20260603,33.07,,,,,33.91,30.049999,,,,,,-1.346,pending,,2026-06-11T13:02:01+00:00
trackb_cont_MAN_20260604,,,,,,33.91,31.049999,,,,,,1.937,pending,,2026-06-11T13:02:01+00:00
trackb_cont_MAN_20260605,,,,,,33.91,31.690001,,,,,,4.0381,pending,,2026-06-11T13:02:01+00:00
trackb_cont_MAN_20260608,,,,,,33.91,31.690001,,,,,,4.0381,pending,,2026-06-11T13:02:01+00:00
trackb_cont_MAN_20260610,,,,,,33.91,32.400002,,,,,,-0.0925,pending,,2026-06-11T13:02:01+00:00
trackb_cont_MARA_20260603,12.62,,,,,14.4,11.84,,,,,,-15.7895,pending,,2026-06-11T13:02:26+00:00
trackb_cont_MARA_20260604,,,,,,14.4,11.84,,,,,,-15.7895,pending,,2026-06-11T13:02:26+00:00
trackb_cont_MARA_20260605,,,,,,14.4,11.84,,,,,,-15.7895,pending,,2026-06-11T13:02:26+00:00
trackb_cont_MAR_20260608,,,,,,398.959991,385.160004,,,,,,-1.8726,pending,,2026-06-11T13:02:47+00:00
trackb_cont_MASI_20260603,179.949997,,,,,179.990005,178.630005,,,,,,-0.0364,pending,,2026-06-11T13:02:27+00:00
trackb_cont_MASI_20260604,,,,,,179.990005,178.720001,,,,,,0.014,pending,,2026-06-11T13:02:27+00:00
trackb_cont_MASI_20260605,,,,,,179.990005,178.800003,,,,,,0.0588,pending,,2026-06-11T13:02:27+00:00
trackb_cont_MASI_20260608,,,,,,179.990005,179.899994,,,,,,0.6743,pending,,2026-06-11T13:02:27+00:00
trackb_cont_MASI_20260609,,,,,,179.990005,179.949997,,,,,,0.0056,pending,,2026-06-11T13:02:27+00:00
trackb_cont_MASI_20260610,,,,,,179.949997,179.949997,,,,,,0.0056,pending,,2026-06-11T13:02:27+00:00
trackb_cont_MATX_20260603,193.429993,,,,,197.630005,183.610001,,,,,,-1.9177,pending,,2026-06-11T13:01:22+00:00
trackb_cont_MATX_20260604,,,,,,197.630005,183.610001,,,,,,-1.9177,pending,,2026-06-11T13:01:22+00:00
trackb_cont_MATX_20260605,,,,,,197.630005,183.610001,,,,,,-1.9177,pending,,2026-06-11T13:01:22+00:00
trackb_cont_MATX_20260608,,,,,,197.630005,186.050003,,,,,,-0.6143,pending,,2026-06-11T13:01:22+00:00
trackb_cont_MATX_20260611,,,,,,,,,,,,,,pending,,2026-06-11T13:01:22+00:00
trackb_cont_MCRI_20260608,,,,,,127.900002,121.559998,,,,,,-0.9291,pending,,2026-06-11T13:02:47+00:00
trackb_cont_MCRI_20260609,,,,,,127.900002,123.019997,,,,,,0.3017,pending,,2026-06-11T13:02:47+00:00
trackb_cont_MCRI_20260610,,,,,,127.900002,124.879997,,,,,,1.8182,pending,,2026-06-11T13:02:47+00:00
trackb_cont_MCRI_20260611,,,,,,,,,,,,,,pending,,2026-06-11T13:02:47+00:00
trackb_cont_MCY_20260610,,,,,,103.220001,101.209999,,,,,,0.1682,pending,,2026-06-11T13:03:15+00:00
trackb_cont_MDB_20260603,348.279999,,,,,392.48999,325.21701,,,,,,-12.5925,pending,,2026-06-11T13:01:17+00:00
trackb_cont_MDB_20260604,,,,,,390.0,325.21701,,,,,,-12.5925,pending,,2026-06-11T13:01:17+00:00
trackb_cont_MDB_20260605,,,,,,381.0,325.21701,,,,,,-12.5925,pending,,2026-06-11T13:01:17+00:00
trackb_cont_MDB_20260608,,,,,,359.5,325.21701,,,,,,-12.5925,pending,,2026-06-11T13:01:17+00:00
trackb_cont_MEC_20260603,33.84,,,,,35.224998,30.059999,,,,,,-7.1362,pending,,2026-06-11T13:00:39+00:00
trackb_cont_MEC_20260604,,,,,,35.224998,30.059999,,,,,,-7.1362,pending,,2026-06-11T13:00:39+00:00
trackb_cont_MEC_20260605,,,,,,35.224998,31.34,,,,,,-3.182,pending,,2026-06-11T13:00:39+00:00
trackb_cont_MEC_20260608,,,,,,35.224998,32.759998,,,,,,1.2048,pending,,2026-06-11T13:00:39+00:00
trackb_cont_MEC_20260609,,,,,,35.224998,32.799999,,,,,,-2.381,pending,,2026-06-11T13:00:39+00:00
trackb_cont_MEDP_20260608,,,,,,478.0,450.059998,,,,,,-0.9224,pending,,2026-06-11T13:02:32+00:00
trackb_cont_METC_20260603,14.28,,,,,17.52,13.6,,,,,,-19.2639,pending,,2026-06-11T13:01:28+00:00
trackb_cont_METC_20260604,,,,,,17.52,13.6,,,,,,-19.2639,pending,,2026-06-11T13:01:28+00:00
trackb_cont_METC_20260605,,,,,,16.84,13.6,,,,,,-19.2639,pending,,2026-06-11T13:01:28+00:00
trackb_cont_METC_20260608,,,,,,15.8,13.6,,,,,,-13.099,pending,,2026-06-11T13:01:28+00:00
trackb_cont_MET_20260603,86.129997,,,,,87.699997,80.510002,,,,,,-0.654,pending,,2026-06-11T13:02:28+00:00
trackb_cont_MET_20260604,,,,,,87.699997,81.849998,,,,,,0.9995,pending,,2026-06-11T13:02:28+00:00
trackb_cont_MET_20260605,,,,,,87.699997,83.220001,,,,,,2.69,pending,,2026-06-11T13:02:28+00:00
trackb_cont_MET_20260608,,,,,,87.699997,84.019997,,,,,,-0.5563,pending,,2026-06-11T13:02:28+00:00
trackb_cont_MGM_20260603,46.91,,,,,48.75,46.16,,,,,,-3.4108,pending,,2026-06-11T13:01:59+00:00
trackb_cont_MGM_20260604,,,,,,48.720001,46.16,,,,,,-3.4108,pending,,2026-06-11T13:01:59+00:00
trackb_cont_MGM_20260605,,,,,,48.209999,46.16,,,,,,-3.4108,pending,,2026-06-11T13:01:59+00:00
trackb_cont_MGM_20260608,,,,,,48.040001,46.16,,,,,,-2.8415,pending,,2026-06-11T13:01:59+00:00
trackb_cont_MGM_20260609,,,,,,48.040001,46.16,,,,,,-2.3276,pending,,2026-06-11T13:01:59+00:00
trackb_cont_MGNI_20260603,15.67,,,,,15.97,14.0,,,,,,-0.6388,pending,,2026-06-11T13:02:05+00:00
trackb_cont_MGNI_20260604,,,,,,15.97,14.28,,,,,,1.3485,pending,,2026-06-11T13:02:05+00:00
trackb_cont_MGNI_20260605,,,,,,15.97,14.28,,,,,,1.3485,pending,,2026-06-11T13:02:05+00:00
trackb_cont_MGNI_20260608,,,,,,15.97,14.28,,,,,,-2.7248,pending,,2026-06-11T13:02:05+00:00
trackb_cont_MGNI_20260610,,,,,,15.92,15.25,,,,,,4.2379,pending,,2026-06-11T13:02:05+00:00
trackb_cont_MHK_20260603,101.75,,,,,107.650002,101.269997,,,,,,-3.1326,pending,,2026-06-11T13:01:54+00:00
trackb_cont_MHK_20260604,,,,,,107.650002,101.269997,,,,,,-3.1326,pending,,2026-06-11T13:01:54+00:00
trackb_cont_MHK_20260605,,,,,,107.279999,101.269997,,,,,,-3.1326,pending,,2026-06-11T13:01:54+00:00
trackb_cont_MHK_20260608,,,,,,107.279999,101.269997,,,,,,-3.1326,pending,,2026-06-11T13:01:54+00:00
trackb_cont_MHO_20260603,137.399994,,,,,142.199997,135.479996,,,,,,-0.4336,pending,,2026-06-11T13:01:37+00:00
trackb_cont_MHO_20260604,,,,,,142.199997,135.479996,,,,,,-0.4336,pending,,2026-06-11T13:01:37+00:00
trackb_cont_MHO_20260605,,,,,,142.199997,135.479996,,,,,,-0.4336,pending,,2026-06-11T13:01:37+00:00
trackb_cont_MHO_20260608,,,,,,142.199997,135.479996,,,,,,-1.3471,pending,,2026-06-11T13:01:37+00:00
trackb_cont_MKSI_20260603,316.070007,,,,,341.809998,298.0,,,,,,-11.7769,pending,,2026-06-11T13:01:33+00:00
trackb_cont_MKSI_20260604,,,,,,339.920013,298.0,,,,,,-11.7769,pending,,2026-06-11T13:01:33+00:00
trackb_cont_MKSI_20260605,,,,,,339.920013,298.0,,,,,,-11.7769,pending,,2026-06-11T13:01:33+00:00
trackb_cont_MKSI_20260608,,,,,,339.920013,298.0,,,,,,-1.21,pending,,2026-06-11T13:01:33+00:00
trackb_cont_MLAB_20260603,107.220001,,,,,113.989998,101.68,,,,,,-0.3821,pending,,2026-06-11T13:01:41+00:00
trackb_cont_MLAB_20260604,,,,,,113.989998,103.800003,,,,,,1.6949,pending,,2026-06-11T13:01:41+00:00
trackb_cont_MLAB_20260605,,,,,,113.989998,103.800003,,,,,,1.6949,pending,,2026-06-11T13:01:41+00:00
trackb_cont_MLAB_20260608,,,,,,113.989998,104.940002,,,,,,1.0107,pending,,2026-06-11T13:01:41+00:00
trackb_cont_MLAB_20260609,,,,,,113.989998,105.68,,,,,,-2.5632,pending,,2026-06-11T13:01:41+00:00
trackb_cont_MLAB_20260611,,,,,,,,,,,,,,pending,,2026-06-11T13:01:41+00:00
trackb_cont_MMI_20260603,30.360001,,,,,30.99,28.75,,,,,,-0.4846,pending,,2026-06-11T13:01:57+00:00
trackb_cont_MMI_20260604,,,,,,30.99,29.299999,,,,,,1.4192,pending,,2026-06-11T13:01:57+00:00
trackb_cont_MMI_20260605,,,,,,30.99,29.809999,,,,,,3.1845,pending,,2026-06-11T13:01:57+00:00
trackb_cont_MMI_20260608,,,,,,30.99,29.85,,,,,,-0.8306,pending,,2026-06-11T13:01:57+00:00
trackb_cont_MMI_20260610,,,,,,30.889999,30.040001,,,,,,-0.1662,pending,,2026-06-11T13:01:57+00:00
trackb_cont_MMM_20260603,156.850006,,,,,163.009995,151.509995,,,,,,-0.9933,pending,,2026-06-11T13:02:14+00:00
trackb_cont_MMM_20260604,,,,,,163.009995,151.720001,,,,,,-0.856,pending,,2026-06-11T13:02:14+00:00
trackb_cont_MMM_20260605,,,,,,163.009995,151.720001,,,,,,-0.856,pending,,2026-06-11T13:02:14+00:00
trackb_cont_MMM_20260608,,,,,,163.009995,151.720001,,,,,,-1.3267,pending,,2026-06-11T13:02:14+00:00
trackb_cont_MMM_20260610,,,,,,163.009995,151.720001,,,,,,-1.3845,pending,,2026-06-11T13:02:14+00:00
trackb_cont_MMSI_20260611,,,,,,,,,,,,,,pending,,2026-06-11T13:02:36+00:00
trackb_cont_MNST_20260603,91.209999,,,,,91.470001,87.839996,,,,,,-1.2035,pending,,2026-06-11T13:01:24+00:00
trackb_cont_MNST_20260604,,,,,,91.470001,87.910004,,,,,,-1.1247,pending,,2026-06-11T13:01:24+00:00
trackb_cont_MNST_20260605,,,,,,91.470001,87.910004,,,,,,-1.1247,pending,,2026-06-11T13:01:24+00:00
trackb_cont_MNST_20260608,,,,,,91.470001,87.910004,,,,,,-1.8314,pending,,2026-06-11T13:01:24+00:00
trackb_cont_MNST_20260610,,,,,,91.470001,90.089996,,,,,,1.8311,pending,,2026-06-11T13:01:24+00:00
trackb_cont_MNST_20260611,,,,,,,,,,,,,,pending,,2026-06-11T13:01:24+00:00
trackb_cont_MOD_20260603,258.170013,,,,,318.609985,251.380005,,,,,,-18.5787,pending,,2026-06-11T13:01:52+00:00
trackb_cont_MOD_20260604,,,,,,304.809998,251.380005,,,,,,-18.5787,pending,,2026-06-11T13:01:52+00:00
trackb_cont_MOD_20260605,,,,,,291.950012,251.380005,,,,,,-18.5787,pending,,2026-06-11T13:01:52+00:00
trackb_cont_MOD_20260608,,,,,,291.230011,251.380005,,,,,,-18.5787,pending,,2026-06-11T13:01:52+00:00
trackb_cont_MOH_20260609,,,,,,204.949997,193.330002,,,,,,-2.5604,pending,,2026-06-11T13:02:59+00:00
trackb_cont_MPC_20260603,263.279999,,,,,272.459991,256.529999,,,,,,-5.14,pending,,2026-06-11T13:01:04+00:00
trackb_cont_MPC_20260604,,,,,,271.279999,256.529999,,,,,,-5.14,pending,,2026-06-11T13:01:04+00:00
trackb_cont_MPC_20260605,,,,,,271.279999,256.529999,,,,,,-5.14,pending,,2026-06-11T13:01:04+00:00
trackb_cont_MPC_20260608,,,,,,271.279999,256.529999,,,,,,-5.14,pending,,2026-06-11T13:01:04+00:00
trackb_cont_MPLX_20260609,,,,,,57.23,56.310001,,,,,,-0.1773,pending,,2026-06-11T13:03:02+00:00
trackb_cont_MPLX_20260610,,,,,,57.23,56.310001,,,,,,-0.1773,pending,,2026-06-11T13:03:02+00:00
trackb_cont_MPLX_20260611,,,,,,,,,,,,,,pending,,2026-06-11T13:03:02+00:00
trackb_cont_MPWR_20260603,1473.040039,,,,,1697.349976,1405.0,,,,,,-15.3114,pending,,2026-06-11T13:02:30+00:00
trackb_cont_MPWR_20260604,,,,,,1666.689941,1405.0,,,,,,-15.3114,pending,,2026-06-11T13:02:30+00:00
trackb_cont_MPWR_20260605,,,,,,1627.640015,1405.0,,,,,,-15.3114,pending,,2026-06-11T13:02:30+00:00
trackb_cont_MPWR_20260608,,,,,,1627.640015,1405.0,,,,,,-15.3114,pending,,2026-06-11T13:02:30+00:00
trackb_cont_MP_20260603,53.450001,,,,,71.926003,52.419998,,,,,,-23.6528,pending,,2026-06-11T13:01:59+00:00
trackb_cont_MP_20260604,,,,,,67.25,52.419998,,,,,,-23.6528,pending,,2026-06-11T13:01:59+00:00
trackb_cont_MP_20260605,,,,,,64.150002,52.419998,,,,,,-23.6528,pending,,2026-06-11T13:01:59+00:00
trackb_cont_MP_20260608,,,,,,59.830002,52.419998,,,,,,-23.6528,pending,,2026-06-11T13:01:59+00:00
trackb_cont_MRP_20260608,,,,,,29.610001,28.780001,,,,,,-0.5185,pending,,2026-06-11T13:02:49+00:00
trackb_cont_MRP_20260610,,,,,,29.52,28.780001,,,,,,-0.4152,pending,,2026-06-11T13:02:49+00:00
trackb_cont_MRP_20260611,,,,,,,,,,,,,,pending,,2026-06-11T13:02:49+00:00
trackb_cont_MRTN_20260603,17.690001,,,,,18.48,17.309999,,,,,,-1.9263,pending,,2026-06-11T13:00:46+00:00
trackb_cont_MRTN_20260604,,,,,,18.48,17.35,,,,,,-1.6997,pending,,2026-06-11T13:00:46+00:00
trackb_cont_MRTN_20260605,,,,,,18.48,17.35,,,,,,-1.6997,pending,,2026-06-11T13:00:46+00:00
trackb_cont_MRTN_20260608,,,,,,18.48,17.35,,,,,,-1.6997,pending,,2026-06-11T13:00:46+00:00
trackb_cont_MRTN_20260609,,,,,,18.48,17.35,,,,,,-4.0907,pending,,2026-06-11T13:00:46+00:00
trackb_cont_MRVL_20260603,252.589996,,,,,324.200012,244.0,,,,,,-19.6655,pending,,2026-06-11T13:00:40+00:00
trackb_cont_MRVL_20260604,,,,,,321.5,244.0,,,,,,-19.6655,pending,,2026-06-11T13:00:40+00:00
trackb_cont_MRVL_20260605,,,,,,304.959991,244.0,,,,,,-19.6655,pending,,2026-06-11T13:00:40+00:00
trackb_cont_MRVL_20260608,,,,,,304.959991,244.0,,,,,,-19.6655,pending,,2026-06-11T13:00:40+00:00
trackb_cont_MSCI_20260603,608.52002,,,,,627.440002,593.940002,,,,,,-4.5139,pending,,2026-06-11T13:01:45+00:00
trackb_cont_MSCI_20260604,,,,,,627.440002,593.940002,,,,,,-4.5139,pending,,2026-06-11T13:01:45+00:00
trackb_cont_MSCI_20260605,,,,,,624.890015,593.940002,,,,,,-4.5139,pending,,2026-06-11T13:01:45+00:00
trackb_cont_MSCI_20260608,,,,,,612.559998,593.940002,,,,,,-4.5139,pending,,2026-06-11T13:01:45+00:00
trackb_cont_MSEX_20260603,53.720001,,,,,54.970001,51.759998,,,,,,-1.4283,pending,,2026-06-11T13:01:20+00:00
trackb_cont_MSEX_20260604,,,,,,54.970001,52.060001,,,,,,-0.857,pending,,2026-06-11T13:01:20+00:00
trackb_cont_MSEX_20260605,,,,,,54.970001,52.459999,,,,,,-0.0952,pending,,2026-06-11T13:01:20+00:00
trackb_cont_MSEX_20260608,,,,,,54.970001,52.5,,,,,,-0.019,pending,,2026-06-11T13:01:20+00:00
trackb_cont_MSEX_20260609,,,,,,54.970001,52.509998,,,,,,-0.209,pending,,2026-06-11T13:01:20+00:00
trackb_cont_MSEX_20260611,,,,,,,,,,,,,,pending,,2026-06-11T13:01:20+00:00
trackb_cont_MSGS_20260603,386.369995,,,,,392.559998,378.0,,,,,,-0.9849,pending,,2026-06-11T13:00:44+00:00
trackb_cont_MSGS_20260604,,,,,,392.559998,380.5,,,,,,-0.3301,pending,,2026-06-11T13:00:44+00:00
trackb_cont_MSGS_20260605,,,,,,392.559998,380.5,,,,,,-0.3301,pending,,2026-06-11T13:00:44+00:00
trackb_cont_MSGS_20260608,,,,,,392.559998,380.5,,,,,,-0.3301,pending,,2026-06-11T13:00:44+00:00
trackb_cont_MSM_20260603,115.160004,,,,,119.129997,113.529999,,,,,,-2.3146,pending,,2026-06-11T13:01:02+00:00
trackb_cont_MSM_20260604,,,,,,119.129997,114.769997,,,,,,-1.2476,pending,,2026-06-11T13:01:02+00:00
trackb_cont_MSM_20260605,,,,,,119.129997,114.769997,,,,,,-1.2476,pending,,2026-06-11T13:01:02+00:00
trackb_cont_MSM_20260608,,,,,,119.129997,114.769997,,,,,,-1.2476,pending,,2026-06-11T13:01:02+00:00
trackb_cont_MSM_20260609,,,,,,119.129997,115.050003,,,,,,-0.4672,pending,,2026-06-11T13:01:02+00:00
trackb_cont_MSM_20260610,,,,,,118.5,115.050003,,,,,,-0.4672,pending,,2026-06-11T13:01:02+00:00
trackb_cont_MS_20260603,206.660004,,,,,219.160004,205.830002,,,,,,-1.8736,pending,,2026-06-11T13:01:08+00:00
trackb_cont_MS_20260604,,,,,,219.160004,205.830002,,,,,,-1.8736,pending,,2026-06-11T13:01:08+00:00
trackb_cont_MS_20260605,,,,,,218.320007,205.830002,,,,,,-1.8736,pending,,2026-06-11T13:01:08+00:00
trackb_cont_MS_20260608,,,,,,215.899994,205.830002,,,,,,-1.8736,pending,,2026-06-11T13:01:08+00:00
trackb_cont_MS_20260609,,,,,,215.240005,205.830002,,,,,,-3.0202,pending,,2026-06-11T13:01:08+00:00
trackb_cont_MS_20260610,,,,,,210.240005,205.830002,,,,,,-3.0202,pending,,2026-06-11T13:01:08+00:00
trackb_cont_MTB_20260603,223.929993,,,,,228.389999,213.679993,,,,,,-0.2591,pending,,2026-06-11T13:00:57+00:00
trackb_cont_MTB_20260604,,,,,,228.389999,216.770004,,,,,,1.1833,pending,,2026-06-11T13:00:57+00:00
trackb_cont_MTB_20260605,,,,,,228.389999,221.889999,,,,,,3.5732,pending,,2026-06-11T13:00:57+00:00
trackb_cont_MTB_20260608,,,,,,228.389999,222.110001,,,,,,3.6759,pending,,2026-06-11T13:00:57+00:00
trackb_cont_MTB_20260611,,,,,,,,,,,,,,pending,,2026-06-11T13:00:57+00:00
trackb_cont_MTH_20260603,70.559998,,,,,72.290001,66.769997,,,,,,-0.758,pending,,2026-06-11T13:02:01+00:00
trackb_cont_MTH_20260604,,,,,,72.290001,67.540001,,,,,,0.3864,pending,,2026-06-11T13:02:01+00:00
trackb_cont_MTH_20260605,,,,,,72.290001,67.540001,,,,,,0.3864,pending,,2026-06-11T13:02:01+00:00
trackb_cont_MTH_20260608,,,,,,72.290001,67.959999,,,,,,-0.5415,pending,,2026-06-11T13:02:01+00:00
trackb_cont_MTH_20260609,,,,,,72.290001,69.150002,,,,,,1.3335,pending,,2026-06-11T13:02:01+00:00
trackb_cont_MTH_20260610,,,,,,72.260002,70.07,,,,,,2.6817,pending,,2026-06-11T13:02:01+00:00
trackb_cont_MTN_20260603,135.889999,,,,,139.5,125.709999,,,,,,-6.8746,pending,,2026-06-11T13:01:21+00:00
trackb_cont_MTN_20260604,,,,,,139.5,125.709999,,,,,,-6.8746,pending,,2026-06-11T13:01:21+00:00
trackb_cont_MTN_20260605,,,,,,139.5,125.709999,,,,,,-6.8746,pending,,2026-06-11T13:01:21+00:00
trackb_cont_MTN_20260608,,,,,,139.5,125.709999,,,,,,-6.8746,pending,,2026-06-11T13:01:21+00:00
trackb_cont_MTN_20260610,,,,,,136.869995,130.440002,,,,,,-4.934,pending,,2026-06-11T13:01:21+00:00
trackb_cont_MTRN_20260603,224.050003,,,,,236.619995,218.100006,,,,,,-4.1614,pending,,2026-06-11T13:01:13+00:00
trackb_cont_MTRN_20260604,,,,,,236.619995,218.100006,,,,,,-4.1614,pending,,2026-06-11T13:01:13+00:00
trackb_cont_MTRN_20260605,,,,,,236.619995,218.259995,,,,,,-4.0911,pending,,2026-06-11T13:01:13+00:00
trackb_cont_MTRN_20260608,,,,,,236.619995,219.960007,,,,,,-3.344,pending,,2026-06-11T13:01:13+00:00
trackb_cont_MTRN_20260611,,,,,,,,,,,,,,pending,,2026-06-11T13:01:13+00:00
trackb_cont_MTSI_20260603,354.399994,,,,,395.309998,333.149994,,,,,,-14.9455,pending,,2026-06-11T13:02:25+00:00
trackb_cont_MTSI_20260604,,,,,,390.339996,333.149994,,,,,,-14.9455,pending,,2026-06-11T13:02:25+00:00
trackb_cont_MTSI_20260605,,,,,,374.649994,333.149994,,,,,,-14.9455,pending,,2026-06-11T13:02:25+00:00
trackb_cont_MTUS_20260603,19.77,,,,,20.290001,19.469999,,,,,,-2.8201,pending,,2026-06-11T13:00:50+00:00
trackb_cont_MTUS_20260604,,,,,,20.290001,19.469999,,,,,,-2.8201,pending,,2026-06-11T13:00:50+00:00
trackb_cont_MTUS_20260605,,,,,,20.225,19.469999,,,,,,-2.8201,pending,,2026-06-11T13:00:50+00:00
trackb_cont_MTUS_20260608,,,,,,20.225,19.469999,,,,,,-0.9664,pending,,2026-06-11T13:00:50+00:00
trackb_cont_MTUS_20260609,,,,,,20.225,19.469999,,,,,,-0.916,pending,,2026-06-11T13:00:50+00:00
trackb_cont_MTUS_20260610,,,,,,20.205,19.74,,,,,,0.458,pending,,2026-06-11T13:00:50+00:00
trackb_cont_MU_20260603,891.880005,,,,,1089.290039,854.349976,,,,,,-19.26,pending,,2026-06-11T13:00:42+00:00
trackb_cont_MU_20260604,,,,,,1036.369995,854.349976,,,,,,-19.26,pending,,2026-06-11T13:00:42+00:00
trackb_cont_MU_20260605,,,,,,989.150024,854.349976,,,,,,-19.26,pending,,2026-06-11T13:00:42+00:00
trackb_cont_MU_20260608,,,,,,989.150024,854.349976,,,,,,-1.118,pending,,2026-06-11T13:00:42+00:00
trackb_cont_MYE_20260603,24.99,,,,,26.200001,22.940001,,,,,,-2.5902,pending,,2026-06-11T13:02:04+00:00
trackb_cont_MYE_20260604,,,,,,26.200001,23.27,,,,,,-1.189,pending,,2026-06-11T13:02:04+00:00
trackb_cont_MYE_20260605,,,,,,26.200001,23.280001,,,,,,-1.1465,pending,,2026-06-11T13:02:04+00:00
trackb_cont_MYE_20260608,,,,,,26.200001,23.91,,,,,,1.5287,pending,,2026-06-11T13:02:04+00:00
trackb_cont_MYE_20260609,,,,,,26.200001,24.9,,,,,,1.1784,pending,,2026-06-11T13:02:04+00:00
trackb_cont_MYE_20260611,,,,,,,,,,,,,,pending,,2026-06-11T13:02:04+00:00
trackb_cont_MYPS_20260603,0.558,,,,,0.64,0.51,,,,,,-5.4855,pending,,2026-06-11T13:01:32+00:00
trackb_cont_MYPS_20260604,,,,,,0.64,0.511,,,,,,-5.3002,pending,,2026-06-11T13:01:32+00:00
trackb_cont_MYPS_20260605,,,,,,0.64,0.52,,,,,,-3.6323,pending,,2026-06-11T13:01:32+00:00
trackb_cont_MYPS_20260610,,,,,,0.588,0.52,,,,,,-12.1622,pending,,2026-06-11T13:01:32+00:00
trackb_cont_NBIX_20260603,160.860001,,,,,169.570007,155.119995,,,,,,-5.137,pending,,2026-06-11T13:02:19+00:00
trackb_cont_NBIX_20260604,,,,,,169.570007,160.720001,,,,,,-1.7123,pending,,2026-06-11T13:02:19+00:00
trackb_cont_NBIX_20260605,,,,,,169.389999,160.720001,,,,,,-1.7123,pending,,2026-06-11T13:02:19+00:00
trackb_cont_NBIX_20260608,,,,,,169.389999,160.720001,,,,,,-1.7123,pending,,2026-06-11T13:02:19+00:00
trackb_cont_NBIX_20260609,,,,,,169.389999,160.720001,,,,,,-1.4713,pending,,2026-06-11T13:02:19+00:00
trackb_cont_NBIX_20260610,,,,,,169.389999,160.720001,,,,,,-1.4713,pending,,2026-06-11T13:02:19+00:00
trackb_cont_NB_20260603,4.84,,,,,6.17,4.765,,,,,,-18.8936,pending,,2026-06-11T13:01:29+00:00
trackb_cont_NB_20260604,,,,,,5.96,4.765,,,,,,-18.8936,pending,,2026-06-11T13:01:29+00:00
trackb_cont_NB_20260605,,,,,,5.74,4.765,,,,,,-18.8936,pending,,2026-06-11T13:01:29+00:00
trackb_cont_NCLH_20260608,,,,,,19.34,17.74,,,,,,-5.3867,pending,,2026-06-11T13:02:38+00:00
trackb_cont_NCLH_20260609,,,,,,19.34,17.74,,,,,,-4.3666,pending,,2026-06-11T13:02:38+00:00
trackb_cont_NCLH_20260610,,,,,,18.82,17.74,,,,,,-4.3666,pending,,2026-06-11T13:02:38+00:00
trackb_cont_NCLH_20260611,,,,,,,,,,,,,,pending,,2026-06-11T13:02:38+00:00
trackb_cont_NCMI_20260603,3.57,,,,,3.64,3.48,,,,,,-2.1097,pending,,2026-06-11T13:01:37+00:00
trackb_cont_NCMI_20260604,,,,,,3.64,3.5,,,,,,-1.5471,pending,,2026-06-11T13:01:37+00:00
trackb_cont_NCMI_20260605,,,,,,3.64,3.5,,,,,,-1.5471,pending,,2026-06-11T13:01:37+00:00
trackb_cont_NCMI_20260608,,,,,,3.64,3.53,,,,,,-0.7032,pending,,2026-06-11T13:01:37+00:00
trackb_cont_NET_20260603,219.669998,,,,,276.815002,219.080002,,,,,,-16.0935,pending,,2026-06-11T13:00:41+00:00
trackb_cont_NET_20260604,,,,,,276.815002,219.080002,,,,,,-16.0935,pending,,2026-06-11T13:00:41+00:00
trackb_cont_NET_20260605,,,,,,268.820007,219.080002,,,,,,-16.0935,pending,,2026-06-11T13:00:41+00:00
trackb_cont_NET_20260608,,,,,,254.699997,219.080002,,,,,,-12.4065,pending,,2026-06-11T13:00:41+00:00
trackb_cont_NEU_20260603,823.940002,,,,,840.909973,769.169983,,,,,,-2.2177,pending,,2026-06-11T13:01:45+00:00
trackb_cont_NEU_20260604,,,,,,840.909973,775.719971,,,,,,-1.3851,pending,,2026-06-11T13:01:45+00:00
trackb_cont_NEU_20260605,,,,,,840.909973,780.940002,,,,,,-0.7214,pending,,2026-06-11T13:01:45+00:00
trackb_cont_NEU_20260608,,,,,,840.909973,791.090027,,,,,,0.5689,pending,,2026-06-11T13:01:45+00:00
trackb_cont_NEU_20260609,,,,,,840.909973,800.909973,,,,,,-0.2603,pending,,2026-06-11T13:01:45+00:00
trackb_cont_NEU_20260611,,,,,,,,,,,,,,pending,,2026-06-11T13:01:45+00:00
trackb_cont_NGVC_20260603,31.450001,,,,,31.6,28.280001,,,,,,-1.2052,pending,,2026-06-11T13:02:16+00:00
trackb_cont_NGVC_20260604,,,,,,31.6,28.280001,,,,,,-1.2052,pending,,2026-06-11T13:02:16+00:00
trackb_cont_NGVC_20260605,,,,,,31.6,28.780001,,,,,,0.5415,pending,,2026-06-11T13:02:16+00:00
trackb_cont_NGVC_20260608,,,,,,31.6,29.42,,,,,,2.7773,pending,,2026-06-11T13:02:16+00:00
trackb_cont_NGVC_20260610,,,,,,31.6,30.65,,,,,,1.8272,pending,,2026-06-11T13:02:16+00:00
trackb_cont_NIXX_20260603,0.8897,,,,,0.94,0.69,,,,,,-3.6716,pending,,2026-06-11T13:02:25+00:00
trackb_cont_NIXX_20260604,,,,,,0.94,0.69,,,,,,-3.6716,pending,,2026-06-11T13:02:25+00:00
trackb_cont_NIXX_20260605,,,,,,0.94,0.69,,,,,,-3.6716,pending,,2026-06-11T13:02:25+00:00
trackb_cont_NIXX_20260608,,,,,,0.94,0.69,,,,,,-18.2948,pending,,2026-06-11T13:02:25+00:00
trackb_cont_NMAX_20260603,8.97,,,,,10.0,8.12,,,,,,-2.6379,pending,,2026-06-11T13:01:06+00:00
trackb_cont_NMAX_20260604,,,,,,10.0,8.64,,,,,,3.5971,pending,,2026-06-11T13:01:06+00:00
trackb_cont_NMAX_20260605,,,,,,9.674,8.75,,,,,,4.9161,pending,,2026-06-11T13:01:06+00:00
trackb_cont_NMAX_20260608,,,,,,9.45,8.75,,,,,,-3.9517,pending,,2026-06-11T13:01:06+00:00
trackb_cont_NMAX_20260609,,,,,,9.45,8.75,,,,,,-1.5748,pending,,2026-06-11T13:01:06+00:00
trackb_cont_NMAX_20260610,,,,,,9.45,8.9,,,,,,0.1125,pending,,2026-06-11T13:01:06+00:00
trackb_cont_NMAX_20260611,,,,,,,,,,,,,,pending,,2026-06-11T13:01:06+00:00
trackb_cont_NNBR_20260603,2.88,,,,,3.18,2.74,,,,,,-10.311,pending,,2026-06-11T13:01:17+00:00
trackb_cont_NNBR_20260604,,,,,,3.08,2.74,,,,,,-10.311,pending,,2026-06-11T13:01:17+00:00
trackb_cont_NNBR_20260605,,,,,,3.05,2.74,,,,,,-10.311,pending,,2026-06-11T13:01:17+00:00
trackb_cont_NNBR_20260608,,,,,,3.05,2.74,,,,,,-10.311,pending,,2026-06-11T13:01:17+00:00
trackb_cont_NNN_20260609,,,,,,46.720001,45.32,,,,,,0.6887,pending,,2026-06-11T13:03:03+00:00
trackb_cont_NNN_20260611,,,,,,,,,,,,,,pending,,2026-06-11T13:03:03+00:00
trackb_cont_NOVT_20260603,154.580002,,,,,171.699997,150.100006,,,,,,-11.7422,pending,,2026-06-11T13:01:09+00:00
trackb_cont_NOVT_20260604,,,,,,171.419998,150.100006,,,,,,-11.7422,pending,,2026-06-11T13:01:09+00:00
trackb_cont_NOVT_20260605,,,,,,166.080002,150.100006,,,,,,-11.7422,pending,,2026-06-11T13:01:09+00:00
trackb_cont_NOVT_20260608,,,,,,166.080002,150.100006,,,,,,-11.7422,pending,,2026-06-11T13:01:09+00:00
trackb_cont_NOV_20260608,,,,,,21.49,20.379999,,,,,,1.1917,pending,,2026-06-11T13:02:46+00:00
trackb_cont_NOW_20260603,106.059998,,,,,128.080002,103.080002,,,,,,-14.0714,pending,,2026-06-11T13:02:06+00:00
trackb_cont_NOW_20260604,,,,,,124.800003,103.080002,,,,,,-14.0714,pending,,2026-06-11T13:02:06+00:00
trackb_cont_NOW_20260605,,,,,,121.199997,103.080002,,,,,,-14.0714,pending,,2026-06-11T13:02:06+00:00
trackb_cont_NOW_20260608,,,,,,115.360001,103.080002,,,,,,-14.0714,pending,,2026-06-11T13:02:06+00:00
trackb_cont_NRGV_20260603,4.33,,,,,6.645,4.205,,,,,,-30.7249,pending,,2026-06-11T13:02:02+00:00
trackb_cont_NRGV_20260604,,,,,,6.645,4.205,,,,,,-30.7249,pending,,2026-06-11T13:02:02+00:00
trackb_cont_NRGV_20260605,,,,,,6.296,4.205,,,,,,-30.7249,pending,,2026-06-11T13:02:02+00:00
trackb_cont_NRGV_20260608,,,,,,5.61,4.205,,,,,,-30.7249,pending,,2026-06-11T13:02:02+00:00
trackb_cont_NSIT_20260603,109.080002,,,,,120.68,105.589996,,,,,,-6.1547,pending,,2026-06-11T13:01:06+00:00
trackb_cont_NSIT_20260604,,,,,,120.68,105.589996,,,,,,-6.1547,pending,,2026-06-11T13:01:06+00:00
trackb_cont_NSIT_20260605,,,,,,120.010002,105.589996,,,,,,-6.1547,pending,,2026-06-11T13:01:06+00:00
trackb_cont_NSIT_20260608,,,,,,113.07,105.589996,,,,,,-4.9338,pending,,2026-06-11T13:01:06+00:00
trackb_cont_NSIT_20260609,,,,,,112.800003,105.589996,,,,,,-4.1311,pending,,2026-06-11T13:01:06+00:00
trackb_cont_NSP_20260603,37.0,,,,,38.299999,33.23,,,,,,-2.5799,pending,,2026-06-11T13:01:44+00:00
trackb_cont_NSP_20260604,,,,,,38.299999,33.279999,,,,,,-2.4333,pending,,2026-06-11T13:01:44+00:00
trackb_cont_NSP_20260605,,,,,,38.299999,34.279999,,,,,,0.4984,pending,,2026-06-11T13:01:44+00:00
trackb_cont_NTAP_20260603,160.660004,,,,,182.860001,160.009995,,,,,,-10.7585,pending,,2026-06-11T13:02:03+00:00
trackb_cont_NTAP_20260604,,,,,,180.0,160.009995,,,,,,-10.7585,pending,,2026-06-11T13:02:03+00:00
trackb_cont_NTAP_20260605,,,,,,177.619995,160.009995,,,,,,-10.7585,pending,,2026-06-11T13:02:03+00:00
trackb_cont_NTAP_20260608,,,,,,172.050003,160.009995,,,,,,-4.2086,pending,,2026-06-11T13:02:03+00:00
trackb_cont_NTGR_20260603,23.92,,,,,27.16,23.459999,,,,,,-10.2525,pending,,2026-06-11T13:01:57+00:00
trackb_cont_NTGR_20260604,,,,,,26.17,23.459999,,,,,,-10.2525,pending,,2026-06-11T13:01:57+00:00
trackb_cont_NTGR_20260605,,,,,,25.74,23.459999,,,,,,-10.2525,pending,,2026-06-11T13:01:57+00:00
trackb_cont_NTGR_20260608,,,,,,25.299999,23.459999,,,,,,-10.2525,pending,,2026-06-11T13:01:57+00:00
trackb_cont_NTRA_20260611,,,,,,,,,,,,,,pending,,2026-06-11T13:03:19+00:00
trackb_cont_NTRS_20260603,166.130005,,,,,173.660004,165.899994,,,,,,-0.5694,pending,,2026-06-11T13:00:49+00:00
trackb_cont_NTRS_20260604,,,,,,173.660004,165.899994,,,,,,-0.5694,pending,,2026-06-11T13:00:49+00:00
trackb_cont_NTRS_20260605,,,,,,172.970001,165.899994,,,,,,-0.5694,pending,,2026-06-11T13:00:49+00:00
trackb_cont_NTRS_20260608,,,,,,172.399994,165.899994,,,,,,-2.6808,pending,,2026-06-11T13:00:49+00:00
trackb_cont_NTRS_20260609,,,,,,172.399994,165.899994,,,,,,-1.8982,pending,,2026-06-11T13:00:49+00:00
trackb_cont_NTRS_20260610,,,,,,171.070007,165.899994,,,,,,-1.8982,pending,,2026-06-11T13:00:49+00:00
trackb_cont_NUE_20260603,250.490005,,,,,264.670013,245.330002,,,,,,-5.5442,pending,,2026-06-11T13:00:58+00:00
trackb_cont_NUE_20260604,,,,,,264.670013,245.330002,,,,,,-5.5442,pending,,2026-06-11T13:00:58+00:00
trackb_cont_NUE_20260605,,,,,,261.459991,245.330002,,,,,,-5.5442,pending,,2026-06-11T13:00:58+00:00
trackb_cont_NUE_20260608,,,,,,257.970001,245.330002,,,,,,-3.5615,pending,,2026-06-11T13:00:58+00:00
trackb_cont_NUE_20260609,,,,,,257.970001,245.330002,,,,,,-3.1847,pending,,2026-06-11T13:00:58+00:00
trackb_cont_NUE_20260611,,,,,,,,,,,,,,pending,,2026-06-11T13:00:58+00:00
trackb_cont_NVRI_20260603,20.49,,,,,21.459999,17.620001,,,,,,-3.8734,pending,,2026-06-11T13:00:37+00:00
trackb_cont_NVRI_20260604,,,,,,21.459999,18.02,,,,,,-1.6912,pending,,2026-06-11T13:00:37+00:00
trackb_cont_NVRI_20260605,,,,,,21.459999,18.75,,,,,,2.2913,pending,,2026-06-11T13:00:37+00:00
trackb_cont_NVRI_20260608,,,,,,21.459999,19.370001,,,,,,0.3627,pending,,2026-06-11T13:00:37+00:00
trackb_cont_NVRI_20260610,,,,,,21.459999,20.190001,,,,,,1.5594,pending,,2026-06-11T13:00:37+00:00
trackb_cont_NVTS_20260608,,,,,,26.429001,20.41,,,,,,-18.6204,pending,,2026-06-11T13:02:51+00:00
trackb_cont_NWL_20260611,,,,,,,,,,,,,,pending,,2026-06-11T13:03:19+00:00
trackb_cont_NWPX_20260603,122.309998,,,,,128.289993,117.209999,,,,,,-2.2896,pending,,2026-06-11T13:01:55+00:00
trackb_cont_NWPX_20260604,,,,,,128.289993,117.209999,,,,,,-2.2896,pending,,2026-06-11T13:01:55+00:00
trackb_cont_NWPX_20260605,,,,,,128.289993,117.209999,,,,,,-2.2896,pending,,2026-06-11T13:01:55+00:00
trackb_cont_NWPX_20260608,,,,,,128.289993,118.510002,,,,,,-1.2059,pending,,2026-06-11T13:01:55+00:00
trackb_cont_NWSA_20260609,,,,,,27.620001,26.950001,,,,,,-0.4065,pending,,2026-06-11T13:03:02+00:00
trackb_cont_NXT_20260603,111.949997,,,,,154.529999,109.790001,,,,,,-25.0324,pending,,2026-06-11T13:02:13+00:00
trackb_cont_NXT_20260604,,,,,,152.425003,109.790001,,,,,,-25.0324,pending,,2026-06-11T13:02:13+00:00
trackb_cont_NXT_20260605,,,,,,146.339996,109.790001,,,,,,-25.0324,pending,,2026-06-11T13:02:13+00:00
trackb_cont_NXT_20260608,,,,,,135.796997,109.790001,,,,,,-25.0324,pending,,2026-06-11T13:02:13+00:00
trackb_cont_ODFL_20260603,235.949997,,,,,252.029999,223.630005,,,,,,-4.2024,pending,,2026-06-11T13:00:46+00:00
trackb_cont_ODFL_20260604,,,,,,252.029999,223.630005,,,,,,-4.2024,pending,,2026-06-11T13:00:46+00:00
trackb_cont_ODFL_20260605,,,,,,252.029999,223.630005,,,,,,-4.2024,pending,,2026-06-11T13:00:46+00:00
trackb_cont_ODFL_20260608,,,,,,252.029999,223.630005,,,,,,-7.8081,pending,,2026-06-11T13:00:46+00:00
trackb_cont_ODFL_20260610,,,,,,239.570007,223.630005,,,,,,-9.4652,pending,,2026-06-11T13:00:46+00:00
trackb_cont_OII_20260603,39.299999,,,,,40.209999,36.700001,,,,,,-5.0453,pending,,2026-06-11T13:02:28+00:00
trackb_cont_OII_20260604,,,,,,40.209999,36.700001,,,,,,-5.0453,pending,,2026-06-11T13:02:28+00:00
trackb_cont_OII_20260605,,,,,,40.209999,36.700001,,,,,,-5.0453,pending,,2026-06-11T13:02:28+00:00
trackb_cont_OII_20260608,,,,,,40.209999,37.84,,,,,,-2.0957,pending,,2026-06-11T13:02:28+00:00
trackb_cont_OII_20260611,,,,,,,,,,,,,,pending,,2026-06-11T13:02:28+00:00
trackb_cont_OKLO_20260603,54.02,,,,,70.849998,53.009998,,,,,,-18.8704,pending,,2026-06-11T13:02:18+00:00
trackb_cont_OKLO_20260604,,,,,,66.57,53.009998,,,,,,-18.8704,pending,,2026-06-11T13:02:18+00:00
trackb_cont_OKLO_20260605,,,,,,64.809998,53.009998,,,,,,-18.8704,pending,,2026-06-11T13:02:18+00:00
trackb_cont_OKLO_20260608,,,,,,60.351002,53.009998,,,,,,-18.8704,pending,,2026-06-11T13:02:18+00:00
trackb_cont_OKTA_20260603,114.919998,,,,,132.735001,114.660004,,,,,,-8.1765,pending,,2026-06-11T13:01:23+00:00
trackb_cont_OKTA_20260604,,,,,,125.294998,114.660004,,,,,,-8.1765,pending,,2026-06-11T13:01:23+00:00
trackb_cont_OKTA_20260605,,,,,,123.990997,114.660004,,,,,,-8.1765,pending,,2026-06-11T13:01:23+00:00
trackb_cont_OKTA_20260608,,,,,,123.25,114.660004,,,,,,-3.4198,pending,,2026-06-11T13:01:23+00:00
trackb_cont_OLOX_20260603,7.31,,,,,10.666,7.12,,,,,,-24.9737,pending,,2026-06-11T13:02:00+00:00
trackb_cont_OLOX_20260604,,,,,,8.25,7.12,,,,,,-24.9737,pending,,2026-06-11T13:02:00+00:00
trackb_cont_OLOX_20260605,,,,,,8.016,7.12,,,,,,-24.9737,pending,,2026-06-11T13:02:00+00:00
trackb_cont_OLOX_20260608,,,,,,8.016,7.12,,,,,,-24.9737,pending,,2026-06-11T13:02:00+00:00
trackb_cont_OMDA_20260603,17.1,,,,,18.68,16.799999,,,,,,-3.281,pending,,2026-06-11T13:02:03+00:00
trackb_cont_OMDA_20260604,,,,,,18.68,16.799999,,,,,,-3.281,pending,,2026-06-11T13:02:03+00:00
trackb_cont_OMDA_20260605,,,,,,18.653999,16.799999,,,,,,-3.281,pending,,2026-06-11T13:02:03+00:00
trackb_cont_OMDA_20260608,,,,,,18.559999,16.799999,,,,,,-3.281,pending,,2026-06-11T13:02:03+00:00
trackb_cont_OMDA_20260610,,,,,,18.040001,16.799999,,,,,,-6.0403,pending,,2026-06-11T13:02:03+00:00
trackb_cont_ONDS_20260603,9.31,,,,,13.0,9.04,,,,,,-23.1293,pending,,2026-06-11T13:01:23+00:00
trackb_cont_ONDS_20260604,,,,,,12.42,9.04,,,,,,-23.1293,pending,,2026-06-11T13:01:23+00:00
trackb_cont_ONDS_20260605,,,,,,11.66,9.04,,,,,,-23.1293,pending,,2026-06-11T13:01:23+00:00
trackb_cont_ONDS_20260608,,,,,,10.84,9.04,,,,,,-23.1293,pending,,2026-06-11T13:01:23+00:00
trackb_cont_ONL_20260603,2.8,,,,,2.985,2.795,,,,,,-4.1166,pending,,2026-06-11T13:02:22+00:00
trackb_cont_ONL_20260604,,,,,,2.985,2.795,,,,,,-4.1166,pending,,2026-06-11T13:02:22+00:00
trackb_cont_ONL_20260605,,,,,,2.965,2.795,,,,,,-4.1166,pending,,2026-06-11T13:02:22+00:00
trackb_cont_ONL_20260608,,,,,,2.905,2.795,,,,,,-4.1166,pending,,2026-06-11T13:02:22+00:00
trackb_cont_ON_20260603,110.169998,,,,,134.919998,108.300003,,,,,,-17.8487,pending,,2026-06-11T13:01:02+00:00
trackb_cont_ON_20260604,,,,,,134.490005,108.300003,,,,,,-17.8487,pending,,2026-06-11T13:01:02+00:00
trackb_cont_ON_20260605,,,,,,126.309998,108.300003,,,,,,-17.8487,pending,,2026-06-11T13:01:02+00:00
trackb_cont_ON_20260608,,,,,,124.529999,108.300003,,,,,,-17.8487,pending,,2026-06-11T13:01:02+00:00
trackb_cont_OPAD_20260603,4.83,,,,,7.05,0.736,,,,,,-5.6531,pending,,2026-06-11T13:01:25+00:00
trackb_cont_OPAD_20260604,,,,,,7.05,0.736,,,,,,-5.6531,pending,,2026-06-11T13:01:25+00:00
trackb_cont_OPAD_20260605,,,,,,7.05,4.17,,,,,,434.5469,pending,,2026-06-11T13:01:25+00:00
trackb_cont_OPAL_20260603,1.94,,,,,2.31,1.94,,,,,,-13.969,pending,,2026-06-11T13:01:58+00:00
trackb_cont_OPAL_20260604,,,,,,2.31,1.94,,,,,,-13.969,pending,,2026-06-11T13:01:58+00:00
trackb_cont_OPAL_20260605,,,,,,2.28,1.94,,,,,,-13.969,pending,,2026-06-11T13:01:58+00:00
trackb_cont_OPAL_20260608,,,,,,2.19,1.94,,,,,,-13.969,pending,,2026-06-11T13:01:58+00:00
trackb_cont_OPEN_20260603,4.48,,,,,5.29,4.08,,,,,,-16.7347,pending,,2026-06-11T13:01:44+00:00
trackb_cont_OPEN_20260604,,,,,,5.15,4.08,,,,,,-16.7347,pending,,2026-06-11T13:01:44+00:00
trackb_cont_OPEN_20260605,,,,,,4.852,4.08,,,,,,-16.7347,pending,,2026-06-11T13:01:44+00:00
trackb_cont_OPLN_20260603,36.689999,,,,,37.889999,36.169998,,,,,,-3.0815,pending,,2026-06-11T13:01:12+00:00
trackb_cont_OPLN_20260604,,,,,,37.889999,36.169998,,,,,,-3.0815,pending,,2026-06-11T13:01:12+00:00
trackb_cont_OPLN_20260605,,,,,,37.889999,36.290001,,,,,,-2.7599,pending,,2026-06-11T13:01:12+00:00
trackb_cont_OPLN_20260608,,,,,,37.889999,36.43,,,,,,-2.3848,pending,,2026-06-11T13:01:12+00:00
trackb_cont_ORA_20260603,136.690002,,,,,146.389999,134.380005,,,,,,-7.7472,pending,,2026-06-11T13:00:38+00:00
trackb_cont_ORA_20260604,,,,,,144.350006,134.380005,,,,,,-7.7472,pending,,2026-06-11T13:00:38+00:00
trackb_cont_ORA_20260605,,,,,,143.690002,134.380005,,,,,,-7.7472,pending,,2026-06-11T13:00:38+00:00
trackb_cont_ORA_20260608,,,,,,143.690002,134.380005,,,,,,-4.0143,pending,,2026-06-11T13:00:38+00:00
trackb_cont_ORA_20260609,,,,,,139.619995,134.380005,,,,,,-1.5315,pending,,2026-06-11T13:00:38+00:00
trackb_cont_ORA_20260610,,,,,,139.050003,136.5,,,,,,0.022,pending,,2026-06-11T13:00:38+00:00
trackb_cont_ORCL_20260603,201.259995,,,,,240.509995,197.789993,,,,,,-13.8189,pending,,2026-06-11T13:01:14+00:00
trackb_cont_ORCL_20260604,,,,,,238.949997,197.789993,,,,,,-13.8189,pending,,2026-06-11T13:01:14+00:00
trackb_cont_ORCL_20260605,,,,,,231.440002,197.789993,,,,,,-13.8189,pending,,2026-06-11T13:01:14+00:00
trackb_cont_ORCL_20260608,,,,,,220.5,197.789993,,,,,,-13.8189,pending,,2026-06-11T13:01:14+00:00
trackb_cont_OSS_20260603,15.76,,,,,19.790001,14.61,,,,,,-23.0648,pending,,2026-06-11T13:01:15+00:00
trackb_cont_OSS_20260604,,,,,,19.504999,14.61,,,,,,-23.0648,pending,,2026-06-11T13:01:15+00:00
trackb_cont_OSS_20260605,,,,,,18.280001,14.61,,,,,,-23.0648,pending,,2026-06-11T13:01:15+00:00
trackb_cont_OSS_20260608,,,,,,17.586,14.61,,,,,,-23.0648,pending,,2026-06-11T13:01:15+00:00
trackb_cont_OTTR_20260611,,,,,,,,,,,,,,pending,,2026-06-11T13:03:25+00:00
trackb_cont_OUST_20260603,38.389999,,,,,48.830002,35.299999,,,,,,-19.2958,pending,,2026-06-11T13:01:34+00:00
trackb_cont_OUST_20260604,,,,,,48.830002,35.299999,,,,,,-19.2958,pending,,2026-06-11T13:01:34+00:00
trackb_cont_OUST_20260605,,,,,,45.0,35.299999,,,,,,-19.2958,pending,,2026-06-11T13:01:34+00:00
trackb_cont_OUST_20260608,,,,,,43.209999,35.299999,,,,,,-19.2958,pending,,2026-06-11T13:01:34+00:00
trackb_cont_OXM_20260603,43.279999,,,,,45.82,41.349998,,,,,,-8.1315,pending,,2026-06-11T13:02:27+00:00
trackb_cont_OXM_20260604,,,,,,45.82,41.349998,,,,,,-8.1315,pending,,2026-06-11T13:02:27+00:00
trackb_cont_OXM_20260605,,,,,,45.82,41.349998,,,,,,-8.1315,pending,,2026-06-11T13:02:27+00:00
trackb_cont_PACK_20260603,6.72,,,,,7.16,6.59,,,,,,-6.1254,pending,,2026-06-11T13:00:41+00:00
trackb_cont_PACK_20260604,,,,,,7.16,6.59,,,,,,-6.1254,pending,,2026-06-11T13:00:41+00:00
trackb_cont_PACK_20260605,,,,,,7.16,6.59,,,,,,-6.1254,pending,,2026-06-11T13:00:41+00:00
trackb_cont_PACK_20260608,,,,,,7.16,6.59,,,,,,-2.9455,pending,,2026-06-11T13:00:41+00:00
trackb_cont_PACK_20260609,,,,,,7.16,6.59,,,,,,-3.5139,pending,,2026-06-11T13:00:41+00:00
trackb_cont_PAG_20260603,178.179993,,,,,182.360001,169.330002,,,,,,-1.5151,pending,,2026-06-11T13:00:53+00:00
trackb_cont_PAG_20260604,,,,,,182.360001,169.330002,,,,,,-1.5151,pending,,2026-06-11T13:00:53+00:00
trackb_cont_PAG_20260605,,,,,,182.360001,169.330002,,,,,,-1.5151,pending,,2026-06-11T13:00:53+00:00
trackb_cont_PAG_20260608,,,,,,182.360001,170.229996,,,,,,-0.9917,pending,,2026-06-11T13:00:53+00:00
trackb_cont_PAG_20260609,,,,,,182.360001,174.440002,,,,,,1.1305,pending,,2026-06-11T13:00:53+00:00
trackb_cont_PAG_20260610,,,,,,182.360001,178.110001,,,,,,3.2582,pending,,2026-06-11T13:00:53+00:00
trackb_cont_PAL_20260611,,,,,,,,,,,,,,pending,,2026-06-11T13:03:17+00:00
trackb_cont_PANW_20260603,263.220001,,,,,288.0,251.149994,,,,,,-11.1414,pending,,2026-06-11T13:00:58+00:00
trackb_cont_PANW_20260604,,,,,,280.720001,251.149994,,,,,,-11.1414,pending,,2026-06-11T13:00:58+00:00
trackb_cont_PANW_20260605,,,,,,280.640015,251.149994,,,,,,-11.1414,pending,,2026-06-11T13:00:58+00:00
trackb_cont_PANW_20260608,,,,,,273.049988,251.149994,,,,,,-7.6824,pending,,2026-06-11T13:00:58+00:00
trackb_cont_PANW_20260609,,,,,,266.720001,251.149994,,,,,,-5.6997,pending,,2026-06-11T13:00:58+00:00
trackb_cont_PATH_20260603,10.75,,,,,12.24,10.3,,,,,,-10.9767,pending,,2026-06-11T13:02:19+00:00
trackb_cont_PATH_20260604,,,,,,12.14,10.3,,,,,,-10.9767,pending,,2026-06-11T13:02:19+00:00
trackb_cont_PATH_20260605,,,,,,11.94,10.3,,,,,,-10.9767,pending,,2026-06-11T13:02:19+00:00
trackb_cont_PAYX_20260603,101.099998,,,,,102.029999,97.260002,,,,,,-0.9673,pending,,2026-06-11T13:01:37+00:00
trackb_cont_PAYX_20260604,,,,,,102.029999,97.260002,,,,,,-0.9673,pending,,2026-06-11T13:01:37+00:00
trackb_cont_PAYX_20260605,,,,,,101.769997,97.260002,,,,,,-0.9673,pending,,2026-06-11T13:01:37+00:00
trackb_cont_PAYX_20260608,,,,,,101.769997,97.260002,,,,,,-3.2528,pending,,2026-06-11T13:01:37+00:00
trackb_cont_PAYX_20260610,,,,,,101.769997,98.910004,,,,,,-0.0101,pending,,2026-06-11T13:01:37+00:00
trackb_cont_PBF_20260609,,,,,,43.619999,39.93,,,,,,-5.7588,pending,,2026-06-11T13:02:58+00:00
trackb_cont_PBI_20260603,16.91,,,,,17.129999,16.1,,,,,,-0.801,pending,,2026-06-11T13:01:26+00:00
trackb_cont_PBI_20260604,,,,,,17.129999,16.16,,,,,,-0.4313,pending,,2026-06-11T13:01:26+00:00
trackb_cont_PBI_20260605,,,,,,17.129999,16.16,,,,,,-0.4313,pending,,2026-06-11T13:01:26+00:00
trackb_cont_PBI_20260608,,,,,,17.129999,16.16,,,,,,-0.4313,pending,,2026-06-11T13:01:26+00:00
trackb_cont_PBI_20260611,,,,,,,,,,,,,,pending,,2026-06-11T13:01:26+00:00
trackb_cont_PCAR_20260608,,,,,,120.949997,113.940002,,,,,,-2.3483,pending,,2026-06-11T13:02:47+00:00
trackb_cont_PCAR_20260611,,,,,,,,,,,,,,pending,,2026-06-11T13:02:47+00:00
trackb_cont_PCG_20260609,,,,,,16.85,16.42,,,,,,-0.3641,pending,,2026-06-11T13:02:59+00:00
trackb_cont_PCT_20260603,9.885,,,,,14.195,9.865,,,,,,-25.5607,pending,,2026-06-11T13:01:11+00:00
trackb_cont_PCT_20260604,,,,,,14.195,9.865,,,,,,-25.5607,pending,,2026-06-11T13:01:11+00:00
trackb_cont_PCT_20260605,,,,,,13.81,9.865,,,,,,-25.5607,pending,,2026-06-11T13:01:11+00:00
trackb_cont_PCT_20260608,,,,,,12.81,9.865,,,,,,-21.1746,pending,,2026-06-11T13:01:11+00:00
trackb_cont_PDM_20260610,,,,,,9.44,9.1,,,,,,2.0179,pending,,2026-06-11T13:03:12+00:00
trackb_cont_PEB_20260603,17.23,,,,,17.639999,15.63,,,,,,-1.7599,pending,,2026-06-11T13:00:48+00:00
trackb_cont_PEB_20260604,,,,,,17.639999,16.16,,,,,,1.5713,pending,,2026-06-11T13:00:48+00:00
trackb_cont_PEB_20260605,,,,,,17.639999,16.74,,,,,,5.2168,pending,,2026-06-11T13:00:48+00:00
trackb_cont_PEB_20260608,,,,,,17.639999,16.74,,,,,,-0.8881,pending,,2026-06-11T13:00:48+00:00
trackb_cont_PEB_20260609,,,,,,17.639999,16.74,,,,,,-0.5938,pending,,2026-06-11T13:00:48+00:00
trackb_cont_PENG_20260603,58.52,,,,,72.470001,56.610001,,,,,,-17.5142,pending,,2026-06-11T13:01:07+00:00
trackb_cont_PENG_20260604,,,,,,72.470001,56.610001,,,,,,-17.5142,pending,,2026-06-11T13:01:07+00:00
trackb_cont_PENG_20260605,,,,,,68.703003,56.610001,,,,,,-17.5142,pending,,2026-06-11T13:01:07+00:00
trackb_cont_PENG_20260608,,,,,,68.459999,56.610001,,,,,,-5.4293,pending,,2026-06-11T13:01:07+00:00
trackb_cont_PENN_20260603,21.450001,,,,,21.6,18.790001,,,,,,-4.4981,pending,,2026-06-11T13:01:20+00:00
trackb_cont_PENN_20260604,,,,,,21.6,18.790001,,,,,,-4.4981,pending,,2026-06-11T13:01:20+00:00
trackb_cont_PENN_20260605,,,,,,21.6,18.790001,,,,,,-4.4981,pending,,2026-06-11T13:01:20+00:00
trackb_cont_PENN_20260608,,,,,,21.6,18.790001,,,,,,-2.2881,pending,,2026-06-11T13:01:20+00:00
trackb_cont_PENN_20260609,,,,,,21.6,19.18,,,,,,0.0522,pending,,2026-06-11T13:01:20+00:00
trackb_cont_PENN_20260610,,,,,,21.6,20.299999,,,,,,5.8946,pending,,2026-06-11T13:01:20+00:00
trackb_cont_PENN_20260611,,,,,,,,,,,,,,pending,,2026-06-11T13:01:20+00:00
trackb_cont_PFGC_20260603,100.739998,,,,,102.403,93.690002,,,,,,-3.2328,pending,,2026-06-11T13:02:01+00:00
trackb_cont_PFGC_20260604,,,,,,102.403,93.690002,,,,,,-3.2328,pending,,2026-06-11T13:02:01+00:00
trackb_cont_PFGC_20260605,,,,,,102.403,94.25,,,,,,-2.6544,pending,,2026-06-11T13:02:01+00:00
trackb_cont_PFGC_20260608,,,,,,102.403,96.940002,,,,,,0.1239,pending,,2026-06-11T13:02:01+00:00
trackb_cont_PFGC_20260610,,,,,,102.403,98.879997,,,,,,1.5508,pending,,2026-06-11T13:02:01+00:00
trackb_cont_PFG_20260603,109.209999,,,,,109.889999,100.849998,,,,,,-1.1371,pending,,2026-06-11T13:01:37+00:00
trackb_cont_PFG_20260604,,,,,,109.889999,101.910004,,,,,,-0.098,pending,,2026-06-11T13:01:37+00:00
trackb_cont_PFG_20260605,,,,,,109.889999,103.389999,,,,,,1.3528,pending,,2026-06-11T13:01:37+00:00
trackb_cont_PFG_20260608,,,,,,109.889999,104.800003,,,,,,2.735,pending,,2026-06-11T13:01:37+00:00
trackb_cont_PFG_20260610,,,,,,109.889999,106.489998,,,,,,1.3901,pending,,2026-06-11T13:01:37+00:00
trackb_cont_PGNY_20260603,25.889999,,,,,26.415001,24.700001,,,,,,-0.5436,pending,,2026-06-11T13:01:48+00:00
trackb_cont_PGNY_20260604,,,,,,26.415001,25.08,,,,,,0.9865,pending,,2026-06-11T13:01:48+00:00
trackb_cont_PGNY_20260605,,,,,,26.415001,25.184999,,,,,,1.4093,pending,,2026-06-11T13:01:48+00:00
trackb_cont_PGNY_20260608,,,,,,26.415001,25.5,,,,,,2.6777,pending,,2026-06-11T13:01:48+00:00
trackb_cont_PGNY_20260609,,,,,,26.24,25.5,,,,,,-1.6204,pending,,2026-06-11T13:01:48+00:00
trackb_cont_PGNY_20260611,,,,,,,,,,,,,,pending,,2026-06-11T13:01:48+00:00
trackb_cont_PG_20260610,,,,,,150.429993,148.380005,,,,,,2.2605,pending,,2026-06-11T13:03:11+00:00
trackb_cont_PHIN_20260603,80.510002,,,,,83.349998,77.885002,,,,,,-2.7289,pending,,2026-06-11T13:02:15+00:00
trackb_cont_PHIN_20260604,,,,,,83.349998,78.735001,,,,,,-1.6673,pending,,2026-06-11T13:02:15+00:00
trackb_cont_PHIN_20260605,,,,,,82.709999,78.735001,,,,,,-1.6673,pending,,2026-06-11T13:02:15+00:00
trackb_cont_PHIN_20260608,,,,,,82.709999,79.339996,,,,,,-0.1761,pending,,2026-06-11T13:02:15+00:00
trackb_cont_PHR_20260603,9.14,,,,,10.205,9.05,,,,,,-6.3147,pending,,2026-06-11T13:02:12+00:00
trackb_cont_PHR_20260604,,,,,,10.14,9.05,,,,,,-6.3147,pending,,2026-06-11T13:02:12+00:00
trackb_cont_PHR_20260605,,,,,,9.79,9.05,,,,,,-6.3147,pending,,2026-06-11T13:02:12+00:00
trackb_cont_PHR_20260608,,,,,,9.64,9.05,,,,,,-6.3147,pending,,2026-06-11T13:02:12+00:00
trackb_cont_PII_20260603,66.510002,,,,,71.209999,65.559998,,,,,,-4.0117,pending,,2026-06-11T13:01:58+00:00
trackb_cont_PII_20260604,,,,,,71.209999,65.559998,,,,,,-4.0117,pending,,2026-06-11T13:01:58+00:00
trackb_cont_PII_20260605,,,,,,71.209999,65.559998,,,,,,-4.0117,pending,,2026-06-11T13:01:58+00:00
trackb_cont_PII_20260608,,,,,,71.209999,65.559998,,,,,,-0.7569,pending,,2026-06-11T13:01:58+00:00
trackb_cont_PINS_20260609,,,,,,22.105,21.129999,,,,,,-3.9109,pending,,2026-06-11T13:02:58+00:00
trackb_cont_PKG_20260603,216.639999,,,,,227.869995,214.179993,,,,,,-4.8808,pending,,2026-06-11T13:02:09+00:00
trackb_cont_PKG_20260604,,,,,,227.869995,214.179993,,,,,,-4.8808,pending,,2026-06-11T13:02:09+00:00
trackb_cont_PKG_20260605,,,,,,227.869995,214.179993,,,,,,-4.8808,pending,,2026-06-11T13:02:09+00:00
trackb_cont_PKG_20260608,,,,,,227.869995,214.179993,,,,,,-4.8808,pending,,2026-06-11T13:02:09+00:00
trackb_cont_PKG_20260610,,,,,,227.869995,214.179993,,,,,,-2.3926,pending,,2026-06-11T13:02:09+00:00
trackb_cont_PK_20260603,13.92,,,,,14.54,13.15,,,,,,-3.4862,pending,,2026-06-11T13:00:39+00:00
trackb_cont_PK_20260604,,,,,,14.54,13.57,,,,,,-0.4037,pending,,2026-06-11T13:00:39+00:00
trackb_cont_PK_20260605,,,,,,14.54,13.86,,,,,,1.7248,pending,,2026-06-11T13:00:39+00:00
trackb_cont_PK_20260608,,,,,,14.54,13.86,,,,,,1.7248,pending,,2026-06-11T13:00:39+00:00
trackb_cont_PK_20260611,,,,,,,,,,,,,,pending,,2026-06-11T13:00:39+00:00
trackb_cont_PLD_20260611,,,,,,,,,,,,,,pending,,2026-06-11T13:03:20+00:00
trackb_cont_PLPC_20260603,352.160004,,,,,393.640015,349.48999,,,,,,-6.8027,pending,,2026-06-11T13:01:27+00:00
trackb_cont_PLPC_20260604,,,,,,384.339996,349.48999,,,,,,-6.8027,pending,,2026-06-11T13:01:27+00:00
trackb_cont_PLPC_20260605,,,,,,384.339996,349.48999,,,,,,-6.8027,pending,,2026-06-11T13:01:27+00:00
trackb_cont_PLPC_20260608,,,,,,384.339996,349.48999,,,,,,-3.7271,pending,,2026-06-11T13:01:27+00:00
trackb_cont_PLUG_20260603,2.86,,,,,3.99,2.82,,,,,,-26.0464,pending,,2026-06-11T13:01:55+00:00
trackb_cont_PLUG_20260604,,,,,,3.72,2.82,,,,,,-26.0464,pending,,2026-06-11T13:01:55+00:00
trackb_cont_PLUG_20260605,,,,,,3.5,2.82,,,,,,-26.0464,pending,,2026-06-11T13:01:55+00:00
trackb_cont_PLUG_20260608,,,,,,3.34,2.82,,,,,,-26.0464,pending,,2026-06-11T13:01:55+00:00
trackb_cont_PLXS_20260603,275.51001,,,,,292.329987,269.809998,,,,,,-6.0877,pending,,2026-06-11T13:01:16+00:00
trackb_cont_PLXS_20260604,,,,,,290.420013,269.809998,,,,,,-6.0877,pending,,2026-06-11T13:01:16+00:00
trackb_cont_PLXS_20260605,,,,,,290.209991,269.809998,,,,,,-6.0877,pending,,2026-06-11T13:01:16+00:00
trackb_cont_PLXS_20260608,,,,,,290.209991,269.809998,,,,,,-6.0877,pending,,2026-06-11T13:01:16+00:00
trackb_cont_PL_20260603,30.719999,,,,,47.619999,29.32,,,,,,-34.2675,pending,,2026-06-11T13:02:07+00:00
trackb_cont_PL_20260604,,,,,,45.165001,29.32,,,,,,-34.2675,pending,,2026-06-11T13:02:07+00:00
trackb_cont_PL_20260605,,,,,,39.18,29.32,,,,,,-34.2675,pending,,2026-06-11T13:02:07+00:00
trackb_cont_PL_20260608,,,,,,34.369999,29.32,,,,,,-34.2675,pending,,2026-06-11T13:02:07+00:00
trackb_cont_PNC_20260608,,,,,,236.089996,226.759995,,,,,,-0.705,pending,,2026-06-11T13:02:46+00:00
trackb_cont_PNC_20260611,,,,,,,,,,,,,,pending,,2026-06-11T13:02:46+00:00
trackb_cont_PPG_20260603,112.970001,,,,,116.889999,110.860001,,,,,,-0.7964,pending,,2026-06-11T13:01:16+00:00
trackb_cont_PPG_20260604,,,,,,116.889999,111.629997,,,,,,-0.1074,pending,,2026-06-11T13:01:16+00:00
trackb_cont_PPG_20260605,,,,,,116.889999,111.629997,,,,,,-0.1074,pending,,2026-06-11T13:01:16+00:00
trackb_cont_PPG_20260608,,,,,,116.889999,112.25,,,,,,-1.362,pending,,2026-06-11T13:01:16+00:00
trackb_cont_PPG_20260610,,,,,,116.860001,112.879997,,,,,,-0.0,pending,,2026-06-11T13:01:16+00:00
trackb_cont_PRKS_20260603,44.080002,,,,,46.849998,38.150002,,,,,,-0.4696,pending,,2026-06-11T13:02:02+00:00
trackb_cont_PRKS_20260604,,,,,,46.849998,39.52,,,,,,3.1046,pending,,2026-06-11T13:02:02+00:00
trackb_cont_PRKS_20260605,,,,,,46.849998,39.52,,,,,,3.1046,pending,,2026-06-11T13:02:02+00:00
trackb_cont_PRKS_20260608,,,,,,46.849998,40.669998,,,,,,6.1049,pending,,2026-06-11T13:02:02+00:00
trackb_cont_PRKS_20260610,,,,,,46.849998,43.91,,,,,,4.4481,pending,,2026-06-11T13:02:02+00:00
trackb_cont_PRLB_20260603,73.779999,,,,,78.68,72.169998,,,,,,-4.537,pending,,2026-06-11T13:00:39+00:00
trackb_cont_PRLB_20260604,,,,,,78.68,72.169998,,,,,,-4.537,pending,,2026-06-11T13:00:39+00:00
trackb_cont_PRLB_20260605,,,,,,78.68,72.169998,,,,,,-4.537,pending,,2026-06-11T13:00:39+00:00
trackb_cont_PRLB_20260608,,,,,,78.68,72.900002,,,,,,-3.5714,pending,,2026-06-11T13:00:39+00:00
trackb_cont_PRLB_20260611,,,,,,,,,,,,,,pending,,2026-06-11T13:00:39+00:00
trackb_cont_PRMB_20260603,22.879999,,,,,24.719999,22.67,,,,,,-6.3417,pending,,2026-06-11T13:01:24+00:00
trackb_cont_PRMB_20260604,,,,,,24.32,22.67,,,,,,-6.3417,pending,,2026-06-11T13:01:24+00:00
trackb_cont_PRMB_20260605,,,,,,23.65,22.67,,,,,,-6.3417,pending,,2026-06-11T13:01:24+00:00
trackb_cont_PRSU_20260603,46.360001,,,,,46.939999,43.09,,,,,,-0.9653,pending,,2026-06-11T13:02:16+00:00
trackb_cont_PRSU_20260604,,,,,,46.939999,43.09,,,,,,-0.9653,pending,,2026-06-11T13:02:16+00:00
trackb_cont_PRSU_20260605,,,,,,46.939999,43.48,,,,,,-0.069,pending,,2026-06-11T13:02:16+00:00
trackb_cont_PRSU_20260608,,,,,,46.939999,44.02,,,,,,0.2277,pending,,2026-06-11T13:02:16+00:00
trackb_cont_PRSU_20260611,,,,,,,,,,,,,,pending,,2026-06-11T13:02:16+00:00
trackb_cont_PRU_20260603,105.169998,,,,,106.099998,100.400002,,,,,,-0.5694,pending,,2026-06-11T13:01:21+00:00
trackb_cont_PRU_20260604,,,,,,106.099998,101.68,,,,,,0.6982,pending,,2026-06-11T13:01:21+00:00
trackb_cont_PRU_20260605,,,,,,106.099998,102.599998,,,,,,1.6093,pending,,2026-06-11T13:01:21+00:00
trackb_cont_PRU_20260608,,,,,,106.099998,102.599998,,,,,,-1.9308,pending,,2026-06-11T13:01:21+00:00
trackb_cont_PRU_20260610,,,,,,106.099998,103.699997,,,,,,-0.0193,pending,,2026-06-11T13:01:21+00:00
trackb_cont_PRU_20260611,,,,,,,,,,,,,,pending,,2026-06-11T13:01:21+00:00
trackb_cont_PSMT_20260603,174.740005,,,,,183.0,168.800003,,,,,,-1.3442,pending,,2026-06-11T13:02:17+00:00
trackb_cont_PSMT_20260604,,,,,,183.0,171.600006,,,,,,0.2922,pending,,2026-06-11T13:02:17+00:00
trackb_cont_PSMT_20260605,,,,,,183.0,172.539993,,,,,,0.8416,pending,,2026-06-11T13:02:17+00:00
trackb_cont_PSMT_20260608,,,,,,183.0,174.149994,,,,,,0.1035,pending,,2026-06-11T13:02:17+00:00
trackb_cont_PSMT_20260609,,,,,,183.0,174.149994,,,,,,-1.6268,pending,,2026-06-11T13:02:17+00:00
trackb_cont_PSN_20260603,56.470001,,,,,62.105,56.419998,,,,,,-5.2481,pending,,2026-06-11T13:01:13+00:00
trackb_cont_PSN_20260604,,,,,,62.105,56.419998,,,,,,-5.2481,pending,,2026-06-11T13:01:13+00:00
trackb_cont_PSN_20260605,,,,,,61.919998,56.419998,,,,,,-5.2481,pending,,2026-06-11T13:01:13+00:00
trackb_cont_PSN_20260608,,,,,,59.779999,56.419998,,,,,,-5.2481,pending,,2026-06-11T13:01:13+00:00
trackb_cont_PSN_20260609,,,,,,59.040001,56.419998,,,,,,-2.4382,pending,,2026-06-11T13:01:13+00:00
trackb_cont_PSN_20260611,,,,,,,,,,,,,,pending,,2026-06-11T13:01:13+00:00
trackb_cont_PSX_20260603,181.720001,,,,,188.0,176.960007,,,,,,-5.1,pending,,2026-06-11T13:01:23+00:00
trackb_cont_PSX_20260604,,,,,,188.0,176.960007,,,,,,-5.1,pending,,2026-06-11T13:01:23+00:00
trackb_cont_PSX_20260605,,,,,,188.0,176.960007,,,,,,-5.1,pending,,2026-06-11T13:01:23+00:00
trackb_cont_PSX_20260608,,,,,,188.0,176.960007,,,,,,-3.3428,pending,,2026-06-11T13:01:23+00:00
trackb_cont_PSX_20260609,,,,,,185.979996,176.960007,,,,,,-3.522,pending,,2026-06-11T13:01:23+00:00
trackb_cont_PTON_20260603,5.59,,,,,6.3,5.45,,,,,,-9.6935,pending,,2026-06-11T13:01:30+00:00
trackb_cont_PTON_20260604,,,,,,6.3,5.45,,,,,,-9.6935,pending,,2026-06-11T13:01:30+00:00
trackb_cont_PTON_20260605,,,,,,6.17,5.45,,,,,,-9.6935,pending,,2026-06-11T13:01:30+00:00
trackb_cont_PTON_20260608,,,,,,5.89,5.45,,,,,,-5.5459,pending,,2026-06-11T13:01:30+00:00
trackb_cont_PUSA_20260603,4.93,,,,,6.57,4.81,,,,,,-18.1973,pending,,2026-06-11T13:00:44+00:00
trackb_cont_PUSA_20260604,,,,,,6.28,4.81,,,,,,-18.1973,pending,,2026-06-11T13:00:44+00:00
trackb_cont_PUSA_20260605,,,,,,5.88,4.81,,,,,,-18.1973,pending,,2026-06-11T13:00:44+00:00
trackb_cont_PUSA_20260608,,,,,,5.55,4.81,,,,,,-6.7829,pending,,2026-06-11T13:00:44+00:00
trackb_cont_PVH_20260603,78.32,,,,,100.75,69.0,,,,,,-31.1927,pending,,2026-06-11T13:01:00+00:00
trackb_cont_PVH_20260604,,,,,,82.32,69.0,,,,,,-31.1927,pending,,2026-06-11T13:01:00+00:00
trackb_cont_PVH_20260605,,,,,,82.32,75.370003,,,,,,-24.8404,pending,,2026-06-11T13:01:00+00:00
trackb_cont_PXED_20260603,30.870001,,,,,31.940001,29.809999,,,,,,-0.9635,pending,,2026-06-11T13:02:27+00:00
trackb_cont_PXED_20260604,,,,,,31.940001,30.209999,,,,,,0.3654,pending,,2026-06-11T13:02:27+00:00
trackb_cont_PXED_20260605,,,,,,31.83,30.209999,,,,,,0.3654,pending,,2026-06-11T13:02:27+00:00
trackb_cont_PXED_20260608,,,,,,31.83,30.209999,,,,,,-0.3957,pending,,2026-06-11T13:02:27+00:00
trackb_cont_QBTS_20260603,23.25,,,,,29.950001,22.35,,,,,,-19.0657,pending,,2026-06-11T13:01:29+00:00
trackb_cont_QBTS_20260604,,,,,,28.82,22.35,,,,,,-19.0657,pending,,2026-06-11T13:01:29+00:00
trackb_cont_QBTS_20260605,,,,,,26.73,22.35,,,,,,-19.0657,pending,,2026-06-11T13:01:29+00:00
trackb_cont_QBTS_20260608,,,,,,26.73,22.35,,,,,,-6.2893,pending,,2026-06-11T13:01:29+00:00
trackb_cont_QCOM_20260603,191.199997,,,,,255.089996,190.100006,,,,,,-23.9843,pending,,2026-06-11T13:02:00+00:00
trackb_cont_QCOM_20260604,,,,,,246.699997,190.100006,,,,,,-23.9843,pending,,2026-06-11T13:02:00+00:00
trackb_cont_QCOM_20260605,,,,,,238.440002,190.100006,,,,,,-23.9843,pending,,2026-06-11T13:02:00+00:00
trackb_cont_QCOM_20260608,,,,,,221.929993,190.100006,,,,,,-23.9843,pending,,2026-06-11T13:02:00+00:00
trackb_cont_QMCO_20260603,12.59,,,,,18.48,11.9,,,,,,-13.8929,pending,,2026-06-11T13:01:15+00:00
trackb_cont_QMCO_20260604,,,,,,18.48,11.9,,,,,,-13.8929,pending,,2026-06-11T13:01:15+00:00
trackb_cont_QMCO_20260605,,,,,,15.74,11.9,,,,,,-13.8929,pending,,2026-06-11T13:01:15+00:00
trackb_cont_QMCO_20260608,,,,,,14.98,11.9,,,,,,-13.8929,pending,,2026-06-11T13:01:15+00:00
trackb_cont_QS_20260603,7.0,,,,,9.325,6.96,,,,,,-21.355,pending,,2026-06-11T13:01:52+00:00
trackb_cont_QS_20260604,,,,,,9.24,6.96,,,,,,-21.355,pending,,2026-06-11T13:01:52+00:00
trackb_cont_QS_20260605,,,,,,8.865,6.96,,,,,,-21.355,pending,,2026-06-11T13:01:52+00:00
trackb_cont_QS_20260608,,,,,,7.975,6.96,,,,,,-9.2568,pending,,2026-06-11T13:01:52+00:00
trackb_cont_RAL_20260603,62.450001,,,,,65.279999,59.764999,,,,,,-4.1613,pending,,2026-06-11T13:01:11+00:00
trackb_cont_RAL_20260604,,,,,,65.279999,59.764999,,,,,,-4.1613,pending,,2026-06-11T13:01:11+00:00
trackb_cont_RAL_20260605,,,,,,65.279999,59.764999,,,,,,-4.1613,pending,,2026-06-11T13:01:11+00:00
trackb_cont_RAL_20260608,,,,,,65.279999,60.5,,,,,,0.5484,pending,,2026-06-11T13:01:11+00:00
trackb_cont_RAL_20260610,,,,,,65.279999,61.919998,,,,,,1.4583,pending,,2026-06-11T13:01:11+00:00
trackb_cont_RAL_20260611,,,,,,,,,,,,,,pending,,2026-06-11T13:01:11+00:00
trackb_cont_RBRK_20260603,71.32,,,,,80.730003,67.940002,,,,,,-12.808,pending,,2026-06-11T13:01:35+00:00
trackb_cont_RBRK_20260604,,,,,,78.25,67.940002,,,,,,-12.808,pending,,2026-06-11T13:01:35+00:00
trackb_cont_RBRK_20260605,,,,,,78.080002,67.940002,,,,,,-12.808,pending,,2026-06-11T13:01:35+00:00
trackb_cont_RBRK_20260608,,,,,,75.32,67.940002,,,,,,-12.808,pending,,2026-06-11T13:01:35+00:00
trackb_cont_RCAT_20260603,10.895,,,,,15.225,10.81,,,,,,-21.0084,pending,,2026-06-11T13:01:26+00:00
trackb_cont_RCAT_20260604,,,,,,15.225,10.81,,,,,,-21.0084,pending,,2026-06-11T13:01:26+00:00
trackb_cont_RCAT_20260605,,,,,,14.48,10.81,,,,,,-21.0084,pending,,2026-06-11T13:01:26+00:00
trackb_cont_RCAT_20260608,,,,,,13.33,10.81,,,,,,-14.7476,pending,,2026-06-11T13:01:26+00:00
trackb_cont_RCL_20260603,268.730011,,,,,298.829987,266.01001,,,,,,-9.1527,pending,,2026-06-11T13:01:01+00:00
trackb_cont_RCL_20260604,,,,,,298.829987,266.01001,,,,,,-9.1527,pending,,2026-06-11T13:01:01+00:00
trackb_cont_RCL_20260605,,,,,,297.0,266.01001,,,,,,-9.1527,pending,,2026-06-11T13:01:01+00:00
trackb_cont_RCL_20260608,,,,,,284.119995,266.01001,,,,,,-4.9964,pending,,2026-06-11T13:01:01+00:00
trackb_cont_RCL_20260610,,,,,,278.130005,266.01001,,,,,,-2.2022,pending,,2026-06-11T13:01:01+00:00
trackb_cont_RDDT_20260608,,,,,,183.119995,166.160004,,,,,,-4.2029,pending,,2026-06-11T13:02:47+00:00
trackb_cont_RDDT_20260610,,,,,,179.800003,170.800003,,,,,,-0.1928,pending,,2026-06-11T13:02:47+00:00
trackb_cont_REYN_20260610,,,,,,23.504999,23.08,,,,,,2.8062,pending,,2026-06-11T13:03:12+00:00
trackb_cont_RFIL_20260603,16.700001,,,,,19.02,15.34,,,,,,-17.3269,pending,,2026-06-11T13:01:50+00:00
trackb_cont_RFIL_20260604,,,,,,18.75,15.34,,,,,,-17.3269,pending,,2026-06-11T13:01:50+00:00
trackb_cont_RFIL_20260605,,,,,,18.08,15.34,,,,,,-17.3269,pending,,2026-06-11T13:01:50+00:00
trackb_cont_RFIL_20260608,,,,,,18.08,15.34,,,,,,-4.3641,pending,,2026-06-11T13:01:50+00:00
trackb_cont_RF_20260603,28.58,,,,,29.27,27.32,,,,,,-0.5098,pending,,2026-06-11T13:01:25+00:00
trackb_cont_RF_20260604,,,,,,29.27,27.530001,,,,,,0.2549,pending,,2026-06-11T13:01:25+00:00
trackb_cont_RF_20260605,,,,,,29.27,28.1,,,,,,2.3307,pending,,2026-06-11T13:01:25+00:00
trackb_cont_RF_20260608,,,,,,29.27,28.1,,,,,,-1.5417,pending,,2026-06-11T13:01:25+00:00
trackb_cont_RF_20260609,,,,,,29.27,28.1,,,,,,-1.6106,pending,,2026-06-11T13:01:25+00:00
trackb_cont_RGEN_20260611,,,,,,,,,,,,,,pending,,2026-06-11T13:03:18+00:00
trackb_cont_RGP_20260603,4.71,,,,,4.76,4.39,,,,,,-1.6797,pending,,2026-06-11T13:02:04+00:00
trackb_cont_RGP_20260604,,,,,,4.76,4.42,,,,,,-1.0078,pending,,2026-06-11T13:02:04+00:00
trackb_cont_RGP_20260605,,,,,,4.76,4.42,,,,,,-1.0078,pending,,2026-06-11T13:02:04+00:00
trackb_cont_RGP_20260608,,,,,,4.76,4.47,,,,,,0.112,pending,,2026-06-11T13:02:04+00:00
trackb_cont_RGP_20260611,,,,,,,,,,,,,,pending,,2026-06-11T13:02:04+00:00
trackb_cont_RGTI_20260603,19.445,,,,,28.059999,18.469999,,,,,,-24.3585,pending,,2026-06-11T13:01:11+00:00
trackb_cont_RGTI_20260604,,,,,,25.02,18.469999,,,,,,-24.3585,pending,,2026-06-11T13:01:11+00:00
trackb_cont_RGTI_20260605,,,,,,23.190001,18.469999,,,,,,-24.3585,pending,,2026-06-11T13:01:11+00:00
trackb_cont_RGTI_20260608,,,,,,22.790001,18.469999,,,,,,-24.3585,pending,,2026-06-11T13:01:11+00:00
trackb_cont_RHI_20260603,31.24,,,,,32.32,29.16,,,,,,-1.2362,pending,,2026-06-11T13:01:41+00:00
trackb_cont_RHI_20260604,,,,,,32.32,29.969999,,,,,,1.5072,pending,,2026-06-11T13:01:41+00:00
trackb_cont_RHI_20260605,,,,,,32.32,30.370001,,,,,,2.862,pending,,2026-06-11T13:01:41+00:00
trackb_cont_RHI_20260608,,,,,,31.67,30.370001,,,,,,-2.8471,pending,,2026-06-11T13:01:41+00:00
trackb_cont_RHP_20260603,118.669998,,,,,121.559998,112.739998,,,,,,-2.4234,pending,,2026-06-11T13:01:46+00:00
trackb_cont_RHP_20260604,,,,,,121.559998,114.580002,,,,,,-0.8309,pending,,2026-06-11T13:01:46+00:00
trackb_cont_RHP_20260605,,,,,,121.559998,116.269997,,,,,,0.6318,pending,,2026-06-11T13:01:46+00:00
trackb_cont_RHP_20260608,,,,,,121.559998,118.080002,,,,,,2.1984,pending,,2026-06-11T13:01:46+00:00
trackb_cont_RHP_20260611,,,,,,,,,,,,,,pending,,2026-06-11T13:01:46+00:00
trackb_cont_RH_20260603,148.690002,,,,,155.990005,141.279999,,,,,,-5.1303,pending,,2026-06-11T13:01:05+00:00
trackb_cont_RH_20260604,,,,,,155.990005,141.279999,,,,,,-5.1303,pending,,2026-06-11T13:01:05+00:00
trackb_cont_RH_20260605,,,,,,153.399994,141.279999,,,,,,-5.1303,pending,,2026-06-11T13:01:05+00:00
trackb_cont_RH_20260608,,,,,,153.399994,141.279999,,,,,,-5.1303,pending,,2026-06-11T13:01:05+00:00
trackb_cont_RH_20260610,,,,,,153.399994,146.300003,,,,,,-0.3406,pending,,2026-06-11T13:01:05+00:00
trackb_cont_RH_20260611,,,,,,,,,,,,,,pending,,2026-06-11T13:01:05+00:00
trackb_cont_RIOT_20260603,24.08,,,,,28.639999,23.665001,,,,,,-15.4066,pending,,2026-06-11T13:01:47+00:00
trackb_cont_RIOT_20260604,,,,,,28.08,23.665001,,,,,,-15.4066,pending,,2026-06-11T13:01:47+00:00
trackb_cont_RIOT_20260605,,,,,,27.205,23.665001,,,,,,-15.4066,pending,,2026-06-11T13:01:47+00:00
trackb_cont_RIOT_20260608,,,,,,27.205,23.665001,,,,,,-15.4066,pending,,2026-06-11T13:01:47+00:00
trackb_cont_RIVN_20260603,14.76,,,,,18.549999,14.645,,,,,,-17.0959,pending,,2026-06-11T13:01:14+00:00
trackb_cont_RIVN_20260604,,,,,,18.549999,14.645,,,,,,-17.0959,pending,,2026-06-11T13:01:14+00:00
trackb_cont_RIVN_20260605,,,,,,18.0,14.645,,,,,,-17.0959,pending,,2026-06-11T13:01:14+00:00
trackb_cont_RIVN_20260608,,,,,,17.6,14.645,,,,,,-10.4281,pending,,2026-06-11T13:01:14+00:00
trackb_cont_RLGT_20260603,8.88,,,,,9.45,8.43,,,,,,-1.8626,pending,,2026-06-11T13:01:30+00:00
trackb_cont_RLGT_20260604,,,,,,9.45,8.44,,,,,,-1.7462,pending,,2026-06-11T13:01:30+00:00
trackb_cont_RLGT_20260605,,,,,,9.45,8.56,,,,,,-0.3492,pending,,2026-06-11T13:01:30+00:00
trackb_cont_RLGT_20260608,,,,,,9.45,8.65,,,,,,0.9335,pending,,2026-06-11T13:01:30+00:00
trackb_cont_RLGT_20260610,,,,,,9.15,8.87,,,,,,-1.4444,pending,,2026-06-11T13:01:30+00:00
trackb_cont_RLI_20260610,,,,,,54.200001,52.73,,,,,,1.1898,pending,,2026-06-11T13:02:33+00:00
trackb_cont_RLJ_20260603,10.64,,,,,10.87,9.99,,,,,,-1.1381,pending,,2026-06-11T13:00:59+00:00
trackb_cont_RLJ_20260604,,,,,,10.87,10.24,,,,,,1.336,pending,,2026-06-11T13:00:59+00:00
trackb_cont_RLJ_20260605,,,,,,10.87,10.47,,,,,,3.6121,pending,,2026-06-11T13:00:59+00:00
trackb_cont_RLJ_20260608,,,,,,10.87,10.47,,,,,,3.6121,pending,,2026-06-11T13:00:59+00:00
trackb_cont_RLJ_20260609,,,,,,10.84,10.47,,,,,,-0.3806,pending,,2026-06-11T13:00:59+00:00
trackb_cont_RLJ_20260610,,,,,,10.84,10.56,,,,,,0.4757,pending,,2026-06-11T13:00:59+00:00
trackb_cont_RLJ_20260611,,,,,,,,,,,,,,pending,,2026-06-11T13:00:59+00:00
trackb_cont_RMBS_20260603,138.119995,,,,,174.100006,130.270004,,,,,,-23.3334,pending,,2026-06-11T13:00:40+00:00
trackb_cont_RMBS_20260604,,,,,,171.279999,130.270004,,,,,,-23.3334,pending,,2026-06-11T13:00:40+00:00
trackb_cont_RMBS_20260605,,,,,,161.800003,130.270004,,,,,,-23.3334,pending,,2026-06-11T13:00:40+00:00
trackb_cont_RMBS_20260608,,,,,,159.630005,130.270004,,,,,,-23.3334,pending,,2026-06-11T13:00:40+00:00
trackb_cont_RMR_20260603,21.049999,,,,,21.16,19.790001,,,,,,-0.101,pending,,2026-06-11T13:02:08+00:00
trackb_cont_RMR_20260604,,,,,,21.16,20.01,,,,,,1.0096,pending,,2026-06-11T13:02:08+00:00
trackb_cont_RMR_20260605,,,,,,21.16,20.275,,,,,,2.3473,pending,,2026-06-11T13:02:08+00:00
trackb_cont_RMR_20260608,,,,,,21.16,20.309999,,,,,,2.524,pending,,2026-06-11T13:02:08+00:00
trackb_cont_ROG_20260603,137.470001,,,,,153.809998,135.520004,,,,,,-10.3822,pending,,2026-06-11T13:01:02+00:00
trackb_cont_ROG_20260604,,,,,,147.899994,135.520004,,,,,,-10.3822,pending,,2026-06-11T13:01:02+00:00
trackb_cont_ROG_20260605,,,,,,147.899994,135.520004,,,,,,-10.3822,pending,,2026-06-11T13:01:02+00:00
trackb_cont_ROK_20260603,440.070007,,,,,468.109985,439.700012,,,,,,-4.8608,pending,,2026-06-11T13:00:49+00:00
trackb_cont_ROK_20260604,,,,,,465.049988,439.700012,,,,,,-4.8608,pending,,2026-06-11T13:00:49+00:00
trackb_cont_ROK_20260605,,,,,,465.049988,439.700012,,,,,,-4.8608,pending,,2026-06-11T13:00:49+00:00
trackb_cont_ROK_20260608,,,,,,465.049988,439.700012,,,,,,-1.5692,pending,,2026-06-11T13:00:49+00:00
trackb_cont_ROLR_20260611,,,,,,,,,,,,,,pending,,2026-06-11T13:03:25+00:00
trackb_cont_ROST_20260610,,,,,,233.759995,228.080002,,,,,,0.2902,pending,,2026-06-11T13:03:14+00:00
trackb_cont_RPM_20260603,104.279999,,,,,108.120003,103.57,,,,,,-0.7855,pending,,2026-06-11T13:02:03+00:00
trackb_cont_RPM_20260604,,,,,,108.120003,103.870003,,,,,,-0.4981,pending,,2026-06-11T13:02:03+00:00
trackb_cont_RPM_20260605,,,,,,108.120003,104.010002,,,,,,-0.364,pending,,2026-06-11T13:02:03+00:00
trackb_cont_RPM_20260608,,,,,,108.120003,104.010002,,,,,,-0.364,pending,,2026-06-11T13:02:03+00:00
trackb_cont_RPM_20260610,,,,,,108.080002,104.129997,,,,,,-0.4588,pending,,2026-06-11T13:02:03+00:00
trackb_cont_RPRX_20260603,54.52,,,,,56.5,53.945,,,,,,-2.2558,pending,,2026-06-11T13:02:29+00:00
trackb_cont_RPRX_20260604,,,,,,56.5,54.349998,,,,,,-1.522,pending,,2026-06-11T13:02:29+00:00
trackb_cont_RPRX_20260605,,,,,,56.5,54.349998,,,,,,-1.522,pending,,2026-06-11T13:02:29+00:00
trackb_cont_RPRX_20260608,,,,,,56.5,54.349998,,,,,,-2.7206,pending,,2026-06-11T13:02:29+00:00
trackb_cont_RPRX_20260610,,,,,,56.23,54.490002,,,,,,-0.6744,pending,,2026-06-11T13:02:29+00:00
trackb_cont_RPRX_20260611,,,,,,,,,,,,,,pending,,2026-06-11T13:02:29+00:00
trackb_cont_RRR_20260603,62.080002,,,,,62.16,56.299999,,,,,,-0.793,pending,,2026-06-11T13:02:12+00:00
trackb_cont_RRR_20260604,,,,,,62.16,56.299999,,,,,,-0.793,pending,,2026-06-11T13:02:12+00:00
trackb_cont_RRR_20260605,,,,,,62.16,57.009998,,,,,,0.4581,pending,,2026-06-11T13:02:12+00:00
trackb_cont_RRR_20260609,,,,,,62.16,58.200001,,,,,,0.1894,pending,,2026-06-11T13:02:12+00:00
trackb_cont_RRR_20260610,,,,,,62.16,59.490002,,,,,,2.4101,pending,,2026-06-11T13:02:12+00:00
trackb_cont_RS_20260603,394.290009,,,,,409.660004,386.609985,,,,,,-1.5257,pending,,2026-06-11T13:01:09+00:00
trackb_cont_RS_20260604,,,,,,409.660004,386.609985,,,,,,-1.5257,pending,,2026-06-11T13:01:09+00:00
trackb_cont_RS_20260605,,,,,,409.660004,389.230011,,,,,,-0.8584,pending,,2026-06-11T13:01:09+00:00
trackb_cont_RS_20260608,,,,,,409.660004,389.230011,,,,,,-0.8584,pending,,2026-06-11T13:01:09+00:00
trackb_cont_RS_20260609,,,,,,409.660004,393.029999,,,,,,-0.8151,pending,,2026-06-11T13:01:09+00:00
trackb_cont_RS_20260610,,,,,,409.660004,394.290009,,,,,,-0.4971,pending,,2026-06-11T13:01:09+00:00
trackb_cont_RS_20260611,,,,,,,,,,,,,,pending,,2026-06-11T13:01:09+00:00
trackb_cont_RUM_20260603,7.0,,,,,10.54,6.96,,,,,,-18.6916,pending,,2026-06-11T13:02:28+00:00
trackb_cont_RUM_20260604,,,,,,10.54,6.96,,,,,,-18.6916,pending,,2026-06-11T13:02:28+00:00
trackb_cont_RUM_20260605,,,,,,8.318,6.96,,,,,,-18.6916,pending,,2026-06-11T13:02:28+00:00
trackb_cont_RUM_20260608,,,,,,8.318,6.96,,,,,,-18.6916,pending,,2026-06-11T13:02:28+00:00
trackb_cont_RVTY_20260603,101.290001,,,,,106.209999,97.599998,,,,,,-3.7285,pending,,2026-06-11T13:02:20+00:00
trackb_cont_RVTY_20260604,,,,,,106.209999,97.599998,,,,,,-3.7285,pending,,2026-06-11T13:02:20+00:00
trackb_cont_RVTY_20260605,,,,,,106.209999,97.599998,,,,,,-3.7285,pending,,2026-06-11T13:02:20+00:00
trackb_cont_RVTY_20260608,,,,,,106.209999,98.580002,,,,,,-2.7619,pending,,2026-06-11T13:02:20+00:00
trackb_cont_RVTY_20260611,,,,,,,,,,,,,,pending,,2026-06-11T13:02:20+00:00
trackb_cont_RXO_20260603,28.75,,,,,29.860001,26.200001,,,,,,-1.9461,pending,,2026-06-11T13:00:59+00:00
trackb_cont_RXO_20260604,,,,,,29.860001,26.530001,,,,,,-0.7111,pending,,2026-06-11T13:00:59+00:00
trackb_cont_RXO_20260605,,,,,,29.860001,26.530001,,,,,,-0.7111,pending,,2026-06-11T13:00:59+00:00
trackb_cont_RXO_20260608,,,,,,29.860001,26.98,,,,,,0.9731,pending,,2026-06-11T13:00:59+00:00
trackb_cont_RXO_20260610,,,,,,29.860001,27.51,,,,,,-1.995,pending,,2026-06-11T13:00:59+00:00
trackb_cont_RYN_20260610,,,,,,21.209999,20.690001,,,,,,-0.4331,pending,,2026-06-11T13:03:14+00:00
trackb_cont_RYN_20260611,,,,,,,,,,,,,,pending,,2026-06-11T13:03:14+00:00
trackb_cont_RYZ_20260603,28.639999,,,,,29.395,26.735001,,,,,,-4.7135,pending,,2026-06-11T13:01:29+00:00
trackb_cont_RYZ_20260604,,,,,,29.395,26.735001,,,,,,-4.7135,pending,,2026-06-11T13:01:29+00:00
trackb_cont_RYZ_20260605,,,,,,29.395,26.735001,,,,,,-4.7135,pending,,2026-06-11T13:01:29+00:00
trackb_cont_RYZ_20260608,,,,,,29.395,27.087999,,,,,,-3.4554,pending,,2026-06-11T13:01:29+00:00
trackb_cont_R_20260603,270.25,,,,,279.98999,256.200012,,,,,,-1.0505,pending,,2026-06-11T13:00:47+00:00
trackb_cont_R_20260604,,,,,,279.98999,259.950012,,,,,,0.3978,pending,,2026-06-11T13:00:47+00:00
trackb_cont_R_20260605,,,,,,279.98999,263.779999,,,,,,1.877,pending,,2026-06-11T13:00:47+00:00
trackb_cont_R_20260608,,,,,,279.98999,263.779999,,,,,,1.877,pending,,2026-06-11T13:00:47+00:00
trackb_cont_R_20260609,,,,,,279.98999,268.0,,,,,,-1.0851,pending,,2026-06-11T13:00:47+00:00
trackb_cont_R_20260610,,,,,,279.98999,269.920013,,,,,,-0.3765,pending,,2026-06-11T13:00:47+00:00
trackb_cont_R_20260611,,,,,,,,,,,,,,pending,,2026-06-11T13:00:47+00:00
trackb_cont_SAFE_20260609,,,,,,16.32,15.73,,,,,,0.5754,pending,,2026-06-11T13:03:02+00:00
trackb_cont_SAFE_20260611,,,,,,,,,,,,,,pending,,2026-06-11T13:03:02+00:00
trackb_cont_SAH_20260603,84.150002,,,,,85.919998,80.339996,,,,,,-3.7037,pending,,2026-06-11T13:00:50+00:00
trackb_cont_SAH_20260604,,,,,,85.919998,80.339996,,,,,,-3.7037,pending,,2026-06-11T13:00:50+00:00
trackb_cont_SAH_20260605,,,,,,85.919998,80.339996,,,,,,-3.7037,pending,,2026-06-11T13:00:50+00:00
trackb_cont_SAH_20260608,,,,,,85.919998,80.339996,,,,,,-3.7037,pending,,2026-06-11T13:00:50+00:00
trackb_cont_SAH_20260610,,,,,,85.919998,84.110001,,,,,,1.7173,pending,,2026-06-11T13:00:50+00:00
trackb_cont_SAH_20260611,,,,,,,,,,,,,,pending,,2026-06-11T13:00:50+00:00
trackb_cont_SAIA_20260603,463.700012,,,,,494.709991,430.01001,,,,,,-6.9061,pending,,2026-06-11T13:01:50+00:00
trackb_cont_SAIA_20260604,,,,,,494.709991,430.01001,,,,,,-6.9061,pending,,2026-06-11T13:01:50+00:00
trackb_cont_SAIA_20260605,,,,,,494.709991,430.01001,,,,,,-6.9061,pending,,2026-06-11T13:01:50+00:00
trackb_cont_SAIA_20260608,,,,,,494.709991,430.01001,,,,,,-6.9061,pending,,2026-06-11T13:01:50+00:00
trackb_cont_SAIA_20260609,,,,,,494.709991,430.01001,,,,,,-10.5413,pending,,2026-06-11T13:01:50+00:00
trackb_cont_SAIA_20260611,,,,,,,,,,,,,,pending,,2026-06-11T13:01:50+00:00
trackb_cont_SAIC_20260603,114.230003,,,,,118.419998,109.269997,,,,,,-2.897,pending,,2026-06-11T13:02:26+00:00
trackb_cont_SAIC_20260604,,,,,,118.419998,111.32,,,,,,-1.0753,pending,,2026-06-11T13:02:26+00:00
trackb_cont_SAIC_20260605,,,,,,118.169998,111.32,,,,,,-1.0753,pending,,2026-06-11T13:02:26+00:00
trackb_cont_SAIC_20260608,,,,,,116.589996,111.32,,,,,,-1.0753,pending,,2026-06-11T13:02:26+00:00
trackb_cont_SAIC_20260609,,,,,,115.870003,111.32,,,,,,-1.6608,pending,,2026-06-11T13:02:26+00:00
trackb_cont_SAIC_20260610,,,,,,115.870003,113.309998,,,,,,0.0972,pending,,2026-06-11T13:02:26+00:00
trackb_cont_SANM_20260603,231.320007,,,,,288.679993,229.059998,,,,,,-19.2655,pending,,2026-06-11T13:00:39+00:00
trackb_cont_SANM_20260604,,,,,,285.339996,229.059998,,,,,,-19.2655,pending,,2026-06-11T13:00:39+00:00
trackb_cont_SANM_20260605,,,,,,270.970001,229.059998,,,,,,-19.2655,pending,,2026-06-11T13:00:39+00:00
trackb_cont_SANM_20260608,,,,,,262.0,229.059998,,,,,,-9.132,pending,,2026-06-11T13:00:39+00:00
trackb_cont_SCSC_20260603,48.860001,,,,,49.689999,45.279999,,,,,,-0.7018,pending,,2026-06-11T13:01:13+00:00
trackb_cont_SCSC_20260604,,,,,,49.689999,46.009998,,,,,,0.8991,pending,,2026-06-11T13:01:13+00:00
trackb_cont_SCSC_20260605,,,,,,49.689999,46.110001,,,,,,1.1184,pending,,2026-06-11T13:01:13+00:00
trackb_cont_SCSC_20260608,,,,,,49.689999,46.119999,,,,,,1.1403,pending,,2026-06-11T13:01:13+00:00
trackb_cont_SCSC_20260609,,,,,,49.689999,47.18,,,,,,-2.0145,pending,,2026-06-11T13:01:13+00:00
trackb_cont_SCSC_20260610,,,,,,49.689999,48.689999,,,,,,1.1215,pending,,2026-06-11T13:01:13+00:00
trackb_cont_SDGR_20260603,14.15,,,,,16.469999,14.03,,,,,,-4.4929,pending,,2026-06-11T13:02:18+00:00
trackb_cont_SDGR_20260604,,,,,,16.469999,14.03,,,,,,-4.4929,pending,,2026-06-11T13:02:18+00:00
trackb_cont_SDGR_20260605,,,,,,15.85,14.03,,,,,,-4.4929,pending,,2026-06-11T13:02:18+00:00
trackb_cont_SDGR_20260608,,,,,,15.04,14.03,,,,,,-4.4929,pending,,2026-06-11T13:02:18+00:00
trackb_cont_SEM_20260609,,,,,,16.68,16.59,,,,,,0.1207,pending,,2026-06-11T13:03:01+00:00
trackb_cont_SEM_20260611,,,,,,,,,,,,,,pending,,2026-06-11T13:03:01+00:00
trackb_cont_SEZL_20260603,120.980003,,,,,126.970001,108.510002,,,,,,-0.6773,pending,,2026-06-11T13:01:25+00:00
trackb_cont_SEZL_20260604,,,,,,126.970001,113.330002,,,,,,3.7346,pending,,2026-06-11T13:01:25+00:00
trackb_cont_SEZL_20260605,,,,,,126.970001,113.330002,,,,,,3.7346,pending,,2026-06-11T13:01:25+00:00
trackb_cont_SEZL_20260608,,,,,,126.970001,114.860001,,,,,,-0.9913,pending,,2026-06-11T13:01:25+00:00
trackb_cont_SEZL_20260610,,,,,,126.264999,118.860001,,,,,,-1.8983,pending,,2026-06-11T13:01:25+00:00
trackb_cont_SFD_20260609,,,,,,26.995001,26.040001,,,,,,-0.8,pending,,2026-06-11T13:02:39+00:00
trackb_cont_SHLS_20260603,9.25,,,,,12.815,9.13,,,,,,-27.1378,pending,,2026-06-11T13:01:35+00:00
trackb_cont_SHLS_20260604,,,,,,12.79,9.13,,,,,,-27.1378,pending,,2026-06-11T13:01:35+00:00
trackb_cont_SHLS_20260605,,,,,,12.49,9.13,,,,,,-27.1378,pending,,2026-06-11T13:01:35+00:00
trackb_cont_SHLS_20260608,,,,,,11.44,9.13,,,,,,-27.1378,pending,,2026-06-11T13:01:35+00:00
trackb_cont_SHOO_20260603,44.23,,,,,46.650002,43.080002,,,,,,-1.6214,pending,,2026-06-11T13:00:39+00:00
trackb_cont_SHOO_20260604,,,,,,46.650002,43.16,,,,,,-1.4387,pending,,2026-06-11T13:00:39+00:00
trackb_cont_SHOO_20260605,,,,,,46.650002,43.16,,,,,,-1.4387,pending,,2026-06-11T13:00:39+00:00
trackb_cont_SHOO_20260608,,,,,,46.650002,43.16,,,,,,-1.9759,pending,,2026-06-11T13:00:39+00:00
trackb_cont_SHO_20260603,11.43,,,,,11.71,10.96,,,,,,-2.6211,pending,,2026-06-11T13:00:57+00:00
trackb_cont_SHO_20260604,,,,,,11.71,11.25,,,,,,-0.0444,pending,,2026-06-11T13:00:57+00:00
trackb_cont_SHO_20260605,,,,,,11.71,11.38,,,,,,1.1106,pending,,2026-06-11T13:00:57+00:00
trackb_cont_SHO_20260608,,,,,,11.71,11.38,,,,,,1.1106,pending,,2026-06-11T13:00:57+00:00
trackb_cont_SHO_20260609,,,,,,11.71,11.41,,,,,,-0.9549,pending,,2026-06-11T13:00:57+00:00
trackb_cont_SHO_20260611,,,,,,,,,,,,,,pending,,2026-06-11T13:00:57+00:00
trackb_cont_SIGI_20260611,,,,,,,,,,,,,,pending,,2026-06-11T13:03:26+00:00
trackb_cont_SILA_20260603,30.290001,,,,,30.32,30.23,,,,,,-0.0496,pending,,2026-06-11T13:02:13+00:00
trackb_cont_SILA_20260604,,,,,,30.32,30.245001,,,,,,0.0,pending,,2026-06-11T13:02:13+00:00
trackb_cont_SILA_20260605,,,,,,30.32,30.245001,,,,,,0.0,pending,,2026-06-11T13:02:13+00:00
trackb_cont_SILA_20260608,,,,,,30.32,30.25,,,,,,0.0165,pending,,2026-06-11T13:02:13+00:00
trackb_cont_SIRI_20260603,27.59,,,,,28.77,26.459999,,,,,,-5.8531,pending,,2026-06-11T13:02:29+00:00
trackb_cont_SIRI_20260604,,,,,,28.77,26.459999,,,,,,-5.8531,pending,,2026-06-11T13:02:29+00:00
trackb_cont_SIRI_20260605,,,,,,28.77,26.459999,,,,,,-5.8531,pending,,2026-06-11T13:02:29+00:00
trackb_cont_SJM_20260609,,,,,,117.300003,105.5,,,,,,3.6651,pending,,2026-06-11T13:02:58+00:00
trackb_cont_SJM_20260610,,,,,,117.300003,112.459999,,,,,,10.5041,pending,,2026-06-11T13:02:58+00:00
trackb_cont_SKLZ_20260603,8.75,,,,,10.0,8.2,,,,,,-13.8655,pending,,2026-06-11T13:00:58+00:00
trackb_cont_SKLZ_20260604,,,,,,10.0,8.2,,,,,,-13.8655,pending,,2026-06-11T13:00:58+00:00
trackb_cont_SKLZ_20260605,,,,,,9.58,8.2,,,,,,-13.8655,pending,,2026-06-11T13:00:58+00:00
trackb_cont_SKLZ_20260608,,,,,,9.49,8.45,,,,,,-11.2395,pending,,2026-06-11T13:00:58+00:00
trackb_cont_SKY_20260610,,,,,,78.529999,75.099998,,,,,,-0.133,pending,,2026-06-11T13:03:11+00:00
trackb_cont_SLB_20260608,,,,,,57.360001,54.450001,,,,,,-0.7654,pending,,2026-06-11T13:02:49+00:00
trackb_cont_SLDP_20260603,2.77,,,,,3.52,2.7,,,,,,-18.0303,pending,,2026-06-11T13:01:06+00:00
trackb_cont_SLDP_20260604,,,,,,3.43,2.7,,,,,,-18.0303,pending,,2026-06-11T13:01:06+00:00
trackb_cont_SLDP_20260605,,,,,,3.23,2.7,,,,,,-18.0303,pending,,2026-06-11T13:01:06+00:00
trackb_cont_SLDP_20260608,,,,,,3.07,2.7,,,,,,-18.0303,pending,,2026-06-11T13:01:06+00:00
trackb_cont_SLG_20260603,51.049999,,,,,52.529999,44.080002,,,,,,-0.3391,pending,,2026-06-11T13:02:12+00:00
trackb_cont_SLG_20260604,,,,,,52.529999,45.119999,,,,,,2.0122,pending,,2026-06-11T13:02:12+00:00
trackb_cont_SLG_20260605,,,,,,52.529999,46.450001,,,,,,5.0192,pending,,2026-06-11T13:02:12+00:00
trackb_cont_SLG_20260608,,,,,,52.529999,48.080002,,,,,,0.5227,pending,,2026-06-11T13:02:12+00:00
trackb_cont_SLM_20260611,,,,,,,,,,,,,,pending,,2026-06-11T13:03:24+00:00
trackb_cont_SMCI_20260603,29.27,,,,,50.02,29.139999,,,,,,-37.2929,pending,,2026-06-11T13:01:00+00:00
trackb_cont_SMCI_20260604,,,,,,47.84,29.139999,,,,,,-37.2929,pending,,2026-06-11T13:01:00+00:00
trackb_cont_SMCI_20260605,,,,,,45.259998,29.139999,,,,,,-37.2929,pending,,2026-06-11T13:01:00+00:00
trackb_cont_SMCI_20260608,,,,,,44.950001,29.139999,,,,,,-37.2929,pending,,2026-06-11T13:01:00+00:00
trackb_cont_SMPL_20260611,,,,,,,,,,,,,,pending,,2026-06-11T13:03:23+00:00
trackb_cont_SMR_20260603,9.29,,,,,13.52,9.275,,,,,,-24.3783,pending,,2026-06-11T13:01:12+00:00
trackb_cont_SMR_20260604,,,,,,12.3,9.275,,,,,,-24.3783,pending,,2026-06-11T13:01:12+00:00
trackb_cont_SMR_20260605,,,,,,12.24,9.275,,,,,,-24.3783,pending,,2026-06-11T13:01:12+00:00
trackb_cont_SMR_20260608,,,,,,11.019,9.275,,,,,,-24.3783,pending,,2026-06-11T13:01:12+00:00
trackb_cont_SMTC_20260603,154.279999,,,,,171.369995,143.610001,,,,,,-12.0414,pending,,2026-06-11T13:01:18+00:00
trackb_cont_SMTC_20260604,,,,,,171.369995,143.610001,,,,,,-12.0414,pending,,2026-06-11T13:01:18+00:00
trackb_cont_SMTC_20260605,,,,,,166.789993,143.610001,,,,,,-12.0414,pending,,2026-06-11T13:01:18+00:00
trackb_cont_SMTC_20260608,,,,,,166.789993,143.610001,,,,,,-4.9066,pending,,2026-06-11T13:01:18+00:00
trackb_cont_SM_20260608,,,,,,33.369999,30.290001,,,,,,-5.9609,pending,,2026-06-11T13:02:51+00:00
trackb_cont_SNA_20260609,,,,,,390.25,377.579987,,,,,,-0.8065,pending,,2026-06-11T13:03:01+00:00
trackb_cont_SNA_20260610,,,,,,390.25,377.579987,,,,,,-0.8065,pending,,2026-06-11T13:03:01+00:00
trackb_cont_SNDK_20260603,1643.22998,,,,,1861.0,1514.359985,,,,,,-14.9372,pending,,2026-06-11T13:01:48+00:00
trackb_cont_SNDK_20260604,,,,,,1825.900024,1514.359985,,,,,,-14.9372,pending,,2026-06-11T13:01:48+00:00
trackb_cont_SNDK_20260605,,,,,,1803.0,1514.359985,,,,,,-14.9372,pending,,2026-06-11T13:01:48+00:00
trackb_cont_SNDK_20260608,,,,,,1803.0,1536.0,,,,,,-13.7217,pending,,2026-06-11T13:01:48+00:00
trackb_cont_SNDR_20260603,37.060001,,,,,39.27,35.98,,,,,,-1.9084,pending,,2026-06-11T13:00:41+00:00
trackb_cont_SNDR_20260604,,,,,,39.27,35.98,,,,,,-1.9084,pending,,2026-06-11T13:00:41+00:00
trackb_cont_SNDR_20260605,,,,,,39.27,36.220001,,,,,,-1.2541,pending,,2026-06-11T13:00:41+00:00
trackb_cont_SNDR_20260608,,,,,,39.27,36.220001,,,,,,-1.2541,pending,,2026-06-11T13:00:41+00:00
trackb_cont_SNOW_20260603,239.899994,,,,,263.640015,229.600006,,,,,,-6.6458,pending,,2026-06-11T13:01:46+00:00
trackb_cont_SNOW_20260604,,,,,,253.005005,229.600006,,,,,,-6.6458,pending,,2026-06-11T13:01:46+00:00
trackb_cont_SNOW_20260605,,,,,,248.639999,229.600006,,,,,,-6.6458,pending,,2026-06-11T13:01:46+00:00
trackb_cont_SNOW_20260608,,,,,,248.639999,229.600006,,,,,,-3.6347,pending,,2026-06-11T13:01:46+00:00
trackb_cont_SNX_20260603,267.809998,,,,,285.320007,263.709991,,,,,,-5.2144,pending,,2026-06-11T13:01:23+00:00
trackb_cont_SNX_20260604,,,,,,285.320007,263.709991,,,,,,-5.2144,pending,,2026-06-11T13:01:23+00:00
trackb_cont_SNX_20260605,,,,,,279.589996,263.709991,,,,,,-5.2144,pending,,2026-06-11T13:01:23+00:00
trackb_cont_SNX_20260608,,,,,,279.589996,263.709991,,,,,,-1.8936,pending,,2026-06-11T13:01:23+00:00
trackb_cont_SN_20260603,128.220001,,,,,133.399994,116.800003,,,,,,-4.3564,pending,,2026-06-11T13:01:03+00:00
trackb_cont_SN_20260604,,,,,,133.399994,116.800003,,,,,,-4.3564,pending,,2026-06-11T13:01:03+00:00
trackb_cont_SN_20260605,,,,,,133.399994,116.800003,,,,,,-4.3564,pending,,2026-06-11T13:01:03+00:00
trackb_cont_SN_20260608,,,,,,133.399994,116.800003,,,,,,-2.5204,pending,,2026-06-11T13:01:03+00:00
trackb_cont_SN_20260609,,,,,,133.399994,120.794998,,,,,,2.1263,pending,,2026-06-11T13:01:03+00:00
trackb_cont_SN_20260610,,,,,,133.399994,126.572998,,,,,,7.0113,pending,,2026-06-11T13:01:03+00:00
trackb_cont_SOFI_20260603,15.87,,,,,17.465,15.651,,,,,,-6.1972,pending,,2026-06-11T13:02:25+00:00
trackb_cont_SOFI_20260604,,,,,,17.23,15.651,,,,,,-6.1972,pending,,2026-06-11T13:02:25+00:00
trackb_cont_SOFI_20260605,,,,,,17.1,15.651,,,,,,-6.1972,pending,,2026-06-11T13:02:25+00:00
trackb_cont_SOFI_20260608,,,,,,17.1,15.651,,,,,,-6.1972,pending,,2026-06-11T13:02:25+00:00
trackb_cont_SOLS_20260603,77.690002,,,,,89.720001,76.989998,,,,,,-13.1529,pending,,2026-06-11T13:02:10+00:00
trackb_cont_SOLS_20260604,,,,,,85.769997,76.989998,,,,,,-13.1529,pending,,2026-06-11T13:02:10+00:00
trackb_cont_SOLS_20260605,,,,,,85.614998,76.989998,,,,,,-13.1529,pending,,2026-06-11T13:02:10+00:00
trackb_cont_SOLV_20260603,80.940002,,,,,83.419998,76.150002,,,,,,-2.0202,pending,,2026-06-11T13:01:32+00:00
trackb_cont_SOLV_20260604,,,,,,83.419998,77.870003,,,,,,0.1929,pending,,2026-06-11T13:01:32+00:00
trackb_cont_SOLV_20260605,,,,,,83.419998,77.870003,,,,,,0.1929,pending,,2026-06-11T13:01:32+00:00
trackb_cont_SOLV_20260608,,,,,,82.720001,77.870003,,,,,,0.1929,pending,,2026-06-11T13:01:32+00:00
trackb_cont_SOLV_20260609,,,,,,82.720001,78.940002,,,,,,0.2285,pending,,2026-06-11T13:01:32+00:00
trackb_cont_SONO_20260603,14.67,,,,,16.379999,14.65,,,,,,-6.3299,pending,,2026-06-11T13:01:12+00:00
trackb_cont_SONO_20260604,,,,,,16.379999,14.65,,,,,,-6.3299,pending,,2026-06-11T13:01:12+00:00
trackb_cont_SONO_20260605,,,,,,16.370001,14.65,,,,,,-6.3299,pending,,2026-06-11T13:01:12+00:00
trackb_cont_SONO_20260608,,,,,,15.77,14.65,,,,,,-6.3299,pending,,2026-06-11T13:01:12+00:00
trackb_cont_SPB_20260610,,,,,,83.169998,80.989998,,,,,,-0.5037,pending,,2026-06-11T13:03:13+00:00
trackb_cont_SPG_20260608,,,,,,214.630005,205.179993,,,,,,-2.4393,pending,,2026-06-11T13:02:52+00:00
trackb_cont_SPHR_20260603,142.0,,,,,147.0,132.610001,,,,,,-4.9936,pending,,2026-06-11T13:02:27+00:00
trackb_cont_SPHR_20260604,,,,,,147.0,132.610001,,,,,,-4.9936,pending,,2026-06-11T13:02:27+00:00
trackb_cont_SPHR_20260605,,,,,,143.970001,132.610001,,,,,,-4.9936,pending,,2026-06-11T13:02:27+00:00
trackb_cont_SPHR_20260608,,,,,,143.970001,132.610001,,,,,,-4.9936,pending,,2026-06-11T13:02:27+00:00
trackb_cont_SPXC_20260603,223.630005,,,,,244.639999,217.740005,,,,,,-9.1311,pending,,2026-06-11T13:00:37+00:00
trackb_cont_SPXC_20260604,,,,,,239.580002,217.740005,,,,,,-9.1311,pending,,2026-06-11T13:00:37+00:00
trackb_cont_SPXC_20260605,,,,,,239.580002,217.740005,,,,,,-9.1311,pending,,2026-06-11T13:00:37+00:00
trackb_cont_SPXC_20260608,,,,,,239.580002,217.740005,,,,,,-9.1311,pending,,2026-06-11T13:00:37+00:00
trackb_cont_SRG_20260603,2.67,,,,,2.9,2.62,,,,,,-4.3796,pending,,2026-06-11T13:00:46+00:00
trackb_cont_SRG_20260604,,,,,,2.86,2.62,,,,,,-4.3796,pending,,2026-06-11T13:00:46+00:00
trackb_cont_SRG_20260605,,,,,,2.74,2.62,,,,,,-4.3796,pending,,2026-06-11T13:00:46+00:00
trackb_cont_SRG_20260608,,,,,,2.74,2.62,,,,,,-2.6022,pending,,2026-06-11T13:00:46+00:00
trackb_cont_SSYS_20260603,8.46,,,,,10.43,8.31,,,,,,-17.3545,pending,,2026-06-11T13:01:21+00:00
trackb_cont_SSYS_20260604,,,,,,9.84,8.31,,,,,,-17.3545,pending,,2026-06-11T13:01:21+00:00
trackb_cont_SSYS_20260605,,,,,,9.44,8.31,,,,,,-17.3545,pending,,2026-06-11T13:01:21+00:00
trackb_cont_SSYS_20260608,,,,,,9.18,8.31,,,,,,-17.3545,pending,,2026-06-11T13:01:21+00:00
trackb_cont_STGW_20260603,6.53,,,,,7.24,6.21,,,,,,-6.2642,pending,,2026-06-11T13:01:47+00:00
trackb_cont_STGW_20260604,,,,,,6.85,6.21,,,,,,-6.2642,pending,,2026-06-11T13:01:47+00:00
trackb_cont_STGW_20260605,,,,,,6.72,6.21,,,,,,-6.2642,pending,,2026-06-11T13:01:47+00:00
trackb_cont_STGW_20260608,,,,,,6.63,6.21,,,,,,-6.2642,pending,,2026-06-11T13:01:47+00:00
trackb_cont_STLD_20260603,268.339996,,,,,280.48999,259.519989,,,,,,-5.708,pending,,2026-06-11T13:00:48+00:00
trackb_cont_STLD_20260604,,,,,,280.48999,259.519989,,,,,,-5.708,pending,,2026-06-11T13:00:48+00:00
trackb_cont_STLD_20260605,,,,,,276.179993,259.519989,,,,,,-5.708,pending,,2026-06-11T13:00:48+00:00
trackb_cont_STLD_20260608,,,,,,274.690002,259.519989,,,,,,-3.3445,pending,,2026-06-11T13:00:48+00:00
trackb_cont_STRL_20260603,770.25,,,,,1005.679993,770.219971,,,,,,-18.9268,pending,,2026-06-11T13:01:20+00:00
trackb_cont_STRL_20260604,,,,,,1005.679993,770.219971,,,,,,-18.9268,pending,,2026-06-11T13:01:20+00:00
trackb_cont_STRL_20260605,,,,,,969.880005,770.219971,,,,,,-18.9268,pending,,2026-06-11T13:01:20+00:00
trackb_cont_STRL_20260608,,,,,,911.049988,770.219971,,,,,,-18.9268,pending,,2026-06-11T13:01:20+00:00
trackb_cont_STT_20260603,161.800003,,,,,164.350006,155.690002,,,,,,-0.8723,pending,,2026-06-11T13:01:38+00:00
trackb_cont_STT_20260604,,,,,,164.350006,158.020004,,,,,,0.6112,pending,,2026-06-11T13:01:38+00:00
trackb_cont_STT_20260605,,,,,,164.350006,158.679993,,,,,,1.0314,pending,,2026-06-11T13:01:38+00:00
trackb_cont_STT_20260608,,,,,,164.350006,158.679993,,,,,,-1.898,pending,,2026-06-11T13:01:38+00:00
trackb_cont_STT_20260609,,,,,,164.350006,158.679993,,,,,,-1.9344,pending,,2026-06-11T13:01:38+00:00
trackb_cont_STT_20260611,,,,,,,,,,,,,,pending,,2026-06-11T13:01:38+00:00
trackb_cont_STUB_20260603,10.16,,,,,10.65,9.15,,,,,,-4.5383,pending,,2026-06-11T13:01:51+00:00
trackb_cont_STUB_20260604,,,,,,10.65,9.15,,,,,,-4.5383,pending,,2026-06-11T13:01:51+00:00
trackb_cont_STUB_20260605,,,,,,10.65,9.15,,,,,,-4.5383,pending,,2026-06-11T13:01:51+00:00
trackb_cont_STUB_20260608,,,,,,10.65,9.195,,,,,,-4.0689,pending,,2026-06-11T13:01:51+00:00
trackb_cont_STX_20260603,815.98999,,,,,966.799988,801.890015,,,,,,-15.9224,pending,,2026-06-11T13:01:22+00:00
trackb_cont_STX_20260604,,,,,,941.48999,801.890015,,,,,,-15.9224,pending,,2026-06-11T13:01:22+00:00
trackb_cont_STX_20260605,,,,,,911.289978,801.890015,,,,,,-15.9224,pending,,2026-06-11T13:01:22+00:00
trackb_cont_STX_20260608,,,,,,911.289978,801.890015,,,,,,-5.3784,pending,,2026-06-11T13:01:22+00:00
trackb_cont_ST_20260603,47.02,,,,,53.889999,46.82,,,,,,-11.8267,pending,,2026-06-11T13:01:04+00:00
trackb_cont_ST_20260604,,,,,,53.599998,46.82,,,,,,-11.8267,pending,,2026-06-11T13:01:04+00:00
trackb_cont_ST_20260605,,,,,,52.290001,46.82,,,,,,-11.8267,pending,,2026-06-11T13:01:04+00:00
trackb_cont_ST_20260608,,,,,,51.889999,46.82,,,,,,-11.8267,pending,,2026-06-11T13:01:04+00:00
trackb_cont_SVV_20260603,9.52,,,,,9.65,8.74,,,,,,-6.7733,pending,,2026-06-11T13:01:16+00:00
trackb_cont_SVV_20260604,,,,,,9.65,8.81,,,,,,-6.0267,pending,,2026-06-11T13:01:16+00:00
trackb_cont_SVV_20260605,,,,,,9.65,8.81,,,,,,-6.0267,pending,,2026-06-11T13:01:16+00:00
trackb_cont_SVV_20260608,,,,,,9.65,8.81,,,,,,-6.0267,pending,,2026-06-11T13:01:16+00:00
trackb_cont_SVV_20260611,,,,,,,,,,,,,,pending,,2026-06-11T13:01:16+00:00
trackb_cont_SWK_20260611,,,,,,,,,,,,,,pending,,2026-06-11T13:03:25+00:00
trackb_cont_SXC_20260603,9.11,,,,,9.59,8.84,,,,,,-5.5051,pending,,2026-06-11T13:00:57+00:00
trackb_cont_SXC_20260604,,,,,,9.59,8.84,,,,,,-5.5051,pending,,2026-06-11T13:00:57+00:00
trackb_cont_SXC_20260605,,,,,,9.47,8.84,,,,,,-5.5051,pending,,2026-06-11T13:00:57+00:00
trackb_cont_SXC_20260608,,,,,,9.29,8.84,,,,,,-2.6432,pending,,2026-06-11T13:00:57+00:00
trackb_cont_SXT_20260611,,,,,,,,,,,,,,pending,,2026-06-11T13:03:22+00:00
trackb_cont_SYY_20260609,,,,,,79.080002,76.0,,,,,,-0.6276,pending,,2026-06-11T13:02:35+00:00
trackb_cont_SYY_20260611,,,,,,,,,,,,,,pending,,2026-06-11T13:02:35+00:00
trackb_cont_TALK_20260603,5.21,,,,,5.22,5.2,,,,,,-0.3831,pending,,2026-06-11T13:02:00+00:00
trackb_cont_TALK_20260604,,,,,,5.22,5.2,,,,,,-0.3831,pending,,2026-06-11T13:02:00+00:00
trackb_cont_TALK_20260605,,,,,,5.22,5.2,,,,,,-0.3831,pending,,2026-06-11T13:02:00+00:00
trackb_cont_TALK_20260608,,,,,,5.22,5.21,,,,,,-0.1916,pending,,2026-06-11T13:02:00+00:00
trackb_cont_TALK_20260610,,,,,,5.22,5.21,,,,,,0.0,pending,,2026-06-11T13:02:00+00:00
trackb_cont_TBCH_20260603,13.11,,,,,13.415,12.0,,,,,,-6.1033,pending,,2026-06-11T13:00:46+00:00
trackb_cont_TBCH_20260604,,,,,,13.415,12.0,,,,,,-6.1033,pending,,2026-06-11T13:00:46+00:00
trackb_cont_TBCH_20260605,,,,,,13.415,12.0,,,,,,-6.1033,pending,,2026-06-11T13:00:46+00:00
trackb_cont_TBCH_20260608,,,,,,13.415,12.41,,,,,,-0.7994,pending,,2026-06-11T13:00:46+00:00
trackb_cont_TBCH_20260609,,,,,,13.415,12.41,,,,,,-4.3177,pending,,2026-06-11T13:00:46+00:00
trackb_cont_TBI_20260603,6.55,,,,,7.1,6.44,,,,,,-3.2307,pending,,2026-06-11T13:01:34+00:00
trackb_cont_TBI_20260604,,,,,,7.1,6.44,,,,,,-3.2307,pending,,2026-06-11T13:01:34+00:00
trackb_cont_TBI_20260605,,,,,,6.92,6.44,,,,,,-3.2307,pending,,2026-06-11T13:01:34+00:00
trackb_cont_TBI_20260608,,,,,,6.89,6.44,,,,,,-2.8658,pending,,2026-06-11T13:01:34+00:00
trackb_cont_TBI_20260610,,,,,,6.69,6.48,,,,,,-2.7027,pending,,2026-06-11T13:01:34+00:00
trackb_cont_TBLA_20260603,4.72,,,,,4.9,4.51,,,,,,-2.4865,pending,,2026-06-11T13:02:23+00:00
trackb_cont_TBLA_20260604,,,,,,4.805,4.51,,,,,,-2.4865,pending,,2026-06-11T13:02:23+00:00
trackb_cont_TBLA_20260605,,,,,,4.805,4.51,,,,,,-2.4865,pending,,2026-06-11T13:02:23+00:00
trackb_cont_TDG_20260603,1212.359985,,,,,1264.819946,1201.859985,,,,,,-2.1896,pending,,2026-06-11T13:02:24+00:00
trackb_cont_TDG_20260604,,,,,,1264.819946,1203.349976,,,,,,-2.0683,pending,,2026-06-11T13:02:24+00:00
trackb_cont_TDG_20260605,,,,,,1264.819946,1203.349976,,,,,,-2.0683,pending,,2026-06-11T13:02:24+00:00
trackb_cont_TDG_20260608,,,,,,1264.819946,1203.349976,,,,,,-2.0683,pending,,2026-06-11T13:02:24+00:00
trackb_cont_TDG_20260611,,,,,,,,,,,,,,pending,,2026-06-11T13:02:24+00:00
trackb_cont_TDOC_20260603,7.03,,,,,7.57,6.74,,,,,,-6.1935,pending,,2026-06-11T13:02:26+00:00
trackb_cont_TDOC_20260604,,,,,,7.57,6.74,,,,,,-6.1935,pending,,2026-06-11T13:02:26+00:00
trackb_cont_TDOC_20260605,,,,,,7.32,6.74,,,,,,-6.1935,pending,,2026-06-11T13:02:26+00:00
trackb_cont_TDOC_20260608,,,,,,7.32,6.74,,,,,,-6.1935,pending,,2026-06-11T13:02:26+00:00
trackb_cont_TEAM_20260603,91.540001,,,,,106.260002,91.059998,,,,,,-10.2327,pending,,2026-06-11T13:02:15+00:00
trackb_cont_TEAM_20260604,,,,,,106.260002,91.059998,,,,,,-10.2327,pending,,2026-06-11T13:02:15+00:00
trackb_cont_TEAM_20260605,,,,,,103.372002,91.059998,,,,,,-10.2327,pending,,2026-06-11T13:02:15+00:00
trackb_cont_TEAM_20260608,,,,,,99.980003,91.059998,,,,,,-10.2327,pending,,2026-06-11T13:02:15+00:00
trackb_cont_TER_20260603,347.589996,,,,,420.600006,340.339996,,,,,,-16.5097,pending,,2026-06-11T13:01:38+00:00
trackb_cont_TER_20260604,,,,,,413.869995,340.339996,,,,,,-16.5097,pending,,2026-06-11T13:01:38+00:00
trackb_cont_TER_20260605,,,,,,395.649994,340.339996,,,,,,-16.5097,pending,,2026-06-11T13:01:38+00:00
trackb_cont_TER_20260608,,,,,,395.649994,340.339996,,,,,,-16.5097,pending,,2026-06-11T13:01:38+00:00
trackb_cont_TE_20260603,7.73,,,,,12.49,7.64,,,,,,-34.0242,pending,,2026-06-11T13:00:43+00:00
trackb_cont_TE_20260604,,,,,,12.49,7.64,,,,,,-34.0242,pending,,2026-06-11T13:00:43+00:00
trackb_cont_TE_20260605,,,,,,11.26,7.64,,,,,,-34.0242,pending,,2026-06-11T13:00:43+00:00
trackb_cont_TE_20260608,,,,,,10.01,7.64,,,,,,-34.0242,pending,,2026-06-11T13:00:43+00:00
trackb_cont_TFC_20260609,,,,,,50.18,48.919998,,,,,,0.1843,pending,,2026-06-11T13:02:58+00:00
trackb_cont_THO_20260611,,,,,,,,,,,,,,pending,,2026-06-11T13:02:41+00:00
trackb_cont_TILE_20260608,,,,,,31.610001,30.0,,,,,,-0.4645,pending,,2026-06-11T13:02:50+00:00
trackb_cont_TILE_20260610,,,,,,31.309999,30.32,,,,,,-0.5902,pending,,2026-06-11T13:02:50+00:00
trackb_cont_TITN_20260603,19.959999,,,,,25.0,19.51,,,,,,-16.4454,pending,,2026-06-11T13:00:44+00:00
trackb_cont_TITN_20260604,,,,,,25.0,19.51,,,,,,-16.4454,pending,,2026-06-11T13:00:44+00:00
trackb_cont_TITN_20260605,,,,,,25.0,19.51,,,,,,-16.4454,pending,,2026-06-11T13:00:44+00:00
trackb_cont_TITN_20260608,,,,,,25.0,19.51,,,,,,-15.8326,pending,,2026-06-11T13:00:44+00:00
trackb_cont_TJX_20260610,,,,,,167.919998,163.850006,,,,,,2.5665,pending,,2026-06-11T13:02:34+00:00
trackb_cont_TJX_20260611,,,,,,,,,,,,,,pending,,2026-06-11T13:02:34+00:00
trackb_cont_TKO_20260603,206.429993,,,,,209.410004,197.830002,,,,,,-0.5054,pending,,2026-06-11T13:02:14+00:00
trackb_cont_TKO_20260604,,,,,,209.410004,200.25,,,,,,0.7116,pending,,2026-06-11T13:02:14+00:00
trackb_cont_TKO_20260605,,,,,,209.410004,200.289993,,,,,,0.7318,pending,,2026-06-11T13:02:14+00:00
trackb_cont_TKR_20260603,132.389999,,,,,139.770004,129.770004,,,,,,-1.5514,pending,,2026-06-11T13:00:41+00:00
trackb_cont_TKR_20260604,,,,,,139.770004,129.770004,,,,,,-1.5514,pending,,2026-06-11T13:00:41+00:00
trackb_cont_TKR_20260605,,,,,,139.770004,129.770004,,,,,,-1.5514,pending,,2026-06-11T13:00:41+00:00
trackb_cont_TKR_20260608,,,,,,139.770004,132.050003,,,,,,0.1783,pending,,2026-06-11T13:00:41+00:00
trackb_cont_TKR_20260609,,,,,,139.770004,132.240005,,,,,,-1.8044,pending,,2026-06-11T13:00:41+00:00
trackb_cont_TKR_20260610,,,,,,139.770004,132.240005,,,,,,-1.8044,pending,,2026-06-11T13:00:41+00:00
trackb_cont_TLN_20260603,336.589996,,,,,385.51001,329.130005,,,,,,-13.4938,pending,,2026-06-11T13:02:28+00:00
trackb_cont_TLN_20260604,,,,,,379.970001,329.130005,,,,,,-13.4938,pending,,2026-06-11T13:02:28+00:00
trackb_cont_TLN_20260605,,,,,,375.089996,329.130005,,,,,,-13.4938,pending,,2026-06-11T13:02:28+00:00
trackb_cont_TLN_20260608,,,,,,372.0,329.130005,,,,,,-13.4938,pending,,2026-06-11T13:02:28+00:00
trackb_cont_TLYS_20260603,5.18,,,,,5.9,4.32,,,,,,-3.3557,pending,,2026-06-11T13:01:59+00:00
trackb_cont_TLYS_20260604,,,,,,5.9,4.53,,,,,,1.3423,pending,,2026-06-11T13:01:59+00:00
trackb_cont_TLYS_20260605,,,,,,5.85,4.86,,,,,,8.7248,pending,,2026-06-11T13:01:59+00:00
trackb_cont_TLYS_20260608,,,,,,5.85,5.1,,,,,,-0.5848,pending,,2026-06-11T13:01:59+00:00
trackb_cont_TMHC_20260603,71.599998,,,,,71.660004,71.43,,,,,,-0.2165,pending,,2026-06-11T13:00:40+00:00
trackb_cont_TMHC_20260604,,,,,,71.660004,71.43,,,,,,-0.2165,pending,,2026-06-11T13:00:40+00:00
trackb_cont_TMHC_20260605,,,,,,71.660004,71.43,,,,,,-0.2165,pending,,2026-06-11T13:00:40+00:00
trackb_cont_TMHC_20260608,,,,,,71.660004,71.440002,,,,,,-0.1258,pending,,2026-06-11T13:00:40+00:00
trackb_cont_TMHC_20260610,,,,,,71.599998,71.449997,,,,,,0.014,pending,,2026-06-11T13:00:40+00:00
trackb_cont_TMHC_20260611,,,,,,,,,,,,,,pending,,2026-06-11T13:00:40+00:00
trackb_cont_TMO_20260603,482.040009,,,,,494.359985,468.910004,,,,,,-0.7745,pending,,2026-06-11T13:02:23+00:00
trackb_cont_TMO_20260604,,,,,,494.359985,468.910004,,,,,,-0.7745,pending,,2026-06-11T13:02:23+00:00
trackb_cont_TMO_20260605,,,,,,494.359985,468.910004,,,,,,-0.7745,pending,,2026-06-11T13:02:23+00:00
trackb_cont_TMO_20260608,,,,,,494.359985,468.910004,,,,,,-0.7745,pending,,2026-06-11T13:02:23+00:00
trackb_cont_TMO_20260611,,,,,,,,,,,,,,pending,,2026-06-11T13:02:23+00:00
trackb_cont_TNET_20260603,47.869999,,,,,48.740002,45.25,,,,,,-2.1833,pending,,2026-06-11T13:01:32+00:00
trackb_cont_TNET_20260604,,,,,,48.740002,46.080002,,,,,,-0.3891,pending,,2026-06-11T13:01:32+00:00
trackb_cont_TNET_20260605,,,,,,48.740002,46.080002,,,,,,-0.3891,pending,,2026-06-11T13:01:32+00:00
trackb_cont_TNET_20260608,,,,,,48.740002,46.080002,,,,,,-0.3891,pending,,2026-06-11T13:01:32+00:00
trackb_cont_TNL_20260603,71.209999,,,,,73.220001,69.32,,,,,,-0.4738,pending,,2026-06-11T13:00:59+00:00
trackb_cont_TNL_20260604,,,,,,73.220001,69.849998,,,,,,0.2871,pending,,2026-06-11T13:00:59+00:00
trackb_cont_TNL_20260605,,,,,,73.220001,70.419998,,,,,,1.1055,pending,,2026-06-11T13:00:59+00:00
trackb_cont_TNL_20260608,,,,,,73.220001,70.610001,,,,,,1.3783,pending,,2026-06-11T13:00:59+00:00
trackb_cont_TOL_20260603,138.899994,,,,,146.529999,136.350006,,,,,,-0.3872,pending,,2026-06-11T13:02:09+00:00
trackb_cont_TOL_20260604,,,,,,146.529999,136.770004,,,,,,-0.0804,pending,,2026-06-11T13:02:09+00:00
trackb_cont_TOL_20260605,,,,,,146.529999,136.770004,,,,,,-0.0804,pending,,2026-06-11T13:02:09+00:00
trackb_cont_TOL_20260608,,,,,,146.529999,136.770004,,,,,,-0.0804,pending,,2026-06-11T13:02:09+00:00
trackb_cont_TOMZ_20260603,0.84,,,,,1.08,0.78,,,,,,-24.2718,pending,,2026-06-11T13:01:09+00:00
trackb_cont_TOMZ_20260604,,,,,,1.08,0.78,,,,,,-24.2718,pending,,2026-06-11T13:01:09+00:00
trackb_cont_TOMZ_20260605,,,,,,1.07,0.78,,,,,,-24.2718,pending,,2026-06-11T13:01:09+00:00
trackb_cont_TOMZ_20260608,,,,,,1.05,0.78,,,,,,-25.0,pending,,2026-06-11T13:01:09+00:00
trackb_cont_TOMZ_20260610,,,,,,0.91,0.78,,,,,,-17.8947,pending,,2026-06-11T13:01:09+00:00
trackb_cont_TREX_20260611,,,,,,,,,,,,,,pending,,2026-06-11T13:03:21+00:00
trackb_cont_TRIP_20260603,11.57,,,,,12.31,11.55,,,,,,-2.7368,pending,,2026-06-11T13:01:30+00:00
trackb_cont_TRIP_20260604,,,,,,12.31,11.55,,,,,,-2.7368,pending,,2026-06-11T13:01:30+00:00
trackb_cont_TRIP_20260605,,,,,,12.13,11.55,,,,,,-2.7368,pending,,2026-06-11T13:01:30+00:00
trackb_cont_TRIP_20260608,,,,,,12.1,11.55,,,,,,-2.6138,pending,,2026-06-11T13:01:30+00:00
trackb_cont_TRIP_20260609,,,,,,12.1,11.55,,,,,,-2.2015,pending,,2026-06-11T13:01:30+00:00
trackb_cont_TRIP_20260610,,,,,,11.96,11.55,,,,,,-2.2015,pending,,2026-06-11T13:01:30+00:00
trackb_cont_TRIP_20260611,,,,,,,,,,,,,,pending,,2026-06-11T13:01:30+00:00
trackb_cont_TRNO_20260611,,,,,,,,,,,,,,pending,,2026-06-11T13:03:23+00:00
trackb_cont_TROW_20260609,,,,,,109.099998,104.599998,,,,,,-0.8061,pending,,2026-06-11T13:03:04+00:00
trackb_cont_TRU_20260603,67.849998,,,,,73.169998,67.809998,,,,,,-1.746,pending,,2026-06-11T13:00:57+00:00
trackb_cont_TRU_20260604,,,,,,73.169998,67.809998,,,,,,-1.746,pending,,2026-06-11T13:00:57+00:00
trackb_cont_TRU_20260605,,,,,,71.330002,67.809998,,,,,,-1.746,pending,,2026-06-11T13:00:57+00:00
trackb_cont_TRV_20260609,,,,,,305.959991,297.140015,,,,,,0.1382,pending,,2026-06-11T13:02:59+00:00
trackb_cont_TTI_20260603,10.38,,,,,10.55,9.27,,,,,,-7.2072,pending,,2026-06-11T13:01:07+00:00
trackb_cont_TTI_20260604,,,,,,10.55,9.27,,,,,,-7.2072,pending,,2026-06-11T13:01:07+00:00
trackb_cont_TTI_20260605,,,,,,10.55,9.27,,,,,,-7.2072,pending,,2026-06-11T13:01:07+00:00
trackb_cont_TUSK_20260603,3.37,,,,,3.92,3.275,,,,,,-7.4859,pending,,2026-06-11T13:01:04+00:00
trackb_cont_TUSK_20260604,,,,,,3.92,3.275,,,,,,-7.4859,pending,,2026-06-11T13:01:04+00:00
trackb_cont_TUSK_20260605,,,,,,3.79,3.275,,,,,,-7.4859,pending,,2026-06-11T13:01:04+00:00
trackb_cont_TUSK_20260608,,,,,,3.615,3.275,,,,,,-1.3554,pending,,2026-06-11T13:01:04+00:00
trackb_cont_TWFG_20260611,,,,,,,,,,,,,,pending,,2026-06-11T13:03:24+00:00
trackb_cont_TWLO_20260603,207.089996,,,,,238.479996,194.531006,,,,,,-10.9637,pending,,2026-06-11T13:00:49+00:00
trackb_cont_TWLO_20260604,,,,,,238.479996,194.531006,,,,,,-10.9637,pending,,2026-06-11T13:00:49+00:00
trackb_cont_TWLO_20260605,,,,,,237.300003,194.531006,,,,,,-10.9637,pending,,2026-06-11T13:00:49+00:00
trackb_cont_TWLO_20260608,,,,,,227.5,194.531006,,,,,,-13.9205,pending,,2026-06-11T13:00:49+00:00
trackb_cont_TWLO_20260610,,,,,,211.740005,199.0,,,,,,-6.3706,pending,,2026-06-11T13:00:49+00:00
trackb_cont_TWST_20260603,67.769997,,,,,80.5,66.43,,,,,,-6.7518,pending,,2026-06-11T13:00:47+00:00
trackb_cont_TWST_20260604,,,,,,80.5,66.43,,,,,,-6.7518,pending,,2026-06-11T13:00:47+00:00
trackb_cont_TWST_20260605,,,,,,73.699997,66.43,,,,,,-6.7518,pending,,2026-06-11T13:00:47+00:00
trackb_cont_TWST_20260608,,,,,,73.440002,66.43,,,,,,-6.7518,pending,,2026-06-11T13:00:47+00:00
trackb_cont_TXG_20260603,29.110001,,,,,35.645,28.58,,,,,,-9.4136,pending,,2026-06-11T13:00:47+00:00
trackb_cont_TXG_20260604,,,,,,35.645,28.58,,,,,,-9.4136,pending,,2026-06-11T13:00:47+00:00
trackb_cont_TXG_20260605,,,,,,33.07,28.58,,,,,,-9.4136,pending,,2026-06-11T13:00:47+00:00
trackb_cont_TXG_20260608,,,,,,31.68,28.58,,,,,,-9.4136,pending,,2026-06-11T13:00:47+00:00
trackb_cont_TXG_20260610,,,,,,31.157,29.02,,,,,,-0.5483,pending,,2026-06-11T13:00:47+00:00
trackb_cont_UCTT_20260603,90.900002,,,,,100.330002,81.650002,,,,,,-11.7488,pending,,2026-06-11T13:01:22+00:00
trackb_cont_UCTT_20260604,,,,,,100.330002,81.650002,,,,,,-11.7488,pending,,2026-06-11T13:01:22+00:00
trackb_cont_UCTT_20260605,,,,,,100.330002,81.650002,,,,,,-11.7488,pending,,2026-06-11T13:01:22+00:00
trackb_cont_UCTT_20260608,,,,,,100.330002,82.669998,,,,,,0.7311,pending,,2026-06-11T13:01:22+00:00
trackb_cont_UDR_20260608,,,,,,39.720001,38.119999,,,,,,-2.7551,pending,,2026-06-11T13:02:45+00:00
trackb_cont_UDR_20260609,,,,,,39.720001,38.119999,,,,,,-1.2691,pending,,2026-06-11T13:02:45+00:00
trackb_cont_UDR_20260611,,,,,,,,,,,,,,pending,,2026-06-11T13:02:45+00:00
trackb_cont_UEC_20260603,9.42,,,,,15.14,9.36,,,,,,-33.617,pending,,2026-06-11T13:02:26+00:00
trackb_cont_UEC_20260604,,,,,,14.46,9.36,,,,,,-33.617,pending,,2026-06-11T13:02:26+00:00
trackb_cont_UEC_20260605,,,,,,13.86,9.36,,,,,,-33.617,pending,,2026-06-11T13:02:26+00:00
trackb_cont_UEC_20260608,,,,,,13.29,9.36,,,,,,-33.617,pending,,2026-06-11T13:02:26+00:00
trackb_cont_UFPT_20260603,232.479996,,,,,236.520004,211.699997,,,,,,-1.3215,pending,,2026-06-11T13:02:31+00:00
trackb_cont_UFPT_20260604,,,,,,236.520004,220.309998,,,,,,2.6919,pending,,2026-06-11T13:02:31+00:00
trackb_cont_UFPT_20260605,,,,,,236.520004,221.380005,,,,,,3.1906,pending,,2026-06-11T13:02:31+00:00
trackb_cont_UFPT_20260611,,,,,,,,,,,,,,pending,,2026-06-11T13:02:31+00:00
trackb_cont_UHAL-B_20260603,54.529999,,,,,55.380001,49.029999,,,,,,-0.9895,pending,,2026-06-11T13:02:15+00:00
trackb_cont_UHAL-B_20260604,,,,,,55.380001,49.029999,,,,,,-0.9895,pending,,2026-06-11T13:02:15+00:00
trackb_cont_UHAL-B_20260605,,,,,,55.380001,50.25,,,,,,1.4742,pending,,2026-06-11T13:02:15+00:00
trackb_cont_UHAL-B_20260608,,,,,,55.380001,51.889999,,,,,,4.7859,pending,,2026-06-11T13:02:15+00:00
trackb_cont_UHAL-B_20260609,,,,,,55.380001,52.810001,,,,,,-0.6584,pending,,2026-06-11T13:02:15+00:00
trackb_cont_UHAL_20260603,61.150002,,,,,62.110001,54.84,,,,,,-1.0115,pending,,2026-06-11T13:02:23+00:00
trackb_cont_UHAL_20260604,,,,,,62.110001,54.939999,,,,,,-0.831,pending,,2026-06-11T13:02:23+00:00
trackb_cont_UHAL_20260605,,,,,,62.110001,56.389999,,,,,,1.7863,pending,,2026-06-11T13:02:23+00:00
trackb_cont_UHAL_20260608,,,,,,62.110001,57.709999,,,,,,0.278,pending,,2026-06-11T13:02:23+00:00
trackb_cont_UHAL_20260610,,,,,,62.0,60.66,,,,,,1.8982,pending,,2026-06-11T13:02:23+00:00
trackb_cont_UHAL_20260611,,,,,,,,,,,,,,pending,,2026-06-11T13:02:23+00:00
trackb_cont_ULCC_20260603,5.535,,,,,6.5,5.5,,,,,,-3.5088,pending,,2026-06-11T13:01:53+00:00
trackb_cont_ULCC_20260604,,,,,,6.5,5.53,,,,,,-2.9825,pending,,2026-06-11T13:01:53+00:00
trackb_cont_ULCC_20260605,,,,,,6.5,5.53,,,,,,-2.9825,pending,,2026-06-11T13:01:53+00:00
trackb_cont_ULCC_20260608,,,,,,6.5,5.53,,,,,,-2.9825,pending,,2026-06-11T13:01:53+00:00
trackb_cont_ULCC_20260610,,,,,,6.22,5.53,,,,,,-7.6795,pending,,2026-06-11T13:01:53+00:00
trackb_cont_UMAC_20260603,22.85,,,,,32.93,21.940001,,,,,,-25.3741,pending,,2026-06-11T13:00:53+00:00
trackb_cont_UMAC_20260604,,,,,,32.93,21.940001,,,,,,-25.3741,pending,,2026-06-11T13:00:53+00:00
trackb_cont_UMAC_20260605,,,,,,30.950001,21.940001,,,,,,-25.3741,pending,,2026-06-11T13:00:53+00:00
trackb_cont_UMAC_20260608,,,,,,27.83,21.940001,,,,,,-17.8277,pending,,2026-06-11T13:00:53+00:00
trackb_cont_UNFI_20260603,50.59,,,,,57.02,40.400002,,,,,,-22.128,pending,,2026-06-11T13:01:50+00:00
trackb_cont_UNFI_20260604,,,,,,57.02,40.400002,,,,,,-22.128,pending,,2026-06-11T13:01:50+00:00
trackb_cont_UNFI_20260605,,,,,,57.02,40.400002,,,,,,-22.128,pending,,2026-06-11T13:01:50+00:00
trackb_cont_UNFI_20260608,,,,,,57.02,40.400002,,,,,,-27.2334,pending,,2026-06-11T13:01:50+00:00
trackb_cont_UNFI_20260609,,,,,,51.360001,40.400002,,,,,,-21.7661,pending,,2026-06-11T13:01:50+00:00
trackb_cont_UNFI_20260610,,,,,,51.360001,46.080002,,,,,,-10.7668,pending,,2026-06-11T13:01:50+00:00
trackb_cont_UNF_20260603,272.600006,,,,,273.679993,260.480011,,,,,,-1.5478,pending,,2026-06-11T13:02:22+00:00
trackb_cont_UNF_20260604,,,,,,273.679993,262.109985,,,,,,-0.9317,pending,,2026-06-11T13:02:22+00:00
trackb_cont_UNF_20260605,,,,,,273.679993,262.109985,,,,,,-0.9317,pending,,2026-06-11T13:02:22+00:00
trackb_cont_UNF_20260608,,,,,,273.679993,262.109985,,,,,,-0.9317,pending,,2026-06-11T13:02:22+00:00
trackb_cont_UNF_20260609,,,,,,273.679993,262.109985,,,,,,-0.7422,pending,,2026-06-11T13:02:22+00:00
trackb_cont_UNF_20260610,,,,,,273.679993,269.269989,,,,,,1.9692,pending,,2026-06-11T13:02:22+00:00
trackb_cont_UNH_20260609,,,,,,415.980011,404.549988,,,,,,-0.4968,pending,,2026-06-11T13:02:58+00:00
trackb_cont_UNH_20260610,,,,,,415.980011,404.549988,,,,,,-0.4968,pending,,2026-06-11T13:02:58+00:00
trackb_cont_UNH_20260611,,,,,,,,,,,,,,pending,,2026-06-11T13:02:58+00:00
trackb_cont_UNM_20260603,90.68,,,,,91.360001,82.610001,,,,,,-0.6554,pending,,2026-06-11T13:01:55+00:00
trackb_cont_UNM_20260604,,,,,,91.360001,84.239998,,,,,,1.3048,pending,,2026-06-11T13:01:55+00:00
trackb_cont_UNM_20260605,,,,,,91.360001,85.32,,,,,,2.6036,pending,,2026-06-11T13:01:55+00:00
trackb_cont_UNM_20260608,,,,,,91.360001,86.010002,,,,,,3.4333,pending,,2026-06-11T13:01:55+00:00
trackb_cont_UNM_20260611,,,,,,,,,,,,,,pending,,2026-06-11T13:01:55+00:00
trackb_cont_UPST_20260603,30.299999,,,,,32.505001,29.139999,,,,,,-3.382,pending,,2026-06-11T13:02:24+00:00
trackb_cont_UPST_20260604,,,,,,32.505001,29.139999,,,,,,-3.382,pending,,2026-06-11T13:02:24+00:00
trackb_cont_UPST_20260605,,,,,,32.400002,29.139999,,,,,,-3.382,pending,,2026-06-11T13:02:24+00:00
trackb_cont_UPST_20260608,,,,,,32.400002,29.559999,,,,,,-1.9894,pending,,2026-06-11T13:02:24+00:00
trackb_cont_UPS_20260603,103.260002,,,,,111.220001,102.830002,,,,,,-6.8822,pending,,2026-06-11T13:01:17+00:00
trackb_cont_UPS_20260604,,,,,,111.220001,102.830002,,,,,,-6.8822,pending,,2026-06-11T13:01:17+00:00
trackb_cont_UPS_20260605,,,,,,110.699997,102.830002,,,,,,-6.8822,pending,,2026-06-11T13:01:17+00:00
trackb_cont_UPS_20260608,,,,,,109.360001,102.830002,,,,,,-5.2607,pending,,2026-06-11T13:01:17+00:00
trackb_cont_URBN_20260611,,,,,,,,,,,,,,pending,,2026-06-11T13:03:28+00:00
trackb_cont_URG_20260603,1.47,,,,,2.09,1.47,,,,,,-23.2376,pending,,2026-06-11T13:01:10+00:00
trackb_cont_URG_20260604,,,,,,1.99,1.47,,,,,,-23.2376,pending,,2026-06-11T13:01:10+00:00
trackb_cont_URG_20260605,,,,,,1.94,1.47,,,,,,-23.2376,pending,,2026-06-11T13:01:10+00:00
trackb_cont_URI_20260603,1056.349976,,,,,1106.880005,995.869995,,,,,,-3.3624,pending,,2026-06-11T13:01:58+00:00
trackb_cont_URI_20260604,,,,,,1106.880005,1050.099976,,,,,,1.9,pending,,2026-06-11T13:01:58+00:00
trackb_cont_URI_20260605,,,,,,1106.880005,1053.849976,,,,,,2.2639,pending,,2026-06-11T13:01:58+00:00
trackb_cont_URI_20260608,,,,,,1106.880005,1054.02002,,,,,,-1.2877,pending,,2026-06-11T13:01:58+00:00
trackb_cont_USAR_20260603,20.33,,,,,32.799999,19.885,,,,,,-29.6977,pending,,2026-06-11T13:01:10+00:00
trackb_cont_USAR_20260604,,,,,,27.48,19.885,,,,,,-29.6977,pending,,2026-06-11T13:01:10+00:00
trackb_cont_USAR_20260605,,,,,,26.049999,19.885,,,,,,-29.6977,pending,,2026-06-11T13:01:10+00:00
trackb_cont_USB_20260610,,,,,,57.650002,55.799999,,,,,,0.813,pending,,2026-06-11T13:03:11+00:00
trackb_cont_USFD_20260611,,,,,,,,,,,,,,pending,,2026-06-11T13:03:21+00:00
trackb_cont_UTI_20260603,39.75,,,,,45.740002,37.040001,,,,,,-14.9677,pending,,2026-06-11T13:00:45+00:00
trackb_cont_UTI_20260604,,,,,,45.740002,37.040001,,,,,,-14.9677,pending,,2026-06-11T13:00:45+00:00
trackb_cont_UTI_20260605,,,,,,45.02,37.040001,,,,,,-14.9677,pending,,2026-06-11T13:00:45+00:00
trackb_cont_UTI_20260608,,,,,,44.389999,37.040001,,,,,,-14.9874,pending,,2026-06-11T13:00:45+00:00
trackb_cont_UTI_20260609,,,,,,40.57,37.040001,,,,,,-13.7803,pending,,2026-06-11T13:00:45+00:00
trackb_cont_UVV_20260603,54.330002,,,,,54.400002,52.43,,,,,,-2.4013,pending,,2026-06-11T13:01:45+00:00
trackb_cont_UVV_20260604,,,,,,54.400002,52.43,,,,,,-2.4013,pending,,2026-06-11T13:01:45+00:00
trackb_cont_UVV_20260605,,,,,,54.400002,52.43,,,,,,-2.4013,pending,,2026-06-11T13:01:45+00:00
trackb_cont_UVV_20260609,,,,,,54.400002,52.43,,,,,,-0.6066,pending,,2026-06-11T13:01:45+00:00
trackb_cont_UVV_20260610,,,,,,54.400002,53.560001,,,,,,1.5355,pending,,2026-06-11T13:01:45+00:00
trackb_cont_U_20260603,26.66,,,,,31.4,26.370001,,,,,,-9.6763,pending,,2026-06-11T13:02:12+00:00
trackb_cont_U_20260604,,,,,,31.4,26.370001,,,,,,-9.6763,pending,,2026-06-11T13:02:12+00:00
trackb_cont_U_20260605,,,,,,31.4,26.370001,,,,,,-9.6763,pending,,2026-06-11T13:02:12+00:00
trackb_cont_U_20260608,,,,,,29.889999,26.370001,,,,,,-9.6763,pending,,2026-06-11T13:02:12+00:00
trackb_cont_VAC_20260603,87.730003,,,,,92.739998,84.510002,,,,,,-0.2832,pending,,2026-06-11T13:01:12+00:00
trackb_cont_VAC_20260604,,,,,,92.739998,85.75,,,,,,1.1799,pending,,2026-06-11T13:01:12+00:00
trackb_cont_VAC_20260605,,,,,,92.739998,86.629997,,,,,,2.2183,pending,,2026-06-11T13:01:12+00:00
trackb_cont_VAC_20260608,,,,,,92.739998,86.970001,,,,,,-2.816,pending,,2026-06-11T13:01:12+00:00
trackb_cont_VC_20260603,117.699997,,,,,125.120003,116.760002,,,,,,-5.4804,pending,,2026-06-11T13:01:00+00:00
trackb_cont_VC_20260604,,,,,,123.400002,116.760002,,,,,,-5.4804,pending,,2026-06-11T13:01:00+00:00
trackb_cont_VC_20260605,,,,,,122.690002,116.760002,,,,,,-5.4804,pending,,2026-06-11T13:01:00+00:00
trackb_cont_VC_20260608,,,,,,122.690002,117.309998,,,,,,-5.0352,pending,,2026-06-11T13:01:00+00:00
trackb_cont_VECO_20260603,65.940002,,,,,73.029999,57.810001,,,,,,-4.3672,pending,,2026-06-11T13:02:25+00:00
trackb_cont_VECO_20260604,,,,,,73.029999,57.810001,,,,,,-4.3672,pending,,2026-06-11T13:02:25+00:00
trackb_cont_VECO_20260605,,,,,,73.029999,57.810001,,,,,,-4.3672,pending,,2026-06-11T13:02:25+00:00
trackb_cont_VECO_20260608,,,,,,73.029999,58.799999,,,,,,-2.7295,pending,,2026-06-11T13:02:25+00:00
trackb_cont_VEEV_20260603,163.759995,,,,,185.630005,163.75,,,,,,-7.1212,pending,,2026-06-11T13:02:10+00:00
trackb_cont_VEEV_20260604,,,,,,185.630005,163.75,,,,,,-7.1212,pending,,2026-06-11T13:02:10+00:00
trackb_cont_VEEV_20260605,,,,,,181.75,163.75,,,,,,-7.1212,pending,,2026-06-11T13:02:10+00:00
trackb_cont_VEEV_20260608,,,,,,172.679993,163.75,,,,,,-7.1212,pending,,2026-06-11T13:02:10+00:00
trackb_cont_VELO_20260603,22.68,,,,,23.629999,14.72,,,,,,-27.2727,pending,,2026-06-11T13:02:30+00:00
trackb_cont_VELO_20260604,,,,,,23.629999,14.72,,,,,,-27.2727,pending,,2026-06-11T13:02:30+00:00
trackb_cont_VELO_20260605,,,,,,23.629999,14.72,,,,,,-27.2727,pending,,2026-06-11T13:02:30+00:00
trackb_cont_VGZ_20260603,2.11,,,,,2.4,2.07,,,,,,-10.5832,pending,,2026-06-11T13:02:06+00:00
trackb_cont_VGZ_20260604,,,,,,2.38,2.07,,,,,,-10.5832,pending,,2026-06-11T13:02:06+00:00
trackb_cont_VGZ_20260605,,,,,,2.31,2.07,,,,,,-10.5832,pending,,2026-06-11T13:02:06+00:00
trackb_cont_VGZ_20260608,,,,,,2.29,2.07,,,,,,-4.6083,pending,,2026-06-11T13:02:06+00:00
trackb_cont_VIAV_20260608,,,,,,50.490002,44.259998,,,,,,-6.9386,pending,,2026-06-11T13:02:52+00:00
trackb_cont_VICR_20260603,275.51001,,,,,340.190002,258.910004,,,,,,-20.8831,pending,,2026-06-11T13:02:08+00:00
trackb_cont_VICR_20260604,,,,,,320.179993,258.910004,,,,,,-20.8831,pending,,2026-06-11T13:02:08+00:00
trackb_cont_VICR_20260605,,,,,,300.359985,258.910004,,,,,,-20.8831,pending,,2026-06-11T13:02:08+00:00
trackb_cont_VICR_20260608,,,,,,300.359985,258.910004,,,,,,-20.8831,pending,,2026-06-11T13:02:08+00:00
trackb_cont_VISN_20260603,12.07,,,,,12.45,11.561,,,,,,-5.2377,pending,,2026-06-11T13:01:49+00:00
trackb_cont_VISN_20260604,,,,,,12.45,11.561,,,,,,-5.2377,pending,,2026-06-11T13:01:49+00:00
trackb_cont_VISN_20260605,,,,,,12.28,11.561,,,,,,-5.2377,pending,,2026-06-11T13:01:49+00:00
trackb_cont_VISN_20260608,,,,,,12.28,11.561,,,,,,-1.6085,pending,,2026-06-11T13:01:49+00:00
trackb_cont_VLO_20260603,257.98999,,,,,265.609985,246.470001,,,,,,-6.6012,pending,,2026-06-11T13:01:27+00:00
trackb_cont_VLO_20260604,,,,,,264.01001,246.470001,,,,,,-6.6012,pending,,2026-06-11T13:01:27+00:00
trackb_cont_VLO_20260605,,,,,,264.01001,246.470001,,,,,,-6.6012,pending,,2026-06-11T13:01:27+00:00
trackb_cont_VLO_20260608,,,,,,264.01001,246.470001,,,,,,-6.6012,pending,,2026-06-11T13:01:27+00:00
trackb_cont_VLO_20260609,,,,,,263.519989,246.470001,,,,,,-4.6132,pending,,2026-06-11T13:01:27+00:00
trackb_cont_VLY_20260603,14.16,,,,,14.4,13.38,,,,,,-1.3274,pending,,2026-06-11T13:01:11+00:00
trackb_cont_VLY_20260604,,,,,,14.4,13.58,,,,,,0.1475,pending,,2026-06-11T13:01:11+00:00
trackb_cont_VLY_20260605,,,,,,14.4,13.67,,,,,,0.8112,pending,,2026-06-11T13:01:11+00:00
trackb_cont_VLY_20260608,,,,,,14.4,13.67,,,,,,0.8112,pending,,2026-06-11T13:01:11+00:00
trackb_cont_VLY_20260611,,,,,,,,,,,,,,pending,,2026-06-11T13:01:11+00:00
trackb_cont_VMI_20260603,512.25,,,,,548.900024,511.230011,,,,,,-6.1757,pending,,2026-06-11T13:00:50+00:00
trackb_cont_VMI_20260604,,,,,,548.570007,511.230011,,,,,,-6.1757,pending,,2026-06-11T13:00:50+00:00
trackb_cont_VMI_20260605,,,,,,546.309998,511.230011,,,,,,-6.1757,pending,,2026-06-11T13:00:50+00:00
trackb_cont_VMI_20260608,,,,,,546.309998,511.230011,,,,,,-4.2282,pending,,2026-06-11T13:00:50+00:00
trackb_cont_VMI_20260609,,,,,,546.309998,511.230011,,,,,,-4.5572,pending,,2026-06-11T13:00:50+00:00
trackb_cont_VMI_20260611,,,,,,,,,,,,,,pending,,2026-06-11T13:00:50+00:00
trackb_cont_VNO_20260603,38.279999,,,,,39.150002,33.5,,,,,,-0.2976,pending,,2026-06-11T13:00:45+00:00
trackb_cont_VNO_20260604,,,,,,39.150002,33.900002,,,,,,0.8929,pending,,2026-06-11T13:00:45+00:00
trackb_cont_VNO_20260605,,,,,,39.150002,34.549999,,,,,,2.8274,pending,,2026-06-11T13:00:45+00:00
trackb_cont_VNO_20260608,,,,,,39.150002,35.380001,,,,,,0.4828,pending,,2026-06-11T13:00:45+00:00
trackb_cont_VNO_20260609,,,,,,39.150002,36.68,,,,,,1.326,pending,,2026-06-11T13:00:45+00:00
trackb_cont_VPG_20260603,122.25,,,,,135.0,112.389999,,,,,,-13.9104,pending,,2026-06-11T13:00:50+00:00
trackb_cont_VPG_20260604,,,,,,135.0,112.389999,,,,,,-13.9104,pending,,2026-06-11T13:00:50+00:00
trackb_cont_VPG_20260605,,,,,,133.149994,112.389999,,,,,,-13.9104,pending,,2026-06-11T13:00:50+00:00
trackb_cont_VPG_20260608,,,,,,133.149994,112.389999,,,,,,-4.3571,pending,,2026-06-11T13:00:50+00:00
trackb_cont_VPG_20260609,,,,,,133.149994,112.389999,,,,,,-6.3104,pending,,2026-06-11T13:00:50+00:00
trackb_cont_VPG_20260610,,,,,,129.289993,118.519997,,,,,,-1.2004,pending,,2026-06-11T13:00:50+00:00
trackb_cont_VRSK_20260603,183.130005,,,,,185.270004,175.169998,,,,,,-1.5678,pending,,2026-06-11T13:01:55+00:00
trackb_cont_VRSK_20260604,,,,,,185.270004,177.110001,,,,,,-0.4776,pending,,2026-06-11T13:01:55+00:00
trackb_cont_VRSK_20260605,,,,,,185.270004,177.110001,,,,,,-0.4776,pending,,2026-06-11T13:01:55+00:00
trackb_cont_VRSK_20260608,,,,,,185.270004,177.110001,,,,,,-0.4776,pending,,2026-06-11T13:01:55+00:00
trackb_cont_VRSK_20260610,,,,,,185.270004,178.889999,,,,,,-0.0447,pending,,2026-06-11T13:01:55+00:00
trackb_cont_VRTX_20260609,,,,,,449.5,433.799988,,,,,,-2.0679,pending,,2026-06-11T13:03:03+00:00
trackb_cont_VRTX_20260611,,,,,,,,,,,,,,pending,,2026-06-11T13:03:03+00:00
trackb_cont_VSTS_20260603,13.02,,,,,13.52,12.34,,,,,,-6.231,pending,,2026-06-11T13:00:47+00:00
trackb_cont_VSTS_20260604,,,,,,13.52,12.34,,,,,,-6.231,pending,,2026-06-11T13:00:47+00:00
trackb_cont_VSTS_20260605,,,,,,13.24,12.34,,,,,,-6.231,pending,,2026-06-11T13:00:47+00:00
trackb_cont_VSTS_20260608,,,,,,13.16,12.34,,,,,,-3.9689,pending,,2026-06-11T13:00:47+00:00
trackb_cont_VSTS_20260610,,,,,,13.16,12.81,,,,,,2.809,pending,,2026-06-11T13:00:47+00:00
trackb_cont_VSXY_20260603,74.239998,,,,,80.364998,72.0,,,,,,-2.3199,pending,,2026-06-11T13:00:45+00:00
trackb_cont_VSXY_20260604,,,,,,80.364998,72.279999,,,,,,-1.94,pending,,2026-06-11T13:00:45+00:00
trackb_cont_VSXY_20260605,,,,,,78.849998,72.279999,,,,,,-1.94,pending,,2026-06-11T13:00:45+00:00
trackb_cont_VSXY_20260608,,,,,,78.849998,73.269997,,,,,,-1.7828,pending,,2026-06-11T13:00:45+00:00
trackb_cont_VSXY_20260610,,,,,,75.760002,73.269997,,,,,,-3.9208,pending,,2026-06-11T13:00:45+00:00
trackb_cont_VVV_20260610,,,,,,37.68,36.290001,,,,,,0.304,pending,,2026-06-11T13:03:14+00:00
trackb_cont_WALD_20260603,1.87,,,,,1.89,1.59,,,,,,-10.4225,pending,,2026-06-11T13:01:28+00:00
trackb_cont_WALD_20260604,,,,,,1.88,1.59,,,,,,-10.4225,pending,,2026-06-11T13:01:28+00:00
trackb_cont_WALD_20260605,,,,,,1.88,1.61,,,,,,-9.2958,pending,,2026-06-11T13:01:28+00:00
trackb_cont_WALD_20260608,,,,,,1.88,1.61,,,,,,-6.3953,pending,,2026-06-11T13:01:28+00:00
trackb_cont_WAL_20260611,,,,,,,,,,,,,,pending,,2026-06-11T13:03:25+00:00
trackb_cont_WATT_20260603,22.92,,,,,30.5,22.700001,,,,,,-22.0735,pending,,2026-06-11T13:01:09+00:00
trackb_cont_WATT_20260604,,,,,,28.98,22.700001,,,,,,-22.0735,pending,,2026-06-11T13:01:09+00:00
trackb_cont_WATT_20260605,,,,,,27.65,22.700001,,,,,,-22.0735,pending,,2026-06-11T13:01:09+00:00
trackb_cont_WAT_20260603,363.179993,,,,,384.98999,362.859985,,,,,,-3.6536,pending,,2026-06-11T13:02:07+00:00
trackb_cont_WAT_20260604,,,,,,384.98999,362.859985,,,,,,-3.6536,pending,,2026-06-11T13:02:07+00:00
trackb_cont_WAT_20260605,,,,,,377.51001,362.859985,,,,,,-3.6536,pending,,2026-06-11T13:02:07+00:00
trackb_cont_WAT_20260608,,,,,,377.51001,362.859985,,,,,,-3.6536,pending,,2026-06-11T13:02:07+00:00
trackb_cont_WBI_20260608,,,,,,30.549999,28.75,,,,,,-2.3438,pending,,2026-06-11T13:02:51+00:00
trackb_cont_WCC_20260603,334.190002,,,,,377.899994,333.209991,,,,,,-10.9457,pending,,2026-06-11T13:01:29+00:00
trackb_cont_WCC_20260604,,,,,,370.049988,333.209991,,,,,,-10.9457,pending,,2026-06-11T13:01:29+00:00
trackb_cont_WCC_20260605,,,,,,365.950012,333.209991,,,,,,-10.9457,pending,,2026-06-11T13:01:29+00:00
trackb_cont_WCC_20260608,,,,,,365.950012,333.209991,,,,,,-5.9552,pending,,2026-06-11T13:01:29+00:00
trackb_cont_WDAY_20260603,137.470001,,,,,153.479996,134.830002,,,,,,-6.5303,pending,,2026-06-11T13:02:05+00:00
trackb_cont_WDAY_20260604,,,,,,153.479996,134.830002,,,,,,-6.5303,pending,,2026-06-11T13:02:05+00:00
trackb_cont_WDAY_20260605,,,,,,151.5,134.830002,,,,,,-6.5303,pending,,2026-06-11T13:02:05+00:00
trackb_cont_WDAY_20260608,,,,,,145.479996,134.830002,,,,,,-6.5303,pending,,2026-06-11T13:02:05+00:00
trackb_cont_WDC_20260603,490.089996,,,,,602.539978,480.869995,,,,,,-19.5298,pending,,2026-06-11T13:01:05+00:00
trackb_cont_WDC_20260604,,,,,,594.0,480.869995,,,,,,-19.5298,pending,,2026-06-11T13:01:05+00:00
trackb_cont_WDC_20260605,,,,,,554.159973,480.869995,,,,,,-19.5298,pending,,2026-06-11T13:01:05+00:00
trackb_cont_WDC_20260608,,,,,,545.409973,480.869995,,,,,,-19.5298,pending,,2026-06-11T13:01:05+00:00
trackb_cont_WERN_20260603,42.75,,,,,45.27,41.110001,,,,,,-4.6172,pending,,2026-06-11T13:00:43+00:00
trackb_cont_WERN_20260604,,,,,,45.27,41.110001,,,,,,-4.6172,pending,,2026-06-11T13:00:43+00:00
trackb_cont_WERN_20260605,,,,,,45.27,41.110001,,,,,,-4.6172,pending,,2026-06-11T13:00:43+00:00
trackb_cont_WERN_20260608,,,,,,45.27,41.110001,,,,,,-5.4073,pending,,2026-06-11T13:00:43+00:00
trackb_cont_WERN_20260610,,,,,,43.25,41.110001,,,,,,-7.6387,pending,,2026-06-11T13:00:43+00:00
trackb_cont_WFC_20260603,81.970001,,,,,83.18,77.400002,,,,,,-0.7438,pending,,2026-06-11T13:01:56+00:00
trackb_cont_WFC_20260604,,,,,,83.18,79.720001,,,,,,2.2313,pending,,2026-06-11T13:01:56+00:00
trackb_cont_WFC_20260605,,,,,,83.18,80.830002,,,,,,3.6548,pending,,2026-06-11T13:01:56+00:00
trackb_cont_WFC_20260608,,,,,,83.18,80.830002,,,,,,-1.3546,pending,,2026-06-11T13:01:56+00:00
trackb_cont_WFC_20260609,,,,,,83.18,80.93,,,,,,-0.0371,pending,,2026-06-11T13:01:56+00:00
trackb_cont_WFC_20260611,,,,,,,,,,,,,,pending,,2026-06-11T13:01:56+00:00
trackb_cont_WGS_20260608,,,,,,57.799999,51.509998,,,,,,-1.3407,pending,,2026-06-11T13:02:32+00:00
trackb_cont_WKC_20260603,31.450001,,,,,31.889999,28.76,,,,,,-1.4731,pending,,2026-06-11T13:02:28+00:00
trackb_cont_WKC_20260604,,,,,,31.889999,29.07,,,,,,-0.4111,pending,,2026-06-11T13:02:28+00:00
trackb_cont_WKC_20260605,,,,,,31.889999,29.219999,,,,,,0.1028,pending,,2026-06-11T13:02:28+00:00
trackb_cont_WKC_20260608,,,,,,31.889999,29.82,,,,,,2.1583,pending,,2026-06-11T13:02:28+00:00
trackb_cont_WKC_20260609,,,,,,31.889999,29.940001,,,,,,-0.6965,pending,,2026-06-11T13:02:28+00:00
trackb_cont_WKC_20260610,,,,,,31.889999,30.940001,,,,,,2.6202,pending,,2026-06-11T13:02:28+00:00
trackb_cont_WKC_20260611,,,,,,,,,,,,,,pending,,2026-06-11T13:02:28+00:00
trackb_cont_WMK_20260603,82.059998,,,,,82.550003,73.760002,,,,,,-2.1751,pending,,2026-06-11T13:01:51+00:00
trackb_cont_WMK_20260604,,,,,,82.550003,73.860001,,,,,,-2.0424,pending,,2026-06-11T13:01:51+00:00
trackb_cont_WMK_20260605,,,,,,82.550003,75.629997,,,,,,0.305,pending,,2026-06-11T13:01:51+00:00
trackb_cont_WMK_20260608,,,,,,82.550003,78.550003,,,,,,4.1777,pending,,2026-06-11T13:01:51+00:00
trackb_cont_WMK_20260609,,,,,,82.550003,78.970001,,,,,,-0.8911,pending,,2026-06-11T13:01:51+00:00
trackb_cont_WMK_20260610,,,,,,82.550003,80.07,,,,,,0.4895,pending,,2026-06-11T13:01:51+00:00
trackb_cont_WOR_20260603,57.490002,,,,,59.599998,56.43,,,,,,-1.6385,pending,,2026-06-11T13:01:24+00:00
trackb_cont_WOR_20260604,,,,,,59.599998,56.43,,,,,,-1.6385,pending,,2026-06-11T13:01:24+00:00
trackb_cont_WOR_20260605,,,,,,59.599998,56.43,,,,,,-1.6385,pending,,2026-06-11T13:01:24+00:00
trackb_cont_WOR_20260608,,,,,,59.599998,56.43,,,,,,-1.5355,pending,,2026-06-11T13:01:24+00:00
trackb_cont_WPC_20260611,,,,,,,,,,,,,,pending,,2026-06-11T13:03:23+00:00
trackb_cont_WRB_20260610,,,,,,68.769997,67.489998,,,,,,1.1086,pending,,2026-06-11T13:03:12+00:00
trackb_cont_WRLD_20260603,171.330002,,,,,174.679993,155.080002,,,,,,-6.5783,pending,,2026-06-11T13:01:46+00:00
trackb_cont_WRLD_20260604,,,,,,174.679993,155.080002,,,,,,-6.5783,pending,,2026-06-11T13:01:46+00:00
trackb_cont_WRLD_20260605,,,,,,174.679993,164.589996,,,,,,-0.8494,pending,,2026-06-11T13:01:46+00:00
trackb_cont_WRLD_20260608,,,,,,174.679993,167.100006,,,,,,0.6627,pending,,2026-06-11T13:01:46+00:00
trackb_cont_WSM_20260603,206.940002,,,,,215.720001,200.399994,,,,,,-1.7888,pending,,2026-06-11T13:01:23+00:00
trackb_cont_WSM_20260604,,,,,,215.720001,201.639999,,,,,,-1.1811,pending,,2026-06-11T13:01:23+00:00
trackb_cont_WSM_20260605,,,,,,215.720001,201.639999,,,,,,-1.1811,pending,,2026-06-11T13:01:23+00:00
trackb_cont_WSM_20260608,,,,,,215.720001,201.639999,,,,,,-1.1811,pending,,2026-06-11T13:01:23+00:00
trackb_cont_WS_20260603,41.080002,,,,,43.584999,40.470001,,,,,,-4.9777,pending,,2026-06-11T13:01:38+00:00
trackb_cont_WS_20260604,,,,,,42.919998,40.470001,,,,,,-4.9777,pending,,2026-06-11T13:01:38+00:00
trackb_cont_WS_20260605,,,,,,42.77,40.470001,,,,,,-4.9777,pending,,2026-06-11T13:01:38+00:00
trackb_cont_WS_20260608,,,,,,42.77,40.470001,,,,,,-4.9777,pending,,2026-06-11T13:01:38+00:00
trackb_cont_WULF_20260603,23.190001,,,,,27.780001,22.99,,,,,,-11.9494,pending,,2026-06-11T13:01:31+00:00
trackb_cont_WULF_20260604,,,,,,27.780001,22.99,,,,,,-11.9494,pending,,2026-06-11T13:01:31+00:00
trackb_cont_WULF_20260605,,,,,,27.780001,22.99,,,,,,-11.9494,pending,,2026-06-11T13:01:31+00:00
trackb_cont_WULF_20260608,,,,,,27.780001,23.059999,,,,,,-11.6814,pending,,2026-06-11T13:01:31+00:00
trackb_cont_WWW_20260611,,,,,,,,,,,,,,pending,,2026-06-11T13:03:16+00:00
trackb_cont_WYNN_20260603,105.260002,,,,,110.169998,102.470001,,,,,,-0.9282,pending,,2026-06-11T13:02:23+00:00
trackb_cont_WYNN_20260604,,,,,,110.169998,103.129997,,,,,,-0.2901,pending,,2026-06-11T13:02:23+00:00
trackb_cont_WYNN_20260605,,,,,,110.169998,103.129997,,,,,,-0.2901,pending,,2026-06-11T13:02:23+00:00
trackb_cont_WYNN_20260608,,,,,,110.169998,103.290001,,,,,,-0.1354,pending,,2026-06-11T13:02:23+00:00
trackb_cont_WYNN_20260611,,,,,,,,,,,,,,pending,,2026-06-11T13:02:23+00:00
trackb_cont_WY_20260603,24.16,,,,,25.09,24.049999,,,,,,-1.9568,pending,,2026-06-11T13:01:52+00:00
trackb_cont_WY_20260604,,,,,,25.09,24.049999,,,,,,-1.9568,pending,,2026-06-11T13:01:52+00:00
trackb_cont_WY_20260605,,,,,,24.879999,24.049999,,,,,,-1.9568,pending,,2026-06-11T13:01:52+00:00
trackb_cont_WY_20260608,,,,,,24.76,24.049999,,,,,,-1.7565,pending,,2026-06-11T13:01:52+00:00
trackb_cont_WY_20260611,,,,,,,,,,,,,,pending,,2026-06-11T13:01:52+00:00
trackb_cont_W_20260603,68.669998,,,,,75.239998,66.75,,,,,,-2.6507,pending,,2026-06-11T13:02:03+00:00
trackb_cont_W_20260604,,,,,,75.239998,66.75,,,,,,-2.6507,pending,,2026-06-11T13:02:03+00:00
trackb_cont_W_20260605,,,,,,75.239998,66.75,,,,,,-2.6507,pending,,2026-06-11T13:02:03+00:00
trackb_cont_W_20260608,,,,,,75.239998,66.75,,,,,,-2.6507,pending,,2026-06-11T13:02:03+00:00
trackb_cont_W_20260611,,,,,,,,,,,,,,pending,,2026-06-11T13:02:03+00:00
trackb_cont_XHR_20260603,18.459999,,,,,18.73,17.549999,,,,,,-0.7353,pending,,2026-06-11T13:01:20+00:00
trackb_cont_XHR_20260604,,,,,,18.73,17.809999,,,,,,0.7353,pending,,2026-06-11T13:01:20+00:00
trackb_cont_XHR_20260605,,,,,,18.73,18.17,,,,,,2.7715,pending,,2026-06-11T13:01:20+00:00
trackb_cont_XHR_20260608,,,,,,18.73,18.17,,,,,,2.7715,pending,,2026-06-11T13:01:20+00:00
trackb_cont_XHR_20260609,,,,,,18.709999,18.17,,,,,,-0.8729,pending,,2026-06-11T13:01:20+00:00
trackb_cont_XHR_20260610,,,,,,18.709999,18.424999,,,,,,0.5183,pending,,2026-06-11T13:01:20+00:00
trackb_cont_XHR_20260611,,,,,,,,,,,,,,pending,,2026-06-11T13:01:20+00:00
trackb_cont_XIFR_20260603,11.47,,,,,12.68,11.33,,,,,,-10.0794,pending,,2026-06-11T13:01:49+00:00
trackb_cont_XIFR_20260604,,,,,,12.26,11.33,,,,,,-10.0794,pending,,2026-06-11T13:01:49+00:00
trackb_cont_XIFR_20260605,,,,,,12.05,11.33,,,,,,-10.0794,pending,,2026-06-11T13:01:49+00:00
trackb_cont_XMAX_20260603,8.61,,,,,8.67,8.1,,,,,,-5.5944,pending,,2026-06-11T13:02:12+00:00
trackb_cont_XMAX_20260604,,,,,,8.67,8.1,,,,,,-5.5944,pending,,2026-06-11T13:02:12+00:00
trackb_cont_XMAX_20260605,,,,,,8.67,8.1,,,,,,-5.5944,pending,,2026-06-11T13:02:12+00:00
trackb_cont_XMAX_20260608,,,,,,8.67,8.15,,,,,,-5.0117,pending,,2026-06-11T13:02:12+00:00
trackb_cont_XOS_20260603,3.66,,,,,8.27,3.3,,,,,,-46.9334,pending,,2026-06-11T13:02:05+00:00
trackb_cont_XOS_20260604,,,,,,6.2,3.3,,,,,,-46.9334,pending,,2026-06-11T13:02:05+00:00
trackb_cont_XOS_20260605,,,,,,5.48,3.3,,,,,,-46.9334,pending,,2026-06-11T13:02:05+00:00
trackb_cont_XOS_20260608,,,,,,5.2,3.3,,,,,,-46.9334,pending,,2026-06-11T13:02:05+00:00
trackb_cont_XPO_20260603,216.259995,,,,,232.0,208.350006,,,,,,-5.0862,pending,,2026-06-11T13:01:48+00:00
trackb_cont_XPO_20260604,,,,,,232.0,208.350006,,,,,,-5.0862,pending,,2026-06-11T13:01:48+00:00
trackb_cont_XPO_20260605,,,,,,232.0,208.350006,,,,,,-5.0862,pending,,2026-06-11T13:01:48+00:00
trackb_cont_XPO_20260608,,,,,,232.0,208.350006,,,,,,-5.0862,pending,,2026-06-11T13:01:48+00:00
trackb_cont_XRN_20260603,37.0,,,,,37.82,34.73,,,,,,-2.4712,pending,,2026-06-11T13:02:21+00:00
trackb_cont_XRN_20260604,,,,,,37.82,35.09,,,,,,-1.4603,pending,,2026-06-11T13:02:21+00:00
trackb_cont_XRN_20260605,,,,,,37.82,35.450001,,,,,,-0.4493,pending,,2026-06-11T13:02:21+00:00
trackb_cont_XRN_20260608,,,,,,37.82,35.560001,,,,,,-0.1404,pending,,2026-06-11T13:02:21+00:00
trackb_cont_XRN_20260611,,,,,,,,,,,,,,pending,,2026-06-11T13:02:21+00:00
trackb_cont_YETI_20260603,48.27,,,,,49.939999,45.049999,,,,,,-4.6763,pending,,2026-06-11T13:02:17+00:00
trackb_cont_YETI_20260604,,,,,,49.939999,46.68,,,,,,-1.2273,pending,,2026-06-11T13:02:17+00:00
trackb_cont_YETI_20260605,,,,,,49.939999,46.68,,,,,,-1.2273,pending,,2026-06-11T13:02:17+00:00
trackb_cont_YETI_20260608,,,,,,49.939999,46.68,,,,,,-1.4566,pending,,2026-06-11T13:02:17+00:00
trackb_cont_YETI_20260610,,,,,,49.639999,48.110001,,,,,,0.923,pending,,2026-06-11T13:02:17+00:00
trackb_cont_YORW_20260610,,,,,,30.790001,30.27,,,,,,1.9535,pending,,2026-06-11T13:03:12+00:00
trackb_cont_YORW_20260611,,,,,,,,,,,,,,pending,,2026-06-11T13:03:12+00:00
trackb_cont_ZBRA_20260603,216.789993,,,,,252.369995,214.309998,,,,,,-12.9706,pending,,2026-06-11T13:01:57+00:00
trackb_cont_ZBRA_20260604,,,,,,252.369995,214.309998,,,,,,-12.9706,pending,,2026-06-11T13:01:57+00:00
trackb_cont_ZBRA_20260605,,,,,,243.619995,214.309998,,,,,,-12.9706,pending,,2026-06-11T13:01:57+00:00
trackb_cont_ZBRA_20260608,,,,,,239.559998,214.309998,,,,,,-12.9706,pending,,2026-06-11T13:01:57+00:00
trackb_cont_ZD_20260603,45.799999,,,,,48.509998,44.400002,,,,,,-0.6156,pending,,2026-06-11T13:02:01+00:00
trackb_cont_ZD_20260604,,,,,,48.509998,44.810001,,,,,,0.3022,pending,,2026-06-11T13:02:01+00:00
trackb_cont_ZD_20260605,,,,,,48.509998,44.810001,,,,,,0.3022,pending,,2026-06-11T13:02:01+00:00
trackb_cont_ZD_20260608,,,,,,47.509998,44.810001,,,,,,-2.1829,pending,,2026-06-11T13:02:01+00:00
trackb_cont_ZD_20260611,,,,,,,,,,,,,,pending,,2026-06-11T13:02:01+00:00
trackb_cont_ZM_20260603,93.959999,,,,,110.735001,93.32,,,,,,-11.954,pending,,2026-06-11T13:01:40+00:00
trackb_cont_ZM_20260604,,,,,,106.830002,93.32,,,,,,-11.954,pending,,2026-06-11T13:01:40+00:00
trackb_cont_ZM_20260605,,,,,,105.959999,93.32,,,,,,-11.954,pending,,2026-06-11T13:01:40+00:00
trackb_cont_ZONE_20260603,0.636,,,,,0.81,0.57,,,,,,-25.069,pending,,2026-06-11T13:02:20+00:00
trackb_cont_ZONE_20260604,,,,,,0.76,0.57,,,,,,-25.069,pending,,2026-06-11T13:02:20+00:00
trackb_cont_ZONE_20260605,,,,,,0.7,0.57,,,,,,-25.069,pending,,2026-06-11T13:02:20+00:00
trackb_cont_ZONE_20260608,,,,,,0.7,0.57,,,,,,-25.069,pending,,2026-06-11T13:02:20+00:00
trackb_rev_ABT_20260603,89.169998,,,,,92.730003,86.720001,,,,,,-0.6188,pending,,2026-06-11T13:02:38+00:00
trackb_rev_ABT_20260604,,,,,,92.730003,88.690002,,,,,,1.6388,pending,,2026-06-11T13:02:38+00:00
trackb_rev_ABT_20260605,,,,,,92.730003,88.690002,,,,,,1.6388,pending,,2026-06-11T13:02:38+00:00
trackb_rev_ABT_20260608,,,,,,92.019997,88.690002,,,,,,1.6388,pending,,2026-06-11T13:02:38+00:00
trackb_rev_ADBE_20260611,,,,,,,,,,,,,,pending,,2026-06-11T13:03:29+00:00
trackb_rev_ADTN_20260610,,,,,,15.03,14.26,,,,,,-10.9863,pending,,2026-06-11T13:02:29+00:00
trackb_rev_AEO_20260603,17.530001,,,,,18.35,15.63,,,,,,-2.0437,pending,,2026-06-11T13:02:40+00:00
trackb_rev_AEO_20260604,,,,,,18.35,16.120001,,,,,,1.0272,pending,,2026-06-11T13:02:40+00:00
trackb_rev_AEO_20260605,,,,,,18.35,16.219999,,,,,,1.6539,pending,,2026-06-11T13:02:40+00:00
trackb_rev_AEO_20260608,,,,,,18.35,16.42,,,,,,2.9074,pending,,2026-06-11T13:02:40+00:00
trackb_rev_AIRE_20260609,,,,,,2.184,1.91,,,,,,-9.4787,pending,,2026-06-11T13:03:08+00:00
trackb_rev_AIRE_20260610,,,,,,2.11,1.95,,,,,,-7.5829,pending,,2026-06-11T13:03:08+00:00
trackb_rev_AIRE_20260611,,,,,,,,,,,,,,pending,,2026-06-11T13:03:08+00:00
trackb_rev_AJG_20260603,220.139999,,,,,225.339996,199.690002,,,,,,-0.8712,pending,,2026-06-11T13:02:36+00:00
trackb_rev_AJG_20260604,,,,,,225.339996,206.419998,,,,,,2.4697,pending,,2026-06-11T13:02:36+00:00
trackb_rev_AJG_20260605,,,,,,225.339996,211.5,,,,,,4.9914,pending,,2026-06-11T13:02:36+00:00
trackb_rev_ALBT_20260609,,,,,,0.37,0.338,,,,,,-0.8798,pending,,2026-06-11T13:03:09+00:00
trackb_rev_ALBT_20260610,,,,,,0.354,0.339,,,,,,-0.5865,pending,,2026-06-11T13:03:09+00:00
trackb_rev_ALBT_20260611,,,,,,,,,,,,,,pending,,2026-06-11T13:03:09+00:00
trackb_rev_ALGN_20260609,,,,,,179.850006,169.990005,,,,,,-1.1973,pending,,2026-06-11T13:03:05+00:00
trackb_rev_ALGN_20260610,,,,,,179.210007,169.990005,,,,,,-1.1973,pending,,2026-06-11T13:03:05+00:00
trackb_rev_ALM_20260610,,,,,,16.0,15.11,,,,,,-8.1459,pending,,2026-06-11T13:02:24+00:00
trackb_rev_ALTG_20260611,,,,,,,,,,,,,,pending,,2026-06-11T13:03:31+00:00
trackb_rev_AMRZ_20260609,,,,,,53.139999,50.48,,,,,,-0.6299,pending,,2026-06-11T13:01:33+00:00
trackb_rev_AMRZ_20260611,,,,,,,,,,,,,,pending,,2026-06-11T13:01:33+00:00
trackb_rev_AMR_20260611,,,,,,,,,,,,,,pending,,2026-06-11T13:01:13+00:00
trackb_rev_AMSF_20260603,32.049999,,,,,32.189999,30.049999,,,,,,-1.5722,pending,,2026-06-11T13:02:40+00:00
trackb_rev_AMSF_20260604,,,,,,32.189999,30.049999,,,,,,-1.5722,pending,,2026-06-11T13:02:40+00:00
trackb_rev_AMSF_20260605,,,,,,32.189999,30.940001,,,,,,1.3429,pending,,2026-06-11T13:02:40+00:00
trackb_rev_ANF_20260603,85.330002,,,,,86.730003,73.919998,,,,,,-1.9108,pending,,2026-06-11T13:02:42+00:00
trackb_rev_ANF_20260604,,,,,,86.730003,74.419998,,,,,,-1.2473,pending,,2026-06-11T13:02:42+00:00
trackb_rev_ANF_20260605,,,,,,86.730003,74.419998,,,,,,-1.2473,pending,,2026-06-11T13:02:42+00:00
trackb_rev_ANF_20260608,,,,,,86.730003,75.370003,,,,,,0.0398,pending,,2026-06-11T13:02:42+00:00
trackb_rev_ANF_20260609,,,,,,86.730003,81.099998,,,,,,1.9869,pending,,2026-06-11T13:02:42+00:00
trackb_rev_ANF_20260611,,,,,,,,,,,,,,pending,,2026-06-11T13:02:42+00:00
trackb_rev_AREC_20260610,,,,,,2.13,2.01,,,,,,-6.7285,pending,,2026-06-11T13:01:18+00:00
trackb_rev_ARRY_20260611,,,,,,,,,,,,,,pending,,2026-06-11T13:01:44+00:00
trackb_rev_ASIX_20260609,,,,,,21.799999,21.02,,,,,,-1.6378,pending,,2026-06-11T13:03:08+00:00
trackb_rev_ASO_20260608,,,,,,57.139999,48.608002,,,,,,-6.0715,pending,,2026-06-11T13:02:56+00:00
trackb_rev_ASO_20260611,,,,,,,,,,,,,,pending,,2026-06-11T13:02:56+00:00
trackb_rev_AVGO_20260609,,,,,,407.869995,370.329987,,,,,,-6.6238,pending,,2026-06-11T13:01:17+00:00
trackb_rev_AVGO_20260610,,,,,,385.809998,371.170013,,,,,,-6.412,pending,,2026-06-11T13:01:17+00:00
trackb_rev_AVGO_20260611,,,,,,,,,,,,,,pending,,2026-06-11T13:01:17+00:00
trackb_rev_BAER_20260609,,,,,,1.96,1.82,,,,,,-5.2083,pending,,2026-06-11T13:03:07+00:00
trackb_rev_BAER_20260610,,,,,,1.9,1.82,,,,,,-5.2083,pending,,2026-06-11T13:03:07+00:00
trackb_rev_BBUC_20260610,,,,,,32.540001,31.83,,,,,,0.1573,pending,,2026-06-11T13:03:17+00:00
trackb_rev_BBWI_20260608,,,,,,18.9,17.290001,,,,,,-0.8032,pending,,2026-06-11T13:02:56+00:00
trackb_rev_BBW_20260603,33.799999,,,,,36.509998,32.619999,,,,,,-8.2935,pending,,2026-06-11T13:02:42+00:00
trackb_rev_BBW_20260604,,,,,,36.509998,32.619999,,,,,,-8.2935,pending,,2026-06-11T13:02:42+00:00
trackb_rev_BBW_20260605,,,,,,36.0,32.619999,,,,,,-8.2935,pending,,2026-06-11T13:02:42+00:00
trackb_rev_BBW_20260608,,,,,,34.450001,32.619999,,,,,,-8.2935,pending,,2026-06-11T13:02:42+00:00
trackb_rev_BFRG_20260603,0.678,,,,,0.78,0.66,,,,,,-10.847,pending,,2026-06-11T13:02:41+00:00
trackb_rev_BFRG_20260604,,,,,,0.78,0.66,,,,,,-10.847,pending,,2026-06-11T13:02:41+00:00
trackb_rev_BFRG_20260605,,,,,,0.755,0.66,,,,,,-10.847,pending,,2026-06-11T13:02:41+00:00
trackb_rev_BFRG_20260608,,,,,,0.73,0.66,,,,,,-10.847,pending,,2026-06-11T13:02:41+00:00
trackb_rev_BFRG_20260611,,,,,,,,,,,,,,pending,,2026-06-11T13:02:41+00:00
trackb_rev_BKNG_20260603,160.639999,,,,,171.919998,159.229996,,,,,,-4.0321,pending,,2026-06-11T13:02:44+00:00
trackb_rev_BKNG_20260604,,,,,,171.919998,159.229996,,,,,,-4.0321,pending,,2026-06-11T13:02:44+00:00
trackb_rev_BKNG_20260605,,,,,,171.919998,159.229996,,,,,,-4.0321,pending,,2026-06-11T13:02:44+00:00
trackb_rev_BKNG_20260608,,,,,,168.889999,159.229996,,,,,,-4.0321,pending,,2026-06-11T13:02:44+00:00
trackb_rev_BKNG_20260610,,,,,,164.100006,159.229996,,,,,,-1.8916,pending,,2026-06-11T13:02:44+00:00
trackb_rev_BKSY_20260610,,,,,,32.77,30.76,,,,,,-10.2684,pending,,2026-06-11T13:03:15+00:00
trackb_rev_BLDR_20260608,,,,,,78.75,71.5,,,,,,-2.906,pending,,2026-06-11T13:02:55+00:00
trackb_rev_BLDR_20260609,,,,,,78.75,73.610001,,,,,,0.6701,pending,,2026-06-11T13:02:55+00:00
trackb_rev_BLDR_20260611,,,,,,,,,,,,,,pending,,2026-06-11T13:02:55+00:00
trackb_rev_BMI_20260603,128.429993,,,,,133.979996,124.449997,,,,,,-3.0612,pending,,2026-06-11T13:02:33+00:00
trackb_rev_BMI_20260604,,,,,,133.979996,125.599998,,,,,,-2.1654,pending,,2026-06-11T13:02:33+00:00
trackb_rev_BMI_20260605,,,,,,133.979996,125.599998,,,,,,-2.1654,pending,,2026-06-11T13:02:33+00:00
trackb_rev_BMI_20260608,,,,,,133.979996,126.0,,,,,,-0.4189,pending,,2026-06-11T13:02:33+00:00
trackb_rev_BMI_20260609,,,,,,133.979996,126.160004,,,,,,-3.207,pending,,2026-06-11T13:02:33+00:00
trackb_rev_BMI_20260610,,,,,,132.429993,126.160004,,,,,,-3.207,pending,,2026-06-11T13:02:33+00:00
trackb_rev_BMY_20260603,55.599998,,,,,57.82,54.310001,,,,,,-0.8127,pending,,2026-06-11T13:02:43+00:00
trackb_rev_BMY_20260604,,,,,,57.82,55.259998,,,,,,0.9223,pending,,2026-06-11T13:02:43+00:00
trackb_rev_BMY_20260605,,,,,,57.82,55.259998,,,,,,0.9223,pending,,2026-06-11T13:02:43+00:00
trackb_rev_BOXL_20260610,,,,,,0.884,0.77,,,,,,10.1574,pending,,2026-06-11T13:03:17+00:00
trackb_rev_BRC_20260611,,,,,,,,,,,,,,pending,,2026-06-11T13:01:31+00:00
trackb_rev_BR_20260611,,,,,,,,,,,,,,pending,,2026-06-11T13:03:30+00:00
trackb_rev_CACI_20260603,521.140015,,,,,544.23999,508.269989,,,,,,-4.316,pending,,2026-06-11T13:02:33+00:00
trackb_rev_CACI_20260604,,,,,,544.23999,508.269989,,,,,,-4.316,pending,,2026-06-11T13:02:33+00:00
trackb_rev_CACI_20260605,,,,,,544.23999,508.269989,,,,,,-4.316,pending,,2026-06-11T13:02:33+00:00
trackb_rev_CACI_20260608,,,,,,537.799988,508.269989,,,,,,-4.316,pending,,2026-06-11T13:02:33+00:00
trackb_rev_CAH_20260603,216.300003,,,,,218.960007,195.509995,,,,,,-0.7009,pending,,2026-06-11T13:02:32+00:00
trackb_rev_CAH_20260604,,,,,,218.960007,197.529999,,,,,,0.3251,pending,,2026-06-11T13:02:32+00:00
trackb_rev_CAH_20260605,,,,,,218.960007,201.0,,,,,,2.0875,pending,,2026-06-11T13:02:32+00:00
trackb_rev_CAH_20260608,,,,,,218.960007,201.0,,,,,,2.0875,pending,,2026-06-11T13:02:32+00:00
trackb_rev_CAL_20260610,,,,,,14.02,13.31,,,,,,-2.3478,pending,,2026-06-11T13:01:39+00:00
trackb_rev_CAR_20260603,186.830002,,,,,188.229996,169.149994,,,,,,-2.885,pending,,2026-06-11T13:02:31+00:00
trackb_rev_CAR_20260604,,,,,,188.229996,170.339996,,,,,,-2.2018,pending,,2026-06-11T13:02:31+00:00
trackb_rev_CAR_20260605,,,,,,188.229996,170.339996,,,,,,-2.2018,pending,,2026-06-11T13:02:31+00:00
trackb_rev_CAR_20260608,,,,,,188.229996,175.0,,,,,,0.4737,pending,,2026-06-11T13:02:31+00:00
trackb_rev_CAR_20260610,,,,,,188.100006,179.5,,,,,,0.2233,pending,,2026-06-11T13:02:31+00:00
trackb_rev_CCOI_20260603,14.46,,,,,17.950001,14.43,,,,,,-12.4393,pending,,2026-06-11T13:02:34+00:00
trackb_rev_CCOI_20260604,,,,,,17.950001,14.43,,,,,,-12.4393,pending,,2026-06-11T13:02:34+00:00
trackb_rev_CCOI_20260605,,,,,,17.950001,14.43,,,,,,-12.4393,pending,,2026-06-11T13:02:34+00:00
trackb_rev_CCOI_20260608,,,,,,17.950001,14.43,,,,,,-12.4393,pending,,2026-06-11T13:02:34+00:00
trackb_rev_CCS_20260610,,,,,,58.82,56.990002,,,,,,2.9258,pending,,2026-06-11T13:02:45+00:00
trackb_rev_CELH_20260610,,,,,,29.48,27.74,,,,,,-0.9286,pending,,2026-06-11T13:03:15+00:00
trackb_rev_CERT_20260609,,,,,,5.455,5.07,,,,,,-2.8736,pending,,2026-06-11T13:03:07+00:00
trackb_rev_CERT_20260611,,,,,,,,,,,,,,pending,,2026-06-11T13:03:07+00:00
trackb_rev_CHH_20260608,,,,,,110.540001,104.059998,,,,,,-5.2363,pending,,2026-06-11T13:02:53+00:00
trackb_rev_CHH_20260610,,,,,,109.57,104.059998,,,,,,-1.2901,pending,,2026-06-11T13:02:53+00:00
trackb_rev_CIEN_20260609,,,,,,467.600006,417.339996,,,,,,-10.5706,pending,,2026-06-11T13:00:41+00:00
trackb_rev_CLX_20260603,99.32,,,,,100.730003,88.150002,,,,,,-0.799,pending,,2026-06-11T13:02:34+00:00
trackb_rev_CLX_20260604,,,,,,100.730003,88.589996,,,,,,-0.3039,pending,,2026-06-11T13:02:34+00:00
trackb_rev_CLX_20260605,,,,,,100.730003,90.150002,,,,,,1.4517,pending,,2026-06-11T13:02:34+00:00
trackb_rev_CLX_20260608,,,,,,100.730003,92.779999,,,,,,4.4114,pending,,2026-06-11T13:02:34+00:00
trackb_rev_CMCO_20260610,,,,,,13.0,12.1,,,,,,-2.8892,pending,,2026-06-11T13:01:59+00:00
trackb_rev_COKE_20260608,,,,,,194.210007,176.389999,,,,,,-1.9565,pending,,2026-06-11T13:02:57+00:00
trackb_rev_COO_20260603,67.690002,,,,,69.0,59.59,,,,,,-0.8651,pending,,2026-06-11T13:02:43+00:00
trackb_rev_COO_20260604,,,,,,69.0,61.09,,,,,,1.6303,pending,,2026-06-11T13:02:43+00:00
trackb_rev_COO_20260605,,,,,,69.0,65.0,,,,,,8.1351,pending,,2026-06-11T13:02:43+00:00
trackb_rev_COO_20260608,,,,,,69.0,65.589996,,,,,,9.1166,pending,,2026-06-11T13:02:43+00:00
trackb_rev_COR_20260603,281.23999,,,,,282.970001,261.290009,,,,,,-0.6936,pending,,2026-06-11T13:02:45+00:00
trackb_rev_COR_20260604,,,,,,282.970001,266.720001,,,,,,1.3701,pending,,2026-06-11T13:02:45+00:00
trackb_rev_COR_20260605,,,,,,282.970001,270.640015,,,,,,2.86,pending,,2026-06-11T13:02:45+00:00
trackb_rev_COR_20260608,,,,,,282.970001,270.640015,,,,,,-1.5998,pending,,2026-06-11T13:02:45+00:00
trackb_rev_COR_20260610,,,,,,282.970001,279.070007,,,,,,1.8206,pending,,2026-06-11T13:02:45+00:00
trackb_rev_CTRN_20260610,,,,,,45.689999,43.34,,,,,,-0.5963,pending,,2026-06-11T13:03:16+00:00
trackb_rev_CTSH_20260603,51.810001,,,,,55.560001,51.580002,,,,,,-2.9539,pending,,2026-06-11T13:02:32+00:00
trackb_rev_CTSH_20260604,,,,,,55.560001,51.580002,,,,,,-2.9539,pending,,2026-06-11T13:02:32+00:00
trackb_rev_CTSH_20260605,,,,,,54.610001,51.580002,,,,,,-2.9539,pending,,2026-06-11T13:02:32+00:00
trackb_rev_CTSH_20260608,,,,,,54.369999,51.580002,,,,,,-2.9539,pending,,2026-06-11T13:02:32+00:00
trackb_rev_CURI_20260609,,,,,,2.99,2.65,,,,,,-6.6901,pending,,2026-06-11T13:01:16+00:00
trackb_rev_CURI_20260610,,,,,,2.81,2.65,,,,,,-6.6901,pending,,2026-06-11T13:01:16+00:00
trackb_rev_CWEN_20260611,,,,,,,,,,,,,,pending,,2026-06-11T13:01:12+00:00
trackb_rev_CWH_20260608,,,,,,7.59,6.48,,,,,,1.092,pending,,2026-06-11T13:02:54+00:00
trackb_rev_CWH_20260610,,,,,,7.59,7.06,,,,,,3.3675,pending,,2026-06-11T13:02:54+00:00
trackb_rev_DBI_20260611,,,,,,,,,,,,,,pending,,2026-06-11T13:00:38+00:00
trackb_rev_DEVS_20260611,,,,,,,,,,,,,,pending,,2026-06-11T13:01:51+00:00
trackb_rev_DFH_20260608,,,,,,15.346,14.215,,,,,,-2.637,pending,,2026-06-11T13:02:27+00:00
trackb_rev_DGX_20260603,203.779999,,,,,207.300003,192.380005,,,,,,-0.7419,pending,,2026-06-11T13:02:37+00:00
trackb_rev_DGX_20260604,,,,,,207.300003,194.990005,,,,,,0.6047,pending,,2026-06-11T13:02:37+00:00
trackb_rev_DGX_20260605,,,,,,207.300003,196.699997,,,,,,1.487,pending,,2026-06-11T13:02:37+00:00
trackb_rev_DGX_20260608,,,,,,207.300003,196.699997,,,,,,1.487,pending,,2026-06-11T13:02:37+00:00
trackb_rev_DHR_20260603,183.630005,,,,,189.210007,173.630005,,,,,,-1.7708,pending,,2026-06-11T13:02:34+00:00
trackb_rev_DHR_20260604,,,,,,189.210007,181.720001,,,,,,2.8061,pending,,2026-06-11T13:02:34+00:00
trackb_rev_DHR_20260605,,,,,,189.210007,183.199997,,,,,,3.6434,pending,,2026-06-11T13:02:34+00:00
trackb_rev_DHR_20260608,,,,,,189.210007,183.199997,,,,,,3.6434,pending,,2026-06-11T13:02:34+00:00
trackb_rev_DJT_20260609,,,,,,8.31,7.76,,,,,,-4.7853,pending,,2026-06-11T13:03:05+00:00
trackb_rev_DKS_20260609,,,,,,224.389999,213.550003,,,,,,0.0797,pending,,2026-06-11T13:03:06+00:00
trackb_rev_DRVN_20260608,,,,,,14.28,12.9,,,,,,-0.7692,pending,,2026-06-11T13:02:55+00:00
trackb_rev_DRVN_20260610,,,,,,14.28,13.155,,,,,,-2.3385,pending,,2026-06-11T13:02:55+00:00
trackb_rev_EAT_20260609,,,,,,154.550003,145.960007,,,,,,-0.1232,pending,,2026-06-11T13:03:06+00:00
trackb_rev_ECL_20260608,,,,,,265.160004,255.0,,,,,,-1.1513,pending,,2026-06-11T13:02:57+00:00
trackb_rev_EDHL_20260603,3.5,,,,,7.18,2.6,,,,,,-1.1407,pending,,2026-06-11T13:02:39+00:00
trackb_rev_EDHL_20260604,,,,,,7.18,3.1,,,,,,17.8707,pending,,2026-06-11T13:02:39+00:00
trackb_rev_EDHL_20260605,,,,,,4.92,3.1,,,,,,17.8707,pending,,2026-06-11T13:02:39+00:00
trackb_rev_EDHL_20260608,,,,,,4.2,3.1,,,,,,17.8707,pending,,2026-06-11T13:02:39+00:00
trackb_rev_EEIQ_20260610,,,,,,3.62,3.31,,,,,,-6.7606,pending,,2026-06-11T13:03:17+00:00
trackb_rev_EEIQ_20260611,,,,,,,,,,,,,,pending,,2026-06-11T13:03:17+00:00
trackb_rev_EFX_20260609,,,,,,172.0,164.759995,,,,,,-1.8643,pending,,2026-06-11T13:01:41+00:00
trackb_rev_EFX_20260611,,,,,,,,,,,,,,pending,,2026-06-11T13:01:41+00:00
trackb_rev_EMN_20260610,,,,,,73.919998,71.300003,,,,,,-0.5163,pending,,2026-06-11T13:01:46+00:00
trackb_rev_EPAM_20260603,93.040001,,,,,101.93,92.629997,,,,,,-4.7457,pending,,2026-06-11T13:02:35+00:00
trackb_rev_EPAM_20260604,,,,,,101.5,92.629997,,,,,,-4.7457,pending,,2026-06-11T13:02:35+00:00
trackb_rev_EPAM_20260605,,,,,,100.309998,92.629997,,,,,,-4.7457,pending,,2026-06-11T13:02:35+00:00
trackb_rev_EPAM_20260608,,,,,,99.150002,92.629997,,,,,,-4.7457,pending,,2026-06-11T13:02:35+00:00
trackb_rev_EPAM_20260609,,,,,,98.470001,92.629997,,,,,,-4.2287,pending,,2026-06-11T13:02:35+00:00
trackb_rev_EPAM_20260611,,,,,,,,,,,,,,pending,,2026-06-11T13:02:35+00:00
trackb_rev_EPC_20260610,,,,,,21.65,20.4,,,,,,0.5917,pending,,2026-06-11T13:03:18+00:00
trackb_rev_ETD_20260603,21.35,,,,,21.719999,20.26,,,,,,-1.0259,pending,,2026-06-11T13:02:37+00:00
trackb_rev_ETD_20260604,,,,,,21.719999,20.32,,,,,,-0.7328,pending,,2026-06-11T13:02:37+00:00
trackb_rev_ETD_20260605,,,,,,21.719999,20.32,,,,,,-0.7328,pending,,2026-06-11T13:02:37+00:00
trackb_rev_ETD_20260608,,,,,,21.719999,20.32,,,,,,-0.7328,pending,,2026-06-11T13:02:37+00:00
trackb_rev_ETD_20260610,,,,,,21.719999,21.24,,,,,,2.6583,pending,,2026-06-11T13:02:37+00:00
trackb_rev_EU_20260610,,,,,,1.35,1.27,,,,,,-5.9259,pending,,2026-06-11T13:03:18+00:00
trackb_rev_EVLV_20260608,,,,,,6.215,5.775,,,,,,-2.2843,pending,,2026-06-11T13:02:57+00:00
trackb_rev_EVLV_20260609,,,,,,6.215,5.81,,,,,,-0.1718,pending,,2026-06-11T13:02:57+00:00
trackb_rev_EVLV_20260610,,,,,,6.1,5.81,,,,,,-0.1718,pending,,2026-06-11T13:02:57+00:00
trackb_rev_EVLV_20260611,,,,,,,,,,,,,,pending,,2026-06-11T13:02:57+00:00
trackb_rev_EVTV_20260603,1.69,,,,,2.03,1.64,,,,,,-15.8974,pending,,2026-06-11T13:02:39+00:00
trackb_rev_EVTV_20260604,,,,,,1.93,1.64,,,,,,-15.8974,pending,,2026-06-11T13:02:39+00:00
trackb_rev_EVTV_20260605,,,,,,1.88,1.64,,,,,,-15.8974,pending,,2026-06-11T13:02:39+00:00
trackb_rev_EXC_20260603,45.610001,,,,,46.130001,44.150002,,,,,,-3.7917,pending,,2026-06-11T13:02:43+00:00
trackb_rev_EXC_20260604,,,,,,46.029999,44.150002,,,,,,-3.7917,pending,,2026-06-11T13:02:43+00:00
trackb_rev_EXC_20260605,,,,,,46.029999,44.599998,,,,,,-2.8111,pending,,2026-06-11T13:02:43+00:00
trackb_rev_EXC_20260608,,,,,,45.84,44.599998,,,,,,-2.8111,pending,,2026-06-11T13:02:43+00:00
trackb_rev_EXC_20260609,,,,,,45.84,44.599998,,,,,,-0.4464,pending,,2026-06-11T13:02:43+00:00
trackb_rev_EXLS_20260611,,,,,,,,,,,,,,pending,,2026-06-11T13:03:31+00:00
trackb_rev_EXPE_20260611,,,,,,,,,,,,,,pending,,2026-06-11T13:03:29+00:00
trackb_rev_FE_20260603,46.43,,,,,46.75,45.09,,,,,,-2.1059,pending,,2026-06-11T13:02:38+00:00
trackb_rev_FE_20260604,,,,,,46.75,45.09,,,,,,-2.1059,pending,,2026-06-11T13:02:38+00:00
trackb_rev_FE_20260605,,,,,,46.75,45.509998,,,,,,-1.1941,pending,,2026-06-11T13:02:38+00:00
trackb_rev_FE_20260608,,,,,,46.580002,45.509998,,,,,,-1.9604,pending,,2026-06-11T13:02:38+00:00
trackb_rev_FISV_20260603,53.279999,,,,,57.02,52.400002,,,,,,-1.2253,pending,,2026-06-11T13:02:44+00:00
trackb_rev_FISV_20260604,,,,,,57.02,52.400002,,,,,,-1.2253,pending,,2026-06-11T13:02:44+00:00
trackb_rev_FISV_20260605,,,,,,55.830002,52.400002,,,,,,-1.2253,pending,,2026-06-11T13:02:44+00:00
trackb_rev_FISV_20260608,,,,,,54.389999,52.400002,,,,,,-3.7296,pending,,2026-06-11T13:02:44+00:00
trackb_rev_FLS_20260610,,,,,,76.720001,72.809998,,,,,,-2.7384,pending,,2026-06-11T13:00:58+00:00
trackb_rev_FLUT_20260608,,,,,,119.440002,98.934998,,,,,,-1.5474,pending,,2026-06-11T13:02:57+00:00
trackb_rev_FLUT_20260609,,,,,,119.440002,104.639999,,,,,,-0.2954,pending,,2026-06-11T13:02:57+00:00
trackb_rev_FLY_20260610,,,,,,35.349998,32.669998,,,,,,-9.7015,pending,,2026-06-11T13:03:15+00:00
trackb_rev_FOSL_20260611,,,,,,,,,,,,,,pending,,2026-06-11T13:03:31+00:00
trackb_rev_FRPT_20260609,,,,,,53.459999,50.438999,,,,,,-1.8697,pending,,2026-06-11T13:03:10+00:00
trackb_rev_FRPT_20260610,,,,,,52.029999,50.438999,,,,,,-1.8697,pending,,2026-06-11T13:03:10+00:00
trackb_rev_FSP_20260609,,,,,,0.68,0.61,,,,,,-3.1746,pending,,2026-06-11T13:03:09+00:00
trackb_rev_FUBO_20260609,,,,,,10.52,9.495,,,,,,-2.1134,pending,,2026-06-11T13:03:08+00:00
trackb_rev_FUBO_20260611,,,,,,,,,,,,,,pending,,2026-06-11T13:03:08+00:00
trackb_rev_FUL_20260610,,,,,,62.779999,61.189999,,,,,,1.9324,pending,,2026-06-11T13:02:19+00:00
trackb_rev_FWRD_20260609,,,,,,12.29,10.6,,,,,,-7.8261,pending,,2026-06-11T13:03:09+00:00
trackb_rev_GAP_20260608,,,,,,22.01,21.08,,,,,,-2.2263,pending,,2026-06-11T13:02:54+00:00
trackb_rev_GAP_20260610,,,,,,21.719999,21.08,,,,,,-0.9864,pending,,2026-06-11T13:02:54+00:00
trackb_rev_GEHC_20260603,63.759998,,,,,66.410004,60.73,,,,,,-1.3883,pending,,2026-06-11T13:02:37+00:00
trackb_rev_GEHC_20260604,,,,,,66.410004,62.509998,,,,,,1.502,pending,,2026-06-11T13:02:37+00:00
trackb_rev_GEHC_20260605,,,,,,66.410004,63.580002,,,,,,3.2394,pending,,2026-06-11T13:02:37+00:00
trackb_rev_GEHC_20260608,,,,,,66.410004,63.735001,,,,,,3.4911,pending,,2026-06-11T13:02:37+00:00
trackb_rev_GIPR_20260603,0.204,,,,,0.22,0.18,,,,,,-13.5862,pending,,2026-06-11T13:02:40+00:00
trackb_rev_GIPR_20260604,,,,,,0.22,0.18,,,,,,-13.5862,pending,,2026-06-11T13:02:40+00:00
trackb_rev_GIPR_20260605,,,,,,0.21,0.182,,,,,,-12.626,pending,,2026-06-11T13:02:40+00:00
trackb_rev_GIPR_20260608,,,,,,0.21,0.19,,,,,,-8.7854,pending,,2026-06-11T13:02:40+00:00
trackb_rev_GMED_20260603,80.860001,,,,,83.169998,77.410004,,,,,,-0.7946,pending,,2026-06-11T13:02:44+00:00
trackb_rev_GMED_20260604,,,,,,83.169998,78.279999,,,,,,0.3204,pending,,2026-06-11T13:02:44+00:00
trackb_rev_GMED_20260605,,,,,,83.169998,78.279999,,,,,,0.3204,pending,,2026-06-11T13:02:44+00:00
trackb_rev_GMED_20260608,,,,,,83.169998,78.279999,,,,,,0.3204,pending,,2026-06-11T13:02:44+00:00
trackb_rev_GMED_20260610,,,,,,83.169998,80.459999,,,,,,2.7586,pending,,2026-06-11T13:02:44+00:00
trackb_rev_GOLF_20260609,,,,,,94.919998,91.440002,,,,,,1.0164,pending,,2026-06-11T13:03:08+00:00
trackb_rev_GOLF_20260610,,,,,,94.919998,92.410004,,,,,,2.0879,pending,,2026-06-11T13:03:08+00:00
trackb_rev_GPC_20260611,,,,,,,,,,,,,,pending,,2026-06-11T13:03:32+00:00
trackb_rev_GT_20260609,,,,,,6.04,5.79,,,,,,-0.1724,pending,,2026-06-11T13:03:10+00:00
trackb_rev_GT_20260610,,,,,,6.04,5.79,,,,,,-0.1724,pending,,2026-06-11T13:03:10+00:00
trackb_rev_GT_20260611,,,,,,,,,,,,,,pending,,2026-06-11T13:03:10+00:00
trackb_rev_GWRS_20260603,7.06,,,,,7.42,7.02,,,,,,-0.7072,pending,,2026-06-11T13:02:39+00:00
trackb_rev_GWRS_20260604,,,,,,7.42,7.02,,,,,,-0.7072,pending,,2026-06-11T13:02:39+00:00
trackb_rev_GWRS_20260605,,,,,,7.42,7.02,,,,,,-0.7072,pending,,2026-06-11T13:02:39+00:00
trackb_rev_GWRS_20260608,,,,,,7.27,7.02,,,,,,-0.7072,pending,,2026-06-11T13:02:39+00:00
trackb_rev_GWRS_20260609,,,,,,7.17,7.03,,,,,,-0.2837,pending,,2026-06-11T13:02:39+00:00
trackb_rev_GWRS_20260611,,,,,,,,,,,,,,pending,,2026-06-11T13:02:39+00:00
trackb_rev_GXO_20260611,,,,,,,,,,,,,,pending,,2026-06-11T13:03:30+00:00
trackb_rev_HFFG_20260603,1.91,,,,,1.94,1.815,,,,,,-1.8919,pending,,2026-06-11T13:02:41+00:00
trackb_rev_HFFG_20260604,,,,,,1.94,1.82,,,,,,-1.6216,pending,,2026-06-11T13:02:41+00:00
trackb_rev_HFFG_20260605,,,,,,1.94,1.82,,,,,,-1.6216,pending,,2026-06-11T13:02:41+00:00
trackb_rev_HFFG_20260608,,,,,,1.94,1.82,,,,,,-1.6216,pending,,2026-06-11T13:02:41+00:00
trackb_rev_HNST_20260610,,,,,,3.55,3.37,,,,,,-0.0,pending,,2026-06-11T13:03:17+00:00
trackb_rev_HON_20260609,,,,,,216.210007,205.520004,,,,,,-2.9651,pending,,2026-06-11T13:01:39+00:00
trackb_rev_HOV_20260609,,,,,,115.279999,108.730003,,,,,,0.6666,pending,,2026-06-11T13:01:25+00:00
trackb_rev_HOV_20260610,,,,,,114.669998,111.25,,,,,,2.9997,pending,,2026-06-11T13:01:25+00:00
trackb_rev_HROW_20260608,,,,,,37.639999,32.779999,,,,,,-1.2353,pending,,2026-06-11T13:02:57+00:00
trackb_rev_HROW_20260609,,,,,,37.639999,33.09,,,,,,-0.0302,pending,,2026-06-11T13:02:57+00:00
trackb_rev_HROW_20260610,,,,,,37.639999,33.09,,,,,,-0.0302,pending,,2026-06-11T13:02:57+00:00
trackb_rev_HTFL_20260608,,,,,,30.42,27.98,,,,,,-0.427,pending,,2026-06-11T13:02:57+00:00
trackb_rev_HTFL_20260609,,,,,,30.42,27.98,,,,,,-1.652,pending,,2026-06-11T13:02:57+00:00
trackb_rev_HTFL_20260611,,,,,,,,,,,,,,pending,,2026-06-11T13:02:57+00:00
trackb_rev_HUBS_20260611,,,,,,,,,,,,,,pending,,2026-06-11T13:02:15+00:00
trackb_rev_IAUX_20260610,,,,,,1.41,1.36,,,,,,-2.8571,pending,,2026-06-11T13:01:34+00:00
trackb_rev_IDXX_20260603,556.940002,,,,,581.469971,547.570007,,,,,,-2.0246,pending,,2026-06-11T13:02:44+00:00
trackb_rev_IDXX_20260604,,,,,,581.469971,555.0,,,,,,-0.6951,pending,,2026-06-11T13:02:44+00:00
trackb_rev_IDXX_20260605,,,,,,581.469971,555.0,,,,,,-0.6951,pending,,2026-06-11T13:02:44+00:00
trackb_rev_IMKTA_20260603,93.610001,,,,,94.510002,85.690002,,,,,,-4.4278,pending,,2026-06-11T13:02:42+00:00
trackb_rev_IMKTA_20260604,,,,,,94.510002,85.690002,,,,,,-4.4278,pending,,2026-06-11T13:02:42+00:00
trackb_rev_IMKTA_20260605,,,,,,94.510002,87.5,,,,,,-2.4091,pending,,2026-06-11T13:02:42+00:00
trackb_rev_IMKTA_20260608,,,,,,94.510002,90.739998,,,,,,1.2045,pending,,2026-06-11T13:02:42+00:00
trackb_rev_IPAR_20260603,98.360001,,,,,99.5,87.709999,,,,,,-2.685,pending,,2026-06-11T13:02:43+00:00
trackb_rev_IPAR_20260604,,,,,,99.5,87.879997,,,,,,-2.4964,pending,,2026-06-11T13:02:43+00:00
trackb_rev_IPAR_20260605,,,,,,99.5,88.669998,,,,,,-1.6199,pending,,2026-06-11T13:02:43+00:00
trackb_rev_IPAR_20260608,,,,,,99.5,91.269997,,,,,,-0.0,pending,,2026-06-11T13:02:43+00:00
trackb_rev_IPAR_20260609,,,,,,99.5,92.760002,,,,,,0.4005,pending,,2026-06-11T13:02:43+00:00
trackb_rev_IPAR_20260610,,,,,,99.5,95.709999,,,,,,3.5935,pending,,2026-06-11T13:02:43+00:00
trackb_rev_IPGP_20260610,,,,,,109.0,101.449997,,,,,,-8.8254,pending,,2026-06-11T13:01:03+00:00
trackb_rev_ITRI_20260610,,,,,,82.220001,78.5,,,,,,-4.0342,pending,,2026-06-11T13:03:16+00:00
trackb_rev_IVDA_20260609,,,,,,0.31,0.27,,,,,,-6.8965,pending,,2026-06-11T13:03:09+00:00
trackb_rev_IVDA_20260610,,,,,,0.3,0.27,,,,,,-6.8965,pending,,2026-06-11T13:03:09+00:00
trackb_rev_IVDA_20260611,,,,,,,,,,,,,,pending,,2026-06-11T13:03:09+00:00
trackb_rev_JBLU_20260609,,,,,,4.95,4.6,,,,,,-3.3613,pending,,2026-06-11T13:03:06+00:00
trackb_rev_JFB_20260608,,,,,,5.8,5.03,,,,,,-9.6948,pending,,2026-06-11T13:02:55+00:00
trackb_rev_JJSF_20260611,,,,,,,,,,,,,,pending,,2026-06-11T13:03:30+00:00
trackb_rev_JNJ_20260603,238.490005,,,,,240.929993,222.0,,,,,,-1.1268,pending,,2026-06-11T13:02:38+00:00
trackb_rev_JNJ_20260604,,,,,,240.929993,225.899994,,,,,,0.6102,pending,,2026-06-11T13:02:38+00:00
trackb_rev_JNJ_20260605,,,,,,240.929993,229.0,,,,,,1.9908,pending,,2026-06-11T13:02:38+00:00
trackb_rev_J_20260609,,,,,,126.870003,120.339996,,,,,,0.3168,pending,,2026-06-11T13:03:06+00:00
trackb_rev_J_20260610,,,,,,126.870003,121.75,,,,,,1.4922,pending,,2026-06-11T13:03:06+00:00
trackb_rev_KTB_20260608,,,,,,78.949997,71.620003,,,,,,2.2121,pending,,2026-06-11T13:02:53+00:00
trackb_rev_KTB_20260609,,,,,,78.949997,73.040001,,,,,,1.0934,pending,,2026-06-11T13:02:53+00:00
trackb_rev_KTOS_20260603,54.82,,,,,63.59,53.310001,,,,,,-9.6364,pending,,2026-06-11T13:02:35+00:00
trackb_rev_KTOS_20260604,,,,,,63.59,53.310001,,,,,,-9.6364,pending,,2026-06-11T13:02:35+00:00
trackb_rev_KTOS_20260605,,,,,,62.099998,53.310001,,,,,,-9.6364,pending,,2026-06-11T13:02:35+00:00
trackb_rev_KTOS_20260608,,,,,,59.75,53.310001,,,,,,-9.6364,pending,,2026-06-11T13:02:35+00:00
trackb_rev_LEG_20260608,,,,,,10.51,9.84,,,,,,-1.6983,pending,,2026-06-11T13:02:54+00:00
trackb_rev_LE_20260609,,,,,,12.375,10.51,,,,,,-6.2444,pending,,2026-06-11T13:03:07+00:00
trackb_rev_LHX_20260603,303.0,,,,,311.459991,299.390015,,,,,,-2.7418,pending,,2026-06-11T13:02:37+00:00
trackb_rev_LHX_20260604,,,,,,311.459991,299.390015,,,,,,-2.7418,pending,,2026-06-11T13:02:37+00:00
trackb_rev_LHX_20260605,,,,,,311.459991,299.390015,,,,,,-2.7418,pending,,2026-06-11T13:02:37+00:00
trackb_rev_LHX_20260608,,,,,,310.0,299.390015,,,,,,-2.7418,pending,,2026-06-11T13:02:37+00:00
trackb_rev_LILAK_20260603,7.88,,,,,8.05,7.47,,,,,,-3.4884,pending,,2026-06-11T13:02:41+00:00
trackb_rev_LILAK_20260604,,,,,,8.05,7.47,,,,,,-3.4884,pending,,2026-06-11T13:02:41+00:00
trackb_rev_LILAK_20260605,,,,,,7.92,7.47,,,,,,-3.4884,pending,,2026-06-11T13:02:41+00:00
trackb_rev_LILAK_20260608,,,,,,7.92,7.58,,,,,,-2.0672,pending,,2026-06-11T13:02:41+00:00
trackb_rev_LMND_20260603,55.860001,,,,,60.799999,50.25,,,,,,-4.3404,pending,,2026-06-11T13:02:34+00:00
trackb_rev_LMND_20260604,,,,,,60.799999,50.25,,,,,,-4.3404,pending,,2026-06-11T13:02:34+00:00
trackb_rev_LMND_20260605,,,,,,60.799999,50.25,,,,,,-4.3404,pending,,2026-06-11T13:02:34+00:00
trackb_rev_LMND_20260608,,,,,,60.799999,50.25,,,,,,-2.3513,pending,,2026-06-11T13:02:34+00:00
trackb_rev_LMT_20260603,525.02002,,,,,535.200012,510.540009,,,,,,-2.5036,pending,,2026-06-11T13:02:33+00:00
trackb_rev_LMT_20260604,,,,,,535.200012,514.140015,,,,,,-1.8161,pending,,2026-06-11T13:02:33+00:00
trackb_rev_LMT_20260605,,,,,,535.200012,516.849976,,,,,,-1.2986,pending,,2026-06-11T13:02:33+00:00
trackb_rev_LMT_20260608,,,,,,535.200012,516.849976,,,,,,-1.2986,pending,,2026-06-11T13:02:33+00:00
trackb_rev_LOCL_20260603,1.39,,,,,1.65,1.31,,,,,,-17.0834,pending,,2026-06-11T13:02:40+00:00
trackb_rev_LOCL_20260604,,,,,,1.58,1.31,,,,,,-17.0834,pending,,2026-06-11T13:02:40+00:00
trackb_rev_LOCL_20260605,,,,,,1.53,1.31,,,,,,-17.0834,pending,,2026-06-11T13:02:40+00:00
trackb_rev_LOCL_20260608,,,,,,1.505,1.31,,,,,,-17.0834,pending,,2026-06-11T13:02:40+00:00
trackb_rev_LZ_20260608,,,,,,5.945,5.53,,,,,,-3.6585,pending,,2026-06-11T13:02:55+00:00
trackb_rev_MBC_20260608,,,,,,9.175,8.4,,,,,,-0.7092,pending,,2026-06-11T13:02:53+00:00
trackb_rev_MEDP_20260603,465.730011,,,,,478.0,434.380005,,,,,,-1.0794,pending,,2026-06-11T13:02:32+00:00
trackb_rev_MEDP_20260604,,,,,,478.0,442.950012,,,,,,0.8722,pending,,2026-06-11T13:02:32+00:00
trackb_rev_MEDP_20260605,,,,,,478.0,442.950012,,,,,,0.8722,pending,,2026-06-11T13:02:32+00:00
trackb_rev_MH_20260603,12.8,,,,,13.19,11.36,,,,,,-1.5171,pending,,2026-06-11T13:02:37+00:00
trackb_rev_MH_20260604,,,,,,13.19,11.64,,,,,,0.9103,pending,,2026-06-11T13:02:37+00:00
trackb_rev_MH_20260605,,,,,,13.19,11.79,,,,,,2.2107,pending,,2026-06-11T13:02:37+00:00
trackb_rev_MH_20260608,,,,,,13.19,11.79,,,,,,2.2107,pending,,2026-06-11T13:02:37+00:00
trackb_rev_MH_20260609,,,,,,13.19,11.79,,,,,,-1.0076,pending,,2026-06-11T13:02:37+00:00
trackb_rev_MIRA_20260609,,,,,,1.02,0.961,,,,,,-3.9,pending,,2026-06-11T13:03:08+00:00
trackb_rev_MIRA_20260610,,,,,,1.0,0.961,,,,,,-3.9,pending,,2026-06-11T13:03:08+00:00
trackb_rev_MLKN_20260608,,,,,,15.35,14.42,,,,,,-2.4357,pending,,2026-06-11T13:02:54+00:00
trackb_rev_MLKN_20260609,,,,,,15.35,14.66,,,,,,0.9642,pending,,2026-06-11T13:02:54+00:00
trackb_rev_MLM_20260611,,,,,,,,,,,,,,pending,,2026-06-11T13:03:30+00:00
trackb_rev_MMSI_20260603,66.989998,,,,,68.040001,60.02,,,,,,-1.0061,pending,,2026-06-11T13:02:36+00:00
trackb_rev_MMSI_20260604,,,,,,68.040001,61.880001,,,,,,2.0617,pending,,2026-06-11T13:02:36+00:00
trackb_rev_MMSI_20260605,,,,,,68.040001,63.169998,,,,,,4.1893,pending,,2026-06-11T13:02:36+00:00
trackb_rev_MMSI_20260608,,,,,,68.040001,64.040001,,,,,,5.6243,pending,,2026-06-11T13:02:36+00:00
trackb_rev_MOS_20260603,19.82,,,,,23.969999,19.799999,,,,,,-16.4557,pending,,2026-06-11T13:02:42+00:00
trackb_rev_MOS_20260604,,,,,,23.1,19.799999,,,,,,-16.4557,pending,,2026-06-11T13:02:42+00:00
trackb_rev_MOS_20260605,,,,,,22.85,19.799999,,,,,,-16.4557,pending,,2026-06-11T13:02:42+00:00
trackb_rev_MOS_20260608,,,,,,22.23,19.799999,,,,,,-10.9712,pending,,2026-06-11T13:02:42+00:00
trackb_rev_MOS_20260610,,,,,,21.48,19.799999,,,,,,-7.3901,pending,,2026-06-11T13:02:42+00:00
trackb_rev_MP_20260610,,,,,,56.220001,53.290001,,,,,,-7.4505,pending,,2026-06-11T13:01:59+00:00
trackb_rev_MP_20260611,,,,,,,,,,,,,,pending,,2026-06-11T13:01:59+00:00
trackb_rev_MRK_20260603,119.089996,,,,,123.459999,114.699997,,,,,,-1.1292,pending,,2026-06-11T13:02:32+00:00
trackb_rev_MRK_20260604,,,,,,123.459999,117.089996,,,,,,0.931,pending,,2026-06-11T13:02:32+00:00
trackb_rev_MRK_20260605,,,,,,123.459999,117.260002,,,,,,1.0775,pending,,2026-06-11T13:02:32+00:00
trackb_rev_MRK_20260608,,,,,,122.599998,117.260002,,,,,,1.0775,pending,,2026-06-11T13:02:32+00:00
trackb_rev_MSFT_20260611,,,,,,,,,,,,,,pending,,2026-06-11T13:03:29+00:00
trackb_rev_MTD_20260609,,,,,,1169.310059,1127.949951,,,,,,-0.9597,pending,,2026-06-11T13:03:06+00:00
trackb_rev_NB_20260609,,,,,,5.32,4.765,,,,,,-4.509,pending,,2026-06-11T13:01:29+00:00
trackb_rev_NB_20260611,,,,,,,,,,,,,,pending,,2026-06-11T13:01:29+00:00
trackb_rev_NCLH_20260603,17.92,,,,,19.559999,17.74,,,,,,-3.2452,pending,,2026-06-11T13:02:38+00:00
trackb_rev_NCLH_20260604,,,,,,19.559999,17.74,,,,,,-3.2452,pending,,2026-06-11T13:02:38+00:00
trackb_rev_NCLH_20260605,,,,,,19.559999,17.74,,,,,,-3.2452,pending,,2026-06-11T13:02:38+00:00
trackb_rev_NKE_20260603,43.959999,,,,,45.279999,42.650002,,,,,,-1.7718,pending,,2026-06-11T13:02:35+00:00
trackb_rev_NKE_20260604,,,,,,45.279999,42.650002,,,,,,-1.7718,pending,,2026-06-11T13:02:35+00:00
trackb_rev_NKE_20260605,,,,,,45.279999,42.650002,,,,,,-1.7718,pending,,2026-06-11T13:02:35+00:00
trackb_rev_NKE_20260608,,,,,,45.279999,42.650002,,,,,,-0.7678,pending,,2026-06-11T13:02:35+00:00
trackb_rev_NKE_20260610,,,,,,44.580002,43.310001,,,,,,0.1851,pending,,2026-06-11T13:02:35+00:00
trackb_rev_NLOP_20260609,,,,,,12.19,11.78,,,,,,-1.0084,pending,,2026-06-11T13:03:09+00:00
trackb_rev_NLOP_20260610,,,,,,12.09,11.8,,,,,,-0.8403,pending,,2026-06-11T13:03:09+00:00
trackb_rev_NLOP_20260611,,,,,,,,,,,,,,pending,,2026-06-11T13:03:09+00:00
trackb_rev_NTGR_20260610,,,,,,24.799999,23.9,,,,,,-5.1587,pending,,2026-06-11T13:01:57+00:00
trackb_rev_NXT_20260611,,,,,,,,,,,,,,pending,,2026-06-11T13:02:13+00:00
trackb_rev_OLLI_20260603,78.300003,,,,,82.167999,73.610001,,,,,,-7.8377,pending,,2026-06-11T13:02:40+00:00
trackb_rev_OLLI_20260604,,,,,,81.089996,73.610001,,,,,,-7.8377,pending,,2026-06-11T13:02:40+00:00
trackb_rev_OLLI_20260605,,,,,,81.089996,74.989998,,,,,,-6.1099,pending,,2026-06-11T13:02:40+00:00
trackb_rev_OLLI_20260608,,,,,,81.089996,76.699997,,,,,,-3.969,pending,,2026-06-11T13:02:40+00:00
trackb_rev_ONDS_20260611,,,,,,,,,,,,,,pending,,2026-06-11T13:01:23+00:00
trackb_rev_ONT_20260611,,,,,,,,,,,,,,pending,,2026-06-11T13:03:30+00:00
trackb_rev_OPAL_20260610,,,,,,2.04,1.94,,,,,,-9.1335,pending,,2026-06-11T13:01:58+00:00
trackb_rev_OPCH_20260603,21.379999,,,,,21.709999,19.870001,,,,,,-1.9975,pending,,2026-06-11T13:02:36+00:00
trackb_rev_OPCH_20260604,,,,,,21.709999,19.870001,,,,,,-1.9975,pending,,2026-06-11T13:02:36+00:00
trackb_rev_OPCH_20260605,,,,,,21.709999,19.870001,,,,,,-1.9975,pending,,2026-06-11T13:02:36+00:00
trackb_rev_OPCH_20260608,,,,,,21.709999,19.870001,,,,,,-1.9975,pending,,2026-06-11T13:02:36+00:00
trackb_rev_OPCH_20260609,,,,,,21.709999,20.33,,,,,,1.245,pending,,2026-06-11T13:02:36+00:00
trackb_rev_OPEN_20260609,,,,,,4.77,4.08,,,,,,-5.3364,pending,,2026-06-11T13:01:44+00:00
trackb_rev_ORBS_20260603,0.89,,,,,1.04,0.84,,,,,,-11.3924,pending,,2026-06-11T13:02:41+00:00
trackb_rev_ORBS_20260604,,,,,,1.04,0.84,,,,,,-11.3924,pending,,2026-06-11T13:02:41+00:00
trackb_rev_ORBS_20260605,,,,,,1.04,0.84,,,,,,-11.3924,pending,,2026-06-11T13:02:41+00:00
trackb_rev_ORBS_20260608,,,,,,1.04,0.864,,,,,,-8.8608,pending,,2026-06-11T13:02:41+00:00
trackb_rev_ORBS_20260610,,,,,,0.988,0.89,,,,,,1.9473,pending,,2026-06-11T13:02:41+00:00
trackb_rev_ORGN_20260603,1.22,,,,,1.44,1.161,,,,,,-12.7068,pending,,2026-06-11T13:02:40+00:00
trackb_rev_ORGN_20260604,,,,,,1.44,1.161,,,,,,-12.7068,pending,,2026-06-11T13:02:40+00:00
trackb_rev_ORGN_20260605,,,,,,1.37,1.161,,,,,,-12.7068,pending,,2026-06-11T13:02:40+00:00
trackb_rev_ORGN_20260608,,,,,,1.33,1.161,,,,,,-11.374,pending,,2026-06-11T13:02:40+00:00
trackb_rev_ORGN_20260609,,,,,,1.32,1.161,,,,,,-9.2969,pending,,2026-06-11T13:02:40+00:00
trackb_rev_OSK_20260611,,,,,,,,,,,,,,pending,,2026-06-11T13:03:29+00:00
trackb_rev_PAL_20260610,,,,,,8.15,7.58,,,,,,5.8659,pending,,2026-06-11T13:03:17+00:00
trackb_rev_PESI_20260611,,,,,,,,,,,,,,pending,,2026-06-11T13:03:31+00:00
trackb_rev_PHM_20260608,,,,,,123.410004,117.010002,,,,,,-1.174,pending,,2026-06-11T13:02:53+00:00
trackb_rev_PHM_20260610,,,,,,122.470001,118.059998,,,,,,0.2973,pending,,2026-06-11T13:02:53+00:00
trackb_rev_PLNT_20260608,,,,,,52.305,49.59,,,,,,-2.1507,pending,,2026-06-11T13:02:56+00:00
trackb_rev_PLNT_20260610,,,,,,51.685001,50.310001,,,,,,-0.8279,pending,,2026-06-11T13:02:56+00:00
trackb_rev_PLTR_20260609,,,,,,136.990005,127.349998,,,,,,-6.6828,pending,,2026-06-11T13:03:05+00:00
trackb_rev_PL_20260609,,,,,,34.369999,29.32,,,,,,-10.4459,pending,,2026-06-11T13:02:07+00:00
trackb_rev_PL_20260610,,,,,,31.799999,30.200001,,,,,,-7.7581,pending,,2026-06-11T13:02:07+00:00
trackb_rev_POOL_20260611,,,,,,,,,,,,,,pending,,2026-06-11T13:03:30+00:00
trackb_rev_PRIM_20260608,,,,,,125.959999,93.269997,,,,,,-23.4488,pending,,2026-06-11T13:02:53+00:00
trackb_rev_PRIM_20260609,,,,,,119.639999,93.269997,,,,,,-24.0596,pending,,2026-06-11T13:02:53+00:00
trackb_rev_PRIM_20260610,,,,,,104.010002,93.269997,,,,,,-24.0596,pending,,2026-06-11T13:02:53+00:00
trackb_rev_PVH_20260608,,,,,,82.0,75.370003,,,,,,-3.1234,pending,,2026-06-11T13:01:00+00:00
trackb_rev_PVH_20260609,,,,,,82.0,76.209999,,,,,,-0.7682,pending,,2026-06-11T13:01:00+00:00
trackb_rev_PVH_20260611,,,,,,,,,,,,,,pending,,2026-06-11T13:01:00+00:00
trackb_rev_QNST_20260609,,,,,,12.69,11.8,,,,,,-0.5059,pending,,2026-06-11T13:03:10+00:00
trackb_rev_QNST_20260610,,,,,,12.69,12.01,,,,,,1.2648,pending,,2026-06-11T13:03:10+00:00
trackb_rev_QUBT_20260611,,,,,,,,,,,,,,pending,,2026-06-11T13:03:28+00:00
trackb_rev_RBLX_20260603,41.5,,,,,45.049999,40.950001,,,,,,-5.0215,pending,,2026-06-11T13:02:33+00:00
trackb_rev_RBLX_20260604,,,,,,45.049999,40.950001,,,,,,-5.0215,pending,,2026-06-11T13:02:33+00:00
trackb_rev_RBLX_20260605,,,,,,44.57,40.950001,,,,,,-5.0215,pending,,2026-06-11T13:02:33+00:00
trackb_rev_RBLX_20260608,,,,,,44.57,40.950001,,,,,,-5.0215,pending,,2026-06-11T13:02:33+00:00
trackb_rev_RBLX_20260610,,,,,,43.150002,41.404999,,,,,,-2.1158,pending,,2026-06-11T13:02:33+00:00
trackb_rev_RIME_20260603,0.68,,,,,0.77,0.65,,,,,,-9.496,pending,,2026-06-11T13:02:41+00:00
trackb_rev_RIME_20260604,,,,,,0.77,0.65,,,,,,-9.496,pending,,2026-06-11T13:02:41+00:00
trackb_rev_RIME_20260605,,,,,,0.77,0.65,,,,,,-9.496,pending,,2026-06-11T13:02:41+00:00
trackb_rev_RIME_20260608,,,,,,0.74,0.65,,,,,,-2.9851,pending,,2026-06-11T13:02:41+00:00
trackb_rev_RIME_20260610,,,,,,0.72,0.65,,,,,,-4.4118,pending,,2026-06-11T13:02:41+00:00
trackb_rev_RLI_20260603,53.939999,,,,,54.200001,49.919998,,,,,,-1.5967,pending,,2026-06-11T13:02:33+00:00
trackb_rev_RLI_20260604,,,,,,54.200001,50.25,,,,,,-0.9462,pending,,2026-06-11T13:02:33+00:00
trackb_rev_RLI_20260605,,,,,,54.200001,50.830002,,,,,,0.1971,pending,,2026-06-11T13:02:33+00:00
trackb_rev_RLI_20260608,,,,,,54.200001,51.560001,,,,,,1.6361,pending,,2026-06-11T13:02:33+00:00
trackb_rev_ROCK_20260610,,,,,,39.360001,37.119999,,,,,,-3.3082,pending,,2026-06-11T13:03:16+00:00
trackb_rev_ROP_20260611,,,,,,,,,,,,,,pending,,2026-06-11T13:03:31+00:00
trackb_rev_RUN_20260609,,,,,,13.625,11.7,,,,,,-13.0758,pending,,2026-06-11T13:03:05+00:00
trackb_rev_RUN_20260610,,,,,,12.39,11.7,,,,,,-13.0758,pending,,2026-06-11T13:03:05+00:00
trackb_rev_RVLV_20260608,,,,,,21.290001,18.795,,,,,,-0.4502,pending,,2026-06-11T13:02:55+00:00
trackb_rev_RVLV_20260609,,,,,,21.290001,19.6,,,,,,0.3071,pending,,2026-06-11T13:02:55+00:00
trackb_rev_RVLV_20260610,,,,,,21.290001,20.039,,,,,,2.5537,pending,,2026-06-11T13:02:55+00:00
trackb_rev_RYAN_20260603,34.669998,,,,,35.360001,30.67,,,,,,-2.5421,pending,,2026-06-11T13:02:35+00:00
trackb_rev_RYAN_20260604,,,,,,35.360001,31.17,,,,,,-0.9533,pending,,2026-06-11T13:02:35+00:00
trackb_rev_RYAN_20260605,,,,,,35.360001,31.17,,,,,,-0.9533,pending,,2026-06-11T13:02:35+00:00
trackb_rev_SAFX_20260609,,,,,,0.41,0.35,,,,,,-7.8947,pending,,2026-06-11T13:03:08+00:00
trackb_rev_SAFX_20260611,,,,,,,,,,,,,,pending,,2026-06-11T13:03:08+00:00
trackb_rev_SCVL_20260608,,,,,,17.4,16.200001,,,,,,-0.7961,pending,,2026-06-11T13:02:54+00:00
trackb_rev_SCVL_20260609,,,,,,17.4,16.33,,,,,,-2.3909,pending,,2026-06-11T13:02:54+00:00
trackb_rev_SCVL_20260611,,,,,,,,,,,,,,pending,,2026-06-11T13:02:54+00:00
trackb_rev_SDOT_20260609,,,,,,36.5,11.3,,,,,,-44.9586,pending,,2026-06-11T13:03:07+00:00
trackb_rev_SFD_20260603,26.83,,,,,27.094999,25.540001,,,,,,-2.5563,pending,,2026-06-11T13:02:39+00:00
trackb_rev_SFD_20260604,,,,,,27.094999,25.879999,,,,,,-1.2591,pending,,2026-06-11T13:02:39+00:00
trackb_rev_SFD_20260605,,,,,,27.094999,26.040001,,,,,,-0.6486,pending,,2026-06-11T13:02:39+00:00
trackb_rev_SFD_20260608,,,,,,26.995001,26.040001,,,,,,-0.6486,pending,,2026-06-11T13:02:39+00:00
trackb_rev_SFIX_20260609,,,,,,3.92,3.52,,,,,,-3.8251,pending,,2026-06-11T13:03:07+00:00
trackb_rev_SFM_20260603,86.82,,,,,88.419998,76.879997,,,,,,-1.4612,pending,,2026-06-11T13:02:36+00:00
trackb_rev_SFM_20260604,,,,,,88.419998,79.610001,,,,,,2.0379,pending,,2026-06-11T13:02:36+00:00
trackb_rev_SFM_20260605,,,,,,88.419998,80.620003,,,,,,3.3325,pending,,2026-06-11T13:02:36+00:00
trackb_rev_SFM_20260608,,,,,,88.419998,82.410004,,,,,,5.6268,pending,,2026-06-11T13:02:36+00:00
trackb_rev_SGI_20260608,,,,,,71.370003,66.779999,,,,,,-1.8086,pending,,2026-06-11T13:02:53+00:00
trackb_rev_SKIL_20260611,,,,,,,,,,,,,,pending,,2026-06-11T13:03:31+00:00
trackb_rev_SKIN_20260608,,,,,,0.666,0.598,,,,,,-1.6447,pending,,2026-06-11T13:02:56+00:00
trackb_rev_SKIN_20260610,,,,,,0.666,0.613,,,,,,-3.3123,pending,,2026-06-11T13:02:56+00:00
trackb_rev_SLDP_20260609,,,,,,2.979,2.7,,,,,,-8.6294,pending,,2026-06-11T13:01:06+00:00
trackb_rev_SMR_20260609,,,,,,11.019,9.275,,,,,,-13.8011,pending,,2026-06-11T13:01:12+00:00
trackb_rev_SPIR_20260610,,,,,,17.08,16.01,,,,,,-5.9342,pending,,2026-06-11T13:03:16+00:00
trackb_rev_STEM_20260610,,,,,,7.935,7.34,,,,,,-5.6555,pending,,2026-06-11T13:03:16+00:00
trackb_rev_STGW_20260610,,,,,,6.63,6.4,,,,,,-0.6211,pending,,2026-06-11T13:01:47+00:00
trackb_rev_STGW_20260611,,,,,,,,,,,,,,pending,,2026-06-11T13:01:47+00:00
trackb_rev_SYK_20260603,308.839996,,,,,315.470001,291.73999,,,,,,-0.4861,pending,,2026-06-11T13:02:31+00:00
trackb_rev_SYK_20260604,,,,,,315.470001,298.019989,,,,,,1.6561,pending,,2026-06-11T13:02:31+00:00
trackb_rev_SYK_20260605,,,,,,315.470001,301.450012,,,,,,2.8261,pending,,2026-06-11T13:02:31+00:00
trackb_rev_SYK_20260608,,,,,,315.470001,301.450012,,,,,,2.8261,pending,,2026-06-11T13:02:31+00:00
trackb_rev_SYY_20260603,78.540001,,,,,79.080002,73.650002,,,,,,-1.9438,pending,,2026-06-11T13:02:35+00:00
trackb_rev_SYY_20260604,,,,,,79.080002,74.239998,,,,,,-1.1583,pending,,2026-06-11T13:02:35+00:00
trackb_rev_SYY_20260605,,,,,,79.080002,74.5,,,,,,-0.8121,pending,,2026-06-11T13:02:35+00:00
trackb_rev_SYY_20260608,,,,,,79.080002,76.0,,,,,,1.1849,pending,,2026-06-11T13:02:35+00:00
trackb_rev_TECH_20260603,52.5,,,,,55.16,49.040001,,,,,,-1.7923,pending,,2026-06-11T13:02:44+00:00
trackb_rev_TECH_20260604,,,,,,55.16,51.27,,,,,,2.6735,pending,,2026-06-11T13:02:44+00:00
trackb_rev_TECH_20260605,,,,,,55.16,51.27,,,,,,2.6735,pending,,2026-06-11T13:02:44+00:00
trackb_rev_TECH_20260608,,,,,,55.16,51.93,,,,,,3.9952,pending,,2026-06-11T13:02:44+00:00
trackb_rev_TECH_20260609,,,,,,55.16,52.27,,,,,,-0.7217,pending,,2026-06-11T13:02:44+00:00
trackb_rev_TGT_20260603,127.980003,,,,,128.5,120.769997,,,,,,-3.3763,pending,,2026-06-11T13:02:43+00:00
trackb_rev_TGT_20260604,,,,,,128.5,120.769997,,,,,,-3.3763,pending,,2026-06-11T13:02:43+00:00
trackb_rev_TGT_20260605,,,,,,128.5,120.769997,,,,,,-3.3763,pending,,2026-06-11T13:02:43+00:00
trackb_rev_TGT_20260609,,,,,,128.5,123.980003,,,,,,0.0081,pending,,2026-06-11T13:02:43+00:00
trackb_rev_TGT_20260610,,,,,,128.5,125.370003,,,,,,1.1293,pending,,2026-06-11T13:02:43+00:00
trackb_rev_THO_20260603,74.839996,,,,,80.870003,69.709999,,,,,,-9.9063,pending,,2026-06-11T13:02:41+00:00
trackb_rev_THO_20260604,,,,,,80.870003,74.260002,,,,,,-4.0258,pending,,2026-06-11T13:02:41+00:00
trackb_rev_THO_20260605,,,,,,80.870003,74.260002,,,,,,-4.0258,pending,,2026-06-11T13:02:41+00:00
trackb_rev_THO_20260608,,,,,,80.870003,74.82,,,,,,-3.3021,pending,,2026-06-11T13:02:41+00:00
trackb_rev_TJX_20260603,167.660004,,,,,167.919998,153.0,,,,,,-2.5788,pending,,2026-06-11T13:02:34+00:00
trackb_rev_TJX_20260604,,,,,,167.919998,157.929993,,,,,,0.5603,pending,,2026-06-11T13:02:34+00:00
trackb_rev_TJX_20260605,,,,,,167.919998,158.649994,,,,,,1.0188,pending,,2026-06-11T13:02:34+00:00
trackb_rev_TJX_20260608,,,,,,167.919998,159.119995,,,,,,1.318,pending,,2026-06-11T13:02:34+00:00
trackb_rev_TMDX_20260609,,,,,,76.940002,70.650002,,,,,,-0.6888,pending,,2026-06-11T13:03:06+00:00
trackb_rev_TMDX_20260610,,,,,,76.940002,72.686996,,,,,,2.1746,pending,,2026-06-11T13:03:06+00:00
trackb_rev_TMO_20260609,,,,,,494.359985,473.390015,,,,,,0.8006,pending,,2026-06-11T13:02:23+00:00
trackb_rev_TTEK_20260611,,,,,,,,,,,,,,pending,,2026-06-11T13:03:32+00:00
trackb_rev_UAA_20260609,,,,,,5.94,5.63,,,,,,-0.7055,pending,,2026-06-11T13:03:08+00:00
trackb_rev_UAA_20260610,,,,,,5.8,5.66,,,,,,-0.1764,pending,,2026-06-11T13:03:08+00:00
trackb_rev_UGI_20260603,34.790001,,,,,35.209999,34.02,,,,,,-2.7166,pending,,2026-06-11T13:02:36+00:00
trackb_rev_UGI_20260604,,,,,,35.209999,34.02,,,,,,-2.7166,pending,,2026-06-11T13:02:36+00:00
trackb_rev_UGI_20260605,,,,,,35.209999,34.380001,,,,,,-1.6872,pending,,2026-06-11T13:02:36+00:00
trackb_rev_UGI_20260608,,,,,,35.209999,34.41,,,,,,-1.6014,pending,,2026-06-11T13:02:36+00:00
trackb_rev_UPWK_20260609,,,,,,8.96,8.54,,,,,,-3.7204,pending,,2026-06-11T13:03:10+00:00
trackb_rev_USLM_20260610,,,,,,110.940002,103.0,,,,,,-2.5267,pending,,2026-06-11T13:03:18+00:00
trackb_rev_VG_20260603,13.29,,,,,13.42,12.11,,,,,,-6.1604,pending,,2026-06-11T13:02:39+00:00
trackb_rev_VG_20260604,,,,,,13.42,12.11,,,,,,-6.1604,pending,,2026-06-11T13:02:39+00:00
trackb_rev_VG_20260605,,,,,,13.42,12.11,,,,,,-6.1604,pending,,2026-06-11T13:02:39+00:00
trackb_rev_VITL_20260603,10.54,,,,,10.89,9.61,,,,,,-1.5369,pending,,2026-06-11T13:02:44+00:00
trackb_rev_VITL_20260604,,,,,,10.89,9.61,,,,,,-1.5369,pending,,2026-06-11T13:02:44+00:00
trackb_rev_VITL_20260605,,,,,,10.89,9.69,,,,,,-0.7172,pending,,2026-06-11T13:02:44+00:00
trackb_rev_VITL_20260608,,,,,,10.89,9.85,,,,,,-1.8924,pending,,2026-06-11T13:02:44+00:00
trackb_rev_VITL_20260610,,,,,,10.89,10.3,,,,,,2.3857,pending,,2026-06-11T13:02:44+00:00
trackb_rev_VITL_20260611,,,,,,,,,,,,,,pending,,2026-06-11T13:02:44+00:00
trackb_rev_VMC_20260609,,,,,,281.809998,271.630005,,,,,,0.6112,pending,,2026-06-11T13:03:10+00:00
trackb_rev_VMC_20260611,,,,,,,,,,,,,,pending,,2026-06-11T13:03:10+00:00
trackb_rev_VST_20260610,,,,,,144.0,137.910004,,,,,,-6.1198,pending,,2026-06-11T13:03:15+00:00
trackb_rev_VST_20260611,,,,,,,,,,,,,,pending,,2026-06-11T13:03:15+00:00
trackb_rev_WATT_20260611,,,,,,,,,,,,,,pending,,2026-06-11T13:01:09+00:00
trackb_rev_WAY_20260608,,,,,,20.120001,18.57,,,,,,-7.15,pending,,2026-06-11T13:02:56+00:00
trackb_rev_WGS_20260603,54.32,,,,,57.799999,51.0,,,,,,-2.5416,pending,,2026-06-11T13:02:32+00:00
trackb_rev_WGS_20260604,,,,,,57.799999,51.509998,,,,,,-1.567,pending,,2026-06-11T13:02:32+00:00
trackb_rev_WGS_20260605,,,,,,57.799999,51.509998,,,,,,-1.567,pending,,2026-06-11T13:02:32+00:00
trackb_rev_WGS_20260609,,,,,,57.799999,52.279999,,,,,,0.9266,pending,,2026-06-11T13:02:32+00:00
trackb_rev_WGS_20260610,,,,,,57.799999,54.290001,,,,,,4.807,pending,,2026-06-11T13:02:32+00:00
trackb_rev_WING_20260603,145.589996,,,,,150.725006,135.770004,,,,,,-5.1952,pending,,2026-06-11T13:02:31+00:00
trackb_rev_WING_20260604,,,,,,150.725006,138.0,,,,,,-3.638,pending,,2026-06-11T13:02:31+00:00
trackb_rev_WING_20260605,,,,,,150.725006,138.0,,,,,,-3.638,pending,,2026-06-11T13:02:31+00:00
trackb_rev_WING_20260608,,,,,,150.725006,138.0,,,,,,-2.9741,pending,,2026-06-11T13:02:31+00:00
trackb_rev_WNC_20260603,8.26,,,,,8.46,7.21,,,,,,-7.5048,pending,,2026-06-11T13:02:38+00:00
trackb_rev_WNC_20260604,,,,,,8.46,7.21,,,,,,-7.5048,pending,,2026-06-11T13:02:38+00:00
trackb_rev_WNC_20260605,,,,,,8.46,7.21,,,,,,-7.5048,pending,,2026-06-11T13:02:38+00:00
trackb_rev_WNC_20260608,,,,,,8.46,7.45,,,,,,1.4986,pending,,2026-06-11T13:02:38+00:00
trackb_rev_WNC_20260610,,,,,,8.46,7.87,,,,,,1.4175,pending,,2026-06-11T13:02:38+00:00
trackb_rev_WWW_20260610,,,,,,17.41,16.690001,,,,,,-0.6548,pending,,2026-06-11T13:03:16+00:00
trackb_rev_W_20260609,,,,,,75.239998,67.610001,,,,,,0.685,pending,,2026-06-11T13:02:03+00:00
trackb_rev_W_20260610,,,,,,72.639999,68.25,,,,,,1.6381,pending,,2026-06-11T13:02:03+00:00
trackb_rev_XYZ_20260611,,,,,,,,,,,,,,pending,,2026-06-11T13:03:29+00:00
