signal_id,spot_at_5d,spot_at_10d,spot_at_20d,spot_at_40d,spot_at_primary_date,max_high_to_primary,max_low_to_primary,hit_primary,hit_range_low,hit_range_high,direction_correct,days_to_primary_hit,max_drawdown_pct,final_status,resolved_date,last_updated
trackb_cont_AAON_20260603,,,,,,150.460007,131.460007,,,,,,-10.5653,pending,,2026-06-09T13:25:01+00:00
trackb_cont_AAON_20260604,,,,,,145.770004,131.460007,,,,,,-10.5653,pending,,2026-06-09T13:25:01+00:00
trackb_cont_AAON_20260605,,,,,,141.729996,131.460007,,,,,,-10.5653,pending,,2026-06-09T13:25:01+00:00
trackb_cont_AAON_20260608,,,,,,137.669998,131.929993,,,,,,-10.2456,pending,,2026-06-09T13:25:01+00:00
trackb_cont_AAPL_20260603,,,,,,317.399994,301.170013,,,,,,-3.3162,pending,,2026-06-09T13:24:25+00:00
trackb_cont_AAPL_20260604,,,,,,317.399994,301.170013,,,,,,-3.3162,pending,,2026-06-09T13:24:25+00:00
trackb_cont_AAPL_20260605,,,,,,317.399994,301.170013,,,,,,-3.3162,pending,,2026-06-09T13:24:25+00:00
trackb_cont_AAPL_20260608,,,,,,317.399994,301.170013,,,,,,-3.3162,pending,,2026-06-09T13:24:25+00:00
trackb_cont_AAT_20260603,,,,,,24.24,23.190001,,,,,,-0.3438,pending,,2026-06-09T13:25:04+00:00
trackb_cont_AAT_20260604,,,,,,24.24,23.32,,,,,,0.2149,pending,,2026-06-09T13:25:04+00:00
trackb_cont_AAT_20260605,,,,,,24.24,23.59,,,,,,1.3752,pending,,2026-06-09T13:25:04+00:00
trackb_cont_AAT_20260608,,,,,,24.24,23.66,,,,,,-0.0,pending,,2026-06-09T13:25:04+00:00
trackb_cont_ABAT_20260603,,,,,,4.25,3.05,,,,,,-17.3464,pending,,2026-06-09T13:24:41+00:00
trackb_cont_ABAT_20260604,,,,,,4.25,3.05,,,,,,-17.3464,pending,,2026-06-09T13:24:41+00:00
trackb_cont_ABAT_20260605,,,,,,4.25,3.05,,,,,,-17.3464,pending,,2026-06-09T13:24:41+00:00
trackb_cont_ABAT_20260608,,,,,,4.25,3.36,,,,,,-8.9456,pending,,2026-06-09T13:24:41+00:00
trackb_cont_ABBV_20260603,,,,,,230.470001,213.729996,,,,,,-2.2457,pending,,2026-06-09T13:25:54+00:00
trackb_cont_ABBV_20260604,,,,,,230.470001,219.839996,,,,,,0.5488,pending,,2026-06-09T13:25:54+00:00
trackb_cont_ABBV_20260605,,,,,,230.470001,221.169998,,,,,,1.1572,pending,,2026-06-09T13:25:54+00:00
trackb_cont_ABBV_20260608,,,,,,228.580002,221.169998,,,,,,-2.6669,pending,,2026-06-09T13:25:54+00:00
trackb_cont_ABBV_20260609,,,,,,,,,,,,,,pending,,2026-06-09T13:25:54+00:00
trackb_cont_ACEL_20260609,,,,,,,,,,,,,,pending,,2026-06-09T13:26:46+00:00
trackb_cont_ACMR_20260603,,,,,,93.5,75.610001,,,,,,-15.2022,pending,,2026-06-09T13:24:46+00:00
trackb_cont_ACMR_20260604,,,,,,91.559998,75.610001,,,,,,-15.2022,pending,,2026-06-09T13:24:46+00:00
trackb_cont_ACMR_20260605,,,,,,86.309998,75.610001,,,,,,-15.2022,pending,,2026-06-09T13:24:46+00:00
trackb_cont_ACMR_20260608,,,,,,83.830002,78.845001,,,,,,-11.574,pending,,2026-06-09T13:24:46+00:00
trackb_cont_ACVA_20260603,,,,,,6.2,5.54,,,,,,-6.6554,pending,,2026-06-09T13:26:07+00:00
trackb_cont_ACVA_20260604,,,,,,6.06,5.54,,,,,,-6.6554,pending,,2026-06-09T13:26:07+00:00
trackb_cont_ACVA_20260605,,,,,,5.94,5.54,,,,,,-6.6554,pending,,2026-06-09T13:26:07+00:00
trackb_cont_ACVA_20260608,,,,,,5.705,5.555,,,,,,-6.4027,pending,,2026-06-09T13:26:07+00:00
trackb_cont_ADI_20260603,,,,,,439.700012,401.26001,,,,,,-6.9477,pending,,2026-06-09T13:25:47+00:00
trackb_cont_ADI_20260604,,,,,,432.269989,401.26001,,,,,,-6.9477,pending,,2026-06-09T13:25:47+00:00
trackb_cont_ADI_20260605,,,,,,419.640015,401.26001,,,,,,-6.9477,pending,,2026-06-09T13:25:47+00:00
trackb_cont_ADI_20260608,,,,,,415.0,401.589996,,,,,,0.0498,pending,,2026-06-09T13:25:47+00:00
trackb_cont_ADM_20260603,,,,,,85.370003,80.190002,,,,,,-5.4753,pending,,2026-06-09T13:25:19+00:00
trackb_cont_ADM_20260604,,,,,,84.739998,80.190002,,,,,,-5.4753,pending,,2026-06-09T13:25:19+00:00
trackb_cont_ADM_20260605,,,,,,83.190002,80.190002,,,,,,-5.4753,pending,,2026-06-09T13:25:19+00:00
trackb_cont_ADM_20260608,,,,,,82.690002,80.190002,,,,,,-5.4753,pending,,2026-06-09T13:25:19+00:00
trackb_cont_ADP_20260603,,,,,,237.110001,225.0,,,,,,-0.3234,pending,,2026-06-09T13:25:11+00:00
trackb_cont_ADP_20260604,,,,,,237.110001,228.770004,,,,,,1.3467,pending,,2026-06-09T13:25:11+00:00
trackb_cont_ADP_20260605,,,,,,234.850006,228.770004,,,,,,1.3467,pending,,2026-06-09T13:25:11+00:00
trackb_cont_ADP_20260608,,,,,,231.610001,228.770004,,,,,,1.3467,pending,,2026-06-09T13:25:11+00:00
trackb_cont_ADP_20260609,,,,,,,,,,,,,,pending,,2026-06-09T13:25:11+00:00
trackb_cont_ADTN_20260603,,,,,,18.299999,15.23,,,,,,-12.0162,pending,,2026-06-09T13:26:13+00:00
trackb_cont_ADTN_20260604,,,,,,17.32,15.23,,,,,,-12.0162,pending,,2026-06-09T13:26:13+00:00
trackb_cont_ADTN_20260605,,,,,,17.059999,15.23,,,,,,-12.0162,pending,,2026-06-09T13:26:13+00:00
trackb_cont_ADTN_20260608,,,,,,17.059999,15.43,,,,,,-10.8608,pending,,2026-06-09T13:26:13+00:00
trackb_cont_AEHR_20260603,,,,,,121.800003,93.650002,,,,,,-18.5156,pending,,2026-06-09T13:24:32+00:00
trackb_cont_AEHR_20260604,,,,,,119.470001,93.650002,,,,,,-18.5156,pending,,2026-06-09T13:24:32+00:00
trackb_cont_AEHR_20260605,,,,,,111.790001,93.650002,,,,,,-18.5156,pending,,2026-06-09T13:24:32+00:00
trackb_cont_AEHR_20260608,,,,,,105.0,93.650002,,,,,,-18.5156,pending,,2026-06-09T13:24:32+00:00
trackb_cont_AFRM_20260603,,,,,,70.650002,62.439999,,,,,,-4.8823,pending,,2026-06-09T13:26:09+00:00
trackb_cont_AFRM_20260604,,,,,,69.144997,62.439999,,,,,,-4.8823,pending,,2026-06-09T13:26:09+00:00
trackb_cont_AFRM_20260605,,,,,,68.120003,62.439999,,,,,,-4.8823,pending,,2026-06-09T13:26:09+00:00
trackb_cont_AGL_20260603,,,,,,101.760002,80.0,,,,,,-5.482,pending,,2026-06-09T13:25:10+00:00
trackb_cont_AGL_20260604,,,,,,101.760002,83.294998,,,,,,-1.5891,pending,,2026-06-09T13:25:10+00:00
trackb_cont_AGL_20260605,,,,,,101.760002,91.168999,,,,,,7.7138,pending,,2026-06-09T13:25:10+00:00
trackb_cont_AGL_20260608,,,,,,101.760002,93.769997,,,,,,10.7869,pending,,2026-06-09T13:25:10+00:00
trackb_cont_AHRT_20260603,,,,,,6.83,6.59,,,,,,-0.153,pending,,2026-06-09T13:25:48+00:00
trackb_cont_AHRT_20260604,,,,,,6.83,6.7,,,,,,1.5136,pending,,2026-06-09T13:25:48+00:00
trackb_cont_AHRT_20260605,,,,,,6.83,6.7,,,,,,1.5136,pending,,2026-06-09T13:25:48+00:00
trackb_cont_AHRT_20260608,,,,,,6.83,6.73,,,,,,1.9682,pending,,2026-06-09T13:25:48+00:00
trackb_cont_AIV_20260603,,,,,,4.3,2.95,,,,,,-30.9942,pending,,2026-06-09T13:25:52+00:00
trackb_cont_AIV_20260604,,,,,,3.1,2.95,,,,,,-30.9942,pending,,2026-06-09T13:25:52+00:00
trackb_cont_AIV_20260605,,,,,,3.1,2.95,,,,,,-30.9942,pending,,2026-06-09T13:25:52+00:00
trackb_cont_AIZ_20260609,,,,,,,,,,,,,,pending,,2026-06-09T13:26:46+00:00
trackb_cont_AJG_20260608,,,,,,215.589996,211.5,,,,,,-2.1468,pending,,2026-06-09T13:26:20+00:00
trackb_cont_AKAM_20260603,,,,,,164.800003,141.289993,,,,,,-12.913,pending,,2026-06-09T13:25:00+00:00
trackb_cont_AKAM_20260604,,,,,,160.880005,141.289993,,,,,,-12.913,pending,,2026-06-09T13:25:00+00:00
trackb_cont_AKAM_20260605,,,,,,158.050003,141.289993,,,,,,-12.913,pending,,2026-06-09T13:25:00+00:00
trackb_cont_AKAM_20260608,,,,,,150.360001,141.289993,,,,,,-12.913,pending,,2026-06-09T13:25:00+00:00
trackb_cont_ALAB_20260603,,,,,,372.369995,314.839996,,,,,,-11.2502,pending,,2026-06-09T13:24:25+00:00
trackb_cont_ALAB_20260604,,,,,,365.230011,314.839996,,,,,,-11.2502,pending,,2026-06-09T13:24:25+00:00
trackb_cont_ALAB_20260605,,,,,,353.790009,314.839996,,,,,,-11.2502,pending,,2026-06-09T13:24:25+00:00
trackb_cont_ALAB_20260608,,,,,,353.790009,328.01001,,,,,,-7.5377,pending,,2026-06-09T13:24:25+00:00
trackb_cont_ALGT_20260603,,,,,,86.239998,82.040001,,,,,,-3.2091,pending,,2026-06-09T13:26:00+00:00
trackb_cont_ALGT_20260604,,,,,,86.099998,82.040001,,,,,,-3.2091,pending,,2026-06-09T13:26:00+00:00
trackb_cont_ALGT_20260605,,,,,,85.419998,82.040001,,,,,,-3.2091,pending,,2026-06-09T13:26:00+00:00
trackb_cont_ALGT_20260608,,,,,,85.419998,82.040001,,,,,,-3.2091,pending,,2026-06-09T13:26:00+00:00
trackb_cont_ALM_20260603,,,,,,21.24,16.084999,,,,,,-21.5174,pending,,2026-06-09T13:26:08+00:00
trackb_cont_ALM_20260604,,,,,,21.24,16.084999,,,,,,-21.5174,pending,,2026-06-09T13:26:08+00:00
trackb_cont_ALM_20260605,,,,,,18.0,16.084999,,,,,,-21.5174,pending,,2026-06-09T13:26:08+00:00
trackb_cont_ALNT_20260603,,,,,,91.110001,82.989998,,,,,,-2.7879,pending,,2026-06-09T13:24:45+00:00
trackb_cont_ALNT_20260604,,,,,,91.110001,82.989998,,,,,,-2.7879,pending,,2026-06-09T13:24:45+00:00
trackb_cont_ALNT_20260605,,,,,,89.629997,83.18,,,,,,-2.5653,pending,,2026-06-09T13:24:45+00:00
trackb_cont_ALNT_20260608,,,,,,89.18,84.82,,,,,,-0.6443,pending,,2026-06-09T13:24:45+00:00
trackb_cont_ALNT_20260609,,,,,,,,,,,,,,pending,,2026-06-09T13:24:45+00:00
trackb_cont_ALOY_20260603,,,,,,14.67,10.38,,,,,,-0.6898,pending,,2026-06-09T13:25:18+00:00
trackb_cont_ALOY_20260604,,,,,,14.67,12.02,,,,,,15.0008,pending,,2026-06-09T13:25:18+00:00
trackb_cont_ALOY_20260605,,,,,,14.67,12.02,,,,,,15.0008,pending,,2026-06-09T13:25:18+00:00
trackb_cont_ALOY_20260608,,,,,,14.67,12.165,,,,,,16.3881,pending,,2026-06-09T13:25:18+00:00
trackb_cont_AMAT_20260603,,,,,,510.75,452.910004,,,,,,-9.0542,pending,,2026-06-09T13:24:26+00:00
trackb_cont_AMAT_20260604,,,,,,510.75,452.910004,,,,,,-9.0542,pending,,2026-06-09T13:24:26+00:00
trackb_cont_AMAT_20260605,,,,,,497.709991,452.910004,,,,,,-9.0542,pending,,2026-06-09T13:24:26+00:00
trackb_cont_AMAT_20260608,,,,,,497.709991,471.119995,,,,,,3.9977,pending,,2026-06-09T13:24:26+00:00
trackb_cont_AMC_20260603,,,,,,2.02,1.72,,,,,,-8.2667,pending,,2026-06-09T13:25:25+00:00
trackb_cont_AMC_20260604,,,,,,2.02,1.72,,,,,,-8.2667,pending,,2026-06-09T13:25:25+00:00
trackb_cont_AMC_20260605,,,,,,1.92,1.72,,,,,,-8.2667,pending,,2026-06-09T13:25:25+00:00
trackb_cont_AMC_20260608,,,,,,1.9,1.79,,,,,,-4.5333,pending,,2026-06-09T13:25:25+00:00
trackb_cont_AMD_20260603,,,,,,546.440002,463.950012,,,,,,-12.6929,pending,,2026-06-09T13:24:33+00:00
trackb_cont_AMD_20260604,,,,,,532.190002,463.950012,,,,,,-12.6929,pending,,2026-06-09T13:24:33+00:00
trackb_cont_AMD_20260605,,,,,,505.619995,463.950012,,,,,,-12.6929,pending,,2026-06-09T13:24:33+00:00
trackb_cont_AMD_20260608,,,,,,494.970001,477.709991,,,,,,2.4293,pending,,2026-06-09T13:24:33+00:00
trackb_cont_AMKR_20260603,,,,,,79.5,64.32,,,,,,-15.4463,pending,,2026-06-09T13:26:04+00:00
trackb_cont_AMKR_20260604,,,,,,75.760002,64.32,,,,,,-15.4463,pending,,2026-06-09T13:26:04+00:00
trackb_cont_AMKR_20260605,,,,,,70.839996,64.32,,,,,,-15.4463,pending,,2026-06-09T13:26:04+00:00
trackb_cont_AMKR_20260608,,,,,,69.230003,66.769997,,,,,,-12.2256,pending,,2026-06-09T13:26:04+00:00
trackb_cont_AMN_20260603,,,,,,32.52,28.93,,,,,,-1.9322,pending,,2026-06-09T13:25:14+00:00
trackb_cont_AMN_20260604,,,,,,32.52,30.08,,,,,,1.9661,pending,,2026-06-09T13:25:14+00:00
trackb_cont_AMN_20260605,,,,,,32.52,30.08,,,,,,1.9661,pending,,2026-06-09T13:25:14+00:00
trackb_cont_AMN_20260608,,,,,,32.52,30.08,,,,,,1.9661,pending,,2026-06-09T13:25:14+00:00
trackb_cont_AMPX_20260603,,,,,,23.4,18.5,,,,,,-17.1889,pending,,2026-06-09T13:25:18+00:00
trackb_cont_AMPX_20260604,,,,,,22.940001,18.5,,,,,,-17.1889,pending,,2026-06-09T13:25:18+00:00
trackb_cont_AMPX_20260605,,,,,,22.000999,18.5,,,,,,-17.1889,pending,,2026-06-09T13:25:18+00:00
trackb_cont_AMPX_20260608,,,,,,20.441,18.5,,,,,,-17.1889,pending,,2026-06-09T13:25:18+00:00
trackb_cont_AMRZ_20260603,,,,,,54.599998,50.77,,,,,,-6.0771,pending,,2026-06-09T13:25:16+00:00
trackb_cont_AMRZ_20260604,,,,,,54.599998,50.77,,,,,,-6.0771,pending,,2026-06-09T13:25:16+00:00
trackb_cont_AMRZ_20260605,,,,,,54.02,50.77,,,,,,-6.0771,pending,,2026-06-09T13:25:16+00:00
trackb_cont_AMRZ_20260608,,,,,,53.32,50.77,,,,,,-6.0771,pending,,2026-06-09T13:25:16+00:00
trackb_cont_AMR_20260603,,,,,,220.580002,195.158997,,,,,,-9.241,pending,,2026-06-09T13:24:56+00:00
trackb_cont_AMR_20260604,,,,,,220.580002,195.158997,,,,,,-9.241,pending,,2026-06-09T13:24:56+00:00
trackb_cont_AMR_20260605,,,,,,213.964996,195.158997,,,,,,-9.241,pending,,2026-06-09T13:24:56+00:00
trackb_cont_AMR_20260608,,,,,,208.0,195.158997,,,,,,-3.568,pending,,2026-06-09T13:24:56+00:00
trackb_cont_AMT_20260603,,,,,,196.080002,181.470001,,,,,,-2.6083,pending,,2026-06-09T13:25:21+00:00
trackb_cont_AMT_20260604,,,,,,196.080002,185.050003,,,,,,-0.687,pending,,2026-06-09T13:25:21+00:00
trackb_cont_AMT_20260605,,,,,,196.080002,188.880005,,,,,,1.3685,pending,,2026-06-09T13:25:21+00:00
trackb_cont_AMT_20260608,,,,,,193.479996,188.880005,,,,,,-2.6994,pending,,2026-06-09T13:25:21+00:00
trackb_cont_ANET_20260603,,,,,,177.479996,152.190002,,,,,,-13.0045,pending,,2026-06-09T13:24:42+00:00
trackb_cont_ANET_20260604,,,,,,167.789993,152.190002,,,,,,-13.0045,pending,,2026-06-09T13:24:42+00:00
trackb_cont_ANET_20260605,,,,,,161.192993,152.190002,,,,,,-13.0045,pending,,2026-06-09T13:24:42+00:00
trackb_cont_ANET_20260608,,,,,,159.229996,153.253006,,,,,,-12.3968,pending,,2026-06-09T13:24:42+00:00
trackb_cont_APH_20260603,,,,,,151.919998,138.199997,,,,,,-7.5462,pending,,2026-06-09T13:25:03+00:00
trackb_cont_APH_20260604,,,,,,147.839996,138.199997,,,,,,-7.5462,pending,,2026-06-09T13:25:03+00:00
trackb_cont_APH_20260605,,,,,,145.949997,138.199997,,,,,,-7.5462,pending,,2026-06-09T13:25:03+00:00
trackb_cont_APH_20260608,,,,,,145.949997,141.860001,,,,,,2.1972,pending,,2026-06-09T13:25:03+00:00
trackb_cont_APLD_20260603,,,,,,48.66,37.689999,,,,,,-18.2607,pending,,2026-06-09T13:25:38+00:00
trackb_cont_APLD_20260604,,,,,,44.799999,37.689999,,,,,,-18.2607,pending,,2026-06-09T13:25:38+00:00
trackb_cont_APLD_20260605,,,,,,42.105,37.689999,,,,,,-18.2607,pending,,2026-06-09T13:25:38+00:00
trackb_cont_APLD_20260608,,,,,,41.43,39.264999,,,,,,-14.8449,pending,,2026-06-09T13:25:38+00:00
trackb_cont_APLE_20260603,,,,,,15.81,14.825,,,,,,-1.9186,pending,,2026-06-09T13:24:52+00:00
trackb_cont_APLE_20260604,,,,,,15.81,15.25,,,,,,0.8932,pending,,2026-06-09T13:24:52+00:00
trackb_cont_APLE_20260605,,,,,,15.81,15.49,,,,,,2.481,pending,,2026-06-09T13:24:52+00:00
trackb_cont_APLE_20260608,,,,,,15.81,15.57,,,,,,-0.4476,pending,,2026-06-09T13:24:52+00:00
trackb_cont_APLE_20260609,,,,,,,,,,,,,,pending,,2026-06-09T13:24:52+00:00
trackb_cont_APP_20260603,,,,,,599.642029,548.780029,,,,,,-4.2544,pending,,2026-06-09T13:25:01+00:00
trackb_cont_APP_20260604,,,,,,595.0,548.780029,,,,,,-4.2544,pending,,2026-06-09T13:25:01+00:00
trackb_cont_APP_20260605,,,,,,595.0,548.780029,,,,,,-4.2544,pending,,2026-06-09T13:25:01+00:00
trackb_cont_AP_20260603,,,,,,11.79,9.51,,,,,,-18.299,pending,,2026-06-09T13:25:31+00:00
trackb_cont_AP_20260604,,,,,,11.71,9.51,,,,,,-18.299,pending,,2026-06-09T13:25:31+00:00
trackb_cont_AP_20260605,,,,,,10.96,9.51,,,,,,-18.299,pending,,2026-06-09T13:25:31+00:00
trackb_cont_AP_20260608,,,,,,10.72,9.51,,,,,,-18.299,pending,,2026-06-09T13:25:31+00:00
trackb_cont_ARCB_20260603,,,,,,167.580002,138.990005,,,,,,-1.2575,pending,,2026-06-09T13:24:31+00:00
trackb_cont_ARCB_20260604,,,,,,167.580002,141.970001,,,,,,0.8596,pending,,2026-06-09T13:24:31+00:00
trackb_cont_ARCB_20260605,,,,,,167.580002,149.990005,,,,,,6.5573,pending,,2026-06-09T13:24:31+00:00
trackb_cont_ARCB_20260608,,,,,,167.580002,156.639999,,,,,,0.9994,pending,,2026-06-09T13:24:31+00:00
trackb_cont_ARCB_20260609,,,,,,,,,,,,,,pending,,2026-06-09T13:24:31+00:00
trackb_cont_AREC_20260603,,,,,,2.75,2.06,,,,,,-19.3738,pending,,2026-06-09T13:25:00+00:00
trackb_cont_AREC_20260604,,,,,,2.51,2.06,,,,,,-19.3738,pending,,2026-06-09T13:25:00+00:00
trackb_cont_AREC_20260605,,,,,,2.32,2.06,,,,,,-19.3738,pending,,2026-06-09T13:25:00+00:00
trackb_cont_ARES_20260603,,,,,,131.300003,120.0,,,,,,-1.5587,pending,,2026-06-09T13:26:06+00:00
trackb_cont_ARES_20260604,,,,,,131.300003,124.230003,,,,,,1.9114,pending,,2026-06-09T13:26:06+00:00
trackb_cont_ARES_20260605,,,,,,130.460007,124.230003,,,,,,1.9114,pending,,2026-06-09T13:26:06+00:00
trackb_cont_ARES_20260608,,,,,,128.539993,125.209999,,,,,,2.7153,pending,,2026-06-09T13:26:06+00:00
trackb_cont_ARE_20260603,,,,,,53.290001,50.189999,,,,,,-4.0161,pending,,2026-06-09T13:24:44+00:00
trackb_cont_ARE_20260604,,,,,,53.290001,50.189999,,,,,,-4.0161,pending,,2026-06-09T13:24:44+00:00
trackb_cont_ARE_20260605,,,,,,53.029999,50.189999,,,,,,-4.0161,pending,,2026-06-09T13:24:44+00:00
trackb_cont_ARE_20260608,,,,,,52.310001,50.189999,,,,,,-4.0161,pending,,2026-06-09T13:24:44+00:00
trackb_cont_ARI_20260603,,,,,,11.06,10.81,,,,,,-1.0979,pending,,2026-06-09T13:26:08+00:00
trackb_cont_ARI_20260604,,,,,,11.06,10.81,,,,,,-1.0979,pending,,2026-06-09T13:26:08+00:00
trackb_cont_ARI_20260605,,,,,,11.06,10.81,,,,,,-1.0979,pending,,2026-06-09T13:26:08+00:00
trackb_cont_ARI_20260608,,,,,,11.06,10.81,,,,,,-1.0979,pending,,2026-06-09T13:26:08+00:00
trackb_cont_ARI_20260609,,,,,,,,,,,,,,pending,,2026-06-09T13:26:08+00:00
trackb_cont_ARMK_20260603,,,,,,54.09,52.790001,,,,,,-1.5112,pending,,2026-06-09T13:24:37+00:00
trackb_cont_ARMK_20260604,,,,,,54.07,52.790001,,,,,,-1.5112,pending,,2026-06-09T13:24:37+00:00
trackb_cont_ARMK_20260605,,,,,,54.07,52.790001,,,,,,-1.5112,pending,,2026-06-09T13:24:37+00:00
trackb_cont_ARMK_20260608,,,,,,53.849998,52.790001,,,,,,-1.5112,pending,,2026-06-09T13:24:37+00:00
trackb_cont_ARQ_20260603,,,,,,2.73,2.56,,,,,,-3.5782,pending,,2026-06-09T13:25:47+00:00
trackb_cont_ARQ_20260604,,,,,,2.71,2.56,,,,,,-3.5782,pending,,2026-06-09T13:25:47+00:00
trackb_cont_ARQ_20260605,,,,,,2.69,2.58,,,,,,-2.8249,pending,,2026-06-09T13:25:47+00:00
trackb_cont_ARRY_20260603,,,,,,9.545,7.765,,,,,,-12.6055,pending,,2026-06-09T13:25:27+00:00
trackb_cont_ARRY_20260604,,,,,,9.545,7.765,,,,,,-12.6055,pending,,2026-06-09T13:25:27+00:00
trackb_cont_ARRY_20260605,,,,,,9.09,7.765,,,,,,-12.6055,pending,,2026-06-09T13:25:27+00:00
trackb_cont_ARRY_20260608,,,,,,8.53,7.765,,,,,,-12.6055,pending,,2026-06-09T13:25:27+00:00
trackb_cont_ARR_20260603,,,,,,17.290001,16.65,,,,,,-2.5176,pending,,2026-06-09T13:25:35+00:00
trackb_cont_ARR_20260604,,,,,,17.290001,16.65,,,,,,-2.5176,pending,,2026-06-09T13:25:35+00:00
trackb_cont_ARR_20260605,,,,,,17.23,16.65,,,,,,-2.5176,pending,,2026-06-09T13:25:35+00:00
trackb_cont_ARR_20260608,,,,,,17.200001,16.65,,,,,,-2.5176,pending,,2026-06-09T13:25:35+00:00
trackb_cont_ARW_20260603,,,,,,233.300003,217.639999,,,,,,-5.7019,pending,,2026-06-09T13:24:51+00:00
trackb_cont_ARW_20260604,,,,,,230.929993,217.639999,,,,,,-5.7019,pending,,2026-06-09T13:24:51+00:00
trackb_cont_ARW_20260605,,,,,,225.330002,217.639999,,,,,,-5.7019,pending,,2026-06-09T13:24:51+00:00
trackb_cont_ARW_20260608,,,,,,223.630005,218.0,,,,,,-5.5459,pending,,2026-06-09T13:24:51+00:00
trackb_cont_ASH_20260603,,,,,,58.18,54.98,,,,,,-3.8559,pending,,2026-06-09T13:25:22+00:00
trackb_cont_ASH_20260604,,,,,,58.18,54.98,,,,,,-3.8559,pending,,2026-06-09T13:25:22+00:00
trackb_cont_ASH_20260605,,,,,,57.830002,54.98,,,,,,-3.8559,pending,,2026-06-09T13:25:22+00:00
trackb_cont_ASH_20260608,,,,,,57.830002,54.98,,,,,,-3.8559,pending,,2026-06-09T13:25:22+00:00
trackb_cont_ASPI_20260603,,,,,,8.18,6.45,,,,,,-16.6581,pending,,2026-06-09T13:24:47+00:00
trackb_cont_ASPI_20260604,,,,,,8.13,6.45,,,,,,-16.6581,pending,,2026-06-09T13:24:47+00:00
trackb_cont_ASPI_20260605,,,,,,7.39,6.45,,,,,,-16.6581,pending,,2026-06-09T13:24:47+00:00
trackb_cont_ASPI_20260608,,,,,,7.28,6.735,,,,,,0.3726,pending,,2026-06-09T13:24:47+00:00
trackb_cont_ASPN_20260603,,,,,,6.29,5.54,,,,,,-5.7021,pending,,2026-06-09T13:25:31+00:00
trackb_cont_ASPN_20260604,,,,,,6.24,5.54,,,,,,-5.7021,pending,,2026-06-09T13:25:31+00:00
trackb_cont_ASPN_20260605,,,,,,6.17,5.54,,,,,,-5.7021,pending,,2026-06-09T13:25:31+00:00
trackb_cont_ASPN_20260608,,,,,,5.85,5.625,,,,,,-0.266,pending,,2026-06-09T13:25:31+00:00
trackb_cont_ASTI_20260603,,,,,,9.4,6.245,,,,,,-20.9494,pending,,2026-06-09T13:25:28+00:00
trackb_cont_ASTI_20260604,,,,,,8.65,6.245,,,,,,-20.9494,pending,,2026-06-09T13:25:28+00:00
trackb_cont_ASTI_20260605,,,,,,7.8,6.245,,,,,,-20.9494,pending,,2026-06-09T13:25:28+00:00
trackb_cont_ASTS_20260603,,,,,,114.339996,90.809998,,,,,,-16.6498,pending,,2026-06-09T13:25:52+00:00
trackb_cont_ASTS_20260604,,,,,,111.57,90.809998,,,,,,-16.6498,pending,,2026-06-09T13:25:52+00:00
trackb_cont_ASTS_20260605,,,,,,104.489998,90.809998,,,,,,-16.6498,pending,,2026-06-09T13:25:52+00:00
trackb_cont_ASTS_20260608,,,,,,97.129997,90.809998,,,,,,-16.6498,pending,,2026-06-09T13:25:52+00:00
trackb_cont_ATEX_20260603,,,,,,71.793999,63.0,,,,,,-3.8535,pending,,2026-06-09T13:24:31+00:00
trackb_cont_ATEX_20260604,,,,,,71.793999,63.0,,,,,,-3.8535,pending,,2026-06-09T13:24:31+00:00
trackb_cont_ATEX_20260605,,,,,,71.793999,65.216003,,,,,,-0.4716,pending,,2026-06-09T13:24:31+00:00
trackb_cont_ATEX_20260608,,,,,,71.793999,65.5,,,,,,-1.7107,pending,,2026-06-09T13:24:31+00:00
trackb_cont_ATEX_20260609,,,,,,,,,,,,,,pending,,2026-06-09T13:24:31+00:00
trackb_cont_ATI_20260603,,,,,,182.5,174.949997,,,,,,-2.1396,pending,,2026-06-09T13:25:17+00:00
trackb_cont_ATI_20260604,,,,,,182.5,175.660004,,,,,,-1.7424,pending,,2026-06-09T13:25:17+00:00
trackb_cont_ATI_20260605,,,,,,182.5,175.660004,,,,,,-1.7424,pending,,2026-06-09T13:25:17+00:00
trackb_cont_ATI_20260608,,,,,,180.970001,176.539993,,,,,,-1.2502,pending,,2026-06-09T13:25:17+00:00
trackb_cont_ATI_20260609,,,,,,,,,,,,,,pending,,2026-06-09T13:25:17+00:00
trackb_cont_ATKR_20260608,,,,,,82.171997,79.989998,,,,,,-0.7691,pending,,2026-06-09T13:26:37+00:00
trackb_cont_AVAV_20260603,,,,,,205.550003,181.199997,,,,,,-5.733,pending,,2026-06-09T13:25:50+00:00
trackb_cont_AVAV_20260604,,,,,,205.550003,181.199997,,,,,,-5.733,pending,,2026-06-09T13:25:50+00:00
trackb_cont_AVAV_20260605,,,,,,200.869995,181.199997,,,,,,-5.733,pending,,2026-06-09T13:25:50+00:00
trackb_cont_AVAV_20260608,,,,,,190.220001,183.929993,,,,,,-4.3128,pending,,2026-06-09T13:25:50+00:00
trackb_cont_AVB_20260608,,,,,,190.389999,186.699997,,,,,,-1.5918,pending,,2026-06-09T13:26:30+00:00
trackb_cont_AVB_20260609,,,,,,,,,,,,,,pending,,2026-06-09T13:26:30+00:00
trackb_cont_AVGO_20260603,,,,,,495.0,385.589996,,,,,,-20.5264,pending,,2026-06-09T13:24:59+00:00
trackb_cont_AVGO_20260604,,,,,,426.480011,385.589996,,,,,,-20.5264,pending,,2026-06-09T13:24:59+00:00
trackb_cont_AVGO_20260605,,,,,,410.5,385.589996,,,,,,-20.5264,pending,,2026-06-09T13:24:59+00:00
trackb_cont_AVGO_20260608,,,,,,402.839996,391.350006,,,,,,-19.3392,pending,,2026-06-09T13:24:59+00:00
trackb_cont_AVTR_20260603,,,,,,10.005,8.825,,,,,,-0.5073,pending,,2026-06-09T13:25:43+00:00
trackb_cont_AVTR_20260604,,,,,,10.005,9.04,,,,,,1.9166,pending,,2026-06-09T13:25:43+00:00
trackb_cont_AVTR_20260605,,,,,,10.005,9.04,,,,,,1.9166,pending,,2026-06-09T13:25:43+00:00
trackb_cont_AVTR_20260608,,,,,,10.005,9.2,,,,,,3.7204,pending,,2026-06-09T13:25:43+00:00
trackb_cont_AVT_20260603,,,,,,94.099998,85.940002,,,,,,-7.849,pending,,2026-06-09T13:25:26+00:00
trackb_cont_AVT_20260604,,,,,,91.959999,85.940002,,,,,,-7.849,pending,,2026-06-09T13:25:26+00:00
trackb_cont_AVT_20260605,,,,,,88.970001,85.940002,,,,,,-7.849,pending,,2026-06-09T13:25:26+00:00
trackb_cont_AVT_20260608,,,,,,88.349998,86.089996,,,,,,-7.6882,pending,,2026-06-09T13:25:26+00:00
trackb_cont_AWR_20260603,,,,,,79.050003,76.220001,,,,,,-1.2822,pending,,2026-06-09T13:25:42+00:00
trackb_cont_AWR_20260604,,,,,,79.050003,76.400002,,,,,,-1.0491,pending,,2026-06-09T13:25:42+00:00
trackb_cont_AWR_20260605,,,,,,79.050003,76.400002,,,,,,-1.0491,pending,,2026-06-09T13:25:42+00:00
trackb_cont_AWR_20260608,,,,,,78.459999,76.830002,,,,,,-1.965,pending,,2026-06-09T13:25:42+00:00
trackb_cont_AWR_20260609,,,,,,,,,,,,,,pending,,2026-06-09T13:25:42+00:00
trackb_cont_AXON_20260603,,,,,,515.799988,465.26001,,,,,,-2.8827,pending,,2026-06-09T13:24:32+00:00
trackb_cont_AXON_20260604,,,,,,515.799988,470.75,,,,,,-1.7367,pending,,2026-06-09T13:24:32+00:00
trackb_cont_AXON_20260605,,,,,,514.98999,470.75,,,,,,-1.7367,pending,,2026-06-09T13:24:32+00:00
trackb_cont_AXON_20260608,,,,,,492.589996,470.75,,,,,,-1.7367,pending,,2026-06-09T13:24:32+00:00
trackb_cont_AXTA_20260603,,,,,,33.110001,30.57,,,,,,-2.2073,pending,,2026-06-09T13:26:02+00:00
trackb_cont_AXTA_20260604,,,,,,33.110001,31.615,,,,,,1.1356,pending,,2026-06-09T13:26:02+00:00
trackb_cont_AXTA_20260605,,,,,,33.110001,31.84,,,,,,1.8554,pending,,2026-06-09T13:26:02+00:00
trackb_cont_AXTA_20260608,,,,,,32.605,31.84,,,,,,1.8554,pending,,2026-06-09T13:26:02+00:00
trackb_cont_AYI_20260603,,,,,,313.769989,295.980011,,,,,,-4.7928,pending,,2026-06-09T13:24:50+00:00
trackb_cont_AYI_20260604,,,,,,312.25,295.980011,,,,,,-4.7928,pending,,2026-06-09T13:24:50+00:00
trackb_cont_AYI_20260605,,,,,,308.190002,295.980011,,,,,,-4.7928,pending,,2026-06-09T13:24:50+00:00
trackb_cont_AYI_20260608,,,,,,304.799988,295.980011,,,,,,-2.0064,pending,,2026-06-09T13:24:50+00:00
trackb_cont_AZTA_20260603,,,,,,24.360001,22.139999,,,,,,-7.5381,pending,,2026-06-09T13:25:46+00:00
trackb_cont_AZTA_20260604,,,,,,24.209999,22.139999,,,,,,-7.5381,pending,,2026-06-09T13:25:46+00:00
trackb_cont_AZTA_20260605,,,,,,23.18,22.139999,,,,,,-7.5381,pending,,2026-06-09T13:25:46+00:00
trackb_cont_AZTA_20260608,,,,,,23.18,22.24,,,,,,-1.9833,pending,,2026-06-09T13:25:46+00:00
trackb_cont_AZTA_20260609,,,,,,,,,,,,,,pending,,2026-06-09T13:25:46+00:00
trackb_cont_A_20260603,,,,,,141.089996,132.619995,,,,,,-4.3801,pending,,2026-06-09T13:25:20+00:00
trackb_cont_A_20260604,,,,,,141.089996,132.619995,,,,,,-4.3801,pending,,2026-06-09T13:25:20+00:00
trackb_cont_A_20260605,,,,,,139.0,132.619995,,,,,,-4.3801,pending,,2026-06-09T13:25:20+00:00
trackb_cont_A_20260608,,,,,,136.690002,132.619995,,,,,,-4.3801,pending,,2026-06-09T13:25:20+00:00
trackb_cont_BAH_20260603,,,,,,81.940002,77.709999,,,,,,-0.7028,pending,,2026-06-09T13:26:06+00:00
trackb_cont_BAH_20260604,,,,,,81.940002,78.040001,,,,,,-0.2811,pending,,2026-06-09T13:26:06+00:00
trackb_cont_BAH_20260605,,,,,,80.959999,78.040001,,,,,,-0.2811,pending,,2026-06-09T13:26:06+00:00
trackb_cont_BAH_20260608,,,,,,79.550003,78.040001,,,,,,-0.2811,pending,,2026-06-09T13:26:06+00:00
trackb_cont_BAX_20260609,,,,,,,,,,,,,,pending,,2026-06-09T13:26:47+00:00
trackb_cont_BBAI_20260603,,,,,,5.0,4.11,,,,,,-14.0653,pending,,2026-06-09T13:25:46+00:00
trackb_cont_BBAI_20260604,,,,,,4.98,4.11,,,,,,-14.0653,pending,,2026-06-09T13:25:46+00:00
trackb_cont_BBAI_20260605,,,,,,4.67,4.11,,,,,,-14.0653,pending,,2026-06-09T13:25:46+00:00
trackb_cont_BBAI_20260608,,,,,,4.49,4.2,,,,,,-12.1835,pending,,2026-06-09T13:25:46+00:00
trackb_cont_BBBY_20260603,,,,,,6.47,5.47,,,,,,-9.2116,pending,,2026-06-09T13:25:08+00:00
trackb_cont_BBBY_20260604,,,,,,6.47,5.47,,,,,,-9.2116,pending,,2026-06-09T13:25:08+00:00
trackb_cont_BBBY_20260605,,,,,,6.15,5.47,,,,,,-9.2116,pending,,2026-06-09T13:25:08+00:00
trackb_cont_BBBY_20260608,,,,,,5.91,5.47,,,,,,-9.2116,pending,,2026-06-09T13:25:08+00:00
trackb_cont_BBGI_20260603,,,,,,21.950001,18.26,,,,,,-4.1973,pending,,2026-06-09T13:25:36+00:00
trackb_cont_BBGI_20260604,,,,,,21.950001,18.790001,,,,,,-1.4166,pending,,2026-06-09T13:25:36+00:00
trackb_cont_BBGI_20260605,,,,,,21.950001,19.700001,,,,,,3.3578,pending,,2026-06-09T13:25:36+00:00
trackb_cont_BBGI_20260608,,,,,,21.610001,20.360001,,,,,,6.8206,pending,,2026-06-09T13:25:36+00:00
trackb_cont_BBSI_20260603,,,,,,35.130001,32.02,,,,,,-1.0965,pending,,2026-06-09T13:25:14+00:00
trackb_cont_BBSI_20260604,,,,,,35.130001,32.330002,,,,,,-0.139,pending,,2026-06-09T13:25:14+00:00
trackb_cont_BBSI_20260605,,,,,,33.880001,32.389999,,,,,,0.0463,pending,,2026-06-09T13:25:14+00:00
trackb_cont_BBY_20260603,,,,,,74.690002,69.709999,,,,,,-2.1202,pending,,2026-06-09T13:25:55+00:00
trackb_cont_BBY_20260604,,,,,,74.690002,69.709999,,,,,,-2.1202,pending,,2026-06-09T13:25:55+00:00
trackb_cont_BBY_20260605,,,,,,74.690002,69.709999,,,,,,-2.1202,pending,,2026-06-09T13:25:55+00:00
trackb_cont_BBY_20260609,,,,,,,,,,,,,,pending,,2026-06-09T13:25:55+00:00
trackb_cont_BCAR_20260603,,,,,,11.17,10.51,,,,,,-4.4111,pending,,2026-06-09T13:25:15+00:00
trackb_cont_BCAR_20260604,,,,,,11.07,10.51,,,,,,-4.4111,pending,,2026-06-09T13:25:15+00:00
trackb_cont_BCAR_20260605,,,,,,10.93,10.51,,,,,,-4.4111,pending,,2026-06-09T13:25:15+00:00
trackb_cont_BCHT_20260603,,,,,,2.28,1.88,,,,,,-7.4894,pending,,2026-06-09T13:26:08+00:00
trackb_cont_BCHT_20260604,,,,,,2.22,1.88,,,,,,-7.4894,pending,,2026-06-09T13:26:08+00:00
trackb_cont_BCHT_20260605,,,,,,2.22,1.88,,,,,,-7.4894,pending,,2026-06-09T13:26:08+00:00
trackb_cont_BCHT_20260608,,,,,,2.22,1.88,,,,,,-7.4894,pending,,2026-06-09T13:26:08+00:00
trackb_cont_BDN_20260603,,,,,,3.23,3.05,,,,,,-0.1637,pending,,2026-06-09T13:25:24+00:00
trackb_cont_BDN_20260604,,,,,,3.23,3.05,,,,,,-0.1637,pending,,2026-06-09T13:25:24+00:00
trackb_cont_BDN_20260605,,,,,,3.23,3.11,,,,,,1.8003,pending,,2026-06-09T13:25:24+00:00
trackb_cont_BDN_20260608,,,,,,3.23,3.18,,,,,,0.3155,pending,,2026-06-09T13:25:24+00:00
trackb_cont_BEN_20260608,,,,,,31.75,31.15,,,,,,-0.5745,pending,,2026-06-09T13:26:35+00:00
trackb_cont_BEPC_20260603,,,,,,40.540001,37.84,,,,,,-6.1506,pending,,2026-06-09T13:25:33+00:00
trackb_cont_BEPC_20260604,,,,,,39.52,37.84,,,,,,-6.1506,pending,,2026-06-09T13:25:33+00:00
trackb_cont_BEPC_20260605,,,,,,39.380001,38.080002,,,,,,-5.5553,pending,,2026-06-09T13:25:33+00:00
trackb_cont_BEPC_20260608,,,,,,39.380001,38.48,,,,,,-4.5633,pending,,2026-06-09T13:25:33+00:00
trackb_cont_BE_20260603,,,,,,298.5,248.582001,,,,,,-14.1918,pending,,2026-06-09T13:25:58+00:00
trackb_cont_BE_20260604,,,,,,295.690002,248.582001,,,,,,-14.1918,pending,,2026-06-09T13:25:58+00:00
trackb_cont_BE_20260605,,,,,,280.410004,248.582001,,,,,,-14.1918,pending,,2026-06-09T13:25:58+00:00
trackb_cont_BFH_20260603,,,,,,92.400002,87.449997,,,,,,-1.9729,pending,,2026-06-09T13:25:17+00:00
trackb_cont_BFH_20260604,,,,,,92.400002,88.790001,,,,,,-0.4708,pending,,2026-06-09T13:25:17+00:00
trackb_cont_BFH_20260605,,,,,,92.400002,90.080002,,,,,,0.9752,pending,,2026-06-09T13:25:17+00:00
trackb_cont_BFH_20260608,,,,,,92.400002,90.919998,,,,,,1.9168,pending,,2026-06-09T13:25:17+00:00
trackb_cont_BFH_20260609,,,,,,,,,,,,,,pending,,2026-06-09T13:25:17+00:00
trackb_cont_BG_20260603,,,,,,134.869995,125.18,,,,,,-6.5681,pending,,2026-06-09T13:26:05+00:00
trackb_cont_BG_20260604,,,,,,132.910004,125.18,,,,,,-6.5681,pending,,2026-06-09T13:26:05+00:00
trackb_cont_BG_20260605,,,,,,130.0,125.18,,,,,,-6.5681,pending,,2026-06-09T13:26:05+00:00
trackb_cont_BG_20260608,,,,,,128.940002,125.18,,,,,,-6.5681,pending,,2026-06-09T13:26:05+00:00
trackb_cont_BHE_20260603,,,,,,89.279999,83.029999,,,,,,-6.0002,pending,,2026-06-09T13:25:15+00:00
trackb_cont_BHE_20260604,,,,,,89.0,83.029999,,,,,,-6.0002,pending,,2026-06-09T13:25:15+00:00
trackb_cont_BHE_20260605,,,,,,87.110001,83.029999,,,,,,-6.0002,pending,,2026-06-09T13:25:15+00:00
trackb_cont_BHE_20260608,,,,,,86.699997,85.080002,,,,,,1.3823,pending,,2026-06-09T13:25:15+00:00
trackb_cont_BIO_20260603,,,,,,312.269989,291.119995,,,,,,-4.1391,pending,,2026-06-09T13:25:30+00:00
trackb_cont_BIO_20260604,,,,,,312.269989,291.119995,,,,,,-4.1391,pending,,2026-06-09T13:25:30+00:00
trackb_cont_BIO_20260605,,,,,,307.350006,291.119995,,,,,,-4.1391,pending,,2026-06-09T13:25:30+00:00
trackb_cont_BIO_20260608,,,,,,298.269989,291.119995,,,,,,-1.0873,pending,,2026-06-09T13:25:30+00:00
trackb_cont_BIPC_20260603,,,,,,41.924999,40.59,,,,,,-0.9517,pending,,2026-06-09T13:25:39+00:00
trackb_cont_BIPC_20260604,,,,,,41.924999,40.59,,,,,,-0.9517,pending,,2026-06-09T13:25:39+00:00
trackb_cont_BIPC_20260605,,,,,,41.924999,40.630001,,,,,,-0.8541,pending,,2026-06-09T13:25:39+00:00
trackb_cont_BIPC_20260608,,,,,,41.924999,40.630001,,,,,,-0.8541,pending,,2026-06-09T13:25:39+00:00
trackb_cont_BMRN_20260608,,,,,,56.889999,56.009998,,,,,,-1.3387,pending,,2026-06-09T13:26:33+00:00
trackb_cont_BNY_20260603,,,,,,144.979996,138.559998,,,,,,-0.9649,pending,,2026-06-09T13:25:41+00:00
trackb_cont_BNY_20260604,,,,,,144.979996,140.309998,,,,,,0.2859,pending,,2026-06-09T13:25:41+00:00
trackb_cont_BNY_20260605,,,,,,144.839996,141.740005,,,,,,1.308,pending,,2026-06-09T13:25:41+00:00
trackb_cont_BNY_20260608,,,,,,144.039993,141.740005,,,,,,1.308,pending,,2026-06-09T13:25:41+00:00
trackb_cont_BOC_20260603,,,,,,13.86,13.06,,,,,,-1.5825,pending,,2026-06-09T13:24:41+00:00
trackb_cont_BOC_20260604,,,,,,13.86,13.344,,,,,,0.5576,pending,,2026-06-09T13:24:41+00:00
trackb_cont_BOC_20260605,,,,,,13.86,13.38,,,,,,0.8289,pending,,2026-06-09T13:24:41+00:00
trackb_cont_BOC_20260608,,,,,,13.83,13.38,,,,,,-2.5492,pending,,2026-06-09T13:24:41+00:00
trackb_cont_BOOT_20260603,,,,,,174.660004,160.869995,,,,,,-4.8979,pending,,2026-06-09T13:25:03+00:00
trackb_cont_BOOT_20260604,,,,,,174.660004,160.869995,,,,,,-4.8979,pending,,2026-06-09T13:25:03+00:00
trackb_cont_BOOT_20260605,,,,,,171.039993,160.869995,,,,,,-4.8979,pending,,2026-06-09T13:25:03+00:00
trackb_cont_BOOT_20260608,,,,,,171.039993,160.869995,,,,,,-4.8979,pending,,2026-06-09T13:25:03+00:00
trackb_cont_BOOT_20260609,,,,,,,,,,,,,,pending,,2026-06-09T13:25:03+00:00
trackb_cont_BRC_20260603,,,,,,91.0,73.209999,,,,,,-16.4412,pending,,2026-06-09T13:25:14+00:00
trackb_cont_BRC_20260604,,,,,,91.0,73.209999,,,,,,-16.4412,pending,,2026-06-09T13:25:14+00:00
trackb_cont_BRC_20260605,,,,,,91.0,73.209999,,,,,,-16.4412,pending,,2026-06-09T13:25:14+00:00
trackb_cont_BRC_20260608,,,,,,88.0,73.209999,,,,,,-16.4412,pending,,2026-06-09T13:25:14+00:00
trackb_cont_BRC_20260609,,,,,,,,,,,,,,pending,,2026-06-09T13:25:14+00:00
trackb_cont_BRKR_20260603,,,,,,64.540001,55.950001,,,,,,-4.1624,pending,,2026-06-09T13:24:53+00:00
trackb_cont_BRKR_20260604,,,,,,64.540001,55.950001,,,,,,-4.1624,pending,,2026-06-09T13:24:53+00:00
trackb_cont_BRKR_20260605,,,,,,59.959999,55.950001,,,,,,-4.1624,pending,,2026-06-09T13:24:53+00:00
trackb_cont_BRKR_20260608,,,,,,58.509998,55.950001,,,,,,-4.1624,pending,,2026-06-09T13:24:53+00:00
trackb_cont_BROS_20260603,,,,,,58.5,54.0,,,,,,-2.869,pending,,2026-06-09T13:25:30+00:00
trackb_cont_BROS_20260604,,,,,,58.5,54.0,,,,,,-2.869,pending,,2026-06-09T13:25:30+00:00
trackb_cont_BROS_20260605,,,,,,57.27,54.0,,,,,,-2.869,pending,,2026-06-09T13:25:30+00:00
trackb_cont_BTOC_20260603,,,,,,0.352,0.318,,,,,,-7.2616,pending,,2026-06-09T13:26:03+00:00
trackb_cont_BTOC_20260604,,,,,,0.352,0.318,,,,,,-7.2616,pending,,2026-06-09T13:26:03+00:00
trackb_cont_BTOC_20260605,,,,,,0.352,0.319,,,,,,-6.97,pending,,2026-06-09T13:26:03+00:00
trackb_cont_BTOC_20260608,,,,,,0.34,0.319,,,,,,-6.97,pending,,2026-06-09T13:26:03+00:00
trackb_cont_BTSG_20260603,,,,,,61.02,56.200001,,,,,,-7.1074,pending,,2026-06-09T13:26:01+00:00
trackb_cont_BTSG_20260604,,,,,,59.610001,56.200001,,,,,,-7.1074,pending,,2026-06-09T13:26:01+00:00
trackb_cont_BTSG_20260605,,,,,,59.610001,56.200001,,,,,,-7.1074,pending,,2026-06-09T13:26:01+00:00
trackb_cont_BTSG_20260608,,,,,,59.610001,58.099998,,,,,,-3.9669,pending,,2026-06-09T13:26:01+00:00
trackb_cont_BURL_20260603,,,,,,332.799988,313.799988,,,,,,-4.6056,pending,,2026-06-09T13:26:01+00:00
trackb_cont_BURL_20260604,,,,,,332.799988,313.799988,,,,,,-4.6056,pending,,2026-06-09T13:26:01+00:00
trackb_cont_BURL_20260605,,,,,,324.48999,313.799988,,,,,,-4.6056,pending,,2026-06-09T13:26:01+00:00
trackb_cont_BURL_20260608,,,,,,324.48999,313.799988,,,,,,-1.0251,pending,,2026-06-09T13:26:01+00:00
trackb_cont_BWA_20260603,,,,,,78.82,71.660004,,,,,,-7.6725,pending,,2026-06-09T13:24:59+00:00
trackb_cont_BWA_20260604,,,,,,77.07,71.660004,,,,,,-7.6725,pending,,2026-06-09T13:24:59+00:00
trackb_cont_BWA_20260605,,,,,,76.360001,71.660004,,,,,,-7.6725,pending,,2026-06-09T13:24:59+00:00
trackb_cont_BWA_20260608,,,,,,76.360001,73.739998,,,,,,1.5283,pending,,2026-06-09T13:24:59+00:00
trackb_cont_BXP_20260603,,,,,,64.900002,60.310001,,,,,,-0.0994,pending,,2026-06-09T13:24:39+00:00
trackb_cont_BXP_20260604,,,,,,64.900002,61.200001,,,,,,1.3749,pending,,2026-06-09T13:24:39+00:00
trackb_cont_BXP_20260605,,,,,,64.900002,61.400002,,,,,,1.7061,pending,,2026-06-09T13:24:39+00:00
trackb_cont_BXP_20260608,,,,,,64.900002,62.23,,,,,,-0.1604,pending,,2026-06-09T13:24:39+00:00
trackb_cont_BYD_20260603,,,,,,89.93,84.449997,,,,,,-1.4701,pending,,2026-06-09T13:26:06+00:00
trackb_cont_BYD_20260604,,,,,,89.93,86.169998,,,,,,0.5367,pending,,2026-06-09T13:26:06+00:00
trackb_cont_BYD_20260605,,,,,,89.93,86.169998,,,,,,0.5367,pending,,2026-06-09T13:26:06+00:00
trackb_cont_BYD_20260608,,,,,,87.970001,86.169998,,,,,,-1.9347,pending,,2026-06-09T13:26:06+00:00
trackb_cont_BZH_20260603,,,,,,26.690001,25.370001,,,,,,-1.6095,pending,,2026-06-09T13:24:35+00:00
trackb_cont_BZH_20260604,,,,,,26.690001,25.370001,,,,,,-1.6095,pending,,2026-06-09T13:24:35+00:00
trackb_cont_BZH_20260605,,,,,,26.690001,25.370001,,,,,,-1.6095,pending,,2026-06-09T13:24:35+00:00
trackb_cont_BZH_20260608,,,,,,26.51,25.51,,,,,,-1.7334,pending,,2026-06-09T13:24:35+00:00
trackb_cont_CAKE_20260603,,,,,,68.110001,63.080002,,,,,,-3.2367,pending,,2026-06-09T13:25:54+00:00
trackb_cont_CAKE_20260604,,,,,,68.110001,63.080002,,,,,,-3.2367,pending,,2026-06-09T13:25:54+00:00
trackb_cont_CAKE_20260605,,,,,,68.110001,64.199997,,,,,,-1.5186,pending,,2026-06-09T13:25:54+00:00
trackb_cont_CAKE_20260608,,,,,,68.110001,65.43,,,,,,-1.0585,pending,,2026-06-09T13:25:54+00:00
trackb_cont_CAL_20260603,,,,,,15.04,12.17,,,,,,-13.8102,pending,,2026-06-09T13:25:22+00:00
trackb_cont_CAL_20260604,,,,,,15.04,12.17,,,,,,-13.8102,pending,,2026-06-09T13:25:22+00:00
trackb_cont_CAL_20260605,,,,,,14.3,12.17,,,,,,-13.8102,pending,,2026-06-09T13:25:22+00:00
trackb_cont_CAL_20260608,,,,,,13.7,12.54,,,,,,1.3743,pending,,2026-06-09T13:25:22+00:00
trackb_cont_CAT_20260603,,,,,,946.830017,901.5,,,,,,-3.1374,pending,,2026-06-09T13:26:01+00:00
trackb_cont_CAT_20260604,,,,,,946.830017,901.5,,,,,,-3.1374,pending,,2026-06-09T13:26:01+00:00
trackb_cont_CAT_20260605,,,,,,934.030029,901.5,,,,,,-3.1374,pending,,2026-06-09T13:26:01+00:00
trackb_cont_CAT_20260608,,,,,,927.340027,902.73999,,,,,,-3.0042,pending,,2026-06-09T13:26:01+00:00
trackb_cont_CBRL_20260603,,,,,,34.5,32.360001,,,,,,-2.8812,pending,,2026-06-09T13:26:05+00:00
trackb_cont_CBRL_20260604,,,,,,34.5,32.360001,,,,,,-2.8812,pending,,2026-06-09T13:26:05+00:00
trackb_cont_CBRL_20260605,,,,,,34.5,32.360001,,,,,,-2.8812,pending,,2026-06-09T13:26:05+00:00
trackb_cont_CBRL_20260608,,,,,,34.5,32.57,,,,,,-2.2509,pending,,2026-06-09T13:26:05+00:00
trackb_cont_CBZ_20260603,,,,,,34.25,31.59,,,,,,-0.4098,pending,,2026-06-09T13:25:32+00:00
trackb_cont_CBZ_20260604,,,,,,34.25,32.93,,,,,,3.8146,pending,,2026-06-09T13:25:32+00:00
trackb_cont_CBZ_20260605,,,,,,34.220001,33.150002,,,,,,4.5082,pending,,2026-06-09T13:25:32+00:00
trackb_cont_CBZ_20260608,,,,,,34.09,33.150002,,,,,,-2.2988,pending,,2026-06-09T13:25:32+00:00
trackb_cont_CCL_20260603,,,,,,28.09,26.940001,,,,,,-1.625,pending,,2026-06-09T13:25:26+00:00
trackb_cont_CCL_20260604,,,,,,28.09,26.940001,,,,,,-1.625,pending,,2026-06-09T13:25:26+00:00
trackb_cont_CCL_20260605,,,,,,28.09,26.940001,,,,,,-1.625,pending,,2026-06-09T13:25:26+00:00
trackb_cont_CCL_20260608,,,,,,27.389999,26.940001,,,,,,-1.7147,pending,,2026-06-09T13:25:26+00:00
trackb_cont_CCO_20260603,,,,,,2.41,2.4,,,,,,-0.2079,pending,,2026-06-09T13:26:00+00:00
trackb_cont_CCO_20260604,,,,,,2.41,2.4,,,,,,-0.2079,pending,,2026-06-09T13:26:00+00:00
trackb_cont_CCO_20260605,,,,,,2.41,2.4,,,,,,-0.2079,pending,,2026-06-09T13:26:00+00:00
trackb_cont_CCO_20260608,,,,,,2.41,2.4,,,,,,0.0,pending,,2026-06-09T13:26:00+00:00
trackb_cont_CCS_20260608,,,,,,56.369999,55.099998,,,,,,-0.7922,pending,,2026-06-09T13:26:29+00:00
trackb_cont_CDNS_20260603,,,,,,415.829987,373.540009,,,,,,-6.9778,pending,,2026-06-09T13:24:26+00:00
trackb_cont_CDNS_20260604,,,,,,415.829987,373.540009,,,,,,-6.9778,pending,,2026-06-09T13:24:26+00:00
trackb_cont_CDNS_20260605,,,,,,407.0,373.540009,,,,,,-6.9778,pending,,2026-06-09T13:24:26+00:00
trackb_cont_CDNS_20260608,,,,,,396.709991,381.850006,,,,,,1.5046,pending,,2026-06-09T13:24:26+00:00
trackb_cont_CDW_20260603,,,,,,140.770004,132.179993,,,,,,-3.6835,pending,,2026-06-09T13:24:36+00:00
trackb_cont_CDW_20260604,,,,,,140.770004,132.179993,,,,,,-3.6835,pending,,2026-06-09T13:24:36+00:00
trackb_cont_CDW_20260605,,,,,,140.320007,132.179993,,,,,,-3.6835,pending,,2026-06-09T13:24:36+00:00
trackb_cont_CDW_20260608,,,,,,137.809998,132.949997,,,,,,-0.0677,pending,,2026-06-09T13:24:36+00:00
trackb_cont_CDZI_20260603,,,,,,4.84,4.05,,,,,,-12.4324,pending,,2026-06-09T13:26:10+00:00
trackb_cont_CDZI_20260604,,,,,,4.66,4.05,,,,,,-12.4324,pending,,2026-06-09T13:26:10+00:00
trackb_cont_CDZI_20260605,,,,,,4.56,4.05,,,,,,-12.4324,pending,,2026-06-09T13:26:10+00:00
trackb_cont_CDZI_20260608,,,,,,4.3,4.05,,,,,,-12.4324,pending,,2026-06-09T13:26:10+00:00
trackb_cont_CHD_20260609,,,,,,,,,,,,,,pending,,2026-06-09T13:26:49+00:00
trackb_cont_CHEF_20260609,,,,,,,,,,,,,,pending,,2026-06-09T13:26:48+00:00
trackb_cont_CHRW_20260603,,,,,,189.270004,177.509995,,,,,,-2.1229,pending,,2026-06-09T13:25:33+00:00
trackb_cont_CHRW_20260604,,,,,,189.270004,180.360001,,,,,,-0.5514,pending,,2026-06-09T13:25:33+00:00
trackb_cont_CHRW_20260605,,,,,,189.270004,180.360001,,,,,,-0.5514,pending,,2026-06-09T13:25:33+00:00
trackb_cont_CHRW_20260608,,,,,,189.270004,180.360001,,,,,,-0.5514,pending,,2026-06-09T13:25:33+00:00
trackb_cont_CIA_20260603,,,,,,5.43,4.94,,,,,,-4.817,pending,,2026-06-09T13:25:59+00:00
trackb_cont_CIA_20260604,,,,,,5.43,4.94,,,,,,-4.817,pending,,2026-06-09T13:25:59+00:00
trackb_cont_CIA_20260605,,,,,,5.43,5.01,,,,,,-3.4682,pending,,2026-06-09T13:25:59+00:00
trackb_cont_CIEN_20260603,,,,,,637.51001,457.790009,,,,,,-27.0099,pending,,2026-06-09T13:24:30+00:00
trackb_cont_CIEN_20260604,,,,,,552.390015,457.790009,,,,,,-27.0099,pending,,2026-06-09T13:24:30+00:00
trackb_cont_CIEN_20260605,,,,,,525.150024,457.790009,,,,,,-27.0099,pending,,2026-06-09T13:24:30+00:00
trackb_cont_CIFR_20260603,,,,,,28.620001,21.219999,,,,,,-20.6284,pending,,2026-06-09T13:24:35+00:00
trackb_cont_CIFR_20260604,,,,,,26.33,21.219999,,,,,,-20.6284,pending,,2026-06-09T13:24:35+00:00
trackb_cont_CIFR_20260605,,,,,,24.58,21.219999,,,,,,-20.6284,pending,,2026-06-09T13:24:35+00:00
trackb_cont_CIFR_20260608,,,,,,24.51,22.75,,,,,,-14.9056,pending,,2026-06-09T13:24:35+00:00
trackb_cont_CLDT_20260603,,,,,,11.62,10.96,,,,,,-1.704,pending,,2026-06-09T13:24:31+00:00
trackb_cont_CLDT_20260604,,,,,,11.62,11.08,,,,,,-0.6278,pending,,2026-06-09T13:24:31+00:00
trackb_cont_CLDT_20260605,,,,,,11.62,11.41,,,,,,2.3318,pending,,2026-06-09T13:24:31+00:00
trackb_cont_CLDT_20260608,,,,,,11.62,11.45,,,,,,2.6906,pending,,2026-06-09T13:24:31+00:00
trackb_cont_CLDT_20260609,,,,,,,,,,,,,,pending,,2026-06-09T13:24:31+00:00
trackb_cont_CLF_20260603,,,,,,14.89,12.45,,,,,,-12.8151,pending,,2026-06-09T13:24:48+00:00
trackb_cont_CLF_20260604,,,,,,14.68,12.45,,,,,,-12.8151,pending,,2026-06-09T13:24:48+00:00
trackb_cont_CLF_20260605,,,,,,14.27,12.45,,,,,,-12.8151,pending,,2026-06-09T13:24:48+00:00
trackb_cont_CLF_20260608,,,,,,13.39,12.45,,,,,,-12.8151,pending,,2026-06-09T13:24:48+00:00
trackb_cont_CLMB_20260603,,,,,,24.17,21.5,,,,,,-0.3707,pending,,2026-06-09T13:25:18+00:00
trackb_cont_CLMB_20260604,,,,,,24.17,22.01,,,,,,1.9926,pending,,2026-06-09T13:25:18+00:00
trackb_cont_CLMB_20260605,,,,,,24.17,22.809999,,,,,,5.6997,pending,,2026-06-09T13:25:18+00:00
trackb_cont_CLMB_20260608,,,,,,24.17,23.139999,,,,,,-2.8547,pending,,2026-06-09T13:25:18+00:00
trackb_cont_CLMB_20260609,,,,,,,,,,,,,,pending,,2026-06-09T13:25:18+00:00
trackb_cont_CLMT_20260603,,,,,,38.75,34.959999,,,,,,-7.403,pending,,2026-06-09T13:25:01+00:00
trackb_cont_CLMT_20260604,,,,,,37.73,34.959999,,,,,,-7.403,pending,,2026-06-09T13:25:01+00:00
trackb_cont_CLMT_20260605,,,,,,37.130001,34.959999,,,,,,-7.403,pending,,2026-06-09T13:25:01+00:00
trackb_cont_CLMT_20260608,,,,,,36.119999,35.32,,,,,,-6.4495,pending,,2026-06-09T13:25:01+00:00
trackb_cont_CLOV_20260608,,,,,,3.95,3.81,,,,,,-0.5222,pending,,2026-06-09T13:26:34+00:00
trackb_cont_CLSK_20260603,,,,,,18.27,14.061,,,,,,-20.5144,pending,,2026-06-09T13:25:55+00:00
trackb_cont_CLSK_20260604,,,,,,17.165001,14.061,,,,,,-20.5144,pending,,2026-06-09T13:25:55+00:00
trackb_cont_CLSK_20260605,,,,,,16.924999,14.061,,,,,,-20.5144,pending,,2026-06-09T13:25:55+00:00
trackb_cont_CLSK_20260608,,,,,,16.924999,15.67,,,,,,-11.4189,pending,,2026-06-09T13:25:55+00:00
trackb_cont_CMCO_20260603,,,,,,15.77,12.43,,,,,,-18.0079,pending,,2026-06-09T13:25:42+00:00
trackb_cont_CMCO_20260604,,,,,,14.5,12.43,,,,,,-18.0079,pending,,2026-06-09T13:25:42+00:00
trackb_cont_CMCO_20260605,,,,,,14.29,12.43,,,,,,-18.0079,pending,,2026-06-09T13:25:42+00:00
trackb_cont_CMCO_20260608,,,,,,13.17,12.43,,,,,,-18.0079,pending,,2026-06-09T13:25:42+00:00
trackb_cont_CMC_20260603,,,,,,77.209999,73.169998,,,,,,-4.6645,pending,,2026-06-09T13:25:26+00:00
trackb_cont_CMC_20260604,,,,,,77.209999,73.169998,,,,,,-4.6645,pending,,2026-06-09T13:25:26+00:00
trackb_cont_CMC_20260605,,,,,,76.239998,73.169998,,,,,,-4.6645,pending,,2026-06-09T13:25:26+00:00
trackb_cont_CMC_20260608,,,,,,75.160004,73.169998,,,,,,-1.3216,pending,,2026-06-09T13:25:26+00:00
trackb_cont_CMP_20260603,,,,,,33.310001,29.459999,,,,,,-10.6731,pending,,2026-06-09T13:25:07+00:00
trackb_cont_CMP_20260604,,,,,,32.189999,29.459999,,,,,,-10.6731,pending,,2026-06-09T13:25:07+00:00
trackb_cont_CMP_20260605,,,,,,31.15,29.459999,,,,,,-10.6731,pending,,2026-06-09T13:25:07+00:00
trackb_cont_CMP_20260608,,,,,,30.52,29.459999,,,,,,-0.5737,pending,,2026-06-09T13:25:07+00:00
trackb_cont_CNC_20260603,,,,,,65.800003,58.23,,,,,,-0.8514,pending,,2026-06-09T13:25:48+00:00
trackb_cont_CNC_20260604,,,,,,65.800003,60.959999,,,,,,3.797,pending,,2026-06-09T13:25:48+00:00
trackb_cont_CNC_20260605,,,,,,65.800003,61.700001,,,,,,5.057,pending,,2026-06-09T13:25:48+00:00
trackb_cont_CNC_20260608,,,,,,65.800003,62.0,,,,,,5.5679,pending,,2026-06-09T13:25:48+00:00
trackb_cont_CNC_20260609,,,,,,,,,,,,,,pending,,2026-06-09T13:25:48+00:00
trackb_cont_CNK_20260603,,,,,,31.82,29.530001,,,,,,-1.4352,pending,,2026-06-09T13:25:13+00:00
trackb_cont_CNK_20260604,,,,,,31.82,29.969999,,,,,,0.0334,pending,,2026-06-09T13:25:13+00:00
trackb_cont_CNK_20260605,,,,,,31.82,30.860001,,,,,,3.004,pending,,2026-06-09T13:25:13+00:00
trackb_cont_CNK_20260608,,,,,,31.82,31.0,,,,,,3.4713,pending,,2026-06-09T13:25:13+00:00
trackb_cont_CNK_20260609,,,,,,,,,,,,,,pending,,2026-06-09T13:25:13+00:00
trackb_cont_CNM_20260603,,,,,,52.900002,50.470001,,,,,,-1.5796,pending,,2026-06-09T13:25:37+00:00
trackb_cont_CNM_20260604,,,,,,52.900002,51.490002,,,,,,0.4095,pending,,2026-06-09T13:25:37+00:00
trackb_cont_CNM_20260605,,,,,,52.900002,51.490002,,,,,,0.4095,pending,,2026-06-09T13:25:37+00:00
trackb_cont_CNM_20260608,,,,,,52.900002,51.490002,,,,,,-0.9236,pending,,2026-06-09T13:25:37+00:00
trackb_cont_CNM_20260609,,,,,,,,,,,,,,pending,,2026-06-09T13:25:37+00:00
trackb_cont_CNO_20260609,,,,,,,,,,,,,,pending,,2026-06-09T13:26:44+00:00
trackb_cont_CNP_20260609,,,,,,,,,,,,,,pending,,2026-06-09T13:26:48+00:00
trackb_cont_COHR_20260603,,,,,,440.0,375.089996,,,,,,-10.1936,pending,,2026-06-09T13:24:46+00:00
trackb_cont_COHR_20260604,,,,,,432.51001,375.089996,,,,,,-10.1936,pending,,2026-06-09T13:24:46+00:00
trackb_cont_COHR_20260605,,,,,,417.76001,375.089996,,,,,,-10.1936,pending,,2026-06-09T13:24:46+00:00
trackb_cont_COHR_20260608,,,,,,415.0,375.089996,,,,,,-10.1936,pending,,2026-06-09T13:24:46+00:00
trackb_cont_COHU_20260603,,,,,,58.459999,49.380001,,,,,,-12.6018,pending,,2026-06-09T13:24:44+00:00
trackb_cont_COHU_20260604,,,,,,57.419998,49.380001,,,,,,-12.6018,pending,,2026-06-09T13:24:44+00:00
trackb_cont_COHU_20260605,,,,,,54.540001,49.380001,,,,,,-12.6018,pending,,2026-06-09T13:24:44+00:00
trackb_cont_COHU_20260608,,,,,,54.029999,51.310001,,,,,,-9.1858,pending,,2026-06-09T13:24:44+00:00
trackb_cont_COLB_20260609,,,,,,,,,,,,,,pending,,2026-06-09T13:26:49+00:00
trackb_cont_COLD_20260603,,,,,,15.09,14.36,,,,,,-2.6771,pending,,2026-06-09T13:25:58+00:00
trackb_cont_COLD_20260604,,,,,,15.09,14.36,,,,,,-2.6771,pending,,2026-06-09T13:25:58+00:00
trackb_cont_COLD_20260605,,,,,,14.99,14.36,,,,,,-2.6771,pending,,2026-06-09T13:25:58+00:00
trackb_cont_COLM_20260603,,,,,,66.32,63.720001,,,,,,-3.0285,pending,,2026-06-09T13:25:25+00:00
trackb_cont_COLM_20260604,,,,,,66.040001,63.720001,,,,,,-3.0285,pending,,2026-06-09T13:25:25+00:00
trackb_cont_COLM_20260605,,,,,,65.519997,63.720001,,,,,,-3.0285,pending,,2026-06-09T13:25:25+00:00
trackb_cont_CORZ_20260603,,,,,,29.700001,25.18,,,,,,-13.8261,pending,,2026-06-09T13:25:23+00:00
trackb_cont_CORZ_20260604,,,,,,28.504999,25.18,,,,,,-13.8261,pending,,2026-06-09T13:25:23+00:00
trackb_cont_CORZ_20260605,,,,,,27.34,25.18,,,,,,-13.8261,pending,,2026-06-09T13:25:23+00:00
trackb_cont_CORZ_20260608,,,,,,27.34,25.940001,,,,,,0.3482,pending,,2026-06-09T13:25:23+00:00
trackb_cont_CPB_20260603,,,,,,22.299999,20.620001,,,,,,-4.4486,pending,,2026-06-09T13:26:02+00:00
trackb_cont_CPB_20260604,,,,,,22.299999,20.620001,,,,,,-4.4486,pending,,2026-06-09T13:26:02+00:00
trackb_cont_CPB_20260605,,,,,,22.299999,20.620001,,,,,,-4.4486,pending,,2026-06-09T13:26:02+00:00
trackb_cont_CPB_20260608,,,,,,22.299999,20.620001,,,,,,-4.4486,pending,,2026-06-09T13:26:02+00:00
trackb_cont_CPT_20260609,,,,,,,,,,,,,,pending,,2026-06-09T13:26:45+00:00
trackb_cont_CRI_20260603,,,,,,39.77,36.900002,,,,,,-5.9153,pending,,2026-06-09T13:25:29+00:00
trackb_cont_CRI_20260604,,,,,,39.77,36.900002,,,,,,-5.9153,pending,,2026-06-09T13:25:29+00:00
trackb_cont_CRI_20260605,,,,,,39.77,37.369999,,,,,,-4.717,pending,,2026-06-09T13:25:29+00:00
trackb_cont_CRI_20260608,,,,,,39.77,38.220001,,,,,,-2.5497,pending,,2026-06-09T13:25:29+00:00
trackb_cont_CRL_20260608,,,,,,187.240005,181.460007,,,,,,0.0662,pending,,2026-06-09T13:26:35+00:00
trackb_cont_CRM_20260603,,,,,,198.089996,181.710007,,,,,,-4.8962,pending,,2026-06-09T13:25:52+00:00
trackb_cont_CRM_20260604,,,,,,198.089996,181.710007,,,,,,-4.8962,pending,,2026-06-09T13:25:52+00:00
trackb_cont_CRM_20260605,,,,,,192.509995,181.710007,,,,,,-4.8962,pending,,2026-06-09T13:25:52+00:00
trackb_cont_CRM_20260608,,,,,,185.020004,181.710007,,,,,,-4.8962,pending,,2026-06-09T13:25:52+00:00
trackb_cont_CROX_20260603,,,,,,124.82,115.699997,,,,,,-2.593,pending,,2026-06-09T13:25:31+00:00
trackb_cont_CROX_20260604,,,,,,124.82,116.550003,,,,,,-1.8774,pending,,2026-06-09T13:25:31+00:00
trackb_cont_CROX_20260605,,,,,,124.82,116.550003,,,,,,-1.8774,pending,,2026-06-09T13:25:31+00:00
trackb_cont_CROX_20260608,,,,,,124.82,120.43,,,,,,0.9049,pending,,2026-06-09T13:25:31+00:00
trackb_cont_CRSR_20260603,,,,,,11.29,8.645,,,,,,-19.0922,pending,,2026-06-09T13:25:58+00:00
trackb_cont_CRSR_20260604,,,,,,10.28,8.645,,,,,,-19.0922,pending,,2026-06-09T13:25:58+00:00
trackb_cont_CRSR_20260605,,,,,,9.69,8.645,,,,,,-19.0922,pending,,2026-06-09T13:25:58+00:00
trackb_cont_CRS_20260603,,,,,,501.790009,477.829987,,,,,,-1.7437,pending,,2026-06-09T13:24:56+00:00
trackb_cont_CRS_20260604,,,,,,501.790009,477.829987,,,,,,-1.7437,pending,,2026-06-09T13:24:56+00:00
trackb_cont_CRS_20260605,,,,,,501.790009,480.700012,,,,,,-1.1536,pending,,2026-06-09T13:24:56+00:00
trackb_cont_CRS_20260608,,,,,,501.790009,483.869995,,,,,,0.0558,pending,,2026-06-09T13:24:56+00:00
trackb_cont_CRWD_20260603,,,,,,767.0,652.01001,,,,,,-13.2631,pending,,2026-06-09T13:24:43+00:00
trackb_cont_CRWD_20260604,,,,,,720.960022,652.01001,,,,,,-13.2631,pending,,2026-06-09T13:24:43+00:00
trackb_cont_CRWD_20260605,,,,,,706.219971,652.01001,,,,,,-13.2631,pending,,2026-06-09T13:24:43+00:00
trackb_cont_CRWD_20260608,,,,,,684.0,652.01001,,,,,,-13.2631,pending,,2026-06-09T13:24:43+00:00
trackb_cont_CSCO_20260603,,,,,,130.369995,121.550003,,,,,,-4.9871,pending,,2026-06-09T13:24:25+00:00
trackb_cont_CSCO_20260604,,,,,,130.369995,121.550003,,,,,,-4.9871,pending,,2026-06-09T13:24:25+00:00
trackb_cont_CSCO_20260605,,,,,,128.839996,121.550003,,,,,,-4.9871,pending,,2026-06-09T13:24:25+00:00
trackb_cont_CSCO_20260608,,,,,,126.440002,122.0,,,,,,0.296,pending,,2026-06-09T13:24:25+00:00
trackb_cont_CTAS_20260603,,,,,,182.729996,171.949997,,,,,,-0.9219,pending,,2026-06-09T13:25:34+00:00
trackb_cont_CTAS_20260604,,,,,,182.729996,173.5,,,,,,-0.0288,pending,,2026-06-09T13:25:34+00:00
trackb_cont_CTAS_20260605,,,,,,182.729996,173.5,,,,,,-0.0288,pending,,2026-06-09T13:25:34+00:00
trackb_cont_CTAS_20260608,,,,,,178.669998,173.5,,,,,,-3.5307,pending,,2026-06-09T13:25:34+00:00
trackb_cont_CTAS_20260609,,,,,,,,,,,,,,pending,,2026-06-09T13:25:34+00:00
trackb_cont_CUBE_20260609,,,,,,,,,,,,,,pending,,2026-06-09T13:26:49+00:00
trackb_cont_CURB_20260603,,,,,,29.6,28.57,,,,,,-1.2785,pending,,2026-06-09T13:25:49+00:00
trackb_cont_CURB_20260604,,,,,,29.6,28.73,,,,,,-0.7256,pending,,2026-06-09T13:25:49+00:00
trackb_cont_CURB_20260605,,,,,,29.6,28.73,,,,,,-0.7256,pending,,2026-06-09T13:25:49+00:00
trackb_cont_CURB_20260608,,,,,,29.6,28.98,,,,,,0.1382,pending,,2026-06-09T13:25:49+00:00
trackb_cont_CURI_20260603,,,,,,3.28,2.76,,,,,,-9.5082,pending,,2026-06-09T13:24:58+00:00
trackb_cont_CURI_20260604,,,,,,3.28,2.76,,,,,,-9.5082,pending,,2026-06-09T13:24:58+00:00
trackb_cont_CURI_20260605,,,,,,3.05,2.76,,,,,,-9.5082,pending,,2026-06-09T13:24:58+00:00
trackb_cont_CURI_20260608,,,,,,2.895,2.81,,,,,,-7.8689,pending,,2026-06-09T13:24:58+00:00
trackb_cont_CUZ_20260603,,,,,,28.559999,27.15,,,,,,-0.1104,pending,,2026-06-09T13:24:27+00:00
trackb_cont_CUZ_20260604,,,,,,28.559999,27.370001,,,,,,0.699,pending,,2026-06-09T13:24:27+00:00
trackb_cont_CUZ_20260605,,,,,,28.559999,27.49,,,,,,1.1405,pending,,2026-06-09T13:24:27+00:00
trackb_cont_CUZ_20260608,,,,,,28.559999,27.82,,,,,,0.4695,pending,,2026-06-09T13:24:27+00:00
trackb_cont_CUZ_20260609,,,,,,,,,,,,,,pending,,2026-06-09T13:24:27+00:00
trackb_cont_CVCO_20260603,,,,,,571.530029,531.840027,,,,,,-1.1192,pending,,2026-06-09T13:25:12+00:00
trackb_cont_CVCO_20260604,,,,,,571.530029,539.359985,,,,,,0.2789,pending,,2026-06-09T13:25:12+00:00
trackb_cont_CVCO_20260605,,,,,,571.530029,545.98999,,,,,,1.5115,pending,,2026-06-09T13:25:12+00:00
trackb_cont_CVCO_20260608,,,,,,571.530029,547.390015,,,,,,-0.4583,pending,,2026-06-09T13:25:12+00:00
trackb_cont_CVCO_20260609,,,,,,,,,,,,,,pending,,2026-06-09T13:25:12+00:00
trackb_cont_CVI_20260603,,,,,,36.43,32.91,,,,,,-8.5833,pending,,2026-06-09T13:24:45+00:00
trackb_cont_CVI_20260604,,,,,,34.490002,32.91,,,,,,-8.5833,pending,,2026-06-09T13:24:45+00:00
trackb_cont_CVI_20260605,,,,,,34.330002,32.91,,,,,,-8.5833,pending,,2026-06-09T13:24:45+00:00
trackb_cont_CVLG_20260603,,,,,,45.07,41.310001,,,,,,-1.7804,pending,,2026-06-09T13:24:27+00:00
trackb_cont_CVLG_20260604,,,,,,45.07,42.349998,,,,,,0.6924,pending,,2026-06-09T13:24:27+00:00
trackb_cont_CVLG_20260605,,,,,,45.07,42.68,,,,,,1.477,pending,,2026-06-09T13:24:27+00:00
trackb_cont_CVLG_20260608,,,,,,45.07,43.68,,,,,,3.8546,pending,,2026-06-09T13:24:27+00:00
trackb_cont_CVLG_20260609,,,,,,,,,,,,,,pending,,2026-06-09T13:24:27+00:00
trackb_cont_CVS_20260609,,,,,,,,,,,,,,pending,,2026-06-09T13:26:44+00:00
trackb_cont_CWEN_20260603,,,,,,41.459999,38.91,,,,,,-5.6499,pending,,2026-06-09T13:24:54+00:00
trackb_cont_CWEN_20260604,,,,,,40.93,38.91,,,,,,-5.6499,pending,,2026-06-09T13:24:54+00:00
trackb_cont_CWEN_20260605,,,,,,40.639999,38.91,,,,,,-5.6499,pending,,2026-06-09T13:24:54+00:00
trackb_cont_CWEN_20260608,,,,,,40.639999,38.91,,,,,,-2.0886,pending,,2026-06-09T13:24:54+00:00
trackb_cont_CWT_20260603,,,,,,46.23,44.59,,,,,,-1.1363,pending,,2026-06-09T13:25:09+00:00
trackb_cont_CWT_20260604,,,,,,46.23,44.93,,,,,,-0.3825,pending,,2026-06-09T13:25:09+00:00
trackb_cont_CWT_20260605,,,,,,46.23,45.130001,,,,,,0.061,pending,,2026-06-09T13:25:09+00:00
trackb_cont_CWT_20260608,,,,,,46.110001,45.130001,,,,,,-1.5059,pending,,2026-06-09T13:25:09+00:00
trackb_cont_CWT_20260609,,,,,,,,,,,,,,pending,,2026-06-09T13:25:09+00:00
trackb_cont_CXW_20260603,,,,,,24.940001,21.129999,,,,,,-1.9717,pending,,2026-06-09T13:26:14+00:00
trackb_cont_CXW_20260604,,,,,,24.940001,21.85,,,,,,1.3686,pending,,2026-06-09T13:26:14+00:00
trackb_cont_CXW_20260605,,,,,,24.940001,22.74,,,,,,5.4976,pending,,2026-06-09T13:26:14+00:00
trackb_cont_CXW_20260608,,,,,,24.940001,23.0,,,,,,6.7038,pending,,2026-06-09T13:26:14+00:00
trackb_cont_CXW_20260609,,,,,,,,,,,,,,pending,,2026-06-09T13:26:14+00:00
trackb_cont_CYRX_20260603,,,,,,16.73,15.35,,,,,,-6.2882,pending,,2026-06-09T13:25:05+00:00
trackb_cont_CYRX_20260604,,,,,,16.73,15.35,,,,,,-6.2882,pending,,2026-06-09T13:25:05+00:00
trackb_cont_CYRX_20260605,,,,,,16.1,15.35,,,,,,-6.2882,pending,,2026-06-09T13:25:05+00:00
trackb_cont_CYRX_20260608,,,,,,16.0,15.35,,,,,,-6.2882,pending,,2026-06-09T13:25:05+00:00
trackb_cont_CZR_20260603,,,,,,29.375,29.110001,,,,,,-0.4616,pending,,2026-06-09T13:24:29+00:00
trackb_cont_CZR_20260604,,,,,,29.375,29.110001,,,,,,-0.4616,pending,,2026-06-09T13:24:29+00:00
trackb_cont_CZR_20260605,,,,,,29.375,29.110001,,,,,,-0.4616,pending,,2026-06-09T13:24:29+00:00
trackb_cont_CZR_20260608,,,,,,29.375,29.18,,,,,,-0.0685,pending,,2026-06-09T13:24:29+00:00
trackb_cont_C_20260603,,,,,,135.830002,128.270004,,,,,,-0.6814,pending,,2026-06-09T13:25:02+00:00
trackb_cont_C_20260604,,,,,,135.830002,130.869995,,,,,,1.3318,pending,,2026-06-09T13:25:02+00:00
trackb_cont_C_20260605,,,,,,135.830002,131.190002,,,,,,1.5796,pending,,2026-06-09T13:25:02+00:00
trackb_cont_C_20260608,,,,,,134.880005,132.970001,,,,,,0.3774,pending,,2026-06-09T13:25:02+00:00
trackb_cont_DAL_20260603,,,,,,80.440002,78.199997,,,,,,-1.0628,pending,,2026-06-09T13:25:56+00:00
trackb_cont_DAL_20260604,,,,,,80.440002,78.199997,,,,,,-1.0628,pending,,2026-06-09T13:25:56+00:00
trackb_cont_DAL_20260605,,,,,,80.050003,78.199997,,,,,,-1.0628,pending,,2026-06-09T13:25:56+00:00
trackb_cont_DAL_20260608,,,,,,80.010002,78.199997,,,,,,-1.0628,pending,,2026-06-09T13:25:56+00:00
trackb_cont_DAN_20260603,,,,,,37.540001,34.91,,,,,,-6.3573,pending,,2026-06-09T13:24:55+00:00
trackb_cont_DAN_20260604,,,,,,36.849998,34.91,,,,,,-6.3573,pending,,2026-06-09T13:24:55+00:00
trackb_cont_DAN_20260605,,,,,,36.810001,34.91,,,,,,-6.3573,pending,,2026-06-09T13:24:55+00:00
trackb_cont_DAN_20260608,,,,,,36.810001,35.75,,,,,,-4.1041,pending,,2026-06-09T13:24:55+00:00
trackb_cont_DBI_20260603,,,,,,9.17,7.95,,,,,,-7.5581,pending,,2026-06-09T13:24:28+00:00
trackb_cont_DBI_20260604,,,,,,9.17,7.95,,,,,,-7.5581,pending,,2026-06-09T13:24:28+00:00
trackb_cont_DBI_20260605,,,,,,9.02,7.95,,,,,,-7.5581,pending,,2026-06-09T13:24:28+00:00
trackb_cont_DBI_20260608,,,,,,9.01,8.32,,,,,,-3.2558,pending,,2026-06-09T13:24:28+00:00
trackb_cont_DDD_20260603,,,,,,3.88,2.83,,,,,,-24.5333,pending,,2026-06-09T13:25:18+00:00
trackb_cont_DDD_20260604,,,,,,3.39,2.83,,,,,,-24.5333,pending,,2026-06-09T13:25:18+00:00
trackb_cont_DDD_20260605,,,,,,3.08,2.83,,,,,,-24.5333,pending,,2026-06-09T13:25:18+00:00
trackb_cont_DDD_20260608,,,,,,3.01,2.84,,,,,,-24.2667,pending,,2026-06-09T13:25:18+00:00
trackb_cont_DDOG_20260603,,,,,,262.200012,228.740005,,,,,,-7.1634,pending,,2026-06-09T13:24:52+00:00
trackb_cont_DDOG_20260604,,,,,,251.399994,228.740005,,,,,,-7.1634,pending,,2026-06-09T13:24:52+00:00
trackb_cont_DDOG_20260605,,,,,,241.610001,228.740005,,,,,,-7.1634,pending,,2026-06-09T13:24:52+00:00
trackb_cont_DDOG_20260608,,,,,,240.789993,228.740005,,,,,,-7.1634,pending,,2026-06-09T13:24:52+00:00
trackb_cont_DEA_20260603,,,,,,24.17,23.469999,,,,,,-0.8868,pending,,2026-06-09T13:26:14+00:00
trackb_cont_DEA_20260604,,,,,,24.17,23.469999,,,,,,-0.8868,pending,,2026-06-09T13:26:14+00:00
trackb_cont_DEA_20260605,,,,,,24.17,23.684999,,,,,,0.0211,pending,,2026-06-09T13:26:14+00:00
trackb_cont_DEA_20260609,,,,,,,,,,,,,,pending,,2026-06-09T13:26:14+00:00
trackb_cont_DECK_20260603,,,,,,111.25,105.129997,,,,,,-1.5683,pending,,2026-06-09T13:25:50+00:00
trackb_cont_DECK_20260604,,,,,,111.25,107.169998,,,,,,0.3417,pending,,2026-06-09T13:25:50+00:00
trackb_cont_DECK_20260605,,,,,,111.25,107.209999,,,,,,0.3792,pending,,2026-06-09T13:25:50+00:00
trackb_cont_DECK_20260608,,,,,,111.25,107.5,,,,,,-0.5826,pending,,2026-06-09T13:25:50+00:00
trackb_cont_DEI_20260608,,,,,,12.51,12.24,,,,,,0.3279,pending,,2026-06-09T13:26:36+00:00
trackb_cont_DELL_20260603,,,,,,436.0,385.609985,,,,,,-7.12,pending,,2026-06-09T13:25:18+00:00
trackb_cont_DELL_20260604,,,,,,430.5,385.609985,,,,,,-7.12,pending,,2026-06-09T13:25:18+00:00
trackb_cont_DELL_20260605,,,,,,412.899994,385.609985,,,,,,-7.12,pending,,2026-06-09T13:25:18+00:00
trackb_cont_DELL_20260608,,,,,,406.5,385.609985,,,,,,-7.12,pending,,2026-06-09T13:25:18+00:00
trackb_cont_DEVS_20260603,,,,,,0.919,0.401,,,,,,-49.6358,pending,,2026-06-09T13:25:34+00:00
trackb_cont_DEVS_20260604,,,,,,0.897,0.401,,,,,,-49.6358,pending,,2026-06-09T13:25:34+00:00
trackb_cont_DEVS_20260605,,,,,,0.897,0.401,,,,,,-49.6358,pending,,2026-06-09T13:25:34+00:00
trackb_cont_DEVS_20260608,,,,,,0.897,0.401,,,,,,-49.6358,pending,,2026-06-09T13:25:34+00:00
trackb_cont_DE_20260603,,,,,,604.51001,565.690002,,,,,,-4.0683,pending,,2026-06-09T13:25:38+00:00
trackb_cont_DE_20260604,,,,,,604.51001,565.690002,,,,,,-4.0683,pending,,2026-06-09T13:25:38+00:00
trackb_cont_DE_20260605,,,,,,597.820007,565.690002,,,,,,-4.0683,pending,,2026-06-09T13:25:38+00:00
trackb_cont_DE_20260608,,,,,,592.609985,565.690002,,,,,,-4.0683,pending,,2026-06-09T13:25:38+00:00
trackb_cont_DE_20260609,,,,,,,,,,,,,,pending,,2026-06-09T13:25:38+00:00
trackb_cont_DFH_20260603,,,,,,14.99,14.08,,,,,,-1.7446,pending,,2026-06-09T13:26:11+00:00
trackb_cont_DFH_20260604,,,,,,14.84,14.08,,,,,,-1.7446,pending,,2026-06-09T13:26:11+00:00
trackb_cont_DFH_20260605,,,,,,14.81,14.08,,,,,,-1.7446,pending,,2026-06-09T13:26:11+00:00
trackb_cont_DGII_20260603,,,,,,70.300003,65.400002,,,,,,-3.4473,pending,,2026-06-09T13:24:53+00:00
trackb_cont_DGII_20260604,,,,,,69.400002,65.400002,,,,,,-3.4473,pending,,2026-06-09T13:24:53+00:00
trackb_cont_DGII_20260605,,,,,,69.019997,65.400002,,,,,,-3.4473,pending,,2026-06-09T13:24:53+00:00
trackb_cont_DGII_20260608,,,,,,69.019997,66.230003,,,,,,0.4246,pending,,2026-06-09T13:24:53+00:00
trackb_cont_DGXX_20260603,,,,,,8.52,5.97,,,,,,-22.3667,pending,,2026-06-09T13:26:15+00:00
trackb_cont_DGXX_20260604,,,,,,8.0,5.97,,,,,,-22.3667,pending,,2026-06-09T13:26:15+00:00
trackb_cont_DGXX_20260605,,,,,,7.26,5.97,,,,,,-22.3667,pending,,2026-06-09T13:26:15+00:00
trackb_cont_DHI_20260603,,,,,,147.960007,143.630005,,,,,,-0.9448,pending,,2026-06-09T13:25:57+00:00
trackb_cont_DHI_20260604,,,,,,147.960007,143.630005,,,,,,-0.9448,pending,,2026-06-09T13:25:57+00:00
trackb_cont_DHI_20260605,,,,,,147.059998,143.630005,,,,,,-0.9448,pending,,2026-06-09T13:25:57+00:00
trackb_cont_DHI_20260608,,,,,,145.949997,143.630005,,,,,,-0.9448,pending,,2026-06-09T13:25:57+00:00
trackb_cont_DINO_20260603,,,,,,74.379997,70.690002,,,,,,-4.5181,pending,,2026-06-09T13:25:16+00:00
trackb_cont_DINO_20260604,,,,,,73.919998,70.690002,,,,,,-4.5181,pending,,2026-06-09T13:25:16+00:00
trackb_cont_DINO_20260605,,,,,,73.919998,70.690002,,,,,,-4.5181,pending,,2026-06-09T13:25:16+00:00
trackb_cont_DINO_20260608,,,,,,73.919998,71.629997,,,,,,0.3362,pending,,2026-06-09T13:25:16+00:00
trackb_cont_DK_20260608,,,,,,50.330002,47.950001,,,,,,-0.6835,pending,,2026-06-09T13:26:34+00:00
trackb_cont_DLTR_20260603,,,,,,115.230003,107.540001,,,,,,-2.5332,pending,,2026-06-09T13:25:57+00:00
trackb_cont_DLTR_20260604,,,,,,115.230003,107.540001,,,,,,-2.5332,pending,,2026-06-09T13:25:57+00:00
trackb_cont_DLTR_20260605,,,,,,110.769997,107.540001,,,,,,-2.5332,pending,,2026-06-09T13:25:57+00:00
trackb_cont_DLTR_20260608,,,,,,110.25,107.540001,,,,,,-2.5332,pending,,2026-06-09T13:25:57+00:00
trackb_cont_DLTR_20260609,,,,,,,,,,,,,,pending,,2026-06-09T13:25:57+00:00
trackb_cont_DNOW_20260608,,,,,,13.729,13.32,,,,,,0.6803,pending,,2026-06-09T13:26:33+00:00
trackb_cont_DOCN_20260603,,,,,,184.460007,160.880005,,,,,,-7.858,pending,,2026-06-09T13:24:57+00:00
trackb_cont_DOCN_20260604,,,,,,184.460007,160.880005,,,,,,-7.858,pending,,2026-06-09T13:24:57+00:00
trackb_cont_DOCN_20260605,,,,,,180.5,161.080002,,,,,,-7.7434,pending,,2026-06-09T13:24:57+00:00
trackb_cont_DOCN_20260608,,,,,,174.735992,161.080002,,,,,,-7.7434,pending,,2026-06-09T13:24:57+00:00
trackb_cont_DOC_20260603,,,,,,20.0,19.07,,,,,,-1.3706,pending,,2026-06-09T13:25:43+00:00
trackb_cont_DOC_20260604,,,,,,20.0,19.23,,,,,,-0.5431,pending,,2026-06-09T13:25:43+00:00
trackb_cont_DOC_20260605,,,,,,20.0,19.450001,,,,,,0.5948,pending,,2026-06-09T13:25:43+00:00
trackb_cont_DORM_20260603,,,,,,130.259995,123.839996,,,,,,-0.354,pending,,2026-06-09T13:24:52+00:00
trackb_cont_DORM_20260604,,,,,,130.259995,124.889999,,,,,,0.4908,pending,,2026-06-09T13:24:52+00:00
trackb_cont_DORM_20260605,,,,,,130.259995,125.309998,,,,,,0.8288,pending,,2026-06-09T13:24:52+00:00
trackb_cont_DORM_20260608,,,,,,130.259995,126.349998,,,,,,-0.5353,pending,,2026-06-09T13:24:52+00:00
trackb_cont_DRH_20260603,,,,,,11.78,11.07,,,,,,-1.3808,pending,,2026-06-09T13:25:00+00:00
trackb_cont_DRH_20260604,,,,,,11.78,11.32,,,,,,0.8463,pending,,2026-06-09T13:25:00+00:00
trackb_cont_DRH_20260605,,,,,,11.78,11.53,,,,,,2.7171,pending,,2026-06-09T13:25:00+00:00
trackb_cont_DRH_20260608,,,,,,11.78,11.6,,,,,,-0.0861,pending,,2026-06-09T13:25:00+00:00
trackb_cont_DRH_20260609,,,,,,,,,,,,,,pending,,2026-06-09T13:25:00+00:00
trackb_cont_DVA_20260603,,,,,,199.149994,186.610001,,,,,,-3.0144,pending,,2026-06-09T13:26:08+00:00
trackb_cont_DVA_20260604,,,,,,199.149994,190.429993,,,,,,-1.0291,pending,,2026-06-09T13:26:08+00:00
trackb_cont_DVA_20260605,,,,,,196.380005,190.429993,,,,,,-1.0291,pending,,2026-06-09T13:26:08+00:00
trackb_cont_DVA_20260608,,,,,,193.729996,190.429993,,,,,,-1.0291,pending,,2026-06-09T13:26:08+00:00
trackb_cont_DXCM_20260603,,,,,,78.519997,71.529999,,,,,,-0.825,pending,,2026-06-09T13:25:27+00:00
trackb_cont_DXCM_20260604,,,,,,78.519997,71.529999,,,,,,-0.825,pending,,2026-06-09T13:25:27+00:00
trackb_cont_DXCM_20260605,,,,,,78.519997,72.519997,,,,,,0.5477,pending,,2026-06-09T13:25:27+00:00
trackb_cont_DXCM_20260608,,,,,,78.519997,73.0,,,,,,0.1921,pending,,2026-06-09T13:25:27+00:00
trackb_cont_D_20260603,,,,,,67.519997,65.459999,,,,,,-1.697,pending,,2026-06-09T13:25:54+00:00
trackb_cont_D_20260604,,,,,,67.519997,65.470001,,,,,,-1.6819,pending,,2026-06-09T13:25:54+00:00
trackb_cont_D_20260605,,,,,,67.519997,65.510002,,,,,,-1.6219,pending,,2026-06-09T13:25:54+00:00
trackb_cont_D_20260608,,,,,,67.199997,65.510002,,,,,,-1.6219,pending,,2026-06-09T13:25:54+00:00
trackb_cont_D_20260609,,,,,,,,,,,,,,pending,,2026-06-09T13:25:54+00:00
trackb_cont_EA_20260603,,,,,,203.899994,201.809998,,,,,,-0.3604,pending,,2026-06-09T13:25:25+00:00
trackb_cont_EA_20260604,,,,,,203.899994,202.490005,,,,,,-0.0247,pending,,2026-06-09T13:25:25+00:00
trackb_cont_EA_20260605,,,,,,203.899994,202.490005,,,,,,-0.0247,pending,,2026-06-09T13:25:25+00:00
trackb_cont_EA_20260608,,,,,,203.729996,202.490005,,,,,,-0.2512,pending,,2026-06-09T13:25:25+00:00
trackb_cont_EEX_20260603,,,,,,5.0,4.97,,,,,,-0.1005,pending,,2026-06-09T13:25:15+00:00
trackb_cont_EEX_20260604,,,,,,5.0,4.97,,,,,,-0.1005,pending,,2026-06-09T13:25:15+00:00
trackb_cont_EEX_20260605,,,,,,5.0,4.97,,,,,,-0.1005,pending,,2026-06-09T13:25:15+00:00
trackb_cont_EEX_20260608,,,,,,5.0,4.98,,,,,,0.1005,pending,,2026-06-09T13:25:15+00:00
trackb_cont_EFC_20260603,,,,,,13.62,13.35,,,,,,-0.5031,pending,,2026-06-09T13:24:43+00:00
trackb_cont_EFC_20260604,,,,,,13.62,13.36,,,,,,-0.4285,pending,,2026-06-09T13:24:43+00:00
trackb_cont_EFC_20260605,,,,,,13.62,13.38,,,,,,-0.2795,pending,,2026-06-09T13:24:43+00:00
trackb_cont_EFX_20260603,,,,,,178.339996,165.100006,,,,,,-1.4828,pending,,2026-06-09T13:25:24+00:00
trackb_cont_EFX_20260604,,,,,,178.339996,167.0,,,,,,-0.3491,pending,,2026-06-09T13:25:24+00:00
trackb_cont_EFX_20260605,,,,,,174.0,167.0,,,,,,-0.3491,pending,,2026-06-09T13:25:24+00:00
trackb_cont_EIG_20260603,,,,,,46.529999,43.150002,,,,,,-0.6104,pending,,2026-06-09T13:25:32+00:00
trackb_cont_EIG_20260604,,,,,,46.529999,44.119999,,,,,,1.6239,pending,,2026-06-09T13:25:32+00:00
trackb_cont_EIG_20260605,,,,,,46.529999,44.639999,,,,,,2.8216,pending,,2026-06-09T13:25:32+00:00
trackb_cont_EIG_20260608,,,,,,46.369999,45.580002,,,,,,4.9868,pending,,2026-06-09T13:25:32+00:00
trackb_cont_EIX_20260603,,,,,,73.830002,70.75,,,,,,-2.2047,pending,,2026-06-09T13:25:26+00:00
trackb_cont_EIX_20260604,,,,,,73.830002,70.82,,,,,,-2.108,pending,,2026-06-09T13:25:26+00:00
trackb_cont_EIX_20260605,,,,,,73.830002,70.82,,,,,,-2.108,pending,,2026-06-09T13:25:26+00:00
trackb_cont_EIX_20260608,,,,,,73.580002,70.82,,,,,,-2.108,pending,,2026-06-09T13:25:26+00:00
trackb_cont_EMN_20260603,,,,,,76.809998,71.010002,,,,,,-7.1036,pending,,2026-06-09T13:25:29+00:00
trackb_cont_EMN_20260604,,,,,,75.0,71.010002,,,,,,-7.1036,pending,,2026-06-09T13:25:29+00:00
trackb_cont_EMN_20260605,,,,,,73.300003,71.010002,,,,,,-7.1036,pending,,2026-06-09T13:25:29+00:00
trackb_cont_EMN_20260608,,,,,,72.099998,71.010002,,,,,,-7.1036,pending,,2026-06-09T13:25:29+00:00
trackb_cont_ENPH_20260603,,,,,,72.800003,56.0,,,,,,-18.9932,pending,,2026-06-09T13:24:34+00:00
trackb_cont_ENPH_20260604,,,,,,69.940002,56.0,,,,,,-18.9932,pending,,2026-06-09T13:24:34+00:00
trackb_cont_ENPH_20260605,,,,,,66.610001,56.0,,,,,,-18.9932,pending,,2026-06-09T13:24:34+00:00
trackb_cont_ENPH_20260608,,,,,,60.0,56.220001,,,,,,-18.675,pending,,2026-06-09T13:24:34+00:00
trackb_cont_ENR_20260608,,,,,,20.15,19.290001,,,,,,-0.7716,pending,,2026-06-09T13:26:32+00:00
trackb_cont_ENS_20260603,,,,,,241.419998,223.449997,,,,,,-6.3947,pending,,2026-06-09T13:25:46+00:00
trackb_cont_ENS_20260604,,,,,,241.419998,223.449997,,,,,,-6.3947,pending,,2026-06-09T13:25:46+00:00
trackb_cont_ENS_20260605,,,,,,233.899994,223.449997,,,,,,-6.3947,pending,,2026-06-09T13:25:46+00:00
trackb_cont_ENS_20260608,,,,,,233.220001,226.300003,,,,,,-0.3435,pending,,2026-06-09T13:25:46+00:00
trackb_cont_ENVX_20260603,,,,,,8.68,7.1,,,,,,-15.5265,pending,,2026-06-09T13:25:20+00:00
trackb_cont_ENVX_20260604,,,,,,8.545,7.1,,,,,,-15.5265,pending,,2026-06-09T13:25:20+00:00
trackb_cont_ENVX_20260605,,,,,,8.23,7.1,,,,,,-15.5265,pending,,2026-06-09T13:25:20+00:00
trackb_cont_ENVX_20260608,,,,,,7.68,7.255,,,,,,-13.6823,pending,,2026-06-09T13:25:20+00:00
trackb_cont_EOSE_20260603,,,,,,9.128,6.6,,,,,,-23.2112,pending,,2026-06-09T13:25:22+00:00
trackb_cont_EOSE_20260604,,,,,,8.175,6.6,,,,,,-23.2112,pending,,2026-06-09T13:25:22+00:00
trackb_cont_EOSE_20260605,,,,,,7.82,6.6,,,,,,-23.2112,pending,,2026-06-09T13:25:22+00:00
trackb_cont_EPSM_20260603,,,,,,1.76,0.83,,,,,,-48.125,pending,,2026-06-09T13:25:50+00:00
trackb_cont_EPSM_20260604,,,,,,1.76,0.83,,,,,,-48.125,pending,,2026-06-09T13:25:50+00:00
trackb_cont_EPSM_20260605,,,,,,1.5,0.83,,,,,,-48.125,pending,,2026-06-09T13:25:50+00:00
trackb_cont_EQIX_20260608,,,,,,1084.550049,1058.949951,,,,,,-2.0353,pending,,2026-06-09T13:26:37+00:00
trackb_cont_EQR_20260608,,,,,,69.029999,67.080002,,,,,,-1.6278,pending,,2026-06-09T13:26:29+00:00
trackb_cont_ESRT_20260603,,,,,,5.68,5.22,,,,,,-3.9558,pending,,2026-06-09T13:26:15+00:00
trackb_cont_ESRT_20260604,,,,,,5.48,5.22,,,,,,-3.9558,pending,,2026-06-09T13:26:15+00:00
trackb_cont_ESRT_20260605,,,,,,5.43,5.23,,,,,,-3.7718,pending,,2026-06-09T13:26:15+00:00
trackb_cont_ESS_20260603,,,,,,288.309998,276.299988,,,,,,-1.1166,pending,,2026-06-09T13:25:36+00:00
trackb_cont_ESS_20260604,,,,,,288.309998,279.23999,,,,,,-0.0644,pending,,2026-06-09T13:25:36+00:00
trackb_cont_ESS_20260605,,,,,,288.309998,280.98999,,,,,,0.5619,pending,,2026-06-09T13:25:36+00:00
trackb_cont_ESS_20260608,,,,,,287.890015,280.98999,,,,,,-1.5556,pending,,2026-06-09T13:25:36+00:00
trackb_cont_ES_20260608,,,,,,70.620003,67.760002,,,,,,-4.0227,pending,,2026-06-09T13:26:33+00:00
trackb_cont_ETSY_20260603,,,,,,70.470001,65.900002,,,,,,-3.8097,pending,,2026-06-09T13:24:49+00:00
trackb_cont_ETSY_20260604,,,,,,69.25,65.900002,,,,,,-3.8097,pending,,2026-06-09T13:24:49+00:00
trackb_cont_ETSY_20260605,,,,,,69.25,65.900002,,,,,,-3.8097,pending,,2026-06-09T13:24:49+00:00
trackb_cont_ETSY_20260608,,,,,,69.25,65.900002,,,,,,-3.8097,pending,,2026-06-09T13:24:49+00:00
trackb_cont_ETSY_20260609,,,,,,,,,,,,,,pending,,2026-06-09T13:24:49+00:00
trackb_cont_EVC_20260603,,,,,,9.3,8.44,,,,,,-1.5169,pending,,2026-06-09T13:25:34+00:00
trackb_cont_EVC_20260604,,,,,,9.3,8.44,,,,,,-1.5169,pending,,2026-06-09T13:25:34+00:00
trackb_cont_EVC_20260605,,,,,,9.3,8.44,,,,,,-1.5169,pending,,2026-06-09T13:25:34+00:00
trackb_cont_EVC_20260608,,,,,,9.3,8.44,,,,,,-3.7628,pending,,2026-06-09T13:25:34+00:00
trackb_cont_EVGO_20260603,,,,,,2.51,2.06,,,,,,-8.8496,pending,,2026-06-09T13:25:51+00:00
trackb_cont_EVGO_20260604,,,,,,2.51,2.06,,,,,,-8.8496,pending,,2026-06-09T13:25:51+00:00
trackb_cont_EVGO_20260605,,,,,,2.47,2.06,,,,,,-8.8496,pending,,2026-06-09T13:25:51+00:00
trackb_cont_EVGO_20260608,,,,,,2.16,2.06,,,,,,-8.8496,pending,,2026-06-09T13:25:51+00:00
trackb_cont_EVH_20260609,,,,,,,,,,,,,,pending,,2026-06-09T13:26:50+00:00
trackb_cont_EVR_20260603,,,,,,350.829987,334.290009,,,,,,-1.8785,pending,,2026-06-09T13:25:32+00:00
trackb_cont_EVR_20260604,,,,,,350.829987,335.76001,,,,,,-1.4471,pending,,2026-06-09T13:25:32+00:00
trackb_cont_EVR_20260605,,,,,,348.070007,335.76001,,,,,,-1.4471,pending,,2026-06-09T13:25:32+00:00
trackb_cont_EVR_20260608,,,,,,348.070007,339.640015,,,,,,-0.3082,pending,,2026-06-09T13:25:32+00:00
trackb_cont_EWBC_20260608,,,,,,127.540001,126.0,,,,,,0.0476,pending,,2026-06-09T13:26:31+00:00
trackb_cont_EW_20260603,,,,,,89.480003,84.699997,,,,,,-1.8483,pending,,2026-06-09T13:25:10+00:00
trackb_cont_EW_20260604,,,,,,89.480003,84.699997,,,,,,-1.8483,pending,,2026-06-09T13:25:10+00:00
trackb_cont_EW_20260605,,,,,,89.480003,84.699997,,,,,,-1.8483,pending,,2026-06-09T13:25:10+00:00
trackb_cont_EW_20260608,,,,,,86.730003,84.699997,,,,,,-1.8483,pending,,2026-06-09T13:25:10+00:00
trackb_cont_EW_20260609,,,,,,,,,,,,,,pending,,2026-06-09T13:25:10+00:00
trackb_cont_EXEL_20260609,,,,,,,,,,,,,,pending,,2026-06-09T13:26:44+00:00
trackb_cont_EXPD_20260603,,,,,,164.100006,157.630005,,,,,,-1.1476,pending,,2026-06-09T13:25:53+00:00
trackb_cont_EXPD_20260604,,,,,,164.100006,159.070007,,,,,,-0.2446,pending,,2026-06-09T13:25:53+00:00
trackb_cont_EXPD_20260605,,,,,,164.100006,159.940002,,,,,,0.301,pending,,2026-06-09T13:25:53+00:00
trackb_cont_EXPD_20260608,,,,,,164.100006,160.470001,,,,,,0.6334,pending,,2026-06-09T13:25:53+00:00
trackb_cont_EXP_20260603,,,,,,222.0,206.729996,,,,,,-5.287,pending,,2026-06-09T13:25:44+00:00
trackb_cont_EXP_20260604,,,,,,222.0,206.729996,,,,,,-5.287,pending,,2026-06-09T13:25:44+00:00
trackb_cont_EXP_20260605,,,,,,218.940002,206.729996,,,,,,-5.287,pending,,2026-06-09T13:25:44+00:00
trackb_cont_EXP_20260608,,,,,,211.550003,206.729996,,,,,,-2.8159,pending,,2026-06-09T13:25:44+00:00
trackb_cont_EXR_20260608,,,,,,145.910004,143.910004,,,,,,-0.9635,pending,,2026-06-09T13:26:33+00:00
trackb_cont_EXR_20260609,,,,,,,,,,,,,,pending,,2026-06-09T13:26:33+00:00
trackb_cont_EXTR_20260603,,,,,,30.16,27.799999,,,,,,-3.0345,pending,,2026-06-09T13:24:26+00:00
trackb_cont_EXTR_20260604,,,,,,30.16,27.799999,,,,,,-3.0345,pending,,2026-06-09T13:24:26+00:00
trackb_cont_EXTR_20260605,,,,,,30.16,27.98,,,,,,-2.4067,pending,,2026-06-09T13:24:26+00:00
trackb_cont_EXTR_20260608,,,,,,30.16,28.49,,,,,,-0.6278,pending,,2026-06-09T13:24:26+00:00
trackb_cont_EXTR_20260609,,,,,,,,,,,,,,pending,,2026-06-09T13:24:26+00:00
trackb_cont_FABC_20260608,,,,,,4.78,3.67,,,,,,-13.6471,pending,,2026-06-09T13:26:35+00:00
trackb_cont_FA_20260603,,,,,,16.610001,15.47,,,,,,-2.7961,pending,,2026-06-09T13:25:21+00:00
trackb_cont_FA_20260604,,,,,,16.610001,15.47,,,,,,-2.7961,pending,,2026-06-09T13:25:21+00:00
trackb_cont_FA_20260605,,,,,,15.99,15.47,,,,,,-2.7961,pending,,2026-06-09T13:25:21+00:00
trackb_cont_FA_20260608,,,,,,15.99,15.52,,,,,,-2.4819,pending,,2026-06-09T13:25:21+00:00
trackb_cont_FBIN_20260603,,,,,,40.060001,38.459999,,,,,,-0.8763,pending,,2026-06-09T13:25:43+00:00
trackb_cont_FBIN_20260604,,,,,,40.060001,38.459999,,,,,,-0.8763,pending,,2026-06-09T13:25:43+00:00
trackb_cont_FBIN_20260605,,,,,,40.060001,38.459999,,,,,,-0.8763,pending,,2026-06-09T13:25:43+00:00
trackb_cont_FBIN_20260608,,,,,,40.060001,38.459999,,,,,,-0.8763,pending,,2026-06-09T13:25:43+00:00
trackb_cont_FBIN_20260609,,,,,,,,,,,,,,pending,,2026-06-09T13:25:43+00:00
trackb_cont_FCEL_20260603,,,,,,23.959999,15.06,,,,,,-33.4512,pending,,2026-06-09T13:25:39+00:00
trackb_cont_FCEL_20260604,,,,,,22.9,15.06,,,,,,-33.4512,pending,,2026-06-09T13:25:39+00:00
trackb_cont_FCEL_20260605,,,,,,20.5,15.06,,,,,,-33.4512,pending,,2026-06-09T13:25:39+00:00
trackb_cont_FC_20260603,,,,,,24.75,23.07,,,,,,-0.324,pending,,2026-06-09T13:25:37+00:00
trackb_cont_FC_20260604,,,,,,24.75,23.26,,,,,,0.4969,pending,,2026-06-09T13:25:37+00:00
trackb_cont_FC_20260605,,,,,,24.75,23.73,,,,,,2.5275,pending,,2026-06-09T13:25:37+00:00
trackb_cont_FC_20260608,,,,,,24.75,23.74,,,,,,2.5707,pending,,2026-06-09T13:25:37+00:00
trackb_cont_FDS_20260603,,,,,,264.369995,244.089996,,,,,,-3.6474,pending,,2026-06-09T13:25:51+00:00
trackb_cont_FDS_20260604,,,,,,264.369995,245.589996,,,,,,-3.0553,pending,,2026-06-09T13:25:51+00:00
trackb_cont_FDS_20260605,,,,,,259.0,245.589996,,,,,,-3.0553,pending,,2026-06-09T13:25:51+00:00
trackb_cont_FDS_20260608,,,,,,256.649994,245.589996,,,,,,-3.0553,pending,,2026-06-09T13:25:51+00:00
trackb_cont_FDS_20260609,,,,,,,,,,,,,,pending,,2026-06-09T13:25:51+00:00
trackb_cont_FDX_20260603,,,,,,334.429993,324.170013,,,,,,-1.0621,pending,,2026-06-09T13:25:52+00:00
trackb_cont_FDX_20260604,,,,,,334.429993,326.109985,,,,,,-0.47,pending,,2026-06-09T13:25:52+00:00
trackb_cont_FDX_20260605,,,,,,333.399994,326.109985,,,,,,-0.47,pending,,2026-06-09T13:25:52+00:00
trackb_cont_FDX_20260608,,,,,,332.970001,328.220001,,,,,,0.174,pending,,2026-06-09T13:25:52+00:00
trackb_cont_FDX_20260609,,,,,,,,,,,,,,pending,,2026-06-09T13:25:52+00:00
trackb_cont_FICO_20260603,,,,,,1230.0,1124.459961,,,,,,-3.1648,pending,,2026-06-09T13:26:02+00:00
trackb_cont_FICO_20260604,,,,,,1226.589966,1124.459961,,,,,,-3.1648,pending,,2026-06-09T13:26:02+00:00
trackb_cont_FICO_20260605,,,,,,1226.589966,1124.459961,,,,,,-3.1648,pending,,2026-06-09T13:26:02+00:00
trackb_cont_FITB_20260603,,,,,,52.669998,49.470001,,,,,,-0.3625,pending,,2026-06-09T13:25:48+00:00
trackb_cont_FITB_20260604,,,,,,52.669998,49.950001,,,,,,0.6042,pending,,2026-06-09T13:25:48+00:00
trackb_cont_FITB_20260605,,,,,,52.669998,51.419998,,,,,,3.565,pending,,2026-06-09T13:25:48+00:00
trackb_cont_FITB_20260608,,,,,,52.669998,51.790001,,,,,,-0.423,pending,,2026-06-09T13:25:48+00:00
trackb_cont_FLEX_20260603,,,,,,166.860001,149.300003,,,,,,-9.0715,pending,,2026-06-09T13:24:26+00:00
trackb_cont_FLEX_20260604,,,,,,161.110001,149.300003,,,,,,-9.0715,pending,,2026-06-09T13:24:26+00:00
trackb_cont_FLEX_20260605,,,,,,158.699997,149.300003,,,,,,-9.0715,pending,,2026-06-09T13:24:26+00:00
trackb_cont_FLEX_20260608,,,,,,158.699997,149.740005,,,,,,-1.435,pending,,2026-06-09T13:24:26+00:00
trackb_cont_FLNC_20260603,,,,,,28.08,22.219999,,,,,,-13.0673,pending,,2026-06-09T13:25:10+00:00
trackb_cont_FLNC_20260604,,,,,,27.539,22.219999,,,,,,-13.0673,pending,,2026-06-09T13:25:10+00:00
trackb_cont_FLNC_20260605,,,,,,26.32,22.219999,,,,,,-13.0673,pending,,2026-06-09T13:25:10+00:00
trackb_cont_FLNC_20260608,,,,,,25.58,22.85,,,,,,-10.6025,pending,,2026-06-09T13:25:10+00:00
trackb_cont_FLS_20260603,,,,,,76.599998,72.870003,,,,,,-3.8527,pending,,2026-06-09T13:24:41+00:00
trackb_cont_FLS_20260604,,,,,,75.68,72.870003,,,,,,-3.8527,pending,,2026-06-09T13:24:41+00:00
trackb_cont_FLS_20260605,,,,,,75.209999,72.870003,,,,,,-3.8527,pending,,2026-06-09T13:24:41+00:00
trackb_cont_FLS_20260608,,,,,,75.209999,73.480003,,,,,,-3.0479,pending,,2026-06-09T13:24:41+00:00
trackb_cont_FLYX_20260603,,,,,,2.695,2.435,,,,,,-4.1339,pending,,2026-06-09T13:25:50+00:00
trackb_cont_FLYX_20260604,,,,,,2.695,2.435,,,,,,-4.1339,pending,,2026-06-09T13:25:50+00:00
trackb_cont_FLYX_20260605,,,,,,2.605,2.435,,,,,,-4.1339,pending,,2026-06-09T13:25:50+00:00
trackb_cont_FLYX_20260608,,,,,,2.605,2.51,,,,,,0.4,pending,,2026-06-09T13:25:50+00:00
trackb_cont_FORR_20260603,,,,,,7.45,6.68,,,,,,-1.037,pending,,2026-06-09T13:25:19+00:00
trackb_cont_FOR_20260603,,,,,,28.84,26.879999,,,,,,0.0186,pending,,2026-06-09T13:25:13+00:00
trackb_cont_FOR_20260604,,,,,,28.84,27.700001,,,,,,3.0698,pending,,2026-06-09T13:25:13+00:00
trackb_cont_FOR_20260605,,,,,,28.84,28.0,,,,,,4.186,pending,,2026-06-09T13:25:13+00:00
trackb_cont_FOR_20260608,,,,,,28.610001,28.17,,,,,,4.8186,pending,,2026-06-09T13:25:13+00:00
trackb_cont_FOX_20260609,,,,,,,,,,,,,,pending,,2026-06-09T13:26:49+00:00
trackb_cont_FPH_20260603,,,,,,5.19,4.89,,,,,,-1.6097,pending,,2026-06-09T13:25:37+00:00
trackb_cont_FPH_20260604,,,,,,5.19,4.89,,,,,,-1.6097,pending,,2026-06-09T13:25:37+00:00
trackb_cont_FPH_20260605,,,,,,5.19,4.89,,,,,,-1.6097,pending,,2026-06-09T13:25:37+00:00
trackb_cont_FPH_20260609,,,,,,,,,,,,,,pending,,2026-06-09T13:25:37+00:00
trackb_cont_FRT_20260603,,,,,,123.589996,119.080002,,,,,,-0.2931,pending,,2026-06-09T13:26:10+00:00
trackb_cont_FRT_20260604,,,,,,123.589996,120.089996,,,,,,0.5526,pending,,2026-06-09T13:26:10+00:00
trackb_cont_FRT_20260605,,,,,,123.589996,120.510002,,,,,,0.9043,pending,,2026-06-09T13:26:10+00:00
trackb_cont_FRT_20260608,,,,,,123.010002,121.629997,,,,,,-0.7588,pending,,2026-06-09T13:26:10+00:00
trackb_cont_FSLR_20260603,,,,,,320.950012,274.410004,,,,,,-13.2821,pending,,2026-06-09T13:24:32+00:00
trackb_cont_FSLR_20260604,,,,,,320.640015,274.410004,,,,,,-13.2821,pending,,2026-06-09T13:24:32+00:00
trackb_cont_FSLR_20260605,,,,,,306.549988,274.410004,,,,,,-13.2821,pending,,2026-06-09T13:24:32+00:00
trackb_cont_FSLR_20260608,,,,,,289.98999,274.410004,,,,,,-13.2821,pending,,2026-06-09T13:24:32+00:00
trackb_cont_FSTR_20260603,,,,,,42.740002,41.02,,,,,,-1.866,pending,,2026-06-09T13:24:59+00:00
trackb_cont_FSTR_20260604,,,,,,42.740002,41.02,,,,,,-1.866,pending,,2026-06-09T13:24:59+00:00
trackb_cont_FSTR_20260605,,,,,,42.740002,41.220001,,,,,,-1.3876,pending,,2026-06-09T13:24:59+00:00
trackb_cont_FSTR_20260608,,,,,,42.740002,41.509998,,,,,,-0.0,pending,,2026-06-09T13:24:59+00:00
trackb_cont_FTCI_20260603,,,,,,5.89,4.61,,,,,,-18.6145,pending,,2026-06-09T13:24:45+00:00
trackb_cont_FTCI_20260604,,,,,,5.53,4.61,,,,,,-18.6145,pending,,2026-06-09T13:24:45+00:00
trackb_cont_FTCI_20260605,,,,,,5.31,4.61,,,,,,-18.6145,pending,,2026-06-09T13:24:45+00:00
trackb_cont_FTCI_20260608,,,,,,5.008,4.65,,,,,,-2.1053,pending,,2026-06-09T13:24:45+00:00
trackb_cont_FTNT_20260603,,,,,,150.070007,142.509995,,,,,,-3.0907,pending,,2026-06-09T13:24:29+00:00
trackb_cont_FTNT_20260604,,,,,,150.070007,142.509995,,,,,,-3.0907,pending,,2026-06-09T13:24:29+00:00
trackb_cont_FTNT_20260605,,,,,,149.050003,142.509995,,,,,,-3.0907,pending,,2026-06-09T13:24:29+00:00
trackb_cont_FTNT_20260608,,,,,,147.0,142.509995,,,,,,-1.4999,pending,,2026-06-09T13:24:29+00:00
trackb_cont_FTNT_20260609,,,,,,,,,,,,,,pending,,2026-06-09T13:24:29+00:00
trackb_cont_FUL_20260603,,,,,,63.48,58.84,,,,,,-5.8635,pending,,2026-06-09T13:26:04+00:00
trackb_cont_FUL_20260604,,,,,,63.240002,58.84,,,,,,-5.8635,pending,,2026-06-09T13:26:04+00:00
trackb_cont_FUL_20260605,,,,,,60.720001,58.84,,,,,,-5.8635,pending,,2026-06-09T13:26:04+00:00
trackb_cont_FUL_20260608,,,,,,60.349998,59.66,,,,,,-4.5516,pending,,2026-06-09T13:26:04+00:00
trackb_cont_FVR_20260603,,,,,,19.16,17.809999,,,,,,-0.8904,pending,,2026-06-09T13:25:36+00:00
trackb_cont_FVR_20260604,,,,,,19.16,17.879999,,,,,,-0.5008,pending,,2026-06-09T13:25:36+00:00
trackb_cont_FVR_20260605,,,,,,19.16,18.315001,,,,,,1.9199,pending,,2026-06-09T13:25:36+00:00
trackb_cont_FVR_20260608,,,,,,19.16,18.67,,,,,,3.8954,pending,,2026-06-09T13:25:36+00:00
trackb_cont_F_20260603,,,,,,16.200001,14.68,,,,,,-7.118,pending,,2026-06-09T13:26:04+00:00
trackb_cont_F_20260604,,,,,,15.89,14.68,,,,,,-7.118,pending,,2026-06-09T13:26:04+00:00
trackb_cont_F_20260605,,,,,,15.26,14.68,,,,,,-7.118,pending,,2026-06-09T13:26:04+00:00
trackb_cont_F_20260608,,,,,,15.19,14.91,,,,,,-5.6628,pending,,2026-06-09T13:26:04+00:00
trackb_cont_GCO_20260603,,,,,,40.389999,37.880001,,,,,,-2.7471,pending,,2026-06-09T13:24:50+00:00
trackb_cont_GCO_20260604,,,,,,40.389999,37.880001,,,,,,-2.7471,pending,,2026-06-09T13:24:50+00:00
trackb_cont_GCO_20260605,,,,,,40.310001,37.880001,,,,,,-2.7471,pending,,2026-06-09T13:24:50+00:00
trackb_cont_GCO_20260608,,,,,,39.849998,38.07,,,,,,-2.2593,pending,,2026-06-09T13:24:50+00:00
trackb_cont_GEO_20260603,,,,,,26.809999,23.0,,,,,,-0.6694,pending,,2026-06-09T13:24:56+00:00
trackb_cont_GEO_20260604,,,,,,26.809999,23.73,,,,,,2.4833,pending,,2026-06-09T13:24:56+00:00
trackb_cont_GEO_20260605,,,,,,26.809999,24.93,,,,,,7.6657,pending,,2026-06-09T13:24:56+00:00
trackb_cont_GEO_20260608,,,,,,26.809999,25.15,,,,,,-0.6322,pending,,2026-06-09T13:24:56+00:00
trackb_cont_GEO_20260609,,,,,,,,,,,,,,pending,,2026-06-09T13:24:56+00:00
trackb_cont_GE_20260603,,,,,,332.48999,311.0,,,,,,-1.629,pending,,2026-06-09T13:25:40+00:00
trackb_cont_GE_20260604,,,,,,332.48999,316.25,,,,,,0.0316,pending,,2026-06-09T13:25:40+00:00
trackb_cont_GE_20260605,,,,,,332.48999,321.040009,,,,,,1.5467,pending,,2026-06-09T13:25:40+00:00
trackb_cont_GE_20260608,,,,,,332.019989,321.040009,,,,,,1.5467,pending,,2026-06-09T13:25:40+00:00
trackb_cont_GFS_20260603,,,,,,88.5,75.220001,,,,,,-12.7277,pending,,2026-06-09T13:26:14+00:00
trackb_cont_GFS_20260604,,,,,,86.846001,75.220001,,,,,,-12.7277,pending,,2026-06-09T13:26:14+00:00
trackb_cont_GFS_20260605,,,,,,82.535004,75.220001,,,,,,-12.7277,pending,,2026-06-09T13:26:14+00:00
trackb_cont_GFS_20260608,,,,,,78.949997,76.68,,,,,,-11.0338,pending,,2026-06-09T13:26:14+00:00
trackb_cont_GHI_20260603,,,,,,5.5,5.14,,,,,,-4.5674,pending,,2026-06-09T13:25:25+00:00
trackb_cont_GHI_20260604,,,,,,5.38,5.14,,,,,,-4.5674,pending,,2026-06-09T13:25:25+00:00
trackb_cont_GHI_20260605,,,,,,5.28,5.14,,,,,,-4.5674,pending,,2026-06-09T13:25:25+00:00
trackb_cont_GHI_20260608,,,,,,5.25,5.15,,,,,,-4.3817,pending,,2026-06-09T13:25:25+00:00
trackb_cont_GH_20260603,,,,,,134.279999,123.919998,,,,,,-3.297,pending,,2026-06-09T13:24:57+00:00
trackb_cont_GH_20260604,,,,,,134.279999,123.919998,,,,,,-3.297,pending,,2026-06-09T13:24:57+00:00
trackb_cont_GH_20260605,,,,,,133.339996,123.919998,,,,,,-3.297,pending,,2026-06-09T13:24:57+00:00
trackb_cont_GH_20260608,,,,,,132.0,123.919998,,,,,,-3.297,pending,,2026-06-09T13:24:57+00:00
trackb_cont_GIII_20260603,,,,,,36.529999,31.360001,,,,,,-2.6238,pending,,2026-06-09T13:25:08+00:00
trackb_cont_GIII_20260604,,,,,,36.529999,31.360001,,,,,,-2.6238,pending,,2026-06-09T13:25:08+00:00
trackb_cont_GIII_20260605,,,,,,36.529999,32.790001,,,,,,1.8165,pending,,2026-06-09T13:25:08+00:00
trackb_cont_GIII_20260608,,,,,,36.529999,34.07,,,,,,5.791,pending,,2026-06-09T13:25:08+00:00
trackb_cont_GLW_20260603,,,,,,208.570007,174.300003,,,,,,-13.037,pending,,2026-06-09T13:25:50+00:00
trackb_cont_GLW_20260604,,,,,,199.800003,174.300003,,,,,,-13.037,pending,,2026-06-09T13:25:50+00:00
trackb_cont_GLW_20260605,,,,,,192.899994,174.300003,,,,,,-13.037,pending,,2026-06-09T13:25:50+00:00
trackb_cont_GLW_20260608,,,,,,192.899994,185.0,,,,,,-7.6984,pending,,2026-06-09T13:25:50+00:00
trackb_cont_GL_20260609,,,,,,,,,,,,,,pending,,2026-06-09T13:26:44+00:00
trackb_cont_GM_20260603,,,,,,84.169998,80.339996,,,,,,-3.1698,pending,,2026-06-09T13:25:55+00:00
trackb_cont_GM_20260604,,,,,,84.169998,81.400002,,,,,,-1.8922,pending,,2026-06-09T13:25:55+00:00
trackb_cont_GM_20260605,,,,,,84.169998,81.400002,,,,,,-1.8922,pending,,2026-06-09T13:25:55+00:00
trackb_cont_GM_20260608,,,,,,84.169998,81.510002,,,,,,-0.7307,pending,,2026-06-09T13:25:55+00:00
trackb_cont_GNRC_20260603,,,,,,289.799988,255.330002,,,,,,-11.1556,pending,,2026-06-09T13:25:33+00:00
trackb_cont_GNRC_20260604,,,,,,282.209991,255.330002,,,,,,-11.1556,pending,,2026-06-09T13:25:33+00:00
trackb_cont_GNRC_20260605,,,,,,273.600006,255.330002,,,,,,-11.1556,pending,,2026-06-09T13:25:33+00:00
trackb_cont_GNRC_20260608,,,,,,271.049988,264.0,,,,,,-8.1388,pending,,2026-06-09T13:25:33+00:00
trackb_cont_GNTX_20260603,,,,,,25.299999,24.469999,,,,,,-2.0808,pending,,2026-06-09T13:25:07+00:00
trackb_cont_GNTX_20260604,,,,,,25.299999,24.59,,,,,,-1.6006,pending,,2026-06-09T13:25:07+00:00
trackb_cont_GNTX_20260605,,,,,,25.059999,24.59,,,,,,-1.6006,pending,,2026-06-09T13:25:07+00:00
trackb_cont_GNTX_20260608,,,,,,25.059999,24.700001,,,,,,-1.1605,pending,,2026-06-09T13:25:07+00:00
trackb_cont_GNTX_20260609,,,,,,,,,,,,,,pending,,2026-06-09T13:25:07+00:00
trackb_cont_GRBK_20260603,,,,,,70.0,67.93,,,,,,-0.6145,pending,,2026-06-09T13:24:51+00:00
trackb_cont_GRBK_20260604,,,,,,70.0,67.93,,,,,,-0.6145,pending,,2026-06-09T13:24:51+00:00
trackb_cont_GRBK_20260605,,,,,,69.910004,67.93,,,,,,-0.6145,pending,,2026-06-09T13:24:51+00:00
trackb_cont_GRBK_20260608,,,,,,69.599998,67.93,,,,,,-0.6145,pending,,2026-06-09T13:24:51+00:00
trackb_cont_GS_20260603,,,,,,1098.359985,1031.01001,,,,,,-0.638,pending,,2026-06-09T13:24:47+00:00
trackb_cont_GS_20260604,,,,,,1098.359985,1035.599976,,,,,,-0.1956,pending,,2026-06-09T13:24:47+00:00
trackb_cont_GS_20260605,,,,,,1098.359985,1035.599976,,,,,,-0.1956,pending,,2026-06-09T13:24:47+00:00
trackb_cont_GS_20260608,,,,,,1063.180054,1042.329956,,,,,,0.3514,pending,,2026-06-09T13:24:47+00:00
trackb_cont_GTLS_20260603,,,,,,208.279999,206.830002,,,,,,-0.4093,pending,,2026-06-09T13:26:09+00:00
trackb_cont_GTLS_20260604,,,,,,207.820007,206.940002,,,,,,-0.3563,pending,,2026-06-09T13:26:09+00:00
trackb_cont_GTLS_20260605,,,,,,207.669998,207.059998,,,,,,-0.2985,pending,,2026-06-09T13:26:09+00:00
trackb_cont_GTLS_20260608,,,,,,207.440002,207.059998,,,,,,-0.2985,pending,,2026-06-09T13:26:09+00:00
trackb_cont_GWW_20260603,,,,,,1309.160034,1266.640015,,,,,,-2.0856,pending,,2026-06-09T13:25:08+00:00
trackb_cont_GWW_20260604,,,,,,1309.160034,1281.689941,,,,,,-0.9222,pending,,2026-06-09T13:25:08+00:00
trackb_cont_GWW_20260605,,,,,,1309.160034,1283.459961,,,,,,-0.7854,pending,,2026-06-09T13:25:08+00:00
trackb_cont_GWW_20260608,,,,,,1309.160034,1288.650024,,,,,,-0.8738,pending,,2026-06-09T13:25:08+00:00
trackb_cont_GWW_20260609,,,,,,,,,,,,,,pending,,2026-06-09T13:25:08+00:00
trackb_cont_HAE_20260603,,,,,,75.699997,65.059998,,,,,,-0.3217,pending,,2026-06-09T13:25:09+00:00
trackb_cont_HAE_20260604,,,,,,75.699997,66.440002,,,,,,1.7926,pending,,2026-06-09T13:25:09+00:00
trackb_cont_HAE_20260605,,,,,,75.699997,69.639999,,,,,,6.6953,pending,,2026-06-09T13:25:09+00:00
trackb_cont_HAE_20260608,,,,,,75.699997,70.660004,,,,,,8.258,pending,,2026-06-09T13:25:09+00:00
trackb_cont_HAE_20260609,,,,,,,,,,,,,,pending,,2026-06-09T13:25:09+00:00
trackb_cont_HALO_20260609,,,,,,,,,,,,,,pending,,2026-06-09T13:26:48+00:00
trackb_cont_HCC_20260603,,,,,,109.709999,96.43,,,,,,-9.971,pending,,2026-06-09T13:24:25+00:00
trackb_cont_HCC_20260604,,,,,,109.709999,96.43,,,,,,-9.971,pending,,2026-06-09T13:24:25+00:00
trackb_cont_HCC_20260605,,,,,,104.690002,96.43,,,,,,-9.971,pending,,2026-06-09T13:24:25+00:00
trackb_cont_HCC_20260608,,,,,,101.699997,96.43,,,,,,-9.971,pending,,2026-06-09T13:24:25+00:00
trackb_cont_HCI_20260609,,,,,,,,,,,,,,pending,,2026-06-09T13:26:47+00:00
trackb_cont_HGV_20260603,,,,,,52.009998,48.43,,,,,,-4.3641,pending,,2026-06-09T13:25:36+00:00
trackb_cont_HGV_20260604,,,,,,50.424999,48.43,,,,,,-4.3641,pending,,2026-06-09T13:25:36+00:00
trackb_cont_HGV_20260605,,,,,,50.419998,48.43,,,,,,-4.3641,pending,,2026-06-09T13:25:36+00:00
trackb_cont_HIW_20260603,,,,,,28.790001,26.639999,,,,,,-0.597,pending,,2026-06-09T13:24:46+00:00
trackb_cont_HIW_20260604,,,,,,28.790001,26.66,,,,,,-0.5224,pending,,2026-06-09T13:24:46+00:00
trackb_cont_HIW_20260605,,,,,,28.790001,27.190001,,,,,,1.4552,pending,,2026-06-09T13:24:46+00:00
trackb_cont_HIW_20260608,,,,,,28.790001,28.02,,,,,,0.5022,pending,,2026-06-09T13:24:46+00:00
trackb_cont_HLT_20260603,,,,,,346.850006,330.809998,,,,,,-0.8185,pending,,2026-06-09T13:25:36+00:00
trackb_cont_HLT_20260604,,,,,,346.850006,334.350006,,,,,,0.2429,pending,,2026-06-09T13:25:36+00:00
trackb_cont_HLT_20260605,,,,,,346.850006,338.399994,,,,,,1.4571,pending,,2026-06-09T13:25:36+00:00
trackb_cont_HLT_20260608,,,,,,344.529999,338.399994,,,,,,1.4571,pending,,2026-06-09T13:25:36+00:00
trackb_cont_HNGE_20260603,,,,,,66.550003,56.77,,,,,,-2.6244,pending,,2026-06-09T13:26:04+00:00
trackb_cont_HNGE_20260604,,,,,,66.550003,58.154999,,,,,,-0.2487,pending,,2026-06-09T13:26:04+00:00
trackb_cont_HNGE_20260605,,,,,,66.550003,62.810001,,,,,,7.7359,pending,,2026-06-09T13:26:04+00:00
trackb_cont_HNGE_20260608,,,,,,65.719002,62.810001,,,,,,7.7359,pending,,2026-06-09T13:26:04+00:00
trackb_cont_HNGE_20260609,,,,,,,,,,,,,,pending,,2026-06-09T13:26:04+00:00
trackb_cont_HON_20260603,,,,,,237.490005,211.440002,,,,,,-9.2182,pending,,2026-06-09T13:25:22+00:00
trackb_cont_HON_20260604,,,,,,226.759995,211.440002,,,,,,-9.2182,pending,,2026-06-09T13:25:22+00:00
trackb_cont_HON_20260605,,,,,,218.990005,211.440002,,,,,,-9.2182,pending,,2026-06-09T13:25:22+00:00
trackb_cont_HON_20260608,,,,,,215.809998,211.440002,,,,,,-9.2182,pending,,2026-06-09T13:25:22+00:00
trackb_cont_HOOD_20260603,,,,,,88.620003,79.489998,,,,,,-4.2058,pending,,2026-06-09T13:26:14+00:00
trackb_cont_HOOD_20260604,,,,,,88.620003,79.489998,,,,,,-4.2058,pending,,2026-06-09T13:26:14+00:00
trackb_cont_HOOD_20260605,,,,,,87.330002,79.489998,,,,,,-4.2058,pending,,2026-06-09T13:26:14+00:00
trackb_cont_HOOD_20260608,,,,,,85.629997,82.814003,,,,,,-0.2,pending,,2026-06-09T13:26:14+00:00
trackb_cont_HOV_20260603,,,,,,114.400002,107.720001,,,,,,-0.37,pending,,2026-06-09T13:25:08+00:00
trackb_cont_HOV_20260604,,,,,,113.5,107.720001,,,,,,-0.37,pending,,2026-06-09T13:25:08+00:00
trackb_cont_HOV_20260605,,,,,,111.839996,107.720001,,,,,,-0.37,pending,,2026-06-09T13:25:08+00:00
trackb_cont_HOV_20260608,,,,,,111.769997,107.720001,,,,,,-0.37,pending,,2026-06-09T13:25:08+00:00
trackb_cont_HPE_20260603,,,,,,55.990002,48.540001,,,,,,-11.6008,pending,,2026-06-09T13:25:53+00:00
trackb_cont_HPE_20260604,,,,,,54.470001,48.540001,,,,,,-11.6008,pending,,2026-06-09T13:25:53+00:00
trackb_cont_HPE_20260605,,,,,,53.054001,48.540001,,,,,,-11.6008,pending,,2026-06-09T13:25:53+00:00
trackb_cont_HPE_20260608,,,,,,50.866001,48.915001,,,,,,-10.9179,pending,,2026-06-09T13:25:53+00:00
trackb_cont_HPP_20260603,,,,,,14.88,12.84,,,,,,-0.5807,pending,,2026-06-09T13:24:27+00:00
trackb_cont_HPP_20260604,,,,,,14.88,13.38,,,,,,3.6005,pending,,2026-06-09T13:24:27+00:00
trackb_cont_HPP_20260605,,,,,,14.88,13.52,,,,,,4.6845,pending,,2026-06-09T13:24:27+00:00
trackb_cont_HPP_20260608,,,,,,14.88,13.75,,,,,,0.0728,pending,,2026-06-09T13:24:27+00:00
trackb_cont_HPQ_20260603,,,,,,26.879999,24.559999,,,,,,-6.7578,pending,,2026-06-09T13:26:03+00:00
trackb_cont_HPQ_20260604,,,,,,26.709999,24.559999,,,,,,-6.7578,pending,,2026-06-09T13:26:03+00:00
trackb_cont_HPQ_20260605,,,,,,26.280001,24.559999,,,,,,-6.7578,pending,,2026-06-09T13:26:03+00:00
trackb_cont_HRB_20260603,,,,,,39.0,37.099998,,,,,,-0.6161,pending,,2026-06-09T13:25:19+00:00
trackb_cont_HRB_20260604,,,,,,39.0,37.25,,,,,,-0.2143,pending,,2026-06-09T13:25:19+00:00
trackb_cont_HRB_20260605,,,,,,38.73,37.25,,,,,,-0.2143,pending,,2026-06-09T13:25:19+00:00
trackb_cont_HRB_20260608,,,,,,38.080002,37.25,,,,,,-0.2143,pending,,2026-06-09T13:25:19+00:00
trackb_cont_HRI_20260608,,,,,,146.75,135.199997,,,,,,-1.0828,pending,,2026-06-09T13:26:33+00:00
trackb_cont_HRL_20260603,,,,,,24.07,22.9,,,,,,-2.2829,pending,,2026-06-09T13:25:16+00:00
trackb_cont_HRL_20260604,,,,,,24.07,22.92,,,,,,-2.1976,pending,,2026-06-09T13:25:16+00:00
trackb_cont_HRL_20260605,,,,,,24.07,23.309999,,,,,,-0.5334,pending,,2026-06-09T13:25:16+00:00
trackb_cont_HRL_20260608,,,,,,24.07,23.370001,,,,,,-0.2774,pending,,2026-06-09T13:25:16+00:00
trackb_cont_HRL_20260609,,,,,,,,,,,,,,pending,,2026-06-09T13:25:16+00:00
trackb_cont_HSIC_20260603,,,,,,78.309998,75.440002,,,,,,-0.7172,pending,,2026-06-09T13:25:49+00:00
trackb_cont_HSIC_20260604,,,,,,78.309998,76.129997,,,,,,0.1908,pending,,2026-06-09T13:25:49+00:00
trackb_cont_HSIC_20260605,,,,,,78.309998,76.129997,,,,,,0.1908,pending,,2026-06-09T13:25:49+00:00
trackb_cont_HSIC_20260608,,,,,,78.309998,76.879997,,,,,,1.1779,pending,,2026-06-09T13:25:49+00:00
trackb_cont_HSIC_20260609,,,,,,,,,,,,,,pending,,2026-06-09T13:25:49+00:00
trackb_cont_HST_20260603,,,,,,24.9,23.41,,,,,,-2.1934,pending,,2026-06-09T13:24:42+00:00
trackb_cont_HST_20260604,,,,,,24.9,23.950001,,,,,,0.0627,pending,,2026-06-09T13:24:42+00:00
trackb_cont_HST_20260605,,,,,,24.9,24.200001,,,,,,1.1072,pending,,2026-06-09T13:24:42+00:00
trackb_cont_HST_20260608,,,,,,24.9,24.200001,,,,,,-1.7059,pending,,2026-06-09T13:24:42+00:00
trackb_cont_HTLD_20260603,,,,,,16.290001,15.16,,,,,,-2.3825,pending,,2026-06-09T13:24:34+00:00
trackb_cont_HTLD_20260604,,,,,,16.290001,15.17,,,,,,-2.3181,pending,,2026-06-09T13:24:34+00:00
trackb_cont_HTLD_20260605,,,,,,16.290001,15.65,,,,,,0.7727,pending,,2026-06-09T13:24:34+00:00
trackb_cont_HTLD_20260608,,,,,,16.290001,15.74,,,,,,-0.0,pending,,2026-06-09T13:24:34+00:00
trackb_cont_HUBG_20260603,,,,,,44.919998,42.630001,,,,,,-1.4107,pending,,2026-06-09T13:24:57+00:00
trackb_cont_HUBG_20260604,,,,,,44.919998,42.630001,,,,,,-1.4107,pending,,2026-06-09T13:24:57+00:00
trackb_cont_HUBG_20260605,,,,,,44.919998,42.630001,,,,,,-1.4107,pending,,2026-06-09T13:24:57+00:00
trackb_cont_HUBG_20260608,,,,,,44.919998,42.630001,,,,,,-0.6988,pending,,2026-06-09T13:24:57+00:00
trackb_cont_HUBG_20260609,,,,,,,,,,,,,,pending,,2026-06-09T13:24:57+00:00
trackb_cont_HUBS_20260603,,,,,,235.440002,205.229996,,,,,,-7.5624,pending,,2026-06-09T13:25:59+00:00
trackb_cont_HUBS_20260604,,,,,,234.880005,205.229996,,,,,,-7.5624,pending,,2026-06-09T13:25:59+00:00
trackb_cont_HUBS_20260605,,,,,,225.0,205.229996,,,,,,-7.5624,pending,,2026-06-09T13:25:59+00:00
trackb_cont_HUBS_20260608,,,,,,212.059998,205.229996,,,,,,-7.5624,pending,,2026-06-09T13:25:59+00:00
trackb_cont_HUM_20260603,,,,,,356.01001,321.200012,,,,,,-2.2192,pending,,2026-06-09T13:25:16+00:00
trackb_cont_HUM_20260604,,,,,,356.01001,333.549988,,,,,,1.5404,pending,,2026-06-09T13:25:16+00:00
trackb_cont_HUM_20260605,,,,,,356.01001,342.709991,,,,,,4.3289,pending,,2026-06-09T13:25:16+00:00
trackb_cont_HUM_20260608,,,,,,356.01001,343.920013,,,,,,-1.7596,pending,,2026-06-09T13:25:16+00:00
trackb_cont_HUN_20260603,,,,,,15.08,14.08,,,,,,-5.1213,pending,,2026-06-09T13:25:53+00:00
trackb_cont_HUN_20260604,,,,,,14.71,14.08,,,,,,-5.1213,pending,,2026-06-09T13:25:53+00:00
trackb_cont_HUN_20260605,,,,,,14.5,14.08,,,,,,-5.1213,pending,,2026-06-09T13:25:53+00:00
trackb_cont_HUT_20260603,,,,,,135.309998,108.120003,,,,,,-17.494,pending,,2026-06-09T13:25:13+00:00
trackb_cont_HUT_20260604,,,,,,130.580002,108.120003,,,,,,-17.494,pending,,2026-06-09T13:25:13+00:00
trackb_cont_HUT_20260605,,,,,,122.620003,108.120003,,,,,,-17.494,pending,,2026-06-09T13:25:13+00:00
trackb_cont_HUT_20260608,,,,,,121.379997,113.639999,,,,,,1.2473,pending,,2026-06-09T13:25:13+00:00
trackb_cont_HZO_20260603,,,,,,35.459999,32.75,,,,,,-5.2373,pending,,2026-06-09T13:25:35+00:00
trackb_cont_HZO_20260604,,,,,,35.459999,32.75,,,,,,-5.2373,pending,,2026-06-09T13:25:35+00:00
trackb_cont_HZO_20260605,,,,,,34.889999,32.75,,,,,,-5.2373,pending,,2026-06-09T13:25:35+00:00
trackb_cont_HZO_20260608,,,,,,33.959999,33.060001,,,,,,-4.3403,pending,,2026-06-09T13:25:35+00:00
trackb_cont_H_20260603,,,,,,196.080002,182.429993,,,,,,-1.7397,pending,,2026-06-09T13:25:29+00:00
trackb_cont_H_20260604,,,,,,196.080002,185.130005,,,,,,-0.2855,pending,,2026-06-09T13:25:29+00:00
trackb_cont_H_20260605,,,,,,196.080002,190.139999,,,,,,2.413,pending,,2026-06-09T13:25:29+00:00
trackb_cont_H_20260608,,,,,,196.080002,191.300003,,,,,,3.0378,pending,,2026-06-09T13:25:29+00:00
trackb_cont_H_20260609,,,,,,,,,,,,,,pending,,2026-06-09T13:25:29+00:00
trackb_cont_IAUX_20260603,,,,,,1.6,1.39,,,,,,-10.6109,pending,,2026-06-09T13:25:17+00:00
trackb_cont_IAUX_20260604,,,,,,1.6,1.39,,,,,,-10.6109,pending,,2026-06-09T13:25:17+00:00
trackb_cont_IAUX_20260605,,,,,,1.569,1.39,,,,,,-10.6109,pending,,2026-06-09T13:25:17+00:00
trackb_cont_IAUX_20260608,,,,,,1.45,1.39,,,,,,-10.6109,pending,,2026-06-09T13:25:17+00:00
trackb_cont_IBKR_20260603,,,,,,89.029999,83.110001,,,,,,-5.3686,pending,,2026-06-09T13:25:40+00:00
trackb_cont_IBKR_20260604,,,,,,87.830002,83.110001,,,,,,-5.3686,pending,,2026-06-09T13:25:40+00:00
trackb_cont_IBKR_20260605,,,,,,87.830002,83.400002,,,,,,-5.0384,pending,,2026-06-09T13:25:40+00:00
trackb_cont_IBM_20260603,,,,,,318.299988,279.429993,,,,,,-8.1122,pending,,2026-06-09T13:24:32+00:00
trackb_cont_IBM_20260604,,,,,,310.440002,279.429993,,,,,,-8.1122,pending,,2026-06-09T13:24:32+00:00
trackb_cont_IBM_20260605,,,,,,302.299988,279.429993,,,,,,-8.1122,pending,,2026-06-09T13:24:32+00:00
trackb_cont_IBM_20260608,,,,,,290.5,279.429993,,,,,,-8.1122,pending,,2026-06-09T13:24:32+00:00
trackb_cont_ICHR_20260603,,,,,,76.349998,62.439999,,,,,,-14.3719,pending,,2026-06-09T13:25:21+00:00
trackb_cont_ICHR_20260604,,,,,,72.25,62.439999,,,,,,-14.3719,pending,,2026-06-09T13:25:21+00:00
trackb_cont_ICHR_20260605,,,,,,68.5,62.439999,,,,,,-14.3719,pending,,2026-06-09T13:25:21+00:00
trackb_cont_ICUI_20260609,,,,,,,,,,,,,,pending,,2026-06-09T13:26:48+00:00
trackb_cont_IDT_20260603,,,,,,58.439999,52.009998,,,,,,-2.7214,pending,,2026-06-09T13:25:27+00:00
trackb_cont_IDT_20260604,,,,,,58.439999,52.009998,,,,,,-2.7214,pending,,2026-06-09T13:25:27+00:00
trackb_cont_IDT_20260605,,,,,,57.259998,54.959999,,,,,,2.7962,pending,,2026-06-09T13:25:27+00:00
trackb_cont_IESC_20260603,,,,,,744.880005,695.0,,,,,,-4.4595,pending,,2026-06-09T13:24:57+00:00
trackb_cont_IESC_20260604,,,,,,744.880005,695.450012,,,,,,-4.3976,pending,,2026-06-09T13:24:57+00:00
trackb_cont_IESC_20260605,,,,,,739.97998,700.22998,,,,,,-3.7405,pending,,2026-06-09T13:24:57+00:00
trackb_cont_IESC_20260608,,,,,,737.530029,700.400024,,,,,,-2.8194,pending,,2026-06-09T13:24:57+00:00
trackb_cont_ILMN_20260603,,,,,,177.220001,156.580002,,,,,,-6.3937,pending,,2026-06-09T13:25:07+00:00
trackb_cont_ILMN_20260604,,,,,,177.220001,156.580002,,,,,,-6.3937,pending,,2026-06-09T13:25:07+00:00
trackb_cont_ILMN_20260605,,,,,,168.630005,156.580002,,,,,,-6.3937,pending,,2026-06-09T13:25:07+00:00
trackb_cont_ILMN_20260608,,,,,,163.050003,156.580002,,,,,,-6.3937,pending,,2026-06-09T13:25:07+00:00
trackb_cont_ILPT_20260603,,,,,,8.97,8.47,,,,,,-3.2553,pending,,2026-06-09T13:25:25+00:00
trackb_cont_ILPT_20260604,,,,,,8.85,8.47,,,,,,-3.2553,pending,,2026-06-09T13:25:25+00:00
trackb_cont_ILPT_20260605,,,,,,8.81,8.47,,,,,,-3.2553,pending,,2026-06-09T13:25:25+00:00
trackb_cont_ILPT_20260608,,,,,,8.75,8.47,,,,,,-3.2553,pending,,2026-06-09T13:25:25+00:00
trackb_cont_INCY_20260608,,,,,,104.629997,98.779999,,,,,,-3.5163,pending,,2026-06-09T13:26:34+00:00
trackb_cont_INN_20260603,,,,,,6.04,5.69,,,,,,-4.45,pending,,2026-06-09T13:24:47+00:00
trackb_cont_INN_20260604,,,,,,6.0,5.69,,,,,,-4.45,pending,,2026-06-09T13:24:47+00:00
trackb_cont_INN_20260605,,,,,,6.0,5.69,,,,,,-4.45,pending,,2026-06-09T13:24:47+00:00
trackb_cont_INN_20260608,,,,,,6.0,5.82,,,,,,-2.267,pending,,2026-06-09T13:24:47+00:00
trackb_cont_INOD_20260603,,,,,,125.139999,99.360001,,,,,,-7.8379,pending,,2026-06-09T13:24:48+00:00
trackb_cont_INOD_20260604,,,,,,125.139999,99.360001,,,,,,-7.8379,pending,,2026-06-09T13:24:48+00:00
trackb_cont_INOD_20260605,,,,,,119.199997,99.360001,,,,,,-7.8379,pending,,2026-06-09T13:24:48+00:00
trackb_cont_INOD_20260608,,,,,,107.0,99.360001,,,,,,-7.8379,pending,,2026-06-09T13:24:48+00:00
trackb_cont_INSE_20260603,,,,,,7.975,7.36,,,,,,-2.5166,pending,,2026-06-09T13:25:57+00:00
trackb_cont_INSE_20260604,,,,,,7.975,7.36,,,,,,-2.5166,pending,,2026-06-09T13:25:57+00:00
trackb_cont_INSE_20260605,,,,,,7.975,7.36,,,,,,-2.5166,pending,,2026-06-09T13:25:57+00:00
trackb_cont_INSE_20260608,,,,,,7.975,7.53,,,,,,-0.2649,pending,,2026-06-09T13:25:57+00:00
trackb_cont_INVH_20260608,,,,,,30.094999,29.219999,,,,,,-2.7297,pending,,2026-06-09T13:26:32+00:00
trackb_cont_INVH_20260609,,,,,,,,,,,,,,pending,,2026-06-09T13:26:32+00:00
trackb_cont_IONQ_20260603,,,,,,73.650002,55.84,,,,,,-18.648,pending,,2026-06-09T13:24:40+00:00
trackb_cont_IONQ_20260604,,,,,,69.463997,55.84,,,,,,-18.648,pending,,2026-06-09T13:24:40+00:00
trackb_cont_IONQ_20260605,,,,,,64.900002,55.84,,,,,,-18.648,pending,,2026-06-09T13:24:40+00:00
trackb_cont_IONQ_20260608,,,,,,64.900002,57.959999,,,,,,-15.5594,pending,,2026-06-09T13:24:40+00:00
trackb_cont_IPGP_20260603,,,,,,135.0,106.260002,,,,,,-19.9367,pending,,2026-06-09T13:24:45+00:00
trackb_cont_IPGP_20260604,,,,,,126.43,106.260002,,,,,,-19.9367,pending,,2026-06-09T13:24:45+00:00
trackb_cont_IPGP_20260605,,,,,,118.169998,106.260002,,,,,,-19.9367,pending,,2026-06-09T13:24:45+00:00
trackb_cont_IPGP_20260608,,,,,,112.800003,108.290001,,,,,,-18.4072,pending,,2026-06-09T13:24:45+00:00
trackb_cont_IPX_20260603,,,,,,43.259998,34.849998,,,,,,-13.6949,pending,,2026-06-09T13:25:11+00:00
trackb_cont_IPX_20260604,,,,,,40.540001,34.849998,,,,,,-13.6949,pending,,2026-06-09T13:25:11+00:00
trackb_cont_IPX_20260605,,,,,,39.540001,34.849998,,,,,,-13.6949,pending,,2026-06-09T13:25:11+00:00
trackb_cont_IP_20260603,,,,,,34.529999,32.66,,,,,,-2.4492,pending,,2026-06-09T13:24:57+00:00
trackb_cont_IP_20260604,,,,,,34.529999,32.66,,,,,,-2.4492,pending,,2026-06-09T13:24:57+00:00
trackb_cont_IP_20260605,,,,,,34.290001,32.66,,,,,,-2.4492,pending,,2026-06-09T13:24:57+00:00
trackb_cont_IP_20260608,,,,,,33.43,32.66,,,,,,-2.8265,pending,,2026-06-09T13:24:57+00:00
trackb_cont_IQV_20260603,,,,,,188.919998,174.100006,,,,,,-1.0795,pending,,2026-06-09T13:26:04+00:00
trackb_cont_IQV_20260604,,,,,,188.919998,181.550003,,,,,,3.1534,pending,,2026-06-09T13:26:04+00:00
trackb_cont_IQV_20260605,,,,,,188.919998,181.550003,,,,,,3.1534,pending,,2026-06-09T13:26:04+00:00
trackb_cont_IQV_20260608,,,,,,185.550003,181.550003,,,,,,3.1534,pending,,2026-06-09T13:26:04+00:00
trackb_cont_IQV_20260609,,,,,,,,,,,,,,pending,,2026-06-09T13:26:04+00:00
trackb_cont_IRDM_20260603,,,,,,53.830002,45.950001,,,,,,-10.0783,pending,,2026-06-09T13:25:39+00:00
trackb_cont_IRDM_20260604,,,,,,53.32,45.950001,,,,,,-10.0783,pending,,2026-06-09T13:25:39+00:00
trackb_cont_IRDM_20260605,,,,,,50.959999,45.950001,,,,,,-10.0783,pending,,2026-06-09T13:25:39+00:00
trackb_cont_IRDM_20260608,,,,,,49.630001,47.279999,,,,,,-7.4755,pending,,2026-06-09T13:25:39+00:00
trackb_cont_ITGR_20260603,,,,,,94.120003,90.0,,,,,,-0.1664,pending,,2026-06-09T13:25:30+00:00
trackb_cont_ITGR_20260604,,,,,,94.120003,91.110001,,,,,,1.0649,pending,,2026-06-09T13:25:30+00:00
trackb_cont_ITGR_20260605,,,,,,94.120003,91.190002,,,,,,1.1536,pending,,2026-06-09T13:25:30+00:00
trackb_cont_ITGR_20260608,,,,,,93.669998,91.190002,,,,,,1.1536,pending,,2026-06-09T13:25:30+00:00
trackb_cont_IT_20260603,,,,,,171.330002,159.960007,,,,,,-3.1191,pending,,2026-06-09T13:25:58+00:00
trackb_cont_IT_20260604,,,,,,171.330002,159.960007,,,,,,-3.1191,pending,,2026-06-09T13:25:58+00:00
trackb_cont_IT_20260605,,,,,,171.0,159.960007,,,,,,-3.1191,pending,,2026-06-09T13:25:58+00:00
trackb_cont_IT_20260608,,,,,,164.300003,159.960007,,,,,,-3.1191,pending,,2026-06-09T13:25:58+00:00
trackb_cont_IVT_20260603,,,,,,34.77,32.48,,,,,,-0.8093,pending,,2026-06-09T13:25:45+00:00
trackb_cont_IVT_20260604,,,,,,34.77,32.580002,,,,,,-0.5039,pending,,2026-06-09T13:25:45+00:00
trackb_cont_IVT_20260605,,,,,,34.77,33.040001,,,,,,0.9009,pending,,2026-06-09T13:25:45+00:00
trackb_cont_IVT_20260608,,,,,,34.77,33.880001,,,,,,1.2855,pending,,2026-06-09T13:25:45+00:00
trackb_cont_IVZ_20260608,,,,,,28.139999,27.440001,,,,,,0.3291,pending,,2026-06-09T13:26:36+00:00
trackb_cont_JBHT_20260603,,,,,,289.950012,276.01001,,,,,,-1.1,pending,,2026-06-09T13:25:01+00:00
trackb_cont_JBHT_20260604,,,,,,289.950012,279.130005,,,,,,0.0179,pending,,2026-06-09T13:25:01+00:00
trackb_cont_JBHT_20260605,,,,,,289.950012,279.130005,,,,,,0.0179,pending,,2026-06-09T13:25:01+00:00
trackb_cont_JBHT_20260608,,,,,,289.26001,284.290009,,,,,,1.8669,pending,,2026-06-09T13:25:01+00:00
trackb_cont_JBHT_20260609,,,,,,,,,,,,,,pending,,2026-06-09T13:25:01+00:00
trackb_cont_JBL_20260603,,,,,,384.700012,350.209991,,,,,,-8.0572,pending,,2026-06-09T13:25:23+00:00
trackb_cont_JBL_20260604,,,,,,378.73999,350.209991,,,,,,-8.0572,pending,,2026-06-09T13:25:23+00:00
trackb_cont_JBL_20260605,,,,,,369.320007,350.209991,,,,,,-8.0572,pending,,2026-06-09T13:25:23+00:00
trackb_cont_JBL_20260608,,,,,,366.339996,353.48999,,,,,,-7.1961,pending,,2026-06-09T13:25:23+00:00
trackb_cont_JEF_20260603,,,,,,58.849998,52.630001,,,,,,-0.7356,pending,,2026-06-09T13:24:33+00:00
trackb_cont_JEF_20260604,,,,,,58.849998,53.419998,,,,,,0.7544,pending,,2026-06-09T13:24:33+00:00
trackb_cont_JEF_20260605,,,,,,58.849998,54.779999,,,,,,3.3195,pending,,2026-06-09T13:24:33+00:00
trackb_cont_JEF_20260608,,,,,,58.849998,56.5,,,,,,6.5636,pending,,2026-06-09T13:24:33+00:00
trackb_cont_JEF_20260609,,,,,,,,,,,,,,pending,,2026-06-09T13:24:33+00:00
trackb_cont_JPM_20260609,,,,,,,,,,,,,,pending,,2026-06-09T13:26:45+00:00
trackb_cont_JRSH_20260603,,,,,,3.49,3.278,,,,,,-3.871,pending,,2026-06-09T13:25:39+00:00
trackb_cont_JRSH_20260604,,,,,,3.49,3.278,,,,,,-3.871,pending,,2026-06-09T13:25:39+00:00
trackb_cont_JRSH_20260605,,,,,,3.49,3.278,,,,,,-3.871,pending,,2026-06-09T13:25:39+00:00
trackb_cont_JRSH_20260608,,,,,,3.49,3.375,,,,,,-1.0264,pending,,2026-06-09T13:25:39+00:00
trackb_cont_KBH_20260603,,,,,,52.650002,50.279999,,,,,,-0.6128,pending,,2026-06-09T13:24:52+00:00
trackb_cont_KBH_20260604,,,,,,52.650002,51.349998,,,,,,1.5023,pending,,2026-06-09T13:24:52+00:00
trackb_cont_KBH_20260605,,,,,,52.630001,51.349998,,,,,,1.5023,pending,,2026-06-09T13:24:52+00:00
trackb_cont_KBH_20260608,,,,,,52.27,51.349998,,,,,,1.5023,pending,,2026-06-09T13:24:52+00:00
trackb_cont_KBH_20260609,,,,,,,,,,,,,,pending,,2026-06-09T13:24:52+00:00
trackb_cont_KBR_20260609,,,,,,,,,,,,,,pending,,2026-06-09T13:26:47+00:00
trackb_cont_KDP_20260603,,,,,,31.040001,30.0,,,,,,-2.7553,pending,,2026-06-09T13:24:50+00:00
trackb_cont_KDP_20260604,,,,,,30.940001,30.0,,,,,,-2.7553,pending,,2026-06-09T13:24:50+00:00
trackb_cont_KDP_20260605,,,,,,30.940001,30.209999,,,,,,-2.0746,pending,,2026-06-09T13:24:50+00:00
trackb_cont_KDP_20260608,,,,,,30.940001,30.530001,,,,,,-1.0373,pending,,2026-06-09T13:24:50+00:00
trackb_cont_KEEL_20260603,,,,,,6.45,4.81,,,,,,-23.1629,pending,,2026-06-09T13:25:03+00:00
trackb_cont_KEEL_20260604,,,,,,6.18,4.81,,,,,,-23.1629,pending,,2026-06-09T13:25:03+00:00
trackb_cont_KEEL_20260605,,,,,,5.8,4.81,,,,,,-23.1629,pending,,2026-06-09T13:25:03+00:00
trackb_cont_KEEL_20260608,,,,,,5.8,5.25,,,,,,-16.1342,pending,,2026-06-09T13:25:03+00:00
trackb_cont_KELYA_20260603,,,,,,12.16,11.24,,,,,,-1.3169,pending,,2026-06-09T13:25:42+00:00
trackb_cont_KELYA_20260604,,,,,,12.16,11.47,,,,,,0.7024,pending,,2026-06-09T13:25:42+00:00
trackb_cont_KELYA_20260605,,,,,,12.16,11.68,,,,,,2.5461,pending,,2026-06-09T13:25:42+00:00
trackb_cont_KELYA_20260608,,,,,,12.07,11.68,,,,,,2.5461,pending,,2026-06-09T13:25:42+00:00
trackb_cont_KELYA_20260609,,,,,,,,,,,,,,pending,,2026-06-09T13:25:42+00:00
trackb_cont_KFRC_20260603,,,,,,48.580002,45.849998,,,,,,-0.7361,pending,,2026-06-09T13:25:00+00:00
trackb_cont_KFRC_20260604,,,,,,48.580002,47.310001,,,,,,2.4248,pending,,2026-06-09T13:25:00+00:00
trackb_cont_KFRC_20260605,,,,,,48.580002,47.389999,,,,,,2.598,pending,,2026-06-09T13:25:00+00:00
trackb_cont_KFRC_20260608,,,,,,48.580002,47.57,,,,,,0.0421,pending,,2026-06-09T13:25:00+00:00
trackb_cont_KFRC_20260609,,,,,,,,,,,,,,pending,,2026-06-09T13:25:00+00:00
trackb_cont_KFY_20260603,,,,,,73.220001,69.239998,,,,,,-0.5744,pending,,2026-06-09T13:25:11+00:00
trackb_cont_KFY_20260604,,,,,,73.220001,70.610001,,,,,,1.3929,pending,,2026-06-09T13:25:11+00:00
trackb_cont_KFY_20260605,,,,,,73.220001,70.730003,,,,,,1.5652,pending,,2026-06-09T13:25:11+00:00
trackb_cont_KFY_20260608,,,,,,73.220001,72.120003,,,,,,-0.2765,pending,,2026-06-09T13:25:11+00:00
trackb_cont_KLAC_20260603,,,,,,2156.689941,1927.72998,,,,,,-7.1376,pending,,2026-06-09T13:24:37+00:00
trackb_cont_KLAC_20260604,,,,,,2156.689941,1927.72998,,,,,,-7.1376,pending,,2026-06-09T13:24:37+00:00
trackb_cont_KLAC_20260605,,,,,,2135.209961,1927.72998,,,,,,-7.1376,pending,,2026-06-09T13:24:37+00:00
trackb_cont_KLAC_20260608,,,,,,2135.209961,2003.560059,,,,,,3.8545,pending,,2026-06-09T13:24:37+00:00
trackb_cont_KLIC_20260603,,,,,,109.959999,97.330002,,,,,,-9.5824,pending,,2026-06-09T13:25:06+00:00
trackb_cont_KLIC_20260604,,,,,,109.389999,97.330002,,,,,,-9.5824,pending,,2026-06-09T13:25:06+00:00
trackb_cont_KLIC_20260605,,,,,,104.75,97.330002,,,,,,-9.5824,pending,,2026-06-09T13:25:06+00:00
trackb_cont_KLIC_20260608,,,,,,103.900002,100.010002,,,,,,1.8847,pending,,2026-06-09T13:25:06+00:00
trackb_cont_KMX_20260603,,,,,,49.32,43.52,,,,,,-6.5794,pending,,2026-06-09T13:25:23+00:00
trackb_cont_KMX_20260604,,,,,,49.32,45.349998,,,,,,-2.6511,pending,,2026-06-09T13:25:23+00:00
trackb_cont_KMX_20260605,,,,,,49.32,45.990002,,,,,,-1.2772,pending,,2026-06-09T13:25:23+00:00
trackb_cont_KMX_20260608,,,,,,49.32,45.990002,,,,,,-1.2772,pending,,2026-06-09T13:25:23+00:00
trackb_cont_KNX_20260603,,,,,,80.959999,76.949997,,,,,,-1.6362,pending,,2026-06-09T13:24:49+00:00
trackb_cont_KNX_20260604,,,,,,80.959999,76.949997,,,,,,-1.6362,pending,,2026-06-09T13:24:49+00:00
trackb_cont_KNX_20260605,,,,,,80.959999,77.370003,,,,,,-1.0993,pending,,2026-06-09T13:24:49+00:00
trackb_cont_KNX_20260608,,,,,,80.959999,78.099998,,,,,,-0.1662,pending,,2026-06-09T13:24:49+00:00
trackb_cont_KN_20260603,,,,,,39.919998,36.84,,,,,,-6.2359,pending,,2026-06-09T13:24:43+00:00
trackb_cont_KN_20260604,,,,,,39.73,36.84,,,,,,-6.2359,pending,,2026-06-09T13:24:43+00:00
trackb_cont_KN_20260605,,,,,,39.060001,36.84,,,,,,-6.2359,pending,,2026-06-09T13:24:43+00:00
trackb_cont_KN_20260608,,,,,,39.060001,37.700001,,,,,,1.1809,pending,,2026-06-09T13:24:43+00:00
trackb_cont_KOPN_20260603,,,,,,6.61,5.25,,,,,,-14.5647,pending,,2026-06-09T13:25:28+00:00
trackb_cont_KOPN_20260604,,,,,,6.49,5.25,,,,,,-14.5647,pending,,2026-06-09T13:25:28+00:00
trackb_cont_KOPN_20260605,,,,,,6.15,5.25,,,,,,-14.5647,pending,,2026-06-09T13:25:28+00:00
trackb_cont_KOPN_20260608,,,,,,5.88,5.33,,,,,,-2.381,pending,,2026-06-09T13:25:28+00:00
trackb_cont_KRC_20260603,,,,,,38.439999,34.509998,,,,,,-0.029,pending,,2026-06-09T13:25:59+00:00
trackb_cont_KRC_20260604,,,,,,38.439999,35.540001,,,,,,2.9548,pending,,2026-06-09T13:25:59+00:00
trackb_cont_KRC_20260605,,,,,,38.439999,36.290001,,,,,,5.1275,pending,,2026-06-09T13:25:59+00:00
trackb_cont_KRC_20260608,,,,,,38.439999,37.549999,,,,,,8.7775,pending,,2026-06-09T13:25:59+00:00
trackb_cont_KRC_20260609,,,,,,,,,,,,,,pending,,2026-06-09T13:25:59+00:00
trackb_cont_KREF_20260603,,,,,,7.09,6.715,,,,,,-0.297,pending,,2026-06-09T13:24:28+00:00
trackb_cont_KREF_20260604,,,,,,7.09,6.76,,,,,,0.3712,pending,,2026-06-09T13:24:28+00:00
trackb_cont_KREF_20260605,,,,,,7.09,6.9,,,,,,2.4499,pending,,2026-06-09T13:24:28+00:00
trackb_cont_KREF_20260608,,,,,,7.035,6.93,,,,,,2.8953,pending,,2026-06-09T13:24:28+00:00
trackb_cont_KRG_20260609,,,,,,,,,,,,,,pending,,2026-06-09T13:26:45+00:00
trackb_cont_LAD_20260603,,,,,,296.25,284.399994,,,,,,-3.0344,pending,,2026-06-09T13:24:48+00:00
trackb_cont_LAD_20260604,,,,,,295.440002,284.399994,,,,,,-3.0344,pending,,2026-06-09T13:24:48+00:00
trackb_cont_LAD_20260605,,,,,,295.440002,284.399994,,,,,,-3.0344,pending,,2026-06-09T13:24:48+00:00
trackb_cont_LAD_20260608,,,,,,295.440002,285.359985,,,,,,-2.7071,pending,,2026-06-09T13:24:48+00:00
trackb_cont_LCUT_20260603,,,,,,9.6,8.71,,,,,,-2.8986,pending,,2026-06-09T13:25:23+00:00
trackb_cont_LCUT_20260604,,,,,,9.6,8.71,,,,,,-2.8986,pending,,2026-06-09T13:25:23+00:00
trackb_cont_LCUT_20260605,,,,,,9.49,8.71,,,,,,-2.8986,pending,,2026-06-09T13:25:23+00:00
trackb_cont_LCUT_20260608,,,,,,9.27,8.71,,,,,,-2.2447,pending,,2026-06-09T13:25:23+00:00
trackb_cont_LCUT_20260609,,,,,,,,,,,,,,pending,,2026-06-09T13:25:23+00:00
trackb_cont_LEA_20260603,,,,,,147.660004,139.990005,,,,,,-4.4763,pending,,2026-06-09T13:25:14+00:00
trackb_cont_LEA_20260604,,,,,,145.789993,139.990005,,,,,,-4.4763,pending,,2026-06-09T13:25:14+00:00
trackb_cont_LEA_20260605,,,,,,145.419998,139.990005,,,,,,-4.4763,pending,,2026-06-09T13:25:14+00:00
trackb_cont_LEA_20260608,,,,,,145.419998,141.619995,,,,,,-3.364,pending,,2026-06-09T13:25:14+00:00
trackb_cont_LEGH_20260603,,,,,,24.99,23.02,,,,,,-0.6259,pending,,2026-06-09T13:25:40+00:00
trackb_cont_LEGH_20260604,,,,,,24.43,23.02,,,,,,-0.6259,pending,,2026-06-09T13:25:40+00:00
trackb_cont_LEGH_20260605,,,,,,24.43,23.190001,,,,,,0.1079,pending,,2026-06-09T13:25:40+00:00
trackb_cont_LEGH_20260608,,,,,,24.43,23.719999,,,,,,2.3959,pending,,2026-06-09T13:25:40+00:00
trackb_cont_LEN_20260603,,,,,,92.599998,88.82,,,,,,-0.4037,pending,,2026-06-09T13:25:53+00:00
trackb_cont_LEN_20260604,,,,,,92.599998,88.940002,,,,,,-0.2691,pending,,2026-06-09T13:25:53+00:00
trackb_cont_LEN_20260605,,,,,,92.199997,88.940002,,,,,,-0.2691,pending,,2026-06-09T13:25:53+00:00
trackb_cont_LEN_20260608,,,,,,91.449997,88.940002,,,,,,-1.7129,pending,,2026-06-09T13:25:53+00:00
trackb_cont_LEN_20260609,,,,,,,,,,,,,,pending,,2026-06-09T13:25:53+00:00
trackb_cont_LFUS_20260603,,,,,,500.570007,455.98999,,,,,,-7.6064,pending,,2026-06-09T13:24:31+00:00
trackb_cont_LFUS_20260604,,,,,,483.670013,455.98999,,,,,,-7.6064,pending,,2026-06-09T13:24:31+00:00
trackb_cont_LFUS_20260605,,,,,,471.5,455.98999,,,,,,-7.6064,pending,,2026-06-09T13:24:31+00:00
trackb_cont_LFUS_20260608,,,,,,471.290009,457.0,,,,,,-7.4018,pending,,2026-06-09T13:24:31+00:00
trackb_cont_LGIH_20260603,,,,,,51.630001,47.130001,,,,,,-0.3805,pending,,2026-06-09T13:25:19+00:00
trackb_cont_LGIH_20260604,,,,,,51.630001,49.860001,,,,,,5.39,pending,,2026-06-09T13:25:19+00:00
trackb_cont_LGIH_20260605,,,,,,51.630001,49.860001,,,,,,5.39,pending,,2026-06-09T13:25:19+00:00
trackb_cont_LGIH_20260608,,,,,,51.630001,50.009998,,,,,,-0.6753,pending,,2026-06-09T13:25:19+00:00
trackb_cont_LH_20260609,,,,,,,,,,,,,,pending,,2026-06-09T13:26:45+00:00
trackb_cont_LIND_20260603,,,,,,23.0,21.309999,,,,,,-4.4823,pending,,2026-06-09T13:25:25+00:00
trackb_cont_LIND_20260604,,,,,,22.6,21.309999,,,,,,-4.4823,pending,,2026-06-09T13:25:25+00:00
trackb_cont_LIND_20260605,,,,,,22.32,21.309999,,,,,,-4.4823,pending,,2026-06-09T13:25:25+00:00
trackb_cont_LIND_20260608,,,,,,22.110001,21.379999,,,,,,-4.1685,pending,,2026-06-09T13:25:25+00:00
trackb_cont_LINE_20260603,,,,,,43.439999,41.450001,,,,,,-0.5757,pending,,2026-06-09T13:25:46+00:00
trackb_cont_LINE_20260604,,,,,,43.439999,41.93,,,,,,0.5757,pending,,2026-06-09T13:25:46+00:00
trackb_cont_LINE_20260605,,,,,,43.02,42.040001,,,,,,0.8395,pending,,2026-06-09T13:25:46+00:00
trackb_cont_LINE_20260608,,,,,,43.02,42.259998,,,,,,1.3672,pending,,2026-06-09T13:25:46+00:00
trackb_cont_LITE_20260603,,,,,,1049.530029,841.929993,,,,,,-12.7308,pending,,2026-06-09T13:25:45+00:00
trackb_cont_LITE_20260604,,,,,,974.0,841.929993,,,,,,-12.7308,pending,,2026-06-09T13:25:45+00:00
trackb_cont_LITE_20260605,,,,,,974.0,841.929993,,,,,,-12.7308,pending,,2026-06-09T13:25:45+00:00
trackb_cont_LITE_20260608,,,,,,914.0,841.929993,,,,,,-12.7308,pending,,2026-06-09T13:25:45+00:00
trackb_cont_LLY_20260608,,,,,,1182.72998,1143.599976,,,,,,1.0765,pending,,2026-06-09T13:26:32+00:00
trackb_cont_LNN_20260603,,,,,,116.050003,111.099998,,,,,,-1.139,pending,,2026-06-09T13:25:04+00:00
trackb_cont_LNN_20260604,,,,,,116.050003,111.099998,,,,,,-1.139,pending,,2026-06-09T13:25:04+00:00
trackb_cont_LNN_20260605,,,,,,116.050003,111.099998,,,,,,-1.139,pending,,2026-06-09T13:25:04+00:00
trackb_cont_LNN_20260608,,,,,,114.620003,111.099998,,,,,,-1.139,pending,,2026-06-09T13:25:04+00:00
trackb_cont_LNTH_20260608,,,,,,102.625,99.945,,,,,,-1.025,pending,,2026-06-09T13:26:31+00:00
trackb_cont_LNTH_20260609,,,,,,,,,,,,,,pending,,2026-06-09T13:26:31+00:00
trackb_cont_LODE_20260603,,,,,,4.64,3.86,,,,,,-2.402,pending,,2026-06-09T13:24:50+00:00
trackb_cont_LODE_20260604,,,,,,4.64,3.93,,,,,,-0.6321,pending,,2026-06-09T13:24:50+00:00
trackb_cont_LODE_20260605,,,,,,4.45,3.93,,,,,,-0.6321,pending,,2026-06-09T13:24:50+00:00
trackb_cont_LODE_20260608,,,,,,4.06,3.95,,,,,,-0.1264,pending,,2026-06-09T13:24:50+00:00
trackb_cont_LOVE_20260608,,,,,,16.264999,15.513,,,,,,-1.3795,pending,,2026-06-09T13:26:36+00:00
trackb_cont_LPX_20260603,,,,,,75.099998,69.400002,,,,,,-6.2099,pending,,2026-06-09T13:26:12+00:00
trackb_cont_LPX_20260604,,,,,,75.099998,69.400002,,,,,,-6.2099,pending,,2026-06-09T13:26:12+00:00
trackb_cont_LPX_20260605,,,,,,72.269997,69.400002,,,,,,-6.2099,pending,,2026-06-09T13:26:12+00:00
trackb_cont_LPX_20260608,,,,,,71.199997,69.400002,,,,,,-6.2099,pending,,2026-06-09T13:26:12+00:00
trackb_cont_LRCX_20260603,,,,,,346.190002,302.73999,,,,,,-10.7475,pending,,2026-06-09T13:24:26+00:00
trackb_cont_LRCX_20260604,,,,,,342.369995,302.73999,,,,,,-10.7475,pending,,2026-06-09T13:24:26+00:00
trackb_cont_LRCX_20260605,,,,,,330.679993,302.73999,,,,,,-10.7475,pending,,2026-06-09T13:24:26+00:00
trackb_cont_LRCX_20260608,,,,,,330.679993,315.0,,,,,,-7.1331,pending,,2026-06-09T13:24:26+00:00
trackb_cont_LRN_20260603,,,,,,103.669998,96.730003,,,,,,-1.1699,pending,,2026-06-09T13:24:53+00:00
trackb_cont_LRN_20260604,,,,,,103.669998,96.730003,,,,,,-1.1699,pending,,2026-06-09T13:24:53+00:00
trackb_cont_LRN_20260605,,,,,,103.669998,96.730003,,,,,,-1.1699,pending,,2026-06-09T13:24:53+00:00
trackb_cont_LRN_20260608,,,,,,100.540001,96.730003,,,,,,-1.1699,pending,,2026-06-09T13:24:53+00:00
trackb_cont_LRN_20260609,,,,,,,,,,,,,,pending,,2026-06-09T13:24:53+00:00
trackb_cont_LSTR_20260603,,,,,,228.460007,212.039993,,,,,,-1.3309,pending,,2026-06-09T13:24:38+00:00
trackb_cont_LSTR_20260604,,,,,,228.460007,216.690002,,,,,,0.8329,pending,,2026-06-09T13:24:38+00:00
trackb_cont_LSTR_20260605,,,,,,228.460007,216.800003,,,,,,0.8841,pending,,2026-06-09T13:24:38+00:00
trackb_cont_LSTR_20260608,,,,,,228.460007,219.050003,,,,,,1.9311,pending,,2026-06-09T13:24:38+00:00
trackb_cont_LUMN_20260603,,,,,,10.7,8.75,,,,,,-13.3234,pending,,2026-06-09T13:25:55+00:00
trackb_cont_LUMN_20260604,,,,,,10.12,8.75,,,,,,-13.3234,pending,,2026-06-09T13:25:55+00:00
trackb_cont_LUMN_20260605,,,,,,9.7,8.75,,,,,,-13.3234,pending,,2026-06-09T13:25:55+00:00
trackb_cont_LUMN_20260608,,,,,,9.33,9.0,,,,,,-10.847,pending,,2026-06-09T13:25:55+00:00
trackb_cont_LUV_20260603,,,,,,42.299999,40.82,,,,,,-1.3533,pending,,2026-06-09T13:26:13+00:00
trackb_cont_LUV_20260604,,,,,,42.299999,40.900002,,,,,,-1.16,pending,,2026-06-09T13:26:13+00:00
trackb_cont_LUV_20260605,,,,,,41.860001,40.900002,,,,,,-1.16,pending,,2026-06-09T13:26:13+00:00
trackb_cont_LUV_20260608,,,,,,41.779999,40.900002,,,,,,-1.16,pending,,2026-06-09T13:26:13+00:00
trackb_cont_MAA_20260608,,,,,,137.830002,136.110001,,,,,,-1.0397,pending,,2026-06-09T13:26:30+00:00
trackb_cont_MAC_20260608,,,,,,23.780001,23.32,,,,,,-1.437,pending,,2026-06-09T13:26:30+00:00
trackb_cont_MAN_20260603,,,,,,33.16,30.049999,,,,,,-1.346,pending,,2026-06-09T13:25:44+00:00
trackb_cont_MAN_20260604,,,,,,33.16,31.049999,,,,,,1.937,pending,,2026-06-09T13:25:44+00:00
trackb_cont_MAN_20260605,,,,,,33.16,31.690001,,,,,,4.0381,pending,,2026-06-09T13:25:44+00:00
trackb_cont_MAN_20260608,,,,,,33.16,31.690001,,,,,,4.0381,pending,,2026-06-09T13:25:44+00:00
trackb_cont_MARA_20260603,,,,,,14.38,11.84,,,,,,-15.7895,pending,,2026-06-09T13:26:10+00:00
trackb_cont_MARA_20260604,,,,,,14.07,11.84,,,,,,-15.7895,pending,,2026-06-09T13:26:10+00:00
trackb_cont_MARA_20260605,,,,,,13.97,11.84,,,,,,-15.7895,pending,,2026-06-09T13:26:10+00:00
trackb_cont_MAR_20260608,,,,,,395.850006,388.390015,,,,,,-1.0497,pending,,2026-06-09T13:26:31+00:00
trackb_cont_MASI_20260603,,,,,,179.970001,178.630005,,,,,,-0.0364,pending,,2026-06-09T13:26:11+00:00
trackb_cont_MASI_20260604,,,,,,179.970001,178.720001,,,,,,0.014,pending,,2026-06-09T13:26:11+00:00
trackb_cont_MASI_20260605,,,,,,179.970001,178.800003,,,,,,0.0588,pending,,2026-06-09T13:26:11+00:00
trackb_cont_MASI_20260608,,,,,,179.970001,179.899994,,,,,,0.6743,pending,,2026-06-09T13:26:11+00:00
trackb_cont_MASI_20260609,,,,,,,,,,,,,,pending,,2026-06-09T13:26:11+00:00
trackb_cont_MATX_20260603,,,,,,192.619995,183.610001,,,,,,-1.9177,pending,,2026-06-09T13:25:04+00:00
trackb_cont_MATX_20260604,,,,,,192.619995,183.610001,,,,,,-1.9177,pending,,2026-06-09T13:25:04+00:00
trackb_cont_MATX_20260605,,,,,,192.619995,183.610001,,,,,,-1.9177,pending,,2026-06-09T13:25:04+00:00
trackb_cont_MATX_20260608,,,,,,192.619995,186.050003,,,,,,-0.6143,pending,,2026-06-09T13:25:04+00:00
trackb_cont_MCRI_20260608,,,,,,124.550003,121.559998,,,,,,-0.9291,pending,,2026-06-09T13:26:31+00:00
trackb_cont_MCRI_20260609,,,,,,,,,,,,,,pending,,2026-06-09T13:26:31+00:00
trackb_cont_MDB_20260603,,,,,,392.48999,344.140015,,,,,,-7.5066,pending,,2026-06-09T13:24:59+00:00
trackb_cont_MDB_20260604,,,,,,390.0,344.140015,,,,,,-7.5066,pending,,2026-06-09T13:24:59+00:00
trackb_cont_MDB_20260605,,,,,,381.0,344.140015,,,,,,-7.5066,pending,,2026-06-09T13:24:59+00:00
trackb_cont_MDB_20260608,,,,,,359.0,344.140015,,,,,,-7.5066,pending,,2026-06-09T13:24:59+00:00
trackb_cont_MEC_20260603,,,,,,35.049999,30.059999,,,,,,-7.1362,pending,,2026-06-09T13:24:28+00:00
trackb_cont_MEC_20260604,,,,,,35.049999,30.059999,,,,,,-7.1362,pending,,2026-06-09T13:24:28+00:00
trackb_cont_MEC_20260605,,,,,,35.049999,31.34,,,,,,-3.182,pending,,2026-06-09T13:24:28+00:00
trackb_cont_MEC_20260608,,,,,,35.049999,32.759998,,,,,,1.2048,pending,,2026-06-09T13:24:28+00:00
trackb_cont_MEC_20260609,,,,,,,,,,,,,,pending,,2026-06-09T13:24:28+00:00
trackb_cont_MEDP_20260608,,,,,,462.089996,450.059998,,,,,,-0.9224,pending,,2026-06-09T13:26:16+00:00
trackb_cont_METC_20260603,,,,,,17.52,14.89,,,,,,-11.6058,pending,,2026-06-09T13:25:11+00:00
trackb_cont_METC_20260604,,,,,,17.52,14.89,,,,,,-11.6058,pending,,2026-06-09T13:25:11+00:00
trackb_cont_METC_20260605,,,,,,16.84,14.89,,,,,,-11.6058,pending,,2026-06-09T13:25:11+00:00
trackb_cont_METC_20260608,,,,,,15.8,14.89,,,,,,-4.8562,pending,,2026-06-09T13:25:11+00:00
trackb_cont_MET_20260603,,,,,,84.989998,80.510002,,,,,,-0.654,pending,,2026-06-09T13:26:12+00:00
trackb_cont_MET_20260604,,,,,,84.989998,81.849998,,,,,,0.9995,pending,,2026-06-09T13:26:12+00:00
trackb_cont_MET_20260605,,,,,,84.989998,83.220001,,,,,,2.69,pending,,2026-06-09T13:26:12+00:00
trackb_cont_MET_20260608,,,,,,84.879997,84.019997,,,,,,-0.5563,pending,,2026-06-09T13:26:12+00:00
trackb_cont_MGM_20260603,,,,,,48.75,47.07,,,,,,-1.5066,pending,,2026-06-09T13:25:43+00:00
trackb_cont_MGM_20260604,,,,,,48.720001,47.07,,,,,,-1.5066,pending,,2026-06-09T13:25:43+00:00
trackb_cont_MGM_20260605,,,,,,48.209999,47.07,,,,,,-1.5066,pending,,2026-06-09T13:25:43+00:00
trackb_cont_MGM_20260608,,,,,,47.720001,47.07,,,,,,-0.9261,pending,,2026-06-09T13:25:43+00:00
trackb_cont_MGM_20260609,,,,,,,,,,,,,,pending,,2026-06-09T13:25:43+00:00
trackb_cont_MGNI_20260603,,,,,,15.45,14.0,,,,,,-0.6388,pending,,2026-06-09T13:25:49+00:00
trackb_cont_MGNI_20260604,,,,,,15.45,14.28,,,,,,1.3485,pending,,2026-06-09T13:25:49+00:00
trackb_cont_MGNI_20260605,,,,,,15.14,14.28,,,,,,1.3485,pending,,2026-06-09T13:25:49+00:00
trackb_cont_MGNI_20260608,,,,,,14.73,14.28,,,,,,-2.7248,pending,,2026-06-09T13:25:49+00:00
trackb_cont_MHK_20260603,,,,,,107.650002,101.269997,,,,,,-3.1326,pending,,2026-06-09T13:25:37+00:00
trackb_cont_MHK_20260604,,,,,,107.650002,101.269997,,,,,,-3.1326,pending,,2026-06-09T13:25:37+00:00
trackb_cont_MHK_20260605,,,,,,105.349998,101.269997,,,,,,-3.1326,pending,,2026-06-09T13:25:37+00:00
trackb_cont_MHK_20260608,,,,,,102.989998,101.269997,,,,,,-3.1326,pending,,2026-06-09T13:25:37+00:00
trackb_cont_MHO_20260603,,,,,,139.470001,135.479996,,,,,,-0.4336,pending,,2026-06-09T13:25:20+00:00
trackb_cont_MHO_20260604,,,,,,139.470001,135.479996,,,,,,-0.4336,pending,,2026-06-09T13:25:20+00:00
trackb_cont_MHO_20260605,,,,,,138.800003,135.479996,,,,,,-0.4336,pending,,2026-06-09T13:25:20+00:00
trackb_cont_MHO_20260608,,,,,,138.300003,135.479996,,,,,,-1.3471,pending,,2026-06-09T13:25:20+00:00
trackb_cont_MKSI_20260603,,,,,,341.809998,300.109985,,,,,,-11.1522,pending,,2026-06-09T13:25:16+00:00
trackb_cont_MKSI_20260604,,,,,,339.920013,300.109985,,,,,,-11.1522,pending,,2026-06-09T13:25:16+00:00
trackb_cont_MKSI_20260605,,,,,,339.920013,300.109985,,,,,,-11.1522,pending,,2026-06-09T13:25:16+00:00
trackb_cont_MKSI_20260608,,,,,,339.920013,309.029999,,,,,,2.4465,pending,,2026-06-09T13:25:16+00:00
trackb_cont_MLAB_20260603,,,,,,110.43,101.68,,,,,,-0.3821,pending,,2026-06-09T13:25:24+00:00
trackb_cont_MLAB_20260604,,,,,,110.43,103.800003,,,,,,1.6949,pending,,2026-06-09T13:25:24+00:00
trackb_cont_MLAB_20260605,,,,,,109.550003,103.800003,,,,,,1.6949,pending,,2026-06-09T13:25:24+00:00
trackb_cont_MLAB_20260608,,,,,,108.470001,104.940002,,,,,,1.0107,pending,,2026-06-09T13:25:24+00:00
trackb_cont_MLAB_20260609,,,,,,,,,,,,,,pending,,2026-06-09T13:25:24+00:00
trackb_cont_MMI_20260603,,,,,,30.629999,28.75,,,,,,-0.4846,pending,,2026-06-09T13:25:41+00:00
trackb_cont_MMI_20260604,,,,,,30.629999,29.299999,,,,,,1.4192,pending,,2026-06-09T13:25:41+00:00
trackb_cont_MMI_20260605,,,,,,30.629999,29.809999,,,,,,3.1845,pending,,2026-06-09T13:25:41+00:00
trackb_cont_MMI_20260608,,,,,,30.629999,29.85,,,,,,-0.8306,pending,,2026-06-09T13:25:41+00:00
trackb_cont_MMM_20260603,,,,,,156.080002,151.509995,,,,,,-0.9933,pending,,2026-06-09T13:25:58+00:00
trackb_cont_MMM_20260604,,,,,,156.080002,152.25,,,,,,-0.5097,pending,,2026-06-09T13:25:58+00:00
trackb_cont_MMM_20260605,,,,,,156.080002,152.25,,,,,,-0.5097,pending,,2026-06-09T13:25:58+00:00
trackb_cont_MMM_20260608,,,,,,156.080002,152.25,,,,,,-0.982,pending,,2026-06-09T13:25:58+00:00
trackb_cont_MNST_20260603,,,,,,90.440002,87.839996,,,,,,-1.2035,pending,,2026-06-09T13:25:06+00:00
trackb_cont_MNST_20260604,,,,,,90.440002,88.300003,,,,,,-0.6861,pending,,2026-06-09T13:25:06+00:00
trackb_cont_MNST_20260605,,,,,,90.389999,88.349998,,,,,,-0.6299,pending,,2026-06-09T13:25:06+00:00
trackb_cont_MNST_20260608,,,,,,90.220001,88.349998,,,,,,-1.34,pending,,2026-06-09T13:25:06+00:00
trackb_cont_MOD_20260603,,,,,,318.609985,271.619995,,,,,,-12.0231,pending,,2026-06-09T13:25:35+00:00
trackb_cont_MOD_20260604,,,,,,304.809998,271.619995,,,,,,-12.0231,pending,,2026-06-09T13:25:35+00:00
trackb_cont_MOD_20260605,,,,,,291.950012,271.619995,,,,,,-12.0231,pending,,2026-06-09T13:25:35+00:00
trackb_cont_MOD_20260608,,,,,,285.0,271.619995,,,,,,-12.0231,pending,,2026-06-09T13:25:35+00:00
trackb_cont_MOH_20260609,,,,,,,,,,,,,,pending,,2026-06-09T13:26:44+00:00
trackb_cont_MPC_20260603,,,,,,272.459991,261.480011,,,,,,-3.3095,pending,,2026-06-09T13:24:47+00:00
trackb_cont_MPC_20260604,,,,,,271.279999,261.480011,,,,,,-3.3095,pending,,2026-06-09T13:24:47+00:00
trackb_cont_MPC_20260605,,,,,,271.279999,261.899994,,,,,,-3.1542,pending,,2026-06-09T13:24:47+00:00
trackb_cont_MPC_20260608,,,,,,271.279999,262.920013,,,,,,-2.7771,pending,,2026-06-09T13:24:47+00:00
trackb_cont_MPLX_20260609,,,,,,,,,,,,,,pending,,2026-06-09T13:26:47+00:00
trackb_cont_MPWR_20260603,,,,,,1697.349976,1473.949951,,,,,,-11.1554,pending,,2026-06-09T13:26:15+00:00
trackb_cont_MPWR_20260604,,,,,,1666.689941,1473.949951,,,,,,-11.1554,pending,,2026-06-09T13:26:15+00:00
trackb_cont_MPWR_20260605,,,,,,1599.98999,1473.949951,,,,,,-11.1554,pending,,2026-06-09T13:26:15+00:00
trackb_cont_MPWR_20260608,,,,,,1584.359985,1518.339966,,,,,,-8.4797,pending,,2026-06-09T13:26:15+00:00
trackb_cont_MP_20260603,,,,,,71.926003,57.330002,,,,,,-16.5016,pending,,2026-06-09T13:25:42+00:00
trackb_cont_MP_20260604,,,,,,67.25,57.330002,,,,,,-16.5016,pending,,2026-06-09T13:25:42+00:00
trackb_cont_MP_20260605,,,,,,64.150002,57.330002,,,,,,-16.5016,pending,,2026-06-09T13:25:42+00:00
trackb_cont_MP_20260608,,,,,,59.830002,57.330002,,,,,,-16.5016,pending,,2026-06-09T13:25:42+00:00
trackb_cont_MRP_20260608,,,,,,29.26,28.785,,,,,,-0.5012,pending,,2026-06-09T13:26:34+00:00
trackb_cont_MRTN_20260603,,,,,,18.209999,17.309999,,,,,,-1.9263,pending,,2026-06-09T13:24:35+00:00
trackb_cont_MRTN_20260604,,,,,,18.209999,17.620001,,,,,,-0.17,pending,,2026-06-09T13:24:35+00:00
trackb_cont_MRTN_20260605,,,,,,18.209999,17.709999,,,,,,0.3399,pending,,2026-06-09T13:24:35+00:00
trackb_cont_MRTN_20260608,,,,,,18.209999,17.709999,,,,,,0.3399,pending,,2026-06-09T13:24:35+00:00
trackb_cont_MRTN_20260609,,,,,,,,,,,,,,pending,,2026-06-09T13:24:35+00:00
trackb_cont_MRVL_20260603,,,,,,324.200012,261.390015,,,,,,-13.94,pending,,2026-06-09T13:24:29+00:00
trackb_cont_MRVL_20260604,,,,,,321.5,261.390015,,,,,,-13.94,pending,,2026-06-09T13:24:29+00:00
trackb_cont_MRVL_20260605,,,,,,304.959991,261.390015,,,,,,-13.94,pending,,2026-06-09T13:24:29+00:00
trackb_cont_MRVL_20260608,,,,,,304.959991,281.359985,,,,,,-7.3651,pending,,2026-06-09T13:24:29+00:00
trackb_cont_MSCI_20260603,,,,,,627.440002,600.5,,,,,,-3.4593,pending,,2026-06-09T13:25:28+00:00
trackb_cont_MSCI_20260604,,,,,,627.440002,600.5,,,,,,-3.4593,pending,,2026-06-09T13:25:28+00:00
trackb_cont_MSCI_20260605,,,,,,624.890015,600.5,,,,,,-3.4593,pending,,2026-06-09T13:25:28+00:00
trackb_cont_MSCI_20260608,,,,,,612.559998,600.5,,,,,,-3.4593,pending,,2026-06-09T13:25:28+00:00
trackb_cont_MSEX_20260603,,,,,,53.900002,51.759998,,,,,,-1.4283,pending,,2026-06-09T13:25:02+00:00
trackb_cont_MSEX_20260604,,,,,,53.900002,52.060001,,,,,,-0.857,pending,,2026-06-09T13:25:02+00:00
trackb_cont_MSEX_20260605,,,,,,53.900002,52.459999,,,,,,-0.0952,pending,,2026-06-09T13:25:02+00:00
trackb_cont_MSEX_20260608,,,,,,53.650002,52.5,,,,,,-0.019,pending,,2026-06-09T13:25:02+00:00
trackb_cont_MSEX_20260609,,,,,,,,,,,,,,pending,,2026-06-09T13:25:02+00:00
trackb_cont_MSGS_20260603,,,,,,392.559998,378.0,,,,,,-0.9849,pending,,2026-06-09T13:24:33+00:00
trackb_cont_MSGS_20260604,,,,,,392.559998,381.920013,,,,,,0.0419,pending,,2026-06-09T13:24:33+00:00
trackb_cont_MSGS_20260605,,,,,,392.559998,381.920013,,,,,,0.0419,pending,,2026-06-09T13:24:33+00:00
trackb_cont_MSGS_20260608,,,,,,392.559998,382.200012,,,,,,0.1153,pending,,2026-06-09T13:24:33+00:00
trackb_cont_MSM_20260603,,,,,,118.519997,113.529999,,,,,,-2.3146,pending,,2026-06-09T13:24:44+00:00
trackb_cont_MSM_20260604,,,,,,118.519997,114.769997,,,,,,-1.2476,pending,,2026-06-09T13:24:44+00:00
trackb_cont_MSM_20260605,,,,,,117.449997,114.769997,,,,,,-1.2476,pending,,2026-06-09T13:24:44+00:00
trackb_cont_MSM_20260608,,,,,,117.260002,114.769997,,,,,,-1.2476,pending,,2026-06-09T13:24:44+00:00
trackb_cont_MSM_20260609,,,,,,,,,,,,,,pending,,2026-06-09T13:24:44+00:00
trackb_cont_MS_20260603,,,,,,219.160004,208.789993,,,,,,-0.4624,pending,,2026-06-09T13:24:50+00:00
trackb_cont_MS_20260604,,,,,,219.160004,211.149994,,,,,,0.6627,pending,,2026-06-09T13:24:50+00:00
trackb_cont_MS_20260605,,,,,,218.320007,211.160004,,,,,,0.6674,pending,,2026-06-09T13:24:50+00:00
trackb_cont_MS_20260608,,,,,,215.899994,211.740005,,,,,,0.9439,pending,,2026-06-09T13:24:50+00:00
trackb_cont_MS_20260609,,,,,,,,,,,,,,pending,,2026-06-09T13:24:50+00:00
trackb_cont_MTB_20260603,,,,,,224.889999,213.679993,,,,,,-0.2591,pending,,2026-06-09T13:24:40+00:00
trackb_cont_MTB_20260604,,,,,,224.889999,216.770004,,,,,,1.1833,pending,,2026-06-09T13:24:40+00:00
trackb_cont_MTB_20260605,,,,,,224.889999,221.889999,,,,,,3.5732,pending,,2026-06-09T13:24:40+00:00
trackb_cont_MTB_20260608,,,,,,224.889999,222.160004,,,,,,3.6992,pending,,2026-06-09T13:24:40+00:00
trackb_cont_MTH_20260603,,,,,,69.379997,66.769997,,,,,,-0.758,pending,,2026-06-09T13:25:45+00:00
trackb_cont_MTH_20260604,,,,,,69.379997,67.540001,,,,,,0.3864,pending,,2026-06-09T13:25:45+00:00
trackb_cont_MTH_20260605,,,,,,69.379997,67.540001,,,,,,0.3864,pending,,2026-06-09T13:25:45+00:00
trackb_cont_MTH_20260608,,,,,,69.300003,67.959999,,,,,,-0.5415,pending,,2026-06-09T13:25:45+00:00
trackb_cont_MTH_20260609,,,,,,,,,,,,,,pending,,2026-06-09T13:25:45+00:00
trackb_cont_MTN_20260603,,,,,,139.5,133.0,,,,,,-1.4742,pending,,2026-06-09T13:25:03+00:00
trackb_cont_MTN_20260604,,,,,,139.5,133.460007,,,,,,-1.1334,pending,,2026-06-09T13:25:03+00:00
trackb_cont_MTN_20260605,,,,,,139.5,134.220001,,,,,,-0.5704,pending,,2026-06-09T13:25:03+00:00
trackb_cont_MTN_20260608,,,,,,139.5,135.089996,,,,,,0.0741,pending,,2026-06-09T13:25:03+00:00
trackb_cont_MTRN_20260603,,,,,,230.080002,218.100006,,,,,,-4.1614,pending,,2026-06-09T13:24:55+00:00
trackb_cont_MTRN_20260604,,,,,,230.0,218.100006,,,,,,-4.1614,pending,,2026-06-09T13:24:55+00:00
trackb_cont_MTRN_20260605,,,,,,230.0,218.259995,,,,,,-4.0911,pending,,2026-06-09T13:24:55+00:00
trackb_cont_MTRN_20260608,,,,,,228.660004,219.960007,,,,,,-3.344,pending,,2026-06-09T13:24:55+00:00
trackb_cont_MTSI_20260603,,,,,,395.309998,342.369995,,,,,,-12.5916,pending,,2026-06-09T13:26:09+00:00
trackb_cont_MTSI_20260604,,,,,,390.339996,342.369995,,,,,,-12.5916,pending,,2026-06-09T13:26:09+00:00
trackb_cont_MTSI_20260605,,,,,,374.649994,342.369995,,,,,,-12.5916,pending,,2026-06-09T13:26:09+00:00
trackb_cont_MTUS_20260603,,,,,,20.290001,19.5,,,,,,-2.6703,pending,,2026-06-09T13:24:38+00:00
trackb_cont_MTUS_20260604,,,,,,20.290001,19.5,,,,,,-2.6703,pending,,2026-06-09T13:24:38+00:00
trackb_cont_MTUS_20260605,,,,,,20.084999,19.5,,,,,,-2.6703,pending,,2026-06-09T13:24:38+00:00
trackb_cont_MTUS_20260608,,,,,,20.07,19.5,,,,,,-0.8138,pending,,2026-06-09T13:24:38+00:00
trackb_cont_MTUS_20260609,,,,,,,,,,,,,,pending,,2026-06-09T13:24:38+00:00
trackb_cont_MU_20260603,,,,,,1089.290039,864.01001,,,,,,-18.3471,pending,,2026-06-09T13:24:31+00:00
trackb_cont_MU_20260604,,,,,,1036.369995,864.01001,,,,,,-18.3471,pending,,2026-06-09T13:24:31+00:00
trackb_cont_MU_20260605,,,,,,962.950012,864.01001,,,,,,-18.3471,pending,,2026-06-09T13:24:31+00:00
trackb_cont_MU_20260608,,,,,,962.950012,916.5,,,,,,6.0752,pending,,2026-06-09T13:24:31+00:00
trackb_cont_MYE_20260603,,,,,,24.91,22.940001,,,,,,-2.5902,pending,,2026-06-09T13:25:48+00:00
trackb_cont_MYE_20260604,,,,,,24.91,23.27,,,,,,-1.189,pending,,2026-06-09T13:25:48+00:00
trackb_cont_MYE_20260605,,,,,,24.91,23.280001,,,,,,-1.1465,pending,,2026-06-09T13:25:48+00:00
trackb_cont_MYE_20260608,,,,,,24.91,23.91,,,,,,1.5287,pending,,2026-06-09T13:25:48+00:00
trackb_cont_MYE_20260609,,,,,,,,,,,,,,pending,,2026-06-09T13:25:48+00:00
trackb_cont_MYPS_20260603,,,,,,0.64,0.51,,,,,,-5.4855,pending,,2026-06-09T13:25:15+00:00
trackb_cont_MYPS_20260604,,,,,,0.64,0.511,,,,,,-5.3002,pending,,2026-06-09T13:25:15+00:00
trackb_cont_MYPS_20260605,,,,,,0.64,0.529,,,,,,-1.9644,pending,,2026-06-09T13:25:15+00:00
trackb_cont_NBIX_20260603,,,,,,169.570007,155.119995,,,,,,-5.137,pending,,2026-06-09T13:26:03+00:00
trackb_cont_NBIX_20260604,,,,,,169.570007,162.229996,,,,,,-0.7889,pending,,2026-06-09T13:26:03+00:00
trackb_cont_NBIX_20260605,,,,,,168.0,162.229996,,,,,,-0.7889,pending,,2026-06-09T13:26:03+00:00
trackb_cont_NBIX_20260608,,,,,,165.399994,162.229996,,,,,,-0.7889,pending,,2026-06-09T13:26:03+00:00
trackb_cont_NBIX_20260609,,,,,,,,,,,,,,pending,,2026-06-09T13:26:03+00:00
trackb_cont_NB_20260603,,,,,,6.17,4.935,,,,,,-16.0,pending,,2026-06-09T13:25:12+00:00
trackb_cont_NB_20260604,,,,,,5.96,4.935,,,,,,-16.0,pending,,2026-06-09T13:25:12+00:00
trackb_cont_NB_20260605,,,,,,5.74,4.935,,,,,,-16.0,pending,,2026-06-09T13:25:12+00:00
trackb_cont_NCLH_20260608,,,,,,19.219999,18.25,,,,,,-2.6667,pending,,2026-06-09T13:26:23+00:00
trackb_cont_NCLH_20260609,,,,,,,,,,,,,,pending,,2026-06-09T13:26:23+00:00
trackb_cont_NCMI_20260603,,,,,,3.61,3.48,,,,,,-2.1097,pending,,2026-06-09T13:25:20+00:00
trackb_cont_NCMI_20260604,,,,,,3.61,3.5,,,,,,-1.5471,pending,,2026-06-09T13:25:20+00:00
trackb_cont_NCMI_20260605,,,,,,3.6,3.5,,,,,,-1.5471,pending,,2026-06-09T13:25:20+00:00
trackb_cont_NCMI_20260608,,,,,,3.6,3.53,,,,,,-0.7032,pending,,2026-06-09T13:25:20+00:00
trackb_cont_NET_20260603,,,,,,276.815002,246.0,,,,,,-5.7832,pending,,2026-06-09T13:24:30+00:00
trackb_cont_NET_20260604,,,,,,276.815002,246.0,,,,,,-5.7832,pending,,2026-06-09T13:24:30+00:00
trackb_cont_NET_20260605,,,,,,268.820007,246.0,,,,,,-5.7832,pending,,2026-06-09T13:24:30+00:00
trackb_cont_NET_20260608,,,,,,254.699997,246.0,,,,,,-1.6433,pending,,2026-06-09T13:24:30+00:00
trackb_cont_NEU_20260603,,,,,,806.900024,769.169983,,,,,,-2.2177,pending,,2026-06-09T13:25:28+00:00
trackb_cont_NEU_20260604,,,,,,806.900024,775.719971,,,,,,-1.3851,pending,,2026-06-09T13:25:28+00:00
trackb_cont_NEU_20260605,,,,,,806.900024,780.940002,,,,,,-0.7214,pending,,2026-06-09T13:25:28+00:00
trackb_cont_NEU_20260608,,,,,,806.900024,791.090027,,,,,,0.5689,pending,,2026-06-09T13:25:28+00:00
trackb_cont_NEU_20260609,,,,,,,,,,,,,,pending,,2026-06-09T13:25:28+00:00
trackb_cont_NGVC_20260603,,,,,,30.809999,28.280001,,,,,,-1.2052,pending,,2026-06-09T13:26:00+00:00
trackb_cont_NGVC_20260604,,,,,,30.809999,28.280001,,,,,,-1.2052,pending,,2026-06-09T13:26:00+00:00
trackb_cont_NGVC_20260605,,,,,,30.809999,28.780001,,,,,,0.5415,pending,,2026-06-09T13:26:00+00:00
trackb_cont_NGVC_20260608,,,,,,30.809999,29.77,,,,,,4.0,pending,,2026-06-09T13:26:00+00:00
trackb_cont_NIXX_20260603,,,,,,0.94,0.7067,,,,,,-1.3402,pending,,2026-06-09T13:26:09+00:00
trackb_cont_NIXX_20260604,,,,,,0.94,0.73,,,,,,1.9126,pending,,2026-06-09T13:26:09+00:00
trackb_cont_NIXX_20260605,,,,,,0.94,0.7844,,,,,,9.5072,pending,,2026-06-09T13:26:09+00:00
trackb_cont_NIXX_20260608,,,,,,0.94,0.8301,,,,,,-1.7052,pending,,2026-06-09T13:26:09+00:00
trackb_cont_NMAX_20260603,,,,,,10.0,8.12,,,,,,-2.6379,pending,,2026-06-09T13:24:49+00:00
trackb_cont_NMAX_20260604,,,,,,10.0,8.64,,,,,,3.5971,pending,,2026-06-09T13:24:49+00:00
trackb_cont_NMAX_20260605,,,,,,9.674,8.89,,,,,,6.5947,pending,,2026-06-09T13:24:49+00:00
trackb_cont_NMAX_20260608,,,,,,9.45,8.89,,,,,,-2.4149,pending,,2026-06-09T13:24:49+00:00
trackb_cont_NMAX_20260609,,,,,,,,,,,,,,pending,,2026-06-09T13:24:49+00:00
trackb_cont_NNBR_20260603,,,,,,3.18,2.81,,,,,,-8.0196,pending,,2026-06-09T13:25:00+00:00
trackb_cont_NNBR_20260604,,,,,,3.08,2.81,,,,,,-8.0196,pending,,2026-06-09T13:25:00+00:00
trackb_cont_NNBR_20260605,,,,,,3.05,2.81,,,,,,-8.0196,pending,,2026-06-09T13:25:00+00:00
trackb_cont_NNBR_20260608,,,,,,3.05,2.83,,,,,,-7.365,pending,,2026-06-09T13:25:00+00:00
trackb_cont_NNN_20260609,,,,,,,,,,,,,,pending,,2026-06-09T13:26:48+00:00
trackb_cont_NOVT_20260603,,,,,,171.699997,154.179993,,,,,,-9.3432,pending,,2026-06-09T13:24:51+00:00
trackb_cont_NOVT_20260604,,,,,,171.419998,154.179993,,,,,,-9.3432,pending,,2026-06-09T13:24:51+00:00
trackb_cont_NOVT_20260605,,,,,,164.789993,154.179993,,,,,,-9.3432,pending,,2026-06-09T13:24:51+00:00
trackb_cont_NOVT_20260608,,,,,,164.789993,157.110001,,,,,,-7.6204,pending,,2026-06-09T13:24:51+00:00
trackb_cont_NOV_20260608,,,,,,21.26,20.379999,,,,,,1.1917,pending,,2026-06-09T13:26:30+00:00
trackb_cont_NOW_20260603,,,,,,128.080002,111.199997,,,,,,-7.3024,pending,,2026-06-09T13:25:50+00:00
trackb_cont_NOW_20260604,,,,,,124.800003,111.199997,,,,,,-7.3024,pending,,2026-06-09T13:25:50+00:00
trackb_cont_NOW_20260605,,,,,,121.199997,111.199997,,,,,,-7.3024,pending,,2026-06-09T13:25:50+00:00
trackb_cont_NOW_20260608,,,,,,115.360001,111.199997,,,,,,-7.3024,pending,,2026-06-09T13:25:50+00:00
trackb_cont_NRGV_20260603,,,,,,6.645,4.985,,,,,,-17.8748,pending,,2026-06-09T13:25:46+00:00
trackb_cont_NRGV_20260604,,,,,,6.645,4.985,,,,,,-17.8748,pending,,2026-06-09T13:25:46+00:00
trackb_cont_NRGV_20260605,,,,,,6.296,4.985,,,,,,-17.8748,pending,,2026-06-09T13:25:46+00:00
trackb_cont_NRGV_20260608,,,,,,5.61,4.985,,,,,,-17.8748,pending,,2026-06-09T13:25:46+00:00
trackb_cont_NSIT_20260603,,,,,,120.68,109.480003,,,,,,-2.6974,pending,,2026-06-09T13:24:48+00:00
trackb_cont_NSIT_20260604,,,,,,120.68,110.010002,,,,,,-2.2264,pending,,2026-06-09T13:24:48+00:00
trackb_cont_NSIT_20260605,,,,,,120.010002,110.010002,,,,,,-2.2264,pending,,2026-06-09T13:24:48+00:00
trackb_cont_NSIT_20260608,,,,,,113.07,110.010002,,,,,,-0.9544,pending,,2026-06-09T13:24:48+00:00
trackb_cont_NSIT_20260609,,,,,,,,,,,,,,pending,,2026-06-09T13:24:48+00:00
trackb_cont_NSP_20260603,,,,,,37.060001,33.23,,,,,,-2.5799,pending,,2026-06-09T13:25:27+00:00
trackb_cont_NSP_20260604,,,,,,37.060001,33.279999,,,,,,-2.4333,pending,,2026-06-09T13:25:27+00:00
trackb_cont_NSP_20260605,,,,,,37.060001,34.400002,,,,,,0.8502,pending,,2026-06-09T13:25:27+00:00
trackb_cont_NTAP_20260603,,,,,,182.860001,165.820007,,,,,,-7.5181,pending,,2026-06-09T13:25:47+00:00
trackb_cont_NTAP_20260604,,,,,,180.0,165.820007,,,,,,-7.5181,pending,,2026-06-09T13:25:47+00:00
trackb_cont_NTAP_20260605,,,,,,177.619995,165.820007,,,,,,-7.5181,pending,,2026-06-09T13:25:47+00:00
trackb_cont_NTAP_20260608,,,,,,172.050003,165.820007,,,,,,-0.7304,pending,,2026-06-09T13:25:47+00:00
trackb_cont_NTGR_20260603,,,,,,27.16,23.73,,,,,,-9.2196,pending,,2026-06-09T13:25:41+00:00
trackb_cont_NTGR_20260604,,,,,,26.17,23.73,,,,,,-9.2196,pending,,2026-06-09T13:25:41+00:00
trackb_cont_NTGR_20260605,,,,,,25.74,23.73,,,,,,-9.2196,pending,,2026-06-09T13:25:41+00:00
trackb_cont_NTGR_20260608,,,,,,25.26,24.049999,,,,,,-7.9954,pending,,2026-06-09T13:25:41+00:00
trackb_cont_NTRS_20260603,,,,,,173.660004,166.270004,,,,,,-0.3476,pending,,2026-06-09T13:24:37+00:00
trackb_cont_NTRS_20260604,,,,,,173.660004,168.720001,,,,,,1.1208,pending,,2026-06-09T13:24:37+00:00
trackb_cont_NTRS_20260605,,,,,,172.970001,168.759995,,,,,,1.1447,pending,,2026-06-09T13:24:37+00:00
trackb_cont_NTRS_20260608,,,,,,172.110001,168.759995,,,,,,-1.0031,pending,,2026-06-09T13:24:37+00:00
trackb_cont_NTRS_20260609,,,,,,,,,,,,,,pending,,2026-06-09T13:24:37+00:00
trackb_cont_NUE_20260603,,,,,,264.670013,251.740005,,,,,,-3.0763,pending,,2026-06-09T13:24:41+00:00
trackb_cont_NUE_20260604,,,,,,264.670013,251.740005,,,,,,-3.0763,pending,,2026-06-09T13:24:41+00:00
trackb_cont_NUE_20260605,,,,,,261.459991,251.740005,,,,,,-3.0763,pending,,2026-06-09T13:24:41+00:00
trackb_cont_NUE_20260608,,,,,,256.859985,251.740005,,,,,,-1.0417,pending,,2026-06-09T13:24:41+00:00
trackb_cont_NUE_20260609,,,,,,,,,,,,,,pending,,2026-06-09T13:24:41+00:00
trackb_cont_NVRI_20260603,,,,,,20.4,17.620001,,,,,,-3.8734,pending,,2026-06-09T13:24:26+00:00
trackb_cont_NVRI_20260604,,,,,,20.4,18.02,,,,,,-1.6912,pending,,2026-06-09T13:24:26+00:00
trackb_cont_NVRI_20260605,,,,,,20.4,18.75,,,,,,2.2913,pending,,2026-06-09T13:24:26+00:00
trackb_cont_NVRI_20260608,,,,,,20.4,19.370001,,,,,,0.3627,pending,,2026-06-09T13:24:26+00:00
trackb_cont_NVTS_20260608,,,,,,26.429001,23.959999,,,,,,-4.4657,pending,,2026-06-09T13:26:35+00:00
trackb_cont_NWPX_20260603,,,,,,123.489998,117.209999,,,,,,-2.2896,pending,,2026-06-09T13:25:38+00:00
trackb_cont_NWPX_20260604,,,,,,123.489998,117.209999,,,,,,-2.2896,pending,,2026-06-09T13:25:38+00:00
trackb_cont_NWPX_20260605,,,,,,123.139999,117.209999,,,,,,-2.2896,pending,,2026-06-09T13:25:38+00:00
trackb_cont_NWPX_20260608,,,,,,123.139999,118.769997,,,,,,-0.9891,pending,,2026-06-09T13:25:38+00:00
trackb_cont_NWSA_20260609,,,,,,,,,,,,,,pending,,2026-06-09T13:26:47+00:00
trackb_cont_NXT_20260603,,,,,,154.529999,124.019997,,,,,,-15.3158,pending,,2026-06-09T13:25:57+00:00
trackb_cont_NXT_20260604,,,,,,152.425003,124.019997,,,,,,-15.3158,pending,,2026-06-09T13:25:57+00:00
trackb_cont_NXT_20260605,,,,,,146.339996,124.019997,,,,,,-15.3158,pending,,2026-06-09T13:25:57+00:00
trackb_cont_NXT_20260608,,,,,,135.796997,124.019997,,,,,,-15.3158,pending,,2026-06-09T13:25:57+00:00
trackb_cont_ODFL_20260603,,,,,,250.690002,230.869995,,,,,,-1.1009,pending,,2026-06-09T13:24:35+00:00
trackb_cont_ODFL_20260604,,,,,,250.690002,238.889999,,,,,,2.3346,pending,,2026-06-09T13:24:35+00:00
trackb_cont_ODFL_20260605,,,,,,250.690002,241.009995,,,,,,3.2428,pending,,2026-06-09T13:24:35+00:00
trackb_cont_ODFL_20260608,,,,,,250.690002,242.0,,,,,,-0.235,pending,,2026-06-09T13:24:35+00:00
trackb_cont_OII_20260603,,,,,,39.93,36.700001,,,,,,-5.0453,pending,,2026-06-09T13:26:12+00:00
trackb_cont_OII_20260604,,,,,,39.93,36.700001,,,,,,-5.0453,pending,,2026-06-09T13:26:12+00:00
trackb_cont_OII_20260605,,,,,,39.610001,36.700001,,,,,,-5.0453,pending,,2026-06-09T13:26:12+00:00
trackb_cont_OII_20260608,,,,,,39.610001,37.959999,,,,,,-1.7853,pending,,2026-06-09T13:26:12+00:00
trackb_cont_OKLO_20260603,,,,,,70.849998,56.625,,,,,,-13.3378,pending,,2026-06-09T13:26:02+00:00
trackb_cont_OKLO_20260604,,,,,,66.57,56.625,,,,,,-13.3378,pending,,2026-06-09T13:26:02+00:00
trackb_cont_OKLO_20260605,,,,,,64.809998,56.625,,,,,,-13.3378,pending,,2026-06-09T13:26:02+00:00
trackb_cont_OKLO_20260608,,,,,,60.351002,58.0,,,,,,-11.2334,pending,,2026-06-09T13:26:02+00:00
trackb_cont_OKTA_20260603,,,,,,132.735001,115.860001,,,,,,-7.2155,pending,,2026-06-09T13:25:05+00:00
trackb_cont_OKTA_20260604,,,,,,125.294998,115.860001,,,,,,-7.2155,pending,,2026-06-09T13:25:05+00:00
trackb_cont_OKTA_20260605,,,,,,123.990997,115.860001,,,,,,-7.2155,pending,,2026-06-09T13:25:05+00:00
trackb_cont_OKTA_20260608,,,,,,119.410004,115.860001,,,,,,-2.409,pending,,2026-06-09T13:25:05+00:00
trackb_cont_OLOX_20260603,,,,,,10.666,7.45,,,,,,-21.4963,pending,,2026-06-09T13:25:44+00:00
trackb_cont_OLOX_20260604,,,,,,8.25,7.45,,,,,,-21.4963,pending,,2026-06-09T13:25:44+00:00
trackb_cont_OLOX_20260605,,,,,,7.97,7.45,,,,,,-21.4963,pending,,2026-06-09T13:25:44+00:00
trackb_cont_OLOX_20260608,,,,,,7.97,7.63,,,,,,-19.5996,pending,,2026-06-09T13:25:44+00:00
trackb_cont_OMDA_20260603,,,,,,18.68,16.969999,,,,,,-2.3023,pending,,2026-06-09T13:25:47+00:00
trackb_cont_OMDA_20260604,,,,,,18.68,17.24,,,,,,-0.7478,pending,,2026-06-09T13:25:47+00:00
trackb_cont_OMDA_20260605,,,,,,18.653999,17.77,,,,,,2.3034,pending,,2026-06-09T13:25:47+00:00
trackb_cont_OMDA_20260608,,,,,,18.15,17.77,,,,,,2.3034,pending,,2026-06-09T13:25:47+00:00
trackb_cont_ONDS_20260603,,,,,,13.0,10.25,,,,,,-12.8401,pending,,2026-06-09T13:25:05+00:00
trackb_cont_ONDS_20260604,,,,,,12.42,10.25,,,,,,-12.8401,pending,,2026-06-09T13:25:05+00:00
trackb_cont_ONDS_20260605,,,,,,11.66,10.25,,,,,,-12.8401,pending,,2026-06-09T13:25:05+00:00
trackb_cont_ONDS_20260608,,,,,,10.84,10.25,,,,,,-12.8401,pending,,2026-06-09T13:25:05+00:00
trackb_cont_ONL_20260603,,,,,,2.985,2.82,,,,,,-3.259,pending,,2026-06-09T13:26:06+00:00
trackb_cont_ONL_20260604,,,,,,2.985,2.82,,,,,,-3.259,pending,,2026-06-09T13:26:06+00:00
trackb_cont_ONL_20260605,,,,,,2.965,2.82,,,,,,-3.259,pending,,2026-06-09T13:26:06+00:00
trackb_cont_ONL_20260608,,,,,,2.905,2.82,,,,,,-3.259,pending,,2026-06-09T13:26:06+00:00
trackb_cont_ON_20260603,,,,,,134.919998,116.720001,,,,,,-11.4617,pending,,2026-06-09T13:24:45+00:00
trackb_cont_ON_20260604,,,,,,134.490005,116.720001,,,,,,-11.4617,pending,,2026-06-09T13:24:45+00:00
trackb_cont_ON_20260605,,,,,,126.309998,116.720001,,,,,,-11.4617,pending,,2026-06-09T13:24:45+00:00
trackb_cont_ON_20260608,,,,,,124.529999,119.830002,,,,,,-9.1026,pending,,2026-06-09T13:24:45+00:00
trackb_cont_OPAD_20260603,,,,,,8.0205,5.4,,,,,,592.219,pending,,2026-06-09T13:25:08+00:00
trackb_cont_OPAD_20260604,,,,,,7.673,5.4,,,,,,592.219,pending,,2026-06-09T13:25:08+00:00
trackb_cont_OPAD_20260605,,,,,,7.05,5.4,,,,,,592.219,pending,,2026-06-09T13:25:08+00:00
trackb_cont_OPAL_20260603,,,,,,2.31,2.075,,,,,,-7.9823,pending,,2026-06-09T13:25:42+00:00
trackb_cont_OPAL_20260604,,,,,,2.31,2.075,,,,,,-7.9823,pending,,2026-06-09T13:25:42+00:00
trackb_cont_OPAL_20260605,,,,,,2.28,2.075,,,,,,-7.9823,pending,,2026-06-09T13:25:42+00:00
trackb_cont_OPAL_20260608,,,,,,2.19,2.095,,,,,,-7.0953,pending,,2026-06-09T13:25:42+00:00
trackb_cont_OPEN_20260603,,,,,,5.29,4.29,,,,,,-12.449,pending,,2026-06-09T13:25:27+00:00
trackb_cont_OPEN_20260604,,,,,,5.15,4.29,,,,,,-12.449,pending,,2026-06-09T13:25:27+00:00
trackb_cont_OPEN_20260605,,,,,,4.852,4.29,,,,,,-12.449,pending,,2026-06-09T13:25:27+00:00
trackb_cont_OPLN_20260603,,,,,,37.889999,36.169998,,,,,,-3.0815,pending,,2026-06-09T13:24:55+00:00
trackb_cont_OPLN_20260604,,,,,,37.43,36.169998,,,,,,-3.0815,pending,,2026-06-09T13:24:55+00:00
trackb_cont_OPLN_20260605,,,,,,37.200001,36.290001,,,,,,-2.7599,pending,,2026-06-09T13:24:55+00:00
trackb_cont_OPLN_20260608,,,,,,37.200001,36.450001,,,,,,-2.3312,pending,,2026-06-09T13:24:55+00:00
trackb_cont_ORA_20260603,,,,,,146.389999,136.039993,,,,,,-6.6076,pending,,2026-06-09T13:24:27+00:00
trackb_cont_ORA_20260604,,,,,,144.350006,136.039993,,,,,,-6.6076,pending,,2026-06-09T13:24:27+00:00
trackb_cont_ORA_20260605,,,,,,143.690002,136.039993,,,,,,-6.6076,pending,,2026-06-09T13:24:27+00:00
trackb_cont_ORA_20260608,,,,,,143.690002,136.039993,,,,,,-2.8286,pending,,2026-06-09T13:24:27+00:00
trackb_cont_ORA_20260609,,,,,,,,,,,,,,pending,,2026-06-09T13:24:27+00:00
trackb_cont_ORCL_20260603,,,,,,240.509995,209.330002,,,,,,-8.7907,pending,,2026-06-09T13:24:56+00:00
trackb_cont_ORCL_20260604,,,,,,238.949997,209.330002,,,,,,-8.7907,pending,,2026-06-09T13:24:56+00:00
trackb_cont_ORCL_20260605,,,,,,231.440002,209.330002,,,,,,-8.7907,pending,,2026-06-09T13:24:56+00:00
trackb_cont_ORCL_20260608,,,,,,219.059998,209.330002,,,,,,-8.7907,pending,,2026-06-09T13:24:56+00:00
trackb_cont_OSS_20260603,,,,,,19.790001,16.200001,,,,,,-14.6919,pending,,2026-06-09T13:24:57+00:00
trackb_cont_OSS_20260604,,,,,,19.504999,16.200001,,,,,,-14.6919,pending,,2026-06-09T13:24:57+00:00
trackb_cont_OSS_20260605,,,,,,18.280001,16.200001,,,,,,-14.6919,pending,,2026-06-09T13:24:57+00:00
trackb_cont_OSS_20260608,,,,,,17.586,16.469999,,,,,,-13.2701,pending,,2026-06-09T13:24:57+00:00
trackb_cont_OUST_20260603,,,,,,48.830002,38.400002,,,,,,-12.2085,pending,,2026-06-09T13:25:17+00:00
trackb_cont_OUST_20260604,,,,,,48.830002,38.400002,,,,,,-12.2085,pending,,2026-06-09T13:25:17+00:00
trackb_cont_OUST_20260605,,,,,,45.0,38.400002,,,,,,-12.2085,pending,,2026-06-09T13:25:17+00:00
trackb_cont_OUST_20260608,,,,,,43.067001,38.530998,,,,,,-11.909,pending,,2026-06-09T13:25:17+00:00
trackb_cont_OXM_20260603,,,,,,45.75,41.349998,,,,,,-8.1315,pending,,2026-06-09T13:26:12+00:00
trackb_cont_OXM_20260604,,,,,,45.75,41.349998,,,,,,-8.1315,pending,,2026-06-09T13:26:12+00:00
trackb_cont_OXM_20260605,,,,,,45.299999,41.349998,,,,,,-8.1315,pending,,2026-06-09T13:26:12+00:00
trackb_cont_PACK_20260603,,,,,,7.12,6.635,,,,,,-5.4843,pending,,2026-06-09T13:24:30+00:00
trackb_cont_PACK_20260604,,,,,,7.01,6.635,,,,,,-5.4843,pending,,2026-06-09T13:24:30+00:00
trackb_cont_PACK_20260605,,,,,,7.01,6.635,,,,,,-5.4843,pending,,2026-06-09T13:24:30+00:00
trackb_cont_PACK_20260608,,,,,,7.01,6.8,,,,,,0.1473,pending,,2026-06-09T13:24:30+00:00
trackb_cont_PACK_20260609,,,,,,,,,,,,,,pending,,2026-06-09T13:24:30+00:00
trackb_cont_PAG_20260603,,,,,,175.899994,169.330002,,,,,,-1.5151,pending,,2026-06-09T13:24:39+00:00
trackb_cont_PAG_20260604,,,,,,175.899994,169.330002,,,,,,-1.5151,pending,,2026-06-09T13:24:39+00:00
trackb_cont_PAG_20260605,,,,,,175.899994,169.330002,,,,,,-1.5151,pending,,2026-06-09T13:24:39+00:00
trackb_cont_PAG_20260608,,,,,,175.899994,170.229996,,,,,,-0.9917,pending,,2026-06-09T13:24:39+00:00
trackb_cont_PAG_20260609,,,,,,,,,,,,,,pending,,2026-06-09T13:24:39+00:00
trackb_cont_PANW_20260603,,,,,,288.0,264.420013,,,,,,-6.4464,pending,,2026-06-09T13:24:41+00:00
trackb_cont_PANW_20260604,,,,,,280.720001,264.420013,,,,,,-6.4464,pending,,2026-06-09T13:24:41+00:00
trackb_cont_PANW_20260605,,,,,,280.640015,264.420013,,,,,,-6.4464,pending,,2026-06-09T13:24:41+00:00
trackb_cont_PANW_20260608,,,,,,273.049988,264.420013,,,,,,-2.8046,pending,,2026-06-09T13:24:41+00:00
trackb_cont_PANW_20260609,,,,,,,,,,,,,,pending,,2026-06-09T13:24:41+00:00
trackb_cont_PATH_20260603,,,,,,12.24,10.9,,,,,,-5.7908,pending,,2026-06-09T13:26:03+00:00
trackb_cont_PATH_20260604,,,,,,12.14,10.9,,,,,,-5.7908,pending,,2026-06-09T13:26:03+00:00
trackb_cont_PATH_20260605,,,,,,11.94,10.9,,,,,,-5.7908,pending,,2026-06-09T13:26:03+00:00
trackb_cont_PAYX_20260603,,,,,,102.029999,97.629997,,,,,,-0.5906,pending,,2026-06-09T13:25:19+00:00
trackb_cont_PAYX_20260604,,,,,,102.029999,98.57,,,,,,0.3666,pending,,2026-06-09T13:25:19+00:00
trackb_cont_PAYX_20260605,,,,,,101.330002,98.57,,,,,,0.3666,pending,,2026-06-09T13:25:19+00:00
trackb_cont_PAYX_20260608,,,,,,100.480003,98.57,,,,,,-1.9497,pending,,2026-06-09T13:25:19+00:00
trackb_cont_PBF_20260609,,,,,,,,,,,,,,pending,,2026-06-09T13:26:42+00:00
trackb_cont_PBI_20260603,,,,,,17.129999,16.1,,,,,,-0.801,pending,,2026-06-09T13:25:09+00:00
trackb_cont_PBI_20260604,,,,,,17.129999,16.290001,,,,,,0.3697,pending,,2026-06-09T13:25:09+00:00
trackb_cont_PBI_20260605,,,,,,17.129999,16.629999,,,,,,2.4646,pending,,2026-06-09T13:25:09+00:00
trackb_cont_PBI_20260608,,,,,,16.950001,16.629999,,,,,,2.4646,pending,,2026-06-09T13:25:09+00:00
trackb_cont_PCAR_20260608,,,,,,119.230003,116.169998,,,,,,-0.4371,pending,,2026-06-09T13:26:31+00:00
trackb_cont_PCG_20260609,,,,,,,,,,,,,,pending,,2026-06-09T13:26:43+00:00
trackb_cont_PCT_20260603,,,,,,14.195,11.88,,,,,,-10.3559,pending,,2026-06-09T13:24:53+00:00
trackb_cont_PCT_20260604,,,,,,14.195,11.88,,,,,,-10.3559,pending,,2026-06-09T13:24:53+00:00
trackb_cont_PCT_20260605,,,,,,13.81,11.88,,,,,,-10.3559,pending,,2026-06-09T13:24:53+00:00
trackb_cont_PCT_20260608,,,,,,12.81,11.88,,,,,,-5.0739,pending,,2026-06-09T13:24:53+00:00
trackb_cont_PEB_20260603,,,,,,17.23,15.63,,,,,,-1.7599,pending,,2026-06-09T13:24:37+00:00
trackb_cont_PEB_20260604,,,,,,17.23,16.16,,,,,,1.5713,pending,,2026-06-09T13:24:37+00:00
trackb_cont_PEB_20260605,,,,,,17.23,16.809999,,,,,,5.6568,pending,,2026-06-09T13:24:37+00:00
trackb_cont_PEB_20260608,,,,,,17.23,16.809999,,,,,,-0.4737,pending,,2026-06-09T13:24:37+00:00
trackb_cont_PEB_20260609,,,,,,,,,,,,,,pending,,2026-06-09T13:24:37+00:00
trackb_cont_PENG_20260603,,,,,,72.470001,58.582001,,,,,,-14.6408,pending,,2026-06-09T13:24:49+00:00
trackb_cont_PENG_20260604,,,,,,72.470001,58.582001,,,,,,-14.6408,pending,,2026-06-09T13:24:49+00:00
trackb_cont_PENG_20260605,,,,,,68.703003,58.582001,,,,,,-14.6408,pending,,2026-06-09T13:24:49+00:00
trackb_cont_PENG_20260608,,,,,,67.0,60.400002,,,,,,0.9021,pending,,2026-06-09T13:24:49+00:00
trackb_cont_PENN_20260603,,,,,,20.1,18.790001,,,,,,-4.4981,pending,,2026-06-09T13:25:02+00:00
trackb_cont_PENN_20260604,,,,,,20.0,18.790001,,,,,,-4.4981,pending,,2026-06-09T13:25:02+00:00
trackb_cont_PENN_20260605,,,,,,20.0,18.790001,,,,,,-4.4981,pending,,2026-06-09T13:25:02+00:00
trackb_cont_PENN_20260608,,,,,,19.299999,18.790001,,,,,,-2.2881,pending,,2026-06-09T13:25:02+00:00
trackb_cont_PENN_20260609,,,,,,,,,,,,,,pending,,2026-06-09T13:25:02+00:00
trackb_cont_PFGC_20260603,,,,,,98.82,93.690002,,,,,,-3.2328,pending,,2026-06-09T13:25:44+00:00
trackb_cont_PFGC_20260604,,,,,,98.82,93.690002,,,,,,-3.2328,pending,,2026-06-09T13:25:44+00:00
trackb_cont_PFGC_20260605,,,,,,98.82,94.25,,,,,,-2.6544,pending,,2026-06-09T13:25:44+00:00
trackb_cont_PFGC_20260608,,,,,,98.82,96.989998,,,,,,0.1756,pending,,2026-06-09T13:25:44+00:00
trackb_cont_PFG_20260603,,,,,,105.989998,100.849998,,,,,,-1.1371,pending,,2026-06-09T13:25:20+00:00
trackb_cont_PFG_20260604,,,,,,105.989998,101.910004,,,,,,-0.098,pending,,2026-06-09T13:25:20+00:00
trackb_cont_PFG_20260605,,,,,,105.989998,103.389999,,,,,,1.3528,pending,,2026-06-09T13:25:20+00:00
trackb_cont_PFG_20260608,,,,,,105.989998,104.800003,,,,,,2.735,pending,,2026-06-09T13:25:20+00:00
trackb_cont_PGNY_20260603,,,,,,26.415001,24.700001,,,,,,-0.5436,pending,,2026-06-09T13:25:31+00:00
trackb_cont_PGNY_20260604,,,,,,26.415001,25.08,,,,,,0.9865,pending,,2026-06-09T13:25:31+00:00
trackb_cont_PGNY_20260605,,,,,,26.415001,25.184999,,,,,,1.4093,pending,,2026-06-09T13:25:31+00:00
trackb_cont_PGNY_20260608,,,,,,26.415001,25.690001,,,,,,3.4427,pending,,2026-06-09T13:25:31+00:00
trackb_cont_PGNY_20260609,,,,,,,,,,,,,,pending,,2026-06-09T13:25:31+00:00
trackb_cont_PHIN_20260603,,,,,,83.349998,77.885002,,,,,,-2.7289,pending,,2026-06-09T13:26:00+00:00
trackb_cont_PHIN_20260604,,,,,,83.349998,78.735001,,,,,,-1.6673,pending,,2026-06-09T13:26:00+00:00
trackb_cont_PHIN_20260605,,,,,,81.949997,78.735001,,,,,,-1.6673,pending,,2026-06-09T13:26:00+00:00
trackb_cont_PHIN_20260608,,,,,,81.949997,79.639999,,,,,,0.2013,pending,,2026-06-09T13:26:00+00:00
trackb_cont_PHR_20260603,,,,,,10.205,9.255,,,,,,-4.1925,pending,,2026-06-09T13:25:56+00:00
trackb_cont_PHR_20260604,,,,,,10.14,9.255,,,,,,-4.1925,pending,,2026-06-09T13:25:56+00:00
trackb_cont_PHR_20260605,,,,,,9.79,9.255,,,,,,-4.1925,pending,,2026-06-09T13:25:56+00:00
trackb_cont_PHR_20260608,,,,,,9.51,9.255,,,,,,-4.1925,pending,,2026-06-09T13:25:56+00:00
trackb_cont_PII_20260603,,,,,,69.199997,65.559998,,,,,,-4.0117,pending,,2026-06-09T13:25:41+00:00
trackb_cont_PII_20260604,,,,,,69.199997,65.559998,,,,,,-4.0117,pending,,2026-06-09T13:25:41+00:00
trackb_cont_PII_20260605,,,,,,68.800003,65.559998,,,,,,-4.0117,pending,,2026-06-09T13:25:41+00:00
trackb_cont_PII_20260608,,,,,,68.800003,65.559998,,,,,,-0.7569,pending,,2026-06-09T13:25:41+00:00
trackb_cont_PINS_20260609,,,,,,,,,,,,,,pending,,2026-06-09T13:26:43+00:00
trackb_cont_PKG_20260603,,,,,,227.679993,219.130005,,,,,,-2.6824,pending,,2026-06-09T13:25:52+00:00
trackb_cont_PKG_20260604,,,,,,227.679993,219.130005,,,,,,-2.6824,pending,,2026-06-09T13:25:52+00:00
trackb_cont_PKG_20260605,,,,,,226.830002,219.130005,,,,,,-2.6824,pending,,2026-06-09T13:25:52+00:00
trackb_cont_PKG_20260608,,,,,,222.210007,219.130005,,,,,,-2.6824,pending,,2026-06-09T13:25:52+00:00
trackb_cont_PK_20260603,,,,,,14.395,13.15,,,,,,-3.4862,pending,,2026-06-09T13:24:28+00:00
trackb_cont_PK_20260604,,,,,,14.395,13.57,,,,,,-0.4037,pending,,2026-06-09T13:24:28+00:00
trackb_cont_PK_20260605,,,,,,14.395,13.86,,,,,,1.7248,pending,,2026-06-09T13:24:28+00:00
trackb_cont_PK_20260608,,,,,,14.395,14.065,,,,,,3.2294,pending,,2026-06-09T13:24:28+00:00
trackb_cont_PLPC_20260603,,,,,,393.640015,359.820007,,,,,,-4.048,pending,,2026-06-09T13:25:10+00:00
trackb_cont_PLPC_20260604,,,,,,380.549988,359.820007,,,,,,-4.048,pending,,2026-06-09T13:25:10+00:00
trackb_cont_PLPC_20260605,,,,,,379.529999,359.820007,,,,,,-4.048,pending,,2026-06-09T13:25:10+00:00
trackb_cont_PLPC_20260608,,,,,,375.929993,365.200012,,,,,,0.6005,pending,,2026-06-09T13:25:10+00:00
trackb_cont_PLUG_20260603,,,,,,3.99,3.15,,,,,,-17.3922,pending,,2026-06-09T13:25:38+00:00
trackb_cont_PLUG_20260604,,,,,,3.72,3.15,,,,,,-17.3922,pending,,2026-06-09T13:25:38+00:00
trackb_cont_PLUG_20260605,,,,,,3.5,3.15,,,,,,-17.3922,pending,,2026-06-09T13:25:38+00:00
trackb_cont_PLUG_20260608,,,,,,3.34,3.17,,,,,,-16.8677,pending,,2026-06-09T13:25:38+00:00
trackb_cont_PLXS_20260603,,,,,,292.329987,270.630005,,,,,,-5.8023,pending,,2026-06-09T13:24:58+00:00
trackb_cont_PLXS_20260604,,,,,,290.420013,270.630005,,,,,,-5.8023,pending,,2026-06-09T13:24:58+00:00
trackb_cont_PLXS_20260605,,,,,,284.0,270.630005,,,,,,-5.8023,pending,,2026-06-09T13:24:58+00:00
trackb_cont_PLXS_20260608,,,,,,283.399994,275.420013,,,,,,-4.135,pending,,2026-06-09T13:24:58+00:00
trackb_cont_PL_20260603,,,,,,47.619999,31.33,,,,,,-29.7612,pending,,2026-06-09T13:25:51+00:00
trackb_cont_PL_20260604,,,,,,45.165001,31.33,,,,,,-29.7612,pending,,2026-06-09T13:25:51+00:00
trackb_cont_PL_20260605,,,,,,39.18,31.33,,,,,,-29.7612,pending,,2026-06-09T13:25:51+00:00
trackb_cont_PL_20260608,,,,,,34.040001,31.33,,,,,,-29.7612,pending,,2026-06-09T13:25:51+00:00
trackb_cont_PNC_20260608,,,,,,230.169998,226.759995,,,,,,-0.705,pending,,2026-06-09T13:26:30+00:00
trackb_cont_PPG_20260603,,,,,,114.290001,110.860001,,,,,,-0.7964,pending,,2026-06-09T13:24:58+00:00
trackb_cont_PPG_20260604,,,,,,114.290001,111.629997,,,,,,-0.1074,pending,,2026-06-09T13:24:58+00:00
trackb_cont_PPG_20260605,,,,,,114.18,111.629997,,,,,,-0.1074,pending,,2026-06-09T13:24:58+00:00
trackb_cont_PPG_20260608,,,,,,113.82,112.25,,,,,,-1.362,pending,,2026-06-09T13:24:58+00:00
trackb_cont_PRKS_20260603,,,,,,43.32,38.150002,,,,,,-0.4696,pending,,2026-06-09T13:25:46+00:00
trackb_cont_PRKS_20260604,,,,,,43.32,39.52,,,,,,3.1046,pending,,2026-06-09T13:25:46+00:00
trackb_cont_PRKS_20260605,,,,,,43.32,39.52,,,,,,3.1046,pending,,2026-06-09T13:25:46+00:00
trackb_cont_PRKS_20260608,,,,,,43.32,40.669998,,,,,,6.1049,pending,,2026-06-09T13:25:46+00:00
trackb_cont_PRLB_20260603,,,,,,78.519997,72.169998,,,,,,-4.537,pending,,2026-06-09T13:24:28+00:00
trackb_cont_PRLB_20260604,,,,,,76.360001,72.169998,,,,,,-4.537,pending,,2026-06-09T13:24:28+00:00
trackb_cont_PRLB_20260605,,,,,,76.360001,72.169998,,,,,,-4.537,pending,,2026-06-09T13:24:28+00:00
trackb_cont_PRLB_20260608,,,,,,76.360001,73.489998,,,,,,-2.791,pending,,2026-06-09T13:24:28+00:00
trackb_cont_PRMB_20260603,,,,,,24.719999,22.75,,,,,,-6.0112,pending,,2026-06-09T13:25:06+00:00
trackb_cont_PRMB_20260604,,,,,,24.32,22.75,,,,,,-6.0112,pending,,2026-06-09T13:25:06+00:00
trackb_cont_PRMB_20260605,,,,,,23.389999,22.75,,,,,,-6.0112,pending,,2026-06-09T13:25:06+00:00
trackb_cont_PRSU_20260603,,,,,,45.07,43.09,,,,,,-0.9653,pending,,2026-06-09T13:26:01+00:00
trackb_cont_PRSU_20260604,,,,,,45.07,43.09,,,,,,-0.9653,pending,,2026-06-09T13:26:01+00:00
trackb_cont_PRSU_20260605,,,,,,45.07,43.48,,,,,,-0.069,pending,,2026-06-09T13:26:01+00:00
trackb_cont_PRSU_20260608,,,,,,45.07,44.02,,,,,,0.2277,pending,,2026-06-09T13:26:01+00:00
trackb_cont_PRU_20260603,,,,,,105.18,100.400002,,,,,,-0.5694,pending,,2026-06-09T13:25:03+00:00
trackb_cont_PRU_20260604,,,,,,105.18,101.68,,,,,,0.6982,pending,,2026-06-09T13:25:03+00:00
trackb_cont_PRU_20260605,,,,,,105.18,103.5,,,,,,2.5006,pending,,2026-06-09T13:25:03+00:00
trackb_cont_PRU_20260608,,,,,,105.150002,103.639999,,,,,,-0.9367,pending,,2026-06-09T13:25:03+00:00
trackb_cont_PSMT_20260603,,,,,,177.649994,168.800003,,,,,,-1.3442,pending,,2026-06-09T13:26:02+00:00
trackb_cont_PSMT_20260604,,,,,,177.649994,171.600006,,,,,,0.2922,pending,,2026-06-09T13:26:02+00:00
trackb_cont_PSMT_20260605,,,,,,177.649994,172.539993,,,,,,0.8416,pending,,2026-06-09T13:26:02+00:00
trackb_cont_PSMT_20260608,,,,,,177.649994,174.729996,,,,,,0.4369,pending,,2026-06-09T13:26:02+00:00
trackb_cont_PSMT_20260609,,,,,,,,,,,,,,pending,,2026-06-09T13:26:02+00:00
trackb_cont_PSN_20260603,,,,,,62.105,57.830002,,,,,,-2.8802,pending,,2026-06-09T13:24:55+00:00
trackb_cont_PSN_20260604,,,,,,62.105,57.830002,,,,,,-2.8802,pending,,2026-06-09T13:24:55+00:00
trackb_cont_PSN_20260605,,,,,,61.919998,57.830002,,,,,,-2.8802,pending,,2026-06-09T13:24:55+00:00
trackb_cont_PSN_20260608,,,,,,59.779999,57.830002,,,,,,-2.8802,pending,,2026-06-09T13:24:55+00:00
trackb_cont_PSN_20260609,,,,,,,,,,,,,,pending,,2026-06-09T13:24:55+00:00
trackb_cont_PSX_20260603,,,,,,188.0,181.110001,,,,,,-2.8745,pending,,2026-06-09T13:25:05+00:00
trackb_cont_PSX_20260604,,,,,,188.0,181.110001,,,,,,-2.8745,pending,,2026-06-09T13:25:05+00:00
trackb_cont_PSX_20260605,,,,,,188.0,181.110001,,,,,,-2.8745,pending,,2026-06-09T13:25:05+00:00
trackb_cont_PSX_20260608,,,,,,188.0,182.160004,,,,,,-0.5025,pending,,2026-06-09T13:25:05+00:00
trackb_cont_PSX_20260609,,,,,,,,,,,,,,pending,,2026-06-09T13:25:05+00:00
trackb_cont_PTON_20260603,,,,,,6.3,5.63,,,,,,-6.7109,pending,,2026-06-09T13:25:12+00:00
trackb_cont_PTON_20260604,,,,,,6.3,5.63,,,,,,-6.7109,pending,,2026-06-09T13:25:12+00:00
trackb_cont_PTON_20260605,,,,,,6.17,5.63,,,,,,-6.7109,pending,,2026-06-09T13:25:12+00:00
trackb_cont_PTON_20260608,,,,,,5.89,5.63,,,,,,-2.4263,pending,,2026-06-09T13:25:12+00:00
trackb_cont_PUSA_20260603,,,,,,6.57,4.95,,,,,,-15.8163,pending,,2026-06-09T13:24:33+00:00
trackb_cont_PUSA_20260604,,,,,,6.28,4.95,,,,,,-15.8163,pending,,2026-06-09T13:24:33+00:00
trackb_cont_PUSA_20260605,,,,,,5.88,4.95,,,,,,-15.8163,pending,,2026-06-09T13:24:33+00:00
trackb_cont_PUSA_20260608,,,,,,5.53,4.95,,,,,,-4.0698,pending,,2026-06-09T13:24:33+00:00
trackb_cont_PVH_20260603,,,,,,100.75,69.0,,,,,,-31.1927,pending,,2026-06-09T13:24:43+00:00
trackb_cont_PVH_20260604,,,,,,82.32,69.0,,,,,,-31.1927,pending,,2026-06-09T13:24:43+00:00
trackb_cont_PVH_20260605,,,,,,82.32,75.370003,,,,,,-24.8404,pending,,2026-06-09T13:24:43+00:00
trackb_cont_PXED_20260603,,,,,,31.940001,29.809999,,,,,,-0.9635,pending,,2026-06-09T13:26:11+00:00
trackb_cont_PXED_20260604,,,,,,31.940001,30.24,,,,,,0.4651,pending,,2026-06-09T13:26:11+00:00
trackb_cont_PXED_20260605,,,,,,31.525,30.24,,,,,,0.4651,pending,,2026-06-09T13:26:11+00:00
trackb_cont_PXED_20260608,,,,,,31.4,30.370001,,,,,,0.1319,pending,,2026-06-09T13:26:11+00:00
trackb_cont_QBTS_20260603,,,,,,29.950001,23.285,,,,,,-15.6799,pending,,2026-06-09T13:25:12+00:00
trackb_cont_QBTS_20260604,,,,,,28.82,23.285,,,,,,-15.6799,pending,,2026-06-09T13:25:12+00:00
trackb_cont_QBTS_20260605,,,,,,26.73,23.285,,,,,,-15.6799,pending,,2026-06-09T13:25:12+00:00
trackb_cont_QBTS_20260608,,,,,,26.73,24.0,,,,,,0.6289,pending,,2026-06-09T13:25:12+00:00
trackb_cont_QCOM_20260603,,,,,,255.089996,214.630005,,,,,,-14.1755,pending,,2026-06-09T13:25:44+00:00
trackb_cont_QCOM_20260604,,,,,,246.699997,214.630005,,,,,,-14.1755,pending,,2026-06-09T13:25:44+00:00
trackb_cont_QCOM_20260605,,,,,,238.440002,214.630005,,,,,,-14.1755,pending,,2026-06-09T13:25:44+00:00
trackb_cont_QCOM_20260608,,,,,,221.929993,214.630005,,,,,,-14.1755,pending,,2026-06-09T13:25:44+00:00
trackb_cont_QMCO_20260603,,,,,,18.48,11.9,,,,,,-13.8929,pending,,2026-06-09T13:24:58+00:00
trackb_cont_QMCO_20260604,,,,,,18.48,11.9,,,,,,-13.8929,pending,,2026-06-09T13:24:58+00:00
trackb_cont_QMCO_20260605,,,,,,15.74,11.9,,,,,,-13.8929,pending,,2026-06-09T13:24:58+00:00
trackb_cont_QMCO_20260608,,,,,,13.26,11.9,,,,,,-13.8929,pending,,2026-06-09T13:24:58+00:00
trackb_cont_QS_20260603,,,,,,9.325,7.5,,,,,,-15.2533,pending,,2026-06-09T13:25:35+00:00
trackb_cont_QS_20260604,,,,,,9.24,7.5,,,,,,-15.2533,pending,,2026-06-09T13:25:35+00:00
trackb_cont_QS_20260605,,,,,,8.865,7.5,,,,,,-15.2533,pending,,2026-06-09T13:25:35+00:00
trackb_cont_QS_20260608,,,,,,7.975,7.6,,,,,,-0.9126,pending,,2026-06-09T13:25:35+00:00
trackb_cont_RAL_20260603,,,,,,63.139,59.764999,,,,,,-4.1613,pending,,2026-06-09T13:24:53+00:00
trackb_cont_RAL_20260604,,,,,,62.669998,59.764999,,,,,,-4.1613,pending,,2026-06-09T13:24:53+00:00
trackb_cont_RAL_20260605,,,,,,61.669998,59.764999,,,,,,-4.1613,pending,,2026-06-09T13:24:53+00:00
trackb_cont_RAL_20260608,,,,,,61.349998,60.5,,,,,,0.5484,pending,,2026-06-09T13:24:53+00:00
trackb_cont_RBRK_20260603,,,,,,80.730003,70.769997,,,,,,-9.1761,pending,,2026-06-09T13:25:18+00:00
trackb_cont_RBRK_20260604,,,,,,78.25,70.769997,,,,,,-9.1761,pending,,2026-06-09T13:25:18+00:00
trackb_cont_RBRK_20260605,,,,,,78.080002,70.769997,,,,,,-9.1761,pending,,2026-06-09T13:25:18+00:00
trackb_cont_RBRK_20260608,,,,,,74.0,70.769997,,,,,,-9.1761,pending,,2026-06-09T13:25:18+00:00
trackb_cont_RCAT_20260603,,,,,,15.225,12.26,,,,,,-10.4129,pending,,2026-06-09T13:25:09+00:00
trackb_cont_RCAT_20260604,,,,,,15.225,12.26,,,,,,-10.4129,pending,,2026-06-09T13:25:09+00:00
trackb_cont_RCAT_20260605,,,,,,14.48,12.26,,,,,,-10.4129,pending,,2026-06-09T13:25:09+00:00
trackb_cont_RCAT_20260608,,,,,,13.33,12.26,,,,,,-3.3123,pending,,2026-06-09T13:25:09+00:00
trackb_cont_RCL_20260603,,,,,,298.829987,271.570007,,,,,,-7.2538,pending,,2026-06-09T13:24:44+00:00
trackb_cont_RCL_20260604,,,,,,298.829987,271.570007,,,,,,-7.2538,pending,,2026-06-09T13:24:44+00:00
trackb_cont_RCL_20260605,,,,,,297.0,271.570007,,,,,,-7.2538,pending,,2026-06-09T13:24:44+00:00
trackb_cont_RCL_20260608,,,,,,282.76001,271.570007,,,,,,-3.0107,pending,,2026-06-09T13:24:44+00:00
trackb_cont_RDDT_20260608,,,,,,173.449997,166.160004,,,,,,-4.2029,pending,,2026-06-09T13:26:31+00:00
trackb_cont_RFIL_20260603,,,,,,19.02,15.85,,,,,,-14.5783,pending,,2026-06-09T13:25:33+00:00
trackb_cont_RFIL_20260604,,,,,,18.75,15.85,,,,,,-14.5783,pending,,2026-06-09T13:25:33+00:00
trackb_cont_RFIL_20260605,,,,,,17.950001,15.85,,,,,,-14.5783,pending,,2026-06-09T13:25:33+00:00
trackb_cont_RFIL_20260608,,,,,,17.530001,16.52,,,,,,2.9925,pending,,2026-06-09T13:25:33+00:00
trackb_cont_RF_20260603,,,,,,28.860001,27.32,,,,,,-0.5098,pending,,2026-06-09T13:25:07+00:00
trackb_cont_RF_20260604,,,,,,28.860001,27.530001,,,,,,0.2549,pending,,2026-06-09T13:25:07+00:00
trackb_cont_RF_20260605,,,,,,28.860001,28.24,,,,,,2.8405,pending,,2026-06-09T13:25:07+00:00
trackb_cont_RF_20260608,,,,,,28.860001,28.459999,,,,,,-0.2803,pending,,2026-06-09T13:25:07+00:00
trackb_cont_RF_20260609,,,,,,,,,,,,,,pending,,2026-06-09T13:25:07+00:00
trackb_cont_RGP_20260603,,,,,,4.65,4.39,,,,,,-1.6797,pending,,2026-06-09T13:25:48+00:00
trackb_cont_RGP_20260604,,,,,,4.65,4.42,,,,,,-1.0078,pending,,2026-06-09T13:25:48+00:00
trackb_cont_RGP_20260605,,,,,,4.65,4.42,,,,,,-1.0078,pending,,2026-06-09T13:25:48+00:00
trackb_cont_RGP_20260608,,,,,,4.65,4.47,,,,,,0.112,pending,,2026-06-09T13:25:48+00:00
trackb_cont_RGTI_20260603,,,,,,28.059999,20.1,,,,,,-17.683,pending,,2026-06-09T13:24:53+00:00
trackb_cont_RGTI_20260604,,,,,,25.02,20.1,,,,,,-17.683,pending,,2026-06-09T13:24:53+00:00
trackb_cont_RGTI_20260605,,,,,,23.190001,20.1,,,,,,-17.683,pending,,2026-06-09T13:24:53+00:00
trackb_cont_RGTI_20260608,,,,,,22.790001,20.725,,,,,,-15.1234,pending,,2026-06-09T13:24:53+00:00
trackb_cont_RHI_20260603,,,,,,32.32,29.16,,,,,,-1.2362,pending,,2026-06-09T13:25:24+00:00
trackb_cont_RHI_20260604,,,,,,32.32,29.969999,,,,,,1.5072,pending,,2026-06-09T13:25:24+00:00
trackb_cont_RHI_20260605,,,,,,32.32,30.540001,,,,,,3.4378,pending,,2026-06-09T13:25:24+00:00
trackb_cont_RHI_20260608,,,,,,31.610001,30.540001,,,,,,-2.3033,pending,,2026-06-09T13:25:24+00:00
trackb_cont_RHP_20260603,,,,,,120.239998,112.739998,,,,,,-2.4234,pending,,2026-06-09T13:25:29+00:00
trackb_cont_RHP_20260604,,,,,,120.239998,114.580002,,,,,,-0.8309,pending,,2026-06-09T13:25:29+00:00
trackb_cont_RHP_20260605,,,,,,120.239998,116.269997,,,,,,0.6318,pending,,2026-06-09T13:25:29+00:00
trackb_cont_RHP_20260608,,,,,,120.239998,118.080002,,,,,,2.1984,pending,,2026-06-09T13:25:29+00:00
trackb_cont_RH_20260603,,,,,,155.990005,142.020004,,,,,,-4.6334,pending,,2026-06-09T13:24:48+00:00
trackb_cont_RH_20260604,,,,,,155.990005,142.020004,,,,,,-4.6334,pending,,2026-06-09T13:24:48+00:00
trackb_cont_RH_20260605,,,,,,152.199997,142.020004,,,,,,-4.6334,pending,,2026-06-09T13:24:48+00:00
trackb_cont_RH_20260608,,,,,,150.889999,142.020004,,,,,,-4.6334,pending,,2026-06-09T13:24:48+00:00
trackb_cont_RIOT_20260603,,,,,,28.639999,23.98,,,,,,-14.2806,pending,,2026-06-09T13:25:30+00:00
trackb_cont_RIOT_20260604,,,,,,28.08,23.98,,,,,,-14.2806,pending,,2026-06-09T13:25:30+00:00
trackb_cont_RIOT_20260605,,,,,,26.51,23.98,,,,,,-14.2806,pending,,2026-06-09T13:25:30+00:00
trackb_cont_RIOT_20260608,,,,,,26.17,24.309999,,,,,,-13.101,pending,,2026-06-09T13:25:30+00:00
trackb_cont_RIVN_20260603,,,,,,18.549999,16.235001,,,,,,-8.0951,pending,,2026-06-09T13:24:56+00:00
trackb_cont_RIVN_20260604,,,,,,18.549999,16.235001,,,,,,-8.0951,pending,,2026-06-09T13:24:56+00:00
trackb_cont_RIVN_20260605,,,,,,18.0,16.235001,,,,,,-8.0951,pending,,2026-06-09T13:24:56+00:00
trackb_cont_RIVN_20260608,,,,,,17.6,16.370001,,,,,,0.1223,pending,,2026-06-09T13:24:56+00:00
trackb_cont_RLGT_20260603,,,,,,9.11,8.43,,,,,,-1.8626,pending,,2026-06-09T13:25:13+00:00
trackb_cont_RLGT_20260604,,,,,,9.11,8.44,,,,,,-1.7462,pending,,2026-06-09T13:25:13+00:00
trackb_cont_RLGT_20260605,,,,,,9.11,8.56,,,,,,-0.3492,pending,,2026-06-09T13:25:13+00:00
trackb_cont_RLGT_20260608,,,,,,9.11,8.65,,,,,,0.9335,pending,,2026-06-09T13:25:13+00:00
trackb_cont_RLJ_20260603,,,,,,10.87,9.99,,,,,,-1.1381,pending,,2026-06-09T13:24:42+00:00
trackb_cont_RLJ_20260604,,,,,,10.87,10.24,,,,,,1.336,pending,,2026-06-09T13:24:42+00:00
trackb_cont_RLJ_20260605,,,,,,10.87,10.48,,,,,,3.711,pending,,2026-06-09T13:24:42+00:00
trackb_cont_RLJ_20260608,,,,,,10.87,10.5,,,,,,3.909,pending,,2026-06-09T13:24:42+00:00
trackb_cont_RLJ_20260609,,,,,,,,,,,,,,pending,,2026-06-09T13:24:42+00:00
trackb_cont_RMBS_20260603,,,,,,174.100006,142.110001,,,,,,-16.3653,pending,,2026-06-09T13:24:29+00:00
trackb_cont_RMBS_20260604,,,,,,171.279999,142.110001,,,,,,-16.3653,pending,,2026-06-09T13:24:29+00:00
trackb_cont_RMBS_20260605,,,,,,161.800003,142.110001,,,,,,-16.3653,pending,,2026-06-09T13:24:29+00:00
trackb_cont_RMBS_20260608,,,,,,159.630005,149.320007,,,,,,-12.1221,pending,,2026-06-09T13:24:29+00:00
trackb_cont_RMR_20260603,,,,,,20.6,19.790001,,,,,,-0.101,pending,,2026-06-09T13:25:52+00:00
trackb_cont_RMR_20260604,,,,,,20.6,20.01,,,,,,1.0096,pending,,2026-06-09T13:25:52+00:00
trackb_cont_RMR_20260605,,,,,,20.6,20.275,,,,,,2.3473,pending,,2026-06-09T13:25:52+00:00
trackb_cont_RMR_20260608,,,,,,20.6,20.309999,,,,,,2.524,pending,,2026-06-09T13:25:52+00:00
trackb_cont_ROG_20260603,,,,,,153.809998,137.669998,,,,,,-8.9605,pending,,2026-06-09T13:24:44+00:00
trackb_cont_ROG_20260604,,,,,,147.899994,137.669998,,,,,,-8.9605,pending,,2026-06-09T13:24:44+00:00
trackb_cont_ROG_20260605,,,,,,147.899994,137.669998,,,,,,-8.9605,pending,,2026-06-09T13:24:44+00:00
trackb_cont_ROK_20260603,,,,,,468.109985,441.200012,,,,,,-4.5363,pending,,2026-06-09T13:24:38+00:00
trackb_cont_ROK_20260604,,,,,,464.269989,441.200012,,,,,,-4.5363,pending,,2026-06-09T13:24:38+00:00
trackb_cont_ROK_20260605,,,,,,456.119995,441.200012,,,,,,-4.5363,pending,,2026-06-09T13:24:38+00:00
trackb_cont_ROK_20260608,,,,,,453.359985,447.440002,,,,,,0.1634,pending,,2026-06-09T13:24:38+00:00
trackb_cont_RPM_20260603,,,,,,106.360001,103.57,,,,,,-0.7855,pending,,2026-06-09T13:25:48+00:00
trackb_cont_RPM_20260604,,,,,,106.160004,103.870003,,,,,,-0.4981,pending,,2026-06-09T13:25:48+00:00
trackb_cont_RPM_20260605,,,,,,106.160004,104.010002,,,,,,-0.364,pending,,2026-06-09T13:25:48+00:00
trackb_cont_RPM_20260608,,,,,,106.160004,104.010002,,,,,,-0.364,pending,,2026-06-09T13:25:48+00:00
trackb_cont_RPRX_20260603,,,,,,56.5,53.945,,,,,,-2.2558,pending,,2026-06-09T13:26:14+00:00
trackb_cont_RPRX_20260604,,,,,,56.5,54.580002,,,,,,-1.1053,pending,,2026-06-09T13:26:14+00:00
trackb_cont_RPRX_20260605,,,,,,56.5,54.580002,,,,,,-1.1053,pending,,2026-06-09T13:26:14+00:00
trackb_cont_RPRX_20260608,,,,,,56.5,54.580002,,,,,,-2.3089,pending,,2026-06-09T13:26:14+00:00
trackb_cont_RRR_20260603,,,,,,58.575001,56.299999,,,,,,-0.793,pending,,2026-06-09T13:25:56+00:00
trackb_cont_RRR_20260604,,,,,,58.575001,56.299999,,,,,,-0.793,pending,,2026-06-09T13:25:56+00:00
trackb_cont_RRR_20260605,,,,,,58.575001,57.009998,,,,,,0.4581,pending,,2026-06-09T13:25:56+00:00
trackb_cont_RRR_20260609,,,,,,,,,,,,,,pending,,2026-06-09T13:25:56+00:00
trackb_cont_RS_20260603,,,,,,401.410004,386.609985,,,,,,-1.5257,pending,,2026-06-09T13:24:51+00:00
trackb_cont_RS_20260604,,,,,,401.410004,386.609985,,,,,,-1.5257,pending,,2026-06-09T13:24:51+00:00
trackb_cont_RS_20260605,,,,,,398.790009,389.230011,,,,,,-0.8584,pending,,2026-06-09T13:24:51+00:00
trackb_cont_RS_20260608,,,,,,397.019989,389.230011,,,,,,-0.8584,pending,,2026-06-09T13:24:51+00:00
trackb_cont_RS_20260609,,,,,,,,,,,,,,pending,,2026-06-09T13:24:51+00:00
trackb_cont_RUM_20260603,,,,,,10.54,7.35,,,,,,-14.1355,pending,,2026-06-09T13:26:13+00:00
trackb_cont_RUM_20260604,,,,,,10.54,7.35,,,,,,-14.1355,pending,,2026-06-09T13:26:13+00:00
trackb_cont_RUM_20260605,,,,,,8.318,7.35,,,,,,-14.1355,pending,,2026-06-09T13:26:13+00:00
trackb_cont_RUM_20260608,,,,,,8.318,7.61,,,,,,-11.0981,pending,,2026-06-09T13:26:13+00:00
trackb_cont_RVTY_20260603,,,,,,104.019997,97.599998,,,,,,-3.7285,pending,,2026-06-09T13:26:05+00:00
trackb_cont_RVTY_20260604,,,,,,104.019997,97.599998,,,,,,-3.7285,pending,,2026-06-09T13:26:05+00:00
trackb_cont_RVTY_20260605,,,,,,102.510002,97.599998,,,,,,-3.7285,pending,,2026-06-09T13:26:05+00:00
trackb_cont_RVTY_20260608,,,,,,102.510002,98.580002,,,,,,-2.7619,pending,,2026-06-09T13:26:05+00:00
trackb_cont_RXO_20260603,,,,,,28.540001,26.200001,,,,,,-1.9461,pending,,2026-06-09T13:24:42+00:00
trackb_cont_RXO_20260604,,,,,,28.540001,26.530001,,,,,,-0.7111,pending,,2026-06-09T13:24:42+00:00
trackb_cont_RXO_20260605,,,,,,28.540001,26.530001,,,,,,-0.7111,pending,,2026-06-09T13:24:42+00:00
trackb_cont_RXO_20260608,,,,,,28.540001,26.98,,,,,,0.9731,pending,,2026-06-09T13:24:42+00:00
trackb_cont_RYZ_20260603,,,,,,28.440001,26.735001,,,,,,-4.7135,pending,,2026-06-09T13:25:11+00:00
trackb_cont_RYZ_20260604,,,,,,28.440001,26.735001,,,,,,-4.7135,pending,,2026-06-09T13:25:11+00:00
trackb_cont_RYZ_20260605,,,,,,28.18,26.735001,,,,,,-4.7135,pending,,2026-06-09T13:25:11+00:00
trackb_cont_RYZ_20260608,,,,,,28.18,27.087999,,,,,,-3.4554,pending,,2026-06-09T13:25:11+00:00
trackb_cont_R_20260603,,,,,,272.660004,256.200012,,,,,,-1.0505,pending,,2026-06-09T13:24:36+00:00
trackb_cont_R_20260604,,,,,,272.660004,259.950012,,,,,,0.3978,pending,,2026-06-09T13:24:36+00:00
trackb_cont_R_20260605,,,,,,272.660004,263.779999,,,,,,1.877,pending,,2026-06-09T13:24:36+00:00
trackb_cont_R_20260608,,,,,,272.660004,263.779999,,,,,,1.877,pending,,2026-06-09T13:24:36+00:00
trackb_cont_R_20260609,,,,,,,,,,,,,,pending,,2026-06-09T13:24:36+00:00
trackb_cont_SAFE_20260609,,,,,,,,,,,,,,pending,,2026-06-09T13:26:47+00:00
trackb_cont_SAH_20260603,,,,,,85.400002,80.339996,,,,,,-3.7037,pending,,2026-06-09T13:24:39+00:00
trackb_cont_SAH_20260604,,,,,,85.400002,80.339996,,,,,,-3.7037,pending,,2026-06-09T13:24:39+00:00
trackb_cont_SAH_20260605,,,,,,84.5,80.339996,,,,,,-3.7037,pending,,2026-06-09T13:24:39+00:00
trackb_cont_SAH_20260608,,,,,,84.080002,80.339996,,,,,,-3.7037,pending,,2026-06-09T13:24:39+00:00
trackb_cont_SAIA_20260603,,,,,,489.429993,455.029999,,,,,,-1.4895,pending,,2026-06-09T13:25:33+00:00
trackb_cont_SAIA_20260604,,,,,,489.429993,460.070007,,,,,,-0.3983,pending,,2026-06-09T13:25:33+00:00
trackb_cont_SAIA_20260605,,,,,,489.429993,461.059998,,,,,,-0.184,pending,,2026-06-09T13:25:33+00:00
trackb_cont_SAIA_20260608,,,,,,489.429993,466.25,,,,,,0.9396,pending,,2026-06-09T13:25:33+00:00
trackb_cont_SAIA_20260609,,,,,,,,,,,,,,pending,,2026-06-09T13:25:33+00:00
trackb_cont_SAIC_20260603,,,,,,118.419998,109.269997,,,,,,-2.897,pending,,2026-06-09T13:26:11+00:00
trackb_cont_SAIC_20260604,,,,,,118.419998,112.550003,,,,,,0.0178,pending,,2026-06-09T13:26:11+00:00
trackb_cont_SAIC_20260605,,,,,,118.169998,112.550003,,,,,,0.0178,pending,,2026-06-09T13:26:11+00:00
trackb_cont_SAIC_20260608,,,,,,116.589996,112.550003,,,,,,0.0178,pending,,2026-06-09T13:26:11+00:00
trackb_cont_SAIC_20260609,,,,,,,,,,,,,,pending,,2026-06-09T13:26:11+00:00
trackb_cont_SANM_20260603,,,,,,288.679993,248.729996,,,,,,-12.3326,pending,,2026-06-09T13:24:28+00:00
trackb_cont_SANM_20260604,,,,,,285.339996,248.729996,,,,,,-12.3326,pending,,2026-06-09T13:24:28+00:00
trackb_cont_SANM_20260605,,,,,,270.970001,248.729996,,,,,,-12.3326,pending,,2026-06-09T13:24:28+00:00
trackb_cont_SANM_20260608,,,,,,262.0,248.729996,,,,,,-1.3289,pending,,2026-06-09T13:24:28+00:00
trackb_cont_SCSC_20260603,,,,,,48.68,45.279999,,,,,,-0.7018,pending,,2026-06-09T13:24:55+00:00
trackb_cont_SCSC_20260604,,,,,,48.68,46.009998,,,,,,0.8991,pending,,2026-06-09T13:24:55+00:00
trackb_cont_SCSC_20260605,,,,,,48.68,46.110001,,,,,,1.1184,pending,,2026-06-09T13:24:55+00:00
trackb_cont_SCSC_20260608,,,,,,48.68,46.119999,,,,,,1.1403,pending,,2026-06-09T13:24:55+00:00
trackb_cont_SCSC_20260609,,,,,,,,,,,,,,pending,,2026-06-09T13:24:55+00:00
trackb_cont_SDGR_20260603,,,,,,16.469999,14.235,,,,,,-3.0973,pending,,2026-06-09T13:26:03+00:00
trackb_cont_SDGR_20260604,,,,,,16.469999,14.235,,,,,,-3.0973,pending,,2026-06-09T13:26:03+00:00
trackb_cont_SDGR_20260605,,,,,,15.85,14.235,,,,,,-3.0973,pending,,2026-06-09T13:26:03+00:00
trackb_cont_SDGR_20260608,,,,,,14.73,14.275,,,,,,-2.8251,pending,,2026-06-09T13:26:03+00:00
trackb_cont_SEM_20260609,,,,,,,,,,,,,,pending,,2026-06-09T13:26:46+00:00
trackb_cont_SEZL_20260603,,,,,,124.059998,108.510002,,,,,,-0.6773,pending,,2026-06-09T13:25:07+00:00
trackb_cont_SEZL_20260604,,,,,,124.059998,113.330002,,,,,,3.7346,pending,,2026-06-09T13:25:07+00:00
trackb_cont_SEZL_20260605,,,,,,124.059998,113.330002,,,,,,3.7346,pending,,2026-06-09T13:25:07+00:00
trackb_cont_SEZL_20260608,,,,,,124.059998,114.860001,,,,,,-0.9913,pending,,2026-06-09T13:25:07+00:00
trackb_cont_SFD_20260609,,,,,,,,,,,,,,pending,,2026-06-09T13:26:23+00:00
trackb_cont_SHLS_20260603,,,,,,12.815,10.525,,,,,,-16.005,pending,,2026-06-09T13:25:18+00:00
trackb_cont_SHLS_20260604,,,,,,12.79,10.525,,,,,,-16.005,pending,,2026-06-09T13:25:18+00:00
trackb_cont_SHLS_20260605,,,,,,12.49,10.525,,,,,,-16.005,pending,,2026-06-09T13:25:18+00:00
trackb_cont_SHLS_20260608,,,,,,11.44,10.795,,,,,,-13.8502,pending,,2026-06-09T13:25:18+00:00
trackb_cont_SHOO_20260603,,,,,,45.779999,43.080002,,,,,,-1.6214,pending,,2026-06-09T13:24:29+00:00
trackb_cont_SHOO_20260604,,,,,,45.779999,43.220001,,,,,,-1.3017,pending,,2026-06-09T13:24:29+00:00
trackb_cont_SHOO_20260605,,,,,,45.779999,43.360001,,,,,,-0.982,pending,,2026-06-09T13:24:29+00:00
trackb_cont_SHOO_20260608,,,,,,45.779999,43.91,,,,,,-0.2725,pending,,2026-06-09T13:24:29+00:00
trackb_cont_SHO_20260603,,,,,,11.63,10.96,,,,,,-2.6211,pending,,2026-06-09T13:24:40+00:00
trackb_cont_SHO_20260604,,,,,,11.63,11.25,,,,,,-0.0444,pending,,2026-06-09T13:24:40+00:00
trackb_cont_SHO_20260605,,,,,,11.63,11.38,,,,,,1.1106,pending,,2026-06-09T13:24:40+00:00
trackb_cont_SHO_20260608,,,,,,11.63,11.38,,,,,,1.1106,pending,,2026-06-09T13:24:40+00:00
trackb_cont_SHO_20260609,,,,,,,,,,,,,,pending,,2026-06-09T13:24:40+00:00
trackb_cont_SILA_20260603,,,,,,30.290001,30.23,,,,,,-0.0496,pending,,2026-06-09T13:25:57+00:00
trackb_cont_SILA_20260604,,,,,,30.290001,30.245001,,,,,,0.0,pending,,2026-06-09T13:25:57+00:00
trackb_cont_SILA_20260605,,,,,,30.290001,30.245001,,,,,,0.0,pending,,2026-06-09T13:25:57+00:00
trackb_cont_SILA_20260608,,,,,,30.290001,30.25,,,,,,0.0165,pending,,2026-06-09T13:25:57+00:00
trackb_cont_SIRI_20260603,,,,,,28.77,26.459999,,,,,,-5.8531,pending,,2026-06-09T13:26:13+00:00
trackb_cont_SIRI_20260604,,,,,,28.469999,26.459999,,,,,,-5.8531,pending,,2026-06-09T13:26:13+00:00
trackb_cont_SIRI_20260605,,,,,,27.709999,26.459999,,,,,,-5.8531,pending,,2026-06-09T13:26:13+00:00
trackb_cont_SJM_20260609,,,,,,,,,,,,,,pending,,2026-06-09T13:26:43+00:00
trackb_cont_SKLZ_20260603,,,,,,10.0,8.2,,,,,,-13.8655,pending,,2026-06-09T13:24:41+00:00
trackb_cont_SKLZ_20260604,,,,,,10.0,8.2,,,,,,-13.8655,pending,,2026-06-09T13:24:41+00:00
trackb_cont_SKLZ_20260605,,,,,,9.58,8.2,,,,,,-13.8655,pending,,2026-06-09T13:24:41+00:00
trackb_cont_SKLZ_20260608,,,,,,9.36,8.45,,,,,,-11.2395,pending,,2026-06-09T13:24:41+00:00
trackb_cont_SLB_20260608,,,,,,57.360001,55.580002,,,,,,1.294,pending,,2026-06-09T13:26:33+00:00
trackb_cont_SLDP_20260603,,,,,,3.52,2.9,,,,,,-11.9585,pending,,2026-06-09T13:24:49+00:00
trackb_cont_SLDP_20260604,,,,,,3.43,2.9,,,,,,-11.9585,pending,,2026-06-09T13:24:49+00:00
trackb_cont_SLDP_20260605,,,,,,3.23,2.9,,,,,,-11.9585,pending,,2026-06-09T13:24:49+00:00
trackb_cont_SLDP_20260608,,,,,,3.07,2.95,,,,,,-10.4405,pending,,2026-06-09T13:24:49+00:00
trackb_cont_SLG_20260603,,,,,,49.549999,44.080002,,,,,,-0.3391,pending,,2026-06-09T13:25:56+00:00
trackb_cont_SLG_20260604,,,,,,49.549999,45.119999,,,,,,2.0122,pending,,2026-06-09T13:25:56+00:00
trackb_cont_SLG_20260605,,,,,,49.549999,46.450001,,,,,,5.0192,pending,,2026-06-09T13:25:56+00:00
trackb_cont_SLG_20260608,,,,,,49.549999,48.080002,,,,,,0.5227,pending,,2026-06-09T13:25:56+00:00
trackb_cont_SMCI_20260603,,,,,,50.02,41.040001,,,,,,-11.685,pending,,2026-06-09T13:24:43+00:00
trackb_cont_SMCI_20260604,,,,,,47.84,41.040001,,,,,,-11.685,pending,,2026-06-09T13:24:43+00:00
trackb_cont_SMCI_20260605,,,,,,45.259998,41.040001,,,,,,-11.685,pending,,2026-06-09T13:24:43+00:00
trackb_cont_SMCI_20260608,,,,,,44.740002,42.18,,,,,,-9.2318,pending,,2026-06-09T13:24:43+00:00
trackb_cont_SMR_20260603,,,,,,13.52,10.15,,,,,,-17.2442,pending,,2026-06-09T13:24:54+00:00
trackb_cont_SMR_20260604,,,,,,12.3,10.15,,,,,,-17.2442,pending,,2026-06-09T13:24:54+00:00
trackb_cont_SMR_20260605,,,,,,12.24,10.15,,,,,,-17.2442,pending,,2026-06-09T13:24:54+00:00
trackb_cont_SMR_20260608,,,,,,10.98,10.565,,,,,,-13.8606,pending,,2026-06-09T13:24:54+00:00
trackb_cont_SMTC_20260603,,,,,,171.369995,148.039993,,,,,,-9.3281,pending,,2026-06-09T13:25:00+00:00
trackb_cont_SMTC_20260604,,,,,,171.369995,148.039993,,,,,,-9.3281,pending,,2026-06-09T13:25:00+00:00
trackb_cont_SMTC_20260605,,,,,,166.449997,148.039993,,,,,,-9.3281,pending,,2026-06-09T13:25:00+00:00
trackb_cont_SMTC_20260608,,,,,,160.770004,153.339996,,,,,,1.5362,pending,,2026-06-09T13:25:00+00:00
trackb_cont_SM_20260608,,,,,,33.009998,32.299999,,,,,,0.2794,pending,,2026-06-09T13:26:35+00:00
trackb_cont_SNA_20260609,,,,,,,,,,,,,,pending,,2026-06-09T13:26:46+00:00
trackb_cont_SNDK_20260603,,,,,,1861.0,1514.359985,,,,,,-14.9372,pending,,2026-06-09T13:25:31+00:00
trackb_cont_SNDK_20260604,,,,,,1825.900024,1514.359985,,,,,,-14.9372,pending,,2026-06-09T13:25:31+00:00
trackb_cont_SNDK_20260605,,,,,,1694.988037,1514.359985,,,,,,-14.9372,pending,,2026-06-09T13:25:31+00:00
trackb_cont_SNDK_20260608,,,,,,1694.988037,1602.0,,,,,,-10.0144,pending,,2026-06-09T13:25:31+00:00
trackb_cont_SNDR_20260603,,,,,,39.029999,35.98,,,,,,-1.9084,pending,,2026-06-09T13:24:30+00:00
trackb_cont_SNDR_20260604,,,,,,39.029999,35.98,,,,,,-1.9084,pending,,2026-06-09T13:24:30+00:00
trackb_cont_SNDR_20260605,,,,,,39.029999,36.970001,,,,,,0.7906,pending,,2026-06-09T13:24:30+00:00
trackb_cont_SNDR_20260608,,,,,,39.029999,37.310001,,,,,,1.7176,pending,,2026-06-09T13:24:30+00:00
trackb_cont_SNOW_20260603,,,,,,263.640015,235.0,,,,,,-4.4502,pending,,2026-06-09T13:25:29+00:00
trackb_cont_SNOW_20260604,,,,,,253.005005,235.0,,,,,,-4.4502,pending,,2026-06-09T13:25:29+00:00
trackb_cont_SNOW_20260605,,,,,,247.550003,235.0,,,,,,-4.4502,pending,,2026-06-09T13:25:29+00:00
trackb_cont_SNOW_20260608,,,,,,247.190002,238.020004,,,,,,-0.1007,pending,,2026-06-09T13:25:29+00:00
trackb_cont_SNX_20260603,,,,,,285.320007,266.470001,,,,,,-4.2224,pending,,2026-06-09T13:25:06+00:00
trackb_cont_SNX_20260604,,,,,,285.320007,266.470001,,,,,,-4.2224,pending,,2026-06-09T13:25:06+00:00
trackb_cont_SNX_20260605,,,,,,275.209991,266.470001,,,,,,-4.2224,pending,,2026-06-09T13:25:06+00:00
trackb_cont_SNX_20260608,,,,,,272.700012,268.190002,,,,,,-0.2269,pending,,2026-06-09T13:25:06+00:00
trackb_cont_SN_20260603,,,,,,123.940002,116.800003,,,,,,-4.3564,pending,,2026-06-09T13:24:46+00:00
trackb_cont_SN_20260604,,,,,,123.940002,116.800003,,,,,,-4.3564,pending,,2026-06-09T13:24:46+00:00
trackb_cont_SN_20260605,,,,,,123.93,116.800003,,,,,,-4.3564,pending,,2026-06-09T13:24:46+00:00
trackb_cont_SN_20260608,,,,,,121.449997,116.800003,,,,,,-2.5204,pending,,2026-06-09T13:24:46+00:00
trackb_cont_SN_20260609,,,,,,,,,,,,,,pending,,2026-06-09T13:24:46+00:00
trackb_cont_SOFI_20260603,,,,,,17.465,15.68,,,,,,-6.0234,pending,,2026-06-09T13:26:09+00:00
trackb_cont_SOFI_20260604,,,,,,17.23,15.68,,,,,,-6.0234,pending,,2026-06-09T13:26:09+00:00
trackb_cont_SOFI_20260605,,,,,,16.99,15.68,,,,,,-6.0234,pending,,2026-06-09T13:26:09+00:00
trackb_cont_SOFI_20260608,,,,,,16.66,15.955,,,,,,-4.3752,pending,,2026-06-09T13:26:09+00:00
trackb_cont_SOLS_20260603,,,,,,89.720001,79.540001,,,,,,-10.2764,pending,,2026-06-09T13:25:54+00:00
trackb_cont_SOLS_20260604,,,,,,85.769997,79.540001,,,,,,-10.2764,pending,,2026-06-09T13:25:54+00:00
trackb_cont_SOLS_20260605,,,,,,85.614998,79.540001,,,,,,-10.2764,pending,,2026-06-09T13:25:54+00:00
trackb_cont_SOLV_20260603,,,,,,83.419998,76.150002,,,,,,-2.0202,pending,,2026-06-09T13:25:15+00:00
trackb_cont_SOLV_20260604,,,,,,83.419998,77.870003,,,,,,0.1929,pending,,2026-06-09T13:25:15+00:00
trackb_cont_SOLV_20260605,,,,,,83.419998,77.870003,,,,,,0.1929,pending,,2026-06-09T13:25:15+00:00
trackb_cont_SOLV_20260608,,,,,,81.25,77.870003,,,,,,0.1929,pending,,2026-06-09T13:25:15+00:00
trackb_cont_SOLV_20260609,,,,,,,,,,,,,,pending,,2026-06-09T13:25:15+00:00
trackb_cont_SONO_20260603,,,,,,16.379999,14.85,,,,,,-5.0511,pending,,2026-06-09T13:24:54+00:00
trackb_cont_SONO_20260604,,,,,,16.379999,14.85,,,,,,-5.0511,pending,,2026-06-09T13:24:54+00:00
trackb_cont_SONO_20260605,,,,,,16.370001,14.85,,,,,,-5.0511,pending,,2026-06-09T13:24:54+00:00
trackb_cont_SONO_20260608,,,,,,15.23,14.85,,,,,,-5.0511,pending,,2026-06-09T13:24:54+00:00
trackb_cont_SPG_20260608,,,,,,211.679993,206.100006,,,,,,-2.0018,pending,,2026-06-09T13:26:37+00:00
trackb_cont_SPHR_20260603,,,,,,147.0,135.020004,,,,,,-3.2669,pending,,2026-06-09T13:26:11+00:00
trackb_cont_SPHR_20260604,,,,,,147.0,135.020004,,,,,,-3.2669,pending,,2026-06-09T13:26:11+00:00
trackb_cont_SPHR_20260605,,,,,,143.970001,135.020004,,,,,,-3.2669,pending,,2026-06-09T13:26:11+00:00
trackb_cont_SPHR_20260608,,,,,,143.970001,135.020004,,,,,,-3.2669,pending,,2026-06-09T13:26:11+00:00
trackb_cont_SPXC_20260603,,,,,,244.639999,225.699997,,,,,,-5.8092,pending,,2026-06-09T13:24:27+00:00
trackb_cont_SPXC_20260604,,,,,,237.539993,225.699997,,,,,,-5.8092,pending,,2026-06-09T13:24:27+00:00
trackb_cont_SPXC_20260605,,,,,,235.570007,225.699997,,,,,,-5.8092,pending,,2026-06-09T13:24:27+00:00
trackb_cont_SPXC_20260608,,,,,,235.570007,228.289993,,,,,,-4.7283,pending,,2026-06-09T13:24:27+00:00
trackb_cont_SRG_20260603,,,,,,2.9,2.63,,,,,,-4.0146,pending,,2026-06-09T13:24:35+00:00
trackb_cont_SRG_20260604,,,,,,2.86,2.63,,,,,,-4.0146,pending,,2026-06-09T13:24:35+00:00
trackb_cont_SRG_20260605,,,,,,2.74,2.63,,,,,,-4.0146,pending,,2026-06-09T13:24:35+00:00
trackb_cont_SRG_20260608,,,,,,2.73,2.63,,,,,,-2.2305,pending,,2026-06-09T13:24:35+00:00
trackb_cont_SSYS_20260603,,,,,,10.43,8.75,,,,,,-12.9786,pending,,2026-06-09T13:25:03+00:00
trackb_cont_SSYS_20260604,,,,,,9.84,8.75,,,,,,-12.9786,pending,,2026-06-09T13:25:03+00:00
trackb_cont_SSYS_20260605,,,,,,9.44,8.75,,,,,,-12.9786,pending,,2026-06-09T13:25:03+00:00
trackb_cont_SSYS_20260608,,,,,,8.98,8.75,,,,,,-12.9786,pending,,2026-06-09T13:25:03+00:00
trackb_cont_STGW_20260603,,,,,,7.24,6.37,,,,,,-3.8491,pending,,2026-06-09T13:25:30+00:00
trackb_cont_STGW_20260604,,,,,,6.85,6.37,,,,,,-3.8491,pending,,2026-06-09T13:25:30+00:00
trackb_cont_STGW_20260605,,,,,,6.72,6.37,,,,,,-3.8491,pending,,2026-06-09T13:25:30+00:00
trackb_cont_STGW_20260608,,,,,,6.48,6.37,,,,,,-3.8491,pending,,2026-06-09T13:25:30+00:00
trackb_cont_STLD_20260603,,,,,,280.48999,265.429993,,,,,,-3.5607,pending,,2026-06-09T13:24:37+00:00
trackb_cont_STLD_20260604,,,,,,280.48999,265.429993,,,,,,-3.5607,pending,,2026-06-09T13:24:37+00:00
trackb_cont_STLD_20260605,,,,,,276.179993,265.429993,,,,,,-3.5607,pending,,2026-06-09T13:24:37+00:00
trackb_cont_STLD_20260608,,,,,,270.48999,265.429993,,,,,,-1.1434,pending,,2026-06-09T13:24:37+00:00
trackb_cont_STRL_20260603,,,,,,1005.679993,850.0,,,,,,-10.5291,pending,,2026-06-09T13:25:01+00:00
trackb_cont_STRL_20260604,,,,,,1005.679993,850.0,,,,,,-10.5291,pending,,2026-06-09T13:25:01+00:00
trackb_cont_STRL_20260605,,,,,,969.880005,850.0,,,,,,-10.5291,pending,,2026-06-09T13:25:01+00:00
trackb_cont_STRL_20260608,,,,,,905.409973,850.0,,,,,,-10.5291,pending,,2026-06-09T13:25:01+00:00
trackb_cont_STT_20260603,,,,,,163.949997,155.690002,,,,,,-0.8723,pending,,2026-06-09T13:25:22+00:00
trackb_cont_STT_20260604,,,,,,163.949997,158.020004,,,,,,0.6112,pending,,2026-06-09T13:25:22+00:00
trackb_cont_STT_20260605,,,,,,163.580002,160.289993,,,,,,2.0565,pending,,2026-06-09T13:25:22+00:00
trackb_cont_STT_20260608,,,,,,163.580002,161.729996,,,,,,-0.0124,pending,,2026-06-09T13:25:22+00:00
trackb_cont_STT_20260609,,,,,,,,,,,,,,pending,,2026-06-09T13:25:22+00:00
trackb_cont_STUB_20260603,,,,,,10.11,9.15,,,,,,-4.5383,pending,,2026-06-09T13:25:34+00:00
trackb_cont_STUB_20260604,,,,,,10.11,9.15,,,,,,-4.5383,pending,,2026-06-09T13:25:34+00:00
trackb_cont_STUB_20260605,,,,,,10.11,9.15,,,,,,-4.5383,pending,,2026-06-09T13:25:34+00:00
trackb_cont_STUB_20260608,,,,,,10.11,9.195,,,,,,-4.0689,pending,,2026-06-09T13:25:34+00:00
trackb_cont_STX_20260603,,,,,,966.799988,843.630005,,,,,,-11.546,pending,,2026-06-09T13:25:04+00:00
trackb_cont_STX_20260604,,,,,,941.48999,843.630005,,,,,,-11.546,pending,,2026-06-09T13:25:04+00:00
trackb_cont_STX_20260605,,,,,,910.659973,843.630005,,,,,,-11.546,pending,,2026-06-09T13:25:04+00:00
trackb_cont_STX_20260608,,,,,,894.919983,854.210022,,,,,,0.7953,pending,,2026-06-09T13:25:04+00:00
trackb_cont_ST_20260603,,,,,,53.889999,49.389999,,,,,,-6.9868,pending,,2026-06-09T13:24:47+00:00
trackb_cont_ST_20260604,,,,,,53.599998,49.389999,,,,,,-6.9868,pending,,2026-06-09T13:24:47+00:00
trackb_cont_ST_20260605,,,,,,52.290001,49.389999,,,,,,-6.9868,pending,,2026-06-09T13:24:47+00:00
trackb_cont_ST_20260608,,,,,,51.220001,50.169998,,,,,,-5.5179,pending,,2026-06-09T13:24:47+00:00
trackb_cont_SVV_20260603,,,,,,9.64,8.74,,,,,,-6.7733,pending,,2026-06-09T13:24:58+00:00
trackb_cont_SVV_20260604,,,,,,9.64,8.81,,,,,,-6.0267,pending,,2026-06-09T13:24:58+00:00
trackb_cont_SVV_20260605,,,,,,9.35,8.81,,,,,,-6.0267,pending,,2026-06-09T13:24:58+00:00
trackb_cont_SVV_20260608,,,,,,9.35,8.81,,,,,,-6.0267,pending,,2026-06-09T13:24:58+00:00
trackb_cont_SXC_20260603,,,,,,9.59,8.98,,,,,,-4.0086,pending,,2026-06-09T13:24:40+00:00
trackb_cont_SXC_20260604,,,,,,9.59,8.98,,,,,,-4.0086,pending,,2026-06-09T13:24:40+00:00
trackb_cont_SXC_20260605,,,,,,9.47,8.98,,,,,,-4.0086,pending,,2026-06-09T13:24:40+00:00
trackb_cont_SXC_20260608,,,,,,9.23,8.98,,,,,,-1.1013,pending,,2026-06-09T13:24:40+00:00
trackb_cont_SYY_20260609,,,,,,,,,,,,,,pending,,2026-06-09T13:26:19+00:00
trackb_cont_TALK_20260603,,,,,,5.22,5.2,,,,,,-0.3831,pending,,2026-06-09T13:25:44+00:00
trackb_cont_TALK_20260604,,,,,,5.22,5.2,,,,,,-0.3831,pending,,2026-06-09T13:25:44+00:00
trackb_cont_TALK_20260605,,,,,,5.22,5.2,,,,,,-0.3831,pending,,2026-06-09T13:25:44+00:00
trackb_cont_TALK_20260608,,,,,,5.22,5.21,,,,,,-0.1916,pending,,2026-06-09T13:25:44+00:00
trackb_cont_TBCH_20260603,,,,,,13.37,12.0,,,,,,-6.1033,pending,,2026-06-09T13:24:36+00:00
trackb_cont_TBCH_20260604,,,,,,13.01,12.0,,,,,,-6.1033,pending,,2026-06-09T13:24:36+00:00
trackb_cont_TBCH_20260605,,,,,,13.01,12.0,,,,,,-6.1033,pending,,2026-06-09T13:24:36+00:00
trackb_cont_TBCH_20260608,,,,,,13.01,12.48,,,,,,-0.2398,pending,,2026-06-09T13:24:36+00:00
trackb_cont_TBCH_20260609,,,,,,,,,,,,,,pending,,2026-06-09T13:24:36+00:00
trackb_cont_TBI_20260603,,,,,,7.1,6.52,,,,,,-2.0286,pending,,2026-06-09T13:25:17+00:00
trackb_cont_TBI_20260604,,,,,,7.1,6.54,,,,,,-1.728,pending,,2026-06-09T13:25:17+00:00
trackb_cont_TBI_20260605,,,,,,6.92,6.54,,,,,,-1.728,pending,,2026-06-09T13:25:17+00:00
trackb_cont_TBI_20260608,,,,,,6.78,6.56,,,,,,-1.0558,pending,,2026-06-09T13:25:17+00:00
trackb_cont_TBLA_20260603,,,,,,4.9,4.51,,,,,,-2.4865,pending,,2026-06-09T13:26:07+00:00
trackb_cont_TBLA_20260604,,,,,,4.76,4.51,,,,,,-2.4865,pending,,2026-06-09T13:26:07+00:00
trackb_cont_TBLA_20260605,,,,,,4.73,4.51,,,,,,-2.4865,pending,,2026-06-09T13:26:07+00:00
trackb_cont_TDG_20260603,,,,,,1243.810059,1201.859985,,,,,,-2.1896,pending,,2026-06-09T13:26:08+00:00
trackb_cont_TDG_20260604,,,,,,1243.810059,1203.349976,,,,,,-2.0683,pending,,2026-06-09T13:26:08+00:00
trackb_cont_TDG_20260605,,,,,,1243.810059,1203.349976,,,,,,-2.0683,pending,,2026-06-09T13:26:08+00:00
trackb_cont_TDG_20260608,,,,,,1243.810059,1203.349976,,,,,,-2.0683,pending,,2026-06-09T13:26:08+00:00
trackb_cont_TDOC_20260603,,,,,,7.57,6.935,,,,,,-3.4795,pending,,2026-06-09T13:26:10+00:00
trackb_cont_TDOC_20260604,,,,,,7.57,6.935,,,,,,-3.4795,pending,,2026-06-09T13:26:10+00:00
trackb_cont_TDOC_20260605,,,,,,7.3,6.935,,,,,,-3.4795,pending,,2026-06-09T13:26:10+00:00
trackb_cont_TDOC_20260608,,,,,,7.12,6.98,,,,,,-2.8532,pending,,2026-06-09T13:26:10+00:00
trackb_cont_TEAM_20260603,,,,,,106.260002,96.120003,,,,,,-5.2446,pending,,2026-06-09T13:26:00+00:00
trackb_cont_TEAM_20260604,,,,,,106.260002,96.120003,,,,,,-5.2446,pending,,2026-06-09T13:26:00+00:00
trackb_cont_TEAM_20260605,,,,,,103.372002,96.120003,,,,,,-5.2446,pending,,2026-06-09T13:26:00+00:00
trackb_cont_TEAM_20260608,,,,,,99.980003,96.120003,,,,,,-5.2446,pending,,2026-06-09T13:26:00+00:00
trackb_cont_TER_20260603,,,,,,420.600006,354.130005,,,,,,-13.1268,pending,,2026-06-09T13:25:21+00:00
trackb_cont_TER_20260604,,,,,,413.869995,354.130005,,,,,,-13.1268,pending,,2026-06-09T13:25:21+00:00
trackb_cont_TER_20260605,,,,,,392.920013,354.130005,,,,,,-13.1268,pending,,2026-06-09T13:25:21+00:00
trackb_cont_TER_20260608,,,,,,380.170013,368.410004,,,,,,-9.6237,pending,,2026-06-09T13:25:21+00:00
trackb_cont_TE_20260603,,,,,,12.49,8.95,,,,,,-22.7116,pending,,2026-06-09T13:24:33+00:00
trackb_cont_TE_20260604,,,,,,12.49,8.95,,,,,,-22.7116,pending,,2026-06-09T13:24:33+00:00
trackb_cont_TE_20260605,,,,,,11.26,8.95,,,,,,-22.7116,pending,,2026-06-09T13:24:33+00:00
trackb_cont_TE_20260608,,,,,,10.01,8.95,,,,,,-22.7116,pending,,2026-06-09T13:24:33+00:00
trackb_cont_TFC_20260609,,,,,,,,,,,,,,pending,,2026-06-09T13:26:42+00:00
trackb_cont_TILE_20260608,,,,,,31.049999,30.139999,,,,,,-0.0,pending,,2026-06-09T13:26:34+00:00
trackb_cont_TITN_20260603,,,,,,25.0,23.1,,,,,,-1.0707,pending,,2026-06-09T13:24:34+00:00
trackb_cont_TITN_20260604,,,,,,25.0,23.110001,,,,,,-1.0278,pending,,2026-06-09T13:24:34+00:00
trackb_cont_TITN_20260605,,,,,,25.0,23.110001,,,,,,-1.0278,pending,,2026-06-09T13:24:34+00:00
trackb_cont_TITN_20260608,,,,,,25.0,23.120001,,,,,,-0.2588,pending,,2026-06-09T13:24:34+00:00
trackb_cont_TKO_20260603,,,,,,207.130005,197.830002,,,,,,-0.5054,pending,,2026-06-09T13:25:59+00:00
trackb_cont_TKO_20260604,,,,,,207.130005,200.25,,,,,,0.7116,pending,,2026-06-09T13:25:59+00:00
trackb_cont_TKO_20260605,,,,,,207.130005,200.289993,,,,,,0.7318,pending,,2026-06-09T13:25:59+00:00
trackb_cont_TKR_20260603,,,,,,136.589996,129.770004,,,,,,-1.5514,pending,,2026-06-09T13:24:30+00:00
trackb_cont_TKR_20260604,,,,,,136.589996,129.770004,,,,,,-1.5514,pending,,2026-06-09T13:24:30+00:00
trackb_cont_TKR_20260605,,,,,,136.589996,129.770004,,,,,,-1.5514,pending,,2026-06-09T13:24:30+00:00
trackb_cont_TKR_20260608,,,,,,136.589996,132.050003,,,,,,0.1783,pending,,2026-06-09T13:24:30+00:00
trackb_cont_TKR_20260609,,,,,,,,,,,,,,pending,,2026-06-09T13:24:30+00:00
trackb_cont_TLN_20260603,,,,,,385.51001,359.829987,,,,,,-5.4249,pending,,2026-06-09T13:26:13+00:00
trackb_cont_TLN_20260604,,,,,,379.970001,359.829987,,,,,,-5.4249,pending,,2026-06-09T13:26:13+00:00
trackb_cont_TLN_20260605,,,,,,375.089996,359.829987,,,,,,-5.4249,pending,,2026-06-09T13:26:13+00:00
trackb_cont_TLN_20260608,,,,,,370.25,360.73999,,,,,,-5.1857,pending,,2026-06-09T13:26:13+00:00
trackb_cont_TLYS_20260603,,,,,,5.9,4.32,,,,,,-3.3557,pending,,2026-06-09T13:25:43+00:00
trackb_cont_TLYS_20260604,,,,,,5.9,4.53,,,,,,1.3423,pending,,2026-06-09T13:25:43+00:00
trackb_cont_TLYS_20260605,,,,,,5.85,4.86,,,,,,8.7248,pending,,2026-06-09T13:25:43+00:00
trackb_cont_TLYS_20260608,,,,,,5.85,5.23,,,,,,1.9493,pending,,2026-06-09T13:25:43+00:00
trackb_cont_TMHC_20260603,,,,,,71.660004,71.43,,,,,,-0.2165,pending,,2026-06-09T13:24:29+00:00
trackb_cont_TMHC_20260604,,,,,,71.660004,71.43,,,,,,-0.2165,pending,,2026-06-09T13:24:29+00:00
trackb_cont_TMHC_20260605,,,,,,71.599998,71.43,,,,,,-0.2165,pending,,2026-06-09T13:24:29+00:00
trackb_cont_TMHC_20260608,,,,,,71.57,71.440002,,,,,,-0.1258,pending,,2026-06-09T13:24:29+00:00
trackb_cont_TMO_20260603,,,,,,488.649994,468.910004,,,,,,-0.7745,pending,,2026-06-09T13:26:07+00:00
trackb_cont_TMO_20260604,,,,,,488.649994,468.910004,,,,,,-0.7745,pending,,2026-06-09T13:26:07+00:00
trackb_cont_TMO_20260605,,,,,,486.790009,468.910004,,,,,,-0.7745,pending,,2026-06-09T13:26:07+00:00
trackb_cont_TMO_20260608,,,,,,476.420013,468.910004,,,,,,-0.7745,pending,,2026-06-09T13:26:07+00:00
trackb_cont_TNET_20260603,,,,,,48.169998,45.25,,,,,,-2.1833,pending,,2026-06-09T13:25:15+00:00
trackb_cont_TNET_20260604,,,,,,48.169998,46.080002,,,,,,-0.3891,pending,,2026-06-09T13:25:15+00:00
trackb_cont_TNET_20260605,,,,,,47.57,46.080002,,,,,,-0.3891,pending,,2026-06-09T13:25:15+00:00
trackb_cont_TNET_20260608,,,,,,47.330002,46.080002,,,,,,-0.3891,pending,,2026-06-09T13:25:15+00:00
trackb_cont_TNL_20260603,,,,,,72.400002,69.32,,,,,,-0.4738,pending,,2026-06-09T13:24:42+00:00
trackb_cont_TNL_20260604,,,,,,72.400002,69.849998,,,,,,0.2871,pending,,2026-06-09T13:24:42+00:00
trackb_cont_TNL_20260605,,,,,,72.400002,70.419998,,,,,,1.1055,pending,,2026-06-09T13:24:42+00:00
trackb_cont_TNL_20260608,,,,,,72.400002,70.610001,,,,,,1.3783,pending,,2026-06-09T13:24:42+00:00
trackb_cont_TOL_20260603,,,,,,141.119995,136.350006,,,,,,-0.3872,pending,,2026-06-09T13:25:53+00:00
trackb_cont_TOL_20260604,,,,,,141.119995,136.770004,,,,,,-0.0804,pending,,2026-06-09T13:25:53+00:00
trackb_cont_TOL_20260605,,,,,,139.399994,136.770004,,,,,,-0.0804,pending,,2026-06-09T13:25:53+00:00
trackb_cont_TOL_20260608,,,,,,138.440002,136.770004,,,,,,-0.0804,pending,,2026-06-09T13:25:53+00:00
trackb_cont_TOMZ_20260603,,,,,,1.08,0.94,,,,,,-8.7379,pending,,2026-06-09T13:24:51+00:00
trackb_cont_TOMZ_20260604,,,,,,1.08,0.94,,,,,,-8.7379,pending,,2026-06-09T13:24:51+00:00
trackb_cont_TOMZ_20260605,,,,,,1.07,0.94,,,,,,-8.7379,pending,,2026-06-09T13:24:51+00:00
trackb_cont_TOMZ_20260608,,,,,,1.05,0.94,,,,,,-9.6154,pending,,2026-06-09T13:24:51+00:00
trackb_cont_TRIP_20260603,,,,,,12.31,11.58,,,,,,-2.4842,pending,,2026-06-09T13:25:13+00:00
trackb_cont_TRIP_20260604,,,,,,12.31,11.65,,,,,,-1.8947,pending,,2026-06-09T13:25:13+00:00
trackb_cont_TRIP_20260605,,,,,,12.13,11.65,,,,,,-1.8947,pending,,2026-06-09T13:25:13+00:00
trackb_cont_TRIP_20260608,,,,,,12.05,11.65,,,,,,-1.7707,pending,,2026-06-09T13:25:13+00:00
trackb_cont_TRIP_20260609,,,,,,,,,,,,,,pending,,2026-06-09T13:25:13+00:00
trackb_cont_TROW_20260609,,,,,,,,,,,,,,pending,,2026-06-09T13:26:50+00:00
trackb_cont_TRU_20260603,,,,,,73.169998,68.419998,,,,,,-0.8621,pending,,2026-06-09T13:24:40+00:00
trackb_cont_TRU_20260604,,,,,,73.169998,68.809998,,,,,,-0.297,pending,,2026-06-09T13:24:40+00:00
trackb_cont_TRU_20260605,,,,,,71.330002,68.809998,,,,,,-0.297,pending,,2026-06-09T13:24:40+00:00
trackb_cont_TRV_20260609,,,,,,,,,,,,,,pending,,2026-06-09T13:26:43+00:00
trackb_cont_TTI_20260603,,,,,,10.34,9.27,,,,,,-7.2072,pending,,2026-06-09T13:24:49+00:00
trackb_cont_TTI_20260604,,,,,,10.12,9.27,,,,,,-7.2072,pending,,2026-06-09T13:24:49+00:00
trackb_cont_TTI_20260605,,,,,,9.96,9.27,,,,,,-7.2072,pending,,2026-06-09T13:24:49+00:00
trackb_cont_TUSK_20260603,,,,,,3.92,3.3,,,,,,-6.7797,pending,,2026-06-09T13:24:47+00:00
trackb_cont_TUSK_20260604,,,,,,3.92,3.3,,,,,,-6.7797,pending,,2026-06-09T13:24:47+00:00
trackb_cont_TUSK_20260605,,,,,,3.79,3.3,,,,,,-6.7797,pending,,2026-06-09T13:24:47+00:00
trackb_cont_TUSK_20260608,,,,,,3.56,3.385,,,,,,1.9578,pending,,2026-06-09T13:24:47+00:00
trackb_cont_TWLO_20260603,,,,,,238.479996,212.009995,,,,,,-2.9636,pending,,2026-06-09T13:24:37+00:00
trackb_cont_TWLO_20260604,,,,,,238.479996,212.009995,,,,,,-2.9636,pending,,2026-06-09T13:24:38+00:00
trackb_cont_TWLO_20260605,,,,,,237.300003,212.009995,,,,,,-2.9636,pending,,2026-06-09T13:24:38+00:00
trackb_cont_TWLO_20260608,,,,,,227.5,212.009995,,,,,,-6.1861,pending,,2026-06-09T13:24:38+00:00
trackb_cont_TWST_20260603,,,,,,80.5,68.07,,,,,,-4.4497,pending,,2026-06-09T13:24:36+00:00
trackb_cont_TWST_20260604,,,,,,80.5,68.07,,,,,,-4.4497,pending,,2026-06-09T13:24:36+00:00
trackb_cont_TWST_20260605,,,,,,73.699997,68.07,,,,,,-4.4497,pending,,2026-06-09T13:24:36+00:00
trackb_cont_TWST_20260608,,,,,,70.82,68.07,,,,,,-4.4497,pending,,2026-06-09T13:24:36+00:00
trackb_cont_TXG_20260603,,,,,,35.645,29.032,,,,,,-7.981,pending,,2026-06-09T13:24:36+00:00
trackb_cont_TXG_20260604,,,,,,35.645,29.032,,,,,,-7.981,pending,,2026-06-09T13:24:36+00:00
trackb_cont_TXG_20260605,,,,,,33.07,29.032,,,,,,-7.981,pending,,2026-06-09T13:24:36+00:00
trackb_cont_TXG_20260608,,,,,,31.68,29.032,,,,,,-7.981,pending,,2026-06-09T13:24:36+00:00
trackb_cont_UCTT_20260603,,,,,,94.949997,81.650002,,,,,,-11.7488,pending,,2026-06-09T13:25:04+00:00
trackb_cont_UCTT_20260604,,,,,,94.949997,81.650002,,,,,,-11.7488,pending,,2026-06-09T13:25:04+00:00
trackb_cont_UCTT_20260605,,,,,,90.43,81.650002,,,,,,-11.7488,pending,,2026-06-09T13:25:04+00:00
trackb_cont_UCTT_20260608,,,,,,89.010002,82.669998,,,,,,0.7311,pending,,2026-06-09T13:25:04+00:00
trackb_cont_UDR_20260608,,,,,,39.349998,38.580002,,,,,,-1.5816,pending,,2026-06-09T13:26:29+00:00
trackb_cont_UDR_20260609,,,,,,,,,,,,,,pending,,2026-06-09T13:26:29+00:00
trackb_cont_UEC_20260603,,,,,,15.14,12.43,,,,,,-11.844,pending,,2026-06-09T13:26:10+00:00
trackb_cont_UEC_20260604,,,,,,14.46,12.43,,,,,,-11.844,pending,,2026-06-09T13:26:10+00:00
trackb_cont_UEC_20260605,,,,,,13.86,12.43,,,,,,-11.844,pending,,2026-06-09T13:26:10+00:00
trackb_cont_UEC_20260608,,,,,,13.29,12.6,,,,,,-10.6383,pending,,2026-06-09T13:26:10+00:00
trackb_cont_UFPT_20260603,,,,,,231.600006,211.699997,,,,,,-1.3215,pending,,2026-06-09T13:26:15+00:00
trackb_cont_UFPT_20260604,,,,,,231.600006,220.309998,,,,,,2.6919,pending,,2026-06-09T13:26:15+00:00
trackb_cont_UFPT_20260605,,,,,,231.600006,221.380005,,,,,,3.1906,pending,,2026-06-09T13:26:15+00:00
trackb_cont_UHAL-B_20260603,,,,,,53.540001,49.029999,,,,,,-0.9895,pending,,2026-06-09T13:25:59+00:00
trackb_cont_UHAL-B_20260604,,,,,,53.540001,49.029999,,,,,,-0.9895,pending,,2026-06-09T13:25:59+00:00
trackb_cont_UHAL-B_20260605,,,,,,53.540001,50.25,,,,,,1.4742,pending,,2026-06-09T13:25:59+00:00
trackb_cont_UHAL-B_20260608,,,,,,53.540001,51.889999,,,,,,4.7859,pending,,2026-06-09T13:25:59+00:00
trackb_cont_UHAL-B_20260609,,,,,,,,,,,,,,pending,,2026-06-09T13:25:59+00:00
trackb_cont_UHAL_20260603,,,,,,59.98,54.84,,,,,,-1.0115,pending,,2026-06-09T13:26:07+00:00
trackb_cont_UHAL_20260604,,,,,,59.98,54.939999,,,,,,-0.831,pending,,2026-06-09T13:26:07+00:00
trackb_cont_UHAL_20260605,,,,,,59.98,56.389999,,,,,,1.7863,pending,,2026-06-09T13:26:07+00:00
trackb_cont_UHAL_20260608,,,,,,59.98,57.709999,,,,,,0.278,pending,,2026-06-09T13:26:07+00:00
trackb_cont_ULCC_20260603,,,,,,6.179,5.5,,,,,,-3.5088,pending,,2026-06-09T13:25:36+00:00
trackb_cont_ULCC_20260604,,,,,,6.179,5.715,,,,,,0.2632,pending,,2026-06-09T13:25:36+00:00
trackb_cont_ULCC_20260605,,,,,,6.179,5.77,,,,,,1.2281,pending,,2026-06-09T13:25:36+00:00
trackb_cont_ULCC_20260608,,,,,,6.12,5.87,,,,,,2.9825,pending,,2026-06-09T13:25:36+00:00
trackb_cont_UMAC_20260603,,,,,,32.93,24.764,,,,,,-15.7687,pending,,2026-06-09T13:24:39+00:00
trackb_cont_UMAC_20260604,,,,,,32.93,24.764,,,,,,-15.7687,pending,,2026-06-09T13:24:39+00:00
trackb_cont_UMAC_20260605,,,,,,30.950001,24.764,,,,,,-15.7687,pending,,2026-06-09T13:24:39+00:00
trackb_cont_UMAC_20260608,,,,,,27.83,24.764,,,,,,-7.2509,pending,,2026-06-09T13:24:39+00:00
trackb_cont_UNFI_20260603,,,,,,57.02,50.740002,,,,,,-2.1974,pending,,2026-06-09T13:25:33+00:00
trackb_cont_UNFI_20260604,,,,,,57.02,51.049999,,,,,,-1.5998,pending,,2026-06-09T13:25:33+00:00
trackb_cont_UNFI_20260605,,,,,,57.02,51.049999,,,,,,-1.5998,pending,,2026-06-09T13:25:33+00:00
trackb_cont_UNFI_20260608,,,,,,57.02,51.049999,,,,,,-8.0512,pending,,2026-06-09T13:25:33+00:00
trackb_cont_UNFI_20260609,,,,,,,,,,,,,,pending,,2026-06-09T13:25:33+00:00
trackb_cont_UNF_20260603,,,,,,273.410004,260.480011,,,,,,-1.5478,pending,,2026-06-09T13:26:07+00:00
trackb_cont_UNF_20260604,,,,,,273.410004,263.73999,,,,,,-0.3156,pending,,2026-06-09T13:26:07+00:00
trackb_cont_UNF_20260605,,,,,,273.410004,263.73999,,,,,,-0.3156,pending,,2026-06-09T13:26:07+00:00
trackb_cont_UNF_20260608,,,,,,271.619995,263.73999,,,,,,-0.3156,pending,,2026-06-09T13:26:07+00:00
trackb_cont_UNF_20260609,,,,,,,,,,,,,,pending,,2026-06-09T13:26:07+00:00
trackb_cont_UNH_20260609,,,,,,,,,,,,,,pending,,2026-06-09T13:26:43+00:00
trackb_cont_UNM_20260603,,,,,,87.809998,82.610001,,,,,,-0.6554,pending,,2026-06-09T13:25:38+00:00
trackb_cont_UNM_20260604,,,,,,87.809998,84.239998,,,,,,1.3048,pending,,2026-06-09T13:25:38+00:00
trackb_cont_UNM_20260605,,,,,,87.809998,85.32,,,,,,2.6036,pending,,2026-06-09T13:25:38+00:00
trackb_cont_UNM_20260608,,,,,,87.809998,86.010002,,,,,,3.4333,pending,,2026-06-09T13:25:38+00:00
trackb_cont_UPST_20260603,,,,,,32.505001,29.139999,,,,,,-3.382,pending,,2026-06-09T13:26:09+00:00
trackb_cont_UPST_20260604,,,,,,32.505001,29.139999,,,,,,-3.382,pending,,2026-06-09T13:26:09+00:00
trackb_cont_UPST_20260605,,,,,,31.98,29.139999,,,,,,-3.382,pending,,2026-06-09T13:26:09+00:00
trackb_cont_UPST_20260608,,,,,,31.283001,29.559999,,,,,,-1.9894,pending,,2026-06-09T13:26:09+00:00
trackb_cont_UPS_20260603,,,,,,111.220001,107.620003,,,,,,-2.5446,pending,,2026-06-09T13:24:59+00:00
trackb_cont_UPS_20260604,,,,,,111.220001,107.620003,,,,,,-2.5446,pending,,2026-06-09T13:24:59+00:00
trackb_cont_UPS_20260605,,,,,,110.699997,107.620003,,,,,,-2.5446,pending,,2026-06-09T13:24:59+00:00
trackb_cont_UPS_20260608,,,,,,109.360001,107.620003,,,,,,-0.8476,pending,,2026-06-09T13:24:59+00:00
trackb_cont_URG_20260603,,,,,,2.09,1.62,,,,,,-15.4047,pending,,2026-06-09T13:24:52+00:00
trackb_cont_URG_20260604,,,,,,1.99,1.62,,,,,,-15.4047,pending,,2026-06-09T13:24:52+00:00
trackb_cont_URG_20260605,,,,,,1.94,1.62,,,,,,-15.4047,pending,,2026-06-09T13:24:52+00:00
trackb_cont_URI_20260603,,,,,,1093.969971,995.869995,,,,,,-3.3624,pending,,2026-06-09T13:25:41+00:00
trackb_cont_URI_20260604,,,,,,1093.969971,1050.099976,,,,,,1.9,pending,,2026-06-09T13:25:41+00:00
trackb_cont_URI_20260605,,,,,,1093.969971,1053.849976,,,,,,2.2639,pending,,2026-06-09T13:25:41+00:00
trackb_cont_URI_20260608,,,,,,1093.969971,1062.23999,,,,,,-0.5179,pending,,2026-06-09T13:25:41+00:00
trackb_cont_USAR_20260603,,,,,,32.799999,22.1,,,,,,-21.8667,pending,,2026-06-09T13:24:53+00:00
trackb_cont_USAR_20260604,,,,,,27.48,22.1,,,,,,-21.8667,pending,,2026-06-09T13:24:53+00:00
trackb_cont_USAR_20260605,,,,,,26.049999,22.1,,,,,,-21.8667,pending,,2026-06-09T13:24:53+00:00
trackb_cont_UTI_20260603,,,,,,45.740002,41.59,,,,,,-4.5223,pending,,2026-06-09T13:24:34+00:00
trackb_cont_UTI_20260604,,,,,,45.740002,42.459999,,,,,,-2.525,pending,,2026-06-09T13:24:34+00:00
trackb_cont_UTI_20260605,,,,,,45.02,42.459999,,,,,,-2.525,pending,,2026-06-09T13:24:34+00:00
trackb_cont_UTI_20260608,,,,,,44.389999,42.459999,,,,,,-2.5476,pending,,2026-06-09T13:24:34+00:00
trackb_cont_UTI_20260609,,,,,,,,,,,,,,pending,,2026-06-09T13:24:34+00:00
trackb_cont_UVV_20260603,,,,,,54.32,52.720001,,,,,,-1.8615,pending,,2026-06-09T13:25:28+00:00
trackb_cont_UVV_20260604,,,,,,54.220001,52.720001,,,,,,-1.8615,pending,,2026-06-09T13:25:28+00:00
trackb_cont_UVV_20260605,,,,,,54.220001,52.720001,,,,,,-1.8615,pending,,2026-06-09T13:25:28+00:00
trackb_cont_UVV_20260609,,,,,,,,,,,,,,pending,,2026-06-09T13:25:28+00:00
trackb_cont_U_20260603,,,,,,31.4,28.700001,,,,,,-1.6955,pending,,2026-06-09T13:25:56+00:00
trackb_cont_U_20260604,,,,,,31.4,28.700001,,,,,,-1.6955,pending,,2026-06-09T13:25:56+00:00
trackb_cont_U_20260605,,,,,,31.4,28.700001,,,,,,-1.6955,pending,,2026-06-09T13:25:56+00:00
trackb_cont_U_20260608,,,,,,29.889999,28.74,,,,,,-1.5585,pending,,2026-06-09T13:25:56+00:00
trackb_cont_VAC_20260603,,,,,,90.849998,84.510002,,,,,,-0.2832,pending,,2026-06-09T13:24:54+00:00
trackb_cont_VAC_20260604,,,,,,90.849998,85.75,,,,,,1.1799,pending,,2026-06-09T13:24:54+00:00
trackb_cont_VAC_20260605,,,,,,90.849998,86.629997,,,,,,2.2183,pending,,2026-06-09T13:24:54+00:00
trackb_cont_VAC_20260608,,,,,,90.849998,86.970001,,,,,,-2.816,pending,,2026-06-09T13:24:54+00:00
trackb_cont_VC_20260603,,,,,,125.120003,116.760002,,,,,,-5.4804,pending,,2026-06-09T13:24:43+00:00
trackb_cont_VC_20260604,,,,,,123.400002,116.760002,,,,,,-5.4804,pending,,2026-06-09T13:24:43+00:00
trackb_cont_VC_20260605,,,,,,121.620003,116.760002,,,,,,-5.4804,pending,,2026-06-09T13:24:43+00:00
trackb_cont_VC_20260608,,,,,,121.620003,119.010002,,,,,,-3.659,pending,,2026-06-09T13:24:43+00:00
trackb_cont_VECO_20260603,,,,,,65.029999,57.810001,,,,,,-4.3672,pending,,2026-06-09T13:26:10+00:00
trackb_cont_VECO_20260604,,,,,,65.029999,57.810001,,,,,,-4.3672,pending,,2026-06-09T13:26:10+00:00
trackb_cont_VECO_20260605,,,,,,62.98,57.810001,,,,,,-4.3672,pending,,2026-06-09T13:26:10+00:00
trackb_cont_VECO_20260608,,,,,,62.779999,58.799999,,,,,,-2.7295,pending,,2026-06-09T13:26:10+00:00
trackb_cont_VEEV_20260603,,,,,,185.630005,166.940002,,,,,,-5.3118,pending,,2026-06-09T13:25:54+00:00
trackb_cont_VEEV_20260604,,,,,,185.630005,166.940002,,,,,,-5.3118,pending,,2026-06-09T13:25:54+00:00
trackb_cont_VEEV_20260605,,,,,,181.75,166.940002,,,,,,-5.3118,pending,,2026-06-09T13:25:54+00:00
trackb_cont_VEEV_20260608,,,,,,172.550003,166.940002,,,,,,-5.3118,pending,,2026-06-09T13:25:54+00:00
trackb_cont_VELO_20260603,,,,,,21.950001,15.11,,,,,,-25.3459,pending,,2026-06-09T13:26:14+00:00
trackb_cont_VELO_20260604,,,,,,21.254,15.11,,,,,,-25.3459,pending,,2026-06-09T13:26:14+00:00
trackb_cont_VELO_20260605,,,,,,18.584999,15.11,,,,,,-25.3459,pending,,2026-06-09T13:26:14+00:00
trackb_cont_VGZ_20260603,,,,,,2.4,2.15,,,,,,-7.1274,pending,,2026-06-09T13:25:49+00:00
trackb_cont_VGZ_20260604,,,,,,2.38,2.15,,,,,,-7.1274,pending,,2026-06-09T13:25:49+00:00
trackb_cont_VGZ_20260605,,,,,,2.31,2.15,,,,,,-7.1274,pending,,2026-06-09T13:25:49+00:00
trackb_cont_VGZ_20260608,,,,,,2.29,2.16,,,,,,-0.4608,pending,,2026-06-09T13:25:49+00:00
trackb_cont_VIAV_20260608,,,,,,50.34,47.0,,,,,,-1.1775,pending,,2026-06-09T13:26:36+00:00
trackb_cont_VICR_20260603,,,,,,340.190002,260.279999,,,,,,-20.4645,pending,,2026-06-09T13:25:51+00:00
trackb_cont_VICR_20260604,,,,,,320.179993,260.279999,,,,,,-20.4645,pending,,2026-06-09T13:25:51+00:00
trackb_cont_VICR_20260605,,,,,,295.549988,260.279999,,,,,,-20.4645,pending,,2026-06-09T13:25:51+00:00
trackb_cont_VICR_20260608,,,,,,283.630005,260.279999,,,,,,-20.4645,pending,,2026-06-09T13:25:51+00:00
trackb_cont_VISN_20260603,,,,,,12.45,11.645,,,,,,-4.5492,pending,,2026-06-09T13:25:32+00:00
trackb_cont_VISN_20260604,,,,,,12.45,11.645,,,,,,-4.5492,pending,,2026-06-09T13:25:32+00:00
trackb_cont_VISN_20260605,,,,,,12.25,11.645,,,,,,-4.5492,pending,,2026-06-09T13:25:32+00:00
trackb_cont_VISN_20260608,,,,,,12.05,11.705,,,,,,-0.383,pending,,2026-06-09T13:25:32+00:00
trackb_cont_VLO_20260603,,,,,,265.609985,253.380005,,,,,,-3.9827,pending,,2026-06-09T13:25:10+00:00
trackb_cont_VLO_20260604,,,,,,264.01001,253.380005,,,,,,-3.9827,pending,,2026-06-09T13:25:10+00:00
trackb_cont_VLO_20260605,,,,,,264.01001,253.380005,,,,,,-3.9827,pending,,2026-06-09T13:25:10+00:00
trackb_cont_VLO_20260608,,,,,,264.01001,254.889999,,,,,,-3.4105,pending,,2026-06-09T13:25:10+00:00
trackb_cont_VLO_20260609,,,,,,,,,,,,,,pending,,2026-06-09T13:25:10+00:00
trackb_cont_VLY_20260603,,,,,,13.95,13.38,,,,,,-1.3274,pending,,2026-06-09T13:24:54+00:00
trackb_cont_VLY_20260604,,,,,,13.95,13.58,,,,,,0.1475,pending,,2026-06-09T13:24:54+00:00
trackb_cont_VLY_20260605,,,,,,13.95,13.67,,,,,,0.8112,pending,,2026-06-09T13:24:54+00:00
trackb_cont_VLY_20260608,,,,,,13.94,13.67,,,,,,0.8112,pending,,2026-06-09T13:24:54+00:00
trackb_cont_VMI_20260603,,,,,,548.900024,525.75,,,,,,-3.5109,pending,,2026-06-09T13:24:38+00:00
trackb_cont_VMI_20260604,,,,,,548.570007,525.75,,,,,,-3.5109,pending,,2026-06-09T13:24:38+00:00
trackb_cont_VMI_20260605,,,,,,546.190002,525.75,,,,,,-3.5109,pending,,2026-06-09T13:24:38+00:00
trackb_cont_VMI_20260608,,,,,,537.650024,525.75,,,,,,-1.5081,pending,,2026-06-09T13:24:38+00:00
trackb_cont_VMI_20260609,,,,,,,,,,,,,,pending,,2026-06-09T13:24:38+00:00
trackb_cont_VNO_20260603,,,,,,36.290001,33.5,,,,,,-0.2976,pending,,2026-06-09T13:24:34+00:00
trackb_cont_VNO_20260604,,,,,,36.290001,33.900002,,,,,,0.8929,pending,,2026-06-09T13:24:34+00:00
trackb_cont_VNO_20260605,,,,,,36.290001,34.549999,,,,,,2.8274,pending,,2026-06-09T13:24:34+00:00
trackb_cont_VNO_20260608,,,,,,36.290001,35.380001,,,,,,0.4828,pending,,2026-06-09T13:24:34+00:00
trackb_cont_VNO_20260609,,,,,,,,,,,,,,pending,,2026-06-09T13:24:34+00:00
trackb_cont_VPG_20260603,,,,,,135.0,114.099998,,,,,,-12.6005,pending,,2026-06-09T13:24:39+00:00
trackb_cont_VPG_20260604,,,,,,135.0,114.099998,,,,,,-12.6005,pending,,2026-06-09T13:24:39+00:00
trackb_cont_VPG_20260605,,,,,,125.980003,114.099998,,,,,,-12.6005,pending,,2026-06-09T13:24:39+00:00
trackb_cont_VPG_20260608,,,,,,123.220001,115.230003,,,,,,-1.9403,pending,,2026-06-09T13:24:39+00:00
trackb_cont_VPG_20260609,,,,,,,,,,,,,,pending,,2026-06-09T13:24:39+00:00
trackb_cont_VRSK_20260603,,,,,,184.850006,175.169998,,,,,,-1.5678,pending,,2026-06-09T13:25:38+00:00
trackb_cont_VRSK_20260604,,,,,,184.850006,177.110001,,,,,,-0.4776,pending,,2026-06-09T13:25:38+00:00
trackb_cont_VRSK_20260605,,,,,,184.850006,177.110001,,,,,,-0.4776,pending,,2026-06-09T13:25:38+00:00
trackb_cont_VRSK_20260608,,,,,,182.529999,177.110001,,,,,,-0.4776,pending,,2026-06-09T13:25:38+00:00
trackb_cont_VRTX_20260609,,,,,,,,,,,,,,pending,,2026-06-09T13:26:49+00:00
trackb_cont_VSTS_20260603,,,,,,13.52,12.34,,,,,,-6.231,pending,,2026-06-09T13:24:36+00:00
trackb_cont_VSTS_20260604,,,,,,13.52,12.34,,,,,,-6.231,pending,,2026-06-09T13:24:36+00:00
trackb_cont_VSTS_20260605,,,,,,13.24,12.34,,,,,,-6.231,pending,,2026-06-09T13:24:36+00:00
trackb_cont_VSTS_20260608,,,,,,12.87,12.34,,,,,,-3.9689,pending,,2026-06-09T13:24:36+00:00
trackb_cont_VSXY_20260603,,,,,,80.364998,72.0,,,,,,-2.3199,pending,,2026-06-09T13:24:34+00:00
trackb_cont_VSXY_20260604,,,,,,80.364998,72.279999,,,,,,-1.94,pending,,2026-06-09T13:24:34+00:00
trackb_cont_VSXY_20260605,,,,,,78.769997,72.279999,,,,,,-1.94,pending,,2026-06-09T13:24:34+00:00
trackb_cont_VSXY_20260608,,,,,,78.769997,74.629997,,,,,,0.0402,pending,,2026-06-09T13:24:34+00:00
trackb_cont_WALD_20260603,,,,,,1.89,1.59,,,,,,-10.4225,pending,,2026-06-09T13:25:11+00:00
trackb_cont_WALD_20260604,,,,,,1.81,1.59,,,,,,-10.4225,pending,,2026-06-09T13:25:11+00:00
trackb_cont_WALD_20260605,,,,,,1.81,1.61,,,,,,-9.2958,pending,,2026-06-09T13:25:11+00:00
trackb_cont_WALD_20260608,,,,,,1.81,1.61,,,,,,-6.3953,pending,,2026-06-09T13:25:11+00:00
trackb_cont_WATT_20260603,,,,,,30.5,24.58,,,,,,-15.6196,pending,,2026-06-09T13:24:51+00:00
trackb_cont_WATT_20260604,,,,,,28.98,24.58,,,,,,-15.6196,pending,,2026-06-09T13:24:51+00:00
trackb_cont_WATT_20260605,,,,,,27.65,24.58,,,,,,-15.6196,pending,,2026-06-09T13:24:51+00:00
trackb_cont_WAT_20260603,,,,,,384.98999,362.859985,,,,,,-3.6536,pending,,2026-06-09T13:25:51+00:00
trackb_cont_WAT_20260604,,,,,,384.98999,362.859985,,,,,,-3.6536,pending,,2026-06-09T13:25:51+00:00
trackb_cont_WAT_20260605,,,,,,377.51001,362.859985,,,,,,-3.6536,pending,,2026-06-09T13:25:51+00:00
trackb_cont_WAT_20260608,,,,,,377.51001,362.859985,,,,,,-3.6536,pending,,2026-06-09T13:25:51+00:00
trackb_cont_WBI_20260608,,,,,,30.549999,29.629999,,,,,,0.6454,pending,,2026-06-09T13:26:36+00:00
trackb_cont_WCC_20260603,,,,,,377.899994,349.0,,,,,,-6.7256,pending,,2026-06-09T13:25:12+00:00
trackb_cont_WCC_20260604,,,,,,370.049988,349.0,,,,,,-6.7256,pending,,2026-06-09T13:25:12+00:00
trackb_cont_WCC_20260605,,,,,,362.049988,349.0,,,,,,-6.7256,pending,,2026-06-09T13:25:12+00:00
trackb_cont_WCC_20260608,,,,,,361.76001,351.73999,,,,,,-0.7254,pending,,2026-06-09T13:25:12+00:00
trackb_cont_WDAY_20260603,,,,,,153.479996,141.139999,,,,,,-2.156,pending,,2026-06-09T13:25:49+00:00
trackb_cont_WDAY_20260604,,,,,,153.479996,141.139999,,,,,,-2.156,pending,,2026-06-09T13:25:49+00:00
trackb_cont_WDAY_20260605,,,,,,151.5,141.139999,,,,,,-2.156,pending,,2026-06-09T13:25:49+00:00
trackb_cont_WDAY_20260608,,,,,,145.479996,141.139999,,,,,,-2.156,pending,,2026-06-09T13:25:49+00:00
trackb_cont_WDC_20260603,,,,,,602.539978,511.329987,,,,,,-14.4325,pending,,2026-06-09T13:24:48+00:00
trackb_cont_WDC_20260604,,,,,,594.0,511.329987,,,,,,-14.4325,pending,,2026-06-09T13:24:48+00:00
trackb_cont_WDC_20260605,,,,,,554.159973,511.329987,,,,,,-14.4325,pending,,2026-06-09T13:24:48+00:00
trackb_cont_WDC_20260608,,,,,,540.210022,519.049988,,,,,,-13.1406,pending,,2026-06-09T13:24:48+00:00
trackb_cont_WERN_20260603,,,,,,44.75,42.639999,,,,,,-1.0673,pending,,2026-06-09T13:24:32+00:00
trackb_cont_WERN_20260604,,,,,,44.75,43.07,,,,,,-0.0696,pending,,2026-06-09T13:24:32+00:00
trackb_cont_WERN_20260605,,,,,,44.75,43.07,,,,,,-0.0696,pending,,2026-06-09T13:24:32+00:00
trackb_cont_WERN_20260608,,,,,,44.75,43.23,,,,,,-0.5292,pending,,2026-06-09T13:24:32+00:00
trackb_cont_WFC_20260603,,,,,,82.540001,77.400002,,,,,,-0.7438,pending,,2026-06-09T13:25:40+00:00
trackb_cont_WFC_20260604,,,,,,82.540001,79.720001,,,,,,2.2313,pending,,2026-06-09T13:25:40+00:00
trackb_cont_WFC_20260605,,,,,,82.540001,80.830002,,,,,,3.6548,pending,,2026-06-09T13:25:40+00:00
trackb_cont_WFC_20260608,,,,,,82.540001,80.830002,,,,,,-1.3546,pending,,2026-06-09T13:25:40+00:00
trackb_cont_WFC_20260609,,,,,,,,,,,,,,pending,,2026-06-09T13:25:40+00:00
trackb_cont_WGS_20260608,,,,,,53.700001,51.509998,,,,,,-1.3407,pending,,2026-06-09T13:26:16+00:00
trackb_cont_WKC_20260603,,,,,,30.459999,28.76,,,,,,-1.4731,pending,,2026-06-09T13:26:12+00:00
trackb_cont_WKC_20260604,,,,,,30.459999,29.07,,,,,,-0.4111,pending,,2026-06-09T13:26:12+00:00
trackb_cont_WKC_20260605,,,,,,30.459999,29.219999,,,,,,0.1028,pending,,2026-06-09T13:26:12+00:00
trackb_cont_WKC_20260608,,,,,,30.459999,29.82,,,,,,2.1583,pending,,2026-06-09T13:26:12+00:00
trackb_cont_WKC_20260609,,,,,,,,,,,,,,pending,,2026-06-09T13:26:12+00:00
trackb_cont_WMK_20260603,,,,,,80.410004,73.760002,,,,,,-2.1751,pending,,2026-06-09T13:25:34+00:00
trackb_cont_WMK_20260604,,,,,,80.410004,73.860001,,,,,,-2.0424,pending,,2026-06-09T13:25:34+00:00
trackb_cont_WMK_20260605,,,,,,80.410004,75.629997,,,,,,0.305,pending,,2026-06-09T13:25:34+00:00
trackb_cont_WMK_20260608,,,,,,80.410004,78.550003,,,,,,4.1777,pending,,2026-06-09T13:25:34+00:00
trackb_cont_WMK_20260609,,,,,,,,,,,,,,pending,,2026-06-09T13:25:34+00:00
trackb_cont_WOR_20260603,,,,,,58.619999,56.43,,,,,,-1.6385,pending,,2026-06-09T13:25:07+00:00
trackb_cont_WOR_20260604,,,,,,58.619999,56.43,,,,,,-1.6385,pending,,2026-06-09T13:25:07+00:00
trackb_cont_WOR_20260605,,,,,,58.619999,56.43,,,,,,-1.6385,pending,,2026-06-09T13:25:07+00:00
trackb_cont_WOR_20260608,,,,,,58.619999,56.43,,,,,,-1.5355,pending,,2026-06-09T13:25:07+00:00
trackb_cont_WRLD_20260603,,,,,,172.740005,155.080002,,,,,,-6.5783,pending,,2026-06-09T13:25:29+00:00
trackb_cont_WRLD_20260604,,,,,,172.740005,155.080002,,,,,,-6.5783,pending,,2026-06-09T13:25:29+00:00
trackb_cont_WRLD_20260605,,,,,,172.740005,164.589996,,,,,,-0.8494,pending,,2026-06-09T13:25:29+00:00
trackb_cont_WRLD_20260608,,,,,,171.199997,167.100006,,,,,,0.6627,pending,,2026-06-09T13:25:29+00:00
trackb_cont_WSM_20260603,,,,,,210.490005,200.399994,,,,,,-1.7888,pending,,2026-06-09T13:25:05+00:00
trackb_cont_WSM_20260604,,,,,,210.490005,201.639999,,,,,,-1.1811,pending,,2026-06-09T13:25:05+00:00
trackb_cont_WSM_20260605,,,,,,208.300003,201.639999,,,,,,-1.1811,pending,,2026-06-09T13:25:05+00:00
trackb_cont_WSM_20260608,,,,,,208.300003,201.639999,,,,,,-1.1811,pending,,2026-06-09T13:25:05+00:00
trackb_cont_WS_20260603,,,,,,43.584999,40.68,,,,,,-4.4846,pending,,2026-06-09T13:25:21+00:00
trackb_cont_WS_20260604,,,,,,42.919998,40.68,,,,,,-4.4846,pending,,2026-06-09T13:25:21+00:00
trackb_cont_WS_20260605,,,,,,42.77,40.68,,,,,,-4.4846,pending,,2026-06-09T13:25:21+00:00
trackb_cont_WS_20260608,,,,,,42.77,41.305,,,,,,-3.0171,pending,,2026-06-09T13:25:21+00:00
trackb_cont_WULF_20260603,,,,,,27.43,22.99,,,,,,-11.9494,pending,,2026-06-09T13:25:14+00:00
trackb_cont_WULF_20260604,,,,,,26.57,22.99,,,,,,-11.9494,pending,,2026-06-09T13:25:14+00:00
trackb_cont_WULF_20260605,,,,,,26.200001,22.99,,,,,,-11.9494,pending,,2026-06-09T13:25:14+00:00
trackb_cont_WULF_20260608,,,,,,26.200001,24.32,,,,,,-6.8556,pending,,2026-06-09T13:25:14+00:00
trackb_cont_WYNN_20260603,,,,,,106.32,102.470001,,,,,,-0.9282,pending,,2026-06-09T13:26:07+00:00
trackb_cont_WYNN_20260604,,,,,,106.260002,103.129997,,,,,,-0.2901,pending,,2026-06-09T13:26:07+00:00
trackb_cont_WYNN_20260605,,,,,,106.260002,103.129997,,,,,,-0.2901,pending,,2026-06-09T13:26:07+00:00
trackb_cont_WYNN_20260608,,,,,,105.93,103.290001,,,,,,-0.1354,pending,,2026-06-09T13:26:07+00:00
trackb_cont_WY_20260603,,,,,,25.09,24.049999,,,,,,-1.9568,pending,,2026-06-09T13:25:35+00:00
trackb_cont_WY_20260604,,,,,,25.09,24.049999,,,,,,-1.9568,pending,,2026-06-09T13:25:35+00:00
trackb_cont_WY_20260605,,,,,,24.879999,24.049999,,,,,,-1.9568,pending,,2026-06-09T13:25:35+00:00
trackb_cont_WY_20260608,,,,,,24.48,24.049999,,,,,,-1.7565,pending,,2026-06-09T13:25:35+00:00
trackb_cont_W_20260603,,,,,,73.860001,66.75,,,,,,-2.6507,pending,,2026-06-09T13:25:47+00:00
trackb_cont_W_20260604,,,,,,73.860001,66.75,,,,,,-2.6507,pending,,2026-06-09T13:25:47+00:00
trackb_cont_W_20260605,,,,,,72.720001,66.75,,,,,,-2.6507,pending,,2026-06-09T13:25:47+00:00
trackb_cont_W_20260608,,,,,,69.849998,66.75,,,,,,-2.6507,pending,,2026-06-09T13:25:47+00:00
trackb_cont_XHR_20260603,,,,,,18.73,17.549999,,,,,,-0.7353,pending,,2026-06-09T13:25:02+00:00
trackb_cont_XHR_20260604,,,,,,18.73,17.809999,,,,,,0.7353,pending,,2026-06-09T13:25:02+00:00
trackb_cont_XHR_20260605,,,,,,18.73,18.219999,,,,,,3.0543,pending,,2026-06-09T13:25:02+00:00
trackb_cont_XHR_20260608,,,,,,18.73,18.32,,,,,,3.6199,pending,,2026-06-09T13:25:02+00:00
trackb_cont_XHR_20260609,,,,,,,,,,,,,,pending,,2026-06-09T13:25:02+00:00
trackb_cont_XIFR_20260603,,,,,,12.68,11.5,,,,,,-8.7302,pending,,2026-06-09T13:25:32+00:00
trackb_cont_XIFR_20260604,,,,,,12.26,11.5,,,,,,-8.7302,pending,,2026-06-09T13:25:32+00:00
trackb_cont_XIFR_20260605,,,,,,12.05,11.5,,,,,,-8.7302,pending,,2026-06-09T13:25:32+00:00
trackb_cont_XMAX_20260603,,,,,,8.67,8.1,,,,,,-5.5944,pending,,2026-06-09T13:25:56+00:00
trackb_cont_XMAX_20260604,,,,,,8.67,8.1,,,,,,-5.5944,pending,,2026-06-09T13:25:56+00:00
trackb_cont_XMAX_20260605,,,,,,8.67,8.1,,,,,,-5.5944,pending,,2026-06-09T13:25:56+00:00
trackb_cont_XMAX_20260608,,,,,,8.67,8.15,,,,,,-5.0117,pending,,2026-06-09T13:25:56+00:00
trackb_cont_XOS_20260603,,,,,,8.27,3.75,,,,,,-39.697,pending,,2026-06-09T13:25:49+00:00
trackb_cont_XOS_20260604,,,,,,6.2,3.75,,,,,,-39.697,pending,,2026-06-09T13:25:49+00:00
trackb_cont_XOS_20260605,,,,,,5.48,3.75,,,,,,-39.697,pending,,2026-06-09T13:25:49+00:00
trackb_cont_XOS_20260608,,,,,,5.2,3.75,,,,,,-39.697,pending,,2026-06-09T13:25:49+00:00
trackb_cont_XPO_20260603,,,,,,227.850006,210.619995,,,,,,-4.0521,pending,,2026-06-09T13:25:30+00:00
trackb_cont_XPO_20260604,,,,,,227.850006,210.619995,,,,,,-4.0521,pending,,2026-06-09T13:25:30+00:00
trackb_cont_XPO_20260605,,,,,,227.850006,216.949997,,,,,,-1.1685,pending,,2026-06-09T13:25:30+00:00
trackb_cont_XPO_20260608,,,,,,227.850006,219.100006,,,,,,-0.1891,pending,,2026-06-09T13:25:30+00:00
trackb_cont_XRN_20260603,,,,,,36.377998,34.73,,,,,,-2.4712,pending,,2026-06-09T13:26:05+00:00
trackb_cont_XRN_20260604,,,,,,36.377998,35.09,,,,,,-1.4603,pending,,2026-06-09T13:26:05+00:00
trackb_cont_XRN_20260605,,,,,,36.377998,35.450001,,,,,,-0.4493,pending,,2026-06-09T13:26:05+00:00
trackb_cont_XRN_20260608,,,,,,36.377998,35.560001,,,,,,-0.1404,pending,,2026-06-09T13:26:05+00:00
trackb_cont_YETI_20260603,,,,,,48.880001,45.049999,,,,,,-4.6763,pending,,2026-06-09T13:26:01+00:00
trackb_cont_YETI_20260604,,,,,,48.880001,46.68,,,,,,-1.2273,pending,,2026-06-09T13:26:01+00:00
trackb_cont_YETI_20260605,,,,,,48.880001,46.68,,,,,,-1.2273,pending,,2026-06-09T13:26:01+00:00
trackb_cont_YETI_20260608,,,,,,48.880001,46.68,,,,,,-1.4566,pending,,2026-06-09T13:26:01+00:00
trackb_cont_ZBRA_20260603,,,,,,252.369995,228.970001,,,,,,-7.0173,pending,,2026-06-09T13:25:40+00:00
trackb_cont_ZBRA_20260604,,,,,,252.369995,228.970001,,,,,,-7.0173,pending,,2026-06-09T13:25:40+00:00
trackb_cont_ZBRA_20260605,,,,,,243.619995,228.970001,,,,,,-7.0173,pending,,2026-06-09T13:25:40+00:00
trackb_cont_ZBRA_20260608,,,,,,236.869995,229.270004,,,,,,-6.8954,pending,,2026-06-09T13:25:40+00:00
trackb_cont_ZD_20260603,,,,,,48.509998,44.400002,,,,,,-0.6156,pending,,2026-06-09T13:25:45+00:00
trackb_cont_ZD_20260604,,,,,,48.509998,45.040001,,,,,,0.817,pending,,2026-06-09T13:25:45+00:00
trackb_cont_ZD_20260605,,,,,,48.509998,45.25,,,,,,1.2871,pending,,2026-06-09T13:25:45+00:00
trackb_cont_ZD_20260608,,,,,,46.810001,45.25,,,,,,-1.2224,pending,,2026-06-09T13:25:45+00:00
trackb_cont_ZM_20260603,,,,,,110.735001,99.57,,,,,,-6.0572,pending,,2026-06-09T13:25:23+00:00
trackb_cont_ZM_20260604,,,,,,106.830002,99.57,,,,,,-6.0572,pending,,2026-06-09T13:25:23+00:00
trackb_cont_ZM_20260605,,,,,,105.959999,99.57,,,,,,-6.0572,pending,,2026-06-09T13:25:23+00:00
trackb_cont_ZONE_20260603,,,,,,0.81,0.57,,,,,,-25.069,pending,,2026-06-09T13:26:05+00:00
trackb_cont_ZONE_20260604,,,,,,0.76,0.57,,,,,,-25.069,pending,,2026-06-09T13:26:05+00:00
trackb_cont_ZONE_20260605,,,,,,0.7,0.57,,,,,,-25.069,pending,,2026-06-09T13:26:05+00:00
trackb_cont_ZONE_20260608,,,,,,0.7,0.57,,,,,,-25.069,pending,,2026-06-09T13:26:05+00:00
trackb_rev_ABT_20260603,,,,,,92.730003,86.720001,,,,,,-0.6188,pending,,2026-06-09T13:26:22+00:00
trackb_rev_ABT_20260604,,,,,,92.730003,89.199997,,,,,,2.2232,pending,,2026-06-09T13:26:22+00:00
trackb_rev_ABT_20260605,,,,,,92.730003,90.230003,,,,,,3.4036,pending,,2026-06-09T13:26:22+00:00
trackb_rev_ABT_20260608,,,,,,91.339996,90.230003,,,,,,3.4036,pending,,2026-06-09T13:26:22+00:00
trackb_rev_AEO_20260603,,,,,,17.51,15.63,,,,,,-2.0437,pending,,2026-06-09T13:26:24+00:00
trackb_rev_AEO_20260604,,,,,,17.51,16.120001,,,,,,1.0272,pending,,2026-06-09T13:26:24+00:00
trackb_rev_AEO_20260605,,,,,,17.51,16.219999,,,,,,1.6539,pending,,2026-06-09T13:26:24+00:00
trackb_rev_AEO_20260608,,,,,,17.51,16.42,,,,,,2.9074,pending,,2026-06-09T13:26:24+00:00
trackb_rev_AIRE_20260609,,,,,,,,,,,,,,pending,,2026-06-09T13:26:53+00:00
trackb_rev_AJG_20260603,,,,,,216.729996,199.690002,,,,,,-0.8712,pending,,2026-06-09T13:26:20+00:00
trackb_rev_AJG_20260604,,,,,,216.729996,206.419998,,,,,,2.4697,pending,,2026-06-09T13:26:20+00:00
trackb_rev_AJG_20260605,,,,,,216.729996,211.5,,,,,,4.9914,pending,,2026-06-09T13:26:20+00:00
trackb_rev_ALBT_20260609,,,,,,,,,,,,,,pending,,2026-06-09T13:26:54+00:00
trackb_rev_ALGN_20260609,,,,,,,,,,,,,,pending,,2026-06-09T13:26:50+00:00
trackb_rev_AMRZ_20260609,,,,,,,,,,,,,,pending,,2026-06-09T13:25:16+00:00
trackb_rev_AMSF_20260603,,,,,,31.85,30.049999,,,,,,-1.5722,pending,,2026-06-09T13:26:24+00:00
trackb_rev_AMSF_20260604,,,,,,31.85,30.049999,,,,,,-1.5722,pending,,2026-06-09T13:26:24+00:00
trackb_rev_AMSF_20260605,,,,,,31.85,30.940001,,,,,,1.3429,pending,,2026-06-09T13:26:24+00:00
trackb_rev_ANF_20260603,,,,,,80.190002,73.919998,,,,,,-1.9108,pending,,2026-06-09T13:26:26+00:00
trackb_rev_ANF_20260604,,,,,,80.190002,74.419998,,,,,,-1.2473,pending,,2026-06-09T13:26:26+00:00
trackb_rev_ANF_20260605,,,,,,80.190002,74.419998,,,,,,-1.2473,pending,,2026-06-09T13:26:26+00:00
trackb_rev_ANF_20260608,,,,,,80.190002,75.370003,,,,,,0.0398,pending,,2026-06-09T13:26:26+00:00
trackb_rev_ANF_20260609,,,,,,,,,,,,,,pending,,2026-06-09T13:26:26+00:00
trackb_rev_ASIX_20260609,,,,,,,,,,,,,,pending,,2026-06-09T13:26:53+00:00
trackb_rev_ASO_20260608,,,,,,52.82,51.450001,,,,,,-0.5797,pending,,2026-06-09T13:26:40+00:00
trackb_rev_AVGO_20260609,,,,,,,,,,,,,,pending,,2026-06-09T13:24:59+00:00
trackb_rev_BAER_20260609,,,,,,,,,,,,,,pending,,2026-06-09T13:26:52+00:00
trackb_rev_BBWI_20260608,,,,,,18.41,17.290001,,,,,,-0.8032,pending,,2026-06-09T13:26:41+00:00
trackb_rev_BBW_20260603,,,,,,36.509998,32.619999,,,,,,-8.2935,pending,,2026-06-09T13:26:26+00:00
trackb_rev_BBW_20260604,,,,,,36.509998,32.619999,,,,,,-8.2935,pending,,2026-06-09T13:26:26+00:00
trackb_rev_BBW_20260605,,,,,,36.0,32.619999,,,,,,-8.2935,pending,,2026-06-09T13:26:26+00:00
trackb_rev_BBW_20260608,,,,,,34.209999,32.619999,,,,,,-8.2935,pending,,2026-06-09T13:26:26+00:00
trackb_rev_BFRG_20260603,,,,,,0.78,0.661,,,,,,-10.7119,pending,,2026-06-09T13:26:25+00:00
trackb_rev_BFRG_20260604,,,,,,0.78,0.661,,,,,,-10.7119,pending,,2026-06-09T13:26:25+00:00
trackb_rev_BFRG_20260605,,,,,,0.755,0.661,,,,,,-10.7119,pending,,2026-06-09T13:26:25+00:00
trackb_rev_BFRG_20260608,,,,,,0.73,0.671,,,,,,-9.3611,pending,,2026-06-09T13:26:25+00:00
trackb_rev_BKNG_20260603,,,,,,171.919998,162.199997,,,,,,-2.242,pending,,2026-06-09T13:26:28+00:00
trackb_rev_BKNG_20260604,,,,,,171.919998,162.199997,,,,,,-2.242,pending,,2026-06-09T13:26:28+00:00
trackb_rev_BKNG_20260605,,,,,,171.919998,162.199997,,,,,,-2.242,pending,,2026-06-09T13:26:28+00:00
trackb_rev_BKNG_20260608,,,,,,166.729996,162.199997,,,,,,-2.242,pending,,2026-06-09T13:26:28+00:00
trackb_rev_BLDR_20260608,,,,,,74.029999,71.5,,,,,,-2.906,pending,,2026-06-09T13:26:39+00:00
trackb_rev_BLDR_20260609,,,,,,,,,,,,,,pending,,2026-06-09T13:26:39+00:00
trackb_rev_BMI_20260603,,,,,,131.690002,124.449997,,,,,,-3.0612,pending,,2026-06-09T13:26:17+00:00
trackb_rev_BMI_20260604,,,,,,131.690002,125.599998,,,,,,-2.1654,pending,,2026-06-09T13:26:17+00:00
trackb_rev_BMI_20260605,,,,,,131.690002,125.599998,,,,,,-2.1654,pending,,2026-06-09T13:26:17+00:00
trackb_rev_BMI_20260608,,,,,,131.690002,126.0,,,,,,-0.4189,pending,,2026-06-09T13:26:17+00:00
trackb_rev_BMI_20260609,,,,,,,,,,,,,,pending,,2026-06-09T13:26:17+00:00
trackb_rev_BMY_20260603,,,,,,57.82,54.310001,,,,,,-0.8127,pending,,2026-06-09T13:26:27+00:00
trackb_rev_BMY_20260604,,,,,,57.82,55.529999,,,,,,1.4154,pending,,2026-06-09T13:26:27+00:00
trackb_rev_BMY_20260605,,,,,,57.82,55.529999,,,,,,1.4154,pending,,2026-06-09T13:26:27+00:00
trackb_rev_CACI_20260603,,,,,,544.23999,515.01001,,,,,,-3.0472,pending,,2026-06-09T13:26:17+00:00
trackb_rev_CACI_20260604,,,,,,544.23999,515.01001,,,,,,-3.0472,pending,,2026-06-09T13:26:17+00:00
trackb_rev_CACI_20260605,,,,,,544.23999,515.01001,,,,,,-3.0472,pending,,2026-06-09T13:26:17+00:00
trackb_rev_CACI_20260608,,,,,,537.799988,515.01001,,,,,,-3.0472,pending,,2026-06-09T13:26:17+00:00
trackb_rev_CAH_20260603,,,,,,207.550003,195.509995,,,,,,-0.7009,pending,,2026-06-09T13:26:16+00:00
trackb_rev_CAH_20260604,,,,,,207.550003,197.529999,,,,,,0.3251,pending,,2026-06-09T13:26:16+00:00
trackb_rev_CAH_20260605,,,,,,207.550003,201.0,,,,,,2.0875,pending,,2026-06-09T13:26:16+00:00
trackb_rev_CAH_20260608,,,,,,206.410004,201.0,,,,,,2.0875,pending,,2026-06-09T13:26:16+00:00
trackb_rev_CAR_20260603,,,,,,188.229996,169.149994,,,,,,-2.885,pending,,2026-06-09T13:26:16+00:00
trackb_rev_CAR_20260604,,,,,,188.229996,170.339996,,,,,,-2.2018,pending,,2026-06-09T13:26:16+00:00
trackb_rev_CAR_20260605,,,,,,188.229996,170.339996,,,,,,-2.2018,pending,,2026-06-09T13:26:16+00:00
trackb_rev_CAR_20260608,,,,,,188.229996,179.020004,,,,,,2.7817,pending,,2026-06-09T13:26:16+00:00
trackb_rev_CCOI_20260603,,,,,,17.950001,16.280001,,,,,,-1.2136,pending,,2026-06-09T13:26:19+00:00
trackb_rev_CCOI_20260604,,,,,,17.950001,16.299999,,,,,,-1.0922,pending,,2026-06-09T13:26:19+00:00
trackb_rev_CCOI_20260605,,,,,,17.950001,16.299999,,,,,,-1.0922,pending,,2026-06-09T13:26:19+00:00
trackb_rev_CCOI_20260608,,,,,,17.950001,16.74,,,,,,1.5777,pending,,2026-06-09T13:26:19+00:00
trackb_rev_CERT_20260609,,,,,,,,,,,,,,pending,,2026-06-09T13:26:51+00:00
trackb_rev_CHH_20260608,,,,,,108.839996,105.330002,,,,,,-4.0798,pending,,2026-06-09T13:26:37+00:00
trackb_rev_CIEN_20260609,,,,,,,,,,,,,,pending,,2026-06-09T13:24:30+00:00
trackb_rev_CLX_20260603,,,,,,96.370003,88.150002,,,,,,-0.799,pending,,2026-06-09T13:26:18+00:00
trackb_rev_CLX_20260604,,,,,,96.370003,88.589996,,,,,,-0.3039,pending,,2026-06-09T13:26:18+00:00
trackb_rev_CLX_20260605,,,,,,96.370003,90.150002,,,,,,1.4517,pending,,2026-06-09T13:26:18+00:00
trackb_rev_CLX_20260608,,,,,,96.370003,92.779999,,,,,,4.4114,pending,,2026-06-09T13:26:18+00:00
trackb_rev_COKE_20260608,,,,,,182.130005,176.389999,,,,,,-1.9565,pending,,2026-06-09T13:26:42+00:00
trackb_rev_COO_20260603,,,,,,68.18,59.59,,,,,,-0.8651,pending,,2026-06-09T13:26:27+00:00
trackb_rev_COO_20260604,,,,,,68.18,61.09,,,,,,1.6303,pending,,2026-06-09T13:26:27+00:00
trackb_rev_COO_20260605,,,,,,68.18,65.0,,,,,,8.1351,pending,,2026-06-09T13:26:27+00:00
trackb_rev_COO_20260608,,,,,,68.18,65.589996,,,,,,9.1166,pending,,2026-06-09T13:26:27+00:00
trackb_rev_COR_20260603,,,,,,277.98999,261.290009,,,,,,-0.6936,pending,,2026-06-09T13:26:29+00:00
trackb_rev_COR_20260604,,,,,,277.98999,266.720001,,,,,,1.3701,pending,,2026-06-09T13:26:29+00:00
trackb_rev_COR_20260605,,,,,,277.98999,271.170013,,,,,,3.0614,pending,,2026-06-09T13:26:29+00:00
trackb_rev_COR_20260608,,,,,,276.649994,271.170013,,,,,,-1.4071,pending,,2026-06-09T13:26:29+00:00
trackb_rev_CTSH_20260603,,,,,,55.560001,52.330002,,,,,,-1.5428,pending,,2026-06-09T13:26:16+00:00
trackb_rev_CTSH_20260604,,,,,,55.560001,52.330002,,,,,,-1.5428,pending,,2026-06-09T13:26:16+00:00
trackb_rev_CTSH_20260605,,,,,,54.610001,52.330002,,,,,,-1.5428,pending,,2026-06-09T13:26:16+00:00
trackb_rev_CTSH_20260608,,,,,,54.369999,52.900002,,,,,,-0.4704,pending,,2026-06-09T13:26:16+00:00
trackb_rev_CURI_20260609,,,,,,,,,,,,,,pending,,2026-06-09T13:24:58+00:00
trackb_rev_CWH_20260608,,,,,,6.88,6.48,,,,,,1.092,pending,,2026-06-09T13:26:38+00:00
trackb_rev_DFH_20260608,,,,,,14.81,14.215,,,,,,-2.637,pending,,2026-06-09T13:26:11+00:00
trackb_rev_DGX_20260603,,,,,,202.080002,192.380005,,,,,,-0.7419,pending,,2026-06-09T13:26:21+00:00
trackb_rev_DGX_20260604,,,,,,202.080002,194.990005,,,,,,0.6047,pending,,2026-06-09T13:26:21+00:00
trackb_rev_DGX_20260605,,,,,,202.080002,196.699997,,,,,,1.487,pending,,2026-06-09T13:26:21+00:00
trackb_rev_DGX_20260608,,,,,,202.080002,196.699997,,,,,,1.487,pending,,2026-06-09T13:26:21+00:00
trackb_rev_DHR_20260603,,,,,,188.75,173.630005,,,,,,-1.7708,pending,,2026-06-09T13:26:18+00:00
trackb_rev_DHR_20260604,,,,,,188.75,181.720001,,,,,,2.8061,pending,,2026-06-09T13:26:18+00:00
trackb_rev_DHR_20260605,,,,,,188.75,183.199997,,,,,,3.6434,pending,,2026-06-09T13:26:18+00:00
trackb_rev_DHR_20260608,,,,,,187.389999,183.199997,,,,,,3.6434,pending,,2026-06-09T13:26:18+00:00
trackb_rev_DJT_20260609,,,,,,,,,,,,,,pending,,2026-06-09T13:26:50+00:00
trackb_rev_DKS_20260609,,,,,,,,,,,,,,pending,,2026-06-09T13:26:51+00:00
trackb_rev_DRVN_20260608,,,,,,13.69,12.9,,,,,,-0.7692,pending,,2026-06-09T13:26:40+00:00
trackb_rev_EAT_20260609,,,,,,,,,,,,,,pending,,2026-06-09T13:26:51+00:00
trackb_rev_ECL_20260608,,,,,,260.540009,255.0,,,,,,-1.1513,pending,,2026-06-09T13:26:42+00:00
trackb_rev_EDHL_20260603,,,,,,7.18,2.6,,,,,,-1.1407,pending,,2026-06-09T13:26:23+00:00
trackb_rev_EDHL_20260604,,,,,,7.18,3.33,,,,,,26.616,pending,,2026-06-09T13:26:23+00:00
trackb_rev_EDHL_20260605,,,,,,4.92,3.47,,,,,,31.9392,pending,,2026-06-09T13:26:23+00:00
trackb_rev_EDHL_20260608,,,,,,4.2,3.47,,,,,,31.9392,pending,,2026-06-09T13:26:23+00:00
trackb_rev_EFX_20260609,,,,,,,,,,,,,,pending,,2026-06-09T13:25:24+00:00
trackb_rev_EPAM_20260603,,,,,,101.93,95.230003,,,,,,-2.0721,pending,,2026-06-09T13:26:20+00:00
trackb_rev_EPAM_20260604,,,,,,101.5,95.230003,,,,,,-2.0721,pending,,2026-06-09T13:26:20+00:00
trackb_rev_EPAM_20260605,,,,,,100.309998,95.230003,,,,,,-2.0721,pending,,2026-06-09T13:26:20+00:00
trackb_rev_EPAM_20260608,,,,,,99.150002,95.230003,,,,,,-2.0721,pending,,2026-06-09T13:26:20+00:00
trackb_rev_EPAM_20260609,,,,,,,,,,,,,,pending,,2026-06-09T13:26:20+00:00
trackb_rev_ETD_20260603,,,,,,21.0,20.26,,,,,,-1.0259,pending,,2026-06-09T13:26:21+00:00
trackb_rev_ETD_20260604,,,,,,21.0,20.32,,,,,,-0.7328,pending,,2026-06-09T13:26:21+00:00
trackb_rev_ETD_20260605,,,,,,20.92,20.32,,,,,,-0.7328,pending,,2026-06-09T13:26:21+00:00
trackb_rev_ETD_20260608,,,,,,20.92,20.32,,,,,,-0.7328,pending,,2026-06-09T13:26:21+00:00
trackb_rev_EVLV_20260608,,,,,,6.064,5.775,,,,,,-2.2843,pending,,2026-06-09T13:26:41+00:00
trackb_rev_EVLV_20260609,,,,,,,,,,,,,,pending,,2026-06-09T13:26:41+00:00
trackb_rev_EVTV_20260603,,,,,,2.03,1.74,,,,,,-10.7692,pending,,2026-06-09T13:26:23+00:00
trackb_rev_EVTV_20260604,,,,,,1.93,1.74,,,,,,-10.7692,pending,,2026-06-09T13:26:23+00:00
trackb_rev_EVTV_20260605,,,,,,1.88,1.74,,,,,,-10.7692,pending,,2026-06-09T13:26:23+00:00
trackb_rev_EXC_20260603,,,,,,46.130001,44.150002,,,,,,-3.7917,pending,,2026-06-09T13:26:27+00:00
trackb_rev_EXC_20260604,,,,,,46.029999,44.150002,,,,,,-3.7917,pending,,2026-06-09T13:26:27+00:00
trackb_rev_EXC_20260605,,,,,,46.029999,44.720001,,,,,,-2.5496,pending,,2026-06-09T13:26:27+00:00
trackb_rev_EXC_20260608,,,,,,45.549999,44.720001,,,,,,-2.5496,pending,,2026-06-09T13:26:27+00:00
trackb_rev_EXC_20260609,,,,,,,,,,,,,,pending,,2026-06-09T13:26:27+00:00
trackb_rev_FE_20260603,,,,,,46.75,45.09,,,,,,-2.1059,pending,,2026-06-09T13:26:23+00:00
trackb_rev_FE_20260604,,,,,,46.75,45.09,,,,,,-2.1059,pending,,2026-06-09T13:26:23+00:00
trackb_rev_FE_20260605,,,,,,46.75,45.529999,,,,,,-1.1507,pending,,2026-06-09T13:26:23+00:00
trackb_rev_FE_20260608,,,,,,46.43,45.529999,,,,,,-1.9173,pending,,2026-06-09T13:26:23+00:00
trackb_rev_FISV_20260603,,,,,,57.02,52.560001,,,,,,-0.9237,pending,,2026-06-09T13:26:28+00:00
trackb_rev_FISV_20260604,,,,,,57.02,52.560001,,,,,,-0.9237,pending,,2026-06-09T13:26:28+00:00
trackb_rev_FISV_20260605,,,,,,55.830002,52.560001,,,,,,-0.9237,pending,,2026-06-09T13:26:28+00:00
trackb_rev_FISV_20260608,,,,,,54.119999,52.560001,,,,,,-3.4356,pending,,2026-06-09T13:26:28+00:00
trackb_rev_FLUT_20260608,,,,,,106.110001,98.934998,,,,,,-1.5474,pending,,2026-06-09T13:26:41+00:00
trackb_rev_FLUT_20260609,,,,,,,,,,,,,,pending,,2026-06-09T13:26:41+00:00
trackb_rev_FRPT_20260609,,,,,,,,,,,,,,pending,,2026-06-09T13:26:55+00:00
trackb_rev_FSP_20260609,,,,,,,,,,,,,,pending,,2026-06-09T13:26:54+00:00
trackb_rev_FUBO_20260609,,,,,,,,,,,,,,pending,,2026-06-09T13:26:52+00:00
trackb_rev_FWRD_20260609,,,,,,,,,,,,,,pending,,2026-06-09T13:26:54+00:00
trackb_rev_GAP_20260608,,,,,,21.65,21.17,,,,,,-1.8089,pending,,2026-06-09T13:26:39+00:00
trackb_rev_GEHC_20260603,,,,,,65.25,60.73,,,,,,-1.3883,pending,,2026-06-09T13:26:22+00:00
trackb_rev_GEHC_20260604,,,,,,65.25,62.509998,,,,,,1.502,pending,,2026-06-09T13:26:22+00:00
trackb_rev_GEHC_20260605,,,,,,65.25,63.580002,,,,,,3.2394,pending,,2026-06-09T13:26:22+00:00
trackb_rev_GEHC_20260608,,,,,,65.25,64.279999,,,,,,4.3761,pending,,2026-06-09T13:26:22+00:00
trackb_rev_GIPR_20260603,,,,,,0.22,0.18,,,,,,-13.5862,pending,,2026-06-09T13:26:24+00:00
trackb_rev_GIPR_20260604,,,,,,0.22,0.18,,,,,,-13.5862,pending,,2026-06-09T13:26:24+00:00
trackb_rev_GIPR_20260605,,,,,,0.21,0.182,,,,,,-12.626,pending,,2026-06-09T13:26:24+00:00
trackb_rev_GIPR_20260608,,,,,,0.21,0.19,,,,,,-8.7854,pending,,2026-06-09T13:26:24+00:00
trackb_rev_GMED_20260603,,,,,,81.629997,77.410004,,,,,,-0.7946,pending,,2026-06-09T13:26:28+00:00
trackb_rev_GMED_20260604,,,,,,81.629997,78.279999,,,,,,0.3204,pending,,2026-06-09T13:26:28+00:00
trackb_rev_GMED_20260605,,,,,,81.629997,78.279999,,,,,,0.3204,pending,,2026-06-09T13:26:28+00:00
trackb_rev_GMED_20260608,,,,,,79.949997,78.279999,,,,,,0.3204,pending,,2026-06-09T13:26:28+00:00
trackb_rev_GOLF_20260609,,,,,,,,,,,,,,pending,,2026-06-09T13:26:53+00:00
trackb_rev_GT_20260609,,,,,,,,,,,,,,pending,,2026-06-09T13:26:55+00:00
trackb_rev_GWRS_20260603,,,,,,7.42,7.02,,,,,,-0.7072,pending,,2026-06-09T13:26:23+00:00
trackb_rev_GWRS_20260604,,,,,,7.42,7.02,,,,,,-0.7072,pending,,2026-06-09T13:26:23+00:00
trackb_rev_GWRS_20260605,,,,,,7.42,7.02,,,,,,-0.7072,pending,,2026-06-09T13:26:23+00:00
trackb_rev_GWRS_20260608,,,,,,7.27,7.02,,,,,,-0.7072,pending,,2026-06-09T13:26:23+00:00
trackb_rev_GWRS_20260609,,,,,,,,,,,,,,pending,,2026-06-09T13:26:23+00:00
trackb_rev_HFFG_20260603,,,,,,1.94,1.815,,,,,,-1.8919,pending,,2026-06-09T13:26:25+00:00
trackb_rev_HFFG_20260604,,,,,,1.94,1.82,,,,,,-1.6216,pending,,2026-06-09T13:26:25+00:00
trackb_rev_HFFG_20260605,,,,,,1.94,1.82,,,,,,-1.6216,pending,,2026-06-09T13:26:25+00:00
trackb_rev_HFFG_20260608,,,,,,1.94,1.86,,,,,,0.5405,pending,,2026-06-09T13:26:25+00:00
trackb_rev_HON_20260609,,,,,,,,,,,,,,pending,,2026-06-09T13:25:22+00:00
trackb_rev_HOV_20260609,,,,,,,,,,,,,,pending,,2026-06-09T13:25:08+00:00
trackb_rev_HROW_20260608,,,,,,33.799999,32.779999,,,,,,-1.2353,pending,,2026-06-09T13:26:42+00:00
trackb_rev_HROW_20260609,,,,,,,,,,,,,,pending,,2026-06-09T13:26:42+00:00
trackb_rev_HTFL_20260608,,,,,,29.280001,28.309999,,,,,,0.7473,pending,,2026-06-09T13:26:41+00:00
trackb_rev_HTFL_20260609,,,,,,,,,,,,,,pending,,2026-06-09T13:26:41+00:00
trackb_rev_IDXX_20260603,,,,,,577.48999,547.570007,,,,,,-2.0246,pending,,2026-06-09T13:26:28+00:00
trackb_rev_IDXX_20260604,,,,,,577.48999,555.0,,,,,,-0.6951,pending,,2026-06-09T13:26:28+00:00
trackb_rev_IDXX_20260605,,,,,,569.059998,555.0,,,,,,-0.6951,pending,,2026-06-09T13:26:28+00:00
trackb_rev_IMKTA_20260603,,,,,,93.029999,85.690002,,,,,,-4.4278,pending,,2026-06-09T13:26:26+00:00
trackb_rev_IMKTA_20260604,,,,,,93.029999,85.690002,,,,,,-4.4278,pending,,2026-06-09T13:26:26+00:00
trackb_rev_IMKTA_20260605,,,,,,93.029999,87.5,,,,,,-2.4091,pending,,2026-06-09T13:26:26+00:00
trackb_rev_IMKTA_20260608,,,,,,93.029999,90.739998,,,,,,1.2045,pending,,2026-06-09T13:26:26+00:00
trackb_rev_IPAR_20260603,,,,,,92.900002,87.709999,,,,,,-2.685,pending,,2026-06-09T13:26:27+00:00
trackb_rev_IPAR_20260604,,,,,,92.900002,87.879997,,,,,,-2.4964,pending,,2026-06-09T13:26:27+00:00
trackb_rev_IPAR_20260605,,,,,,92.900002,88.669998,,,,,,-1.6199,pending,,2026-06-09T13:26:27+00:00
trackb_rev_IPAR_20260608,,,,,,92.900002,91.269997,,,,,,-0.0,pending,,2026-06-09T13:26:27+00:00
trackb_rev_IPAR_20260609,,,,,,,,,,,,,,pending,,2026-06-09T13:26:27+00:00
trackb_rev_IVDA_20260609,,,,,,,,,,,,,,pending,,2026-06-09T13:26:54+00:00
trackb_rev_JBLU_20260609,,,,,,,,,,,,,,pending,,2026-06-09T13:26:51+00:00
trackb_rev_JFB_20260608,,,,,,5.71,5.309,,,,,,-4.6858,pending,,2026-06-09T13:26:39+00:00
trackb_rev_JNJ_20260603,,,,,,235.220001,222.0,,,,,,-1.1268,pending,,2026-06-09T13:26:22+00:00
trackb_rev_JNJ_20260604,,,,,,235.220001,225.899994,,,,,,0.6102,pending,,2026-06-09T13:26:22+00:00
trackb_rev_JNJ_20260605,,,,,,235.220001,229.0,,,,,,1.9908,pending,,2026-06-09T13:26:22+00:00
trackb_rev_J_20260609,,,,,,,,,,,,,,pending,,2026-06-09T13:26:51+00:00
trackb_rev_KTB_20260608,,,,,,73.660004,71.620003,,,,,,2.2121,pending,,2026-06-09T13:26:38+00:00
trackb_rev_KTB_20260609,,,,,,,,,,,,,,pending,,2026-06-09T13:26:38+00:00
trackb_rev_KTOS_20260603,,,,,,63.59,57.369999,,,,,,-2.7545,pending,,2026-06-09T13:26:20+00:00
trackb_rev_KTOS_20260604,,,,,,63.59,57.369999,,,,,,-2.7545,pending,,2026-06-09T13:26:20+00:00
trackb_rev_KTOS_20260605,,,,,,62.099998,57.369999,,,,,,-2.7545,pending,,2026-06-09T13:26:20+00:00
trackb_rev_KTOS_20260608,,,,,,59.75,57.369999,,,,,,-2.7545,pending,,2026-06-09T13:26:20+00:00
trackb_rev_LEG_20260608,,,,,,10.12,9.84,,,,,,-1.6983,pending,,2026-06-09T13:26:39+00:00
trackb_rev_LE_20260609,,,,,,,,,,,,,,pending,,2026-06-09T13:26:52+00:00
trackb_rev_LHX_20260603,,,,,,311.459991,299.390015,,,,,,-2.7418,pending,,2026-06-09T13:26:21+00:00
trackb_rev_LHX_20260604,,,,,,311.459991,299.390015,,,,,,-2.7418,pending,,2026-06-09T13:26:21+00:00
trackb_rev_LHX_20260605,,,,,,311.459991,299.390015,,,,,,-2.7418,pending,,2026-06-09T13:26:21+00:00
trackb_rev_LHX_20260608,,,,,,308.709991,299.390015,,,,,,-2.7418,pending,,2026-06-09T13:26:21+00:00
trackb_rev_LILAK_20260603,,,,,,8.05,7.47,,,,,,-3.4884,pending,,2026-06-09T13:26:25+00:00
trackb_rev_LILAK_20260604,,,,,,8.05,7.47,,,,,,-3.4884,pending,,2026-06-09T13:26:25+00:00
trackb_rev_LILAK_20260605,,,,,,7.855,7.47,,,,,,-3.4884,pending,,2026-06-09T13:26:25+00:00
trackb_rev_LILAK_20260608,,,,,,7.855,7.58,,,,,,-2.0672,pending,,2026-06-09T13:26:25+00:00
trackb_rev_LMND_20260603,,,,,,56.869999,50.25,,,,,,-4.3404,pending,,2026-06-09T13:26:19+00:00
trackb_rev_LMND_20260604,,,,,,53.689999,50.25,,,,,,-4.3404,pending,,2026-06-09T13:26:19+00:00
trackb_rev_LMND_20260605,,,,,,53.330002,50.25,,,,,,-4.3404,pending,,2026-06-09T13:26:19+00:00
trackb_rev_LMND_20260608,,,,,,53.330002,50.25,,,,,,-2.3513,pending,,2026-06-09T13:26:19+00:00
trackb_rev_LMT_20260603,,,,,,528.01001,510.540009,,,,,,-2.5036,pending,,2026-06-09T13:26:17+00:00
trackb_rev_LMT_20260604,,,,,,528.01001,514.140015,,,,,,-1.8161,pending,,2026-06-09T13:26:17+00:00
trackb_rev_LMT_20260605,,,,,,528.01001,516.849976,,,,,,-1.2986,pending,,2026-06-09T13:26:17+00:00
trackb_rev_LMT_20260608,,,,,,527.109985,516.849976,,,,,,-1.2986,pending,,2026-06-09T13:26:17+00:00
trackb_rev_LOCL_20260603,,,,,,1.65,1.35,,,,,,-14.5516,pending,,2026-06-09T13:26:24+00:00
trackb_rev_LOCL_20260604,,,,,,1.58,1.35,,,,,,-14.5516,pending,,2026-06-09T13:26:24+00:00
trackb_rev_LOCL_20260605,,,,,,1.53,1.35,,,,,,-14.5516,pending,,2026-06-09T13:26:24+00:00
trackb_rev_LOCL_20260608,,,,,,1.505,1.35,,,,,,-14.5516,pending,,2026-06-09T13:26:24+00:00
trackb_rev_LZ_20260608,,,,,,5.749,5.58,,,,,,-2.7875,pending,,2026-06-09T13:26:40+00:00
trackb_rev_MBC_20260608,,,,,,8.855,8.4,,,,,,-0.7092,pending,,2026-06-09T13:26:38+00:00
trackb_rev_MEDP_20260603,,,,,,466.220001,434.380005,,,,,,-1.0794,pending,,2026-06-09T13:26:16+00:00
trackb_rev_MEDP_20260604,,,,,,466.220001,442.950012,,,,,,0.8722,pending,,2026-06-09T13:26:16+00:00
trackb_rev_MEDP_20260605,,,,,,462.089996,442.950012,,,,,,0.8722,pending,,2026-06-09T13:26:16+00:00
trackb_rev_MH_20260603,,,,,,12.37,11.36,,,,,,-1.5171,pending,,2026-06-09T13:26:21+00:00
trackb_rev_MH_20260604,,,,,,12.37,11.64,,,,,,0.9103,pending,,2026-06-09T13:26:21+00:00
trackb_rev_MH_20260605,,,,,,12.37,11.805,,,,,,2.3407,pending,,2026-06-09T13:26:21+00:00
trackb_rev_MH_20260608,,,,,,12.37,11.805,,,,,,2.3407,pending,,2026-06-09T13:26:21+00:00
trackb_rev_MH_20260609,,,,,,,,,,,,,,pending,,2026-06-09T13:26:21+00:00
trackb_rev_MIRA_20260609,,,,,,,,,,,,,,pending,,2026-06-09T13:26:53+00:00
trackb_rev_MLKN_20260608,,,,,,15.11,14.42,,,,,,-2.4357,pending,,2026-06-09T13:26:39+00:00
trackb_rev_MLKN_20260609,,,,,,,,,,,,,,pending,,2026-06-09T13:26:39+00:00
trackb_rev_MMSI_20260603,,,,,,66.43,60.02,,,,,,-1.0061,pending,,2026-06-09T13:26:21+00:00
trackb_rev_MMSI_20260604,,,,,,66.43,61.880001,,,,,,2.0617,pending,,2026-06-09T13:26:21+00:00
trackb_rev_MMSI_20260605,,,,,,66.43,63.169998,,,,,,4.1893,pending,,2026-06-09T13:26:21+00:00
trackb_rev_MMSI_20260608,,,,,,66.43,64.040001,,,,,,5.6243,pending,,2026-06-09T13:26:21+00:00
trackb_rev_MOS_20260603,,,,,,23.969999,21.35,,,,,,-9.9156,pending,,2026-06-09T13:26:26+00:00
trackb_rev_MOS_20260604,,,,,,23.1,21.35,,,,,,-9.9156,pending,,2026-06-09T13:26:26+00:00
trackb_rev_MOS_20260605,,,,,,22.85,21.35,,,,,,-9.9156,pending,,2026-06-09T13:26:26+00:00
trackb_rev_MOS_20260608,,,,,,22.23,21.35,,,,,,-4.0018,pending,,2026-06-09T13:26:26+00:00
trackb_rev_MRK_20260603,,,,,,123.459999,114.699997,,,,,,-1.1292,pending,,2026-06-09T13:26:17+00:00
trackb_rev_MRK_20260604,,,,,,123.459999,117.089996,,,,,,0.931,pending,,2026-06-09T13:26:17+00:00
trackb_rev_MRK_20260605,,,,,,123.459999,118.690002,,,,,,2.3101,pending,,2026-06-09T13:26:17+00:00
trackb_rev_MRK_20260608,,,,,,122.599998,118.690002,,,,,,2.3101,pending,,2026-06-09T13:26:17+00:00
trackb_rev_MTD_20260609,,,,,,,,,,,,,,pending,,2026-06-09T13:26:51+00:00
trackb_rev_NB_20260609,,,,,,,,,,,,,,pending,,2026-06-09T13:25:12+00:00
trackb_rev_NCLH_20260603,,,,,,19.559999,18.030001,,,,,,-1.6635,pending,,2026-06-09T13:26:23+00:00
trackb_rev_NCLH_20260604,,,,,,19.559999,18.25,,,,,,-0.4636,pending,,2026-06-09T13:26:23+00:00
trackb_rev_NCLH_20260605,,,,,,19.559999,18.25,,,,,,-0.4636,pending,,2026-06-09T13:26:23+00:00
trackb_rev_NKE_20260603,,,,,,44.700001,42.650002,,,,,,-1.7718,pending,,2026-06-09T13:26:19+00:00
trackb_rev_NKE_20260604,,,,,,44.700001,42.650002,,,,,,-1.7718,pending,,2026-06-09T13:26:19+00:00
trackb_rev_NKE_20260605,,,,,,43.860001,42.650002,,,,,,-1.7718,pending,,2026-06-09T13:26:19+00:00
trackb_rev_NKE_20260608,,,,,,43.860001,42.650002,,,,,,-0.7678,pending,,2026-06-09T13:26:19+00:00
trackb_rev_NLOP_20260609,,,,,,,,,,,,,,pending,,2026-06-09T13:26:54+00:00
trackb_rev_OLLI_20260603,,,,,,82.167999,73.610001,,,,,,-7.8377,pending,,2026-06-09T13:26:24+00:00
trackb_rev_OLLI_20260604,,,,,,79.989998,73.610001,,,,,,-7.8377,pending,,2026-06-09T13:26:24+00:00
trackb_rev_OLLI_20260605,,,,,,79.989998,74.989998,,,,,,-6.1099,pending,,2026-06-09T13:26:24+00:00
trackb_rev_OLLI_20260608,,,,,,79.989998,76.699997,,,,,,-3.969,pending,,2026-06-09T13:26:24+00:00
trackb_rev_OPCH_20260603,,,,,,21.049999,19.870001,,,,,,-1.9975,pending,,2026-06-09T13:26:21+00:00
trackb_rev_OPCH_20260604,,,,,,21.049999,19.870001,,,,,,-1.9975,pending,,2026-06-09T13:26:21+00:00
trackb_rev_OPCH_20260605,,,,,,20.83,19.870001,,,,,,-1.9975,pending,,2026-06-09T13:26:21+00:00
trackb_rev_OPCH_20260608,,,,,,20.27,19.870001,,,,,,-1.9975,pending,,2026-06-09T13:26:21+00:00
trackb_rev_OPCH_20260609,,,,,,,,,,,,,,pending,,2026-06-09T13:26:21+00:00
trackb_rev_OPEN_20260609,,,,,,,,,,,,,,pending,,2026-06-09T13:25:27+00:00
trackb_rev_ORBS_20260603,,,,,,1.03,0.84,,,,,,-11.3924,pending,,2026-06-09T13:26:25+00:00
trackb_rev_ORBS_20260604,,,,,,1.03,0.84,,,,,,-11.3924,pending,,2026-06-09T13:26:25+00:00
trackb_rev_ORBS_20260605,,,,,,0.954,0.84,,,,,,-11.3924,pending,,2026-06-09T13:26:25+00:00
trackb_rev_ORBS_20260608,,,,,,0.92,0.864,,,,,,-8.8608,pending,,2026-06-09T13:26:25+00:00
trackb_rev_ORGN_20260603,,,,,,1.44,1.28,,,,,,-3.7594,pending,,2026-06-09T13:26:24+00:00
trackb_rev_ORGN_20260604,,,,,,1.44,1.28,,,,,,-3.7594,pending,,2026-06-09T13:26:24+00:00
trackb_rev_ORGN_20260605,,,,,,1.37,1.28,,,,,,-3.7594,pending,,2026-06-09T13:26:24+00:00
trackb_rev_ORGN_20260608,,,,,,1.33,1.28,,,,,,-2.2901,pending,,2026-06-09T13:26:24+00:00
trackb_rev_ORGN_20260609,,,,,,,,,,,,,,pending,,2026-06-09T13:26:24+00:00
trackb_rev_PHM_20260608,,,,,,119.010002,117.010002,,,,,,-1.174,pending,,2026-06-09T13:26:38+00:00
trackb_rev_PLNT_20260608,,,,,,52.305,49.59,,,,,,-2.1507,pending,,2026-06-09T13:26:40+00:00
trackb_rev_PLTR_20260609,,,,,,,,,,,,,,pending,,2026-06-09T13:26:50+00:00
trackb_rev_PL_20260609,,,,,,,,,,,,,,pending,,2026-06-09T13:25:51+00:00
trackb_rev_PRIM_20260608,,,,,,125.959999,118.699997,,,,,,-2.5772,pending,,2026-06-09T13:26:37+00:00
trackb_rev_PRIM_20260609,,,,,,,,,,,,,,pending,,2026-06-09T13:26:37+00:00
trackb_rev_PVH_20260608,,,,,,77.940002,75.370003,,,,,,-3.1234,pending,,2026-06-09T13:24:43+00:00
trackb_rev_PVH_20260609,,,,,,,,,,,,,,pending,,2026-06-09T13:24:43+00:00
trackb_rev_QNST_20260609,,,,,,,,,,,,,,pending,,2026-06-09T13:26:54+00:00
trackb_rev_RBLX_20260603,,,,,,45.049999,40.950001,,,,,,-5.0215,pending,,2026-06-09T13:26:18+00:00
trackb_rev_RBLX_20260604,,,,,,45.049999,40.950001,,,,,,-5.0215,pending,,2026-06-09T13:26:18+00:00
trackb_rev_RBLX_20260605,,,,,,43.84,40.950001,,,,,,-5.0215,pending,,2026-06-09T13:26:18+00:00
trackb_rev_RBLX_20260608,,,,,,42.880001,40.950001,,,,,,-5.0215,pending,,2026-06-09T13:26:18+00:00
trackb_rev_RIME_20260603,,,,,,0.77,0.67,,,,,,-6.7112,pending,,2026-06-09T13:26:25+00:00
trackb_rev_RIME_20260604,,,,,,0.77,0.67,,,,,,-6.7112,pending,,2026-06-09T13:26:25+00:00
trackb_rev_RIME_20260605,,,,,,0.77,0.67,,,,,,-6.7112,pending,,2026-06-09T13:26:25+00:00
trackb_rev_RIME_20260608,,,,,,0.69,0.67,,,,,,0.0,pending,,2026-06-09T13:26:25+00:00
trackb_rev_RLI_20260603,,,,,,52.669998,49.919998,,,,,,-1.5967,pending,,2026-06-09T13:26:18+00:00
trackb_rev_RLI_20260604,,,,,,52.669998,50.25,,,,,,-0.9462,pending,,2026-06-09T13:26:18+00:00
trackb_rev_RLI_20260605,,,,,,52.669998,50.830002,,,,,,0.1971,pending,,2026-06-09T13:26:18+00:00
trackb_rev_RLI_20260608,,,,,,52.66,51.560001,,,,,,1.6361,pending,,2026-06-09T13:26:18+00:00
trackb_rev_RUN_20260609,,,,,,,,,,,,,,pending,,2026-06-09T13:26:50+00:00
trackb_rev_RVLV_20260608,,,,,,19.620001,18.795,,,,,,-0.4502,pending,,2026-06-09T13:26:40+00:00
trackb_rev_RVLV_20260609,,,,,,,,,,,,,,pending,,2026-06-09T13:26:40+00:00
trackb_rev_RYAN_20260603,,,,,,32.990002,30.67,,,,,,-2.5421,pending,,2026-06-09T13:26:19+00:00
trackb_rev_RYAN_20260604,,,,,,32.990002,31.17,,,,,,-0.9533,pending,,2026-06-09T13:26:19+00:00
trackb_rev_RYAN_20260605,,,,,,32.810001,31.17,,,,,,-0.9533,pending,,2026-06-09T13:26:19+00:00
trackb_rev_SAFX_20260609,,,,,,,,,,,,,,pending,,2026-06-09T13:26:53+00:00
trackb_rev_SCVL_20260608,,,,,,16.9,16.200001,,,,,,-0.7961,pending,,2026-06-09T13:26:38+00:00
trackb_rev_SCVL_20260609,,,,,,,,,,,,,,pending,,2026-06-09T13:26:38+00:00
trackb_rev_SDOT_20260609,,,,,,,,,,,,,,pending,,2026-06-09T13:26:52+00:00
trackb_rev_SFD_20260603,,,,,,27.094999,25.540001,,,,,,-2.5563,pending,,2026-06-09T13:26:23+00:00
trackb_rev_SFD_20260604,,,,,,27.094999,25.879999,,,,,,-1.2591,pending,,2026-06-09T13:26:23+00:00
trackb_rev_SFD_20260605,,,,,,27.094999,26.235001,,,,,,0.0954,pending,,2026-06-09T13:26:23+00:00
trackb_rev_SFD_20260608,,,,,,26.754999,26.235001,,,,,,0.0954,pending,,2026-06-09T13:26:23+00:00
trackb_rev_SFIX_20260609,,,,,,,,,,,,,,pending,,2026-06-09T13:26:52+00:00
trackb_rev_SFM_20260603,,,,,,88.419998,76.879997,,,,,,-1.4612,pending,,2026-06-09T13:26:20+00:00
trackb_rev_SFM_20260604,,,,,,88.419998,79.610001,,,,,,2.0379,pending,,2026-06-09T13:26:20+00:00
trackb_rev_SFM_20260605,,,,,,88.419998,80.620003,,,,,,3.3325,pending,,2026-06-09T13:26:20+00:00
trackb_rev_SFM_20260608,,,,,,88.419998,82.410004,,,,,,5.6268,pending,,2026-06-09T13:26:20+00:00
trackb_rev_SGI_20260608,,,,,,68.989998,66.779999,,,,,,-1.8086,pending,,2026-06-09T13:26:38+00:00
trackb_rev_SKIN_20260608,,,,,,0.659,0.598,,,,,,-1.6447,pending,,2026-06-09T13:26:40+00:00
trackb_rev_SLDP_20260609,,,,,,,,,,,,,,pending,,2026-06-09T13:24:49+00:00
trackb_rev_SMR_20260609,,,,,,,,,,,,,,pending,,2026-06-09T13:24:54+00:00
trackb_rev_SYK_20260603,,,,,,311.0,291.73999,,,,,,-0.4861,pending,,2026-06-09T13:26:16+00:00
trackb_rev_SYK_20260604,,,,,,311.0,298.019989,,,,,,1.6561,pending,,2026-06-09T13:26:16+00:00
trackb_rev_SYK_20260605,,,,,,311.0,301.450012,,,,,,2.8261,pending,,2026-06-09T13:26:16+00:00
trackb_rev_SYK_20260608,,,,,,304.980011,301.450012,,,,,,2.8261,pending,,2026-06-09T13:26:16+00:00
trackb_rev_SYY_20260603,,,,,,76.860001,73.650002,,,,,,-1.9438,pending,,2026-06-09T13:26:19+00:00
trackb_rev_SYY_20260604,,,,,,76.860001,74.239998,,,,,,-1.1583,pending,,2026-06-09T13:26:19+00:00
trackb_rev_SYY_20260605,,,,,,76.860001,74.5,,,,,,-0.8121,pending,,2026-06-09T13:26:19+00:00
trackb_rev_SYY_20260608,,,,,,76.860001,76.0,,,,,,1.1849,pending,,2026-06-09T13:26:19+00:00
trackb_rev_TECH_20260603,,,,,,53.549999,49.040001,,,,,,-1.7923,pending,,2026-06-09T13:26:28+00:00
trackb_rev_TECH_20260604,,,,,,53.549999,51.27,,,,,,2.6735,pending,,2026-06-09T13:26:28+00:00
trackb_rev_TECH_20260605,,,,,,53.549999,51.27,,,,,,2.6735,pending,,2026-06-09T13:26:28+00:00
trackb_rev_TECH_20260608,,,,,,53.549999,51.93,,,,,,3.9952,pending,,2026-06-09T13:26:28+00:00
trackb_rev_TECH_20260609,,,,,,,,,,,,,,pending,,2026-06-09T13:26:28+00:00
trackb_rev_TGT_20260603,,,,,,126.830002,120.769997,,,,,,-3.3763,pending,,2026-06-09T13:26:27+00:00
trackb_rev_TGT_20260604,,,,,,126.830002,120.769997,,,,,,-3.3763,pending,,2026-06-09T13:26:27+00:00
trackb_rev_TGT_20260605,,,,,,124.150002,120.769997,,,,,,-3.3763,pending,,2026-06-09T13:26:27+00:00
trackb_rev_TGT_20260609,,,,,,,,,,,,,,pending,,2026-06-09T13:26:27+00:00
trackb_rev_THO_20260603,,,,,,80.410004,69.709999,,,,,,-9.9063,pending,,2026-06-09T13:26:25+00:00
trackb_rev_THO_20260604,,,,,,79.080002,74.260002,,,,,,-4.0258,pending,,2026-06-09T13:26:25+00:00
trackb_rev_THO_20260605,,,,,,78.25,74.260002,,,,,,-4.0258,pending,,2026-06-09T13:26:25+00:00
trackb_rev_THO_20260608,,,,,,78.25,75.269997,,,,,,-2.7205,pending,,2026-06-09T13:26:25+00:00
trackb_rev_TJX_20260603,,,,,,162.190002,153.0,,,,,,-2.5788,pending,,2026-06-09T13:26:18+00:00
trackb_rev_TJX_20260604,,,,,,162.190002,157.929993,,,,,,0.5603,pending,,2026-06-09T13:26:19+00:00
trackb_rev_TJX_20260605,,,,,,162.190002,158.649994,,,,,,1.0188,pending,,2026-06-09T13:26:19+00:00
trackb_rev_TJX_20260608,,,,,,162.190002,159.119995,,,,,,1.318,pending,,2026-06-09T13:26:19+00:00
trackb_rev_TMDX_20260609,,,,,,,,,,,,,,pending,,2026-06-09T13:26:51+00:00
trackb_rev_TMO_20260609,,,,,,,,,,,,,,pending,,2026-06-09T13:26:07+00:00
trackb_rev_UAA_20260609,,,,,,,,,,,,,,pending,,2026-06-09T13:26:53+00:00
trackb_rev_UGI_20260603,,,,,,35.18,34.02,,,,,,-2.7166,pending,,2026-06-09T13:26:20+00:00
trackb_rev_UGI_20260604,,,,,,35.18,34.02,,,,,,-2.7166,pending,,2026-06-09T13:26:20+00:00
trackb_rev_UGI_20260605,,,,,,35.18,34.380001,,,,,,-1.6872,pending,,2026-06-09T13:26:20+00:00
trackb_rev_UGI_20260608,,,,,,35.09,34.540001,,,,,,-1.2296,pending,,2026-06-09T13:26:20+00:00
trackb_rev_UPWK_20260609,,,,,,,,,,,,,,pending,,2026-06-09T13:26:55+00:00
trackb_rev_VG_20260603,,,,,,13.29,12.46,,,,,,-3.4483,pending,,2026-06-09T13:26:23+00:00
trackb_rev_VG_20260604,,,,,,13.29,12.73,,,,,,-1.3561,pending,,2026-06-09T13:26:23+00:00
trackb_rev_VG_20260605,,,,,,13.26,12.78,,,,,,-0.9686,pending,,2026-06-09T13:26:23+00:00
trackb_rev_VITL_20260603,,,,,,10.27,9.61,,,,,,-1.5369,pending,,2026-06-09T13:26:28+00:00
trackb_rev_VITL_20260604,,,,,,10.27,9.61,,,,,,-1.5369,pending,,2026-06-09T13:26:28+00:00
trackb_rev_VITL_20260605,,,,,,10.27,9.69,,,,,,-0.7172,pending,,2026-06-09T13:26:28+00:00
trackb_rev_VITL_20260608,,,,,,10.27,9.85,,,,,,-1.8924,pending,,2026-06-09T13:26:28+00:00
trackb_rev_VMC_20260609,,,,,,,,,,,,,,pending,,2026-06-09T13:26:55+00:00
trackb_rev_WAY_20260608,,,,,,20.120001,18.85,,,,,,-5.75,pending,,2026-06-09T13:26:41+00:00
trackb_rev_WGS_20260603,,,,,,57.150002,51.0,,,,,,-2.5416,pending,,2026-06-09T13:26:16+00:00
trackb_rev_WGS_20260604,,,,,,57.150002,51.509998,,,,,,-1.567,pending,,2026-06-09T13:26:16+00:00
trackb_rev_WGS_20260605,,,,,,56.290001,51.509998,,,,,,-1.567,pending,,2026-06-09T13:26:16+00:00
trackb_rev_WGS_20260609,,,,,,,,,,,,,,pending,,2026-06-09T13:26:16+00:00
trackb_rev_WING_20260603,,,,,,149.979996,135.770004,,,,,,-5.1952,pending,,2026-06-09T13:26:15+00:00
trackb_rev_WING_20260604,,,,,,149.979996,138.0,,,,,,-3.638,pending,,2026-06-09T13:26:15+00:00
trackb_rev_WING_20260605,,,,,,149.979996,138.0,,,,,,-3.638,pending,,2026-06-09T13:26:15+00:00
trackb_rev_WING_20260608,,,,,,146.684998,138.0,,,,,,-2.9741,pending,,2026-06-09T13:26:15+00:00
trackb_rev_WNC_20260603,,,,,,8.13,7.21,,,,,,-7.5048,pending,,2026-06-09T13:26:22+00:00
trackb_rev_WNC_20260604,,,,,,8.13,7.21,,,,,,-7.5048,pending,,2026-06-09T13:26:22+00:00
trackb_rev_WNC_20260605,,,,,,8.02,7.21,,,,,,-7.5048,pending,,2026-06-09T13:26:22+00:00
trackb_rev_WNC_20260608,,,,,,7.92,7.45,,,,,,1.4986,pending,,2026-06-09T13:26:22+00:00
trackb_rev_W_20260609,,,,,,,,,,,,,,pending,,2026-06-09T13:25:47+00:00
