signal_id,spot_at_5d,spot_at_10d,spot_at_20d,spot_at_40d,spot_at_primary_date,max_high_to_primary,max_low_to_primary,hit_primary,hit_range_low,hit_range_high,direction_correct,days_to_primary_hit,max_drawdown_pct,final_status,resolved_date,last_updated
trackb_cont_AAON_20260603,,,,,,150.460007,138.199997,,,,,,-5.98,pending,,2026-06-05T13:07:57+00:00
trackb_cont_AAON_20260604,,,,,,145.770004,138.199997,,,,,,-5.98,pending,,2026-06-05T13:07:57+00:00
trackb_cont_AAON_20260605,,,,,,,,,,,,,,pending,,2026-06-05T13:07:57+00:00
trackb_cont_AAPL_20260603,,,,,,316.940002,308.850006,,,,,,-0.8507,pending,,2026-06-05T13:07:13+00:00
trackb_cont_AAPL_20260604,,,,,,313.540009,309.649994,,,,,,-0.5939,pending,,2026-06-05T13:07:13+00:00
trackb_cont_AAPL_20260605,,,,,,,,,,,,,,pending,,2026-06-05T13:07:13+00:00
trackb_cont_AAT_20260603,,,,,,23.969999,23.190001,,,,,,-0.3438,pending,,2026-06-05T13:08:00+00:00
trackb_cont_AAT_20260604,,,,,,23.969999,23.32,,,,,,0.2149,pending,,2026-06-05T13:08:00+00:00
trackb_cont_AAT_20260605,,,,,,,,,,,,,,pending,,2026-06-05T13:08:00+00:00
trackb_cont_ABAT_20260603,,,,,,3.85,3.52,,,,,,-4.6096,pending,,2026-06-05T13:07:32+00:00
trackb_cont_ABAT_20260604,,,,,,3.79,3.52,,,,,,-4.6096,pending,,2026-06-05T13:07:32+00:00
trackb_cont_ABAT_20260605,,,,,,,,,,,,,,pending,,2026-06-05T13:07:32+00:00
trackb_cont_ABBV_20260603,,,,,,224.979996,213.729996,,,,,,-2.2457,pending,,2026-06-05T13:08:57+00:00
trackb_cont_ABBV_20260604,,,,,,224.979996,219.839996,,,,,,0.5488,pending,,2026-06-05T13:08:57+00:00
trackb_cont_ABBV_20260605,,,,,,,,,,,,,,pending,,2026-06-05T13:08:57+00:00
trackb_cont_ACMR_20260603,,,,,,93.5,83.599998,,,,,,-6.2412,pending,,2026-06-05T13:07:38+00:00
trackb_cont_ACMR_20260604,,,,,,91.559998,83.599998,,,,,,-6.2412,pending,,2026-06-05T13:07:38+00:00
trackb_cont_ACMR_20260605,,,,,,,,,,,,,,pending,,2026-06-05T13:07:38+00:00
trackb_cont_ACVA_20260603,,,,,,6.2,5.715,,,,,,-3.7068,pending,,2026-06-05T13:09:12+00:00
trackb_cont_ACVA_20260604,,,,,,6.06,5.77,,,,,,-2.7801,pending,,2026-06-05T13:09:12+00:00
trackb_cont_ACVA_20260605,,,,,,,,,,,,,,pending,,2026-06-05T13:09:12+00:00
trackb_cont_ADI_20260603,,,,,,439.700012,418.220001,,,,,,-3.0147,pending,,2026-06-05T13:08:49+00:00
trackb_cont_ADI_20260604,,,,,,432.269989,420.589996,,,,,,-2.4651,pending,,2026-06-05T13:08:49+00:00
trackb_cont_ADI_20260605,,,,,,,,,,,,,,pending,,2026-06-05T13:08:49+00:00
trackb_cont_ADM_20260603,,,,,,85.370003,82.43,,,,,,-2.8349,pending,,2026-06-05T13:08:17+00:00
trackb_cont_ADM_20260604,,,,,,84.739998,82.559998,,,,,,-2.6817,pending,,2026-06-05T13:08:17+00:00
trackb_cont_ADM_20260605,,,,,,,,,,,,,,pending,,2026-06-05T13:08:17+00:00
trackb_cont_ADP_20260603,,,,,,237.110001,225.0,,,,,,-0.3234,pending,,2026-06-05T13:08:08+00:00
trackb_cont_ADP_20260604,,,,,,237.110001,230.070007,,,,,,1.9227,pending,,2026-06-05T13:08:08+00:00
trackb_cont_ADP_20260605,,,,,,,,,,,,,,pending,,2026-06-05T13:08:08+00:00
trackb_cont_ADTN_20260603,,,,,,18.299999,16.1,,,,,,-6.9902,pending,,2026-06-05T13:09:20+00:00
trackb_cont_ADTN_20260604,,,,,,17.32,16.1,,,,,,-6.9902,pending,,2026-06-05T13:09:20+00:00
trackb_cont_ADTN_20260605,,,,,,,,,,,,,,pending,,2026-06-05T13:09:20+00:00
trackb_cont_AEHR_20260603,,,,,,121.800003,103.18,,,,,,-10.2236,pending,,2026-06-05T13:07:21+00:00
trackb_cont_AEHR_20260604,,,,,,119.470001,103.18,,,,,,-10.2236,pending,,2026-06-05T13:07:21+00:00
trackb_cont_AEHR_20260605,,,,,,,,,,,,,,pending,,2026-06-05T13:07:21+00:00
trackb_cont_AFRM_20260603,,,,,,70.650002,64.900002,,,,,,-1.1349,pending,,2026-06-05T13:09:15+00:00
trackb_cont_AFRM_20260604,,,,,,69.144997,65.879997,,,,,,0.358,pending,,2026-06-05T13:09:15+00:00
trackb_cont_AFRM_20260605,,,,,,,,,,,,,,pending,,2026-06-05T13:09:15+00:00
trackb_cont_AGL_20260603,,,,,,98.529999,80.0,,,,,,-5.482,pending,,2026-06-05T13:08:06+00:00
trackb_cont_AGL_20260604,,,,,,98.529999,83.345001,,,,,,-1.53,pending,,2026-06-05T13:08:06+00:00
trackb_cont_AGL_20260605,,,,,,,,,,,,,,pending,,2026-06-05T13:08:06+00:00
trackb_cont_AHRT_20260603,,,,,,6.83,6.59,,,,,,-0.153,pending,,2026-06-05T13:08:51+00:00
trackb_cont_AHRT_20260604,,,,,,6.83,6.725,,,,,,1.8924,pending,,2026-06-05T13:08:51+00:00
trackb_cont_AHRT_20260605,,,,,,,,,,,,,,pending,,2026-06-05T13:08:51+00:00
trackb_cont_AIV_20260603,,,,,,4.3,2.98,,,,,,-30.2924,pending,,2026-06-05T13:08:54+00:00
trackb_cont_AIV_20260604,,,,,,3.07,2.98,,,,,,-30.2924,pending,,2026-06-05T13:08:54+00:00
trackb_cont_AIV_20260605,,,,,,,,,,,,,,pending,,2026-06-05T13:08:54+00:00
trackb_cont_AKAM_20260603,,,,,,164.800003,154.699997,,,,,,-4.6474,pending,,2026-06-05T13:07:56+00:00
trackb_cont_AKAM_20260604,,,,,,160.880005,154.699997,,,,,,-4.6474,pending,,2026-06-05T13:07:56+00:00
trackb_cont_AKAM_20260605,,,,,,,,,,,,,,pending,,2026-06-05T13:07:56+00:00
trackb_cont_ALAB_20260603,,,,,,372.369995,337.0,,,,,,-5.0035,pending,,2026-06-05T13:07:13+00:00
trackb_cont_ALAB_20260604,,,,,,365.230011,338.019989,,,,,,-4.716,pending,,2026-06-05T13:07:13+00:00
trackb_cont_ALAB_20260605,,,,,,,,,,,,,,pending,,2026-06-05T13:07:13+00:00
trackb_cont_ALGT_20260603,,,,,,86.239998,82.620003,,,,,,-2.5248,pending,,2026-06-05T13:09:05+00:00
trackb_cont_ALGT_20260604,,,,,,86.099998,83.790001,,,,,,-1.1444,pending,,2026-06-05T13:09:05+00:00
trackb_cont_ALGT_20260605,,,,,,,,,,,,,,pending,,2026-06-05T13:09:05+00:00
trackb_cont_ALM_20260603,,,,,,21.24,19.384001,,,,,,-5.4208,pending,,2026-06-05T13:09:14+00:00
trackb_cont_ALM_20260604,,,,,,21.24,19.384001,,,,,,-5.4208,pending,,2026-06-05T13:09:14+00:00
trackb_cont_ALM_20260605,,,,,,,,,,,,,,pending,,2026-06-05T13:09:14+00:00
trackb_cont_ALNT_20260603,,,,,,91.110001,82.989998,,,,,,-2.7879,pending,,2026-06-05T13:07:36+00:00
trackb_cont_ALNT_20260604,,,,,,91.110001,82.989998,,,,,,-2.7879,pending,,2026-06-05T13:07:36+00:00
trackb_cont_ALNT_20260605,,,,,,,,,,,,,,pending,,2026-06-05T13:07:36+00:00
trackb_cont_ALOY_20260603,,,,,,14.12,10.38,,,,,,-0.6898,pending,,2026-06-05T13:08:17+00:00
trackb_cont_ALOY_20260604,,,,,,14.12,12.81,,,,,,22.5591,pending,,2026-06-05T13:08:17+00:00
trackb_cont_ALOY_20260605,,,,,,,,,,,,,,pending,,2026-06-05T13:08:17+00:00
trackb_cont_AMAT_20260603,,,,,,510.75,480.109985,,,,,,-3.5924,pending,,2026-06-05T13:07:13+00:00
trackb_cont_AMAT_20260604,,,,,,510.75,480.109985,,,,,,-3.5924,pending,,2026-06-05T13:07:13+00:00
trackb_cont_AMAT_20260605,,,,,,,,,,,,,,pending,,2026-06-05T13:07:13+00:00
trackb_cont_AMC_20260603,,,,,,2.02,1.81,,,,,,-3.4667,pending,,2026-06-05T13:08:24+00:00
trackb_cont_AMC_20260604,,,,,,2.02,1.82,,,,,,-2.9333,pending,,2026-06-05T13:08:24+00:00
trackb_cont_AMC_20260605,,,,,,,,,,,,,,pending,,2026-06-05T13:08:24+00:00
trackb_cont_AMD_20260603,,,,,,546.440002,499.869995,,,,,,-5.9334,pending,,2026-06-05T13:07:22+00:00
trackb_cont_AMD_20260604,,,,,,532.190002,499.869995,,,,,,-5.9334,pending,,2026-06-05T13:07:22+00:00
trackb_cont_AMD_20260605,,,,,,,,,,,,,,pending,,2026-06-05T13:07:22+00:00
trackb_cont_AMKR_20260603,,,,,,79.5,69.699997,,,,,,-8.3739,pending,,2026-06-05T13:09:09+00:00
trackb_cont_AMKR_20260604,,,,,,75.760002,69.699997,,,,,,-8.3739,pending,,2026-06-05T13:09:09+00:00
trackb_cont_AMKR_20260605,,,,,,,,,,,,,,pending,,2026-06-05T13:09:09+00:00
trackb_cont_AMN_20260603,,,,,,31.75,28.93,,,,,,-1.9322,pending,,2026-06-05T13:08:11+00:00
trackb_cont_AMN_20260604,,,,,,31.75,30.129999,,,,,,2.1356,pending,,2026-06-05T13:08:11+00:00
trackb_cont_AMN_20260605,,,,,,,,,,,,,,pending,,2026-06-05T13:08:11+00:00
trackb_cont_AMPX_20260603,,,,,,23.4,20.799999,,,,,,-6.8935,pending,,2026-06-05T13:08:16+00:00
trackb_cont_AMPX_20260604,,,,,,22.939899,20.799999,,,,,,-6.8935,pending,,2026-06-05T13:08:16+00:00
trackb_cont_AMPX_20260605,,,,,,,,,,,,,,pending,,2026-06-05T13:08:16+00:00
trackb_cont_AMRZ_20260603,,,,,,54.599998,53.299999,,,,,,-1.3967,pending,,2026-06-05T13:08:13+00:00
trackb_cont_AMRZ_20260604,,,,,,54.599998,53.759998,,,,,,-0.5457,pending,,2026-06-05T13:08:13+00:00
trackb_cont_AMRZ_20260605,,,,,,,,,,,,,,pending,,2026-06-05T13:08:13+00:00
trackb_cont_AMR_20260603,,,,,,220.580002,207.639999,,,,,,-3.4367,pending,,2026-06-05T13:07:50+00:00
trackb_cont_AMR_20260604,,,,,,220.580002,209.925003,,,,,,-2.3741,pending,,2026-06-05T13:07:50+00:00
trackb_cont_AMR_20260605,,,,,,,,,,,,,,pending,,2026-06-05T13:07:50+00:00
trackb_cont_AMT_20260603,,,,,,194.970001,181.470001,,,,,,-2.6083,pending,,2026-06-05T13:08:20+00:00
trackb_cont_AMT_20260604,,,,,,194.970001,185.050003,,,,,,-0.687,pending,,2026-06-05T13:08:20+00:00
trackb_cont_AMT_20260605,,,,,,,,,,,,,,pending,,2026-06-05T13:08:20+00:00
trackb_cont_ANET_20260603,,,,,,177.479996,157.429993,,,,,,-10.0092,pending,,2026-06-05T13:07:33+00:00
trackb_cont_ANET_20260604,,,,,,167.789993,157.429993,,,,,,-10.0092,pending,,2026-06-05T13:07:33+00:00
trackb_cont_ANET_20260605,,,,,,,,,,,,,,pending,,2026-06-05T13:07:33+00:00
trackb_cont_APH_20260603,,,,,,151.919998,141.820007,,,,,,-5.1244,pending,,2026-06-05T13:07:59+00:00
trackb_cont_APH_20260604,,,,,,147.839996,141.820007,,,,,,-5.1244,pending,,2026-06-05T13:07:59+00:00
trackb_cont_APH_20260605,,,,,,,,,,,,,,pending,,2026-06-05T13:07:59+00:00
trackb_cont_APLD_20260603,,,,,,48.66,41.860001,,,,,,-9.2171,pending,,2026-06-05T13:08:40+00:00
trackb_cont_APLD_20260604,,,,,,44.799999,41.860001,,,,,,-9.2171,pending,,2026-06-05T13:08:40+00:00
trackb_cont_APLD_20260605,,,,,,,,,,,,,,pending,,2026-06-05T13:08:40+00:00
trackb_cont_APLE_20260603,,,,,,15.725,14.825,,,,,,-1.9186,pending,,2026-06-05T13:07:46+00:00
trackb_cont_APLE_20260604,,,,,,15.725,15.26,,,,,,0.9593,pending,,2026-06-05T13:07:46+00:00
trackb_cont_APLE_20260605,,,,,,,,,,,,,,pending,,2026-06-05T13:07:46+00:00
trackb_cont_APP_20260603,,,,,,599.642029,554.22998,,,,,,-3.3036,pending,,2026-06-05T13:07:57+00:00
trackb_cont_APP_20260604,,,,,,587.0,554.22998,,,,,,-3.3036,pending,,2026-06-05T13:07:57+00:00
trackb_cont_APP_20260605,,,,,,,,,,,,,,pending,,2026-06-05T13:07:57+00:00
trackb_cont_AP_20260603,,,,,,11.79,10.99,,,,,,-5.5842,pending,,2026-06-05T13:08:31+00:00
trackb_cont_AP_20260604,,,,,,11.71,10.99,,,,,,-5.5842,pending,,2026-06-05T13:08:31+00:00
trackb_cont_AP_20260605,,,,,,,,,,,,,,pending,,2026-06-05T13:08:31+00:00
trackb_cont_ARCB_20260603,,,,,,146.309998,138.990005,,,,,,-1.2575,pending,,2026-06-05T13:07:20+00:00
trackb_cont_ARCB_20260604,,,,,,146.309998,141.970001,,,,,,0.8596,pending,,2026-06-05T13:07:20+00:00
trackb_cont_ARCB_20260605,,,,,,,,,,,,,,pending,,2026-06-05T13:07:20+00:00
trackb_cont_AREC_20260603,,,,,,2.75,2.3401,,,,,,-8.411,pending,,2026-06-05T13:07:56+00:00
trackb_cont_AREC_20260604,,,,,,2.51,2.3401,,,,,,-8.411,pending,,2026-06-05T13:07:56+00:00
trackb_cont_AREC_20260605,,,,,,,,,,,,,,pending,,2026-06-05T13:07:56+00:00
trackb_cont_ARES_20260603,,,,,,131.300003,120.0,,,,,,-1.5587,pending,,2026-06-05T13:09:11+00:00
trackb_cont_ARES_20260604,,,,,,131.300003,124.452003,,,,,,2.0935,pending,,2026-06-05T13:09:11+00:00
trackb_cont_ARES_20260605,,,,,,,,,,,,,,pending,,2026-06-05T13:09:11+00:00
trackb_cont_ARE_20260603,,,,,,53.290001,51.25,,,,,,-1.9889,pending,,2026-06-05T13:07:36+00:00
trackb_cont_ARE_20260604,,,,,,53.290001,51.849998,,,,,,-0.8415,pending,,2026-06-05T13:07:36+00:00
trackb_cont_ARE_20260605,,,,,,,,,,,,,,pending,,2026-06-05T13:07:36+00:00
trackb_cont_ARI_20260603,,,,,,10.99,10.87,,,,,,-0.5489,pending,,2026-06-05T13:09:13+00:00
trackb_cont_ARI_20260604,,,,,,10.99,10.89,,,,,,-0.366,pending,,2026-06-05T13:09:13+00:00
trackb_cont_ARI_20260605,,,,,,,,,,,,,,pending,,2026-06-05T13:09:13+00:00
trackb_cont_ARMK_20260603,,,,,,54.09,52.849998,,,,,,-1.3993,pending,,2026-06-05T13:07:26+00:00
trackb_cont_ARMK_20260604,,,,,,53.955002,52.849998,,,,,,-1.3993,pending,,2026-06-05T13:07:26+00:00
trackb_cont_ARMK_20260605,,,,,,,,,,,,,,pending,,2026-06-05T13:07:26+00:00
trackb_cont_ARQ_20260603,,,,,,2.73,2.56,,,,,,-3.5782,pending,,2026-06-05T13:08:48+00:00
trackb_cont_ARQ_20260604,,,,,,2.71,2.56,,,,,,-3.5782,pending,,2026-06-05T13:08:48+00:00
trackb_cont_ARQ_20260605,,,,,,,,,,,,,,pending,,2026-06-05T13:08:48+00:00
trackb_cont_ARRY_20260603,,,,,,9.545,8.43,,,,,,-5.121,pending,,2026-06-05T13:08:26+00:00
trackb_cont_ARRY_20260604,,,,,,9.545,8.43,,,,,,-5.121,pending,,2026-06-05T13:08:26+00:00
trackb_cont_ARRY_20260605,,,,,,,,,,,,,,pending,,2026-06-05T13:08:26+00:00
trackb_cont_ARR_20260603,,,,,,17.290001,17.01,,,,,,-0.4098,pending,,2026-06-05T13:08:35+00:00
trackb_cont_ARR_20260604,,,,,,17.290001,17.16,,,,,,0.4684,pending,,2026-06-05T13:08:35+00:00
trackb_cont_ARR_20260605,,,,,,,,,,,,,,pending,,2026-06-05T13:08:35+00:00
trackb_cont_ARW_20260603,,,,,,233.300003,219.009995,,,,,,-5.1083,pending,,2026-06-05T13:07:43+00:00
trackb_cont_ARW_20260604,,,,,,230.929993,219.009995,,,,,,-5.1083,pending,,2026-06-05T13:07:43+00:00
trackb_cont_ARW_20260605,,,,,,,,,,,,,,pending,,2026-06-05T13:07:43+00:00
trackb_cont_ASH_20260603,,,,,,58.18,56.299999,,,,,,-1.5476,pending,,2026-06-05T13:08:21+00:00
trackb_cont_ASH_20260604,,,,,,58.18,56.400002,,,,,,-1.3727,pending,,2026-06-05T13:08:21+00:00
trackb_cont_ASH_20260605,,,,,,,,,,,,,,pending,,2026-06-05T13:08:21+00:00
trackb_cont_ASPI_20260603,,,,,,8.18,7.25,,,,,,-6.3211,pending,,2026-06-05T13:07:39+00:00
trackb_cont_ASPI_20260604,,,,,,8.13,7.25,,,,,,-6.3211,pending,,2026-06-05T13:07:39+00:00
trackb_cont_ASPI_20260605,,,,,,,,,,,,,,pending,,2026-06-05T13:07:39+00:00
trackb_cont_ASPN_20260603,,,,,,6.29,5.71,,,,,,-2.8085,pending,,2026-06-05T13:08:31+00:00
trackb_cont_ASPN_20260604,,,,,,6.24,5.71,,,,,,-2.8085,pending,,2026-06-05T13:08:31+00:00
trackb_cont_ASPN_20260605,,,,,,,,,,,,,,pending,,2026-06-05T13:08:31+00:00
trackb_cont_ASTI_20260603,,,,,,9.4,6.6,,,,,,-16.4557,pending,,2026-06-05T13:08:27+00:00
trackb_cont_ASTI_20260604,,,,,,8.65,6.6,,,,,,-16.4557,pending,,2026-06-05T13:08:27+00:00
trackb_cont_ASTI_20260605,,,,,,,,,,,,,,pending,,2026-06-05T13:08:27+00:00
trackb_cont_ASTS_20260603,,,,,,114.339996,101.099998,,,,,,-7.2051,pending,,2026-06-05T13:08:54+00:00
trackb_cont_ASTS_20260604,,,,,,111.57,101.099998,,,,,,-7.2051,pending,,2026-06-05T13:08:54+00:00
trackb_cont_ASTS_20260605,,,,,,,,,,,,,,pending,,2026-06-05T13:08:54+00:00
trackb_cont_ATEX_20260603,,,,,,68.309998,63.029999,,,,,,-3.8077,pending,,2026-06-05T13:07:19+00:00
trackb_cont_ATEX_20260604,,,,,,68.0,63.029999,,,,,,-3.8077,pending,,2026-06-05T13:07:19+00:00
trackb_cont_ATEX_20260605,,,,,,,,,,,,,,pending,,2026-06-05T13:07:19+00:00
trackb_cont_ATI_20260603,,,,,,182.339996,174.949997,,,,,,-2.1396,pending,,2026-06-05T13:08:15+00:00
trackb_cont_ATI_20260604,,,,,,182.339996,176.470001,,,,,,-1.2893,pending,,2026-06-05T13:08:15+00:00
trackb_cont_ATI_20260605,,,,,,,,,,,,,,pending,,2026-06-05T13:08:15+00:00
trackb_cont_AVAV_20260603,,,,,,205.550003,189.119995,,,,,,-1.6127,pending,,2026-06-05T13:08:53+00:00
trackb_cont_AVAV_20260604,,,,,,205.550003,189.119995,,,,,,-1.6127,pending,,2026-06-05T13:08:53+00:00
trackb_cont_AVAV_20260605,,,,,,,,,,,,,,pending,,2026-06-05T13:08:53+00:00
trackb_cont_AVGO_20260603,,,,,,495.0,403.01001,,,,,,-16.936,pending,,2026-06-05T13:07:55+00:00
trackb_cont_AVGO_20260604,,,,,,426.480011,403.01001,,,,,,-16.936,pending,,2026-06-05T13:07:55+00:00
trackb_cont_AVGO_20260605,,,,,,,,,,,,,,pending,,2026-06-05T13:07:55+00:00
trackb_cont_AVTR_20260603,,,,,,9.62,8.825,,,,,,-0.5073,pending,,2026-06-05T13:08:45+00:00
trackb_cont_AVTR_20260604,,,,,,9.62,9.11,,,,,,2.7057,pending,,2026-06-05T13:08:45+00:00
trackb_cont_AVTR_20260605,,,,,,,,,,,,,,pending,,2026-06-05T13:08:45+00:00
trackb_cont_AVT_20260603,,,,,,94.099998,88.059998,,,,,,-5.5758,pending,,2026-06-05T13:08:25+00:00
trackb_cont_AVT_20260604,,,,,,91.959999,88.059998,,,,,,-5.5758,pending,,2026-06-05T13:08:25+00:00
trackb_cont_AVT_20260605,,,,,,,,,,,,,,pending,,2026-06-05T13:08:25+00:00
trackb_cont_AWR_20260603,,,,,,77.639999,76.220001,,,,,,-1.2822,pending,,2026-06-05T13:08:43+00:00
trackb_cont_AWR_20260604,,,,,,77.57,76.5,,,,,,-0.9196,pending,,2026-06-05T13:08:43+00:00
trackb_cont_AWR_20260605,,,,,,,,,,,,,,pending,,2026-06-05T13:08:43+00:00
trackb_cont_AXON_20260603,,,,,,515.799988,465.26001,,,,,,-2.8827,pending,,2026-06-05T13:07:21+00:00
trackb_cont_AXON_20260604,,,,,,515.799988,477.25,,,,,,-0.3799,pending,,2026-06-05T13:07:21+00:00
trackb_cont_AXON_20260605,,,,,,,,,,,,,,pending,,2026-06-05T13:07:21+00:00
trackb_cont_AXTA_20260603,,,,,,32.650002,30.57,,,,,,-2.2073,pending,,2026-06-05T13:09:07+00:00
trackb_cont_AXTA_20260604,,,,,,32.650002,31.615,,,,,,1.1356,pending,,2026-06-05T13:09:07+00:00
trackb_cont_AXTA_20260605,,,,,,,,,,,,,,pending,,2026-06-05T13:09:07+00:00
trackb_cont_AYI_20260603,,,,,,313.769989,305.690002,,,,,,-1.6695,pending,,2026-06-05T13:07:42+00:00
trackb_cont_AYI_20260604,,,,,,312.25,307.640015,,,,,,-1.0422,pending,,2026-06-05T13:07:42+00:00
trackb_cont_AYI_20260605,,,,,,,,,,,,,,pending,,2026-06-05T13:07:42+00:00
trackb_cont_AZTA_20260603,,,,,,24.360001,22.799999,,,,,,-4.7818,pending,,2026-06-05T13:08:47+00:00
trackb_cont_AZTA_20260604,,,,,,24.209999,22.799999,,,,,,-4.7818,pending,,2026-06-05T13:08:47+00:00
trackb_cont_AZTA_20260605,,,,,,,,,,,,,,pending,,2026-06-05T13:08:47+00:00
trackb_cont_A_20260603,,,,,,141.089996,133.649994,,,,,,-3.6375,pending,,2026-06-05T13:08:18+00:00
trackb_cont_A_20260604,,,,,,141.089996,137.570007,,,,,,-0.8111,pending,,2026-06-05T13:08:18+00:00
trackb_cont_A_20260605,,,,,,,,,,,,,,pending,,2026-06-05T13:08:18+00:00
trackb_cont_BAH_20260603,,,,,,81.940002,77.709999,,,,,,-0.7028,pending,,2026-06-05T13:09:11+00:00
trackb_cont_BAH_20260604,,,,,,81.940002,79.440002,,,,,,1.5078,pending,,2026-06-05T13:09:11+00:00
trackb_cont_BAH_20260605,,,,,,,,,,,,,,pending,,2026-06-05T13:09:11+00:00
trackb_cont_BBAI_20260603,,,,,,5.0,4.69,,,,,,-1.9382,pending,,2026-06-05T13:08:48+00:00
trackb_cont_BBAI_20260604,,,,,,4.98,4.72,,,,,,-1.311,pending,,2026-06-05T13:08:48+00:00
trackb_cont_BBAI_20260605,,,,,,,,,,,,,,pending,,2026-06-05T13:08:48+00:00
trackb_cont_BBBY_20260603,,,,,,6.47,6.01,,,,,,-0.249,pending,,2026-06-05T13:08:05+00:00
trackb_cont_BBBY_20260604,,,,,,6.47,6.23,,,,,,3.4025,pending,,2026-06-05T13:08:05+00:00
trackb_cont_BBBY_20260605,,,,,,,,,,,,,,pending,,2026-06-05T13:08:05+00:00
trackb_cont_BBGI_20260603,,,,,,21.77,18.26,,,,,,-4.1973,pending,,2026-06-05T13:08:37+00:00
trackb_cont_BBGI_20260604,,,,,,21.77,18.790001,,,,,,-1.4166,pending,,2026-06-05T13:08:37+00:00
trackb_cont_BBGI_20260605,,,,,,,,,,,,,,pending,,2026-06-05T13:08:37+00:00
trackb_cont_BBSI_20260603,,,,,,35.130001,32.02,,,,,,-1.0965,pending,,2026-06-05T13:08:11+00:00
trackb_cont_BBSI_20260604,,,,,,35.130001,32.330002,,,,,,-0.139,pending,,2026-06-05T13:08:11+00:00
trackb_cont_BBSI_20260605,,,,,,,,,,,,,,pending,,2026-06-05T13:08:11+00:00
trackb_cont_BBY_20260603,,,,,,72.910004,70.559998,,,,,,-0.9267,pending,,2026-06-05T13:08:58+00:00
trackb_cont_BBY_20260604,,,,,,72.910004,70.559998,,,,,,-0.9267,pending,,2026-06-05T13:08:58+00:00
trackb_cont_BBY_20260605,,,,,,,,,,,,,,pending,,2026-06-05T13:08:58+00:00
trackb_cont_BCAR_20260603,,,,,,11.17,10.85,,,,,,-1.3188,pending,,2026-06-05T13:08:12+00:00
trackb_cont_BCAR_20260604,,,,,,11.07,10.85,,,,,,-1.3188,pending,,2026-06-05T13:08:12+00:00
trackb_cont_BCAR_20260605,,,,,,,,,,,,,,pending,,2026-06-05T13:08:12+00:00
trackb_cont_BCHT_20260603,,,,,,2.28,1.9,,,,,,-6.5053,pending,,2026-06-05T13:09:13+00:00
trackb_cont_BCHT_20260604,,,,,,2.2,1.92,,,,,,-5.5211,pending,,2026-06-05T13:09:13+00:00
trackb_cont_BCHT_20260605,,,,,,,,,,,,,,pending,,2026-06-05T13:09:13+00:00
trackb_cont_BDN_20260603,,,,,,3.17,3.05,,,,,,-0.1637,pending,,2026-06-05T13:08:22+00:00
trackb_cont_BDN_20260604,,,,,,3.17,3.05,,,,,,-0.1637,pending,,2026-06-05T13:08:22+00:00
trackb_cont_BDN_20260605,,,,,,,,,,,,,,pending,,2026-06-05T13:08:22+00:00
trackb_cont_BEPC_20260603,,,,,,40.540001,37.931301,,,,,,-5.9241,pending,,2026-06-05T13:08:33+00:00
trackb_cont_BEPC_20260604,,,,,,39.52,37.931301,,,,,,-5.9241,pending,,2026-06-05T13:08:33+00:00
trackb_cont_BEPC_20260605,,,,,,,,,,,,,,pending,,2026-06-05T13:08:33+00:00
trackb_cont_BE_20260603,,,,,,298.5,272.109985,,,,,,-6.0702,pending,,2026-06-05T13:09:02+00:00
trackb_cont_BE_20260604,,,,,,295.690002,272.109985,,,,,,-6.0702,pending,,2026-06-05T13:09:02+00:00
trackb_cont_BE_20260605,,,,,,,,,,,,,,pending,,2026-06-05T13:09:02+00:00
trackb_cont_BFH_20260603,,,,,,91.660004,87.449997,,,,,,-1.9729,pending,,2026-06-05T13:08:14+00:00
trackb_cont_BFH_20260604,,,,,,91.660004,88.790001,,,,,,-0.4708,pending,,2026-06-05T13:08:14+00:00
trackb_cont_BFH_20260605,,,,,,,,,,,,,,pending,,2026-06-05T13:08:14+00:00
trackb_cont_BG_20260603,,,,,,134.869995,129.029999,,,,,,-3.6946,pending,,2026-06-05T13:09:10+00:00
trackb_cont_BG_20260604,,,,,,132.910004,129.029999,,,,,,-3.6946,pending,,2026-06-05T13:09:10+00:00
trackb_cont_BG_20260605,,,,,,,,,,,,,,pending,,2026-06-05T13:09:10+00:00
trackb_cont_BHE_20260603,,,,,,89.279999,84.699997,,,,,,-4.1096,pending,,2026-06-05T13:08:12+00:00
trackb_cont_BHE_20260604,,,,,,89.0,84.699997,,,,,,-4.1096,pending,,2026-06-05T13:08:12+00:00
trackb_cont_BHE_20260605,,,,,,,,,,,,,,pending,,2026-06-05T13:08:12+00:00
trackb_cont_BIO_20260603,,,,,,312.269989,297.890015,,,,,,-1.9098,pending,,2026-06-05T13:08:30+00:00
trackb_cont_BIO_20260604,,,,,,312.269989,305.529999,,,,,,0.6059,pending,,2026-06-05T13:08:30+00:00
trackb_cont_BIO_20260605,,,,,,,,,,,,,,pending,,2026-06-05T13:08:30+00:00
trackb_cont_BIPC_20260603,,,,,,41.77,40.59,,,,,,-0.9517,pending,,2026-06-05T13:08:40+00:00
trackb_cont_BIPC_20260604,,,,,,41.77,40.59,,,,,,-0.9517,pending,,2026-06-05T13:08:40+00:00
trackb_cont_BIPC_20260605,,,,,,,,,,,,,,pending,,2026-06-05T13:08:40+00:00
trackb_cont_BNY_20260603,,,,,,144.979996,138.559998,,,,,,-0.9649,pending,,2026-06-05T13:08:42+00:00
trackb_cont_BNY_20260604,,,,,,144.979996,140.309998,,,,,,0.2859,pending,,2026-06-05T13:08:42+00:00
trackb_cont_BNY_20260605,,,,,,,,,,,,,,pending,,2026-06-05T13:08:42+00:00
trackb_cont_BOC_20260603,,,,,,13.695,13.06,,,,,,-1.5825,pending,,2026-06-05T13:07:32+00:00
trackb_cont_BOC_20260604,,,,,,13.695,13.344,,,,,,0.5576,pending,,2026-06-05T13:07:32+00:00
trackb_cont_BOC_20260605,,,,,,,,,,,,,,pending,,2026-06-05T13:07:32+00:00
trackb_cont_BOOT_20260603,,,,,,174.660004,166.455002,,,,,,-1.5962,pending,,2026-06-05T13:08:00+00:00
trackb_cont_BOOT_20260604,,,,,,174.660004,166.455002,,,,,,-1.5962,pending,,2026-06-05T13:08:00+00:00
trackb_cont_BOOT_20260605,,,,,,,,,,,,,,pending,,2026-06-05T13:08:00+00:00
trackb_cont_BRC_20260603,,,,,,89.68,86.949997,,,,,,-0.759,pending,,2026-06-05T13:08:11+00:00
trackb_cont_BRC_20260604,,,,,,89.68,88.099998,,,,,,0.5536,pending,,2026-06-05T13:08:11+00:00
trackb_cont_BRC_20260605,,,,,,,,,,,,,,pending,,2026-06-05T13:08:11+00:00
trackb_cont_BRKR_20260603,,,,,,64.540001,56.560001,,,,,,-3.1175,pending,,2026-06-05T13:07:47+00:00
trackb_cont_BRKR_20260604,,,,,,64.540001,59.220001,,,,,,1.4389,pending,,2026-06-05T13:07:47+00:00
trackb_cont_BRKR_20260605,,,,,,,,,,,,,,pending,,2026-06-05T13:07:47+00:00
trackb_cont_BROS_20260603,,,,,,58.5,54.959999,,,,,,-1.1422,pending,,2026-06-05T13:08:29+00:00
trackb_cont_BROS_20260604,,,,,,58.5,55.150002,,,,,,-0.8004,pending,,2026-06-05T13:08:29+00:00
trackb_cont_BROS_20260605,,,,,,,,,,,,,,pending,,2026-06-05T13:08:29+00:00
trackb_cont_BTOC_20260603,,,,,,0.35,0.3176,,,,,,-7.3782,pending,,2026-06-05T13:09:08+00:00
trackb_cont_BTOC_20260604,,,,,,0.35,0.3176,,,,,,-7.3782,pending,,2026-06-05T13:09:08+00:00
trackb_cont_BTOC_20260605,,,,,,,,,,,,,,pending,,2026-06-05T13:09:08+00:00
trackb_cont_BTSG_20260603,,,,,,61.02,56.9142,,,,,,-5.9269,pending,,2026-06-05T13:09:05+00:00
trackb_cont_BTSG_20260604,,,,,,59.505001,56.9142,,,,,,-5.9269,pending,,2026-06-05T13:09:05+00:00
trackb_cont_BTSG_20260605,,,,,,,,,,,,,,pending,,2026-06-05T13:09:05+00:00
trackb_cont_BURL_20260603,,,,,,332.799988,317.940002,,,,,,-3.347,pending,,2026-06-05T13:09:06+00:00
trackb_cont_BURL_20260604,,,,,,332.799988,319.192505,,,,,,-2.9663,pending,,2026-06-05T13:09:06+00:00
trackb_cont_BURL_20260605,,,,,,,,,,,,,,pending,,2026-06-05T13:09:06+00:00
trackb_cont_BWA_20260603,,,,,,78.82,74.540001,,,,,,-3.9619,pending,,2026-06-05T13:07:54+00:00
trackb_cont_BWA_20260604,,,,,,77.07,74.800003,,,,,,-3.6269,pending,,2026-06-05T13:07:54+00:00
trackb_cont_BWA_20260605,,,,,,,,,,,,,,pending,,2026-06-05T13:07:54+00:00
trackb_cont_BXP_20260603,,,,,,62.400002,60.310001,,,,,,-0.0994,pending,,2026-06-05T13:07:29+00:00
trackb_cont_BXP_20260604,,,,,,62.400002,61.200001,,,,,,1.3749,pending,,2026-06-05T13:07:29+00:00
trackb_cont_BXP_20260605,,,,,,,,,,,,,,pending,,2026-06-05T13:07:29+00:00
trackb_cont_BYD_20260603,,,,,,88.459999,84.449997,,,,,,-1.4701,pending,,2026-06-05T13:09:11+00:00
trackb_cont_BYD_20260604,,,,,,88.459999,87.339996,,,,,,1.9018,pending,,2026-06-05T13:09:11+00:00
trackb_cont_BYD_20260605,,,,,,,,,,,,,,pending,,2026-06-05T13:09:11+00:00
trackb_cont_BZH_20260603,,,,,,26.52,25.67,,,,,,-0.446,pending,,2026-06-05T13:07:24+00:00
trackb_cont_BZH_20260604,,,,,,26.52,25.870001,,,,,,0.3297,pending,,2026-06-05T13:07:24+00:00
trackb_cont_BZH_20260605,,,,,,,,,,,,,,pending,,2026-06-05T13:07:24+00:00
trackb_cont_CAKE_20260603,,,,,,65.699997,63.080002,,,,,,-3.2367,pending,,2026-06-05T13:08:58+00:00
trackb_cont_CAKE_20260604,,,,,,65.589996,63.080002,,,,,,-3.2367,pending,,2026-06-05T13:08:58+00:00
trackb_cont_CAKE_20260605,,,,,,,,,,,,,,pending,,2026-06-05T13:08:58+00:00
trackb_cont_CAL_20260603,,,,,,15.04,13.14,,,,,,-6.9405,pending,,2026-06-05T13:08:20+00:00
trackb_cont_CAL_20260604,,,,,,15.04,13.14,,,,,,-6.9405,pending,,2026-06-05T13:08:20+00:00
trackb_cont_CAL_20260605,,,,,,,,,,,,,,pending,,2026-06-05T13:08:20+00:00
trackb_cont_CAT_20260603,,,,,,946.830017,903.0,,,,,,-2.9763,pending,,2026-06-05T13:09:06+00:00
trackb_cont_CAT_20260604,,,,,,946.830017,903.0,,,,,,-2.9763,pending,,2026-06-05T13:09:06+00:00
trackb_cont_CAT_20260605,,,,,,,,,,,,,,pending,,2026-06-05T13:09:06+00:00
trackb_cont_CBRL_20260603,,,,,,33.98,32.43,,,,,,-2.6711,pending,,2026-06-05T13:09:11+00:00
trackb_cont_CBRL_20260604,,,,,,33.810001,32.43,,,,,,-2.6711,pending,,2026-06-05T13:09:11+00:00
trackb_cont_CBRL_20260605,,,,,,,,,,,,,,pending,,2026-06-05T13:09:11+00:00
trackb_cont_CBZ_20260603,,,,,,34.25,31.59,,,,,,-0.4098,pending,,2026-06-05T13:08:32+00:00
trackb_cont_CBZ_20260604,,,,,,34.25,32.93,,,,,,3.8146,pending,,2026-06-05T13:08:32+00:00
trackb_cont_CBZ_20260605,,,,,,,,,,,,,,pending,,2026-06-05T13:08:32+00:00
trackb_cont_CCL_20260603,,,,,,27.950001,27.01,,,,,,-1.3694,pending,,2026-06-05T13:08:25+00:00
trackb_cont_CCL_20260604,,,,,,27.950001,27.120001,,,,,,-0.9677,pending,,2026-06-05T13:08:25+00:00
trackb_cont_CCL_20260605,,,,,,,,,,,,,,pending,,2026-06-05T13:08:25+00:00
trackb_cont_CCO_20260603,,,,,,2.41,2.4,,,,,,-0.2079,pending,,2026-06-05T13:09:05+00:00
trackb_cont_CCO_20260604,,,,,,2.41,2.4,,,,,,-0.2079,pending,,2026-06-05T13:09:05+00:00
trackb_cont_CCO_20260605,,,,,,,,,,,,,,pending,,2026-06-05T13:09:05+00:00
trackb_cont_CDNS_20260603,,,,,,415.829987,401.029999,,,,,,-0.132,pending,,2026-06-05T13:07:14+00:00
trackb_cont_CDNS_20260604,,,,,,415.829987,401.929993,,,,,,0.0921,pending,,2026-06-05T13:07:14+00:00
trackb_cont_CDNS_20260605,,,,,,,,,,,,,,pending,,2026-06-05T13:07:14+00:00
trackb_cont_CDW_20260603,,,,,,140.770004,134.190002,,,,,,-2.2188,pending,,2026-06-05T13:07:26+00:00
trackb_cont_CDW_20260604,,,,,,140.770004,137.699997,,,,,,0.3388,pending,,2026-06-05T13:07:26+00:00
trackb_cont_CDW_20260605,,,,,,,,,,,,,,pending,,2026-06-05T13:07:26+00:00
trackb_cont_CDZI_20260603,,,,,,4.84,4.5,,,,,,-2.7027,pending,,2026-06-05T13:09:15+00:00
trackb_cont_CDZI_20260604,,,,,,4.66,4.5,,,,,,-2.7027,pending,,2026-06-05T13:09:15+00:00
trackb_cont_CDZI_20260605,,,,,,,,,,,,,,pending,,2026-06-05T13:09:15+00:00
trackb_cont_CHRW_20260603,,,,,,187.970001,177.509995,,,,,,-2.1229,pending,,2026-06-05T13:08:32+00:00
trackb_cont_CHRW_20260604,,,,,,187.970001,182.580002,,,,,,0.6727,pending,,2026-06-05T13:08:32+00:00
trackb_cont_CHRW_20260605,,,,,,,,,,,,,,pending,,2026-06-05T13:08:32+00:00
trackb_cont_CIA_20260603,,,,,,5.39,4.94,,,,,,-4.817,pending,,2026-06-05T13:09:03+00:00
trackb_cont_CIA_20260604,,,,,,5.2,4.94,,,,,,-4.817,pending,,2026-06-05T13:09:03+00:00
trackb_cont_CIA_20260605,,,,,,,,,,,,,,pending,,2026-06-05T13:09:03+00:00
trackb_cont_CIEN_20260603,,,,,,637.51001,491.0,,,,,,-21.7149,pending,,2026-06-05T13:07:18+00:00
trackb_cont_CIEN_20260604,,,,,,552.390015,491.0,,,,,,-21.7149,pending,,2026-06-05T13:07:18+00:00
trackb_cont_CIEN_20260605,,,,,,,,,,,,,,pending,,2026-06-05T13:07:18+00:00
trackb_cont_CIFR_20260603,,,,,,28.620001,24.17,,,,,,-9.5942,pending,,2026-06-05T13:07:24+00:00
trackb_cont_CIFR_20260604,,,,,,26.33,24.17,,,,,,-9.5942,pending,,2026-06-05T13:07:24+00:00
trackb_cont_CIFR_20260605,,,,,,,,,,,,,,pending,,2026-06-05T13:07:24+00:00
trackb_cont_CLDT_20260603,,,,,,11.31,10.96,,,,,,-1.704,pending,,2026-06-05T13:07:19+00:00
trackb_cont_CLDT_20260604,,,,,,11.31,11.08,,,,,,-0.6278,pending,,2026-06-05T13:07:19+00:00
trackb_cont_CLDT_20260605,,,,,,,,,,,,,,pending,,2026-06-05T13:07:19+00:00
trackb_cont_CLF_20260603,,,,,,14.89,13.62,,,,,,-4.6218,pending,,2026-06-05T13:07:40+00:00
trackb_cont_CLF_20260604,,,,,,14.68,13.62,,,,,,-4.6218,pending,,2026-06-05T13:07:40+00:00
trackb_cont_CLF_20260605,,,,,,,,,,,,,,pending,,2026-06-05T13:07:40+00:00
trackb_cont_CLMB_20260603,,,,,,23.08,21.5,,,,,,-0.3707,pending,,2026-06-05T13:08:15+00:00
trackb_cont_CLMB_20260604,,,,,,23.08,22.01,,,,,,1.9926,pending,,2026-06-05T13:08:15+00:00
trackb_cont_CLMB_20260605,,,,,,,,,,,,,,pending,,2026-06-05T13:08:15+00:00
trackb_cont_CLMT_20260603,,,,,,38.75,36.32,,,,,,-3.8008,pending,,2026-06-05T13:07:57+00:00
trackb_cont_CLMT_20260604,,,,,,37.73,36.549999,,,,,,-3.1916,pending,,2026-06-05T13:07:57+00:00
trackb_cont_CLMT_20260605,,,,,,,,,,,,,,pending,,2026-06-05T13:07:57+00:00
trackb_cont_CLSK_20260603,,,,,,18.27,16.325001,,,,,,-7.7162,pending,,2026-06-05T13:08:58+00:00
trackb_cont_CLSK_20260604,,,,,,17.165001,16.325001,,,,,,-7.7162,pending,,2026-06-05T13:08:58+00:00
trackb_cont_CLSK_20260605,,,,,,,,,,,,,,pending,,2026-06-05T13:08:58+00:00
trackb_cont_CMCO_20260603,,,,,,15.77,13.01,,,,,,-14.1821,pending,,2026-06-05T13:08:44+00:00
trackb_cont_CMCO_20260604,,,,,,14.5,13.01,,,,,,-14.1821,pending,,2026-06-05T13:08:44+00:00
trackb_cont_CMCO_20260605,,,,,,,,,,,,,,pending,,2026-06-05T13:08:44+00:00
trackb_cont_CMC_20260603,,,,,,77.209999,75.0,,,,,,-2.2801,pending,,2026-06-05T13:08:25+00:00
trackb_cont_CMC_20260604,,,,,,77.209999,75.0,,,,,,-2.2801,pending,,2026-06-05T13:08:25+00:00
trackb_cont_CMC_20260605,,,,,,,,,,,,,,pending,,2026-06-05T13:08:25+00:00
trackb_cont_CMP_20260603,,,,,,33.310001,31.059999,,,,,,-5.8217,pending,,2026-06-05T13:08:03+00:00
trackb_cont_CMP_20260604,,,,,,32.189999,31.059999,,,,,,-5.8217,pending,,2026-06-05T13:08:03+00:00
trackb_cont_CMP_20260605,,,,,,,,,,,,,,pending,,2026-06-05T13:08:03+00:00
trackb_cont_CNC_20260603,,,,,,63.5,58.23,,,,,,-0.8514,pending,,2026-06-05T13:08:50+00:00
trackb_cont_CNC_20260604,,,,,,63.5,60.959999,,,,,,3.797,pending,,2026-06-05T13:08:50+00:00
trackb_cont_CNC_20260605,,,,,,,,,,,,,,pending,,2026-06-05T13:08:50+00:00
trackb_cont_CNK_20260603,,,,,,30.860001,29.530001,,,,,,-1.4352,pending,,2026-06-05T13:08:10+00:00
trackb_cont_CNK_20260604,,,,,,30.860001,29.969999,,,,,,0.0334,pending,,2026-06-05T13:08:10+00:00
trackb_cont_CNK_20260605,,,,,,,,,,,,,,pending,,2026-06-05T13:08:10+00:00
trackb_cont_CNM_20260603,,,,,,52.830002,50.470001,,,,,,-1.5796,pending,,2026-06-05T13:08:37+00:00
trackb_cont_CNM_20260604,,,,,,52.830002,51.950001,,,,,,1.3066,pending,,2026-06-05T13:08:37+00:00
trackb_cont_CNM_20260605,,,,,,,,,,,,,,pending,,2026-06-05T13:08:37+00:00
trackb_cont_COHR_20260603,,,,,,440.0,380.200012,,,,,,-8.9701,pending,,2026-06-05T13:07:37+00:00
trackb_cont_COHR_20260604,,,,,,432.51001,380.200012,,,,,,-8.9701,pending,,2026-06-05T13:07:37+00:00
trackb_cont_COHR_20260605,,,,,,,,,,,,,,pending,,2026-06-05T13:07:37+00:00
trackb_cont_COHU_20260603,,,,,,58.459999,53.5,,,,,,-5.3097,pending,,2026-06-05T13:07:35+00:00
trackb_cont_COHU_20260604,,,,,,57.419998,53.5,,,,,,-5.3097,pending,,2026-06-05T13:07:35+00:00
trackb_cont_COHU_20260605,,,,,,,,,,,,,,pending,,2026-06-05T13:07:35+00:00
trackb_cont_COLD_20260603,,,,,,15.09,14.585,,,,,,-1.1522,pending,,2026-06-05T13:09:02+00:00
trackb_cont_COLD_20260604,,,,,,15.09,14.69,,,,,,-0.4405,pending,,2026-06-05T13:09:02+00:00
trackb_cont_COLD_20260605,,,,,,,,,,,,,,pending,,2026-06-05T13:09:02+00:00
trackb_cont_COLM_20260603,,,,,,66.32,63.740002,,,,,,-2.998,pending,,2026-06-05T13:08:24+00:00
trackb_cont_COLM_20260604,,,,,,66.040001,63.740002,,,,,,-2.998,pending,,2026-06-05T13:08:24+00:00
trackb_cont_COLM_20260605,,,,,,,,,,,,,,pending,,2026-06-05T13:08:24+00:00
trackb_cont_CORZ_20260603,,,,,,29.700001,27.43,,,,,,-6.1259,pending,,2026-06-05T13:08:21+00:00
trackb_cont_CORZ_20260604,,,,,,28.504999,27.43,,,,,,-6.1259,pending,,2026-06-05T13:08:21+00:00
trackb_cont_CORZ_20260605,,,,,,,,,,,,,,pending,,2026-06-05T13:08:21+00:00
trackb_cont_CPB_20260603,,,,,,21.76,20.65,,,,,,-4.3095,pending,,2026-06-05T13:09:06+00:00
trackb_cont_CPB_20260604,,,,,,21.76,21.200001,,,,,,-1.7609,pending,,2026-06-05T13:09:06+00:00
trackb_cont_CPB_20260605,,,,,,,,,,,,,,pending,,2026-06-05T13:09:06+00:00
trackb_cont_CRI_20260603,,,,,,39.740002,36.900002,,,,,,-5.9153,pending,,2026-06-05T13:08:29+00:00
trackb_cont_CRI_20260604,,,,,,39.259998,36.900002,,,,,,-5.9153,pending,,2026-06-05T13:08:29+00:00
trackb_cont_CRI_20260605,,,,,,,,,,,,,,pending,,2026-06-05T13:08:29+00:00
trackb_cont_CRM_20260603,,,,,,198.089996,186.110001,,,,,,-2.5934,pending,,2026-06-05T13:08:55+00:00
trackb_cont_CRM_20260604,,,,,,198.089996,186.110001,,,,,,-2.5934,pending,,2026-06-05T13:08:55+00:00
trackb_cont_CRM_20260605,,,,,,,,,,,,,,pending,,2026-06-05T13:08:55+00:00
trackb_cont_CROX_20260603,,,,,,122.339996,115.699997,,,,,,-2.593,pending,,2026-06-05T13:08:30+00:00
trackb_cont_CROX_20260604,,,,,,122.339996,117.519997,,,,,,-1.0608,pending,,2026-06-05T13:08:30+00:00
trackb_cont_CROX_20260605,,,,,,,,,,,,,,pending,,2026-06-05T13:08:30+00:00
trackb_cont_CRSR_20260603,,,,,,11.29,9.71,,,,,,-9.1249,pending,,2026-06-05T13:09:02+00:00
trackb_cont_CRSR_20260604,,,,,,10.28,9.71,,,,,,-9.1249,pending,,2026-06-05T13:09:02+00:00
trackb_cont_CRSR_20260605,,,,,,,,,,,,,,pending,,2026-06-05T13:09:02+00:00
trackb_cont_CRS_20260603,,,,,,495.519989,477.829987,,,,,,-1.7437,pending,,2026-06-05T13:07:51+00:00
trackb_cont_CRS_20260604,,,,,,495.519989,477.829987,,,,,,-1.7437,pending,,2026-06-05T13:07:51+00:00
trackb_cont_CRS_20260605,,,,,,,,,,,,,,pending,,2026-06-05T13:07:51+00:00
trackb_cont_CRWD_20260603,,,,,,767.0,671.220093,,,,,,-10.7076,pending,,2026-06-05T13:07:34+00:00
trackb_cont_CRWD_20260604,,,,,,720.919983,671.220093,,,,,,-10.7076,pending,,2026-06-05T13:07:34+00:00
trackb_cont_CRWD_20260605,,,,,,,,,,,,,,pending,,2026-06-05T13:07:34+00:00
trackb_cont_CSCO_20260603,,,,,,130.369995,124.139999,,,,,,-2.9626,pending,,2026-06-05T13:07:12+00:00
trackb_cont_CSCO_20260604,,,,,,130.369995,124.139999,,,,,,-2.9626,pending,,2026-06-05T13:07:12+00:00
trackb_cont_CSCO_20260605,,,,,,,,,,,,,,pending,,2026-06-05T13:07:12+00:00
trackb_cont_CTAS_20260603,,,,,,180.440002,171.949997,,,,,,-0.9219,pending,,2026-06-05T13:08:34+00:00
trackb_cont_CTAS_20260604,,,,,,180.440002,177.720001,,,,,,2.4028,pending,,2026-06-05T13:08:34+00:00
trackb_cont_CTAS_20260605,,,,,,,,,,,,,,pending,,2026-06-05T13:08:34+00:00
trackb_cont_CURB_20260603,,,,,,29.49,28.57,,,,,,-1.2785,pending,,2026-06-05T13:08:51+00:00
trackb_cont_CURB_20260604,,,,,,29.49,28.844999,,,,,,-0.3283,pending,,2026-06-05T13:08:51+00:00
trackb_cont_CURB_20260605,,,,,,,,,,,,,,pending,,2026-06-05T13:08:51+00:00
trackb_cont_CURI_20260603,,,,,,3.28,3.0,,,,,,-1.6393,pending,,2026-06-05T13:07:54+00:00
trackb_cont_CURI_20260604,,,,,,3.28,3.06,,,,,,0.3279,pending,,2026-06-05T13:07:54+00:00
trackb_cont_CURI_20260605,,,,,,,,,,,,,,pending,,2026-06-05T13:07:54+00:00
trackb_cont_CUZ_20260603,,,,,,27.799999,27.15,,,,,,-0.1104,pending,,2026-06-05T13:07:15+00:00
trackb_cont_CUZ_20260604,,,,,,27.799999,27.370001,,,,,,0.699,pending,,2026-06-05T13:07:15+00:00
trackb_cont_CUZ_20260605,,,,,,,,,,,,,,pending,,2026-06-05T13:07:15+00:00
trackb_cont_CVCO_20260603,,,,,,559.849976,531.840027,,,,,,-1.1192,pending,,2026-06-05T13:08:09+00:00
trackb_cont_CVCO_20260604,,,,,,559.849976,539.359985,,,,,,0.2789,pending,,2026-06-05T13:08:09+00:00
trackb_cont_CVCO_20260605,,,,,,,,,,,,,,pending,,2026-06-05T13:08:09+00:00
trackb_cont_CVI_20260603,,,,,,36.43,33.43,,,,,,-7.1389,pending,,2026-06-05T13:07:37+00:00
trackb_cont_CVI_20260604,,,,,,34.490002,33.43,,,,,,-7.1389,pending,,2026-06-05T13:07:37+00:00
trackb_cont_CVI_20260605,,,,,,,,,,,,,,pending,,2026-06-05T13:07:37+00:00
trackb_cont_CVLG_20260603,,,,,,43.619999,41.310001,,,,,,-1.7804,pending,,2026-06-05T13:07:15+00:00
trackb_cont_CVLG_20260604,,,,,,43.619999,42.349998,,,,,,0.6924,pending,,2026-06-05T13:07:15+00:00
trackb_cont_CVLG_20260605,,,,,,,,,,,,,,pending,,2026-06-05T13:07:15+00:00
trackb_cont_CWEN_20260603,,,,,,41.459999,39.73,,,,,,-3.6615,pending,,2026-06-05T13:07:48+00:00
trackb_cont_CWEN_20260604,,,,,,40.93,39.73,,,,,,-3.6615,pending,,2026-06-05T13:07:48+00:00
trackb_cont_CWEN_20260605,,,,,,,,,,,,,,pending,,2026-06-05T13:07:48+00:00
trackb_cont_CWT_20260603,,,,,,45.639999,44.59,,,,,,-1.1363,pending,,2026-06-05T13:08:06+00:00
trackb_cont_CWT_20260604,,,,,,45.639999,44.93,,,,,,-0.3825,pending,,2026-06-05T13:08:06+00:00
trackb_cont_CWT_20260605,,,,,,,,,,,,,,pending,,2026-06-05T13:08:06+00:00
trackb_cont_CXW_20260603,,,,,,23.1,21.129999,,,,,,-1.9717,pending,,2026-06-05T13:09:21+00:00
trackb_cont_CXW_20260604,,,,,,23.1,21.85,,,,,,1.3686,pending,,2026-06-05T13:09:21+00:00
trackb_cont_CXW_20260605,,,,,,,,,,,,,,pending,,2026-06-05T13:09:21+00:00
trackb_cont_CYRX_20260603,,,,,,16.73,15.96,,,,,,-2.5641,pending,,2026-06-05T13:08:02+00:00
trackb_cont_CYRX_20260604,,,,,,16.73,16.049999,,,,,,-2.0147,pending,,2026-06-05T13:08:02+00:00
trackb_cont_CYRX_20260605,,,,,,,,,,,,,,pending,,2026-06-05T13:08:02+00:00
trackb_cont_CZR_20260603,,,,,,29.309999,29.15,,,,,,-0.3248,pending,,2026-06-05T13:07:17+00:00
trackb_cont_CZR_20260604,,,,,,29.299999,29.15,,,,,,-0.3248,pending,,2026-06-05T13:07:17+00:00
trackb_cont_CZR_20260605,,,,,,,,,,,,,,pending,,2026-06-05T13:07:17+00:00
trackb_cont_C_20260603,,,,,,135.669998,128.270004,,,,,,-0.6814,pending,,2026-06-05T13:07:58+00:00
trackb_cont_C_20260604,,,,,,135.669998,130.869995,,,,,,1.3318,pending,,2026-06-05T13:07:58+00:00
trackb_cont_C_20260605,,,,,,,,,,,,,,pending,,2026-06-05T13:07:58+00:00
trackb_cont_DAL_20260603,,,,,,80.440002,78.599998,,,,,,-0.5567,pending,,2026-06-05T13:09:00+00:00
trackb_cont_DAL_20260604,,,,,,80.440002,78.849998,,,,,,-0.2404,pending,,2026-06-05T13:09:00+00:00
trackb_cont_DAL_20260605,,,,,,,,,,,,,,pending,,2026-06-05T13:09:00+00:00
trackb_cont_DAN_20260603,,,,,,37.540001,35.599998,,,,,,-4.5064,pending,,2026-06-05T13:07:49+00:00
trackb_cont_DAN_20260604,,,,,,36.849998,35.599998,,,,,,-4.5064,pending,,2026-06-05T13:07:49+00:00
trackb_cont_DAN_20260605,,,,,,,,,,,,,,pending,,2026-06-05T13:07:49+00:00
trackb_cont_DBI_20260603,,,,,,9.17,8.32,,,,,,-3.2558,pending,,2026-06-05T13:07:15+00:00
trackb_cont_DBI_20260604,,,,,,9.17,8.7,,,,,,1.1628,pending,,2026-06-05T13:07:15+00:00
trackb_cont_DBI_20260605,,,,,,,,,,,,,,pending,,2026-06-05T13:07:15+00:00
trackb_cont_DDD_20260603,,,,,,3.88,3.06,,,,,,-18.4,pending,,2026-06-05T13:08:16+00:00
trackb_cont_DDD_20260604,,,,,,3.39,3.06,,,,,,-18.4,pending,,2026-06-05T13:08:16+00:00
trackb_cont_DDD_20260605,,,,,,,,,,,,,,pending,,2026-06-05T13:08:16+00:00
trackb_cont_DDOG_20260603,,,,,,262.200012,240.289993,,,,,,-2.4758,pending,,2026-06-05T13:07:45+00:00
trackb_cont_DDOG_20260604,,,,,,251.020004,240.289993,,,,,,-2.4758,pending,,2026-06-05T13:07:45+00:00
trackb_cont_DDOG_20260605,,,,,,,,,,,,,,pending,,2026-06-05T13:07:45+00:00
trackb_cont_DEA_20260603,,,,,,23.92,23.469999,,,,,,-0.8868,pending,,2026-06-05T13:09:20+00:00
trackb_cont_DEA_20260604,,,,,,23.92,23.469999,,,,,,-0.8868,pending,,2026-06-05T13:09:20+00:00
trackb_cont_DEA_20260605,,,,,,,,,,,,,,pending,,2026-06-05T13:09:20+00:00
trackb_cont_DECK_20260603,,,,,,109.93,105.129997,,,,,,-1.5683,pending,,2026-06-05T13:08:52+00:00
trackb_cont_DECK_20260604,,,,,,109.379997,107.169998,,,,,,0.3417,pending,,2026-06-05T13:08:52+00:00
trackb_cont_DECK_20260605,,,,,,,,,,,,,,pending,,2026-06-05T13:08:52+00:00
trackb_cont_DELL_20260603,,,,,,436.0,399.0,,,,,,-3.8948,pending,,2026-06-05T13:08:16+00:00
trackb_cont_DELL_20260604,,,,,,430.5,399.0,,,,,,-3.8948,pending,,2026-06-05T13:08:16+00:00
trackb_cont_DELL_20260605,,,,,,,,,,,,,,pending,,2026-06-05T13:08:16+00:00
trackb_cont_DEVS_20260603,,,,,,0.919,0.451,,,,,,-43.3559,pending,,2026-06-05T13:08:34+00:00
trackb_cont_DEVS_20260604,,,,,,0.5969,0.451,,,,,,-43.3559,pending,,2026-06-05T13:08:34+00:00
trackb_cont_DEVS_20260605,,,,,,,,,,,,,,pending,,2026-06-05T13:08:34+00:00
trackb_cont_DE_20260603,,,,,,604.51001,575.609985,,,,,,-2.386,pending,,2026-06-05T13:08:38+00:00
trackb_cont_DE_20260604,,,,,,604.51001,587.369995,,,,,,-0.3917,pending,,2026-06-05T13:08:38+00:00
trackb_cont_DE_20260605,,,,,,,,,,,,,,pending,,2026-06-05T13:08:38+00:00
trackb_cont_DFH_20260603,,,,,,14.99,14.2,,,,,,-0.9072,pending,,2026-06-05T13:09:17+00:00
trackb_cont_DFH_20260604,,,,,,14.84,14.2,,,,,,-0.9072,pending,,2026-06-05T13:09:17+00:00
trackb_cont_DFH_20260605,,,,,,,,,,,,,,pending,,2026-06-05T13:09:17+00:00
trackb_cont_DGII_20260603,,,,,,70.300003,65.699997,,,,,,-3.0044,pending,,2026-06-05T13:07:46+00:00
trackb_cont_DGII_20260604,,,,,,69.400002,65.699997,,,,,,-3.0044,pending,,2026-06-05T13:07:46+00:00
trackb_cont_DGII_20260605,,,,,,,,,,,,,,pending,,2026-06-05T13:07:46+00:00
trackb_cont_DGXX_20260603,,,,,,8.52,7.3299,,,,,,-4.6827,pending,,2026-06-05T13:09:22+00:00
trackb_cont_DGXX_20260604,,,,,,8.0,7.3299,,,,,,-4.6827,pending,,2026-06-05T13:09:22+00:00
trackb_cont_DGXX_20260605,,,,,,,,,,,,,,pending,,2026-06-05T13:09:22+00:00
trackb_cont_DHI_20260603,,,,,,147.960007,144.169998,,,,,,-0.5724,pending,,2026-06-05T13:09:01+00:00
trackb_cont_DHI_20260604,,,,,,147.960007,144.309998,,,,,,-0.4759,pending,,2026-06-05T13:09:01+00:00
trackb_cont_DHI_20260605,,,,,,,,,,,,,,pending,,2026-06-05T13:09:01+00:00
trackb_cont_DINO_20260603,,,,,,74.379997,71.010002,,,,,,-4.0859,pending,,2026-06-05T13:08:14+00:00
trackb_cont_DINO_20260604,,,,,,73.660004,71.010002,,,,,,-4.0859,pending,,2026-06-05T13:08:14+00:00
trackb_cont_DINO_20260605,,,,,,,,,,,,,,pending,,2026-06-05T13:08:14+00:00
trackb_cont_DLTR_20260603,,,,,,115.230003,108.599998,,,,,,-1.5725,pending,,2026-06-05T13:09:01+00:00
trackb_cont_DLTR_20260604,,,,,,115.230003,109.059998,,,,,,-1.1556,pending,,2026-06-05T13:09:01+00:00
trackb_cont_DLTR_20260605,,,,,,,,,,,,,,pending,,2026-06-05T13:09:01+00:00
trackb_cont_DOCN_20260603,,,,,,184.460007,160.880005,,,,,,-7.858,pending,,2026-06-05T13:07:53+00:00
trackb_cont_DOCN_20260604,,,,,,184.460007,160.880005,,,,,,-7.858,pending,,2026-06-05T13:07:53+00:00
trackb_cont_DOCN_20260605,,,,,,,,,,,,,,pending,,2026-06-05T13:07:53+00:00
trackb_cont_DOC_20260603,,,,,,19.639999,19.07,,,,,,-1.3706,pending,,2026-06-05T13:08:44+00:00
trackb_cont_DOC_20260604,,,,,,19.639999,19.23,,,,,,-0.5431,pending,,2026-06-05T13:08:44+00:00
trackb_cont_DOC_20260605,,,,,,,,,,,,,,pending,,2026-06-05T13:08:44+00:00
trackb_cont_DORM_20260603,,,,,,128.399994,123.839996,,,,,,-0.354,pending,,2026-06-05T13:07:45+00:00
trackb_cont_DORM_20260604,,,,,,128.399994,124.889999,,,,,,0.4908,pending,,2026-06-05T13:07:45+00:00
trackb_cont_DORM_20260605,,,,,,,,,,,,,,pending,,2026-06-05T13:07:45+00:00
trackb_cont_DRH_20260603,,,,,,11.58,11.07,,,,,,-1.3808,pending,,2026-06-05T13:07:56+00:00
trackb_cont_DRH_20260604,,,,,,11.58,11.32,,,,,,0.8463,pending,,2026-06-05T13:07:56+00:00
trackb_cont_DRH_20260605,,,,,,,,,,,,,,pending,,2026-06-05T13:07:56+00:00
trackb_cont_DVA_20260603,,,,,,199.149994,186.610001,,,,,,-3.0144,pending,,2026-06-05T13:09:14+00:00
trackb_cont_DVA_20260604,,,,,,199.149994,191.009995,,,,,,-0.7276,pending,,2026-06-05T13:09:14+00:00
trackb_cont_DVA_20260605,,,,,,,,,,,,,,pending,,2026-06-05T13:09:14+00:00
trackb_cont_DXCM_20260603,,,,,,74.919998,71.529999,,,,,,-0.825,pending,,2026-06-05T13:08:26+00:00
trackb_cont_DXCM_20260604,,,,,,74.919998,71.529999,,,,,,-0.825,pending,,2026-06-05T13:08:26+00:00
trackb_cont_DXCM_20260605,,,,,,,,,,,,,,pending,,2026-06-05T13:08:26+00:00
trackb_cont_D_20260603,,,,,,67.099998,65.459999,,,,,,-1.697,pending,,2026-06-05T13:08:57+00:00
trackb_cont_D_20260604,,,,,,66.959999,65.470001,,,,,,-1.6819,pending,,2026-06-05T13:08:57+00:00
trackb_cont_D_20260605,,,,,,,,,,,,,,pending,,2026-06-05T13:08:57+00:00
trackb_cont_EA_20260603,,,,,,203.740005,201.809998,,,,,,-0.3604,pending,,2026-06-05T13:08:24+00:00
trackb_cont_EA_20260604,,,,,,203.740005,202.75,,,,,,0.1037,pending,,2026-06-05T13:08:24+00:00
trackb_cont_EA_20260605,,,,,,,,,,,,,,pending,,2026-06-05T13:08:24+00:00
trackb_cont_EEX_20260603,,,,,,4.99,4.97,,,,,,-0.1005,pending,,2026-06-05T13:08:12+00:00
trackb_cont_EEX_20260604,,,,,,4.99,4.98,,,,,,0.1005,pending,,2026-06-05T13:08:12+00:00
trackb_cont_EEX_20260605,,,,,,,,,,,,,,pending,,2026-06-05T13:08:12+00:00
trackb_cont_EFC_20260603,,,,,,13.59,13.35,,,,,,-0.5031,pending,,2026-06-05T13:07:35+00:00
trackb_cont_EFC_20260604,,,,,,13.58,13.36,,,,,,-0.4285,pending,,2026-06-05T13:07:35+00:00
trackb_cont_EFC_20260605,,,,,,,,,,,,,,pending,,2026-06-05T13:07:35+00:00
trackb_cont_EFX_20260603,,,,,,178.339996,165.100006,,,,,,-1.4828,pending,,2026-06-05T13:08:22+00:00
trackb_cont_EFX_20260604,,,,,,178.339996,170.559998,,,,,,1.7752,pending,,2026-06-05T13:08:22+00:00
trackb_cont_EFX_20260605,,,,,,,,,,,,,,pending,,2026-06-05T13:08:22+00:00
trackb_cont_EIG_20260603,,,,,,44.84,43.150002,,,,,,-0.6104,pending,,2026-06-05T13:08:31+00:00
trackb_cont_EIG_20260604,,,,,,44.84,44.119999,,,,,,1.6239,pending,,2026-06-05T13:08:31+00:00
trackb_cont_EIG_20260605,,,,,,,,,,,,,,pending,,2026-06-05T13:08:31+00:00
trackb_cont_EIX_20260603,,,,,,72.610001,70.75,,,,,,-2.2047,pending,,2026-06-05T13:08:25+00:00
trackb_cont_EIX_20260604,,,,,,72.089996,71.07,,,,,,-1.7624,pending,,2026-06-05T13:08:25+00:00
trackb_cont_EIX_20260605,,,,,,,,,,,,,,pending,,2026-06-05T13:08:25+00:00
trackb_cont_EMN_20260603,,,,,,76.809998,71.940002,,,,,,-5.887,pending,,2026-06-05T13:08:28+00:00
trackb_cont_EMN_20260604,,,,,,75.0,71.940002,,,,,,-5.887,pending,,2026-06-05T13:08:28+00:00
trackb_cont_EMN_20260605,,,,,,,,,,,,,,pending,,2026-06-05T13:08:28+00:00
trackb_cont_ENPH_20260603,,,,,,72.800003,65.850098,,,,,,-4.7445,pending,,2026-06-05T13:07:24+00:00
trackb_cont_ENPH_20260604,,,,,,69.934998,65.850098,,,,,,-4.7445,pending,,2026-06-05T13:07:24+00:00
trackb_cont_ENPH_20260605,,,,,,,,,,,,,,pending,,2026-06-05T13:07:24+00:00
trackb_cont_ENS_20260603,,,,,,241.419998,232.919998,,,,,,-2.4276,pending,,2026-06-05T13:08:48+00:00
trackb_cont_ENS_20260604,,,,,,241.419998,232.919998,,,,,,-2.4276,pending,,2026-06-05T13:08:48+00:00
trackb_cont_ENS_20260605,,,,,,,,,,,,,,pending,,2026-06-05T13:08:48+00:00
trackb_cont_ENVX_20260603,,,,,,8.68,7.87,,,,,,-6.3653,pending,,2026-06-05T13:08:19+00:00
trackb_cont_ENVX_20260604,,,,,,8.545,7.87,,,,,,-6.3653,pending,,2026-06-05T13:08:19+00:00
trackb_cont_ENVX_20260605,,,,,,,,,,,,,,pending,,2026-06-05T13:08:19+00:00
trackb_cont_EOSE_20260603,,,,,,9.128,7.74,,,,,,-9.9476,pending,,2026-06-05T13:08:21+00:00
trackb_cont_EOSE_20260604,,,,,,8.175,7.74,,,,,,-9.9476,pending,,2026-06-05T13:08:21+00:00
trackb_cont_EOSE_20260605,,,,,,,,,,,,,,pending,,2026-06-05T13:08:21+00:00
trackb_cont_EPSM_20260603,,,,,,1.76,1.27,,,,,,-20.625,pending,,2026-06-05T13:08:53+00:00
trackb_cont_EPSM_20260604,,,,,,1.76,1.53,,,,,,-4.375,pending,,2026-06-05T13:08:53+00:00
trackb_cont_EPSM_20260605,,,,,,,,,,,,,,pending,,2026-06-05T13:08:53+00:00
trackb_cont_ESRT_20260603,,,,,,5.68,5.22,,,,,,-3.9558,pending,,2026-06-05T13:09:21+00:00
trackb_cont_ESRT_20260604,,,,,,5.48,5.22,,,,,,-3.9558,pending,,2026-06-05T13:09:21+00:00
trackb_cont_ESRT_20260605,,,,,,,,,,,,,,pending,,2026-06-05T13:09:21+00:00
trackb_cont_ESS_20260603,,,,,,284.640015,276.299988,,,,,,-1.1166,pending,,2026-06-05T13:08:37+00:00
trackb_cont_ESS_20260604,,,,,,284.640015,279.23999,,,,,,-0.0644,pending,,2026-06-05T13:08:37+00:00
trackb_cont_ESS_20260605,,,,,,,,,,,,,,pending,,2026-06-05T13:08:37+00:00
trackb_cont_ETSY_20260603,,,,,,70.470001,66.639999,,,,,,-2.7295,pending,,2026-06-05T13:07:42+00:00
trackb_cont_ETSY_20260604,,,,,,68.290001,66.830002,,,,,,-2.4522,pending,,2026-06-05T13:07:42+00:00
trackb_cont_ETSY_20260605,,,,,,,,,,,,,,pending,,2026-06-05T13:07:42+00:00
trackb_cont_EVC_20260603,,,,,,9.23,8.51,,,,,,-0.7001,pending,,2026-06-05T13:08:33+00:00
trackb_cont_EVC_20260604,,,,,,9.23,8.52,,,,,,-0.5834,pending,,2026-06-05T13:08:33+00:00
trackb_cont_EVC_20260605,,,,,,,,,,,,,,pending,,2026-06-05T13:08:33+00:00
trackb_cont_EVGO_20260603,,,,,,2.505,2.21,,,,,,-2.2124,pending,,2026-06-05T13:08:54+00:00
trackb_cont_EVGO_20260604,,,,,,2.505,2.26,,,,,,-0.0,pending,,2026-06-05T13:08:54+00:00
trackb_cont_EVGO_20260605,,,,,,,,,,,,,,pending,,2026-06-05T13:08:54+00:00
trackb_cont_EVR_20260603,,,,,,350.829987,334.290009,,,,,,-1.8785,pending,,2026-06-05T13:08:31+00:00
trackb_cont_EVR_20260604,,,,,,350.829987,343.119995,,,,,,0.7133,pending,,2026-06-05T13:08:31+00:00
trackb_cont_EVR_20260605,,,,,,,,,,,,,,pending,,2026-06-05T13:08:31+00:00
trackb_cont_EW_20260603,,,,,,88.400002,85.809998,,,,,,-0.562,pending,,2026-06-05T13:08:07+00:00
trackb_cont_EW_20260604,,,,,,88.400002,86.720001,,,,,,0.4925,pending,,2026-06-05T13:08:07+00:00
trackb_cont_EW_20260605,,,,,,,,,,,,,,pending,,2026-06-05T13:08:07+00:00
trackb_cont_EXPD_20260603,,,,,,163.0,157.630005,,,,,,-1.1476,pending,,2026-06-05T13:08:57+00:00
trackb_cont_EXPD_20260604,,,,,,163.0,159.070007,,,,,,-0.2446,pending,,2026-06-05T13:08:57+00:00
trackb_cont_EXPD_20260605,,,,,,,,,,,,,,pending,,2026-06-05T13:08:57+00:00
trackb_cont_EXP_20260603,,,,,,222.0,215.940002,,,,,,-1.0675,pending,,2026-06-05T13:08:46+00:00
trackb_cont_EXP_20260604,,,,,,222.0,216.309998,,,,,,-0.898,pending,,2026-06-05T13:08:46+00:00
trackb_cont_EXP_20260605,,,,,,,,,,,,,,pending,,2026-06-05T13:08:46+00:00
trackb_cont_EXTR_20260603,,,,,,29.780001,27.799999,,,,,,-3.0345,pending,,2026-06-05T13:07:14+00:00
trackb_cont_EXTR_20260604,,,,,,29.780001,27.799999,,,,,,-3.0345,pending,,2026-06-05T13:07:14+00:00
trackb_cont_EXTR_20260605,,,,,,,,,,,,,,pending,,2026-06-05T13:07:14+00:00
trackb_cont_FA_20260603,,,,,,16.610001,15.69,,,,,,-1.4138,pending,,2026-06-05T13:08:19+00:00
trackb_cont_FA_20260604,,,,,,16.610001,15.75,,,,,,-1.0368,pending,,2026-06-05T13:08:19+00:00
trackb_cont_FA_20260605,,,,,,,,,,,,,,pending,,2026-06-05T13:08:19+00:00
trackb_cont_FBIN_20260603,,,,,,39.709999,38.5,,,,,,-0.7732,pending,,2026-06-05T13:08:44+00:00
trackb_cont_FBIN_20260604,,,,,,39.709999,38.950001,,,,,,0.3866,pending,,2026-06-05T13:08:44+00:00
trackb_cont_FBIN_20260605,,,,,,,,,,,,,,pending,,2026-06-05T13:08:44+00:00
trackb_cont_FCEL_20260603,,,,,,23.959999,20.32,,,,,,-10.2077,pending,,2026-06-05T13:08:40+00:00
trackb_cont_FCEL_20260604,,,,,,22.9,20.32,,,,,,-10.2077,pending,,2026-06-05T13:08:40+00:00
trackb_cont_FCEL_20260605,,,,,,,,,,,,,,pending,,2026-06-05T13:08:40+00:00
trackb_cont_FC_20260603,,,,,,24.290001,23.07,,,,,,-0.324,pending,,2026-06-05T13:08:38+00:00
trackb_cont_FC_20260604,,,,,,24.290001,23.26,,,,,,0.4969,pending,,2026-06-05T13:08:38+00:00
trackb_cont_FC_20260605,,,,,,,,,,,,,,pending,,2026-06-05T13:08:38+00:00
trackb_cont_FDS_20260603,,,,,,264.369995,244.089996,,,,,,-3.6474,pending,,2026-06-05T13:08:54+00:00
trackb_cont_FDS_20260604,,,,,,264.369995,254.820007,,,,,,0.5882,pending,,2026-06-05T13:08:54+00:00
trackb_cont_FDS_20260605,,,,,,,,,,,,,,pending,,2026-06-05T13:08:54+00:00
trackb_cont_FDX_20260603,,,,,,334.429993,324.170013,,,,,,-1.0621,pending,,2026-06-05T13:08:55+00:00
trackb_cont_FDX_20260604,,,,,,334.429993,327.76001,,,,,,0.0336,pending,,2026-06-05T13:08:55+00:00
trackb_cont_FDX_20260605,,,,,,,,,,,,,,pending,,2026-06-05T13:08:55+00:00
trackb_cont_FICO_20260603,,,,,,1230.0,1150.0,,,,,,-0.9654,pending,,2026-06-05T13:09:07+00:00
trackb_cont_FICO_20260604,,,,,,1217.040039,1162.609985,,,,,,0.1206,pending,,2026-06-05T13:09:07+00:00
trackb_cont_FICO_20260605,,,,,,,,,,,,,,pending,,2026-06-05T13:09:07+00:00
trackb_cont_FITB_20260603,,,,,,51.919998,49.470001,,,,,,-0.3625,pending,,2026-06-05T13:08:50+00:00
trackb_cont_FITB_20260604,,,,,,51.919998,49.950001,,,,,,0.6042,pending,,2026-06-05T13:08:50+00:00
trackb_cont_FITB_20260605,,,,,,,,,,,,,,pending,,2026-06-05T13:08:50+00:00
trackb_cont_FLEX_20260603,,,,,,166.860001,150.860001,,,,,,-8.1214,pending,,2026-06-05T13:07:13+00:00
trackb_cont_FLEX_20260604,,,,,,161.110001,150.860001,,,,,,-8.1214,pending,,2026-06-05T13:07:13+00:00
trackb_cont_FLEX_20260605,,,,,,,,,,,,,,pending,,2026-06-05T13:07:13+00:00
trackb_cont_FLNC_20260603,,,,,,28.08,24.01,,,,,,-6.0642,pending,,2026-06-05T13:08:07+00:00
trackb_cont_FLNC_20260604,,,,,,27.539,24.01,,,,,,-6.0642,pending,,2026-06-05T13:08:07+00:00
trackb_cont_FLNC_20260605,,,,,,,,,,,,,,pending,,2026-06-05T13:08:07+00:00
trackb_cont_FLS_20260603,,,,,,76.599998,73.779999,,,,,,-2.6521,pending,,2026-06-05T13:07:31+00:00
trackb_cont_FLS_20260604,,,,,,75.68,73.779999,,,,,,-2.6521,pending,,2026-06-05T13:07:31+00:00
trackb_cont_FLS_20260605,,,,,,,,,,,,,,pending,,2026-06-05T13:07:31+00:00
trackb_cont_FLYX_20260603,,,,,,2.695,2.453,,,,,,-3.4252,pending,,2026-06-05T13:08:53+00:00
trackb_cont_FLYX_20260604,,,,,,2.695,2.4975,,,,,,-1.6732,pending,,2026-06-05T13:08:53+00:00
trackb_cont_FLYX_20260605,,,,,,,,,,,,,,pending,,2026-06-05T13:08:53+00:00
trackb_cont_FORR_20260603,,,,,,7.45,6.68,,,,,,-1.037,pending,,2026-06-05T13:08:17+00:00
trackb_cont_FOR_20260603,,,,,,28.51,26.879999,,,,,,0.0186,pending,,2026-06-05T13:08:11+00:00
trackb_cont_FOR_20260604,,,,,,28.51,27.700001,,,,,,3.0698,pending,,2026-06-05T13:08:11+00:00
trackb_cont_FOR_20260605,,,,,,,,,,,,,,pending,,2026-06-05T13:08:11+00:00
trackb_cont_FPH_20260603,,,,,,5.07,4.93,,,,,,-0.8048,pending,,2026-06-05T13:08:38+00:00
trackb_cont_FPH_20260604,,,,,,5.07,4.97,,,,,,-0.0,pending,,2026-06-05T13:08:38+00:00
trackb_cont_FPH_20260605,,,,,,,,,,,,,,pending,,2026-06-05T13:08:38+00:00
trackb_cont_FRT_20260603,,,,,,121.379997,119.080002,,,,,,-0.2931,pending,,2026-06-05T13:09:16+00:00
trackb_cont_FRT_20260604,,,,,,121.379997,120.089996,,,,,,0.5526,pending,,2026-06-05T13:09:16+00:00
trackb_cont_FRT_20260605,,,,,,,,,,,,,,pending,,2026-06-05T13:09:16+00:00
trackb_cont_FSLR_20260603,,,,,,320.950012,302.0,,,,,,-4.5633,pending,,2026-06-05T13:07:20+00:00
trackb_cont_FSLR_20260604,,,,,,320.640015,303.100006,,,,,,-4.2156,pending,,2026-06-05T13:07:20+00:00
trackb_cont_FSLR_20260605,,,,,,,,,,,,,,pending,,2026-06-05T13:07:20+00:00
trackb_cont_FSTR_20260603,,,,,,42.459999,41.02,,,,,,-1.866,pending,,2026-06-05T13:07:54+00:00
trackb_cont_FSTR_20260604,,,,,,42.099998,41.02,,,,,,-1.866,pending,,2026-06-05T13:07:54+00:00
trackb_cont_FSTR_20260605,,,,,,,,,,,,,,pending,,2026-06-05T13:07:54+00:00
trackb_cont_FTCI_20260603,,,,,,5.89,5.0,,,,,,-11.7294,pending,,2026-06-05T13:07:37+00:00
trackb_cont_FTCI_20260604,,,,,,5.53,5.0,,,,,,-11.7294,pending,,2026-06-05T13:07:37+00:00
trackb_cont_FTCI_20260605,,,,,,,,,,,,,,pending,,2026-06-05T13:07:37+00:00
trackb_cont_FTNT_20260603,,,,,,150.070007,143.389999,,,,,,-2.4923,pending,,2026-06-05T13:07:17+00:00
trackb_cont_FTNT_20260604,,,,,,150.070007,144.320007,,,,,,-1.8598,pending,,2026-06-05T13:07:17+00:00
trackb_cont_FTNT_20260605,,,,,,,,,,,,,,pending,,2026-06-05T13:07:17+00:00
trackb_cont_FUL_20260603,,,,,,63.48,60.23,,,,,,-3.6397,pending,,2026-06-05T13:09:09+00:00
trackb_cont_FUL_20260604,,,,,,63.240002,60.23,,,,,,-3.6397,pending,,2026-06-05T13:09:09+00:00
trackb_cont_FUL_20260605,,,,,,,,,,,,,,pending,,2026-06-05T13:09:09+00:00
trackb_cont_FVR_20260603,,,,,,18.445,17.809999,,,,,,-0.8904,pending,,2026-06-05T13:08:36+00:00
trackb_cont_FVR_20260604,,,,,,18.379999,17.889999,,,,,,-0.4452,pending,,2026-06-05T13:08:36+00:00
trackb_cont_FVR_20260605,,,,,,,,,,,,,,pending,,2026-06-05T13:08:36+00:00
trackb_cont_F_20260603,,,,,,16.200001,15.22,,,,,,-3.7014,pending,,2026-06-05T13:09:09+00:00
trackb_cont_F_20260604,,,,,,15.89,15.22,,,,,,-3.7014,pending,,2026-06-05T13:09:09+00:00
trackb_cont_F_20260605,,,,,,,,,,,,,,pending,,2026-06-05T13:09:09+00:00
trackb_cont_GCO_20260603,,,,,,40.389999,38.119999,,,,,,-2.1309,pending,,2026-06-05T13:07:43+00:00
trackb_cont_GCO_20260604,,,,,,40.389999,38.970001,,,,,,0.0514,pending,,2026-06-05T13:07:43+00:00
trackb_cont_GCO_20260605,,,,,,,,,,,,,,pending,,2026-06-05T13:07:43+00:00
trackb_cont_GEO_20260603,,,,,,25.27,23.0,,,,,,-0.6694,pending,,2026-06-05T13:07:51+00:00
trackb_cont_GEO_20260604,,,,,,25.27,23.73,,,,,,2.4833,pending,,2026-06-05T13:07:51+00:00
trackb_cont_GEO_20260605,,,,,,,,,,,,,,pending,,2026-06-05T13:07:51+00:00
trackb_cont_GE_20260603,,,,,,329.459991,311.0,,,,,,-1.629,pending,,2026-06-05T13:08:42+00:00
trackb_cont_GE_20260604,,,,,,329.459991,316.25,,,,,,0.0316,pending,,2026-06-05T13:08:42+00:00
trackb_cont_GE_20260605,,,,,,,,,,,,,,pending,,2026-06-05T13:08:42+00:00
trackb_cont_GFS_20260603,,,,,,88.5,81.300003,,,,,,-5.6735,pending,,2026-06-05T13:09:20+00:00
trackb_cont_GFS_20260604,,,,,,86.845596,81.300003,,,,,,-5.6735,pending,,2026-06-05T13:09:20+00:00
trackb_cont_GFS_20260605,,,,,,,,,,,,,,pending,,2026-06-05T13:09:20+00:00
trackb_cont_GHI_20260603,,,,,,5.5,5.25,,,,,,-2.5251,pending,,2026-06-05T13:08:23+00:00
trackb_cont_GHI_20260604,,,,,,5.38,5.25,,,,,,-2.5251,pending,,2026-06-05T13:08:23+00:00
trackb_cont_GHI_20260605,,,,,,,,,,,,,,pending,,2026-06-05T13:08:23+00:00
trackb_cont_GH_20260603,,,,,,134.279999,125.5,,,,,,-2.0641,pending,,2026-06-05T13:07:52+00:00
trackb_cont_GH_20260604,,,,,,134.279999,127.389999,,,,,,-0.5892,pending,,2026-06-05T13:07:52+00:00
trackb_cont_GH_20260605,,,,,,,,,,,,,,pending,,2026-06-05T13:07:52+00:00
trackb_cont_GIII_20260603,,,,,,32.630001,31.360001,,,,,,-2.6238,pending,,2026-06-05T13:08:05+00:00
trackb_cont_GIII_20260604,,,,,,32.630001,31.360001,,,,,,-2.6238,pending,,2026-06-05T13:08:05+00:00
trackb_cont_GIII_20260605,,,,,,,,,,,,,,pending,,2026-06-05T13:08:05+00:00
trackb_cont_GLW_20260603,,,,,,208.570007,183.800003,,,,,,-8.2972,pending,,2026-06-05T13:08:52+00:00
trackb_cont_GLW_20260604,,,,,,199.800003,183.800003,,,,,,-8.2972,pending,,2026-06-05T13:08:52+00:00
trackb_cont_GLW_20260605,,,,,,,,,,,,,,pending,,2026-06-05T13:08:52+00:00
trackb_cont_GM_20260603,,,,,,84.120003,80.339996,,,,,,-3.1698,pending,,2026-06-05T13:08:58+00:00
trackb_cont_GM_20260604,,,,,,83.639999,81.639999,,,,,,-1.603,pending,,2026-06-05T13:08:58+00:00
trackb_cont_GM_20260605,,,,,,,,,,,,,,pending,,2026-06-05T13:08:58+00:00
trackb_cont_GNRC_20260603,,,,,,289.799988,273.0,,,,,,-5.0071,pending,,2026-06-05T13:08:33+00:00
trackb_cont_GNRC_20260604,,,,,,282.209991,273.0,,,,,,-5.0071,pending,,2026-06-05T13:08:33+00:00
trackb_cont_GNRC_20260605,,,,,,,,,,,,,,pending,,2026-06-05T13:08:33+00:00
trackb_cont_GNTX_20260603,,,,,,25.299999,24.469999,,,,,,-2.0808,pending,,2026-06-05T13:08:04+00:00
trackb_cont_GNTX_20260604,,,,,,25.299999,24.85,,,,,,-0.5602,pending,,2026-06-05T13:08:04+00:00
trackb_cont_GNTX_20260605,,,,,,,,,,,,,,pending,,2026-06-05T13:08:04+00:00
trackb_cont_GRBK_20260603,,,,,,70.0,68.230003,,,,,,-0.1756,pending,,2026-06-05T13:07:44+00:00
trackb_cont_GRBK_20260604,,,,,,70.0,69.019997,,,,,,0.9802,pending,,2026-06-05T13:07:44+00:00
trackb_cont_GRBK_20260605,,,,,,,,,,,,,,pending,,2026-06-05T13:07:44+00:00
trackb_cont_GS_20260603,,,,,,1095.900024,1031.01001,,,,,,-0.638,pending,,2026-06-05T13:07:38+00:00
trackb_cont_GS_20260604,,,,,,1095.900024,1050.0,,,,,,1.1921,pending,,2026-06-05T13:07:38+00:00
trackb_cont_GS_20260605,,,,,,,,,,,,,,pending,,2026-06-05T13:07:38+00:00
trackb_cont_GTLS_20260603,,,,,,208.279999,206.830002,,,,,,-0.4093,pending,,2026-06-05T13:09:14+00:00
trackb_cont_GTLS_20260604,,,,,,207.820007,206.940002,,,,,,-0.3563,pending,,2026-06-05T13:09:14+00:00
trackb_cont_GTLS_20260605,,,,,,,,,,,,,,pending,,2026-06-05T13:09:14+00:00
trackb_cont_GWW_20260603,,,,,,1300.0,1266.640015,,,,,,-2.0856,pending,,2026-06-05T13:08:05+00:00
trackb_cont_GWW_20260604,,,,,,1300.0,1281.689941,,,,,,-0.9222,pending,,2026-06-05T13:08:05+00:00
trackb_cont_GWW_20260605,,,,,,,,,,,,,,pending,,2026-06-05T13:08:05+00:00
trackb_cont_HAE_20260603,,,,,,70.0,65.059998,,,,,,-0.3217,pending,,2026-06-05T13:08:06+00:00
trackb_cont_HAE_20260604,,,,,,70.0,66.440002,,,,,,1.7926,pending,,2026-06-05T13:08:06+00:00
trackb_cont_HAE_20260605,,,,,,,,,,,,,,pending,,2026-06-05T13:08:06+00:00
trackb_cont_HCC_20260603,,,,,,109.650002,103.489998,,,,,,-3.3796,pending,,2026-06-05T13:07:12+00:00
trackb_cont_HCC_20260604,,,,,,109.650002,105.010002,,,,,,-1.9605,pending,,2026-06-05T13:07:12+00:00
trackb_cont_HCC_20260605,,,,,,,,,,,,,,pending,,2026-06-05T13:07:12+00:00
trackb_cont_HGV_20260603,,,,,,52.009998,48.860001,,,,,,-3.515,pending,,2026-06-05T13:08:36+00:00
trackb_cont_HGV_20260604,,,,,,50.424999,48.860001,,,,,,-3.515,pending,,2026-06-05T13:08:36+00:00
trackb_cont_HGV_20260605,,,,,,,,,,,,,,pending,,2026-06-05T13:08:36+00:00
trackb_cont_HIW_20260603,,,,,,27.92,26.639999,,,,,,-0.597,pending,,2026-06-05T13:07:38+00:00
trackb_cont_HIW_20260604,,,,,,27.92,26.66,,,,,,-0.5224,pending,,2026-06-05T13:07:38+00:00
trackb_cont_HIW_20260605,,,,,,,,,,,,,,pending,,2026-06-05T13:07:38+00:00
trackb_cont_HLT_20260603,,,,,,339.779999,330.809998,,,,,,-0.8185,pending,,2026-06-05T13:08:37+00:00
trackb_cont_HLT_20260604,,,,,,339.779999,334.924988,,,,,,0.4152,pending,,2026-06-05T13:08:37+00:00
trackb_cont_HLT_20260605,,,,,,,,,,,,,,pending,,2026-06-05T13:08:37+00:00
trackb_cont_HNGE_20260603,,,,,,64.300003,56.77,,,,,,-2.6244,pending,,2026-06-05T13:09:09+00:00
trackb_cont_HNGE_20260604,,,,,,64.300003,58.154999,,,,,,-0.2487,pending,,2026-06-05T13:09:09+00:00
trackb_cont_HNGE_20260605,,,,,,,,,,,,,,pending,,2026-06-05T13:09:09+00:00
trackb_cont_HON_20260603,,,,,,237.490005,216.770004,,,,,,-6.9297,pending,,2026-06-05T13:08:20+00:00
trackb_cont_HON_20260604,,,,,,226.759995,216.770004,,,,,,-6.9297,pending,,2026-06-05T13:08:20+00:00
trackb_cont_HON_20260605,,,,,,,,,,,,,,pending,,2026-06-05T13:08:20+00:00
trackb_cont_HOOD_20260603,,,,,,88.620003,82.410004,,,,,,-0.6869,pending,,2026-06-05T13:09:21+00:00
trackb_cont_HOOD_20260604,,,,,,88.620003,82.800003,,,,,,-0.2169,pending,,2026-06-05T13:09:21+00:00
trackb_cont_HOOD_20260605,,,,,,,,,,,,,,pending,,2026-06-05T13:09:21+00:00
trackb_cont_HOV_20260603,,,,,,114.400002,108.099998,,,,,,-0.0185,pending,,2026-06-05T13:08:05+00:00
trackb_cont_HOV_20260604,,,,,,113.5,110.510002,,,,,,2.2105,pending,,2026-06-05T13:08:05+00:00
trackb_cont_HOV_20260605,,,,,,,,,,,,,,pending,,2026-06-05T13:08:05+00:00
trackb_cont_HPE_20260603,,,,,,55.990002,52.330002,,,,,,-4.6986,pending,,2026-06-05T13:08:56+00:00
trackb_cont_HPE_20260604,,,,,,54.470001,52.330002,,,,,,-4.6986,pending,,2026-06-05T13:08:56+00:00
trackb_cont_HPE_20260605,,,,,,,,,,,,,,pending,,2026-06-05T13:08:56+00:00
trackb_cont_HPP_20260603,,,,,,14.16,12.84,,,,,,-0.5807,pending,,2026-06-05T13:07:14+00:00
trackb_cont_HPP_20260604,,,,,,14.16,13.38,,,,,,3.6005,pending,,2026-06-05T13:07:14+00:00
trackb_cont_HPP_20260605,,,,,,,,,,,,,,pending,,2026-06-05T13:07:14+00:00
trackb_cont_HPQ_20260603,,,,,,26.879999,25.719999,,,,,,-2.3538,pending,,2026-06-05T13:09:08+00:00
trackb_cont_HPQ_20260604,,,,,,26.709999,25.719999,,,,,,-2.3538,pending,,2026-06-05T13:09:08+00:00
trackb_cont_HPQ_20260605,,,,,,,,,,,,,,pending,,2026-06-05T13:09:08+00:00
trackb_cont_HRB_20260603,,,,,,39.0,37.099998,,,,,,-0.6161,pending,,2026-06-05T13:08:17+00:00
trackb_cont_HRB_20260604,,,,,,39.0,37.41,,,,,,0.2143,pending,,2026-06-05T13:08:17+00:00
trackb_cont_HRB_20260605,,,,,,,,,,,,,,pending,,2026-06-05T13:08:17+00:00
trackb_cont_HRL_20260603,,,,,,23.549999,22.9,,,,,,-2.2829,pending,,2026-06-05T13:08:13+00:00
trackb_cont_HRL_20260604,,,,,,23.549999,22.92,,,,,,-2.1976,pending,,2026-06-05T13:08:13+00:00
trackb_cont_HRL_20260605,,,,,,,,,,,,,,pending,,2026-06-05T13:08:13+00:00
trackb_cont_HSIC_20260603,,,,,,77.529999,75.440002,,,,,,-0.7172,pending,,2026-06-05T13:08:51+00:00
trackb_cont_HSIC_20260604,,,,,,77.529999,76.199997,,,,,,0.2829,pending,,2026-06-05T13:08:51+00:00
trackb_cont_HSIC_20260605,,,,,,,,,,,,,,pending,,2026-06-05T13:08:51+00:00
trackb_cont_HST_20260603,,,,,,24.48,23.41,,,,,,-2.1934,pending,,2026-06-05T13:07:32+00:00
trackb_cont_HST_20260604,,,,,,24.48,23.950001,,,,,,0.0627,pending,,2026-06-05T13:07:32+00:00
trackb_cont_HST_20260605,,,,,,,,,,,,,,pending,,2026-06-05T13:07:32+00:00
trackb_cont_HTLD_20260603,,,,,,15.85,15.16,,,,,,-2.3825,pending,,2026-06-05T13:07:23+00:00
trackb_cont_HTLD_20260604,,,,,,15.85,15.17,,,,,,-2.3181,pending,,2026-06-05T13:07:23+00:00
trackb_cont_HTLD_20260605,,,,,,,,,,,,,,pending,,2026-06-05T13:07:23+00:00
trackb_cont_HUBG_20260603,,,,,,44.080002,42.950001,,,,,,-0.6707,pending,,2026-06-05T13:07:52+00:00
trackb_cont_HUBG_20260604,,,,,,44.080002,43.290001,,,,,,0.1156,pending,,2026-06-05T13:07:52+00:00
trackb_cont_HUBG_20260605,,,,,,,,,,,,,,pending,,2026-06-05T13:07:52+00:00
trackb_cont_HUBS_20260603,,,,,,235.440002,219.009995,,,,,,-1.3557,pending,,2026-06-05T13:09:04+00:00
trackb_cont_HUBS_20260604,,,,,,234.880005,220.100006,,,,,,-0.8648,pending,,2026-06-05T13:09:04+00:00
trackb_cont_HUBS_20260605,,,,,,,,,,,,,,pending,,2026-06-05T13:09:04+00:00
trackb_cont_HUM_20260603,,,,,,351.880005,321.200012,,,,,,-2.2192,pending,,2026-06-05T13:08:14+00:00
trackb_cont_HUM_20260604,,,,,,351.880005,333.549988,,,,,,1.5404,pending,,2026-06-05T13:08:14+00:00
trackb_cont_HUM_20260605,,,,,,,,,,,,,,pending,,2026-06-05T13:08:14+00:00
trackb_cont_HUN_20260603,,,,,,15.08,14.16,,,,,,-4.5822,pending,,2026-06-05T13:08:56+00:00
trackb_cont_HUN_20260604,,,,,,14.71,14.16,,,,,,-4.5822,pending,,2026-06-05T13:08:56+00:00
trackb_cont_HUN_20260605,,,,,,,,,,,,,,pending,,2026-06-05T13:08:56+00:00
trackb_cont_HUT_20260603,,,,,,135.309998,120.4189,,,,,,-8.1087,pending,,2026-06-05T13:08:10+00:00
trackb_cont_HUT_20260604,,,,,,130.580002,120.4189,,,,,,-8.1087,pending,,2026-06-05T13:08:10+00:00
trackb_cont_HUT_20260605,,,,,,,,,,,,,,pending,,2026-06-05T13:08:10+00:00
trackb_cont_HZO_20260603,,,,,,35.459999,34.27,,,,,,-0.8391,pending,,2026-06-05T13:08:36+00:00
trackb_cont_HZO_20260604,,,,,,35.459999,34.41,,,,,,-0.434,pending,,2026-06-05T13:08:36+00:00
trackb_cont_HZO_20260605,,,,,,,,,,,,,,pending,,2026-06-05T13:08:36+00:00
trackb_cont_H_20260603,,,,,,189.639999,182.429993,,,,,,-1.7397,pending,,2026-06-05T13:08:28+00:00
trackb_cont_H_20260604,,,,,,189.639999,185.130005,,,,,,-0.2855,pending,,2026-06-05T13:08:28+00:00
trackb_cont_H_20260605,,,,,,,,,,,,,,pending,,2026-06-05T13:08:28+00:00
trackb_cont_IAUX_20260603,,,,,,1.6,1.515,,,,,,-2.5723,pending,,2026-06-05T13:08:15+00:00
trackb_cont_IAUX_20260604,,,,,,1.6,1.54,,,,,,-0.9646,pending,,2026-06-05T13:08:15+00:00
trackb_cont_IAUX_20260605,,,,,,,,,,,,,,pending,,2026-06-05T13:08:15+00:00
trackb_cont_IBKR_20260603,,,,,,89.029999,83.110001,,,,,,-5.3686,pending,,2026-06-05T13:08:41+00:00
trackb_cont_IBKR_20260604,,,,,,87.43,83.110001,,,,,,-5.3686,pending,,2026-06-05T13:08:41+00:00
trackb_cont_IBKR_20260605,,,,,,,,,,,,,,pending,,2026-06-05T13:08:41+00:00
trackb_cont_IBM_20260603,,,,,,318.299988,300.179993,,,,,,-1.2888,pending,,2026-06-05T13:07:20+00:00
trackb_cont_IBM_20260604,,,,,,310.440002,300.179993,,,,,,-1.2888,pending,,2026-06-05T13:07:20+00:00
trackb_cont_IBM_20260605,,,,,,,,,,,,,,pending,,2026-06-05T13:07:20+00:00
trackb_cont_ICHR_20260603,,,,,,76.349998,67.370003,,,,,,-7.6111,pending,,2026-06-05T13:08:19+00:00
trackb_cont_ICHR_20260604,,,,,,72.220001,67.370003,,,,,,-7.6111,pending,,2026-06-05T13:08:19+00:00
trackb_cont_ICHR_20260605,,,,,,,,,,,,,,pending,,2026-06-05T13:08:19+00:00
trackb_cont_IDT_20260603,,,,,,58.439999,52.009998,,,,,,-2.7214,pending,,2026-06-05T13:08:26+00:00
trackb_cont_IDT_20260604,,,,,,58.439999,52.009998,,,,,,-2.7214,pending,,2026-06-05T13:08:26+00:00
trackb_cont_IDT_20260605,,,,,,,,,,,,,,pending,,2026-06-05T13:08:26+00:00
trackb_cont_IESC_20260603,,,,,,744.880005,695.0,,,,,,-4.4595,pending,,2026-06-05T13:07:53+00:00
trackb_cont_IESC_20260604,,,,,,744.880005,695.450012,,,,,,-4.3976,pending,,2026-06-05T13:07:53+00:00
trackb_cont_IESC_20260605,,,,,,,,,,,,,,pending,,2026-06-05T13:07:53+00:00
trackb_cont_ILMN_20260603,,,,,,177.220001,160.100006,,,,,,-4.2893,pending,,2026-06-05T13:08:04+00:00
trackb_cont_ILMN_20260604,,,,,,177.220001,166.800003,,,,,,-0.284,pending,,2026-06-05T13:08:04+00:00
trackb_cont_ILMN_20260605,,,,,,,,,,,,,,pending,,2026-06-05T13:08:04+00:00
trackb_cont_ILPT_20260603,,,,,,8.97,8.63,,,,,,-1.4278,pending,,2026-06-05T13:08:24+00:00
trackb_cont_ILPT_20260604,,,,,,8.85,8.63,,,,,,-1.4278,pending,,2026-06-05T13:08:24+00:00
trackb_cont_ILPT_20260605,,,,,,,,,,,,,,pending,,2026-06-05T13:08:24+00:00
trackb_cont_INN_20260603,,,,,,6.04,5.75,,,,,,-3.4425,pending,,2026-06-05T13:07:39+00:00
trackb_cont_INN_20260604,,,,,,5.96,5.81,,,,,,-2.4349,pending,,2026-06-05T13:07:39+00:00
trackb_cont_INN_20260605,,,,,,,,,,,,,,pending,,2026-06-05T13:07:39+00:00
trackb_cont_INOD_20260603,,,,,,125.139999,104.010002,,,,,,-3.5247,pending,,2026-06-05T13:07:39+00:00
trackb_cont_INOD_20260604,,,,,,125.139999,104.010002,,,,,,-3.5247,pending,,2026-06-05T13:07:39+00:00
trackb_cont_INOD_20260605,,,,,,,,,,,,,,pending,,2026-06-05T13:07:39+00:00
trackb_cont_INSE_20260603,,,,,,7.865,7.42,,,,,,-1.7219,pending,,2026-06-05T13:09:01+00:00
trackb_cont_INSE_20260604,,,,,,7.74,7.48,,,,,,-0.9272,pending,,2026-06-05T13:09:01+00:00
trackb_cont_INSE_20260605,,,,,,,,,,,,,,pending,,2026-06-05T13:09:01+00:00
trackb_cont_IONQ_20260603,,,,,,73.650002,64.18,,,,,,-6.4977,pending,,2026-06-05T13:07:30+00:00
trackb_cont_IONQ_20260604,,,,,,69.464104,64.18,,,,,,-6.4977,pending,,2026-06-05T13:07:30+00:00
trackb_cont_IONQ_20260605,,,,,,,,,,,,,,pending,,2026-06-05T13:07:30+00:00
trackb_cont_IPGP_20260603,,,,,,135.0,115.410004,,,,,,-13.0425,pending,,2026-06-05T13:07:37+00:00
trackb_cont_IPGP_20260604,,,,,,126.43,115.410004,,,,,,-13.0425,pending,,2026-06-05T13:07:37+00:00
trackb_cont_IPGP_20260605,,,,,,,,,,,,,,pending,,2026-06-05T13:07:37+00:00
trackb_cont_IPX_20260603,,,,,,43.259998,38.509998,,,,,,-4.631,pending,,2026-06-05T13:08:08+00:00
trackb_cont_IPX_20260604,,,,,,40.540001,38.509998,,,,,,-4.631,pending,,2026-06-05T13:08:08+00:00
trackb_cont_IPX_20260605,,,,,,,,,,,,,,pending,,2026-06-05T13:08:08+00:00
trackb_cont_IP_20260603,,,,,,34.529999,33.080002,,,,,,-1.1947,pending,,2026-06-05T13:07:52+00:00
trackb_cont_IP_20260604,,,,,,34.529999,33.389999,,,,,,-0.2688,pending,,2026-06-05T13:07:52+00:00
trackb_cont_IP_20260605,,,,,,,,,,,,,,pending,,2026-06-05T13:07:52+00:00
trackb_cont_IQV_20260603,,,,,,188.860001,174.100006,,,,,,-1.0795,pending,,2026-06-05T13:09:09+00:00
trackb_cont_IQV_20260604,,,,,,188.860001,182.589996,,,,,,3.7443,pending,,2026-06-05T13:09:09+00:00
trackb_cont_IQV_20260605,,,,,,,,,,,,,,pending,,2026-06-05T13:09:09+00:00
trackb_cont_IRDM_20260603,,,,,,53.830002,47.27,,,,,,-7.4951,pending,,2026-06-05T13:08:40+00:00
trackb_cont_IRDM_20260604,,,,,,53.32,47.27,,,,,,-7.4951,pending,,2026-06-05T13:08:40+00:00
trackb_cont_IRDM_20260605,,,,,,,,,,,,,,pending,,2026-06-05T13:08:40+00:00
trackb_cont_ITGR_20260603,,,,,,93.809998,90.0,,,,,,-0.1664,pending,,2026-06-05T13:08:29+00:00
trackb_cont_ITGR_20260604,,,,,,93.809998,91.110001,,,,,,1.0649,pending,,2026-06-05T13:08:29+00:00
trackb_cont_ITGR_20260605,,,,,,,,,,,,,,pending,,2026-06-05T13:08:29+00:00
trackb_cont_IT_20260603,,,,,,171.330002,161.809998,,,,,,-1.9987,pending,,2026-06-05T13:09:02+00:00
trackb_cont_IT_20260604,,,,,,171.330002,164.139999,,,,,,-0.5875,pending,,2026-06-05T13:09:02+00:00
trackb_cont_IT_20260605,,,,,,,,,,,,,,pending,,2026-06-05T13:09:02+00:00
trackb_cont_IVT_20260603,,,,,,33.110001,32.48,,,,,,-0.8093,pending,,2026-06-05T13:08:47+00:00
trackb_cont_IVT_20260604,,,,,,33.110001,32.599998,,,,,,-0.4428,pending,,2026-06-05T13:08:47+00:00
trackb_cont_IVT_20260605,,,,,,,,,,,,,,pending,,2026-06-05T13:08:47+00:00
trackb_cont_JBHT_20260603,,,,,,284.040009,276.01001,,,,,,-1.1,pending,,2026-06-05T13:07:57+00:00
trackb_cont_JBHT_20260604,,,,,,284.040009,279.820007,,,,,,0.2652,pending,,2026-06-05T13:07:57+00:00
trackb_cont_JBHT_20260605,,,,,,,,,,,,,,pending,,2026-06-05T13:07:57+00:00
trackb_cont_JBL_20260603,,,,,,384.700012,359.540009,,,,,,-5.6078,pending,,2026-06-05T13:08:21+00:00
trackb_cont_JBL_20260604,,,,,,378.73999,359.540009,,,,,,-5.6078,pending,,2026-06-05T13:08:21+00:00
trackb_cont_JBL_20260605,,,,,,,,,,,,,,pending,,2026-06-05T13:08:21+00:00
trackb_cont_JEF_20260603,,,,,,55.32,52.630001,,,,,,-0.7356,pending,,2026-06-05T13:07:22+00:00
trackb_cont_JEF_20260604,,,,,,55.32,53.419998,,,,,,0.7544,pending,,2026-06-05T13:07:22+00:00
trackb_cont_JEF_20260605,,,,,,,,,,,,,,pending,,2026-06-05T13:07:22+00:00
trackb_cont_JRSH_20260603,,,,,,3.475,3.35,,,,,,-1.7595,pending,,2026-06-05T13:08:40+00:00
trackb_cont_JRSH_20260604,,,,,,3.47,3.4,,,,,,-0.2933,pending,,2026-06-05T13:08:40+00:00
trackb_cont_JRSH_20260605,,,,,,,,,,,,,,pending,,2026-06-05T13:08:40+00:00
trackb_cont_KBH_20260603,,,,,,52.650002,50.279999,,,,,,-0.6128,pending,,2026-06-05T13:07:45+00:00
trackb_cont_KBH_20260604,,,,,,52.650002,51.470001,,,,,,1.7395,pending,,2026-06-05T13:07:45+00:00
trackb_cont_KBH_20260605,,,,,,,,,,,,,,pending,,2026-06-05T13:07:45+00:00
trackb_cont_KDP_20260603,,,,,,31.040001,30.0,,,,,,-2.7553,pending,,2026-06-05T13:07:42+00:00
trackb_cont_KDP_20260604,,,,,,30.92,30.0,,,,,,-2.7553,pending,,2026-06-05T13:07:42+00:00
trackb_cont_KDP_20260605,,,,,,,,,,,,,,pending,,2026-06-05T13:07:42+00:00
trackb_cont_KEEL_20260603,,,,,,6.45,5.67,,,,,,-9.4249,pending,,2026-06-05T13:07:59+00:00
trackb_cont_KEEL_20260604,,,,,,6.1799,5.67,,,,,,-9.4249,pending,,2026-06-05T13:07:59+00:00
trackb_cont_KEEL_20260605,,,,,,,,,,,,,,pending,,2026-06-05T13:07:59+00:00
trackb_cont_KELYA_20260603,,,,,,11.91,11.24,,,,,,-1.3169,pending,,2026-06-05T13:08:43+00:00
trackb_cont_KELYA_20260604,,,,,,11.91,11.47,,,,,,0.7024,pending,,2026-06-05T13:08:43+00:00
trackb_cont_KELYA_20260605,,,,,,,,,,,,,,pending,,2026-06-05T13:08:43+00:00
trackb_cont_KFRC_20260603,,,,,,48.490002,45.849998,,,,,,-0.7361,pending,,2026-06-05T13:07:56+00:00
trackb_cont_KFRC_20260604,,,,,,48.490002,47.310001,,,,,,2.4248,pending,,2026-06-05T13:07:56+00:00
trackb_cont_KFRC_20260605,,,,,,,,,,,,,,pending,,2026-06-05T13:07:56+00:00
trackb_cont_KFY_20260603,,,,,,71.610001,69.239998,,,,,,-0.5744,pending,,2026-06-05T13:08:08+00:00
trackb_cont_KFY_20260604,,,,,,71.610001,70.610001,,,,,,1.3929,pending,,2026-06-05T13:08:08+00:00
trackb_cont_KFY_20260605,,,,,,,,,,,,,,pending,,2026-06-05T13:08:08+00:00
trackb_cont_KLAC_20260603,,,,,,2156.689941,2019.540039,,,,,,-2.715,pending,,2026-06-05T13:07:27+00:00
trackb_cont_KLAC_20260604,,,,,,2156.689941,2034.01001,,,,,,-2.0179,pending,,2026-06-05T13:07:27+00:00
trackb_cont_KLAC_20260605,,,,,,,,,,,,,,pending,,2026-06-05T13:07:27+00:00
trackb_cont_KLIC_20260603,,,,,,109.959999,103.059998,,,,,,-4.2594,pending,,2026-06-05T13:08:03+00:00
trackb_cont_KLIC_20260604,,,,,,109.389999,103.059998,,,,,,-4.2594,pending,,2026-06-05T13:08:03+00:00
trackb_cont_KLIC_20260605,,,,,,,,,,,,,,pending,,2026-06-05T13:08:03+00:00
trackb_cont_KMX_20260603,,,,,,47.790001,43.52,,,,,,-6.5794,pending,,2026-06-05T13:08:21+00:00
trackb_cont_KMX_20260604,,,,,,47.59,45.349998,,,,,,-2.6511,pending,,2026-06-05T13:08:21+00:00
trackb_cont_KMX_20260605,,,,,,,,,,,,,,pending,,2026-06-05T13:08:21+00:00
trackb_cont_KNX_20260603,,,,,,79.099998,76.949997,,,,,,-1.6362,pending,,2026-06-05T13:07:41+00:00
trackb_cont_KNX_20260604,,,,,,79.099998,76.949997,,,,,,-1.6362,pending,,2026-06-05T13:07:41+00:00
trackb_cont_KNX_20260605,,,,,,,,,,,,,,pending,,2026-06-05T13:07:41+00:00
trackb_cont_KN_20260603,,,,,,39.919998,37.32,,,,,,-5.0142,pending,,2026-06-05T13:07:35+00:00
trackb_cont_KN_20260604,,,,,,39.724998,37.32,,,,,,-5.0142,pending,,2026-06-05T13:07:35+00:00
trackb_cont_KN_20260605,,,,,,,,,,,,,,pending,,2026-06-05T13:07:35+00:00
trackb_cont_KOPN_20260603,,,,,,6.61,5.78,,,,,,-5.9398,pending,,2026-06-05T13:08:27+00:00
trackb_cont_KOPN_20260604,,,,,,6.49,5.78,,,,,,-5.9398,pending,,2026-06-05T13:08:27+00:00
trackb_cont_KOPN_20260605,,,,,,,,,,,,,,pending,,2026-06-05T13:08:27+00:00
trackb_cont_KRC_20260603,,,,,,36.900002,34.509998,,,,,,-0.029,pending,,2026-06-05T13:09:03+00:00
trackb_cont_KRC_20260604,,,,,,36.900002,35.540001,,,,,,2.9548,pending,,2026-06-05T13:09:03+00:00
trackb_cont_KRC_20260605,,,,,,,,,,,,,,pending,,2026-06-05T13:09:03+00:00
trackb_cont_KREF_20260603,,,,,,7.06,6.715,,,,,,-0.297,pending,,2026-06-05T13:07:16+00:00
trackb_cont_KREF_20260604,,,,,,7.06,6.76,,,,,,0.3712,pending,,2026-06-05T13:07:16+00:00
trackb_cont_KREF_20260605,,,,,,,,,,,,,,pending,,2026-06-05T13:07:16+00:00
trackb_cont_LAD_20260603,,,,,,296.25,287.269989,,,,,,-2.0559,pending,,2026-06-05T13:07:39+00:00
trackb_cont_LAD_20260604,,,,,,294.809998,287.269989,,,,,,-2.0559,pending,,2026-06-05T13:07:39+00:00
trackb_cont_LAD_20260605,,,,,,,,,,,,,,pending,,2026-06-05T13:07:39+00:00
trackb_cont_LCUT_20260603,,,,,,9.6,8.72,,,,,,-2.7871,pending,,2026-06-05T13:08:22+00:00
trackb_cont_LCUT_20260604,,,,,,9.6,9.04,,,,,,0.7804,pending,,2026-06-05T13:08:22+00:00
trackb_cont_LCUT_20260605,,,,,,,,,,,,,,pending,,2026-06-05T13:08:22+00:00
trackb_cont_LEA_20260603,,,,,,147.660004,143.889999,,,,,,-1.8151,pending,,2026-06-05T13:08:11+00:00
trackb_cont_LEA_20260604,,,,,,145.789993,143.889999,,,,,,-1.8151,pending,,2026-06-05T13:08:11+00:00
trackb_cont_LEA_20260605,,,,,,,,,,,,,,pending,,2026-06-05T13:08:11+00:00
trackb_cont_LEGH_20260603,,,,,,24.99,23.02,,,,,,-0.6259,pending,,2026-06-05T13:08:41+00:00
trackb_cont_LEGH_20260604,,,,,,23.815001,23.02,,,,,,-0.6259,pending,,2026-06-05T13:08:41+00:00
trackb_cont_LEGH_20260605,,,,,,,,,,,,,,pending,,2026-06-05T13:08:41+00:00
trackb_cont_LEN_20260603,,,,,,92.599998,88.82,,,,,,-0.4037,pending,,2026-06-05T13:08:56+00:00
trackb_cont_LEN_20260604,,,,,,92.599998,90.110001,,,,,,1.0428,pending,,2026-06-05T13:08:56+00:00
trackb_cont_LEN_20260605,,,,,,,,,,,,,,pending,,2026-06-05T13:08:56+00:00
trackb_cont_LFUS_20260603,,,,,,500.570007,463.0,,,,,,-6.186,pending,,2026-06-05T13:07:19+00:00
trackb_cont_LFUS_20260604,,,,,,483.670013,463.0,,,,,,-6.186,pending,,2026-06-05T13:07:19+00:00
trackb_cont_LFUS_20260605,,,,,,,,,,,,,,pending,,2026-06-05T13:07:19+00:00
trackb_cont_LGIH_20260603,,,,,,51.294998,47.130001,,,,,,-0.3805,pending,,2026-06-05T13:08:17+00:00
trackb_cont_LGIH_20260604,,,,,,51.294998,50.060001,,,,,,5.8127,pending,,2026-06-05T13:08:17+00:00
trackb_cont_LGIH_20260605,,,,,,,,,,,,,,pending,,2026-06-05T13:08:17+00:00
trackb_cont_LIND_20260603,,,,,,23.0,21.68,,,,,,-2.8238,pending,,2026-06-05T13:08:23+00:00
trackb_cont_LIND_20260604,,,,,,22.594999,21.93,,,,,,-1.7033,pending,,2026-06-05T13:08:23+00:00
trackb_cont_LIND_20260605,,,,,,,,,,,,,,pending,,2026-06-05T13:08:23+00:00
trackb_cont_LINE_20260603,,,,,,43.439999,41.450001,,,,,,-0.5757,pending,,2026-06-05T13:08:48+00:00
trackb_cont_LINE_20260604,,,,,,43.439999,41.93,,,,,,0.5757,pending,,2026-06-05T13:08:48+00:00
trackb_cont_LINE_20260605,,,,,,,,,,,,,,pending,,2026-06-05T13:08:48+00:00
trackb_cont_LITE_20260603,,,,,,1049.530029,864.200073,,,,,,-10.4224,pending,,2026-06-05T13:08:47+00:00
trackb_cont_LITE_20260604,,,,,,955.476807,864.200073,,,,,,-10.4224,pending,,2026-06-05T13:08:47+00:00
trackb_cont_LITE_20260605,,,,,,,,,,,,,,pending,,2026-06-05T13:08:47+00:00
trackb_cont_LNN_20260603,,,,,,115.900002,112.019997,,,,,,-0.3203,pending,,2026-06-05T13:08:01+00:00
trackb_cont_LNN_20260604,,,,,,115.900002,113.050003,,,,,,0.5962,pending,,2026-06-05T13:08:01+00:00
trackb_cont_LNN_20260605,,,,,,,,,,,,,,pending,,2026-06-05T13:08:01+00:00
trackb_cont_LODE_20260603,,,,,,4.64,3.86,,,,,,-2.402,pending,,2026-06-05T13:07:42+00:00
trackb_cont_LODE_20260604,,,,,,4.64,4.13,,,,,,4.4248,pending,,2026-06-05T13:07:42+00:00
trackb_cont_LODE_20260605,,,,,,,,,,,,,,pending,,2026-06-05T13:07:42+00:00
trackb_cont_LPX_20260603,,,,,,75.099998,71.010002,,,,,,-4.0341,pending,,2026-06-05T13:09:18+00:00
trackb_cont_LPX_20260604,,,,,,75.099998,71.010002,,,,,,-4.0341,pending,,2026-06-05T13:09:18+00:00
trackb_cont_LPX_20260605,,,,,,,,,,,,,,pending,,2026-06-05T13:09:18+00:00
trackb_cont_LRCX_20260603,,,,,,346.190002,324.709991,,,,,,-4.2704,pending,,2026-06-05T13:07:13+00:00
trackb_cont_LRCX_20260604,,,,,,342.369995,324.709991,,,,,,-4.2704,pending,,2026-06-05T13:07:13+00:00
trackb_cont_LRCX_20260605,,,,,,,,,,,,,,pending,,2026-06-05T13:07:13+00:00
trackb_cont_LRN_20260603,,,,,,102.0,97.339996,,,,,,-0.5466,pending,,2026-06-05T13:07:47+00:00
trackb_cont_LRN_20260604,,,,,,102.0,100.129997,,,,,,2.304,pending,,2026-06-05T13:07:47+00:00
trackb_cont_LRN_20260605,,,,,,,,,,,,,,pending,,2026-06-05T13:07:47+00:00
trackb_cont_LSTR_20260603,,,,,,220.559998,212.039993,,,,,,-1.3309,pending,,2026-06-05T13:07:28+00:00
trackb_cont_LSTR_20260604,,,,,,220.559998,216.690002,,,,,,0.8329,pending,,2026-06-05T13:07:28+00:00
trackb_cont_LSTR_20260605,,,,,,,,,,,,,,pending,,2026-06-05T13:07:28+00:00
trackb_cont_LUMN_20260603,,,,,,10.7,9.68,,,,,,-4.1109,pending,,2026-06-05T13:08:59+00:00
trackb_cont_LUMN_20260604,,,,,,10.12,9.68,,,,,,-4.1109,pending,,2026-06-05T13:08:59+00:00
trackb_cont_LUMN_20260605,,,,,,,,,,,,,,pending,,2026-06-05T13:08:59+00:00
trackb_cont_LUV_20260603,,,,,,42.299999,40.82,,,,,,-1.3533,pending,,2026-06-05T13:09:19+00:00
trackb_cont_LUV_20260604,,,,,,42.299999,41.049999,,,,,,-0.7975,pending,,2026-06-05T13:09:19+00:00
trackb_cont_LUV_20260605,,,,,,,,,,,,,,pending,,2026-06-05T13:09:19+00:00
trackb_cont_MAN_20260603,,,,,,32.470001,30.049999,,,,,,-1.346,pending,,2026-06-05T13:08:46+00:00
trackb_cont_MAN_20260604,,,,,,32.470001,31.049999,,,,,,1.937,pending,,2026-06-05T13:08:46+00:00
trackb_cont_MAN_20260605,,,,,,,,,,,,,,pending,,2026-06-05T13:08:46+00:00
trackb_cont_MARA_20260603,,,,,,14.38,13.27,,,,,,-5.6188,pending,,2026-06-05T13:09:15+00:00
trackb_cont_MARA_20260604,,,,,,14.065,13.27,,,,,,-5.6188,pending,,2026-06-05T13:09:15+00:00
trackb_cont_MARA_20260605,,,,,,,,,,,,,,pending,,2026-06-05T13:09:15+00:00
trackb_cont_MASI_20260603,,,,,,178.960007,178.630005,,,,,,-0.0364,pending,,2026-06-05T13:09:17+00:00
trackb_cont_MASI_20260604,,,,,,178.960007,178.720001,,,,,,0.014,pending,,2026-06-05T13:09:17+00:00
trackb_cont_MASI_20260605,,,,,,,,,,,,,,pending,,2026-06-05T13:09:17+00:00
trackb_cont_MATX_20260603,,,,,,192.0,185.039993,,,,,,-1.1538,pending,,2026-06-05T13:08:00+00:00
trackb_cont_MATX_20260604,,,,,,192.0,186.020004,,,,,,-0.6303,pending,,2026-06-05T13:08:00+00:00
trackb_cont_MATX_20260605,,,,,,,,,,,,,,pending,,2026-06-05T13:08:00+00:00
trackb_cont_MDB_20260603,,,,,,392.48999,364.369995,,,,,,-2.0695,pending,,2026-06-05T13:07:55+00:00
trackb_cont_MDB_20260604,,,,,,390.0,369.0,,,,,,-0.8251,pending,,2026-06-05T13:07:55+00:00
trackb_cont_MDB_20260605,,,,,,,,,,,,,,pending,,2026-06-05T13:07:55+00:00
trackb_cont_MEC_20260603,,,,,,33.5,30.059999,,,,,,-7.1362,pending,,2026-06-05T13:07:16+00:00
trackb_cont_MEC_20260604,,,,,,32.990002,30.059999,,,,,,-7.1362,pending,,2026-06-05T13:07:16+00:00
trackb_cont_MEC_20260605,,,,,,,,,,,,,,pending,,2026-06-05T13:07:16+00:00
trackb_cont_METC_20260603,,,,,,17.52,16.309999,,,,,,-3.176,pending,,2026-06-05T13:08:08+00:00
trackb_cont_METC_20260604,,,,,,17.52,16.309999,,,,,,-3.176,pending,,2026-06-05T13:08:08+00:00
trackb_cont_METC_20260605,,,,,,,,,,,,,,pending,,2026-06-05T13:08:08+00:00
trackb_cont_MET_20260603,,,,,,83.849998,80.510002,,,,,,-0.654,pending,,2026-06-05T13:09:18+00:00
trackb_cont_MET_20260604,,,,,,83.849998,81.849998,,,,,,0.9995,pending,,2026-06-05T13:09:18+00:00
trackb_cont_MET_20260605,,,,,,,,,,,,,,pending,,2026-06-05T13:09:18+00:00
trackb_cont_MGM_20260603,,,,,,48.75,47.669998,,,,,,-0.2511,pending,,2026-06-05T13:08:45+00:00
trackb_cont_MGM_20260604,,,,,,48.720001,47.669998,,,,,,-0.2511,pending,,2026-06-05T13:08:45+00:00
trackb_cont_MGM_20260605,,,,,,,,,,,,,,pending,,2026-06-05T13:08:45+00:00
trackb_cont_MGNI_20260603,,,,,,15.445,14.0,,,,,,-0.6388,pending,,2026-06-05T13:08:51+00:00
trackb_cont_MGNI_20260604,,,,,,15.445,14.68,,,,,,4.1874,pending,,2026-06-05T13:08:51+00:00
trackb_cont_MGNI_20260605,,,,,,,,,,,,,,pending,,2026-06-05T13:08:51+00:00
trackb_cont_MHK_20260603,,,,,,107.650002,103.809998,,,,,,-0.703,pending,,2026-06-05T13:08:38+00:00
trackb_cont_MHK_20260604,,,,,,107.650002,104.540001,,,,,,-0.0048,pending,,2026-06-05T13:08:38+00:00
trackb_cont_MHK_20260605,,,,,,,,,,,,,,pending,,2026-06-05T13:08:38+00:00
trackb_cont_MHO_20260603,,,,,,139.470001,135.830002,,,,,,-0.1764,pending,,2026-06-05T13:08:18+00:00
trackb_cont_MHO_20260604,,,,,,139.470001,137.070007,,,,,,0.7349,pending,,2026-06-05T13:08:18+00:00
trackb_cont_MHO_20260605,,,,,,,,,,,,,,pending,,2026-06-05T13:08:18+00:00
trackb_cont_MKSI_20260603,,,,,,341.809998,318.01001,,,,,,-5.8529,pending,,2026-06-05T13:08:14+00:00
trackb_cont_MKSI_20260604,,,,,,335.829987,318.01001,,,,,,-5.8529,pending,,2026-06-05T13:08:14+00:00
trackb_cont_MKSI_20260605,,,,,,,,,,,,,,pending,,2026-06-05T13:08:14+00:00
trackb_cont_MLAB_20260603,,,,,,110.43,101.68,,,,,,-0.3821,pending,,2026-06-05T13:08:23+00:00
trackb_cont_MLAB_20260604,,,,,,110.43,104.309998,,,,,,2.1946,pending,,2026-06-05T13:08:23+00:00
trackb_cont_MLAB_20260605,,,,,,,,,,,,,,pending,,2026-06-05T13:08:23+00:00
trackb_cont_MMI_20260603,,,,,,29.940001,28.75,,,,,,-0.4846,pending,,2026-06-05T13:08:42+00:00
trackb_cont_MMI_20260604,,,,,,29.940001,29.299999,,,,,,1.4192,pending,,2026-06-05T13:08:42+00:00
trackb_cont_MMI_20260605,,,,,,,,,,,,,,pending,,2026-06-05T13:08:42+00:00
trackb_cont_MMM_20260603,,,,,,154.320007,151.509995,,,,,,-0.9933,pending,,2026-06-05T13:09:02+00:00
trackb_cont_MMM_20260604,,,,,,154.320007,152.429993,,,,,,-0.3921,pending,,2026-06-05T13:09:02+00:00
trackb_cont_MMM_20260605,,,,,,,,,,,,,,pending,,2026-06-05T13:09:02+00:00
trackb_cont_MNST_20260603,,,,,,90.440002,87.839996,,,,,,-1.2035,pending,,2026-06-05T13:08:03+00:00
trackb_cont_MNST_20260604,,,,,,90.440002,88.300003,,,,,,-0.6861,pending,,2026-06-05T13:08:03+00:00
trackb_cont_MNST_20260605,,,,,,,,,,,,,,pending,,2026-06-05T13:08:03+00:00
trackb_cont_MOD_20260603,,,,,,318.609985,282.149994,,,,,,-8.6124,pending,,2026-06-05T13:08:36+00:00
trackb_cont_MOD_20260604,,,,,,304.809998,282.149994,,,,,,-8.6124,pending,,2026-06-05T13:08:36+00:00
trackb_cont_MOD_20260605,,,,,,,,,,,,,,pending,,2026-06-05T13:08:36+00:00
trackb_cont_MPC_20260603,,,,,,272.459991,261.480011,,,,,,-3.3095,pending,,2026-06-05T13:07:39+00:00
trackb_cont_MPC_20260604,,,,,,270.339996,261.480011,,,,,,-3.3095,pending,,2026-06-05T13:07:39+00:00
trackb_cont_MPC_20260605,,,,,,,,,,,,,,pending,,2026-06-05T13:07:39+00:00
trackb_cont_MPWR_20260603,,,,,,1697.349976,1591.640015,,,,,,-4.0614,pending,,2026-06-05T13:09:21+00:00
trackb_cont_MPWR_20260604,,,,,,1666.689941,1591.640015,,,,,,-4.0614,pending,,2026-06-05T13:09:21+00:00
trackb_cont_MPWR_20260605,,,,,,,,,,,,,,pending,,2026-06-05T13:09:21+00:00
trackb_cont_MP_20260603,,,,,,71.926003,64.980003,,,,,,-5.3597,pending,,2026-06-05T13:08:44+00:00
trackb_cont_MP_20260604,,,,,,67.25,64.980003,,,,,,-5.3597,pending,,2026-06-05T13:08:44+00:00
trackb_cont_MP_20260605,,,,,,,,,,,,,,pending,,2026-06-05T13:08:44+00:00
trackb_cont_MRTN_20260603,,,,,,17.98,17.309999,,,,,,-1.9263,pending,,2026-06-05T13:07:25+00:00
trackb_cont_MRTN_20260604,,,,,,17.98,17.620001,,,,,,-0.17,pending,,2026-06-05T13:07:25+00:00
trackb_cont_MRTN_20260605,,,,,,,,,,,,,,pending,,2026-06-05T13:07:25+00:00
trackb_cont_MRVL_20260603,,,,,,324.200012,277.559998,,,,,,-8.6162,pending,,2026-06-05T13:07:17+00:00
trackb_cont_MRVL_20260604,,,,,,321.5,277.559998,,,,,,-8.6162,pending,,2026-06-05T13:07:17+00:00
trackb_cont_MRVL_20260605,,,,,,,,,,,,,,pending,,2026-06-05T13:07:17+00:00
trackb_cont_MSCI_20260603,,,,,,627.440002,613.059998,,,,,,-1.4401,pending,,2026-06-05T13:08:27+00:00
trackb_cont_MSCI_20260604,,,,,,627.440002,616.650024,,,,,,-0.8629,pending,,2026-06-05T13:08:27+00:00
trackb_cont_MSCI_20260605,,,,,,,,,,,,,,pending,,2026-06-05T13:08:27+00:00
trackb_cont_MSEX_20260603,,,,,,53.189999,51.759998,,,,,,-1.4283,pending,,2026-06-05T13:07:58+00:00
trackb_cont_MSEX_20260604,,,,,,53.189999,52.060001,,,,,,-0.857,pending,,2026-06-05T13:07:58+00:00
trackb_cont_MSEX_20260605,,,,,,,,,,,,,,pending,,2026-06-05T13:07:58+00:00
trackb_cont_MSGS_20260603,,,,,,390.119995,378.0,,,,,,-0.9849,pending,,2026-06-05T13:07:22+00:00
trackb_cont_MSGS_20260604,,,,,,390.119995,382.51001,,,,,,0.1965,pending,,2026-06-05T13:07:22+00:00
trackb_cont_MSGS_20260605,,,,,,,,,,,,,,pending,,2026-06-05T13:07:22+00:00
trackb_cont_MSM_20260603,,,,,,118.519997,113.529999,,,,,,-2.3146,pending,,2026-06-05T13:07:36+00:00
trackb_cont_MSM_20260604,,,,,,118.519997,116.75,,,,,,0.456,pending,,2026-06-05T13:07:36+00:00
trackb_cont_MSM_20260605,,,,,,,,,,,,,,pending,,2026-06-05T13:07:36+00:00
trackb_cont_MS_20260603,,,,,,219.160004,208.789993,,,,,,-0.4624,pending,,2026-06-05T13:07:43+00:00
trackb_cont_MS_20260604,,,,,,219.160004,211.149994,,,,,,0.6627,pending,,2026-06-05T13:07:43+00:00
trackb_cont_MS_20260605,,,,,,,,,,,,,,pending,,2026-06-05T13:07:43+00:00
trackb_cont_MTB_20260603,,,,,,221.789993,213.679993,,,,,,-0.2591,pending,,2026-06-05T13:07:30+00:00
trackb_cont_MTB_20260604,,,,,,221.789993,216.770004,,,,,,1.1833,pending,,2026-06-05T13:07:30+00:00
trackb_cont_MTB_20260605,,,,,,,,,,,,,,pending,,2026-06-05T13:07:30+00:00
trackb_cont_MTH_20260603,,,,,,68.809998,66.769997,,,,,,-0.758,pending,,2026-06-05T13:08:46+00:00
trackb_cont_MTH_20260604,,,,,,68.809998,67.620003,,,,,,0.5054,pending,,2026-06-05T13:08:46+00:00
trackb_cont_MTH_20260605,,,,,,,,,,,,,,pending,,2026-06-05T13:08:46+00:00
trackb_cont_MTN_20260603,,,,,,137.639999,133.0,,,,,,-1.4742,pending,,2026-06-05T13:07:59+00:00
trackb_cont_MTN_20260604,,,,,,137.130005,133.460007,,,,,,-1.1334,pending,,2026-06-05T13:07:59+00:00
trackb_cont_MTN_20260605,,,,,,,,,,,,,,pending,,2026-06-05T13:07:59+00:00
trackb_cont_MTRN_20260603,,,,,,230.080002,218.100006,,,,,,-4.1614,pending,,2026-06-05T13:07:50+00:00
trackb_cont_MTRN_20260604,,,,,,230.0,218.100006,,,,,,-4.1614,pending,,2026-06-05T13:07:50+00:00
trackb_cont_MTRN_20260605,,,,,,,,,,,,,,pending,,2026-06-05T13:07:50+00:00
trackb_cont_MTSI_20260603,,,,,,395.309998,367.660095,,,,,,-6.1349,pending,,2026-06-05T13:09:15+00:00
trackb_cont_MTSI_20260604,,,,,,390.339996,367.660095,,,,,,-6.1349,pending,,2026-06-05T13:09:15+00:00
trackb_cont_MTSI_20260605,,,,,,,,,,,,,,pending,,2026-06-05T13:09:15+00:00
trackb_cont_MTUS_20260603,,,,,,20.280001,19.66,,,,,,-1.8717,pending,,2026-06-05T13:07:28+00:00
trackb_cont_MTUS_20260604,,,,,,20.280001,19.66,,,,,,-1.8717,pending,,2026-06-05T13:07:28+00:00
trackb_cont_MTUS_20260605,,,,,,,,,,,,,,pending,,2026-06-05T13:07:28+00:00
trackb_cont_MU_20260603,,,,,,1089.290039,971.679993,,,,,,-8.1718,pending,,2026-06-05T13:07:20+00:00
trackb_cont_MU_20260604,,,,,,1036.369995,971.679993,,,,,,-8.1718,pending,,2026-06-05T13:07:20+00:00
trackb_cont_MU_20260605,,,,,,,,,,,,,,pending,,2026-06-05T13:07:20+00:00
trackb_cont_MYE_20260603,,,,,,23.959999,22.940001,,,,,,-2.5902,pending,,2026-06-05T13:08:50+00:00
trackb_cont_MYE_20260604,,,,,,23.959999,23.27,,,,,,-1.189,pending,,2026-06-05T13:08:50+00:00
trackb_cont_MYE_20260605,,,,,,,,,,,,,,pending,,2026-06-05T13:08:50+00:00
trackb_cont_MYPS_20260603,,,,,,0.585,0.51,,,,,,-5.4855,pending,,2026-06-05T13:08:13+00:00
trackb_cont_MYPS_20260604,,,,,,0.585,0.5106,,,,,,-5.3744,pending,,2026-06-05T13:08:13+00:00
trackb_cont_MYPS_20260605,,,,,,,,,,,,,,pending,,2026-06-05T13:08:13+00:00
trackb_cont_NBIX_20260603,,,,,,169.570007,155.119995,,,,,,-5.137,pending,,2026-06-05T13:09:08+00:00
trackb_cont_NBIX_20260604,,,,,,169.570007,164.520004,,,,,,0.6115,pending,,2026-06-05T13:09:08+00:00
trackb_cont_NBIX_20260605,,,,,,,,,,,,,,pending,,2026-06-05T13:09:08+00:00
trackb_cont_NB_20260603,,,,,,6.17,5.61,,,,,,-4.5106,pending,,2026-06-05T13:08:09+00:00
trackb_cont_NB_20260604,,,,,,5.96,5.61,,,,,,-4.5106,pending,,2026-06-05T13:08:09+00:00
trackb_cont_NB_20260605,,,,,,,,,,,,,,pending,,2026-06-05T13:08:09+00:00
trackb_cont_NCMI_20260603,,,,,,3.61,3.48,,,,,,-2.1097,pending,,2026-06-05T13:08:18+00:00
trackb_cont_NCMI_20260604,,,,,,3.61,3.5,,,,,,-1.5471,pending,,2026-06-05T13:08:18+00:00
trackb_cont_NCMI_20260605,,,,,,,,,,,,,,pending,,2026-06-05T13:08:18+00:00
trackb_cont_NET_20260603,,,,,,276.815002,253.940002,,,,,,-2.7422,pending,,2026-06-05T13:07:18+00:00
trackb_cont_NET_20260604,,,,,,276.815002,253.940002,,,,,,-2.7422,pending,,2026-06-05T13:07:18+00:00
trackb_cont_NET_20260605,,,,,,,,,,,,,,pending,,2026-06-05T13:07:18+00:00
trackb_cont_NEU_20260603,,,,,,799.059998,769.169983,,,,,,-2.2177,pending,,2026-06-05T13:08:27+00:00
trackb_cont_NEU_20260604,,,,,,799.059998,775.719971,,,,,,-1.3851,pending,,2026-06-05T13:08:27+00:00
trackb_cont_NEU_20260605,,,,,,,,,,,,,,pending,,2026-06-05T13:08:27+00:00
trackb_cont_NGVC_20260603,,,,,,29.799999,28.33,,,,,,-1.0306,pending,,2026-06-05T13:09:04+00:00
trackb_cont_NGVC_20260604,,,,,,29.799999,28.342501,,,,,,-0.9869,pending,,2026-06-05T13:09:04+00:00
trackb_cont_NGVC_20260605,,,,,,,,,,,,,,pending,,2026-06-05T13:09:04+00:00
trackb_cont_NIXX_20260603,,,,,,0.8799,0.7067,,,,,,-1.3402,pending,,2026-06-05T13:09:14+00:00
trackb_cont_NIXX_20260604,,,,,,0.8799,0.73,,,,,,1.9126,pending,,2026-06-05T13:09:14+00:00
trackb_cont_NIXX_20260605,,,,,,,,,,,,,,pending,,2026-06-05T13:09:14+00:00
trackb_cont_NMAX_20260603,,,,,,10.0,8.12,,,,,,-2.6379,pending,,2026-06-05T13:07:41+00:00
trackb_cont_NMAX_20260604,,,,,,10.0,8.64,,,,,,3.5971,pending,,2026-06-05T13:07:41+00:00
trackb_cont_NMAX_20260605,,,,,,,,,,,,,,pending,,2026-06-05T13:07:41+00:00
trackb_cont_NNBR_20260603,,,,,,3.18,2.86,,,,,,-6.383,pending,,2026-06-05T13:07:55+00:00
trackb_cont_NNBR_20260604,,,,,,3.08,2.86,,,,,,-6.383,pending,,2026-06-05T13:07:55+00:00
trackb_cont_NNBR_20260605,,,,,,,,,,,,,,pending,,2026-06-05T13:07:55+00:00
trackb_cont_NOVT_20260603,,,,,,171.699997,163.199997,,,,,,-4.0395,pending,,2026-06-05T13:07:45+00:00
trackb_cont_NOVT_20260604,,,,,,171.419998,163.199997,,,,,,-4.0395,pending,,2026-06-05T13:07:45+00:00
trackb_cont_NOVT_20260605,,,,,,,,,,,,,,pending,,2026-06-05T13:07:45+00:00
trackb_cont_NOW_20260603,,,,,,128.080002,117.339996,,,,,,-2.1841,pending,,2026-06-05T13:08:52+00:00
trackb_cont_NOW_20260604,,,,,,124.790001,119.360001,,,,,,-0.5002,pending,,2026-06-05T13:08:52+00:00
trackb_cont_NOW_20260605,,,,,,,,,,,,,,pending,,2026-06-05T13:08:52+00:00
trackb_cont_NRGV_20260603,,,,,,6.645,5.56,,,,,,-8.402,pending,,2026-06-05T13:08:47+00:00
trackb_cont_NRGV_20260604,,,,,,6.645,5.56,,,,,,-8.402,pending,,2026-06-05T13:08:47+00:00
trackb_cont_NRGV_20260605,,,,,,,,,,,,,,pending,,2026-06-05T13:08:47+00:00
trackb_cont_NSIT_20260603,,,,,,120.68,109.480003,,,,,,-2.6974,pending,,2026-06-05T13:07:40+00:00
trackb_cont_NSIT_20260604,,,,,,120.68,114.43,,,,,,1.702,pending,,2026-06-05T13:07:40+00:00
trackb_cont_NSIT_20260605,,,,,,,,,,,,,,pending,,2026-06-05T13:07:40+00:00
trackb_cont_NSP_20260603,,,,,,35.240002,33.23,,,,,,-2.5799,pending,,2026-06-05T13:08:26+00:00
trackb_cont_NSP_20260604,,,,,,34.790001,33.279999,,,,,,-2.4333,pending,,2026-06-05T13:08:26+00:00
trackb_cont_NSP_20260605,,,,,,,,,,,,,,pending,,2026-06-05T13:08:26+00:00
trackb_cont_NTAP_20260603,,,,,,182.860001,174.710007,,,,,,-2.56,pending,,2026-06-05T13:08:49+00:00
trackb_cont_NTAP_20260604,,,,,,180.0,174.710007,,,,,,-2.56,pending,,2026-06-05T13:08:49+00:00
trackb_cont_NTAP_20260605,,,,,,,,,,,,,,pending,,2026-06-05T13:08:49+00:00
trackb_cont_NTGR_20260603,,,,,,27.16,25.459999,,,,,,-2.6014,pending,,2026-06-05T13:08:42+00:00
trackb_cont_NTGR_20260604,,,,,,26.17,25.459999,,,,,,-2.6014,pending,,2026-06-05T13:08:42+00:00
trackb_cont_NTGR_20260605,,,,,,,,,,,,,,pending,,2026-06-05T13:08:42+00:00
trackb_cont_NTRS_20260603,,,,,,173.660004,166.270004,,,,,,-0.3476,pending,,2026-06-05T13:07:27+00:00
trackb_cont_NTRS_20260604,,,,,,173.660004,168.720001,,,,,,1.1208,pending,,2026-06-05T13:07:27+00:00
trackb_cont_NTRS_20260605,,,,,,,,,,,,,,pending,,2026-06-05T13:07:27+00:00
trackb_cont_NUE_20260603,,,,,,264.670013,255.009995,,,,,,-1.8173,pending,,2026-06-05T13:07:31+00:00
trackb_cont_NUE_20260604,,,,,,264.670013,255.009995,,,,,,-1.8173,pending,,2026-06-05T13:07:31+00:00
trackb_cont_NUE_20260605,,,,,,,,,,,,,,pending,,2026-06-05T13:07:31+00:00
trackb_cont_NVRI_20260603,,,,,,19.799999,17.620001,,,,,,-3.8734,pending,,2026-06-05T13:07:14+00:00
trackb_cont_NVRI_20260604,,,,,,19.76,18.02,,,,,,-1.6912,pending,,2026-06-05T13:07:14+00:00
trackb_cont_NVRI_20260605,,,,,,,,,,,,,,pending,,2026-06-05T13:07:14+00:00
trackb_cont_NWPX_20260603,,,,,,123.489998,118.0,,,,,,-1.631,pending,,2026-06-05T13:08:39+00:00
trackb_cont_NWPX_20260604,,,,,,123.489998,118.0,,,,,,-1.631,pending,,2026-06-05T13:08:39+00:00
trackb_cont_NWPX_20260605,,,,,,,,,,,,,,pending,,2026-06-05T13:08:39+00:00
trackb_cont_NXT_20260603,,,,,,154.529999,139.759995,,,,,,-4.5681,pending,,2026-06-05T13:09:00+00:00
trackb_cont_NXT_20260604,,,,,,152.425003,139.759995,,,,,,-4.5681,pending,,2026-06-05T13:09:00+00:00
trackb_cont_NXT_20260605,,,,,,,,,,,,,,pending,,2026-06-05T13:09:00+00:00
trackb_cont_ODFL_20260603,,,,,,245.779999,230.869995,,,,,,-1.1009,pending,,2026-06-05T13:07:24+00:00
trackb_cont_ODFL_20260604,,,,,,245.779999,238.889999,,,,,,2.3346,pending,,2026-06-05T13:07:24+00:00
trackb_cont_ODFL_20260605,,,,,,,,,,,,,,pending,,2026-06-05T13:07:24+00:00
trackb_cont_OII_20260603,,,,,,39.93,37.490002,,,,,,-3.0013,pending,,2026-06-05T13:09:19+00:00
trackb_cont_OII_20260604,,,,,,39.93,37.490002,,,,,,-3.0013,pending,,2026-06-05T13:09:19+00:00
trackb_cont_OII_20260605,,,,,,,,,,,,,,pending,,2026-06-05T13:09:19+00:00
trackb_cont_OKLO_20260603,,,,,,70.849998,63.3302,,,,,,-3.0758,pending,,2026-06-05T13:09:07+00:00
trackb_cont_OKLO_20260604,,,,,,66.569702,63.3302,,,,,,-3.0758,pending,,2026-06-05T13:09:07+00:00
trackb_cont_OKLO_20260605,,,,,,,,,,,,,,pending,,2026-06-05T13:09:07+00:00
trackb_cont_OKTA_20260603,,,,,,132.735001,120.715202,,,,,,-3.3273,pending,,2026-06-05T13:08:01+00:00
trackb_cont_OKTA_20260604,,,,,,125.294998,120.715202,,,,,,-3.3273,pending,,2026-06-05T13:08:01+00:00
trackb_cont_OKTA_20260605,,,,,,,,,,,,,,pending,,2026-06-05T13:08:01+00:00
trackb_cont_OLOX_20260603,,,,,,10.666,7.5,,,,,,-20.9694,pending,,2026-06-05T13:08:46+00:00
trackb_cont_OLOX_20260604,,,,,,8.25,7.5,,,,,,-20.9694,pending,,2026-06-05T13:08:46+00:00
trackb_cont_OLOX_20260605,,,,,,,,,,,,,,pending,,2026-06-05T13:08:46+00:00
trackb_cont_OMDA_20260603,,,,,,18.68,16.969999,,,,,,-2.3023,pending,,2026-06-05T13:08:49+00:00
trackb_cont_OMDA_20260604,,,,,,18.68,17.360001,,,,,,-0.057,pending,,2026-06-05T13:08:49+00:00
trackb_cont_OMDA_20260605,,,,,,,,,,,,,,pending,,2026-06-05T13:08:49+00:00
trackb_cont_ONDS_20260603,,,,,,13.0,11.06,,,,,,-5.9524,pending,,2026-06-05T13:08:01+00:00
trackb_cont_ONDS_20260604,,,,,,12.42,11.06,,,,,,-5.9524,pending,,2026-06-05T13:08:01+00:00
trackb_cont_ONDS_20260605,,,,,,,,,,,,,,pending,,2026-06-05T13:08:01+00:00
trackb_cont_ONL_20260603,,,,,,2.9851,2.88,,,,,,-1.2007,pending,,2026-06-05T13:09:11+00:00
trackb_cont_ONL_20260604,,,,,,2.9851,2.8801,,,,,,-1.1973,pending,,2026-06-05T13:09:11+00:00
trackb_cont_ONL_20260605,,,,,,,,,,,,,,pending,,2026-06-05T13:09:11+00:00
trackb_cont_ON_20260603,,,,,,134.919998,124.919998,,,,,,-5.2416,pending,,2026-06-05T13:07:36+00:00
trackb_cont_ON_20260604,,,,,,134.490005,124.919998,,,,,,-5.2416,pending,,2026-06-05T13:07:36+00:00
trackb_cont_ON_20260605,,,,,,,,,,,,,,pending,,2026-06-05T13:07:36+00:00
trackb_cont_OPAD_20260603,,,,,,0.802,0.7358,,,,,,-5.6788,pending,,2026-06-05T13:08:04+00:00
trackb_cont_OPAD_20260604,,,,,,0.7614,0.7358,,,,,,-5.6788,pending,,2026-06-05T13:08:04+00:00
trackb_cont_OPAD_20260605,,,,,,,,,,,,,,pending,,2026-06-05T13:08:04+00:00
trackb_cont_OPAL_20260603,,,,,,2.31,2.195,,,,,,-2.6608,pending,,2026-06-05T13:08:43+00:00
trackb_cont_OPAL_20260604,,,,,,2.31,2.21,,,,,,-1.9956,pending,,2026-06-05T13:08:43+00:00
trackb_cont_OPAL_20260605,,,,,,,,,,,,,,pending,,2026-06-05T13:08:43+00:00
trackb_cont_OPEN_20260603,,,,,,5.29,4.81,,,,,,-1.8367,pending,,2026-06-05T13:08:26+00:00
trackb_cont_OPEN_20260604,,,,,,5.15,4.87,,,,,,-0.6122,pending,,2026-06-05T13:08:26+00:00
trackb_cont_OPEN_20260605,,,,,,,,,,,,,,pending,,2026-06-05T13:08:26+00:00
trackb_cont_OPLN_20260603,,,,,,37.889999,36.169998,,,,,,-3.0815,pending,,2026-06-05T13:07:49+00:00
trackb_cont_OPLN_20260604,,,,,,37.43,36.169998,,,,,,-3.0815,pending,,2026-06-05T13:07:49+00:00
trackb_cont_OPLN_20260605,,,,,,,,,,,,,,pending,,2026-06-05T13:07:49+00:00
trackb_cont_ORA_20260603,,,,,,146.389999,139.449997,,,,,,-4.2666,pending,,2026-06-05T13:07:15+00:00
trackb_cont_ORA_20260604,,,,,,144.350006,139.449997,,,,,,-4.2666,pending,,2026-06-05T13:07:15+00:00
trackb_cont_ORA_20260605,,,,,,,,,,,,,,pending,,2026-06-05T13:07:15+00:00
trackb_cont_ORCL_20260603,,,,,,240.509995,224.0,,,,,,-2.3986,pending,,2026-06-05T13:07:51+00:00
trackb_cont_ORCL_20260604,,,,,,238.949997,224.0,,,,,,-2.3986,pending,,2026-06-05T13:07:51+00:00
trackb_cont_ORCL_20260605,,,,,,,,,,,,,,pending,,2026-06-05T13:07:51+00:00
trackb_cont_OSS_20260603,,,,,,19.790001,17.790001,,,,,,-6.3191,pending,,2026-06-05T13:07:52+00:00
trackb_cont_OSS_20260604,,,,,,19.504999,17.790001,,,,,,-6.3191,pending,,2026-06-05T13:07:52+00:00
trackb_cont_OSS_20260605,,,,,,,,,,,,,,pending,,2026-06-05T13:07:52+00:00
trackb_cont_OUST_20260603,,,,,,48.829899,40.439999,,,,,,-7.5446,pending,,2026-06-05T13:08:15+00:00
trackb_cont_OUST_20260604,,,,,,48.829899,40.439999,,,,,,-7.5446,pending,,2026-06-05T13:08:15+00:00
trackb_cont_OUST_20260605,,,,,,,,,,,,,,pending,,2026-06-05T13:08:15+00:00
trackb_cont_OXM_20260603,,,,,,45.75,44.07,,,,,,-2.0884,pending,,2026-06-05T13:09:18+00:00
trackb_cont_OXM_20260604,,,,,,45.75,44.07,,,,,,-2.0884,pending,,2026-06-05T13:09:18+00:00
trackb_cont_OXM_20260605,,,,,,,,,,,,,,pending,,2026-06-05T13:09:18+00:00
trackb_cont_PACK_20260603,,,,,,7.12,6.72,,,,,,-4.2735,pending,,2026-06-05T13:07:18+00:00
trackb_cont_PACK_20260604,,,,,,6.92,6.72,,,,,,-4.2735,pending,,2026-06-05T13:07:18+00:00
trackb_cont_PACK_20260605,,,,,,,,,,,,,,pending,,2026-06-05T13:07:18+00:00
trackb_cont_PAG_20260603,,,,,,174.130005,170.610001,,,,,,-0.7706,pending,,2026-06-05T13:07:29+00:00
trackb_cont_PAG_20260604,,,,,,174.130005,170.860001,,,,,,-0.6252,pending,,2026-06-05T13:07:29+00:00
trackb_cont_PAG_20260605,,,,,,,,,,,,,,pending,,2026-06-05T13:07:29+00:00
trackb_cont_PANW_20260603,,,,,,288.0,269.0,,,,,,-4.8259,pending,,2026-06-05T13:07:31+00:00
trackb_cont_PANW_20260604,,,,,,280.720001,269.0,,,,,,-4.8259,pending,,2026-06-05T13:07:31+00:00
trackb_cont_PANW_20260605,,,,,,,,,,,,,,pending,,2026-06-05T13:07:31+00:00
trackb_cont_PATH_20260603,,,,,,12.24,11.43,,,,,,-1.21,pending,,2026-06-05T13:09:08+00:00
trackb_cont_PATH_20260604,,,,,,12.14,11.43,,,,,,-1.21,pending,,2026-06-05T13:09:08+00:00
trackb_cont_PATH_20260605,,,,,,,,,,,,,,pending,,2026-06-05T13:09:08+00:00
trackb_cont_PAYX_20260603,,,,,,102.029999,97.629997,,,,,,-0.5906,pending,,2026-06-05T13:08:18+00:00
trackb_cont_PAYX_20260604,,,,,,102.029999,99.209999,,,,,,1.0182,pending,,2026-06-05T13:08:18+00:00
trackb_cont_PAYX_20260605,,,,,,,,,,,,,,pending,,2026-06-05T13:08:18+00:00
trackb_cont_PBI_20260603,,,,,,16.950001,16.1,,,,,,-0.801,pending,,2026-06-05T13:08:06+00:00
trackb_cont_PBI_20260604,,,,,,16.950001,16.290001,,,,,,0.3697,pending,,2026-06-05T13:08:06+00:00
trackb_cont_PBI_20260605,,,,,,,,,,,,,,pending,,2026-06-05T13:08:06+00:00
trackb_cont_PCT_20260603,,,,,,14.195,12.6,,,,,,-4.9229,pending,,2026-06-05T13:07:47+00:00
trackb_cont_PCT_20260604,,,,,,14.195,13.21,,,,,,-0.3199,pending,,2026-06-05T13:07:47+00:00
trackb_cont_PCT_20260605,,,,,,,,,,,,,,pending,,2026-06-05T13:07:47+00:00
trackb_cont_PEB_20260603,,,,,,16.879999,15.63,,,,,,-1.7599,pending,,2026-06-05T13:07:26+00:00
trackb_cont_PEB_20260604,,,,,,16.879999,16.16,,,,,,1.5713,pending,,2026-06-05T13:07:26+00:00
trackb_cont_PEB_20260605,,,,,,,,,,,,,,pending,,2026-06-05T13:07:26+00:00
trackb_cont_PENG_20260603,,,,,,72.470001,63.803101,,,,,,-7.0332,pending,,2026-06-05T13:07:41+00:00
trackb_cont_PENG_20260604,,,,,,72.470001,63.803101,,,,,,-7.0332,pending,,2026-06-05T13:07:41+00:00
trackb_cont_PENG_20260605,,,,,,,,,,,,,,pending,,2026-06-05T13:07:41+00:00
trackb_cont_PENN_20260603,,,,,,20.1,19.459999,,,,,,-1.0928,pending,,2026-06-05T13:07:58+00:00
trackb_cont_PENN_20260604,,,,,,19.799999,19.459999,,,,,,-1.0928,pending,,2026-06-05T13:07:58+00:00
trackb_cont_PENN_20260605,,,,,,,,,,,,,,pending,,2026-06-05T13:07:58+00:00
trackb_cont_PFGC_20260603,,,,,,98.0,93.690002,,,,,,-3.2328,pending,,2026-06-05T13:08:46+00:00
trackb_cont_PFGC_20260604,,,,,,98.0,93.690002,,,,,,-3.2328,pending,,2026-06-05T13:08:46+00:00
trackb_cont_PFGC_20260605,,,,,,,,,,,,,,pending,,2026-06-05T13:08:46+00:00
trackb_cont_PFG_20260603,,,,,,103.57,100.849998,,,,,,-1.1371,pending,,2026-06-05T13:08:18+00:00
trackb_cont_PFG_20260604,,,,,,103.57,101.910004,,,,,,-0.098,pending,,2026-06-05T13:08:18+00:00
trackb_cont_PFG_20260605,,,,,,,,,,,,,,pending,,2026-06-05T13:08:18+00:00
trackb_cont_PGNY_20260603,,,,,,25.99,24.700001,,,,,,-0.5436,pending,,2026-06-05T13:08:30+00:00
trackb_cont_PGNY_20260604,,,,,,25.99,25.08,,,,,,0.9865,pending,,2026-06-05T13:08:30+00:00
trackb_cont_PGNY_20260605,,,,,,,,,,,,,,pending,,2026-06-05T13:08:30+00:00
trackb_cont_PHIN_20260603,,,,,,83.349998,77.885002,,,,,,-2.7289,pending,,2026-06-05T13:09:04+00:00
trackb_cont_PHIN_20260604,,,,,,83.349998,79.940002,,,,,,-0.1624,pending,,2026-06-05T13:09:04+00:00
trackb_cont_PHIN_20260605,,,,,,,,,,,,,,pending,,2026-06-05T13:09:04+00:00
trackb_cont_PHR_20260603,,,,,,10.205,9.52,,,,,,-1.4493,pending,,2026-06-05T13:08:59+00:00
trackb_cont_PHR_20260604,,,,,,10.14,9.65,,,,,,-0.1035,pending,,2026-06-05T13:08:59+00:00
trackb_cont_PHR_20260605,,,,,,,,,,,,,,pending,,2026-06-05T13:08:59+00:00
trackb_cont_PII_20260603,,,,,,69.199997,66.160004,,,,,,-3.1332,pending,,2026-06-05T13:08:42+00:00
trackb_cont_PII_20260604,,,,,,69.199997,67.449997,,,,,,-1.2445,pending,,2026-06-05T13:08:42+00:00
trackb_cont_PII_20260605,,,,,,,,,,,,,,pending,,2026-06-05T13:08:42+00:00
trackb_cont_PKG_20260603,,,,,,227.679993,222.559998,,,,,,-1.1591,pending,,2026-06-05T13:08:55+00:00
trackb_cont_PKG_20260604,,,,,,227.679993,223.889999,,,,,,-0.5685,pending,,2026-06-05T13:08:55+00:00
trackb_cont_PKG_20260605,,,,,,,,,,,,,,pending,,2026-06-05T13:08:55+00:00
trackb_cont_PK_20260603,,,,,,14.11,13.15,,,,,,-3.4862,pending,,2026-06-05T13:07:16+00:00
trackb_cont_PK_20260604,,,,,,14.11,13.57,,,,,,-0.4037,pending,,2026-06-05T13:07:16+00:00
trackb_cont_PK_20260605,,,,,,,,,,,,,,pending,,2026-06-05T13:07:16+00:00
trackb_cont_PLPC_20260603,,,,,,393.640015,360.01001,,,,,,-3.9973,pending,,2026-06-05T13:08:07+00:00
trackb_cont_PLPC_20260604,,,,,,380.549988,360.01001,,,,,,-3.9973,pending,,2026-06-05T13:08:07+00:00
trackb_cont_PLPC_20260605,,,,,,,,,,,,,,pending,,2026-06-05T13:08:07+00:00
trackb_cont_PLUG_20260603,,,,,,3.99,3.5,,,,,,-8.2136,pending,,2026-06-05T13:08:39+00:00
trackb_cont_PLUG_20260604,,,,,,3.72,3.5,,,,,,-8.2136,pending,,2026-06-05T13:08:39+00:00
trackb_cont_PLUG_20260605,,,,,,,,,,,,,,pending,,2026-06-05T13:08:39+00:00
trackb_cont_PLXS_20260603,,,,,,292.329987,274.320007,,,,,,-4.5179,pending,,2026-06-05T13:07:53+00:00
trackb_cont_PLXS_20260604,,,,,,290.420013,274.320007,,,,,,-4.5179,pending,,2026-06-05T13:07:53+00:00
trackb_cont_PLXS_20260605,,,,,,,,,,,,,,pending,,2026-06-05T13:07:53+00:00
trackb_cont_PL_20260603,,,,,,47.619999,41.299999,,,,,,-7.4095,pending,,2026-06-05T13:08:53+00:00
trackb_cont_PL_20260604,,,,,,45.165001,41.299999,,,,,,-7.4095,pending,,2026-06-05T13:08:53+00:00
trackb_cont_PL_20260605,,,,,,,,,,,,,,pending,,2026-06-05T13:08:53+00:00
trackb_cont_PPG_20260603,,,,,,114.290001,110.860001,,,,,,-0.7964,pending,,2026-06-05T13:07:54+00:00
trackb_cont_PPG_20260604,,,,,,114.290001,111.849998,,,,,,0.0895,pending,,2026-06-05T13:07:54+00:00
trackb_cont_PPG_20260605,,,,,,,,,,,,,,pending,,2026-06-05T13:07:54+00:00
trackb_cont_PRKS_20260603,,,,,,40.790001,38.150002,,,,,,-0.4696,pending,,2026-06-05T13:08:48+00:00
trackb_cont_PRKS_20260604,,,,,,40.790001,39.540001,,,,,,3.1568,pending,,2026-06-05T13:08:48+00:00
trackb_cont_PRKS_20260605,,,,,,,,,,,,,,pending,,2026-06-05T13:08:48+00:00
trackb_cont_PRLB_20260603,,,,,,78.519997,73.684998,,,,,,-2.5331,pending,,2026-06-05T13:07:16+00:00
trackb_cont_PRLB_20260604,,,,,,75.495003,73.684998,,,,,,-2.5331,pending,,2026-06-05T13:07:16+00:00
trackb_cont_PRLB_20260605,,,,,,,,,,,,,,pending,,2026-06-05T13:07:16+00:00
trackb_cont_PRMB_20260603,,,,,,24.719999,22.91,,,,,,-5.3501,pending,,2026-06-05T13:08:03+00:00
trackb_cont_PRMB_20260604,,,,,,24.32,22.91,,,,,,-5.3501,pending,,2026-06-05T13:08:03+00:00
trackb_cont_PRMB_20260605,,,,,,,,,,,,,,pending,,2026-06-05T13:08:03+00:00
trackb_cont_PRSU_20260603,,,,,,44.349998,43.09,,,,,,-0.9653,pending,,2026-06-05T13:09:05+00:00
trackb_cont_PRSU_20260604,,,,,,44.349998,43.09,,,,,,-0.9653,pending,,2026-06-05T13:09:05+00:00
trackb_cont_PRSU_20260605,,,,,,,,,,,,,,pending,,2026-06-05T13:09:05+00:00
trackb_cont_PRU_20260603,,,,,,103.870003,100.400002,,,,,,-0.5694,pending,,2026-06-05T13:07:59+00:00
trackb_cont_PRU_20260604,,,,,,103.870003,101.68,,,,,,0.6982,pending,,2026-06-05T13:07:59+00:00
trackb_cont_PRU_20260605,,,,,,,,,,,,,,pending,,2026-06-05T13:07:59+00:00
trackb_cont_PSMT_20260603,,,,,,174.25,168.800003,,,,,,-1.3442,pending,,2026-06-05T13:09:06+00:00
trackb_cont_PSMT_20260604,,,,,,174.25,171.600006,,,,,,0.2922,pending,,2026-06-05T13:09:06+00:00
trackb_cont_PSMT_20260605,,,,,,,,,,,,,,pending,,2026-06-05T13:09:06+00:00
trackb_cont_PSN_20260603,,,,,,62.105,58.828999,,,,,,-1.2025,pending,,2026-06-05T13:07:49+00:00
trackb_cont_PSN_20260604,,,,,,62.105,60.330002,,,,,,1.3183,pending,,2026-06-05T13:07:49+00:00
trackb_cont_PSN_20260605,,,,,,,,,,,,,,pending,,2026-06-05T13:07:49+00:00
trackb_cont_PSX_20260603,,,,,,187.520004,181.179993,,,,,,-2.8369,pending,,2026-06-05T13:08:02+00:00
trackb_cont_PSX_20260604,,,,,,186.184998,181.179993,,,,,,-2.8369,pending,,2026-06-05T13:08:02+00:00
trackb_cont_PSX_20260605,,,,,,,,,,,,,,pending,,2026-06-05T13:08:02+00:00
trackb_cont_PTON_20260603,,,,,,6.3,5.955,,,,,,-1.3256,pending,,2026-06-05T13:08:09+00:00
trackb_cont_PTON_20260604,,,,,,6.3,6.02,,,,,,-0.2486,pending,,2026-06-05T13:08:09+00:00
trackb_cont_PTON_20260605,,,,,,,,,,,,,,pending,,2026-06-05T13:08:09+00:00
trackb_cont_PUSA_20260603,,,,,,6.57,5.7,,,,,,-3.0612,pending,,2026-06-05T13:07:22+00:00
trackb_cont_PUSA_20260604,,,,,,6.28,5.7,,,,,,-3.0612,pending,,2026-06-05T13:07:22+00:00
trackb_cont_PUSA_20260605,,,,,,,,,,,,,,pending,,2026-06-05T13:07:22+00:00
trackb_cont_PVH_20260603,,,,,,100.75,69.0,,,,,,-31.1927,pending,,2026-06-05T13:07:33+00:00
trackb_cont_PVH_20260604,,,,,,78.220001,69.0,,,,,,-31.1927,pending,,2026-06-05T13:07:33+00:00
trackb_cont_PVH_20260605,,,,,,,,,,,,,,pending,,2026-06-05T13:07:33+00:00
trackb_cont_PXED_20260603,,,,,,31.940001,29.809999,,,,,,-0.9635,pending,,2026-06-05T13:09:17+00:00
trackb_cont_PXED_20260604,,,,,,31.940001,30.969999,,,,,,2.8904,pending,,2026-06-05T13:09:17+00:00
trackb_cont_PXED_20260605,,,,,,,,,,,,,,pending,,2026-06-05T13:09:17+00:00
trackb_cont_QBTS_20260603,,,,,,29.950001,26.450001,,,,,,-4.2187,pending,,2026-06-05T13:08:09+00:00
trackb_cont_QBTS_20260604,,,,,,28.82,26.450001,,,,,,-4.2187,pending,,2026-06-05T13:08:09+00:00
trackb_cont_QBTS_20260605,,,,,,,,,,,,,,pending,,2026-06-05T13:08:09+00:00
trackb_cont_QCOM_20260603,,,,,,255.089996,233.020004,,,,,,-6.8218,pending,,2026-06-05T13:08:45+00:00
trackb_cont_QCOM_20260604,,,,,,246.699997,235.320007,,,,,,-5.9021,pending,,2026-06-05T13:08:45+00:00
trackb_cont_QCOM_20260605,,,,,,,,,,,,,,pending,,2026-06-05T13:08:45+00:00
trackb_cont_QMCO_20260603,,,,,,18.48,12.19,,,,,,-11.7945,pending,,2026-06-05T13:07:53+00:00
trackb_cont_QMCO_20260604,,,,,,18.48,14.61,,,,,,5.7164,pending,,2026-06-05T13:07:53+00:00
trackb_cont_QMCO_20260605,,,,,,,,,,,,,,pending,,2026-06-05T13:07:53+00:00
trackb_cont_QS_20260603,,,,,,9.325,8.4401,,,,,,-4.6306,pending,,2026-06-05T13:08:35+00:00
trackb_cont_QS_20260604,,,,,,9.24,8.4401,,,,,,-4.6306,pending,,2026-06-05T13:08:35+00:00
trackb_cont_QS_20260605,,,,,,,,,,,,,,pending,,2026-06-05T13:08:35+00:00
trackb_cont_RAL_20260603,,,,,,63.139,60.82,,,,,,-2.4695,pending,,2026-06-05T13:07:47+00:00
trackb_cont_RAL_20260604,,,,,,62.669998,60.82,,,,,,-2.4695,pending,,2026-06-05T13:07:47+00:00
trackb_cont_RAL_20260605,,,,,,,,,,,,,,pending,,2026-06-05T13:07:47+00:00
trackb_cont_RBRK_20260603,,,,,,80.730003,75.709999,,,,,,-2.8362,pending,,2026-06-05T13:08:16+00:00
trackb_cont_RBRK_20260604,,,,,,78.25,75.709999,,,,,,-2.8362,pending,,2026-06-05T13:08:16+00:00
trackb_cont_RBRK_20260605,,,,,,,,,,,,,,pending,,2026-06-05T13:08:16+00:00
trackb_cont_RCAT_20260603,,,,,,15.225,13.29,,,,,,-2.8864,pending,,2026-06-05T13:08:06+00:00
trackb_cont_RCAT_20260604,,,,,,15.225,13.29,,,,,,-2.8864,pending,,2026-06-05T13:08:06+00:00
trackb_cont_RCAT_20260605,,,,,,,,,,,,,,pending,,2026-06-05T13:08:06+00:00
trackb_cont_RCL_20260603,,,,,,298.829987,283.329987,,,,,,-3.2376,pending,,2026-06-05T13:07:35+00:00
trackb_cont_RCL_20260604,,,,,,298.829987,283.329987,,,,,,-3.2376,pending,,2026-06-05T13:07:35+00:00
trackb_cont_RCL_20260605,,,,,,,,,,,,,,pending,,2026-06-05T13:07:35+00:00
trackb_cont_RFIL_20260603,,,,,,19.02,17.51,,,,,,-5.6319,pending,,2026-06-05T13:08:32+00:00
trackb_cont_RFIL_20260604,,,,,,18.75,17.51,,,,,,-5.6319,pending,,2026-06-05T13:08:32+00:00
trackb_cont_RFIL_20260605,,,,,,,,,,,,,,pending,,2026-06-05T13:08:32+00:00
trackb_cont_RF_20260603,,,,,,28.459999,27.32,,,,,,-0.5098,pending,,2026-06-05T13:08:04+00:00
trackb_cont_RF_20260604,,,,,,28.459999,27.530001,,,,,,0.2549,pending,,2026-06-05T13:08:04+00:00
trackb_cont_RF_20260605,,,,,,,,,,,,,,pending,,2026-06-05T13:08:04+00:00
trackb_cont_RGP_20260603,,,,,,4.64,4.39,,,,,,-1.6797,pending,,2026-06-05T13:08:50+00:00
trackb_cont_RGP_20260604,,,,,,4.64,4.42,,,,,,-1.0078,pending,,2026-06-05T13:08:50+00:00
trackb_cont_RGP_20260605,,,,,,,,,,,,,,pending,,2026-06-05T13:08:50+00:00
trackb_cont_RGTI_20260603,,,,,,28.059999,22.950001,,,,,,-6.0112,pending,,2026-06-05T13:07:47+00:00
trackb_cont_RGTI_20260604,,,,,,25.02,22.950001,,,,,,-6.0112,pending,,2026-06-05T13:07:47+00:00
trackb_cont_RGTI_20260605,,,,,,,,,,,,,,pending,,2026-06-05T13:07:47+00:00
trackb_cont_RHI_20260603,,,,,,31.76,29.16,,,,,,-1.2362,pending,,2026-06-05T13:08:23+00:00
trackb_cont_RHI_20260604,,,,,,31.76,29.969999,,,,,,1.5072,pending,,2026-06-05T13:08:23+00:00
trackb_cont_RHI_20260605,,,,,,,,,,,,,,pending,,2026-06-05T13:08:23+00:00
trackb_cont_RHP_20260603,,,,,,117.669998,112.739998,,,,,,-2.4234,pending,,2026-06-05T13:08:28+00:00
trackb_cont_RHP_20260604,,,,,,117.669998,114.580002,,,,,,-0.8309,pending,,2026-06-05T13:08:28+00:00
trackb_cont_RHP_20260605,,,,,,,,,,,,,,pending,,2026-06-05T13:08:28+00:00
trackb_cont_RH_20260603,,,,,,155.990005,147.800003,,,,,,-0.7521,pending,,2026-06-05T13:07:40+00:00
trackb_cont_RH_20260604,,,,,,155.990005,150.5,,,,,,1.061,pending,,2026-06-05T13:07:40+00:00
trackb_cont_RH_20260605,,,,,,,,,,,,,,pending,,2026-06-05T13:07:40+00:00
trackb_cont_RIOT_20260603,,,,,,28.639999,26.059999,,,,,,-6.8454,pending,,2026-06-05T13:08:29+00:00
trackb_cont_RIOT_20260604,,,,,,28.08,26.059999,,,,,,-6.8454,pending,,2026-06-05T13:08:29+00:00
trackb_cont_RIOT_20260605,,,,,,,,,,,,,,pending,,2026-06-05T13:08:29+00:00
trackb_cont_RIVN_20260603,,,,,,18.549999,16.915001,,,,,,-4.2457,pending,,2026-06-05T13:07:51+00:00
trackb_cont_RIVN_20260604,,,,,,18.549999,17.75,,,,,,0.4812,pending,,2026-06-05T13:07:51+00:00
trackb_cont_RIVN_20260605,,,,,,,,,,,,,,pending,,2026-06-05T13:07:51+00:00
trackb_cont_RLGT_20260603,,,,,,8.65,8.43,,,,,,-1.8626,pending,,2026-06-05T13:08:10+00:00
trackb_cont_RLGT_20260604,,,,,,8.65,8.44,,,,,,-1.7462,pending,,2026-06-05T13:08:10+00:00
trackb_cont_RLGT_20260605,,,,,,,,,,,,,,pending,,2026-06-05T13:08:10+00:00
trackb_cont_RLJ_20260603,,,,,,10.61,9.99,,,,,,-1.1381,pending,,2026-06-05T13:07:32+00:00
trackb_cont_RLJ_20260604,,,,,,10.61,10.24,,,,,,1.336,pending,,2026-06-05T13:07:32+00:00
trackb_cont_RLJ_20260605,,,,,,,,,,,,,,pending,,2026-06-05T13:07:32+00:00
trackb_cont_RMBS_20260603,,,,,,174.100006,157.509995,,,,,,-7.3021,pending,,2026-06-05T13:07:17+00:00
trackb_cont_RMBS_20260604,,,,,,171.279999,157.509995,,,,,,-7.3021,pending,,2026-06-05T13:07:17+00:00
trackb_cont_RMBS_20260605,,,,,,,,,,,,,,pending,,2026-06-05T13:07:17+00:00
trackb_cont_RMR_20260603,,,,,,20.4,19.790001,,,,,,-0.101,pending,,2026-06-05T13:08:55+00:00
trackb_cont_RMR_20260604,,,,,,20.4,20.040001,,,,,,1.161,pending,,2026-06-05T13:08:55+00:00
trackb_cont_RMR_20260605,,,,,,,,,,,,,,pending,,2026-06-05T13:08:55+00:00
trackb_cont_ROG_20260603,,,,,,153.809998,143.210007,,,,,,-5.2969,pending,,2026-06-05T13:07:36+00:00
trackb_cont_ROG_20260604,,,,,,147.710007,143.210007,,,,,,-5.2969,pending,,2026-06-05T13:07:36+00:00
trackb_cont_ROG_20260605,,,,,,,,,,,,,,pending,,2026-06-05T13:07:36+00:00
trackb_cont_ROK_20260603,,,,,,468.109985,457.73999,,,,,,-0.9575,pending,,2026-06-05T13:07:28+00:00
trackb_cont_ROK_20260604,,,,,,464.269989,457.73999,,,,,,-0.9575,pending,,2026-06-05T13:07:28+00:00
trackb_cont_ROK_20260605,,,,,,,,,,,,,,pending,,2026-06-05T13:07:28+00:00
trackb_cont_RPM_20260603,,,,,,106.360001,103.57,,,,,,-0.7855,pending,,2026-06-05T13:08:49+00:00
trackb_cont_RPM_20260604,,,,,,106.029999,103.870003,,,,,,-0.4981,pending,,2026-06-05T13:08:49+00:00
trackb_cont_RPM_20260605,,,,,,,,,,,,,,pending,,2026-06-05T13:08:49+00:00
trackb_cont_RPRX_20260603,,,,,,56.009998,53.945,,,,,,-2.2558,pending,,2026-06-05T13:09:20+00:00
trackb_cont_RPRX_20260604,,,,,,56.009998,54.950001,,,,,,-0.4349,pending,,2026-06-05T13:09:20+00:00
trackb_cont_RPRX_20260605,,,,,,,,,,,,,,pending,,2026-06-05T13:09:20+00:00
trackb_cont_RRR_20260603,,,,,,58.549999,56.299999,,,,,,-0.793,pending,,2026-06-05T13:09:00+00:00
trackb_cont_RRR_20260604,,,,,,58.549999,56.299999,,,,,,-0.793,pending,,2026-06-05T13:09:00+00:00
trackb_cont_RRR_20260605,,,,,,,,,,,,,,pending,,2026-06-05T13:09:00+00:00
trackb_cont_RS_20260603,,,,,,401.410004,386.609985,,,,,,-1.5257,pending,,2026-06-05T13:07:44+00:00
trackb_cont_RS_20260604,,,,,,401.410004,386.609985,,,,,,-1.5257,pending,,2026-06-05T13:07:44+00:00
trackb_cont_RS_20260605,,,,,,,,,,,,,,pending,,2026-06-05T13:07:44+00:00
trackb_cont_RUM_20260603,,,,,,10.54,8.165,,,,,,-4.6145,pending,,2026-06-05T13:09:19+00:00
trackb_cont_RUM_20260604,,,,,,10.54,8.165,,,,,,-4.6145,pending,,2026-06-05T13:09:19+00:00
trackb_cont_RUM_20260605,,,,,,,,,,,,,,pending,,2026-06-05T13:09:19+00:00
trackb_cont_RVTY_20260603,,,,,,104.019997,99.010002,,,,,,-2.3377,pending,,2026-06-05T13:09:10+00:00
trackb_cont_RVTY_20260604,,,,,,104.019997,101.639999,,,,,,0.2565,pending,,2026-06-05T13:09:10+00:00
trackb_cont_RVTY_20260605,,,,,,,,,,,,,,pending,,2026-06-05T13:09:10+00:00
trackb_cont_RXO_20260603,,,,,,27.82,26.200001,,,,,,-1.9461,pending,,2026-06-05T13:07:33+00:00
trackb_cont_RXO_20260604,,,,,,27.82,26.73,,,,,,0.0374,pending,,2026-06-05T13:07:33+00:00
trackb_cont_RXO_20260605,,,,,,,,,,,,,,pending,,2026-06-05T13:07:33+00:00
trackb_cont_RYZ_20260603,,,,,,28.440001,27.700001,,,,,,-1.2742,pending,,2026-06-05T13:08:09+00:00
trackb_cont_RYZ_20260604,,,,,,28.440001,27.809999,,,,,,-0.8821,pending,,2026-06-05T13:08:09+00:00
trackb_cont_RYZ_20260605,,,,,,,,,,,,,,pending,,2026-06-05T13:08:09+00:00
trackb_cont_R_20260603,,,,,,265.589996,256.200012,,,,,,-1.0505,pending,,2026-06-05T13:07:25+00:00
trackb_cont_R_20260604,,,,,,265.589996,259.950012,,,,,,0.3978,pending,,2026-06-05T13:07:25+00:00
trackb_cont_R_20260605,,,,,,,,,,,,,,pending,,2026-06-05T13:07:25+00:00
trackb_cont_SAH_20260603,,,,,,85.400002,82.419998,,,,,,-1.2106,pending,,2026-06-05T13:07:29+00:00
trackb_cont_SAH_20260604,,,,,,85.400002,83.150002,,,,,,-0.3356,pending,,2026-06-05T13:07:29+00:00
trackb_cont_SAH_20260605,,,,,,,,,,,,,,pending,,2026-06-05T13:07:29+00:00
trackb_cont_SAIA_20260603,,,,,,476.079987,455.029999,,,,,,-1.4895,pending,,2026-06-05T13:08:33+00:00
trackb_cont_SAIA_20260604,,,,,,474.48999,460.070007,,,,,,-0.3983,pending,,2026-06-05T13:08:33+00:00
trackb_cont_SAIA_20260605,,,,,,,,,,,,,,pending,,2026-06-05T13:08:33+00:00
trackb_cont_SAIC_20260603,,,,,,118.419998,109.269997,,,,,,-2.897,pending,,2026-06-05T13:09:16+00:00
trackb_cont_SAIC_20260604,,,,,,118.419998,112.7005,,,,,,0.1515,pending,,2026-06-05T13:09:16+00:00
trackb_cont_SAIC_20260605,,,,,,,,,,,,,,pending,,2026-06-05T13:09:16+00:00
trackb_cont_SANM_20260603,,,,,,288.679993,268.880005,,,,,,-5.2305,pending,,2026-06-05T13:07:16+00:00
trackb_cont_SANM_20260604,,,,,,285.339996,268.880005,,,,,,-5.2305,pending,,2026-06-05T13:07:16+00:00
trackb_cont_SANM_20260605,,,,,,,,,,,,,,pending,,2026-06-05T13:07:16+00:00
trackb_cont_SCSC_20260603,,,,,,47.779999,45.279999,,,,,,-0.7018,pending,,2026-06-05T13:07:50+00:00
trackb_cont_SCSC_20260604,,,,,,47.5,46.009998,,,,,,0.8991,pending,,2026-06-05T13:07:50+00:00
trackb_cont_SCSC_20260605,,,,,,,,,,,,,,pending,,2026-06-05T13:07:50+00:00
trackb_cont_SDGR_20260603,,,,,,16.469999,14.412,,,,,,-1.8924,pending,,2026-06-05T13:09:07+00:00
trackb_cont_SDGR_20260604,,,,,,16.469999,14.85,,,,,,1.0892,pending,,2026-06-05T13:09:07+00:00
trackb_cont_SDGR_20260605,,,,,,,,,,,,,,pending,,2026-06-05T13:09:07+00:00
trackb_cont_SEZL_20260603,,,,,,122.040001,108.510002,,,,,,-0.6773,pending,,2026-06-05T13:08:04+00:00
trackb_cont_SEZL_20260604,,,,,,122.040001,113.870003,,,,,,4.2288,pending,,2026-06-05T13:08:04+00:00
trackb_cont_SEZL_20260605,,,,,,,,,,,,,,pending,,2026-06-05T13:08:04+00:00
trackb_cont_SHLS_20260603,,,,,,12.815,11.925,,,,,,-4.8322,pending,,2026-06-05T13:08:16+00:00
trackb_cont_SHLS_20260604,,,,,,12.79,11.925,,,,,,-4.8322,pending,,2026-06-05T13:08:16+00:00
trackb_cont_SHLS_20260605,,,,,,,,,,,,,,pending,,2026-06-05T13:08:16+00:00
trackb_cont_SHOO_20260603,,,,,,44.669998,43.080002,,,,,,-1.6214,pending,,2026-06-05T13:07:17+00:00
trackb_cont_SHOO_20260604,,,,,,44.639999,43.220001,,,,,,-1.3017,pending,,2026-06-05T13:07:17+00:00
trackb_cont_SHOO_20260605,,,,,,,,,,,,,,pending,,2026-06-05T13:07:17+00:00
trackb_cont_SHO_20260603,,,,,,11.53,10.96,,,,,,-2.6211,pending,,2026-06-05T13:07:30+00:00
trackb_cont_SHO_20260604,,,,,,11.53,11.25,,,,,,-0.0444,pending,,2026-06-05T13:07:30+00:00
trackb_cont_SHO_20260605,,,,,,,,,,,,,,pending,,2026-06-05T13:07:30+00:00
trackb_cont_SILA_20260603,,,,,,30.280001,30.23,,,,,,-0.0496,pending,,2026-06-05T13:09:01+00:00
trackb_cont_SILA_20260604,,,,,,30.280001,30.245001,,,,,,0.0,pending,,2026-06-05T13:09:01+00:00
trackb_cont_SILA_20260605,,,,,,,,,,,,,,pending,,2026-06-05T13:09:01+00:00
trackb_cont_SIRI_20260603,,,,,,28.77,27.77,,,,,,-1.192,pending,,2026-06-05T13:09:19+00:00
trackb_cont_SIRI_20260604,,,,,,28.469999,27.77,,,,,,-1.192,pending,,2026-06-05T13:09:19+00:00
trackb_cont_SIRI_20260605,,,,,,,,,,,,,,pending,,2026-06-05T13:09:19+00:00
trackb_cont_SKLZ_20260603,,,,,,10.0,9.27,,,,,,-2.626,pending,,2026-06-05T13:07:31+00:00
trackb_cont_SKLZ_20260604,,,,,,10.0,9.27,,,,,,-2.626,pending,,2026-06-05T13:07:31+00:00
trackb_cont_SKLZ_20260605,,,,,,,,,,,,,,pending,,2026-06-05T13:07:31+00:00
trackb_cont_SLDP_20260603,,,,,,3.52,3.195,,,,,,-3.0025,pending,,2026-06-05T13:07:40+00:00
trackb_cont_SLDP_20260604,,,,,,3.4299,3.195,,,,,,-3.0025,pending,,2026-06-05T13:07:40+00:00
trackb_cont_SLDP_20260605,,,,,,,,,,,,,,pending,,2026-06-05T13:07:40+00:00
trackb_cont_SLG_20260603,,,,,,47.130001,44.080002,,,,,,-0.3391,pending,,2026-06-05T13:08:59+00:00
trackb_cont_SLG_20260604,,,,,,47.130001,45.119999,,,,,,2.0122,pending,,2026-06-05T13:08:59+00:00
trackb_cont_SLG_20260605,,,,,,,,,,,,,,pending,,2026-06-05T13:08:59+00:00
trackb_cont_SMCI_20260603,,,,,,50.02,45.209999,,,,,,-2.7114,pending,,2026-06-05T13:07:34+00:00
trackb_cont_SMCI_20260604,,,,,,47.84,45.209999,,,,,,-2.7114,pending,,2026-06-05T13:07:34+00:00
trackb_cont_SMCI_20260605,,,,,,,,,,,,,,pending,,2026-06-05T13:07:34+00:00
trackb_cont_SMR_20260603,,,,,,13.52,11.83,,,,,,-3.5467,pending,,2026-06-05T13:07:48+00:00
trackb_cont_SMR_20260604,,,,,,12.3,11.83,,,,,,-3.5467,pending,,2026-06-05T13:07:48+00:00
trackb_cont_SMR_20260605,,,,,,,,,,,,,,pending,,2026-06-05T13:07:48+00:00
trackb_cont_SMTC_20260603,,,,,,171.369995,154.0,,,,,,-5.6777,pending,,2026-06-05T13:07:56+00:00
trackb_cont_SMTC_20260604,,,,,,171.369995,154.0,,,,,,-5.6777,pending,,2026-06-05T13:07:56+00:00
trackb_cont_SMTC_20260605,,,,,,,,,,,,,,pending,,2026-06-05T13:07:56+00:00
trackb_cont_SNDK_20260603,,,,,,1861.0,1708.880005,,,,,,-4.0109,pending,,2026-06-05T13:08:30+00:00
trackb_cont_SNDK_20260604,,,,,,1825.900024,1725.079956,,,,,,-3.1009,pending,,2026-06-05T13:08:30+00:00
trackb_cont_SNDK_20260605,,,,,,,,,,,,,,pending,,2026-06-05T13:08:30+00:00
trackb_cont_SNDR_20260603,,,,,,37.105,36.049999,,,,,,-1.7176,pending,,2026-06-05T13:07:19+00:00
trackb_cont_SNDR_20260604,,,,,,37.105,36.400002,,,,,,-0.7634,pending,,2026-06-05T13:07:19+00:00
trackb_cont_SNDR_20260605,,,,,,,,,,,,,,pending,,2026-06-05T13:07:19+00:00
trackb_cont_SNOW_20260603,,,,,,263.640015,241.139999,,,,,,-1.9537,pending,,2026-06-05T13:08:28+00:00
trackb_cont_SNOW_20260604,,,,,,253.005005,241.464996,,,,,,-1.8215,pending,,2026-06-05T13:08:28+00:00
trackb_cont_SNOW_20260605,,,,,,,,,,,,,,pending,,2026-06-05T13:08:28+00:00
trackb_cont_SNX_20260603,,,,,,285.320007,270.049988,,,,,,-2.9357,pending,,2026-06-05T13:08:02+00:00
trackb_cont_SNX_20260604,,,,,,285.320007,271.420013,,,,,,-2.4432,pending,,2026-06-05T13:08:02+00:00
trackb_cont_SNX_20260605,,,,,,,,,,,,,,pending,,2026-06-05T13:08:02+00:00
trackb_cont_SN_20260603,,,,,,123.940002,118.370003,,,,,,-3.0707,pending,,2026-06-05T13:07:37+00:00
trackb_cont_SN_20260604,,,,,,123.940002,119.400002,,,,,,-2.2273,pending,,2026-06-05T13:07:37+00:00
trackb_cont_SN_20260605,,,,,,,,,,,,,,pending,,2026-06-05T13:07:37+00:00
trackb_cont_SOFI_20260603,,,,,,17.465,16.58,,,,,,-0.6293,pending,,2026-06-05T13:09:15+00:00
trackb_cont_SOFI_20260604,,,,,,17.23,16.584999,,,,,,-0.5993,pending,,2026-06-05T13:09:15+00:00
trackb_cont_SOFI_20260605,,,,,,,,,,,,,,pending,,2026-06-05T13:09:15+00:00
trackb_cont_SOLS_20260603,,,,,,89.720001,84.0,,,,,,-5.2453,pending,,2026-06-05T13:08:58+00:00
trackb_cont_SOLS_20260604,,,,,,85.769997,84.0,,,,,,-5.2453,pending,,2026-06-05T13:08:58+00:00
trackb_cont_SOLS_20260605,,,,,,,,,,,,,,pending,,2026-06-05T13:08:58+00:00
trackb_cont_SOLV_20260603,,,,,,82.68,76.150002,,,,,,-2.0202,pending,,2026-06-05T13:08:13+00:00
trackb_cont_SOLV_20260604,,,,,,82.68,78.519997,,,,,,1.0292,pending,,2026-06-05T13:08:13+00:00
trackb_cont_SOLV_20260605,,,,,,,,,,,,,,pending,,2026-06-05T13:08:13+00:00
trackb_cont_SONO_20260603,,,,,,16.379999,15.61,,,,,,-0.1918,pending,,2026-06-05T13:07:48+00:00
trackb_cont_SONO_20260604,,,,,,16.379999,15.78,,,,,,0.8951,pending,,2026-06-05T13:07:48+00:00
trackb_cont_SONO_20260605,,,,,,,,,,,,,,pending,,2026-06-05T13:07:48+00:00
trackb_cont_SPHR_20260603,,,,,,147.0,137.429993,,,,,,-1.5403,pending,,2026-06-05T13:09:17+00:00
trackb_cont_SPHR_20260604,,,,,,147.0,137.586304,,,,,,-1.4284,pending,,2026-06-05T13:09:17+00:00
trackb_cont_SPHR_20260605,,,,,,,,,,,,,,pending,,2026-06-05T13:09:17+00:00
trackb_cont_SPXC_20260603,,,,,,244.639999,227.699997,,,,,,-4.9745,pending,,2026-06-05T13:07:14+00:00
trackb_cont_SPXC_20260604,,,,,,237.539993,227.699997,,,,,,-4.9745,pending,,2026-06-05T13:07:14+00:00
trackb_cont_SPXC_20260605,,,,,,,,,,,,,,pending,,2026-06-05T13:07:14+00:00
trackb_cont_SRG_20260603,,,,,,2.9,2.715,,,,,,-0.9124,pending,,2026-06-05T13:07:24+00:00
trackb_cont_SRG_20260604,,,,,,2.85,2.75,,,,,,0.365,pending,,2026-06-05T13:07:24+00:00
trackb_cont_SRG_20260605,,,,,,,,,,,,,,pending,,2026-06-05T13:07:24+00:00
trackb_cont_SSYS_20260603,,,,,,10.43,9.54,,,,,,-5.1218,pending,,2026-06-05T13:08:00+00:00
trackb_cont_SSYS_20260604,,,,,,9.84,9.54,,,,,,-5.1218,pending,,2026-06-05T13:08:00+00:00
trackb_cont_SSYS_20260605,,,,,,,,,,,,,,pending,,2026-06-05T13:08:00+00:00
trackb_cont_STGW_20260603,,,,,,7.24,6.55,,,,,,-1.1321,pending,,2026-06-05T13:08:29+00:00
trackb_cont_STGW_20260604,,,,,,6.85,6.61,,,,,,-0.2264,pending,,2026-06-05T13:08:29+00:00
trackb_cont_STGW_20260605,,,,,,,,,,,,,,pending,,2026-06-05T13:08:29+00:00
trackb_cont_STLD_20260603,,,,,,280.48999,267.339996,,,,,,-2.8667,pending,,2026-06-05T13:07:27+00:00
trackb_cont_STLD_20260604,,,,,,280.48999,270.01001,,,,,,-1.8966,pending,,2026-06-05T13:07:27+00:00
trackb_cont_STLD_20260605,,,,,,,,,,,,,,pending,,2026-06-05T13:07:27+00:00
trackb_cont_STRL_20260603,,,,,,1005.679993,875.0,,,,,,-7.8976,pending,,2026-06-05T13:07:57+00:00
trackb_cont_STRL_20260604,,,,,,1005.679993,908.210022,,,,,,-4.402,pending,,2026-06-05T13:07:57+00:00
trackb_cont_STRL_20260605,,,,,,,,,,,,,,pending,,2026-06-05T13:07:57+00:00
trackb_cont_STT_20260603,,,,,,163.949997,155.690002,,,,,,-0.8723,pending,,2026-06-05T13:08:20+00:00
trackb_cont_STT_20260604,,,,,,163.949997,158.020004,,,,,,0.6112,pending,,2026-06-05T13:08:20+00:00
trackb_cont_STT_20260605,,,,,,,,,,,,,,pending,,2026-06-05T13:08:20+00:00
trackb_cont_STUB_20260603,,,,,,9.86,9.35,,,,,,-2.4517,pending,,2026-06-05T13:08:34+00:00
trackb_cont_STUB_20260604,,,,,,9.78,9.35,,,,,,-2.4517,pending,,2026-06-05T13:08:34+00:00
trackb_cont_STUB_20260605,,,,,,,,,,,,,,pending,,2026-06-05T13:08:34+00:00
trackb_cont_STX_20260603,,,,,,966.799988,885.0,,,,,,-7.2084,pending,,2026-06-05T13:08:01+00:00
trackb_cont_STX_20260604,,,,,,941.48999,885.0,,,,,,-7.2084,pending,,2026-06-05T13:08:01+00:00
trackb_cont_STX_20260605,,,,,,,,,,,,,,pending,,2026-06-05T13:08:01+00:00
trackb_cont_ST_20260603,,,,,,53.889999,52.380001,,,,,,-1.3559,pending,,2026-06-05T13:07:38+00:00
trackb_cont_ST_20260604,,,,,,53.599998,52.380001,,,,,,-1.3559,pending,,2026-06-05T13:07:38+00:00
trackb_cont_ST_20260605,,,,,,,,,,,,,,pending,,2026-06-05T13:07:38+00:00
trackb_cont_SVV_20260603,,,,,,9.64,8.74,,,,,,-6.7733,pending,,2026-06-05T13:07:53+00:00
trackb_cont_SVV_20260604,,,,,,9.64,8.92,,,,,,-4.8533,pending,,2026-06-05T13:07:53+00:00
trackb_cont_SVV_20260605,,,,,,,,,,,,,,pending,,2026-06-05T13:07:53+00:00
trackb_cont_SXC_20260603,,,,,,9.59,9.16,,,,,,-2.0844,pending,,2026-06-05T13:07:31+00:00
trackb_cont_SXC_20260604,,,,,,9.59,9.16,,,,,,-2.0844,pending,,2026-06-05T13:07:31+00:00
trackb_cont_SXC_20260605,,,,,,,,,,,,,,pending,,2026-06-05T13:07:31+00:00
trackb_cont_TALK_20260603,,,,,,5.22,5.2,,,,,,-0.3831,pending,,2026-06-05T13:08:45+00:00
trackb_cont_TALK_20260604,,,,,,5.22,5.2,,,,,,-0.3831,pending,,2026-06-05T13:08:45+00:00
trackb_cont_TALK_20260605,,,,,,,,,,,,,,pending,,2026-06-05T13:08:45+00:00
trackb_cont_TBCH_20260603,,,,,,13.37,12.2,,,,,,-4.5383,pending,,2026-06-05T13:07:25+00:00
trackb_cont_TBCH_20260604,,,,,,12.86,12.33,,,,,,-3.5211,pending,,2026-06-05T13:07:25+00:00
trackb_cont_TBCH_20260605,,,,,,,,,,,,,,pending,,2026-06-05T13:07:25+00:00
trackb_cont_TBI_20260603,,,,,,7.1,6.52,,,,,,-2.0286,pending,,2026-06-05T13:08:15+00:00
trackb_cont_TBI_20260604,,,,,,7.1,6.64,,,,,,-0.2254,pending,,2026-06-05T13:08:15+00:00
trackb_cont_TBI_20260605,,,,,,,,,,,,,,pending,,2026-06-05T13:08:15+00:00
trackb_cont_TBLA_20260603,,,,,,4.9,4.56,,,,,,-1.4054,pending,,2026-06-05T13:09:13+00:00
trackb_cont_TBLA_20260604,,,,,,4.76,4.57,,,,,,-1.1892,pending,,2026-06-05T13:09:13+00:00
trackb_cont_TBLA_20260605,,,,,,,,,,,,,,pending,,2026-06-05T13:09:13+00:00
trackb_cont_TDG_20260603,,,,,,1242.349976,1201.859985,,,,,,-2.1896,pending,,2026-06-05T13:09:13+00:00
trackb_cont_TDG_20260604,,,,,,1239.27002,1223.839966,,,,,,-0.4008,pending,,2026-06-05T13:09:13+00:00
trackb_cont_TDG_20260605,,,,,,,,,,,,,,pending,,2026-06-05T13:09:13+00:00
trackb_cont_TDOC_20260603,,,,,,7.57,6.96,,,,,,-3.1315,pending,,2026-06-05T13:09:16+00:00
trackb_cont_TDOC_20260604,,,,,,7.57,7.135,,,,,,-0.6959,pending,,2026-06-05T13:09:16+00:00
trackb_cont_TDOC_20260605,,,,,,,,,,,,,,pending,,2026-06-05T13:09:16+00:00
trackb_cont_TEAM_20260603,,,,,,106.260002,99.644997,,,,,,-1.7696,pending,,2026-06-05T13:09:04+00:00
trackb_cont_TEAM_20260604,,,,,,106.260002,100.57,,,,,,-0.8577,pending,,2026-06-05T13:09:04+00:00
trackb_cont_TEAM_20260605,,,,,,,,,,,,,,pending,,2026-06-05T13:09:04+00:00
trackb_cont_TER_20260603,,,,,,420.600006,388.089996,,,,,,-4.7959,pending,,2026-06-05T13:08:19+00:00
trackb_cont_TER_20260604,,,,,,413.869995,388.089996,,,,,,-4.7959,pending,,2026-06-05T13:08:20+00:00
trackb_cont_TER_20260605,,,,,,,,,,,,,,pending,,2026-06-05T13:08:20+00:00
trackb_cont_TE_20260603,,,,,,12.4899,10.9,,,,,,-5.8722,pending,,2026-06-05T13:07:21+00:00
trackb_cont_TE_20260604,,,,,,12.4899,10.9,,,,,,-5.8722,pending,,2026-06-05T13:07:21+00:00
trackb_cont_TE_20260605,,,,,,,,,,,,,,pending,,2026-06-05T13:07:21+00:00
trackb_cont_TITN_20260603,,,,,,24.6,23.1,,,,,,-1.0707,pending,,2026-06-05T13:07:22+00:00
trackb_cont_TITN_20260604,,,,,,24.6,24.08,,,,,,3.1263,pending,,2026-06-05T13:07:22+00:00
trackb_cont_TITN_20260605,,,,,,,,,,,,,,pending,,2026-06-05T13:07:22+00:00
trackb_cont_TKO_20260603,,,,,,203.940002,197.830002,,,,,,-0.5054,pending,,2026-06-05T13:09:03+00:00
trackb_cont_TKO_20260604,,,,,,203.940002,200.25,,,,,,0.7116,pending,,2026-06-05T13:09:03+00:00
trackb_cont_TKO_20260605,,,,,,,,,,,,,,pending,,2026-06-05T13:09:03+00:00
trackb_cont_TKR_20260603,,,,,,134.0,130.289993,,,,,,-1.1569,pending,,2026-06-05T13:07:18+00:00
trackb_cont_TKR_20260604,,,,,,134.0,130.600006,,,,,,-0.9217,pending,,2026-06-05T13:07:18+00:00
trackb_cont_TKR_20260605,,,,,,,,,,,,,,pending,,2026-06-05T13:07:18+00:00
trackb_cont_TLN_20260603,,,,,,385.51001,372.204987,,,,,,-2.1723,pending,,2026-06-05T13:09:19+00:00
trackb_cont_TLN_20260604,,,,,,379.970001,372.204987,,,,,,-2.1723,pending,,2026-06-05T13:09:19+00:00
trackb_cont_TLN_20260605,,,,,,,,,,,,,,pending,,2026-06-05T13:09:19+00:00
trackb_cont_TLYS_20260603,,,,,,5.9,4.32,,,,,,-3.3557,pending,,2026-06-05T13:08:44+00:00
trackb_cont_TLYS_20260604,,,,,,5.9,4.5337,,,,,,1.4251,pending,,2026-06-05T13:08:44+00:00
trackb_cont_TLYS_20260605,,,,,,,,,,,,,,pending,,2026-06-05T13:08:44+00:00
trackb_cont_TMHC_20260603,,,,,,71.660004,71.470001,,,,,,-0.1606,pending,,2026-06-05T13:07:18+00:00
trackb_cont_TMHC_20260604,,,,,,71.660004,71.5,,,,,,-0.1187,pending,,2026-06-05T13:07:18+00:00
trackb_cont_TMHC_20260605,,,,,,,,,,,,,,pending,,2026-06-05T13:07:18+00:00
trackb_cont_TMO_20260603,,,,,,488.649994,469.109985,,,,,,-0.7322,pending,,2026-06-05T13:09:12+00:00
trackb_cont_TMO_20260604,,,,,,488.649994,476.079987,,,,,,0.7427,pending,,2026-06-05T13:09:12+00:00
trackb_cont_TMO_20260605,,,,,,,,,,,,,,pending,,2026-06-05T13:09:12+00:00
trackb_cont_TNET_20260603,,,,,,48.165001,45.25,,,,,,-2.1833,pending,,2026-06-05T13:08:12+00:00
trackb_cont_TNET_20260604,,,,,,48.165001,46.16,,,,,,-0.2162,pending,,2026-06-05T13:08:12+00:00
trackb_cont_TNET_20260605,,,,,,,,,,,,,,pending,,2026-06-05T13:08:12+00:00
trackb_cont_TNL_20260603,,,,,,70.959999,69.32,,,,,,-0.4738,pending,,2026-06-05T13:07:32+00:00
trackb_cont_TNL_20260604,,,,,,70.959999,69.849998,,,,,,0.2871,pending,,2026-06-05T13:07:32+00:00
trackb_cont_TNL_20260605,,,,,,,,,,,,,,pending,,2026-06-05T13:07:32+00:00
trackb_cont_TOL_20260603,,,,,,141.119995,136.350006,,,,,,-0.3872,pending,,2026-06-05T13:08:56+00:00
trackb_cont_TOL_20260604,,,,,,141.119995,138.080002,,,,,,0.8767,pending,,2026-06-05T13:08:56+00:00
trackb_cont_TOL_20260605,,,,,,,,,,,,,,pending,,2026-06-05T13:08:56+00:00
trackb_cont_TOMZ_20260603,,,,,,1.08,0.95,,,,,,-7.767,pending,,2026-06-05T13:07:44+00:00
trackb_cont_TOMZ_20260604,,,,,,1.08,0.95,,,,,,-7.767,pending,,2026-06-05T13:07:44+00:00
trackb_cont_TOMZ_20260605,,,,,,,,,,,,,,pending,,2026-06-05T13:07:44+00:00
trackb_cont_TRIP_20260603,,,,,,12.31,11.58,,,,,,-2.4842,pending,,2026-06-05T13:08:10+00:00
trackb_cont_TRIP_20260604,,,,,,12.31,11.83,,,,,,-0.3789,pending,,2026-06-05T13:08:10+00:00
trackb_cont_TRIP_20260605,,,,,,,,,,,,,,pending,,2026-06-05T13:08:10+00:00
trackb_cont_TRU_20260603,,,,,,73.169998,68.419998,,,,,,-0.8621,pending,,2026-06-05T13:07:30+00:00
trackb_cont_TRU_20260604,,,,,,73.169998,70.379997,,,,,,1.9778,pending,,2026-06-05T13:07:30+00:00
trackb_cont_TRU_20260605,,,,,,,,,,,,,,pending,,2026-06-05T13:07:30+00:00
trackb_cont_TTI_20260603,,,,,,10.34,9.3,,,,,,-6.9069,pending,,2026-06-05T13:07:41+00:00
trackb_cont_TTI_20260604,,,,,,10.12,9.3,,,,,,-6.9069,pending,,2026-06-05T13:07:41+00:00
trackb_cont_TTI_20260605,,,,,,,,,,,,,,pending,,2026-06-05T13:07:41+00:00
trackb_cont_TUSK_20260603,,,,,,3.92,3.365,,,,,,-4.9435,pending,,2026-06-05T13:07:38+00:00
trackb_cont_TUSK_20260604,,,,,,3.92,3.52,,,,,,-0.565,pending,,2026-06-05T13:07:38+00:00
trackb_cont_TUSK_20260605,,,,,,,,,,,,,,pending,,2026-06-05T13:07:38+00:00
trackb_cont_TWLO_20260603,,,,,,238.479904,215.380005,,,,,,-1.4211,pending,,2026-06-05T13:07:27+00:00
trackb_cont_TWLO_20260604,,,,,,238.479904,222.619995,,,,,,1.8926,pending,,2026-06-05T13:07:27+00:00
trackb_cont_TWLO_20260605,,,,,,,,,,,,,,pending,,2026-06-05T13:07:27+00:00
trackb_cont_TWST_20260603,,,,,,80.5,68.830002,,,,,,-3.3829,pending,,2026-06-05T13:07:26+00:00
trackb_cont_TWST_20260604,,,,,,80.5,72.080002,,,,,,1.1791,pending,,2026-06-05T13:07:26+00:00
trackb_cont_TWST_20260605,,,,,,,,,,,,,,pending,,2026-06-05T13:07:26+00:00
trackb_cont_TXG_20260603,,,,,,35.645,29.912001,,,,,,-5.1918,pending,,2026-06-05T13:07:26+00:00
trackb_cont_TXG_20260604,,,,,,35.645,32.16,,,,,,1.9334,pending,,2026-06-05T13:07:26+00:00
trackb_cont_TXG_20260605,,,,,,,,,,,,,,pending,,2026-06-05T13:07:26+00:00
trackb_cont_UCTT_20260603,,,,,,94.949997,85.400002,,,,,,-7.6956,pending,,2026-06-05T13:08:00+00:00
trackb_cont_UCTT_20260604,,,,,,94.949997,85.400002,,,,,,-7.6956,pending,,2026-06-05T13:08:00+00:00
trackb_cont_UCTT_20260605,,,,,,,,,,,,,,pending,,2026-06-05T13:08:00+00:00
trackb_cont_UEC_20260603,,,,,,15.14,13.75,,,,,,-2.4823,pending,,2026-06-05T13:09:16+00:00
trackb_cont_UEC_20260604,,,,,,14.46,13.75,,,,,,-2.4823,pending,,2026-06-05T13:09:16+00:00
trackb_cont_UEC_20260605,,,,,,,,,,,,,,pending,,2026-06-05T13:09:16+00:00
trackb_cont_UFPT_20260603,,,,,,228.080002,211.699997,,,,,,-1.3215,pending,,2026-06-05T13:09:22+00:00
trackb_cont_UFPT_20260604,,,,,,228.080002,220.309998,,,,,,2.6919,pending,,2026-06-05T13:09:22+00:00
trackb_cont_UFPT_20260605,,,,,,,,,,,,,,pending,,2026-06-05T13:09:22+00:00
trackb_cont_UHAL-B_20260603,,,,,,50.490002,49.029999,,,,,,-0.9895,pending,,2026-06-05T13:09:03+00:00
trackb_cont_UHAL-B_20260604,,,,,,50.490002,49.029999,,,,,,-0.9895,pending,,2026-06-05T13:09:03+00:00
trackb_cont_UHAL-B_20260605,,,,,,,,,,,,,,pending,,2026-06-05T13:09:03+00:00
trackb_cont_UHAL_20260603,,,,,,56.509998,54.84,,,,,,-1.0115,pending,,2026-06-05T13:09:12+00:00
trackb_cont_UHAL_20260604,,,,,,56.509998,54.939999,,,,,,-0.831,pending,,2026-06-05T13:09:12+00:00
trackb_cont_UHAL_20260605,,,,,,,,,,,,,,pending,,2026-06-05T13:09:12+00:00
trackb_cont_ULCC_20260603,,,,,,5.985,5.5,,,,,,-3.5088,pending,,2026-06-05T13:08:36+00:00
trackb_cont_ULCC_20260604,,,,,,5.985,5.715,,,,,,0.2632,pending,,2026-06-05T13:08:36+00:00
trackb_cont_ULCC_20260605,,,,,,,,,,,,,,pending,,2026-06-05T13:08:36+00:00
trackb_cont_UMAC_20260603,,,,,,32.93,27.110001,,,,,,-7.7891,pending,,2026-06-05T13:07:29+00:00
trackb_cont_UMAC_20260604,,,,,,32.93,27.110001,,,,,,-7.7891,pending,,2026-06-05T13:07:29+00:00
trackb_cont_UMAC_20260605,,,,,,,,,,,,,,pending,,2026-06-05T13:07:29+00:00
trackb_cont_UNFI_20260603,,,,,,53.349998,50.740002,,,,,,-2.1974,pending,,2026-06-05T13:08:33+00:00
trackb_cont_UNFI_20260604,,,,,,53.349998,51.650002,,,,,,-0.4433,pending,,2026-06-05T13:08:33+00:00
trackb_cont_UNFI_20260605,,,,,,,,,,,,,,pending,,2026-06-05T13:08:33+00:00
trackb_cont_UNF_20260603,,,,,,272.890015,260.480011,,,,,,-1.5478,pending,,2026-06-05T13:09:12+00:00
trackb_cont_UNF_20260604,,,,,,272.890015,266.25,,,,,,0.6331,pending,,2026-06-05T13:09:12+00:00
trackb_cont_UNF_20260605,,,,,,,,,,,,,,pending,,2026-06-05T13:09:12+00:00
trackb_cont_UNM_20260603,,,,,,85.389999,82.610001,,,,,,-0.6554,pending,,2026-06-05T13:08:39+00:00
trackb_cont_UNM_20260604,,,,,,85.389999,84.239998,,,,,,1.3048,pending,,2026-06-05T13:08:39+00:00
trackb_cont_UNM_20260605,,,,,,,,,,,,,,pending,,2026-06-05T13:08:39+00:00
trackb_cont_UPST_20260603,,,,,,32.505001,29.58,,,,,,-1.9231,pending,,2026-06-05T13:09:14+00:00
trackb_cont_UPST_20260604,,,,,,32.505001,30.320499,,,,,,0.5322,pending,,2026-06-05T13:09:14+00:00
trackb_cont_UPST_20260605,,,,,,,,,,,,,,pending,,2026-06-05T13:09:14+00:00
trackb_cont_UPS_20260603,,,,,,111.220001,108.370003,,,,,,-1.8654,pending,,2026-06-05T13:07:55+00:00
trackb_cont_UPS_20260604,,,,,,111.220001,109.580002,,,,,,-0.7697,pending,,2026-06-05T13:07:55+00:00
trackb_cont_UPS_20260605,,,,,,,,,,,,,,pending,,2026-06-05T13:07:55+00:00
trackb_cont_URG_20260603,,,,,,2.09,1.88,,,,,,-1.8277,pending,,2026-06-05T13:07:46+00:00
trackb_cont_URG_20260604,,,,,,1.99,1.88,,,,,,-1.8277,pending,,2026-06-05T13:07:46+00:00
trackb_cont_URG_20260605,,,,,,,,,,,,,,pending,,2026-06-05T13:07:46+00:00
trackb_cont_URI_20260603,,,,,,1091.22998,995.869995,,,,,,-3.3624,pending,,2026-06-05T13:08:43+00:00
trackb_cont_URI_20260604,,,,,,1091.22998,1050.099976,,,,,,1.9,pending,,2026-06-05T13:08:43+00:00
trackb_cont_URI_20260605,,,,,,,,,,,,,,pending,,2026-06-05T13:08:43+00:00
trackb_cont_USAR_20260603,,,,,,32.799999,26.2801,,,,,,-7.0882,pending,,2026-06-05T13:07:46+00:00
trackb_cont_USAR_20260604,,,,,,27.48,26.2801,,,,,,-7.0882,pending,,2026-06-05T13:07:46+00:00
trackb_cont_USAR_20260605,,,,,,,,,,,,,,pending,,2026-06-05T13:07:46+00:00
trackb_cont_UTI_20260603,,,,,,45.740002,41.59,,,,,,-4.5223,pending,,2026-06-05T13:07:23+00:00
trackb_cont_UTI_20260604,,,,,,45.740002,44.32,,,,,,1.745,pending,,2026-06-05T13:07:23+00:00
trackb_cont_UTI_20260605,,,,,,,,,,,,,,pending,,2026-06-05T13:07:23+00:00
trackb_cont_UVV_20260603,,,,,,54.32,52.77,,,,,,-1.7684,pending,,2026-06-05T13:08:27+00:00
trackb_cont_UVV_20260604,,,,,,54.080002,52.77,,,,,,-1.7684,pending,,2026-06-05T13:08:27+00:00
trackb_cont_UVV_20260605,,,,,,,,,,,,,,pending,,2026-06-05T13:08:27+00:00
trackb_cont_U_20260603,,,,,,30.684999,28.959999,,,,,,-0.8049,pending,,2026-06-05T13:09:00+00:00
trackb_cont_U_20260604,,,,,,30.684999,29.18,,,,,,-0.0514,pending,,2026-06-05T13:09:00+00:00
trackb_cont_U_20260605,,,,,,,,,,,,,,pending,,2026-06-05T13:09:00+00:00
trackb_cont_VAC_20260603,,,,,,89.0,84.510002,,,,,,-0.2832,pending,,2026-06-05T13:07:49+00:00
trackb_cont_VAC_20260604,,,,,,87.800003,85.75,,,,,,1.1799,pending,,2026-06-05T13:07:49+00:00
trackb_cont_VAC_20260605,,,,,,,,,,,,,,pending,,2026-06-05T13:07:49+00:00
trackb_cont_VC_20260603,,,,,,125.120003,120.580002,,,,,,-2.3881,pending,,2026-06-05T13:07:34+00:00
trackb_cont_VC_20260604,,,,,,123.400002,120.580002,,,,,,-2.3881,pending,,2026-06-05T13:07:34+00:00
trackb_cont_VC_20260605,,,,,,,,,,,,,,pending,,2026-06-05T13:07:34+00:00
trackb_cont_VECO_20260603,,,,,,65.029999,58.0,,,,,,-4.0529,pending,,2026-06-05T13:09:15+00:00
trackb_cont_VECO_20260604,,,,,,65.029999,58.0,,,,,,-4.0529,pending,,2026-06-05T13:09:15+00:00
trackb_cont_VECO_20260605,,,,,,,,,,,,,,pending,,2026-06-05T13:09:15+00:00
trackb_cont_VEEV_20260603,,,,,,185.479996,174.259995,,,,,,-1.1599,pending,,2026-06-05T13:08:57+00:00
trackb_cont_VEEV_20260604,,,,,,185.479996,174.630005,,,,,,-0.9501,pending,,2026-06-05T13:08:57+00:00
trackb_cont_VEEV_20260605,,,,,,,,,,,,,,pending,,2026-06-05T13:08:57+00:00
trackb_cont_VELO_20260603,,,,,,21.950001,18.5,,,,,,-8.5968,pending,,2026-06-05T13:09:21+00:00
trackb_cont_VELO_20260604,,,,,,21.2542,18.5,,,,,,-8.5968,pending,,2026-06-05T13:09:21+00:00
trackb_cont_VELO_20260605,,,,,,,,,,,,,,pending,,2026-06-05T13:09:21+00:00
trackb_cont_VGZ_20260603,,,,,,2.4,2.27,,,,,,-1.9438,pending,,2026-06-05T13:08:52+00:00
trackb_cont_VGZ_20260604,,,,,,2.38,2.29,,,,,,-1.0799,pending,,2026-06-05T13:08:52+00:00
trackb_cont_VGZ_20260605,,,,,,,,,,,,,,pending,,2026-06-05T13:08:52+00:00
trackb_cont_VICR_20260603,,,,,,340.190002,300.0,,,,,,-8.327,pending,,2026-06-05T13:08:54+00:00
trackb_cont_VICR_20260604,,,,,,320.179993,300.0,,,,,,-8.327,pending,,2026-06-05T13:08:54+00:00
trackb_cont_VICR_20260605,,,,,,,,,,,,,,pending,,2026-06-05T13:08:54+00:00
trackb_cont_VISN_20260603,,,,,,12.45,12.025,,,,,,-1.4344,pending,,2026-06-05T13:08:31+00:00
trackb_cont_VISN_20260604,,,,,,12.45,12.025,,,,,,-1.4344,pending,,2026-06-05T13:08:31+00:00
trackb_cont_VISN_20260605,,,,,,,,,,,,,,pending,,2026-06-05T13:08:31+00:00
trackb_cont_VLO_20260603,,,,,,265.609985,254.610001,,,,,,-3.5166,pending,,2026-06-05T13:08:07+00:00
trackb_cont_VLO_20260604,,,,,,262.690002,254.610001,,,,,,-3.5166,pending,,2026-06-05T13:08:07+00:00
trackb_cont_VLO_20260605,,,,,,,,,,,,,,pending,,2026-06-05T13:08:07+00:00
trackb_cont_VLY_20260603,,,,,,13.83,13.38,,,,,,-1.3274,pending,,2026-06-05T13:07:48+00:00
trackb_cont_VLY_20260604,,,,,,13.83,13.58,,,,,,0.1475,pending,,2026-06-05T13:07:48+00:00
trackb_cont_VLY_20260605,,,,,,,,,,,,,,pending,,2026-06-05T13:07:48+00:00
trackb_cont_VMI_20260603,,,,,,548.900024,535.820007,,,,,,-1.6628,pending,,2026-06-05T13:07:28+00:00
trackb_cont_VMI_20260604,,,,,,548.570007,535.820007,,,,,,-1.6628,pending,,2026-06-05T13:07:28+00:00
trackb_cont_VMI_20260605,,,,,,,,,,,,,,pending,,2026-06-05T13:07:28+00:00
trackb_cont_VNO_20260603,,,,,,35.07,33.5,,,,,,-0.2976,pending,,2026-06-05T13:07:23+00:00
trackb_cont_VNO_20260604,,,,,,35.07,33.900002,,,,,,0.8929,pending,,2026-06-05T13:07:23+00:00
trackb_cont_VNO_20260605,,,,,,,,,,,,,,pending,,2026-06-05T13:07:23+00:00
trackb_cont_VPG_20260603,,,,,,135.0,118.830002,,,,,,-8.9774,pending,,2026-06-05T13:07:29+00:00
trackb_cont_VPG_20260604,,,,,,135.0,118.830002,,,,,,-8.9774,pending,,2026-06-05T13:07:29+00:00
trackb_cont_VPG_20260605,,,,,,,,,,,,,,pending,,2026-06-05T13:07:29+00:00
trackb_cont_VRSK_20260603,,,,,,184.740005,175.169998,,,,,,-1.5678,pending,,2026-06-05T13:08:39+00:00
trackb_cont_VRSK_20260604,,,,,,184.740005,179.240005,,,,,,0.7193,pending,,2026-06-05T13:08:39+00:00
trackb_cont_VRSK_20260605,,,,,,,,,,,,,,pending,,2026-06-05T13:08:39+00:00
trackb_cont_VSTS_20260603,,,,,,13.52,12.57,,,,,,-4.4833,pending,,2026-06-05T13:07:25+00:00
trackb_cont_VSTS_20260604,,,,,,13.52,13.199,,,,,,0.2964,pending,,2026-06-05T13:07:25+00:00
trackb_cont_VSTS_20260605,,,,,,,,,,,,,,pending,,2026-06-05T13:07:25+00:00
trackb_cont_VSXY_20260603,,,,,,80.364998,72.0,,,,,,-2.3199,pending,,2026-06-05T13:07:23+00:00
trackb_cont_VSXY_20260604,,,,,,80.364998,72.68,,,,,,-1.3974,pending,,2026-06-05T13:07:23+00:00
trackb_cont_VSXY_20260605,,,,,,,,,,,,,,pending,,2026-06-05T13:07:23+00:00
trackb_cont_WALD_20260603,,,,,,1.89,1.59,,,,,,-10.4225,pending,,2026-06-05T13:08:07+00:00
trackb_cont_WALD_20260604,,,,,,1.78,1.59,,,,,,-10.4225,pending,,2026-06-05T13:08:07+00:00
trackb_cont_WALD_20260605,,,,,,,,,,,,,,pending,,2026-06-05T13:08:07+00:00
trackb_cont_WATT_20260603,,,,,,30.5,26.559999,,,,,,-8.8225,pending,,2026-06-05T13:07:44+00:00
trackb_cont_WATT_20260604,,,,,,28.98,26.559999,,,,,,-8.8225,pending,,2026-06-05T13:07:44+00:00
trackb_cont_WATT_20260605,,,,,,,,,,,,,,pending,,2026-06-05T13:07:44+00:00
trackb_cont_WAT_20260603,,,,,,384.98999,364.420013,,,,,,-3.2393,pending,,2026-06-05T13:08:53+00:00
trackb_cont_WAT_20260604,,,,,,384.98999,375.570007,,,,,,-0.2788,pending,,2026-06-05T13:08:53+00:00
trackb_cont_WAT_20260605,,,,,,,,,,,,,,pending,,2026-06-05T13:08:53+00:00
trackb_cont_WCC_20260603,,,,,,377.899994,363.26001,,,,,,-2.9145,pending,,2026-06-05T13:08:09+00:00
trackb_cont_WCC_20260604,,,,,,370.049988,363.26001,,,,,,-2.9145,pending,,2026-06-05T13:08:09+00:00
trackb_cont_WCC_20260605,,,,,,,,,,,,,,pending,,2026-06-05T13:08:09+00:00
trackb_cont_WDAY_20260603,,,,,,153.479996,143.039993,,,,,,-0.8388,pending,,2026-06-05T13:08:51+00:00
trackb_cont_WDAY_20260604,,,,,,153.479996,147.850006,,,,,,2.4957,pending,,2026-06-05T13:08:51+00:00
trackb_cont_WDAY_20260605,,,,,,,,,,,,,,pending,,2026-06-05T13:08:51+00:00
trackb_cont_WDC_20260603,,,,,,602.539978,564.559998,,,,,,-5.5248,pending,,2026-06-05T13:07:40+00:00
trackb_cont_WDC_20260604,,,,,,594.0,564.559998,,,,,,-5.5248,pending,,2026-06-05T13:07:40+00:00
trackb_cont_WDC_20260605,,,,,,,,,,,,,,pending,,2026-06-05T13:07:40+00:00
trackb_cont_WERN_20260603,,,,,,43.709999,42.639999,,,,,,-1.0673,pending,,2026-06-05T13:07:21+00:00
trackb_cont_WERN_20260604,,,,,,43.709999,43.080002,,,,,,-0.0464,pending,,2026-06-05T13:07:21+00:00
trackb_cont_WERN_20260605,,,,,,,,,,,,,,pending,,2026-06-05T13:07:21+00:00
trackb_cont_WFC_20260603,,,,,,81.889999,77.400002,,,,,,-0.7438,pending,,2026-06-05T13:08:41+00:00
trackb_cont_WFC_20260604,,,,,,81.889999,79.720001,,,,,,2.2313,pending,,2026-06-05T13:08:41+00:00
trackb_cont_WFC_20260605,,,,,,,,,,,,,,pending,,2026-06-05T13:08:41+00:00
trackb_cont_WKC_20260603,,,,,,29.879999,28.76,,,,,,-1.4731,pending,,2026-06-05T13:09:18+00:00
trackb_cont_WKC_20260604,,,,,,29.879999,29.07,,,,,,-0.4111,pending,,2026-06-05T13:09:18+00:00
trackb_cont_WKC_20260605,,,,,,,,,,,,,,pending,,2026-06-05T13:09:18+00:00
trackb_cont_WMK_20260603,,,,,,76.139999,73.760002,,,,,,-2.1751,pending,,2026-06-05T13:08:35+00:00
trackb_cont_WMK_20260604,,,,,,76.139999,73.860001,,,,,,-2.0424,pending,,2026-06-05T13:08:35+00:00
trackb_cont_WMK_20260605,,,,,,,,,,,,,,pending,,2026-06-05T13:08:35+00:00
trackb_cont_WOR_20260603,,,,,,58.290001,56.529999,,,,,,-1.4642,pending,,2026-06-05T13:08:03+00:00
trackb_cont_WOR_20260604,,,,,,58.290001,57.330002,,,,,,-0.0697,pending,,2026-06-05T13:08:03+00:00
trackb_cont_WOR_20260605,,,,,,,,,,,,,,pending,,2026-06-05T13:08:03+00:00
trackb_cont_WRLD_20260603,,,,,,169.619995,155.080002,,,,,,-6.5783,pending,,2026-06-05T13:08:28+00:00
trackb_cont_WRLD_20260604,,,,,,169.619995,155.080002,,,,,,-6.5783,pending,,2026-06-05T13:08:28+00:00
trackb_cont_WRLD_20260605,,,,,,,,,,,,,,pending,,2026-06-05T13:08:28+00:00
trackb_cont_WSM_20260603,,,,,,210.490005,200.399994,,,,,,-1.7888,pending,,2026-06-05T13:08:02+00:00
trackb_cont_WSM_20260604,,,,,,210.490005,207.259995,,,,,,1.5731,pending,,2026-06-05T13:08:02+00:00
trackb_cont_WSM_20260605,,,,,,,,,,,,,,pending,,2026-06-05T13:08:02+00:00
trackb_cont_WS_20260603,,,,,,43.584999,41.369999,,,,,,-2.8645,pending,,2026-06-05T13:08:19+00:00
trackb_cont_WS_20260604,,,,,,42.919998,41.369999,,,,,,-2.8645,pending,,2026-06-05T13:08:19+00:00
trackb_cont_WS_20260605,,,,,,,,,,,,,,pending,,2026-06-05T13:08:19+00:00
trackb_cont_WULF_20260603,,,,,,27.43,24.75,,,,,,-5.2087,pending,,2026-06-05T13:08:12+00:00
trackb_cont_WULF_20260604,,,,,,26.57,24.75,,,,,,-5.2087,pending,,2026-06-05T13:08:12+00:00
trackb_cont_WULF_20260605,,,,,,,,,,,,,,pending,,2026-06-05T13:08:12+00:00
trackb_cont_WYNN_20260603,,,,,,106.32,102.470001,,,,,,-0.9282,pending,,2026-06-05T13:09:13+00:00
trackb_cont_WYNN_20260604,,,,,,105.900002,103.25,,,,,,-0.174,pending,,2026-06-05T13:09:13+00:00
trackb_cont_WYNN_20260605,,,,,,,,,,,,,,pending,,2026-06-05T13:09:13+00:00
trackb_cont_WY_20260603,,,,,,25.09,24.200001,,,,,,-1.3453,pending,,2026-06-05T13:08:35+00:00
trackb_cont_WY_20260604,,,,,,25.09,24.389999,,,,,,-0.5707,pending,,2026-06-05T13:08:35+00:00
trackb_cont_WY_20260605,,,,,,,,,,,,,,pending,,2026-06-05T13:08:35+00:00
trackb_cont_W_20260603,,,,,,73.830002,68.150002,,,,,,-0.6089,pending,,2026-06-05T13:08:49+00:00
trackb_cont_W_20260604,,,,,,73.830002,69.665001,,,,,,1.6006,pending,,2026-06-05T13:08:49+00:00
trackb_cont_W_20260605,,,,,,,,,,,,,,pending,,2026-06-05T13:08:49+00:00
trackb_cont_XHR_20260603,,,,,,18.370001,17.549999,,,,,,-0.7353,pending,,2026-06-05T13:07:58+00:00
trackb_cont_XHR_20260604,,,,,,18.370001,17.82,,,,,,0.7919,pending,,2026-06-05T13:07:58+00:00
trackb_cont_XHR_20260605,,,,,,,,,,,,,,pending,,2026-06-05T13:07:58+00:00
trackb_cont_XIFR_20260603,,,,,,12.68,11.94,,,,,,-5.2381,pending,,2026-06-05T13:08:32+00:00
trackb_cont_XIFR_20260604,,,,,,12.26,11.94,,,,,,-5.2381,pending,,2026-06-05T13:08:32+00:00
trackb_cont_XIFR_20260605,,,,,,,,,,,,,,pending,,2026-06-05T13:08:32+00:00
trackb_cont_XMAX_20260603,,,,,,8.65,8.46,,,,,,-1.3986,pending,,2026-06-05T13:08:59+00:00
trackb_cont_XMAX_20260604,,,,,,8.65,8.46,,,,,,-1.3986,pending,,2026-06-05T13:08:59+00:00
trackb_cont_XMAX_20260605,,,,,,,,,,,,,,pending,,2026-06-05T13:08:59+00:00
trackb_cont_XOS_20260603,,,,,,8.27,4.51,,,,,,-27.4756,pending,,2026-06-05T13:08:51+00:00
trackb_cont_XOS_20260604,,,,,,6.2,4.51,,,,,,-27.4756,pending,,2026-06-05T13:08:51+00:00
trackb_cont_XOS_20260605,,,,,,,,,,,,,,pending,,2026-06-05T13:08:51+00:00
trackb_cont_XPO_20260603,,,,,,222.0,210.619995,,,,,,-4.0521,pending,,2026-06-05T13:08:30+00:00
trackb_cont_XPO_20260604,,,,,,221.990005,210.619995,,,,,,-4.0521,pending,,2026-06-05T13:08:30+00:00
trackb_cont_XPO_20260605,,,,,,,,,,,,,,pending,,2026-06-05T13:08:30+00:00
trackb_cont_XRN_20260603,,,,,,36.040001,34.73,,,,,,-2.4712,pending,,2026-06-05T13:09:10+00:00
trackb_cont_XRN_20260604,,,,,,35.909901,35.09,,,,,,-1.4603,pending,,2026-06-05T13:09:10+00:00
trackb_cont_XRN_20260605,,,,,,,,,,,,,,pending,,2026-06-05T13:09:10+00:00
trackb_cont_YETI_20260603,,,,,,48.060001,45.049999,,,,,,-4.6763,pending,,2026-06-05T13:09:06+00:00
trackb_cont_YETI_20260604,,,,,,48.060001,46.98,,,,,,-0.5925,pending,,2026-06-05T13:09:06+00:00
trackb_cont_YETI_20260605,,,,,,,,,,,,,,pending,,2026-06-05T13:09:06+00:00
trackb_cont_ZBRA_20260603,,,,,,252.369995,245.369995,,,,,,-0.3574,pending,,2026-06-05T13:08:41+00:00
trackb_cont_ZBRA_20260604,,,,,,252.369995,245.369995,,,,,,-0.3574,pending,,2026-06-05T13:08:41+00:00
trackb_cont_ZBRA_20260605,,,,,,,,,,,,,,pending,,2026-06-05T13:08:41+00:00
trackb_cont_ZD_20260603,,,,,,48.029999,44.400002,,,,,,-0.6156,pending,,2026-06-05T13:08:47+00:00
trackb_cont_ZD_20260604,,,,,,48.029999,45.040001,,,,,,0.817,pending,,2026-06-05T13:08:47+00:00
trackb_cont_ZD_20260605,,,,,,,,,,,,,,pending,,2026-06-05T13:08:47+00:00
trackb_cont_ZM_20260603,,,,,,110.735001,103.290001,,,,,,-2.5474,pending,,2026-06-05T13:08:22+00:00
trackb_cont_ZM_20260604,,,,,,106.830002,103.290001,,,,,,-2.5474,pending,,2026-06-05T13:08:22+00:00
trackb_cont_ZM_20260605,,,,,,,,,,,,,,pending,,2026-06-05T13:08:22+00:00
trackb_cont_ZONE_20260603,,,,,,0.81,0.638,,,,,,-16.1299,pending,,2026-06-05T13:09:10+00:00
trackb_cont_ZONE_20260604,,,,,,0.7599,0.638,,,,,,-16.1299,pending,,2026-06-05T13:09:10+00:00
trackb_cont_ZONE_20260605,,,,,,,,,,,,,,pending,,2026-06-05T13:09:10+00:00
trackb_rev_ABT_20260603,,,,,,91.480003,86.720001,,,,,,-0.6188,pending,,2026-06-05T13:09:30+00:00
trackb_rev_ABT_20260604,,,,,,91.480003,89.199997,,,,,,2.2232,pending,,2026-06-05T13:09:30+00:00
trackb_rev_ABT_20260605,,,,,,,,,,,,,,pending,,2026-06-05T13:09:30+00:00
trackb_rev_AEO_20260603,,,,,,16.73,15.63,,,,,,-2.0437,pending,,2026-06-05T13:09:32+00:00
trackb_rev_AEO_20260604,,,,,,16.73,16.120001,,,,,,1.0272,pending,,2026-06-05T13:09:32+00:00
trackb_rev_AEO_20260605,,,,,,,,,,,,,,pending,,2026-06-05T13:09:32+00:00
trackb_rev_AJG_20260603,,,,,,212.520004,199.690002,,,,,,-0.8712,pending,,2026-06-05T13:09:28+00:00
trackb_rev_AJG_20260604,,,,,,212.520004,206.419998,,,,,,2.4697,pending,,2026-06-05T13:09:28+00:00
trackb_rev_AJG_20260605,,,,,,,,,,,,,,pending,,2026-06-05T13:09:28+00:00
trackb_rev_AMSF_20260603,,,,,,30.889999,30.049999,,,,,,-1.5722,pending,,2026-06-05T13:09:32+00:00
trackb_rev_AMSF_20260604,,,,,,30.889999,30.049999,,,,,,-1.5722,pending,,2026-06-05T13:09:32+00:00
trackb_rev_AMSF_20260605,,,,,,,,,,,,,,pending,,2026-06-05T13:09:32+00:00
trackb_rev_ANF_20260603,,,,,,78.019997,73.919998,,,,,,-1.9108,pending,,2026-06-05T13:09:34+00:00
trackb_rev_ANF_20260604,,,,,,78.019997,75.919998,,,,,,0.7431,pending,,2026-06-05T13:09:34+00:00
trackb_rev_ANF_20260605,,,,,,,,,,,,,,pending,,2026-06-05T13:09:34+00:00
trackb_rev_BBW_20260603,,,,,,36.509998,34.610001,,,,,,-2.6989,pending,,2026-06-05T13:09:35+00:00
trackb_rev_BBW_20260604,,,,,,36.509998,35.48,,,,,,-0.253,pending,,2026-06-05T13:09:35+00:00
trackb_rev_BBW_20260605,,,,,,,,,,,,,,pending,,2026-06-05T13:09:35+00:00
trackb_rev_BFRG_20260603,,,,,,0.78,0.72,,,,,,-2.7421,pending,,2026-06-05T13:09:33+00:00
trackb_rev_BFRG_20260604,,,,,,0.78,0.73,,,,,,-1.3913,pending,,2026-06-05T13:09:33+00:00
trackb_rev_BFRG_20260605,,,,,,,,,,,,,,pending,,2026-06-05T13:09:33+00:00
trackb_rev_BKNG_20260603,,,,,,171.220001,164.449997,,,,,,-0.886,pending,,2026-06-05T13:09:38+00:00
trackb_rev_BKNG_20260604,,,,,,171.220001,166.360001,,,,,,0.2652,pending,,2026-06-05T13:09:38+00:00
trackb_rev_BKNG_20260605,,,,,,,,,,,,,,pending,,2026-06-05T13:09:38+00:00
trackb_rev_BMI_20260603,,,,,,130.279999,124.449997,,,,,,-3.0612,pending,,2026-06-05T13:09:24+00:00
trackb_rev_BMI_20260604,,,,,,130.130005,126.449997,,,,,,-1.5034,pending,,2026-06-05T13:09:24+00:00
trackb_rev_BMI_20260605,,,,,,,,,,,,,,pending,,2026-06-05T13:09:24+00:00
trackb_rev_BMY_20260603,,,,,,56.779999,54.310001,,,,,,-0.8127,pending,,2026-06-05T13:09:36+00:00
trackb_rev_BMY_20260604,,,,,,56.779999,55.549999,,,,,,1.4519,pending,,2026-06-05T13:09:36+00:00
trackb_rev_BMY_20260605,,,,,,,,,,,,,,pending,,2026-06-05T13:09:36+00:00
trackb_rev_CACI_20260603,,,,,,544.0,516.219971,,,,,,-2.8194,pending,,2026-06-05T13:09:25+00:00
trackb_rev_CACI_20260604,,,,,,544.0,525.940002,,,,,,-0.9896,pending,,2026-06-05T13:09:25+00:00
trackb_rev_CACI_20260605,,,,,,,,,,,,,,pending,,2026-06-05T13:09:25+00:00
trackb_rev_CAH_20260603,,,,,,201.949997,195.509995,,,,,,-0.7009,pending,,2026-06-05T13:09:23+00:00
trackb_rev_CAH_20260604,,,,,,201.949997,197.529999,,,,,,0.3251,pending,,2026-06-05T13:09:23+00:00
trackb_rev_CAH_20260605,,,,,,,,,,,,,,pending,,2026-06-05T13:09:23+00:00
trackb_rev_CAR_20260603,,,,,,181.0,169.149994,,,,,,-2.885,pending,,2026-06-05T13:09:23+00:00
trackb_rev_CAR_20260604,,,,,,181.0,172.820007,,,,,,-0.7779,pending,,2026-06-05T13:09:23+00:00
trackb_rev_CAR_20260605,,,,,,,,,,,,,,pending,,2026-06-05T13:09:23+00:00
trackb_rev_CCOI_20260603,,,,,,17.49,16.280001,,,,,,-1.2136,pending,,2026-06-05T13:09:26+00:00
trackb_rev_CCOI_20260604,,,,,,17.43,16.610001,,,,,,0.7888,pending,,2026-06-05T13:09:26+00:00
trackb_rev_CCOI_20260605,,,,,,,,,,,,,,pending,,2026-06-05T13:09:26+00:00
trackb_rev_CLX_20260603,,,,,,91.400002,88.150002,,,,,,-0.799,pending,,2026-06-05T13:09:25+00:00
trackb_rev_CLX_20260604,,,,,,91.400002,88.589996,,,,,,-0.3039,pending,,2026-06-05T13:09:25+00:00
trackb_rev_CLX_20260605,,,,,,,,,,,,,,pending,,2026-06-05T13:09:25+00:00
trackb_rev_COO_20260603,,,,,,62.98,59.59,,,,,,-0.8651,pending,,2026-06-05T13:09:36+00:00
trackb_rev_COO_20260604,,,,,,62.98,61.09,,,,,,1.6303,pending,,2026-06-05T13:09:36+00:00
trackb_rev_COO_20260605,,,,,,,,,,,,,,pending,,2026-06-05T13:09:36+00:00
trackb_rev_COR_20260603,,,,,,270.839996,261.290009,,,,,,-0.6936,pending,,2026-06-05T13:09:38+00:00
trackb_rev_COR_20260604,,,,,,270.839996,266.720001,,,,,,1.3701,pending,,2026-06-05T13:09:38+00:00
trackb_rev_COR_20260605,,,,,,,,,,,,,,pending,,2026-06-05T13:09:38+00:00
trackb_rev_CTSH_20260603,,,,,,55.560001,52.849998,,,,,,-0.5644,pending,,2026-06-05T13:09:24+00:00
trackb_rev_CTSH_20260604,,,,,,55.560001,53.060001,,,,,,-0.1693,pending,,2026-06-05T13:09:24+00:00
trackb_rev_CTSH_20260605,,,,,,,,,,,,,,pending,,2026-06-05T13:09:24+00:00
trackb_rev_DGX_20260603,,,,,,201.990005,192.380005,,,,,,-0.7419,pending,,2026-06-05T13:09:29+00:00
trackb_rev_DGX_20260604,,,,,,201.990005,194.990005,,,,,,0.6047,pending,,2026-06-05T13:09:29+00:00
trackb_rev_DGX_20260605,,,,,,,,,,,,,,pending,,2026-06-05T13:09:29+00:00
trackb_rev_DHR_20260603,,,,,,187.789993,173.630005,,,,,,-1.7708,pending,,2026-06-05T13:09:25+00:00
trackb_rev_DHR_20260604,,,,,,187.789993,181.720001,,,,,,2.8061,pending,,2026-06-05T13:09:25+00:00
trackb_rev_DHR_20260605,,,,,,,,,,,,,,pending,,2026-06-05T13:09:25+00:00
trackb_rev_EDHL_20260603,,,,,,7.18,2.6,,,,,,-1.1407,pending,,2026-06-05T13:09:31+00:00
trackb_rev_EDHL_20260604,,,,,,7.18,3.33,,,,,,26.616,pending,,2026-06-05T13:09:31+00:00
trackb_rev_EDHL_20260605,,,,,,,,,,,,,,pending,,2026-06-05T13:09:31+00:00
trackb_rev_EPAM_20260603,,,,,,101.93,96.720001,,,,,,-0.5399,pending,,2026-06-05T13:09:27+00:00
trackb_rev_EPAM_20260604,,,,,,101.5,96.720001,,,,,,-0.5399,pending,,2026-06-05T13:09:27+00:00
trackb_rev_EPAM_20260605,,,,,,,,,,,,,,pending,,2026-06-05T13:09:27+00:00
trackb_rev_ETD_20260603,,,,,,21.0,20.26,,,,,,-1.0259,pending,,2026-06-05T13:09:29+00:00
trackb_rev_ETD_20260604,,,,,,21.0,20.59,,,,,,0.5862,pending,,2026-06-05T13:09:29+00:00
trackb_rev_ETD_20260605,,,,,,,,,,,,,,pending,,2026-06-05T13:09:29+00:00
trackb_rev_EVTV_20260603,,,,,,2.03,1.76,,,,,,-9.7436,pending,,2026-06-05T13:09:31+00:00
trackb_rev_EVTV_20260604,,,,,,1.9299,1.76,,,,,,-9.7436,pending,,2026-06-05T13:09:31+00:00
trackb_rev_EVTV_20260605,,,,,,,,,,,,,,pending,,2026-06-05T13:09:31+00:00
trackb_rev_EXC_20260603,,,,,,46.130001,44.150002,,,,,,-3.7917,pending,,2026-06-05T13:09:36+00:00
trackb_rev_EXC_20260604,,,,,,45.16,44.150002,,,,,,-3.7917,pending,,2026-06-05T13:09:36+00:00
trackb_rev_EXC_20260605,,,,,,,,,,,,,,pending,,2026-06-05T13:09:36+00:00
trackb_rev_FE_20260603,,,,,,46.299999,45.09,,,,,,-2.1059,pending,,2026-06-05T13:09:30+00:00
trackb_rev_FE_20260604,,,,,,46.099998,45.09,,,,,,-2.1059,pending,,2026-06-05T13:09:30+00:00
trackb_rev_FE_20260605,,,,,,,,,,,,,,pending,,2026-06-05T13:09:30+00:00
trackb_rev_FISV_20260603,,,,,,57.02,53.0,,,,,,-0.0943,pending,,2026-06-05T13:09:37+00:00
trackb_rev_FISV_20260604,,,,,,57.02,55.720001,,,,,,5.033,pending,,2026-06-05T13:09:37+00:00
trackb_rev_FISV_20260605,,,,,,,,,,,,,,pending,,2026-06-05T13:09:37+00:00
trackb_rev_GEHC_20260603,,,,,,64.709999,60.73,,,,,,-1.3883,pending,,2026-06-05T13:09:29+00:00
trackb_rev_GEHC_20260604,,,,,,64.709999,62.509998,,,,,,1.502,pending,,2026-06-05T13:09:29+00:00
trackb_rev_GEHC_20260605,,,,,,,,,,,,,,pending,,2026-06-05T13:09:29+00:00
trackb_rev_GIPR_20260603,,,,,,0.22,0.185,,,,,,-11.1858,pending,,2026-06-05T13:09:32+00:00
trackb_rev_GIPR_20260604,,,,,,0.22,0.185,,,,,,-11.1858,pending,,2026-06-05T13:09:32+00:00
trackb_rev_GIPR_20260605,,,,,,,,,,,,,,pending,,2026-06-05T13:09:32+00:00
trackb_rev_GMED_20260603,,,,,,80.739998,77.410004,,,,,,-0.7946,pending,,2026-06-05T13:09:37+00:00
trackb_rev_GMED_20260604,,,,,,80.739998,79.074997,,,,,,1.3392,pending,,2026-06-05T13:09:37+00:00
trackb_rev_GMED_20260605,,,,,,,,,,,,,,pending,,2026-06-05T13:09:37+00:00
trackb_rev_GWRS_20260603,,,,,,7.33,7.02,,,,,,-0.7072,pending,,2026-06-05T13:09:31+00:00
trackb_rev_GWRS_20260604,,,,,,7.33,7.11,,,,,,0.5658,pending,,2026-06-05T13:09:31+00:00
trackb_rev_GWRS_20260605,,,,,,,,,,,,,,pending,,2026-06-05T13:09:31+00:00
trackb_rev_HFFG_20260603,,,,,,1.9,1.815,,,,,,-1.8919,pending,,2026-06-05T13:09:34+00:00
trackb_rev_HFFG_20260604,,,,,,1.9,1.82,,,,,,-1.6216,pending,,2026-06-05T13:09:34+00:00
trackb_rev_HFFG_20260605,,,,,,,,,,,,,,pending,,2026-06-05T13:09:34+00:00
trackb_rev_IDXX_20260603,,,,,,577.48999,547.570007,,,,,,-2.0246,pending,,2026-06-05T13:09:38+00:00
trackb_rev_IDXX_20260604,,,,,,577.48999,555.530029,,,,,,-0.6003,pending,,2026-06-05T13:09:38+00:00
trackb_rev_IDXX_20260605,,,,,,,,,,,,,,pending,,2026-06-05T13:09:38+00:00
trackb_rev_IMKTA_20260603,,,,,,90.080002,85.690002,,,,,,-4.4278,pending,,2026-06-05T13:09:35+00:00
trackb_rev_IMKTA_20260604,,,,,,89.199997,85.690002,,,,,,-4.4278,pending,,2026-06-05T13:09:35+00:00
trackb_rev_IMKTA_20260605,,,,,,,,,,,,,,pending,,2026-06-05T13:09:35+00:00
trackb_rev_IPAR_20260603,,,,,,91.529999,87.709999,,,,,,-2.685,pending,,2026-06-05T13:09:36+00:00
trackb_rev_IPAR_20260604,,,,,,90.330002,87.879997,,,,,,-2.4964,pending,,2026-06-05T13:09:36+00:00
trackb_rev_IPAR_20260605,,,,,,,,,,,,,,pending,,2026-06-05T13:09:36+00:00
trackb_rev_JNJ_20260603,,,,,,228.669998,222.0,,,,,,-1.1268,pending,,2026-06-05T13:09:30+00:00
trackb_rev_JNJ_20260604,,,,,,228.669998,225.899994,,,,,,0.6102,pending,,2026-06-05T13:09:30+00:00
trackb_rev_JNJ_20260605,,,,,,,,,,,,,,pending,,2026-06-05T13:09:30+00:00
trackb_rev_KTOS_20260603,,,,,,63.59,57.900002,,,,,,-1.8561,pending,,2026-06-05T13:09:27+00:00
trackb_rev_KTOS_20260604,,,,,,63.59,57.939999,,,,,,-1.7883,pending,,2026-06-05T13:09:27+00:00
trackb_rev_KTOS_20260605,,,,,,,,,,,,,,pending,,2026-06-05T13:09:27+00:00
trackb_rev_LHX_20260603,,,,,,309.970001,301.48999,,,,,,-2.0596,pending,,2026-06-05T13:09:29+00:00
trackb_rev_LHX_20260604,,,,,,309.970001,306.309998,,,,,,-0.4938,pending,,2026-06-05T13:09:29+00:00
trackb_rev_LHX_20260605,,,,,,,,,,,,,,pending,,2026-06-05T13:09:29+00:00
trackb_rev_LILAK_20260603,,,,,,8.05,7.56,,,,,,-2.3256,pending,,2026-06-05T13:09:34+00:00
trackb_rev_LILAK_20260604,,,,,,8.05,7.56,,,,,,-2.3256,pending,,2026-06-05T13:09:34+00:00
trackb_rev_LILAK_20260605,,,,,,,,,,,,,,pending,,2026-06-05T13:09:34+00:00
trackb_rev_LMND_20260603,,,,,,56.869999,50.790001,,,,,,-3.3124,pending,,2026-06-05T13:09:26+00:00
trackb_rev_LMND_20260604,,,,,,53.689999,50.790001,,,,,,-3.3124,pending,,2026-06-05T13:09:26+00:00
trackb_rev_LMND_20260605,,,,,,,,,,,,,,pending,,2026-06-05T13:09:26+00:00
trackb_rev_LMT_20260603,,,,,,524.539978,510.540009,,,,,,-2.5036,pending,,2026-06-05T13:09:24+00:00
trackb_rev_LMT_20260604,,,,,,522.700012,514.140015,,,,,,-1.8161,pending,,2026-06-05T13:09:24+00:00
trackb_rev_LMT_20260605,,,,,,,,,,,,,,pending,,2026-06-05T13:09:24+00:00
trackb_rev_LOCL_20260603,,,,,,1.65,1.46,,,,,,-7.5891,pending,,2026-06-05T13:09:32+00:00
trackb_rev_LOCL_20260604,,,,,,1.58,1.48,,,,,,-6.3232,pending,,2026-06-05T13:09:32+00:00
trackb_rev_LOCL_20260605,,,,,,,,,,,,,,pending,,2026-06-05T13:09:32+00:00
trackb_rev_MEDP_20260603,,,,,,466.220001,434.380005,,,,,,-1.0794,pending,,2026-06-05T13:09:23+00:00
trackb_rev_MEDP_20260604,,,,,,466.220001,454.138306,,,,,,3.4201,pending,,2026-06-05T13:09:23+00:00
trackb_rev_MEDP_20260605,,,,,,,,,,,,,,pending,,2026-06-05T13:09:23+00:00
trackb_rev_MH_20260603,,,,,,12.25,11.36,,,,,,-1.5171,pending,,2026-06-05T13:09:29+00:00
trackb_rev_MH_20260604,,,,,,12.08,11.6585,,,,,,1.0707,pending,,2026-06-05T13:09:29+00:00
trackb_rev_MH_20260605,,,,,,,,,,,,,,pending,,2026-06-05T13:09:29+00:00
trackb_rev_MMSI_20260603,,,,,,64.160004,60.02,,,,,,-1.0061,pending,,2026-06-05T13:09:28+00:00
trackb_rev_MMSI_20260604,,,,,,64.160004,61.880001,,,,,,2.0617,pending,,2026-06-05T13:09:28+00:00
trackb_rev_MMSI_20260605,,,,,,,,,,,,,,pending,,2026-06-05T13:09:28+00:00
trackb_rev_MOS_20260603,,,,,,23.969999,22.440001,,,,,,-5.3165,pending,,2026-06-05T13:09:35+00:00
trackb_rev_MOS_20260604,,,,,,23.1,22.440001,,,,,,-5.3165,pending,,2026-06-05T13:09:35+00:00
trackb_rev_MOS_20260605,,,,,,,,,,,,,,pending,,2026-06-05T13:09:35+00:00
trackb_rev_MRK_20260603,,,,,,120.550003,114.699997,,,,,,-1.1292,pending,,2026-06-05T13:09:24+00:00
trackb_rev_MRK_20260604,,,,,,120.550003,117.089996,,,,,,0.931,pending,,2026-06-05T13:09:24+00:00
trackb_rev_MRK_20260605,,,,,,,,,,,,,,pending,,2026-06-05T13:09:24+00:00
trackb_rev_NCLH_20260603,,,,,,19.48,18.030001,,,,,,-1.6635,pending,,2026-06-05T13:09:31+00:00
trackb_rev_NCLH_20260604,,,,,,19.48,18.674999,,,,,,1.8544,pending,,2026-06-05T13:09:31+00:00
trackb_rev_NCLH_20260605,,,,,,,,,,,,,,pending,,2026-06-05T13:09:31+00:00
trackb_rev_NKE_20260603,,,,,,44.700001,43.130001,,,,,,-0.6663,pending,,2026-06-05T13:09:27+00:00
trackb_rev_NKE_20260604,,,,,,44.700001,43.130001,,,,,,-0.6663,pending,,2026-06-05T13:09:27+00:00
trackb_rev_NKE_20260605,,,,,,,,,,,,,,pending,,2026-06-05T13:09:27+00:00
trackb_rev_OLLI_20260603,,,,,,82.167999,73.610001,,,,,,-7.8377,pending,,2026-06-05T13:09:33+00:00
trackb_rev_OLLI_20260604,,,,,,79.860001,73.610001,,,,,,-7.8377,pending,,2026-06-05T13:09:33+00:00
trackb_rev_OLLI_20260605,,,,,,,,,,,,,,pending,,2026-06-05T13:09:33+00:00
trackb_rev_OPCH_20260603,,,,,,21.049999,20.01,,,,,,-1.307,pending,,2026-06-05T13:09:28+00:00
trackb_rev_OPCH_20260604,,,,,,21.049999,20.01,,,,,,-1.307,pending,,2026-06-05T13:09:28+00:00
trackb_rev_OPCH_20260605,,,,,,,,,,,,,,pending,,2026-06-05T13:09:28+00:00
trackb_rev_ORBS_20260603,,,,,,1.03,0.87,,,,,,-8.2278,pending,,2026-06-05T13:09:33+00:00
trackb_rev_ORBS_20260604,,,,,,1.03,0.87,,,,,,-8.2278,pending,,2026-06-05T13:09:33+00:00
trackb_rev_ORBS_20260605,,,,,,,,,,,,,,pending,,2026-06-05T13:09:33+00:00
trackb_rev_ORGN_20260603,,,,,,1.44,1.312,,,,,,-1.3534,pending,,2026-06-05T13:09:33+00:00
trackb_rev_ORGN_20260604,,,,,,1.44,1.37,,,,,,3.0075,pending,,2026-06-05T13:09:33+00:00
trackb_rev_ORGN_20260605,,,,,,,,,,,,,,pending,,2026-06-05T13:09:33+00:00
trackb_rev_RBLX_20260603,,,,,,45.040001,42.689999,,,,,,-0.9857,pending,,2026-06-05T13:09:25+00:00
trackb_rev_RBLX_20260604,,,,,,45.040001,43.259998,,,,,,0.3363,pending,,2026-06-05T13:09:25+00:00
trackb_rev_RBLX_20260605,,,,,,,,,,,,,,pending,,2026-06-05T13:09:25+00:00
trackb_rev_RIME_20260603,,,,,,0.75,0.69,,,,,,-3.9265,pending,,2026-06-05T13:09:34+00:00
trackb_rev_RIME_20260604,,,,,,0.75,0.7,,,,,,-2.5341,pending,,2026-06-05T13:09:34+00:00
trackb_rev_RIME_20260605,,,,,,,,,,,,,,pending,,2026-06-05T13:09:34+00:00
trackb_rev_RLI_20260603,,,,,,51.779999,49.919998,,,,,,-1.5967,pending,,2026-06-05T13:09:25+00:00
trackb_rev_RLI_20260604,,,,,,51.779999,50.25,,,,,,-0.9462,pending,,2026-06-05T13:09:25+00:00
trackb_rev_RLI_20260605,,,,,,,,,,,,,,pending,,2026-06-05T13:09:25+00:00
trackb_rev_RYAN_20260603,,,,,,32.990002,30.67,,,,,,-2.5421,pending,,2026-06-05T13:09:26+00:00
trackb_rev_RYAN_20260604,,,,,,32.990002,31.41,,,,,,-0.1907,pending,,2026-06-05T13:09:26+00:00
trackb_rev_RYAN_20260605,,,,,,,,,,,,,,pending,,2026-06-05T13:09:26+00:00
trackb_rev_SFD_20260603,,,,,,26.450001,25.540001,,,,,,-2.5563,pending,,2026-06-05T13:09:31+00:00
trackb_rev_SFD_20260604,,,,,,26.450001,25.879999,,,,,,-1.2591,pending,,2026-06-05T13:09:31+00:00
trackb_rev_SFD_20260605,,,,,,,,,,,,,,pending,,2026-06-05T13:09:31+00:00
trackb_rev_SFM_20260603,,,,,,81.979897,76.879997,,,,,,-1.4612,pending,,2026-06-05T13:09:28+00:00
trackb_rev_SFM_20260604,,,,,,81.979897,79.610001,,,,,,2.0379,pending,,2026-06-05T13:09:28+00:00
trackb_rev_SFM_20260605,,,,,,,,,,,,,,pending,,2026-06-05T13:09:28+00:00
trackb_rev_SYK_20260603,,,,,,306.450012,291.73999,,,,,,-0.4861,pending,,2026-06-05T13:09:22+00:00
trackb_rev_SYK_20260604,,,,,,306.450012,298.019989,,,,,,1.6561,pending,,2026-06-05T13:09:22+00:00
trackb_rev_SYK_20260605,,,,,,,,,,,,,,pending,,2026-06-05T13:09:22+00:00
trackb_rev_SYY_20260603,,,,,,76.400002,73.650002,,,,,,-1.9438,pending,,2026-06-05T13:09:27+00:00
trackb_rev_SYY_20260604,,,,,,76.400002,74.239998,,,,,,-1.1583,pending,,2026-06-05T13:09:27+00:00
trackb_rev_SYY_20260605,,,,,,,,,,,,,,pending,,2026-06-05T13:09:27+00:00
trackb_rev_TECH_20260603,,,,,,53.299999,49.040001,,,,,,-1.7923,pending,,2026-06-05T13:09:37+00:00
trackb_rev_TECH_20260604,,,,,,53.299999,51.34,,,,,,2.8137,pending,,2026-06-05T13:09:37+00:00
trackb_rev_TECH_20260605,,,,,,,,,,,,,,pending,,2026-06-05T13:09:37+00:00
trackb_rev_TGT_20260603,,,,,,126.830002,122.510002,,,,,,-1.9842,pending,,2026-06-05T13:09:37+00:00
trackb_rev_TGT_20260604,,,,,,126.830002,123.830002,,,,,,-0.9281,pending,,2026-06-05T13:09:37+00:00
trackb_rev_TGT_20260605,,,,,,,,,,,,,,pending,,2026-06-05T13:09:37+00:00
trackb_rev_THO_20260603,,,,,,80.410004,69.709999,,,,,,-9.9063,pending,,2026-06-05T13:09:33+00:00
trackb_rev_THO_20260604,,,,,,79.080002,74.610001,,,,,,-3.5735,pending,,2026-06-05T13:09:33+00:00
trackb_rev_THO_20260605,,,,,,,,,,,,,,pending,,2026-06-05T13:09:33+00:00
trackb_rev_TJX_20260603,,,,,,160.869995,153.0,,,,,,-2.5788,pending,,2026-06-05T13:09:26+00:00
trackb_rev_TJX_20260604,,,,,,160.869995,157.929993,,,,,,0.5603,pending,,2026-06-05T13:09:26+00:00
trackb_rev_TJX_20260605,,,,,,,,,,,,,,pending,,2026-06-05T13:09:26+00:00
trackb_rev_UGI_20260603,,,,,,35.119999,34.02,,,,,,-2.7166,pending,,2026-06-05T13:09:27+00:00
trackb_rev_UGI_20260604,,,,,,34.73,34.02,,,,,,-2.7166,pending,,2026-06-05T13:09:27+00:00
trackb_rev_UGI_20260605,,,,,,,,,,,,,,pending,,2026-06-05T13:09:27+00:00
trackb_rev_VG_20260603,,,,,,13.29,12.46,,,,,,-3.4483,pending,,2026-06-05T13:09:32+00:00
trackb_rev_VG_20260604,,,,,,13.29,12.73,,,,,,-1.3561,pending,,2026-06-05T13:09:32+00:00
trackb_rev_VG_20260605,,,,,,,,,,,,,,pending,,2026-06-05T13:09:32+00:00
trackb_rev_VITL_20260603,,,,,,10.05,9.61,,,,,,-1.5369,pending,,2026-06-05T13:09:37+00:00
trackb_rev_VITL_20260604,,,,,,10.05,9.61,,,,,,-1.5369,pending,,2026-06-05T13:09:37+00:00
trackb_rev_VITL_20260605,,,,,,,,,,,,,,pending,,2026-06-05T13:09:37+00:00
trackb_rev_WGS_20260603,,,,,,57.150002,51.0,,,,,,-2.5416,pending,,2026-06-05T13:09:23+00:00
trackb_rev_WGS_20260604,,,,,,57.150002,52.73,,,,,,0.7644,pending,,2026-06-05T13:09:23+00:00
trackb_rev_WGS_20260605,,,,,,,,,,,,,,pending,,2026-06-05T13:09:23+00:00
trackb_rev_WING_20260603,,,,,,147.0,135.770004,,,,,,-5.1952,pending,,2026-06-05T13:09:22+00:00
trackb_rev_WING_20260604,,,,,,147.0,140.259995,,,,,,-2.0599,pending,,2026-06-05T13:09:22+00:00
trackb_rev_WING_20260605,,,,,,,,,,,,,,pending,,2026-06-05T13:09:22+00:00
trackb_rev_WNC_20260603,,,,,,8.13,7.73,,,,,,-0.8339,pending,,2026-06-05T13:09:30+00:00
trackb_rev_WNC_20260604,,,,,,8.13,7.96,,,,,,2.1167,pending,,2026-06-05T13:09:30+00:00
trackb_rev_WNC_20260605,,,,,,,,,,,,,,pending,,2026-06-05T13:09:30+00:00
