signal_id,spot_at_5d,spot_at_10d,spot_at_20d,spot_at_40d,spot_at_primary_date,max_high_to_primary,max_low_to_primary,hit_primary,hit_range_low,hit_range_high,direction_correct,days_to_primary_hit,max_drawdown_pct,final_status,resolved_date,last_updated
trackb_cont_AAL_20260615,,,,,,16.190001,15.2,,,,,,-4.0398,pending,,2026-06-22T13:16:58+00:00
trackb_cont_AAL_20260616,,,,,,16.190001,15.4,,,,,,-0.4847,pending,,2026-06-22T13:16:58+00:00
trackb_cont_AAL_20260617,,,,,,16.07,15.4,,,,,,-0.4847,pending,,2026-06-22T13:16:58+00:00
trackb_cont_AAL_20260618,,,,,,16.07,15.77,,,,,,1.9063,pending,,2026-06-22T13:16:58+00:00
trackb_cont_AAL_20260619,,,,,,,,,,,,,,pending,,2026-06-22T13:16:58+00:00
trackb_cont_AAON_20260603,121.120003,133.360001,,,,150.460007,118.610001,,,,,,-19.3074,pending,,2026-06-22T13:14:23+00:00
trackb_cont_AAON_20260604,128.639999,136.720001,,,,145.770004,118.610001,,,,,,-19.3074,pending,,2026-06-22T13:14:23+00:00
trackb_cont_AAON_20260605,127.190002,,,,,141.729996,118.610001,,,,,,-19.3074,pending,,2026-06-22T13:14:23+00:00
trackb_cont_AAON_20260608,131.259995,,,,,139.449997,118.610001,,,,,,-19.3074,pending,,2026-06-22T13:14:23+00:00
trackb_cont_AAPL_20260603,291.579987,295.950012,,,,317.399994,287.380005,,,,,,-7.7432,pending,,2026-06-22T13:13:46+00:00
trackb_cont_AAPL_20260604,295.630005,298.01001,,,,317.399994,287.380005,,,,,,-7.7432,pending,,2026-06-22T13:13:46+00:00
trackb_cont_AAPL_20260605,291.130005,,,,,317.399994,287.380005,,,,,,-7.7432,pending,,2026-06-22T13:13:46+00:00
trackb_cont_AAPL_20260608,296.420013,,,,,317.399994,287.380005,,,,,,-7.7432,pending,,2026-06-22T13:13:46+00:00
trackb_cont_AAP_20260612,,,,,,62.470001,57.939999,,,,,,-4.421,pending,,2026-06-22T13:16:44+00:00
trackb_cont_AAP_20260615,,,,,,62.470001,57.939999,,,,,,-6.5785,pending,,2026-06-22T13:16:44+00:00
trackb_cont_AAP_20260616,,,,,,61.549999,57.939999,,,,,,-5.0631,pending,,2026-06-22T13:16:44+00:00
trackb_cont_AAP_20260617,,,,,,61.549999,57.939999,,,,,,-5.0631,pending,,2026-06-22T13:16:44+00:00
trackb_cont_AAP_20260618,,,,,,61.549999,58.299999,,,,,,-4.4732,pending,,2026-06-22T13:16:44+00:00
trackb_cont_AAP_20260619,,,,,,,,,,,,,,pending,,2026-06-22T13:16:44+00:00
trackb_cont_AAT_20260603,24.5,23.85,,,,24.85,23.190001,,,,,,-0.3438,pending,,2026-06-22T13:14:26+00:00
trackb_cont_AAT_20260604,24.469999,24.049999,,,,24.85,23.32,,,,,,0.2149,pending,,2026-06-22T13:14:26+00:00
trackb_cont_AAT_20260605,24.41,,,,,24.85,23.59,,,,,,1.3752,pending,,2026-06-22T13:14:26+00:00
trackb_cont_AAT_20260608,24.280001,,,,,24.85,23.66,,,,,,-0.0,pending,,2026-06-22T13:14:26+00:00
trackb_cont_AAT_20260611,24.049999,,,,,24.85,23.690001,,,,,,-3.3061,pending,,2026-06-22T13:14:26+00:00
trackb_cont_AAT_20260615,,,,,,24.690001,23.690001,,,,,,-2.9496,pending,,2026-06-22T13:14:26+00:00
trackb_cont_AAT_20260616,,,,,,24.690001,23.690001,,,,,,-2.3495,pending,,2026-06-22T13:14:26+00:00
trackb_cont_AAT_20260617,,,,,,24.4,23.690001,,,,,,-2.3495,pending,,2026-06-22T13:14:26+00:00
trackb_cont_AAT_20260618,,,,,,24.15,23.889999,,,,,,-1.5251,pending,,2026-06-22T13:14:26+00:00
trackb_cont_AAT_20260619,,,,,,,,,,,,,,pending,,2026-06-22T13:14:26+00:00
trackb_cont_AAT_20260622,,,,,,,,,,,,,,pending,,2026-06-22T13:14:26+00:00
trackb_cont_ABAT_20260603,3.075,3.1,,,,4.25,3.02,,,,,,-18.1594,pending,,2026-06-22T13:14:03+00:00
trackb_cont_ABAT_20260604,3.42,3.12,,,,4.25,3.02,,,,,,-18.1594,pending,,2026-06-22T13:14:03+00:00
trackb_cont_ABAT_20260605,3.38,,,,,4.25,3.02,,,,,,-18.1594,pending,,2026-06-22T13:14:03+00:00
trackb_cont_ABAT_20260608,3.39,,,,,4.25,3.02,,,,,,-18.1594,pending,,2026-06-22T13:14:03+00:00
trackb_cont_ABBV_20260603,224.949997,221.229996,,,,230.470001,213.729996,,,,,,-2.2457,pending,,2026-06-22T13:15:16+00:00
trackb_cont_ABBV_20260604,224.770004,216.490005,,,,230.470001,215.369995,,,,,,-1.4956,pending,,2026-06-22T13:15:16+00:00
trackb_cont_ABBV_20260605,227.729996,,,,,230.470001,215.369995,,,,,,-1.4956,pending,,2026-06-22T13:15:16+00:00
trackb_cont_ABBV_20260608,221.589996,,,,,228.580002,215.369995,,,,,,-5.2194,pending,,2026-06-22T13:15:16+00:00
trackb_cont_ABBV_20260609,222.470001,,,,,228.399994,215.369995,,,,,,-3.4518,pending,,2026-06-22T13:15:16+00:00
trackb_cont_ABBV_20260610,221.229996,,,,,228.399994,215.369995,,,,,,-3.4518,pending,,2026-06-22T13:15:16+00:00
trackb_cont_ABBV_20260611,216.490005,,,,,228.399994,215.369995,,,,,,-4.2587,pending,,2026-06-22T13:15:16+00:00
trackb_cont_ABBV_20260612,,,,,,228.399994,215.369995,,,,,,-4.1821,pending,,2026-06-22T13:15:16+00:00
trackb_cont_ABBV_20260616,,,,,,223.5,215.369995,,,,,,-2.7894,pending,,2026-06-22T13:15:16+00:00
trackb_cont_ABBV_20260617,,,,,,222.839996,215.369995,,,,,,-2.7894,pending,,2026-06-22T13:15:16+00:00
trackb_cont_ABG_20260612,,,,,,204.039993,189.130005,,,,,,-5.1885,pending,,2026-06-22T13:16:47+00:00
trackb_cont_ABG_20260616,,,,,,201.940002,189.130005,,,,,,-6.1785,pending,,2026-06-22T13:16:47+00:00
trackb_cont_ABG_20260617,,,,,,201.470001,189.130005,,,,,,-6.1785,pending,,2026-06-22T13:16:47+00:00
trackb_cont_ABG_20260618,,,,,,197.229996,189.130005,,,,,,-6.1785,pending,,2026-06-22T13:16:47+00:00
trackb_cont_ABG_20260619,,,,,,,,,,,,,,pending,,2026-06-22T13:16:47+00:00
trackb_cont_ABM_20260611,44.150002,,,,,47.0,42.970001,,,,,,-4.2345,pending,,2026-06-22T13:16:29+00:00
trackb_cont_ABM_20260615,,,,,,45.709999,42.970001,,,,,,-5.2648,pending,,2026-06-22T13:16:29+00:00
trackb_cont_ABM_20260616,,,,,,44.540001,42.970001,,,,,,-3.2425,pending,,2026-06-22T13:16:29+00:00
trackb_cont_ABM_20260617,,,,,,44.299999,42.970001,,,,,,-3.2425,pending,,2026-06-22T13:16:29+00:00
trackb_cont_ABNB_20260622,,,,,,,,,,,,,,pending,,2026-06-22T13:17:49+00:00
trackb_cont_ABX_20260616,,,,,,9.9,9.14,,,,,,-6.8298,pending,,2026-06-22T13:17:22+00:00
trackb_cont_ABX_20260617,,,,,,9.9,9.14,,,,,,-6.8298,pending,,2026-06-22T13:17:22+00:00
trackb_cont_ABX_20260618,,,,,,9.72,9.14,,,,,,-5.383,pending,,2026-06-22T13:17:22+00:00
trackb_cont_ABX_20260619,,,,,,,,,,,,,,pending,,2026-06-22T13:17:22+00:00
trackb_cont_ABX_20260622,,,,,,,,,,,,,,pending,,2026-06-22T13:17:22+00:00
trackb_cont_ACEL_20260609,13.08,,,,,14.0,12.25,,,,,,1.4073,pending,,2026-06-22T13:16:08+00:00
trackb_cont_ACEL_20260612,,,,,,14.0,12.67,,,,,,-5.5183,pending,,2026-06-22T13:16:08+00:00
trackb_cont_ACH_20260616,,,,,,3.39,3.02,,,,,,-1.9481,pending,,2026-06-22T13:17:19+00:00
trackb_cont_ACH_20260617,,,,,,3.39,3.02,,,,,,-1.9481,pending,,2026-06-22T13:17:19+00:00
trackb_cont_ACH_20260618,,,,,,3.39,3.07,,,,,,-4.2122,pending,,2026-06-22T13:17:19+00:00
trackb_cont_ACH_20260619,,,,,,,,,,,,,,pending,,2026-06-22T13:17:19+00:00
trackb_cont_ACH_20260622,,,,,,,,,,,,,,pending,,2026-06-22T13:17:19+00:00
trackb_cont_ACLS_20260615,,,,,,193.779999,174.050003,,,,,,-8.0948,pending,,2026-06-22T13:17:01+00:00
trackb_cont_ACLS_20260616,,,,,,193.5,174.050003,,,,,,-7.7196,pending,,2026-06-22T13:17:01+00:00
trackb_cont_ACLS_20260617,,,,,,188.720001,174.050003,,,,,,-7.7196,pending,,2026-06-22T13:17:01+00:00
trackb_cont_ACLS_20260618,,,,,,188.720001,183.229996,,,,,,-2.8524,pending,,2026-06-22T13:17:01+00:00
trackb_cont_ACLS_20260619,,,,,,,,,,,,,,pending,,2026-06-22T13:17:01+00:00
trackb_cont_ACMR_20260603,79.959999,96.190002,,,,110.18,74.190002,,,,,,-16.7947,pending,,2026-06-22T13:14:08+00:00
trackb_cont_ACMR_20260604,91.699997,109.870003,,,,110.18,74.190002,,,,,,-16.7947,pending,,2026-06-22T13:14:08+00:00
trackb_cont_ACMR_20260605,93.949997,,,,,110.18,74.190002,,,,,,-16.7947,pending,,2026-06-22T13:14:08+00:00
trackb_cont_ACMR_20260608,95.209999,,,,,110.18,74.190002,,,,,,-16.7947,pending,,2026-06-22T13:14:08+00:00
trackb_cont_ACMR_20260616,,,,,,110.18,90.709999,,,,,,-4.6964,pending,,2026-06-22T13:14:08+00:00
trackb_cont_ACMR_20260617,,,,,,110.18,95.589996,,,,,,0.4308,pending,,2026-06-22T13:14:08+00:00
trackb_cont_ACMR_20260618,,,,,,110.18,100.059998,,,,,,5.1271,pending,,2026-06-22T13:14:08+00:00
trackb_cont_ACMR_20260619,,,,,,,,,,,,,,pending,,2026-06-22T13:14:08+00:00
trackb_cont_ACVA_20260603,5.94,6.14,,,,6.595,5.54,,,,,,-6.6554,pending,,2026-06-22T13:15:28+00:00
trackb_cont_ACVA_20260604,6.45,6.48,,,,6.595,5.54,,,,,,-6.6554,pending,,2026-06-22T13:15:28+00:00
trackb_cont_ACVA_20260605,6.01,,,,,6.595,5.54,,,,,,-6.6554,pending,,2026-06-22T13:15:28+00:00
trackb_cont_ACVA_20260608,6.31,,,,,6.595,5.555,,,,,,-6.4027,pending,,2026-06-22T13:15:28+00:00
trackb_cont_ADC_20260615,,,,,,75.709999,72.989998,,,,,,-3.2348,pending,,2026-06-22T13:17:02+00:00
trackb_cont_ADC_20260616,,,,,,75.139999,72.989998,,,,,,-2.693,pending,,2026-06-22T13:17:02+00:00
trackb_cont_ADC_20260617,,,,,,75.139999,72.989998,,,,,,-2.693,pending,,2026-06-22T13:17:02+00:00
trackb_cont_ADI_20260603,392.670013,414.450012,,,,439.700012,383.320007,,,,,,-11.108,pending,,2026-06-22T13:15:09+00:00
trackb_cont_ADI_20260604,412.130005,434.459991,,,,438.649994,383.320007,,,,,,-11.108,pending,,2026-06-22T13:15:09+00:00
trackb_cont_ADI_20260605,417.790009,,,,,438.649994,383.320007,,,,,,-11.108,pending,,2026-06-22T13:15:09+00:00
trackb_cont_ADI_20260608,427.579987,,,,,438.649994,383.320007,,,,,,-4.5019,pending,,2026-06-22T13:15:09+00:00
trackb_cont_ADM_20260603,81.279999,76.5,,,,85.370003,74.279999,,,,,,-12.4418,pending,,2026-06-22T13:14:40+00:00
trackb_cont_ADM_20260604,78.900002,75.099998,,,,84.739998,74.279999,,,,,,-12.4418,pending,,2026-06-22T13:14:40+00:00
trackb_cont_ADM_20260605,80.239998,,,,,83.190002,74.279999,,,,,,-12.4418,pending,,2026-06-22T13:14:40+00:00
trackb_cont_ADM_20260608,79.269997,,,,,82.690002,74.279999,,,,,,-12.4418,pending,,2026-06-22T13:14:40+00:00
trackb_cont_ADP_20260603,231.100006,218.759995,,,,237.110001,215.300003,,,,,,-4.6206,pending,,2026-06-22T13:14:33+00:00
trackb_cont_ADP_20260604,225.770004,218.410004,,,,237.110001,215.300003,,,,,,-4.6206,pending,,2026-06-22T13:14:33+00:00
trackb_cont_ADP_20260605,226.210007,,,,,234.850006,215.300003,,,,,,-4.6206,pending,,2026-06-22T13:14:33+00:00
trackb_cont_ADP_20260608,223.220001,,,,,233.199997,215.300003,,,,,,-4.6206,pending,,2026-06-22T13:14:33+00:00
trackb_cont_ADP_20260609,222.0,,,,,233.199997,215.300003,,,,,,-6.0154,pending,,2026-06-22T13:14:33+00:00
trackb_cont_ADP_20260612,,,,,,227.199997,215.300003,,,,,,-4.6375,pending,,2026-06-22T13:14:33+00:00
trackb_cont_ADTN_20260603,14.95,15.09,,,,18.299999,14.0,,,,,,-19.1219,pending,,2026-06-22T13:15:35+00:00
trackb_cont_ADTN_20260604,15.2,15.18,,,,17.32,14.0,,,,,,-19.1219,pending,,2026-06-22T13:15:35+00:00
trackb_cont_ADTN_20260605,15.26,,,,,17.059999,14.0,,,,,,-19.1219,pending,,2026-06-22T13:15:35+00:00
trackb_cont_ADTN_20260608,15.13,,,,,17.059999,14.0,,,,,,-19.1219,pending,,2026-06-22T13:15:35+00:00
trackb_cont_ADUS_20260618,,,,,,96.459999,93.860001,,,,,,-0.0107,pending,,2026-06-22T13:17:41+00:00
trackb_cont_ADUS_20260619,,,,,,,,,,,,,,pending,,2026-06-22T13:17:41+00:00
trackb_cont_AEHR_20260603,93.32,112.620003,,,,126.620003,84.620003,,,,,,-26.3726,pending,,2026-06-22T13:13:53+00:00
trackb_cont_AEHR_20260604,103.029999,115.300003,,,,126.620003,84.620003,,,,,,-26.3726,pending,,2026-06-22T13:13:53+00:00
trackb_cont_AEHR_20260605,108.470001,,,,,126.620003,84.620003,,,,,,-26.3726,pending,,2026-06-22T13:13:53+00:00
trackb_cont_AEHR_20260608,115.879997,,,,,126.620003,84.620003,,,,,,-26.3726,pending,,2026-06-22T13:13:53+00:00
trackb_cont_AEHR_20260615,,,,,,126.620003,104.459999,,,,,,-16.3517,pending,,2026-06-22T13:13:53+00:00
trackb_cont_AEHR_20260616,,,,,,123.480003,104.459999,,,,,,-11.889,pending,,2026-06-22T13:13:53+00:00
trackb_cont_AEHR_20260617,,,,,,123.480003,111.029999,,,,,,-6.3473,pending,,2026-06-22T13:13:53+00:00
trackb_cont_AEIS_20260615,,,,,,380.059998,349.190002,,,,,,-6.6705,pending,,2026-06-22T13:16:59+00:00
trackb_cont_AEIS_20260616,,,,,,374.51001,349.190002,,,,,,-5.9826,pending,,2026-06-22T13:16:59+00:00
trackb_cont_AEIS_20260617,,,,,,374.51001,349.190002,,,,,,-5.9826,pending,,2026-06-22T13:16:59+00:00
trackb_cont_AEIS_20260622,,,,,,,,,,,,,,pending,,2026-06-22T13:16:59+00:00
trackb_cont_AEO_20260612,,,,,,19.280001,17.049999,,,,,,-6.7797,pending,,2026-06-22T13:15:45+00:00
trackb_cont_AEO_20260616,,,,,,18.67,17.049999,,,,,,-7.6131,pending,,2026-06-22T13:15:45+00:00
trackb_cont_AEO_20260617,,,,,,18.379999,17.049999,,,,,,-7.6131,pending,,2026-06-22T13:15:45+00:00
trackb_cont_AEO_20260618,,,,,,18.219999,17.25,,,,,,-6.5294,pending,,2026-06-22T13:15:45+00:00
trackb_cont_AEO_20260619,,,,,,,,,,,,,,pending,,2026-06-22T13:15:45+00:00
trackb_cont_AFL_20260610,116.239998,,,,,118.389999,114.470001,,,,,,-0.6682,pending,,2026-06-22T13:16:20+00:00
trackb_cont_AFL_20260612,,,,,,118.389999,114.470001,,,,,,-1.7003,pending,,2026-06-22T13:16:20+00:00
trackb_cont_AFL_20260616,,,,,,118.300003,114.470001,,,,,,-2.5414,pending,,2026-06-22T13:16:20+00:00
trackb_cont_AFL_20260617,,,,,,117.57,114.470001,,,,,,-2.5414,pending,,2026-06-22T13:16:20+00:00
trackb_cont_AFRM_20260603,62.810001,70.730003,,,,77.099998,61.18,,,,,,-6.8017,pending,,2026-06-22T13:15:30+00:00
trackb_cont_AFRM_20260604,66.489998,73.919998,,,,77.099998,61.18,,,,,,-6.8017,pending,,2026-06-22T13:15:30+00:00
trackb_cont_AFRM_20260605,66.169998,,,,,77.099998,61.18,,,,,,-6.8017,pending,,2026-06-22T13:15:30+00:00
trackb_cont_AGL_20260603,101.699997,104.669998,,,,118.25,80.0,,,,,,-5.482,pending,,2026-06-22T13:14:31+00:00
trackb_cont_AGL_20260604,116.160004,113.800003,,,,118.25,83.294998,,,,,,-1.5891,pending,,2026-06-22T13:14:31+00:00
trackb_cont_AGL_20260605,112.910004,,,,,118.25,91.168999,,,,,,7.7138,pending,,2026-06-22T13:14:31+00:00
trackb_cont_AGL_20260608,114.339996,,,,,118.25,93.769997,,,,,,10.7869,pending,,2026-06-22T13:14:31+00:00
trackb_cont_AGL_20260616,,,,,,115.629997,102.32,,,,,,-8.6793,pending,,2026-06-22T13:14:31+00:00
trackb_cont_AGL_20260617,,,,,,115.629997,102.32,,,,,,-8.6793,pending,,2026-06-22T13:14:31+00:00
trackb_cont_AGX_20260622,,,,,,,,,,,,,,pending,,2026-06-22T13:17:50+00:00
trackb_cont_AHRT_20260603,6.85,6.6,,,,6.94,6.56,,,,,,-0.6076,pending,,2026-06-22T13:15:10+00:00
trackb_cont_AHRT_20260604,6.85,6.67,,,,6.94,6.56,,,,,,-0.6076,pending,,2026-06-22T13:15:10+00:00
trackb_cont_AHRT_20260605,6.88,,,,,6.94,6.56,,,,,,-0.6076,pending,,2026-06-22T13:15:10+00:00
trackb_cont_AHRT_20260608,6.79,,,,,6.94,6.56,,,,,,-0.6076,pending,,2026-06-22T13:15:10+00:00
trackb_cont_AHRT_20260616,,,,,,6.88,6.56,,,,,,-3.9531,pending,,2026-06-22T13:15:10+00:00
trackb_cont_AHRT_20260617,,,,,,6.76,6.56,,,,,,-3.9531,pending,,2026-06-22T13:15:10+00:00
trackb_cont_AHRT_20260618,,,,,,6.69,6.62,,,,,,-3.0747,pending,,2026-06-22T13:15:10+00:00
trackb_cont_AHRT_20260619,,,,,,,,,,,,,,pending,,2026-06-22T13:15:10+00:00
trackb_cont_AIT_20260610,329.890015,,,,,340.369995,313.839996,,,,,,-0.1845,pending,,2026-06-22T13:16:19+00:00
trackb_cont_AIT_20260616,,,,,,340.369995,318.820007,,,,,,-0.8074,pending,,2026-06-22T13:16:19+00:00
trackb_cont_AIT_20260617,,,,,,340.369995,324.0,,,,,,0.8043,pending,,2026-06-22T13:16:19+00:00
trackb_cont_AIT_20260618,,,,,,340.369995,333.380005,,,,,,1.0579,pending,,2026-06-22T13:16:19+00:00
trackb_cont_AIT_20260619,,,,,,,,,,,,,,pending,,2026-06-22T13:16:19+00:00
trackb_cont_AIT_20260622,,,,,,,,,,,,,,pending,,2026-06-22T13:16:19+00:00
trackb_cont_AIV_20260603,2.89,2.9,,,,4.3,2.85,,,,,,-33.3333,pending,,2026-06-22T13:15:13+00:00
trackb_cont_AIV_20260604,2.87,2.9,,,,3.1,2.85,,,,,,-33.3333,pending,,2026-06-22T13:15:13+00:00
trackb_cont_AIV_20260605,2.88,,,,,3.1,2.85,,,,,,-33.3333,pending,,2026-06-22T13:15:13+00:00
trackb_cont_AIZ_20260609,260.549988,,,,,265.660004,248.809998,,,,,,-1.2737,pending,,2026-06-22T13:16:07+00:00
trackb_cont_AIZ_20260610,262.130005,,,,,265.660004,252.289993,,,,,,0.1071,pending,,2026-06-22T13:16:07+00:00
trackb_cont_AIZ_20260612,,,,,,265.660004,255.369995,,,,,,-1.2108,pending,,2026-06-22T13:16:07+00:00
trackb_cont_AIZ_20260616,,,,,,265.660004,258.440002,,,,,,-0.8136,pending,,2026-06-22T13:16:07+00:00
trackb_cont_AIZ_20260617,,,,,,265.660004,258.440002,,,,,,-0.8136,pending,,2026-06-22T13:16:07+00:00
trackb_cont_AIZ_20260618,,,,,,265.26001,258.440002,,,,,,-1.4077,pending,,2026-06-22T13:16:07+00:00
trackb_cont_AIZ_20260619,,,,,,,,,,,,,,pending,,2026-06-22T13:16:07+00:00
trackb_cont_AIZ_20260622,,,,,,,,,,,,,,pending,,2026-06-22T13:16:07+00:00
trackb_cont_AJG_20260608,215.740005,,,,,225.339996,211.289993,,,,,,-2.2439,pending,,2026-06-22T13:15:42+00:00
trackb_cont_AJG_20260610,216.089996,,,,,225.339996,211.289993,,,,,,-0.5788,pending,,2026-06-22T13:15:42+00:00
trackb_cont_AJG_20260611,214.059998,,,,,224.990005,211.289993,,,,,,-4.0202,pending,,2026-06-22T13:15:42+00:00
trackb_cont_AJG_20260615,,,,,,224.990005,211.289993,,,,,,-2.7837,pending,,2026-06-22T13:15:42+00:00
trackb_cont_AJG_20260616,,,,,,224.990005,211.289993,,,,,,-2.2009,pending,,2026-06-22T13:15:42+00:00
trackb_cont_AJG_20260617,,,,,,224.990005,211.289993,,,,,,-2.2009,pending,,2026-06-22T13:15:42+00:00
trackb_cont_AJG_20260618,,,,,,216.179993,211.289993,,,,,,-2.2009,pending,,2026-06-22T13:15:42+00:00
trackb_cont_AJG_20260619,,,,,,,,,,,,,,pending,,2026-06-22T13:15:42+00:00
trackb_cont_AKAM_20260603,129.970001,127.860001,,,,164.800003,122.760002,,,,,,-24.3343,pending,,2026-06-22T13:14:23+00:00
trackb_cont_AKAM_20260604,132.460007,124.910004,,,,160.880005,122.760002,,,,,,-24.3343,pending,,2026-06-22T13:14:23+00:00
trackb_cont_AKAM_20260605,133.5,,,,,158.050003,122.760002,,,,,,-24.3343,pending,,2026-06-22T13:14:23+00:00
trackb_cont_AKAM_20260608,134.199997,,,,,150.360001,122.760002,,,,,,-24.3343,pending,,2026-06-22T13:14:23+00:00
trackb_cont_ALAB_20260603,330.859985,374.679993,,,,421.200012,303.0,,,,,,-14.5877,pending,,2026-06-22T13:13:46+00:00
trackb_cont_ALAB_20260604,367.470001,417.070007,,,,421.200012,303.0,,,,,,-14.5877,pending,,2026-06-22T13:13:46+00:00
trackb_cont_ALAB_20260605,367.149994,,,,,421.200012,303.0,,,,,,-14.5877,pending,,2026-06-22T13:13:46+00:00
trackb_cont_ALAB_20260608,389.200012,,,,,421.200012,303.0,,,,,,-14.5877,pending,,2026-06-22T13:13:46+00:00
trackb_cont_ALAB_20260615,,,,,,421.200012,360.890015,,,,,,-2.9083,pending,,2026-06-22T13:13:46+00:00
trackb_cont_ALAB_20260616,,,,,,421.200012,360.890015,,,,,,-6.8791,pending,,2026-06-22T13:13:46+00:00
trackb_cont_ALAB_20260617,,,,,,421.200012,370.01001,,,,,,-4.5259,pending,,2026-06-22T13:13:46+00:00
trackb_cont_ALAB_20260618,,,,,,421.200012,384.730011,,,,,,-0.7276,pending,,2026-06-22T13:13:46+00:00
trackb_cont_ALAB_20260619,,,,,,,,,,,,,,pending,,2026-06-22T13:13:46+00:00
trackb_cont_ALGN_20260615,,,,,,185.0,172.160004,,,,,,-4.0691,pending,,2026-06-22T13:16:12+00:00
trackb_cont_ALGN_20260616,,,,,,185.0,172.160004,,,,,,-3.6948,pending,,2026-06-22T13:16:12+00:00
trackb_cont_ALGN_20260617,,,,,,185.0,172.160004,,,,,,-3.6948,pending,,2026-06-22T13:16:12+00:00
trackb_cont_ALGN_20260618,,,,,,183.029999,173.559998,,,,,,0.0173,pending,,2026-06-22T13:16:12+00:00
trackb_cont_ALGN_20260619,,,,,,,,,,,,,,pending,,2026-06-22T13:16:12+00:00
trackb_cont_ALGN_20260622,,,,,,,,,,,,,,pending,,2026-06-22T13:16:12+00:00
trackb_cont_ALGT_20260603,80.150002,95.889999,,,,102.559998,80.0,,,,,,-5.6159,pending,,2026-06-22T13:15:22+00:00
trackb_cont_ALGT_20260604,86.040001,100.760002,,,,102.559998,80.0,,,,,,-5.6159,pending,,2026-06-22T13:15:22+00:00
trackb_cont_ALGT_20260605,91.589996,,,,,102.559998,80.0,,,,,,-5.6159,pending,,2026-06-22T13:15:22+00:00
trackb_cont_ALGT_20260608,95.239998,,,,,102.559998,80.0,,,,,,-5.6159,pending,,2026-06-22T13:15:22+00:00
trackb_cont_ALGT_20260615,,,,,,102.559998,94.709999,,,,,,-5.5497,pending,,2026-06-22T13:15:22+00:00
trackb_cont_ALGT_20260616,,,,,,102.559998,95.129997,,,,,,-0.5748,pending,,2026-06-22T13:15:22+00:00
trackb_cont_ALGT_20260617,,,,,,102.559998,95.779999,,,,,,0.1045,pending,,2026-06-22T13:15:22+00:00
trackb_cont_ALGT_20260618,,,,,,102.559998,98.32,,,,,,2.5342,pending,,2026-06-22T13:15:22+00:00
trackb_cont_ALGT_20260619,,,,,,,,,,,,,,pending,,2026-06-22T13:15:22+00:00
trackb_cont_ALGT_20260622,,,,,,,,,,,,,,pending,,2026-06-22T13:15:22+00:00
trackb_cont_ALHC_20260612,,,,,,22.379999,19.15,,,,,,-5.3854,pending,,2026-06-22T13:16:44+00:00
trackb_cont_ALHC_20260615,,,,,,22.379999,19.15,,,,,,-0.9312,pending,,2026-06-22T13:16:44+00:00
trackb_cont_ALHC_20260616,,,,,,22.379999,19.862,,,,,,1.6739,pending,,2026-06-22T13:16:44+00:00
trackb_cont_ALHC_20260617,,,,,,22.379999,20.35,,,,,,4.172,pending,,2026-06-22T13:16:44+00:00
trackb_cont_ALHC_20260618,,,,,,22.379999,21.17,,,,,,-1.1671,pending,,2026-06-22T13:16:44+00:00
trackb_cont_ALHC_20260619,,,,,,,,,,,,,,pending,,2026-06-22T13:16:44+00:00
trackb_cont_ALHC_20260622,,,,,,,,,,,,,,pending,,2026-06-22T13:16:44+00:00
trackb_cont_ALH_20260618,,,,,,27.030001,26.18,,,,,,0.7698,pending,,2026-06-22T13:17:40+00:00
trackb_cont_ALH_20260619,,,,,,,,,,,,,,pending,,2026-06-22T13:17:40+00:00
trackb_cont_ALH_20260622,,,,,,,,,,,,,,pending,,2026-06-22T13:17:40+00:00
trackb_cont_ALK_20260615,,,,,,51.5,48.169998,,,,,,-6.1745,pending,,2026-06-22T13:17:00+00:00
trackb_cont_ALK_20260616,,,,,,50.950001,48.169998,,,,,,-2.0338,pending,,2026-06-22T13:17:00+00:00
trackb_cont_ALK_20260617,,,,,,50.810001,48.169998,,,,,,-2.0338,pending,,2026-06-22T13:17:00+00:00
trackb_cont_ALK_20260618,,,,,,50.810001,48.830002,,,,,,-0.6915,pending,,2026-06-22T13:17:00+00:00
trackb_cont_ALK_20260619,,,,,,,,,,,,,,pending,,2026-06-22T13:17:00+00:00
trackb_cont_ALK_20260622,,,,,,,,,,,,,,pending,,2026-06-22T13:17:00+00:00
trackb_cont_ALLY_20260616,,,,,,47.189999,45.099998,,,,,,-1.5714,pending,,2026-06-22T13:17:15+00:00
trackb_cont_ALLY_20260617,,,,,,47.189999,45.099998,,,,,,-1.5714,pending,,2026-06-22T13:17:15+00:00
trackb_cont_ALLY_20260618,,,,,,46.459999,45.43,,,,,,-0.8295,pending,,2026-06-22T13:17:15+00:00
trackb_cont_ALLY_20260619,,,,,,,,,,,,,,pending,,2026-06-22T13:17:15+00:00
trackb_cont_ALLY_20260622,,,,,,,,,,,,,,pending,,2026-06-22T13:17:15+00:00
trackb_cont_ALL_20260610,221.660004,,,,,225.270004,217.539993,,,,,,1.172,pending,,2026-06-22T13:16:22+00:00
trackb_cont_ALL_20260612,,,,,,224.860001,218.289993,,,,,,-0.583,pending,,2026-06-22T13:16:22+00:00
trackb_cont_ALL_20260616,,,,,,224.860001,218.289993,,,,,,-1.4759,pending,,2026-06-22T13:16:22+00:00
trackb_cont_ALL_20260617,,,,,,224.630005,218.289993,,,,,,-1.4759,pending,,2026-06-22T13:16:22+00:00
trackb_cont_ALM_20260603,15.3,18.280001,,,,21.24,14.7,,,,,,-28.2752,pending,,2026-06-22T13:15:29+00:00
trackb_cont_ALM_20260604,17.07,18.809999,,,,21.24,14.7,,,,,,-28.2752,pending,,2026-06-22T13:15:29+00:00
trackb_cont_ALM_20260605,17.68,,,,,19.17,14.7,,,,,,-28.2752,pending,,2026-06-22T13:15:29+00:00
trackb_cont_ALNT_20260603,85.760002,93.690002,,,,100.010002,82.669998,,,,,,-3.1627,pending,,2026-06-22T13:14:07+00:00
trackb_cont_ALNT_20260604,91.230003,95.849998,,,,100.010002,82.669998,,,,,,-3.1627,pending,,2026-06-22T13:14:07+00:00
trackb_cont_ALNT_20260605,91.370003,,,,,100.010002,82.669998,,,,,,-3.1627,pending,,2026-06-22T13:14:07+00:00
trackb_cont_ALNT_20260608,95.089996,,,,,100.010002,82.669998,,,,,,-3.1627,pending,,2026-06-22T13:14:07+00:00
trackb_cont_ALNT_20260609,95.730003,,,,,100.010002,82.669998,,,,,,-5.1732,pending,,2026-06-22T13:14:07+00:00
trackb_cont_ALNT_20260612,,,,,,100.010002,90.470001,,,,,,-0.8331,pending,,2026-06-22T13:14:07+00:00
trackb_cont_ALNT_20260616,,,,,,100.010002,93.529999,,,,,,-2.6844,pending,,2026-06-22T13:14:07+00:00
trackb_cont_ALNT_20260617,,,,,,100.010002,93.529999,,,,,,-2.6844,pending,,2026-06-22T13:14:07+00:00
trackb_cont_ALNT_20260618,,,,,,99.379997,94.519997,,,,,,-1.6544,pending,,2026-06-22T13:14:07+00:00
trackb_cont_ALNT_20260619,,,,,,,,,,,,,,pending,,2026-06-22T13:14:07+00:00
trackb_cont_ALNT_20260622,,,,,,,,,,,,,,pending,,2026-06-22T13:14:07+00:00
trackb_cont_ALOY_20260603,13.91,16.610001,,,,17.950001,10.38,,,,,,-0.6898,pending,,2026-06-22T13:14:40+00:00
trackb_cont_ALOY_20260604,14.06,17.780001,,,,17.950001,11.95,,,,,,14.3311,pending,,2026-06-22T13:14:40+00:00
trackb_cont_ALOY_20260605,15.22,,,,,17.950001,11.95,,,,,,14.3311,pending,,2026-06-22T13:14:40+00:00
trackb_cont_ALOY_20260608,15.4,,,,,17.950001,11.95,,,,,,14.3311,pending,,2026-06-22T13:14:40+00:00
trackb_cont_ALOY_20260612,,,,,,17.950001,14.21,,,,,,1.0669,pending,,2026-06-22T13:14:40+00:00
trackb_cont_ALOY_20260615,,,,,,17.950001,14.42,,,,,,-17.174,pending,,2026-06-22T13:14:40+00:00
trackb_cont_ALOY_20260616,,,,,,17.950001,14.42,,,,,,-10.1558,pending,,2026-06-22T13:14:40+00:00
trackb_cont_ALOY_20260617,,,,,,17.950001,14.42,,,,,,-10.1558,pending,,2026-06-22T13:14:40+00:00
trackb_cont_ALOY_20260618,,,,,,17.950001,16.141001,,,,,,-7.3421,pending,,2026-06-22T13:14:40+00:00
trackb_cont_ALOY_20260619,,,,,,,,,,,,,,pending,,2026-06-22T13:14:40+00:00
trackb_cont_ALOY_20260622,,,,,,,,,,,,,,pending,,2026-06-22T13:14:40+00:00
trackb_cont_ALTG_20260616,,,,,,7.85,6.9,,,,,,-3.0899,pending,,2026-06-22T13:16:39+00:00
trackb_cont_ALTG_20260617,,,,,,7.85,7.19,,,,,,0.9831,pending,,2026-06-22T13:16:39+00:00
trackb_cont_ALTG_20260618,,,,,,7.85,7.34,,,,,,1.6621,pending,,2026-06-22T13:16:39+00:00
trackb_cont_ALTG_20260619,,,,,,,,,,,,,,pending,,2026-06-22T13:16:39+00:00
trackb_cont_ALTG_20260622,,,,,,,,,,,,,,pending,,2026-06-22T13:16:39+00:00
trackb_cont_AMAT_20260603,497.01001,592.919983,,,,638.900024,452.910004,,,,,,-9.0542,pending,,2026-06-22T13:13:46+00:00
trackb_cont_AMAT_20260604,552.640015,617.109985,,,,638.900024,452.910004,,,,,,-9.0542,pending,,2026-06-22T13:13:46+00:00
trackb_cont_AMAT_20260605,567.25,,,,,638.900024,452.910004,,,,,,-9.0542,pending,,2026-06-22T13:13:46+00:00
trackb_cont_AMAT_20260608,585.780029,,,,,638.900024,466.51001,,,,,,2.9801,pending,,2026-06-22T13:13:46+00:00
trackb_cont_AMAT_20260616,,,,,,638.900024,567.650024,,,,,,-4.0094,pending,,2026-06-22T13:13:46+00:00
trackb_cont_AMAT_20260617,,,,,,638.900024,590.830017,,,,,,-0.0896,pending,,2026-06-22T13:13:46+00:00
trackb_cont_AMAT_20260618,,,,,,638.900024,612.5,,,,,,-1.6341,pending,,2026-06-22T13:13:46+00:00
trackb_cont_AMAT_20260619,,,,,,,,,,,,,,pending,,2026-06-22T13:13:46+00:00
trackb_cont_AMAT_20260622,,,,,,,,,,,,,,pending,,2026-06-22T13:13:46+00:00
trackb_cont_AMC_20260603,2.08,2.66,,,,2.9,1.72,,,,,,-8.2667,pending,,2026-06-22T13:14:47+00:00
trackb_cont_AMC_20260604,2.28,2.83,,,,2.9,1.72,,,,,,-8.2667,pending,,2026-06-22T13:14:47+00:00
trackb_cont_AMC_20260605,2.34,,,,,2.9,1.72,,,,,,-8.2667,pending,,2026-06-22T13:14:47+00:00
trackb_cont_AMC_20260608,2.28,,,,,2.9,1.79,,,,,,-4.5333,pending,,2026-06-22T13:14:47+00:00
trackb_cont_AMC_20260611,2.83,,,,,2.9,2.05,,,,,,-1.4423,pending,,2026-06-22T13:14:47+00:00
trackb_cont_AMC_20260612,,,,,,2.9,2.19,,,,,,-3.9474,pending,,2026-06-22T13:14:47+00:00
trackb_cont_AMC_20260615,,,,,,2.9,2.2,,,,,,-7.0553,pending,,2026-06-22T13:14:47+00:00
trackb_cont_AMC_20260616,,,,,,2.9,2.2,,,,,,-4.1394,pending,,2026-06-22T13:14:47+00:00
trackb_cont_AMC_20260617,,,,,,2.9,2.46,,,,,,7.1895,pending,,2026-06-22T13:14:47+00:00
trackb_cont_AMC_20260618,,,,,,2.9,2.58,,,,,,12.4183,pending,,2026-06-22T13:14:47+00:00
trackb_cont_AMC_20260619,,,,,,,,,,,,,,pending,,2026-06-22T13:14:47+00:00
trackb_cont_AMC_20260622,,,,,,,,,,,,,,pending,,2026-06-22T13:14:47+00:00
trackb_cont_AMD_20260603,452.399994,512.47998,,,,558.369995,437.230011,,,,,,-17.7211,pending,,2026-06-22T13:13:54+00:00
trackb_cont_AMD_20260604,488.450012,537.369995,,,,558.369995,437.230011,,,,,,-17.7211,pending,,2026-06-22T13:13:54+00:00
trackb_cont_AMD_20260605,511.570007,,,,,558.369995,437.230011,,,,,,-17.7211,pending,,2026-06-22T13:13:54+00:00
trackb_cont_AMD_20260608,547.26001,,,,,558.369995,437.230011,,,,,,-6.2503,pending,,2026-06-22T13:13:54+00:00
trackb_cont_AMD_20260615,,,,,,558.369995,507.25,,,,,,-7.4969,pending,,2026-06-22T13:13:54+00:00
trackb_cont_AMD_20260616,,,,,,548.950012,507.25,,,,,,-7.6954,pending,,2026-06-22T13:13:54+00:00
trackb_cont_AMD_20260617,,,,,,539.690002,507.299988,,,,,,-7.6863,pending,,2026-06-22T13:13:54+00:00
trackb_cont_AME_20260618,,,,,,238.669998,234.0,,,,,,1.1804,pending,,2026-06-22T13:17:26+00:00
trackb_cont_AME_20260619,,,,,,,,,,,,,,pending,,2026-06-22T13:17:26+00:00
trackb_cont_AME_20260622,,,,,,,,,,,,,,pending,,2026-06-22T13:17:26+00:00
trackb_cont_AMGN_20260610,341.660004,,,,,358.459991,334.049988,,,,,,-3.3784,pending,,2026-06-22T13:16:18+00:00
trackb_cont_AMGN_20260616,,,,,,353.660004,334.049988,,,,,,-5.3589,pending,,2026-06-22T13:16:18+00:00
trackb_cont_AMGN_20260617,,,,,,349.399994,334.049988,,,,,,-5.3589,pending,,2026-06-22T13:16:18+00:00
trackb_cont_AMGN_20260618,,,,,,345.0,334.049988,,,,,,-2.2274,pending,,2026-06-22T13:16:18+00:00
trackb_cont_AMGN_20260619,,,,,,,,,,,,,,pending,,2026-06-22T13:16:18+00:00
trackb_cont_AMH_20260616,,,,,,32.93,31.6,,,,,,-3.7466,pending,,2026-06-22T13:17:19+00:00
trackb_cont_AMH_20260617,,,,,,32.580002,31.6,,,,,,-3.7466,pending,,2026-06-22T13:17:19+00:00
trackb_cont_AMKR_20260603,69.610001,86.43,,,,96.68,64.32,,,,,,-15.4463,pending,,2026-06-22T13:15:25+00:00
trackb_cont_AMKR_20260604,76.150002,90.459999,,,,96.68,64.32,,,,,,-15.4463,pending,,2026-06-22T13:15:25+00:00
trackb_cont_AMKR_20260605,82.779999,,,,,96.68,64.32,,,,,,-15.4463,pending,,2026-06-22T13:15:25+00:00
trackb_cont_AMKR_20260608,85.440002,,,,,96.68,65.199997,,,,,,-14.2895,pending,,2026-06-22T13:15:25+00:00
trackb_cont_AMKR_20260615,,,,,,96.68,82.610001,,,,,,-3.0968,pending,,2026-06-22T13:15:25+00:00
trackb_cont_AMKR_20260616,,,,,,96.68,86.040001,,,,,,0.3909,pending,,2026-06-22T13:15:25+00:00
trackb_cont_AMKR_20260617,,,,,,94.190002,86.040001,,,,,,0.3909,pending,,2026-06-22T13:15:25+00:00
trackb_cont_AMKR_20260618,,,,,,93.0,89.019997,,,,,,2.9966,pending,,2026-06-22T13:15:25+00:00
trackb_cont_AMKR_20260619,,,,,,,,,,,,,,pending,,2026-06-22T13:15:25+00:00
trackb_cont_AMN_20260603,29.379999,32.380001,,,,33.130001,28.93,,,,,,-1.9322,pending,,2026-06-22T13:14:36+00:00
trackb_cont_AMN_20260604,30.790001,30.98,,,,33.130001,29.280001,,,,,,-0.7458,pending,,2026-06-22T13:14:36+00:00
trackb_cont_AMN_20260605,30.799999,,,,,33.130001,29.280001,,,,,,-0.7458,pending,,2026-06-22T13:14:36+00:00
trackb_cont_AMN_20260608,30.879999,,,,,33.130001,29.280001,,,,,,-0.7458,pending,,2026-06-22T13:14:36+00:00
trackb_cont_AMN_20260610,32.380001,,,,,33.130001,29.280001,,,,,,-5.6701,pending,,2026-06-22T13:14:36+00:00
trackb_cont_AMN_20260616,,,,,,33.130001,30.42,,,,,,-2.4375,pending,,2026-06-22T13:14:36+00:00
trackb_cont_AMN_20260617,,,,,,33.130001,30.629999,,,,,,-1.764,pending,,2026-06-22T13:14:36+00:00
trackb_cont_AMN_20260618,,,,,,32.700001,30.629999,,,,,,-1.764,pending,,2026-06-22T13:14:36+00:00
trackb_cont_AMN_20260619,,,,,,,,,,,,,,pending,,2026-06-22T13:14:36+00:00
trackb_cont_AMN_20260622,,,,,,,,,,,,,,pending,,2026-06-22T13:14:36+00:00
trackb_cont_AMPX_20260603,16.43,15.0,,,,23.4,14.84,,,,,,-33.5721,pending,,2026-06-22T13:14:39+00:00
trackb_cont_AMPX_20260604,17.1,16.17,,,,22.940001,14.84,,,,,,-33.5721,pending,,2026-06-22T13:14:39+00:00
trackb_cont_AMPX_20260605,16.309999,,,,,22.000999,14.84,,,,,,-33.5721,pending,,2026-06-22T13:14:39+00:00
trackb_cont_AMPX_20260608,16.82,,,,,20.441,14.84,,,,,,-33.5721,pending,,2026-06-22T13:14:39+00:00
trackb_cont_AMP_20260622,,,,,,,,,,,,,,pending,,2026-06-22T13:17:48+00:00
trackb_cont_AMRX_20260616,,,,,,16.610001,15.731,,,,,,-1.589,pending,,2026-06-22T13:17:17+00:00
trackb_cont_AMRX_20260617,,,,,,16.610001,15.731,,,,,,-1.589,pending,,2026-06-22T13:17:17+00:00
trackb_cont_AMRX_20260618,,,,,,16.610001,15.731,,,,,,-1.589,pending,,2026-06-22T13:17:17+00:00
trackb_cont_AMRX_20260619,,,,,,,,,,,,,,pending,,2026-06-22T13:17:17+00:00
trackb_cont_AMRZ_20260603,50.509998,54.240002,,,,56.990002,50.41,,,,,,-6.7431,pending,,2026-06-22T13:14:37+00:00
trackb_cont_AMRZ_20260604,52.330002,55.349998,,,,56.990002,50.41,,,,,,-6.7431,pending,,2026-06-22T13:14:37+00:00
trackb_cont_AMRZ_20260605,53.169998,,,,,56.990002,50.41,,,,,,-6.7431,pending,,2026-06-22T13:14:37+00:00
trackb_cont_AMRZ_20260608,54.02,,,,,56.990002,50.41,,,,,,-6.7431,pending,,2026-06-22T13:14:37+00:00
trackb_cont_AMR_20260603,194.289993,193.369995,,,,220.580002,185.0,,,,,,-13.9655,pending,,2026-06-22T13:14:18+00:00
trackb_cont_AMR_20260604,189.130005,185.770004,,,,220.580002,185.0,,,,,,-13.9655,pending,,2026-06-22T13:14:18+00:00
trackb_cont_AMR_20260605,200.820007,,,,,213.964996,185.0,,,,,,-13.9655,pending,,2026-06-22T13:14:18+00:00
trackb_cont_AMR_20260608,190.289993,,,,,208.0,185.0,,,,,,-8.5878,pending,,2026-06-22T13:14:18+00:00
trackb_cont_AMT_20260603,192.5,181.089996,,,,196.080002,175.0,,,,,,-6.0806,pending,,2026-06-22T13:14:43+00:00
trackb_cont_AMT_20260604,189.309998,176.050003,,,,196.080002,175.0,,,,,,-6.0806,pending,,2026-06-22T13:14:43+00:00
trackb_cont_AMT_20260605,187.179993,,,,,196.080002,175.0,,,,,,-6.0806,pending,,2026-06-22T13:14:43+00:00
trackb_cont_AMT_20260608,185.759995,,,,,193.929993,175.0,,,,,,-9.8496,pending,,2026-06-22T13:14:43+00:00
trackb_cont_AMT_20260610,181.089996,,,,,192.940002,175.0,,,,,,-7.4564,pending,,2026-06-22T13:14:43+00:00
trackb_cont_ANDE_20260612,,,,,,72.25,67.239998,,,,,,-4.8131,pending,,2026-06-22T13:16:47+00:00
trackb_cont_ANET_20260603,151.759995,164.929993,,,,177.479996,145.320007,,,,,,-16.9315,pending,,2026-06-22T13:14:04+00:00
trackb_cont_ANET_20260604,156.399994,169.669998,,,,172.0,145.320007,,,,,,-16.9315,pending,,2026-06-22T13:14:04+00:00
trackb_cont_ANET_20260605,163.240005,,,,,172.0,145.320007,,,,,,-16.9315,pending,,2026-06-22T13:14:04+00:00
trackb_cont_ANET_20260608,169.089996,,,,,172.0,145.320007,,,,,,-16.9315,pending,,2026-06-22T13:14:04+00:00
trackb_cont_ANF_20260612,,,,,,94.809998,84.589996,,,,,,-6.6542,pending,,2026-06-22T13:15:48+00:00
trackb_cont_ANF_20260616,,,,,,93.370003,84.589996,,,,,,-8.7093,pending,,2026-06-22T13:15:48+00:00
trackb_cont_ANF_20260617,,,,,,91.440002,84.589996,,,,,,-8.7093,pending,,2026-06-22T13:15:48+00:00
trackb_cont_ANF_20260618,,,,,,89.389999,85.599998,,,,,,-7.6193,pending,,2026-06-22T13:15:48+00:00
trackb_cont_ANF_20260619,,,,,,,,,,,,,,pending,,2026-06-22T13:15:48+00:00
trackb_cont_ANIP_20260616,,,,,,83.349998,78.379997,,,,,,-4.3271,pending,,2026-06-22T13:17:23+00:00
trackb_cont_ANIP_20260617,,,,,,83.349998,78.379997,,,,,,-4.3271,pending,,2026-06-22T13:17:23+00:00
trackb_cont_ANIP_20260618,,,,,,81.0,78.379997,,,,,,-4.3271,pending,,2026-06-22T13:17:23+00:00
trackb_cont_ANIP_20260619,,,,,,,,,,,,,,pending,,2026-06-22T13:17:23+00:00
trackb_cont_APH_20260603,149.220001,161.110001,,,,166.350006,138.199997,,,,,,-7.5462,pending,,2026-06-22T13:14:25+00:00
trackb_cont_APH_20260604,152.460007,163.960007,,,,166.350006,138.199997,,,,,,-7.5462,pending,,2026-06-22T13:14:25+00:00
trackb_cont_APH_20260605,153.800003,,,,,166.350006,138.199997,,,,,,-7.5462,pending,,2026-06-22T13:14:25+00:00
trackb_cont_APH_20260608,158.589996,,,,,166.350006,141.860001,,,,,,2.1972,pending,,2026-06-22T13:14:25+00:00
trackb_cont_APH_20260611,163.960007,,,,,166.350006,147.699997,,,,,,-1.0186,pending,,2026-06-22T13:14:25+00:00
trackb_cont_APH_20260612,,,,,,166.350006,151.779999,,,,,,-0.446,pending,,2026-06-22T13:14:25+00:00
trackb_cont_APH_20260616,,,,,,166.350006,157.070007,,,,,,-0.9647,pending,,2026-06-22T13:14:25+00:00
trackb_cont_APH_20260617,,,,,,166.350006,159.869995,,,,,,0.8008,pending,,2026-06-22T13:14:25+00:00
trackb_cont_APH_20260618,,,,,,166.350006,162.669998,,,,,,2.5662,pending,,2026-06-22T13:14:25+00:00
trackb_cont_APH_20260619,,,,,,,,,,,,,,pending,,2026-06-22T13:14:25+00:00
trackb_cont_APH_20260622,,,,,,,,,,,,,,pending,,2026-06-22T13:14:25+00:00
trackb_cont_APLD_20260603,38.919998,45.57,,,,49.34,37.689999,,,,,,-18.2607,pending,,2026-06-22T13:15:00+00:00
trackb_cont_APLD_20260604,41.470001,46.59,,,,49.34,37.689999,,,,,,-18.2607,pending,,2026-06-22T13:15:00+00:00
trackb_cont_APLD_20260605,42.700001,,,,,49.34,37.689999,,,,,,-18.2607,pending,,2026-06-22T13:15:00+00:00
trackb_cont_APLD_20260608,46.470001,,,,,49.34,37.93,,,,,,-17.7402,pending,,2026-06-22T13:15:00+00:00
trackb_cont_APLE_20260603,15.86,16.25,,,,16.709999,14.825,,,,,,-1.9186,pending,,2026-06-22T13:14:15+00:00
trackb_cont_APLE_20260604,16.16,16.59,,,,16.709999,15.25,,,,,,0.8932,pending,,2026-06-22T13:14:15+00:00
trackb_cont_APLE_20260605,16.219999,,,,,16.709999,15.49,,,,,,2.481,pending,,2026-06-22T13:14:15+00:00
trackb_cont_APLE_20260608,16.15,,,,,16.709999,15.57,,,,,,-0.4476,pending,,2026-06-22T13:14:15+00:00
trackb_cont_APLE_20260609,16.370001,,,,,16.709999,15.66,,,,,,0.449,pending,,2026-06-22T13:14:15+00:00
trackb_cont_APLE_20260615,,,,,,16.709999,16.02,,,,,,-1.233,pending,,2026-06-22T13:14:15+00:00
trackb_cont_APLE_20260616,,,,,,16.709999,16.02,,,,,,-0.7742,pending,,2026-06-22T13:14:15+00:00
trackb_cont_APLE_20260617,,,,,,16.709999,16.129999,,,,,,-0.0929,pending,,2026-06-22T13:14:15+00:00
trackb_cont_APLE_20260618,,,,,,16.709999,16.42,,,,,,-0.1824,pending,,2026-06-22T13:14:15+00:00
trackb_cont_APLE_20260619,,,,,,,,,,,,,,pending,,2026-06-22T13:14:15+00:00
trackb_cont_APLE_20260622,,,,,,,,,,,,,,pending,,2026-06-22T13:14:15+00:00
trackb_cont_APO_20260622,,,,,,,,,,,,,,pending,,2026-06-22T13:17:48+00:00
trackb_cont_APP_20260603,492.980011,479.48999,,,,599.642029,460.200012,,,,,,-19.709,pending,,2026-06-22T13:14:24+00:00
trackb_cont_APP_20260604,478.570007,469.709991,,,,595.0,460.200012,,,,,,-19.709,pending,,2026-06-22T13:14:24+00:00
trackb_cont_APP_20260605,496.769989,,,,,595.0,460.200012,,,,,,-19.709,pending,,2026-06-22T13:14:24+00:00
trackb_cont_AP_20260603,10.12,10.88,,,,12.81,9.51,,,,,,-18.299,pending,,2026-06-22T13:14:53+00:00
trackb_cont_AP_20260604,11.21,10.8,,,,12.81,9.51,,,,,,-18.299,pending,,2026-06-22T13:14:53+00:00
trackb_cont_AP_20260605,11.83,,,,,12.81,9.51,,,,,,-18.299,pending,,2026-06-22T13:14:53+00:00
trackb_cont_AP_20260608,11.92,,,,,12.81,9.51,,,,,,-18.299,pending,,2026-06-22T13:14:53+00:00
trackb_cont_AP_20260616,,,,,,12.07,10.45,,,,,,-14.9023,pending,,2026-06-22T13:14:53+00:00
trackb_cont_AP_20260617,,,,,,11.92,10.45,,,,,,-14.9023,pending,,2026-06-22T13:14:53+00:00
trackb_cont_AP_20260618,,,,,,11.3,10.45,,,,,,-14.9023,pending,,2026-06-22T13:14:53+00:00
trackb_cont_AP_20260619,,,,,,,,,,,,,,pending,,2026-06-22T13:14:53+00:00
trackb_cont_ARCB_20260603,165.160004,145.850006,,,,176.690002,138.990005,,,,,,-1.2575,pending,,2026-06-22T13:13:53+00:00
trackb_cont_ARCB_20260604,172.669998,144.529999,,,,176.690002,141.970001,,,,,,0.8596,pending,,2026-06-22T13:13:53+00:00
trackb_cont_ARCB_20260605,173.039993,,,,,176.690002,142.789993,,,,,,1.4422,pending,,2026-06-22T13:13:53+00:00
trackb_cont_ARCB_20260608,164.100006,,,,,176.690002,142.789993,,,,,,-7.9309,pending,,2026-06-22T13:13:53+00:00
trackb_cont_ARCB_20260609,159.800003,,,,,176.690002,142.789993,,,,,,-14.0958,pending,,2026-06-22T13:13:53+00:00
trackb_cont_ARCB_20260610,145.850006,,,,,176.690002,142.789993,,,,,,-14.0958,pending,,2026-06-22T13:13:53+00:00
trackb_cont_ARCB_20260611,144.529999,,,,,176.690002,142.789993,,,,,,-13.5444,pending,,2026-06-22T13:13:53+00:00
trackb_cont_ARCB_20260615,,,,,,172.789993,142.789993,,,,,,-13.7012,pending,,2026-06-22T13:13:53+00:00
trackb_cont_ARCB_20260616,,,,,,166.940002,142.789993,,,,,,-13.3293,pending,,2026-06-22T13:13:53+00:00
trackb_cont_ARCB_20260617,,,,,,160.179993,142.789993,,,,,,-13.3293,pending,,2026-06-22T13:13:53+00:00
trackb_cont_ARCB_20260618,,,,,,149.509995,142.789993,,,,,,-2.0981,pending,,2026-06-22T13:13:53+00:00
trackb_cont_ARCB_20260619,,,,,,,,,,,,,,pending,,2026-06-22T13:13:53+00:00
trackb_cont_ARCC_20260612,,,,,,19.280001,17.99,,,,,,-5.6633,pending,,2026-06-22T13:16:45+00:00
trackb_cont_ARCC_20260616,,,,,,18.790001,17.99,,,,,,-3.668,pending,,2026-06-22T13:16:45+00:00
trackb_cont_ARCC_20260617,,,,,,18.620001,17.99,,,,,,-3.668,pending,,2026-06-22T13:16:45+00:00
trackb_cont_AREC_20260603,2.06,2.11,,,,2.75,2.01,,,,,,-21.3307,pending,,2026-06-22T13:14:22+00:00
trackb_cont_AREC_20260604,2.17,2.15,,,,2.51,2.01,,,,,,-21.3307,pending,,2026-06-22T13:14:22+00:00
trackb_cont_AREC_20260605,2.14,,,,,2.32,2.01,,,,,,-21.3307,pending,,2026-06-22T13:14:22+00:00
trackb_cont_ARES_20260603,128.309998,128.350006,,,,141.899994,120.0,,,,,,-1.5587,pending,,2026-06-22T13:15:27+00:00
trackb_cont_ARES_20260604,132.820007,129.339996,,,,141.899994,124.230003,,,,,,1.9114,pending,,2026-06-22T13:15:27+00:00
trackb_cont_ARES_20260605,134.899994,,,,,141.899994,124.230003,,,,,,1.9114,pending,,2026-06-22T13:15:27+00:00
trackb_cont_ARES_20260608,135.360001,,,,,141.899994,125.209999,,,,,,2.7153,pending,,2026-06-22T13:15:27+00:00
trackb_cont_ARES_20260611,129.339996,,,,,141.899994,126.68,,,,,,-1.2704,pending,,2026-06-22T13:15:27+00:00
trackb_cont_ARES_20260615,,,,,,141.899994,127.719002,,,,,,-9.9207,pending,,2026-06-22T13:15:27+00:00
trackb_cont_ARES_20260616,,,,,,137.509995,127.719002,,,,,,-7.517,pending,,2026-06-22T13:15:27+00:00
trackb_cont_ARES_20260617,,,,,,136.770996,127.719002,,,,,,-7.517,pending,,2026-06-22T13:15:27+00:00
trackb_cont_ARE_20260603,52.310001,49.209999,,,,55.139999,48.860001,,,,,,-6.5596,pending,,2026-06-22T13:14:06+00:00
trackb_cont_ARE_20260604,52.77,51.029999,,,,55.139999,48.860001,,,,,,-6.5596,pending,,2026-06-22T13:14:06+00:00
trackb_cont_ARE_20260605,53.169998,,,,,55.139999,48.860001,,,,,,-6.5596,pending,,2026-06-22T13:14:06+00:00
trackb_cont_ARE_20260608,52.380001,,,,,55.139999,48.860001,,,,,,-6.5596,pending,,2026-06-22T13:14:06+00:00
trackb_cont_ARE_20260610,49.209999,,,,,54.689999,48.860001,,,,,,-2.7855,pending,,2026-06-22T13:14:06+00:00
trackb_cont_ARE_20260612,,,,,,54.689999,48.860001,,,,,,-7.4095,pending,,2026-06-22T13:14:06+00:00
trackb_cont_ARE_20260615,,,,,,54.689999,48.860001,,,,,,-9.9521,pending,,2026-06-22T13:14:06+00:00
trackb_cont_ARE_20260616,,,,,,53.029999,48.860001,,,,,,-8.0196,pending,,2026-06-22T13:14:06+00:00
trackb_cont_ARE_20260617,,,,,,52.029999,48.860001,,,,,,-8.0196,pending,,2026-06-22T13:14:06+00:00
trackb_cont_ARE_20260618,,,,,,51.5,49.790001,,,,,,-6.2688,pending,,2026-06-22T13:14:06+00:00
trackb_cont_ARE_20260619,,,,,,,,,,,,,,pending,,2026-06-22T13:14:06+00:00
trackb_cont_ARI_20260603,10.89,10.72,,,,11.06,10.63,,,,,,-2.7447,pending,,2026-06-22T13:15:29+00:00
trackb_cont_ARI_20260604,10.78,10.83,,,,11.06,10.63,,,,,,-2.7447,pending,,2026-06-22T13:15:29+00:00
trackb_cont_ARI_20260605,10.74,,,,,11.06,10.63,,,,,,-2.7447,pending,,2026-06-22T13:15:29+00:00
trackb_cont_ARI_20260608,10.66,,,,,11.06,10.63,,,,,,-2.7447,pending,,2026-06-22T13:15:29+00:00
trackb_cont_ARI_20260609,10.83,,,,,11.04,10.63,,,,,,-1.8467,pending,,2026-06-22T13:15:29+00:00
trackb_cont_ARI_20260610,10.72,,,,,11.04,10.63,,,,,,-1.8467,pending,,2026-06-22T13:15:29+00:00
trackb_cont_ARMK_20260603,53.299999,53.490002,,,,54.93,52.790001,,,,,,-1.5112,pending,,2026-06-22T13:13:58+00:00
trackb_cont_ARMK_20260604,54.529999,53.330002,,,,54.93,52.790001,,,,,,-1.5112,pending,,2026-06-22T13:13:58+00:00
trackb_cont_ARMK_20260605,54.27,,,,,54.93,52.790001,,,,,,-1.5112,pending,,2026-06-22T13:13:58+00:00
trackb_cont_ARMK_20260608,54.200001,,,,,54.93,52.790001,,,,,,-1.5112,pending,,2026-06-22T13:13:58+00:00
trackb_cont_ARMK_20260610,53.490002,,,,,54.93,52.970001,,,,,,0.284,pending,,2026-06-22T13:13:58+00:00
trackb_cont_ARMK_20260615,,,,,,54.919998,52.970001,,,,,,-3.2953,pending,,2026-06-22T13:13:58+00:00
trackb_cont_ARMK_20260616,,,,,,54.91,52.970001,,,,,,-2.4494,pending,,2026-06-22T13:13:58+00:00
trackb_cont_ARMK_20260617,,,,,,54.34,52.970001,,,,,,-2.4494,pending,,2026-06-22T13:13:58+00:00
trackb_cont_ARQ_20260603,2.67,2.73,,,,2.9,2.56,,,,,,-3.5782,pending,,2026-06-22T13:15:08+00:00
trackb_cont_ARQ_20260604,2.66,2.84,,,,2.9,2.56,,,,,,-3.5782,pending,,2026-06-22T13:15:08+00:00
trackb_cont_ARQ_20260605,2.68,,,,,2.9,2.58,,,,,,-2.8249,pending,,2026-06-22T13:15:08+00:00
trackb_cont_ARRY_20260603,6.835,7.66,,,,9.545,6.8,,,,,,-23.4665,pending,,2026-06-22T13:14:48+00:00
trackb_cont_ARRY_20260604,7.45,8.0,,,,9.545,6.8,,,,,,-23.4665,pending,,2026-06-22T13:14:48+00:00
trackb_cont_ARRY_20260605,7.77,,,,,9.09,6.8,,,,,,-23.4665,pending,,2026-06-22T13:14:48+00:00
trackb_cont_ARRY_20260608,8.08,,,,,8.53,6.8,,,,,,-23.4665,pending,,2026-06-22T13:14:48+00:00
trackb_cont_ARR_20260603,16.83,16.68,,,,17.290001,16.57,,,,,,-2.986,pending,,2026-06-22T13:14:56+00:00
trackb_cont_ARR_20260604,17.129999,16.76,,,,17.290001,16.57,,,,,,-2.986,pending,,2026-06-22T13:14:56+00:00
trackb_cont_ARR_20260605,17.1,,,,,17.23,16.57,,,,,,-2.986,pending,,2026-06-22T13:14:56+00:00
trackb_cont_ARR_20260608,17.040001,,,,,17.23,16.57,,,,,,-2.986,pending,,2026-06-22T13:14:56+00:00
trackb_cont_ARR_20260615,,,,,,17.23,16.57,,,,,,-2.3571,pending,,2026-06-22T13:14:56+00:00
trackb_cont_ARR_20260616,,,,,,17.23,16.57,,,,,,-3.1561,pending,,2026-06-22T13:14:56+00:00
trackb_cont_ARR_20260617,,,,,,17.110001,16.57,,,,,,-3.1561,pending,,2026-06-22T13:14:56+00:00
trackb_cont_ARW_20260603,215.490005,225.990005,,,,234.460007,210.089996,,,,,,-8.9731,pending,,2026-06-22T13:14:13+00:00
trackb_cont_ARW_20260604,222.860001,232.699997,,,,234.460007,210.089996,,,,,,-8.9731,pending,,2026-06-22T13:14:13+00:00
trackb_cont_ARW_20260605,226.779999,,,,,234.460007,210.089996,,,,,,-8.9731,pending,,2026-06-22T13:14:13+00:00
trackb_cont_ARW_20260608,229.270004,,,,,234.460007,210.089996,,,,,,-8.9731,pending,,2026-06-22T13:14:13+00:00
trackb_cont_ARW_20260616,,,,,,234.460007,225.800003,,,,,,-2.6115,pending,,2026-06-22T13:14:13+00:00
trackb_cont_ARW_20260617,,,,,,233.009995,225.800003,,,,,,-2.6115,pending,,2026-06-22T13:14:13+00:00
trackb_cont_ARW_20260618,,,,,,233.009995,228.110001,,,,,,-1.6152,pending,,2026-06-22T13:14:13+00:00
trackb_cont_ARW_20260619,,,,,,,,,,,,,,pending,,2026-06-22T13:14:13+00:00
trackb_cont_ASH_20260603,64.870003,64.360001,,,,67.970001,54.98,,,,,,-3.8559,pending,,2026-06-22T13:14:44+00:00
trackb_cont_ASH_20260604,65.529999,67.919998,,,,67.970001,54.98,,,,,,-3.8559,pending,,2026-06-22T13:14:44+00:00
trackb_cont_ASH_20260605,64.980003,,,,,67.970001,54.98,,,,,,-3.8559,pending,,2026-06-22T13:14:44+00:00
trackb_cont_ASH_20260608,65.440002,,,,,67.970001,54.98,,,,,,-3.8559,pending,,2026-06-22T13:14:44+00:00
trackb_cont_ASH_20260616,,,,,,67.970001,64.25,,,,,,-2.0131,pending,,2026-06-22T13:14:44+00:00
trackb_cont_ASH_20260617,,,,,,67.970001,64.25,,,,,,-2.0131,pending,,2026-06-22T13:14:44+00:00
trackb_cont_ASH_20260618,,,,,,67.970001,65.0,,,,,,-0.8693,pending,,2026-06-22T13:14:44+00:00
trackb_cont_ASH_20260619,,,,,,,,,,,,,,pending,,2026-06-22T13:14:44+00:00
trackb_cont_ASH_20260622,,,,,,,,,,,,,,pending,,2026-06-22T13:14:44+00:00
trackb_cont_ASPI_20260603,5.85,6.68,,,,8.18,5.675,,,,,,-26.672,pending,,2026-06-22T13:14:09+00:00
trackb_cont_ASPI_20260604,6.23,7.18,,,,8.13,5.675,,,,,,-26.672,pending,,2026-06-22T13:14:09+00:00
trackb_cont_ASPI_20260605,6.55,,,,,7.39,5.675,,,,,,-26.672,pending,,2026-06-22T13:14:09+00:00
trackb_cont_ASPI_20260608,6.64,,,,,7.32,5.675,,,,,,-15.4247,pending,,2026-06-22T13:14:09+00:00
trackb_cont_ASPN_20260603,5.44,6.05,,,,6.399,5.16,,,,,,-12.1702,pending,,2026-06-22T13:14:53+00:00
trackb_cont_ASPN_20260604,5.72,6.32,,,,6.399,5.16,,,,,,-12.1702,pending,,2026-06-22T13:14:53+00:00
trackb_cont_ASPN_20260605,5.92,,,,,6.399,5.16,,,,,,-12.1702,pending,,2026-06-22T13:14:53+00:00
trackb_cont_ASPN_20260608,6.04,,,,,6.399,5.16,,,,,,-8.5106,pending,,2026-06-22T13:14:53+00:00
trackb_cont_ASTI_20260603,6.99,6.19,,,,9.64,5.87,,,,,,-25.6962,pending,,2026-06-22T13:14:50+00:00
trackb_cont_ASTI_20260604,8.71,6.22,,,,9.64,5.87,,,,,,-25.6962,pending,,2026-06-22T13:14:50+00:00
trackb_cont_ASTI_20260605,7.68,,,,,9.64,5.87,,,,,,-25.6962,pending,,2026-06-22T13:14:50+00:00
trackb_cont_ASTS_20260603,87.32,85.43,,,,114.339996,77.120003,,,,,,-29.2152,pending,,2026-06-22T13:15:14+00:00
trackb_cont_ASTS_20260604,97.559998,80.660004,,,,111.57,77.120003,,,,,,-29.2152,pending,,2026-06-22T13:15:14+00:00
trackb_cont_ASTS_20260605,82.410004,,,,,104.489998,77.120003,,,,,,-29.2152,pending,,2026-06-22T13:15:14+00:00
trackb_cont_ASTS_20260608,87.57,,,,,100.940002,77.120003,,,,,,-29.2152,pending,,2026-06-22T13:15:14+00:00
trackb_cont_ATEX_20260603,64.779999,79.160004,,,,88.120003,61.505001,,,,,,-6.1351,pending,,2026-06-22T13:13:52+00:00
trackb_cont_ATEX_20260604,81.440002,74.529999,,,,88.120003,61.505001,,,,,,-6.1351,pending,,2026-06-22T13:13:52+00:00
trackb_cont_ATEX_20260605,82.5,,,,,88.120003,61.505001,,,,,,-6.1351,pending,,2026-06-22T13:13:52+00:00
trackb_cont_ATEX_20260608,83.010002,,,,,88.120003,61.505001,,,,,,-7.7056,pending,,2026-06-22T13:13:52+00:00
trackb_cont_ATEX_20260609,77.629997,,,,,88.120003,61.505001,,,,,,-7.1482,pending,,2026-06-22T13:13:52+00:00
trackb_cont_ATEX_20260615,,,,,,84.959999,70.779999,,,,,,-11.192,pending,,2026-06-22T13:13:52+00:00
trackb_cont_ATEX_20260616,,,,,,83.0,70.779999,,,,,,-16.1275,pending,,2026-06-22T13:13:52+00:00
trackb_cont_ATEX_20260617,,,,,,80.635002,70.779999,,,,,,-16.1275,pending,,2026-06-22T13:13:52+00:00
trackb_cont_ATEX_20260618,,,,,,80.635002,70.779999,,,,,,-16.1275,pending,,2026-06-22T13:13:52+00:00
trackb_cont_ATEX_20260619,,,,,,,,,,,,,,pending,,2026-06-22T13:13:52+00:00
trackb_cont_ATEX_20260622,,,,,,,,,,,,,,pending,,2026-06-22T13:13:52+00:00
trackb_cont_ATI_20260603,183.369995,196.860001,,,,203.600006,174.949997,,,,,,-2.1396,pending,,2026-06-22T13:14:38+00:00
trackb_cont_ATI_20260604,199.5,201.339996,,,,203.600006,175.660004,,,,,,-1.7424,pending,,2026-06-22T13:14:38+00:00
trackb_cont_ATI_20260605,198.479996,,,,,203.600006,175.660004,,,,,,-1.7424,pending,,2026-06-22T13:14:38+00:00
trackb_cont_ATI_20260608,195.809998,,,,,203.600006,176.539993,,,,,,-1.2502,pending,,2026-06-22T13:14:38+00:00
trackb_cont_ATI_20260609,196.309998,,,,,203.600006,177.339996,,,,,,-1.5543,pending,,2026-06-22T13:14:38+00:00
trackb_cont_ATI_20260611,201.339996,,,,,203.600006,185.889999,,,,,,1.3743,pending,,2026-06-22T13:14:38+00:00
trackb_cont_ATI_20260616,,,,,,202.850006,194.710007,,,,,,-0.7999,pending,,2026-06-22T13:14:38+00:00
trackb_cont_ATI_20260617,,,,,,202.850006,195.0,,,,,,-0.6521,pending,,2026-06-22T13:14:38+00:00
trackb_cont_ATI_20260618,,,,,,202.850006,196.369995,,,,,,0.0459,pending,,2026-06-22T13:14:38+00:00
trackb_cont_ATI_20260619,,,,,,,,,,,,,,pending,,2026-06-22T13:14:38+00:00
trackb_cont_ATI_20260622,,,,,,,,,,,,,,pending,,2026-06-22T13:14:38+00:00
trackb_cont_ATKR_20260608,79.25,,,,,83.065002,76.120003,,,,,,-5.57,pending,,2026-06-22T13:15:58+00:00
trackb_cont_ATR_20260618,,,,,,122.550003,119.110001,,,,,,-0.7334,pending,,2026-06-22T13:17:40+00:00
trackb_cont_ATR_20260619,,,,,,,,,,,,,,pending,,2026-06-22T13:17:40+00:00
trackb_cont_ATR_20260622,,,,,,,,,,,,,,pending,,2026-06-22T13:17:40+00:00
trackb_cont_AVAV_20260603,172.929993,167.110001,,,,205.550003,163.940002,,,,,,-14.7123,pending,,2026-06-22T13:15:12+00:00
trackb_cont_AVAV_20260604,183.690002,169.610001,,,,205.550003,163.940002,,,,,,-14.7123,pending,,2026-06-22T13:15:12+00:00
trackb_cont_AVAV_20260605,170.580002,,,,,200.869995,163.940002,,,,,,-14.7123,pending,,2026-06-22T13:15:12+00:00
trackb_cont_AVAV_20260608,171.949997,,,,,190.220001,163.940002,,,,,,-14.7123,pending,,2026-06-22T13:15:12+00:00
trackb_cont_AVB_20260608,184.479996,,,,,190.389999,177.190002,,,,,,-6.6045,pending,,2026-06-22T13:15:52+00:00
trackb_cont_AVB_20260609,184.729996,,,,,188.970001,177.190002,,,,,,-5.5541,pending,,2026-06-22T13:15:52+00:00
trackb_cont_AVD_20260611,2.65,,,,,3.05,2.54,,,,,,-13.3106,pending,,2026-06-22T13:16:36+00:00
trackb_cont_AVGO_20260603,372.100006,392.899994,,,,495.0,370.329987,,,,,,-23.6716,pending,,2026-06-22T13:14:21+00:00
trackb_cont_AVGO_20260604,385.570007,411.350006,,,,426.480011,370.329987,,,,,,-23.6716,pending,,2026-06-22T13:14:21+00:00
trackb_cont_AVGO_20260605,382.070007,,,,,412.700012,370.329987,,,,,,-23.6716,pending,,2026-06-22T13:14:21+00:00
trackb_cont_AVGO_20260608,393.940002,,,,,412.700012,370.329987,,,,,,-23.6716,pending,,2026-06-22T13:14:21+00:00
trackb_cont_AVTR_20260603,9.65,9.46,,,,10.06,8.825,,,,,,-0.5073,pending,,2026-06-22T13:15:05+00:00
trackb_cont_AVTR_20260604,9.66,9.58,,,,10.06,9.04,,,,,,1.9166,pending,,2026-06-22T13:15:05+00:00
trackb_cont_AVTR_20260605,9.39,,,,,10.06,9.04,,,,,,1.9166,pending,,2026-06-22T13:15:05+00:00
trackb_cont_AVTR_20260608,9.71,,,,,10.06,9.2,,,,,,3.7204,pending,,2026-06-22T13:15:05+00:00
trackb_cont_AVTR_20260610,9.46,,,,,10.06,9.35,,,,,,-3.5088,pending,,2026-06-22T13:15:05+00:00
trackb_cont_AVTR_20260616,,,,,,9.82,9.35,,,,,,-3.2592,pending,,2026-06-22T13:15:05+00:00
trackb_cont_AVTR_20260617,,,,,,9.78,9.35,,,,,,-3.2592,pending,,2026-06-22T13:15:05+00:00
trackb_cont_AVTR_20260618,,,,,,9.67,9.35,,,,,,-3.2592,pending,,2026-06-22T13:15:05+00:00
trackb_cont_AVTR_20260619,,,,,,,,,,,,,,pending,,2026-06-22T13:15:05+00:00
trackb_cont_AVT_20260603,85.389999,89.809998,,,,94.099998,82.760002,,,,,,-11.2588,pending,,2026-06-22T13:14:47+00:00
trackb_cont_AVT_20260604,88.489998,91.470001,,,,93.370003,82.760002,,,,,,-11.2588,pending,,2026-06-22T13:14:47+00:00
trackb_cont_AVT_20260605,90.589996,,,,,93.370003,82.760002,,,,,,-11.2588,pending,,2026-06-22T13:14:47+00:00
trackb_cont_AVT_20260608,91.779999,,,,,93.370003,82.760002,,,,,,-11.2588,pending,,2026-06-22T13:14:47+00:00
trackb_cont_AWR_20260603,78.519997,76.889999,,,,81.019997,76.220001,,,,,,-1.2822,pending,,2026-06-22T13:15:03+00:00
trackb_cont_AWR_20260604,76.879997,77.110001,,,,81.019997,76.300003,,,,,,-1.1786,pending,,2026-06-22T13:15:03+00:00
trackb_cont_AWR_20260605,77.769997,,,,,81.019997,76.300003,,,,,,-1.1786,pending,,2026-06-22T13:15:03+00:00
trackb_cont_AWR_20260608,77.599998,,,,,81.019997,76.300003,,,,,,-2.6413,pending,,2026-06-22T13:15:03+00:00
trackb_cont_AWR_20260609,77.849998,,,,,81.019997,76.300003,,,,,,-0.7673,pending,,2026-06-22T13:15:03+00:00
trackb_cont_AXON_20260603,447.589996,423.01001,,,,515.799988,402.0,,,,,,-16.0874,pending,,2026-06-22T13:13:54+00:00
trackb_cont_AXON_20260604,446.200012,423.399994,,,,515.799988,402.0,,,,,,-16.0874,pending,,2026-06-22T13:13:54+00:00
trackb_cont_AXON_20260605,441.730011,,,,,514.98999,402.0,,,,,,-16.0874,pending,,2026-06-22T13:13:54+00:00
trackb_cont_AXON_20260608,443.209991,,,,,492.589996,402.0,,,,,,-16.0874,pending,,2026-06-22T13:13:54+00:00
trackb_cont_AXON_20260610,423.01001,,,,,462.98999,402.0,,,,,,-14.6606,pending,,2026-06-22T13:13:54+00:00
trackb_cont_AXP_20260616,,,,,,348.200012,335.450012,,,,,,-0.6251,pending,,2026-06-22T13:17:10+00:00
trackb_cont_AXP_20260617,,,,,,348.200012,337.970001,,,,,,0.1215,pending,,2026-06-22T13:17:10+00:00
trackb_cont_AXP_20260618,,,,,,348.200012,337.970001,,,,,,0.1215,pending,,2026-06-22T13:17:10+00:00
trackb_cont_AXP_20260619,,,,,,,,,,,,,,pending,,2026-06-22T13:17:10+00:00
trackb_cont_AXSM_20260615,,,,,,260.190002,247.339996,,,,,,-2.1288,pending,,2026-06-22T13:17:00+00:00
trackb_cont_AXSM_20260616,,,,,,260.190002,247.339996,,,,,,-1.8959,pending,,2026-06-22T13:17:00+00:00
trackb_cont_AXSM_20260617,,,,,,260.190002,247.339996,,,,,,-1.8959,pending,,2026-06-22T13:17:00+00:00
trackb_cont_AXSM_20260618,,,,,,260.190002,247.339996,,,,,,-4.9387,pending,,2026-06-22T13:17:00+00:00
trackb_cont_AXSM_20260619,,,,,,,,,,,,,,pending,,2026-06-22T13:17:00+00:00
trackb_cont_AXSM_20260622,,,,,,,,,,,,,,pending,,2026-06-22T13:17:00+00:00
trackb_cont_AXTA_20260603,32.099998,34.0,,,,34.950001,30.57,,,,,,-2.2073,pending,,2026-06-22T13:15:23+00:00
trackb_cont_AXTA_20260604,32.68,34.779999,,,,34.950001,31.615,,,,,,1.1356,pending,,2026-06-22T13:15:23+00:00
trackb_cont_AXTA_20260605,33.110001,,,,,34.950001,31.84,,,,,,1.8554,pending,,2026-06-22T13:15:23+00:00
trackb_cont_AXTA_20260608,33.77,,,,,34.950001,31.84,,,,,,1.8554,pending,,2026-06-22T13:15:23+00:00
trackb_cont_AXTA_20260611,34.779999,,,,,34.950001,31.969999,,,,,,-0.405,pending,,2026-06-22T13:15:23+00:00
trackb_cont_AXTA_20260612,,,,,,34.950001,32.84,,,,,,0.4896,pending,,2026-06-22T13:15:23+00:00
trackb_cont_AXTA_20260615,,,,,,34.950001,33.299999,,,,,,-3.8684,pending,,2026-06-22T13:15:23+00:00
trackb_cont_AXTA_20260616,,,,,,34.950001,33.299999,,,,,,-1.7844,pending,,2026-06-22T13:15:23+00:00
trackb_cont_AXTA_20260617,,,,,,34.950001,33.483002,,,,,,-1.2446,pending,,2026-06-22T13:15:23+00:00
trackb_cont_AXTA_20260618,,,,,,34.950001,33.483002,,,,,,-1.2446,pending,,2026-06-22T13:15:23+00:00
trackb_cont_AXTA_20260619,,,,,,,,,,,,,,pending,,2026-06-22T13:15:23+00:00
trackb_cont_AYI_20260603,280.390015,305.660004,,,,317.970001,279.730011,,,,,,-10.0199,pending,,2026-06-22T13:14:12+00:00
trackb_cont_AYI_20260604,288.600006,317.619995,,,,317.970001,279.730011,,,,,,-10.0199,pending,,2026-06-22T13:14:12+00:00
trackb_cont_AYI_20260605,297.23999,,,,,317.970001,279.730011,,,,,,-10.0199,pending,,2026-06-22T13:14:12+00:00
trackb_cont_AYI_20260608,302.529999,,,,,317.970001,279.730011,,,,,,-7.3864,pending,,2026-06-22T13:14:12+00:00
trackb_cont_AZTA_20260603,22.379999,22.68,,,,24.360001,21.77,,,,,,-9.0833,pending,,2026-06-22T13:15:07+00:00
trackb_cont_AZTA_20260604,22.459999,23.309999,,,,24.209999,21.77,,,,,,-9.0833,pending,,2026-06-22T13:15:07+00:00
trackb_cont_AZTA_20260605,22.59,,,,,23.85,21.77,,,,,,-9.0833,pending,,2026-06-22T13:15:07+00:00
trackb_cont_AZTA_20260608,22.950001,,,,,23.85,21.77,,,,,,-4.0546,pending,,2026-06-22T13:15:07+00:00
trackb_cont_AZTA_20260609,23.129999,,,,,23.85,21.77,,,,,,-4.1391,pending,,2026-06-22T13:15:07+00:00
trackb_cont_AZTA_20260610,22.68,,,,,23.85,21.77,,,,,,-4.1391,pending,,2026-06-22T13:15:07+00:00
trackb_cont_AZTA_20260611,23.309999,,,,,23.85,21.77,,,,,,-2.7256,pending,,2026-06-22T13:15:07+00:00
trackb_cont_AZTA_20260616,,,,,,23.85,22.52,,,,,,-2.5952,pending,,2026-06-22T13:15:07+00:00
trackb_cont_AZTA_20260617,,,,,,23.85,22.52,,,,,,-2.5952,pending,,2026-06-22T13:15:07+00:00
trackb_cont_AZTA_20260618,,,,,,23.6,22.52,,,,,,-0.7055,pending,,2026-06-22T13:15:07+00:00
trackb_cont_AZTA_20260619,,,,,,,,,,,,,,pending,,2026-06-22T13:15:07+00:00
trackb_cont_AZTA_20260622,,,,,,,,,,,,,,pending,,2026-06-22T13:15:07+00:00
trackb_cont_AZZ_20260616,,,,,,157.479996,145.110001,,,,,,-6.0655,pending,,2026-06-22T13:17:20+00:00
trackb_cont_AZZ_20260617,,,,,,157.479996,150.449997,,,,,,-2.6088,pending,,2026-06-22T13:17:20+00:00
trackb_cont_AZZ_20260618,,,,,,157.479996,151.729996,,,,,,-1.7802,pending,,2026-06-22T13:17:20+00:00
trackb_cont_AZZ_20260619,,,,,,,,,,,,,,pending,,2026-06-22T13:17:20+00:00
trackb_cont_A_20260603,131.619995,124.330002,,,,141.089996,123.699997,,,,,,-10.8115,pending,,2026-06-22T13:14:42+00:00
trackb_cont_A_20260604,129.550003,127.059998,,,,141.089996,123.699997,,,,,,-10.8115,pending,,2026-06-22T13:14:42+00:00
trackb_cont_A_20260605,129.839996,,,,,139.0,123.699997,,,,,,-10.8115,pending,,2026-06-22T13:14:42+00:00
trackb_cont_A_20260608,130.589996,,,,,137.639999,123.699997,,,,,,-10.8115,pending,,2026-06-22T13:14:42+00:00
trackb_cont_BAC_20260611,56.200001,,,,,57.98,54.07,,,,,,-0.8618,pending,,2026-06-22T13:16:26+00:00
trackb_cont_BAC_20260612,,,,,,57.98,55.259998,,,,,,0.1813,pending,,2026-06-22T13:16:26+00:00
trackb_cont_BAC_20260616,,,,,,57.98,56.029999,,,,,,-0.2759,pending,,2026-06-22T13:16:26+00:00
trackb_cont_BAC_20260617,,,,,,57.98,56.029999,,,,,,-0.2759,pending,,2026-06-22T13:16:26+00:00
trackb_cont_BAC_20260618,,,,,,57.330002,56.029999,,,,,,-1.8653,pending,,2026-06-22T13:16:26+00:00
trackb_cont_BAC_20260619,,,,,,,,,,,,,,pending,,2026-06-22T13:16:26+00:00
trackb_cont_BAC_20260622,,,,,,,,,,,,,,pending,,2026-06-22T13:16:26+00:00
trackb_cont_BAH_20260603,77.290001,71.099998,,,,81.940002,66.349998,,,,,,-15.2185,pending,,2026-06-22T13:15:27+00:00
trackb_cont_BAH_20260604,77.199997,66.360001,,,,81.940002,66.349998,,,,,,-15.2185,pending,,2026-06-22T13:15:27+00:00
trackb_cont_BAH_20260605,77.410004,,,,,80.959999,66.349998,,,,,,-15.2185,pending,,2026-06-22T13:15:27+00:00
trackb_cont_BAH_20260608,74.550003,,,,,80.349998,66.349998,,,,,,-15.2185,pending,,2026-06-22T13:15:27+00:00
trackb_cont_BAX_20260609,20.459999,,,,,21.299999,19.360001,,,,,,0.6237,pending,,2026-06-22T13:16:08+00:00
trackb_cont_BAX_20260611,19.889999,,,,,21.299999,19.379999,,,,,,-4.579,pending,,2026-06-22T13:16:08+00:00
trackb_cont_BAX_20260616,,,,,,21.030001,19.379999,,,,,,-7.4499,pending,,2026-06-22T13:16:08+00:00
trackb_cont_BAX_20260617,,,,,,20.620001,19.379999,,,,,,-7.4499,pending,,2026-06-22T13:16:08+00:00
trackb_cont_BBAI_20260603,4.02,3.88,,,,5.0,3.76,,,,,,-21.3833,pending,,2026-06-22T13:15:08+00:00
trackb_cont_BBAI_20260604,4.14,3.92,,,,4.98,3.76,,,,,,-21.3833,pending,,2026-06-22T13:15:08+00:00
trackb_cont_BBAI_20260605,4.02,,,,,4.67,3.76,,,,,,-21.3833,pending,,2026-06-22T13:15:08+00:00
trackb_cont_BBAI_20260608,4.05,,,,,4.49,3.76,,,,,,-21.3833,pending,,2026-06-22T13:15:08+00:00
trackb_cont_BBBY_20260603,5.55,5.66,,,,6.52,5.37,,,,,,-10.8714,pending,,2026-06-22T13:14:30+00:00
trackb_cont_BBBY_20260604,5.96,5.93,,,,6.52,5.37,,,,,,-10.8714,pending,,2026-06-22T13:14:30+00:00
trackb_cont_BBBY_20260605,5.88,,,,,6.52,5.37,,,,,,-10.8714,pending,,2026-06-22T13:14:30+00:00
trackb_cont_BBBY_20260608,6.1,,,,,6.52,5.37,,,,,,-10.8714,pending,,2026-06-22T13:14:30+00:00
trackb_cont_BBGI_20260603,23.059999,23.26,,,,24.5,16.549999,,,,,,-13.1689,pending,,2026-06-22T13:14:58+00:00
trackb_cont_BBGI_20260604,23.540001,23.77,,,,24.5,16.549999,,,,,,-13.1689,pending,,2026-06-22T13:14:58+00:00
trackb_cont_BBGI_20260605,17.77,,,,,24.5,16.549999,,,,,,-13.1689,pending,,2026-06-22T13:14:58+00:00
trackb_cont_BBGI_20260608,17.549999,,,,,24.5,16.549999,,,,,,-13.1689,pending,,2026-06-22T13:14:58+00:00
trackb_cont_BBGI_20260610,23.26,,,,,24.5,16.549999,,,,,,-21.4896,pending,,2026-06-22T13:14:58+00:00
trackb_cont_BBSI_20260603,34.34,33.25,,,,35.130001,32.02,,,,,,-1.0965,pending,,2026-06-22T13:14:35+00:00
trackb_cont_BBSI_20260604,34.25,33.040001,,,,35.130001,32.330002,,,,,,-0.139,pending,,2026-06-22T13:14:35+00:00
trackb_cont_BBSI_20260605,34.169998,,,,,35.009998,32.389999,,,,,,0.0463,pending,,2026-06-22T13:14:35+00:00
trackb_cont_BBSI_20260616,,,,,,34.59,32.48,,,,,,-4.5268,pending,,2026-06-22T13:14:35+00:00
trackb_cont_BBSI_20260617,,,,,,33.84,32.52,,,,,,-4.4092,pending,,2026-06-22T13:14:35+00:00
trackb_cont_BBWI_20260616,,,,,,21.709999,19.73,,,,,,2.334,pending,,2026-06-22T13:16:03+00:00
trackb_cont_BBWI_20260617,,,,,,21.709999,20.42,,,,,,5.9129,pending,,2026-06-22T13:16:03+00:00
trackb_cont_BBWI_20260618,,,,,,21.190001,20.48,,,,,,6.2241,pending,,2026-06-22T13:16:03+00:00
trackb_cont_BBWI_20260619,,,,,,,,,,,,,,pending,,2026-06-22T13:16:03+00:00
trackb_cont_BBWI_20260622,,,,,,,,,,,,,,pending,,2026-06-22T13:16:03+00:00
trackb_cont_BBY_20260603,75.639999,73.099998,,,,79.510002,69.709999,,,,,,-2.1202,pending,,2026-06-22T13:15:17+00:00
trackb_cont_BBY_20260604,77.099998,74.730003,,,,79.510002,69.709999,,,,,,-2.1202,pending,,2026-06-22T13:15:17+00:00
trackb_cont_BBY_20260605,78.529999,,,,,79.510002,69.709999,,,,,,-2.1202,pending,,2026-06-22T13:15:17+00:00
trackb_cont_BBY_20260609,75.580002,,,,,79.510002,72.510002,,,,,,-2.2381,pending,,2026-06-22T13:15:17+00:00
trackb_cont_BBY_20260611,74.730003,,,,,79.510002,72.510002,,,,,,-4.138,pending,,2026-06-22T13:15:17+00:00
trackb_cont_BBY_20260616,,,,,,78.099998,72.510002,,,,,,-6.9311,pending,,2026-06-22T13:15:17+00:00
trackb_cont_BBY_20260617,,,,,,76.18,72.510002,,,,,,-6.9311,pending,,2026-06-22T13:15:17+00:00
trackb_cont_BBY_20260618,,,,,,75.709999,72.510002,,,,,,-0.3299,pending,,2026-06-22T13:15:17+00:00
trackb_cont_BBY_20260619,,,,,,,,,,,,,,pending,,2026-06-22T13:15:17+00:00
trackb_cont_BBY_20260622,,,,,,,,,,,,,,pending,,2026-06-22T13:15:17+00:00
trackb_cont_BCAR_20260603,10.57,10.65,,,,11.17,10.48,,,,,,-4.684,pending,,2026-06-22T13:14:37+00:00
trackb_cont_BCAR_20260604,10.6,10.55,,,,11.07,10.48,,,,,,-4.684,pending,,2026-06-22T13:14:37+00:00
trackb_cont_BCAR_20260605,10.6,,,,,10.93,10.48,,,,,,-4.684,pending,,2026-06-22T13:14:37+00:00
trackb_cont_BCHT_20260603,1.93,2.02,,,,2.45,1.86,,,,,,-8.4736,pending,,2026-06-22T13:15:29+00:00
trackb_cont_BCHT_20260604,2.08,2.34,,,,2.45,1.86,,,,,,-8.4736,pending,,2026-06-22T13:15:29+00:00
trackb_cont_BCHT_20260605,2.1,,,,,2.45,1.86,,,,,,-8.4736,pending,,2026-06-22T13:15:29+00:00
trackb_cont_BCHT_20260608,2.06,,,,,2.45,1.86,,,,,,-8.4736,pending,,2026-06-22T13:15:29+00:00
trackb_cont_BCHT_20260616,,,,,,2.45,1.99,,,,,,-3.632,pending,,2026-06-22T13:15:29+00:00
trackb_cont_BCHT_20260617,,,,,,2.45,2.01,,,,,,-2.6634,pending,,2026-06-22T13:15:29+00:00
trackb_cont_BCHT_20260618,,,,,,2.45,2.03,,,,,,-1.6949,pending,,2026-06-22T13:15:29+00:00
trackb_cont_BCHT_20260619,,,,,,,,,,,,,,pending,,2026-06-22T13:15:29+00:00
trackb_cont_BCHT_20260622,,,,,,,,,,,,,,pending,,2026-06-22T13:15:29+00:00
trackb_cont_BCRX_20260622,,,,,,,,,,,,,,pending,,2026-06-22T13:17:50+00:00
trackb_cont_BC_20260611,83.57,,,,,85.75,78.309998,,,,,,-0.4703,pending,,2026-06-22T13:16:34+00:00
trackb_cont_BC_20260615,,,,,,85.75,80.239998,,,,,,-6.4202,pending,,2026-06-22T13:16:34+00:00
trackb_cont_BC_20260616,,,,,,84.68,80.239998,,,,,,-2.8689,pending,,2026-06-22T13:16:34+00:00
trackb_cont_BC_20260617,,,,,,84.68,80.239998,,,,,,-2.8689,pending,,2026-06-22T13:16:34+00:00
trackb_cont_BC_20260618,,,,,,84.68,81.150002,,,,,,0.5203,pending,,2026-06-22T13:16:34+00:00
trackb_cont_BC_20260619,,,,,,,,,,,,,,pending,,2026-06-22T13:16:34+00:00
trackb_cont_BC_20260622,,,,,,,,,,,,,,pending,,2026-06-22T13:16:34+00:00
trackb_cont_BDC_20260622,,,,,,,,,,,,,,pending,,2026-06-22T13:17:29+00:00
trackb_cont_BDN_20260603,3.21,3.07,,,,3.31,3.05,,,,,,-0.1637,pending,,2026-06-22T13:14:45+00:00
trackb_cont_BDN_20260604,3.21,3.09,,,,3.31,3.05,,,,,,-0.1637,pending,,2026-06-22T13:14:45+00:00
trackb_cont_BDN_20260605,3.24,,,,,3.31,3.05,,,,,,-0.1637,pending,,2026-06-22T13:14:45+00:00
trackb_cont_BDN_20260608,3.2,,,,,3.31,3.05,,,,,,-3.7855,pending,,2026-06-22T13:14:45+00:00
trackb_cont_BDN_20260610,3.07,,,,,3.31,3.05,,,,,,-4.6875,pending,,2026-06-22T13:14:45+00:00
trackb_cont_BDN_20260612,,,,,,3.27,3.05,,,,,,-4.9844,pending,,2026-06-22T13:14:45+00:00
trackb_cont_BDN_20260615,,,,,,3.26,3.05,,,,,,-5.8642,pending,,2026-06-22T13:14:45+00:00
trackb_cont_BDN_20260616,,,,,,3.26,3.05,,,,,,-4.5383,pending,,2026-06-22T13:14:45+00:00
trackb_cont_BDN_20260617,,,,,,3.2,3.05,,,,,,-4.5383,pending,,2026-06-22T13:14:45+00:00
trackb_cont_BELFB_20260615,,,,,,311.670013,289.890015,,,,,,-3.37,pending,,2026-06-22T13:17:05+00:00
trackb_cont_BELFB_20260616,,,,,,311.670013,289.890015,,,,,,-4.002,pending,,2026-06-22T13:17:05+00:00
trackb_cont_BELFB_20260617,,,,,,311.670013,289.890015,,,,,,-4.002,pending,,2026-06-22T13:17:05+00:00
trackb_cont_BELFB_20260618,,,,,,311.670013,293.049988,,,,,,-2.9555,pending,,2026-06-22T13:17:05+00:00
trackb_cont_BELFB_20260619,,,,,,,,,,,,,,pending,,2026-06-22T13:17:05+00:00
trackb_cont_BELFB_20260622,,,,,,,,,,,,,,pending,,2026-06-22T13:17:05+00:00
trackb_cont_BEN_20260608,32.509998,,,,,34.18,30.85,,,,,,-1.5321,pending,,2026-06-22T13:15:56+00:00
trackb_cont_BEN_20260622,,,,,,,,,,,,,,pending,,2026-06-22T13:15:56+00:00
trackb_cont_BEPC_20260603,37.490002,35.98,,,,40.540001,35.919998,,,,,,-10.9125,pending,,2026-06-22T13:14:55+00:00
trackb_cont_BEPC_20260604,37.68,37.419998,,,,39.52,35.919998,,,,,,-10.9125,pending,,2026-06-22T13:14:55+00:00
trackb_cont_BEPC_20260605,36.490002,,,,,39.380001,35.919998,,,,,,-10.9125,pending,,2026-06-22T13:14:55+00:00
trackb_cont_BEPC_20260608,36.630001,,,,,39.380001,35.919998,,,,,,-10.9125,pending,,2026-06-22T13:14:55+00:00
trackb_cont_BESS_20260611,5.82,,,,,6.2,3.35,,,,,,-7.2022,pending,,2026-06-22T13:16:35+00:00
trackb_cont_BE_20260603,234.229996,284.98999,,,,329.51001,230.604996,,,,,,-20.3973,pending,,2026-06-22T13:15:20+00:00
trackb_cont_BE_20260604,248.880005,328.910004,,,,329.51001,230.604996,,,,,,-20.3973,pending,,2026-06-22T13:15:20+00:00
trackb_cont_BE_20260605,260.220001,,,,,329.51001,230.604996,,,,,,-20.3973,pending,,2026-06-22T13:15:20+00:00
trackb_cont_BF-B_20260616,,,,,,27.23,25.27,,,,,,-6.8902,pending,,2026-06-22T13:17:15+00:00
trackb_cont_BF-B_20260617,,,,,,26.85,25.27,,,,,,-6.8902,pending,,2026-06-22T13:17:15+00:00
trackb_cont_BFH_20260603,96.449997,101.43,,,,105.199997,87.449997,,,,,,-1.9729,pending,,2026-06-22T13:14:38+00:00
trackb_cont_BFH_20260604,101.629997,102.410004,,,,105.199997,88.790001,,,,,,-0.4708,pending,,2026-06-22T13:14:38+00:00
trackb_cont_BFH_20260605,101.709999,,,,,105.199997,90.080002,,,,,,0.9752,pending,,2026-06-22T13:14:38+00:00
trackb_cont_BFH_20260608,102.5,,,,,105.199997,90.919998,,,,,,1.9168,pending,,2026-06-22T13:14:38+00:00
trackb_cont_BFH_20260609,101.589996,,,,,105.199997,91.540001,,,,,,0.1313,pending,,2026-06-22T13:14:38+00:00
trackb_cont_BFH_20260611,102.410004,,,,,105.199997,96.25,,,,,,-0.2074,pending,,2026-06-22T13:14:38+00:00
trackb_cont_BFH_20260612,,,,,,105.199997,98.0,,,,,,-3.5718,pending,,2026-06-22T13:14:38+00:00
trackb_cont_BFH_20260616,,,,,,104.209999,98.0,,,,,,-5.1858,pending,,2026-06-22T13:14:38+00:00
trackb_cont_BFH_20260617,,,,,,104.209999,100.879997,,,,,,-2.3994,pending,,2026-06-22T13:14:38+00:00
trackb_cont_BFH_20260618,,,,,,103.800003,101.769997,,,,,,0.3352,pending,,2026-06-22T13:14:38+00:00
trackb_cont_BFH_20260619,,,,,,,,,,,,,,pending,,2026-06-22T13:14:38+00:00
trackb_cont_BFH_20260622,,,,,,,,,,,,,,pending,,2026-06-22T13:14:38+00:00
trackb_cont_BG_20260603,128.210007,116.139999,,,,134.869995,111.389999,,,,,,-16.8607,pending,,2026-06-22T13:15:26+00:00
trackb_cont_BG_20260604,125.279999,112.580002,,,,132.910004,111.389999,,,,,,-16.8607,pending,,2026-06-22T13:15:26+00:00
trackb_cont_BG_20260605,127.169998,,,,,130.149994,111.389999,,,,,,-16.8607,pending,,2026-06-22T13:15:26+00:00
trackb_cont_BG_20260608,123.0,,,,,130.149994,111.389999,,,,,,-16.8607,pending,,2026-06-22T13:15:26+00:00
trackb_cont_BHE_20260603,82.860001,91.050003,,,,94.75,81.540001,,,,,,-7.6871,pending,,2026-06-22T13:14:36+00:00
trackb_cont_BHE_20260604,88.989998,92.169998,,,,94.75,81.540001,,,,,,-7.6871,pending,,2026-06-22T13:14:36+00:00
trackb_cont_BHE_20260605,89.93,,,,,94.75,81.540001,,,,,,-7.6871,pending,,2026-06-22T13:14:36+00:00
trackb_cont_BHE_20260608,91.309998,,,,,94.75,81.540001,,,,,,-2.836,pending,,2026-06-22T13:14:36+00:00
trackb_cont_BHE_20260616,,,,,,94.75,88.650002,,,,,,-3.305,pending,,2026-06-22T13:14:36+00:00
trackb_cont_BHE_20260617,,,,,,94.75,88.650002,,,,,,-3.305,pending,,2026-06-22T13:14:36+00:00
trackb_cont_BHE_20260618,,,,,,94.75,91.150002,,,,,,-0.5781,pending,,2026-06-22T13:14:36+00:00
trackb_cont_BHE_20260619,,,,,,,,,,,,,,pending,,2026-06-22T13:14:36+00:00
trackb_cont_BHF_20260610,63.220001,,,,,63.540001,62.325001,,,,,,-0.3438,pending,,2026-06-22T13:16:21+00:00
trackb_cont_BHF_20260612,,,,,,63.540001,62.700001,,,,,,-0.8539,pending,,2026-06-22T13:16:21+00:00
trackb_cont_BHF_20260616,,,,,,63.540001,62.700001,,,,,,-0.7126,pending,,2026-06-22T13:16:21+00:00
trackb_cont_BHF_20260617,,,,,,63.474998,62.810001,,,,,,-0.5384,pending,,2026-06-22T13:16:21+00:00
trackb_cont_BHF_20260618,,,,,,63.389999,62.810001,,,,,,-0.6485,pending,,2026-06-22T13:16:21+00:00
trackb_cont_BHF_20260619,,,,,,,,,,,,,,pending,,2026-06-22T13:16:21+00:00
trackb_cont_BHF_20260622,,,,,,,,,,,,,,pending,,2026-06-22T13:16:21+00:00
trackb_cont_BIIB_20260616,,,,,,201.75,193.199997,,,,,,-2.3157,pending,,2026-06-22T13:17:12+00:00
trackb_cont_BIIB_20260617,,,,,,201.75,193.199997,,,,,,-2.3157,pending,,2026-06-22T13:17:12+00:00
trackb_cont_BIIB_20260618,,,,,,200.990005,193.199997,,,,,,-2.3157,pending,,2026-06-22T13:17:12+00:00
trackb_cont_BIIB_20260619,,,,,,,,,,,,,,pending,,2026-06-22T13:17:12+00:00
trackb_cont_BIO_20260603,291.01001,284.670013,,,,312.269989,280.480011,,,,,,-7.6427,pending,,2026-06-22T13:14:52+00:00
trackb_cont_BIO_20260604,292.440002,282.440002,,,,312.269989,280.480011,,,,,,-7.6427,pending,,2026-06-22T13:14:52+00:00
trackb_cont_BIO_20260605,285.940002,,,,,307.350006,280.480011,,,,,,-7.6427,pending,,2026-06-22T13:14:52+00:00
trackb_cont_BIO_20260608,289.279999,,,,,298.579987,280.480011,,,,,,-4.7024,pending,,2026-06-22T13:14:52+00:00
trackb_cont_BIPC_20260603,41.310001,39.310001,,,,41.924999,39.150002,,,,,,-4.4656,pending,,2026-06-22T13:15:00+00:00
trackb_cont_BIPC_20260604,40.459999,39.610001,,,,41.924999,39.150002,,,,,,-4.4656,pending,,2026-06-22T13:15:00+00:00
trackb_cont_BIPC_20260605,40.41,,,,,41.924999,39.150002,,,,,,-4.4656,pending,,2026-06-22T13:15:00+00:00
trackb_cont_BIPC_20260608,40.52,,,,,41.924999,39.150002,,,,,,-4.4656,pending,,2026-06-22T13:15:00+00:00
trackb_cont_BJRI_20260615,,,,,,56.209999,50.720001,,,,,,-2.0755,pending,,2026-06-22T13:17:01+00:00
trackb_cont_BJRI_20260616,,,,,,56.209999,50.720001,,,,,,-1.3421,pending,,2026-06-22T13:17:01+00:00
trackb_cont_BJRI_20260617,,,,,,56.209999,51.48,,,,,,0.1362,pending,,2026-06-22T13:17:01+00:00
trackb_cont_BJRI_20260618,,,,,,56.209999,53.009998,,,,,,3.1122,pending,,2026-06-22T13:17:01+00:00
trackb_cont_BJRI_20260619,,,,,,,,,,,,,,pending,,2026-06-22T13:17:01+00:00
trackb_cont_BKD_20260616,,,,,,14.05,13.45,,,,,,-2.2174,pending,,2026-06-22T13:17:18+00:00
trackb_cont_BKD_20260617,,,,,,14.05,13.45,,,,,,-2.2174,pending,,2026-06-22T13:17:18+00:00
trackb_cont_BKD_20260618,,,,,,14.05,13.45,,,,,,-2.2174,pending,,2026-06-22T13:17:18+00:00
trackb_cont_BKD_20260619,,,,,,,,,,,,,,pending,,2026-06-22T13:17:18+00:00
trackb_cont_BKH_20260616,,,,,,74.459999,71.629997,,,,,,-3.2615,pending,,2026-06-22T13:17:23+00:00
trackb_cont_BKH_20260617,,,,,,73.709999,71.629997,,,,,,-3.2615,pending,,2026-06-22T13:17:23+00:00
trackb_cont_BKNG_20260622,,,,,,,,,,,,,,pending,,2026-06-22T13:15:50+00:00
trackb_cont_BLK_20260618,,,,,,1076.51001,1045.910034,,,,,,-2.3089,pending,,2026-06-22T13:17:38+00:00
trackb_cont_BLK_20260619,,,,,,,,,,,,,,pending,,2026-06-22T13:17:38+00:00
trackb_cont_BLK_20260622,,,,,,,,,,,,,,pending,,2026-06-22T13:17:38+00:00
trackb_cont_BLLN_20260616,,,,,,106.550003,97.099998,,,,,,-5.9473,pending,,2026-06-22T13:17:24+00:00
trackb_cont_BLLN_20260617,,,,,,106.550003,97.099998,,,,,,-5.9473,pending,,2026-06-22T13:17:24+00:00
trackb_cont_BLLN_20260618,,,,,,106.550003,100.010002,,,,,,-3.1286,pending,,2026-06-22T13:17:24+00:00
trackb_cont_BLLN_20260619,,,,,,,,,,,,,,pending,,2026-06-22T13:17:24+00:00
trackb_cont_BLMN_20260615,,,,,,8.32,7.43,,,,,,-9.9394,pending,,2026-06-22T13:17:07+00:00
trackb_cont_BLMN_20260616,,,,,,8.3,7.43,,,,,,-5.3503,pending,,2026-06-22T13:17:07+00:00
trackb_cont_BLMN_20260617,,,,,,8.3,7.54,,,,,,-3.949,pending,,2026-06-22T13:17:07+00:00
trackb_cont_BMI_20260616,,,,,,138.220001,131.699997,,,,,,-1.7567,pending,,2026-06-22T13:15:38+00:00
trackb_cont_BMI_20260617,,,,,,138.220001,131.699997,,,,,,-1.7567,pending,,2026-06-22T13:15:38+00:00
trackb_cont_BMI_20260618,,,,,,136.5,131.699997,,,,,,-2.1909,pending,,2026-06-22T13:15:38+00:00
trackb_cont_BMI_20260619,,,,,,,,,,,,,,pending,,2026-06-22T13:15:38+00:00
trackb_cont_BMI_20260622,,,,,,,,,,,,,,pending,,2026-06-22T13:15:38+00:00
trackb_cont_BMRN_20260608,55.650002,,,,,58.259998,54.259998,,,,,,-4.4214,pending,,2026-06-22T13:15:54+00:00
trackb_cont_BMRN_20260610,55.02,,,,,58.259998,54.259998,,,,,,-4.0495,pending,,2026-06-22T13:15:54+00:00
trackb_cont_BMRN_20260611,54.689999,,,,,56.59,54.259998,,,,,,-3.4004,pending,,2026-06-22T13:15:54+00:00
trackb_cont_BMRN_20260612,,,,,,56.349998,54.259998,,,,,,-2.3046,pending,,2026-06-22T13:15:54+00:00
trackb_cont_BMRN_20260616,,,,,,56.060001,54.259998,,,,,,-1.453,pending,,2026-06-22T13:15:54+00:00
trackb_cont_BMRN_20260617,,,,,,56.060001,54.259998,,,,,,-1.453,pending,,2026-06-22T13:15:54+00:00
trackb_cont_BMRN_20260618,,,,,,55.619999,54.259998,,,,,,-1.453,pending,,2026-06-22T13:15:54+00:00
trackb_cont_BMRN_20260619,,,,,,,,,,,,,,pending,,2026-06-22T13:15:54+00:00
trackb_cont_BNL_20260611,20.58,,,,,21.5,20.27,,,,,,-3.8425,pending,,2026-06-22T13:16:31+00:00
trackb_cont_BNL_20260615,,,,,,21.1,20.27,,,,,,-3.4302,pending,,2026-06-22T13:16:31+00:00
trackb_cont_BNL_20260616,,,,,,21.07,20.27,,,,,,-2.5715,pending,,2026-06-22T13:16:31+00:00
trackb_cont_BNL_20260617,,,,,,21.049999,20.27,,,,,,-2.5715,pending,,2026-06-22T13:16:31+00:00
trackb_cont_BNL_20260618,,,,,,20.77,20.400999,,,,,,-1.9418,pending,,2026-06-22T13:16:31+00:00
trackb_cont_BNL_20260619,,,,,,,,,,,,,,pending,,2026-06-22T13:16:31+00:00
trackb_cont_BNY_20260603,139.75,146.070007,,,,148.130005,138.559998,,,,,,-0.9649,pending,,2026-06-22T13:15:02+00:00
trackb_cont_BNY_20260604,142.089996,143.630005,,,,148.130005,139.679993,,,,,,-0.1644,pending,,2026-06-22T13:15:02+00:00
trackb_cont_BNY_20260605,143.979996,,,,,148.130005,139.679993,,,,,,-0.1644,pending,,2026-06-22T13:15:02+00:00
trackb_cont_BNY_20260608,142.5,,,,,148.130005,139.679993,,,,,,-0.1644,pending,,2026-06-22T13:15:02+00:00
trackb_cont_BNY_20260610,146.070007,,,,,148.130005,139.679993,,,,,,-1.4812,pending,,2026-06-22T13:15:02+00:00
trackb_cont_BNY_20260611,143.630005,,,,,148.130005,140.070007,,,,,,0.229,pending,,2026-06-22T13:15:02+00:00
trackb_cont_BNY_20260615,,,,,,148.130005,142.050003,,,,,,-2.3241,pending,,2026-06-22T13:15:02+00:00
trackb_cont_BNY_20260616,,,,,,148.130005,142.050003,,,,,,-1.5865,pending,,2026-06-22T13:15:02+00:00
trackb_cont_BNY_20260617,,,,,,148.130005,142.679993,,,,,,-1.1501,pending,,2026-06-22T13:15:02+00:00
trackb_cont_BNY_20260618,,,,,,148.130005,142.679993,,,,,,-1.1501,pending,,2026-06-22T13:15:02+00:00
trackb_cont_BNY_20260619,,,,,,,,,,,,,,pending,,2026-06-22T13:15:02+00:00
trackb_cont_BOC_20260603,13.68,13.04,,,,13.9,12.825,,,,,,-3.3534,pending,,2026-06-22T13:14:03+00:00
trackb_cont_BOC_20260604,13.37,13.14,,,,13.9,12.825,,,,,,-3.3534,pending,,2026-06-22T13:14:03+00:00
trackb_cont_BOC_20260605,13.61,,,,,13.9,12.825,,,,,,-3.3534,pending,,2026-06-22T13:14:03+00:00
trackb_cont_BOC_20260608,13.7,,,,,13.9,12.825,,,,,,-6.5914,pending,,2026-06-22T13:14:03+00:00
trackb_cont_BOC_20260612,,,,,,13.9,12.825,,,,,,-4.0763,pending,,2026-06-22T13:14:03+00:00
trackb_cont_BOC_20260615,,,,,,13.9,12.825,,,,,,-5.6985,pending,,2026-06-22T13:14:03+00:00
trackb_cont_BOC_20260616,,,,,,13.9,12.825,,,,,,-6.5914,pending,,2026-06-22T13:14:03+00:00
trackb_cont_BOC_20260617,,,,,,13.36,12.825,,,,,,-6.5914,pending,,2026-06-22T13:14:03+00:00
trackb_cont_BOC_20260618,,,,,,13.2,12.91,,,,,,-5.9723,pending,,2026-06-22T13:14:03+00:00
trackb_cont_BOC_20260619,,,,,,,,,,,,,,pending,,2026-06-22T13:14:03+00:00
trackb_cont_BOOM_20260622,,,,,,,,,,,,,,pending,,2026-06-22T13:17:50+00:00
trackb_cont_BOOT_20260603,165.190002,165.720001,,,,178.070007,160.869995,,,,,,-4.8979,pending,,2026-06-22T13:14:26+00:00
trackb_cont_BOOT_20260604,174.979996,174.220001,,,,178.070007,160.869995,,,,,,-4.8979,pending,,2026-06-22T13:14:26+00:00
trackb_cont_BOOT_20260605,170.610001,,,,,178.070007,160.869995,,,,,,-4.8979,pending,,2026-06-22T13:14:26+00:00
trackb_cont_BOOT_20260608,165.880005,,,,,178.070007,160.869995,,,,,,-4.8979,pending,,2026-06-22T13:14:26+00:00
trackb_cont_BOOT_20260609,162.520004,,,,,178.070007,161.800003,,,,,,-0.2466,pending,,2026-06-22T13:14:26+00:00
trackb_cont_BOOT_20260610,165.720001,,,,,178.070007,161.800003,,,,,,-0.2466,pending,,2026-06-22T13:14:26+00:00
trackb_cont_BOOT_20260611,174.220001,,,,,178.070007,161.800003,,,,,,-2.0522,pending,,2026-06-22T13:14:26+00:00
trackb_cont_BOOT_20260616,,,,,,177.190002,161.800003,,,,,,-3.8921,pending,,2026-06-22T13:14:26+00:00
trackb_cont_BOOT_20260617,,,,,,177.190002,164.104996,,,,,,-2.523,pending,,2026-06-22T13:14:26+00:00
trackb_cont_BOOT_20260618,,,,,,177.190002,168.264999,,,,,,-0.052,pending,,2026-06-22T13:14:26+00:00
trackb_cont_BOOT_20260619,,,,,,,,,,,,,,pending,,2026-06-22T13:14:26+00:00
trackb_cont_BRC_20260603,77.870003,83.449997,,,,91.0,73.209999,,,,,,-16.4412,pending,,2026-06-22T13:14:35+00:00
trackb_cont_BRC_20260604,81.169998,85.309998,,,,91.0,73.209999,,,,,,-16.4412,pending,,2026-06-22T13:14:35+00:00
trackb_cont_BRC_20260605,82.629997,,,,,91.0,73.209999,,,,,,-16.4412,pending,,2026-06-22T13:14:35+00:00
trackb_cont_BRC_20260608,84.57,,,,,88.0,73.209999,,,,,,-16.4412,pending,,2026-06-22T13:14:35+00:00
trackb_cont_BRC_20260609,84.889999,,,,,85.940002,75.169998,,,,,,-0.1461,pending,,2026-06-22T13:14:35+00:00
trackb_cont_BRC_20260610,83.449997,,,,,85.940002,75.169998,,,,,,-0.1461,pending,,2026-06-22T13:14:35+00:00
trackb_cont_BRKR_20260603,54.919998,54.73,,,,64.540001,52.900002,,,,,,-9.3868,pending,,2026-06-22T13:14:16+00:00
trackb_cont_BRKR_20260604,55.18,57.23,,,,64.540001,52.900002,,,,,,-9.3868,pending,,2026-06-22T13:14:16+00:00
trackb_cont_BRKR_20260605,54.23,,,,,59.959999,52.900002,,,,,,-9.3868,pending,,2026-06-22T13:14:16+00:00
trackb_cont_BRKR_20260608,56.630001,,,,,58.580002,52.900002,,,,,,-9.3868,pending,,2026-06-22T13:14:16+00:00
trackb_cont_BROS_20260603,60.279999,65.720001,,,,71.720001,54.0,,,,,,-2.869,pending,,2026-06-22T13:14:52+00:00
trackb_cont_BROS_20260604,65.029999,70.720001,,,,71.720001,54.0,,,,,,-2.869,pending,,2026-06-22T13:14:52+00:00
trackb_cont_BROS_20260605,65.889999,,,,,71.720001,54.0,,,,,,-2.869,pending,,2026-06-22T13:14:52+00:00
trackb_cont_BROS_20260611,70.720001,,,,,71.720001,59.470001,,,,,,-1.3437,pending,,2026-06-22T13:14:52+00:00
trackb_cont_BROS_20260612,,,,,,71.720001,64.07,,,,,,-1.4762,pending,,2026-06-22T13:14:52+00:00
trackb_cont_BROS_20260616,,,,,,71.720001,65.550003,,,,,,-2.4263,pending,,2026-06-22T13:14:52+00:00
trackb_cont_BROS_20260617,,,,,,71.720001,65.550003,,,,,,-2.4263,pending,,2026-06-22T13:14:52+00:00
trackb_cont_BROS_20260618,,,,,,71.720001,66.870003,,,,,,-0.4614,pending,,2026-06-22T13:14:52+00:00
trackb_cont_BROS_20260619,,,,,,,,,,,,,,pending,,2026-06-22T13:14:52+00:00
trackb_cont_BRX_20260611,30.91,,,,,32.799999,30.790001,,,,,,-3.3584,pending,,2026-06-22T13:16:29+00:00
trackb_cont_BRX_20260612,,,,,,32.799999,30.790001,,,,,,-4.3195,pending,,2026-06-22T13:16:29+00:00
trackb_cont_BRX_20260615,,,,,,32.700001,30.790001,,,,,,-5.3925,pending,,2026-06-22T13:16:29+00:00
trackb_cont_BRX_20260616,,,,,,32.389999,30.790001,,,,,,-3.9913,pending,,2026-06-22T13:16:29+00:00
trackb_cont_BRX_20260617,,,,,,31.809999,30.790001,,,,,,-3.9913,pending,,2026-06-22T13:16:29+00:00
trackb_cont_BTOC_20260603,0.315,0.328,,,,0.352,0.261,,,,,,-23.8845,pending,,2026-06-22T13:15:24+00:00
trackb_cont_BTOC_20260604,0.315,0.261,,,,0.352,0.261,,,,,,-23.8845,pending,,2026-06-22T13:15:24+00:00
trackb_cont_BTOC_20260605,0.3,,,,,0.352,0.261,,,,,,-23.8845,pending,,2026-06-22T13:15:24+00:00
trackb_cont_BTOC_20260608,0.32,,,,,0.34,0.261,,,,,,-23.8845,pending,,2026-06-22T13:15:24+00:00
trackb_cont_BTSG_20260603,60.59,64.43,,,,66.690002,56.200001,,,,,,-7.1074,pending,,2026-06-22T13:15:22+00:00
trackb_cont_BTSG_20260604,63.080002,66.25,,,,66.690002,56.200001,,,,,,-7.1074,pending,,2026-06-22T13:15:22+00:00
trackb_cont_BTSG_20260605,63.23,,,,,66.690002,56.200001,,,,,,-7.1074,pending,,2026-06-22T13:15:22+00:00
trackb_cont_BTSG_20260608,64.080002,,,,,66.690002,58.099998,,,,,,-3.9669,pending,,2026-06-22T13:15:22+00:00
trackb_cont_BTSG_20260611,66.25,,,,,66.690002,61.040001,,,,,,0.7427,pending,,2026-06-22T13:15:22+00:00
trackb_cont_BTSG_20260616,,,,,,66.690002,63.52,,,,,,-0.2669,pending,,2026-06-22T13:15:22+00:00
trackb_cont_BTSG_20260617,,,,,,66.690002,63.639999,,,,,,-0.0785,pending,,2026-06-22T13:15:22+00:00
trackb_cont_BTSG_20260618,,,,,,66.690002,64.919998,,,,,,0.7605,pending,,2026-06-22T13:15:22+00:00
trackb_cont_BTSG_20260619,,,,,,,,,,,,,,pending,,2026-06-22T13:15:22+00:00
trackb_cont_BTSG_20260622,,,,,,,,,,,,,,pending,,2026-06-22T13:15:22+00:00
trackb_cont_BURL_20260603,327.01001,330.76001,,,,346.299988,313.799988,,,,,,-4.6056,pending,,2026-06-22T13:15:22+00:00
trackb_cont_BURL_20260604,342.369995,336.950012,,,,346.299988,313.799988,,,,,,-4.6056,pending,,2026-06-22T13:15:22+00:00
trackb_cont_BURL_20260605,338.450012,,,,,346.299988,313.799988,,,,,,-4.6056,pending,,2026-06-22T13:15:22+00:00
trackb_cont_BURL_20260608,336.600006,,,,,346.299988,313.799988,,,,,,-1.0251,pending,,2026-06-22T13:15:22+00:00
trackb_cont_BURL_20260612,,,,,,346.299988,327.309998,,,,,,-4.3988,pending,,2026-06-22T13:15:22+00:00
trackb_cont_BURL_20260616,,,,,,343.0,327.309998,,,,,,-2.4876,pending,,2026-06-22T13:15:22+00:00
trackb_cont_BURL_20260617,,,,,,343.0,327.309998,,,,,,-2.4876,pending,,2026-06-22T13:15:22+00:00
trackb_cont_BURL_20260618,,,,,,343.0,327.309998,,,,,,-1.0431,pending,,2026-06-22T13:15:22+00:00
trackb_cont_BURL_20260619,,,,,,,,,,,,,,pending,,2026-06-22T13:15:22+00:00
trackb_cont_BURL_20260622,,,,,,,,,,,,,,pending,,2026-06-22T13:15:22+00:00
trackb_cont_BWA_20260603,71.290001,70.540001,,,,78.82,70.349998,,,,,,-9.3603,pending,,2026-06-22T13:14:21+00:00
trackb_cont_BWA_20260604,74.849998,71.839996,,,,77.07,70.349998,,,,,,-9.3603,pending,,2026-06-22T13:14:21+00:00
trackb_cont_BWA_20260605,74.510002,,,,,76.5,70.349998,,,,,,-9.3603,pending,,2026-06-22T13:14:21+00:00
trackb_cont_BWA_20260608,73.519997,,,,,76.5,70.349998,,,,,,-3.1392,pending,,2026-06-22T13:14:21+00:00
trackb_cont_BWA_20260611,71.839996,,,,,76.5,70.349998,,,,,,-1.3186,pending,,2026-06-22T13:14:21+00:00
trackb_cont_BWA_20260615,,,,,,76.5,70.349998,,,,,,-7.3245,pending,,2026-06-22T13:14:21+00:00
trackb_cont_BWA_20260616,,,,,,74.010002,70.349998,,,,,,-4.9838,pending,,2026-06-22T13:14:21+00:00
trackb_cont_BWA_20260617,,,,,,73.0,70.349998,,,,,,-4.9838,pending,,2026-06-22T13:14:21+00:00
trackb_cont_BWA_20260618,,,,,,72.43,70.349998,,,,,,-4.9838,pending,,2026-06-22T13:14:21+00:00
trackb_cont_BWA_20260619,,,,,,,,,,,,,,pending,,2026-06-22T13:14:21+00:00
trackb_cont_BXC_20260611,57.560001,,,,,58.82,51.669998,,,,,,-1.0722,pending,,2026-06-22T13:16:32+00:00
trackb_cont_BXC_20260616,,,,,,58.82,53.82,,,,,,-4.32,pending,,2026-06-22T13:16:32+00:00
trackb_cont_BXC_20260617,,,,,,58.82,53.82,,,,,,-4.32,pending,,2026-06-22T13:16:32+00:00
trackb_cont_BXC_20260618,,,,,,58.82,54.98,,,,,,-2.2578,pending,,2026-06-22T13:16:32+00:00
trackb_cont_BXC_20260619,,,,,,,,,,,,,,pending,,2026-06-22T13:16:32+00:00
trackb_cont_BXP_20260603,65.480003,63.060001,,,,67.440002,60.310001,,,,,,-0.0994,pending,,2026-06-22T13:14:00+00:00
trackb_cont_BXP_20260604,66.230003,64.699997,,,,67.440002,61.200001,,,,,,1.3749,pending,,2026-06-22T13:14:00+00:00
trackb_cont_BXP_20260605,66.279999,,,,,67.440002,61.400002,,,,,,1.7061,pending,,2026-06-22T13:14:00+00:00
trackb_cont_BXP_20260608,65.980003,,,,,67.440002,62.23,,,,,,-0.1604,pending,,2026-06-22T13:14:00+00:00
trackb_cont_BXP_20260610,63.060001,,,,,67.440002,62.959999,,,,,,-2.433,pending,,2026-06-22T13:14:00+00:00
trackb_cont_BXP_20260611,64.699997,,,,,67.269997,62.959999,,,,,,-3.8485,pending,,2026-06-22T13:14:00+00:00
trackb_cont_BXP_20260615,,,,,,67.199997,62.959999,,,,,,-6.1909,pending,,2026-06-22T13:14:00+00:00
trackb_cont_BXP_20260616,,,,,,66.910004,62.959999,,,,,,-4.9373,pending,,2026-06-22T13:14:00+00:00
trackb_cont_BXP_20260617,,,,,,65.889999,62.959999,,,,,,-4.9373,pending,,2026-06-22T13:14:00+00:00
trackb_cont_BXP_20260618,,,,,,65.260002,64.0,,,,,,-3.3671,pending,,2026-06-22T13:14:00+00:00
trackb_cont_BXP_20260619,,,,,,,,,,,,,,pending,,2026-06-22T13:14:00+00:00
trackb_cont_BX_20260616,,,,,,129.820007,122.169998,,,,,,-2.7773,pending,,2026-06-22T13:17:14+00:00
trackb_cont_BX_20260617,,,,,,129.820007,122.169998,,,,,,-2.7773,pending,,2026-06-22T13:17:14+00:00
trackb_cont_BX_20260618,,,,,,127.199997,122.169998,,,,,,-3.7728,pending,,2026-06-22T13:17:14+00:00
trackb_cont_BX_20260619,,,,,,,,,,,,,,pending,,2026-06-22T13:17:14+00:00
trackb_cont_BX_20260622,,,,,,,,,,,,,,pending,,2026-06-22T13:17:14+00:00
trackb_cont_BYD_20260603,86.82,83.879997,,,,89.93,83.730003,,,,,,-2.3101,pending,,2026-06-22T13:15:27+00:00
trackb_cont_BYD_20260604,86.550003,84.68,,,,89.93,83.730003,,,,,,-2.3101,pending,,2026-06-22T13:15:27+00:00
trackb_cont_BYD_20260605,87.459999,,,,,89.93,83.730003,,,,,,-2.3101,pending,,2026-06-22T13:15:27+00:00
trackb_cont_BYD_20260608,87.669998,,,,,89.18,83.730003,,,,,,-4.7115,pending,,2026-06-22T13:15:27+00:00
trackb_cont_BYD_20260615,,,,,,88.610001,83.730003,,,,,,-4.9818,pending,,2026-06-22T13:15:27+00:00
trackb_cont_BYD_20260616,,,,,,88.610001,83.730003,,,,,,-3.7973,pending,,2026-06-22T13:15:27+00:00
trackb_cont_BYD_20260617,,,,,,86.339996,83.730003,,,,,,-3.7973,pending,,2026-06-22T13:15:27+00:00
trackb_cont_BYD_20260618,,,,,,85.519997,84.190002,,,,,,-3.2688,pending,,2026-06-22T13:15:27+00:00
trackb_cont_BYD_20260619,,,,,,,,,,,,,,pending,,2026-06-22T13:15:27+00:00
trackb_cont_BZH_20260603,26.4,26.860001,,,,28.01,25.370001,,,,,,-1.6095,pending,,2026-06-22T13:13:56+00:00
trackb_cont_BZH_20260604,27.65,27.049999,,,,28.01,25.370001,,,,,,-1.6095,pending,,2026-06-22T13:13:56+00:00
trackb_cont_BZH_20260605,27.370001,,,,,28.01,25.370001,,,,,,-1.6095,pending,,2026-06-22T13:13:56+00:00
trackb_cont_BZH_20260608,26.85,,,,,28.01,25.51,,,,,,-1.7334,pending,,2026-06-22T13:13:56+00:00
trackb_cont_BZH_20260616,,,,,,28.01,26.700001,,,,,,-2.1978,pending,,2026-06-22T13:13:56+00:00
trackb_cont_BZH_20260617,,,,,,28.01,26.700001,,,,,,-2.1978,pending,,2026-06-22T13:13:56+00:00
trackb_cont_BZH_20260618,,,,,,28.01,26.9,,,,,,-1.4652,pending,,2026-06-22T13:13:56+00:00
trackb_cont_BZH_20260619,,,,,,,,,,,,,,pending,,2026-06-22T13:13:56+00:00
trackb_cont_BZH_20260622,,,,,,,,,,,,,,pending,,2026-06-22T13:13:56+00:00
trackb_cont_CACC_20260618,,,,,,584.320007,563.02002,,,,,,-0.0533,pending,,2026-06-22T13:17:40+00:00
trackb_cont_CACC_20260619,,,,,,,,,,,,,,pending,,2026-06-22T13:17:40+00:00
trackb_cont_CACI_20260610,494.940002,,,,,535.469971,461.730011,,,,,,-11.0587,pending,,2026-06-22T13:15:39+00:00
trackb_cont_CAH_20260612,,,,,,229.779999,219.470001,,,,,,-0.7642,pending,,2026-06-22T13:15:38+00:00
trackb_cont_CAH_20260616,,,,,,229.779999,219.470001,,,,,,-2.6611,pending,,2026-06-22T13:15:38+00:00
trackb_cont_CAH_20260617,,,,,,229.550003,219.470001,,,,,,-2.6611,pending,,2026-06-22T13:15:38+00:00
trackb_cont_CAH_20260618,,,,,,226.169998,219.470001,,,,,,-3.0095,pending,,2026-06-22T13:15:38+00:00
trackb_cont_CAH_20260619,,,,,,,,,,,,,,pending,,2026-06-22T13:15:38+00:00
trackb_cont_CAH_20260622,,,,,,,,,,,,,,pending,,2026-06-22T13:15:38+00:00
trackb_cont_CAKE_20260603,70.620003,75.519997,,,,78.870003,63.080002,,,,,,-3.2367,pending,,2026-06-22T13:15:16+00:00
trackb_cont_CAKE_20260604,74.980003,77.190002,,,,78.870003,63.080002,,,,,,-3.2367,pending,,2026-06-22T13:15:16+00:00
trackb_cont_CAKE_20260605,75.279999,,,,,78.870003,64.199997,,,,,,-1.5186,pending,,2026-06-22T13:15:16+00:00
trackb_cont_CAKE_20260608,73.75,,,,,78.870003,65.43,,,,,,-1.0585,pending,,2026-06-22T13:15:16+00:00
trackb_cont_CAKE_20260610,75.519997,,,,,78.870003,68.25,,,,,,1.5323,pending,,2026-06-22T13:15:16+00:00
trackb_cont_CAKE_20260612,,,,,,78.870003,72.709999,,,,,,-3.0275,pending,,2026-06-22T13:15:16+00:00
trackb_cont_CAKE_20260615,,,,,,78.870003,72.709999,,,,,,-2.3896,pending,,2026-06-22T13:15:16+00:00
trackb_cont_CAKE_20260616,,,,,,78.870003,72.75,,,,,,-1.3559,pending,,2026-06-22T13:15:16+00:00
trackb_cont_CAKE_20260617,,,,,,78.870003,72.75,,,,,,-1.3559,pending,,2026-06-22T13:15:16+00:00
trackb_cont_CAKE_20260618,,,,,,78.870003,75.519997,,,,,,2.4,pending,,2026-06-22T13:15:16+00:00
trackb_cont_CAKE_20260619,,,,,,,,,,,,,,pending,,2026-06-22T13:15:16+00:00
trackb_cont_CALM_20260612,,,,,,80.5,76.900002,,,,,,-3.7185,pending,,2026-06-22T13:16:43+00:00
trackb_cont_CALY_20260615,,,,,,18.51,16.75,,,,,,-4.6453,pending,,2026-06-22T13:16:58+00:00
trackb_cont_CALY_20260616,,,,,,18.51,16.75,,,,,,-0.4162,pending,,2026-06-22T13:16:58+00:00
trackb_cont_CALY_20260617,,,,,,18.51,16.790001,,,,,,-0.1784,pending,,2026-06-22T13:16:58+00:00
trackb_cont_CALY_20260618,,,,,,18.51,17.549999,,,,,,4.3401,pending,,2026-06-22T13:16:58+00:00
trackb_cont_CALY_20260619,,,,,,,,,,,,,,pending,,2026-06-22T13:16:58+00:00
trackb_cont_CALY_20260622,,,,,,,,,,,,,,pending,,2026-06-22T13:16:58+00:00
trackb_cont_CAL_20260603,13.74,12.49,,,,15.04,12.17,,,,,,-13.8102,pending,,2026-06-22T13:14:44+00:00
trackb_cont_CAL_20260604,14.73,13.14,,,,15.04,12.17,,,,,,-13.8102,pending,,2026-06-22T13:14:44+00:00
trackb_cont_CAL_20260605,14.64,,,,,15.01,12.17,,,,,,-13.8102,pending,,2026-06-22T13:14:44+00:00
trackb_cont_CAL_20260608,14.06,,,,,15.01,12.45,,,,,,0.6467,pending,,2026-06-22T13:14:44+00:00
trackb_cont_CAL_20260611,13.14,,,,,15.01,12.45,,,,,,-9.3886,pending,,2026-06-22T13:14:44+00:00
trackb_cont_CAL_20260616,,,,,,14.21,12.45,,,,,,-11.9208,pending,,2026-06-22T13:14:44+00:00
trackb_cont_CAL_20260617,,,,,,13.75,12.45,,,,,,-11.9208,pending,,2026-06-22T13:14:44+00:00
trackb_cont_CARR_20260616,,,,,,72.889999,69.339996,,,,,,-3.9413,pending,,2026-06-22T13:17:13+00:00
trackb_cont_CARR_20260617,,,,,,72.889999,69.339996,,,,,,-3.9413,pending,,2026-06-22T13:17:13+00:00
trackb_cont_CARR_20260618,,,,,,72.889999,71.019997,,,,,,-0.6991,pending,,2026-06-22T13:17:13+00:00
trackb_cont_CARR_20260619,,,,,,,,,,,,,,pending,,2026-06-22T13:17:13+00:00
trackb_cont_CARR_20260622,,,,,,,,,,,,,,pending,,2026-06-22T13:17:13+00:00
trackb_cont_CASY_20260615,,,,,,900.650024,832.5,,,,,,-4.7777,pending,,2026-06-22T13:17:05+00:00
trackb_cont_CASY_20260616,,,,,,887.390015,832.5,,,,,,-2.9799,pending,,2026-06-22T13:17:05+00:00
trackb_cont_CASY_20260617,,,,,,865.75,832.5,,,,,,-2.9799,pending,,2026-06-22T13:17:05+00:00
trackb_cont_CASY_20260618,,,,,,862.380005,832.5,,,,,,-2.9799,pending,,2026-06-22T13:17:05+00:00
trackb_cont_CASY_20260619,,,,,,,,,,,,,,pending,,2026-06-22T13:17:05+00:00
trackb_cont_CAT_20260603,856.159973,955.919983,,,,994.48999,854.72998,,,,,,-8.1627,pending,,2026-06-22T13:15:22+00:00
trackb_cont_CAT_20260604,897.630005,985.820007,,,,994.48999,854.72998,,,,,,-8.1627,pending,,2026-06-22T13:15:22+00:00
trackb_cont_CAT_20260605,910.570007,,,,,994.48999,854.72998,,,,,,-8.1627,pending,,2026-06-22T13:15:22+00:00
trackb_cont_CAT_20260608,933.929993,,,,,994.48999,854.72998,,,,,,-8.1627,pending,,2026-06-22T13:15:22+00:00
trackb_cont_CAT_20260622,,,,,,,,,,,,,,pending,,2026-06-22T13:15:22+00:00
trackb_cont_CAVA_20260616,,,,,,90.620003,86.010002,,,,,,-4.2738,pending,,2026-06-22T13:17:10+00:00
trackb_cont_CAVA_20260617,,,,,,90.620003,86.010002,,,,,,-4.2738,pending,,2026-06-22T13:17:10+00:00
trackb_cont_CAVA_20260618,,,,,,90.620003,88.0,,,,,,-2.059,pending,,2026-06-22T13:17:10+00:00
trackb_cont_CAVA_20260619,,,,,,,,,,,,,,pending,,2026-06-22T13:17:10+00:00
trackb_cont_CBRL_20260603,44.490002,43.880001,,,,48.91,32.360001,,,,,,-2.8812,pending,,2026-06-22T13:15:27+00:00
trackb_cont_CBRL_20260604,45.5,47.34,,,,48.91,32.360001,,,,,,-2.8812,pending,,2026-06-22T13:15:27+00:00
trackb_cont_CBRL_20260605,46.689999,,,,,48.91,32.360001,,,,,,-2.8812,pending,,2026-06-22T13:15:27+00:00
trackb_cont_CBRL_20260608,43.490002,,,,,48.91,32.57,,,,,,-2.2509,pending,,2026-06-22T13:15:27+00:00
trackb_cont_CBRL_20260615,,,,,,48.25,42.580002,,,,,,-8.607,pending,,2026-06-22T13:15:27+00:00
trackb_cont_CBRL_20260616,,,,,,48.25,42.580002,,,,,,-3.6869,pending,,2026-06-22T13:15:27+00:00
trackb_cont_CBRL_20260617,,,,,,48.25,42.580002,,,,,,-3.6869,pending,,2026-06-22T13:15:27+00:00
trackb_cont_CBRL_20260618,,,,,,48.25,44.540001,,,,,,0.7464,pending,,2026-06-22T13:15:27+00:00
trackb_cont_CBRL_20260619,,,,,,,,,,,,,,pending,,2026-06-22T13:15:27+00:00
trackb_cont_CBRL_20260622,,,,,,,,,,,,,,pending,,2026-06-22T13:15:27+00:00
trackb_cont_CBZ_20260603,34.200001,32.830002,,,,35.669998,30.82,,,,,,-2.8373,pending,,2026-06-22T13:14:54+00:00
trackb_cont_CBZ_20260604,33.939999,31.1,,,,35.669998,30.82,,,,,,-2.8373,pending,,2026-06-22T13:14:54+00:00
trackb_cont_CBZ_20260605,35.259998,,,,,35.669998,30.82,,,,,,-2.8373,pending,,2026-06-22T13:14:54+00:00
trackb_cont_CBZ_20260608,33.900002,,,,,35.669998,30.82,,,,,,-9.1659,pending,,2026-06-22T13:14:54+00:00
trackb_cont_CBZ_20260610,32.830002,,,,,35.669998,30.82,,,,,,-8.2192,pending,,2026-06-22T13:14:54+00:00
trackb_cont_CBZ_20260612,,,,,,35.669998,30.82,,,,,,-9.1927,pending,,2026-06-22T13:14:54+00:00
trackb_cont_CBZ_20260616,,,,,,34.689999,30.82,,,,,,-10.3809,pending,,2026-06-22T13:14:54+00:00
trackb_cont_CBZ_20260617,,,,,,34.41,30.82,,,,,,-10.3809,pending,,2026-06-22T13:14:54+00:00
trackb_cont_CBZ_20260618,,,,,,33.130001,30.82,,,,,,-10.3809,pending,,2026-06-22T13:14:54+00:00
trackb_cont_CBZ_20260619,,,,,,,,,,,,,,pending,,2026-06-22T13:14:54+00:00
trackb_cont_CCI_20260612,,,,,,93.650002,81.82,,,,,,-11.1039,pending,,2026-06-22T13:16:47+00:00
trackb_cont_CCK_20260618,,,,,,103.199997,101.059998,,,,,,-1.5585,pending,,2026-06-22T13:17:41+00:00
trackb_cont_CCK_20260619,,,,,,,,,,,,,,pending,,2026-06-22T13:17:41+00:00
trackb_cont_CCK_20260622,,,,,,,,,,,,,,pending,,2026-06-22T13:17:41+00:00
trackb_cont_CCL_20260603,25.99,29.91,,,,31.6,25.65,,,,,,-6.3356,pending,,2026-06-22T13:14:48+00:00
trackb_cont_CCL_20260604,28.120001,30.870001,,,,31.6,25.65,,,,,,-6.3356,pending,,2026-06-22T13:14:48+00:00
trackb_cont_CCL_20260605,29.18,,,,,31.6,25.65,,,,,,-6.3356,pending,,2026-06-22T13:14:48+00:00
trackb_cont_CCL_20260608,30.120001,,,,,31.6,25.65,,,,,,-6.421,pending,,2026-06-22T13:14:48+00:00
trackb_cont_CCL_20260616,,,,,,31.6,29.860001,,,,,,-0.8303,pending,,2026-06-22T13:14:48+00:00
trackb_cont_CCL_20260617,,,,,,31.6,29.860001,,,,,,-0.8303,pending,,2026-06-22T13:14:48+00:00
trackb_cont_CCL_20260618,,,,,,31.299999,30.68,,,,,,-1.4462,pending,,2026-06-22T13:14:48+00:00
trackb_cont_CCL_20260619,,,,,,,,,,,,,,pending,,2026-06-22T13:14:48+00:00
trackb_cont_CCL_20260622,,,,,,,,,,,,,,pending,,2026-06-22T13:14:48+00:00
trackb_cont_CCO_20260603,2.41,2.4,,,,2.42,2.39,,,,,,-0.6237,pending,,2026-06-22T13:15:22+00:00
trackb_cont_CCO_20260604,2.4,2.41,,,,2.42,2.39,,,,,,-0.6237,pending,,2026-06-22T13:15:22+00:00
trackb_cont_CCO_20260605,2.41,,,,,2.42,2.39,,,,,,-0.6237,pending,,2026-06-22T13:15:22+00:00
trackb_cont_CCO_20260608,2.4,,,,,2.42,2.39,,,,,,-0.4167,pending,,2026-06-22T13:15:22+00:00
trackb_cont_CCO_20260616,,,,,,2.42,2.39,,,,,,-0.2088,pending,,2026-06-22T13:15:22+00:00
trackb_cont_CCO_20260617,,,,,,2.42,2.4,,,,,,0.2088,pending,,2026-06-22T13:15:22+00:00
trackb_cont_CCO_20260618,,,,,,2.41,2.4,,,,,,0.2088,pending,,2026-06-22T13:15:22+00:00
trackb_cont_CCO_20260619,,,,,,,,,,,,,,pending,,2026-06-22T13:15:22+00:00
trackb_cont_CCS_20260608,60.639999,,,,,63.709999,55.099998,,,,,,-0.7922,pending,,2026-06-22T13:15:51+00:00
trackb_cont_CCS_20260616,,,,,,63.709999,59.66,,,,,,-2.1325,pending,,2026-06-22T13:15:51+00:00
trackb_cont_CCS_20260617,,,,,,63.709999,59.66,,,,,,-2.1325,pending,,2026-06-22T13:15:51+00:00
trackb_cont_CCS_20260618,,,,,,63.619999,60.580002,,,,,,1.1521,pending,,2026-06-22T13:15:51+00:00
trackb_cont_CCS_20260619,,,,,,,,,,,,,,pending,,2026-06-22T13:15:51+00:00
trackb_cont_CCS_20260622,,,,,,,,,,,,,,pending,,2026-06-22T13:15:51+00:00
trackb_cont_CDNS_20260603,385.130005,389.600006,,,,415.829987,373.540009,,,,,,-6.9778,pending,,2026-06-22T13:13:47+00:00
trackb_cont_CDNS_20260604,383.73999,387.390015,,,,415.829987,373.540009,,,,,,-6.9778,pending,,2026-06-22T13:13:47+00:00
trackb_cont_CDNS_20260605,384.959991,,,,,407.0,373.540009,,,,,,-6.9778,pending,,2026-06-22T13:13:47+00:00
trackb_cont_CDNS_20260608,394.5,,,,,406.670013,375.940002,,,,,,-0.0665,pending,,2026-06-22T13:13:47+00:00
trackb_cont_CDP_20260612,,,,,,34.759998,33.139999,,,,,,-3.3819,pending,,2026-06-22T13:16:46+00:00
trackb_cont_CDP_20260616,,,,,,34.470001,33.139999,,,,,,-2.4146,pending,,2026-06-22T13:16:46+00:00
trackb_cont_CDP_20260617,,,,,,34.07,33.139999,,,,,,-2.4146,pending,,2026-06-22T13:16:46+00:00
trackb_cont_CDW_20260603,129.300003,126.699997,,,,140.770004,124.660004,,,,,,-9.1631,pending,,2026-06-22T13:13:58+00:00
trackb_cont_CDW_20260604,129.130005,128.369995,,,,140.770004,124.660004,,,,,,-9.1631,pending,,2026-06-22T13:13:58+00:00
trackb_cont_CDW_20260605,132.190002,,,,,140.320007,124.660004,,,,,,-9.1631,pending,,2026-06-22T13:13:58+00:00
trackb_cont_CDW_20260608,131.300003,,,,,137.809998,124.660004,,,,,,-6.2989,pending,,2026-06-22T13:13:58+00:00
trackb_cont_CDW_20260616,,,,,,132.990005,124.660004,,,,,,-7.1088,pending,,2026-06-22T13:13:58+00:00
trackb_cont_CDW_20260617,,,,,,132.899994,124.660004,,,,,,-7.1088,pending,,2026-06-22T13:13:58+00:00
trackb_cont_CDW_20260618,,,,,,129.360001,124.660004,,,,,,-1.6101,pending,,2026-06-22T13:13:58+00:00
trackb_cont_CDW_20260619,,,,,,,,,,,,,,pending,,2026-06-22T13:13:58+00:00
trackb_cont_CDZI_20260603,3.9,4.02,,,,4.84,3.77,,,,,,-18.4865,pending,,2026-06-22T13:15:31+00:00
trackb_cont_CDZI_20260604,4.02,4.07,,,,4.66,3.77,,,,,,-18.4865,pending,,2026-06-22T13:15:31+00:00
trackb_cont_CDZI_20260605,3.99,,,,,4.56,3.77,,,,,,-18.4865,pending,,2026-06-22T13:15:31+00:00
trackb_cont_CDZI_20260608,3.86,,,,,4.3,3.77,,,,,,-18.4865,pending,,2026-06-22T13:15:31+00:00
trackb_cont_CECO_20260616,,,,,,99.230003,90.830002,,,,,,-5.5134,pending,,2026-06-22T13:17:21+00:00
trackb_cont_CECO_20260617,,,,,,99.230003,90.830002,,,,,,-5.5134,pending,,2026-06-22T13:17:21+00:00
trackb_cont_CECO_20260622,,,,,,,,,,,,,,pending,,2026-06-22T13:17:21+00:00
trackb_cont_CERT_20260618,,,,,,5.94,5.515,,,,,,-4.3365,pending,,2026-06-22T13:16:14+00:00
trackb_cont_CERT_20260619,,,,,,,,,,,,,,pending,,2026-06-22T13:16:14+00:00
trackb_cont_CERT_20260622,,,,,,,,,,,,,,pending,,2026-06-22T13:16:14+00:00
trackb_cont_CFG_20260611,67.080002,,,,,68.75,65.050003,,,,,,0.1386,pending,,2026-06-22T13:16:31+00:00
trackb_cont_CFG_20260612,,,,,,68.75,66.419998,,,,,,-0.1353,pending,,2026-06-22T13:16:31+00:00
trackb_cont_CFG_20260616,,,,,,68.300003,66.419998,,,,,,-1.3076,pending,,2026-06-22T13:16:31+00:00
trackb_cont_CFG_20260617,,,,,,68.300003,66.419998,,,,,,-1.3076,pending,,2026-06-22T13:16:31+00:00
trackb_cont_CFG_20260618,,,,,,67.760002,66.779999,,,,,,-0.7727,pending,,2026-06-22T13:16:31+00:00
trackb_cont_CFG_20260619,,,,,,,,,,,,,,pending,,2026-06-22T13:16:31+00:00
trackb_cont_CHCT_20260611,17.43,,,,,18.290001,17.275,,,,,,-3.2755,pending,,2026-06-22T13:16:34+00:00
trackb_cont_CHCT_20260612,,,,,,18.110001,17.275,,,,,,-3.3296,pending,,2026-06-22T13:16:34+00:00
trackb_cont_CHCT_20260615,,,,,,18.059999,17.275,,,,,,-4.1875,pending,,2026-06-22T13:16:34+00:00
trackb_cont_CHCT_20260616,,,,,,17.809999,17.275,,,,,,-2.0692,pending,,2026-06-22T13:16:34+00:00
trackb_cont_CHCT_20260617,,,,,,17.799999,17.275,,,,,,-2.0692,pending,,2026-06-22T13:16:34+00:00
trackb_cont_CHCT_20260618,,,,,,17.67,17.290001,,,,,,-1.9841,pending,,2026-06-22T13:16:34+00:00
trackb_cont_CHCT_20260619,,,,,,,,,,,,,,pending,,2026-06-22T13:16:34+00:00
trackb_cont_CHD_20260609,98.419998,,,,,100.120003,94.75,,,,,,-0.6293,pending,,2026-06-22T13:16:11+00:00
trackb_cont_CHD_20260610,97.410004,,,,,100.120003,95.589996,,,,,,0.2517,pending,,2026-06-22T13:16:11+00:00
trackb_cont_CHD_20260611,95.629997,,,,,100.120003,95.589996,,,,,,-2.6479,pending,,2026-06-22T13:16:11+00:00
trackb_cont_CHD_20260612,,,,,,100.120003,95.589996,,,,,,-1.5348,pending,,2026-06-22T13:16:11+00:00
trackb_cont_CHD_20260615,,,,,,100.120003,95.589996,,,,,,-2.2697,pending,,2026-06-22T13:16:11+00:00
trackb_cont_CHD_20260616,,,,,,100.120003,95.589996,,,,,,-3.0628,pending,,2026-06-22T13:16:11+00:00
trackb_cont_CHD_20260617,,,,,,98.739998,95.589996,,,,,,-3.0628,pending,,2026-06-22T13:16:11+00:00
trackb_cont_CHEF_20260609,93.139999,,,,,96.379997,80.760002,,,,,,-0.1731,pending,,2026-06-22T13:16:10+00:00
trackb_cont_CHEF_20260610,92.370003,,,,,96.379997,82.370003,,,,,,1.8171,pending,,2026-06-22T13:16:10+00:00
trackb_cont_CHEF_20260616,,,,,,96.379997,89.910004,,,,,,-4.188,pending,,2026-06-22T13:16:10+00:00
trackb_cont_CHEF_20260617,,,,,,96.379997,89.910004,,,,,,-4.188,pending,,2026-06-22T13:16:10+00:00
trackb_cont_CHEF_20260618,,,,,,96.379997,91.68,,,,,,-2.3018,pending,,2026-06-22T13:16:10+00:00
trackb_cont_CHEF_20260619,,,,,,,,,,,,,,pending,,2026-06-22T13:16:10+00:00
trackb_cont_CHRW_20260603,185.0,185.199997,,,,195.0,177.509995,,,,,,-2.1229,pending,,2026-06-22T13:14:54+00:00
trackb_cont_CHRW_20260604,191.110001,185.039993,,,,195.0,180.360001,,,,,,-0.5514,pending,,2026-06-22T13:14:54+00:00
trackb_cont_CHRW_20260605,193.740005,,,,,195.0,180.360001,,,,,,-0.5514,pending,,2026-06-22T13:14:54+00:00
trackb_cont_CHRW_20260608,190.25,,,,,195.0,180.360001,,,,,,-0.5514,pending,,2026-06-22T13:14:54+00:00
trackb_cont_CHRW_20260610,185.199997,,,,,195.0,182.770004,,,,,,-2.8543,pending,,2026-06-22T13:14:54+00:00
trackb_cont_CHRW_20260611,185.039993,,,,,195.0,182.770004,,,,,,-1.2054,pending,,2026-06-22T13:14:54+00:00
trackb_cont_CHRW_20260616,,,,,,191.029999,182.770004,,,,,,-3.9064,pending,,2026-06-22T13:14:54+00:00
trackb_cont_CHRW_20260617,,,,,,189.399994,182.770004,,,,,,-3.9064,pending,,2026-06-22T13:14:54+00:00
trackb_cont_CHRW_20260618,,,,,,188.440002,182.770004,,,,,,-1.3121,pending,,2026-06-22T13:14:54+00:00
trackb_cont_CHRW_20260619,,,,,,,,,,,,,,pending,,2026-06-22T13:14:54+00:00
trackb_cont_CHRW_20260622,,,,,,,,,,,,,,pending,,2026-06-22T13:14:54+00:00
trackb_cont_CIA_20260603,5.38,5.68,,,,5.89,4.94,,,,,,-4.817,pending,,2026-06-22T13:15:20+00:00
trackb_cont_CIA_20260604,5.5,5.85,,,,5.89,4.94,,,,,,-4.817,pending,,2026-06-22T13:15:20+00:00
trackb_cont_CIA_20260605,5.56,,,,,5.89,5.01,,,,,,-3.4682,pending,,2026-06-22T13:15:20+00:00
trackb_cont_CIA_20260611,5.85,,,,,5.89,5.28,,,,,,-1.8587,pending,,2026-06-22T13:15:20+00:00
trackb_cont_CIA_20260615,,,,,,5.89,5.49,,,,,,-3.5149,pending,,2026-06-22T13:15:20+00:00
trackb_cont_CIEN_20260603,434.649994,436.720001,,,,637.51001,417.339996,,,,,,-33.4593,pending,,2026-06-22T13:13:51+00:00
trackb_cont_CIEN_20260604,445.220001,428.220001,,,,552.390015,417.339996,,,,,,-33.4593,pending,,2026-06-22T13:13:51+00:00
trackb_cont_CIEN_20260605,445.980011,,,,,525.150024,417.339996,,,,,,-33.4593,pending,,2026-06-22T13:13:51+00:00
trackb_cont_CIFR_20260603,21.02,26.35,,,,30.01,20.691999,,,,,,-22.6033,pending,,2026-06-22T13:13:56+00:00
trackb_cont_CIFR_20260604,22.629999,29.18,,,,30.01,20.691999,,,,,,-22.6033,pending,,2026-06-22T13:13:56+00:00
trackb_cont_CIFR_20260605,24.5,,,,,30.01,20.691999,,,,,,-22.6033,pending,,2026-06-22T13:13:56+00:00
trackb_cont_CIFR_20260608,26.030001,,,,,30.01,20.691999,,,,,,-22.6033,pending,,2026-06-22T13:13:56+00:00
trackb_cont_CINF_20260616,,,,,,173.529999,169.649994,,,,,,-0.3319,pending,,2026-06-22T13:17:18+00:00
trackb_cont_CINF_20260617,,,,,,173.529999,169.649994,,,,,,-0.3319,pending,,2026-06-22T13:17:18+00:00
trackb_cont_CINF_20260618,,,,,,172.110001,169.649994,,,,,,-1.0614,pending,,2026-06-22T13:17:18+00:00
trackb_cont_CINF_20260619,,,,,,,,,,,,,,pending,,2026-06-22T13:17:18+00:00
trackb_cont_CINF_20260622,,,,,,,,,,,,,,pending,,2026-06-22T13:17:18+00:00
trackb_cont_CI_20260611,279.269989,,,,,299.269989,279.200012,,,,,,-5.6151,pending,,2026-06-22T13:16:27+00:00
trackb_cont_CI_20260615,,,,,,298.0,279.200012,,,,,,-5.0566,pending,,2026-06-22T13:16:27+00:00
trackb_cont_CI_20260616,,,,,,295.720001,279.200012,,,,,,-4.6627,pending,,2026-06-22T13:16:27+00:00
trackb_cont_CI_20260617,,,,,,291.149994,279.200012,,,,,,-4.6627,pending,,2026-06-22T13:16:27+00:00
trackb_cont_CLAR_20260616,,,,,,3.23,3.02,,,,,,-4.127,pending,,2026-06-22T13:17:17+00:00
trackb_cont_CLAR_20260617,,,,,,3.23,3.02,,,,,,-4.127,pending,,2026-06-22T13:17:17+00:00
trackb_cont_CLAR_20260618,,,,,,3.21,3.1,,,,,,-0.641,pending,,2026-06-22T13:17:17+00:00
trackb_cont_CLAR_20260619,,,,,,,,,,,,,,pending,,2026-06-22T13:17:17+00:00
trackb_cont_CLAR_20260622,,,,,,,,,,,,,,pending,,2026-06-22T13:17:17+00:00
trackb_cont_CLDT_20260603,12.22,12.8,,,,13.48,10.96,,,,,,-1.704,pending,,2026-06-22T13:13:52+00:00
trackb_cont_CLDT_20260604,12.68,13.36,,,,13.48,11.08,,,,,,-0.6278,pending,,2026-06-22T13:13:52+00:00
trackb_cont_CLDT_20260605,12.86,,,,,13.48,11.41,,,,,,2.3318,pending,,2026-06-22T13:13:52+00:00
trackb_cont_CLDT_20260608,12.73,,,,,13.48,11.45,,,,,,2.6906,pending,,2026-06-22T13:13:52+00:00
trackb_cont_CLDT_20260609,13.04,,,,,13.48,11.59,,,,,,0.5204,pending,,2026-06-22T13:13:52+00:00
trackb_cont_CLDT_20260611,13.36,,,,,13.48,12.24,,,,,,0.1637,pending,,2026-06-22T13:13:52+00:00
trackb_cont_CLDT_20260612,,,,,,13.48,12.54,,,,,,-1.1041,pending,,2026-06-22T13:13:52+00:00
trackb_cont_CLDT_20260616,,,,,,13.48,12.75,,,,,,0.1178,pending,,2026-06-22T13:13:52+00:00
trackb_cont_CLDT_20260617,,,,,,13.48,12.79,,,,,,0.4319,pending,,2026-06-22T13:13:52+00:00
trackb_cont_CLDT_20260618,,,,,,13.48,12.96,,,,,,1.25,pending,,2026-06-22T13:13:52+00:00
trackb_cont_CLDT_20260619,,,,,,,,,,,,,,pending,,2026-06-22T13:13:52+00:00
trackb_cont_CLDT_20260622,,,,,,,,,,,,,,pending,,2026-06-22T13:13:52+00:00
trackb_cont_CLF_20260603,12.41,12.68,,,,14.89,12.12,,,,,,-15.1261,pending,,2026-06-22T13:14:10+00:00
trackb_cont_CLF_20260604,13.71,12.28,,,,14.68,12.12,,,,,,-15.1261,pending,,2026-06-22T13:14:10+00:00
trackb_cont_CLF_20260605,13.78,,,,,14.27,12.12,,,,,,-15.1261,pending,,2026-06-22T13:14:10+00:00
trackb_cont_CLF_20260608,13.63,,,,,14.24,12.12,,,,,,-15.1261,pending,,2026-06-22T13:14:10+00:00
trackb_cont_CLF_20260616,,,,,,13.88,12.13,,,,,,-11.0378,pending,,2026-06-22T13:14:10+00:00
trackb_cont_CLF_20260617,,,,,,13.44,12.13,,,,,,-11.0378,pending,,2026-06-22T13:14:10+00:00
trackb_cont_CLMB_20260603,22.959999,22.52,,,,25.120001,21.5,,,,,,-0.3707,pending,,2026-06-22T13:14:39+00:00
trackb_cont_CLMB_20260604,23.200001,22.709999,,,,25.120001,21.77,,,,,,0.8804,pending,,2026-06-22T13:14:39+00:00
trackb_cont_CLMB_20260605,22.639999,,,,,25.120001,21.77,,,,,,0.8804,pending,,2026-06-22T13:14:39+00:00
trackb_cont_CLMB_20260608,23.08,,,,,25.120001,21.77,,,,,,-8.6062,pending,,2026-06-22T13:14:39+00:00
trackb_cont_CLMB_20260609,22.719999,,,,,25.120001,21.77,,,,,,-8.414,pending,,2026-06-22T13:14:39+00:00
trackb_cont_CLMT_20260603,34.650002,33.150002,,,,38.75,31.66,,,,,,-16.1436,pending,,2026-06-22T13:14:23+00:00
trackb_cont_CLMT_20260604,34.919998,32.639999,,,,37.73,31.66,,,,,,-16.1436,pending,,2026-06-22T13:14:23+00:00
trackb_cont_CLMT_20260605,34.419998,,,,,37.130001,31.66,,,,,,-16.1436,pending,,2026-06-22T13:14:23+00:00
trackb_cont_CLMT_20260608,33.41,,,,,36.119999,31.66,,,,,,-16.1436,pending,,2026-06-22T13:14:23+00:00
trackb_cont_CLOV_20260608,4.81,,,,,5.18,3.81,,,,,,-0.5222,pending,,2026-06-22T13:15:56+00:00
trackb_cont_CLOV_20260610,4.8,,,,,5.18,4.5,,,,,,14.7959,pending,,2026-06-22T13:15:56+00:00
trackb_cont_CLOV_20260611,5.0,,,,,5.18,4.5,,,,,,-7.9755,pending,,2026-06-22T13:15:56+00:00
trackb_cont_CLOV_20260612,,,,,,5.06,4.5,,,,,,-8.1633,pending,,2026-06-22T13:15:56+00:00
trackb_cont_CLOV_20260616,,,,,,5.06,4.72,,,,,,-2.3785,pending,,2026-06-22T13:15:56+00:00
trackb_cont_CLOV_20260617,,,,,,5.03,4.72,,,,,,-2.3785,pending,,2026-06-22T13:15:56+00:00
trackb_cont_CLOV_20260618,,,,,,5.03,4.84,,,,,,0.1034,pending,,2026-06-22T13:15:56+00:00
trackb_cont_CLOV_20260619,,,,,,,,,,,,,,pending,,2026-06-22T13:15:56+00:00
trackb_cont_CLOV_20260622,,,,,,,,,,,,,,pending,,2026-06-22T13:15:56+00:00
trackb_cont_CLSK_20260603,14.9,16.780001,,,,18.27,14.061,,,,,,-20.5144,pending,,2026-06-22T13:15:17+00:00
trackb_cont_CLSK_20260604,16.17,17.24,,,,18.1,14.061,,,,,,-20.5144,pending,,2026-06-22T13:15:17+00:00
trackb_cont_CLSK_20260605,16.48,,,,,18.1,14.061,,,,,,-20.5144,pending,,2026-06-22T13:15:17+00:00
trackb_cont_CLSK_20260608,17.139999,,,,,18.1,14.77,,,,,,-16.5065,pending,,2026-06-22T13:15:17+00:00
trackb_cont_CL_20260622,,,,,,,,,,,,,,pending,,2026-06-22T13:17:49+00:00
trackb_cont_CMCO_20260603,12.12,13.98,,,,15.77,11.99,,,,,,-20.9103,pending,,2026-06-22T13:15:04+00:00
trackb_cont_CMCO_20260604,13.36,14.69,,,,15.7,11.99,,,,,,-20.9103,pending,,2026-06-22T13:15:04+00:00
trackb_cont_CMCO_20260605,13.83,,,,,15.7,11.99,,,,,,-20.9103,pending,,2026-06-22T13:15:04+00:00
trackb_cont_CMCO_20260608,15.03,,,,,15.7,11.99,,,,,,-20.9103,pending,,2026-06-22T13:15:04+00:00
trackb_cont_CMC_20260603,73.57,73.220001,,,,79.910004,72.290001,,,,,,-5.8111,pending,,2026-06-22T13:14:48+00:00
trackb_cont_CMC_20260604,77.75,72.360001,,,,79.910004,72.290001,,,,,,-5.8111,pending,,2026-06-22T13:14:48+00:00
trackb_cont_CMC_20260605,77.760002,,,,,79.910004,72.290001,,,,,,-5.8111,pending,,2026-06-22T13:14:48+00:00
trackb_cont_CMC_20260608,77.029999,,,,,79.910004,72.290001,,,,,,-2.5084,pending,,2026-06-22T13:14:48+00:00
trackb_cont_CMC_20260615,,,,,,79.910004,72.290001,,,,,,-9.0978,pending,,2026-06-22T13:14:48+00:00
trackb_cont_CMC_20260616,,,,,,79.25,72.290001,,,,,,-7.0165,pending,,2026-06-22T13:14:48+00:00
trackb_cont_CMC_20260617,,,,,,76.699997,72.290001,,,,,,-7.0165,pending,,2026-06-22T13:14:48+00:00
trackb_cont_CMC_20260618,,,,,,73.790001,72.290001,,,,,,-7.0165,pending,,2026-06-22T13:14:48+00:00
trackb_cont_CMC_20260619,,,,,,,,,,,,,,pending,,2026-06-22T13:14:48+00:00
trackb_cont_CMI_20260622,,,,,,,,,,,,,,pending,,2026-06-22T13:17:49+00:00
trackb_cont_CMP_20260603,28.950001,31.09,,,,33.310001,28.34,,,,,,-14.0691,pending,,2026-06-22T13:14:29+00:00
trackb_cont_CMP_20260604,30.209999,30.58,,,,32.48,28.34,,,,,,-14.0691,pending,,2026-06-22T13:14:29+00:00
trackb_cont_CMP_20260605,31.459999,,,,,32.48,28.34,,,,,,-14.0691,pending,,2026-06-22T13:14:29+00:00
trackb_cont_CMP_20260608,31.08,,,,,32.48,28.34,,,,,,-4.3537,pending,,2026-06-22T13:14:29+00:00
trackb_cont_CNC_20260603,65.339996,60.639999,,,,66.550003,58.23,,,,,,-0.8514,pending,,2026-06-22T13:15:09+00:00
trackb_cont_CNC_20260604,63.540001,61.02,,,,66.550003,59.900002,,,,,,1.9922,pending,,2026-06-22T13:15:09+00:00
trackb_cont_CNC_20260605,65.190002,,,,,66.550003,59.900002,,,,,,1.9922,pending,,2026-06-22T13:15:09+00:00
trackb_cont_CNC_20260608,63.400002,,,,,66.550003,59.900002,,,,,,1.9922,pending,,2026-06-22T13:15:09+00:00
trackb_cont_CNC_20260609,61.389999,,,,,66.550003,59.900002,,,,,,-7.8887,pending,,2026-06-22T13:15:09+00:00
trackb_cont_CNC_20260610,60.639999,,,,,66.519997,59.900002,,,,,,-7.8887,pending,,2026-06-22T13:15:09+00:00
trackb_cont_CNC_20260615,,,,,,65.110001,59.900002,,,,,,-4.2978,pending,,2026-06-22T13:15:09+00:00
trackb_cont_CNC_20260616,,,,,,63.880001,59.900002,,,,,,-6.355,pending,,2026-06-22T13:15:09+00:00
trackb_cont_CNC_20260617,,,,,,62.41,59.900002,,,,,,-6.355,pending,,2026-06-22T13:15:09+00:00
trackb_cont_CNK_20260603,33.049999,33.110001,,,,34.400002,29.530001,,,,,,-1.4352,pending,,2026-06-22T13:14:35+00:00
trackb_cont_CNK_20260604,34.009998,33.759998,,,,34.400002,29.969999,,,,,,0.0334,pending,,2026-06-22T13:14:35+00:00
trackb_cont_CNK_20260605,33.799999,,,,,34.400002,30.860001,,,,,,3.004,pending,,2026-06-22T13:14:35+00:00
trackb_cont_CNK_20260608,32.169998,,,,,34.400002,31.0,,,,,,3.4713,pending,,2026-06-22T13:14:35+00:00
trackb_cont_CNK_20260609,33.02,,,,,34.400002,31.639999,,,,,,0.6041,pending,,2026-06-22T13:14:35+00:00
trackb_cont_CNK_20260610,33.110001,,,,,34.400002,31.92,,,,,,1.4944,pending,,2026-06-22T13:14:35+00:00
trackb_cont_CNK_20260612,,,,,,34.400002,32.049999,,,,,,-5.763,pending,,2026-06-22T13:14:35+00:00
trackb_cont_CNK_20260615,,,,,,34.23,32.049999,,,,,,-2.6428,pending,,2026-06-22T13:14:35+00:00
trackb_cont_CNK_20260616,,,,,,34.23,32.119999,,,,,,-0.3722,pending,,2026-06-22T13:14:35+00:00
trackb_cont_CNK_20260617,,,,,,34.23,32.84,,,,,,1.861,pending,,2026-06-22T13:14:35+00:00
trackb_cont_CNK_20260618,,,,,,34.23,33.009998,,,,,,2.3883,pending,,2026-06-22T13:14:35+00:00
trackb_cont_CNK_20260619,,,,,,,,,,,,,,pending,,2026-06-22T13:14:35+00:00
trackb_cont_CNK_20260622,,,,,,,,,,,,,,pending,,2026-06-22T13:14:35+00:00
trackb_cont_CNM_20260603,49.439999,46.43,,,,53.82,46.195,,,,,,-9.9161,pending,,2026-06-22T13:14:58+00:00
trackb_cont_CNM_20260604,50.060001,48.580002,,,,53.82,46.195,,,,,,-9.9161,pending,,2026-06-22T13:14:58+00:00
trackb_cont_CNM_20260605,48.330002,,,,,53.82,46.195,,,,,,-9.9161,pending,,2026-06-22T13:14:58+00:00
trackb_cont_CNM_20260608,47.610001,,,,,53.82,46.195,,,,,,-11.1122,pending,,2026-06-22T13:14:58+00:00
trackb_cont_CNM_20260609,47.77,,,,,53.82,46.195,,,,,,-11.4699,pending,,2026-06-22T13:14:58+00:00
trackb_cont_CNM_20260611,48.580002,,,,,50.560001,46.195,,,,,,-6.5635,pending,,2026-06-22T13:14:58+00:00
trackb_cont_CNO_20260609,51.049999,,,,,51.77,48.290001,,,,,,0.6251,pending,,2026-06-22T13:16:06+00:00
trackb_cont_CNO_20260610,51.23,,,,,51.77,48.52,,,,,,1.1044,pending,,2026-06-22T13:16:06+00:00
trackb_cont_CNO_20260611,50.830002,,,,,51.77,49.75,,,,,,0.2418,pending,,2026-06-22T13:16:06+00:00
trackb_cont_CNO_20260616,,,,,,51.77,50.560001,,,,,,-0.0593,pending,,2026-06-22T13:16:06+00:00
trackb_cont_CNO_20260617,,,,,,51.77,50.560001,,,,,,-0.0593,pending,,2026-06-22T13:16:06+00:00
trackb_cont_CNO_20260618,,,,,,51.77,50.59,,,,,,0.0,pending,,2026-06-22T13:16:06+00:00
trackb_cont_CNO_20260619,,,,,,,,,,,,,,pending,,2026-06-22T13:16:06+00:00
trackb_cont_CNP_20260609,43.349998,,,,,43.700001,41.799999,,,,,,-0.1195,pending,,2026-06-22T13:16:10+00:00
trackb_cont_CNP_20260612,,,,,,43.700001,42.389999,,,,,,-0.376,pending,,2026-06-22T13:16:10+00:00
trackb_cont_CNP_20260616,,,,,,43.700001,42.389999,,,,,,-1.9431,pending,,2026-06-22T13:16:10+00:00
trackb_cont_CNP_20260617,,,,,,43.57,42.389999,,,,,,-1.9431,pending,,2026-06-22T13:16:10+00:00
trackb_cont_COCO_20260615,,,,,,85.830002,78.199997,,,,,,-2.2746,pending,,2026-06-22T13:17:03+00:00
trackb_cont_COCO_20260616,,,,,,85.830002,81.779999,,,,,,0.7515,pending,,2026-06-22T13:17:03+00:00
trackb_cont_COCO_20260617,,,,,,85.830002,81.779999,,,,,,0.7515,pending,,2026-06-22T13:17:03+00:00
trackb_cont_COCO_20260618,,,,,,85.830002,83.650002,,,,,,3.0553,pending,,2026-06-22T13:17:03+00:00
trackb_cont_COCO_20260619,,,,,,,,,,,,,,pending,,2026-06-22T13:17:03+00:00
trackb_cont_COCO_20260622,,,,,,,,,,,,,,pending,,2026-06-22T13:17:03+00:00
trackb_cont_COF_20260618,,,,,,206.839996,201.210007,,,,,,-1.7697,pending,,2026-06-22T13:17:38+00:00
trackb_cont_COF_20260619,,,,,,,,,,,,,,pending,,2026-06-22T13:17:38+00:00
trackb_cont_COF_20260622,,,,,,,,,,,,,,pending,,2026-06-22T13:17:38+00:00
trackb_cont_COHR_20260603,354.769989,378.850006,,,,440.0,335.480011,,,,,,-19.6773,pending,,2026-06-22T13:14:07+00:00
trackb_cont_COHR_20260604,363.579987,389.570007,,,,432.51001,335.480011,,,,,,-19.6773,pending,,2026-06-22T13:14:07+00:00
trackb_cont_COHR_20260605,385.029999,,,,,424.0,335.480011,,,,,,-19.6773,pending,,2026-06-22T13:14:07+00:00
trackb_cont_COHR_20260608,413.839996,,,,,424.0,335.480011,,,,,,-19.6773,pending,,2026-06-22T13:14:07+00:00
trackb_cont_COHU_20260603,54.470001,65.449997,,,,70.470001,49.380001,,,,,,-12.6018,pending,,2026-06-22T13:14:05+00:00
trackb_cont_COHU_20260604,58.57,69.400002,,,,70.470001,49.380001,,,,,,-12.6018,pending,,2026-06-22T13:14:05+00:00
trackb_cont_COHU_20260605,61.330002,,,,,70.470001,49.380001,,,,,,-12.6018,pending,,2026-06-22T13:14:05+00:00
trackb_cont_COHU_20260608,64.050003,,,,,70.470001,51.110001,,,,,,-9.5398,pending,,2026-06-22T13:14:05+00:00
trackb_cont_COHU_20260616,,,,,,70.470001,62.130001,,,,,,-2.8763,pending,,2026-06-22T13:14:05+00:00
trackb_cont_COHU_20260617,,,,,,70.470001,63.259998,,,,,,-1.1099,pending,,2026-06-22T13:14:05+00:00
trackb_cont_COHU_20260618,,,,,,70.470001,68.0,,,,,,6.2998,pending,,2026-06-22T13:14:05+00:00
trackb_cont_COHU_20260619,,,,,,,,,,,,,,pending,,2026-06-22T13:14:05+00:00
trackb_cont_COKE_20260615,,,,,,188.919998,178.309998,,,,,,-4.6624,pending,,2026-06-22T13:16:04+00:00
trackb_cont_COKE_20260616,,,,,,188.919998,178.309998,,,,,,-2.9183,pending,,2026-06-22T13:16:04+00:00
trackb_cont_COKE_20260617,,,,,,186.190002,178.309998,,,,,,-2.9183,pending,,2026-06-22T13:16:04+00:00
trackb_cont_COKE_20260618,,,,,,185.0,178.309998,,,,,,-2.9024,pending,,2026-06-22T13:16:04+00:00
trackb_cont_COKE_20260619,,,,,,,,,,,,,,pending,,2026-06-22T13:16:04+00:00
trackb_cont_COLB_20260609,30.879999,,,,,31.84,29.77,,,,,,0.3032,pending,,2026-06-22T13:16:11+00:00
trackb_cont_COLB_20260610,30.049999,,,,,31.84,29.77,,,,,,0.3032,pending,,2026-06-22T13:16:11+00:00
trackb_cont_COLB_20260611,30.549999,,,,,31.84,29.77,,,,,,-1.814,pending,,2026-06-22T13:16:11+00:00
trackb_cont_COLB_20260616,,,,,,31.780001,29.77,,,,,,-4.4915,pending,,2026-06-22T13:16:11+00:00
trackb_cont_COLB_20260617,,,,,,31.1,29.77,,,,,,-4.4915,pending,,2026-06-22T13:16:11+00:00
trackb_cont_COLB_20260618,,,,,,30.629999,30.129999,,,,,,-3.3365,pending,,2026-06-22T13:16:11+00:00
trackb_cont_COLB_20260619,,,,,,,,,,,,,,pending,,2026-06-22T13:16:11+00:00
trackb_cont_COLD_20260603,14.36,14.15,,,,15.225,14.01,,,,,,-5.0491,pending,,2026-06-22T13:15:19+00:00
trackb_cont_COLD_20260604,14.67,14.07,,,,15.225,14.01,,,,,,-5.0491,pending,,2026-06-22T13:15:19+00:00
trackb_cont_COLD_20260605,14.46,,,,,15.225,14.01,,,,,,-5.0491,pending,,2026-06-22T13:15:19+00:00
trackb_cont_COLL_20260616,,,,,,34.869999,31.691,,,,,,-7.2278,pending,,2026-06-22T13:17:21+00:00
trackb_cont_COLL_20260617,,,,,,34.665001,31.691,,,,,,-7.2278,pending,,2026-06-22T13:17:21+00:00
trackb_cont_COLL_20260618,,,,,,34.27,33.009998,,,,,,-1.9893,pending,,2026-06-22T13:17:21+00:00
trackb_cont_COLL_20260619,,,,,,,,,,,,,,pending,,2026-06-22T13:17:21+00:00
trackb_cont_COLL_20260622,,,,,,,,,,,,,,pending,,2026-06-22T13:17:21+00:00
trackb_cont_COLM_20260603,64.470001,63.98,,,,69.059998,63.59,,,,,,-3.2263,pending,,2026-06-22T13:14:47+00:00
trackb_cont_COLM_20260604,66.559998,66.459999,,,,69.059998,63.59,,,,,,-3.2263,pending,,2026-06-22T13:14:47+00:00
trackb_cont_COLM_20260605,66.989998,,,,,69.059998,63.59,,,,,,-3.2263,pending,,2026-06-22T13:14:47+00:00
trackb_cont_COLM_20260616,,,,,,67.370003,63.59,,,,,,-6.2025,pending,,2026-06-22T13:14:47+00:00
trackb_cont_COLM_20260617,,,,,,67.190002,63.59,,,,,,-6.2025,pending,,2026-06-22T13:14:47+00:00
trackb_cont_COLM_20260618,,,,,,67.190002,64.970001,,,,,,-4.167,pending,,2026-06-22T13:14:47+00:00
trackb_cont_COLM_20260619,,,,,,,,,,,,,,pending,,2026-06-22T13:14:47+00:00
trackb_cont_COMP_20260615,,,,,,10.115,8.89,,,,,,-2.1572,pending,,2026-06-22T13:17:06+00:00
trackb_cont_COMP_20260616,,,,,,10.115,9.06,,,,,,-0.1653,pending,,2026-06-22T13:17:06+00:00
trackb_cont_COMP_20260617,,,,,,10.115,9.335,,,,,,2.865,pending,,2026-06-22T13:17:06+00:00
trackb_cont_COMP_20260618,,,,,,10.115,9.62,,,,,,6.0055,pending,,2026-06-22T13:17:06+00:00
trackb_cont_COMP_20260619,,,,,,,,,,,,,,pending,,2026-06-22T13:17:06+00:00
trackb_cont_COMP_20260622,,,,,,,,,,,,,,pending,,2026-06-22T13:17:06+00:00
trackb_cont_COO_20260610,65.050003,,,,,68.669998,64.940002,,,,,,-2.7699,pending,,2026-06-22T13:15:49+00:00
trackb_cont_COO_20260612,,,,,,68.650002,64.940002,,,,,,-3.8068,pending,,2026-06-22T13:15:49+00:00
trackb_cont_COO_20260615,,,,,,68.650002,64.940002,,,,,,-4.7801,pending,,2026-06-22T13:15:49+00:00
trackb_cont_COO_20260616,,,,,,68.400002,64.940002,,,,,,-4.1759,pending,,2026-06-22T13:15:49+00:00
trackb_cont_COO_20260617,,,,,,67.220001,64.940002,,,,,,-4.1759,pending,,2026-06-22T13:15:49+00:00
trackb_cont_COO_20260618,,,,,,66.230003,64.970001,,,,,,-0.123,pending,,2026-06-22T13:15:49+00:00
trackb_cont_COO_20260619,,,,,,,,,,,,,,pending,,2026-06-22T13:15:49+00:00
trackb_cont_CORZ_20260603,25.690001,28.379999,,,,30.045,25.18,,,,,,-13.8261,pending,,2026-06-22T13:14:44+00:00
trackb_cont_CORZ_20260604,27.219999,29.16,,,,30.045,25.18,,,,,,-13.8261,pending,,2026-06-22T13:14:44+00:00
trackb_cont_CORZ_20260605,27.6,,,,,30.045,25.18,,,,,,-13.8261,pending,,2026-06-22T13:14:44+00:00
trackb_cont_CORZ_20260608,28.219999,,,,,30.045,25.24,,,,,,-2.3598,pending,,2026-06-22T13:14:44+00:00
trackb_cont_CPB_20260603,22.879999,21.110001,,,,23.24,20.620001,,,,,,-4.4486,pending,,2026-06-22T13:15:23+00:00
trackb_cont_CPB_20260604,22.73,21.15,,,,23.24,20.620001,,,,,,-4.4486,pending,,2026-06-22T13:15:23+00:00
trackb_cont_CPB_20260605,22.809999,,,,,23.24,20.620001,,,,,,-4.4486,pending,,2026-06-22T13:15:23+00:00
trackb_cont_CPB_20260608,22.309999,,,,,23.24,20.620001,,,,,,-4.4486,pending,,2026-06-22T13:15:23+00:00
trackb_cont_CPB_20260616,,,,,,22.5,20.85,,,,,,-7.3951,pending,,2026-06-22T13:15:23+00:00
trackb_cont_CPB_20260617,,,,,,22.030001,20.85,,,,,,-7.3951,pending,,2026-06-22T13:15:23+00:00
trackb_cont_CPNG_20260618,,,,,,18.799999,17.77,,,,,,-5.4032,pending,,2026-06-22T13:16:50+00:00
trackb_cont_CPNG_20260619,,,,,,,,,,,,,,pending,,2026-06-22T13:16:50+00:00
trackb_cont_CPNG_20260622,,,,,,,,,,,,,,pending,,2026-06-22T13:16:50+00:00
trackb_cont_CPT_20260609,112.360001,,,,,116.589996,108.540001,,,,,,-3.9214,pending,,2026-06-22T13:16:06+00:00
trackb_cont_CPT_20260610,109.349998,,,,,116.589996,108.540001,,,,,,-3.9214,pending,,2026-06-22T13:16:06+00:00
trackb_cont_CPT_20260612,,,,,,116.160004,108.540001,,,,,,-5.1555,pending,,2026-06-22T13:16:06+00:00
trackb_cont_CPT_20260615,,,,,,115.480003,108.540001,,,,,,-5.4118,pending,,2026-06-22T13:16:06+00:00
trackb_cont_CPT_20260616,,,,,,114.389999,108.540001,,,,,,-4.8979,pending,,2026-06-22T13:16:06+00:00
trackb_cont_CPT_20260617,,,,,,112.449997,108.540001,,,,,,-4.8979,pending,,2026-06-22T13:16:06+00:00
trackb_cont_CRBG_20260611,29.18,,,,,29.98,27.01,,,,,,-0.6255,pending,,2026-06-22T13:16:34+00:00
trackb_cont_CRBG_20260615,,,,,,29.98,29.059999,,,,,,-0.8022,pending,,2026-06-22T13:16:34+00:00
trackb_cont_CRBG_20260616,,,,,,29.98,29.059999,,,,,,-1.341,pending,,2026-06-22T13:16:34+00:00
trackb_cont_CRBG_20260617,,,,,,29.98,29.059999,,,,,,-1.341,pending,,2026-06-22T13:16:34+00:00
trackb_cont_CRBG_20260618,,,,,,29.85,29.059999,,,,,,-1.341,pending,,2026-06-22T13:16:34+00:00
trackb_cont_CRBG_20260619,,,,,,,,,,,,,,pending,,2026-06-22T13:16:34+00:00
trackb_cont_CRBG_20260622,,,,,,,,,,,,,,pending,,2026-06-22T13:16:34+00:00
trackb_cont_CRH_20260618,,,,,,113.709999,111.169998,,,,,,1.6086,pending,,2026-06-22T13:17:09+00:00
trackb_cont_CRH_20260619,,,,,,,,,,,,,,pending,,2026-06-22T13:17:09+00:00
trackb_cont_CRH_20260622,,,,,,,,,,,,,,pending,,2026-06-22T13:17:09+00:00
trackb_cont_CRI_20260603,39.330002,41.32,,,,43.619999,36.900002,,,,,,-5.9153,pending,,2026-06-22T13:14:51+00:00
trackb_cont_CRI_20260604,41.580002,42.540001,,,,43.619999,36.900002,,,,,,-5.9153,pending,,2026-06-22T13:14:51+00:00
trackb_cont_CRI_20260605,42.790001,,,,,43.619999,37.369999,,,,,,-4.717,pending,,2026-06-22T13:14:51+00:00
trackb_cont_CRI_20260608,41.799999,,,,,43.619999,38.220001,,,,,,-2.5497,pending,,2026-06-22T13:14:51+00:00
trackb_cont_CRI_20260615,,,,,,43.619999,41.060001,,,,,,-4.1393,pending,,2026-06-22T13:14:51+00:00
trackb_cont_CRI_20260616,,,,,,43.619999,41.060001,,,,,,-2.9544,pending,,2026-06-22T13:14:51+00:00
trackb_cont_CRI_20260617,,,,,,43.619999,41.200001,,,,,,-2.6235,pending,,2026-06-22T13:14:51+00:00
trackb_cont_CRI_20260618,,,,,,43.349998,41.91,,,,,,1.4279,pending,,2026-06-22T13:14:51+00:00
trackb_cont_CRI_20260619,,,,,,,,,,,,,,pending,,2026-06-22T13:14:51+00:00
trackb_cont_CRI_20260622,,,,,,,,,,,,,,pending,,2026-06-22T13:14:51+00:00
trackb_cont_CRL_20260608,188.470001,,,,,193.809998,181.460007,,,,,,0.0662,pending,,2026-06-22T13:15:57+00:00
trackb_cont_CRL_20260616,,,,,,191.339996,181.720001,,,,,,-4.4836,pending,,2026-06-22T13:15:57+00:00
trackb_cont_CRL_20260617,,,,,,191.339996,181.720001,,,,,,-4.4836,pending,,2026-06-22T13:15:57+00:00
trackb_cont_CRL_20260618,,,,,,186.179993,181.960007,,,,,,-0.2084,pending,,2026-06-22T13:15:57+00:00
trackb_cont_CRL_20260619,,,,,,,,,,,,,,pending,,2026-06-22T13:15:57+00:00
trackb_cont_CRL_20260622,,,,,,,,,,,,,,pending,,2026-06-22T13:15:57+00:00
trackb_cont_CRM_20260603,170.919998,155.020004,,,,198.089996,149.800003,,,,,,-21.5974,pending,,2026-06-22T13:15:14+00:00
trackb_cont_CRM_20260604,166.449997,151.779999,,,,198.089996,149.800003,,,,,,-21.5974,pending,,2026-06-22T13:15:14+00:00
trackb_cont_CRM_20260605,165.889999,,,,,192.509995,149.800003,,,,,,-21.5974,pending,,2026-06-22T13:15:14+00:00
trackb_cont_CRM_20260608,164.550003,,,,,185.020004,149.800003,,,,,,-21.5974,pending,,2026-06-22T13:15:14+00:00
trackb_cont_CROX_20260603,121.940002,124.529999,,,,129.789993,115.699997,,,,,,-2.593,pending,,2026-06-22T13:14:52+00:00
trackb_cont_CROX_20260604,125.870003,125.050003,,,,129.789993,116.550003,,,,,,-1.8774,pending,,2026-06-22T13:14:52+00:00
trackb_cont_CROX_20260605,124.709999,,,,,129.789993,116.550003,,,,,,-1.8774,pending,,2026-06-22T13:14:52+00:00
trackb_cont_CROX_20260608,126.269997,,,,,129.789993,120.43,,,,,,0.9049,pending,,2026-06-22T13:14:52+00:00
trackb_cont_CROX_20260612,,,,,,129.789993,123.769997,,,,,,-1.6684,pending,,2026-06-22T13:14:52+00:00
trackb_cont_CROX_20260616,,,,,,129.789993,123.940002,,,,,,-4.0391,pending,,2026-06-22T13:14:52+00:00
trackb_cont_CROX_20260617,,,,,,129.789993,123.940002,,,,,,-4.0391,pending,,2026-06-22T13:14:52+00:00
trackb_cont_CROX_20260618,,,,,,127.889999,123.940002,,,,,,-0.4738,pending,,2026-06-22T13:14:52+00:00
trackb_cont_CROX_20260619,,,,,,,,,,,,,,pending,,2026-06-22T13:14:52+00:00
trackb_cont_CROX_20260622,,,,,,,,,,,,,,pending,,2026-06-22T13:14:52+00:00
trackb_cont_CRSR_20260603,8.63,8.48,,,,11.29,8.05,,,,,,-24.6607,pending,,2026-06-22T13:15:19+00:00
trackb_cont_CRSR_20260604,8.95,8.95,,,,10.28,8.05,,,,,,-24.6607,pending,,2026-06-22T13:15:19+00:00
trackb_cont_CRSR_20260605,8.43,,,,,9.69,8.05,,,,,,-24.6607,pending,,2026-06-22T13:15:19+00:00
trackb_cont_CRS_20260603,523.049988,575.469971,,,,593.179993,477.829987,,,,,,-1.7437,pending,,2026-06-22T13:14:18+00:00
trackb_cont_CRS_20260604,562.450012,586.469971,,,,593.179993,477.829987,,,,,,-1.7437,pending,,2026-06-22T13:14:18+00:00
trackb_cont_CRS_20260605,561.48999,,,,,593.179993,480.700012,,,,,,-1.1536,pending,,2026-06-22T13:14:18+00:00
trackb_cont_CRS_20260608,563.599976,,,,,593.179993,483.869995,,,,,,0.0558,pending,,2026-06-22T13:14:18+00:00
trackb_cont_CRS_20260610,575.469971,,,,,593.179993,515.169983,,,,,,3.2219,pending,,2026-06-22T13:14:18+00:00
trackb_cont_CRS_20260612,,,,,,593.179993,553.809998,,,,,,-1.5361,pending,,2026-06-22T13:14:18+00:00
trackb_cont_CRS_20260615,,,,,,593.179993,553.809998,,,,,,-2.036,pending,,2026-06-22T13:14:18+00:00
trackb_cont_CRS_20260616,,,,,,593.179993,556.109985,,,,,,-1.143,pending,,2026-06-22T13:14:18+00:00
trackb_cont_CRS_20260617,,,,,,593.179993,561.530029,,,,,,-0.1795,pending,,2026-06-22T13:14:18+00:00
trackb_cont_CRS_20260618,,,,,,593.179993,574.679993,,,,,,2.1581,pending,,2026-06-22T13:14:18+00:00
trackb_cont_CRS_20260619,,,,,,,,,,,,,,pending,,2026-06-22T13:14:18+00:00
trackb_cont_CRWD_20260603,647.73999,682.960022,,,,767.0,617.73999,,,,,,-17.822,pending,,2026-06-22T13:14:05+00:00
trackb_cont_CRWD_20260604,691.530029,684.859985,,,,720.960022,617.73999,,,,,,-17.822,pending,,2026-06-22T13:14:05+00:00
trackb_cont_CRWD_20260605,682.799988,,,,,706.219971,617.73999,,,,,,-17.822,pending,,2026-06-22T13:14:05+00:00
trackb_cont_CRWD_20260608,692.909973,,,,,702.169983,617.73999,,,,,,-17.822,pending,,2026-06-22T13:14:05+00:00
trackb_cont_CSCO_20260603,118.800003,117.330002,,,,130.369995,116.5,,,,,,-8.9346,pending,,2026-06-22T13:13:46+00:00
trackb_cont_CSCO_20260604,121.830002,119.540001,,,,130.369995,116.5,,,,,,-8.9346,pending,,2026-06-22T13:13:46+00:00
trackb_cont_CSCO_20260605,121.099998,,,,,128.839996,116.5,,,,,,-8.9346,pending,,2026-06-22T13:13:46+00:00
trackb_cont_CSCO_20260608,120.169998,,,,,126.440002,116.5,,,,,,-4.2256,pending,,2026-06-22T13:13:46+00:00
trackb_cont_CSX_20260610,45.57,,,,,48.029999,45.150002,,,,,,-4.1605,pending,,2026-06-22T13:16:18+00:00
trackb_cont_CSX_20260611,45.630001,,,,,48.029999,45.150002,,,,,,-2.7149,pending,,2026-06-22T13:16:18+00:00
trackb_cont_CSX_20260616,,,,,,47.830002,45.150002,,,,,,-4.9173,pending,,2026-06-22T13:16:18+00:00
trackb_cont_CSX_20260617,,,,,,46.959999,45.150002,,,,,,-4.9173,pending,,2026-06-22T13:16:18+00:00
trackb_cont_CSX_20260618,,,,,,46.610001,45.43,,,,,,-4.3277,pending,,2026-06-22T13:16:18+00:00
trackb_cont_CSX_20260619,,,,,,,,,,,,,,pending,,2026-06-22T13:16:18+00:00
trackb_cont_CTAS_20260603,180.399994,169.639999,,,,184.479996,168.380005,,,,,,-2.979,pending,,2026-06-22T13:14:56+00:00
trackb_cont_CTAS_20260604,181.880005,170.850006,,,,184.479996,168.380005,,,,,,-2.979,pending,,2026-06-22T13:14:56+00:00
trackb_cont_CTAS_20260605,176.279999,,,,,184.479996,168.380005,,,,,,-2.979,pending,,2026-06-22T13:14:56+00:00
trackb_cont_CTAS_20260608,174.740005,,,,,184.479996,168.380005,,,,,,-6.3775,pending,,2026-06-22T13:14:56+00:00
trackb_cont_CTAS_20260609,176.710007,,,,,184.479996,168.380005,,,,,,-3.0348,pending,,2026-06-22T13:14:56+00:00
trackb_cont_CTOS_20260611,11.27,,,,,11.36,10.26,,,,,,-0.0974,pending,,2026-06-22T13:16:31+00:00
trackb_cont_CTOS_20260615,,,,,,11.36,10.36,,,,,,-4.7794,pending,,2026-06-22T13:16:31+00:00
trackb_cont_CTOS_20260616,,,,,,11.36,10.43,,,,,,-1.5109,pending,,2026-06-22T13:16:31+00:00
trackb_cont_CTOS_20260617,,,,,,11.36,10.575,,,,,,-0.1416,pending,,2026-06-22T13:16:31+00:00
trackb_cont_CTOS_20260618,,,,,,11.36,10.695,,,,,,-0.3262,pending,,2026-06-22T13:16:31+00:00
trackb_cont_CTOS_20260619,,,,,,,,,,,,,,pending,,2026-06-22T13:16:31+00:00
trackb_cont_CTOS_20260622,,,,,,,,,,,,,,pending,,2026-06-22T13:16:31+00:00
trackb_cont_CTO_20260611,20.6,,,,,21.08,20.459999,,,,,,-2.4786,pending,,2026-06-22T13:16:33+00:00
trackb_cont_CTO_20260616,,,,,,20.950001,20.459999,,,,,,-1.4451,pending,,2026-06-22T13:16:33+00:00
trackb_cont_CTO_20260617,,,,,,20.950001,20.459999,,,,,,-1.4451,pending,,2026-06-22T13:16:33+00:00
trackb_cont_CTO_20260618,,,,,,20.82,20.459999,,,,,,-1.4451,pending,,2026-06-22T13:16:33+00:00
trackb_cont_CTO_20260619,,,,,,,,,,,,,,pending,,2026-06-22T13:16:33+00:00
trackb_cont_CTRN_20260616,,,,,,63.099998,55.040001,,,,,,2.5526,pending,,2026-06-22T13:16:23+00:00
trackb_cont_CTRN_20260617,,,,,,63.099998,55.400002,,,,,,3.2234,pending,,2026-06-22T13:16:23+00:00
trackb_cont_CTRN_20260618,,,,,,63.099998,57.779999,,,,,,7.6579,pending,,2026-06-22T13:16:23+00:00
trackb_cont_CTRN_20260619,,,,,,,,,,,,,,pending,,2026-06-22T13:16:23+00:00
trackb_cont_CTRN_20260622,,,,,,,,,,,,,,pending,,2026-06-22T13:16:23+00:00
trackb_cont_CUBE_20260609,41.200001,,,,,42.619999,39.91,,,,,,-0.6472,pending,,2026-06-22T13:16:11+00:00
trackb_cont_CUBE_20260616,,,,,,41.84,39.91,,,,,,-4.1086,pending,,2026-06-22T13:16:11+00:00
trackb_cont_CUBE_20260617,,,,,,41.040001,39.91,,,,,,-4.1086,pending,,2026-06-22T13:16:11+00:00
trackb_cont_CURB_20260603,29.629999,30.01,,,,30.99,28.57,,,,,,-1.2785,pending,,2026-06-22T13:15:11+00:00
trackb_cont_CURB_20260604,29.870001,29.860001,,,,30.99,28.73,,,,,,-0.7256,pending,,2026-06-22T13:15:11+00:00
trackb_cont_CURB_20260605,30.959999,,,,,30.99,28.73,,,,,,-0.7256,pending,,2026-06-22T13:15:11+00:00
trackb_cont_CURB_20260608,30.450001,,,,,30.99,28.98,,,,,,0.1382,pending,,2026-06-22T13:15:11+00:00
trackb_cont_CURB_20260611,29.860001,,,,,30.99,29.440001,,,,,,-0.6412,pending,,2026-06-22T13:15:11+00:00
trackb_cont_CURB_20260612,,,,,,30.99,29.6,,,,,,-0.9039,pending,,2026-06-22T13:15:11+00:00
trackb_cont_CURB_20260615,,,,,,30.959999,29.6,,,,,,-3.6458,pending,,2026-06-22T13:15:11+00:00
trackb_cont_CURB_20260616,,,,,,30.959999,29.6,,,,,,-2.8553,pending,,2026-06-22T13:15:11+00:00
trackb_cont_CURB_20260617,,,,,,30.77,29.6,,,,,,-2.8553,pending,,2026-06-22T13:15:11+00:00
trackb_cont_CURI_20260603,2.68,2.49,,,,3.28,2.445,,,,,,-19.8361,pending,,2026-06-22T13:14:21+00:00
trackb_cont_CURI_20260604,2.6,2.53,,,,3.28,2.445,,,,,,-19.8361,pending,,2026-06-22T13:14:21+00:00
trackb_cont_CURI_20260605,2.54,,,,,3.05,2.445,,,,,,-19.8361,pending,,2026-06-22T13:14:21+00:00
trackb_cont_CURI_20260608,2.55,,,,,2.99,2.445,,,,,,-19.8361,pending,,2026-06-22T13:14:21+00:00
trackb_cont_CUZ_20260603,29.049999,27.709999,,,,29.73,27.15,,,,,,-0.1104,pending,,2026-06-22T13:13:49+00:00
trackb_cont_CUZ_20260604,28.959999,28.280001,,,,29.73,27.370001,,,,,,0.699,pending,,2026-06-22T13:13:49+00:00
trackb_cont_CUZ_20260605,29.01,,,,,29.73,27.49,,,,,,1.1405,pending,,2026-06-22T13:13:49+00:00
trackb_cont_CUZ_20260608,28.690001,,,,,29.73,27.559999,,,,,,-0.4695,pending,,2026-06-22T13:13:49+00:00
trackb_cont_CUZ_20260609,28.610001,,,,,29.73,27.559999,,,,,,-2.6836,pending,,2026-06-22T13:13:49+00:00
trackb_cont_CUZ_20260610,27.709999,,,,,29.73,27.559999,,,,,,-2.6836,pending,,2026-06-22T13:13:49+00:00
trackb_cont_CUZ_20260612,,,,,,29.35,27.559999,,,,,,-4.8343,pending,,2026-06-22T13:13:49+00:00
trackb_cont_CUZ_20260616,,,,,,29.139999,27.559999,,,,,,-4.0724,pending,,2026-06-22T13:13:49+00:00
trackb_cont_CUZ_20260617,,,,,,28.73,27.559999,,,,,,-4.0724,pending,,2026-06-22T13:13:49+00:00
trackb_cont_CUZ_20260618,,,,,,28.549999,28.040001,,,,,,-2.4017,pending,,2026-06-22T13:13:49+00:00
trackb_cont_CUZ_20260619,,,,,,,,,,,,,,pending,,2026-06-22T13:13:49+00:00
trackb_cont_CVCO_20260603,564.51001,586.049988,,,,618.0,531.840027,,,,,,-1.1192,pending,,2026-06-22T13:14:34+00:00
trackb_cont_CVCO_20260604,598.950012,601.51001,,,,618.0,539.359985,,,,,,0.2789,pending,,2026-06-22T13:14:34+00:00
trackb_cont_CVCO_20260605,592.76001,,,,,618.0,545.98999,,,,,,1.5115,pending,,2026-06-22T13:14:34+00:00
trackb_cont_CVCO_20260608,592.47998,,,,,618.0,547.390015,,,,,,-0.4583,pending,,2026-06-22T13:14:34+00:00
trackb_cont_CVCO_20260609,604.469971,,,,,618.0,562.940002,,,,,,-0.0036,pending,,2026-06-22T13:14:34+00:00
trackb_cont_CVCO_20260610,586.049988,,,,,618.0,564.049988,,,,,,0.1936,pending,,2026-06-22T13:14:34+00:00
trackb_cont_CVCO_20260611,601.51001,,,,,618.0,565.609985,,,,,,0.1949,pending,,2026-06-22T13:14:34+00:00
trackb_cont_CVCO_20260612,,,,,,618.0,580.130005,,,,,,-3.1422,pending,,2026-06-22T13:14:34+00:00
trackb_cont_CVCO_20260615,,,,,,618.0,580.130005,,,,,,-4.2137,pending,,2026-06-22T13:14:34+00:00
trackb_cont_CVCO_20260616,,,,,,618.0,580.130005,,,,,,-2.0555,pending,,2026-06-22T13:14:34+00:00
trackb_cont_CVCO_20260617,,,,,,618.0,580.130005,,,,,,-2.0555,pending,,2026-06-22T13:14:34+00:00
trackb_cont_CVCO_20260618,,,,,,610.780029,596.0,,,,,,1.6978,pending,,2026-06-22T13:14:34+00:00
trackb_cont_CVCO_20260619,,,,,,,,,,,,,,pending,,2026-06-22T13:14:34+00:00
trackb_cont_CVCO_20260622,,,,,,,,,,,,,,pending,,2026-06-22T13:14:34+00:00
trackb_cont_CVI_20260603,31.15,27.68,,,,36.43,26.530001,,,,,,-26.3056,pending,,2026-06-22T13:14:07+00:00
trackb_cont_CVI_20260604,30.389999,27.4,,,,34.490002,26.530001,,,,,,-26.3056,pending,,2026-06-22T13:14:07+00:00
trackb_cont_CVI_20260605,30.67,,,,,34.330002,26.530001,,,,,,-26.3056,pending,,2026-06-22T13:14:07+00:00
trackb_cont_CVLG_20260603,43.779999,42.27,,,,47.080002,41.310001,,,,,,-1.7804,pending,,2026-06-22T13:13:48+00:00
trackb_cont_CVLG_20260604,46.32,42.630001,,,,47.080002,42.0,,,,,,-0.1398,pending,,2026-06-22T13:13:48+00:00
trackb_cont_CVLG_20260605,45.450001,,,,,47.080002,42.0,,,,,,-0.1398,pending,,2026-06-22T13:13:48+00:00
trackb_cont_CVLG_20260608,44.810001,,,,,47.080002,42.0,,,,,,-0.1398,pending,,2026-06-22T13:13:48+00:00
trackb_cont_CVLG_20260609,44.189999,,,,,47.080002,42.0,,,,,,-5.6816,pending,,2026-06-22T13:13:48+00:00
trackb_cont_CVLG_20260610,42.27,,,,,47.080002,42.0,,,,,,-5.6816,pending,,2026-06-22T13:13:48+00:00
trackb_cont_CVLG_20260612,,,,,,47.080002,42.0,,,,,,-9.3264,pending,,2026-06-22T13:13:48+00:00
trackb_cont_CVLG_20260616,,,,,,45.360001,42.0,,,,,,-5.4586,pending,,2026-06-22T13:13:48+00:00
trackb_cont_CVLG_20260617,,,,,,44.02,42.0,,,,,,-5.4586,pending,,2026-06-22T13:13:48+00:00
trackb_cont_CVLG_20260618,,,,,,43.279999,42.27,,,,,,0.0,pending,,2026-06-22T13:13:48+00:00
trackb_cont_CVLG_20260619,,,,,,,,,,,,,,pending,,2026-06-22T13:13:48+00:00
trackb_cont_CVLG_20260622,,,,,,,,,,,,,,pending,,2026-06-22T13:13:48+00:00
trackb_cont_CVSA_20260615,,,,,,127.160004,115.18,,,,,,-6.865,pending,,2026-06-22T13:17:07+00:00
trackb_cont_CVSA_20260616,,,,,,119.419998,115.18,,,,,,-6.684,pending,,2026-06-22T13:17:07+00:00
trackb_cont_CVSA_20260617,,,,,,119.419998,115.5,,,,,,-6.4247,pending,,2026-06-22T13:17:07+00:00
trackb_cont_CVS_20260609,100.720001,,,,,102.769997,95.919998,,,,,,-1.1949,pending,,2026-06-22T13:16:05+00:00
trackb_cont_CVS_20260615,,,,,,101.379997,97.839996,,,,,,-1.5942,pending,,2026-06-22T13:16:05+00:00
trackb_cont_CVS_20260616,,,,,,101.0,97.839996,,,,,,-3.0471,pending,,2026-06-22T13:16:05+00:00
trackb_cont_CVS_20260617,,,,,,100.769997,97.839996,,,,,,-3.0471,pending,,2026-06-22T13:16:05+00:00
trackb_cont_CVS_20260618,,,,,,99.220001,97.839996,,,,,,-1.1468,pending,,2026-06-22T13:16:05+00:00
trackb_cont_CVS_20260619,,,,,,,,,,,,,,pending,,2026-06-22T13:16:05+00:00
trackb_cont_CVS_20260622,,,,,,,,,,,,,,pending,,2026-06-22T13:16:05+00:00
trackb_cont_CWEN_20260603,37.400002,36.77,,,,41.459999,36.700001,,,,,,-11.0087,pending,,2026-06-22T13:14:16+00:00
trackb_cont_CWEN_20260604,37.689999,37.419998,,,,40.93,36.700001,,,,,,-11.0087,pending,,2026-06-22T13:14:16+00:00
trackb_cont_CWEN_20260605,37.470001,,,,,40.639999,36.700001,,,,,,-11.0087,pending,,2026-06-22T13:14:16+00:00
trackb_cont_CWEN_20260608,38.610001,,,,,40.639999,36.700001,,,,,,-7.6497,pending,,2026-06-22T13:14:16+00:00
trackb_cont_CWH_20260615,,,,,,8.63,7.2,,,,,,-15.0443,pending,,2026-06-22T13:16:00+00:00
trackb_cont_CWH_20260616,,,,,,8.01,7.2,,,,,,-9.377,pending,,2026-06-22T13:16:00+00:00
trackb_cont_CWH_20260617,,,,,,7.89,7.2,,,,,,-9.377,pending,,2026-06-22T13:16:00+00:00
trackb_cont_CWST_20260611,86.980003,,,,,91.660004,85.0,,,,,,-6.6242,pending,,2026-06-22T13:16:36+00:00
trackb_cont_CWST_20260612,,,,,,91.019997,85.0,,,,,,-5.303,pending,,2026-06-22T13:16:36+00:00
trackb_cont_CWST_20260616,,,,,,89.059998,85.0,,,,,,-3.7264,pending,,2026-06-22T13:16:36+00:00
trackb_cont_CWST_20260617,,,,,,87.769997,85.0,,,,,,-3.7264,pending,,2026-06-22T13:16:36+00:00
trackb_cont_CWST_20260618,,,,,,87.769997,85.260002,,,,,,-3.4319,pending,,2026-06-22T13:16:36+00:00
trackb_cont_CWST_20260619,,,,,,,,,,,,,,pending,,2026-06-22T13:16:36+00:00
trackb_cont_CWT_20260603,46.07,45.0,,,,47.360001,44.59,,,,,,-1.1363,pending,,2026-06-22T13:14:31+00:00
trackb_cont_CWT_20260604,45.349998,45.200001,,,,47.360001,44.740002,,,,,,-0.8037,pending,,2026-06-22T13:14:31+00:00
trackb_cont_CWT_20260605,45.57,,,,,47.360001,44.740002,,,,,,-0.8037,pending,,2026-06-22T13:14:31+00:00
trackb_cont_CWT_20260608,45.369999,,,,,47.360001,44.740002,,,,,,-2.357,pending,,2026-06-22T13:14:31+00:00
trackb_cont_CWT_20260609,45.450001,,,,,47.360001,44.740002,,,,,,-0.8642,pending,,2026-06-22T13:14:31+00:00
trackb_cont_CWT_20260610,45.0,,,,,47.360001,44.740002,,,,,,-0.8642,pending,,2026-06-22T13:14:31+00:00
trackb_cont_CXW_20260603,26.450001,28.17,,,,28.959999,21.129999,,,,,,-1.9717,pending,,2026-06-22T13:15:36+00:00
trackb_cont_CXW_20260604,26.85,28.9,,,,28.959999,21.85,,,,,,1.3686,pending,,2026-06-22T13:15:36+00:00
trackb_cont_CXW_20260605,27.1,,,,,28.959999,22.74,,,,,,5.4976,pending,,2026-06-22T13:15:36+00:00
trackb_cont_CXW_20260608,27.77,,,,,28.959999,23.0,,,,,,6.7038,pending,,2026-06-22T13:15:36+00:00
trackb_cont_CXW_20260609,27.879999,,,,,28.959999,24.559999,,,,,,-0.6473,pending,,2026-06-22T13:15:36+00:00
trackb_cont_CXW_20260611,28.9,,,,,28.959999,26.290001,,,,,,-0.6049,pending,,2026-06-22T13:15:36+00:00
trackb_cont_CXW_20260616,,,,,,28.959999,26.870001,,,,,,-1.1405,pending,,2026-06-22T13:15:36+00:00
trackb_cont_CXW_20260617,,,,,,28.959999,27.459999,,,,,,1.0302,pending,,2026-06-22T13:15:36+00:00
trackb_cont_CXW_20260618,,,,,,28.959999,27.91,,,,,,2.6858,pending,,2026-06-22T13:15:36+00:00
trackb_cont_CXW_20260619,,,,,,,,,,,,,,pending,,2026-06-22T13:15:36+00:00
trackb_cont_CYRX_20260603,14.77,14.57,,,,16.73,14.29,,,,,,-12.7595,pending,,2026-06-22T13:14:27+00:00
trackb_cont_CYRX_20260604,14.38,15.01,,,,16.73,14.29,,,,,,-12.7595,pending,,2026-06-22T13:14:27+00:00
trackb_cont_CYRX_20260605,14.62,,,,,16.1,14.29,,,,,,-12.7595,pending,,2026-06-22T13:14:27+00:00
trackb_cont_CYRX_20260608,14.83,,,,,16.0,14.29,,,,,,-12.7595,pending,,2026-06-22T13:14:27+00:00
trackb_cont_CYRX_20260610,14.57,,,,,15.41,14.29,,,,,,-7.6873,pending,,2026-06-22T13:14:27+00:00
trackb_cont_CZR_20260603,29.469999,29.209999,,,,29.575001,29.110001,,,,,,-0.4616,pending,,2026-06-22T13:13:50+00:00
trackb_cont_CZR_20260604,29.51,29.219999,,,,29.575001,29.110001,,,,,,-0.4616,pending,,2026-06-22T13:13:50+00:00
trackb_cont_CZR_20260605,29.49,,,,,29.575001,29.110001,,,,,,-0.4616,pending,,2026-06-22T13:13:50+00:00
trackb_cont_CZR_20260608,29.5,,,,,29.575001,29.18,,,,,,-0.0685,pending,,2026-06-22T13:13:50+00:00
trackb_cont_CZR_20260611,29.219999,,,,,29.575001,29.18,,,,,,-0.9841,pending,,2026-06-22T13:13:50+00:00
trackb_cont_CZR_20260616,,,,,,29.52,29.18,,,,,,-0.6131,pending,,2026-06-22T13:13:50+00:00
trackb_cont_CZR_20260617,,,,,,29.440001,29.18,,,,,,-0.6131,pending,,2026-06-22T13:13:50+00:00
trackb_cont_CZR_20260618,,,,,,29.4,29.200001,,,,,,-0.545,pending,,2026-06-22T13:13:50+00:00
trackb_cont_CZR_20260619,,,,,,,,,,,,,,pending,,2026-06-22T13:13:50+00:00
trackb_cont_C_20260603,133.380005,143.779999,,,,147.960007,128.270004,,,,,,-0.6814,pending,,2026-06-22T13:14:24+00:00
trackb_cont_C_20260604,138.070007,143.059998,,,,147.960007,130.869995,,,,,,1.3318,pending,,2026-06-22T13:14:24+00:00
trackb_cont_C_20260605,139.830002,,,,,147.960007,131.190002,,,,,,1.5796,pending,,2026-06-22T13:14:24+00:00
trackb_cont_C_20260608,141.210007,,,,,147.960007,131.919998,,,,,,-0.4152,pending,,2026-06-22T13:14:24+00:00
trackb_cont_C_20260611,143.059998,,,,,147.960007,133.809998,,,,,,0.3224,pending,,2026-06-22T13:14:24+00:00
trackb_cont_C_20260612,,,,,,147.960007,138.210007,,,,,,0.1014,pending,,2026-06-22T13:14:24+00:00
trackb_cont_C_20260616,,,,,,147.960007,141.050003,,,,,,-0.669,pending,,2026-06-22T13:14:24+00:00
trackb_cont_C_20260617,,,,,,147.960007,143.039993,,,,,,0.7324,pending,,2026-06-22T13:14:24+00:00
trackb_cont_C_20260618,,,,,,147.960007,143.039993,,,,,,-2.6906,pending,,2026-06-22T13:14:24+00:00
trackb_cont_C_20260619,,,,,,,,,,,,,,pending,,2026-06-22T13:14:24+00:00
trackb_cont_C_20260622,,,,,,,,,,,,,,pending,,2026-06-22T13:14:24+00:00
trackb_cont_DAL_20260603,76.470001,82.25,,,,87.389999,76.400002,,,,,,-3.3401,pending,,2026-06-22T13:15:18+00:00
trackb_cont_DAL_20260604,81.830002,84.18,,,,87.389999,76.400002,,,,,,-3.3401,pending,,2026-06-22T13:15:18+00:00
trackb_cont_DAL_20260605,83.059998,,,,,87.389999,76.400002,,,,,,-3.3401,pending,,2026-06-22T13:15:18+00:00
trackb_cont_DAL_20260608,84.07,,,,,87.389999,76.400002,,,,,,-3.3401,pending,,2026-06-22T13:15:18+00:00
trackb_cont_DAL_20260616,,,,,,85.730003,81.900002,,,,,,-3.0884,pending,,2026-06-22T13:15:18+00:00
trackb_cont_DAL_20260617,,,,,,85.040001,81.900002,,,,,,-3.0884,pending,,2026-06-22T13:15:18+00:00
trackb_cont_DAL_20260618,,,,,,85.040001,83.669998,,,,,,-0.994,pending,,2026-06-22T13:15:18+00:00
trackb_cont_DAL_20260619,,,,,,,,,,,,,,pending,,2026-06-22T13:15:18+00:00
trackb_cont_DAL_20260622,,,,,,,,,,,,,,pending,,2026-06-22T13:15:18+00:00
trackb_cont_DAN_20260603,35.470001,28.41,,,,37.540001,27.870001,,,,,,-25.2414,pending,,2026-06-22T13:14:17+00:00
trackb_cont_DAN_20260604,30.110001,29.18,,,,37.490002,27.870001,,,,,,-25.2414,pending,,2026-06-22T13:14:17+00:00
trackb_cont_DAN_20260605,30.809999,,,,,37.490002,27.870001,,,,,,-25.2414,pending,,2026-06-22T13:14:17+00:00
trackb_cont_DAN_20260608,29.48,,,,,37.490002,27.870001,,,,,,-25.2414,pending,,2026-06-22T13:14:17+00:00
trackb_cont_DASH_20260622,,,,,,,,,,,,,,pending,,2026-06-22T13:17:50+00:00
trackb_cont_DBI_20260603,7.0,6.22,,,,9.17,6.2,,,,,,-27.907,pending,,2026-06-22T13:13:49+00:00
trackb_cont_DBI_20260604,6.56,6.32,,,,9.17,6.2,,,,,,-27.907,pending,,2026-06-22T13:13:49+00:00
trackb_cont_DBI_20260605,6.88,,,,,9.02,6.2,,,,,,-27.907,pending,,2026-06-22T13:13:49+00:00
trackb_cont_DBI_20260608,6.91,,,,,9.01,6.2,,,,,,-27.907,pending,,2026-06-22T13:13:49+00:00
trackb_cont_DDD_20260603,2.89,3.45,,,,3.88,2.78,,,,,,-25.8667,pending,,2026-06-22T13:14:40+00:00
trackb_cont_DDD_20260604,3.02,3.57,,,,3.67,2.78,,,,,,-25.8667,pending,,2026-06-22T13:14:40+00:00
trackb_cont_DDD_20260605,3.01,,,,,3.67,2.78,,,,,,-25.8667,pending,,2026-06-22T13:14:40+00:00
trackb_cont_DDD_20260608,3.02,,,,,3.67,2.78,,,,,,-25.8667,pending,,2026-06-22T13:14:40+00:00
trackb_cont_DDOG_20260603,227.630005,226.630005,,,,262.200012,215.300003,,,,,,-12.6182,pending,,2026-06-22T13:14:14+00:00
trackb_cont_DDOG_20260604,234.240005,223.0,,,,251.399994,215.300003,,,,,,-12.6182,pending,,2026-06-22T13:14:14+00:00
trackb_cont_DDOG_20260605,229.899994,,,,,241.610001,215.300003,,,,,,-12.6182,pending,,2026-06-22T13:14:14+00:00
trackb_cont_DDOG_20260608,233.089996,,,,,240.789993,215.300003,,,,,,-12.6182,pending,,2026-06-22T13:14:14+00:00
trackb_cont_DEA_20260603,23.879999,22.99,,,,24.5,22.905001,,,,,,-3.2728,pending,,2026-06-22T13:15:35+00:00
trackb_cont_DEA_20260604,23.92,23.16,,,,24.5,22.905001,,,,,,-3.2728,pending,,2026-06-22T13:15:35+00:00
trackb_cont_DEA_20260605,24.040001,,,,,24.5,22.905001,,,,,,-3.2728,pending,,2026-06-22T13:15:35+00:00
trackb_cont_DEA_20260609,23.860001,,,,,24.5,22.905001,,,,,,-4.2033,pending,,2026-06-22T13:15:35+00:00
trackb_cont_DEA_20260611,23.16,,,,,24.174999,22.905001,,,,,,-4.0829,pending,,2026-06-22T13:15:35+00:00
trackb_cont_DEA_20260616,,,,,,24.16,22.905001,,,,,,-3.8009,pending,,2026-06-22T13:15:35+00:00
trackb_cont_DEA_20260617,,,,,,23.780001,22.905001,,,,,,-3.8009,pending,,2026-06-22T13:15:35+00:00
trackb_cont_DECK_20260603,111.18,105.720001,,,,116.5,105.129997,,,,,,-1.5683,pending,,2026-06-22T13:15:11+00:00
trackb_cont_DECK_20260604,114.370003,109.110001,,,,116.5,105.550003,,,,,,-1.175,pending,,2026-06-22T13:15:11+00:00
trackb_cont_DECK_20260605,113.830002,,,,,116.5,105.550003,,,,,,-1.175,pending,,2026-06-22T13:15:11+00:00
trackb_cont_DECK_20260608,112.5,,,,,116.5,105.550003,,,,,,-2.386,pending,,2026-06-22T13:15:11+00:00
trackb_cont_DECK_20260612,,,,,,116.5,105.550003,,,,,,-7.7118,pending,,2026-06-22T13:15:11+00:00
trackb_cont_DECK_20260616,,,,,,114.82,105.550003,,,,,,-7.3066,pending,,2026-06-22T13:15:11+00:00
trackb_cont_DECK_20260617,,,,,,111.919998,105.550003,,,,,,-7.3066,pending,,2026-06-22T13:15:11+00:00
trackb_cont_DECK_20260618,,,,,,110.589996,107.400002,,,,,,-5.6819,pending,,2026-06-22T13:15:11+00:00
trackb_cont_DECK_20260619,,,,,,,,,,,,,,pending,,2026-06-22T13:15:11+00:00
trackb_cont_DEI_20260608,12.22,,,,,12.82,11.52,,,,,,-5.5738,pending,,2026-06-22T13:15:58+00:00
trackb_cont_DEI_20260611,11.71,,,,,12.67,11.52,,,,,,-7.2464,pending,,2026-06-22T13:15:58+00:00
trackb_cont_DELL_20260603,369.829987,419.320007,,,,436.0,357.070007,,,,,,-13.9943,pending,,2026-06-22T13:14:40+00:00
trackb_cont_DELL_20260604,391.450012,409.5,,,,436.0,357.070007,,,,,,-13.9943,pending,,2026-06-22T13:14:40+00:00
trackb_cont_DELL_20260605,395.570007,,,,,436.0,357.070007,,,,,,-13.9943,pending,,2026-06-22T13:14:40+00:00
trackb_cont_DELL_20260608,409.070007,,,,,436.0,357.070007,,,,,,-13.9943,pending,,2026-06-22T13:14:40+00:00
trackb_cont_DELL_20260622,,,,,,,,,,,,,,pending,,2026-06-22T13:14:40+00:00
trackb_cont_DEVS_20260603,0.295,0.23,,,,0.919,0.19,,,,,,-76.1366,pending,,2026-06-22T13:14:56+00:00
trackb_cont_DEVS_20260604,0.277,0.23,,,,0.897,0.19,,,,,,-76.1366,pending,,2026-06-22T13:14:56+00:00
trackb_cont_DEVS_20260605,0.26,,,,,0.897,0.19,,,,,,-76.1366,pending,,2026-06-22T13:14:56+00:00
trackb_cont_DEVS_20260608,0.266,,,,,0.897,0.19,,,,,,-76.1366,pending,,2026-06-22T13:14:56+00:00
trackb_cont_DE_20260603,560.049988,588.469971,,,,604.51001,556.619995,,,,,,-5.6064,pending,,2026-06-22T13:14:59+00:00
trackb_cont_DE_20260604,568.640015,589.23999,,,,604.51001,556.619995,,,,,,-5.6064,pending,,2026-06-22T13:14:59+00:00
trackb_cont_DE_20260605,577.47998,,,,,598.47998,556.619995,,,,,,-5.6064,pending,,2026-06-22T13:14:59+00:00
trackb_cont_DE_20260608,575.469971,,,,,598.47998,556.619995,,,,,,-5.6064,pending,,2026-06-22T13:14:59+00:00
trackb_cont_DE_20260609,585.289978,,,,,598.47998,556.619995,,,,,,-2.9704,pending,,2026-06-22T13:14:59+00:00
trackb_cont_DE_20260618,,,,,,598.210022,587.840027,,,,,,-1.2863,pending,,2026-06-22T13:14:59+00:00
trackb_cont_DE_20260619,,,,,,,,,,,,,,pending,,2026-06-22T13:14:59+00:00
trackb_cont_DE_20260622,,,,,,,,,,,,,,pending,,2026-06-22T13:14:59+00:00
trackb_cont_DFH_20260603,14.43,14.52,,,,16.139999,14.08,,,,,,-1.7446,pending,,2026-06-22T13:15:32+00:00
trackb_cont_DFH_20260604,15.12,15.6,,,,16.139999,14.08,,,,,,-1.7446,pending,,2026-06-22T13:15:32+00:00
trackb_cont_DFH_20260605,15.05,,,,,16.139999,14.08,,,,,,-1.7446,pending,,2026-06-22T13:15:32+00:00
trackb_cont_DFH_20260616,,,,,,15.9,14.29,,,,,,-6.172,pending,,2026-06-22T13:15:32+00:00
trackb_cont_DFH_20260617,,,,,,15.9,14.29,,,,,,-6.172,pending,,2026-06-22T13:15:32+00:00
trackb_cont_DFH_20260618,,,,,,15.9,14.65,,,,,,-3.8083,pending,,2026-06-22T13:15:32+00:00
trackb_cont_DFH_20260619,,,,,,,,,,,,,,pending,,2026-06-22T13:15:32+00:00
trackb_cont_DGII_20260603,64.370003,67.379997,,,,70.300003,63.150002,,,,,,-6.769,pending,,2026-06-22T13:14:15+00:00
trackb_cont_DGII_20260604,68.330002,69.059998,,,,70.209999,63.150002,,,,,,-6.769,pending,,2026-06-22T13:14:15+00:00
trackb_cont_DGII_20260605,68.68,,,,,70.209999,63.150002,,,,,,-6.769,pending,,2026-06-22T13:14:15+00:00
trackb_cont_DGII_20260608,68.959999,,,,,70.209999,63.150002,,,,,,-4.2456,pending,,2026-06-22T13:14:15+00:00
trackb_cont_DGII_20260616,,,,,,69.779999,67.239998,,,,,,-2.9236,pending,,2026-06-22T13:14:15+00:00
trackb_cont_DGII_20260617,,,,,,69.779999,67.239998,,,,,,-2.9236,pending,,2026-06-22T13:14:15+00:00
trackb_cont_DGII_20260618,,,,,,69.779999,68.019997,,,,,,0.9498,pending,,2026-06-22T13:14:15+00:00
trackb_cont_DGII_20260619,,,,,,,,,,,,,,pending,,2026-06-22T13:14:15+00:00
trackb_cont_DGXX_20260603,5.99,6.69,,,,8.52,5.61,,,,,,-27.0481,pending,,2026-06-22T13:15:36+00:00
trackb_cont_DGXX_20260604,6.5,6.75,,,,8.0,5.61,,,,,,-27.0481,pending,,2026-06-22T13:15:36+00:00
trackb_cont_DGXX_20260605,6.24,,,,,7.65,5.61,,,,,,-27.0481,pending,,2026-06-22T13:15:36+00:00
trackb_cont_DGX_20260611,195.0,,,,,207.5,192.830002,,,,,,-5.3734,pending,,2026-06-22T13:15:43+00:00
trackb_cont_DGX_20260612,,,,,,205.960007,192.830002,,,,,,-5.3967,pending,,2026-06-22T13:15:43+00:00
trackb_cont_DGX_20260616,,,,,,204.699997,192.830002,,,,,,-4.2647,pending,,2026-06-22T13:15:43+00:00
trackb_cont_DGX_20260617,,,,,,201.039993,192.830002,,,,,,-4.2647,pending,,2026-06-22T13:15:43+00:00
trackb_cont_DGX_20260618,,,,,,197.440002,192.830002,,,,,,-4.2647,pending,,2026-06-22T13:15:43+00:00
trackb_cont_DGX_20260619,,,,,,,,,,,,,,pending,,2026-06-22T13:15:43+00:00
trackb_cont_DG_20260615,,,,,,119.199997,107.910004,,,,,,-9.1972,pending,,2026-06-22T13:17:02+00:00
trackb_cont_DG_20260616,,,,,,117.599998,107.910004,,,,,,-7.9973,pending,,2026-06-22T13:17:02+00:00
trackb_cont_DG_20260617,,,,,,113.809998,107.910004,,,,,,-7.9973,pending,,2026-06-22T13:17:02+00:00
trackb_cont_DG_20260618,,,,,,113.809998,108.949997,,,,,,0.2392,pending,,2026-06-22T13:17:02+00:00
trackb_cont_DG_20260619,,,,,,,,,,,,,,pending,,2026-06-22T13:17:02+00:00
trackb_cont_DG_20260622,,,,,,,,,,,,,,pending,,2026-06-22T13:17:02+00:00
trackb_cont_DHC_20260612,,,,,,9.09,8.27,,,,,,-6.0227,pending,,2026-06-22T13:16:49+00:00
trackb_cont_DHC_20260616,,,,,,9.07,8.27,,,,,,-6.0761,pending,,2026-06-22T13:16:49+00:00
trackb_cont_DHC_20260617,,,,,,9.07,8.27,,,,,,-6.0761,pending,,2026-06-22T13:16:49+00:00
trackb_cont_DHC_20260618,,,,,,9.07,8.27,,,,,,-6.0761,pending,,2026-06-22T13:16:49+00:00
trackb_cont_DHC_20260619,,,,,,,,,,,,,,pending,,2026-06-22T13:16:49+00:00
trackb_cont_DHI_20260603,146.710007,152.479996,,,,161.559998,143.630005,,,,,,-0.9448,pending,,2026-06-22T13:15:18+00:00
trackb_cont_DHI_20260604,154.429993,157.809998,,,,161.559998,143.630005,,,,,,-0.9448,pending,,2026-06-22T13:15:18+00:00
trackb_cont_DHI_20260605,154.089996,,,,,161.559998,143.630005,,,,,,-0.9448,pending,,2026-06-22T13:15:18+00:00
trackb_cont_DHI_20260608,155.089996,,,,,161.559998,143.630005,,,,,,-0.9448,pending,,2026-06-22T13:15:18+00:00
trackb_cont_DHI_20260611,157.809998,,,,,161.559998,146.470001,,,,,,-0.1636,pending,,2026-06-22T13:15:18+00:00
trackb_cont_DHI_20260616,,,,,,161.559998,151.960007,,,,,,-3.0744,pending,,2026-06-22T13:15:18+00:00
trackb_cont_DHI_20260617,,,,,,161.559998,151.960007,,,,,,-3.0744,pending,,2026-06-22T13:15:18+00:00
trackb_cont_DHR_20260610,177.759995,,,,,188.179993,174.220001,,,,,,-5.0727,pending,,2026-06-22T13:15:40+00:00
trackb_cont_DHR_20260612,,,,,,183.550003,174.220001,,,,,,-3.634,pending,,2026-06-22T13:15:40+00:00
trackb_cont_DINO_20260603,70.760002,65.910004,,,,74.379997,63.849998,,,,,,-13.757,pending,,2026-06-22T13:14:37+00:00
trackb_cont_DINO_20260604,69.900002,64.5,,,,73.919998,63.849998,,,,,,-13.757,pending,,2026-06-22T13:14:37+00:00
trackb_cont_DINO_20260605,71.260002,,,,,73.919998,63.849998,,,,,,-13.757,pending,,2026-06-22T13:14:37+00:00
trackb_cont_DINO_20260608,67.25,,,,,73.919998,63.849998,,,,,,-10.5617,pending,,2026-06-22T13:14:37+00:00
trackb_cont_DKNG_20260612,,,,,,30.129999,25.43,,,,,,-15.2898,pending,,2026-06-22T13:16:41+00:00
trackb_cont_DKNG_20260615,,,,,,29.530001,25.43,,,,,,-11.6861,pending,,2026-06-22T13:16:41+00:00
trackb_cont_DKNG_20260616,,,,,,29.530001,25.43,,,,,,-10.5365,pending,,2026-06-22T13:16:41+00:00
trackb_cont_DKNG_20260617,,,,,,29.219999,25.43,,,,,,-10.5365,pending,,2026-06-22T13:16:41+00:00
trackb_cont_DKNG_20260618,,,,,,26.6,25.43,,,,,,-3.3815,pending,,2026-06-22T13:16:41+00:00
trackb_cont_DKNG_20260619,,,,,,,,,,,,,,pending,,2026-06-22T13:16:41+00:00
trackb_cont_DKNG_20260622,,,,,,,,,,,,,,pending,,2026-06-22T13:16:41+00:00
trackb_cont_DK_20260608,44.73,,,,,50.330002,41.259998,,,,,,-14.5402,pending,,2026-06-22T13:15:56+00:00
trackb_cont_DK_20260610,42.34,,,,,49.349998,41.259998,,,,,,-14.8927,pending,,2026-06-22T13:15:56+00:00
trackb_cont_DLTR_20260603,110.32,106.410004,,,,117.410004,105.220001,,,,,,-4.6359,pending,,2026-06-22T13:15:19+00:00
trackb_cont_DLTR_20260604,114.889999,111.650002,,,,117.410004,105.220001,,,,,,-4.6359,pending,,2026-06-22T13:15:19+00:00
trackb_cont_DLTR_20260605,114.0,,,,,117.410004,105.220001,,,,,,-4.6359,pending,,2026-06-22T13:15:19+00:00
trackb_cont_DLTR_20260608,112.879997,,,,,117.410004,105.220001,,,,,,-4.6359,pending,,2026-06-22T13:15:19+00:00
trackb_cont_DLTR_20260609,110.739998,,,,,117.410004,105.220001,,,,,,-2.2936,pending,,2026-06-22T13:15:19+00:00
trackb_cont_DLTR_20260611,111.650002,,,,,117.410004,105.220001,,,,,,-4.6229,pending,,2026-06-22T13:15:19+00:00
trackb_cont_DLTR_20260616,,,,,,114.879997,105.220001,,,,,,-7.4905,pending,,2026-06-22T13:15:19+00:00
trackb_cont_DLTR_20260617,,,,,,112.300003,105.220001,,,,,,-7.4905,pending,,2026-06-22T13:15:19+00:00
trackb_cont_DLTR_20260618,,,,,,112.300003,107.449997,,,,,,-5.5299,pending,,2026-06-22T13:15:19+00:00
trackb_cont_DLTR_20260619,,,,,,,,,,,,,,pending,,2026-06-22T13:15:19+00:00
trackb_cont_DNOW_20260608,13.7,,,,,14.16,13.225,,,,,,-0.0378,pending,,2026-06-22T13:15:55+00:00
trackb_cont_DNOW_20260612,,,,,,14.16,13.225,,,,,,-3.1845,pending,,2026-06-22T13:15:55+00:00
trackb_cont_DNOW_20260616,,,,,,13.91,13.225,,,,,,-5.1291,pending,,2026-06-22T13:15:55+00:00
trackb_cont_DNOW_20260617,,,,,,13.75,13.225,,,,,,-5.1291,pending,,2026-06-22T13:15:55+00:00
trackb_cont_DNUT_20260611,3.63,,,,,4.55,3.61,,,,,,-7.4359,pending,,2026-06-22T13:16:34+00:00
trackb_cont_DNUT_20260616,,,,,,4.021,3.61,,,,,,-10.9741,pending,,2026-06-22T13:16:34+00:00
trackb_cont_DNUT_20260617,,,,,,3.895,3.61,,,,,,-10.9741,pending,,2026-06-22T13:16:34+00:00
trackb_cont_DNUT_20260618,,,,,,3.85,3.61,,,,,,-10.9741,pending,,2026-06-22T13:16:34+00:00
trackb_cont_DNUT_20260619,,,,,,,,,,,,,,pending,,2026-06-22T13:16:34+00:00
trackb_cont_DOCN_20260603,171.470001,177.809998,,,,187.5,153.710007,,,,,,-11.9645,pending,,2026-06-22T13:14:20+00:00
trackb_cont_DOCN_20260604,174.75,173.270004,,,,187.5,153.710007,,,,,,-11.9645,pending,,2026-06-22T13:14:20+00:00
trackb_cont_DOCN_20260605,170.440002,,,,,187.5,153.710007,,,,,,-11.9645,pending,,2026-06-22T13:14:20+00:00
trackb_cont_DOCN_20260608,181.289993,,,,,187.5,153.710007,,,,,,-11.9645,pending,,2026-06-22T13:14:20+00:00
trackb_cont_DOCN_20260612,,,,,,187.5,169.100006,,,,,,-3.2332,pending,,2026-06-22T13:14:20+00:00
trackb_cont_DOCN_20260618,,,,,,182.779999,169.690002,,,,,,-4.6685,pending,,2026-06-22T13:14:20+00:00
trackb_cont_DOCN_20260619,,,,,,,,,,,,,,pending,,2026-06-22T13:14:20+00:00
trackb_cont_DOCN_20260622,,,,,,,,,,,,,,pending,,2026-06-22T13:14:20+00:00
trackb_cont_DOC_20260603,20.469999,19.4,,,,20.82,19.07,,,,,,-1.3706,pending,,2026-06-22T13:15:04+00:00
trackb_cont_DOC_20260604,20.5,19.559999,,,,20.82,19.23,,,,,,-0.5431,pending,,2026-06-22T13:15:04+00:00
trackb_cont_DOC_20260605,20.690001,,,,,20.82,19.309999,,,,,,-0.1293,pending,,2026-06-22T13:15:04+00:00
trackb_cont_DOC_20260612,,,,,,20.799999,19.309999,,,,,,-5.8049,pending,,2026-06-22T13:15:04+00:00
trackb_cont_DOC_20260616,,,,,,20.549999,19.309999,,,,,,-5.5977,pending,,2026-06-22T13:15:04+00:00
trackb_cont_DOC_20260617,,,,,,20.120001,19.309999,,,,,,-5.5977,pending,,2026-06-22T13:15:04+00:00
trackb_cont_DOC_20260618,,,,,,19.73,19.440001,,,,,,-4.9621,pending,,2026-06-22T13:15:04+00:00
trackb_cont_DOC_20260619,,,,,,,,,,,,,,pending,,2026-06-22T13:15:04+00:00
trackb_cont_DORM_20260603,126.830002,122.769997,,,,132.149994,118.959999,,,,,,-4.2807,pending,,2026-06-22T13:14:14+00:00
trackb_cont_DORM_20260604,128.210007,125.660004,,,,132.149994,118.959999,,,,,,-4.2807,pending,,2026-06-22T13:14:14+00:00
trackb_cont_DORM_20260605,127.860001,,,,,132.149994,118.959999,,,,,,-4.2807,pending,,2026-06-22T13:14:14+00:00
trackb_cont_DORM_20260608,126.139999,,,,,132.149994,118.959999,,,,,,-6.3528,pending,,2026-06-22T13:14:14+00:00
trackb_cont_DORM_20260611,125.660004,,,,,131.0,118.959999,,,,,,-6.2052,pending,,2026-06-22T13:14:14+00:00
trackb_cont_DORM_20260615,,,,,,131.0,118.959999,,,,,,-9.1839,pending,,2026-06-22T13:14:14+00:00
trackb_cont_DORM_20260616,,,,,,128.889999,118.959999,,,,,,-7.077,pending,,2026-06-22T13:14:14+00:00
trackb_cont_DORM_20260617,,,,,,127.860001,118.959999,,,,,,-7.077,pending,,2026-06-22T13:14:14+00:00
trackb_cont_DORM_20260618,,,,,,127.419998,123.959999,,,,,,-3.1714,pending,,2026-06-22T13:14:14+00:00
trackb_cont_DORM_20260619,,,,,,,,,,,,,,pending,,2026-06-22T13:14:14+00:00
trackb_cont_DRH_20260603,11.64,11.87,,,,12.34,11.07,,,,,,-1.3808,pending,,2026-06-22T13:14:23+00:00
trackb_cont_DRH_20260604,11.84,12.31,,,,12.34,11.32,,,,,,0.8463,pending,,2026-06-22T13:14:23+00:00
trackb_cont_DRH_20260605,11.92,,,,,12.34,11.53,,,,,,2.7171,pending,,2026-06-22T13:14:23+00:00
trackb_cont_DRH_20260608,11.94,,,,,12.34,11.53,,,,,,-0.6891,pending,,2026-06-22T13:14:23+00:00
trackb_cont_DRH_20260609,12.02,,,,,12.34,11.53,,,,,,-0.6891,pending,,2026-06-22T13:14:23+00:00
trackb_cont_DRH_20260611,12.31,,,,,12.34,11.71,,,,,,0.6014,pending,,2026-06-22T13:14:23+00:00
trackb_cont_DRH_20260612,,,,,,12.34,11.8,,,,,,-0.3378,pending,,2026-06-22T13:14:23+00:00
trackb_cont_DRH_20260616,,,,,,12.34,11.8,,,,,,-1.0897,pending,,2026-06-22T13:14:23+00:00
trackb_cont_DRH_20260617,,,,,,12.34,11.8,,,,,,-1.0897,pending,,2026-06-22T13:14:23+00:00
trackb_cont_DRH_20260618,,,,,,12.34,12.08,,,,,,1.7692,pending,,2026-06-22T13:14:23+00:00
trackb_cont_DRH_20260619,,,,,,,,,,,,,,pending,,2026-06-22T13:14:23+00:00
trackb_cont_DRH_20260622,,,,,,,,,,,,,,pending,,2026-06-22T13:14:23+00:00
trackb_cont_DRI_20260616,,,,,,219.380005,207.199997,,,,,,-1.5116,pending,,2026-06-22T13:17:19+00:00
trackb_cont_DRI_20260617,,,,,,219.380005,207.75,,,,,,-1.2501,pending,,2026-06-22T13:17:19+00:00
trackb_cont_DRI_20260618,,,,,,219.380005,212.429993,,,,,,0.9744,pending,,2026-06-22T13:17:19+00:00
trackb_cont_DRI_20260619,,,,,,,,,,,,,,pending,,2026-06-22T13:17:19+00:00
trackb_cont_DSGR_20260616,,,,,,28.690001,27.1,,,,,,-2.8326,pending,,2026-06-22T13:17:23+00:00
trackb_cont_DTE_20260616,,,,,,150.0,146.160004,,,,,,-1.5426,pending,,2026-06-22T13:17:18+00:00
trackb_cont_DTE_20260617,,,,,,149.270004,146.160004,,,,,,-1.5426,pending,,2026-06-22T13:17:18+00:00
trackb_cont_DTE_20260618,,,,,,148.919998,146.490005,,,,,,-1.3203,pending,,2026-06-22T13:17:18+00:00
trackb_cont_DTE_20260619,,,,,,,,,,,,,,pending,,2026-06-22T13:17:18+00:00
trackb_cont_DTE_20260622,,,,,,,,,,,,,,pending,,2026-06-22T13:17:18+00:00
trackb_cont_DVA_20260603,198.539993,210.580002,,,,213.440002,186.610001,,,,,,-3.0144,pending,,2026-06-22T13:15:30+00:00
trackb_cont_DVA_20260604,203.830002,207.910004,,,,213.440002,190.429993,,,,,,-1.0291,pending,,2026-06-22T13:15:30+00:00
trackb_cont_DVA_20260605,208.660004,,,,,213.440002,190.429993,,,,,,-1.0291,pending,,2026-06-22T13:15:30+00:00
trackb_cont_DVA_20260608,209.75,,,,,213.440002,190.429993,,,,,,-1.0291,pending,,2026-06-22T13:15:30+00:00
trackb_cont_DVA_20260616,,,,,,213.440002,206.850006,,,,,,-0.8247,pending,,2026-06-22T13:15:30+00:00
trackb_cont_DVA_20260617,,,,,,213.440002,206.850006,,,,,,-0.8247,pending,,2026-06-22T13:15:30+00:00
trackb_cont_DVA_20260618,,,,,,213.070007,206.850006,,,,,,-0.8247,pending,,2026-06-22T13:15:30+00:00
trackb_cont_DVA_20260619,,,,,,,,,,,,,,pending,,2026-06-22T13:15:30+00:00
trackb_cont_DVA_20260622,,,,,,,,,,,,,,pending,,2026-06-22T13:15:30+00:00
trackb_cont_DV_20260612,,,,,,10.625,10.035,,,,,,-1.9062,pending,,2026-06-22T13:16:48+00:00
trackb_cont_DV_20260622,,,,,,,,,,,,,,pending,,2026-06-22T13:16:48+00:00
trackb_cont_DXCM_20260603,74.769997,71.230003,,,,78.910004,70.900002,,,,,,-1.6984,pending,,2026-06-22T13:14:49+00:00
trackb_cont_DXCM_20260604,75.25,72.470001,,,,78.910004,70.900002,,,,,,-1.6984,pending,,2026-06-22T13:14:49+00:00
trackb_cont_DXCM_20260605,75.370003,,,,,78.910004,70.900002,,,,,,-1.6984,pending,,2026-06-22T13:14:49+00:00
trackb_cont_DXCM_20260608,74.220001,,,,,78.910004,70.900002,,,,,,-2.6901,pending,,2026-06-22T13:14:49+00:00
trackb_cont_DXCM_20260615,,,,,,75.699997,70.900002,,,,,,-4.7555,pending,,2026-06-22T13:14:49+00:00
trackb_cont_DXCM_20260616,,,,,,74.660004,70.900002,,,,,,-4.383,pending,,2026-06-22T13:14:49+00:00
trackb_cont_DXCM_20260617,,,,,,74.260002,70.900002,,,,,,-4.383,pending,,2026-06-22T13:14:49+00:00
trackb_cont_DXCM_20260618,,,,,,73.690002,71.599998,,,,,,-3.439,pending,,2026-06-22T13:14:49+00:00
trackb_cont_DXCM_20260619,,,,,,,,,,,,,,pending,,2026-06-22T13:14:49+00:00
trackb_cont_DXPE_20260612,,,,,,175.119995,162.690002,,,,,,-2.8368,pending,,2026-06-22T13:16:48+00:00
trackb_cont_DXPE_20260616,,,,,,175.119995,162.690002,,,,,,-5.0761,pending,,2026-06-22T13:16:48+00:00
trackb_cont_DXPE_20260617,,,,,,175.119995,162.690002,,,,,,-5.0761,pending,,2026-06-22T13:16:48+00:00
trackb_cont_DXPE_20260618,,,,,,175.119995,168.509995,,,,,,2.2078,pending,,2026-06-22T13:16:48+00:00
trackb_cont_DXPE_20260619,,,,,,,,,,,,,,pending,,2026-06-22T13:16:48+00:00
trackb_cont_DXPE_20260622,,,,,,,,,,,,,,pending,,2026-06-22T13:16:48+00:00
trackb_cont_D_20260603,66.769997,68.019997,,,,69.279999,65.459999,,,,,,-1.697,pending,,2026-06-22T13:15:16+00:00
trackb_cont_D_20260604,66.690002,68.410004,,,,69.279999,65.470001,,,,,,-1.6819,pending,,2026-06-22T13:15:16+00:00
trackb_cont_D_20260605,67.910004,,,,,69.279999,65.470001,,,,,,-1.6819,pending,,2026-06-22T13:15:16+00:00
trackb_cont_D_20260608,68.150002,,,,,69.279999,65.470001,,,,,,-1.6819,pending,,2026-06-22T13:15:16+00:00
trackb_cont_D_20260609,68.5,,,,,69.279999,65.470001,,,,,,-0.0763,pending,,2026-06-22T13:15:16+00:00
trackb_cont_D_20260610,68.019997,,,,,69.279999,66.160004,,,,,,0.9768,pending,,2026-06-22T13:15:16+00:00
trackb_cont_D_20260615,,,,,,69.279999,67.330002,,,,,,-0.0445,pending,,2026-06-22T13:15:16+00:00
trackb_cont_D_20260616,,,,,,69.279999,67.870003,,,,,,-0.7313,pending,,2026-06-22T13:15:16+00:00
trackb_cont_D_20260617,,,,,,69.279999,67.870003,,,,,,-0.7313,pending,,2026-06-22T13:15:16+00:00
trackb_cont_D_20260618,,,,,,69.279999,68.080002,,,,,,-0.044,pending,,2026-06-22T13:15:16+00:00
trackb_cont_D_20260619,,,,,,,,,,,,,,pending,,2026-06-22T13:15:16+00:00
trackb_cont_D_20260622,,,,,,,,,,,,,,pending,,2026-06-22T13:15:16+00:00
trackb_cont_EAT_20260615,,,,,,166.479996,151.410004,,,,,,-6.2877,pending,,2026-06-22T13:16:13+00:00
trackb_cont_EAT_20260616,,,,,,166.479996,151.410004,,,,,,-3.1905,pending,,2026-06-22T13:16:13+00:00
trackb_cont_EAT_20260617,,,,,,166.479996,151.410004,,,,,,-3.1905,pending,,2026-06-22T13:16:13+00:00
trackb_cont_EAT_20260618,,,,,,166.479996,161.0,,,,,,2.9412,pending,,2026-06-22T13:16:13+00:00
trackb_cont_EAT_20260619,,,,,,,,,,,,,,pending,,2026-06-22T13:16:13+00:00
trackb_cont_EAT_20260622,,,,,,,,,,,,,,pending,,2026-06-22T13:16:13+00:00
trackb_cont_EA_20260603,203.199997,203.020004,,,,204.199997,201.800003,,,,,,-0.3654,pending,,2026-06-22T13:14:47+00:00
trackb_cont_EA_20260604,203.050003,202.149994,,,,204.199997,201.800003,,,,,,-0.3654,pending,,2026-06-22T13:14:47+00:00
trackb_cont_EA_20260605,203.270004,,,,,204.199997,201.800003,,,,,,-0.3654,pending,,2026-06-22T13:14:47+00:00
trackb_cont_EA_20260608,203.119995,,,,,204.199997,201.800003,,,,,,-0.5911,pending,,2026-06-22T13:14:47+00:00
trackb_cont_EA_20260610,203.020004,,,,,204.199997,201.800003,,,,,,-0.689,pending,,2026-06-22T13:14:47+00:00
trackb_cont_EA_20260616,,,,,,204.199997,201.800003,,,,,,-0.6401,pending,,2026-06-22T13:14:47+00:00
trackb_cont_EA_20260617,,,,,,204.199997,201.800003,,,,,,-0.6401,pending,,2026-06-22T13:14:47+00:00
trackb_cont_EA_20260618,,,,,,203.5,201.800003,,,,,,-0.6009,pending,,2026-06-22T13:14:47+00:00
trackb_cont_EA_20260619,,,,,,,,,,,,,,pending,,2026-06-22T13:14:47+00:00
trackb_cont_EA_20260622,,,,,,,,,,,,,,pending,,2026-06-22T13:14:47+00:00
trackb_cont_ECL_20260616,,,,,,276.779999,267.799988,,,,,,-1.1626,pending,,2026-06-22T13:16:04+00:00
trackb_cont_ECL_20260617,,,,,,275.440002,267.799988,,,,,,-1.1626,pending,,2026-06-22T13:16:04+00:00
trackb_cont_ECL_20260618,,,,,,275.440002,268.869995,,,,,,-0.7677,pending,,2026-06-22T13:16:04+00:00
trackb_cont_ECL_20260619,,,,,,,,,,,,,,pending,,2026-06-22T13:16:04+00:00
trackb_cont_EEX_20260603,5.03,5.02,,,,5.06,4.97,,,,,,-0.1005,pending,,2026-06-22T13:14:36+00:00
trackb_cont_EEX_20260604,5.02,5.02,,,,5.06,4.97,,,,,,-0.1005,pending,,2026-06-22T13:14:36+00:00
trackb_cont_EEX_20260605,5.02,,,,,5.06,4.97,,,,,,-0.1005,pending,,2026-06-22T13:14:36+00:00
trackb_cont_EEX_20260608,4.99,,,,,5.06,4.98,,,,,,0.1005,pending,,2026-06-22T13:14:36+00:00
trackb_cont_EEX_20260610,5.02,,,,,5.06,4.99,,,,,,-0.0,pending,,2026-06-22T13:14:36+00:00
trackb_cont_EEX_20260611,5.02,,,,,5.06,4.99,,,,,,-0.7952,pending,,2026-06-22T13:14:36+00:00
trackb_cont_EEX_20260612,,,,,,5.04,4.99,,,,,,-0.5976,pending,,2026-06-22T13:14:36+00:00
trackb_cont_EFC_20260603,13.61,13.42,,,,13.79,13.34,,,,,,-0.5776,pending,,2026-06-22T13:14:05+00:00
trackb_cont_EFC_20260604,13.63,13.44,,,,13.79,13.34,,,,,,-0.5776,pending,,2026-06-22T13:14:05+00:00
trackb_cont_EFC_20260605,13.68,,,,,13.79,13.34,,,,,,-0.5776,pending,,2026-06-22T13:14:05+00:00
trackb_cont_EFC_20260616,,,,,,13.79,13.34,,,,,,-2.3068,pending,,2026-06-22T13:14:05+00:00
trackb_cont_EFC_20260617,,,,,,13.59,13.34,,,,,,-2.3068,pending,,2026-06-22T13:14:05+00:00
trackb_cont_EFX_20260603,166.059998,154.839996,,,,178.339996,152.949997,,,,,,-8.7329,pending,,2026-06-22T13:14:46+00:00
trackb_cont_EFX_20260604,159.580002,153.929993,,,,178.339996,152.949997,,,,,,-8.7329,pending,,2026-06-22T13:14:46+00:00
trackb_cont_EFX_20260605,163.710007,,,,,174.0,152.949997,,,,,,-8.7329,pending,,2026-06-22T13:14:46+00:00
trackb_cont_EGP_20260616,,,,,,206.580002,196.889999,,,,,,-4.3108,pending,,2026-06-22T13:17:21+00:00
trackb_cont_EGP_20260617,,,,,,203.580002,196.889999,,,,,,-4.3108,pending,,2026-06-22T13:17:21+00:00
trackb_cont_EGP_20260618,,,,,,201.149994,198.139999,,,,,,-3.7033,pending,,2026-06-22T13:17:21+00:00
trackb_cont_EGP_20260619,,,,,,,,,,,,,,pending,,2026-06-22T13:17:21+00:00
trackb_cont_EHTH_20260615,,,,,,1.85,1.59,,,,,,-13.587,pending,,2026-06-22T13:17:02+00:00
trackb_cont_EHTH_20260616,,,,,,1.77,1.59,,,,,,-10.4225,pending,,2026-06-22T13:17:02+00:00
trackb_cont_EHTH_20260617,,,,,,1.77,1.59,,,,,,-10.4225,pending,,2026-06-22T13:17:02+00:00
trackb_cont_EIG_20260603,46.619999,46.43,,,,46.939999,43.150002,,,,,,-0.6104,pending,,2026-06-22T13:14:53+00:00
trackb_cont_EIG_20260604,46.41,46.549999,,,,46.939999,44.119999,,,,,,1.6239,pending,,2026-06-22T13:14:53+00:00
trackb_cont_EIG_20260605,46.25,,,,,46.939999,44.639999,,,,,,2.8216,pending,,2026-06-22T13:14:53+00:00
trackb_cont_EIG_20260608,45.84,,,,,46.939999,45.439999,,,,,,4.6643,pending,,2026-06-22T13:14:53+00:00
trackb_cont_EIG_20260610,46.43,,,,,46.939999,45.790001,,,,,,0.4387,pending,,2026-06-22T13:14:53+00:00
trackb_cont_EIG_20260612,,,,,,46.799999,45.790001,,,,,,-1.3359,pending,,2026-06-22T13:14:53+00:00
trackb_cont_EIG_20260615,,,,,,46.799999,45.790001,,,,,,-1.1229,pending,,2026-06-22T13:14:53+00:00
trackb_cont_EIG_20260616,,,,,,46.799999,45.849998,,,,,,-0.8113,pending,,2026-06-22T13:14:53+00:00
trackb_cont_EIG_20260617,,,,,,46.799999,45.93,,,,,,-0.6382,pending,,2026-06-22T13:14:53+00:00
trackb_cont_EIG_20260618,,,,,,46.799999,46.130001,,,,,,-0.2055,pending,,2026-06-22T13:14:53+00:00
trackb_cont_EIG_20260619,,,,,,,,,,,,,,pending,,2026-06-22T13:14:53+00:00
trackb_cont_EIX_20260603,71.5,70.900002,,,,73.830002,70.540001,,,,,,-2.495,pending,,2026-06-22T13:14:48+00:00
trackb_cont_EIX_20260604,72.339996,71.889999,,,,73.830002,70.540001,,,,,,-2.495,pending,,2026-06-22T13:14:48+00:00
trackb_cont_EIX_20260605,72.949997,,,,,73.830002,70.540001,,,,,,-2.495,pending,,2026-06-22T13:14:48+00:00
trackb_cont_EIX_20260608,72.139999,,,,,73.580002,70.540001,,,,,,-2.495,pending,,2026-06-22T13:14:48+00:00
trackb_cont_EIX_20260610,70.900002,,,,,73.309998,70.540001,,,,,,-0.4235,pending,,2026-06-22T13:14:48+00:00
trackb_cont_EIX_20260615,,,,,,73.269997,70.540001,,,,,,-1.7686,pending,,2026-06-22T13:14:48+00:00
trackb_cont_EIX_20260616,,,,,,73.269997,70.540001,,,,,,-2.6161,pending,,2026-06-22T13:14:48+00:00
trackb_cont_EIX_20260617,,,,,,72.540001,70.540001,,,,,,-2.6161,pending,,2026-06-22T13:14:48+00:00
trackb_cont_EIX_20260618,,,,,,72.540001,70.870003,,,,,,-2.1606,pending,,2026-06-22T13:14:48+00:00
trackb_cont_EIX_20260619,,,,,,,,,,,,,,pending,,2026-06-22T13:14:48+00:00
trackb_cont_ELF_20260615,,,,,,70.300003,61.900002,,,,,,-5.1777,pending,,2026-06-22T13:16:59+00:00
trackb_cont_ELF_20260616,,,,,,70.300003,61.900002,,,,,,-2.6883,pending,,2026-06-22T13:16:59+00:00
trackb_cont_ELF_20260617,,,,,,68.980003,61.900002,,,,,,-2.6883,pending,,2026-06-22T13:16:59+00:00
trackb_cont_ELF_20260618,,,,,,65.410004,63.0,,,,,,-0.959,pending,,2026-06-22T13:16:59+00:00
trackb_cont_ELF_20260619,,,,,,,,,,,,,,pending,,2026-06-22T13:16:59+00:00
trackb_cont_ELS_20260611,62.189999,,,,,65.220001,61.860001,,,,,,-3.8246,pending,,2026-06-22T13:16:35+00:00
trackb_cont_ELS_20260616,,,,,,64.800003,61.860001,,,,,,-3.7872,pending,,2026-06-22T13:16:35+00:00
trackb_cont_ELS_20260617,,,,,,64.519997,61.860001,,,,,,-3.7872,pending,,2026-06-22T13:16:35+00:00
trackb_cont_ELV_20260611,388.5,,,,,406.920013,387.079987,,,,,,-4.3207,pending,,2026-06-22T13:16:27+00:00
trackb_cont_EL_20260615,,,,,,91.540001,82.379997,,,,,,-9.7877,pending,,2026-06-22T13:17:04+00:00
trackb_cont_EL_20260616,,,,,,91.540001,82.379997,,,,,,-9.0729,pending,,2026-06-22T13:17:04+00:00
trackb_cont_EL_20260617,,,,,,88.589996,82.379997,,,,,,-9.0729,pending,,2026-06-22T13:17:04+00:00
trackb_cont_EMN_20260603,71.339996,72.120003,,,,77.129997,71.010002,,,,,,-7.1036,pending,,2026-06-22T13:14:51+00:00
trackb_cont_EMN_20260604,73.32,72.489998,,,,77.129997,71.010002,,,,,,-7.1036,pending,,2026-06-22T13:14:51+00:00
trackb_cont_EMN_20260605,75.220001,,,,,77.129997,71.010002,,,,,,-7.1036,pending,,2026-06-22T13:14:51+00:00
trackb_cont_EMN_20260608,75.279999,,,,,77.129997,71.010002,,,,,,-7.1036,pending,,2026-06-22T13:14:51+00:00
trackb_cont_EMN_20260615,,,,,,77.129997,71.43,,,,,,-6.149,pending,,2026-06-22T13:14:51+00:00
trackb_cont_EMN_20260616,,,,,,75.730003,71.43,,,,,,-6.0441,pending,,2026-06-22T13:14:51+00:00
trackb_cont_EMN_20260617,,,,,,75.059998,71.43,,,,,,-6.0441,pending,,2026-06-22T13:14:51+00:00
trackb_cont_EMR_20260615,,,,,,152.880005,145.229996,,,,,,-1.923,pending,,2026-06-22T13:16:51+00:00
trackb_cont_EMR_20260616,,,,,,152.880005,146.5,,,,,,-0.8695,pending,,2026-06-22T13:16:51+00:00
trackb_cont_EMR_20260617,,,,,,152.880005,148.669998,,,,,,0.5988,pending,,2026-06-22T13:16:51+00:00
trackb_cont_EMR_20260618,,,,,,152.880005,150.080002,,,,,,1.5529,pending,,2026-06-22T13:16:51+00:00
trackb_cont_EMR_20260619,,,,,,,,,,,,,,pending,,2026-06-22T13:16:51+00:00
trackb_cont_EMR_20260622,,,,,,,,,,,,,,pending,,2026-06-22T13:16:51+00:00
trackb_cont_ENPH_20260603,50.57,47.779999,,,,72.800003,47.669998,,,,,,-31.043,pending,,2026-06-22T13:13:56+00:00
trackb_cont_ENPH_20260604,54.93,52.279999,,,,69.940002,47.669998,,,,,,-31.043,pending,,2026-06-22T13:13:56+00:00
trackb_cont_ENPH_20260605,54.59,,,,,66.610001,47.669998,,,,,,-31.043,pending,,2026-06-22T13:13:56+00:00
trackb_cont_ENPH_20260608,52.400002,,,,,60.0,47.669998,,,,,,-31.043,pending,,2026-06-22T13:13:56+00:00
trackb_cont_ENR_20260608,20.129999,,,,,21.799999,19.212999,,,,,,-1.1677,pending,,2026-06-22T13:15:54+00:00
trackb_cont_ENR_20260616,,,,,,21.799999,19.84,,,,,,-2.0489,pending,,2026-06-22T13:15:54+00:00
trackb_cont_ENR_20260617,,,,,,21.799999,19.84,,,,,,-2.0489,pending,,2026-06-22T13:15:54+00:00
trackb_cont_ENR_20260618,,,,,,21.799999,20.280001,,,,,,0.1234,pending,,2026-06-22T13:15:54+00:00
trackb_cont_ENR_20260619,,,,,,,,,,,,,,pending,,2026-06-22T13:15:54+00:00
trackb_cont_ENR_20260622,,,,,,,,,,,,,,pending,,2026-06-22T13:15:54+00:00
trackb_cont_ENS_20260603,220.759995,227.679993,,,,241.419998,214.139999,,,,,,-10.2947,pending,,2026-06-22T13:15:08+00:00
trackb_cont_ENS_20260604,222.919998,227.949997,,,,241.419998,214.139999,,,,,,-10.2947,pending,,2026-06-22T13:15:08+00:00
trackb_cont_ENS_20260605,224.259995,,,,,237.520004,214.139999,,,,,,-10.2947,pending,,2026-06-22T13:15:08+00:00
trackb_cont_ENS_20260608,231.419998,,,,,237.520004,214.139999,,,,,,-5.6984,pending,,2026-06-22T13:15:08+00:00
trackb_cont_ENTG_20260615,,,,,,180.940002,151.449997,,,,,,-6.926,pending,,2026-06-22T13:16:51+00:00
trackb_cont_ENTG_20260616,,,,,,180.940002,151.449997,,,,,,-8.3509,pending,,2026-06-22T13:16:51+00:00
trackb_cont_ENTG_20260617,,,,,,180.940002,156.490005,,,,,,-5.301,pending,,2026-06-22T13:16:51+00:00
trackb_cont_ENTG_20260622,,,,,,,,,,,,,,pending,,2026-06-22T13:16:51+00:00
trackb_cont_ENVA_20260612,,,,,,204.059998,185.690002,,,,,,-2.0571,pending,,2026-06-22T13:16:46+00:00
trackb_cont_ENVA_20260616,,,,,,204.059998,185.690002,,,,,,-1.5273,pending,,2026-06-22T13:16:46+00:00
trackb_cont_ENVA_20260617,,,,,,204.059998,193.850006,,,,,,2.8,pending,,2026-06-22T13:16:46+00:00
trackb_cont_ENVA_20260618,,,,,,204.059998,198.179993,,,,,,-0.4621,pending,,2026-06-22T13:16:46+00:00
trackb_cont_ENVA_20260619,,,,,,,,,,,,,,pending,,2026-06-22T13:16:46+00:00
trackb_cont_ENVA_20260622,,,,,,,,,,,,,,pending,,2026-06-22T13:16:46+00:00
trackb_cont_ENVX_20260603,6.28,6.69,,,,8.68,6.191,,,,,,-26.3415,pending,,2026-06-22T13:14:42+00:00
trackb_cont_ENVX_20260604,6.7,7.08,,,,8.545,6.191,,,,,,-26.3415,pending,,2026-06-22T13:14:42+00:00
trackb_cont_ENVX_20260605,6.66,,,,,8.23,6.191,,,,,,-26.3415,pending,,2026-06-22T13:14:42+00:00
trackb_cont_ENVX_20260608,7.08,,,,,7.68,6.191,,,,,,-26.3415,pending,,2026-06-22T13:14:42+00:00
trackb_cont_EOSE_20260603,6.07,7.6,,,,9.128,5.88,,,,,,-31.5881,pending,,2026-06-22T13:14:44+00:00
trackb_cont_EOSE_20260604,6.2,7.65,,,,8.23,5.88,,,,,,-31.5881,pending,,2026-06-22T13:14:44+00:00
trackb_cont_EOSE_20260605,6.06,,,,,8.23,5.88,,,,,,-31.5881,pending,,2026-06-22T13:14:44+00:00
trackb_cont_EPC_20260612,,,,,,24.1,21.57,,,,,,-0.3695,pending,,2026-06-22T13:16:25+00:00
trackb_cont_EPC_20260615,,,,,,24.1,22.139999,,,,,,-4.3008,pending,,2026-06-22T13:16:25+00:00
trackb_cont_EPC_20260616,,,,,,24.1,22.139999,,,,,,-4.1973,pending,,2026-06-22T13:16:25+00:00
trackb_cont_EPC_20260617,,,,,,24.1,22.139999,,,,,,-4.1973,pending,,2026-06-22T13:16:25+00:00
trackb_cont_EPC_20260618,,,,,,24.1,22.610001,,,,,,-2.1636,pending,,2026-06-22T13:16:25+00:00
trackb_cont_EPC_20260619,,,,,,,,,,,,,,pending,,2026-06-22T13:16:25+00:00
trackb_cont_EPR_20260616,,,,,,59.25,57.25,,,,,,-2.7436,pending,,2026-06-22T13:17:23+00:00
trackb_cont_EPR_20260617,,,,,,59.25,57.25,,,,,,-2.7436,pending,,2026-06-22T13:17:23+00:00
trackb_cont_EPSM_20260603,1.84,1.56,,,,4.47,0.83,,,,,,-48.125,pending,,2026-06-22T13:15:12+00:00
trackb_cont_EPSM_20260604,1.6,1.36,,,,4.47,0.83,,,,,,-48.125,pending,,2026-06-22T13:15:12+00:00
trackb_cont_EPSM_20260605,1.53,,,,,4.47,0.83,,,,,,-48.125,pending,,2026-06-22T13:15:12+00:00
trackb_cont_EQH_20260616,,,,,,46.52,45.09,,,,,,-0.5952,pending,,2026-06-22T13:17:16+00:00
trackb_cont_EQH_20260617,,,,,,46.52,45.09,,,,,,-0.5952,pending,,2026-06-22T13:17:16+00:00
trackb_cont_EQH_20260618,,,,,,45.98,45.09,,,,,,-1.9143,pending,,2026-06-22T13:17:16+00:00
trackb_cont_EQH_20260619,,,,,,,,,,,,,,pending,,2026-06-22T13:17:16+00:00
trackb_cont_EQH_20260622,,,,,,,,,,,,,,pending,,2026-06-22T13:17:16+00:00
trackb_cont_EQIX_20260608,1064.380005,,,,,1114.599976,1032.079956,,,,,,-4.521,pending,,2026-06-22T13:15:59+00:00
trackb_cont_EQIX_20260618,,,,,,1114.599976,1088.619995,,,,,,0.0092,pending,,2026-06-22T13:15:59+00:00
trackb_cont_EQIX_20260619,,,,,,,,,,,,,,pending,,2026-06-22T13:15:59+00:00
trackb_cont_EQIX_20260622,,,,,,,,,,,,,,pending,,2026-06-22T13:15:59+00:00
trackb_cont_EQR_20260608,66.18,,,,,69.029999,63.810001,,,,,,-6.4232,pending,,2026-06-22T13:15:51+00:00
trackb_cont_EQR_20260610,64.629997,,,,,68.230003,63.810001,,,,,,-5.2421,pending,,2026-06-22T13:15:51+00:00
trackb_cont_EQR_20260612,,,,,,67.68,63.810001,,,,,,-4.2611,pending,,2026-06-22T13:15:51+00:00
trackb_cont_ERIE_20260612,,,,,,230.0,219.050003,,,,,,-3.0795,pending,,2026-06-22T13:16:45+00:00
trackb_cont_ESAB_20260622,,,,,,,,,,,,,,pending,,2026-06-22T13:17:50+00:00
trackb_cont_ESE_20260615,,,,,,344.23999,324.0,,,,,,-1.0188,pending,,2026-06-22T13:17:05+00:00
trackb_cont_ESE_20260616,,,,,,344.23999,328.0,,,,,,0.0885,pending,,2026-06-22T13:17:05+00:00
trackb_cont_ESE_20260617,,,,,,344.23999,328.0,,,,,,0.0885,pending,,2026-06-22T13:17:05+00:00
trackb_cont_ESE_20260618,,,,,,344.23999,334.869995,,,,,,2.1849,pending,,2026-06-22T13:17:05+00:00
trackb_cont_ESE_20260619,,,,,,,,,,,,,,pending,,2026-06-22T13:17:05+00:00
trackb_cont_ESE_20260622,,,,,,,,,,,,,,pending,,2026-06-22T13:17:05+00:00
trackb_cont_ESI_20260615,,,,,,46.720001,44.560001,,,,,,-2.4945,pending,,2026-06-22T13:17:01+00:00
trackb_cont_ESI_20260616,,,,,,46.720001,44.560001,,,,,,-1.9042,pending,,2026-06-22T13:17:01+00:00
trackb_cont_ESI_20260617,,,,,,46.720001,44.880001,,,,,,-1.1998,pending,,2026-06-22T13:17:01+00:00
trackb_cont_ESI_20260618,,,,,,46.720001,45.810001,,,,,,0.8476,pending,,2026-06-22T13:17:01+00:00
trackb_cont_ESI_20260619,,,,,,,,,,,,,,pending,,2026-06-22T13:17:01+00:00
trackb_cont_ESPR_20260616,,,,,,3.17,3.15,,,,,,-0.3165,pending,,2026-06-22T13:17:24+00:00
trackb_cont_ESPR_20260617,,,,,,3.17,3.15,,,,,,-0.3165,pending,,2026-06-22T13:17:24+00:00
trackb_cont_ESPR_20260618,,,,,,3.17,3.15,,,,,,-0.6309,pending,,2026-06-22T13:17:24+00:00
trackb_cont_ESPR_20260619,,,,,,,,,,,,,,pending,,2026-06-22T13:17:24+00:00
trackb_cont_ESPR_20260622,,,,,,,,,,,,,,pending,,2026-06-22T13:17:24+00:00
trackb_cont_ESRT_20260603,5.59,5.14,,,,5.84,5.12,,,,,,-5.7958,pending,,2026-06-22T13:15:36+00:00
trackb_cont_ESRT_20260604,5.4,5.24,,,,5.84,5.12,,,,,,-5.7958,pending,,2026-06-22T13:15:36+00:00
trackb_cont_ESRT_20260605,5.44,,,,,5.84,5.12,,,,,,-5.7958,pending,,2026-06-22T13:15:36+00:00
trackb_cont_ESS_20260603,284.640015,274.399994,,,,288.309998,273.190002,,,,,,-2.2296,pending,,2026-06-22T13:14:58+00:00
trackb_cont_ESS_20260604,280.589996,273.709991,,,,288.309998,273.190002,,,,,,-2.2296,pending,,2026-06-22T13:14:58+00:00
trackb_cont_ESS_20260605,283.75,,,,,288.309998,273.190002,,,,,,-2.2296,pending,,2026-06-22T13:14:58+00:00
trackb_cont_ESS_20260608,281.390015,,,,,287.890015,273.190002,,,,,,-4.2883,pending,,2026-06-22T13:14:58+00:00
trackb_cont_ESS_20260612,,,,,,285.190002,273.190002,,,,,,-2.6373,pending,,2026-06-22T13:14:58+00:00
trackb_cont_ESS_20260616,,,,,,284.079987,273.190002,,,,,,-2.9124,pending,,2026-06-22T13:14:58+00:00
trackb_cont_ESS_20260617,,,,,,281.440002,273.190002,,,,,,-2.9124,pending,,2026-06-22T13:14:58+00:00
trackb_cont_ES_20260608,69.260002,,,,,70.800003,67.330002,,,,,,-4.6317,pending,,2026-06-22T13:15:54+00:00
trackb_cont_ETD_20260612,,,,,,22.129999,20.950001,,,,,,-5.3321,pending,,2026-06-22T13:15:43+00:00
trackb_cont_ETD_20260615,,,,,,22.059999,20.950001,,,,,,-3.3449,pending,,2026-06-22T13:15:43+00:00
trackb_cont_ETD_20260616,,,,,,22.059999,20.950001,,,,,,-2.8744,pending,,2026-06-22T13:15:43+00:00
trackb_cont_ETD_20260617,,,,,,22.059999,21.01,,,,,,-2.5962,pending,,2026-06-22T13:15:43+00:00
trackb_cont_ETD_20260618,,,,,,22.059999,21.030001,,,,,,-2.5035,pending,,2026-06-22T13:15:43+00:00
trackb_cont_ETD_20260619,,,,,,,,,,,,,,pending,,2026-06-22T13:15:43+00:00
trackb_cont_ETSY_20260603,68.730003,72.830002,,,,75.43,65.900002,,,,,,-3.8097,pending,,2026-06-22T13:14:11+00:00
trackb_cont_ETSY_20260604,69.440002,73.949997,,,,75.43,65.900002,,,,,,-3.8097,pending,,2026-06-22T13:14:11+00:00
trackb_cont_ETSY_20260605,69.480003,,,,,75.43,65.900002,,,,,,-3.8097,pending,,2026-06-22T13:14:11+00:00
trackb_cont_ETSY_20260608,72.190002,,,,,75.43,65.900002,,,,,,-3.8097,pending,,2026-06-22T13:14:12+00:00
trackb_cont_ETSY_20260609,73.339996,,,,,75.43,66.845001,,,,,,-2.8839,pending,,2026-06-22T13:14:12+00:00
trackb_cont_ETSY_20260611,73.949997,,,,,75.43,67.830002,,,,,,-1.3095,pending,,2026-06-22T13:14:12+00:00
trackb_cont_ETSY_20260612,,,,,,75.43,68.580002,,,,,,-1.2385,pending,,2026-06-22T13:14:12+00:00
trackb_cont_ETSY_20260616,,,,,,75.43,72.224998,,,,,,0.5289,pending,,2026-06-22T13:14:12+00:00
trackb_cont_ETSY_20260617,,,,,,75.43,72.589996,,,,,,1.0369,pending,,2026-06-22T13:14:12+00:00
trackb_cont_ETSY_20260618,,,,,,74.980003,73.190002,,,,,,1.8721,pending,,2026-06-22T13:14:12+00:00
trackb_cont_ETSY_20260619,,,,,,,,,,,,,,pending,,2026-06-22T13:14:12+00:00
trackb_cont_ETSY_20260622,,,,,,,,,,,,,,pending,,2026-06-22T13:14:12+00:00
trackb_cont_EVC_20260603,8.95,9.4,,,,10.06,8.44,,,,,,-1.5169,pending,,2026-06-22T13:14:55+00:00
trackb_cont_EVC_20260604,9.98,9.86,,,,10.06,8.44,,,,,,-1.5169,pending,,2026-06-22T13:14:55+00:00
trackb_cont_EVC_20260605,9.66,,,,,10.06,8.44,,,,,,-1.5169,pending,,2026-06-22T13:14:55+00:00
trackb_cont_EVC_20260608,9.22,,,,,10.06,8.44,,,,,,-3.7628,pending,,2026-06-22T13:14:55+00:00
trackb_cont_EVC_20260616,,,,,,9.86,8.76,,,,,,-6.5101,pending,,2026-06-22T13:14:55+00:00
trackb_cont_EVC_20260617,,,,,,9.86,9.13,,,,,,-2.5614,pending,,2026-06-22T13:14:55+00:00
trackb_cont_EVC_20260618,,,,,,9.86,9.32,,,,,,-0.5336,pending,,2026-06-22T13:14:55+00:00
trackb_cont_EVC_20260619,,,,,,,,,,,,,,pending,,2026-06-22T13:14:55+00:00
trackb_cont_EVER_20260612,,,,,,21.290001,19.424999,,,,,,-2.0917,pending,,2026-06-22T13:16:43+00:00
trackb_cont_EVER_20260616,,,,,,21.290001,19.424999,,,,,,-4.5455,pending,,2026-06-22T13:16:43+00:00
trackb_cont_EVER_20260617,,,,,,20.809999,19.424999,,,,,,-4.5455,pending,,2026-06-22T13:16:43+00:00
trackb_cont_EVER_20260618,,,,,,20.4,19.424999,,,,,,-1.9435,pending,,2026-06-22T13:16:43+00:00
trackb_cont_EVER_20260619,,,,,,,,,,,,,,pending,,2026-06-22T13:16:43+00:00
trackb_cont_EVER_20260622,,,,,,,,,,,,,,pending,,2026-06-22T13:16:43+00:00
trackb_cont_EVGO_20260603,1.89,1.89,,,,2.51,1.87,,,,,,-17.2566,pending,,2026-06-22T13:15:13+00:00
trackb_cont_EVGO_20260604,1.98,1.94,,,,2.51,1.87,,,,,,-17.2566,pending,,2026-06-22T13:15:13+00:00
trackb_cont_EVGO_20260605,2.0,,,,,2.47,1.87,,,,,,-17.2566,pending,,2026-06-22T13:15:13+00:00
trackb_cont_EVGO_20260608,2.04,,,,,2.16,1.87,,,,,,-17.2566,pending,,2026-06-22T13:15:13+00:00
trackb_cont_EVH_20260609,4.7,,,,,4.905,4.37,,,,,,-6.2232,pending,,2026-06-22T13:16:12+00:00
trackb_cont_EVH_20260611,4.49,,,,,4.905,4.37,,,,,,-2.2371,pending,,2026-06-22T13:16:12+00:00
trackb_cont_EVH_20260616,,,,,,4.855,4.37,,,,,,-6.9223,pending,,2026-06-22T13:16:12+00:00
trackb_cont_EVH_20260617,,,,,,4.855,4.37,,,,,,-6.9223,pending,,2026-06-22T13:16:12+00:00
trackb_cont_EVH_20260618,,,,,,4.75,4.37,,,,,,-6.424,pending,,2026-06-22T13:16:12+00:00
trackb_cont_EVH_20260619,,,,,,,,,,,,,,pending,,2026-06-22T13:16:12+00:00
trackb_cont_EVH_20260622,,,,,,,,,,,,,,pending,,2026-06-22T13:16:12+00:00
trackb_cont_EVR_20260603,340.779999,367.040009,,,,381.470001,334.290009,,,,,,-1.8785,pending,,2026-06-22T13:14:53+00:00
trackb_cont_EVR_20260604,355.100006,371.720001,,,,381.470001,335.76001,,,,,,-1.4471,pending,,2026-06-22T13:14:53+00:00
trackb_cont_EVR_20260605,357.380005,,,,,381.470001,335.76001,,,,,,-1.4471,pending,,2026-06-22T13:14:53+00:00
trackb_cont_EVR_20260608,365.529999,,,,,381.470001,339.279999,,,,,,-0.4139,pending,,2026-06-22T13:14:53+00:00
trackb_cont_EVR_20260611,371.720001,,,,,381.470001,340.399994,,,,,,-0.1115,pending,,2026-06-22T13:14:53+00:00
trackb_cont_EVR_20260616,,,,,,381.470001,365.01001,,,,,,-1.1376,pending,,2026-06-22T13:14:53+00:00
trackb_cont_EVR_20260617,,,,,,381.470001,365.01001,,,,,,-1.1376,pending,,2026-06-22T13:14:53+00:00
trackb_cont_EVR_20260618,,,,,,379.720001,368.51001,,,,,,0.4005,pending,,2026-06-22T13:14:53+00:00
trackb_cont_EVR_20260619,,,,,,,,,,,,,,pending,,2026-06-22T13:14:53+00:00
trackb_cont_EVR_20260622,,,,,,,,,,,,,,pending,,2026-06-22T13:14:53+00:00
trackb_cont_EWBC_20260608,131.320007,,,,,136.0,125.18,,,,,,-0.6035,pending,,2026-06-22T13:15:53+00:00
trackb_cont_EWBC_20260610,127.260002,,,,,136.0,125.18,,,,,,-0.8554,pending,,2026-06-22T13:15:53+00:00
trackb_cont_EWBC_20260611,126.809998,,,,,136.0,125.18,,,,,,-2.2718,pending,,2026-06-22T13:15:53+00:00
trackb_cont_EWBC_20260612,,,,,,136.0,125.18,,,,,,-3.8408,pending,,2026-06-22T13:15:53+00:00
trackb_cont_EWBC_20260616,,,,,,133.710007,125.18,,,,,,-4.8061,pending,,2026-06-22T13:15:53+00:00
trackb_cont_EWBC_20260617,,,,,,131.470001,125.18,,,,,,-4.8061,pending,,2026-06-22T13:15:53+00:00
trackb_cont_EW_20260603,85.980003,86.68,,,,89.599998,83.169998,,,,,,-3.6213,pending,,2026-06-22T13:14:32+00:00
trackb_cont_EW_20260604,85.760002,87.360001,,,,89.599998,83.169998,,,,,,-3.6213,pending,,2026-06-22T13:14:32+00:00
trackb_cont_EW_20260605,85.110001,,,,,89.599998,83.169998,,,,,,-3.6213,pending,,2026-06-22T13:14:32+00:00
trackb_cont_EW_20260608,86.279999,,,,,89.599998,83.169998,,,,,,-3.6213,pending,,2026-06-22T13:14:32+00:00
trackb_cont_EW_20260609,88.580002,,,,,89.599998,83.169998,,,,,,-3.1217,pending,,2026-06-22T13:14:32+00:00
trackb_cont_EW_20260610,86.68,,,,,89.599998,83.169998,,,,,,-3.1217,pending,,2026-06-22T13:14:32+00:00
trackb_cont_EXC_20260616,,,,,,47.009998,45.200001,,,,,,-2.5862,pending,,2026-06-22T13:15:49+00:00
trackb_cont_EXC_20260617,,,,,,46.560001,45.200001,,,,,,-2.5862,pending,,2026-06-22T13:15:49+00:00
trackb_cont_EXC_20260618,,,,,,46.259998,45.450001,,,,,,-0.2414,pending,,2026-06-22T13:15:49+00:00
trackb_cont_EXC_20260619,,,,,,,,,,,,,,pending,,2026-06-22T13:15:49+00:00
trackb_cont_EXEL_20260609,52.099998,,,,,53.93,50.959999,,,,,,-1.5075,pending,,2026-06-22T13:16:06+00:00
trackb_cont_EXEL_20260612,,,,,,53.869999,50.959999,,,,,,-4.7477,pending,,2026-06-22T13:16:06+00:00
trackb_cont_EXEL_20260616,,,,,,53.360001,50.959999,,,,,,-3.4574,pending,,2026-06-22T13:16:06+00:00
trackb_cont_EXEL_20260617,,,,,,53.119999,50.959999,,,,,,-3.4574,pending,,2026-06-22T13:16:06+00:00
trackb_cont_EXEL_20260618,,,,,,53.119999,50.959999,,,,,,-3.4574,pending,,2026-06-22T13:16:06+00:00
trackb_cont_EXEL_20260619,,,,,,,,,,,,,,pending,,2026-06-22T13:16:06+00:00
trackb_cont_EXPD_20260603,164.710007,160.610001,,,,168.520004,157.630005,,,,,,-1.1476,pending,,2026-06-22T13:15:15+00:00
trackb_cont_EXPD_20260604,166.440002,161.320007,,,,168.520004,159.070007,,,,,,-0.2446,pending,,2026-06-22T13:15:15+00:00
trackb_cont_EXPD_20260605,166.619995,,,,,168.520004,159.940002,,,,,,0.301,pending,,2026-06-22T13:15:15+00:00
trackb_cont_EXPD_20260608,163.229996,,,,,168.520004,159.970001,,,,,,0.3198,pending,,2026-06-22T13:15:15+00:00
trackb_cont_EXPD_20260610,160.610001,,,,,168.520004,159.970001,,,,,,-2.1231,pending,,2026-06-22T13:15:15+00:00
trackb_cont_EXPD_20260611,161.320007,,,,,168.520004,159.970001,,,,,,-2.8778,pending,,2026-06-22T13:15:15+00:00
trackb_cont_EXPD_20260612,,,,,,168.520004,159.970001,,,,,,-3.8873,pending,,2026-06-22T13:15:15+00:00
trackb_cont_EXPD_20260615,,,,,,166.259995,159.970001,,,,,,-2.6058,pending,,2026-06-22T13:15:15+00:00
trackb_cont_EXPD_20260616,,,,,,165.479996,159.970001,,,,,,-2.7745,pending,,2026-06-22T13:15:15+00:00
trackb_cont_EXPD_20260617,,,,,,164.029999,159.970001,,,,,,-2.7745,pending,,2026-06-22T13:15:15+00:00
trackb_cont_EXPD_20260618,,,,,,162.990005,160.100006,,,,,,-0.3175,pending,,2026-06-22T13:15:15+00:00
trackb_cont_EXPD_20260619,,,,,,,,,,,,,,pending,,2026-06-22T13:15:15+00:00
trackb_cont_EXPD_20260622,,,,,,,,,,,,,,pending,,2026-06-22T13:15:15+00:00
trackb_cont_EXP_20260603,213.190002,213.240005,,,,225.330002,206.729996,,,,,,-5.287,pending,,2026-06-22T13:15:06+00:00
trackb_cont_EXP_20260604,217.059998,224.580002,,,,225.330002,206.729996,,,,,,-5.287,pending,,2026-06-22T13:15:06+00:00
trackb_cont_EXP_20260605,215.25,,,,,225.330002,206.729996,,,,,,-5.287,pending,,2026-06-22T13:15:06+00:00
trackb_cont_EXP_20260608,217.960007,,,,,225.330002,206.729996,,,,,,-2.8159,pending,,2026-06-22T13:15:06+00:00
trackb_cont_EXP_20260615,,,,,,225.330002,212.820007,,,,,,-4.9974,pending,,2026-06-22T13:15:06+00:00
trackb_cont_EXP_20260616,,,,,,225.330002,212.820007,,,,,,-3.3098,pending,,2026-06-22T13:15:06+00:00
trackb_cont_EXP_20260617,,,,,,225.330002,212.820007,,,,,,-3.3098,pending,,2026-06-22T13:15:06+00:00
trackb_cont_EXP_20260618,,,,,,225.330002,214.070007,,,,,,-2.7419,pending,,2026-06-22T13:15:06+00:00
trackb_cont_EXP_20260619,,,,,,,,,,,,,,pending,,2026-06-22T13:15:06+00:00
trackb_cont_EXR_20260608,146.649994,,,,,151.75,142.779999,,,,,,-1.7411,pending,,2026-06-22T13:15:55+00:00
trackb_cont_EXR_20260609,146.399994,,,,,151.75,142.779999,,,,,,-1.531,pending,,2026-06-22T13:15:55+00:00
trackb_cont_EXR_20260616,,,,,,149.320007,142.779999,,,,,,-3.1475,pending,,2026-06-22T13:15:55+00:00
trackb_cont_EXR_20260617,,,,,,146.600006,142.779999,,,,,,-3.1475,pending,,2026-06-22T13:15:55+00:00
trackb_cont_EXR_20260618,,,,,,146.600006,144.240005,,,,,,-2.1571,pending,,2026-06-22T13:15:55+00:00
trackb_cont_EXR_20260619,,,,,,,,,,,,,,pending,,2026-06-22T13:15:55+00:00
trackb_cont_EXTR_20260603,28.58,30.83,,,,32.209999,27.59,,,,,,-3.767,pending,,2026-06-22T13:13:47+00:00
trackb_cont_EXTR_20260604,31.07,31.379999,,,,32.209999,27.59,,,,,,-3.767,pending,,2026-06-22T13:13:47+00:00
trackb_cont_EXTR_20260605,31.110001,,,,,32.209999,27.59,,,,,,-3.767,pending,,2026-06-22T13:13:47+00:00
trackb_cont_EXTR_20260608,31.67,,,,,32.209999,27.59,,,,,,-3.767,pending,,2026-06-22T13:13:47+00:00
trackb_cont_EXTR_20260609,31.51,,,,,32.209999,27.59,,,,,,-6.696,pending,,2026-06-22T13:13:47+00:00
trackb_cont_EXTR_20260611,31.379999,,,,,32.209999,29.43,,,,,,2.9741,pending,,2026-06-22T13:13:47+00:00
trackb_cont_EXTR_20260612,,,,,,32.209999,30.6,,,,,,-1.5127,pending,,2026-06-22T13:13:47+00:00
trackb_cont_EXTR_20260616,,,,,,32.209999,30.74,,,,,,-3.3181,pending,,2026-06-22T13:13:47+00:00
trackb_cont_EXTR_20260617,,,,,,32.009998,30.74,,,,,,-3.3181,pending,,2026-06-22T13:13:47+00:00
trackb_cont_EXTR_20260618,,,,,,31.780001,30.870001,,,,,,0.1297,pending,,2026-06-22T13:13:47+00:00
trackb_cont_EXTR_20260619,,,,,,,,,,,,,,pending,,2026-06-22T13:13:47+00:00
trackb_cont_EXTR_20260622,,,,,,,,,,,,,,pending,,2026-06-22T13:13:47+00:00
trackb_cont_FABC_20260608,3.42,,,,,4.78,3.29,,,,,,-22.5882,pending,,2026-06-22T13:15:57+00:00
trackb_cont_FAST_20260611,45.889999,,,,,47.16,44.639999,,,,,,-3.0198,pending,,2026-06-22T13:16:36+00:00
trackb_cont_FAST_20260615,,,,,,46.91,44.639999,,,,,,-4.6765,pending,,2026-06-22T13:16:36+00:00
trackb_cont_FAST_20260616,,,,,,46.709999,44.639999,,,,,,-3.8451,pending,,2026-06-22T13:16:36+00:00
trackb_cont_FAST_20260617,,,,,,46.209999,44.639999,,,,,,-3.8451,pending,,2026-06-22T13:16:36+00:00
trackb_cont_FAST_20260618,,,,,,46.080002,45.150002,,,,,,-2.7466,pending,,2026-06-22T13:16:36+00:00
trackb_cont_FAST_20260619,,,,,,,,,,,,,,pending,,2026-06-22T13:16:36+00:00
trackb_cont_FA_20260603,15.84,15.79,,,,17.25,15.45,,,,,,-2.9218,pending,,2026-06-22T13:14:42+00:00
trackb_cont_FA_20260604,15.56,16.07,,,,17.25,15.45,,,,,,-2.9218,pending,,2026-06-22T13:14:42+00:00
trackb_cont_FA_20260605,16.49,,,,,17.25,15.45,,,,,,-2.9218,pending,,2026-06-22T13:14:42+00:00
trackb_cont_FA_20260608,16.99,,,,,17.25,15.45,,,,,,-2.9218,pending,,2026-06-22T13:14:42+00:00
trackb_cont_FA_20260616,,,,,,17.209999,15.535,,,,,,-7.8315,pending,,2026-06-22T13:14:42+00:00
trackb_cont_FA_20260617,,,,,,17.1,15.535,,,,,,-7.8315,pending,,2026-06-22T13:14:42+00:00
trackb_cont_FA_20260618,,,,,,16.09,15.535,,,,,,-7.8315,pending,,2026-06-22T13:14:42+00:00
trackb_cont_FA_20260619,,,,,,,,,,,,,,pending,,2026-06-22T13:14:42+00:00
trackb_cont_FBIN_20260603,40.43,40.59,,,,45.02,38.459999,,,,,,-0.8763,pending,,2026-06-22T13:15:04+00:00
trackb_cont_FBIN_20260604,42.959999,42.400002,,,,45.02,38.459999,,,,,,-0.8763,pending,,2026-06-22T13:15:04+00:00
trackb_cont_FBIN_20260605,43.220001,,,,,45.02,38.459999,,,,,,-0.8763,pending,,2026-06-22T13:15:04+00:00
trackb_cont_FBIN_20260608,43.009998,,,,,45.02,38.459999,,,,,,-0.8763,pending,,2026-06-22T13:15:04+00:00
trackb_cont_FBIN_20260609,42.490002,,,,,45.02,39.310001,,,,,,-0.4054,pending,,2026-06-22T13:15:04+00:00
trackb_cont_FBIN_20260610,40.59,,,,,45.02,40.189999,,,,,,1.8242,pending,,2026-06-22T13:15:04+00:00
trackb_cont_FBIN_20260616,,,,,,44.040001,40.459999,,,,,,-7.878,pending,,2026-06-22T13:15:04+00:00
trackb_cont_FBIN_20260617,,,,,,43.580002,40.459999,,,,,,-7.878,pending,,2026-06-22T13:15:04+00:00
trackb_cont_FBIN_20260618,,,,,,43.459999,41.459999,,,,,,2.1434,pending,,2026-06-22T13:15:04+00:00
trackb_cont_FBIN_20260619,,,,,,,,,,,,,,pending,,2026-06-22T13:15:04+00:00
trackb_cont_FBIN_20260622,,,,,,,,,,,,,,pending,,2026-06-22T13:15:04+00:00
trackb_cont_FCEL_20260603,16.209999,20.040001,,,,24.360001,15.06,,,,,,-33.4512,pending,,2026-06-22T13:15:00+00:00
trackb_cont_FCEL_20260604,17.690001,24.040001,,,,24.360001,15.06,,,,,,-33.4512,pending,,2026-06-22T13:15:00+00:00
trackb_cont_FCEL_20260605,16.940001,,,,,24.360001,15.06,,,,,,-33.4512,pending,,2026-06-22T13:15:00+00:00
trackb_cont_FCPT_20260615,,,,,,25.25,24.18,,,,,,-4.0476,pending,,2026-06-22T13:17:03+00:00
trackb_cont_FCPT_20260616,,,,,,25.129999,24.18,,,,,,-3.2607,pending,,2026-06-22T13:17:03+00:00
trackb_cont_FCPT_20260617,,,,,,24.940001,24.18,,,,,,-3.2607,pending,,2026-06-22T13:17:03+00:00
trackb_cont_FCPT_20260618,,,,,,24.620001,24.290001,,,,,,-2.8206,pending,,2026-06-22T13:17:03+00:00
trackb_cont_FCPT_20260619,,,,,,,,,,,,,,pending,,2026-06-22T13:17:03+00:00
trackb_cont_FC_20260603,24.59,23.42,,,,25.5,22.9,,,,,,-1.0585,pending,,2026-06-22T13:14:58+00:00
trackb_cont_FC_20260604,24.799999,23.889999,,,,25.5,22.9,,,,,,-1.0585,pending,,2026-06-22T13:14:58+00:00
trackb_cont_FC_20260605,24.32,,,,,25.5,22.9,,,,,,-1.0585,pending,,2026-06-22T13:14:58+00:00
trackb_cont_FC_20260608,23.700001,,,,,25.5,22.9,,,,,,-1.0585,pending,,2026-06-22T13:14:58+00:00
trackb_cont_FC_20260610,23.42,,,,,25.5,22.9,,,,,,-4.4639,pending,,2026-06-22T13:14:58+00:00
trackb_cont_FC_20260611,23.889999,,,,,25.5,22.9,,,,,,-6.8727,pending,,2026-06-22T13:14:58+00:00
trackb_cont_FC_20260615,,,,,,24.639999,22.9,,,,,,-4.6231,pending,,2026-06-22T13:14:58+00:00
trackb_cont_FC_20260616,,,,,,24.639999,22.9,,,,,,-4.1641,pending,,2026-06-22T13:14:58+00:00
trackb_cont_FC_20260617,,,,,,24.639999,23.18,,,,,,-2.9923,pending,,2026-06-22T13:14:58+00:00
trackb_cont_FDS_20260603,249.080002,228.300003,,,,264.369995,216.559998,,,,,,-14.5147,pending,,2026-06-22T13:15:13+00:00
trackb_cont_FDS_20260604,236.639999,221.289993,,,,264.369995,216.559998,,,,,,-14.5147,pending,,2026-06-22T13:15:13+00:00
trackb_cont_FDS_20260605,241.160004,,,,,259.0,216.559998,,,,,,-14.5147,pending,,2026-06-22T13:15:13+00:00
trackb_cont_FDS_20260608,235.860001,,,,,256.649994,216.559998,,,,,,-14.5147,pending,,2026-06-22T13:15:13+00:00
trackb_cont_FDS_20260609,237.559998,,,,,251.110001,216.559998,,,,,,-12.1033,pending,,2026-06-22T13:15:13+00:00
trackb_cont_FDX_20260603,319.25,325.929993,,,,345.369995,318.959991,,,,,,-2.6522,pending,,2026-06-22T13:15:14+00:00
trackb_cont_FDX_20260604,338.0,326.200012,,,,345.369995,318.959991,,,,,,-2.6522,pending,,2026-06-22T13:15:14+00:00
trackb_cont_FDX_20260605,338.309998,,,,,345.369995,318.959991,,,,,,-2.6522,pending,,2026-06-22T13:15:14+00:00
trackb_cont_FDX_20260608,338.75,,,,,345.369995,318.959991,,,,,,-2.6522,pending,,2026-06-22T13:15:14+00:00
trackb_cont_FDX_20260609,335.73999,,,,,345.369995,318.959991,,,,,,-3.4099,pending,,2026-06-22T13:15:14+00:00
trackb_cont_FDX_20260610,325.929993,,,,,345.369995,318.959991,,,,,,-3.4099,pending,,2026-06-22T13:15:14+00:00
trackb_cont_FDX_20260611,326.200012,,,,,345.369995,322.839996,,,,,,1.1245,pending,,2026-06-22T13:15:14+00:00
trackb_cont_FDX_20260616,,,,,,342.140015,324.470001,,,,,,-4.92,pending,,2026-06-22T13:15:14+00:00
trackb_cont_FDX_20260617,,,,,,338.179993,324.470001,,,,,,-4.92,pending,,2026-06-22T13:15:14+00:00
trackb_cont_FGI_20260612,,,,,,6.446,4.46,,,,,,-29.3185,pending,,2026-06-22T13:16:47+00:00
trackb_cont_FGI_20260615,,,,,,5.93,4.46,,,,,,-21.8914,pending,,2026-06-22T13:16:47+00:00
trackb_cont_FGI_20260616,,,,,,5.23,4.46,,,,,,-12.9756,pending,,2026-06-22T13:16:47+00:00
trackb_cont_FGI_20260617,,,,,,5.23,4.46,,,,,,-12.9756,pending,,2026-06-22T13:16:47+00:00
trackb_cont_FG_20260615,,,,,,29.34,26.59,,,,,,-9.342,pending,,2026-06-22T13:17:04+00:00
trackb_cont_FG_20260616,,,,,,28.67,26.59,,,,,,-8.2312,pending,,2026-06-22T13:17:04+00:00
trackb_cont_FG_20260617,,,,,,27.620001,26.59,,,,,,-8.2312,pending,,2026-06-22T13:17:04+00:00
trackb_cont_FHN_20260611,24.809999,,,,,25.42,24.49,,,,,,-0.9304,pending,,2026-06-22T13:16:32+00:00
trackb_cont_FHN_20260612,,,,,,25.42,24.49,,,,,,-2.0008,pending,,2026-06-22T13:16:32+00:00
trackb_cont_FHN_20260616,,,,,,25.219999,24.49,,,,,,-1.7452,pending,,2026-06-22T13:16:32+00:00
trackb_cont_FHN_20260617,,,,,,25.219999,24.49,,,,,,-1.7452,pending,,2026-06-22T13:16:32+00:00
trackb_cont_FHN_20260618,,,,,,25.09,24.709999,,,,,,-0.8626,pending,,2026-06-22T13:16:32+00:00
trackb_cont_FHN_20260619,,,,,,,,,,,,,,pending,,2026-06-22T13:16:32+00:00
trackb_cont_FICO_20260603,1220.150024,1126.839966,,,,1260.0,1080.0,,,,,,-6.9936,pending,,2026-06-22T13:15:23+00:00
trackb_cont_FICO_20260604,1185.369995,1096.47998,,,,1260.0,1080.0,,,,,,-6.9936,pending,,2026-06-22T13:15:23+00:00
trackb_cont_FICO_20260605,1179.189941,,,,,1260.0,1080.0,,,,,,-6.9936,pending,,2026-06-22T13:15:23+00:00
trackb_cont_FITB_20260603,52.650002,52.580002,,,,55.299999,49.470001,,,,,,-0.3625,pending,,2026-06-22T13:15:10+00:00
trackb_cont_FITB_20260604,53.419998,52.740002,,,,55.299999,49.950001,,,,,,0.6042,pending,,2026-06-22T13:15:10+00:00
trackb_cont_FITB_20260605,54.73,,,,,55.299999,51.419998,,,,,,3.565,pending,,2026-06-22T13:15:10+00:00
trackb_cont_FITB_20260608,53.0,,,,,55.299999,51.790001,,,,,,-0.423,pending,,2026-06-22T13:15:10+00:00
trackb_cont_FITB_20260610,52.580002,,,,,55.299999,52.299999,,,,,,0.6543,pending,,2026-06-22T13:15:10+00:00
trackb_cont_FITB_20260611,52.740002,,,,,55.299999,52.299999,,,,,,-0.6648,pending,,2026-06-22T13:15:10+00:00
trackb_cont_FITB_20260612,,,,,,55.299999,52.299999,,,,,,-2.0966,pending,,2026-06-22T13:15:10+00:00
trackb_cont_FITB_20260615,,,,,,55.299999,52.299999,,,,,,-5.0472,pending,,2026-06-22T13:15:10+00:00
trackb_cont_FITB_20260616,,,,,,54.16,52.299999,,,,,,-2.4618,pending,,2026-06-22T13:15:10+00:00
trackb_cont_FITB_20260617,,,,,,54.16,52.299999,,,,,,-2.4618,pending,,2026-06-22T13:15:10+00:00
trackb_cont_FIX_20260618,,,,,,2004.98999,1935.0,,,,,,0.1672,pending,,2026-06-22T13:17:38+00:00
trackb_cont_FIX_20260619,,,,,,,,,,,,,,pending,,2026-06-22T13:17:38+00:00
trackb_cont_FIX_20260622,,,,,,,,,,,,,,pending,,2026-06-22T13:17:38+00:00
trackb_cont_FIZZ_20260612,,,,,,37.459999,35.049999,,,,,,-5.1678,pending,,2026-06-22T13:16:49+00:00
trackb_cont_FLEX_20260603,139.490005,143.130005,,,,166.860001,137.779999,,,,,,-16.0876,pending,,2026-06-22T13:13:47+00:00
trackb_cont_FLEX_20260604,151.990005,147.610001,,,,161.110001,137.779999,,,,,,-16.0876,pending,,2026-06-22T13:13:47+00:00
trackb_cont_FLEX_20260605,149.710007,,,,,158.699997,137.779999,,,,,,-16.0876,pending,,2026-06-22T13:13:47+00:00
trackb_cont_FLEX_20260608,149.220001,,,,,158.699997,137.779999,,,,,,-9.3075,pending,,2026-06-22T13:13:47+00:00
trackb_cont_FLL_20260612,,,,,,3.37,2.79,,,,,,-3.7931,pending,,2026-06-22T13:16:48+00:00
trackb_cont_FLL_20260616,,,,,,3.05,2.79,,,,,,-9.8546,pending,,2026-06-22T13:16:48+00:00
trackb_cont_FLL_20260617,,,,,,2.96,2.79,,,,,,-9.8546,pending,,2026-06-22T13:16:48+00:00
trackb_cont_FLL_20260618,,,,,,2.92,2.82,,,,,,-8.8853,pending,,2026-06-22T13:16:48+00:00
trackb_cont_FLL_20260619,,,,,,,,,,,,,,pending,,2026-06-22T13:16:48+00:00
trackb_cont_FLNC_20260603,21.620001,23.42,,,,28.08,21.309999,,,,,,-16.6275,pending,,2026-06-22T13:14:32+00:00
trackb_cont_FLNC_20260604,24.280001,24.799999,,,,27.98,21.309999,,,,,,-16.6275,pending,,2026-06-22T13:14:32+00:00
trackb_cont_FLNC_20260605,23.709999,,,,,27.98,21.309999,,,,,,-16.6275,pending,,2026-06-22T13:14:32+00:00
trackb_cont_FLNC_20260608,24.18,,,,,27.98,21.309999,,,,,,-16.6275,pending,,2026-06-22T13:14:32+00:00
trackb_cont_FLR_20260611,53.66,,,,,53.919998,47.310001,,,,,,1.0034,pending,,2026-06-22T13:16:35+00:00
trackb_cont_FLR_20260615,,,,,,53.919998,50.110001,,,,,,-3.4303,pending,,2026-06-22T13:16:35+00:00
trackb_cont_FLR_20260616,,,,,,53.919998,50.330002,,,,,,-0.72,pending,,2026-06-22T13:16:35+00:00
trackb_cont_FLR_20260617,,,,,,53.919998,50.830002,,,,,,0.2663,pending,,2026-06-22T13:16:35+00:00
trackb_cont_FLR_20260618,,,,,,53.919998,51.849998,,,,,,2.2783,pending,,2026-06-22T13:16:35+00:00
trackb_cont_FLR_20260619,,,,,,,,,,,,,,pending,,2026-06-22T13:16:35+00:00
trackb_cont_FLR_20260622,,,,,,,,,,,,,,pending,,2026-06-22T13:16:35+00:00
trackb_cont_FLS_20260603,72.860001,78.93,,,,82.519997,72.760002,,,,,,-3.9979,pending,,2026-06-22T13:14:03+00:00
trackb_cont_FLS_20260604,78.099998,81.699997,,,,82.519997,72.760002,,,,,,-3.9979,pending,,2026-06-22T13:14:03+00:00
trackb_cont_FLS_20260605,78.07,,,,,82.519997,72.760002,,,,,,-3.9979,pending,,2026-06-22T13:14:03+00:00
trackb_cont_FLS_20260608,79.989998,,,,,82.519997,72.760002,,,,,,-3.9979,pending,,2026-06-22T13:14:03+00:00
trackb_cont_FLS_20260616,,,,,,82.519997,78.790001,,,,,,-2.1303,pending,,2026-06-22T13:14:03+00:00
trackb_cont_FLS_20260617,,,,,,82.519997,78.790001,,,,,,-2.1303,pending,,2026-06-22T13:14:03+00:00
trackb_cont_FLS_20260618,,,,,,82.519997,80.080002,,,,,,1.457,pending,,2026-06-22T13:14:03+00:00
trackb_cont_FLS_20260619,,,,,,,,,,,,,,pending,,2026-06-22T13:14:03+00:00
trackb_cont_FLS_20260622,,,,,,,,,,,,,,pending,,2026-06-22T13:14:03+00:00
trackb_cont_FLUT_20260611,101.830002,,,,,115.334999,99.349998,,,,,,-12.0329,pending,,2026-06-22T13:16:03+00:00
trackb_cont_FLYX_20260603,2.25,2.12,,,,2.695,1.96,,,,,,-22.8346,pending,,2026-06-22T13:15:12+00:00
trackb_cont_FLYX_20260604,2.36,2.14,,,,2.695,1.96,,,,,,-22.8346,pending,,2026-06-22T13:15:12+00:00
trackb_cont_FLYX_20260605,2.01,,,,,2.605,1.96,,,,,,-22.8346,pending,,2026-06-22T13:15:12+00:00
trackb_cont_FLYX_20260608,2.07,,,,,2.605,1.96,,,,,,-21.6,pending,,2026-06-22T13:15:12+00:00
trackb_cont_FNB_20260612,,,,,,18.83,17.940001,,,,,,-1.9136,pending,,2026-06-22T13:16:47+00:00
trackb_cont_FNB_20260616,,,,,,18.57,17.940001,,,,,,-2.9221,pending,,2026-06-22T13:16:47+00:00
trackb_cont_FNB_20260617,,,,,,18.549999,17.940001,,,,,,-2.9221,pending,,2026-06-22T13:16:47+00:00
trackb_cont_FNKO_20260618,,,,,,5.49,5.13,,,,,,0.7859,pending,,2026-06-22T13:17:41+00:00
trackb_cont_FNKO_20260619,,,,,,,,,,,,,,pending,,2026-06-22T13:17:41+00:00
trackb_cont_FNKO_20260622,,,,,,,,,,,,,,pending,,2026-06-22T13:17:41+00:00
trackb_cont_FORM_20260616,,,,,,154.770004,139.139999,,,,,,-8.5628,pending,,2026-06-22T13:17:13+00:00
trackb_cont_FORM_20260617,,,,,,154.669998,139.139999,,,,,,-8.5628,pending,,2026-06-22T13:17:13+00:00
trackb_cont_FORR_20260603,6.73,6.67,,,,7.45,6.48,,,,,,-4.0,pending,,2026-06-22T13:14:41+00:00
trackb_cont_FOR_20260603,28.32,28.42,,,,29.860001,26.879999,,,,,,0.0186,pending,,2026-06-22T13:14:35+00:00
trackb_cont_FOR_20260604,28.790001,29.309999,,,,29.860001,27.700001,,,,,,3.0698,pending,,2026-06-22T13:14:35+00:00
trackb_cont_FOR_20260605,29.200001,,,,,29.860001,28.0,,,,,,4.186,pending,,2026-06-22T13:14:35+00:00
trackb_cont_FOR_20260608,28.5,,,,,29.860001,28.17,,,,,,4.8186,pending,,2026-06-22T13:14:35+00:00
trackb_cont_FOR_20260611,29.309999,,,,,29.860001,28.18,,,,,,-0.4943,pending,,2026-06-22T13:14:35+00:00
trackb_cont_FOR_20260612,,,,,,29.860001,28.18,,,,,,-2.1188,pending,,2026-06-22T13:14:35+00:00
trackb_cont_FOR_20260615,,,,,,29.860001,28.18,,,,,,-4.2148,pending,,2026-06-22T13:14:35+00:00
trackb_cont_FOR_20260616,,,,,,29.860001,28.18,,,,,,-3.427,pending,,2026-06-22T13:14:35+00:00
trackb_cont_FOR_20260617,,,,,,29.860001,28.18,,,,,,-3.427,pending,,2026-06-22T13:14:35+00:00
trackb_cont_FOR_20260618,,,,,,29.860001,28.780001,,,,,,-1.3708,pending,,2026-06-22T13:14:35+00:00
trackb_cont_FOR_20260619,,,,,,,,,,,,,,pending,,2026-06-22T13:14:35+00:00
trackb_cont_FOXA_20260611,52.23,,,,,69.175003,50.68,,,,,,-25.4706,pending,,2026-06-22T13:16:30+00:00
trackb_cont_FOXA_20260612,,,,,,68.849998,50.68,,,,,,-25.7979,pending,,2026-06-22T13:16:30+00:00
trackb_cont_FOX_20260609,47.950001,,,,,61.959999,45.939999,,,,,,-23.8648,pending,,2026-06-22T13:16:11+00:00
trackb_cont_FPH_20260603,5.02,5.08,,,,5.22,4.89,,,,,,-1.6097,pending,,2026-06-22T13:14:59+00:00
trackb_cont_FPH_20260604,5.12,5.12,,,,5.22,4.89,,,,,,-1.6097,pending,,2026-06-22T13:14:59+00:00
trackb_cont_FPH_20260605,5.16,,,,,5.22,4.89,,,,,,-1.6097,pending,,2026-06-22T13:14:59+00:00
trackb_cont_FPH_20260609,5.06,,,,,5.22,4.98,,,,,,-1.9685,pending,,2026-06-22T13:14:59+00:00
trackb_cont_FPH_20260610,5.08,,,,,5.22,4.98,,,,,,-1.9685,pending,,2026-06-22T13:14:59+00:00
trackb_cont_FPH_20260612,,,,,,5.22,5.005,,,,,,-2.2461,pending,,2026-06-22T13:14:59+00:00
trackb_cont_FPH_20260615,,,,,,5.22,5.005,,,,,,-3.2102,pending,,2026-06-22T13:14:59+00:00
trackb_cont_FPH_20260616,,,,,,5.22,5.005,,,,,,-2.4366,pending,,2026-06-22T13:14:59+00:00
trackb_cont_FPH_20260617,,,,,,5.22,5.05,,,,,,-1.5595,pending,,2026-06-22T13:14:59+00:00
trackb_cont_FPH_20260618,,,,,,5.22,5.085,,,,,,-0.8772,pending,,2026-06-22T13:14:59+00:00
trackb_cont_FPH_20260619,,,,,,,,,,,,,,pending,,2026-06-22T13:14:59+00:00
trackb_cont_FRMI_20260616,,,,,,10.135,7.17,,,,,,-4.2084,pending,,2026-06-22T13:17:11+00:00
trackb_cont_FRMI_20260617,,,,,,10.135,8.02,,,,,,7.1476,pending,,2026-06-22T13:17:11+00:00
trackb_cont_FRMI_20260618,,,,,,10.135,9.08,,,,,,21.3093,pending,,2026-06-22T13:17:11+00:00
trackb_cont_FRMI_20260619,,,,,,,,,,,,,,pending,,2026-06-22T13:17:11+00:00
trackb_cont_FRT_20260603,123.620003,120.480003,,,,126.410004,119.080002,,,,,,-0.2931,pending,,2026-06-22T13:15:31+00:00
trackb_cont_FRT_20260604,124.720001,120.389999,,,,126.410004,120.040001,,,,,,0.5108,pending,,2026-06-22T13:15:31+00:00
trackb_cont_FRT_20260605,125.839996,,,,,126.410004,120.040001,,,,,,0.5108,pending,,2026-06-22T13:15:31+00:00
trackb_cont_FRT_20260608,124.709999,,,,,126.410004,120.040001,,,,,,-2.0561,pending,,2026-06-22T13:15:31+00:00
trackb_cont_FRT_20260610,120.480003,,,,,126.410004,120.040001,,,,,,-1.6871,pending,,2026-06-22T13:15:31+00:00
trackb_cont_FRT_20260612,,,,,,126.410004,120.040001,,,,,,-3.7524,pending,,2026-06-22T13:15:31+00:00
trackb_cont_FRT_20260616,,,,,,125.309998,120.040001,,,,,,-3.8411,pending,,2026-06-22T13:15:31+00:00
trackb_cont_FRT_20260617,,,,,,123.480003,120.040001,,,,,,-3.8411,pending,,2026-06-22T13:15:31+00:00
trackb_cont_FRT_20260618,,,,,,121.519997,120.199997,,,,,,-0.2324,pending,,2026-06-22T13:15:31+00:00
trackb_cont_FRT_20260619,,,,,,,,,,,,,,pending,,2026-06-22T13:15:31+00:00
trackb_cont_FRT_20260622,,,,,,,,,,,,,,pending,,2026-06-22T13:15:31+00:00
trackb_cont_FR_20260615,,,,,,64.160004,60.41,,,,,,-5.1276,pending,,2026-06-22T13:17:06+00:00
trackb_cont_FR_20260616,,,,,,64.160004,60.41,,,,,,-4.9185,pending,,2026-06-22T13:17:06+00:00
trackb_cont_FR_20260617,,,,,,62.889999,60.41,,,,,,-4.9185,pending,,2026-06-22T13:17:06+00:00
trackb_cont_FR_20260618,,,,,,61.950001,61.0,,,,,,-3.9899,pending,,2026-06-22T13:17:06+00:00
trackb_cont_FR_20260619,,,,,,,,,,,,,,pending,,2026-06-22T13:17:06+00:00
trackb_cont_FSLR_20260603,249.270004,254.800003,,,,320.950012,248.570007,,,,,,-21.448,pending,,2026-06-22T13:13:53+00:00
trackb_cont_FSLR_20260604,271.170013,257.700012,,,,320.640015,248.570007,,,,,,-21.448,pending,,2026-06-22T13:13:53+00:00
trackb_cont_FSLR_20260605,267.309998,,,,,306.549988,248.570007,,,,,,-21.448,pending,,2026-06-22T13:13:53+00:00
trackb_cont_FSLR_20260608,273.51001,,,,,289.98999,248.570007,,,,,,-21.448,pending,,2026-06-22T13:13:53+00:00
trackb_cont_FSP_20260612,,,,,,0.74,0.58,,,,,,-14.7059,pending,,2026-06-22T13:16:16+00:00
trackb_cont_FSP_20260615,,,,,,0.71,0.58,,,,,,-14.7184,pending,,2026-06-22T13:16:16+00:00
trackb_cont_FSP_20260616,,,,,,0.67,0.58,,,,,,-10.7555,pending,,2026-06-22T13:16:16+00:00
trackb_cont_FSP_20260617,,,,,,0.65,0.58,,,,,,-10.7555,pending,,2026-06-22T13:16:16+00:00
trackb_cont_FSP_20260618,,,,,,0.63,0.58,,,,,,-10.7555,pending,,2026-06-22T13:16:16+00:00
trackb_cont_FSP_20260619,,,,,,,,,,,,,,pending,,2026-06-22T13:16:16+00:00
trackb_cont_FSS_20260618,,,,,,119.290001,115.910004,,,,,,-0.4894,pending,,2026-06-22T13:17:39+00:00
trackb_cont_FSS_20260619,,,,,,,,,,,,,,pending,,2026-06-22T13:17:39+00:00
trackb_cont_FSS_20260622,,,,,,,,,,,,,,pending,,2026-06-22T13:17:39+00:00
trackb_cont_FSTR_20260603,40.759998,41.630001,,,,43.5,40.0,,,,,,-4.3062,pending,,2026-06-22T13:14:21+00:00
trackb_cont_FSTR_20260604,42.119999,43.09,,,,43.5,40.0,,,,,,-4.3062,pending,,2026-06-22T13:14:21+00:00
trackb_cont_FSTR_20260605,42.369999,,,,,43.5,40.0,,,,,,-4.3062,pending,,2026-06-22T13:14:21+00:00
trackb_cont_FSTR_20260608,41.98,,,,,43.5,40.0,,,,,,-3.6377,pending,,2026-06-22T13:14:21+00:00
trackb_cont_FSTR_20260610,41.630001,,,,,43.5,40.0,,,,,,-4.2146,pending,,2026-06-22T13:14:21+00:00
trackb_cont_FSTR_20260616,,,,,,43.279999,40.700001,,,,,,-3.0029,pending,,2026-06-22T13:14:21+00:00
trackb_cont_FSTR_20260617,,,,,,43.279999,40.700001,,,,,,-3.0029,pending,,2026-06-22T13:14:21+00:00
trackb_cont_FSTR_20260618,,,,,,43.279999,40.700001,,,,,,-4.0999,pending,,2026-06-22T13:14:21+00:00
trackb_cont_FSTR_20260619,,,,,,,,,,,,,,pending,,2026-06-22T13:14:21+00:00
trackb_cont_FSTR_20260622,,,,,,,,,,,,,,pending,,2026-06-22T13:14:21+00:00
trackb_cont_FTCI_20260603,4.29,5.08,,,,5.89,4.24,,,,,,-25.1465,pending,,2026-06-22T13:14:07+00:00
trackb_cont_FTCI_20260604,4.49,5.14,,,,5.6,4.24,,,,,,-25.1465,pending,,2026-06-22T13:14:07+00:00
trackb_cont_FTCI_20260605,4.32,,,,,5.6,4.24,,,,,,-25.1465,pending,,2026-06-22T13:14:07+00:00
trackb_cont_FTCI_20260608,4.51,,,,,5.6,4.24,,,,,,-10.7368,pending,,2026-06-22T13:14:07+00:00
trackb_cont_FTDR_20260616,,,,,,71.760002,68.360001,,,,,,-3.0217,pending,,2026-06-22T13:17:13+00:00
trackb_cont_FTDR_20260617,,,,,,71.760002,68.360001,,,,,,-3.0217,pending,,2026-06-22T13:17:13+00:00
trackb_cont_FTDR_20260618,,,,,,71.760002,69.160004,,,,,,0.611,pending,,2026-06-22T13:17:13+00:00
trackb_cont_FTDR_20260619,,,,,,,,,,,,,,pending,,2026-06-22T13:17:13+00:00
trackb_cont_FTDR_20260622,,,,,,,,,,,,,,pending,,2026-06-22T13:17:13+00:00
trackb_cont_FTNT_20260603,138.880005,144.139999,,,,150.070007,133.050003,,,,,,-9.5236,pending,,2026-06-22T13:13:51+00:00
trackb_cont_FTNT_20260604,145.059998,144.729996,,,,150.070007,133.050003,,,,,,-9.5236,pending,,2026-06-22T13:13:51+00:00
trackb_cont_FTNT_20260605,146.300003,,,,,149.5,133.050003,,,,,,-9.5236,pending,,2026-06-22T13:13:51+00:00
trackb_cont_FTNT_20260608,149.490005,,,,,149.5,133.050003,,,,,,-8.0384,pending,,2026-06-22T13:13:51+00:00
trackb_cont_FTNT_20260609,147.020004,,,,,149.5,133.050003,,,,,,-6.9841,pending,,2026-06-22T13:13:51+00:00
trackb_cont_FTNT_20260610,144.139999,,,,,149.5,137.009995,,,,,,-4.2156,pending,,2026-06-22T13:13:51+00:00
trackb_cont_FTNT_20260612,,,,,,149.5,139.789993,,,,,,-3.633,pending,,2026-06-22T13:13:51+00:00
trackb_cont_FTNT_20260616,,,,,,148.880005,139.789993,,,,,,-5.6238,pending,,2026-06-22T13:13:51+00:00
trackb_cont_FTNT_20260617,,,,,,148.0,139.789993,,,,,,-5.6238,pending,,2026-06-22T13:13:51+00:00
trackb_cont_FTNT_20260618,,,,,,147.199997,139.789993,,,,,,-5.6238,pending,,2026-06-22T13:13:51+00:00
trackb_cont_FTNT_20260619,,,,,,,,,,,,,,pending,,2026-06-22T13:13:51+00:00
trackb_cont_FTNT_20260622,,,,,,,,,,,,,,pending,,2026-06-22T13:13:51+00:00
trackb_cont_FTV_20260610,60.68,,,,,63.400002,58.73,,,,,,-3.9732,pending,,2026-06-22T13:16:20+00:00
trackb_cont_FUL_20260603,61.189999,64.769997,,,,66.449997,58.84,,,,,,-5.8635,pending,,2026-06-22T13:15:25+00:00
trackb_cont_FUL_20260604,63.599998,64.860001,,,,66.449997,58.84,,,,,,-5.8635,pending,,2026-06-22T13:15:25+00:00
trackb_cont_FUL_20260605,63.630001,,,,,66.449997,58.84,,,,,,-5.8635,pending,,2026-06-22T13:15:25+00:00
trackb_cont_FUL_20260608,64.419998,,,,,66.449997,59.66,,,,,,-4.5516,pending,,2026-06-22T13:15:25+00:00
trackb_cont_FUL_20260615,,,,,,66.449997,62.400002,,,,,,-4.0812,pending,,2026-06-22T13:15:25+00:00
trackb_cont_FUL_20260616,,,,,,66.449997,63.59,,,,,,-0.842,pending,,2026-06-22T13:15:25+00:00
trackb_cont_FUL_20260617,,,,,,66.449997,64.089996,,,,,,-0.0624,pending,,2026-06-22T13:15:25+00:00
trackb_cont_FUL_20260618,,,,,,65.510002,64.089996,,,,,,-1.5741,pending,,2026-06-22T13:15:25+00:00
trackb_cont_FUL_20260619,,,,,,,,,,,,,,pending,,2026-06-22T13:15:25+00:00
trackb_cont_FUL_20260622,,,,,,,,,,,,,,pending,,2026-06-22T13:15:25+00:00
trackb_cont_FUN_20260611,24.940001,,,,,26.280001,23.059999,,,,,,-0.3457,pending,,2026-06-22T13:16:28+00:00
trackb_cont_FUN_20260615,,,,,,26.280001,23.09,,,,,,-2.9832,pending,,2026-06-22T13:16:28+00:00
trackb_cont_FUN_20260616,,,,,,26.280001,23.389999,,,,,,0.2572,pending,,2026-06-22T13:16:28+00:00
trackb_cont_FUN_20260617,,,,,,26.280001,24.76,,,,,,6.1294,pending,,2026-06-22T13:16:28+00:00
trackb_cont_FUN_20260618,,,,,,25.950001,24.799999,,,,,,-0.2414,pending,,2026-06-22T13:16:28+00:00
trackb_cont_FUN_20260619,,,,,,,,,,,,,,pending,,2026-06-22T13:16:28+00:00
trackb_cont_FUN_20260622,,,,,,,,,,,,,,pending,,2026-06-22T13:16:28+00:00
trackb_cont_FVR_20260603,19.620001,19.139999,,,,20.0,17.809999,,,,,,-0.8904,pending,,2026-06-22T13:14:57+00:00
trackb_cont_FVR_20260604,19.57,19.59,,,,20.0,17.879999,,,,,,-0.5008,pending,,2026-06-22T13:14:57+00:00
trackb_cont_FVR_20260605,19.870001,,,,,20.0,18.315001,,,,,,1.9199,pending,,2026-06-22T13:14:57+00:00
trackb_cont_FVR_20260608,19.530001,,,,,20.0,18.66,,,,,,3.8397,pending,,2026-06-22T13:14:57+00:00
trackb_cont_FVR_20260611,19.59,,,,,20.0,18.66,,,,,,-4.893,pending,,2026-06-22T13:14:57+00:00
trackb_cont_FVR_20260612,,,,,,20.0,18.66,,,,,,-4.65,pending,,2026-06-22T13:14:57+00:00
trackb_cont_FVR_20260616,,,,,,19.84,18.66,,,,,,-4.4057,pending,,2026-06-22T13:14:57+00:00
trackb_cont_FVR_20260617,,,,,,19.83,18.66,,,,,,-4.4057,pending,,2026-06-22T13:14:57+00:00
trackb_cont_FVR_20260618,,,,,,19.83,18.690001,,,,,,-2.3511,pending,,2026-06-22T13:14:57+00:00
trackb_cont_FVR_20260619,,,,,,,,,,,,,,pending,,2026-06-22T13:14:57+00:00
trackb_cont_F_20260603,14.3,13.96,,,,16.200001,13.72,,,,,,-13.192,pending,,2026-06-22T13:15:25+00:00
trackb_cont_F_20260604,14.71,14.06,,,,15.89,13.72,,,,,,-13.192,pending,,2026-06-22T13:15:25+00:00
trackb_cont_F_20260605,14.84,,,,,15.48,13.72,,,,,,-13.192,pending,,2026-06-22T13:15:25+00:00
trackb_cont_F_20260608,14.77,,,,,15.48,13.72,,,,,,-13.192,pending,,2026-06-22T13:15:25+00:00
trackb_cont_GCO_20260603,39.02,34.57,,,,43.599998,34.380001,,,,,,-11.733,pending,,2026-06-22T13:14:13+00:00
trackb_cont_GCO_20260604,42.720001,35.669998,,,,43.599998,34.380001,,,,,,-11.733,pending,,2026-06-22T13:14:13+00:00
trackb_cont_GCO_20260605,42.5,,,,,43.599998,34.380001,,,,,,-11.733,pending,,2026-06-22T13:14:13+00:00
trackb_cont_GCO_20260608,39.189999,,,,,43.599998,34.380001,,,,,,-11.733,pending,,2026-06-22T13:14:13+00:00
trackb_cont_GCO_20260610,34.57,,,,,43.599998,34.380001,,,,,,-12.3183,pending,,2026-06-22T13:14:13+00:00
trackb_cont_GCO_20260616,,,,,,40.200001,34.380001,,,,,,-15.2367,pending,,2026-06-22T13:14:13+00:00
trackb_cont_GCO_20260617,,,,,,37.0,34.380001,,,,,,-15.2367,pending,,2026-06-22T13:14:13+00:00
trackb_cont_GD_20260615,,,,,,367.0,348.829987,,,,,,-2.8058,pending,,2026-06-22T13:17:03+00:00
trackb_cont_GD_20260616,,,,,,367.0,348.829987,,,,,,-3.4374,pending,,2026-06-22T13:17:03+00:00
trackb_cont_GD_20260617,,,,,,367.0,348.829987,,,,,,-3.4374,pending,,2026-06-22T13:17:03+00:00
trackb_cont_GD_20260618,,,,,,367.0,348.829987,,,,,,-3.4374,pending,,2026-06-22T13:17:03+00:00
trackb_cont_GD_20260619,,,,,,,,,,,,,,pending,,2026-06-22T13:17:03+00:00
trackb_cont_GEF_20260615,,,,,,71.5,68.470001,,,,,,-1.0549,pending,,2026-06-22T13:17:01+00:00
trackb_cont_GEF_20260616,,,,,,71.5,68.470001,,,,,,-1.7154,pending,,2026-06-22T13:17:01+00:00
trackb_cont_GEF_20260617,,,,,,71.5,68.470001,,,,,,-1.7154,pending,,2026-06-22T13:17:01+00:00
trackb_cont_GEF_20260618,,,,,,70.769997,68.470001,,,,,,-1.7154,pending,,2026-06-22T13:17:01+00:00
trackb_cont_GEF_20260619,,,,,,,,,,,,,,pending,,2026-06-22T13:17:01+00:00
trackb_cont_GEF_20260622,,,,,,,,,,,,,,pending,,2026-06-22T13:17:01+00:00
trackb_cont_GEO_20260603,28.139999,28.860001,,,,29.639999,23.0,,,,,,-0.6694,pending,,2026-06-22T13:14:19+00:00
trackb_cont_GEO_20260604,28.620001,29.280001,,,,29.639999,23.73,,,,,,2.4833,pending,,2026-06-22T13:14:19+00:00
trackb_cont_GEO_20260605,28.440001,,,,,29.639999,24.93,,,,,,7.6657,pending,,2026-06-22T13:14:19+00:00
trackb_cont_GEO_20260608,28.540001,,,,,29.639999,25.15,,,,,,-0.6322,pending,,2026-06-22T13:14:19+00:00
trackb_cont_GEO_20260609,28.629999,,,,,29.639999,26.059999,,,,,,-2.3238,pending,,2026-06-22T13:14:19+00:00
trackb_cont_GEO_20260610,28.860001,,,,,29.639999,26.66,,,,,,-0.075,pending,,2026-06-22T13:14:19+00:00
trackb_cont_GEO_20260611,29.280001,,,,,29.639999,27.559999,,,,,,-2.0611,pending,,2026-06-22T13:14:19+00:00
trackb_cont_GEO_20260615,,,,,,29.639999,27.559999,,,,,,-2.1481,pending,,2026-06-22T13:14:19+00:00
trackb_cont_GEO_20260616,,,,,,29.639999,27.559999,,,,,,-3.4338,pending,,2026-06-22T13:14:19+00:00
trackb_cont_GEO_20260617,,,,,,29.639999,28.389999,,,,,,-0.5256,pending,,2026-06-22T13:14:19+00:00
trackb_cont_GEO_20260618,,,,,,29.370001,28.389999,,,,,,-0.5256,pending,,2026-06-22T13:14:19+00:00
trackb_cont_GEO_20260619,,,,,,,,,,,,,,pending,,2026-06-22T13:14:19+00:00
trackb_cont_GEO_20260622,,,,,,,,,,,,,,pending,,2026-06-22T13:14:19+00:00
trackb_cont_GE_20260603,318.709991,357.029999,,,,364.700012,311.0,,,,,,-1.629,pending,,2026-06-22T13:15:02+00:00
trackb_cont_GE_20260604,332.76001,357.640015,,,,364.700012,316.25,,,,,,0.0316,pending,,2026-06-22T13:15:02+00:00
trackb_cont_GE_20260605,335.299988,,,,,364.700012,318.25,,,,,,0.6642,pending,,2026-06-22T13:15:02+00:00
trackb_cont_GE_20260608,342.26001,,,,,364.700012,318.25,,,,,,0.6642,pending,,2026-06-22T13:15:02+00:00
trackb_cont_GE_20260610,357.029999,,,,,364.700012,318.25,,,,,,-1.1769,pending,,2026-06-22T13:15:02+00:00
trackb_cont_GE_20260616,,,,,,364.700012,344.040009,,,,,,-0.203,pending,,2026-06-22T13:15:02+00:00
trackb_cont_GE_20260617,,,,,,364.700012,350.0,,,,,,1.5258,pending,,2026-06-22T13:15:02+00:00
trackb_cont_GE_20260618,,,,,,364.700012,357.100006,,,,,,3.5853,pending,,2026-06-22T13:15:02+00:00
trackb_cont_GE_20260619,,,,,,,,,,,,,,pending,,2026-06-22T13:15:02+00:00
trackb_cont_GE_20260622,,,,,,,,,,,,,,pending,,2026-06-22T13:15:02+00:00
trackb_cont_GFF_20260612,,,,,,96.910004,88.510002,,,,,,-7.1249,pending,,2026-06-22T13:16:46+00:00
trackb_cont_GFF_20260616,,,,,,96.910004,88.510002,,,,,,-7.2319,pending,,2026-06-22T13:16:46+00:00
trackb_cont_GFF_20260617,,,,,,95.82,88.510002,,,,,,-7.2319,pending,,2026-06-22T13:16:46+00:00
trackb_cont_GFF_20260618,,,,,,93.690002,90.25,,,,,,-5.4082,pending,,2026-06-22T13:16:46+00:00
trackb_cont_GFF_20260619,,,,,,,,,,,,,,pending,,2026-06-22T13:16:46+00:00
trackb_cont_GFS_20260603,74.82,80.639999,,,,88.5,70.485001,,,,,,-18.2214,pending,,2026-06-22T13:15:35+00:00
trackb_cont_GFS_20260604,80.739998,85.830002,,,,86.846001,70.485001,,,,,,-18.2214,pending,,2026-06-22T13:15:35+00:00
trackb_cont_GFS_20260605,81.379997,,,,,86.0,70.485001,,,,,,-18.2214,pending,,2026-06-22T13:15:35+00:00
trackb_cont_GFS_20260608,83.980003,,,,,86.0,70.485001,,,,,,-18.2214,pending,,2026-06-22T13:15:35+00:00
trackb_cont_GHI_20260603,5.14,5.22,,,,5.5,5.05,,,,,,-6.2384,pending,,2026-06-22T13:14:46+00:00
trackb_cont_GHI_20260604,5.16,5.19,,,,5.38,5.05,,,,,,-6.2384,pending,,2026-06-22T13:14:46+00:00
trackb_cont_GHI_20260605,5.15,,,,,5.35,5.05,,,,,,-6.2384,pending,,2026-06-22T13:14:46+00:00
trackb_cont_GHI_20260608,5.21,,,,,5.35,5.05,,,,,,-6.2384,pending,,2026-06-22T13:14:46+00:00
trackb_cont_GH_20260603,130.699997,129.110001,,,,135.0,122.760002,,,,,,-4.2023,pending,,2026-06-22T13:14:19+00:00
trackb_cont_GH_20260604,130.899994,131.779999,,,,135.0,122.760002,,,,,,-4.2023,pending,,2026-06-22T13:14:19+00:00
trackb_cont_GH_20260605,131.619995,,,,,135.0,122.760002,,,,,,-4.2023,pending,,2026-06-22T13:14:19+00:00
trackb_cont_GH_20260608,129.820007,,,,,135.0,122.760002,,,,,,-4.2023,pending,,2026-06-22T13:14:19+00:00
trackb_cont_GH_20260610,129.110001,,,,,135.0,125.0,,,,,,0.0881,pending,,2026-06-22T13:14:19+00:00
trackb_cont_GH_20260615,,,,,,135.0,125.0,,,,,,-4.6675,pending,,2026-06-22T13:14:19+00:00
trackb_cont_GH_20260616,,,,,,134.0,125.0,,,,,,-3.6163,pending,,2026-06-22T13:14:19+00:00
trackb_cont_GH_20260617,,,,,,134.0,125.0,,,,,,-3.6163,pending,,2026-06-22T13:14:19+00:00
trackb_cont_GH_20260618,,,,,,134.0,130.190002,,,,,,0.3855,pending,,2026-06-22T13:14:19+00:00
trackb_cont_GH_20260619,,,,,,,,,,,,,,pending,,2026-06-22T13:14:19+00:00
trackb_cont_GIII_20260603,34.07,34.049999,,,,36.529999,31.360001,,,,,,-2.6238,pending,,2026-06-22T13:14:30+00:00
trackb_cont_GIII_20260604,35.669998,34.77,,,,36.529999,31.360001,,,,,,-2.6238,pending,,2026-06-22T13:14:30+00:00
trackb_cont_GIII_20260605,35.279999,,,,,36.529999,32.790001,,,,,,1.8165,pending,,2026-06-22T13:14:30+00:00
trackb_cont_GIII_20260608,34.630001,,,,,36.529999,33.540001,,,,,,4.1453,pending,,2026-06-22T13:14:30+00:00
trackb_cont_GIII_20260616,,,,,,35.330002,33.669998,,,,,,-4.0741,pending,,2026-06-22T13:14:30+00:00
trackb_cont_GIII_20260617,,,,,,35.310001,33.669998,,,,,,-4.0741,pending,,2026-06-22T13:14:30+00:00
trackb_cont_GIII_20260618,,,,,,35.310001,34.419998,,,,,,-1.9373,pending,,2026-06-22T13:14:30+00:00
trackb_cont_GIII_20260619,,,,,,,,,,,,,,pending,,2026-06-22T13:14:30+00:00
trackb_cont_GIS_20260616,,,,,,35.0,33.060001,,,,,,-4.16,pending,,2026-06-22T13:17:15+00:00
trackb_cont_GIS_20260617,,,,,,34.529999,33.060001,,,,,,-4.16,pending,,2026-06-22T13:17:15+00:00
trackb_cont_GLPI_20260612,,,,,,47.679001,44.375,,,,,,-7.301,pending,,2026-06-22T13:16:45+00:00
trackb_cont_GLW_20260603,168.169998,175.399994,,,,208.570007,166.0,,,,,,-17.1781,pending,,2026-06-22T13:15:12+00:00
trackb_cont_GLW_20260604,176.550003,194.919998,,,,199.800003,166.0,,,,,,-17.1781,pending,,2026-06-22T13:15:12+00:00
trackb_cont_GLW_20260605,179.199997,,,,,196.020004,166.0,,,,,,-17.1781,pending,,2026-06-22T13:15:12+00:00
trackb_cont_GLW_20260608,187.880005,,,,,196.020004,166.0,,,,,,-17.1781,pending,,2026-06-22T13:15:12+00:00
trackb_cont_GLXY_20260616,,,,,,35.41,32.400002,,,,,,-5.498,pending,,2026-06-22T13:17:13+00:00
trackb_cont_GLXY_20260617,,,,,,35.41,32.400002,,,,,,-5.498,pending,,2026-06-22T13:17:13+00:00
trackb_cont_GLXY_20260618,,,,,,35.299999,33.438,,,,,,-2.4705,pending,,2026-06-22T13:17:13+00:00
trackb_cont_GLXY_20260619,,,,,,,,,,,,,,pending,,2026-06-22T13:17:13+00:00
trackb_cont_GL_20260609,169.169998,,,,,172.740005,156.669998,,,,,,-0.2928,pending,,2026-06-22T13:16:06+00:00
trackb_cont_GL_20260611,170.759995,,,,,172.740005,163.139999,,,,,,0.3815,pending,,2026-06-22T13:16:06+00:00
trackb_cont_GL_20260615,,,,,,172.740005,165.779999,,,,,,-0.6889,pending,,2026-06-22T13:16:06+00:00
trackb_cont_GL_20260616,,,,,,172.740005,167.369995,,,,,,-0.8824,pending,,2026-06-22T13:16:06+00:00
trackb_cont_GL_20260617,,,,,,172.740005,168.539993,,,,,,-0.1895,pending,,2026-06-22T13:16:06+00:00
trackb_cont_GL_20260618,,,,,,172.740005,169.550003,,,,,,0.4086,pending,,2026-06-22T13:16:06+00:00
trackb_cont_GL_20260619,,,,,,,,,,,,,,pending,,2026-06-22T13:16:06+00:00
trackb_cont_GL_20260622,,,,,,,,,,,,,,pending,,2026-06-22T13:16:06+00:00
trackb_cont_GM_20260603,79.400002,79.580002,,,,85.410004,78.940002,,,,,,-4.8572,pending,,2026-06-22T13:15:16+00:00
trackb_cont_GM_20260604,80.849998,79.290001,,,,85.410004,78.940002,,,,,,-4.8572,pending,,2026-06-22T13:15:16+00:00
trackb_cont_GM_20260605,81.5,,,,,85.410004,78.940002,,,,,,-4.8572,pending,,2026-06-22T13:15:16+00:00
trackb_cont_GM_20260608,84.07,,,,,85.410004,78.940002,,,,,,-3.8607,pending,,2026-06-22T13:15:16+00:00
trackb_cont_GM_20260610,79.580002,,,,,85.410004,78.940002,,,,,,-5.7658,pending,,2026-06-22T13:15:16+00:00
trackb_cont_GM_20260611,79.290001,,,,,85.410004,78.940002,,,,,,-0.5793,pending,,2026-06-22T13:15:16+00:00
trackb_cont_GM_20260615,,,,,,85.410004,78.940002,,,,,,-6.8005,pending,,2026-06-22T13:15:16+00:00
trackb_cont_GM_20260616,,,,,,85.410004,78.940002,,,,,,-5.9454,pending,,2026-06-22T13:15:16+00:00
trackb_cont_GM_20260617,,,,,,83.18,78.940002,,,,,,-5.9454,pending,,2026-06-22T13:15:16+00:00
trackb_cont_GNRC_20260603,239.110001,268.200012,,,,289.799988,237.0,,,,,,-17.5337,pending,,2026-06-22T13:14:54+00:00
trackb_cont_GNRC_20260604,257.329987,279.149994,,,,289.0,237.0,,,,,,-17.5337,pending,,2026-06-22T13:14:54+00:00
trackb_cont_GNRC_20260605,262.359985,,,,,289.0,237.0,,,,,,-17.5337,pending,,2026-06-22T13:14:54+00:00
trackb_cont_GNRC_20260608,270.100006,,,,,289.0,237.0,,,,,,-17.5337,pending,,2026-06-22T13:14:54+00:00
trackb_cont_GNTX_20260603,24.629999,25.379999,,,,26.48,24.440001,,,,,,-2.2009,pending,,2026-06-22T13:14:29+00:00
trackb_cont_GNTX_20260604,25.700001,25.950001,,,,26.48,24.440001,,,,,,-2.2009,pending,,2026-06-22T13:14:29+00:00
trackb_cont_GNTX_20260605,25.860001,,,,,26.48,24.440001,,,,,,-2.2009,pending,,2026-06-22T13:14:29+00:00
trackb_cont_GNTX_20260608,26.040001,,,,,26.48,24.440001,,,,,,-2.2009,pending,,2026-06-22T13:14:29+00:00
trackb_cont_GNTX_20260609,25.73,,,,,26.48,24.440001,,,,,,-1.0927,pending,,2026-06-22T13:14:29+00:00
trackb_cont_GNTX_20260616,,,,,,26.290001,25.290001,,,,,,-3.0849,pending,,2026-06-22T13:14:29+00:00
trackb_cont_GNTX_20260617,,,,,,26.0,25.290001,,,,,,-3.0849,pending,,2026-06-22T13:14:29+00:00
trackb_cont_GNTX_20260618,,,,,,26.0,25.43,,,,,,-2.5484,pending,,2026-06-22T13:14:29+00:00
trackb_cont_GNTX_20260619,,,,,,,,,,,,,,pending,,2026-06-22T13:14:29+00:00
trackb_cont_GOLF_20260611,107.730003,,,,,108.660004,94.839996,,,,,,0.3067,pending,,2026-06-22T13:16:15+00:00
trackb_cont_GOLF_20260612,,,,,,108.660004,96.580002,,,,,,-2.8761,pending,,2026-06-22T13:16:15+00:00
trackb_cont_GOLF_20260616,,,,,,108.660004,96.93,,,,,,-0.7373,pending,,2026-06-22T13:16:15+00:00
trackb_cont_GOLF_20260617,,,,,,108.660004,97.0,,,,,,-0.6656,pending,,2026-06-22T13:16:15+00:00
trackb_cont_GOLF_20260618,,,,,,108.660004,101.730003,,,,,,4.1782,pending,,2026-06-22T13:16:15+00:00
trackb_cont_GOLF_20260619,,,,,,,,,,,,,,pending,,2026-06-22T13:16:15+00:00
trackb_cont_GOLF_20260622,,,,,,,,,,,,,,pending,,2026-06-22T13:16:15+00:00
trackb_cont_GOOD_20260610,12.01,,,,,12.84,11.88,,,,,,-5.1875,pending,,2026-06-22T13:16:22+00:00
trackb_cont_GO_20260611,9.26,,,,,10.0,8.925,,,,,,-3.4091,pending,,2026-06-22T13:16:27+00:00
trackb_cont_GO_20260612,,,,,,10.0,9.175,,,,,,-2.6008,pending,,2026-06-22T13:16:27+00:00
trackb_cont_GO_20260616,,,,,,10.0,9.175,,,,,,-4.7248,pending,,2026-06-22T13:16:27+00:00
trackb_cont_GO_20260617,,,,,,10.0,9.175,,,,,,-4.7248,pending,,2026-06-22T13:16:27+00:00
trackb_cont_GO_20260618,,,,,,9.64,9.175,,,,,,-4.7248,pending,,2026-06-22T13:16:27+00:00
trackb_cont_GO_20260619,,,,,,,,,,,,,,pending,,2026-06-22T13:16:27+00:00
trackb_cont_GPC_20260615,,,,,,111.309998,104.480003,,,,,,-0.6372,pending,,2026-06-22T13:16:40+00:00
trackb_cont_GPC_20260616,,,,,,111.309998,105.470001,,,,,,0.4381,pending,,2026-06-22T13:16:40+00:00
trackb_cont_GPC_20260617,,,,,,111.309998,105.470001,,,,,,0.4381,pending,,2026-06-22T13:16:40+00:00
trackb_cont_GPC_20260618,,,,,,111.309998,107.120003,,,,,,0.9423,pending,,2026-06-22T13:16:40+00:00
trackb_cont_GPC_20260619,,,,,,,,,,,,,,pending,,2026-06-22T13:16:40+00:00
trackb_cont_GPC_20260622,,,,,,,,,,,,,,pending,,2026-06-22T13:16:40+00:00
trackb_cont_GPGI_20260622,,,,,,,,,,,,,,pending,,2026-06-22T13:17:44+00:00
trackb_cont_GRBK_20260603,70.0,71.389999,,,,75.18,67.93,,,,,,-0.6145,pending,,2026-06-22T13:14:13+00:00
trackb_cont_GRBK_20260604,73.040001,74.610001,,,,75.18,67.93,,,,,,-0.6145,pending,,2026-06-22T13:14:13+00:00
trackb_cont_GRBK_20260605,72.190002,,,,,75.18,67.93,,,,,,-0.6145,pending,,2026-06-22T13:14:13+00:00
trackb_cont_GRBK_20260608,72.059998,,,,,75.18,67.93,,,,,,-0.6145,pending,,2026-06-22T13:14:13+00:00
trackb_cont_GRBK_20260610,71.389999,,,,,75.18,69.82,,,,,,2.7671,pending,,2026-06-22T13:14:13+00:00
trackb_cont_GRBK_20260616,,,,,,75.18,71.269997,,,,,,-1.6016,pending,,2026-06-22T13:14:13+00:00
trackb_cont_GRBK_20260617,,,,,,75.18,71.269997,,,,,,-1.6016,pending,,2026-06-22T13:14:13+00:00
trackb_cont_GRBK_20260618,,,,,,75.18,71.870003,,,,,,-0.7732,pending,,2026-06-22T13:14:13+00:00
trackb_cont_GRBK_20260619,,,,,,,,,,,,,,pending,,2026-06-22T13:14:13+00:00
trackb_cont_GS_20260603,1001.289978,1099.140015,,,,1125.0,1000.039978,,,,,,-3.6227,pending,,2026-06-22T13:14:08+00:00
trackb_cont_GS_20260604,1035.640015,1096.560059,,,,1125.0,1000.039978,,,,,,-3.6227,pending,,2026-06-22T13:14:08+00:00
trackb_cont_GS_20260605,1062.75,,,,,1125.0,1000.039978,,,,,,-3.6227,pending,,2026-06-22T13:14:08+00:00
trackb_cont_GS_20260608,1076.170044,,,,,1125.0,1000.039978,,,,,,-3.7201,pending,,2026-06-22T13:14:08+00:00
trackb_cont_GS_20260616,,,,,,1125.0,1085.530029,,,,,,0.2318,pending,,2026-06-22T13:14:08+00:00
trackb_cont_GS_20260617,,,,,,1125.0,1093.329956,,,,,,0.952,pending,,2026-06-22T13:14:08+00:00
trackb_cont_GS_20260618,,,,,,1125.0,1093.329956,,,,,,-2.4231,pending,,2026-06-22T13:14:08+00:00
trackb_cont_GS_20260619,,,,,,,,,,,,,,pending,,2026-06-22T13:14:08+00:00
trackb_cont_GS_20260622,,,,,,,,,,,,,,pending,,2026-06-22T13:14:08+00:00
trackb_cont_GTLS_20260603,206.449997,206.899994,,,,208.279999,205.0,,,,,,-1.2904,pending,,2026-06-22T13:15:30+00:00
trackb_cont_GTLS_20260604,206.490005,207.990005,,,,208.100006,205.0,,,,,,-1.2904,pending,,2026-06-22T13:15:30+00:00
trackb_cont_GTLS_20260605,206.729996,,,,,208.100006,205.0,,,,,,-1.2904,pending,,2026-06-22T13:15:30+00:00
trackb_cont_GTLS_20260608,206.690002,,,,,208.100006,205.0,,,,,,-1.2904,pending,,2026-06-22T13:15:30+00:00
trackb_cont_GTY_20260615,,,,,,33.66,32.349998,,,,,,-2.0294,pending,,2026-06-22T13:17:07+00:00
trackb_cont_GTY_20260616,,,,,,33.66,32.349998,,,,,,-1.9103,pending,,2026-06-22T13:17:07+00:00
trackb_cont_GTY_20260617,,,,,,33.330002,32.349998,,,,,,-1.9103,pending,,2026-06-22T13:17:07+00:00
trackb_cont_GTY_20260618,,,,,,32.950001,32.43,,,,,,-1.6677,pending,,2026-06-22T13:17:07+00:00
trackb_cont_GTY_20260619,,,,,,,,,,,,,,pending,,2026-06-22T13:17:07+00:00
trackb_cont_GVA_20260615,,,,,,148.0,140.929993,,,,,,-2.8069,pending,,2026-06-22T13:17:06+00:00
trackb_cont_GVA_20260616,,,,,,148.0,143.089996,,,,,,0.7676,pending,,2026-06-22T13:17:06+00:00
trackb_cont_GVA_20260617,,,,,,148.0,143.089996,,,,,,0.7676,pending,,2026-06-22T13:17:06+00:00
trackb_cont_GVA_20260618,,,,,,147.080002,144.789993,,,,,,1.9648,pending,,2026-06-22T13:17:06+00:00
trackb_cont_GVA_20260619,,,,,,,,,,,,,,pending,,2026-06-22T13:17:06+00:00
trackb_cont_GVA_20260622,,,,,,,,,,,,,,pending,,2026-06-22T13:17:06+00:00
trackb_cont_GWW_20260603,1317.630005,1311.099976,,,,1365.420044,1266.640015,,,,,,-2.0856,pending,,2026-06-22T13:14:30+00:00
trackb_cont_GWW_20260604,1313.959961,1365.410034,,,,1365.420044,1281.689941,,,,,,-0.9222,pending,,2026-06-22T13:14:30+00:00
trackb_cont_GWW_20260605,1315.869995,,,,,1365.420044,1283.459961,,,,,,-0.7854,pending,,2026-06-22T13:14:30+00:00
trackb_cont_GWW_20260608,1313.920044,,,,,1365.420044,1288.650024,,,,,,-0.8738,pending,,2026-06-22T13:14:30+00:00
trackb_cont_GWW_20260609,1319.719971,,,,,1365.420044,1304.310059,,,,,,-0.0199,pending,,2026-06-22T13:14:30+00:00
trackb_cont_GWW_20260610,1311.099976,,,,,1365.420044,1304.48999,,,,,,-0.0061,pending,,2026-06-22T13:14:30+00:00
trackb_cont_GWW_20260612,,,,,,1365.420044,1304.48999,,,,,,-0.7207,pending,,2026-06-22T13:14:30+00:00
trackb_cont_GWW_20260616,,,,,,1365.420044,1304.48999,,,,,,-1.4121,pending,,2026-06-22T13:14:30+00:00
trackb_cont_GWW_20260617,,,,,,1365.420044,1304.48999,,,,,,-1.4121,pending,,2026-06-22T13:14:30+00:00
trackb_cont_GWW_20260618,,,,,,1365.420044,1316.170044,,,,,,-0.5294,pending,,2026-06-22T13:14:30+00:00
trackb_cont_GWW_20260619,,,,,,,,,,,,,,pending,,2026-06-22T13:14:30+00:00
trackb_cont_GWW_20260622,,,,,,,,,,,,,,pending,,2026-06-22T13:14:30+00:00
trackb_cont_HAE_20260603,78.800003,72.730003,,,,81.989998,65.059998,,,,,,-0.3217,pending,,2026-06-22T13:14:31+00:00
trackb_cont_HAE_20260604,79.839996,74.169998,,,,81.989998,66.440002,,,,,,1.7926,pending,,2026-06-22T13:14:31+00:00
trackb_cont_HAE_20260605,78.199997,,,,,81.989998,69.639999,,,,,,6.6953,pending,,2026-06-22T13:14:31+00:00
trackb_cont_HAE_20260608,76.910004,,,,,81.989998,70.660004,,,,,,8.258,pending,,2026-06-22T13:14:31+00:00
trackb_cont_HAE_20260609,74.43,,,,,81.989998,72.290001,,,,,,-3.4589,pending,,2026-06-22T13:14:31+00:00
trackb_cont_HAE_20260612,,,,,,80.940002,72.290001,,,,,,-9.4564,pending,,2026-06-22T13:14:31+00:00
trackb_cont_HAE_20260616,,,,,,78.690002,72.290001,,,,,,-6.5538,pending,,2026-06-22T13:14:31+00:00
trackb_cont_HAE_20260617,,,,,,74.889999,72.290001,,,,,,-6.5538,pending,,2026-06-22T13:14:31+00:00
trackb_cont_HAE_20260618,,,,,,74.529999,72.290001,,,,,,-6.5538,pending,,2026-06-22T13:14:31+00:00
trackb_cont_HAE_20260619,,,,,,,,,,,,,,pending,,2026-06-22T13:14:31+00:00
trackb_cont_HALO_20260609,69.639999,,,,,72.290001,67.019997,,,,,,-5.2453,pending,,2026-06-22T13:16:09+00:00
trackb_cont_HAYW_20260611,15.0,,,,,15.31,14.065,,,,,,-0.3189,pending,,2026-06-22T13:16:30+00:00
trackb_cont_HAYW_20260616,,,,,,15.31,14.57,,,,,,-1.2538,pending,,2026-06-22T13:16:30+00:00
trackb_cont_HAYW_20260617,,,,,,15.31,14.57,,,,,,-1.2538,pending,,2026-06-22T13:16:30+00:00
trackb_cont_HAYW_20260618,,,,,,15.31,14.725,,,,,,0.9945,pending,,2026-06-22T13:16:30+00:00
trackb_cont_HAYW_20260619,,,,,,,,,,,,,,pending,,2026-06-22T13:16:30+00:00
trackb_cont_HAYW_20260622,,,,,,,,,,,,,,pending,,2026-06-22T13:16:30+00:00
trackb_cont_HBAN_20260611,16.860001,,,,,17.75,16.74,,,,,,-0.5938,pending,,2026-06-22T13:16:28+00:00
trackb_cont_HBAN_20260616,,,,,,17.48,16.74,,,,,,-3.5714,pending,,2026-06-22T13:16:28+00:00
trackb_cont_HBAN_20260617,,,,,,17.34,16.74,,,,,,-3.5714,pending,,2026-06-22T13:16:28+00:00
trackb_cont_HBAN_20260618,,,,,,17.139999,16.84,,,,,,-0.0593,pending,,2026-06-22T13:16:28+00:00
trackb_cont_HBAN_20260619,,,,,,,,,,,,,,pending,,2026-06-22T13:16:28+00:00
trackb_cont_HBAN_20260622,,,,,,,,,,,,,,pending,,2026-06-22T13:16:28+00:00
trackb_cont_HCC_20260603,95.230003,95.07,,,,109.709999,90.18,,,,,,-15.8061,pending,,2026-06-22T13:13:45+00:00
trackb_cont_HCC_20260604,94.019997,90.580002,,,,109.709999,90.18,,,,,,-15.8061,pending,,2026-06-22T13:13:45+00:00
trackb_cont_HCC_20260605,98.110001,,,,,104.690002,90.18,,,,,,-15.8061,pending,,2026-06-22T13:13:45+00:00
trackb_cont_HCC_20260608,95.889999,,,,,101.699997,90.18,,,,,,-15.8061,pending,,2026-06-22T13:13:45+00:00
trackb_cont_HCI_20260609,164.240005,,,,,167.589996,154.529999,,,,,,0.4289,pending,,2026-06-22T13:16:09+00:00
trackb_cont_HCI_20260615,,,,,,167.589996,157.350006,,,,,,-1.7545,pending,,2026-06-22T13:16:09+00:00
trackb_cont_HCI_20260616,,,,,,167.589996,161.350006,,,,,,-0.3459,pending,,2026-06-22T13:16:09+00:00
trackb_cont_HCI_20260617,,,,,,167.589996,162.350006,,,,,,0.2718,pending,,2026-06-22T13:16:09+00:00
trackb_cont_HCI_20260618,,,,,,166.320007,162.350006,,,,,,0.2718,pending,,2026-06-22T13:16:09+00:00
trackb_cont_HCI_20260619,,,,,,,,,,,,,,pending,,2026-06-22T13:16:09+00:00
trackb_cont_HGV_20260603,49.880001,52.049999,,,,53.720001,47.41,,,,,,-6.3784,pending,,2026-06-22T13:14:57+00:00
trackb_cont_HGV_20260604,51.16,52.73,,,,53.720001,47.41,,,,,,-6.3784,pending,,2026-06-22T13:14:57+00:00
trackb_cont_HGV_20260605,50.779999,,,,,53.720001,47.41,,,,,,-6.3784,pending,,2026-06-22T13:14:57+00:00
trackb_cont_HGV_20260618,,,,,,53.720001,52.470001,,,,,,0.8069,pending,,2026-06-22T13:14:57+00:00
trackb_cont_HGV_20260619,,,,,,,,,,,,,,pending,,2026-06-22T13:14:57+00:00
trackb_cont_HGV_20260622,,,,,,,,,,,,,,pending,,2026-06-22T13:14:57+00:00
trackb_cont_HIMS_20260611,35.470001,,,,,35.599998,26.52,,,,,,-4.5356,pending,,2026-06-22T13:16:26+00:00
trackb_cont_HIMS_20260612,,,,,,35.599998,26.52,,,,,,-8.1399,pending,,2026-06-22T13:16:26+00:00
trackb_cont_HIMS_20260618,,,,,,35.599998,32.59,,,,,,-0.5796,pending,,2026-06-22T13:16:26+00:00
trackb_cont_HIMS_20260619,,,,,,,,,,,,,,pending,,2026-06-22T13:16:26+00:00
trackb_cont_HIMS_20260622,,,,,,,,,,,,,,pending,,2026-06-22T13:16:26+00:00
trackb_cont_HIW_20260603,30.200001,28.620001,,,,30.83,26.639999,,,,,,-0.597,pending,,2026-06-22T13:14:08+00:00
trackb_cont_HIW_20260604,30.25,29.280001,,,,30.83,26.66,,,,,,-0.5224,pending,,2026-06-22T13:14:08+00:00
trackb_cont_HIW_20260605,29.84,,,,,30.83,27.190001,,,,,,1.4552,pending,,2026-06-22T13:14:08+00:00
trackb_cont_HIW_20260608,29.469999,,,,,30.83,28.02,,,,,,0.5022,pending,,2026-06-22T13:14:08+00:00
trackb_cont_HIW_20260612,,,,,,30.48,28.450001,,,,,,-5.9504,pending,,2026-06-22T13:14:08+00:00
trackb_cont_HIW_20260616,,,,,,29.9,28.450001,,,,,,-2.8513,pending,,2026-06-22T13:14:08+00:00
trackb_cont_HIW_20260617,,,,,,29.690001,28.450001,,,,,,-2.8513,pending,,2026-06-22T13:14:08+00:00
trackb_cont_HIW_20260618,,,,,,29.540001,29.07,,,,,,-0.7342,pending,,2026-06-22T13:14:08+00:00
trackb_cont_HIW_20260619,,,,,,,,,,,,,,pending,,2026-06-22T13:14:08+00:00
trackb_cont_HLT_20260603,338.220001,349.299988,,,,358.0,328.299988,,,,,,-1.571,pending,,2026-06-22T13:14:58+00:00
trackb_cont_HLT_20260604,341.859985,348.839996,,,,358.0,328.299988,,,,,,-1.571,pending,,2026-06-22T13:14:58+00:00
trackb_cont_HLT_20260605,345.950012,,,,,358.0,328.299988,,,,,,-1.571,pending,,2026-06-22T13:14:58+00:00
trackb_cont_HLT_20260608,347.109985,,,,,358.0,328.299988,,,,,,-1.571,pending,,2026-06-22T13:14:58+00:00
trackb_cont_HLT_20260612,,,,,,358.0,342.320007,,,,,,0.1346,pending,,2026-06-22T13:14:58+00:00
trackb_cont_HLT_20260616,,,,,,358.0,342.320007,,,,,,-1.3487,pending,,2026-06-22T13:14:58+00:00
trackb_cont_HLT_20260617,,,,,,358.0,346.970001,,,,,,-0.0086,pending,,2026-06-22T13:14:58+00:00
trackb_cont_HLT_20260618,,,,,,356.149994,346.970001,,,,,,-0.8674,pending,,2026-06-22T13:14:58+00:00
trackb_cont_HLT_20260619,,,,,,,,,,,,,,pending,,2026-06-22T13:14:58+00:00
trackb_cont_HLT_20260622,,,,,,,,,,,,,,pending,,2026-06-22T13:14:58+00:00
trackb_cont_HNGE_20260603,62.060001,67.040001,,,,70.720001,56.77,,,,,,-2.6244,pending,,2026-06-22T13:15:26+00:00
trackb_cont_HNGE_20260604,64.75,69.419998,,,,70.720001,58.154999,,,,,,-0.2487,pending,,2026-06-22T13:15:26+00:00
trackb_cont_HNGE_20260605,65.339996,,,,,70.720001,61.5,,,,,,5.4889,pending,,2026-06-22T13:15:26+00:00
trackb_cont_HNGE_20260608,68.349998,,,,,70.720001,61.5,,,,,,5.4889,pending,,2026-06-22T13:15:26+00:00
trackb_cont_HNGE_20260609,67.809998,,,,,70.720001,61.5,,,,,,-2.1635,pending,,2026-06-22T13:15:26+00:00
trackb_cont_HNGE_20260610,67.040001,,,,,70.720001,61.5,,,,,,-2.1635,pending,,2026-06-22T13:15:26+00:00
trackb_cont_HNGE_20260611,69.419998,,,,,70.720001,61.509998,,,,,,-0.8862,pending,,2026-06-22T13:15:26+00:00
trackb_cont_HNGE_20260616,,,,,,70.720001,65.959999,,,,,,-2.9572,pending,,2026-06-22T13:15:26+00:00
trackb_cont_HNGE_20260617,,,,,,69.550003,65.959999,,,,,,-2.9572,pending,,2026-06-22T13:15:26+00:00
trackb_cont_HNGE_20260618,,,,,,69.550003,65.959999,,,,,,-2.3321,pending,,2026-06-22T13:15:26+00:00
trackb_cont_HNGE_20260619,,,,,,,,,,,,,,pending,,2026-06-22T13:15:26+00:00
trackb_cont_HNGE_20260622,,,,,,,,,,,,,,pending,,2026-06-22T13:15:26+00:00
trackb_cont_HNST_20260615,,,,,,3.77,3.54,,,,,,-3.5422,pending,,2026-06-22T13:16:24+00:00
trackb_cont_HNST_20260616,,,,,,3.77,3.55,,,,,,-0.4208,pending,,2026-06-22T13:16:24+00:00
trackb_cont_HNST_20260617,,,,,,3.77,3.55,,,,,,-0.4208,pending,,2026-06-22T13:16:24+00:00
trackb_cont_HNST_20260618,,,,,,3.77,3.603,,,,,,1.2079,pending,,2026-06-22T13:16:24+00:00
trackb_cont_HNST_20260619,,,,,,,,,,,,,,pending,,2026-06-22T13:16:24+00:00
trackb_cont_HNST_20260622,,,,,,,,,,,,,,pending,,2026-06-22T13:16:24+00:00
trackb_cont_HOG_20260615,,,,,,26.469999,25.1,,,,,,-4.8522,pending,,2026-06-22T13:17:02+00:00
trackb_cont_HOG_20260616,,,,,,26.23,25.1,,,,,,-3.6838,pending,,2026-06-22T13:17:02+00:00
trackb_cont_HOG_20260617,,,,,,26.23,25.1,,,,,,-3.6838,pending,,2026-06-22T13:17:02+00:00
trackb_cont_HOG_20260618,,,,,,25.870001,25.1,,,,,,-1.22,pending,,2026-06-22T13:17:02+00:00
trackb_cont_HOG_20260619,,,,,,,,,,,,,,pending,,2026-06-22T13:17:02+00:00
trackb_cont_HOG_20260622,,,,,,,,,,,,,,pending,,2026-06-22T13:17:02+00:00
trackb_cont_HON_20260603,205.880005,228.610001,,,,237.490005,205.520004,,,,,,-11.7599,pending,,2026-06-22T13:14:44+00:00
trackb_cont_HON_20260604,219.119995,229.009995,,,,234.699997,205.520004,,,,,,-11.7599,pending,,2026-06-22T13:14:44+00:00
trackb_cont_HON_20260605,220.309998,,,,,234.699997,205.520004,,,,,,-11.7599,pending,,2026-06-22T13:14:44+00:00
trackb_cont_HON_20260608,227.410004,,,,,234.699997,205.520004,,,,,,-11.7599,pending,,2026-06-22T13:14:44+00:00
trackb_cont_HOOD_20260603,86.360001,105.199997,,,,110.727997,78.93,,,,,,-4.8807,pending,,2026-06-22T13:15:36+00:00
trackb_cont_HOOD_20260604,92.230003,108.150002,,,,110.727997,78.93,,,,,,-4.8807,pending,,2026-06-22T13:15:36+00:00
trackb_cont_HOOD_20260605,93.190002,,,,,110.727997,78.93,,,,,,-4.8807,pending,,2026-06-22T13:15:36+00:00
trackb_cont_HOOD_20260608,98.120003,,,,,110.727997,78.93,,,,,,-4.8807,pending,,2026-06-22T13:15:36+00:00
trackb_cont_HOOD_20260616,,,,,,110.727997,94.57,,,,,,-4.7843,pending,,2026-06-22T13:15:36+00:00
trackb_cont_HOOD_20260617,,,,,,110.727997,95.760002,,,,,,-3.5862,pending,,2026-06-22T13:15:36+00:00
trackb_cont_HOOD_20260618,,,,,,109.080002,103.459999,,,,,,4.1664,pending,,2026-06-22T13:15:36+00:00
trackb_cont_HOOD_20260619,,,,,,,,,,,,,,pending,,2026-06-22T13:15:36+00:00
trackb_cont_HOV_20260603,111.919998,120.870003,,,,134.050003,107.720001,,,,,,-0.37,pending,,2026-06-22T13:14:30+00:00
trackb_cont_HOV_20260604,120.870003,131.779999,,,,134.050003,107.720001,,,,,,-0.37,pending,,2026-06-22T13:14:30+00:00
trackb_cont_HOV_20260605,120.720001,,,,,134.050003,107.720001,,,,,,-0.37,pending,,2026-06-22T13:14:30+00:00
trackb_cont_HOV_20260608,119.849998,,,,,134.050003,107.720001,,,,,,-0.37,pending,,2026-06-22T13:14:30+00:00
trackb_cont_HOV_20260616,,,,,,134.050003,118.610001,,,,,,-2.268,pending,,2026-06-22T13:14:30+00:00
trackb_cont_HOV_20260617,,,,,,134.050003,118.610001,,,,,,-2.268,pending,,2026-06-22T13:14:30+00:00
trackb_cont_HOV_20260618,,,,,,134.050003,123.419998,,,,,,2.1097,pending,,2026-06-22T13:14:30+00:00
trackb_cont_HOV_20260619,,,,,,,,,,,,,,pending,,2026-06-22T13:14:30+00:00
trackb_cont_HOV_20260622,,,,,,,,,,,,,,pending,,2026-06-22T13:14:30+00:00
trackb_cont_HPE_20260603,45.490002,48.200001,,,,55.990002,44.740002,,,,,,-18.5212,pending,,2026-06-22T13:15:15+00:00
trackb_cont_HPE_20260604,46.799999,47.41,,,,54.470001,44.740002,,,,,,-18.5212,pending,,2026-06-22T13:15:15+00:00
trackb_cont_HPE_20260605,48.169998,,,,,53.054001,44.740002,,,,,,-18.5212,pending,,2026-06-22T13:15:15+00:00
trackb_cont_HPE_20260608,49.02,,,,,50.866001,44.740002,,,,,,-18.5212,pending,,2026-06-22T13:15:15+00:00
trackb_cont_HPP_20260603,15.06,13.41,,,,15.69,12.84,,,,,,-0.5807,pending,,2026-06-22T13:13:47+00:00
trackb_cont_HPP_20260604,15.23,14.62,,,,15.69,13.35,,,,,,3.3682,pending,,2026-06-22T13:13:47+00:00
trackb_cont_HPP_20260605,15.29,,,,,15.69,13.35,,,,,,3.3682,pending,,2026-06-22T13:13:47+00:00
trackb_cont_HPP_20260608,15.15,,,,,15.69,13.35,,,,,,-2.8384,pending,,2026-06-22T13:13:47+00:00
trackb_cont_HPP_20260611,14.62,,,,,15.67,13.35,,,,,,-11.3546,pending,,2026-06-22T13:13:47+00:00
trackb_cont_HPP_20260615,,,,,,15.63,13.35,,,,,,-13.8987,pending,,2026-06-22T13:13:47+00:00
trackb_cont_HPP_20260616,,,,,,15.02,13.35,,,,,,-11.823,pending,,2026-06-22T13:13:47+00:00
trackb_cont_HPP_20260617,,,,,,14.73,13.35,,,,,,-11.823,pending,,2026-06-22T13:13:47+00:00
trackb_cont_HPP_20260618,,,,,,14.68,13.82,,,,,,-8.7186,pending,,2026-06-22T13:13:47+00:00
trackb_cont_HPP_20260619,,,,,,,,,,,,,,pending,,2026-06-22T13:13:47+00:00
trackb_cont_HPQ_20260603,24.690001,23.18,,,,26.879999,22.879999,,,,,,-13.1359,pending,,2026-06-22T13:15:24+00:00
trackb_cont_HPQ_20260604,24.68,23.5,,,,26.709999,22.879999,,,,,,-13.1359,pending,,2026-06-22T13:15:24+00:00
trackb_cont_HPQ_20260605,25.24,,,,,26.280001,22.879999,,,,,,-13.1359,pending,,2026-06-22T13:15:24+00:00
trackb_cont_HRB_20260603,37.209999,35.32,,,,39.0,33.73,,,,,,-9.6437,pending,,2026-06-22T13:14:41+00:00
trackb_cont_HRB_20260604,35.889999,34.380001,,,,39.0,33.73,,,,,,-9.6437,pending,,2026-06-22T13:14:41+00:00
trackb_cont_HRB_20260605,36.52,,,,,38.73,33.73,,,,,,-9.6437,pending,,2026-06-22T13:14:41+00:00
trackb_cont_HRB_20260608,36.200001,,,,,38.68,33.73,,,,,,-9.6437,pending,,2026-06-22T13:14:41+00:00
trackb_cont_HRI_20260608,151.550003,,,,,157.649994,135.199997,,,,,,-1.0828,pending,,2026-06-22T13:15:55+00:00
trackb_cont_HRI_20260611,155.119995,,,,,157.649994,140.289993,,,,,,-0.771,pending,,2026-06-22T13:15:55+00:00
trackb_cont_HRL_20260603,24.290001,24.33,,,,25.0,22.9,,,,,,-2.2829,pending,,2026-06-22T13:14:37+00:00
trackb_cont_HRL_20260604,24.440001,24.16,,,,25.0,22.92,,,,,,-2.1976,pending,,2026-06-22T13:14:37+00:00
trackb_cont_HRL_20260605,24.75,,,,,25.0,23.309999,,,,,,-0.5334,pending,,2026-06-22T13:14:37+00:00
trackb_cont_HRL_20260608,24.58,,,,,25.0,23.370001,,,,,,-0.2774,pending,,2026-06-22T13:14:37+00:00
trackb_cont_HRL_20260609,24.65,,,,,25.0,23.530001,,,,,,-0.4653,pending,,2026-06-22T13:14:37+00:00
trackb_cont_HRL_20260610,24.33,,,,,25.0,24.02,,,,,,1.6074,pending,,2026-06-22T13:14:37+00:00
trackb_cont_HRL_20260612,,,,,,25.0,24.02,,,,,,-1.7185,pending,,2026-06-22T13:14:37+00:00
trackb_cont_HRL_20260616,,,,,,25.0,24.02,,,,,,-2.119,pending,,2026-06-22T13:14:37+00:00
trackb_cont_HRL_20260617,,,,,,24.76,24.02,,,,,,-2.119,pending,,2026-06-22T13:14:37+00:00
trackb_cont_HRL_20260618,,,,,,24.450001,24.02,,,,,,-1.2336,pending,,2026-06-22T13:14:37+00:00
trackb_cont_HRL_20260619,,,,,,,,,,,,,,pending,,2026-06-22T13:14:37+00:00
trackb_cont_HRL_20260622,,,,,,,,,,,,,,pending,,2026-06-22T13:14:37+00:00
trackb_cont_HROW_20260615,,,,,,42.98,37.860001,,,,,,-1.5088,pending,,2026-06-22T13:16:03+00:00
trackb_cont_HROW_20260616,,,,,,42.98,38.09,,,,,,-2.1828,pending,,2026-06-22T13:16:03+00:00
trackb_cont_HROW_20260617,,,,,,42.98,38.52,,,,,,-1.0786,pending,,2026-06-22T13:16:03+00:00
trackb_cont_HROW_20260618,,,,,,42.98,41.25,,,,,,-1.6452,pending,,2026-06-22T13:16:03+00:00
trackb_cont_HROW_20260619,,,,,,,,,,,,,,pending,,2026-06-22T13:16:03+00:00
trackb_cont_HROW_20260622,,,,,,,,,,,,,,pending,,2026-06-22T13:16:03+00:00
trackb_cont_HR_20260612,,,,,,20.85,19.75,,,,,,-3.6585,pending,,2026-06-22T13:16:50+00:00
trackb_cont_HR_20260616,,,,,,20.780001,19.75,,,,,,-4.033,pending,,2026-06-22T13:16:50+00:00
trackb_cont_HR_20260617,,,,,,20.780001,19.75,,,,,,-4.033,pending,,2026-06-22T13:16:50+00:00
trackb_cont_HR_20260618,,,,,,20.32,19.75,,,,,,-4.033,pending,,2026-06-22T13:16:50+00:00
trackb_cont_HR_20260619,,,,,,,,,,,,,,pending,,2026-06-22T13:16:50+00:00
trackb_cont_HSIC_20260603,78.849998,79.970001,,,,82.309998,75.440002,,,,,,-0.7172,pending,,2026-06-22T13:15:11+00:00
trackb_cont_HSIC_20260604,80.220001,79.919998,,,,82.309998,76.129997,,,,,,0.1908,pending,,2026-06-22T13:15:11+00:00
trackb_cont_HSIC_20260605,81.25,,,,,82.309998,76.129997,,,,,,0.1908,pending,,2026-06-22T13:15:11+00:00
trackb_cont_HSIC_20260608,81.089996,,,,,82.309998,76.879997,,,,,,1.1779,pending,,2026-06-22T13:15:11+00:00
trackb_cont_HSIC_20260609,81.209999,,,,,82.309998,78.5,,,,,,0.5766,pending,,2026-06-22T13:15:11+00:00
trackb_cont_HSIC_20260610,79.970001,,,,,82.309998,78.779999,,,,,,0.9353,pending,,2026-06-22T13:15:11+00:00
trackb_cont_HSIC_20260612,,,,,,82.309998,79.379997,,,,,,-1.0471,pending,,2026-06-22T13:15:11+00:00
trackb_cont_HSIC_20260616,,,,,,81.989998,79.379997,,,,,,-2.5414,pending,,2026-06-22T13:15:11+00:00
trackb_cont_HSIC_20260617,,,,,,81.629997,79.379997,,,,,,-2.5414,pending,,2026-06-22T13:15:11+00:00
trackb_cont_HSIC_20260618,,,,,,80.209999,79.379997,,,,,,-0.7378,pending,,2026-06-22T13:15:11+00:00
trackb_cont_HSIC_20260619,,,,,,,,,,,,,,pending,,2026-06-22T13:15:11+00:00
trackb_cont_HSIC_20260622,,,,,,,,,,,,,,pending,,2026-06-22T13:15:11+00:00
trackb_cont_HST_20260603,23.950001,24.620001,,,,25.360001,23.41,,,,,,-2.1934,pending,,2026-06-22T13:14:04+00:00
trackb_cont_HST_20260604,24.34,25.01,,,,25.360001,23.93,,,,,,-0.0209,pending,,2026-06-22T13:14:04+00:00
trackb_cont_HST_20260605,24.889999,,,,,25.360001,23.93,,,,,,-0.0209,pending,,2026-06-22T13:14:04+00:00
trackb_cont_HST_20260608,24.809999,,,,,25.360001,23.93,,,,,,-2.8026,pending,,2026-06-22T13:14:04+00:00
trackb_cont_HST_20260610,24.620001,,,,,25.360001,23.93,,,,,,-2.0867,pending,,2026-06-22T13:14:04+00:00
trackb_cont_HST_20260616,,,,,,25.360001,24.559999,,,,,,-0.8278,pending,,2026-06-22T13:14:04+00:00
trackb_cont_HST_20260617,,,,,,25.360001,24.559999,,,,,,-0.8278,pending,,2026-06-22T13:14:04+00:00
trackb_cont_HST_20260618,,,,,,25.360001,24.83,,,,,,0.853,pending,,2026-06-22T13:14:04+00:00
trackb_cont_HST_20260619,,,,,,,,,,,,,,pending,,2026-06-22T13:14:04+00:00
trackb_cont_HST_20260622,,,,,,,,,,,,,,pending,,2026-06-22T13:14:04+00:00
trackb_cont_HTFL_20260616,,,,,,34.150002,31.84,,,,,,-3.5882,pending,,2026-06-22T13:16:03+00:00
trackb_cont_HTFL_20260617,,,,,,33.922001,32.044998,,,,,,-2.9675,pending,,2026-06-22T13:16:03+00:00
trackb_cont_HTFL_20260618,,,,,,33.922001,32.689999,,,,,,-1.0144,pending,,2026-06-22T13:16:03+00:00
trackb_cont_HTFL_20260619,,,,,,,,,,,,,,pending,,2026-06-22T13:16:03+00:00
trackb_cont_HTFL_20260622,,,,,,,,,,,,,,pending,,2026-06-22T13:16:03+00:00
trackb_cont_HTLD_20260603,15.78,14.33,,,,16.639999,14.24,,,,,,-8.3065,pending,,2026-06-22T13:13:55+00:00
trackb_cont_HTLD_20260604,16.219999,14.44,,,,16.639999,14.24,,,,,,-8.3065,pending,,2026-06-22T13:13:55+00:00
trackb_cont_HTLD_20260605,16.110001,,,,,16.639999,14.24,,,,,,-8.3065,pending,,2026-06-22T13:13:55+00:00
trackb_cont_HTLD_20260608,15.82,,,,,16.639999,14.24,,,,,,-9.5299,pending,,2026-06-22T13:13:55+00:00
trackb_cont_HTLD_20260612,,,,,,16.52,14.24,,,,,,-12.2072,pending,,2026-06-22T13:13:55+00:00
trackb_cont_HTLD_20260616,,,,,,15.95,14.24,,,,,,-9.1837,pending,,2026-06-22T13:13:55+00:00
trackb_cont_HTLD_20260617,,,,,,15.38,14.24,,,,,,-9.1837,pending,,2026-06-22T13:13:55+00:00
trackb_cont_HTLD_20260618,,,,,,14.65,14.32,,,,,,-8.6735,pending,,2026-06-22T13:13:55+00:00
trackb_cont_HTLD_20260619,,,,,,,,,,,,,,pending,,2026-06-22T13:13:55+00:00
trackb_cont_HUBB_20260618,,,,,,529.974976,517.234985,,,,,,-0.0,pending,,2026-06-22T13:17:30+00:00
trackb_cont_HUBB_20260619,,,,,,,,,,,,,,pending,,2026-06-22T13:17:30+00:00
trackb_cont_HUBB_20260622,,,,,,,,,,,,,,pending,,2026-06-22T13:17:30+00:00
trackb_cont_HUBG_20260603,44.439999,43.630001,,,,46.810001,42.630001,,,,,,-1.4107,pending,,2026-06-22T13:14:19+00:00
trackb_cont_HUBG_20260604,45.799999,44.349998,,,,46.810001,42.630001,,,,,,-1.4107,pending,,2026-06-22T13:14:19+00:00
trackb_cont_HUBG_20260605,46.380001,,,,,46.810001,42.630001,,,,,,-1.4107,pending,,2026-06-22T13:14:19+00:00
trackb_cont_HUBG_20260608,45.529999,,,,,46.810001,42.630001,,,,,,-0.6988,pending,,2026-06-22T13:14:19+00:00
trackb_cont_HUBG_20260609,45.189999,,,,,46.810001,43.439999,,,,,,-2.6227,pending,,2026-06-22T13:14:19+00:00
trackb_cont_HUBG_20260611,44.349998,,,,,46.810001,43.439999,,,,,,-2.2502,pending,,2026-06-22T13:14:19+00:00
trackb_cont_HUBG_20260615,,,,,,46.349998,43.439999,,,,,,-5.7292,pending,,2026-06-22T13:14:19+00:00
trackb_cont_HUBG_20260616,,,,,,45.880001,43.439999,,,,,,-5.1218,pending,,2026-06-22T13:14:19+00:00
trackb_cont_HUBG_20260617,,,,,,45.360001,43.439999,,,,,,-5.1218,pending,,2026-06-22T13:14:19+00:00
trackb_cont_HUBG_20260618,,,,,,44.549999,43.91,,,,,,0.6418,pending,,2026-06-22T13:14:19+00:00
trackb_cont_HUBG_20260619,,,,,,,,,,,,,,pending,,2026-06-22T13:14:19+00:00
trackb_cont_HUBG_20260622,,,,,,,,,,,,,,pending,,2026-06-22T13:14:19+00:00
trackb_cont_HUBS_20260603,192.789993,176.710007,,,,235.440002,171.649994,,,,,,-22.6871,pending,,2026-06-22T13:15:21+00:00
trackb_cont_HUBS_20260604,186.429993,176.029999,,,,234.880005,171.649994,,,,,,-22.6871,pending,,2026-06-22T13:15:21+00:00
trackb_cont_HUBS_20260605,187.979996,,,,,225.0,171.649994,,,,,,-22.6871,pending,,2026-06-22T13:15:21+00:00
trackb_cont_HUBS_20260608,186.059998,,,,,212.059998,171.649994,,,,,,-22.6871,pending,,2026-06-22T13:15:21+00:00
trackb_cont_HUM_20260603,364.459991,362.0,,,,380.859985,321.200012,,,,,,-2.2192,pending,,2026-06-22T13:14:38+00:00
trackb_cont_HUM_20260604,368.690002,360.649994,,,,380.859985,333.549988,,,,,,1.5404,pending,,2026-06-22T13:14:38+00:00
trackb_cont_HUM_20260605,379.220001,,,,,380.859985,342.709991,,,,,,4.3289,pending,,2026-06-22T13:14:38+00:00
trackb_cont_HUM_20260608,380.26001,,,,,380.859985,343.920013,,,,,,-1.7596,pending,,2026-06-22T13:14:38+00:00
trackb_cont_HUM_20260611,360.649994,,,,,380.859985,357.420013,,,,,,-1.9316,pending,,2026-06-22T13:14:38+00:00
trackb_cont_HUM_20260612,,,,,,380.859985,357.420013,,,,,,-3.0568,pending,,2026-06-22T13:14:38+00:00
trackb_cont_HUM_20260616,,,,,,380.859985,357.420013,,,,,,-5.4919,pending,,2026-06-22T13:14:38+00:00
trackb_cont_HUM_20260617,,,,,,369.890015,357.420013,,,,,,-5.4919,pending,,2026-06-22T13:14:38+00:00
trackb_cont_HUM_20260618,,,,,,369.890015,357.420013,,,,,,-0.8956,pending,,2026-06-22T13:14:38+00:00
trackb_cont_HUM_20260619,,,,,,,,,,,,,,pending,,2026-06-22T13:14:38+00:00
trackb_cont_HUM_20260622,,,,,,,,,,,,,,pending,,2026-06-22T13:14:38+00:00
trackb_cont_HUN_20260603,14.23,12.73,,,,16.09,12.01,,,,,,-19.0701,pending,,2026-06-22T13:15:15+00:00
trackb_cont_HUN_20260604,15.08,12.07,,,,16.09,12.01,,,,,,-19.0701,pending,,2026-06-22T13:15:15+00:00
trackb_cont_HUN_20260605,15.74,,,,,16.09,12.01,,,,,,-19.0701,pending,,2026-06-22T13:15:15+00:00
trackb_cont_HUN_20260616,,,,,,14.94,12.01,,,,,,-24.7729,pending,,2026-06-22T13:15:15+00:00
trackb_cont_HUN_20260617,,,,,,13.89,12.01,,,,,,-24.7729,pending,,2026-06-22T13:15:15+00:00
trackb_cont_HUN_20260618,,,,,,12.83,12.01,,,,,,-24.7729,pending,,2026-06-22T13:15:15+00:00
trackb_cont_HUN_20260619,,,,,,,,,,,,,,pending,,2026-06-22T13:15:15+00:00
trackb_cont_HUT_20260603,105.68,118.879997,,,,135.309998,104.25,,,,,,-20.4472,pending,,2026-06-22T13:14:35+00:00
trackb_cont_HUT_20260604,116.309998,124.440002,,,,130.580002,104.25,,,,,,-20.4472,pending,,2026-06-22T13:14:35+00:00
trackb_cont_HUT_20260605,118.860001,,,,,128.600006,104.25,,,,,,-20.4472,pending,,2026-06-22T13:14:35+00:00
trackb_cont_HUT_20260608,120.18,,,,,128.600006,104.25,,,,,,-7.1187,pending,,2026-06-22T13:14:35+00:00
trackb_cont_HWM_20260618,,,,,,290.630005,276.01001,,,,,,-4.663,pending,,2026-06-22T13:17:39+00:00
trackb_cont_HWM_20260619,,,,,,,,,,,,,,pending,,2026-06-22T13:17:39+00:00
trackb_cont_HWM_20260622,,,,,,,,,,,,,,pending,,2026-06-22T13:17:39+00:00
trackb_cont_HZO_20260603,32.599998,33.099998,,,,35.459999,32.59,,,,,,-5.7002,pending,,2026-06-22T13:14:57+00:00
trackb_cont_HZO_20260604,33.619999,34.950001,,,,35.459999,32.59,,,,,,-5.7002,pending,,2026-06-22T13:14:57+00:00
trackb_cont_HZO_20260605,34.0,,,,,35.43,32.59,,,,,,-5.7002,pending,,2026-06-22T13:14:57+00:00
trackb_cont_HZO_20260608,34.290001,,,,,35.43,32.59,,,,,,-5.7002,pending,,2026-06-22T13:14:57+00:00
trackb_cont_H_20260603,190.630005,201.880005,,,,206.860001,182.429993,,,,,,-1.7397,pending,,2026-06-22T13:14:50+00:00
trackb_cont_H_20260604,197.860001,202.089996,,,,206.860001,185.130005,,,,,,-0.2855,pending,,2026-06-22T13:14:50+00:00
trackb_cont_H_20260605,199.360001,,,,,206.860001,189.809998,,,,,,2.2353,pending,,2026-06-22T13:14:50+00:00
trackb_cont_H_20260608,198.949997,,,,,206.860001,189.809998,,,,,,2.2353,pending,,2026-06-22T13:14:50+00:00
trackb_cont_H_20260609,197.029999,,,,,206.860001,189.809998,,,,,,-2.0184,pending,,2026-06-22T13:14:50+00:00
trackb_cont_H_20260611,202.089996,,,,,206.860001,191.279999,,,,,,0.341,pending,,2026-06-22T13:14:50+00:00
trackb_cont_H_20260612,,,,,,206.860001,194.509995,,,,,,-1.6931,pending,,2026-06-22T13:14:50+00:00
trackb_cont_H_20260616,,,,,,206.860001,195.669998,,,,,,0.1946,pending,,2026-06-22T13:14:50+00:00
trackb_cont_H_20260617,,,,,,206.860001,196.550003,,,,,,0.6452,pending,,2026-06-22T13:14:50+00:00
trackb_cont_H_20260618,,,,,,206.860001,200.869995,,,,,,-2.2935,pending,,2026-06-22T13:14:50+00:00
trackb_cont_H_20260619,,,,,,,,,,,,,,pending,,2026-06-22T13:14:50+00:00
trackb_cont_H_20260622,,,,,,,,,,,,,,pending,,2026-06-22T13:14:50+00:00
trackb_cont_IAUX_20260603,1.37,1.52,,,,1.62,1.36,,,,,,-12.5402,pending,,2026-06-22T13:14:39+00:00
trackb_cont_IAUX_20260604,1.44,1.55,,,,1.62,1.36,,,,,,-12.5402,pending,,2026-06-22T13:14:39+00:00
trackb_cont_IAUX_20260605,1.48,,,,,1.62,1.36,,,,,,-12.5402,pending,,2026-06-22T13:14:39+00:00
trackb_cont_IAUX_20260608,1.56,,,,,1.62,1.36,,,,,,-12.5402,pending,,2026-06-22T13:14:39+00:00
trackb_cont_IBKR_20260603,85.419998,95.089996,,,,97.809998,83.110001,,,,,,-5.3686,pending,,2026-06-22T13:15:01+00:00
trackb_cont_IBKR_20260604,88.830002,96.0,,,,97.809998,83.110001,,,,,,-5.3686,pending,,2026-06-22T13:15:01+00:00
trackb_cont_IBKR_20260605,90.809998,,,,,97.809998,83.120003,,,,,,-5.3572,pending,,2026-06-22T13:15:01+00:00
trackb_cont_IBKR_20260616,,,,,,97.809998,92.010002,,,,,,-1.8351,pending,,2026-06-22T13:15:01+00:00
trackb_cont_IBKR_20260617,,,,,,97.809998,93.410004,,,,,,-0.3414,pending,,2026-06-22T13:15:01+00:00
trackb_cont_IBKR_20260618,,,,,,97.809998,95.300003,,,,,,0.2208,pending,,2026-06-22T13:15:01+00:00
trackb_cont_IBKR_20260619,,,,,,,,,,,,,,pending,,2026-06-22T13:15:01+00:00
trackb_cont_IBKR_20260622,,,,,,,,,,,,,,pending,,2026-06-22T13:15:01+00:00
trackb_cont_IBM_20260603,272.359985,262.350006,,,,318.299988,243.679993,,,,,,-19.8682,pending,,2026-06-22T13:13:53+00:00
trackb_cont_IBM_20260604,274.850006,249.100006,,,,310.440002,243.679993,,,,,,-19.8682,pending,,2026-06-22T13:13:53+00:00
trackb_cont_IBM_20260605,272.23999,,,,,302.299988,243.679993,,,,,,-19.8682,pending,,2026-06-22T13:13:53+00:00
trackb_cont_IBM_20260608,268.709991,,,,,290.5,243.679993,,,,,,-19.8682,pending,,2026-06-22T13:13:53+00:00
trackb_cont_ICFI_20260616,,,,,,73.879997,66.0,,,,,,-8.7295,pending,,2026-06-22T13:17:18+00:00
trackb_cont_ICFI_20260617,,,,,,73.879997,66.0,,,,,,-8.7295,pending,,2026-06-22T13:17:18+00:00
trackb_cont_ICFI_20260618,,,,,,72.199997,66.0,,,,,,-8.5873,pending,,2026-06-22T13:17:18+00:00
trackb_cont_ICFI_20260619,,,,,,,,,,,,,,pending,,2026-06-22T13:17:18+00:00
trackb_cont_ICFI_20260622,,,,,,,,,,,,,,pending,,2026-06-22T13:17:18+00:00
trackb_cont_ICHR_20260603,72.169998,89.449997,,,,99.599998,62.439999,,,,,,-14.3719,pending,,2026-06-22T13:14:43+00:00
trackb_cont_ICHR_20260604,84.040001,98.610001,,,,99.599998,62.439999,,,,,,-14.3719,pending,,2026-06-22T13:14:43+00:00
trackb_cont_ICHR_20260605,86.800003,,,,,99.599998,62.439999,,,,,,-14.3719,pending,,2026-06-22T13:14:43+00:00
trackb_cont_ICHR_20260616,,,,,,99.599998,85.629997,,,,,,-4.641,pending,,2026-06-22T13:14:43+00:00
trackb_cont_ICHR_20260617,,,,,,99.599998,88.190002,,,,,,-1.7901,pending,,2026-06-22T13:14:43+00:00
trackb_cont_ICHR_20260618,,,,,,99.599998,94.839996,,,,,,6.0257,pending,,2026-06-22T13:14:43+00:00
trackb_cont_ICHR_20260619,,,,,,,,,,,,,,pending,,2026-06-22T13:14:43+00:00
trackb_cont_ICHR_20260622,,,,,,,,,,,,,,pending,,2026-06-22T13:14:43+00:00
trackb_cont_ICUI_20260609,142.410004,,,,,145.25,136.660004,,,,,,-0.5964,pending,,2026-06-22T13:16:10+00:00
trackb_cont_ICUI_20260611,140.369995,,,,,145.25,136.660004,,,,,,-2.267,pending,,2026-06-22T13:16:10+00:00
trackb_cont_ICUI_20260612,,,,,,145.25,136.660004,,,,,,-4.3399,pending,,2026-06-22T13:16:10+00:00
trackb_cont_ICUI_20260616,,,,,,145.25,136.660004,,,,,,-4.8163,pending,,2026-06-22T13:16:10+00:00
trackb_cont_ICUI_20260617,,,,,,144.080002,136.660004,,,,,,-4.8163,pending,,2026-06-22T13:16:10+00:00
trackb_cont_ICUI_20260618,,,,,,142.380005,137.740005,,,,,,-0.145,pending,,2026-06-22T13:16:10+00:00
trackb_cont_ICUI_20260619,,,,,,,,,,,,,,pending,,2026-06-22T13:16:10+00:00
trackb_cont_ICUI_20260622,,,,,,,,,,,,,,pending,,2026-06-22T13:16:10+00:00
trackb_cont_IDT_20260603,55.5,53.830002,,,,58.439999,52.009998,,,,,,-2.7214,pending,,2026-06-22T13:14:49+00:00
trackb_cont_IDT_20260604,55.040001,55.419998,,,,58.439999,52.009998,,,,,,-2.7214,pending,,2026-06-22T13:14:49+00:00
trackb_cont_IDT_20260605,54.630001,,,,,57.259998,52.490002,,,,,,-1.8236,pending,,2026-06-22T13:14:49+00:00
trackb_cont_IDXX_20260611,562.090027,,,,,574.080017,543.890015,,,,,,-2.3432,pending,,2026-06-22T13:15:51+00:00
trackb_cont_IESC_20260603,678.200012,685.179993,,,,779.0,660.349976,,,,,,-9.2228,pending,,2026-06-22T13:14:20+00:00
trackb_cont_IESC_20260604,731.330017,712.390015,,,,779.0,660.349976,,,,,,-9.2228,pending,,2026-06-22T13:14:20+00:00
trackb_cont_IESC_20260605,749.830017,,,,,779.0,660.349976,,,,,,-9.2228,pending,,2026-06-22T13:14:20+00:00
trackb_cont_IESC_20260608,726.409973,,,,,779.0,660.349976,,,,,,-8.3763,pending,,2026-06-22T13:14:20+00:00
trackb_cont_IESC_20260616,,,,,,741.950012,660.349976,,,,,,-10.5623,pending,,2026-06-22T13:14:20+00:00
trackb_cont_IESC_20260617,,,,,,718.619995,660.349976,,,,,,-10.5623,pending,,2026-06-22T13:14:20+00:00
trackb_cont_IESC_20260618,,,,,,718.619995,688.580017,,,,,,-6.7388,pending,,2026-06-22T13:14:20+00:00
trackb_cont_IESC_20260619,,,,,,,,,,,,,,pending,,2026-06-22T13:14:20+00:00
trackb_cont_IEX_20260611,224.929993,,,,,228.259995,213.080002,,,,,,-0.662,pending,,2026-06-22T13:16:29+00:00
trackb_cont_IEX_20260616,,,,,,228.259995,220.380005,,,,,,-0.8548,pending,,2026-06-22T13:16:29+00:00
trackb_cont_IEX_20260617,,,,,,228.259995,221.649994,,,,,,-0.2834,pending,,2026-06-22T13:16:29+00:00
trackb_cont_IEX_20260618,,,,,,228.259995,224.740005,,,,,,1.1067,pending,,2026-06-22T13:16:29+00:00
trackb_cont_IEX_20260619,,,,,,,,,,,,,,pending,,2026-06-22T13:16:29+00:00
trackb_cont_IFF_20260616,,,,,,78.889999,75.379997,,,,,,-5.0988,pending,,2026-06-22T13:17:14+00:00
trackb_cont_IFF_20260617,,,,,,78.410004,75.379997,,,,,,-5.0988,pending,,2026-06-22T13:17:14+00:00
trackb_cont_IIIN_20260615,,,,,,29.889999,28.379999,,,,,,-3.3708,pending,,2026-06-22T13:16:53+00:00
trackb_cont_IIIN_20260616,,,,,,29.889999,28.450001,,,,,,-1.4548,pending,,2026-06-22T13:16:53+00:00
trackb_cont_IIIN_20260617,,,,,,29.889999,28.450001,,,,,,-1.4548,pending,,2026-06-22T13:16:53+00:00
trackb_cont_IIIN_20260618,,,,,,29.889999,28.73,,,,,,-0.4849,pending,,2026-06-22T13:16:53+00:00
trackb_cont_IIIN_20260619,,,,,,,,,,,,,,pending,,2026-06-22T13:16:53+00:00
trackb_cont_IIIN_20260622,,,,,,,,,,,,,,pending,,2026-06-22T13:16:53+00:00
trackb_cont_IIPR_20260611,59.599998,,,,,62.299999,58.310001,,,,,,0.2579,pending,,2026-06-22T13:16:28+00:00
trackb_cont_IIPR_20260616,,,,,,61.290001,58.549999,,,,,,-3.3509,pending,,2026-06-22T13:16:28+00:00
trackb_cont_IIPR_20260617,,,,,,60.060001,58.549999,,,,,,-3.3509,pending,,2026-06-22T13:16:28+00:00
trackb_cont_ILMN_20260603,162.470001,159.089996,,,,177.220001,155.550003,,,,,,-7.0094,pending,,2026-06-22T13:14:29+00:00
trackb_cont_ILMN_20260604,166.210007,161.929993,,,,177.220001,155.550003,,,,,,-7.0094,pending,,2026-06-22T13:14:29+00:00
trackb_cont_ILMN_20260605,160.970001,,,,,168.630005,155.550003,,,,,,-7.0094,pending,,2026-06-22T13:14:29+00:00
trackb_cont_ILMN_20260608,166.889999,,,,,168.0,155.550003,,,,,,-7.0094,pending,,2026-06-22T13:14:29+00:00
trackb_cont_ILPT_20260603,8.66,8.32,,,,9.17,8.065,,,,,,-7.8812,pending,,2026-06-22T13:14:47+00:00
trackb_cont_ILPT_20260604,9.01,8.1,,,,9.17,8.065,,,,,,-7.8812,pending,,2026-06-22T13:14:47+00:00
trackb_cont_ILPT_20260605,9.0,,,,,9.17,8.065,,,,,,-7.8812,pending,,2026-06-22T13:14:47+00:00
trackb_cont_ILPT_20260608,8.91,,,,,9.17,8.065,,,,,,-7.8812,pending,,2026-06-22T13:14:47+00:00
trackb_cont_ILPT_20260611,8.1,,,,,9.17,8.065,,,,,,-6.8707,pending,,2026-06-22T13:14:47+00:00
trackb_cont_ILPT_20260616,,,,,,9.14,8.065,,,,,,-10.7854,pending,,2026-06-22T13:14:47+00:00
trackb_cont_ILPT_20260617,,,,,,8.695,8.065,,,,,,-10.7854,pending,,2026-06-22T13:14:47+00:00
trackb_cont_ILPT_20260618,,,,,,8.54,8.065,,,,,,-10.7854,pending,,2026-06-22T13:14:47+00:00
trackb_cont_ILPT_20260619,,,,,,,,,,,,,,pending,,2026-06-22T13:14:47+00:00
trackb_cont_IMKTA_20260616,,,,,,89.809998,85.720001,,,,,,-3.2396,pending,,2026-06-22T13:15:48+00:00
trackb_cont_IMKTA_20260617,,,,,,88.379997,85.720001,,,,,,-3.2396,pending,,2026-06-22T13:15:48+00:00
trackb_cont_INCY_20260608,101.980003,,,,,110.339996,96.089996,,,,,,-6.1438,pending,,2026-06-22T13:15:56+00:00
trackb_cont_INCY_20260611,98.220001,,,,,109.690002,96.089996,,,,,,-8.8244,pending,,2026-06-22T13:15:56+00:00
trackb_cont_INCY_20260615,,,,,,107.980003,96.089996,,,,,,-7.2043,pending,,2026-06-22T13:15:56+00:00
trackb_cont_INCY_20260616,,,,,,103.330002,96.089996,,,,,,-5.5162,pending,,2026-06-22T13:15:56+00:00
trackb_cont_INCY_20260617,,,,,,101.029999,96.089996,,,,,,-5.5162,pending,,2026-06-22T13:15:56+00:00
trackb_cont_INDV_20260612,,,,,,39.044998,37.709999,,,,,,-1.1015,pending,,2026-06-22T13:16:46+00:00
trackb_cont_INDV_20260615,,,,,,39.044998,37.709999,,,,,,-2.5833,pending,,2026-06-22T13:16:46+00:00
trackb_cont_INDV_20260616,,,,,,39.044998,37.709999,,,,,,-1.0236,pending,,2026-06-22T13:16:46+00:00
trackb_cont_INDV_20260617,,,,,,39.044998,37.834999,,,,,,-0.6955,pending,,2026-06-22T13:16:46+00:00
trackb_cont_INDV_20260618,,,,,,39.044998,37.849998,,,,,,-0.2109,pending,,2026-06-22T13:16:46+00:00
trackb_cont_INDV_20260619,,,,,,,,,,,,,,pending,,2026-06-22T13:16:46+00:00
trackb_cont_INDV_20260622,,,,,,,,,,,,,,pending,,2026-06-22T13:16:46+00:00
trackb_cont_INN_20260603,6.12,6.41,,,,6.67,5.69,,,,,,-4.45,pending,,2026-06-22T13:14:09+00:00
trackb_cont_INN_20260604,6.31,6.63,,,,6.67,5.69,,,,,,-4.45,pending,,2026-06-22T13:14:09+00:00
trackb_cont_INN_20260605,6.2,,,,,6.67,5.69,,,,,,-4.45,pending,,2026-06-22T13:14:09+00:00
trackb_cont_INN_20260608,6.38,,,,,6.67,5.82,,,,,,-2.267,pending,,2026-06-22T13:14:09+00:00
trackb_cont_INN_20260611,6.63,,,,,6.67,6.0,,,,,,-1.9608,pending,,2026-06-22T13:14:09+00:00
trackb_cont_INN_20260616,,,,,,6.67,6.34,,,,,,1.7657,pending,,2026-06-22T13:14:09+00:00
trackb_cont_INN_20260617,,,,,,6.67,6.35,,,,,,1.9262,pending,,2026-06-22T13:14:09+00:00
trackb_cont_INN_20260618,,,,,,6.67,6.42,,,,,,3.0498,pending,,2026-06-22T13:14:09+00:00
trackb_cont_INN_20260619,,,,,,,,,,,,,,pending,,2026-06-22T13:14:09+00:00
trackb_cont_INOD_20260603,99.889999,102.519997,,,,125.139999,89.599998,,,,,,-16.8908,pending,,2026-06-22T13:14:10+00:00
trackb_cont_INOD_20260604,105.360001,95.5,,,,125.139999,89.599998,,,,,,-16.8908,pending,,2026-06-22T13:14:10+00:00
trackb_cont_INOD_20260605,100.900002,,,,,119.199997,89.599998,,,,,,-16.8908,pending,,2026-06-22T13:14:10+00:00
trackb_cont_INOD_20260608,99.660004,,,,,113.830002,89.599998,,,,,,-16.8908,pending,,2026-06-22T13:14:10+00:00
trackb_cont_INSE_20260603,8.01,8.0,,,,8.53,7.36,,,,,,-2.5166,pending,,2026-06-22T13:15:19+00:00
trackb_cont_INSE_20260604,8.18,8.0,,,,8.53,7.36,,,,,,-2.5166,pending,,2026-06-22T13:15:19+00:00
trackb_cont_INSE_20260605,8.3,,,,,8.53,7.36,,,,,,-2.5166,pending,,2026-06-22T13:15:19+00:00
trackb_cont_INSE_20260608,8.11,,,,,8.53,7.53,,,,,,-0.2649,pending,,2026-06-22T13:15:19+00:00
trackb_cont_INSE_20260611,8.0,,,,,8.53,7.73,,,,,,-3.4956,pending,,2026-06-22T13:15:19+00:00
trackb_cont_INSE_20260615,,,,,,8.53,7.73,,,,,,-8.1948,pending,,2026-06-22T13:15:19+00:00
trackb_cont_INSE_20260616,,,,,,8.27,7.73,,,,,,-5.3856,pending,,2026-06-22T13:15:19+00:00
trackb_cont_INSE_20260617,,,,,,8.24,7.94,,,,,,-2.8152,pending,,2026-06-22T13:15:19+00:00
trackb_cont_INSE_20260618,,,,,,8.2,7.94,,,,,,-2.8152,pending,,2026-06-22T13:15:19+00:00
trackb_cont_INSE_20260619,,,,,,,,,,,,,,pending,,2026-06-22T13:15:19+00:00
trackb_cont_INTC_20260616,,,,,,135.479996,116.0,,,,,,-9.0053,pending,,2026-06-22T13:17:11+00:00
trackb_cont_INTC_20260617,,,,,,135.479996,118.059998,,,,,,-7.3894,pending,,2026-06-22T13:17:11+00:00
trackb_cont_INTC_20260618,,,,,,135.479996,127.900002,,,,,,0.3295,pending,,2026-06-22T13:17:11+00:00
trackb_cont_INTC_20260619,,,,,,,,,,,,,,pending,,2026-06-22T13:17:11+00:00
trackb_cont_INVH_20260608,29.17,,,,,30.094999,28.264999,,,,,,-5.9088,pending,,2026-06-22T13:15:54+00:00
trackb_cont_INVH_20260609,29.0,,,,,29.975,28.264999,,,,,,-3.7951,pending,,2026-06-22T13:15:54+00:00
trackb_cont_INVH_20260610,28.49,,,,,29.975,28.264999,,,,,,-3.7951,pending,,2026-06-22T13:15:54+00:00
trackb_cont_INVH_20260611,28.41,,,,,29.889999,28.264999,,,,,,-4.8637,pending,,2026-06-22T13:15:54+00:00
trackb_cont_INVH_20260616,,,,,,29.389999,28.264999,,,,,,-3.6804,pending,,2026-06-22T13:15:54+00:00
trackb_cont_INVH_20260617,,,,,,29.18,28.264999,,,,,,-3.6804,pending,,2026-06-22T13:15:54+00:00
trackb_cont_IONQ_20260603,56.630001,54.689999,,,,73.650002,52.921001,,,,,,-22.9006,pending,,2026-06-22T13:14:01+00:00
trackb_cont_IONQ_20260604,57.990002,56.549999,,,,69.463997,52.921001,,,,,,-22.9006,pending,,2026-06-22T13:14:01+00:00
trackb_cont_IONQ_20260605,57.849998,,,,,64.900002,52.921001,,,,,,-22.9006,pending,,2026-06-22T13:14:01+00:00
trackb_cont_IONQ_20260608,61.18,,,,,64.900002,52.921001,,,,,,-22.9006,pending,,2026-06-22T13:14:01+00:00
trackb_cont_IPAR_20260611,99.089996,,,,,103.129997,96.389999,,,,,,-2.0028,pending,,2026-06-22T13:15:49+00:00
trackb_cont_IPAR_20260616,,,,,,101.379997,96.389999,,,,,,-4.1325,pending,,2026-06-22T13:15:49+00:00
trackb_cont_IPAR_20260617,,,,,,101.379997,96.389999,,,,,,-4.1325,pending,,2026-06-22T13:15:49+00:00
trackb_cont_IPAR_20260618,,,,,,99.980003,97.260002,,,,,,-3.2672,pending,,2026-06-22T13:15:49+00:00
trackb_cont_IPAR_20260619,,,,,,,,,,,,,,pending,,2026-06-22T13:15:49+00:00
trackb_cont_IPGP_20260603,104.07,113.639999,,,,135.0,100.57,,,,,,-24.2239,pending,,2026-06-22T13:14:07+00:00
trackb_cont_IPGP_20260604,111.190002,118.010002,,,,126.43,100.57,,,,,,-24.2239,pending,,2026-06-22T13:14:07+00:00
trackb_cont_IPGP_20260605,114.650002,,,,,121.730003,100.57,,,,,,-24.2239,pending,,2026-06-22T13:14:07+00:00
trackb_cont_IPGP_20260608,120.010002,,,,,121.730003,100.57,,,,,,-24.2239,pending,,2026-06-22T13:14:07+00:00
trackb_cont_IPX_20260603,34.189999,31.379999,,,,43.259998,29.52,,,,,,-26.8945,pending,,2026-06-22T13:14:33+00:00
trackb_cont_IPX_20260604,36.84,31.030001,,,,40.540001,29.52,,,,,,-26.8945,pending,,2026-06-22T13:14:33+00:00
trackb_cont_IPX_20260605,36.049999,,,,,39.540001,29.52,,,,,,-26.8945,pending,,2026-06-22T13:14:33+00:00
trackb_cont_IP_20260603,31.85,36.16,,,,37.830002,31.780001,,,,,,-5.0777,pending,,2026-06-22T13:14:19+00:00
trackb_cont_IP_20260604,34.950001,36.82,,,,37.830002,31.780001,,,,,,-5.0777,pending,,2026-06-22T13:14:19+00:00
trackb_cont_IP_20260605,36.150002,,,,,37.830002,31.780001,,,,,,-5.0777,pending,,2026-06-22T13:14:19+00:00
trackb_cont_IP_20260608,36.389999,,,,,37.830002,31.780001,,,,,,-5.4448,pending,,2026-06-22T13:14:19+00:00
trackb_cont_IP_20260611,36.82,,,,,37.830002,31.809999,,,,,,-0.1256,pending,,2026-06-22T13:14:19+00:00
trackb_cont_IP_20260616,,,,,,37.830002,35.849998,,,,,,-4.6543,pending,,2026-06-22T13:14:19+00:00
trackb_cont_IP_20260617,,,,,,37.830002,35.849998,,,,,,-4.6543,pending,,2026-06-22T13:14:19+00:00
trackb_cont_IP_20260618,,,,,,37.830002,36.360001,,,,,,0.5531,pending,,2026-06-22T13:14:19+00:00
trackb_cont_IP_20260619,,,,,,,,,,,,,,pending,,2026-06-22T13:14:19+00:00
trackb_cont_IP_20260622,,,,,,,,,,,,,,pending,,2026-06-22T13:14:19+00:00
trackb_cont_IQV_20260603,182.169998,170.669998,,,,190.679993,162.220001,,,,,,-7.8295,pending,,2026-06-22T13:15:25+00:00
trackb_cont_IQV_20260604,181.059998,167.770004,,,,190.679993,162.220001,,,,,,-7.8295,pending,,2026-06-22T13:15:25+00:00
trackb_cont_IQV_20260605,181.460007,,,,,190.679993,162.220001,,,,,,-7.8295,pending,,2026-06-22T13:15:25+00:00
trackb_cont_IQV_20260608,178.389999,,,,,190.679993,162.220001,,,,,,-7.8295,pending,,2026-06-22T13:15:25+00:00
trackb_cont_IQV_20260609,179.169998,,,,,190.679993,162.220001,,,,,,-11.6882,pending,,2026-06-22T13:15:25+00:00
trackb_cont_IQV_20260612,,,,,,183.339996,162.220001,,,,,,-10.4054,pending,,2026-06-22T13:15:25+00:00
trackb_cont_IRDM_20260603,45.610001,45.049999,,,,53.830002,42.169998,,,,,,-17.4755,pending,,2026-06-22T13:15:01+00:00
trackb_cont_IRDM_20260604,49.91,44.57,,,,53.32,42.169998,,,,,,-17.4755,pending,,2026-06-22T13:15:01+00:00
trackb_cont_IRDM_20260605,47.32,,,,,50.959999,42.169998,,,,,,-17.4755,pending,,2026-06-22T13:15:01+00:00
trackb_cont_IRDM_20260608,45.389999,,,,,50.259998,42.169998,,,,,,-17.4755,pending,,2026-06-22T13:15:01+00:00
trackb_cont_IRT_20260616,,,,,,16.76,15.73,,,,,,-5.752,pending,,2026-06-22T13:17:22+00:00
trackb_cont_IRT_20260617,,,,,,16.5,15.73,,,,,,-5.752,pending,,2026-06-22T13:17:22+00:00
trackb_cont_IR_20260618,,,,,,79.410004,77.809998,,,,,,0.9602,pending,,2026-06-22T13:17:08+00:00
trackb_cont_IR_20260619,,,,,,,,,,,,,,pending,,2026-06-22T13:17:08+00:00
trackb_cont_IR_20260622,,,,,,,,,,,,,,pending,,2026-06-22T13:17:08+00:00
trackb_cont_ITGR_20260603,91.370003,89.5,,,,94.760002,89.32,,,,,,-0.9207,pending,,2026-06-22T13:14:51+00:00
trackb_cont_ITGR_20260604,92.099998,90.959999,,,,94.760002,89.32,,,,,,-0.9207,pending,,2026-06-22T13:14:51+00:00
trackb_cont_ITGR_20260605,90.980003,,,,,94.760002,89.32,,,,,,-0.9207,pending,,2026-06-22T13:14:51+00:00
trackb_cont_ITGR_20260608,90.849998,,,,,94.760002,89.32,,,,,,-0.9207,pending,,2026-06-22T13:14:51+00:00
trackb_cont_ITW_20260618,,,,,,269.51001,263.540009,,,,,,0.5456,pending,,2026-06-22T13:17:30+00:00
trackb_cont_ITW_20260619,,,,,,,,,,,,,,pending,,2026-06-22T13:17:30+00:00
trackb_cont_ITW_20260622,,,,,,,,,,,,,,pending,,2026-06-22T13:17:30+00:00
trackb_cont_IT_20260603,154.910004,133.580002,,,,171.330002,126.169998,,,,,,-23.5843,pending,,2026-06-22T13:15:20+00:00
trackb_cont_IT_20260604,148.809998,127.489998,,,,171.330002,126.169998,,,,,,-23.5843,pending,,2026-06-22T13:15:20+00:00
trackb_cont_IT_20260605,148.169998,,,,,171.0,126.169998,,,,,,-23.5843,pending,,2026-06-22T13:15:20+00:00
trackb_cont_IT_20260608,142.770004,,,,,164.300003,126.169998,,,,,,-23.5843,pending,,2026-06-22T13:15:20+00:00
trackb_cont_IVT_20260603,34.759998,34.200001,,,,36.150002,32.48,,,,,,-0.8093,pending,,2026-06-22T13:15:07+00:00
trackb_cont_IVT_20260604,35.009998,34.330002,,,,36.150002,32.580002,,,,,,-0.5039,pending,,2026-06-22T13:15:07+00:00
trackb_cont_IVT_20260605,35.0,,,,,36.150002,33.040001,,,,,,0.9009,pending,,2026-06-22T13:15:07+00:00
trackb_cont_IVT_20260608,34.619999,,,,,36.150002,33.84,,,,,,1.1659,pending,,2026-06-22T13:15:07+00:00
trackb_cont_IVT_20260610,34.200001,,,,,36.150002,33.84,,,,,,-1.2835,pending,,2026-06-22T13:15:07+00:00
trackb_cont_IVT_20260616,,,,,,36.150002,33.84,,,,,,-2.5486,pending,,2026-06-22T13:15:07+00:00
trackb_cont_IVT_20260617,,,,,,35.040001,33.84,,,,,,-2.5486,pending,,2026-06-22T13:15:07+00:00
trackb_cont_IVT_20260618,,,,,,34.490002,33.889999,,,,,,-2.4046,pending,,2026-06-22T13:15:07+00:00
trackb_cont_IVT_20260619,,,,,,,,,,,,,,pending,,2026-06-22T13:15:07+00:00
trackb_cont_IVZ_20260608,29.1,,,,,29.82,27.23,,,,,,-0.4388,pending,,2026-06-22T13:15:58+00:00
trackb_cont_IVZ_20260616,,,,,,29.65,27.809999,,,,,,-5.5527,pending,,2026-06-22T13:15:58+00:00
trackb_cont_IVZ_20260617,,,,,,29.65,27.809999,,,,,,-5.5527,pending,,2026-06-22T13:15:58+00:00
trackb_cont_IVZ_20260618,,,,,,29.299999,27.809999,,,,,,-4.3344,pending,,2026-06-22T13:15:58+00:00
trackb_cont_IVZ_20260619,,,,,,,,,,,,,,pending,,2026-06-22T13:15:58+00:00
trackb_cont_IVZ_20260622,,,,,,,,,,,,,,pending,,2026-06-22T13:15:58+00:00
trackb_cont_JBHT_20260603,280.75,267.23999,,,,293.540009,265.369995,,,,,,-4.9126,pending,,2026-06-22T13:14:23+00:00
trackb_cont_JBHT_20260604,289.140015,271.220001,,,,293.540009,265.369995,,,,,,-4.9126,pending,,2026-06-22T13:14:23+00:00
trackb_cont_JBHT_20260605,289.359985,,,,,293.540009,265.369995,,,,,,-4.9126,pending,,2026-06-22T13:14:23+00:00
trackb_cont_JBHT_20260608,283.160004,,,,,293.540009,265.369995,,,,,,-4.9126,pending,,2026-06-22T13:14:23+00:00
trackb_cont_JBHT_20260609,279.820007,,,,,293.540009,265.369995,,,,,,-7.912,pending,,2026-06-22T13:14:23+00:00
trackb_cont_JBHT_20260611,271.220001,,,,,293.529999,265.369995,,,,,,-5.4782,pending,,2026-06-22T13:14:23+00:00
trackb_cont_JBHT_20260612,,,,,,293.529999,265.369995,,,,,,-8.2209,pending,,2026-06-22T13:14:23+00:00
trackb_cont_JBHT_20260616,,,,,,284.160004,265.369995,,,,,,-6.2893,pending,,2026-06-22T13:14:23+00:00
trackb_cont_JBHT_20260617,,,,,,279.170013,265.369995,,,,,,-6.2893,pending,,2026-06-22T13:14:23+00:00
trackb_cont_JBHT_20260618,,,,,,275.200012,265.369995,,,,,,-6.2893,pending,,2026-06-22T13:14:23+00:00
trackb_cont_JBHT_20260619,,,,,,,,,,,,,,pending,,2026-06-22T13:14:23+00:00
trackb_cont_JBL_20260603,352.359985,374.980011,,,,428.929993,341.470001,,,,,,-10.3518,pending,,2026-06-22T13:14:45+00:00
trackb_cont_JBL_20260604,376.890015,371.880005,,,,428.929993,341.470001,,,,,,-10.3518,pending,,2026-06-22T13:14:45+00:00
trackb_cont_JBL_20260605,384.820007,,,,,428.929993,341.470001,,,,,,-10.3518,pending,,2026-06-22T13:14:45+00:00
trackb_cont_JBL_20260608,385.630005,,,,,428.929993,341.470001,,,,,,-10.3518,pending,,2026-06-22T13:14:45+00:00
trackb_cont_JBL_20260616,,,,,,428.929993,366.209991,,,,,,-5.9336,pending,,2026-06-22T13:14:45+00:00
trackb_cont_JBL_20260617,,,,,,428.929993,366.209991,,,,,,-5.9336,pending,,2026-06-22T13:14:45+00:00
trackb_cont_JBL_20260618,,,,,,390.049988,366.209991,,,,,,-5.9336,pending,,2026-06-22T13:14:45+00:00
trackb_cont_JBL_20260619,,,,,,,,,,,,,,pending,,2026-06-22T13:14:45+00:00
trackb_cont_JEF_20260603,57.900002,61.880001,,,,63.98,52.630001,,,,,,-0.7356,pending,,2026-06-22T13:13:54+00:00
trackb_cont_JEF_20260604,59.66,62.099998,,,,63.98,53.419998,,,,,,0.7544,pending,,2026-06-22T13:13:54+00:00
trackb_cont_JEF_20260605,61.66,,,,,63.98,54.779999,,,,,,3.3195,pending,,2026-06-22T13:13:54+00:00
trackb_cont_JEF_20260608,61.950001,,,,,63.98,56.5,,,,,,6.5636,pending,,2026-06-22T13:13:54+00:00
trackb_cont_JEF_20260609,62.02,,,,,63.98,57.439999,,,,,,-0.7945,pending,,2026-06-22T13:13:54+00:00
trackb_cont_JEF_20260610,61.880001,,,,,63.98,57.669998,,,,,,-0.3972,pending,,2026-06-22T13:13:54+00:00
trackb_cont_JEF_20260611,62.099998,,,,,63.98,57.919998,,,,,,0.0345,pending,,2026-06-22T13:13:54+00:00
trackb_cont_JEF_20260612,,,,,,63.98,60.77,,,,,,1.8605,pending,,2026-06-22T13:13:54+00:00
trackb_cont_JEF_20260616,,,,,,63.98,61.5,,,,,,-1.6787,pending,,2026-06-22T13:13:54+00:00
trackb_cont_JEF_20260617,,,,,,63.98,61.5,,,,,,-1.6787,pending,,2026-06-22T13:13:54+00:00
trackb_cont_JEF_20260618,,,,,,62.93,61.5,,,,,,-1.6787,pending,,2026-06-22T13:13:54+00:00
trackb_cont_JEF_20260619,,,,,,,,,,,,,,pending,,2026-06-22T13:13:54+00:00
trackb_cont_JJSF_20260612,,,,,,81.360001,73.059998,,,,,,-6.835,pending,,2026-06-22T13:16:39+00:00
trackb_cont_JJSF_20260616,,,,,,78.269997,73.059998,,,,,,-7.5073,pending,,2026-06-22T13:16:39+00:00
trackb_cont_JJSF_20260617,,,,,,76.150002,73.059998,,,,,,-7.5073,pending,,2026-06-22T13:16:39+00:00
trackb_cont_JNJ_20260610,234.199997,,,,,241.600006,227.600006,,,,,,-1.9642,pending,,2026-06-22T13:15:44+00:00
trackb_cont_JNJ_20260616,,,,,,236.369995,227.600006,,,,,,-3.6655,pending,,2026-06-22T13:15:44+00:00
trackb_cont_JNJ_20260617,,,,,,235.429993,227.600006,,,,,,-3.6655,pending,,2026-06-22T13:15:44+00:00
trackb_cont_JNJ_20260618,,,,,,232.75,227.600006,,,,,,-3.6655,pending,,2026-06-22T13:15:44+00:00
trackb_cont_JNJ_20260619,,,,,,,,,,,,,,pending,,2026-06-22T13:15:44+00:00
trackb_cont_JPM_20260609,331.140015,,,,,338.089996,308.880005,,,,,,-0.7168,pending,,2026-06-22T13:16:07+00:00
trackb_cont_JPM_20260616,,,,,,338.089996,324.019989,,,,,,0.9062,pending,,2026-06-22T13:16:07+00:00
trackb_cont_JPM_20260617,,,,,,338.089996,324.160004,,,,,,0.9498,pending,,2026-06-22T13:16:07+00:00
trackb_cont_JPM_20260618,,,,,,338.089996,324.160004,,,,,,-3.7244,pending,,2026-06-22T13:16:07+00:00
trackb_cont_JPM_20260619,,,,,,,,,,,,,,pending,,2026-06-22T13:16:07+00:00
trackb_cont_JPM_20260622,,,,,,,,,,,,,,pending,,2026-06-22T13:16:07+00:00
trackb_cont_JRSH_20260603,3.59,4.5,,,,5.47,3.278,,,,,,-3.871,pending,,2026-06-22T13:15:00+00:00
trackb_cont_JRSH_20260604,3.58,4.47,,,,5.47,3.278,,,,,,-3.871,pending,,2026-06-22T13:15:00+00:00
trackb_cont_JRSH_20260605,3.46,,,,,5.47,3.278,,,,,,-3.871,pending,,2026-06-22T13:15:00+00:00
trackb_cont_JRSH_20260608,3.75,,,,,5.47,3.375,,,,,,-1.0264,pending,,2026-06-22T13:15:00+00:00
trackb_cont_JRSH_20260611,4.47,,,,,5.47,3.445,,,,,,-4.039,pending,,2026-06-22T13:15:00+00:00
trackb_cont_J_20260611,120.970001,,,,,128.899994,119.620003,,,,,,-1.7576,pending,,2026-06-22T13:16:13+00:00
trackb_cont_J_20260616,,,,,,128.020004,119.620003,,,,,,-6.0219,pending,,2026-06-22T13:16:13+00:00
trackb_cont_J_20260617,,,,,,127.379997,119.620003,,,,,,-6.0219,pending,,2026-06-22T13:16:13+00:00
trackb_cont_J_20260618,,,,,,124.559998,119.620003,,,,,,-2.6292,pending,,2026-06-22T13:16:13+00:00
trackb_cont_J_20260619,,,,,,,,,,,,,,pending,,2026-06-22T13:16:13+00:00
trackb_cont_KBH_20260603,52.16,52.419998,,,,55.73,50.279999,,,,,,-0.6128,pending,,2026-06-22T13:14:14+00:00
trackb_cont_KBH_20260604,54.310001,54.200001,,,,55.73,51.349998,,,,,,1.5023,pending,,2026-06-22T13:14:14+00:00
trackb_cont_KBH_20260605,54.0,,,,,55.73,51.349998,,,,,,1.5023,pending,,2026-06-22T13:14:14+00:00
trackb_cont_KBH_20260608,53.23,,,,,55.73,51.349998,,,,,,1.5023,pending,,2026-06-22T13:14:14+00:00
trackb_cont_KBH_20260609,53.84,,,,,55.73,51.68,,,,,,0.5056,pending,,2026-06-22T13:14:14+00:00
trackb_cont_KBH_20260612,,,,,,55.73,52.02,,,,,,-4.2165,pending,,2026-06-22T13:14:14+00:00
trackb_cont_KBH_20260616,,,,,,55.619999,52.02,,,,,,-3.9158,pending,,2026-06-22T13:14:14+00:00
trackb_cont_KBH_20260617,,,,,,55.619999,52.02,,,,,,-3.9158,pending,,2026-06-22T13:14:14+00:00
trackb_cont_KBH_20260618,,,,,,55.040001,52.630001,,,,,,-2.7891,pending,,2026-06-22T13:14:14+00:00
trackb_cont_KBH_20260619,,,,,,,,,,,,,,pending,,2026-06-22T13:14:14+00:00
trackb_cont_KBR_20260609,35.029999,,,,,36.25,32.459999,,,,,,-7.8103,pending,,2026-06-22T13:16:08+00:00
trackb_cont_KBR_20260611,32.82,,,,,36.25,32.459999,,,,,,-5.1432,pending,,2026-06-22T13:16:08+00:00
trackb_cont_KBR_20260615,,,,,,36.240002,32.459999,,,,,,-9.8083,pending,,2026-06-22T13:16:08+00:00
trackb_cont_KBR_20260616,,,,,,35.610001,32.459999,,,,,,-7.8888,pending,,2026-06-22T13:16:08+00:00
trackb_cont_KBR_20260617,,,,,,35.48,32.459999,,,,,,-7.8888,pending,,2026-06-22T13:16:08+00:00
trackb_cont_KDP_20260603,31.700001,30.889999,,,,32.310001,30.0,,,,,,-2.7553,pending,,2026-06-22T13:14:12+00:00
trackb_cont_KDP_20260604,31.23,30.76,,,,32.310001,30.0,,,,,,-2.7553,pending,,2026-06-22T13:14:12+00:00
trackb_cont_KDP_20260605,31.709999,,,,,32.310001,30.209999,,,,,,-2.0746,pending,,2026-06-22T13:14:12+00:00
trackb_cont_KDP_20260608,31.77,,,,,32.310001,30.530001,,,,,,-1.0373,pending,,2026-06-22T13:14:12+00:00
trackb_cont_KDP_20260611,30.76,,,,,32.310001,30.629999,,,,,,-3.3754,pending,,2026-06-22T13:14:12+00:00
trackb_cont_KDP_20260616,,,,,,32.310001,30.629999,,,,,,-3.3906,pending,,2026-06-22T13:14:12+00:00
trackb_cont_KDP_20260617,,,,,,32.23,30.629999,,,,,,-3.3906,pending,,2026-06-22T13:14:12+00:00
trackb_cont_KDP_20260618,,,,,,31.24,30.629999,,,,,,-0.8417,pending,,2026-06-22T13:14:12+00:00
trackb_cont_KDP_20260619,,,,,,,,,,,,,,pending,,2026-06-22T13:14:12+00:00
trackb_cont_KDP_20260622,,,,,,,,,,,,,,pending,,2026-06-22T13:14:12+00:00
trackb_cont_KEEL_20260603,5.25,5.97,,,,6.45,4.81,,,,,,-23.1629,pending,,2026-06-22T13:14:25+00:00
trackb_cont_KEEL_20260604,5.52,6.29,,,,6.42,4.81,,,,,,-23.1629,pending,,2026-06-22T13:14:25+00:00
trackb_cont_KEEL_20260605,5.59,,,,,6.42,4.81,,,,,,-23.1629,pending,,2026-06-22T13:14:25+00:00
trackb_cont_KEEL_20260608,5.66,,,,,6.42,5.04,,,,,,-19.4888,pending,,2026-06-22T13:14:25+00:00
trackb_cont_KEEL_20260618,,,,,,6.37,5.942,,,,,,-0.469,pending,,2026-06-22T13:14:25+00:00
trackb_cont_KEEL_20260619,,,,,,,,,,,,,,pending,,2026-06-22T13:14:25+00:00
trackb_cont_KEEL_20260622,,,,,,,,,,,,,,pending,,2026-06-22T13:14:25+00:00
trackb_cont_KELYA_20260603,11.72,11.4,,,,12.22,11.19,,,,,,-1.7559,pending,,2026-06-22T13:15:03+00:00
trackb_cont_KELYA_20260604,12.04,11.36,,,,12.22,11.19,,,,,,-1.7559,pending,,2026-06-22T13:15:03+00:00
trackb_cont_KELYA_20260605,12.04,,,,,12.22,11.19,,,,,,-1.7559,pending,,2026-06-22T13:15:03+00:00
trackb_cont_KELYA_20260608,11.62,,,,,12.22,11.19,,,,,,-1.7559,pending,,2026-06-22T13:15:03+00:00
trackb_cont_KELYA_20260609,11.45,,,,,12.22,11.19,,,,,,-5.8081,pending,,2026-06-22T13:15:03+00:00
trackb_cont_KELYA_20260610,11.4,,,,,12.22,11.19,,,,,,-5.8081,pending,,2026-06-22T13:15:03+00:00
trackb_cont_KELYA_20260615,,,,,,12.04,11.19,,,,,,-6.4381,pending,,2026-06-22T13:15:03+00:00
trackb_cont_KELYA_20260616,,,,,,11.75,11.19,,,,,,-5.6095,pending,,2026-06-22T13:15:03+00:00
trackb_cont_KELYA_20260617,,,,,,11.64,11.19,,,,,,-5.6095,pending,,2026-06-22T13:15:03+00:00
trackb_cont_KELYA_20260618,,,,,,11.51,11.19,,,,,,-5.6095,pending,,2026-06-22T13:15:03+00:00
trackb_cont_KELYA_20260619,,,,,,,,,,,,,,pending,,2026-06-22T13:15:03+00:00
trackb_cont_KEYS_20260618,,,,,,367.170013,357.709991,,,,,,1.9989,pending,,2026-06-22T13:17:37+00:00
trackb_cont_KEYS_20260619,,,,,,,,,,,,,,pending,,2026-06-22T13:17:37+00:00
trackb_cont_KEYS_20260622,,,,,,,,,,,,,,pending,,2026-06-22T13:17:37+00:00
trackb_cont_KEY_20260612,,,,,,23.120001,22.370001,,,,,,0.1791,pending,,2026-06-22T13:16:49+00:00
trackb_cont_KEY_20260615,,,,,,23.120001,22.370001,,,,,,-2.1863,pending,,2026-06-22T13:16:49+00:00
trackb_cont_KEY_20260616,,,,,,23.120001,22.450001,,,,,,-0.3772,pending,,2026-06-22T13:16:49+00:00
trackb_cont_KEY_20260617,,,,,,23.120001,22.450001,,,,,,-0.3772,pending,,2026-06-22T13:16:49+00:00
trackb_cont_KEY_20260618,,,,,,22.9,22.51,,,,,,-0.1109,pending,,2026-06-22T13:16:49+00:00
trackb_cont_KEY_20260619,,,,,,,,,,,,,,pending,,2026-06-22T13:16:49+00:00
trackb_cont_KFRC_20260603,49.16,46.720001,,,,50.700001,43.84,,,,,,-5.0877,pending,,2026-06-22T13:14:22+00:00
trackb_cont_KFRC_20260604,49.900002,45.389999,,,,50.700001,43.84,,,,,,-5.0877,pending,,2026-06-22T13:14:22+00:00
trackb_cont_KFRC_20260605,50.0,,,,,50.700001,43.84,,,,,,-5.0877,pending,,2026-06-22T13:14:22+00:00
trackb_cont_KFRC_20260608,47.669998,,,,,50.700001,43.84,,,,,,-7.8023,pending,,2026-06-22T13:14:22+00:00
trackb_cont_KFRC_20260609,47.810001,,,,,50.700001,43.84,,,,,,-8.4569,pending,,2026-06-22T13:14:22+00:00
trackb_cont_KFRC_20260610,46.720001,,,,,50.700001,43.84,,,,,,-8.4569,pending,,2026-06-22T13:14:22+00:00
trackb_cont_KFRC_20260611,45.389999,,,,,50.700001,43.84,,,,,,-10.8218,pending,,2026-06-22T13:14:22+00:00
trackb_cont_KFRC_20260615,,,,,,50.459999,43.84,,,,,,-11.4531,pending,,2026-06-22T13:14:22+00:00
trackb_cont_KFRC_20260616,,,,,,48.939999,43.84,,,,,,-10.6036,pending,,2026-06-22T13:14:22+00:00
trackb_cont_KFRC_20260617,,,,,,48.939999,43.84,,,,,,-10.6036,pending,,2026-06-22T13:14:22+00:00
trackb_cont_KFRC_20260618,,,,,,46.52,43.84,,,,,,-10.6036,pending,,2026-06-22T13:14:22+00:00
trackb_cont_KFRC_20260619,,,,,,,,,,,,,,pending,,2026-06-22T13:14:22+00:00
trackb_cont_KFY_20260603,73.300003,71.669998,,,,74.720001,69.239998,,,,,,-0.5744,pending,,2026-06-22T13:14:33+00:00
trackb_cont_KFY_20260604,73.260002,71.459999,,,,74.720001,70.019997,,,,,,0.5457,pending,,2026-06-22T13:14:33+00:00
trackb_cont_KFY_20260605,73.220001,,,,,74.720001,70.019997,,,,,,0.5457,pending,,2026-06-22T13:14:33+00:00
trackb_cont_KFY_20260608,71.370003,,,,,74.720001,70.019997,,,,,,-3.1803,pending,,2026-06-22T13:14:33+00:00
trackb_cont_KFY_20260610,71.669998,,,,,74.639999,70.019997,,,,,,-3.6334,pending,,2026-06-22T13:14:33+00:00
trackb_cont_KFY_20260612,,,,,,74.639999,70.019997,,,,,,-4.4226,pending,,2026-06-22T13:14:33+00:00
trackb_cont_KFY_20260616,,,,,,72.910004,70.019997,,,,,,-3.1937,pending,,2026-06-22T13:14:33+00:00
trackb_cont_KFY_20260617,,,,,,72.910004,70.059998,,,,,,-3.1384,pending,,2026-06-22T13:14:33+00:00
trackb_cont_KFY_20260618,,,,,,71.690002,70.059998,,,,,,-3.1384,pending,,2026-06-22T13:14:33+00:00
trackb_cont_KFY_20260619,,,,,,,,,,,,,,pending,,2026-06-22T13:14:33+00:00
trackb_cont_KHC_20260615,,,,,,24.370001,22.754,,,,,,-5.9363,pending,,2026-06-22T13:17:03+00:00
trackb_cont_KHC_20260616,,,,,,24.0,22.754,,,,,,-5.8,pending,,2026-06-22T13:17:03+00:00
trackb_cont_KHC_20260617,,,,,,23.92,22.754,,,,,,-5.8,pending,,2026-06-22T13:17:03+00:00
trackb_cont_KIM_20260610,24.49,,,,,26.08,24.299999,,,,,,0.2475,pending,,2026-06-22T13:16:21+00:00
trackb_cont_KIM_20260611,24.379999,,,,,26.08,24.299999,,,,,,-4.2553,pending,,2026-06-22T13:16:21+00:00
trackb_cont_KIM_20260616,,,,,,25.549999,24.299999,,,,,,-4.7619,pending,,2026-06-22T13:16:21+00:00
trackb_cont_KIM_20260617,,,,,,25.15,24.299999,,,,,,-4.7619,pending,,2026-06-22T13:16:21+00:00
trackb_cont_KIM_20260618,,,,,,24.700001,24.299999,,,,,,-4.7619,pending,,2026-06-22T13:16:21+00:00
trackb_cont_KIM_20260619,,,,,,,,,,,,,,pending,,2026-06-22T13:16:21+00:00
trackb_cont_KLAC_20260603,213.563995,238.729996,,,,267.170013,192.772995,,,,,,-90.7138,pending,,2026-06-22T13:13:59+00:00
trackb_cont_KLAC_20260604,241.164001,259.559998,,,,267.170013,192.772995,,,,,,-90.7138,pending,,2026-06-22T13:13:59+00:00
trackb_cont_KLAC_20260605,254.539993,,,,,267.170013,192.772995,,,,,,-90.7138,pending,,2026-06-22T13:13:59+00:00
trackb_cont_KLAC_20260608,256.420013,,,,,267.170013,199.550003,,,,,,-89.6563,pending,,2026-06-22T13:13:59+00:00
trackb_cont_KLIC_20260603,102.029999,116.510002,,,,125.139999,96.459999,,,,,,-10.3906,pending,,2026-06-22T13:14:28+00:00
trackb_cont_KLIC_20260604,111.82,121.870003,,,,125.139999,96.459999,,,,,,-10.3906,pending,,2026-06-22T13:14:28+00:00
trackb_cont_KLIC_20260605,113.129997,,,,,125.139999,96.459999,,,,,,-10.3906,pending,,2026-06-22T13:14:28+00:00
trackb_cont_KLIC_20260608,115.440002,,,,,125.139999,96.459999,,,,,,-1.7319,pending,,2026-06-22T13:14:28+00:00
trackb_cont_KLIC_20260615,,,,,,125.139999,112.620003,,,,,,-3.8422,pending,,2026-06-22T13:14:28+00:00
trackb_cont_KLIC_20260616,,,,,,125.139999,114.32,,,,,,-0.2269,pending,,2026-06-22T13:14:28+00:00
trackb_cont_KLIC_20260617,,,,,,125.139999,116.160004,,,,,,1.379,pending,,2026-06-22T13:14:28+00:00
trackb_cont_KLIC_20260618,,,,,,125.139999,121.150002,,,,,,3.9825,pending,,2026-06-22T13:14:28+00:00
trackb_cont_KLIC_20260619,,,,,,,,,,,,,,pending,,2026-06-22T13:14:28+00:00
trackb_cont_KLIC_20260622,,,,,,,,,,,,,,pending,,2026-06-22T13:14:28+00:00
trackb_cont_KMB_20260612,,,,,,105.010002,101.099998,,,,,,-0.4333,pending,,2026-06-22T13:16:43+00:00
trackb_cont_KMB_20260616,,,,,,105.010002,101.199997,,,,,,-2.392,pending,,2026-06-22T13:16:43+00:00
trackb_cont_KMB_20260617,,,,,,105.010002,101.199997,,,,,,-2.392,pending,,2026-06-22T13:16:43+00:00
trackb_cont_KMB_20260618,,,,,,103.220001,101.639999,,,,,,-1.9676,pending,,2026-06-22T13:16:43+00:00
trackb_cont_KMB_20260619,,,,,,,,,,,,,,pending,,2026-06-22T13:16:43+00:00
trackb_cont_KMX_20260603,48.5,47.43,,,,53.93,43.52,,,,,,-6.5794,pending,,2026-06-22T13:14:45+00:00
trackb_cont_KMX_20260604,51.57,53.66,,,,53.93,45.349998,,,,,,-2.6511,pending,,2026-06-22T13:14:45+00:00
trackb_cont_KMX_20260605,51.259998,,,,,53.93,45.990002,,,,,,-1.2772,pending,,2026-06-22T13:14:45+00:00
trackb_cont_KMX_20260608,52.209999,,,,,53.93,45.990002,,,,,,-1.2772,pending,,2026-06-22T13:14:45+00:00
trackb_cont_KMX_20260610,47.43,,,,,53.93,46.580002,,,,,,-1.9368,pending,,2026-06-22T13:14:45+00:00
trackb_cont_KMX_20260611,53.66,,,,,53.93,46.580002,,,,,,-3.9588,pending,,2026-06-22T13:14:45+00:00
trackb_cont_KMX_20260616,,,,,,53.93,46.580002,,,,,,-10.4145,pending,,2026-06-22T13:14:45+00:00
trackb_cont_KMX_20260617,,,,,,53.93,46.580002,,,,,,-10.4145,pending,,2026-06-22T13:14:45+00:00
trackb_cont_KMX_20260618,,,,,,53.93,47.73,,,,,,-8.2027,pending,,2026-06-22T13:14:45+00:00
trackb_cont_KMX_20260619,,,,,,,,,,,,,,pending,,2026-06-22T13:14:45+00:00
trackb_cont_KNF_20260622,,,,,,,,,,,,,,pending,,2026-06-22T13:17:31+00:00
trackb_cont_KNX_20260603,79.25,73.010002,,,,82.860001,72.690002,,,,,,-7.0817,pending,,2026-06-22T13:14:11+00:00
trackb_cont_KNX_20260604,82.449997,74.150002,,,,82.860001,72.690002,,,,,,-7.0817,pending,,2026-06-22T13:14:11+00:00
trackb_cont_KNX_20260605,81.540001,,,,,82.860001,72.690002,,,,,,-7.0817,pending,,2026-06-22T13:14:11+00:00
trackb_cont_KNX_20260608,79.25,,,,,82.860001,72.690002,,,,,,-7.0817,pending,,2026-06-22T13:14:11+00:00
trackb_cont_KNX_20260610,73.010002,,,,,82.860001,72.690002,,,,,,-9.9368,pending,,2026-06-22T13:14:11+00:00
trackb_cont_KNX_20260611,74.150002,,,,,82.860001,72.690002,,,,,,-8.2776,pending,,2026-06-22T13:14:11+00:00
trackb_cont_KNX_20260612,,,,,,82.860001,72.690002,,,,,,-11.8375,pending,,2026-06-22T13:14:11+00:00
trackb_cont_KNX_20260616,,,,,,79.25,72.690002,,,,,,-7.3216,pending,,2026-06-22T13:14:11+00:00
trackb_cont_KNX_20260617,,,,,,77.279999,72.690002,,,,,,-7.3216,pending,,2026-06-22T13:14:11+00:00
trackb_cont_KN_20260603,37.310001,40.23,,,,42.599998,36.509998,,,,,,-7.0758,pending,,2026-06-22T13:14:05+00:00
trackb_cont_KN_20260604,39.450001,41.369999,,,,42.599998,36.509998,,,,,,-7.0758,pending,,2026-06-22T13:14:05+00:00
trackb_cont_KN_20260605,39.779999,,,,,42.599998,36.509998,,,,,,-7.0758,pending,,2026-06-22T13:14:05+00:00
trackb_cont_KN_20260608,41.369999,,,,,42.599998,36.509998,,,,,,-2.0129,pending,,2026-06-22T13:14:05+00:00
trackb_cont_KN_20260616,,,,,,42.599998,39.959999,,,,,,-2.8683,pending,,2026-06-22T13:14:05+00:00
trackb_cont_KN_20260617,,,,,,41.810001,39.959999,,,,,,-2.8683,pending,,2026-06-22T13:14:05+00:00
trackb_cont_KN_20260618,,,,,,41.810001,40.939999,,,,,,-0.4861,pending,,2026-06-22T13:14:05+00:00
trackb_cont_KN_20260619,,,,,,,,,,,,,,pending,,2026-06-22T13:14:05+00:00
trackb_cont_KN_20260622,,,,,,,,,,,,,,pending,,2026-06-22T13:14:05+00:00
trackb_cont_KOPN_20260603,4.6,4.86,,,,6.61,4.56,,,,,,-25.7933,pending,,2026-06-22T13:14:49+00:00
trackb_cont_KOPN_20260604,5.13,4.93,,,,6.49,4.56,,,,,,-25.7933,pending,,2026-06-22T13:14:49+00:00
trackb_cont_KOPN_20260605,4.94,,,,,6.15,4.56,,,,,,-25.7933,pending,,2026-06-22T13:14:49+00:00
trackb_cont_KOPN_20260608,5.22,,,,,5.88,4.56,,,,,,-16.4835,pending,,2026-06-22T13:14:49+00:00
trackb_cont_KO_20260612,,,,,,82.889999,78.739998,,,,,,-4.5923,pending,,2026-06-22T13:16:42+00:00
trackb_cont_KO_20260616,,,,,,81.389999,78.739998,,,,,,-2.4348,pending,,2026-06-22T13:16:42+00:00
trackb_cont_KO_20260617,,,,,,80.330002,78.739998,,,,,,-2.4348,pending,,2026-06-22T13:16:42+00:00
trackb_cont_KO_20260618,,,,,,80.010002,78.739998,,,,,,-2.4348,pending,,2026-06-22T13:16:42+00:00
trackb_cont_KO_20260619,,,,,,,,,,,,,,pending,,2026-06-22T13:16:42+00:00
trackb_cont_KRC_20260603,38.419998,36.150002,,,,39.490002,34.509998,,,,,,-0.029,pending,,2026-06-22T13:15:21+00:00
trackb_cont_KRC_20260604,38.700001,36.810001,,,,39.490002,35.540001,,,,,,2.9548,pending,,2026-06-22T13:15:21+00:00
trackb_cont_KRC_20260605,38.369999,,,,,39.490002,36.009998,,,,,,4.3163,pending,,2026-06-22T13:15:21+00:00
trackb_cont_KRC_20260608,38.369999,,,,,39.490002,36.009998,,,,,,4.3163,pending,,2026-06-22T13:15:21+00:00
trackb_cont_KRC_20260609,38.09,,,,,39.490002,36.009998,,,,,,-4.9617,pending,,2026-06-22T13:15:21+00:00
trackb_cont_KRC_20260612,,,,,,39.490002,36.009998,,,,,,-6.9509,pending,,2026-06-22T13:15:21+00:00
trackb_cont_KRC_20260616,,,,,,39.490002,36.009998,,,,,,-6.0772,pending,,2026-06-22T13:15:21+00:00
trackb_cont_KRC_20260617,,,,,,38.360001,36.009998,,,,,,-6.0772,pending,,2026-06-22T13:15:21+00:00
trackb_cont_KREF_20260603,7.15,6.8,,,,7.4,6.715,,,,,,-0.297,pending,,2026-06-22T13:13:50+00:00
trackb_cont_KREF_20260604,7.11,7.06,,,,7.4,6.76,,,,,,0.3712,pending,,2026-06-22T13:13:50+00:00
trackb_cont_KREF_20260605,7.23,,,,,7.4,6.77,,,,,,0.5197,pending,,2026-06-22T13:13:50+00:00
trackb_cont_KREF_20260608,7.2,,,,,7.4,6.77,,,,,,0.5197,pending,,2026-06-22T13:13:50+00:00
trackb_cont_KREF_20260610,6.8,,,,,7.4,6.77,,,,,,-2.8694,pending,,2026-06-22T13:13:50+00:00
trackb_cont_KREF_20260615,,,,,,7.4,6.77,,,,,,-8.2034,pending,,2026-06-22T13:13:50+00:00
trackb_cont_KREF_20260616,,,,,,7.33,6.77,,,,,,-6.3624,pending,,2026-06-22T13:13:50+00:00
trackb_cont_KREF_20260617,,,,,,7.215,6.77,,,,,,-6.3624,pending,,2026-06-22T13:13:50+00:00
trackb_cont_KREF_20260618,,,,,,7.08,6.85,,,,,,0.7353,pending,,2026-06-22T13:13:50+00:00
trackb_cont_KREF_20260619,,,,,,,,,,,,,,pending,,2026-06-22T13:13:50+00:00
trackb_cont_KRG_20260609,28.790001,,,,,29.4,27.84,,,,,,-0.1435,pending,,2026-06-22T13:16:07+00:00
trackb_cont_KRG_20260610,28.23,,,,,29.4,27.84,,,,,,-0.1435,pending,,2026-06-22T13:16:07+00:00
trackb_cont_KRG_20260611,27.91,,,,,29.4,27.84,,,,,,-3.4674,pending,,2026-06-22T13:16:07+00:00
trackb_cont_KRG_20260616,,,,,,29.040001,27.84,,,,,,-3.4674,pending,,2026-06-22T13:16:07+00:00
trackb_cont_KRG_20260617,,,,,,28.889999,27.84,,,,,,-3.4674,pending,,2026-06-22T13:16:07+00:00
trackb_cont_KRG_20260618,,,,,,28.49,27.84,,,,,,-3.4674,pending,,2026-06-22T13:16:07+00:00
trackb_cont_KRG_20260619,,,,,,,,,,,,,,pending,,2026-06-22T13:16:07+00:00
trackb_cont_KTB_20260612,,,,,,81.705002,74.949997,,,,,,-6.7902,pending,,2026-06-22T13:15:59+00:00
trackb_cont_KTB_20260616,,,,,,80.639999,74.949997,,,,,,-6.113,pending,,2026-06-22T13:15:59+00:00
trackb_cont_KTB_20260617,,,,,,79.699997,74.949997,,,,,,-6.113,pending,,2026-06-22T13:15:59+00:00
trackb_cont_KVUE_20260610,18.01,,,,,18.530001,17.85,,,,,,1.7094,pending,,2026-06-22T13:16:20+00:00
trackb_cont_KVUE_20260612,,,,,,18.530001,17.98,,,,,,-0.4981,pending,,2026-06-22T13:16:20+00:00
trackb_cont_KVUE_20260616,,,,,,18.530001,17.98,,,,,,-1.9362,pending,,2026-06-22T13:16:20+00:00
trackb_cont_KVUE_20260617,,,,,,18.530001,17.98,,,,,,-1.9362,pending,,2026-06-22T13:16:20+00:00
trackb_cont_KVUE_20260618,,,,,,18.389999,18.049999,,,,,,-1.5544,pending,,2026-06-22T13:16:20+00:00
trackb_cont_KVUE_20260619,,,,,,,,,,,,,,pending,,2026-06-22T13:16:20+00:00
trackb_cont_KVUE_20260622,,,,,,,,,,,,,,pending,,2026-06-22T13:16:20+00:00
trackb_cont_LADR_20260611,10.2,,,,,10.39,10.03,,,,,,-2.7158,pending,,2026-06-22T13:16:29+00:00
trackb_cont_LAD_20260603,304.829987,293.019989,,,,319.410004,284.399994,,,,,,-3.0344,pending,,2026-06-22T13:14:10+00:00
trackb_cont_LAD_20260604,312.660004,294.850006,,,,319.410004,284.399994,,,,,,-3.0344,pending,,2026-06-22T13:14:10+00:00
trackb_cont_LAD_20260605,313.380005,,,,,319.410004,284.399994,,,,,,-3.0344,pending,,2026-06-22T13:14:10+00:00
trackb_cont_LAD_20260608,308.519989,,,,,319.410004,285.359985,,,,,,-2.7071,pending,,2026-06-22T13:14:10+00:00
trackb_cont_LAD_20260612,,,,,,319.410004,291.380005,,,,,,-6.8061,pending,,2026-06-22T13:14:10+00:00
trackb_cont_LAD_20260616,,,,,,313.0,291.380005,,,,,,-6.9148,pending,,2026-06-22T13:14:10+00:00
trackb_cont_LAD_20260617,,,,,,307.320007,291.380005,,,,,,-6.9148,pending,,2026-06-22T13:14:10+00:00
trackb_cont_LAMR_20260615,,,,,,155.639999,148.339996,,,,,,-4.5308,pending,,2026-06-22T13:17:00+00:00
trackb_cont_LAMR_20260616,,,,,,154.279999,148.339996,,,,,,-3.6753,pending,,2026-06-22T13:17:00+00:00
trackb_cont_LAMR_20260617,,,,,,151.990005,148.399994,,,,,,-3.6364,pending,,2026-06-22T13:17:00+00:00
trackb_cont_LAMR_20260618,,,,,,150.839996,148.399994,,,,,,-3.6364,pending,,2026-06-22T13:17:00+00:00
trackb_cont_LAMR_20260619,,,,,,,,,,,,,,pending,,2026-06-22T13:17:00+00:00
trackb_cont_LAUR_20260610,36.040001,,,,,38.279999,34.91,,,,,,2.1955,pending,,2026-06-22T13:16:21+00:00
trackb_cont_LAUR_20260611,36.43,,,,,38.279999,34.91,,,,,,-4.33,pending,,2026-06-22T13:16:21+00:00
trackb_cont_LAUR_20260616,,,,,,36.465,34.91,,,,,,-2.8659,pending,,2026-06-22T13:16:21+00:00
trackb_cont_LAUR_20260617,,,,,,36.465,34.91,,,,,,-2.8659,pending,,2026-06-22T13:16:21+00:00
trackb_cont_LAUR_20260618,,,,,,36.465,35.59,,,,,,-0.9738,pending,,2026-06-22T13:16:21+00:00
trackb_cont_LAUR_20260619,,,,,,,,,,,,,,pending,,2026-06-22T13:16:21+00:00
trackb_cont_LCUT_20260603,9.15,8.35,,,,9.6,8.0,,,,,,-10.8138,pending,,2026-06-22T13:14:45+00:00
trackb_cont_LCUT_20260604,9.06,8.44,,,,9.6,8.0,,,,,,-10.8138,pending,,2026-06-22T13:14:45+00:00
trackb_cont_LCUT_20260605,8.89,,,,,9.55,8.0,,,,,,-10.8138,pending,,2026-06-22T13:14:45+00:00
trackb_cont_LCUT_20260608,9.19,,,,,9.55,8.0,,,,,,-10.2132,pending,,2026-06-22T13:14:45+00:00
trackb_cont_LCUT_20260609,8.34,,,,,9.55,8.0,,,,,,-12.5683,pending,,2026-06-22T13:14:45+00:00
trackb_cont_LEA_20260603,140.440002,137.919998,,,,149.029999,137.149994,,,,,,-6.4142,pending,,2026-06-22T13:14:36+00:00
trackb_cont_LEA_20260604,145.0,139.75,,,,149.029999,137.149994,,,,,,-6.4142,pending,,2026-06-22T13:14:36+00:00
trackb_cont_LEA_20260605,145.160004,,,,,149.029999,137.149994,,,,,,-6.4142,pending,,2026-06-22T13:14:36+00:00
trackb_cont_LEA_20260608,144.440002,,,,,149.029999,137.149994,,,,,,-6.4142,pending,,2026-06-22T13:14:36+00:00
trackb_cont_LEA_20260616,,,,,,145.339996,137.149994,,,,,,-5.7388,pending,,2026-06-22T13:14:36+00:00
trackb_cont_LEA_20260617,,,,,,142.149994,137.149994,,,,,,-5.7388,pending,,2026-06-22T13:14:36+00:00
trackb_cont_LEA_20260618,,,,,,141.309998,138.179993,,,,,,-5.0309,pending,,2026-06-22T13:14:36+00:00
trackb_cont_LEA_20260619,,,,,,,,,,,,,,pending,,2026-06-22T13:14:36+00:00
trackb_cont_LECO_20260618,,,,,,278.700012,272.279999,,,,,,1.0053,pending,,2026-06-22T13:17:37+00:00
trackb_cont_LECO_20260619,,,,,,,,,,,,,,pending,,2026-06-22T13:17:37+00:00
trackb_cont_LEGH_20260603,24.389999,24.690001,,,,26.360001,23.02,,,,,,-0.6259,pending,,2026-06-22T13:15:01+00:00
trackb_cont_LEGH_20260604,25.040001,25.0,,,,26.360001,23.02,,,,,,-0.6259,pending,,2026-06-22T13:15:01+00:00
trackb_cont_LEGH_20260605,25.0,,,,,26.360001,23.190001,,,,,,0.1079,pending,,2026-06-22T13:15:01+00:00
trackb_cont_LEGH_20260608,24.65,,,,,26.360001,23.565001,,,,,,1.7267,pending,,2026-06-22T13:15:01+00:00
trackb_cont_LEG_20260611,10.99,,,,,11.32,10.11,,,,,,-0.9794,pending,,2026-06-22T13:16:01+00:00
trackb_cont_LEG_20260615,,,,,,11.32,10.7,,,,,,-5.3516,pending,,2026-06-22T13:16:01+00:00
trackb_cont_LEG_20260616,,,,,,11.22,10.72,,,,,,-1.6514,pending,,2026-06-22T13:16:01+00:00
trackb_cont_LEG_20260617,,,,,,11.22,10.72,,,,,,-1.6514,pending,,2026-06-22T13:16:01+00:00
trackb_cont_LEG_20260618,,,,,,11.22,10.86,,,,,,-0.367,pending,,2026-06-22T13:16:01+00:00
trackb_cont_LEG_20260619,,,,,,,,,,,,,,pending,,2026-06-22T13:16:01+00:00
trackb_cont_LEG_20260622,,,,,,,,,,,,,,pending,,2026-06-22T13:16:01+00:00
trackb_cont_LEN_20260603,89.849998,86.480003,,,,95.220001,85.860001,,,,,,-3.7228,pending,,2026-06-22T13:15:15+00:00
trackb_cont_LEN_20260604,94.949997,89.730003,,,,95.220001,85.860001,,,,,,-3.7228,pending,,2026-06-22T13:15:15+00:00
trackb_cont_LEN_20260605,90.300003,,,,,95.220001,85.860001,,,,,,-3.7228,pending,,2026-06-22T13:15:15+00:00
trackb_cont_LEN_20260608,89.75,,,,,95.220001,85.860001,,,,,,-5.1166,pending,,2026-06-22T13:15:15+00:00
trackb_cont_LEN_20260609,89.779999,,,,,95.220001,85.860001,,,,,,-5.378,pending,,2026-06-22T13:15:15+00:00
trackb_cont_LEN_20260611,89.730003,,,,,95.220001,85.860001,,,,,,-4.4407,pending,,2026-06-22T13:15:15+00:00
trackb_cont_LEVI_20260612,,,,,,24.700001,23.379999,,,,,,-3.5479,pending,,2026-06-22T13:16:50+00:00
trackb_cont_LEVI_20260616,,,,,,24.49,23.379999,,,,,,-3.3285,pending,,2026-06-22T13:16:50+00:00
trackb_cont_LEVI_20260617,,,,,,24.219999,23.379999,,,,,,-3.3285,pending,,2026-06-22T13:16:50+00:00
trackb_cont_LEVI_20260618,,,,,,24.105,23.59,,,,,,0.8551,pending,,2026-06-22T13:16:50+00:00
trackb_cont_LEVI_20260619,,,,,,,,,,,,,,pending,,2026-06-22T13:16:50+00:00
trackb_cont_LEVI_20260622,,,,,,,,,,,,,,pending,,2026-06-22T13:16:50+00:00
trackb_cont_LE_20260615,,,,,,12.77,11.71,,,,,,-7.6498,pending,,2026-06-22T13:16:14+00:00
trackb_cont_LE_20260616,,,,,,12.77,11.71,,,,,,-4.4082,pending,,2026-06-22T13:16:14+00:00
trackb_cont_LE_20260617,,,,,,12.63,11.71,,,,,,-4.4082,pending,,2026-06-22T13:16:14+00:00
trackb_cont_LE_20260618,,,,,,12.63,12.0,,,,,,2.0408,pending,,2026-06-22T13:16:14+00:00
trackb_cont_LE_20260619,,,,,,,,,,,,,,pending,,2026-06-22T13:16:14+00:00
trackb_cont_LFST_20260615,,,,,,9.11,8.36,,,,,,-0.6536,pending,,2026-06-22T13:17:01+00:00
trackb_cont_LFST_20260616,,,,,,9.11,8.53,,,,,,-0.0,pending,,2026-06-22T13:17:01+00:00
trackb_cont_LFST_20260617,,,,,,9.11,8.53,,,,,,-0.0,pending,,2026-06-22T13:17:01+00:00
trackb_cont_LFST_20260618,,,,,,9.11,8.61,,,,,,-0.0,pending,,2026-06-22T13:17:01+00:00
trackb_cont_LFST_20260619,,,,,,,,,,,,,,pending,,2026-06-22T13:17:01+00:00
trackb_cont_LFST_20260622,,,,,,,,,,,,,,pending,,2026-06-22T13:17:01+00:00
trackb_cont_LFUS_20260603,439.440002,466.440002,,,,500.570007,430.01001,,,,,,-12.8705,pending,,2026-06-22T13:13:52+00:00
trackb_cont_LFUS_20260604,462.980011,479.820007,,,,498.380005,430.01001,,,,,,-12.8705,pending,,2026-06-22T13:13:52+00:00
trackb_cont_LFUS_20260605,472.140015,,,,,498.380005,430.01001,,,,,,-12.8705,pending,,2026-06-22T13:13:52+00:00
trackb_cont_LFUS_20260608,476.899994,,,,,498.380005,430.01001,,,,,,-12.8705,pending,,2026-06-22T13:13:52+00:00
trackb_cont_LGIH_20260603,52.560001,52.360001,,,,57.790001,47.130001,,,,,,-0.3805,pending,,2026-06-22T13:14:41+00:00
trackb_cont_LGIH_20260604,55.389999,56.700001,,,,57.790001,49.860001,,,,,,5.39,pending,,2026-06-22T13:14:41+00:00
trackb_cont_LGIH_20260605,54.049999,,,,,57.790001,49.860001,,,,,,5.39,pending,,2026-06-22T13:14:41+00:00
trackb_cont_LGIH_20260608,53.52,,,,,57.790001,50.009998,,,,,,-0.6753,pending,,2026-06-22T13:14:41+00:00
trackb_cont_LGIH_20260611,56.700001,,,,,57.790001,51.389999,,,,,,-2.226,pending,,2026-06-22T13:14:41+00:00
trackb_cont_LGIH_20260615,,,,,,57.790001,51.77,,,,,,-6.3495,pending,,2026-06-22T13:14:41+00:00
trackb_cont_LGIH_20260616,,,,,,57.790001,51.77,,,,,,-4.589,pending,,2026-06-22T13:14:41+00:00
trackb_cont_LGIH_20260617,,,,,,57.790001,51.77,,,,,,-4.589,pending,,2026-06-22T13:14:41+00:00
trackb_cont_LGIH_20260618,,,,,,57.790001,53.259998,,,,,,-1.843,pending,,2026-06-22T13:14:41+00:00
trackb_cont_LGIH_20260619,,,,,,,,,,,,,,pending,,2026-06-22T13:14:41+00:00
trackb_cont_LGIH_20260622,,,,,,,,,,,,,,pending,,2026-06-22T13:14:41+00:00
trackb_cont_LH_20260609,264.76001,,,,,275.0,254.029999,,,,,,-3.0457,pending,,2026-06-22T13:16:07+00:00
trackb_cont_LH_20260612,,,,,,267.809998,254.029999,,,,,,-4.2372,pending,,2026-06-22T13:16:07+00:00
trackb_cont_LII_20260611,532.429993,,,,,543.669983,493.540009,,,,,,-2.2306,pending,,2026-06-22T13:16:28+00:00
trackb_cont_LILAK_20260616,,,,,,5.555,4.755,,,,,,-39.8482,pending,,2026-06-22T13:15:47+00:00
trackb_cont_LILAK_20260617,,,,,,5.555,4.755,,,,,,-39.8482,pending,,2026-06-22T13:15:47+00:00
trackb_cont_LILAK_20260618,,,,,,5.36,4.755,,,,,,-39.8482,pending,,2026-06-22T13:15:47+00:00
trackb_cont_LILAK_20260619,,,,,,,,,,,,,,pending,,2026-06-22T13:15:47+00:00
trackb_cont_LIND_20260603,21.9,23.959999,,,,26.559999,21.309999,,,,,,-4.4823,pending,,2026-06-22T13:14:46+00:00
trackb_cont_LIND_20260604,23.129999,25.75,,,,26.559999,21.309999,,,,,,-4.4823,pending,,2026-06-22T13:14:46+00:00
trackb_cont_LIND_20260605,23.450001,,,,,26.559999,21.309999,,,,,,-4.4823,pending,,2026-06-22T13:14:46+00:00
trackb_cont_LIND_20260608,23.969999,,,,,26.559999,21.379999,,,,,,-4.1685,pending,,2026-06-22T13:14:46+00:00
trackb_cont_LIND_20260616,,,,,,26.559999,23.809999,,,,,,-0.3766,pending,,2026-06-22T13:14:46+00:00
trackb_cont_LIND_20260617,,,,,,26.559999,23.84,,,,,,-0.251,pending,,2026-06-22T13:14:46+00:00
trackb_cont_LIND_20260618,,,,,,26.559999,24.65,,,,,,2.8798,pending,,2026-06-22T13:14:46+00:00
trackb_cont_LIND_20260619,,,,,,,,,,,,,,pending,,2026-06-22T13:14:46+00:00
trackb_cont_LIND_20260622,,,,,,,,,,,,,,pending,,2026-06-22T13:14:46+00:00
trackb_cont_LINE_20260603,44.330002,41.529999,,,,45.369999,41.049999,,,,,,-1.5351,pending,,2026-06-22T13:15:08+00:00
trackb_cont_LINE_20260604,44.57,41.380001,,,,45.369999,41.049999,,,,,,-1.5351,pending,,2026-06-22T13:15:08+00:00
trackb_cont_LINE_20260605,44.419998,,,,,45.369999,41.049999,,,,,,-1.5351,pending,,2026-06-22T13:15:08+00:00
trackb_cont_LINE_20260608,43.369999,,,,,45.369999,41.049999,,,,,,-1.5351,pending,,2026-06-22T13:15:08+00:00
trackb_cont_LINE_20260612,,,,,,45.299999,41.049999,,,,,,-7.8977,pending,,2026-06-22T13:15:08+00:00
trackb_cont_LINE_20260615,,,,,,45.299999,41.049999,,,,,,-9.2065,pending,,2026-06-22T13:15:08+00:00
trackb_cont_LINE_20260616,,,,,,43.77,41.049999,,,,,,-5.773,pending,,2026-06-22T13:15:08+00:00
trackb_cont_LINE_20260617,,,,,,43.080002,41.049999,,,,,,-5.773,pending,,2026-06-22T13:15:08+00:00
trackb_cont_LINE_20260618,,,,,,42.200001,41.299999,,,,,,-5.1991,pending,,2026-06-22T13:15:08+00:00
trackb_cont_LINE_20260619,,,,,,,,,,,,,,pending,,2026-06-22T13:15:08+00:00
trackb_cont_LITE_20260603,853.26001,869.97998,,,,1049.530029,776.01001,,,,,,-19.5636,pending,,2026-06-22T13:15:07+00:00
trackb_cont_LITE_20260604,889.590027,850.0,,,,998.5,776.01001,,,,,,-19.5636,pending,,2026-06-22T13:15:07+00:00
trackb_cont_LITE_20260605,921.559998,,,,,998.5,776.01001,,,,,,-19.5636,pending,,2026-06-22T13:15:07+00:00
trackb_cont_LITE_20260608,957.23999,,,,,998.5,776.01001,,,,,,-19.5636,pending,,2026-06-22T13:15:07+00:00
trackb_cont_LLYVK_20260615,,,,,,103.279999,98.010002,,,,,,-4.3338,pending,,2026-06-22T13:17:06+00:00
trackb_cont_LLYVK_20260616,,,,,,102.690002,98.010002,,,,,,-2.3075,pending,,2026-06-22T13:17:06+00:00
trackb_cont_LLYVK_20260617,,,,,,102.690002,98.010002,,,,,,-2.3075,pending,,2026-06-22T13:17:06+00:00
trackb_cont_LLYVK_20260618,,,,,,100.614998,98.010002,,,,,,-1.3785,pending,,2026-06-22T13:17:06+00:00
trackb_cont_LLYVK_20260619,,,,,,,,,,,,,,pending,,2026-06-22T13:17:06+00:00
trackb_cont_LLY_20260608,1129.349976,,,,,1182.72998,1088.660034,,,,,,-3.7793,pending,,2026-06-22T13:15:54+00:00
trackb_cont_LLY_20260610,1112.0,,,,,1170.119995,1088.660034,,,,,,-5.2639,pending,,2026-06-22T13:15:54+00:00
trackb_cont_LLY_20260612,,,,,,1169.98999,1088.660034,,,,,,-6.2268,pending,,2026-06-22T13:15:54+00:00
trackb_cont_LLY_20260615,,,,,,1146.689941,1088.660034,,,,,,-2.4808,pending,,2026-06-22T13:15:54+00:00
trackb_cont_LLY_20260616,,,,,,1146.689941,1088.660034,,,,,,-3.6714,pending,,2026-06-22T13:15:54+00:00
trackb_cont_LLY_20260617,,,,,,1122.329956,1088.660034,,,,,,-3.6714,pending,,2026-06-22T13:15:54+00:00
trackb_cont_LMND_20260618,,,,,,59.255001,56.799999,,,,,,-0.838,pending,,2026-06-22T13:15:40+00:00
trackb_cont_LMND_20260619,,,,,,,,,,,,,,pending,,2026-06-22T13:15:40+00:00
trackb_cont_LNC_20260615,,,,,,38.52,37.029999,,,,,,-2.5526,pending,,2026-06-22T13:16:59+00:00
trackb_cont_LNC_20260616,,,,,,38.52,37.029999,,,,,,-2.1664,pending,,2026-06-22T13:16:59+00:00
trackb_cont_LNC_20260617,,,,,,38.310001,37.029999,,,,,,-2.1664,pending,,2026-06-22T13:16:59+00:00
trackb_cont_LNC_20260618,,,,,,37.990002,37.029999,,,,,,-1.9333,pending,,2026-06-22T13:16:59+00:00
trackb_cont_LNC_20260619,,,,,,,,,,,,,,pending,,2026-06-22T13:16:59+00:00
trackb_cont_LNC_20260622,,,,,,,,,,,,,,pending,,2026-06-22T13:16:59+00:00
trackb_cont_LNN_20260603,112.75,116.099998,,,,119.269997,111.099998,,,,,,-1.139,pending,,2026-06-22T13:14:26+00:00
trackb_cont_LNN_20260604,114.68,119.099998,,,,119.269997,111.099998,,,,,,-1.139,pending,,2026-06-22T13:14:26+00:00
trackb_cont_LNN_20260605,115.349998,,,,,119.269997,111.099998,,,,,,-1.139,pending,,2026-06-22T13:14:26+00:00
trackb_cont_LNN_20260608,114.800003,,,,,119.269997,111.099998,,,,,,-1.139,pending,,2026-06-22T13:14:26+00:00
trackb_cont_LNN_20260611,119.099998,,,,,119.269997,112.209999,,,,,,-0.4789,pending,,2026-06-22T13:14:26+00:00
trackb_cont_LNN_20260616,,,,,,119.269997,113.860001,,,,,,-1.3516,pending,,2026-06-22T13:14:26+00:00
trackb_cont_LNN_20260617,,,,,,119.269997,115.260002,,,,,,-0.1386,pending,,2026-06-22T13:14:26+00:00
trackb_cont_LNN_20260618,,,,,,119.18,116.269997,,,,,,0.7364,pending,,2026-06-22T13:14:26+00:00
trackb_cont_LNN_20260619,,,,,,,,,,,,,,pending,,2026-06-22T13:14:26+00:00
trackb_cont_LNTH_20260608,104.669998,,,,,107.989998,97.989998,,,,,,-2.961,pending,,2026-06-22T13:15:53+00:00
trackb_cont_LNTH_20260609,105.029999,,,,,107.989998,97.989998,,,,,,-2.0198,pending,,2026-06-22T13:15:53+00:00
trackb_cont_LNTH_20260610,103.190002,,,,,107.989998,99.669998,,,,,,-0.34,pending,,2026-06-22T13:15:53+00:00
trackb_cont_LNTH_20260616,,,,,,107.989998,101.610001,,,,,,-2.3309,pending,,2026-06-22T13:15:53+00:00
trackb_cont_LNTH_20260617,,,,,,105.760002,101.610001,,,,,,-2.3309,pending,,2026-06-22T13:15:53+00:00
trackb_cont_LNTH_20260618,,,,,,105.0,102.970001,,,,,,-1.0237,pending,,2026-06-22T13:15:53+00:00
trackb_cont_LNTH_20260619,,,,,,,,,,,,,,pending,,2026-06-22T13:15:53+00:00
trackb_cont_LODE_20260603,3.72,4.68,,,,4.98,3.64,,,,,,-7.9646,pending,,2026-06-22T13:14:12+00:00
trackb_cont_LODE_20260604,4.08,4.77,,,,4.98,3.64,,,,,,-7.9646,pending,,2026-06-22T13:14:12+00:00
trackb_cont_LODE_20260605,4.1,,,,,4.98,3.64,,,,,,-7.9646,pending,,2026-06-22T13:14:12+00:00
trackb_cont_LODE_20260608,4.08,,,,,4.98,3.64,,,,,,-7.9646,pending,,2026-06-22T13:14:12+00:00
trackb_cont_LOVE_20260608,15.64,,,,,17.190001,13.85,,,,,,-11.9517,pending,,2026-06-22T13:15:58+00:00
trackb_cont_LOVE_20260616,,,,,,15.6,13.85,,,,,,-12.2585,pending,,2026-06-22T13:15:58+00:00
trackb_cont_LOVE_20260617,,,,,,14.96,13.85,,,,,,-12.2585,pending,,2026-06-22T13:15:58+00:00
trackb_cont_LPG_20260615,,,,,,43.889999,38.419998,,,,,,-11.6579,pending,,2026-06-22T13:17:08+00:00
trackb_cont_LPG_20260616,,,,,,42.810001,38.419998,,,,,,-10.1497,pending,,2026-06-22T13:17:08+00:00
trackb_cont_LPG_20260617,,,,,,41.380001,38.419998,,,,,,-10.1497,pending,,2026-06-22T13:17:08+00:00
trackb_cont_LPG_20260618,,,,,,39.82,38.419998,,,,,,-10.1497,pending,,2026-06-22T13:17:08+00:00
trackb_cont_LPG_20260619,,,,,,,,,,,,,,pending,,2026-06-22T13:17:08+00:00
trackb_cont_LPLA_20260618,,,,,,307.790009,290.959991,,,,,,-4.4466,pending,,2026-06-22T13:17:37+00:00
trackb_cont_LPLA_20260619,,,,,,,,,,,,,,pending,,2026-06-22T13:17:37+00:00
trackb_cont_LPLA_20260622,,,,,,,,,,,,,,pending,,2026-06-22T13:17:37+00:00
trackb_cont_LPX_20260603,71.760002,75.290001,,,,79.690002,69.400002,,,,,,-6.2099,pending,,2026-06-22T13:15:33+00:00
trackb_cont_LPX_20260604,74.760002,77.559998,,,,79.690002,69.400002,,,,,,-6.2099,pending,,2026-06-22T13:15:33+00:00
trackb_cont_LPX_20260605,75.040001,,,,,79.690002,69.400002,,,,,,-6.2099,pending,,2026-06-22T13:15:33+00:00
trackb_cont_LPX_20260608,77.230003,,,,,79.690002,69.400002,,,,,,-6.2099,pending,,2026-06-22T13:15:33+00:00
trackb_cont_LPX_20260616,,,,,,79.639999,75.239998,,,,,,-3.0475,pending,,2026-06-22T13:15:33+00:00
trackb_cont_LPX_20260617,,,,,,79.639999,75.239998,,,,,,-3.0475,pending,,2026-06-22T13:15:33+00:00
trackb_cont_LPX_20260618,,,,,,79.339996,76.370003,,,,,,1.4345,pending,,2026-06-22T13:15:33+00:00
trackb_cont_LPX_20260619,,,,,,,,,,,,,,pending,,2026-06-22T13:15:33+00:00
trackb_cont_LPX_20260622,,,,,,,,,,,,,,pending,,2026-06-22T13:15:33+00:00
trackb_cont_LQDA_20260611,71.07,,,,,73.220001,66.32,,,,,,1.6398,pending,,2026-06-22T13:16:26+00:00
trackb_cont_LQDA_20260616,,,,,,73.220001,66.550003,,,,,,-6.7078,pending,,2026-06-22T13:16:26+00:00
trackb_cont_LQDA_20260617,,,,,,71.989998,66.830002,,,,,,-6.3153,pending,,2026-06-22T13:16:26+00:00
trackb_cont_LQDA_20260618,,,,,,71.989998,66.830002,,,,,,-2.6511,pending,,2026-06-22T13:16:26+00:00
trackb_cont_LQDA_20260619,,,,,,,,,,,,,,pending,,2026-06-22T13:16:26+00:00
trackb_cont_LQDA_20260622,,,,,,,,,,,,,,pending,,2026-06-22T13:16:26+00:00
trackb_cont_LQDT_20260611,37.889999,,,,,38.43,36.360001,,,,,,-3.8604,pending,,2026-06-22T13:16:30+00:00
trackb_cont_LQDT_20260616,,,,,,38.040001,36.360001,,,,,,-3.3236,pending,,2026-06-22T13:16:30+00:00
trackb_cont_LQDT_20260617,,,,,,37.959999,36.360001,,,,,,-3.3236,pending,,2026-06-22T13:16:30+00:00
trackb_cont_LQDT_20260618,,,,,,37.959999,36.52,,,,,,-0.0547,pending,,2026-06-22T13:16:30+00:00
trackb_cont_LQDT_20260619,,,,,,,,,,,,,,pending,,2026-06-22T13:16:30+00:00
trackb_cont_LQDT_20260622,,,,,,,,,,,,,,pending,,2026-06-22T13:16:30+00:00
trackb_cont_LRCX_20260603,321.799988,374.179993,,,,401.0,302.73999,,,,,,-10.7475,pending,,2026-06-22T13:13:46+00:00
trackb_cont_LRCX_20260604,362.519989,389.040009,,,,401.0,302.73999,,,,,,-10.7475,pending,,2026-06-22T13:13:46+00:00
trackb_cont_LRCX_20260605,366.809998,,,,,401.0,302.73999,,,,,,-10.7475,pending,,2026-06-22T13:13:46+00:00
trackb_cont_LRCX_20260608,388.920013,,,,,401.0,306.01001,,,,,,-9.7835,pending,,2026-06-22T13:13:46+00:00
trackb_cont_LRCX_20260615,,,,,,401.0,368.769989,,,,,,-4.8606,pending,,2026-06-22T13:13:46+00:00
trackb_cont_LRCX_20260616,,,,,,401.0,368.769989,,,,,,-5.5308,pending,,2026-06-22T13:13:46+00:00
trackb_cont_LRCX_20260617,,,,,,401.0,373.23999,,,,,,-4.3857,pending,,2026-06-22T13:13:46+00:00
trackb_cont_LRCX_20260618,,,,,,401.0,386.899994,,,,,,-2.4212,pending,,2026-06-22T13:13:46+00:00
trackb_cont_LRCX_20260619,,,,,,,,,,,,,,pending,,2026-06-22T13:13:46+00:00
trackb_cont_LRCX_20260622,,,,,,,,,,,,,,pending,,2026-06-22T13:13:46+00:00
trackb_cont_LRN_20260603,99.839996,84.279999,,,,103.669998,80.220001,,,,,,-18.0383,pending,,2026-06-22T13:14:15+00:00
trackb_cont_LRN_20260604,99.470001,82.800003,,,,103.669998,80.220001,,,,,,-18.0383,pending,,2026-06-22T13:14:15+00:00
trackb_cont_LRN_20260605,97.709999,,,,,103.669998,80.220001,,,,,,-18.0383,pending,,2026-06-22T13:14:15+00:00
trackb_cont_LRN_20260608,83.540001,,,,,101.610001,80.220001,,,,,,-18.0383,pending,,2026-06-22T13:14:15+00:00
trackb_cont_LRN_20260609,83.360001,,,,,101.610001,80.220001,,,,,,-17.0681,pending,,2026-06-22T13:14:15+00:00
trackb_cont_LRN_20260610,84.279999,,,,,101.610001,80.220001,,,,,,-17.0681,pending,,2026-06-22T13:14:15+00:00
trackb_cont_LSTR_20260603,218.919998,208.130005,,,,228.460007,203.339996,,,,,,-5.3792,pending,,2026-06-22T13:13:59+00:00
trackb_cont_LSTR_20260604,225.199997,207.399994,,,,228.460007,203.339996,,,,,,-5.3792,pending,,2026-06-22T13:13:59+00:00
trackb_cont_LSTR_20260605,224.270004,,,,,228.460007,203.339996,,,,,,-5.3792,pending,,2026-06-22T13:13:59+00:00
trackb_cont_LSTR_20260608,219.270004,,,,,228.460007,203.339996,,,,,,-5.3792,pending,,2026-06-22T13:13:59+00:00
trackb_cont_LSTR_20260610,208.130005,,,,,226.490005,203.339996,,,,,,-9.775,pending,,2026-06-22T13:13:59+00:00
trackb_cont_LSTR_20260612,,,,,,226.490005,203.339996,,,,,,-9.7069,pending,,2026-06-22T13:13:59+00:00
trackb_cont_LSTR_20260616,,,,,,219.589996,203.339996,,,,,,-7.2481,pending,,2026-06-22T13:13:59+00:00
trackb_cont_LSTR_20260617,,,,,,216.830002,203.339996,,,,,,-7.2481,pending,,2026-06-22T13:13:59+00:00
trackb_cont_LSTR_20260618,,,,,,211.660004,203.339996,,,,,,-7.2481,pending,,2026-06-22T13:13:59+00:00
trackb_cont_LSTR_20260619,,,,,,,,,,,,,,pending,,2026-06-22T13:13:59+00:00
trackb_cont_LTH_20260615,,,,,,37.139999,34.119999,,,,,,-3.0269,pending,,2026-06-22T13:17:05+00:00
trackb_cont_LTH_20260616,,,,,,37.139999,34.299999,,,,,,-1.3943,pending,,2026-06-22T13:17:05+00:00
trackb_cont_LTH_20260617,,,,,,37.139999,34.52,,,,,,-0.7618,pending,,2026-06-22T13:17:05+00:00
trackb_cont_LTH_20260618,,,,,,37.139999,34.880001,,,,,,0.2731,pending,,2026-06-22T13:17:05+00:00
trackb_cont_LTH_20260619,,,,,,,,,,,,,,pending,,2026-06-22T13:17:05+00:00
trackb_cont_LTH_20260622,,,,,,,,,,,,,,pending,,2026-06-22T13:17:05+00:00
trackb_cont_LUMN_20260603,8.26,8.1,,,,10.7,8.05,,,,,,-20.2576,pending,,2026-06-22T13:15:17+00:00
trackb_cont_LUMN_20260604,8.49,8.2,,,,10.12,8.05,,,,,,-20.2576,pending,,2026-06-22T13:15:17+00:00
trackb_cont_LUMN_20260605,8.49,,,,,9.7,8.05,,,,,,-20.2576,pending,,2026-06-22T13:15:17+00:00
trackb_cont_LUMN_20260608,8.53,,,,,9.33,8.05,,,,,,-20.2576,pending,,2026-06-22T13:15:17+00:00
trackb_cont_LUV_20260603,41.400002,46.66,,,,48.669998,40.82,,,,,,-1.3533,pending,,2026-06-22T13:15:34+00:00
trackb_cont_LUV_20260604,44.290001,47.970001,,,,48.669998,40.830002,,,,,,-1.3291,pending,,2026-06-22T13:15:34+00:00
trackb_cont_LUV_20260605,45.470001,,,,,48.669998,40.830002,,,,,,-1.3291,pending,,2026-06-22T13:15:34+00:00
trackb_cont_LUV_20260608,46.080002,,,,,48.669998,40.830002,,,,,,-1.3291,pending,,2026-06-22T13:15:34+00:00
trackb_cont_LUV_20260611,47.970001,,,,,48.669998,40.830002,,,,,,-1.3768,pending,,2026-06-22T13:15:34+00:00
trackb_cont_LUV_20260615,,,,,,48.669998,45.790001,,,,,,-3.8025,pending,,2026-06-22T13:15:34+00:00
trackb_cont_LUV_20260616,,,,,,48.669998,46.639999,,,,,,1.2812,pending,,2026-06-22T13:15:34+00:00
trackb_cont_LUV_20260617,,,,,,48.669998,46.639999,,,,,,1.2812,pending,,2026-06-22T13:15:34+00:00
trackb_cont_LUV_20260618,,,,,,48.669998,47.709999,,,,,,3.6048,pending,,2026-06-22T13:15:34+00:00
trackb_cont_LUV_20260619,,,,,,,,,,,,,,pending,,2026-06-22T13:15:34+00:00
trackb_cont_LW_20260611,45.060001,,,,,45.990002,43.540001,,,,,,-1.337,pending,,2026-06-22T13:16:36+00:00
trackb_cont_LW_20260612,,,,,,45.990002,43.540001,,,,,,-3.459,pending,,2026-06-22T13:16:36+00:00
trackb_cont_LW_20260616,,,,,,45.68,43.540001,,,,,,-5.0278,pending,,2026-06-22T13:16:36+00:00
trackb_cont_LW_20260617,,,,,,45.470001,43.540001,,,,,,-5.0278,pending,,2026-06-22T13:16:36+00:00
trackb_cont_LW_20260618,,,,,,45.259998,44.084999,,,,,,-3.839,pending,,2026-06-22T13:16:36+00:00
trackb_cont_LW_20260619,,,,,,,,,,,,,,pending,,2026-06-22T13:16:36+00:00
trackb_cont_LXP_20260611,53.18,,,,,54.709999,52.02,,,,,,-1.3839,pending,,2026-06-22T13:16:36+00:00
trackb_cont_LXP_20260616,,,,,,54.709999,52.02,,,,,,-3.3804,pending,,2026-06-22T13:16:36+00:00
trackb_cont_LXP_20260617,,,,,,54.529999,52.02,,,,,,-3.3804,pending,,2026-06-22T13:16:36+00:00
trackb_cont_LXP_20260618,,,,,,53.259998,52.369999,,,,,,-0.0763,pending,,2026-06-22T13:16:36+00:00
trackb_cont_LXP_20260619,,,,,,,,,,,,,,pending,,2026-06-22T13:16:36+00:00
trackb_cont_LXP_20260622,,,,,,,,,,,,,,pending,,2026-06-22T13:16:36+00:00
trackb_cont_LYV_20260615,,,,,,176.0,169.639999,,,,,,-2.3458,pending,,2026-06-22T13:17:04+00:00
trackb_cont_LYV_20260616,,,,,,175.949997,169.639999,,,,,,-2.6289,pending,,2026-06-22T13:17:04+00:00
trackb_cont_LYV_20260617,,,,,,174.690002,169.639999,,,,,,-2.6289,pending,,2026-06-22T13:17:04+00:00
trackb_cont_LYV_20260618,,,,,,174.100006,169.639999,,,,,,-2.6289,pending,,2026-06-22T13:17:04+00:00
trackb_cont_LYV_20260619,,,,,,,,,,,,,,pending,,2026-06-22T13:17:04+00:00
trackb_cont_LZB_20260611,39.66,,,,,44.900002,35.060001,,,,,,-6.1563,pending,,2026-06-22T13:16:35+00:00
trackb_cont_LZB_20260615,,,,,,44.900002,35.060001,,,,,,-10.1947,pending,,2026-06-22T13:16:35+00:00
trackb_cont_LZB_20260616,,,,,,44.900002,35.060001,,,,,,-7.5946,pending,,2026-06-22T13:16:35+00:00
trackb_cont_LZB_20260617,,,,,,44.900002,39.32,,,,,,3.6332,pending,,2026-06-22T13:16:35+00:00
trackb_cont_L_20260616,,,,,,109.25,106.580002,,,,,,-1.8826,pending,,2026-06-22T13:17:24+00:00
trackb_cont_L_20260617,,,,,,108.970001,106.580002,,,,,,-1.8826,pending,,2026-06-22T13:17:24+00:00
trackb_cont_L_20260618,,,,,,107.949997,106.580002,,,,,,-1.8826,pending,,2026-06-22T13:17:24+00:00
trackb_cont_L_20260619,,,,,,,,,,,,,,pending,,2026-06-22T13:17:24+00:00
trackb_cont_MAA_20260608,137.330002,,,,,140.75,131.839996,,,,,,-4.1443,pending,,2026-06-22T13:15:52+00:00
trackb_cont_MAA_20260612,,,,,,140.580002,131.839996,,,,,,-4.5329,pending,,2026-06-22T13:15:52+00:00
trackb_cont_MAA_20260615,,,,,,140.580002,131.839996,,,,,,-5.0144,pending,,2026-06-22T13:15:52+00:00
trackb_cont_MAA_20260616,,,,,,138.330002,131.839996,,,,,,-4.6227,pending,,2026-06-22T13:15:52+00:00
trackb_cont_MAA_20260617,,,,,,137.050003,131.839996,,,,,,-4.6227,pending,,2026-06-22T13:15:52+00:00
trackb_cont_MAA_20260618,,,,,,134.869995,131.839996,,,,,,-4.6227,pending,,2026-06-22T13:15:52+00:00
trackb_cont_MAA_20260619,,,,,,,,,,,,,,pending,,2026-06-22T13:15:52+00:00
trackb_cont_MAC_20260608,25.09,,,,,25.719999,22.860001,,,,,,-3.3812,pending,,2026-06-22T13:15:52+00:00
trackb_cont_MAC_20260612,,,,,,25.719999,22.860001,,,,,,-8.5966,pending,,2026-06-22T13:15:52+00:00
trackb_cont_MAC_20260616,,,,,,24.34,22.860001,,,,,,-8.9968,pending,,2026-06-22T13:15:52+00:00
trackb_cont_MAC_20260617,,,,,,23.99,22.860001,,,,,,-8.9968,pending,,2026-06-22T13:15:52+00:00
trackb_cont_MAGN_20260616,,,,,,12.86,11.7,,,,,,-8.4507,pending,,2026-06-22T13:17:16+00:00
trackb_cont_MAGN_20260617,,,,,,12.65,11.7,,,,,,-8.4507,pending,,2026-06-22T13:17:16+00:00
trackb_cont_MAGN_20260618,,,,,,12.27,11.88,,,,,,-7.0423,pending,,2026-06-22T13:17:16+00:00
trackb_cont_MAGN_20260619,,,,,,,,,,,,,,pending,,2026-06-22T13:17:16+00:00
trackb_cont_MAN_20260603,33.07,34.290001,,,,36.150002,30.049999,,,,,,-1.346,pending,,2026-06-22T13:15:06+00:00
trackb_cont_MAN_20260604,34.0,33.549999,,,,36.150002,31.049999,,,,,,1.937,pending,,2026-06-22T13:15:06+00:00
trackb_cont_MAN_20260605,34.0,,,,,36.150002,31.690001,,,,,,4.0381,pending,,2026-06-22T13:15:06+00:00
trackb_cont_MAN_20260608,33.349998,,,,,36.150002,31.690001,,,,,,4.0381,pending,,2026-06-22T13:15:06+00:00
trackb_cont_MAN_20260610,34.290001,,,,,36.150002,32.400002,,,,,,-0.0925,pending,,2026-06-22T13:15:06+00:00
trackb_cont_MAN_20260612,,,,,,36.150002,33.200001,,,,,,-2.3529,pending,,2026-06-22T13:15:06+00:00
trackb_cont_MAN_20260615,,,,,,36.150002,33.200001,,,,,,-1.2639,pending,,2026-06-22T13:15:06+00:00
trackb_cont_MAN_20260616,,,,,,36.150002,33.290001,,,,,,-1.8284,pending,,2026-06-22T13:15:06+00:00
trackb_cont_MAN_20260617,,,,,,36.150002,33.290001,,,,,,-1.8284,pending,,2026-06-22T13:15:06+00:00
trackb_cont_MAN_20260618,,,,,,34.349998,33.290001,,,,,,-2.8029,pending,,2026-06-22T13:15:06+00:00
trackb_cont_MAN_20260619,,,,,,,,,,,,,,pending,,2026-06-22T13:15:06+00:00
trackb_cont_MAN_20260622,,,,,,,,,,,,,,pending,,2026-06-22T13:15:06+00:00
trackb_cont_MARA_20260603,12.62,13.92,,,,15.26,11.84,,,,,,-15.7895,pending,,2026-06-22T13:15:31+00:00
trackb_cont_MARA_20260604,13.61,14.22,,,,15.26,11.84,,,,,,-15.7895,pending,,2026-06-22T13:15:31+00:00
trackb_cont_MARA_20260605,14.08,,,,,15.26,11.84,,,,,,-15.7895,pending,,2026-06-22T13:15:31+00:00
trackb_cont_MAR_20260608,400.630005,,,,,410.980011,385.160004,,,,,,-1.8726,pending,,2026-06-22T13:15:53+00:00
trackb_cont_MAR_20260616,,,,,,404.070007,387.5,,,,,,-3.5158,pending,,2026-06-22T13:15:53+00:00
trackb_cont_MAR_20260617,,,,,,404.070007,393.720001,,,,,,-1.967,pending,,2026-06-22T13:15:53+00:00
trackb_cont_MAR_20260618,,,,,,403.26001,394.899994,,,,,,-1.6732,pending,,2026-06-22T13:15:53+00:00
trackb_cont_MAR_20260619,,,,,,,,,,,,,,pending,,2026-06-22T13:15:53+00:00
trackb_cont_MASI_20260603,179.949997,,,,,179.990005,178.630005,,,,,,-0.0364,pending,,2026-06-22T13:15:32+00:00
trackb_cont_MASI_20260604,179.949997,,,,,179.990005,178.720001,,,,,,0.014,pending,,2026-06-22T13:15:32+00:00
trackb_cont_MASI_20260605,179.949997,,,,,179.990005,178.800003,,,,,,0.0588,pending,,2026-06-22T13:15:32+00:00
trackb_cont_MASI_20260608,,,,,,179.990005,179.899994,,,,,,0.6743,pending,,2026-06-22T13:15:32+00:00
trackb_cont_MASI_20260609,,,,,,179.990005,179.949997,,,,,,0.0056,pending,,2026-06-22T13:15:32+00:00
trackb_cont_MASI_20260610,,,,,,179.949997,179.949997,,,,,,0.0056,pending,,2026-06-22T13:15:32+00:00
trackb_cont_MASI_20260612,,,,,,179.949997,179.949997,,,,,,-0.0,pending,,2026-06-22T13:15:32+00:00
trackb_cont_MASI_20260616,,,,,,,,,,,,,,pending,,2026-06-22T13:15:32+00:00
trackb_cont_MASI_20260617,,,,,,,,,,,,,,pending,,2026-06-22T13:15:32+00:00
trackb_cont_MAS_20260616,,,,,,76.160004,72.32,,,,,,-3.9384,pending,,2026-06-22T13:17:17+00:00
trackb_cont_MAS_20260617,,,,,,76.160004,72.32,,,,,,-3.9384,pending,,2026-06-22T13:17:17+00:00
trackb_cont_MAS_20260618,,,,,,76.160004,73.599998,,,,,,-0.648,pending,,2026-06-22T13:17:17+00:00
trackb_cont_MAS_20260619,,,,,,,,,,,,,,pending,,2026-06-22T13:17:17+00:00
trackb_cont_MAS_20260622,,,,,,,,,,,,,,pending,,2026-06-22T13:17:17+00:00
trackb_cont_MATX_20260603,193.429993,193.570007,,,,203.080002,183.610001,,,,,,-1.9177,pending,,2026-06-22T13:14:26+00:00
trackb_cont_MATX_20260604,198.979996,191.240005,,,,203.080002,183.610001,,,,,,-1.9177,pending,,2026-06-22T13:14:26+00:00
trackb_cont_MATX_20260605,201.940002,,,,,203.080002,183.610001,,,,,,-1.9177,pending,,2026-06-22T13:14:26+00:00
trackb_cont_MATX_20260608,195.179993,,,,,203.080002,186.050003,,,,,,-0.6143,pending,,2026-06-22T13:14:26+00:00
trackb_cont_MATX_20260611,191.240005,,,,,203.080002,189.710007,,,,,,-1.9232,pending,,2026-06-22T13:14:26+00:00
trackb_cont_MATX_20260615,,,,,,202.100006,189.710007,,,,,,-5.1806,pending,,2026-06-22T13:14:26+00:00
trackb_cont_MATX_20260616,,,,,,200.279999,189.710007,,,,,,-3.6271,pending,,2026-06-22T13:14:26+00:00
trackb_cont_MATX_20260617,,,,,,196.889999,189.710007,,,,,,-3.6271,pending,,2026-06-22T13:14:26+00:00
trackb_cont_MATX_20260618,,,,,,195.639999,189.710007,,,,,,-3.6271,pending,,2026-06-22T13:14:26+00:00
trackb_cont_MATX_20260619,,,,,,,,,,,,,,pending,,2026-06-22T13:14:26+00:00
trackb_cont_MBC_20260616,,,,,,9.3,8.59,,,,,,-6.2227,pending,,2026-06-22T13:16:00+00:00
trackb_cont_MBC_20260617,,,,,,9.21,8.59,,,,,,-6.2227,pending,,2026-06-22T13:16:00+00:00
trackb_cont_MBC_20260618,,,,,,9.21,8.63,,,,,,0.116,pending,,2026-06-22T13:16:00+00:00
trackb_cont_MBC_20260619,,,,,,,,,,,,,,pending,,2026-06-22T13:16:00+00:00
trackb_cont_MBC_20260622,,,,,,,,,,,,,,pending,,2026-06-22T13:16:00+00:00
trackb_cont_MBI_20260612,,,,,,6.33,6.0,,,,,,-2.9126,pending,,2026-06-22T13:16:49+00:00
trackb_cont_MBI_20260616,,,,,,6.33,6.0,,,,,,-2.9126,pending,,2026-06-22T13:16:49+00:00
trackb_cont_MBI_20260617,,,,,,6.33,6.0,,,,,,-2.9126,pending,,2026-06-22T13:16:49+00:00
trackb_cont_MBI_20260618,,,,,,6.11,6.0,,,,,,-1.8003,pending,,2026-06-22T13:16:49+00:00
trackb_cont_MBI_20260619,,,,,,,,,,,,,,pending,,2026-06-22T13:16:49+00:00
trackb_cont_MCRI_20260608,128.539993,,,,,132.910004,121.559998,,,,,,-0.9291,pending,,2026-06-22T13:15:53+00:00
trackb_cont_MCRI_20260609,127.82,,,,,132.910004,123.019997,,,,,,0.3017,pending,,2026-06-22T13:15:53+00:00
trackb_cont_MCRI_20260610,127.760002,,,,,132.910004,124.879997,,,,,,1.8182,pending,,2026-06-22T13:15:53+00:00
trackb_cont_MCRI_20260611,130.660004,,,,,132.910004,125.5,,,,,,-1.352,pending,,2026-06-22T13:15:53+00:00
trackb_cont_MCRI_20260612,,,,,,132.910004,125.5,,,,,,-1.6843,pending,,2026-06-22T13:15:53+00:00
trackb_cont_MCRI_20260615,,,,,,132.910004,125.5,,,,,,-2.3384,pending,,2026-06-22T13:15:53+00:00
trackb_cont_MCRI_20260616,,,,,,132.910004,125.5,,,,,,-1.6997,pending,,2026-06-22T13:15:53+00:00
trackb_cont_MCRI_20260617,,,,,,131.910004,125.5,,,,,,-1.6997,pending,,2026-06-22T13:15:53+00:00
trackb_cont_MCRI_20260618,,,,,,131.910004,128.449997,,,,,,0.6109,pending,,2026-06-22T13:15:53+00:00
trackb_cont_MCRI_20260619,,,,,,,,,,,,,,pending,,2026-06-22T13:15:53+00:00
trackb_cont_MCRI_20260622,,,,,,,,,,,,,,pending,,2026-06-22T13:15:53+00:00
trackb_cont_MCY_20260610,101.400002,,,,,103.809998,98.230003,,,,,,-2.7811,pending,,2026-06-22T13:16:22+00:00
trackb_cont_MDB_20260603,348.279999,334.690002,,,,392.48999,314.558014,,,,,,-15.4573,pending,,2026-06-22T13:14:22+00:00
trackb_cont_MDB_20260604,354.410004,332.75,,,,390.0,314.558014,,,,,,-15.4573,pending,,2026-06-22T13:14:22+00:00
trackb_cont_MDB_20260605,342.799988,,,,,381.0,314.558014,,,,,,-15.4573,pending,,2026-06-22T13:14:22+00:00
trackb_cont_MDB_20260608,354.179993,,,,,364.26001,314.558014,,,,,,-15.4573,pending,,2026-06-22T13:14:22+00:00
trackb_cont_MEC_20260603,33.84,33.509998,,,,36.5,30.059999,,,,,,-7.1362,pending,,2026-06-22T13:13:50+00:00
trackb_cont_MEC_20260604,35.240002,35.68,,,,36.5,30.059999,,,,,,-7.1362,pending,,2026-06-22T13:13:50+00:00
trackb_cont_MEC_20260605,35.48,,,,,36.5,31.34,,,,,,-3.182,pending,,2026-06-22T13:13:50+00:00
trackb_cont_MEC_20260608,34.740002,,,,,36.5,32.759998,,,,,,1.2048,pending,,2026-06-22T13:13:50+00:00
trackb_cont_MEC_20260609,35.119999,,,,,36.5,32.799999,,,,,,-2.381,pending,,2026-06-22T13:13:50+00:00
trackb_cont_MEC_20260612,,,,,,36.5,33.063999,,,,,,-6.1748,pending,,2026-06-22T13:13:50+00:00
trackb_cont_MEC_20260615,,,,,,36.0,33.063999,,,,,,-6.8226,pending,,2026-06-22T13:13:50+00:00
trackb_cont_MEC_20260616,,,,,,35.764999,33.063999,,,,,,-2.9955,pending,,2026-06-22T13:13:50+00:00
trackb_cont_MEC_20260617,,,,,,35.764999,33.063999,,,,,,-2.9955,pending,,2026-06-22T13:13:50+00:00
trackb_cont_MEC_20260618,,,,,,35.764999,33.450001,,,,,,-0.179,pending,,2026-06-22T13:13:50+00:00
trackb_cont_MEC_20260619,,,,,,,,,,,,,,pending,,2026-06-22T13:13:50+00:00
trackb_cont_MEC_20260622,,,,,,,,,,,,,,pending,,2026-06-22T13:13:50+00:00
trackb_cont_MEDP_20260608,467.5,,,,,479.299988,447.950012,,,,,,-1.3869,pending,,2026-06-22T13:15:38+00:00
trackb_cont_MEDP_20260612,,,,,,479.299988,447.950012,,,,,,-5.7086,pending,,2026-06-22T13:15:38+00:00
trackb_cont_MEDP_20260615,,,,,,474.980011,447.950012,,,,,,-4.8716,pending,,2026-06-22T13:15:38+00:00
trackb_cont_MEDP_20260616,,,,,,471.372009,447.950012,,,,,,-3.6231,pending,,2026-06-22T13:15:38+00:00
trackb_cont_MEDP_20260617,,,,,,466.679993,447.950012,,,,,,-3.6231,pending,,2026-06-22T13:15:38+00:00
trackb_cont_MEDP_20260618,,,,,,463.339996,447.950012,,,,,,-1.9996,pending,,2026-06-22T13:15:38+00:00
trackb_cont_MEDP_20260619,,,,,,,,,,,,,,pending,,2026-06-22T13:15:38+00:00
trackb_cont_MEDP_20260622,,,,,,,,,,,,,,pending,,2026-06-22T13:15:38+00:00
trackb_cont_METC_20260603,14.28,14.53,,,,17.52,13.6,,,,,,-19.2639,pending,,2026-06-22T13:14:32+00:00
trackb_cont_METC_20260604,14.87,13.99,,,,17.52,13.6,,,,,,-19.2639,pending,,2026-06-22T13:14:32+00:00
trackb_cont_METC_20260605,15.26,,,,,16.84,13.6,,,,,,-19.2639,pending,,2026-06-22T13:14:32+00:00
trackb_cont_METC_20260608,14.67,,,,,15.8,13.6,,,,,,-13.099,pending,,2026-06-22T13:14:32+00:00
trackb_cont_MET_20260603,86.129997,85.849998,,,,89.620003,80.510002,,,,,,-0.654,pending,,2026-06-22T13:15:33+00:00
trackb_cont_MET_20260604,87.580002,85.580002,,,,89.620003,81.849998,,,,,,0.9995,pending,,2026-06-22T13:15:33+00:00
trackb_cont_MET_20260605,88.839996,,,,,89.620003,83.220001,,,,,,2.69,pending,,2026-06-22T13:15:33+00:00
trackb_cont_MET_20260608,87.660004,,,,,89.620003,84.019997,,,,,,-0.5563,pending,,2026-06-22T13:15:33+00:00
trackb_cont_MET_20260615,,,,,,89.620003,85.379997,,,,,,-4.4646,pending,,2026-06-22T13:15:33+00:00
trackb_cont_MET_20260616,,,,,,88.839996,85.379997,,,,,,-3.7321,pending,,2026-06-22T13:15:33+00:00
trackb_cont_MET_20260617,,,,,,87.690002,85.379997,,,,,,-3.7321,pending,,2026-06-22T13:15:33+00:00
trackb_cont_MET_20260618,,,,,,87.690002,85.379997,,,,,,-3.7321,pending,,2026-06-22T13:15:33+00:00
trackb_cont_MET_20260619,,,,,,,,,,,,,,pending,,2026-06-22T13:15:33+00:00
trackb_cont_MGM_20260603,46.91,46.939999,,,,49.810001,46.16,,,,,,-3.4108,pending,,2026-06-22T13:15:05+00:00
trackb_cont_MGM_20260604,47.220001,46.84,,,,49.810001,46.16,,,,,,-3.4108,pending,,2026-06-22T13:15:05+00:00
trackb_cont_MGM_20260605,48.970001,,,,,49.810001,46.16,,,,,,-3.4108,pending,,2026-06-22T13:15:05+00:00
trackb_cont_MGM_20260608,48.619999,,,,,49.810001,46.16,,,,,,-2.8415,pending,,2026-06-22T13:15:05+00:00
trackb_cont_MGM_20260609,47.98,,,,,49.810001,46.16,,,,,,-2.3276,pending,,2026-06-22T13:15:05+00:00
trackb_cont_MGM_20260616,,,,,,49.450001,46.709999,,,,,,-4.7609,pending,,2026-06-22T13:15:05+00:00
trackb_cont_MGM_20260617,,,,,,48.299999,46.709999,,,,,,-4.7609,pending,,2026-06-22T13:15:05+00:00
trackb_cont_MGM_20260618,,,,,,48.18,46.709999,,,,,,-4.7609,pending,,2026-06-22T13:15:05+00:00
trackb_cont_MGM_20260619,,,,,,,,,,,,,,pending,,2026-06-22T13:15:05+00:00
trackb_cont_MGNI_20260603,15.67,18.24,,,,19.280001,14.0,,,,,,-0.6388,pending,,2026-06-22T13:15:11+00:00
trackb_cont_MGNI_20260604,16.200001,17.889999,,,,19.280001,14.28,,,,,,1.3485,pending,,2026-06-22T13:15:11+00:00
trackb_cont_MGNI_20260605,16.25,,,,,19.280001,14.28,,,,,,1.3485,pending,,2026-06-22T13:15:11+00:00
trackb_cont_MGNI_20260608,16.75,,,,,19.280001,14.28,,,,,,-2.7248,pending,,2026-06-22T13:15:11+00:00
trackb_cont_MGNI_20260610,18.24,,,,,19.280001,15.2,,,,,,3.8961,pending,,2026-06-22T13:15:11+00:00
trackb_cont_MGNI_20260615,,,,,,19.280001,15.94,,,,,,-2.4181,pending,,2026-06-22T13:15:11+00:00
trackb_cont_MGNI_20260616,,,,,,19.280001,16.6,,,,,,-1.3373,pending,,2026-06-22T13:15:11+00:00
trackb_cont_MGNI_20260617,,,,,,19.280001,17.57,,,,,,4.4279,pending,,2026-06-22T13:15:11+00:00
trackb_cont_MGNI_20260618,,,,,,18.219999,17.57,,,,,,4.4279,pending,,2026-06-22T13:15:11+00:00
trackb_cont_MGNI_20260619,,,,,,,,,,,,,,pending,,2026-06-22T13:15:11+00:00
trackb_cont_MGRC_20260618,,,,,,118.510002,114.629997,,,,,,0.7648,pending,,2026-06-22T13:17:41+00:00
trackb_cont_MGRC_20260619,,,,,,,,,,,,,,pending,,2026-06-22T13:17:41+00:00
trackb_cont_MGRC_20260622,,,,,,,,,,,,,,pending,,2026-06-22T13:17:41+00:00
trackb_cont_MG_20260612,,,,,,19.24,18.16,,,,,,-2.5228,pending,,2026-06-22T13:16:48+00:00
trackb_cont_MG_20260615,,,,,,19.02,18.16,,,,,,-3.4561,pending,,2026-06-22T13:16:48+00:00
trackb_cont_MG_20260616,,,,,,18.870001,18.16,,,,,,-2.9396,pending,,2026-06-22T13:16:48+00:00
trackb_cont_MG_20260617,,,,,,18.870001,18.16,,,,,,-2.9396,pending,,2026-06-22T13:16:48+00:00
trackb_cont_MG_20260618,,,,,,18.870001,18.24,,,,,,-2.512,pending,,2026-06-22T13:16:48+00:00
trackb_cont_MG_20260619,,,,,,,,,,,,,,pending,,2026-06-22T13:16:48+00:00
trackb_cont_MHK_20260603,101.75,108.040001,,,,116.029999,101.269997,,,,,,-3.1326,pending,,2026-06-22T13:14:59+00:00
trackb_cont_MHK_20260604,109.349998,112.300003,,,,116.029999,101.269997,,,,,,-3.1326,pending,,2026-06-22T13:14:59+00:00
trackb_cont_MHK_20260605,107.639999,,,,,116.029999,101.269997,,,,,,-3.1326,pending,,2026-06-22T13:14:59+00:00
trackb_cont_MHK_20260608,111.43,,,,,116.029999,101.269997,,,,,,-3.1326,pending,,2026-06-22T13:14:59+00:00
trackb_cont_MHK_20260616,,,,,,115.019997,107.050003,,,,,,-5.5996,pending,,2026-06-22T13:14:59+00:00
trackb_cont_MHK_20260617,,,,,,115.019997,107.050003,,,,,,-5.5996,pending,,2026-06-22T13:14:59+00:00
trackb_cont_MHK_20260618,,,,,,115.019997,109.309998,,,,,,1.1755,pending,,2026-06-22T13:14:59+00:00
trackb_cont_MHK_20260619,,,,,,,,,,,,,,pending,,2026-06-22T13:14:59+00:00
trackb_cont_MHO_20260603,137.399994,142.779999,,,,151.020004,135.479996,,,,,,-0.4336,pending,,2026-06-22T13:14:42+00:00
trackb_cont_MHO_20260604,141.949997,149.089996,,,,151.020004,135.479996,,,,,,-0.4336,pending,,2026-06-22T13:14:42+00:00
trackb_cont_MHO_20260605,141.330002,,,,,151.020004,135.479996,,,,,,-0.4336,pending,,2026-06-22T13:14:42+00:00
trackb_cont_MHO_20260608,141.289993,,,,,151.020004,135.479996,,,,,,-1.3471,pending,,2026-06-22T13:14:42+00:00
trackb_cont_MHO_20260615,,,,,,151.020004,140.320007,,,,,,-2.8591,pending,,2026-06-22T13:14:42+00:00
trackb_cont_MHO_20260616,,,,,,151.020004,141.940002,,,,,,-0.295,pending,,2026-06-22T13:14:42+00:00
trackb_cont_MHO_20260617,,,,,,151.020004,141.940002,,,,,,-0.295,pending,,2026-06-22T13:14:42+00:00
trackb_cont_MHO_20260618,,,,,,151.020004,143.320007,,,,,,0.3782,pending,,2026-06-22T13:14:42+00:00
trackb_cont_MHO_20260619,,,,,,,,,,,,,,pending,,2026-06-22T13:14:42+00:00
trackb_cont_MHO_20260622,,,,,,,,,,,,,,pending,,2026-06-22T13:14:42+00:00
trackb_cont_MH_20260612,,,,,,12.395,9.39,,,,,,-24.0291,pending,,2026-06-22T13:15:43+00:00
trackb_cont_MKSI_20260603,316.070007,371.26001,,,,408.869995,298.0,,,,,,-11.7769,pending,,2026-06-22T13:14:38+00:00
trackb_cont_MKSI_20260604,345.320007,406.369995,,,,408.869995,298.0,,,,,,-11.7769,pending,,2026-06-22T13:14:38+00:00
trackb_cont_MKSI_20260605,355.690002,,,,,408.869995,298.0,,,,,,-11.7769,pending,,2026-06-22T13:14:38+00:00
trackb_cont_MKSI_20260608,375.320007,,,,,408.869995,298.0,,,,,,-1.21,pending,,2026-06-22T13:14:38+00:00
trackb_cont_MKSI_20260616,,,,,,408.869995,365.359985,,,,,,-2.0889,pending,,2026-06-22T13:14:38+00:00
trackb_cont_MKSI_20260617,,,,,,408.869995,369.850006,,,,,,-0.8857,pending,,2026-06-22T13:14:38+00:00
trackb_cont_MKSI_20260618,,,,,,408.869995,382.0,,,,,,2.8929,pending,,2026-06-22T13:14:38+00:00
trackb_cont_MKSI_20260619,,,,,,,,,,,,,,pending,,2026-06-22T13:14:38+00:00
trackb_cont_MKSI_20260622,,,,,,,,,,,,,,pending,,2026-06-22T13:14:38+00:00
trackb_cont_MLAB_20260603,107.220001,94.949997,,,,113.989998,93.620003,,,,,,-8.2786,pending,,2026-06-22T13:14:46+00:00
trackb_cont_MLAB_20260604,107.349998,95.099998,,,,113.989998,93.620003,,,,,,-8.2786,pending,,2026-06-22T13:14:46+00:00
trackb_cont_MLAB_20260605,105.480003,,,,,113.989998,93.620003,,,,,,-8.2786,pending,,2026-06-22T13:14:46+00:00
trackb_cont_MLAB_20260608,104.080002,,,,,113.989998,93.620003,,,,,,-9.8855,pending,,2026-06-22T13:14:46+00:00
trackb_cont_MLAB_20260609,99.68,,,,,113.989998,93.620003,,,,,,-13.6825,pending,,2026-06-22T13:14:46+00:00
trackb_cont_MLAB_20260611,95.099998,,,,,110.139999,93.620003,,,,,,-12.6842,pending,,2026-06-22T13:14:46+00:00
trackb_cont_MLAB_20260612,,,,,,110.139999,93.620003,,,,,,-12.7899,pending,,2026-06-22T13:14:46+00:00
trackb_cont_MLAB_20260616,,,,,,106.489998,93.620003,,,,,,-9.4321,pending,,2026-06-22T13:14:46+00:00
trackb_cont_MLAB_20260617,,,,,,101.279999,93.620003,,,,,,-9.4321,pending,,2026-06-22T13:14:46+00:00
trackb_cont_MLI_20260618,,,,,,140.960007,136.240005,,,,,,-2.5744,pending,,2026-06-22T13:17:41+00:00
trackb_cont_MLI_20260619,,,,,,,,,,,,,,pending,,2026-06-22T13:17:41+00:00
trackb_cont_MLI_20260622,,,,,,,,,,,,,,pending,,2026-06-22T13:17:41+00:00
trackb_cont_MLKN_20260616,,,,,,16.809999,15.46,,,,,,-3.736,pending,,2026-06-22T13:16:01+00:00
trackb_cont_MLKN_20260617,,,,,,16.809999,15.7,,,,,,-2.2416,pending,,2026-06-22T13:16:01+00:00
trackb_cont_MLM_20260618,,,,,,616.609985,595.109985,,,,,,0.6818,pending,,2026-06-22T13:16:38+00:00
trackb_cont_MLM_20260619,,,,,,,,,,,,,,pending,,2026-06-22T13:16:38+00:00
trackb_cont_MLM_20260622,,,,,,,,,,,,,,pending,,2026-06-22T13:16:38+00:00
trackb_cont_MMI_20260603,30.360001,28.98,,,,30.99,28.75,,,,,,-0.4846,pending,,2026-06-22T13:15:02+00:00
trackb_cont_MMI_20260604,30.33,29.32,,,,30.99,28.870001,,,,,,-0.0692,pending,,2026-06-22T13:15:02+00:00
trackb_cont_MMI_20260605,30.16,,,,,30.99,28.870001,,,,,,-0.0692,pending,,2026-06-22T13:15:02+00:00
trackb_cont_MMI_20260608,29.42,,,,,30.99,28.870001,,,,,,-4.0864,pending,,2026-06-22T13:15:02+00:00
trackb_cont_MMI_20260610,28.98,,,,,30.889999,28.870001,,,,,,-4.0545,pending,,2026-06-22T13:15:02+00:00
trackb_cont_MMI_20260612,,,,,,30.889999,28.870001,,,,,,-4.8137,pending,,2026-06-22T13:15:02+00:00
trackb_cont_MMI_20260615,,,,,,30.629999,28.870001,,,,,,-4.9078,pending,,2026-06-22T13:15:02+00:00
trackb_cont_MMI_20260616,,,,,,30.33,28.870001,,,,,,-3.1045,pending,,2026-06-22T13:15:02+00:00
trackb_cont_MMI_20260617,,,,,,30.129999,28.870001,,,,,,-3.1045,pending,,2026-06-22T13:15:02+00:00
trackb_cont_MMM_20260603,156.850006,159.229996,,,,164.300003,151.509995,,,,,,-0.9933,pending,,2026-06-22T13:15:20+00:00
trackb_cont_MMM_20260604,157.910004,160.600006,,,,164.300003,151.720001,,,,,,-0.856,pending,,2026-06-22T13:15:20+00:00
trackb_cont_MMM_20260605,158.320007,,,,,164.300003,151.720001,,,,,,-0.856,pending,,2026-06-22T13:15:20+00:00
trackb_cont_MMM_20260608,158.229996,,,,,164.300003,151.720001,,,,,,-1.3267,pending,,2026-06-22T13:15:20+00:00
trackb_cont_MMM_20260610,159.229996,,,,,164.300003,151.720001,,,,,,-1.3845,pending,,2026-06-22T13:15:20+00:00
trackb_cont_MMM_20260615,,,,,,164.300003,157.210007,,,,,,-2.6443,pending,,2026-06-22T13:15:20+00:00
trackb_cont_MMM_20260616,,,,,,164.300003,158.419998,,,,,,-0.1387,pending,,2026-06-22T13:15:20+00:00
trackb_cont_MMM_20260617,,,,,,164.300003,158.869995,,,,,,0.145,pending,,2026-06-22T13:15:20+00:00
trackb_cont_MMM_20260618,,,,,,162.220001,159.910004,,,,,,0.8006,pending,,2026-06-22T13:15:20+00:00
trackb_cont_MMM_20260619,,,,,,,,,,,,,,pending,,2026-06-22T13:15:20+00:00
trackb_cont_MMSI_20260611,67.220001,,,,,69.080002,64.5,,,,,,-3.717,pending,,2026-06-22T13:15:42+00:00
trackb_cont_MMSI_20260616,,,,,,69.080002,64.5,,,,,,-4.0393,pending,,2026-06-22T13:15:42+00:00
trackb_cont_MMSI_20260617,,,,,,69.080002,64.5,,,,,,-4.0393,pending,,2026-06-22T13:15:42+00:00
trackb_cont_MMSI_20260618,,,,,,67.529999,64.5,,,,,,-4.0393,pending,,2026-06-22T13:15:42+00:00
trackb_cont_MMSI_20260619,,,,,,,,,,,,,,pending,,2026-06-22T13:15:42+00:00
trackb_cont_MNST_20260603,91.209999,91.660004,,,,93.919998,87.839996,,,,,,-1.2035,pending,,2026-06-22T13:14:28+00:00
trackb_cont_MNST_20260604,92.029999,91.339996,,,,93.919998,87.910004,,,,,,-1.1247,pending,,2026-06-22T13:14:28+00:00
trackb_cont_MNST_20260605,92.830002,,,,,93.919998,87.910004,,,,,,-1.1247,pending,,2026-06-22T13:14:28+00:00
trackb_cont_MNST_20260608,93.230003,,,,,93.919998,87.910004,,,,,,-1.8314,pending,,2026-06-22T13:14:28+00:00
trackb_cont_MNST_20260610,91.660004,,,,,93.919998,90.089996,,,,,,1.8311,pending,,2026-06-22T13:14:28+00:00
trackb_cont_MNST_20260611,91.339996,,,,,93.919998,90.959999,,,,,,-0.2741,pending,,2026-06-22T13:14:28+00:00
trackb_cont_MNST_20260616,,,,,,93.919998,90.959999,,,,,,-1.9933,pending,,2026-06-22T13:14:28+00:00
trackb_cont_MNST_20260617,,,,,,93.260002,90.959999,,,,,,-1.9933,pending,,2026-06-22T13:14:28+00:00
trackb_cont_MNST_20260618,,,,,,92.349998,90.959999,,,,,,-1.9933,pending,,2026-06-22T13:14:28+00:00
trackb_cont_MNST_20260619,,,,,,,,,,,,,,pending,,2026-06-22T13:14:28+00:00
trackb_cont_MNST_20260622,,,,,,,,,,,,,,pending,,2026-06-22T13:14:28+00:00
trackb_cont_MOD_20260603,258.170013,283.880005,,,,318.609985,251.380005,,,,,,-18.5787,pending,,2026-06-22T13:14:57+00:00
trackb_cont_MOD_20260604,271.51001,297.369995,,,,304.809998,251.380005,,,,,,-18.5787,pending,,2026-06-22T13:14:57+00:00
trackb_cont_MOD_20260605,274.5,,,,,302.98999,251.380005,,,,,,-18.5787,pending,,2026-06-22T13:14:57+00:00
trackb_cont_MOD_20260608,285.720001,,,,,302.98999,251.380005,,,,,,-18.5787,pending,,2026-06-22T13:14:57+00:00
trackb_cont_MOH_20260609,200.210007,,,,,204.949997,190.210007,,,,,,-4.1329,pending,,2026-06-22T13:16:06+00:00
trackb_cont_MOH_20260616,,,,,,204.660004,193.860001,,,,,,-2.7296,pending,,2026-06-22T13:16:06+00:00
trackb_cont_MOH_20260617,,,,,,202.300003,193.860001,,,,,,-2.7296,pending,,2026-06-22T13:16:06+00:00
trackb_cont_MOH_20260618,,,,,,198.360001,193.860001,,,,,,-2.7296,pending,,2026-06-22T13:16:06+00:00
trackb_cont_MOH_20260619,,,,,,,,,,,,,,pending,,2026-06-22T13:16:06+00:00
trackb_cont_MOH_20260622,,,,,,,,,,,,,,pending,,2026-06-22T13:16:06+00:00
trackb_cont_MO_20260612,,,,,,72.019997,68.07,,,,,,-4.6772,pending,,2026-06-22T13:16:48+00:00
trackb_cont_MPC_20260603,263.279999,244.610001,,,,272.459991,238.279999,,,,,,-11.8885,pending,,2026-06-22T13:14:09+00:00
trackb_cont_MPC_20260604,260.809998,242.910004,,,,271.279999,238.279999,,,,,,-11.8885,pending,,2026-06-22T13:14:09+00:00
trackb_cont_MPC_20260605,263.579987,,,,,271.279999,238.279999,,,,,,-11.8885,pending,,2026-06-22T13:14:09+00:00
trackb_cont_MPC_20260608,250.860001,,,,,271.279999,238.279999,,,,,,-11.8885,pending,,2026-06-22T13:14:09+00:00
trackb_cont_MPC_20260616,,,,,,251.759995,238.279999,,,,,,-5.4032,pending,,2026-06-22T13:14:09+00:00
trackb_cont_MPC_20260617,,,,,,250.520004,238.279999,,,,,,-5.4032,pending,,2026-06-22T13:14:09+00:00
trackb_cont_MPC_20260618,,,,,,243.360001,238.279999,,,,,,-5.4032,pending,,2026-06-22T13:14:09+00:00
trackb_cont_MPC_20260619,,,,,,,,,,,,,,pending,,2026-06-22T13:14:09+00:00
trackb_cont_MPLX_20260609,56.080002,,,,,57.68,55.369999,,,,,,-1.8436,pending,,2026-06-22T13:16:09+00:00
trackb_cont_MPLX_20260610,55.91,,,,,57.68,55.369999,,,,,,-1.8436,pending,,2026-06-22T13:16:09+00:00
trackb_cont_MPLX_20260611,56.84,,,,,57.68,55.369999,,,,,,-1.8088,pending,,2026-06-22T13:16:09+00:00
trackb_cont_MPLX_20260612,,,,,,57.68,55.369999,,,,,,-1.9827,pending,,2026-06-22T13:16:09+00:00
trackb_cont_MPLX_20260615,,,,,,56.93,55.369999,,,,,,-1.7827,pending,,2026-06-22T13:16:09+00:00
trackb_cont_MPLX_20260616,,,,,,56.919998,55.369999,,,,,,-1.3452,pending,,2026-06-22T13:16:09+00:00
trackb_cont_MPLX_20260617,,,,,,56.919998,55.43,,,,,,-1.2383,pending,,2026-06-22T13:16:09+00:00
trackb_cont_MPLX_20260618,,,,,,56.919998,55.43,,,,,,-1.2383,pending,,2026-06-22T13:16:09+00:00
trackb_cont_MPLX_20260619,,,,,,,,,,,,,,pending,,2026-06-22T13:16:09+00:00
trackb_cont_MPWR_20260603,1473.040039,1448.209961,,,,1697.349976,1405.0,,,,,,-15.3114,pending,,2026-06-22T13:15:36+00:00
trackb_cont_MPWR_20260604,1589.550049,1563.699951,,,,1666.689941,1405.0,,,,,,-15.3114,pending,,2026-06-22T13:15:36+00:00
trackb_cont_MPWR_20260605,1577.319946,,,,,1666.640015,1405.0,,,,,,-15.3114,pending,,2026-06-22T13:15:36+00:00
trackb_cont_MPWR_20260608,1652.290039,,,,,1666.640015,1405.0,,,,,,-15.3114,pending,,2026-06-22T13:15:36+00:00
trackb_cont_MP_20260603,53.450001,60.84,,,,71.926003,52.419998,,,,,,-23.6528,pending,,2026-06-22T13:15:04+00:00
trackb_cont_MP_20260604,57.18,60.880001,,,,67.25,52.419998,,,,,,-23.6528,pending,,2026-06-22T13:15:04+00:00
trackb_cont_MP_20260605,57.549999,,,,,64.150002,52.419998,,,,,,-23.6528,pending,,2026-06-22T13:15:04+00:00
trackb_cont_MP_20260608,58.259998,,,,,62.459999,52.419998,,,,,,-23.6528,pending,,2026-06-22T13:15:04+00:00
trackb_cont_MRNA_20260616,,,,,,67.739998,51.66,,,,,,0.9379,pending,,2026-06-22T13:17:12+00:00
trackb_cont_MRNA_20260617,,,,,,67.739998,54.509998,,,,,,6.5064,pending,,2026-06-22T13:17:12+00:00
trackb_cont_MRNA_20260618,,,,,,67.739998,60.73,,,,,,-5.1242,pending,,2026-06-22T13:17:12+00:00
trackb_cont_MRNA_20260619,,,,,,,,,,,,,,pending,,2026-06-22T13:17:12+00:00
trackb_cont_MRNA_20260622,,,,,,,,,,,,,,pending,,2026-06-22T13:17:12+00:00
trackb_cont_MRP_20260608,29.07,,,,,29.719999,27.945,,,,,,-3.4048,pending,,2026-06-22T13:15:55+00:00
trackb_cont_MRP_20260610,28.059999,,,,,29.719999,27.945,,,,,,-3.3045,pending,,2026-06-22T13:15:55+00:00
trackb_cont_MRP_20260611,28.4,,,,,29.719999,27.945,,,,,,-2.9688,pending,,2026-06-22T13:15:55+00:00
trackb_cont_MRP_20260616,,,,,,29.149,27.945,,,,,,-4.4779,pending,,2026-06-22T13:15:55+00:00
trackb_cont_MRP_20260617,,,,,,29.01,27.945,,,,,,-4.4779,pending,,2026-06-22T13:15:55+00:00
trackb_cont_MRP_20260618,,,,,,28.865,28.379999,,,,,,-2.9909,pending,,2026-06-22T13:15:55+00:00
trackb_cont_MRP_20260619,,,,,,,,,,,,,,pending,,2026-06-22T13:15:55+00:00
trackb_cont_MRSH_20260616,,,,,,169.110001,160.679993,,,,,,-3.2631,pending,,2026-06-22T13:17:19+00:00
trackb_cont_MRSH_20260617,,,,,,169.110001,160.679993,,,,,,-3.2631,pending,,2026-06-22T13:17:19+00:00
trackb_cont_MRTN_20260603,17.690001,16.59,,,,18.48,16.549999,,,,,,-6.2323,pending,,2026-06-22T13:13:57+00:00
trackb_cont_MRTN_20260604,18.280001,16.85,,,,18.48,16.549999,,,,,,-6.2323,pending,,2026-06-22T13:13:57+00:00
trackb_cont_MRTN_20260605,18.16,,,,,18.48,16.549999,,,,,,-6.2323,pending,,2026-06-22T13:13:57+00:00
trackb_cont_MRTN_20260608,17.77,,,,,18.48,16.549999,,,,,,-6.2323,pending,,2026-06-22T13:13:57+00:00
trackb_cont_MRTN_20260609,17.379999,,,,,18.48,16.549999,,,,,,-8.513,pending,,2026-06-22T13:13:57+00:00
trackb_cont_MRTN_20260616,,,,,,17.99,16.549999,,,,,,-6.708,pending,,2026-06-22T13:13:57+00:00
trackb_cont_MRTN_20260617,,,,,,17.43,16.549999,,,,,,-6.708,pending,,2026-06-22T13:13:57+00:00
trackb_cont_MRTN_20260618,,,,,,16.969999,16.700001,,,,,,-5.8625,pending,,2026-06-22T13:13:57+00:00
trackb_cont_MRTN_20260619,,,,,,,,,,,,,,pending,,2026-06-22T13:13:57+00:00
trackb_cont_MRVL_20260603,252.589996,289.540009,,,,329.880005,244.0,,,,,,-19.6655,pending,,2026-06-22T13:13:50+00:00
trackb_cont_MRVL_20260604,280.709991,310.579987,,,,329.880005,244.0,,,,,,-19.6655,pending,,2026-06-22T13:13:50+00:00
trackb_cont_MRVL_20260605,279.700012,,,,,329.880005,244.0,,,,,,-19.6655,pending,,2026-06-22T13:13:50+00:00
trackb_cont_MRVL_20260608,308.880005,,,,,329.880005,244.0,,,,,,-19.6655,pending,,2026-06-22T13:13:50+00:00
trackb_cont_MRVL_20260616,,,,,,329.880005,278.130005,,,,,,-8.559,pending,,2026-06-22T13:13:50+00:00
trackb_cont_MRVL_20260617,,,,,,329.880005,283.320007,,,,,,-6.8527,pending,,2026-06-22T13:13:50+00:00
trackb_cont_MRVL_20260618,,,,,,329.880005,302.359985,,,,,,4.4277,pending,,2026-06-22T13:13:50+00:00
trackb_cont_MRVL_20260619,,,,,,,,,,,,,,pending,,2026-06-22T13:13:50+00:00
trackb_cont_MRVL_20260622,,,,,,,,,,,,,,pending,,2026-06-22T13:13:50+00:00
trackb_cont_MSCI_20260603,608.52002,596.890015,,,,627.440002,580.0,,,,,,-6.755,pending,,2026-06-22T13:14:49+00:00
trackb_cont_MSCI_20260604,594.309998,581.190002,,,,627.440002,580.0,,,,,,-6.755,pending,,2026-06-22T13:14:49+00:00
trackb_cont_MSCI_20260605,599.119995,,,,,624.890015,580.0,,,,,,-6.755,pending,,2026-06-22T13:14:49+00:00
trackb_cont_MSCI_20260608,611.169983,,,,,618.840027,580.0,,,,,,-6.755,pending,,2026-06-22T13:14:49+00:00
trackb_cont_MSEX_20260603,53.720001,51.84,,,,54.970001,51.439999,,,,,,-2.0377,pending,,2026-06-22T13:14:24+00:00
trackb_cont_MSEX_20260604,52.459999,52.060001,,,,54.970001,51.439999,,,,,,-2.0377,pending,,2026-06-22T13:14:24+00:00
trackb_cont_MSEX_20260605,52.950001,,,,,54.970001,51.439999,,,,,,-2.0377,pending,,2026-06-22T13:14:24+00:00
trackb_cont_MSEX_20260608,52.709999,,,,,54.970001,51.439999,,,,,,-2.0377,pending,,2026-06-22T13:14:24+00:00
trackb_cont_MSEX_20260609,52.48,,,,,54.970001,51.439999,,,,,,-2.2425,pending,,2026-06-22T13:14:24+00:00
trackb_cont_MSEX_20260611,52.060001,,,,,54.73,51.439999,,,,,,-4.2442,pending,,2026-06-22T13:14:24+00:00
trackb_cont_MSEX_20260612,,,,,,53.639999,51.439999,,,,,,-1.9443,pending,,2026-06-22T13:14:24+00:00
trackb_cont_MSGS_20260603,386.369995,361.779999,,,,397.0,357.970001,,,,,,-6.2317,pending,,2026-06-22T13:13:54+00:00
trackb_cont_MSGS_20260604,393.679993,370.100006,,,,397.0,357.970001,,,,,,-6.2317,pending,,2026-06-22T13:13:54+00:00
trackb_cont_MSGS_20260605,384.679993,,,,,397.0,357.970001,,,,,,-6.2317,pending,,2026-06-22T13:13:54+00:00
trackb_cont_MSGS_20260608,380.0,,,,,397.0,357.970001,,,,,,-6.2317,pending,,2026-06-22T13:13:54+00:00
trackb_cont_MSGS_20260616,,,,,,382.399994,357.970001,,,,,,-4.8534,pending,,2026-06-22T13:13:54+00:00
trackb_cont_MSGS_20260617,,,,,,375.309998,357.970001,,,,,,-4.8534,pending,,2026-06-22T13:13:54+00:00
trackb_cont_MSGS_20260618,,,,,,371.480011,359.190002,,,,,,-4.5291,pending,,2026-06-22T13:13:54+00:00
trackb_cont_MSGS_20260619,,,,,,,,,,,,,,pending,,2026-06-22T13:13:54+00:00
trackb_cont_MSM_20260603,115.160004,115.18,,,,119.129997,113.529999,,,,,,-2.3146,pending,,2026-06-22T13:14:06+00:00
trackb_cont_MSM_20260604,115.57,118.510002,,,,119.129997,114.050003,,,,,,-1.8671,pending,,2026-06-22T13:14:06+00:00
trackb_cont_MSM_20260605,116.690002,,,,,119.129997,114.050003,,,,,,-1.8671,pending,,2026-06-22T13:14:06+00:00
trackb_cont_MSM_20260608,114.220001,,,,,119.129997,114.050003,,,,,,-1.8671,pending,,2026-06-22T13:14:06+00:00
trackb_cont_MSM_20260609,117.279999,,,,,119.129997,114.050003,,,,,,-1.3323,pending,,2026-06-22T13:14:06+00:00
trackb_cont_MSM_20260610,115.18,,,,,118.980003,114.050003,,,,,,-1.3323,pending,,2026-06-22T13:14:06+00:00
trackb_cont_MSM_20260612,,,,,,118.980003,114.050003,,,,,,-1.3152,pending,,2026-06-22T13:14:06+00:00
trackb_cont_MSM_20260615,,,,,,118.980003,114.050003,,,,,,-2.3335,pending,,2026-06-22T13:14:06+00:00
trackb_cont_MSM_20260616,,,,,,118.980003,114.349998,,,,,,-1.1924,pending,,2026-06-22T13:14:06+00:00
trackb_cont_MSM_20260617,,,,,,118.980003,114.349998,,,,,,-1.1924,pending,,2026-06-22T13:14:06+00:00
trackb_cont_MSM_20260618,,,,,,118.980003,116.349998,,,,,,1.0158,pending,,2026-06-22T13:14:06+00:00
trackb_cont_MSM_20260619,,,,,,,,,,,,,,pending,,2026-06-22T13:14:06+00:00
trackb_cont_MSM_20260622,,,,,,,,,,,,,,pending,,2026-06-22T13:14:06+00:00
trackb_cont_MS_20260603,206.660004,224.960007,,,,230.470001,205.830002,,,,,,-1.8736,pending,,2026-06-22T13:14:12+00:00
trackb_cont_MS_20260604,212.660004,223.169998,,,,230.470001,205.830002,,,,,,-1.8736,pending,,2026-06-22T13:14:12+00:00
trackb_cont_MS_20260605,214.039993,,,,,230.470001,205.830002,,,,,,-1.8736,pending,,2026-06-22T13:14:12+00:00
trackb_cont_MS_20260608,217.979996,,,,,230.470001,205.830002,,,,,,-1.8736,pending,,2026-06-22T13:14:12+00:00
trackb_cont_MS_20260609,220.830002,,,,,230.470001,205.830002,,,,,,-3.0202,pending,,2026-06-22T13:14:12+00:00
trackb_cont_MS_20260610,224.960007,,,,,230.470001,205.830002,,,,,,-3.0202,pending,,2026-06-22T13:14:12+00:00
trackb_cont_MS_20260615,,,,,,230.470001,216.850006,,,,,,-1.0021,pending,,2026-06-22T13:14:12+00:00
trackb_cont_MS_20260616,,,,,,230.470001,218.589996,,,,,,-0.5437,pending,,2026-06-22T13:14:12+00:00
trackb_cont_MS_20260617,,,,,,230.470001,221.360001,,,,,,0.7166,pending,,2026-06-22T13:14:12+00:00
trackb_cont_MS_20260618,,,,,,230.470001,222.889999,,,,,,1.4127,pending,,2026-06-22T13:14:12+00:00
trackb_cont_MS_20260619,,,,,,,,,,,,,,pending,,2026-06-22T13:14:12+00:00
trackb_cont_MS_20260622,,,,,,,,,,,,,,pending,,2026-06-22T13:14:12+00:00
trackb_cont_MTB_20260603,223.929993,225.850006,,,,233.229996,213.679993,,,,,,-0.2591,pending,,2026-06-22T13:14:02+00:00
trackb_cont_MTB_20260604,227.820007,225.119995,,,,233.229996,216.770004,,,,,,1.1833,pending,,2026-06-22T13:14:02+00:00
trackb_cont_MTB_20260605,231.880005,,,,,233.229996,221.889999,,,,,,3.5732,pending,,2026-06-22T13:14:02+00:00
trackb_cont_MTB_20260608,225.940002,,,,,233.229996,222.110001,,,,,,3.6759,pending,,2026-06-22T13:14:02+00:00
trackb_cont_MTB_20260611,225.119995,,,,,233.229996,222.820007,,,,,,-0.4957,pending,,2026-06-22T13:14:02+00:00
trackb_cont_MTB_20260616,,,,,,230.199997,224.050003,,,,,,-1.5641,pending,,2026-06-22T13:14:02+00:00
trackb_cont_MTB_20260617,,,,,,230.199997,224.050003,,,,,,-1.5641,pending,,2026-06-22T13:14:02+00:00
trackb_cont_MTB_20260618,,,,,,228.25,224.759995,,,,,,-0.4826,pending,,2026-06-22T13:14:02+00:00
trackb_cont_MTB_20260619,,,,,,,,,,,,,,pending,,2026-06-22T13:14:02+00:00
trackb_cont_MTB_20260622,,,,,,,,,,,,,,pending,,2026-06-22T13:14:02+00:00
trackb_cont_MTCH_20260618,,,,,,36.037998,35.080002,,,,,,-0.6514,pending,,2026-06-22T13:17:39+00:00
trackb_cont_MTCH_20260619,,,,,,,,,,,,,,pending,,2026-06-22T13:17:39+00:00
trackb_cont_MTH_20260603,70.559998,72.449997,,,,76.900002,66.769997,,,,,,-0.758,pending,,2026-06-22T13:15:07+00:00
trackb_cont_MTH_20260604,73.589996,75.730003,,,,76.900002,67.540001,,,,,,0.3864,pending,,2026-06-22T13:15:07+00:00
trackb_cont_MTH_20260605,74.440002,,,,,76.900002,67.540001,,,,,,0.3864,pending,,2026-06-22T13:15:07+00:00
trackb_cont_MTH_20260608,72.900002,,,,,76.900002,67.959999,,,,,,-0.5415,pending,,2026-06-22T13:15:07+00:00
trackb_cont_MTH_20260609,74.290001,,,,,76.900002,69.150002,,,,,,1.3335,pending,,2026-06-22T13:15:07+00:00
trackb_cont_MTH_20260610,72.449997,,,,,76.900002,70.07,,,,,,2.6817,pending,,2026-06-22T13:15:07+00:00
trackb_cont_MTH_20260616,,,,,,76.900002,72.279999,,,,,,-2.8495,pending,,2026-06-22T13:15:07+00:00
trackb_cont_MTH_20260617,,,,,,76.900002,72.279999,,,,,,-2.8495,pending,,2026-06-22T13:15:07+00:00
trackb_cont_MTH_20260618,,,,,,76.529999,73.07,,,,,,-1.7876,pending,,2026-06-22T13:15:07+00:00
trackb_cont_MTH_20260619,,,,,,,,,,,,,,pending,,2026-06-22T13:15:07+00:00
trackb_cont_MTN_20260603,135.889999,129.929993,,,,148.100006,125.709999,,,,,,-6.8746,pending,,2026-06-22T13:14:25+00:00
trackb_cont_MTN_20260604,136.339996,144.779999,,,,148.100006,125.709999,,,,,,-6.8746,pending,,2026-06-22T13:14:25+00:00
trackb_cont_MTN_20260605,133.309998,,,,,148.100006,125.709999,,,,,,-6.8746,pending,,2026-06-22T13:14:25+00:00
trackb_cont_MTN_20260608,134.399994,,,,,148.100006,125.709999,,,,,,-6.8746,pending,,2026-06-22T13:14:25+00:00
trackb_cont_MTN_20260610,129.929993,,,,,148.100006,129.770004,,,,,,-5.4223,pending,,2026-06-22T13:14:25+00:00
trackb_cont_MTRN_20260603,224.050003,263.910004,,,,276.420013,218.100006,,,,,,-4.1614,pending,,2026-06-22T13:14:17+00:00
trackb_cont_MTRN_20260604,246.0,274.980011,,,,276.420013,218.100006,,,,,,-4.1614,pending,,2026-06-22T13:14:18+00:00
trackb_cont_MTRN_20260605,247.259995,,,,,276.420013,218.259995,,,,,,-4.0911,pending,,2026-06-22T13:14:18+00:00
trackb_cont_MTRN_20260608,252.139999,,,,,276.420013,219.960007,,,,,,-3.344,pending,,2026-06-22T13:14:18+00:00
trackb_cont_MTRN_20260611,274.980011,,,,,276.420013,227.949997,,,,,,1.7407,pending,,2026-06-22T13:14:18+00:00
trackb_cont_MTRN_20260612,,,,,,276.420013,244.529999,,,,,,-0.5976,pending,,2026-06-22T13:14:18+00:00
trackb_cont_MTRN_20260615,,,,,,276.420013,244.669998,,,,,,-3.3422,pending,,2026-06-22T13:14:18+00:00
trackb_cont_MTRN_20260616,,,,,,276.420013,253.5,,,,,,0.5952,pending,,2026-06-22T13:14:18+00:00
trackb_cont_MTRN_20260617,,,,,,276.420013,255.789993,,,,,,1.504,pending,,2026-06-22T13:14:18+00:00
trackb_cont_MTRN_20260618,,,,,,276.420013,265.700012,,,,,,-1.5105,pending,,2026-06-22T13:14:18+00:00
trackb_cont_MTRN_20260619,,,,,,,,,,,,,,pending,,2026-06-22T13:14:18+00:00
trackb_cont_MTRN_20260622,,,,,,,,,,,,,,pending,,2026-06-22T13:14:18+00:00
trackb_cont_MTSI_20260603,354.399994,367.109985,,,,399.0,333.149994,,,,,,-14.9455,pending,,2026-06-22T13:15:31+00:00
trackb_cont_MTSI_20260604,374.76001,391.410004,,,,399.0,333.149994,,,,,,-14.9455,pending,,2026-06-22T13:15:31+00:00
trackb_cont_MTSI_20260605,379.869995,,,,,399.0,333.149994,,,,,,-14.9455,pending,,2026-06-22T13:15:31+00:00
trackb_cont_MTUS_20260603,19.77,19.559999,,,,21.209999,19.01,,,,,,-5.116,pending,,2026-06-22T13:14:00+00:00
trackb_cont_MTUS_20260604,20.700001,19.309999,,,,21.209999,19.01,,,,,,-5.116,pending,,2026-06-22T13:14:00+00:00
trackb_cont_MTUS_20260605,20.48,,,,,21.209999,19.01,,,,,,-5.116,pending,,2026-06-22T13:14:00+00:00
trackb_cont_MTUS_20260608,20.1,,,,,21.209999,19.01,,,,,,-3.3062,pending,,2026-06-22T13:14:00+00:00
trackb_cont_MTUS_20260609,20.0,,,,,21.209999,19.01,,,,,,-3.257,pending,,2026-06-22T13:14:00+00:00
trackb_cont_MTUS_20260610,19.559999,,,,,21.209999,19.01,,,,,,-3.257,pending,,2026-06-22T13:14:00+00:00
trackb_cont_MTUS_20260616,,,,,,20.48,19.01,,,,,,-5.9842,pending,,2026-06-22T13:14:00+00:00
trackb_cont_MTUS_20260617,,,,,,20.24,19.01,,,,,,-5.9842,pending,,2026-06-22T13:14:00+00:00
trackb_cont_MTUS_20260618,,,,,,19.73,19.01,,,,,,-5.9842,pending,,2026-06-22T13:14:00+00:00
trackb_cont_MTUS_20260619,,,,,,,,,,,,,,pending,,2026-06-22T13:14:00+00:00
trackb_cont_MTW_20260622,,,,,,,,,,,,,,pending,,2026-06-22T13:17:33+00:00
trackb_cont_MUSA_20260612,,,,,,624.25,541.51001,,,,,,-12.9503,pending,,2026-06-22T13:16:45+00:00
trackb_cont_MUSA_20260616,,,,,,594.580017,541.51001,,,,,,-8.0082,pending,,2026-06-22T13:16:45+00:00
trackb_cont_MUSA_20260617,,,,,,575.200012,541.51001,,,,,,-8.0082,pending,,2026-06-22T13:16:45+00:00
trackb_cont_MUSA_20260618,,,,,,570.369995,541.51001,,,,,,-8.0082,pending,,2026-06-22T13:16:45+00:00
trackb_cont_MUSA_20260619,,,,,,,,,,,,,,pending,,2026-06-22T13:16:45+00:00
trackb_cont_MU_20260603,891.880005,1043.189941,,,,1149.430054,854.349976,,,,,,-19.26,pending,,2026-06-22T13:13:53+00:00
trackb_cont_MU_20260604,995.869995,1133.98999,,,,1149.430054,854.349976,,,,,,-19.26,pending,,2026-06-22T13:13:53+00:00
trackb_cont_MU_20260605,981.609985,,,,,1149.430054,854.349976,,,,,,-19.26,pending,,2026-06-22T13:13:53+00:00
trackb_cont_MU_20260608,1087.98999,,,,,1149.430054,854.349976,,,,,,-1.118,pending,,2026-06-22T13:13:53+00:00
trackb_cont_MU_20260615,,,,,,1149.430054,1014.140015,,,,,,-4.0712,pending,,2026-06-22T13:13:53+00:00
trackb_cont_MU_20260616,,,,,,1149.430054,1014.140015,,,,,,-5.689,pending,,2026-06-22T13:13:53+00:00
trackb_cont_MU_20260617,,,,,,1149.430054,1014.140015,,,,,,-5.689,pending,,2026-06-22T13:13:53+00:00
trackb_cont_MU_20260618,,,,,,1149.430054,1092.790039,,,,,,4.7547,pending,,2026-06-22T13:13:53+00:00
trackb_cont_MU_20260619,,,,,,,,,,,,,,pending,,2026-06-22T13:13:53+00:00
trackb_cont_MU_20260622,,,,,,,,,,,,,,pending,,2026-06-22T13:13:53+00:00
trackb_cont_MYE_20260603,24.99,26.93,,,,27.969999,22.940001,,,,,,-2.5902,pending,,2026-06-22T13:15:10+00:00
trackb_cont_MYE_20260604,26.450001,27.41,,,,27.969999,23.27,,,,,,-1.189,pending,,2026-06-22T13:15:10+00:00
trackb_cont_MYE_20260605,27.1,,,,,27.969999,23.280001,,,,,,-1.1465,pending,,2026-06-22T13:15:10+00:00
trackb_cont_MYE_20260608,26.84,,,,,27.969999,23.91,,,,,,1.5287,pending,,2026-06-22T13:15:10+00:00
trackb_cont_MYE_20260609,26.799999,,,,,27.969999,24.9,,,,,,1.1784,pending,,2026-06-22T13:15:10+00:00
trackb_cont_MYE_20260611,27.41,,,,,27.969999,25.190001,,,,,,0.8003,pending,,2026-06-22T13:15:10+00:00
trackb_cont_MYE_20260612,,,,,,27.969999,26.440001,,,,,,-0.0378,pending,,2026-06-22T13:15:10+00:00
trackb_cont_MYE_20260615,,,,,,27.969999,26.440001,,,,,,-4.8579,pending,,2026-06-22T13:15:10+00:00
trackb_cont_MYE_20260616,,,,,,27.969999,26.629999,,,,,,-0.5601,pending,,2026-06-22T13:15:10+00:00
trackb_cont_MYE_20260617,,,,,,27.969999,26.629999,,,,,,-0.5601,pending,,2026-06-22T13:15:10+00:00
trackb_cont_MYE_20260618,,,,,,27.969999,27.040001,,,,,,0.9709,pending,,2026-06-22T13:15:10+00:00
trackb_cont_MYE_20260619,,,,,,,,,,,,,,pending,,2026-06-22T13:15:10+00:00
trackb_cont_MYPS_20260603,0.558,0.55,,,,0.673,0.5,,,,,,-7.3388,pending,,2026-06-22T13:14:37+00:00
trackb_cont_MYPS_20260604,0.59,0.537,,,,0.673,0.5,,,,,,-7.3388,pending,,2026-06-22T13:14:37+00:00
trackb_cont_MYPS_20260605,0.592,,,,,0.673,0.5,,,,,,-7.3388,pending,,2026-06-22T13:14:37+00:00
trackb_cont_MYPS_20260610,0.55,,,,,0.673,0.5,,,,,,-15.5405,pending,,2026-06-22T13:14:37+00:00
trackb_cont_NBIX_20260603,160.860001,159.0,,,,169.570007,155.119995,,,,,,-5.137,pending,,2026-06-22T13:15:24+00:00
trackb_cont_NBIX_20260604,162.710007,158.289993,,,,169.570007,155.300003,,,,,,-5.0269,pending,,2026-06-22T13:15:24+00:00
trackb_cont_NBIX_20260605,159.759995,,,,,169.389999,155.300003,,,,,,-5.0269,pending,,2026-06-22T13:15:24+00:00
trackb_cont_NBIX_20260608,159.509995,,,,,169.389999,155.300003,,,,,,-5.0269,pending,,2026-06-22T13:15:24+00:00
trackb_cont_NBIX_20260609,156.419998,,,,,169.389999,155.300003,,,,,,-4.794,pending,,2026-06-22T13:15:24+00:00
trackb_cont_NBIX_20260610,159.0,,,,,169.389999,155.300003,,,,,,-4.794,pending,,2026-06-22T13:15:24+00:00
trackb_cont_NB_20260603,4.84,5.19,,,,6.17,4.765,,,,,,-18.8936,pending,,2026-06-22T13:14:34+00:00
trackb_cont_NB_20260604,5.42,5.31,,,,5.96,4.765,,,,,,-18.8936,pending,,2026-06-22T13:14:34+00:00
trackb_cont_NB_20260605,5.4,,,,,5.765,4.765,,,,,,-18.8936,pending,,2026-06-22T13:14:34+00:00
trackb_cont_NCLH_20260608,20.139999,,,,,20.84,17.700001,,,,,,-5.6,pending,,2026-06-22T13:15:44+00:00
trackb_cont_NCLH_20260609,20.33,,,,,20.84,17.700001,,,,,,-4.5822,pending,,2026-06-22T13:15:44+00:00
trackb_cont_NCLH_20260610,19.83,,,,,20.84,17.700001,,,,,,-4.5822,pending,,2026-06-22T13:15:44+00:00
trackb_cont_NCLH_20260611,20.440001,,,,,20.84,17.700001,,,,,,-1.2277,pending,,2026-06-22T13:15:44+00:00
trackb_cont_NCLH_20260615,,,,,,20.84,19.809999,,,,,,-3.413,pending,,2026-06-22T13:15:44+00:00
trackb_cont_NCLH_20260616,,,,,,20.84,19.809999,,,,,,-1.3599,pending,,2026-06-22T13:15:44+00:00
trackb_cont_NCLH_20260617,,,,,,20.84,19.809999,,,,,,-1.3599,pending,,2026-06-22T13:15:44+00:00
trackb_cont_NCLH_20260618,,,,,,20.84,20.200001,,,,,,0.5821,pending,,2026-06-22T13:15:44+00:00
trackb_cont_NCLH_20260619,,,,,,,,,,,,,,pending,,2026-06-22T13:15:44+00:00
trackb_cont_NCMI_20260603,3.57,3.63,,,,3.78,3.39,,,,,,-4.6413,pending,,2026-06-22T13:14:42+00:00
trackb_cont_NCMI_20260604,3.58,3.4,,,,3.78,3.39,,,,,,-4.6413,pending,,2026-06-22T13:14:42+00:00
trackb_cont_NCMI_20260605,3.63,,,,,3.78,3.39,,,,,,-4.6413,pending,,2026-06-22T13:14:42+00:00
trackb_cont_NCMI_20260608,3.57,,,,,3.78,3.39,,,,,,-4.6413,pending,,2026-06-22T13:14:42+00:00
trackb_cont_NCMI_20260612,,,,,,3.78,3.39,,,,,,-5.3073,pending,,2026-06-22T13:14:42+00:00
trackb_cont_NCMI_20260616,,,,,,3.78,3.39,,,,,,-6.4828,pending,,2026-06-22T13:14:42+00:00
trackb_cont_NCMI_20260617,,,,,,3.78,3.39,,,,,,-6.4828,pending,,2026-06-22T13:14:42+00:00
trackb_cont_NCMI_20260618,,,,,,3.66,3.39,,,,,,-6.4828,pending,,2026-06-22T13:14:42+00:00
trackb_cont_NCMI_20260619,,,,,,,,,,,,,,pending,,2026-06-22T13:14:42+00:00
trackb_cont_NCMI_20260622,,,,,,,,,,,,,,pending,,2026-06-22T13:14:42+00:00
trackb_cont_NESR_20260615,,,,,,27.690001,23.559999,,,,,,-13.3505,pending,,2026-06-22T13:16:59+00:00
trackb_cont_NESR_20260616,,,,,,26.450001,23.559999,,,,,,-10.3842,pending,,2026-06-22T13:16:59+00:00
trackb_cont_NESR_20260617,,,,,,25.365999,23.559999,,,,,,-10.3842,pending,,2026-06-22T13:16:59+00:00
trackb_cont_NESR_20260618,,,,,,24.790001,23.559999,,,,,,-10.3842,pending,,2026-06-22T13:16:59+00:00
trackb_cont_NESR_20260619,,,,,,,,,,,,,,pending,,2026-06-22T13:16:59+00:00
trackb_cont_NET_20260603,219.669998,226.869995,,,,276.815002,216.029999,,,,,,-17.2616,pending,,2026-06-22T13:13:52+00:00
trackb_cont_NET_20260604,227.440002,224.059998,,,,276.815002,216.029999,,,,,,-17.2616,pending,,2026-06-22T13:13:52+00:00
trackb_cont_NET_20260605,228.479996,,,,,268.820007,216.029999,,,,,,-17.2616,pending,,2026-06-22T13:13:52+00:00
trackb_cont_NET_20260608,235.710007,,,,,254.699997,216.029999,,,,,,-13.626,pending,,2026-06-22T13:13:52+00:00
trackb_cont_NEU_20260603,823.940002,763.570007,,,,850.340027,758.309998,,,,,,-3.5983,pending,,2026-06-22T13:14:49+00:00
trackb_cont_NEU_20260604,840.179993,780.179993,,,,850.340027,758.309998,,,,,,-3.5983,pending,,2026-06-22T13:14:49+00:00
trackb_cont_NEU_20260605,833.330017,,,,,850.340027,758.309998,,,,,,-3.5983,pending,,2026-06-22T13:14:49+00:00
trackb_cont_NEU_20260608,815.099976,,,,,850.340027,758.309998,,,,,,-3.5983,pending,,2026-06-22T13:14:49+00:00
trackb_cont_NEU_20260609,789.880005,,,,,850.340027,758.309998,,,,,,-5.5654,pending,,2026-06-22T13:14:49+00:00
trackb_cont_NEU_20260611,780.179993,,,,,850.340027,758.309998,,,,,,-7.9654,pending,,2026-06-22T13:14:49+00:00
trackb_cont_NEU_20260616,,,,,,813.5,758.309998,,,,,,-7.5423,pending,,2026-06-22T13:14:49+00:00
trackb_cont_NEU_20260617,,,,,,792.409973,758.309998,,,,,,-7.5423,pending,,2026-06-22T13:14:49+00:00
trackb_cont_NEU_20260618,,,,,,781.559998,758.309998,,,,,,-7.5423,pending,,2026-06-22T13:14:49+00:00
trackb_cont_NEU_20260619,,,,,,,,,,,,,,pending,,2026-06-22T13:14:49+00:00
trackb_cont_NGVC_20260603,31.450001,30.719999,,,,31.940001,28.280001,,,,,,-1.2052,pending,,2026-06-22T13:15:21+00:00
trackb_cont_NGVC_20260604,31.35,30.110001,,,,31.940001,28.280001,,,,,,-1.2052,pending,,2026-06-22T13:15:21+00:00
trackb_cont_NGVC_20260605,31.58,,,,,31.940001,28.780001,,,,,,0.5415,pending,,2026-06-22T13:15:21+00:00
trackb_cont_NGVC_20260608,30.65,,,,,31.940001,29.42,,,,,,2.7773,pending,,2026-06-22T13:15:21+00:00
trackb_cont_NGVC_20260610,30.719999,,,,,31.940001,29.950001,,,,,,-0.4983,pending,,2026-06-22T13:15:21+00:00
trackb_cont_NGVC_20260612,,,,,,31.92,29.950001,,,,,,-4.4657,pending,,2026-06-22T13:15:21+00:00
trackb_cont_NGVC_20260616,,,,,,31.190001,29.950001,,,,,,-3.3403,pending,,2026-06-22T13:15:21+00:00
trackb_cont_NGVC_20260617,,,,,,31.190001,29.950001,,,,,,-3.3403,pending,,2026-06-22T13:15:21+00:00
trackb_cont_NGVC_20260618,,,,,,30.98,29.950001,,,,,,-3.3403,pending,,2026-06-22T13:15:21+00:00
trackb_cont_NGVC_20260619,,,,,,,,,,,,,,pending,,2026-06-22T13:15:21+00:00
trackb_cont_NHC_20260616,,,,,,205.899994,186.649994,,,,,,-4.3311,pending,,2026-06-22T13:17:24+00:00
trackb_cont_NHC_20260617,,,,,,205.899994,186.649994,,,,,,-4.3311,pending,,2026-06-22T13:17:24+00:00
trackb_cont_NHC_20260618,,,,,,205.899994,190.860001,,,,,,-2.1732,pending,,2026-06-22T13:17:24+00:00
trackb_cont_NHC_20260619,,,,,,,,,,,,,,pending,,2026-06-22T13:17:24+00:00
trackb_cont_NIXX_20260603,0.8897,1.05,,,,1.25,0.69,,,,,,-3.6716,pending,,2026-06-22T13:15:30+00:00
trackb_cont_NIXX_20260604,0.9098,1.17,,,,1.25,0.69,,,,,,-3.6716,pending,,2026-06-22T13:15:30+00:00
trackb_cont_NIXX_20260605,0.87,,,,,1.25,0.69,,,,,,-3.6716,pending,,2026-06-22T13:15:30+00:00
trackb_cont_NIXX_20260608,0.8749,,,,,1.25,0.69,,,,,,-18.2948,pending,,2026-06-22T13:15:30+00:00
trackb_cont_NIXX_20260612,,,,,,1.25,0.781,,,,,,-14.157,pending,,2026-06-22T13:15:30+00:00
trackb_cont_NIXX_20260615,,,,,,1.25,0.781,,,,,,-24.9038,pending,,2026-06-22T13:15:30+00:00
trackb_cont_NIXX_20260616,,,,,,1.25,0.79,,,,,,-14.4466,pending,,2026-06-22T13:15:30+00:00
trackb_cont_NIXX_20260617,,,,,,1.25,0.8477,,,,,,-8.198,pending,,2026-06-22T13:15:30+00:00
trackb_cont_NIXX_20260618,,,,,,1.25,1.03,,,,,,11.5443,pending,,2026-06-22T13:15:30+00:00
trackb_cont_NIXX_20260619,,,,,,,,,,,,,,pending,,2026-06-22T13:15:30+00:00
trackb_cont_NIXX_20260622,,,,,,,,,,,,,,pending,,2026-06-22T13:15:30+00:00
trackb_cont_NMAX_20260603,8.97,7.5,,,,10.0,7.31,,,,,,-12.3501,pending,,2026-06-22T13:14:11+00:00
trackb_cont_NMAX_20260604,8.76,7.78,,,,10.0,7.31,,,,,,-12.3501,pending,,2026-06-22T13:14:11+00:00
trackb_cont_NMAX_20260605,8.19,,,,,9.674,7.31,,,,,,-12.3501,pending,,2026-06-22T13:14:11+00:00
trackb_cont_NMAX_20260608,7.82,,,,,9.45,7.31,,,,,,-19.7585,pending,,2026-06-22T13:14:11+00:00
trackb_cont_NMAX_20260609,7.5,,,,,9.45,7.31,,,,,,-17.7728,pending,,2026-06-22T13:14:11+00:00
trackb_cont_NMAX_20260610,7.5,,,,,9.45,7.31,,,,,,-17.7728,pending,,2026-06-22T13:14:11+00:00
trackb_cont_NMAX_20260611,7.78,,,,,9.154,7.31,,,,,,-18.5061,pending,,2026-06-22T13:14:11+00:00
trackb_cont_NMAX_20260612,,,,,,8.7,7.31,,,,,,-16.5525,pending,,2026-06-22T13:14:11+00:00
trackb_cont_NMRK_20260618,,,,,,15.12,14.78,,,,,,0.2714,pending,,2026-06-22T13:17:09+00:00
trackb_cont_NMRK_20260619,,,,,,,,,,,,,,pending,,2026-06-22T13:17:09+00:00
trackb_cont_NMRK_20260622,,,,,,,,,,,,,,pending,,2026-06-22T13:17:09+00:00
trackb_cont_NNBR_20260603,2.88,2.78,,,,3.18,2.74,,,,,,-10.311,pending,,2026-06-22T13:14:22+00:00
trackb_cont_NNBR_20260604,2.98,2.79,,,,3.14,2.74,,,,,,-10.311,pending,,2026-06-22T13:14:22+00:00
trackb_cont_NNBR_20260605,3.0,,,,,3.14,2.74,,,,,,-10.311,pending,,2026-06-22T13:14:22+00:00
trackb_cont_NNBR_20260608,3.0,,,,,3.14,2.74,,,,,,-10.311,pending,,2026-06-22T13:14:22+00:00
trackb_cont_NNBR_20260615,,,,,,3.14,2.74,,,,,,-11.8971,pending,,2026-06-22T13:14:22+00:00
trackb_cont_NNBR_20260616,,,,,,3.06,2.74,,,,,,-9.4215,pending,,2026-06-22T13:14:22+00:00
trackb_cont_NNBR_20260617,,,,,,2.96,2.74,,,,,,-9.4215,pending,,2026-06-22T13:14:22+00:00
trackb_cont_NNBR_20260618,,,,,,2.96,2.74,,,,,,-9.4215,pending,,2026-06-22T13:14:22+00:00
trackb_cont_NNBR_20260619,,,,,,,,,,,,,,pending,,2026-06-22T13:14:22+00:00
trackb_cont_NNN_20260609,46.16,,,,,46.900002,44.830002,,,,,,-0.3999,pending,,2026-06-22T13:16:09+00:00
trackb_cont_NNN_20260611,45.0,,,,,46.900002,44.830002,,,,,,-3.1749,pending,,2026-06-22T13:16:09+00:00
trackb_cont_NNN_20260615,,,,,,46.639999,44.830002,,,,,,-3.5707,pending,,2026-06-22T13:16:09+00:00
trackb_cont_NNN_20260616,,,,,,46.450001,44.830002,,,,,,-3.1122,pending,,2026-06-22T13:16:09+00:00
trackb_cont_NNN_20260617,,,,,,46.360001,44.830002,,,,,,-3.1122,pending,,2026-06-22T13:16:09+00:00
trackb_cont_NNN_20260618,,,,,,45.740002,44.830002,,,,,,-3.1122,pending,,2026-06-22T13:16:09+00:00
trackb_cont_NNN_20260619,,,,,,,,,,,,,,pending,,2026-06-22T13:16:09+00:00
trackb_cont_NOVT_20260603,154.580002,151.429993,,,,171.699997,149.479996,,,,,,-12.1068,pending,,2026-06-22T13:14:14+00:00
trackb_cont_NOVT_20260604,162.410004,155.300003,,,,171.419998,149.479996,,,,,,-12.1068,pending,,2026-06-22T13:14:14+00:00
trackb_cont_NOVT_20260605,160.529999,,,,,167.0,149.479996,,,,,,-12.1068,pending,,2026-06-22T13:14:14+00:00
trackb_cont_NOVT_20260608,156.630005,,,,,167.0,149.479996,,,,,,-12.1068,pending,,2026-06-22T13:14:14+00:00
trackb_cont_NOV_20260608,20.52,,,,,21.530001,18.370001,,,,,,-8.7885,pending,,2026-06-22T13:15:52+00:00
trackb_cont_NOV_20260615,,,,,,21.030001,18.370001,,,,,,-11.5977,pending,,2026-06-22T13:15:52+00:00
trackb_cont_NOV_20260616,,,,,,20.57,18.370001,,,,,,-10.8901,pending,,2026-06-22T13:15:52+00:00
trackb_cont_NOV_20260617,,,,,,20.08,18.370001,,,,,,-10.8901,pending,,2026-06-22T13:15:52+00:00
trackb_cont_NOV_20260618,,,,,,19.59,18.370001,,,,,,-10.8901,pending,,2026-06-22T13:15:52+00:00
trackb_cont_NOV_20260619,,,,,,,,,,,,,,pending,,2026-06-22T13:15:52+00:00
trackb_cont_NOW_20260603,106.059998,95.480003,,,,128.080002,92.449997,,,,,,-22.9326,pending,,2026-06-22T13:15:12+00:00
trackb_cont_NOW_20260604,103.080002,95.040001,,,,124.800003,92.449997,,,,,,-22.9326,pending,,2026-06-22T13:15:12+00:00
trackb_cont_NOW_20260605,102.150002,,,,,121.199997,92.449997,,,,,,-22.9326,pending,,2026-06-22T13:15:12+00:00
trackb_cont_NOW_20260608,104.150002,,,,,115.360001,92.449997,,,,,,-22.9326,pending,,2026-06-22T13:15:12+00:00
trackb_cont_NRGV_20260603,4.33,4.1,,,,6.645,3.96,,,,,,-34.7611,pending,,2026-06-22T13:15:07+00:00
trackb_cont_NRGV_20260604,4.44,4.1,,,,6.645,3.96,,,,,,-34.7611,pending,,2026-06-22T13:15:07+00:00
trackb_cont_NRGV_20260605,4.3,,,,,6.296,3.96,,,,,,-34.7611,pending,,2026-06-22T13:15:07+00:00
trackb_cont_NRGV_20260608,4.11,,,,,5.61,3.96,,,,,,-34.7611,pending,,2026-06-22T13:15:07+00:00
trackb_cont_NSA_20260616,,,,,,45.549999,43.5,,,,,,-3.1504,pending,,2026-06-22T13:17:20+00:00
trackb_cont_NSA_20260617,,,,,,44.799999,43.5,,,,,,-3.1504,pending,,2026-06-22T13:17:20+00:00
trackb_cont_NSIT_20260603,109.080002,106.959999,,,,120.68,102.68,,,,,,-8.7411,pending,,2026-06-22T13:14:10+00:00
trackb_cont_NSIT_20260604,110.580002,108.440002,,,,120.68,102.68,,,,,,-8.7411,pending,,2026-06-22T13:14:10+00:00
trackb_cont_NSIT_20260605,111.050003,,,,,120.010002,102.68,,,,,,-8.7411,pending,,2026-06-22T13:14:10+00:00
trackb_cont_NSIT_20260608,110.809998,,,,,114.349998,102.68,,,,,,-7.5538,pending,,2026-06-22T13:14:10+00:00
trackb_cont_NSIT_20260609,109.220001,,,,,114.349998,102.68,,,,,,-6.7732,pending,,2026-06-22T13:14:10+00:00
trackb_cont_NSP_20260603,37.0,37.240002,,,,39.18,33.23,,,,,,-2.5799,pending,,2026-06-22T13:14:49+00:00
trackb_cont_NSP_20260604,37.68,36.220001,,,,39.18,33.279999,,,,,,-2.4333,pending,,2026-06-22T13:14:49+00:00
trackb_cont_NSP_20260605,36.599998,,,,,39.18,33.5,,,,,,-1.7883,pending,,2026-06-22T13:14:49+00:00
trackb_cont_NSP_20260615,,,,,,39.18,33.5,,,,,,-6.6462,pending,,2026-06-22T13:14:49+00:00
trackb_cont_NSP_20260616,,,,,,39.18,33.5,,,,,,-7.4074,pending,,2026-06-22T13:14:49+00:00
trackb_cont_NSP_20260617,,,,,,39.18,34.98,,,,,,-3.3168,pending,,2026-06-22T13:14:49+00:00
trackb_cont_NSP_20260618,,,,,,37.419998,34.98,,,,,,-3.3168,pending,,2026-06-22T13:14:49+00:00
trackb_cont_NSP_20260619,,,,,,,,,,,,,,pending,,2026-06-22T13:14:49+00:00
trackb_cont_NSP_20260622,,,,,,,,,,,,,,pending,,2026-06-22T13:14:49+00:00
trackb_cont_NTAP_20260603,160.660004,154.809998,,,,182.860001,153.330002,,,,,,-14.4841,pending,,2026-06-22T13:15:09+00:00
trackb_cont_NTAP_20260604,160.470001,159.710007,,,,180.0,153.330002,,,,,,-14.4841,pending,,2026-06-22T13:15:09+00:00
trackb_cont_NTAP_20260605,161.610001,,,,,177.619995,153.330002,,,,,,-14.4841,pending,,2026-06-22T13:15:09+00:00
trackb_cont_NTAP_20260608,161.820007,,,,,172.050003,153.330002,,,,,,-8.2076,pending,,2026-06-22T13:15:09+00:00
trackb_cont_NTGR_20260603,23.92,22.77,,,,27.16,22.32,,,,,,-14.6136,pending,,2026-06-22T13:15:02+00:00
trackb_cont_NTGR_20260604,24.33,23.049999,,,,26.17,22.32,,,,,,-14.6136,pending,,2026-06-22T13:15:02+00:00
trackb_cont_NTGR_20260605,24.5,,,,,25.74,22.32,,,,,,-14.6136,pending,,2026-06-22T13:15:02+00:00
trackb_cont_NTGR_20260608,24.530001,,,,,25.299999,22.32,,,,,,-14.6136,pending,,2026-06-22T13:15:02+00:00
trackb_cont_NTRA_20260611,231.410004,,,,,237.153,208.794006,,,,,,-3.5594,pending,,2026-06-22T13:16:27+00:00
trackb_cont_NTRA_20260622,,,,,,,,,,,,,,pending,,2026-06-22T13:16:27+00:00
trackb_cont_NTRS_20260603,166.130005,174.949997,,,,176.990005,165.899994,,,,,,-0.5694,pending,,2026-06-22T13:13:59+00:00
trackb_cont_NTRS_20260604,170.75,172.110001,,,,176.990005,165.899994,,,,,,-0.5694,pending,,2026-06-22T13:13:59+00:00
trackb_cont_NTRS_20260605,174.339996,,,,,176.990005,165.899994,,,,,,-0.5694,pending,,2026-06-22T13:13:59+00:00
trackb_cont_NTRS_20260608,172.720001,,,,,176.990005,165.899994,,,,,,-2.6808,pending,,2026-06-22T13:13:59+00:00
trackb_cont_NTRS_20260609,174.839996,,,,,176.990005,165.899994,,,,,,-1.8982,pending,,2026-06-22T13:13:59+00:00
trackb_cont_NTRS_20260610,174.949997,,,,,176.990005,165.899994,,,,,,-1.8982,pending,,2026-06-22T13:13:59+00:00
trackb_cont_NTRS_20260616,,,,,,176.990005,171.009995,,,,,,-1.526,pending,,2026-06-22T13:13:59+00:00
trackb_cont_NTRS_20260617,,,,,,176.990005,171.009995,,,,,,-1.526,pending,,2026-06-22T13:13:59+00:00
trackb_cont_NTRS_20260618,,,,,,176.990005,171.009995,,,,,,-2.2521,pending,,2026-06-22T13:13:59+00:00
trackb_cont_NTRS_20260619,,,,,,,,,,,,,,pending,,2026-06-22T13:13:59+00:00
trackb_cont_NTRS_20260622,,,,,,,,,,,,,,pending,,2026-06-22T13:13:59+00:00
trackb_cont_NTST_20260616,,,,,,20.42,18.959999,,,,,,-5.5777,pending,,2026-06-22T13:17:23+00:00
trackb_cont_NTST_20260617,,,,,,20.42,19.115,,,,,,-4.8058,pending,,2026-06-22T13:17:23+00:00
trackb_cont_NTST_20260618,,,,,,19.514999,19.115,,,,,,-4.8058,pending,,2026-06-22T13:17:23+00:00
trackb_cont_NTST_20260619,,,,,,,,,,,,,,pending,,2026-06-22T13:17:23+00:00
trackb_cont_NUE_20260603,250.490005,252.600006,,,,270.899994,242.050003,,,,,,-6.8071,pending,,2026-06-22T13:14:02+00:00
trackb_cont_NUE_20260604,260.899994,243.830002,,,,270.899994,242.050003,,,,,,-6.8071,pending,,2026-06-22T13:14:02+00:00
trackb_cont_NUE_20260605,266.350006,,,,,270.899994,242.050003,,,,,,-6.8071,pending,,2026-06-22T13:14:02+00:00
trackb_cont_NUE_20260608,259.320007,,,,,270.899994,242.050003,,,,,,-4.8508,pending,,2026-06-22T13:14:02+00:00
trackb_cont_NUE_20260609,259.079987,,,,,270.899994,242.050003,,,,,,-4.4791,pending,,2026-06-22T13:14:02+00:00
trackb_cont_NUE_20260611,243.830002,,,,,270.899994,242.050003,,,,,,-3.3694,pending,,2026-06-22T13:14:02+00:00
trackb_cont_NUE_20260616,,,,,,264.399994,242.050003,,,,,,-7.2392,pending,,2026-06-22T13:14:02+00:00
trackb_cont_NUE_20260617,,,,,,258.839996,242.050003,,,,,,-7.2392,pending,,2026-06-22T13:14:02+00:00
trackb_cont_NUE_20260618,,,,,,254.110001,242.050003,,,,,,-7.2392,pending,,2026-06-22T13:14:02+00:00
trackb_cont_NUE_20260619,,,,,,,,,,,,,,pending,,2026-06-22T13:14:02+00:00
trackb_cont_NUTX_20260616,,,,,,152.5,143.389999,,,,,,-3.7845,pending,,2026-06-22T13:17:21+00:00
trackb_cont_NUTX_20260617,,,,,,152.5,143.389999,,,,,,-3.7845,pending,,2026-06-22T13:17:21+00:00
trackb_cont_NUTX_20260618,,,,,,152.5,147.375,,,,,,0.6797,pending,,2026-06-22T13:17:21+00:00
trackb_cont_NUTX_20260619,,,,,,,,,,,,,,pending,,2026-06-22T13:17:21+00:00
trackb_cont_NUTX_20260622,,,,,,,,,,,,,,pending,,2026-06-22T13:17:21+00:00
trackb_cont_NVRI_20260603,20.49,21.17,,,,22.139999,17.620001,,,,,,-3.8734,pending,,2026-06-22T13:13:47+00:00
trackb_cont_NVRI_20260604,21.129999,22.01,,,,22.139999,18.02,,,,,,-1.6912,pending,,2026-06-22T13:13:47+00:00
trackb_cont_NVRI_20260605,21.35,,,,,22.139999,18.75,,,,,,2.2913,pending,,2026-06-22T13:13:47+00:00
trackb_cont_NVRI_20260608,20.709999,,,,,22.139999,19.370001,,,,,,0.3627,pending,,2026-06-22T13:13:47+00:00
trackb_cont_NVRI_20260610,21.17,,,,,22.139999,20.190001,,,,,,1.5594,pending,,2026-06-22T13:13:47+00:00
trackb_cont_NVRI_20260612,,,,,,22.139999,20.51,,,,,,-2.9342,pending,,2026-06-22T13:13:47+00:00
trackb_cont_NVRI_20260616,,,,,,22.139999,20.57,,,,,,-1.5083,pending,,2026-06-22T13:13:47+00:00
trackb_cont_NVRI_20260617,,,,,,22.139999,20.73,,,,,,-0.7422,pending,,2026-06-22T13:13:47+00:00
trackb_cont_NVRI_20260618,,,,,,22.139999,20.73,,,,,,-2.0784,pending,,2026-06-22T13:13:47+00:00
trackb_cont_NVRI_20260619,,,,,,,,,,,,,,pending,,2026-06-22T13:13:47+00:00
trackb_cont_NVRI_20260622,,,,,,,,,,,,,,pending,,2026-06-22T13:13:47+00:00
trackb_cont_NVTS_20260608,23.73,,,,,26.429001,20.27,,,,,,-19.1786,pending,,2026-06-22T13:15:57+00:00
trackb_cont_NWL_20260611,4.92,,,,,5.26,4.26,,,,,,-4.9107,pending,,2026-06-22T13:16:26+00:00
trackb_cont_NWL_20260612,,,,,,5.26,4.6,,,,,,-0.4329,pending,,2026-06-22T13:16:26+00:00
trackb_cont_NWL_20260615,,,,,,5.26,4.69,,,,,,-6.6667,pending,,2026-06-22T13:16:26+00:00
trackb_cont_NWL_20260616,,,,,,5.26,4.69,,,,,,-3.3986,pending,,2026-06-22T13:16:26+00:00
trackb_cont_NWL_20260617,,,,,,5.26,4.76,,,,,,-1.9567,pending,,2026-06-22T13:16:26+00:00
trackb_cont_NWL_20260618,,,,,,5.17,4.91,,,,,,1.1328,pending,,2026-06-22T13:16:26+00:00
trackb_cont_NWL_20260619,,,,,,,,,,,,,,pending,,2026-06-22T13:16:26+00:00
trackb_cont_NWPX_20260603,122.309998,138.889999,,,,144.350006,117.209999,,,,,,-2.2896,pending,,2026-06-22T13:15:00+00:00
trackb_cont_NWPX_20260604,129.220001,139.190002,,,,144.350006,117.209999,,,,,,-2.2896,pending,,2026-06-22T13:15:00+00:00
trackb_cont_NWPX_20260605,128.850006,,,,,144.350006,117.209999,,,,,,-2.2896,pending,,2026-06-22T13:15:00+00:00
trackb_cont_NWPX_20260608,131.100006,,,,,144.350006,118.510002,,,,,,-1.2059,pending,,2026-06-22T13:15:00+00:00
trackb_cont_NWPX_20260615,,,,,,144.350006,128.820007,,,,,,-3.722,pending,,2026-06-22T13:15:00+00:00
trackb_cont_NWPX_20260616,,,,,,144.350006,131.0,,,,,,-0.6447,pending,,2026-06-22T13:15:00+00:00
trackb_cont_NWPX_20260617,,,,,,144.350006,132.740005,,,,,,0.675,pending,,2026-06-22T13:15:00+00:00
trackb_cont_NWPX_20260618,,,,,,144.350006,135.5,,,,,,2.7683,pending,,2026-06-22T13:15:00+00:00
trackb_cont_NWPX_20260619,,,,,,,,,,,,,,pending,,2026-06-22T13:15:00+00:00
trackb_cont_NWSA_20260609,25.93,,,,,27.620001,24.92,,,,,,-7.9084,pending,,2026-06-22T13:16:09+00:00
trackb_cont_NWS_20260612,,,,,,30.309999,28.440001,,,,,,-5.609,pending,,2026-06-22T13:16:50+00:00
trackb_cont_NXT_20260603,111.949997,123.309998,,,,154.529999,109.790001,,,,,,-25.0324,pending,,2026-06-22T13:15:18+00:00
trackb_cont_NXT_20260604,119.68,125.900002,,,,152.425003,109.790001,,,,,,-25.0324,pending,,2026-06-22T13:15:18+00:00
trackb_cont_NXT_20260605,121.879997,,,,,146.339996,109.790001,,,,,,-25.0324,pending,,2026-06-22T13:15:18+00:00
trackb_cont_NXT_20260608,125.830002,,,,,135.796997,109.790001,,,,,,-25.0324,pending,,2026-06-22T13:15:18+00:00
trackb_cont_OC_20260616,,,,,,132.059998,123.440002,,,,,,-1.2164,pending,,2026-06-22T13:17:25+00:00
trackb_cont_OC_20260617,,,,,,132.059998,123.5,,,,,,-1.1684,pending,,2026-06-22T13:17:25+00:00
trackb_cont_OC_20260618,,,,,,132.059998,124.809998,,,,,,-0.8027,pending,,2026-06-22T13:17:25+00:00
trackb_cont_OC_20260619,,,,,,,,,,,,,,pending,,2026-06-22T13:17:25+00:00
trackb_cont_OC_20260622,,,,,,,,,,,,,,pending,,2026-06-22T13:17:25+00:00
trackb_cont_ODFL_20260603,235.949997,218.360001,,,,252.029999,217.699997,,,,,,-6.7426,pending,,2026-06-22T13:13:56+00:00
trackb_cont_ODFL_20260604,247.759995,221.039993,,,,252.029999,217.699997,,,,,,-6.7426,pending,,2026-06-22T13:13:56+00:00
trackb_cont_ODFL_20260605,245.75,,,,,252.029999,217.699997,,,,,,-6.7426,pending,,2026-06-22T13:13:56+00:00
trackb_cont_ODFL_20260608,237.419998,,,,,252.029999,217.699997,,,,,,-10.2527,pending,,2026-06-22T13:13:56+00:00
trackb_cont_ODFL_20260610,218.360001,,,,,248.940002,217.699997,,,,,,-11.8659,pending,,2026-06-22T13:13:56+00:00
trackb_cont_ODFL_20260612,,,,,,248.940002,217.699997,,,,,,-12.1327,pending,,2026-06-22T13:13:56+00:00
trackb_cont_ODFL_20260615,,,,,,244.389999,217.699997,,,,,,-10.0488,pending,,2026-06-22T13:13:56+00:00
trackb_cont_ODFL_20260616,,,,,,238.589996,217.699997,,,,,,-8.5294,pending,,2026-06-22T13:13:56+00:00
trackb_cont_ODFL_20260617,,,,,,233.160004,217.699997,,,,,,-8.5294,pending,,2026-06-22T13:13:56+00:00
trackb_cont_ODFL_20260618,,,,,,224.169998,219.279999,,,,,,-7.8655,pending,,2026-06-22T13:13:56+00:00
trackb_cont_ODFL_20260619,,,,,,,,,,,,,,pending,,2026-06-22T13:13:56+00:00
trackb_cont_OII_20260603,39.299999,35.5,,,,40.209999,35.07,,,,,,-9.2626,pending,,2026-06-22T13:15:34+00:00
trackb_cont_OII_20260604,39.799999,36.060001,,,,40.209999,35.07,,,,,,-9.2626,pending,,2026-06-22T13:15:34+00:00
trackb_cont_OII_20260605,39.389999,,,,,40.209999,35.07,,,,,,-9.2626,pending,,2026-06-22T13:15:34+00:00
trackb_cont_OII_20260608,37.889999,,,,,40.209999,35.07,,,,,,-9.2626,pending,,2026-06-22T13:15:34+00:00
trackb_cont_OII_20260611,36.060001,,,,,40.169998,35.07,,,,,,-10.7634,pending,,2026-06-22T13:15:34+00:00
trackb_cont_OII_20260616,,,,,,38.240002,35.07,,,,,,-8.7432,pending,,2026-06-22T13:15:34+00:00
trackb_cont_OII_20260617,,,,,,37.5,35.07,,,,,,-8.7432,pending,,2026-06-22T13:15:34+00:00
trackb_cont_OII_20260618,,,,,,36.419998,35.18,,,,,,-8.4569,pending,,2026-06-22T13:15:34+00:00
trackb_cont_OII_20260619,,,,,,,,,,,,,,pending,,2026-06-22T13:15:34+00:00
trackb_cont_OKLO_20260603,54.02,58.82,,,,70.849998,53.009998,,,,,,-18.8704,pending,,2026-06-22T13:15:24+00:00
trackb_cont_OKLO_20260604,57.860001,61.169998,,,,66.57,53.009998,,,,,,-18.8704,pending,,2026-06-22T13:15:24+00:00
trackb_cont_OKLO_20260605,57.490002,,,,,64.809998,53.009998,,,,,,-18.8704,pending,,2026-06-22T13:15:24+00:00
trackb_cont_OKLO_20260608,60.740002,,,,,63.0,53.009998,,,,,,-18.8704,pending,,2026-06-22T13:15:24+00:00
trackb_cont_OKTA_20260603,114.919998,113.029999,,,,132.735001,107.0,,,,,,-14.3109,pending,,2026-06-22T13:14:27+00:00
trackb_cont_OKTA_20260604,117.5,117.809998,,,,125.294998,107.0,,,,,,-14.3109,pending,,2026-06-22T13:14:27+00:00
trackb_cont_OKTA_20260605,116.290001,,,,,123.990997,107.0,,,,,,-14.3109,pending,,2026-06-22T13:14:27+00:00
trackb_cont_OKTA_20260608,118.120003,,,,,123.25,107.0,,,,,,-9.872,pending,,2026-06-22T13:14:27+00:00
trackb_cont_OLOX_20260603,7.31,5.79,,,,10.666,5.31,,,,,,-44.0464,pending,,2026-06-22T13:15:06+00:00
trackb_cont_OLOX_20260604,6.7,6.06,,,,8.25,5.31,,,,,,-44.0464,pending,,2026-06-22T13:15:06+00:00
trackb_cont_OLOX_20260605,6.46,,,,,8.016,5.31,,,,,,-44.0464,pending,,2026-06-22T13:15:06+00:00
trackb_cont_OLOX_20260608,6.32,,,,,8.016,5.31,,,,,,-44.0464,pending,,2026-06-22T13:15:06+00:00
trackb_cont_OMC_20260616,,,,,,78.099998,70.839996,,,,,,-7.3745,pending,,2026-06-22T13:17:20+00:00
trackb_cont_OMC_20260617,,,,,,78.099998,70.839996,,,,,,-7.3745,pending,,2026-06-22T13:17:20+00:00
trackb_cont_OMC_20260618,,,,,,75.599998,70.839996,,,,,,-7.3745,pending,,2026-06-22T13:17:20+00:00
trackb_cont_OMC_20260619,,,,,,,,,,,,,,pending,,2026-06-22T13:17:20+00:00
trackb_cont_OMDA_20260603,17.1,17.25,,,,18.68,16.709999,,,,,,-3.7991,pending,,2026-06-22T13:15:09+00:00
trackb_cont_OMDA_20260604,17.73,17.639999,,,,18.68,16.709999,,,,,,-3.7991,pending,,2026-06-22T13:15:09+00:00
trackb_cont_OMDA_20260605,17.139999,,,,,18.653999,16.709999,,,,,,-3.7991,pending,,2026-06-22T13:15:09+00:00
trackb_cont_OMDA_20260608,17.33,,,,,18.559999,16.709999,,,,,,-3.7991,pending,,2026-06-22T13:15:09+00:00
trackb_cont_OMDA_20260610,17.25,,,,,18.040001,16.709999,,,,,,-6.5436,pending,,2026-06-22T13:15:09+00:00
trackb_cont_OMF_20260616,,,,,,59.57,57.279999,,,,,,-1.0024,pending,,2026-06-22T13:16:54+00:00
trackb_cont_OMF_20260617,,,,,,59.57,57.279999,,,,,,-1.0024,pending,,2026-06-22T13:16:54+00:00
trackb_cont_OMF_20260618,,,,,,58.779999,58.09,,,,,,0.3975,pending,,2026-06-22T13:16:54+00:00
trackb_cont_OMF_20260619,,,,,,,,,,,,,,pending,,2026-06-22T13:16:54+00:00
trackb_cont_OMF_20260622,,,,,,,,,,,,,,pending,,2026-06-22T13:16:54+00:00
trackb_cont_ONDS_20260603,9.31,9.12,,,,13.0,8.92,,,,,,-24.1497,pending,,2026-06-22T13:14:27+00:00
trackb_cont_ONDS_20260604,9.83,9.27,,,,12.42,8.92,,,,,,-24.1497,pending,,2026-06-22T13:14:27+00:00
trackb_cont_ONDS_20260605,9.33,,,,,11.66,8.92,,,,,,-24.1497,pending,,2026-06-22T13:14:27+00:00
trackb_cont_ONDS_20260608,9.51,,,,,10.84,8.92,,,,,,-24.1497,pending,,2026-06-22T13:14:27+00:00
trackb_cont_ONL_20260603,2.8,2.77,,,,2.985,2.75,,,,,,-5.6604,pending,,2026-06-22T13:15:27+00:00
trackb_cont_ONL_20260604,2.79,2.87,,,,2.985,2.75,,,,,,-5.6604,pending,,2026-06-22T13:15:27+00:00
trackb_cont_ONL_20260605,2.79,,,,,2.965,2.75,,,,,,-5.6604,pending,,2026-06-22T13:15:27+00:00
trackb_cont_ONL_20260608,2.79,,,,,2.905,2.75,,,,,,-5.6604,pending,,2026-06-22T13:15:27+00:00
trackb_cont_ONTO_20260616,,,,,,344.359985,316.019989,,,,,,-7.3581,pending,,2026-06-22T13:17:13+00:00
trackb_cont_ONTO_20260617,,,,,,344.359985,318.859985,,,,,,-6.5256,pending,,2026-06-22T13:17:13+00:00
trackb_cont_ONTO_20260618,,,,,,344.359985,332.160004,,,,,,4.1515,pending,,2026-06-22T13:17:13+00:00
trackb_cont_ONTO_20260619,,,,,,,,,,,,,,pending,,2026-06-22T13:17:13+00:00
trackb_cont_ON_20260603,110.169998,112.919998,,,,134.919998,108.300003,,,,,,-17.8487,pending,,2026-06-22T13:14:06+00:00
trackb_cont_ON_20260604,115.959999,121.620003,,,,134.490005,108.300003,,,,,,-17.8487,pending,,2026-06-22T13:14:06+00:00
trackb_cont_ON_20260605,116.790001,,,,,127.839996,108.300003,,,,,,-17.8487,pending,,2026-06-22T13:14:06+00:00
trackb_cont_ON_20260608,125.900002,,,,,127.839996,108.300003,,,,,,-17.8487,pending,,2026-06-22T13:14:06+00:00
trackb_cont_OPAD_20260603,4.83,4.8,,,,7.05,0.736,,,,,,-5.6531,pending,,2026-06-22T13:14:30+00:00
trackb_cont_OPAD_20260604,5.07,5.07,,,,7.05,0.736,,,,,,-5.6531,pending,,2026-06-22T13:14:30+00:00
trackb_cont_OPAD_20260605,4.95,,,,,7.05,4.17,,,,,,434.5469,pending,,2026-06-22T13:14:30+00:00
trackb_cont_OPAL_20260603,1.94,1.82,,,,2.31,1.76,,,,,,-21.9512,pending,,2026-06-22T13:15:04+00:00
trackb_cont_OPAL_20260604,1.91,1.86,,,,2.31,1.76,,,,,,-21.9512,pending,,2026-06-22T13:15:04+00:00
trackb_cont_OPAL_20260605,1.93,,,,,2.28,1.76,,,,,,-21.9512,pending,,2026-06-22T13:15:04+00:00
trackb_cont_OPAL_20260608,1.91,,,,,2.19,1.76,,,,,,-21.9512,pending,,2026-06-22T13:15:04+00:00
trackb_cont_OPEN_20260603,4.48,4.45,,,,5.29,4.08,,,,,,-16.7347,pending,,2026-06-22T13:14:48+00:00
trackb_cont_OPEN_20260604,4.47,4.47,,,,5.15,4.08,,,,,,-16.7347,pending,,2026-06-22T13:14:48+00:00
trackb_cont_OPEN_20260605,4.44,,,,,5.03,4.08,,,,,,-16.7347,pending,,2026-06-22T13:14:48+00:00
trackb_cont_OPLN_20260603,36.689999,37.220001,,,,39.259998,36.169998,,,,,,-3.0815,pending,,2026-06-22T13:14:17+00:00
trackb_cont_OPLN_20260604,38.700001,38.07,,,,39.259998,36.169998,,,,,,-3.0815,pending,,2026-06-22T13:14:17+00:00
trackb_cont_OPLN_20260605,37.830002,,,,,39.259998,36.290001,,,,,,-2.7599,pending,,2026-06-22T13:14:17+00:00
trackb_cont_OPLN_20260608,38.59,,,,,39.259998,36.43,,,,,,-2.3848,pending,,2026-06-22T13:14:17+00:00
trackb_cont_OPLN_20260616,,,,,,39.259998,37.02,,,,,,-2.9747,pending,,2026-06-22T13:14:17+00:00
trackb_cont_OPLN_20260617,,,,,,39.040001,37.02,,,,,,-2.9747,pending,,2026-06-22T13:14:17+00:00
trackb_cont_OPLN_20260618,,,,,,38.299999,37.23,,,,,,-2.4243,pending,,2026-06-22T13:14:17+00:00
trackb_cont_OPLN_20260619,,,,,,,,,,,,,,pending,,2026-06-22T13:14:17+00:00
trackb_cont_ORA_20260603,136.690002,126.120003,,,,146.389999,124.970001,,,,,,-14.2073,pending,,2026-06-22T13:13:49+00:00
trackb_cont_ORA_20260604,136.410004,127.68,,,,144.350006,124.970001,,,,,,-14.2073,pending,,2026-06-22T13:13:49+00:00
trackb_cont_ORA_20260605,138.160004,,,,,143.690002,124.970001,,,,,,-14.2073,pending,,2026-06-22T13:13:49+00:00
trackb_cont_ORA_20260608,138.710007,,,,,143.690002,124.970001,,,,,,-10.7357,pending,,2026-06-22T13:13:49+00:00
trackb_cont_ORA_20260609,133.960007,,,,,139.619995,124.970001,,,,,,-8.4268,pending,,2026-06-22T13:13:49+00:00
trackb_cont_ORA_20260610,126.120003,,,,,139.220001,124.970001,,,,,,-8.4268,pending,,2026-06-22T13:13:49+00:00
trackb_cont_ORBS_20260618,,,,,,1.055,0.985,,,,,,-4.3689,pending,,2026-06-22T13:15:47+00:00
trackb_cont_ORBS_20260619,,,,,,,,,,,,,,pending,,2026-06-22T13:15:47+00:00
trackb_cont_ORCL_20260603,201.259995,183.529999,,,,240.509995,175.279999,,,,,,-23.6269,pending,,2026-06-22T13:14:18+00:00
trackb_cont_ORCL_20260604,184.100006,184.289993,,,,238.949997,175.279999,,,,,,-23.6269,pending,,2026-06-22T13:14:18+00:00
trackb_cont_ORCL_20260605,184.130005,,,,,231.440002,175.279999,,,,,,-23.6269,pending,,2026-06-22T13:14:18+00:00
trackb_cont_ORCL_20260608,192.639999,,,,,220.5,175.279999,,,,,,-23.6269,pending,,2026-06-22T13:14:18+00:00
trackb_cont_OSCR_20260612,,,,,,29.809999,27.142,,,,,,-6.1155,pending,,2026-06-22T13:16:41+00:00
trackb_cont_OSCR_20260615,,,,,,29.809999,27.142,,,,,,-1.2659,pending,,2026-06-22T13:16:41+00:00
trackb_cont_OSCR_20260616,,,,,,29.809999,27.57,,,,,,-3.5171,pending,,2026-06-22T13:16:41+00:00
trackb_cont_OSCR_20260617,,,,,,29.469999,27.57,,,,,,-3.5171,pending,,2026-06-22T13:16:41+00:00
trackb_cont_OSCR_20260618,,,,,,28.85,27.57,,,,,,-3.5171,pending,,2026-06-22T13:16:41+00:00
trackb_cont_OSCR_20260619,,,,,,,,,,,,,,pending,,2026-06-22T13:16:41+00:00
trackb_cont_OSS_20260603,15.76,18.18,,,,20.709999,14.61,,,,,,-23.0648,pending,,2026-06-22T13:14:19+00:00
trackb_cont_OSS_20260604,16.84,18.440001,,,,20.709999,14.61,,,,,,-23.0648,pending,,2026-06-22T13:14:19+00:00
trackb_cont_OSS_20260605,16.65,,,,,20.709999,14.61,,,,,,-23.0648,pending,,2026-06-22T13:14:19+00:00
trackb_cont_OSS_20260608,17.23,,,,,20.709999,14.61,,,,,,-23.0648,pending,,2026-06-22T13:14:19+00:00
trackb_cont_OTTR_20260611,87.5,,,,,90.989998,85.510002,,,,,,-4.5647,pending,,2026-06-22T13:16:33+00:00
trackb_cont_OTTR_20260612,,,,,,90.550003,85.510002,,,,,,-3.3894,pending,,2026-06-22T13:16:33+00:00
trackb_cont_OTTR_20260616,,,,,,90.370003,85.510002,,,,,,-4.5434,pending,,2026-06-22T13:16:33+00:00
trackb_cont_OTTR_20260617,,,,,,89.0,85.510002,,,,,,-4.5434,pending,,2026-06-22T13:16:33+00:00
trackb_cont_OTTR_20260618,,,,,,88.230003,86.550003,,,,,,-0.2075,pending,,2026-06-22T13:16:33+00:00
trackb_cont_OTTR_20260619,,,,,,,,,,,,,,pending,,2026-06-22T13:16:33+00:00
trackb_cont_OTTR_20260622,,,,,,,,,,,,,,pending,,2026-06-22T13:16:33+00:00
trackb_cont_OUST_20260603,38.389999,40.720001,,,,48.830002,35.299999,,,,,,-19.2958,pending,,2026-06-22T13:14:38+00:00
trackb_cont_OUST_20260604,39.610001,46.57,,,,48.830002,35.299999,,,,,,-19.2958,pending,,2026-06-22T13:14:38+00:00
trackb_cont_OUST_20260605,39.799999,,,,,48.380001,35.299999,,,,,,-19.2958,pending,,2026-06-22T13:14:38+00:00
trackb_cont_OUST_20260608,45.18,,,,,48.380001,35.299999,,,,,,-19.2958,pending,,2026-06-22T13:14:38+00:00
trackb_cont_OXM_20260603,43.279999,35.84,,,,45.82,34.830002,,,,,,-22.6172,pending,,2026-06-22T13:15:33+00:00
trackb_cont_OXM_20260604,35.919998,36.389999,,,,45.82,34.830002,,,,,,-22.6172,pending,,2026-06-22T13:15:33+00:00
trackb_cont_OXM_20260605,37.240002,,,,,45.82,34.830002,,,,,,-22.6172,pending,,2026-06-22T13:15:33+00:00
trackb_cont_O_20260616,,,,,,62.549999,60.220001,,,,,,-3.3387,pending,,2026-06-22T13:17:16+00:00
trackb_cont_O_20260617,,,,,,62.02,60.220001,,,,,,-3.3387,pending,,2026-06-22T13:17:16+00:00
trackb_cont_PACK_20260603,6.72,7.22,,,,7.81,6.59,,,,,,-6.1254,pending,,2026-06-22T13:13:52+00:00
trackb_cont_PACK_20260604,7.14,7.34,,,,7.81,6.59,,,,,,-6.1254,pending,,2026-06-22T13:13:52+00:00
trackb_cont_PACK_20260605,7.3,,,,,7.81,6.59,,,,,,-6.1254,pending,,2026-06-22T13:13:52+00:00
trackb_cont_PACK_20260608,7.6,,,,,7.81,6.59,,,,,,-2.9455,pending,,2026-06-22T13:13:52+00:00
trackb_cont_PACK_20260609,7.46,,,,,7.81,6.59,,,,,,-3.5139,pending,,2026-06-22T13:13:52+00:00
trackb_cont_PACK_20260616,,,,,,7.81,7.165,,,,,,-7.6675,pending,,2026-06-22T13:13:52+00:00
trackb_cont_PACK_20260617,,,,,,7.6,7.165,,,,,,-7.6675,pending,,2026-06-22T13:13:52+00:00
trackb_cont_PACK_20260618,,,,,,7.5,7.205,,,,,,-7.1521,pending,,2026-06-22T13:13:52+00:00
trackb_cont_PACK_20260619,,,,,,,,,,,,,,pending,,2026-06-22T13:13:52+00:00
trackb_cont_PAG_20260603,178.179993,171.330002,,,,184.929993,169.330002,,,,,,-1.5151,pending,,2026-06-22T13:14:01+00:00
trackb_cont_PAG_20260604,181.020004,175.199997,,,,184.929993,169.330002,,,,,,-1.5151,pending,,2026-06-22T13:14:01+00:00
trackb_cont_PAG_20260605,180.960007,,,,,184.929993,169.330002,,,,,,-1.5151,pending,,2026-06-22T13:14:01+00:00
trackb_cont_PAG_20260608,180.070007,,,,,184.929993,170.229996,,,,,,-0.9917,pending,,2026-06-22T13:14:01+00:00
trackb_cont_PAG_20260609,180.759995,,,,,184.929993,171.139999,,,,,,-0.7827,pending,,2026-06-22T13:14:01+00:00
trackb_cont_PAG_20260610,171.330002,,,,,184.929993,171.139999,,,,,,-0.7827,pending,,2026-06-22T13:14:01+00:00
trackb_cont_PAG_20260616,,,,,,183.100006,171.139999,,,,,,-5.9929,pending,,2026-06-22T13:14:01+00:00
trackb_cont_PAG_20260617,,,,,,180.610001,171.139999,,,,,,-5.9929,pending,,2026-06-22T13:14:01+00:00
trackb_cont_PAG_20260618,,,,,,175.5,171.779999,,,,,,0.2627,pending,,2026-06-22T13:14:01+00:00
trackb_cont_PAG_20260619,,,,,,,,,,,,,,pending,,2026-06-22T13:14:01+00:00
trackb_cont_PAL_20260611,7.52,,,,,8.71,7.37,,,,,,-8.1047,pending,,2026-06-22T13:16:25+00:00
trackb_cont_PAL_20260612,,,,,,8.71,7.37,,,,,,-12.2619,pending,,2026-06-22T13:16:25+00:00
trackb_cont_PAL_20260616,,,,,,8.225,7.37,,,,,,-8.6741,pending,,2026-06-22T13:16:25+00:00
trackb_cont_PAL_20260617,,,,,,8.07,7.37,,,,,,-8.6741,pending,,2026-06-22T13:16:25+00:00
trackb_cont_PAL_20260618,,,,,,7.635,7.43,,,,,,-7.9306,pending,,2026-06-22T13:16:25+00:00
trackb_cont_PAL_20260619,,,,,,,,,,,,,,pending,,2026-06-22T13:16:25+00:00
trackb_cont_PANW_20260603,263.220001,282.130005,,,,288.880005,251.149994,,,,,,-11.1414,pending,,2026-06-22T13:14:02+00:00
trackb_cont_PANW_20260604,279.529999,287.779999,,,,288.880005,251.149994,,,,,,-11.1414,pending,,2026-06-22T13:14:02+00:00
trackb_cont_PANW_20260605,279.619995,,,,,288.880005,251.149994,,,,,,-11.1414,pending,,2026-06-22T13:14:02+00:00
trackb_cont_PANW_20260608,284.540009,,,,,288.880005,251.149994,,,,,,-7.6824,pending,,2026-06-22T13:14:02+00:00
trackb_cont_PANW_20260609,279.899994,,,,,288.880005,251.149994,,,,,,-5.6997,pending,,2026-06-22T13:14:02+00:00
trackb_cont_PATH_20260603,10.75,10.23,,,,12.24,9.88,,,,,,-14.6067,pending,,2026-06-22T13:15:25+00:00
trackb_cont_PATH_20260604,10.65,10.27,,,,12.14,9.88,,,,,,-14.6067,pending,,2026-06-22T13:15:25+00:00
trackb_cont_PATH_20260605,10.55,,,,,11.94,9.88,,,,,,-14.6067,pending,,2026-06-22T13:15:25+00:00
trackb_cont_PAYX_20260603,101.099998,97.580002,,,,103.300003,95.959999,,,,,,-2.291,pending,,2026-06-22T13:14:41+00:00
trackb_cont_PAYX_20260604,99.269997,98.239998,,,,103.300003,95.959999,,,,,,-2.291,pending,,2026-06-22T13:14:41+00:00
trackb_cont_PAYX_20260605,100.629997,,,,,103.300003,95.959999,,,,,,-2.291,pending,,2026-06-22T13:14:41+00:00
trackb_cont_PAYX_20260608,100.900002,,,,,103.300003,95.959999,,,,,,-4.5459,pending,,2026-06-22T13:14:41+00:00
trackb_cont_PAYX_20260610,97.580002,,,,,103.300003,95.959999,,,,,,-2.9923,pending,,2026-06-22T13:14:41+00:00
trackb_cont_PAYX_20260615,,,,,,103.300003,95.959999,,,,,,-4.9525,pending,,2026-06-22T13:14:41+00:00
trackb_cont_PAYX_20260616,,,,,,102.620003,95.959999,,,,,,-5.709,pending,,2026-06-22T13:14:41+00:00
trackb_cont_PAYX_20260617,,,,,,100.849998,95.959999,,,,,,-5.709,pending,,2026-06-22T13:14:41+00:00
trackb_cont_PAYX_20260618,,,,,,98.790001,95.959999,,,,,,-5.709,pending,,2026-06-22T13:14:41+00:00
trackb_cont_PAYX_20260619,,,,,,,,,,,,,,pending,,2026-06-22T13:14:41+00:00
trackb_cont_PBF_20260609,39.150002,,,,,43.68,36.389999,,,,,,-14.1138,pending,,2026-06-22T13:16:04+00:00
trackb_cont_PBF_20260612,,,,,,42.990002,36.389999,,,,,,-11.5244,pending,,2026-06-22T13:16:04+00:00
trackb_cont_PBI_20260603,16.91,17.379999,,,,17.77,16.1,,,,,,-0.801,pending,,2026-06-22T13:14:31+00:00
trackb_cont_PBI_20260604,17.139999,17.5,,,,17.77,16.16,,,,,,-0.4313,pending,,2026-06-22T13:14:31+00:00
trackb_cont_PBI_20260605,17.32,,,,,17.77,16.16,,,,,,-0.4313,pending,,2026-06-22T13:14:31+00:00
trackb_cont_PBI_20260608,17.24,,,,,17.77,16.16,,,,,,-0.4313,pending,,2026-06-22T13:14:31+00:00
trackb_cont_PBI_20260611,17.5,,,,,17.77,16.73,,,,,,-1.0645,pending,,2026-06-22T13:14:31+00:00
trackb_cont_PBI_20260612,,,,,,17.77,16.92,,,,,,-1.2835,pending,,2026-06-22T13:14:31+00:00
trackb_cont_PBI_20260616,,,,,,17.77,17.27,,,,,,1.6181,pending,,2026-06-22T13:14:31+00:00
trackb_cont_PBI_20260617,,,,,,17.77,17.27,,,,,,1.6181,pending,,2026-06-22T13:14:31+00:00
trackb_cont_PBI_20260618,,,,,,17.68,17.280001,,,,,,-0.5754,pending,,2026-06-22T13:14:31+00:00
trackb_cont_PBI_20260619,,,,,,,,,,,,,,pending,,2026-06-22T13:14:31+00:00
trackb_cont_PBI_20260622,,,,,,,,,,,,,,pending,,2026-06-22T13:14:31+00:00
trackb_cont_PCAR_20260608,120.690002,,,,,122.580002,113.940002,,,,,,-2.3483,pending,,2026-06-22T13:15:53+00:00
trackb_cont_PCAR_20260611,118.949997,,,,,122.580002,114.150002,,,,,,0.1404,pending,,2026-06-22T13:15:53+00:00
trackb_cont_PCAR_20260615,,,,,,122.580002,116.360001,,,,,,-3.2349,pending,,2026-06-22T13:15:53+00:00
trackb_cont_PCAR_20260616,,,,,,122.580002,116.360001,,,,,,-4.2383,pending,,2026-06-22T13:15:53+00:00
trackb_cont_PCAR_20260617,,,,,,121.150002,116.360001,,,,,,-4.2383,pending,,2026-06-22T13:15:53+00:00
trackb_cont_PCAR_20260618,,,,,,120.919998,118.019997,,,,,,-2.8722,pending,,2026-06-22T13:15:53+00:00
trackb_cont_PCAR_20260619,,,,,,,,,,,,,,pending,,2026-06-22T13:15:53+00:00
trackb_cont_PCG_20260609,16.74,,,,,17.030001,16.35,,,,,,-0.7888,pending,,2026-06-22T13:16:05+00:00
trackb_cont_PCG_20260616,,,,,,16.969999,16.35,,,,,,-1.6541,pending,,2026-06-22T13:16:05+00:00
trackb_cont_PCG_20260617,,,,,,16.76,16.35,,,,,,-1.6541,pending,,2026-06-22T13:16:05+00:00
trackb_cont_PCT_20260603,9.885,8.62,,,,14.195,8.01,,,,,,-39.5581,pending,,2026-06-22T13:14:16+00:00
trackb_cont_PCT_20260604,9.02,8.7,,,,14.195,8.01,,,,,,-39.5581,pending,,2026-06-22T13:14:16+00:00
trackb_cont_PCT_20260605,8.88,,,,,13.81,8.01,,,,,,-39.5581,pending,,2026-06-22T13:14:16+00:00
trackb_cont_PCT_20260608,8.8,,,,,12.81,8.01,,,,,,-35.9968,pending,,2026-06-22T13:14:16+00:00
trackb_cont_PDM_20260610,8.73,,,,,9.44,8.66,,,,,,-2.9148,pending,,2026-06-22T13:16:20+00:00
trackb_cont_PDM_20260615,,,,,,9.27,8.66,,,,,,-6.5804,pending,,2026-06-22T13:16:20+00:00
trackb_cont_PDM_20260616,,,,,,9.26,8.66,,,,,,-3.8312,pending,,2026-06-22T13:16:20+00:00
trackb_cont_PDM_20260617,,,,,,9.26,8.66,,,,,,-3.8312,pending,,2026-06-22T13:16:20+00:00
trackb_cont_PEB_20260603,17.23,18.33,,,,19.6,15.63,,,,,,-1.7599,pending,,2026-06-22T13:13:58+00:00
trackb_cont_PEB_20260604,17.73,19.059999,,,,19.6,16.16,,,,,,1.5713,pending,,2026-06-22T13:13:58+00:00
trackb_cont_PEB_20260605,18.18,,,,,19.6,16.74,,,,,,5.2168,pending,,2026-06-22T13:13:58+00:00
trackb_cont_PEB_20260608,18.5,,,,,19.6,16.74,,,,,,-0.8881,pending,,2026-06-22T13:13:58+00:00
trackb_cont_PEB_20260609,19.379999,,,,,19.6,16.74,,,,,,-0.5938,pending,,2026-06-22T13:13:58+00:00
trackb_cont_PEB_20260616,,,,,,19.6,18.09,,,,,,-1.3362,pending,,2026-06-22T13:13:58+00:00
trackb_cont_PEB_20260617,,,,,,19.6,18.09,,,,,,-1.3362,pending,,2026-06-22T13:13:58+00:00
trackb_cont_PEB_20260618,,,,,,19.120001,18.75,,,,,,-0.0533,pending,,2026-06-22T13:13:58+00:00
trackb_cont_PEB_20260619,,,,,,,,,,,,,,pending,,2026-06-22T13:13:58+00:00
trackb_cont_PEB_20260622,,,,,,,,,,,,,,pending,,2026-06-22T13:13:58+00:00
trackb_cont_PECO_20260615,,,,,,41.830002,40.18,,,,,,-3.7144,pending,,2026-06-22T13:17:01+00:00
trackb_cont_PECO_20260616,,,,,,41.764999,40.18,,,,,,-3.0639,pending,,2026-06-22T13:17:01+00:00
trackb_cont_PECO_20260617,,,,,,41.544998,40.18,,,,,,-3.0639,pending,,2026-06-22T13:17:01+00:00
trackb_cont_PECO_20260618,,,,,,40.91,40.419998,,,,,,-2.4849,pending,,2026-06-22T13:17:01+00:00
trackb_cont_PECO_20260619,,,,,,,,,,,,,,pending,,2026-06-22T13:17:01+00:00
trackb_cont_PEG_20260615,,,,,,81.660004,78.879997,,,,,,-0.836,pending,,2026-06-22T13:17:07+00:00
trackb_cont_PEG_20260616,,,,,,81.660004,78.879997,,,,,,-2.134,pending,,2026-06-22T13:17:07+00:00
trackb_cont_PEG_20260617,,,,,,81.199997,78.879997,,,,,,-2.134,pending,,2026-06-22T13:17:07+00:00
trackb_cont_PENG_20260603,58.52,59.68,,,,72.470001,56.610001,,,,,,-17.5142,pending,,2026-06-22T13:14:11+00:00
trackb_cont_PENG_20260604,64.330002,67.150002,,,,72.470001,56.610001,,,,,,-17.5142,pending,,2026-06-22T13:14:11+00:00
trackb_cont_PENG_20260605,64.129997,,,,,68.703003,56.610001,,,,,,-17.5142,pending,,2026-06-22T13:14:11+00:00
trackb_cont_PENG_20260608,63.869999,,,,,68.459999,56.610001,,,,,,-5.4293,pending,,2026-06-22T13:14:11+00:00
trackb_cont_PENG_20260615,,,,,,68.330002,59.040001,,,,,,-6.7151,pending,,2026-06-22T13:14:11+00:00
trackb_cont_PENG_20260616,,,,,,68.330002,59.040001,,,,,,-8.5927,pending,,2026-06-22T13:14:11+00:00
trackb_cont_PENG_20260617,,,,,,68.330002,59.040001,,,,,,-8.5927,pending,,2026-06-22T13:14:11+00:00
trackb_cont_PENG_20260618,,,,,,68.330002,62.5,,,,,,-3.2358,pending,,2026-06-22T13:14:11+00:00
trackb_cont_PENG_20260619,,,,,,,,,,,,,,pending,,2026-06-22T13:14:11+00:00
trackb_cont_PENN_20260603,21.450001,21.23,,,,22.360001,18.790001,,,,,,-4.4981,pending,,2026-06-22T13:14:24+00:00
trackb_cont_PENN_20260604,21.209999,21.299999,,,,22.360001,18.790001,,,,,,-4.4981,pending,,2026-06-22T13:14:24+00:00
trackb_cont_PENN_20260605,21.68,,,,,22.360001,18.790001,,,,,,-4.4981,pending,,2026-06-22T13:14:24+00:00
trackb_cont_PENN_20260608,21.84,,,,,22.360001,18.790001,,,,,,-2.2881,pending,,2026-06-22T13:14:24+00:00
trackb_cont_PENN_20260609,21.870001,,,,,22.360001,19.18,,,,,,0.0522,pending,,2026-06-22T13:14:24+00:00
trackb_cont_PENN_20260610,21.23,,,,,22.360001,20.299999,,,,,,5.8946,pending,,2026-06-22T13:14:24+00:00
trackb_cont_PENN_20260611,21.299999,,,,,22.360001,20.85,,,,,,-2.7972,pending,,2026-06-22T13:14:24+00:00
trackb_cont_PENN_20260616,,,,,,22.360001,20.92,,,,,,-4.3001,pending,,2026-06-22T13:14:24+00:00
trackb_cont_PENN_20260617,,,,,,22.09,20.92,,,,,,-4.3001,pending,,2026-06-22T13:14:24+00:00
trackb_cont_PENN_20260618,,,,,,21.559999,20.92,,,,,,-4.3001,pending,,2026-06-22T13:14:24+00:00
trackb_cont_PENN_20260619,,,,,,,,,,,,,,pending,,2026-06-22T13:14:24+00:00
trackb_cont_PENN_20260622,,,,,,,,,,,,,,pending,,2026-06-22T13:14:24+00:00
trackb_cont_PFE_20260616,,,,,,26.280001,24.940001,,,,,,-4.4627,pending,,2026-06-22T13:17:24+00:00
trackb_cont_PFE_20260617,,,,,,26.280001,24.940001,,,,,,-4.4627,pending,,2026-06-22T13:17:24+00:00
trackb_cont_PFGC_20260603,100.739998,103.410004,,,,106.0,93.690002,,,,,,-3.2328,pending,,2026-06-22T13:15:06+00:00
trackb_cont_PFGC_20260604,104.059998,103.620003,,,,106.0,93.690002,,,,,,-3.2328,pending,,2026-06-22T13:15:06+00:00
trackb_cont_PFGC_20260605,104.07,,,,,106.0,94.25,,,,,,-2.6544,pending,,2026-06-22T13:15:06+00:00
trackb_cont_PFGC_20260608,104.099998,,,,,106.0,96.940002,,,,,,0.1239,pending,,2026-06-22T13:15:06+00:00
trackb_cont_PFGC_20260610,103.410004,,,,,106.0,98.879997,,,,,,1.5508,pending,,2026-06-22T13:15:06+00:00
trackb_cont_PFGC_20260616,,,,,,105.557999,102.681999,,,,,,-2.4028,pending,,2026-06-22T13:15:06+00:00
trackb_cont_PFGC_20260617,,,,,,105.459999,102.681999,,,,,,-2.4028,pending,,2026-06-22T13:15:06+00:00
trackb_cont_PFGC_20260618,,,,,,105.459999,102.790001,,,,,,-1.4477,pending,,2026-06-22T13:15:06+00:00
trackb_cont_PFGC_20260619,,,,,,,,,,,,,,pending,,2026-06-22T13:15:06+00:00
trackb_cont_PFGC_20260622,,,,,,,,,,,,,,pending,,2026-06-22T13:15:06+00:00
trackb_cont_PFG_20260603,109.209999,110.220001,,,,112.07,100.849998,,,,,,-1.1371,pending,,2026-06-22T13:14:41+00:00
trackb_cont_PFG_20260604,109.690002,109.57,,,,112.07,101.910004,,,,,,-0.098,pending,,2026-06-22T13:14:41+00:00
trackb_cont_PFG_20260605,111.120003,,,,,112.07,103.389999,,,,,,1.3528,pending,,2026-06-22T13:14:41+00:00
trackb_cont_PFG_20260608,110.589996,,,,,112.07,104.800003,,,,,,2.735,pending,,2026-06-22T13:14:41+00:00
trackb_cont_PFG_20260610,110.220001,,,,,112.07,106.489998,,,,,,1.3901,pending,,2026-06-22T13:14:41+00:00
trackb_cont_PFG_20260616,,,,,,111.989998,108.949997,,,,,,-2.1729,pending,,2026-06-22T13:14:41+00:00
trackb_cont_PFG_20260617,,,,,,111.739998,108.949997,,,,,,-2.1729,pending,,2026-06-22T13:14:41+00:00
trackb_cont_PFG_20260618,,,,,,111.290001,108.949997,,,,,,-2.1729,pending,,2026-06-22T13:14:41+00:00
trackb_cont_PFG_20260619,,,,,,,,,,,,,,pending,,2026-06-22T13:14:41+00:00
trackb_cont_PGNY_20260603,25.889999,26.309999,,,,27.360001,24.700001,,,,,,-0.5436,pending,,2026-06-22T13:14:52+00:00
trackb_cont_PGNY_20260604,25.65,26.08,,,,27.360001,25.08,,,,,,0.9865,pending,,2026-06-22T13:14:52+00:00
trackb_cont_PGNY_20260605,26.629999,,,,,27.360001,25.184999,,,,,,1.4093,pending,,2026-06-22T13:14:52+00:00
trackb_cont_PGNY_20260608,26.91,,,,,27.360001,25.184999,,,,,,1.4093,pending,,2026-06-22T13:14:52+00:00
trackb_cont_PGNY_20260609,26.6,,,,,27.360001,25.184999,,,,,,-2.8357,pending,,2026-06-22T13:14:52+00:00
trackb_cont_PGNY_20260611,26.08,,,,,27.360001,25.184999,,,,,,-2.7231,pending,,2026-06-22T13:14:52+00:00
trackb_cont_PGNY_20260612,,,,,,27.360001,25.184999,,,,,,-1.8129,pending,,2026-06-22T13:14:52+00:00
trackb_cont_PGNY_20260616,,,,,,27.360001,25.950001,,,,,,-4.2082,pending,,2026-06-22T13:14:52+00:00
trackb_cont_PGNY_20260617,,,,,,26.84,25.950001,,,,,,-4.2082,pending,,2026-06-22T13:14:52+00:00
trackb_cont_PGNY_20260618,,,,,,26.66,25.950001,,,,,,-1.3683,pending,,2026-06-22T13:14:52+00:00
trackb_cont_PGNY_20260619,,,,,,,,,,,,,,pending,,2026-06-22T13:14:52+00:00
trackb_cont_PGR_20260616,,,,,,208.139999,201.830002,,,,,,-1.3249,pending,,2026-06-22T13:17:12+00:00
trackb_cont_PGR_20260617,,,,,,208.139999,201.830002,,,,,,-1.3249,pending,,2026-06-22T13:17:12+00:00
trackb_cont_PGR_20260618,,,,,,208.139999,201.830002,,,,,,-1.3249,pending,,2026-06-22T13:17:12+00:00
trackb_cont_PGR_20260619,,,,,,,,,,,,,,pending,,2026-06-22T13:17:12+00:00
trackb_cont_PGR_20260622,,,,,,,,,,,,,,pending,,2026-06-22T13:17:12+00:00
trackb_cont_PG_20260610,150.559998,,,,,153.020004,147.770004,,,,,,1.8401,pending,,2026-06-22T13:16:19+00:00
trackb_cont_PG_20260615,,,,,,153.020004,148.759995,,,,,,-1.3201,pending,,2026-06-22T13:16:19+00:00
trackb_cont_PG_20260616,,,,,,153.020004,149.770004,,,,,,-0.7357,pending,,2026-06-22T13:16:19+00:00
trackb_cont_PG_20260617,,,,,,152.940002,149.770004,,,,,,-0.7357,pending,,2026-06-22T13:16:19+00:00
trackb_cont_PG_20260618,,,,,,152.289993,150.179993,,,,,,-0.259,pending,,2026-06-22T13:16:19+00:00
trackb_cont_PG_20260619,,,,,,,,,,,,,,pending,,2026-06-22T13:16:19+00:00
trackb_cont_PG_20260622,,,,,,,,,,,,,,pending,,2026-06-22T13:16:19+00:00
trackb_cont_PHIN_20260603,80.510002,78.349998,,,,86.934998,77.885002,,,,,,-2.7289,pending,,2026-06-22T13:15:21+00:00
trackb_cont_PHIN_20260604,81.809998,80.779999,,,,86.934998,78.25,,,,,,-2.273,pending,,2026-06-22T13:15:21+00:00
trackb_cont_PHIN_20260605,85.160004,,,,,86.934998,78.25,,,,,,-2.273,pending,,2026-06-22T13:15:21+00:00
trackb_cont_PHIN_20260608,83.650002,,,,,86.934998,78.25,,,,,,-1.5476,pending,,2026-06-22T13:15:21+00:00
trackb_cont_PHIN_20260616,,,,,,84.57,78.25,,,,,,-8.1681,pending,,2026-06-22T13:15:21+00:00
trackb_cont_PHIN_20260617,,,,,,82.665001,78.25,,,,,,-8.1681,pending,,2026-06-22T13:15:21+00:00
trackb_cont_PHM_20260615,,,,,,128.559998,121.599998,,,,,,-3.5342,pending,,2026-06-22T13:16:00+00:00
trackb_cont_PHM_20260616,,,,,,128.559998,121.599998,,,,,,-1.3708,pending,,2026-06-22T13:16:00+00:00
trackb_cont_PHM_20260617,,,,,,128.559998,121.599998,,,,,,-1.3708,pending,,2026-06-22T13:16:00+00:00
trackb_cont_PHM_20260618,,,,,,128.559998,123.470001,,,,,,0.146,pending,,2026-06-22T13:16:00+00:00
trackb_cont_PHM_20260619,,,,,,,,,,,,,,pending,,2026-06-22T13:16:00+00:00
trackb_cont_PHR_20260603,9.14,9.35,,,,10.205,8.76,,,,,,-9.3168,pending,,2026-06-22T13:15:17+00:00
trackb_cont_PHR_20260604,9.05,9.38,,,,10.14,8.76,,,,,,-9.3168,pending,,2026-06-22T13:15:17+00:00
trackb_cont_PHR_20260605,9.06,,,,,9.79,8.76,,,,,,-9.3168,pending,,2026-06-22T13:15:17+00:00
trackb_cont_PHR_20260608,9.15,,,,,9.66,8.76,,,,,,-9.3168,pending,,2026-06-22T13:15:17+00:00
trackb_cont_PH_20260622,,,,,,,,,,,,,,pending,,2026-06-22T13:17:10+00:00
trackb_cont_PII_20260603,66.510002,68.629997,,,,73.0,65.559998,,,,,,-4.0117,pending,,2026-06-22T13:15:03+00:00
trackb_cont_PII_20260604,69.389999,71.360001,,,,73.0,65.559998,,,,,,-4.0117,pending,,2026-06-22T13:15:03+00:00
trackb_cont_PII_20260605,70.93,,,,,73.0,65.559998,,,,,,-4.0117,pending,,2026-06-22T13:15:03+00:00
trackb_cont_PII_20260608,70.110001,,,,,73.0,65.559998,,,,,,-0.7569,pending,,2026-06-22T13:15:03+00:00
trackb_cont_PII_20260616,,,,,,72.279999,68.510002,,,,,,-4.3891,pending,,2026-06-22T13:15:03+00:00
trackb_cont_PII_20260617,,,,,,72.279999,68.510002,,,,,,-4.3891,pending,,2026-06-22T13:15:03+00:00
trackb_cont_PII_20260618,,,,,,72.279999,68.919998,,,,,,-3.8169,pending,,2026-06-22T13:15:03+00:00
trackb_cont_PII_20260619,,,,,,,,,,,,,,pending,,2026-06-22T13:15:03+00:00
trackb_cont_PII_20260622,,,,,,,,,,,,,,pending,,2026-06-22T13:15:03+00:00
trackb_cont_PINS_20260609,21.16,,,,,22.105,19.775,,,,,,-10.0728,pending,,2026-06-22T13:16:05+00:00
trackb_cont_PINS_20260612,,,,,,21.700001,19.775,,,,,,-8.0233,pending,,2026-06-22T13:16:05+00:00
trackb_cont_PINS_20260618,,,,,,20.67,19.775,,,,,,-2.8733,pending,,2026-06-22T13:16:05+00:00
trackb_cont_PINS_20260619,,,,,,,,,,,,,,pending,,2026-06-22T13:16:05+00:00
trackb_cont_PINS_20260622,,,,,,,,,,,,,,pending,,2026-06-22T13:16:05+00:00
trackb_cont_PKG_20260603,216.639999,229.259995,,,,235.399994,214.179993,,,,,,-4.8808,pending,,2026-06-22T13:15:14+00:00
trackb_cont_PKG_20260604,224.399994,229.020004,,,,235.399994,214.179993,,,,,,-4.8808,pending,,2026-06-22T13:15:14+00:00
trackb_cont_PKG_20260605,228.229996,,,,,235.399994,214.179993,,,,,,-4.8808,pending,,2026-06-22T13:15:14+00:00
trackb_cont_PKG_20260608,229.960007,,,,,235.399994,214.179993,,,,,,-4.8808,pending,,2026-06-22T13:15:14+00:00
trackb_cont_PKG_20260610,229.259995,,,,,235.399994,214.179993,,,,,,-2.3926,pending,,2026-06-22T13:15:14+00:00
trackb_cont_PKG_20260615,,,,,,235.399994,227.25,,,,,,-1.9862,pending,,2026-06-22T13:15:14+00:00
trackb_cont_PKG_20260616,,,,,,235.399994,227.25,,,,,,-2.3526,pending,,2026-06-22T13:15:14+00:00
trackb_cont_PKG_20260617,,,,,,235.399994,227.25,,,,,,-2.3526,pending,,2026-06-22T13:15:14+00:00
trackb_cont_PKG_20260618,,,,,,235.399994,228.949997,,,,,,-0.0344,pending,,2026-06-22T13:15:14+00:00
trackb_cont_PKG_20260619,,,,,,,,,,,,,,pending,,2026-06-22T13:15:14+00:00
trackb_cont_PKG_20260622,,,,,,,,,,,,,,pending,,2026-06-22T13:15:14+00:00
trackb_cont_PK_20260603,13.92,14.5,,,,14.95,13.15,,,,,,-3.4862,pending,,2026-06-22T13:13:49+00:00
trackb_cont_PK_20260604,14.36,14.72,,,,14.95,13.57,,,,,,-0.4037,pending,,2026-06-22T13:13:49+00:00
trackb_cont_PK_20260605,14.5,,,,,14.95,13.86,,,,,,1.7248,pending,,2026-06-22T13:13:49+00:00
trackb_cont_PK_20260608,14.4,,,,,14.95,13.86,,,,,,1.7248,pending,,2026-06-22T13:13:49+00:00
trackb_cont_PK_20260611,14.72,,,,,14.95,13.97,,,,,,0.3592,pending,,2026-06-22T13:13:49+00:00
trackb_cont_PK_20260616,,,,,,14.95,14.375,,,,,,-0.2429,pending,,2026-06-22T13:13:49+00:00
trackb_cont_PK_20260617,,,,,,14.95,14.375,,,,,,-0.2429,pending,,2026-06-22T13:13:49+00:00
trackb_cont_PK_20260618,,,,,,14.945,14.68,,,,,,-0.6766,pending,,2026-06-22T13:13:49+00:00
trackb_cont_PK_20260619,,,,,,,,,,,,,,pending,,2026-06-22T13:13:49+00:00
trackb_cont_PK_20260622,,,,,,,,,,,,,,pending,,2026-06-22T13:13:49+00:00
trackb_cont_PLD_20260611,140.539993,,,,,150.179993,139.429993,,,,,,-4.3493,pending,,2026-06-22T13:16:27+00:00
trackb_cont_PLD_20260612,,,,,,150.179993,139.429993,,,,,,-5.2721,pending,,2026-06-22T13:16:27+00:00
trackb_cont_PLD_20260615,,,,,,150.179993,139.429993,,,,,,-6.8666,pending,,2026-06-22T13:16:27+00:00
trackb_cont_PLD_20260616,,,,,,148.460007,139.429993,,,,,,-6.2372,pending,,2026-06-22T13:16:27+00:00
trackb_cont_PLD_20260617,,,,,,146.119995,139.429993,,,,,,-6.2372,pending,,2026-06-22T13:16:27+00:00
trackb_cont_PLPC_20260603,352.160004,364.279999,,,,394.929993,349.48999,,,,,,-6.8027,pending,,2026-06-22T13:14:32+00:00
trackb_cont_PLPC_20260604,376.470001,384.269989,,,,394.929993,349.48999,,,,,,-6.8027,pending,,2026-06-22T13:14:32+00:00
trackb_cont_PLPC_20260605,375.420013,,,,,394.929993,349.48999,,,,,,-6.8027,pending,,2026-06-22T13:14:32+00:00
trackb_cont_PLPC_20260608,380.160004,,,,,394.929993,349.48999,,,,,,-3.7271,pending,,2026-06-22T13:14:32+00:00
trackb_cont_PLPC_20260616,,,,,,387.519989,362.619995,,,,,,-5.7506,pending,,2026-06-22T13:14:32+00:00
trackb_cont_PLPC_20260617,,,,,,386.100006,362.619995,,,,,,-5.7506,pending,,2026-06-22T13:14:32+00:00
trackb_cont_PLPC_20260618,,,,,,386.100006,373.549988,,,,,,-2.9097,pending,,2026-06-22T13:14:32+00:00
trackb_cont_PLPC_20260619,,,,,,,,,,,,,,pending,,2026-06-22T13:14:32+00:00
trackb_cont_PLUG_20260603,2.86,2.65,,,,3.99,2.64,,,,,,-30.7668,pending,,2026-06-22T13:14:59+00:00
trackb_cont_PLUG_20260604,2.83,2.85,,,,3.72,2.64,,,,,,-30.7668,pending,,2026-06-22T13:14:59+00:00
trackb_cont_PLUG_20260605,2.76,,,,,3.5,2.64,,,,,,-30.7668,pending,,2026-06-22T13:14:59+00:00
trackb_cont_PLUG_20260608,2.8,,,,,3.34,2.64,,,,,,-30.7668,pending,,2026-06-22T13:14:59+00:00
trackb_cont_PLXS_20260603,275.51001,294.029999,,,,304.899994,269.809998,,,,,,-6.0877,pending,,2026-06-22T13:14:20+00:00
trackb_cont_PLXS_20260604,287.929993,299.970001,,,,304.899994,269.809998,,,,,,-6.0877,pending,,2026-06-22T13:14:20+00:00
trackb_cont_PLXS_20260605,295.019989,,,,,304.899994,269.809998,,,,,,-6.0877,pending,,2026-06-22T13:14:20+00:00
trackb_cont_PLXS_20260608,295.019989,,,,,304.899994,269.809998,,,,,,-6.0877,pending,,2026-06-22T13:14:20+00:00
trackb_cont_PLXS_20260615,,,,,,304.899994,290.200012,,,,,,-3.1537,pending,,2026-06-22T13:14:20+00:00
trackb_cont_PLXS_20260616,,,,,,304.899994,290.200012,,,,,,-2.1611,pending,,2026-06-22T13:14:20+00:00
trackb_cont_PLXS_20260617,,,,,,304.899994,290.640015,,,,,,-2.0127,pending,,2026-06-22T13:14:20+00:00
trackb_cont_PLXS_20260618,,,,,,304.899994,295.160004,,,,,,0.3843,pending,,2026-06-22T13:14:20+00:00
trackb_cont_PLXS_20260619,,,,,,,,,,,,,,pending,,2026-06-22T13:14:20+00:00
trackb_cont_PLXS_20260622,,,,,,,,,,,,,,pending,,2026-06-22T13:14:20+00:00
trackb_cont_PL_20260603,30.719999,28.219999,,,,47.619999,26.33,,,,,,-40.9707,pending,,2026-06-22T13:15:13+00:00
trackb_cont_PL_20260604,34.169998,28.23,,,,45.165001,26.33,,,,,,-40.9707,pending,,2026-06-22T13:15:13+00:00
trackb_cont_PL_20260605,31.15,,,,,39.18,26.33,,,,,,-40.9707,pending,,2026-06-22T13:15:13+00:00
trackb_cont_PL_20260608,30.58,,,,,34.369999,26.33,,,,,,-40.9707,pending,,2026-06-22T13:15:13+00:00
trackb_cont_PNC_20260608,230.559998,,,,,239.839996,226.759995,,,,,,-0.705,pending,,2026-06-22T13:15:52+00:00
trackb_cont_PNC_20260611,232.039993,,,,,239.839996,229.740005,,,,,,-1.2466,pending,,2026-06-22T13:15:52+00:00
trackb_cont_PNC_20260615,,,,,,239.839996,229.740005,,,,,,-3.5638,pending,,2026-06-22T13:15:52+00:00
trackb_cont_PNC_20260616,,,,,,237.669998,231.330002,,,,,,-0.2221,pending,,2026-06-22T13:15:52+00:00
trackb_cont_PNC_20260617,,,,,,237.669998,231.330002,,,,,,-0.2221,pending,,2026-06-22T13:15:52+00:00
trackb_cont_PNC_20260618,,,,,,236.089996,231.330002,,,,,,-0.7721,pending,,2026-06-22T13:15:52+00:00
trackb_cont_PNC_20260619,,,,,,,,,,,,,,pending,,2026-06-22T13:15:52+00:00
trackb_cont_PNC_20260622,,,,,,,,,,,,,,pending,,2026-06-22T13:15:52+00:00
trackb_cont_POWL_20260616,,,,,,310.769989,283.880005,,,,,,-5.6752,pending,,2026-06-22T13:16:50+00:00
trackb_cont_POWL_20260617,,,,,,306.0,283.880005,,,,,,-5.6752,pending,,2026-06-22T13:16:50+00:00
trackb_cont_PPG_20260603,112.970001,117.139999,,,,124.18,110.860001,,,,,,-0.7964,pending,,2026-06-22T13:14:20+00:00
trackb_cont_PPG_20260604,118.239998,118.25,,,,124.18,111.629997,,,,,,-0.1074,pending,,2026-06-22T13:14:20+00:00
trackb_cont_PPG_20260605,119.339996,,,,,124.18,111.629997,,,,,,-0.1074,pending,,2026-06-22T13:14:20+00:00
trackb_cont_PPG_20260608,121.529999,,,,,124.18,112.25,,,,,,-1.362,pending,,2026-06-22T13:14:20+00:00
trackb_cont_PPG_20260610,117.139999,,,,,124.18,112.879997,,,,,,-0.0,pending,,2026-06-22T13:14:20+00:00
trackb_cont_PPG_20260612,,,,,,124.18,116.779999,,,,,,-1.2348,pending,,2026-06-22T13:14:20+00:00
trackb_cont_PPG_20260616,,,,,,123.370003,116.779999,,,,,,-4.7005,pending,,2026-06-22T13:14:20+00:00
trackb_cont_PPG_20260617,,,,,,121.790001,116.779999,,,,,,-4.7005,pending,,2026-06-22T13:14:20+00:00
trackb_cont_PPG_20260618,,,,,,120.160004,117.580002,,,,,,-4.0477,pending,,2026-06-22T13:14:20+00:00
trackb_cont_PPG_20260619,,,,,,,,,,,,,,pending,,2026-06-22T13:14:20+00:00
trackb_cont_PRA_20260616,,,,,,24.75,24.540001,,,,,,-0.3654,pending,,2026-06-22T13:17:17+00:00
trackb_cont_PRA_20260617,,,,,,24.66,24.540001,,,,,,-0.3654,pending,,2026-06-22T13:17:17+00:00
trackb_cont_PRA_20260618,,,,,,24.66,24.540001,,,,,,-0.3654,pending,,2026-06-22T13:17:17+00:00
trackb_cont_PRA_20260619,,,,,,,,,,,,,,pending,,2026-06-22T13:17:17+00:00
trackb_cont_PRG_20260615,,,,,,39.75,37.389999,,,,,,-4.251,pending,,2026-06-22T13:17:04+00:00
trackb_cont_PRG_20260616,,,,,,39.75,37.389999,,,,,,-4.6781,pending,,2026-06-22T13:17:04+00:00
trackb_cont_PRG_20260617,,,,,,39.75,37.389999,,,,,,-4.6781,pending,,2026-06-22T13:17:04+00:00
trackb_cont_PRG_20260618,,,,,,38.959999,37.950001,,,,,,0.8772,pending,,2026-06-22T13:17:04+00:00
trackb_cont_PRG_20260619,,,,,,,,,,,,,,pending,,2026-06-22T13:17:04+00:00
trackb_cont_PRG_20260622,,,,,,,,,,,,,,pending,,2026-06-22T13:17:04+00:00
trackb_cont_PRI_20260616,,,,,,285.0,279.100006,,,,,,-0.6797,pending,,2026-06-22T13:17:18+00:00
trackb_cont_PRI_20260617,,,,,,285.0,279.100006,,,,,,-0.6797,pending,,2026-06-22T13:17:18+00:00
trackb_cont_PRI_20260618,,,,,,282.859985,279.100006,,,,,,-0.6797,pending,,2026-06-22T13:17:18+00:00
trackb_cont_PRI_20260619,,,,,,,,,,,,,,pending,,2026-06-22T13:17:18+00:00
trackb_cont_PRI_20260622,,,,,,,,,,,,,,pending,,2026-06-22T13:17:18+00:00
trackb_cont_PRKS_20260603,44.080002,45.880001,,,,48.509998,38.150002,,,,,,-0.4696,pending,,2026-06-22T13:15:08+00:00
trackb_cont_PRKS_20260604,46.439999,46.639999,,,,48.509998,39.52,,,,,,3.1046,pending,,2026-06-22T13:15:08+00:00
trackb_cont_PRKS_20260605,45.150002,,,,,48.509998,39.52,,,,,,3.1046,pending,,2026-06-22T13:15:08+00:00
trackb_cont_PRKS_20260608,46.259998,,,,,48.509998,40.669998,,,,,,6.1049,pending,,2026-06-22T13:15:08+00:00
trackb_cont_PRKS_20260610,45.880001,,,,,48.509998,43.91,,,,,,4.4481,pending,,2026-06-22T13:15:08+00:00
trackb_cont_PRKS_20260616,,,,,,48.509998,45.470001,,,,,,-0.3288,pending,,2026-06-22T13:15:08+00:00
trackb_cont_PRKS_20260617,,,,,,48.509998,45.66,,,,,,0.0877,pending,,2026-06-22T13:15:08+00:00
trackb_cont_PRKS_20260618,,,,,,48.509998,46.380001,,,,,,1.6659,pending,,2026-06-22T13:15:08+00:00
trackb_cont_PRKS_20260619,,,,,,,,,,,,,,pending,,2026-06-22T13:15:08+00:00
trackb_cont_PRKS_20260622,,,,,,,,,,,,,,pending,,2026-06-22T13:15:08+00:00
trackb_cont_PRLB_20260603,73.779999,79.57,,,,83.150002,72.169998,,,,,,-4.537,pending,,2026-06-22T13:13:49+00:00
trackb_cont_PRLB_20260604,77.959999,81.059998,,,,83.150002,72.169998,,,,,,-4.537,pending,,2026-06-22T13:13:49+00:00
trackb_cont_PRLB_20260605,78.940002,,,,,83.150002,72.169998,,,,,,-4.537,pending,,2026-06-22T13:13:49+00:00
trackb_cont_PRLB_20260608,78.529999,,,,,83.150002,72.900002,,,,,,-3.5714,pending,,2026-06-22T13:13:49+00:00
trackb_cont_PRLB_20260611,81.059998,,,,,83.150002,73.190002,,,,,,-0.7997,pending,,2026-06-22T13:13:49+00:00
trackb_cont_PRLB_20260616,,,,,,83.150002,77.580002,,,,,,-2.1134,pending,,2026-06-22T13:13:49+00:00
trackb_cont_PRLB_20260617,,,,,,82.089996,77.580002,,,,,,-2.1134,pending,,2026-06-22T13:13:49+00:00
trackb_cont_PRLB_20260618,,,,,,82.089996,79.599998,,,,,,0.0377,pending,,2026-06-22T13:13:49+00:00
trackb_cont_PRLB_20260619,,,,,,,,,,,,,,pending,,2026-06-22T13:13:49+00:00
trackb_cont_PRLB_20260622,,,,,,,,,,,,,,pending,,2026-06-22T13:13:49+00:00
trackb_cont_PRMB_20260603,22.879999,23.700001,,,,24.809999,22.67,,,,,,-6.3417,pending,,2026-06-22T13:14:28+00:00
trackb_cont_PRMB_20260604,23.540001,24.27,,,,24.809999,22.67,,,,,,-6.3417,pending,,2026-06-22T13:14:28+00:00
trackb_cont_PRMB_20260605,24.15,,,,,24.809999,22.67,,,,,,-6.3417,pending,,2026-06-22T13:14:28+00:00
trackb_cont_PRSU_20260603,46.360001,48.68,,,,52.040001,43.09,,,,,,-0.9653,pending,,2026-06-22T13:15:22+00:00
trackb_cont_PRSU_20260604,47.75,50.939999,,,,52.040001,43.09,,,,,,-0.9653,pending,,2026-06-22T13:15:22+00:00
trackb_cont_PRSU_20260605,47.959999,,,,,52.040001,43.48,,,,,,-0.069,pending,,2026-06-22T13:15:22+00:00
trackb_cont_PRSU_20260608,48.59,,,,,52.040001,44.02,,,,,,0.2277,pending,,2026-06-22T13:15:22+00:00
trackb_cont_PRSU_20260611,50.939999,,,,,52.040001,46.540001,,,,,,0.3883,pending,,2026-06-22T13:15:22+00:00
trackb_cont_PRSU_20260612,,,,,,52.040001,47.560001,,,,,,-0.3979,pending,,2026-06-22T13:15:22+00:00
trackb_cont_PRSU_20260615,,,,,,52.040001,47.950001,,,,,,-0.6218,pending,,2026-06-22T13:15:22+00:00
trackb_cont_PRSU_20260616,,,,,,52.040001,48.200001,,,,,,0.0,pending,,2026-06-22T13:15:22+00:00
trackb_cont_PRSU_20260617,,,,,,52.040001,48.66,,,,,,0.9544,pending,,2026-06-22T13:15:22+00:00
trackb_cont_PRSU_20260618,,,,,,52.040001,49.240002,,,,,,1.1504,pending,,2026-06-22T13:15:22+00:00
trackb_cont_PRSU_20260619,,,,,,,,,,,,,,pending,,2026-06-22T13:15:22+00:00
trackb_cont_PRSU_20260622,,,,,,,,,,,,,,pending,,2026-06-22T13:15:22+00:00
trackb_cont_PRU_20260603,105.169998,107.010002,,,,110.889999,100.400002,,,,,,-0.5694,pending,,2026-06-22T13:14:25+00:00
trackb_cont_PRU_20260604,106.510002,106.529999,,,,110.889999,101.68,,,,,,0.6982,pending,,2026-06-22T13:14:25+00:00
trackb_cont_PRU_20260605,108.5,,,,,110.889999,102.599998,,,,,,1.6093,pending,,2026-06-22T13:14:25+00:00
trackb_cont_PRU_20260608,108.690002,,,,,110.889999,102.599998,,,,,,-1.9308,pending,,2026-06-22T13:14:25+00:00
trackb_cont_PRU_20260610,107.010002,,,,,110.889999,103.699997,,,,,,-0.0193,pending,,2026-06-22T13:14:25+00:00
trackb_cont_PRU_20260611,106.529999,,,,,110.889999,104.989998,,,,,,-0.1712,pending,,2026-06-22T13:14:25+00:00
trackb_cont_PRU_20260612,,,,,,110.889999,106.470001,,,,,,-0.0376,pending,,2026-06-22T13:14:25+00:00
trackb_cont_PRU_20260615,,,,,,110.889999,106.470001,,,,,,-2.696,pending,,2026-06-22T13:14:25+00:00
trackb_cont_PRU_20260616,,,,,,110.889999,106.470001,,,,,,-2.5179,pending,,2026-06-22T13:14:25+00:00
trackb_cont_PRU_20260617,,,,,,109.400002,106.470001,,,,,,-2.5179,pending,,2026-06-22T13:14:25+00:00
trackb_cont_PRVA_20260616,,,,,,23.834999,23.09,,,,,,0.3913,pending,,2026-06-22T13:17:20+00:00
trackb_cont_PRVA_20260617,,,,,,23.834999,23.09,,,,,,0.3913,pending,,2026-06-22T13:17:20+00:00
trackb_cont_PRVA_20260622,,,,,,,,,,,,,,pending,,2026-06-22T13:17:20+00:00
trackb_cont_PSA_20260616,,,,,,325.51001,311.230011,,,,,,-3.1266,pending,,2026-06-22T13:17:20+00:00
trackb_cont_PSA_20260617,,,,,,320.309998,311.230011,,,,,,-3.1266,pending,,2026-06-22T13:17:20+00:00
trackb_cont_PSA_20260618,,,,,,320.309998,314.609985,,,,,,-2.0746,pending,,2026-06-22T13:17:20+00:00
trackb_cont_PSA_20260619,,,,,,,,,,,,,,pending,,2026-06-22T13:17:20+00:00
trackb_cont_PSMT_20260603,174.740005,178.429993,,,,183.190002,168.800003,,,,,,-1.3442,pending,,2026-06-22T13:15:23+00:00
trackb_cont_PSMT_20260604,180.289993,182.020004,,,,183.190002,171.600006,,,,,,0.2922,pending,,2026-06-22T13:15:23+00:00
trackb_cont_PSMT_20260605,182.300003,,,,,183.190002,172.539993,,,,,,0.8416,pending,,2026-06-22T13:15:23+00:00
trackb_cont_PSMT_20260608,179.729996,,,,,183.190002,174.149994,,,,,,0.1035,pending,,2026-06-22T13:15:23+00:00
trackb_cont_PSMT_20260609,179.649994,,,,,183.190002,174.149994,,,,,,-1.6268,pending,,2026-06-22T13:15:23+00:00
trackb_cont_PSMT_20260612,,,,,,183.190002,176.339996,,,,,,-2.1909,pending,,2026-06-22T13:15:23+00:00
trackb_cont_PSMT_20260616,,,,,,182.410004,176.339996,,,,,,-3.2269,pending,,2026-06-22T13:15:23+00:00
trackb_cont_PSMT_20260617,,,,,,182.410004,176.339996,,,,,,-3.2269,pending,,2026-06-22T13:15:23+00:00
trackb_cont_PSMT_20260618,,,,,,182.410004,178.559998,,,,,,0.0729,pending,,2026-06-22T13:15:23+00:00
trackb_cont_PSMT_20260619,,,,,,,,,,,,,,pending,,2026-06-22T13:15:23+00:00
trackb_cont_PSMT_20260622,,,,,,,,,,,,,,pending,,2026-06-22T13:15:23+00:00
trackb_cont_PSN_20260603,56.470001,54.82,,,,62.105,51.720001,,,,,,-13.1413,pending,,2026-06-22T13:14:17+00:00
trackb_cont_PSN_20260604,57.279999,52.209999,,,,62.105,51.720001,,,,,,-13.1413,pending,,2026-06-22T13:14:17+00:00
trackb_cont_PSN_20260605,56.700001,,,,,61.919998,51.720001,,,,,,-13.1413,pending,,2026-06-22T13:14:17+00:00
trackb_cont_PSN_20260608,55.490002,,,,,59.779999,51.720001,,,,,,-13.1413,pending,,2026-06-22T13:14:17+00:00
trackb_cont_PSN_20260609,55.66,,,,,59.040001,51.720001,,,,,,-10.5654,pending,,2026-06-22T13:14:17+00:00
trackb_cont_PSN_20260611,52.209999,,,,,58.330002,51.720001,,,,,,-8.4115,pending,,2026-06-22T13:14:17+00:00
trackb_cont_PSTL_20260615,,,,,,23.987,22.27,,,,,,-6.6834,pending,,2026-06-22T13:17:07+00:00
trackb_cont_PSTL_20260616,,,,,,23.74,22.27,,,,,,-4.6661,pending,,2026-06-22T13:17:07+00:00
trackb_cont_PSTL_20260617,,,,,,23.74,22.27,,,,,,-4.6661,pending,,2026-06-22T13:17:07+00:00
trackb_cont_PSTL_20260618,,,,,,22.84,22.309999,,,,,,-4.4949,pending,,2026-06-22T13:17:07+00:00
trackb_cont_PSTL_20260619,,,,,,,,,,,,,,pending,,2026-06-22T13:17:07+00:00
trackb_cont_PSX_20260603,181.720001,167.169998,,,,188.0,164.100006,,,,,,-11.9966,pending,,2026-06-22T13:14:28+00:00
trackb_cont_PSX_20260604,178.100006,166.139999,,,,188.0,164.100006,,,,,,-11.9966,pending,,2026-06-22T13:14:28+00:00
trackb_cont_PSX_20260605,179.449997,,,,,188.0,164.100006,,,,,,-11.9966,pending,,2026-06-22T13:14:28+00:00
trackb_cont_PSX_20260608,173.259995,,,,,188.0,164.100006,,,,,,-10.367,pending,,2026-06-22T13:14:28+00:00
trackb_cont_PSX_20260609,172.0,,,,,185.979996,164.100006,,,,,,-10.5332,pending,,2026-06-22T13:14:28+00:00
trackb_cont_PTON_20260603,5.59,5.53,,,,6.3,5.45,,,,,,-9.6935,pending,,2026-06-22T13:14:34+00:00
trackb_cont_PTON_20260604,5.65,5.77,,,,6.3,5.45,,,,,,-9.6935,pending,,2026-06-22T13:14:34+00:00
trackb_cont_PTON_20260605,5.55,,,,,6.17,5.45,,,,,,-9.6935,pending,,2026-06-22T13:14:34+00:00
trackb_cont_PTON_20260608,5.8,,,,,5.985,5.45,,,,,,-5.5459,pending,,2026-06-22T13:14:34+00:00
trackb_cont_PUSA_20260603,4.93,4.38,,,,6.57,4.08,,,,,,-30.6122,pending,,2026-06-22T13:13:55+00:00
trackb_cont_PUSA_20260604,5.06,4.21,,,,6.28,4.08,,,,,,-30.6122,pending,,2026-06-22T13:13:55+00:00
trackb_cont_PUSA_20260605,4.71,,,,,5.88,4.08,,,,,,-30.6122,pending,,2026-06-22T13:13:55+00:00
trackb_cont_PUSA_20260608,4.5,,,,,5.55,4.08,,,,,,-20.9302,pending,,2026-06-22T13:13:55+00:00
trackb_cont_PVH_20260603,78.32,76.419998,,,,100.75,69.0,,,,,,-31.1927,pending,,2026-06-22T13:14:04+00:00
trackb_cont_PVH_20260604,81.809998,77.07,,,,85.279999,69.0,,,,,,-31.1927,pending,,2026-06-22T13:14:04+00:00
trackb_cont_PVH_20260605,81.959999,,,,,85.279999,75.370003,,,,,,-24.8404,pending,,2026-06-22T13:14:04+00:00
trackb_cont_PXED_20260603,30.870001,29.92,,,,31.940001,29.27,,,,,,-2.7575,pending,,2026-06-22T13:15:33+00:00
trackb_cont_PXED_20260604,31.26,30.540001,,,,31.940001,29.27,,,,,,-2.7575,pending,,2026-06-22T13:15:33+00:00
trackb_cont_PXED_20260605,30.809999,,,,,31.91,29.27,,,,,,-2.7575,pending,,2026-06-22T13:15:33+00:00
trackb_cont_PXED_20260608,29.75,,,,,31.91,29.27,,,,,,-3.4949,pending,,2026-06-22T13:15:33+00:00
trackb_cont_PXED_20260612,,,,,,31.91,29.27,,,,,,-6.366,pending,,2026-06-22T13:15:33+00:00
trackb_cont_PXED_20260616,,,,,,31.24,29.27,,,,,,-3.3993,pending,,2026-06-22T13:15:33+00:00
trackb_cont_PXED_20260617,,,,,,31.08,29.27,,,,,,-3.3993,pending,,2026-06-22T13:15:33+00:00
trackb_cont_PXED_20260618,,,,,,30.65,29.27,,,,,,-3.3993,pending,,2026-06-22T13:15:33+00:00
trackb_cont_PXED_20260619,,,,,,,,,,,,,,pending,,2026-06-22T13:15:33+00:00
trackb_cont_QBTS_20260603,23.25,22.92,,,,29.950001,22.35,,,,,,-19.0657,pending,,2026-06-22T13:14:33+00:00
trackb_cont_QBTS_20260604,23.82,24.690001,,,,28.82,22.35,,,,,,-19.0657,pending,,2026-06-22T13:14:33+00:00
trackb_cont_QBTS_20260605,23.370001,,,,,27.15,22.35,,,,,,-19.0657,pending,,2026-06-22T13:14:33+00:00
trackb_cont_QBTS_20260608,26.26,,,,,27.15,22.35,,,,,,-6.2893,pending,,2026-06-22T13:14:33+00:00
trackb_cont_QCOM_20260603,191.199997,212.970001,,,,255.089996,190.100006,,,,,,-23.9843,pending,,2026-06-22T13:15:05+00:00
trackb_cont_QCOM_20260604,202.960007,226.110001,,,,246.699997,190.100006,,,,,,-23.9843,pending,,2026-06-22T13:15:05+00:00
trackb_cont_QCOM_20260605,211.720001,,,,,238.440002,190.100006,,,,,,-23.9843,pending,,2026-06-22T13:15:05+00:00
trackb_cont_QCOM_20260608,220.809998,,,,,231.190002,190.100006,,,,,,-23.9843,pending,,2026-06-22T13:15:05+00:00
trackb_cont_QMCO_20260603,12.59,14.95,,,,18.48,11.75,,,,,,-14.9783,pending,,2026-06-22T13:14:20+00:00
trackb_cont_QMCO_20260604,13.06,15.6,,,,18.48,11.75,,,,,,-14.9783,pending,,2026-06-22T13:14:20+00:00
trackb_cont_QMCO_20260605,13.74,,,,,16.379999,11.75,,,,,,-14.9783,pending,,2026-06-22T13:14:20+00:00
trackb_cont_QMCO_20260608,13.97,,,,,16.379999,11.75,,,,,,-14.9783,pending,,2026-06-22T13:14:20+00:00
trackb_cont_QNST_20260618,,,,,,13.15,12.63,,,,,,-1.0963,pending,,2026-06-22T13:16:17+00:00
trackb_cont_QNST_20260619,,,,,,,,,,,,,,pending,,2026-06-22T13:16:17+00:00
trackb_cont_QNST_20260622,,,,,,,,,,,,,,pending,,2026-06-22T13:16:17+00:00
trackb_cont_QS_20260603,7.0,6.9,,,,9.325,6.85,,,,,,-22.598,pending,,2026-06-22T13:14:57+00:00
trackb_cont_QS_20260604,7.23,8.04,,,,9.24,6.85,,,,,,-22.598,pending,,2026-06-22T13:14:57+00:00
trackb_cont_QS_20260605,7.09,,,,,8.865,6.85,,,,,,-22.598,pending,,2026-06-22T13:14:57+00:00
trackb_cont_QS_20260608,7.23,,,,,8.08,6.85,,,,,,-10.691,pending,,2026-06-22T13:14:57+00:00
trackb_cont_RAL_20260603,62.450001,67.230003,,,,70.220001,59.764999,,,,,,-4.1613,pending,,2026-06-22T13:14:15+00:00
trackb_cont_RAL_20260604,65.57,68.18,,,,70.220001,59.764999,,,,,,-4.1613,pending,,2026-06-22T13:14:15+00:00
trackb_cont_RAL_20260605,66.080002,,,,,70.220001,59.764999,,,,,,-4.1613,pending,,2026-06-22T13:14:15+00:00
trackb_cont_RAL_20260608,68.769997,,,,,70.220001,60.5,,,,,,0.5484,pending,,2026-06-22T13:14:15+00:00
trackb_cont_RAL_20260610,67.230003,,,,,70.220001,61.919998,,,,,,1.4583,pending,,2026-06-22T13:14:15+00:00
trackb_cont_RAL_20260611,68.18,,,,,70.220001,63.419998,,,,,,1.5532,pending,,2026-06-22T13:14:15+00:00
trackb_cont_RAL_20260616,,,,,,70.220001,67.129997,,,,,,-1.6194,pending,,2026-06-22T13:14:15+00:00
trackb_cont_RAL_20260617,,,,,,70.220001,67.129997,,,,,,-1.6194,pending,,2026-06-22T13:14:15+00:00
trackb_cont_RAL_20260618,,,,,,69.514999,67.620003,,,,,,-0.9013,pending,,2026-06-22T13:14:15+00:00
trackb_cont_RAL_20260619,,,,,,,,,,,,,,pending,,2026-06-22T13:14:15+00:00
trackb_cont_RBA_20260616,,,,,,111.629997,106.919998,,,,,,-2.4631,pending,,2026-06-22T13:17:20+00:00
trackb_cont_RBA_20260617,,,,,,111.290001,106.919998,,,,,,-2.4631,pending,,2026-06-22T13:17:20+00:00
trackb_cont_RBA_20260618,,,,,,110.620003,107.199997,,,,,,-2.2076,pending,,2026-06-22T13:17:20+00:00
trackb_cont_RBA_20260619,,,,,,,,,,,,,,pending,,2026-06-22T13:17:20+00:00
trackb_cont_RBLX_20260618,,,,,,53.02,48.16,,,,,,0.2915,pending,,2026-06-22T13:15:39+00:00
trackb_cont_RBLX_20260619,,,,,,,,,,,,,,pending,,2026-06-22T13:15:39+00:00
trackb_cont_RBLX_20260622,,,,,,,,,,,,,,pending,,2026-06-22T13:15:39+00:00
trackb_cont_RBRK_20260603,71.32,69.239998,,,,80.730003,66.370003,,,,,,-14.8229,pending,,2026-06-22T13:14:40+00:00
trackb_cont_RBRK_20260604,71.449997,70.220001,,,,78.25,66.370003,,,,,,-14.8229,pending,,2026-06-22T13:14:40+00:00
trackb_cont_RBRK_20260605,68.190002,,,,,78.080002,66.370003,,,,,,-14.8229,pending,,2026-06-22T13:14:40+00:00
trackb_cont_RBRK_20260608,69.790001,,,,,75.32,66.370003,,,,,,-14.8229,pending,,2026-06-22T13:14:40+00:00
trackb_cont_RCAT_20260603,10.895,11.2,,,,15.225,10.571,,,,,,-22.7548,pending,,2026-06-22T13:14:31+00:00
trackb_cont_RCAT_20260604,12.01,11.44,,,,15.225,10.571,,,,,,-22.7548,pending,,2026-06-22T13:14:31+00:00
trackb_cont_RCAT_20260605,11.18,,,,,14.48,10.571,,,,,,-22.7548,pending,,2026-06-22T13:14:31+00:00
trackb_cont_RCAT_20260608,11.97,,,,,13.33,10.571,,,,,,-16.6325,pending,,2026-06-22T13:14:31+00:00
trackb_cont_RCL_20260603,268.730011,301.470001,,,,319.450012,266.01001,,,,,,-9.1527,pending,,2026-06-22T13:14:05+00:00
trackb_cont_RCL_20260604,287.959991,312.51001,,,,319.450012,266.01001,,,,,,-9.1527,pending,,2026-06-22T13:14:05+00:00
trackb_cont_RCL_20260605,294.380005,,,,,319.450012,266.01001,,,,,,-9.1527,pending,,2026-06-22T13:14:05+00:00
trackb_cont_RCL_20260608,313.670013,,,,,319.450012,266.01001,,,,,,-4.9964,pending,,2026-06-22T13:14:05+00:00
trackb_cont_RCL_20260610,301.470001,,,,,319.450012,266.01001,,,,,,-2.2022,pending,,2026-06-22T13:14:05+00:00
trackb_cont_RCL_20260616,,,,,,319.450012,300.829987,,,,,,-3.7159,pending,,2026-06-22T13:14:05+00:00
trackb_cont_RCL_20260617,,,,,,317.0,300.829987,,,,,,-3.7159,pending,,2026-06-22T13:14:05+00:00
trackb_cont_RCL_20260618,,,,,,315.910004,308.100006,,,,,,-1.3891,pending,,2026-06-22T13:14:05+00:00
trackb_cont_RCL_20260619,,,,,,,,,,,,,,pending,,2026-06-22T13:14:05+00:00
trackb_cont_RDDT_20260608,181.880005,,,,,183.119995,158.360001,,,,,,-8.6999,pending,,2026-06-22T13:15:53+00:00
trackb_cont_RDDT_20260610,165.949997,,,,,182.410004,158.360001,,,,,,-7.4622,pending,,2026-06-22T13:15:53+00:00
trackb_cont_REG_20260612,,,,,,81.040001,76.690002,,,,,,-4.9572,pending,,2026-06-22T13:16:46+00:00
trackb_cont_REG_20260616,,,,,,79.779999,76.690002,,,,,,-3.1447,pending,,2026-06-22T13:16:46+00:00
trackb_cont_REG_20260617,,,,,,78.93,76.690002,,,,,,-3.1447,pending,,2026-06-22T13:16:46+00:00
trackb_cont_REG_20260618,,,,,,77.830002,76.690002,,,,,,-3.1447,pending,,2026-06-22T13:16:46+00:00
trackb_cont_REG_20260619,,,,,,,,,,,,,,pending,,2026-06-22T13:16:46+00:00
trackb_cont_REYN_20260610,23.33,,,,,23.92,23.08,,,,,,2.8062,pending,,2026-06-22T13:16:19+00:00
trackb_cont_REYN_20260616,,,,,,23.92,23.139999,,,,,,-1.866,pending,,2026-06-22T13:16:19+00:00
trackb_cont_REYN_20260617,,,,,,23.92,23.139999,,,,,,-1.866,pending,,2026-06-22T13:16:19+00:00
trackb_cont_REYN_20260618,,,,,,23.92,23.305,,,,,,-0.1072,pending,,2026-06-22T13:16:19+00:00
trackb_cont_REYN_20260619,,,,,,,,,,,,,,pending,,2026-06-22T13:16:19+00:00
trackb_cont_REYN_20260622,,,,,,,,,,,,,,pending,,2026-06-22T13:16:19+00:00
trackb_cont_RFIL_20260603,16.700001,16.860001,,,,20.0,14.22,,,,,,-23.363,pending,,2026-06-22T13:14:54+00:00
trackb_cont_RFIL_20260604,18.57,17.809999,,,,20.0,14.22,,,,,,-23.363,pending,,2026-06-22T13:14:54+00:00
trackb_cont_RFIL_20260605,18.75,,,,,20.0,14.22,,,,,,-23.363,pending,,2026-06-22T13:14:54+00:00
trackb_cont_RFIL_20260608,18.120001,,,,,20.0,14.22,,,,,,-11.3466,pending,,2026-06-22T13:14:54+00:00
trackb_cont_RFIL_20260616,,,,,,17.809999,14.22,,,,,,-22.5068,pending,,2026-06-22T13:14:54+00:00
trackb_cont_RFIL_20260617,,,,,,17.809999,16.07,,,,,,-12.4251,pending,,2026-06-22T13:14:54+00:00
trackb_cont_RF_20260603,28.58,28.65,,,,29.59,27.32,,,,,,-0.5098,pending,,2026-06-22T13:14:29+00:00
trackb_cont_RF_20260604,28.889999,28.620001,,,,29.59,27.530001,,,,,,0.2549,pending,,2026-06-22T13:14:29+00:00
trackb_cont_RF_20260605,29.27,,,,,29.59,28.1,,,,,,2.3307,pending,,2026-06-22T13:14:29+00:00
trackb_cont_RF_20260608,28.6,,,,,29.59,28.1,,,,,,-1.5417,pending,,2026-06-22T13:14:29+00:00
trackb_cont_RF_20260609,29.0,,,,,29.59,28.1,,,,,,-1.6106,pending,,2026-06-22T13:14:29+00:00
trackb_cont_RF_20260612,,,,,,29.59,28.48,,,,,,-1.4192,pending,,2026-06-22T13:14:29+00:00
trackb_cont_RF_20260615,,,,,,29.59,28.48,,,,,,-3.0963,pending,,2026-06-22T13:14:29+00:00
trackb_cont_RF_20260616,,,,,,29.24,28.48,,,,,,-1.4021,pending,,2026-06-22T13:14:29+00:00
trackb_cont_RF_20260617,,,,,,29.24,28.48,,,,,,-1.4021,pending,,2026-06-22T13:14:29+00:00
trackb_cont_RGEN_20260611,132.020004,,,,,136.539993,127.480003,,,,,,-2.5084,pending,,2026-06-22T13:16:26+00:00
trackb_cont_RGEN_20260616,,,,,,136.539993,127.480003,,,,,,-3.3657,pending,,2026-06-22T13:16:26+00:00
trackb_cont_RGEN_20260617,,,,,,136.539993,127.480003,,,,,,-3.3657,pending,,2026-06-22T13:16:26+00:00
trackb_cont_RGEN_20260618,,,,,,133.570007,127.480003,,,,,,-4.5451,pending,,2026-06-22T13:16:26+00:00
trackb_cont_RGEN_20260619,,,,,,,,,,,,,,pending,,2026-06-22T13:16:26+00:00
trackb_cont_RGEN_20260622,,,,,,,,,,,,,,pending,,2026-06-22T13:16:26+00:00
trackb_cont_RGP_20260603,4.71,4.29,,,,4.77,4.22,,,,,,-5.4871,pending,,2026-06-22T13:15:10+00:00
trackb_cont_RGP_20260604,4.67,4.23,,,,4.77,4.22,,,,,,-5.4871,pending,,2026-06-22T13:15:10+00:00
trackb_cont_RGP_20260605,4.65,,,,,4.77,4.22,,,,,,-5.4871,pending,,2026-06-22T13:15:10+00:00
trackb_cont_RGP_20260608,4.36,,,,,4.77,4.22,,,,,,-5.4871,pending,,2026-06-22T13:15:10+00:00
trackb_cont_RGP_20260611,4.23,,,,,4.77,4.22,,,,,,-10.4034,pending,,2026-06-22T13:15:10+00:00
trackb_cont_RGP_20260612,,,,,,4.76,4.22,,,,,,-9.636,pending,,2026-06-22T13:15:10+00:00
trackb_cont_RGP_20260616,,,,,,4.49,4.22,,,,,,-5.0619,pending,,2026-06-22T13:15:10+00:00
trackb_cont_RGP_20260617,,,,,,4.49,4.22,,,,,,-5.0619,pending,,2026-06-22T13:15:10+00:00
trackb_cont_RGTI_20260603,19.445,20.245001,,,,28.059999,18.469999,,,,,,-24.3585,pending,,2026-06-22T13:14:15+00:00
trackb_cont_RGTI_20260604,20.629999,21.360001,,,,25.02,18.469999,,,,,,-24.3585,pending,,2026-06-22T13:14:15+00:00
trackb_cont_RGTI_20260605,20.98,,,,,23.565001,18.469999,,,,,,-24.3585,pending,,2026-06-22T13:14:15+00:00
trackb_cont_RGTI_20260608,22.700001,,,,,23.565001,18.469999,,,,,,-24.3585,pending,,2026-06-22T13:14:15+00:00
trackb_cont_RHI_20260603,31.24,32.259998,,,,33.259998,29.16,,,,,,-1.2362,pending,,2026-06-22T13:14:46+00:00
trackb_cont_RHI_20260604,31.59,31.59,,,,33.259998,29.969999,,,,,,1.5072,pending,,2026-06-22T13:14:46+00:00
trackb_cont_RHI_20260605,32.490002,,,,,33.259998,30.370001,,,,,,2.862,pending,,2026-06-22T13:14:46+00:00
trackb_cont_RHI_20260608,32.07,,,,,33.259998,30.370001,,,,,,-2.8471,pending,,2026-06-22T13:14:46+00:00
trackb_cont_RHI_20260616,,,,,,33.259998,31.139999,,,,,,-5.7506,pending,,2026-06-22T13:14:46+00:00
trackb_cont_RHI_20260617,,,,,,33.259998,31.139999,,,,,,-5.7506,pending,,2026-06-22T13:14:46+00:00
trackb_cont_RHI_20260618,,,,,,32.509998,31.139999,,,,,,-4.1994,pending,,2026-06-22T13:14:46+00:00
trackb_cont_RHI_20260619,,,,,,,,,,,,,,pending,,2026-06-22T13:14:46+00:00
trackb_cont_RHI_20260622,,,,,,,,,,,,,,pending,,2026-06-22T13:14:46+00:00
trackb_cont_RHLD_20260615,,,,,,139.279999,122.75,,,,,,-7.8661,pending,,2026-06-22T13:17:00+00:00
trackb_cont_RHLD_20260616,,,,,,132.0,122.75,,,,,,-6.5581,pending,,2026-06-22T13:17:00+00:00
trackb_cont_RHLD_20260617,,,,,,132.0,124.25,,,,,,-5.4162,pending,,2026-06-22T13:17:00+00:00
trackb_cont_RHP_20260603,118.669998,122.349998,,,,126.269997,112.739998,,,,,,-2.4234,pending,,2026-06-22T13:14:50+00:00
trackb_cont_RHP_20260604,121.449997,125.150002,,,,126.269997,114.580002,,,,,,-0.8309,pending,,2026-06-22T13:14:50+00:00
trackb_cont_RHP_20260605,122.809998,,,,,126.269997,116.269997,,,,,,0.6318,pending,,2026-06-22T13:14:50+00:00
trackb_cont_RHP_20260608,122.470001,,,,,126.269997,118.080002,,,,,,2.1984,pending,,2026-06-22T13:14:50+00:00
trackb_cont_RHP_20260611,125.150002,,,,,126.269997,119.470001,,,,,,0.6741,pending,,2026-06-22T13:14:50+00:00
trackb_cont_RHP_20260616,,,,,,126.269997,121.330002,,,,,,-0.9025,pending,,2026-06-22T13:14:50+00:00
trackb_cont_RHP_20260617,,,,,,126.269997,121.330002,,,,,,-0.9025,pending,,2026-06-22T13:14:50+00:00
trackb_cont_RHP_20260618,,,,,,126.269997,123.519997,,,,,,0.9563,pending,,2026-06-22T13:14:50+00:00
trackb_cont_RHP_20260619,,,,,,,,,,,,,,pending,,2026-06-22T13:14:50+00:00
trackb_cont_RHP_20260622,,,,,,,,,,,,,,pending,,2026-06-22T13:14:50+00:00
trackb_cont_RH_20260603,148.690002,135.669998,,,,163.559998,135.559998,,,,,,-8.9713,pending,,2026-06-22T13:14:10+00:00
trackb_cont_RH_20260604,159.320007,148.089996,,,,163.559998,135.559998,,,,,,-8.9713,pending,,2026-06-22T13:14:10+00:00
trackb_cont_RH_20260605,153.039993,,,,,163.559998,135.559998,,,,,,-8.9713,pending,,2026-06-22T13:14:10+00:00
trackb_cont_RH_20260608,148.119995,,,,,163.559998,135.559998,,,,,,-8.9713,pending,,2026-06-22T13:14:10+00:00
trackb_cont_RH_20260610,135.669998,,,,,163.559998,135.559998,,,,,,-7.6567,pending,,2026-06-22T13:14:10+00:00
trackb_cont_RH_20260611,148.089996,,,,,163.559998,135.559998,,,,,,-8.8305,pending,,2026-06-22T13:14:10+00:00
trackb_cont_RH_20260612,,,,,,163.559998,135.559998,,,,,,-14.9134,pending,,2026-06-22T13:14:10+00:00
trackb_cont_RH_20260615,,,,,,162.75,135.559998,,,,,,-15.275,pending,,2026-06-22T13:14:10+00:00
trackb_cont_RH_20260616,,,,,,152.75,135.559998,,,,,,-9.9269,pending,,2026-06-22T13:14:10+00:00
trackb_cont_RH_20260617,,,,,,152.190002,135.559998,,,,,,-9.9269,pending,,2026-06-22T13:14:10+00:00
trackb_cont_RIOT_20260603,24.08,27.43,,,,28.799999,23.665001,,,,,,-15.4066,pending,,2026-06-22T13:14:51+00:00
trackb_cont_RIOT_20260604,26.139999,28.1,,,,28.799999,23.665001,,,,,,-15.4066,pending,,2026-06-22T13:14:51+00:00
trackb_cont_RIOT_20260605,26.610001,,,,,28.799999,23.665001,,,,,,-15.4066,pending,,2026-06-22T13:14:51+00:00
trackb_cont_RIOT_20260608,27.379999,,,,,28.799999,23.665001,,,,,,-15.4066,pending,,2026-06-22T13:14:51+00:00
trackb_cont_RIVN_20260603,14.76,16.26,,,,18.549999,14.482,,,,,,-18.0187,pending,,2026-06-22T13:14:18+00:00
trackb_cont_RIVN_20260604,15.54,16.52,,,,18.549999,14.482,,,,,,-18.0187,pending,,2026-06-22T13:14:18+00:00
trackb_cont_RIVN_20260605,16.76,,,,,18.0,14.482,,,,,,-18.0187,pending,,2026-06-22T13:14:18+00:00
trackb_cont_RIVN_20260608,16.68,,,,,17.6,14.482,,,,,,-11.4251,pending,,2026-06-22T13:14:18+00:00
trackb_cont_RJF_20260618,,,,,,160.380005,155.600006,,,,,,-1.9966,pending,,2026-06-22T13:17:40+00:00
trackb_cont_RJF_20260619,,,,,,,,,,,,,,pending,,2026-06-22T13:17:40+00:00
trackb_cont_RJF_20260622,,,,,,,,,,,,,,pending,,2026-06-22T13:17:40+00:00
trackb_cont_RLGT_20260603,8.88,8.75,,,,9.45,8.43,,,,,,-1.8626,pending,,2026-06-22T13:14:34+00:00
trackb_cont_RLGT_20260604,9.1,8.97,,,,9.45,8.44,,,,,,-1.7462,pending,,2026-06-22T13:14:34+00:00
trackb_cont_RLGT_20260605,9.2,,,,,9.45,8.56,,,,,,-0.3492,pending,,2026-06-22T13:14:34+00:00
trackb_cont_RLGT_20260608,9.12,,,,,9.45,8.65,,,,,,0.9335,pending,,2026-06-22T13:14:34+00:00
trackb_cont_RLGT_20260610,8.75,,,,,9.35,8.68,,,,,,-3.5556,pending,,2026-06-22T13:14:34+00:00
trackb_cont_RLGT_20260615,,,,,,9.35,8.68,,,,,,-6.5159,pending,,2026-06-22T13:14:34+00:00
trackb_cont_RLGT_20260616,,,,,,9.28,8.68,,,,,,-6.0606,pending,,2026-06-22T13:14:34+00:00
trackb_cont_RLGT_20260617,,,,,,9.18,8.68,,,,,,-6.0606,pending,,2026-06-22T13:14:34+00:00
trackb_cont_RLGT_20260618,,,,,,9.18,8.77,,,,,,0.2286,pending,,2026-06-22T13:14:34+00:00
trackb_cont_RLGT_20260619,,,,,,,,,,,,,,pending,,2026-06-22T13:14:34+00:00
trackb_cont_RLI_20260610,52.75,,,,,54.849998,51.779999,,,,,,-0.6333,pending,,2026-06-22T13:15:39+00:00
trackb_cont_RLI_20260612,,,,,,54.849998,51.779999,,,,,,-4.3414,pending,,2026-06-22T13:15:39+00:00
trackb_cont_RLI_20260615,,,,,,54.639999,51.779999,,,,,,-3.8083,pending,,2026-06-22T13:15:39+00:00
trackb_cont_RLI_20260616,,,,,,54.560001,51.779999,,,,,,-4.5266,pending,,2026-06-22T13:15:39+00:00
trackb_cont_RLI_20260617,,,,,,54.560001,51.779999,,,,,,-4.5266,pending,,2026-06-22T13:15:39+00:00
trackb_cont_RLI_20260618,,,,,,53.220001,51.779999,,,,,,-4.5266,pending,,2026-06-22T13:15:39+00:00
trackb_cont_RLI_20260619,,,,,,,,,,,,,,pending,,2026-06-22T13:15:39+00:00
trackb_cont_RLJ_20260603,10.64,11.1,,,,11.48,9.99,,,,,,-1.1381,pending,,2026-06-22T13:14:03+00:00
trackb_cont_RLJ_20260604,10.97,11.43,,,,11.48,10.24,,,,,,1.336,pending,,2026-06-22T13:14:03+00:00
trackb_cont_RLJ_20260605,11.02,,,,,11.48,10.47,,,,,,3.6121,pending,,2026-06-22T13:14:03+00:00
trackb_cont_RLJ_20260608,11.07,,,,,11.48,10.47,,,,,,3.6121,pending,,2026-06-22T13:14:03+00:00
trackb_cont_RLJ_20260609,11.26,,,,,11.48,10.47,,,,,,-0.3806,pending,,2026-06-22T13:14:03+00:00
trackb_cont_RLJ_20260610,11.1,,,,,11.48,10.56,,,,,,0.4757,pending,,2026-06-22T13:14:03+00:00
trackb_cont_RLJ_20260611,11.43,,,,,11.48,10.72,,,,,,0.7519,pending,,2026-06-22T13:14:03+00:00
trackb_cont_RLJ_20260612,,,,,,11.48,10.97,,,,,,0.0,pending,,2026-06-22T13:14:03+00:00
trackb_cont_RLJ_20260616,,,,,,11.48,10.99,,,,,,-0.3175,pending,,2026-06-22T13:14:03+00:00
trackb_cont_RLJ_20260617,,,,,,11.48,11.01,,,,,,-0.1361,pending,,2026-06-22T13:14:03+00:00
trackb_cont_RLJ_20260618,,,,,,11.48,11.28,,,,,,2.3129,pending,,2026-06-22T13:14:03+00:00
trackb_cont_RLJ_20260619,,,,,,,,,,,,,,pending,,2026-06-22T13:14:03+00:00
trackb_cont_RLJ_20260622,,,,,,,,,,,,,,pending,,2026-06-22T13:14:03+00:00
trackb_cont_RL_20260612,,,,,,421.600006,396.130005,,,,,,0.7196,pending,,2026-06-22T13:16:44+00:00
trackb_cont_RL_20260616,,,,,,418.209991,403.390015,,,,,,-3.0685,pending,,2026-06-22T13:16:44+00:00
trackb_cont_RL_20260617,,,,,,418.209991,403.390015,,,,,,-3.0685,pending,,2026-06-22T13:16:44+00:00
trackb_cont_RL_20260618,,,,,,418.209991,407.079987,,,,,,0.7998,pending,,2026-06-22T13:16:44+00:00
trackb_cont_RL_20260619,,,,,,,,,,,,,,pending,,2026-06-22T13:16:44+00:00
trackb_cont_RL_20260622,,,,,,,,,,,,,,pending,,2026-06-22T13:16:44+00:00
trackb_cont_RMBS_20260603,138.119995,130.100006,,,,174.100006,129.740005,,,,,,-23.6453,pending,,2026-06-22T13:13:51+00:00
trackb_cont_RMBS_20260604,144.470001,141.169998,,,,171.279999,129.740005,,,,,,-23.6453,pending,,2026-06-22T13:13:51+00:00
trackb_cont_RMBS_20260605,146.559998,,,,,161.800003,129.740005,,,,,,-23.6453,pending,,2026-06-22T13:13:51+00:00
trackb_cont_RMBS_20260608,143.289993,,,,,159.630005,129.740005,,,,,,-23.6453,pending,,2026-06-22T13:13:51+00:00
trackb_cont_RMR_20260603,21.049999,20.32,,,,21.450001,19.790001,,,,,,-0.101,pending,,2026-06-22T13:15:14+00:00
trackb_cont_RMR_20260604,20.92,20.450001,,,,21.450001,20.01,,,,,,1.0096,pending,,2026-06-22T13:15:14+00:00
trackb_cont_RMR_20260605,21.370001,,,,,21.450001,20.275,,,,,,2.3473,pending,,2026-06-22T13:15:14+00:00
trackb_cont_RMR_20260608,20.48,,,,,21.450001,20.290001,,,,,,2.423,pending,,2026-06-22T13:15:14+00:00
trackb_cont_RMR_20260616,,,,,,20.74,20.290001,,,,,,-3.5646,pending,,2026-06-22T13:15:14+00:00
trackb_cont_RMR_20260617,,,,,,20.74,20.290001,,,,,,-3.5646,pending,,2026-06-22T13:15:14+00:00
trackb_cont_RMR_20260618,,,,,,20.690001,20.315001,,,,,,-3.4458,pending,,2026-06-22T13:15:14+00:00
trackb_cont_RMR_20260619,,,,,,,,,,,,,,pending,,2026-06-22T13:15:14+00:00
trackb_cont_ROCK_20260615,,,,,,42.900002,40.349998,,,,,,-3.9286,pending,,2026-06-22T13:16:24+00:00
trackb_cont_ROCK_20260616,,,,,,42.900002,40.400002,,,,,,-1.9893,pending,,2026-06-22T13:16:24+00:00
trackb_cont_ROCK_20260617,,,,,,42.900002,40.400002,,,,,,-1.9893,pending,,2026-06-22T13:16:24+00:00
trackb_cont_ROCK_20260618,,,,,,42.310001,40.77,,,,,,-1.0917,pending,,2026-06-22T13:16:24+00:00
trackb_cont_ROCK_20260619,,,,,,,,,,,,,,pending,,2026-06-22T13:16:24+00:00
trackb_cont_ROCK_20260622,,,,,,,,,,,,,,pending,,2026-06-22T13:16:24+00:00
trackb_cont_ROG_20260603,137.470001,158.479996,,,,168.940002,135.520004,,,,,,-10.3822,pending,,2026-06-22T13:14:06+00:00
trackb_cont_ROG_20260604,145.990005,162.679993,,,,168.940002,135.520004,,,,,,-10.3822,pending,,2026-06-22T13:14:06+00:00
trackb_cont_ROG_20260605,151.059998,,,,,168.940002,135.520004,,,,,,-10.3822,pending,,2026-06-22T13:14:06+00:00
trackb_cont_ROG_20260616,,,,,,168.940002,155.059998,,,,,,-0.7552,pending,,2026-06-22T13:14:06+00:00
trackb_cont_ROG_20260617,,,,,,168.940002,155.800003,,,,,,-0.2816,pending,,2026-06-22T13:14:06+00:00
trackb_cont_ROG_20260618,,,,,,165.139999,160.100006,,,,,,2.4706,pending,,2026-06-22T13:14:06+00:00
trackb_cont_ROG_20260619,,,,,,,,,,,,,,pending,,2026-06-22T13:14:06+00:00
trackb_cont_ROG_20260622,,,,,,,,,,,,,,pending,,2026-06-22T13:14:06+00:00
trackb_cont_ROKU_20260616,,,,,,140.550003,137.139999,,,,,,-3.3613,pending,,2026-06-22T13:17:10+00:00
trackb_cont_ROKU_20260617,,,,,,140.320007,137.139999,,,,,,-3.3613,pending,,2026-06-22T13:17:10+00:00
trackb_cont_ROKU_20260618,,,,,,139.699997,137.139999,,,,,,-3.3613,pending,,2026-06-22T13:17:10+00:00
trackb_cont_ROKU_20260619,,,,,,,,,,,,,,pending,,2026-06-22T13:17:10+00:00
trackb_cont_ROK_20260603,440.070007,458.690002,,,,475.920013,439.700012,,,,,,-4.8608,pending,,2026-06-22T13:13:59+00:00
trackb_cont_ROK_20260604,457.589996,473.790009,,,,475.920013,439.700012,,,,,,-4.8608,pending,,2026-06-22T13:13:59+00:00
trackb_cont_ROK_20260605,459.339996,,,,,475.920013,439.700012,,,,,,-4.8608,pending,,2026-06-22T13:13:59+00:00
trackb_cont_ROK_20260608,463.570007,,,,,475.920013,439.700012,,,,,,-1.5692,pending,,2026-06-22T13:13:59+00:00
trackb_cont_ROK_20260616,,,,,,475.920013,456.23999,,,,,,-2.7663,pending,,2026-06-22T13:13:59+00:00
trackb_cont_ROK_20260617,,,,,,475.920013,456.23999,,,,,,-2.7663,pending,,2026-06-22T13:13:59+00:00
trackb_cont_ROK_20260618,,,,,,475.920013,466.609985,,,,,,-0.5562,pending,,2026-06-22T13:13:59+00:00
trackb_cont_ROK_20260619,,,,,,,,,,,,,,pending,,2026-06-22T13:13:59+00:00
trackb_cont_ROK_20260622,,,,,,,,,,,,,,pending,,2026-06-22T13:13:59+00:00
trackb_cont_ROLR_20260611,5.95,,,,,7.55,5.57,,,,,,-20.9929,pending,,2026-06-22T13:16:32+00:00
trackb_cont_ROLR_20260612,,,,,,7.36,5.57,,,,,,-24.3206,pending,,2026-06-22T13:16:32+00:00
trackb_cont_ROST_20260610,233.25,,,,,242.809998,228.080002,,,,,,0.2902,pending,,2026-06-22T13:16:21+00:00
trackb_cont_ROST_20260612,,,,,,242.809998,231.899994,,,,,,-3.0154,pending,,2026-06-22T13:16:21+00:00
trackb_cont_ROST_20260616,,,,,,238.309998,231.899994,,,,,,-2.2818,pending,,2026-06-22T13:16:21+00:00
trackb_cont_ROST_20260617,,,,,,237.309998,231.899994,,,,,,-2.2818,pending,,2026-06-22T13:16:21+00:00
trackb_cont_ROST_20260618,,,,,,236.929993,232.059998,,,,,,-2.2144,pending,,2026-06-22T13:16:21+00:00
trackb_cont_ROST_20260619,,,,,,,,,,,,,,pending,,2026-06-22T13:16:21+00:00
trackb_cont_RPM_20260603,104.279999,107.019997,,,,111.339996,103.57,,,,,,-0.7855,pending,,2026-06-22T13:15:09+00:00
trackb_cont_RPM_20260604,107.529999,108.0,,,,111.339996,103.870003,,,,,,-0.4981,pending,,2026-06-22T13:15:09+00:00
trackb_cont_RPM_20260605,107.050003,,,,,111.339996,104.010002,,,,,,-0.364,pending,,2026-06-22T13:15:09+00:00
trackb_cont_RPM_20260608,108.849998,,,,,111.339996,104.010002,,,,,,-0.364,pending,,2026-06-22T13:15:09+00:00
trackb_cont_RPM_20260610,107.019997,,,,,111.339996,104.129997,,,,,,-0.4588,pending,,2026-06-22T13:15:09+00:00
trackb_cont_RPM_20260612,,,,,,111.339996,106.709999,,,,,,-0.7626,pending,,2026-06-22T13:15:09+00:00
trackb_cont_RPM_20260616,,,,,,110.779999,106.709999,,,,,,-2.7256,pending,,2026-06-22T13:15:09+00:00
trackb_cont_RPM_20260617,,,,,,110.779999,106.709999,,,,,,-2.7256,pending,,2026-06-22T13:15:09+00:00
trackb_cont_RPM_20260618,,,,,,109.370003,107.190002,,,,,,0.1589,pending,,2026-06-22T13:15:09+00:00
trackb_cont_RPM_20260619,,,,,,,,,,,,,,pending,,2026-06-22T13:15:09+00:00
trackb_cont_RPM_20260622,,,,,,,,,,,,,,pending,,2026-06-22T13:15:09+00:00
trackb_cont_RPRX_20260603,54.52,53.700001,,,,56.5,51.150002,,,,,,-7.3202,pending,,2026-06-22T13:15:35+00:00
trackb_cont_RPRX_20260604,55.290001,52.959999,,,,56.5,51.150002,,,,,,-7.3202,pending,,2026-06-22T13:15:35+00:00
trackb_cont_RPRX_20260605,54.869999,,,,,56.5,51.150002,,,,,,-7.3202,pending,,2026-06-22T13:15:35+00:00
trackb_cont_RPRX_20260608,54.27,,,,,56.5,51.150002,,,,,,-8.4482,pending,,2026-06-22T13:15:35+00:00
trackb_cont_RPRX_20260610,53.700001,,,,,56.23,51.150002,,,,,,-6.7627,pending,,2026-06-22T13:15:35+00:00
trackb_cont_RPRX_20260611,52.959999,,,,,56.0,51.150002,,,,,,-6.1812,pending,,2026-06-22T13:15:35+00:00
trackb_cont_RRR_20260603,62.080002,59.130001,,,,63.650002,56.299999,,,,,,-0.793,pending,,2026-06-22T13:15:18+00:00
trackb_cont_RRR_20260604,62.32,61.330002,,,,63.650002,56.299999,,,,,,-0.793,pending,,2026-06-22T13:15:18+00:00
trackb_cont_RRR_20260605,63.110001,,,,,63.650002,57.009998,,,,,,0.4581,pending,,2026-06-22T13:15:18+00:00
trackb_cont_RRR_20260609,60.919998,,,,,63.650002,58.200001,,,,,,0.1894,pending,,2026-06-22T13:15:18+00:00
trackb_cont_RRR_20260610,59.130001,,,,,63.650002,58.82,,,,,,1.2567,pending,,2026-06-22T13:15:18+00:00
trackb_cont_RRR_20260615,,,,,,63.650002,58.82,,,,,,-6.6794,pending,,2026-06-22T13:15:18+00:00
trackb_cont_RRR_20260616,,,,,,62.605,58.82,,,,,,-3.7867,pending,,2026-06-22T13:15:18+00:00
trackb_cont_RRR_20260617,,,,,,61.740002,58.82,,,,,,-3.7867,pending,,2026-06-22T13:15:18+00:00
trackb_cont_RRR_20260618,,,,,,61.740002,59.290001,,,,,,0.2706,pending,,2026-06-22T13:15:18+00:00
trackb_cont_RRR_20260619,,,,,,,,,,,,,,pending,,2026-06-22T13:15:18+00:00
trackb_cont_RRR_20260622,,,,,,,,,,,,,,pending,,2026-06-22T13:15:18+00:00
trackb_cont_RRX_20260615,,,,,,232.639999,218.830002,,,,,,-2.3908,pending,,2026-06-22T13:16:53+00:00
trackb_cont_RRX_20260616,,,,,,232.639999,219.630005,,,,,,-1.2544,pending,,2026-06-22T13:16:53+00:00
trackb_cont_RRX_20260617,,,,,,232.639999,219.630005,,,,,,-1.2544,pending,,2026-06-22T13:16:53+00:00
trackb_cont_RRX_20260618,,,,,,232.639999,226.600006,,,,,,0.0,pending,,2026-06-22T13:16:53+00:00
trackb_cont_RRX_20260619,,,,,,,,,,,,,,pending,,2026-06-22T13:16:53+00:00
trackb_cont_RRX_20260622,,,,,,,,,,,,,,pending,,2026-06-22T13:16:53+00:00
trackb_cont_RSI_20260615,,,,,,30.959999,27.82,,,,,,-6.2984,pending,,2026-06-22T13:16:59+00:00
trackb_cont_RSI_20260616,,,,,,30.959999,27.82,,,,,,-6.9254,pending,,2026-06-22T13:16:59+00:00
trackb_cont_RSI_20260617,,,,,,29.469999,27.82,,,,,,-6.9254,pending,,2026-06-22T13:16:59+00:00
trackb_cont_RS_20260603,394.290009,404.109985,,,,419.829987,386.609985,,,,,,-1.5257,pending,,2026-06-22T13:14:13+00:00
trackb_cont_RS_20260604,410.429993,396.339996,,,,419.829987,386.609985,,,,,,-1.5257,pending,,2026-06-22T13:14:13+00:00
trackb_cont_RS_20260605,413.429993,,,,,419.829987,389.230011,,,,,,-0.8584,pending,,2026-06-22T13:14:13+00:00
trackb_cont_RS_20260608,405.920013,,,,,419.829987,389.230011,,,,,,-0.8584,pending,,2026-06-22T13:14:13+00:00
trackb_cont_RS_20260609,413.339996,,,,,419.829987,393.0,,,,,,-0.8227,pending,,2026-06-22T13:14:13+00:00
trackb_cont_RS_20260610,404.109985,,,,,419.829987,393.0,,,,,,-0.8227,pending,,2026-06-22T13:14:13+00:00
trackb_cont_RS_20260611,396.339996,,,,,419.829987,393.0,,,,,,-0.3272,pending,,2026-06-22T13:14:13+00:00
trackb_cont_RS_20260615,,,,,,419.829987,394.0,,,,,,-5.5665,pending,,2026-06-22T13:14:13+00:00
trackb_cont_RS_20260616,,,,,,417.170013,394.0,,,,,,-3.5071,pending,,2026-06-22T13:14:13+00:00
trackb_cont_RS_20260617,,,,,,412.540009,394.0,,,,,,-3.5071,pending,,2026-06-22T13:14:13+00:00
trackb_cont_RS_20260618,,,,,,407.209991,394.0,,,,,,-2.6343,pending,,2026-06-22T13:14:13+00:00
trackb_cont_RS_20260619,,,,,,,,,,,,,,pending,,2026-06-22T13:14:13+00:00
trackb_cont_RS_20260622,,,,,,,,,,,,,,pending,,2026-06-22T13:14:13+00:00
trackb_cont_RTX_20260616,,,,,,194.169998,182.25,,,,,,-2.0277,pending,,2026-06-22T13:17:12+00:00
trackb_cont_RTX_20260617,,,,,,194.169998,184.419998,,,,,,-0.8612,pending,,2026-06-22T13:17:12+00:00
trackb_cont_RTX_20260618,,,,,,194.169998,184.419998,,,,,,-0.8612,pending,,2026-06-22T13:17:12+00:00
trackb_cont_RTX_20260619,,,,,,,,,,,,,,pending,,2026-06-22T13:17:12+00:00
trackb_cont_RTX_20260622,,,,,,,,,,,,,,pending,,2026-06-22T13:17:12+00:00
trackb_cont_RUM_20260603,7.0,7.29,,,,10.54,6.765,,,,,,-20.9696,pending,,2026-06-22T13:15:34+00:00
trackb_cont_RUM_20260604,7.54,7.36,,,,10.54,6.765,,,,,,-20.9696,pending,,2026-06-22T13:15:34+00:00
trackb_cont_RUM_20260605,7.16,,,,,8.71,6.765,,,,,,-20.9696,pending,,2026-06-22T13:15:34+00:00
trackb_cont_RUM_20260608,7.75,,,,,8.71,6.765,,,,,,-20.9696,pending,,2026-06-22T13:15:34+00:00
trackb_cont_RVTY_20260603,101.290001,97.82,,,,106.209999,96.860001,,,,,,-4.4585,pending,,2026-06-22T13:15:26+00:00
trackb_cont_RVTY_20260604,101.519997,100.0,,,,106.209999,96.860001,,,,,,-4.4585,pending,,2026-06-22T13:15:26+00:00
trackb_cont_RVTY_20260605,99.660004,,,,,106.209999,96.860001,,,,,,-4.4585,pending,,2026-06-22T13:15:26+00:00
trackb_cont_RVTY_20260608,100.550003,,,,,106.209999,96.860001,,,,,,-4.4585,pending,,2026-06-22T13:15:26+00:00
trackb_cont_RVTY_20260611,100.0,,,,,103.599998,96.860001,,,,,,-4.3736,pending,,2026-06-22T13:15:26+00:00
trackb_cont_RXO_20260603,28.75,24.82,,,,29.860001,24.68,,,,,,-7.6347,pending,,2026-06-22T13:14:04+00:00
trackb_cont_RXO_20260604,28.5,25.389999,,,,29.860001,24.68,,,,,,-7.6347,pending,,2026-06-22T13:14:04+00:00
trackb_cont_RXO_20260605,28.35,,,,,29.860001,24.68,,,,,,-7.6347,pending,,2026-06-22T13:14:04+00:00
trackb_cont_RXO_20260608,27.709999,,,,,29.860001,24.68,,,,,,-7.6347,pending,,2026-06-22T13:14:04+00:00
trackb_cont_RXO_20260610,24.82,,,,,29.860001,24.68,,,,,,-12.0769,pending,,2026-06-22T13:14:04+00:00
trackb_cont_RXO_20260616,,,,,,28.25,24.68,,,,,,-11.223,pending,,2026-06-22T13:14:04+00:00
trackb_cont_RXO_20260617,,,,,,27.415001,24.68,,,,,,-11.223,pending,,2026-06-22T13:14:04+00:00
trackb_cont_RXO_20260618,,,,,,26.052999,25.08,,,,,,1.0475,pending,,2026-06-22T13:14:04+00:00
trackb_cont_RXO_20260619,,,,,,,,,,,,,,pending,,2026-06-22T13:14:04+00:00
trackb_cont_RYAN_20260612,,,,,,36.900002,34.220001,,,,,,-0.7828,pending,,2026-06-22T13:15:40+00:00
trackb_cont_RYAN_20260616,,,,,,36.900002,34.389999,,,,,,-2.7157,pending,,2026-06-22T13:15:40+00:00
trackb_cont_RYAN_20260617,,,,,,36.900002,34.389999,,,,,,-2.7157,pending,,2026-06-22T13:15:40+00:00
trackb_cont_RYAN_20260618,,,,,,35.439999,34.389999,,,,,,-2.5227,pending,,2026-06-22T13:15:40+00:00
trackb_cont_RYAN_20260619,,,,,,,,,,,,,,pending,,2026-06-22T13:15:40+00:00
trackb_cont_RYAN_20260622,,,,,,,,,,,,,,pending,,2026-06-22T13:15:40+00:00
trackb_cont_RYN_20260610,20.73,,,,,22.219999,20.42,,,,,,-1.7324,pending,,2026-06-22T13:16:21+00:00
trackb_cont_RYN_20260611,20.98,,,,,22.219999,20.42,,,,,,-1.305,pending,,2026-06-22T13:16:21+00:00
trackb_cont_RYN_20260615,,,,,,22.219999,20.700001,,,,,,-6.5383,pending,,2026-06-22T13:16:21+00:00
trackb_cont_RYN_20260616,,,,,,21.68,20.700001,,,,,,-5.3065,pending,,2026-06-22T13:16:21+00:00
trackb_cont_RYN_20260617,,,,,,21.59,20.700001,,,,,,-5.3065,pending,,2026-06-22T13:16:21+00:00
trackb_cont_RYN_20260618,,,,,,21.24,20.860001,,,,,,-4.5746,pending,,2026-06-22T13:16:21+00:00
trackb_cont_RYN_20260619,,,,,,,,,,,,,,pending,,2026-06-22T13:16:21+00:00
trackb_cont_RYZ_20260603,28.639999,28.040001,,,,30.85,26.735001,,,,,,-4.7135,pending,,2026-06-22T13:14:33+00:00
trackb_cont_RYZ_20260604,29.6,27.700001,,,,30.85,26.735001,,,,,,-4.7135,pending,,2026-06-22T13:14:33+00:00
trackb_cont_RYZ_20260605,30.41,,,,,30.85,26.735001,,,,,,-4.7135,pending,,2026-06-22T13:14:33+00:00
trackb_cont_RYZ_20260608,29.02,,,,,30.85,27.087999,,,,,,-3.4554,pending,,2026-06-22T13:14:33+00:00
trackb_cont_RYZ_20260612,,,,,,30.85,27.09,,,,,,-8.4797,pending,,2026-06-22T13:14:33+00:00
trackb_cont_RYZ_20260616,,,,,,29.780001,27.09,,,,,,-8.3714,pending,,2026-06-22T13:14:33+00:00
trackb_cont_RYZ_20260617,,,,,,29.0,27.09,,,,,,-8.3714,pending,,2026-06-22T13:14:33+00:00
trackb_cont_RYZ_20260618,,,,,,28.290001,27.09,,,,,,-8.3714,pending,,2026-06-22T13:14:33+00:00
trackb_cont_RYZ_20260619,,,,,,,,,,,,,,pending,,2026-06-22T13:14:33+00:00
trackb_cont_R_20260603,270.25,266.100006,,,,284.25,256.200012,,,,,,-1.0505,pending,,2026-06-22T13:13:57+00:00
trackb_cont_R_20260604,280.339996,263.369995,,,,284.25,259.950012,,,,,,0.3978,pending,,2026-06-22T13:13:57+00:00
trackb_cont_R_20260605,280.329987,,,,,284.25,262.859985,,,,,,1.5217,pending,,2026-06-22T13:13:57+00:00
trackb_cont_R_20260608,277.230011,,,,,284.25,262.859985,,,,,,1.5217,pending,,2026-06-22T13:13:57+00:00
trackb_cont_R_20260609,274.660004,,,,,284.25,262.859985,,,,,,-2.9822,pending,,2026-06-22T13:13:57+00:00
trackb_cont_R_20260610,266.100006,,,,,284.25,262.859985,,,,,,-2.9822,pending,,2026-06-22T13:13:57+00:00
trackb_cont_R_20260611,263.369995,,,,,284.25,262.859985,,,,,,-2.7345,pending,,2026-06-22T13:13:57+00:00
trackb_cont_R_20260616,,,,,,279.880005,262.859985,,,,,,-4.6572,pending,,2026-06-22T13:13:57+00:00
trackb_cont_R_20260617,,,,,,275.0,262.859985,,,,,,-4.6572,pending,,2026-06-22T13:13:57+00:00
trackb_cont_SAFE_20260609,15.69,,,,,16.32,14.72,,,,,,-5.8824,pending,,2026-06-22T13:16:08+00:00
trackb_cont_SAFE_20260611,15.34,,,,,16.290001,14.72,,,,,,-6.5397,pending,,2026-06-22T13:16:08+00:00
trackb_cont_SAFE_20260612,,,,,,16.290001,14.72,,,,,,-8.5146,pending,,2026-06-22T13:16:08+00:00
trackb_cont_SAFE_20260616,,,,,,16.07,14.72,,,,,,-6.4803,pending,,2026-06-22T13:16:08+00:00
trackb_cont_SAFE_20260617,,,,,,15.79,14.72,,,,,,-6.4803,pending,,2026-06-22T13:16:08+00:00
trackb_cont_SAFE_20260618,,,,,,15.36,15.0,,,,,,-4.7014,pending,,2026-06-22T13:16:08+00:00
trackb_cont_SAFE_20260619,,,,,,,,,,,,,,pending,,2026-06-22T13:16:08+00:00
trackb_cont_SAH_20260603,84.150002,78.129997,,,,85.919998,77.419998,,,,,,-7.2036,pending,,2026-06-22T13:14:00+00:00
trackb_cont_SAH_20260604,84.25,80.730003,,,,85.919998,77.419998,,,,,,-7.2036,pending,,2026-06-22T13:14:00+00:00
trackb_cont_SAH_20260605,84.610001,,,,,85.919998,77.419998,,,,,,-7.2036,pending,,2026-06-22T13:14:00+00:00
trackb_cont_SAH_20260608,83.709999,,,,,85.919998,77.419998,,,,,,-7.2036,pending,,2026-06-22T13:14:00+00:00
trackb_cont_SAH_20260610,78.129997,,,,,85.919998,77.419998,,,,,,-6.3732,pending,,2026-06-22T13:14:00+00:00
trackb_cont_SAH_20260611,80.730003,,,,,85.889999,77.419998,,,,,,-7.9976,pending,,2026-06-22T13:14:00+00:00
trackb_cont_SAH_20260612,,,,,,85.889999,77.419998,,,,,,-8.1068,pending,,2026-06-22T13:14:00+00:00
trackb_cont_SAH_20260616,,,,,,84.089996,77.419998,,,,,,-8.4221,pending,,2026-06-22T13:14:00+00:00
trackb_cont_SAH_20260617,,,,,,83.739998,77.419998,,,,,,-8.4221,pending,,2026-06-22T13:14:00+00:00
trackb_cont_SAH_20260618,,,,,,80.739998,78.440002,,,,,,0.3968,pending,,2026-06-22T13:14:00+00:00
trackb_cont_SAH_20260619,,,,,,,,,,,,,,pending,,2026-06-22T13:14:00+00:00
trackb_cont_SAIA_20260603,463.700012,425.859985,,,,494.709991,422.339996,,,,,,-8.5666,pending,,2026-06-22T13:14:55+00:00
trackb_cont_SAIA_20260604,487.140015,435.119995,,,,494.709991,422.339996,,,,,,-8.5666,pending,,2026-06-22T13:14:55+00:00
trackb_cont_SAIA_20260605,482.869995,,,,,494.709991,422.339996,,,,,,-8.5666,pending,,2026-06-22T13:14:55+00:00
trackb_cont_SAIA_20260608,474.190002,,,,,494.709991,422.339996,,,,,,-8.5666,pending,,2026-06-22T13:14:55+00:00
trackb_cont_SAIA_20260609,457.019989,,,,,494.709991,422.339996,,,,,,-12.137,pending,,2026-06-22T13:14:55+00:00
trackb_cont_SAIA_20260611,435.119995,,,,,490.070007,422.339996,,,,,,-8.9196,pending,,2026-06-22T13:14:55+00:00
trackb_cont_SAIA_20260615,,,,,,486.730011,422.339996,,,,,,-12.0848,pending,,2026-06-22T13:14:55+00:00
trackb_cont_SAIA_20260616,,,,,,476.600006,422.339996,,,,,,-10.9889,pending,,2026-06-22T13:14:55+00:00
trackb_cont_SAIA_20260617,,,,,,456.420013,422.339996,,,,,,-10.9889,pending,,2026-06-22T13:14:55+00:00
trackb_cont_SAIC_20260603,114.230003,106.730003,,,,118.419998,101.5,,,,,,-9.8018,pending,,2026-06-22T13:15:32+00:00
trackb_cont_SAIC_20260604,114.93,102.389999,,,,118.419998,101.5,,,,,,-9.8018,pending,,2026-06-22T13:15:32+00:00
trackb_cont_SAIC_20260605,113.809998,,,,,118.169998,101.5,,,,,,-9.8018,pending,,2026-06-22T13:15:32+00:00
trackb_cont_SAIC_20260608,109.389999,,,,,116.720001,101.5,,,,,,-9.8018,pending,,2026-06-22T13:15:32+00:00
trackb_cont_SAIC_20260609,108.870003,,,,,116.720001,101.5,,,,,,-10.3357,pending,,2026-06-22T13:15:32+00:00
trackb_cont_SAIC_20260610,106.730003,,,,,116.720001,101.5,,,,,,-10.3357,pending,,2026-06-22T13:15:32+00:00
trackb_cont_SAIC_20260612,,,,,,115.849998,101.5,,,,,,-11.6854,pending,,2026-06-22T13:15:32+00:00
trackb_cont_SANM_20260603,231.320007,242.770004,,,,288.679993,229.059998,,,,,,-19.2655,pending,,2026-06-22T13:13:50+00:00
trackb_cont_SANM_20260604,246.979996,241.490005,,,,285.339996,229.059998,,,,,,-19.2655,pending,,2026-06-22T13:13:50+00:00
trackb_cont_SANM_20260605,255.199997,,,,,270.970001,229.059998,,,,,,-19.2655,pending,,2026-06-22T13:13:50+00:00
trackb_cont_SANM_20260608,259.820007,,,,,269.540009,229.059998,,,,,,-9.132,pending,,2026-06-22T13:13:50+00:00
trackb_cont_SBH_20260616,,,,,,14.03,12.98,,,,,,-4.2773,pending,,2026-06-22T13:16:55+00:00
trackb_cont_SBH_20260617,,,,,,13.95,12.98,,,,,,-4.2773,pending,,2026-06-22T13:16:55+00:00
trackb_cont_SBH_20260618,,,,,,13.95,13.13,,,,,,-3.1711,pending,,2026-06-22T13:16:55+00:00
trackb_cont_SBH_20260619,,,,,,,,,,,,,,pending,,2026-06-22T13:16:55+00:00
trackb_cont_SCHW_20260616,,,,,,94.830002,90.860001,,,,,,-0.7428,pending,,2026-06-22T13:17:11+00:00
trackb_cont_SCHW_20260617,,,,,,94.830002,90.860001,,,,,,-0.7428,pending,,2026-06-22T13:17:11+00:00
trackb_cont_SCHW_20260618,,,,,,94.790001,90.860001,,,,,,-4.0144,pending,,2026-06-22T13:17:11+00:00
trackb_cont_SCHW_20260619,,,,,,,,,,,,,,pending,,2026-06-22T13:17:11+00:00
trackb_cont_SCHW_20260622,,,,,,,,,,,,,,pending,,2026-06-22T13:17:11+00:00
trackb_cont_SCSC_20260603,48.860001,48.639999,,,,50.639999,45.279999,,,,,,-0.7018,pending,,2026-06-22T13:14:18+00:00
trackb_cont_SCSC_20260604,49.540001,49.630001,,,,50.639999,46.009998,,,,,,0.8991,pending,,2026-06-22T13:14:18+00:00
trackb_cont_SCSC_20260605,50.009998,,,,,50.639999,46.110001,,,,,,1.1184,pending,,2026-06-22T13:14:18+00:00
trackb_cont_SCSC_20260608,49.349998,,,,,50.639999,46.119999,,,,,,1.1403,pending,,2026-06-22T13:14:18+00:00
trackb_cont_SCSC_20260609,49.27,,,,,50.639999,47.18,,,,,,-2.0145,pending,,2026-06-22T13:14:18+00:00
trackb_cont_SCSC_20260610,48.639999,,,,,50.639999,47.66,,,,,,-1.0177,pending,,2026-06-22T13:14:18+00:00
trackb_cont_SCSC_20260612,,,,,,50.639999,48.200001,,,,,,-2.7049,pending,,2026-06-22T13:14:18+00:00
trackb_cont_SCSC_20260616,,,,,,50.16,48.200001,,,,,,-4.0987,pending,,2026-06-22T13:14:18+00:00
trackb_cont_SCSC_20260617,,,,,,50.0,48.200001,,,,,,-4.0987,pending,,2026-06-22T13:14:18+00:00
trackb_cont_SCSC_20260618,,,,,,50.0,48.939999,,,,,,-2.6263,pending,,2026-06-22T13:14:18+00:00
trackb_cont_SCSC_20260619,,,,,,,,,,,,,,pending,,2026-06-22T13:14:18+00:00
trackb_cont_SCSC_20260622,,,,,,,,,,,,,,pending,,2026-06-22T13:14:18+00:00
trackb_cont_SDGR_20260603,14.15,15.53,,,,16.469999,13.9,,,,,,-5.3778,pending,,2026-06-22T13:15:24+00:00
trackb_cont_SDGR_20260604,14.6,15.76,,,,16.469999,13.9,,,,,,-5.3778,pending,,2026-06-22T13:15:24+00:00
trackb_cont_SDGR_20260605,14.45,,,,,16.299999,13.9,,,,,,-5.3778,pending,,2026-06-22T13:15:24+00:00
trackb_cont_SDGR_20260608,14.6,,,,,16.299999,13.9,,,,,,-5.3778,pending,,2026-06-22T13:15:24+00:00
trackb_cont_SDGR_20260622,,,,,,,,,,,,,,pending,,2026-06-22T13:15:24+00:00
trackb_cont_SDHC_20260615,,,,,,14.48,12.68,,,,,,-7.7483,pending,,2026-06-22T13:17:04+00:00
trackb_cont_SDHC_20260616,,,,,,14.48,12.68,,,,,,-7.3776,pending,,2026-06-22T13:17:04+00:00
trackb_cont_SDHC_20260617,,,,,,14.13,13.0,,,,,,-5.0402,pending,,2026-06-22T13:17:04+00:00
trackb_cont_SDHC_20260618,,,,,,13.85,13.16,,,,,,-3.8714,pending,,2026-06-22T13:17:04+00:00
trackb_cont_SDHC_20260619,,,,,,,,,,,,,,pending,,2026-06-22T13:17:04+00:00
trackb_cont_SEM_20260609,16.610001,,,,,16.700001,16.51,,,,,,-0.3621,pending,,2026-06-22T13:16:08+00:00
trackb_cont_SEM_20260611,16.540001,,,,,16.700001,16.51,,,,,,-0.5422,pending,,2026-06-22T13:16:08+00:00
trackb_cont_SEM_20260612,,,,,,16.700001,16.51,,,,,,-0.9004,pending,,2026-06-22T13:16:08+00:00
trackb_cont_SEM_20260616,,,,,,16.67,16.51,,,,,,-0.9895,pending,,2026-06-22T13:16:08+00:00
trackb_cont_SEM_20260617,,,,,,16.610001,16.51,,,,,,-0.9895,pending,,2026-06-22T13:16:08+00:00
trackb_cont_SEM_20260618,,,,,,16.610001,16.51,,,,,,-0.9895,pending,,2026-06-22T13:16:08+00:00
trackb_cont_SEM_20260619,,,,,,,,,,,,,,pending,,2026-06-22T13:16:08+00:00
trackb_cont_SEZL_20260603,120.980003,146.729996,,,,164.380005,108.510002,,,,,,-0.6773,pending,,2026-06-22T13:14:29+00:00
trackb_cont_SEZL_20260604,128.830002,163.279999,,,,164.380005,113.330002,,,,,,3.7346,pending,,2026-06-22T13:14:29+00:00
trackb_cont_SEZL_20260605,132.699997,,,,,164.380005,113.330002,,,,,,3.7346,pending,,2026-06-22T13:14:29+00:00
trackb_cont_SEZL_20260608,146.119995,,,,,164.380005,114.860001,,,,,,-0.9913,pending,,2026-06-22T13:14:29+00:00
trackb_cont_SEZL_20260610,146.729996,,,,,164.380005,118.860001,,,,,,-1.8983,pending,,2026-06-22T13:14:29+00:00
trackb_cont_SEZL_20260612,,,,,,164.380005,128.880005,,,,,,0.0388,pending,,2026-06-22T13:14:29+00:00
trackb_cont_SEZL_20260616,,,,,,164.380005,143.869995,,,,,,-1.9224,pending,,2026-06-22T13:14:29+00:00
trackb_cont_SEZL_20260617,,,,,,164.380005,145.529999,,,,,,-0.7908,pending,,2026-06-22T13:14:29+00:00
trackb_cont_SEZL_20260618,,,,,,164.380005,150.449997,,,,,,2.5632,pending,,2026-06-22T13:14:29+00:00
trackb_cont_SEZL_20260619,,,,,,,,,,,,,,pending,,2026-06-22T13:14:29+00:00
trackb_cont_SFD_20260609,25.950001,,,,,27.08,24.639999,,,,,,-6.1333,pending,,2026-06-22T13:15:45+00:00
trackb_cont_SFIX_20260618,,,,,,4.07,3.85,,,,,,0.2604,pending,,2026-06-22T13:16:14+00:00
trackb_cont_SFIX_20260619,,,,,,,,,,,,,,pending,,2026-06-22T13:16:14+00:00
trackb_cont_SFIX_20260622,,,,,,,,,,,,,,pending,,2026-06-22T13:16:14+00:00
trackb_cont_SGI_20260618,,,,,,77.279999,74.980003,,,,,,1.2286,pending,,2026-06-22T13:15:59+00:00
trackb_cont_SGI_20260619,,,,,,,,,,,,,,pending,,2026-06-22T13:15:59+00:00
trackb_cont_SGI_20260622,,,,,,,,,,,,,,pending,,2026-06-22T13:15:59+00:00
trackb_cont_SGRY_20260612,,,,,,15.505,14.15,,,,,,-5.2878,pending,,2026-06-22T13:16:50+00:00
trackb_cont_SGRY_20260615,,,,,,15.505,14.15,,,,,,-7.5466,pending,,2026-06-22T13:16:50+00:00
trackb_cont_SGRY_20260616,,,,,,15.43,14.15,,,,,,-6.4153,pending,,2026-06-22T13:16:50+00:00
trackb_cont_SGRY_20260617,,,,,,15.12,14.15,,,,,,-6.4153,pending,,2026-06-22T13:16:50+00:00
trackb_cont_SGRY_20260618,,,,,,14.83,14.21,,,,,,-0.1405,pending,,2026-06-22T13:16:50+00:00
trackb_cont_SGRY_20260619,,,,,,,,,,,,,,pending,,2026-06-22T13:16:50+00:00
trackb_cont_SHLS_20260603,9.25,9.44,,,,12.815,9.12,,,,,,-27.2176,pending,,2026-06-22T13:14:39+00:00
trackb_cont_SHLS_20260604,9.89,10.42,,,,12.79,9.12,,,,,,-27.2176,pending,,2026-06-22T13:14:39+00:00
trackb_cont_SHLS_20260605,10.43,,,,,12.49,9.12,,,,,,-27.2176,pending,,2026-06-22T13:14:39+00:00
trackb_cont_SHLS_20260608,10.3,,,,,11.44,9.12,,,,,,-27.2176,pending,,2026-06-22T13:14:39+00:00
trackb_cont_SHOO_20260603,44.23,42.84,,,,47.110001,42.830002,,,,,,-2.1923,pending,,2026-06-22T13:13:50+00:00
trackb_cont_SHOO_20260604,45.889999,44.189999,,,,47.110001,42.830002,,,,,,-2.1923,pending,,2026-06-22T13:13:50+00:00
trackb_cont_SHOO_20260605,46.150002,,,,,47.110001,42.830002,,,,,,-2.1923,pending,,2026-06-22T13:13:50+00:00
trackb_cont_SHOO_20260608,45.419998,,,,,47.110001,42.830002,,,,,,-2.7254,pending,,2026-06-22T13:13:50+00:00
trackb_cont_SHOO_20260616,,,,,,46.259998,42.830002,,,,,,-5.7438,pending,,2026-06-22T13:13:50+00:00
trackb_cont_SHOO_20260617,,,,,,45.09,42.830002,,,,,,-5.7438,pending,,2026-06-22T13:13:50+00:00
trackb_cont_SHOO_20260618,,,,,,44.939999,43.900002,,,,,,-3.3891,pending,,2026-06-22T13:13:50+00:00
trackb_cont_SHOO_20260619,,,,,,,,,,,,,,pending,,2026-06-22T13:13:50+00:00
trackb_cont_SHO_20260603,11.43,11.74,,,,12.03,10.96,,,,,,-2.6211,pending,,2026-06-22T13:14:02+00:00
trackb_cont_SHO_20260604,11.7,11.91,,,,12.03,11.25,,,,,,-0.0444,pending,,2026-06-22T13:14:02+00:00
trackb_cont_SHO_20260605,11.72,,,,,12.03,11.38,,,,,,1.1106,pending,,2026-06-22T13:14:02+00:00
trackb_cont_SHO_20260608,11.78,,,,,12.03,11.38,,,,,,1.1106,pending,,2026-06-22T13:14:02+00:00
trackb_cont_SHO_20260609,11.85,,,,,12.03,11.41,,,,,,-0.9549,pending,,2026-06-22T13:14:02+00:00
trackb_cont_SHO_20260611,11.91,,,,,12.03,11.45,,,,,,0.175,pending,,2026-06-22T13:14:02+00:00
trackb_cont_SHO_20260615,,,,,,12.03,11.67,,,,,,-1.1854,pending,,2026-06-22T13:14:02+00:00
trackb_cont_SHO_20260616,,,,,,12.03,11.67,,,,,,-0.3841,pending,,2026-06-22T13:14:02+00:00
trackb_cont_SHO_20260617,,,,,,12.03,11.67,,,,,,-0.3841,pending,,2026-06-22T13:14:02+00:00
trackb_cont_SHO_20260618,,,,,,12.03,11.85,,,,,,-0.2525,pending,,2026-06-22T13:14:02+00:00
trackb_cont_SHO_20260619,,,,,,,,,,,,,,pending,,2026-06-22T13:14:02+00:00
trackb_cont_SHO_20260622,,,,,,,,,,,,,,pending,,2026-06-22T13:14:02+00:00
trackb_cont_SHW_20260615,,,,,,327.329987,312.170013,,,,,,-4.3611,pending,,2026-06-22T13:16:58+00:00
trackb_cont_SHW_20260616,,,,,,326.0,312.170013,,,,,,-3.128,pending,,2026-06-22T13:16:58+00:00
trackb_cont_SHW_20260617,,,,,,324.089996,312.170013,,,,,,-3.128,pending,,2026-06-22T13:16:58+00:00
trackb_cont_SHW_20260618,,,,,,322.5,314.829987,,,,,,-2.3026,pending,,2026-06-22T13:16:58+00:00
trackb_cont_SHW_20260619,,,,,,,,,,,,,,pending,,2026-06-22T13:16:58+00:00
trackb_cont_SIGI_20260611,92.309998,,,,,93.989998,91.389999,,,,,,0.0547,pending,,2026-06-22T13:16:33+00:00
trackb_cont_SIGI_20260616,,,,,,93.989998,91.660004,,,,,,-1.1859,pending,,2026-06-22T13:16:33+00:00
trackb_cont_SIGI_20260617,,,,,,93.730003,91.660004,,,,,,-1.1859,pending,,2026-06-22T13:16:33+00:00
trackb_cont_SIGI_20260618,,,,,,93.199997,91.660004,,,,,,-1.1859,pending,,2026-06-22T13:16:33+00:00
trackb_cont_SIGI_20260619,,,,,,,,,,,,,,pending,,2026-06-22T13:16:33+00:00
trackb_cont_SIGI_20260622,,,,,,,,,,,,,,pending,,2026-06-22T13:16:33+00:00
trackb_cont_SILA_20260603,30.290001,30.290001,,,,30.34,30.23,,,,,,-0.0496,pending,,2026-06-22T13:15:19+00:00
trackb_cont_SILA_20260604,30.27,30.299999,,,,30.34,30.245001,,,,,,0.0,pending,,2026-06-22T13:15:19+00:00
trackb_cont_SILA_20260605,30.280001,,,,,30.34,30.245001,,,,,,0.0,pending,,2026-06-22T13:15:19+00:00
trackb_cont_SILA_20260608,30.290001,,,,,30.34,30.25,,,,,,0.0165,pending,,2026-06-22T13:15:19+00:00
trackb_cont_SILA_20260616,,,,,,30.34,30.275,,,,,,-0.0495,pending,,2026-06-22T13:15:19+00:00
trackb_cont_SILA_20260617,,,,,,30.34,30.290001,,,,,,0.0,pending,,2026-06-22T13:15:19+00:00
trackb_cont_SILA_20260618,,,,,,30.34,30.299999,,,,,,0.033,pending,,2026-06-22T13:15:19+00:00
trackb_cont_SILA_20260619,,,,,,,,,,,,,,pending,,2026-06-22T13:15:19+00:00
trackb_cont_SILA_20260622,,,,,,,,,,,,,,pending,,2026-06-22T13:15:19+00:00
trackb_cont_SIRI_20260603,27.59,27.93,,,,28.77,26.459999,,,,,,-5.8531,pending,,2026-06-22T13:15:35+00:00
trackb_cont_SIRI_20260604,27.59,28.030001,,,,28.77,26.459999,,,,,,-5.8531,pending,,2026-06-22T13:15:35+00:00
trackb_cont_SIRI_20260605,27.52,,,,,28.77,26.459999,,,,,,-5.8531,pending,,2026-06-22T13:15:35+00:00
trackb_cont_SJM_20260609,115.989998,,,,,117.739998,105.5,,,,,,3.6651,pending,,2026-06-22T13:16:05+00:00
trackb_cont_SJM_20260610,112.959999,,,,,117.739998,110.629997,,,,,,8.7059,pending,,2026-06-22T13:16:05+00:00
trackb_cont_SJM_20260615,,,,,,116.919998,110.629997,,,,,,-3.363,pending,,2026-06-22T13:16:05+00:00
trackb_cont_SJM_20260616,,,,,,116.919998,110.629997,,,,,,-4.1127,pending,,2026-06-22T13:16:05+00:00
trackb_cont_SJM_20260617,,,,,,116.209999,110.629997,,,,,,-4.1127,pending,,2026-06-22T13:16:05+00:00
trackb_cont_SJM_20260618,,,,,,114.160004,110.629997,,,,,,-2.0627,pending,,2026-06-22T13:16:05+00:00
trackb_cont_SJM_20260619,,,,,,,,,,,,,,pending,,2026-06-22T13:16:05+00:00
trackb_cont_SJM_20260622,,,,,,,,,,,,,,pending,,2026-06-22T13:16:05+00:00
trackb_cont_SKLZ_20260603,8.75,8.32,,,,10.0,8.0,,,,,,-15.9664,pending,,2026-06-22T13:14:03+00:00
trackb_cont_SKLZ_20260604,9.03,8.84,,,,10.0,8.0,,,,,,-15.9664,pending,,2026-06-22T13:14:03+00:00
trackb_cont_SKLZ_20260605,8.63,,,,,9.58,8.0,,,,,,-15.9664,pending,,2026-06-22T13:14:03+00:00
trackb_cont_SKLZ_20260608,8.85,,,,,9.49,8.0,,,,,,-15.9664,pending,,2026-06-22T13:14:03+00:00
trackb_cont_SKT_20260616,,,,,,40.650002,38.43,,,,,,-5.0408,pending,,2026-06-22T13:17:15+00:00
trackb_cont_SKT_20260617,,,,,,40.369999,38.43,,,,,,-5.0408,pending,,2026-06-22T13:17:15+00:00
trackb_cont_SKT_20260618,,,,,,39.650002,38.77,,,,,,-4.2006,pending,,2026-06-22T13:17:15+00:00
trackb_cont_SKT_20260619,,,,,,,,,,,,,,pending,,2026-06-22T13:17:15+00:00
trackb_cont_SKYW_20260616,,,,,,94.650002,91.480003,,,,,,-1.6503,pending,,2026-06-22T13:17:15+00:00
trackb_cont_SKYW_20260617,,,,,,94.650002,91.480003,,,,,,-1.6503,pending,,2026-06-22T13:17:15+00:00
trackb_cont_SKYW_20260618,,,,,,94.650002,92.309998,,,,,,-0.7579,pending,,2026-06-22T13:17:15+00:00
trackb_cont_SKYW_20260619,,,,,,,,,,,,,,pending,,2026-06-22T13:17:15+00:00
trackb_cont_SKY_20260610,80.620003,,,,,85.790001,75.099998,,,,,,-0.133,pending,,2026-06-22T13:16:18+00:00
trackb_cont_SKY_20260612,,,,,,85.790001,78.0,,,,,,-3.0574,pending,,2026-06-22T13:16:18+00:00
trackb_cont_SKY_20260616,,,,,,85.790001,78.980003,,,,,,0.5474,pending,,2026-06-22T13:16:18+00:00
trackb_cont_SKY_20260617,,,,,,85.790001,79.779999,,,,,,1.5659,pending,,2026-06-22T13:16:18+00:00
trackb_cont_SKY_20260618,,,,,,85.790001,81.980003,,,,,,1.6869,pending,,2026-06-22T13:16:18+00:00
trackb_cont_SKY_20260619,,,,,,,,,,,,,,pending,,2026-06-22T13:16:18+00:00
trackb_cont_SKY_20260622,,,,,,,,,,,,,,pending,,2026-06-22T13:16:18+00:00
trackb_cont_SLB_20260608,53.709999,,,,,57.360001,47.610001,,,,,,-13.2313,pending,,2026-06-22T13:15:55+00:00
trackb_cont_SLDP_20260603,2.77,2.7,,,,3.52,2.68,,,,,,-18.6375,pending,,2026-06-22T13:14:11+00:00
trackb_cont_SLDP_20260604,2.83,2.87,,,,3.43,2.68,,,,,,-18.6375,pending,,2026-06-22T13:14:11+00:00
trackb_cont_SLDP_20260605,2.8,,,,,3.23,2.68,,,,,,-18.6375,pending,,2026-06-22T13:14:11+00:00
trackb_cont_SLDP_20260608,2.84,,,,,3.07,2.68,,,,,,-18.6375,pending,,2026-06-22T13:14:11+00:00
trackb_cont_SLGN_20260616,,,,,,42.959999,41.07,,,,,,-0.4846,pending,,2026-06-22T13:17:16+00:00
trackb_cont_SLGN_20260617,,,,,,42.959999,41.5,,,,,,0.5573,pending,,2026-06-22T13:17:16+00:00
trackb_cont_SLGN_20260618,,,,,,42.959999,41.630001,,,,,,-0.5732,pending,,2026-06-22T13:17:16+00:00
trackb_cont_SLGN_20260619,,,,,,,,,,,,,,pending,,2026-06-22T13:17:16+00:00
trackb_cont_SLGN_20260622,,,,,,,,,,,,,,pending,,2026-06-22T13:17:16+00:00
trackb_cont_SLG_20260603,51.049999,48.900002,,,,52.529999,44.080002,,,,,,-0.3391,pending,,2026-06-22T13:15:17+00:00
trackb_cont_SLG_20260604,51.310001,50.560001,,,,52.529999,45.119999,,,,,,2.0122,pending,,2026-06-22T13:15:17+00:00
trackb_cont_SLG_20260605,51.150002,,,,,52.529999,46.450001,,,,,,5.0192,pending,,2026-06-22T13:15:17+00:00
trackb_cont_SLG_20260608,51.450001,,,,,52.529999,48.080002,,,,,,0.5227,pending,,2026-06-22T13:15:17+00:00
trackb_cont_SLG_20260616,,,,,,52.259998,48.5,,,,,,-5.3104,pending,,2026-06-22T13:15:17+00:00
trackb_cont_SLG_20260617,,,,,,51.619999,48.5,,,,,,-5.3104,pending,,2026-06-22T13:15:17+00:00
trackb_cont_SLG_20260618,,,,,,51.619999,49.529999,,,,,,1.2883,pending,,2026-06-22T13:15:18+00:00
trackb_cont_SLG_20260619,,,,,,,,,,,,,,pending,,2026-06-22T13:15:18+00:00
trackb_cont_SLG_20260622,,,,,,,,,,,,,,pending,,2026-06-22T13:15:18+00:00
trackb_cont_SLM_20260611,23.030001,,,,,23.559999,21.33,,,,,,0.1408,pending,,2026-06-22T13:16:32+00:00
trackb_cont_SLM_20260622,,,,,,,,,,,,,,pending,,2026-06-22T13:16:32+00:00
trackb_cont_SMA_20260616,,,,,,32.84,31.504999,,,,,,-2.0976,pending,,2026-06-22T13:17:25+00:00
trackb_cont_SMA_20260617,,,,,,32.84,31.504999,,,,,,-2.0976,pending,,2026-06-22T13:17:25+00:00
trackb_cont_SMA_20260618,,,,,,32.84,31.969999,,,,,,-0.6526,pending,,2026-06-22T13:17:25+00:00
trackb_cont_SMA_20260619,,,,,,,,,,,,,,pending,,2026-06-22T13:17:25+00:00
trackb_cont_SMCI_20260603,29.27,27.780001,,,,50.02,27.709999,,,,,,-40.3701,pending,,2026-06-22T13:14:05+00:00
trackb_cont_SMCI_20260604,31.969999,30.66,,,,47.84,27.709999,,,,,,-40.3701,pending,,2026-06-22T13:14:05+00:00
trackb_cont_SMCI_20260605,30.459999,,,,,45.259998,27.709999,,,,,,-40.3701,pending,,2026-06-22T13:14:05+00:00
trackb_cont_SMCI_20260608,30.85,,,,,44.950001,27.709999,,,,,,-40.3701,pending,,2026-06-22T13:14:05+00:00
trackb_cont_SMG_20260615,,,,,,65.949997,61.939999,,,,,,-4.3123,pending,,2026-06-22T13:17:03+00:00
trackb_cont_SMG_20260616,,,,,,65.25,61.939999,,,,,,-3.1431,pending,,2026-06-22T13:17:03+00:00
trackb_cont_SMG_20260617,,,,,,65.25,61.939999,,,,,,-3.1431,pending,,2026-06-22T13:17:03+00:00
trackb_cont_SMG_20260618,,,,,,65.25,62.970001,,,,,,-1.5324,pending,,2026-06-22T13:17:03+00:00
trackb_cont_SMG_20260619,,,,,,,,,,,,,,pending,,2026-06-22T13:17:03+00:00
trackb_cont_SMG_20260622,,,,,,,,,,,,,,pending,,2026-06-22T13:17:03+00:00
trackb_cont_SMPL_20260611,12.63,,,,,12.815,12.02,,,,,,-4.6788,pending,,2026-06-22T13:16:30+00:00
trackb_cont_SMPL_20260612,,,,,,12.815,12.02,,,,,,-4.9051,pending,,2026-06-22T13:16:30+00:00
trackb_cont_SMPL_20260615,,,,,,12.74,12.02,,,,,,-4.5956,pending,,2026-06-22T13:16:30+00:00
trackb_cont_SMPL_20260616,,,,,,12.74,12.02,,,,,,-4.9051,pending,,2026-06-22T13:16:30+00:00
trackb_cont_SMPL_20260617,,,,,,12.74,12.02,,,,,,-4.9051,pending,,2026-06-22T13:16:30+00:00
trackb_cont_SMPL_20260618,,,,,,12.74,12.07,,,,,,-4.5095,pending,,2026-06-22T13:16:30+00:00
trackb_cont_SMPL_20260619,,,,,,,,,,,,,,pending,,2026-06-22T13:16:30+00:00
trackb_cont_SMR_20260603,9.29,10.34,,,,13.52,9.12,,,,,,-25.6421,pending,,2026-06-22T13:14:16+00:00
trackb_cont_SMR_20260604,9.57,11.74,,,,12.3,9.12,,,,,,-25.6421,pending,,2026-06-22T13:14:16+00:00
trackb_cont_SMR_20260605,9.89,,,,,12.24,9.12,,,,,,-25.6421,pending,,2026-06-22T13:14:16+00:00
trackb_cont_SMR_20260608,10.64,,,,,11.8,9.12,,,,,,-25.6421,pending,,2026-06-22T13:14:16+00:00
trackb_cont_SMTC_20260603,154.279999,150.199997,,,,177.350006,143.610001,,,,,,-12.0414,pending,,2026-06-22T13:14:22+00:00
trackb_cont_SMTC_20260604,163.570007,158.229996,,,,177.350006,143.610001,,,,,,-12.0414,pending,,2026-06-22T13:14:22+00:00
trackb_cont_SMTC_20260605,166.710007,,,,,177.350006,143.610001,,,,,,-12.0414,pending,,2026-06-22T13:14:22+00:00
trackb_cont_SMTC_20260608,174.300003,,,,,177.350006,143.610001,,,,,,-4.9066,pending,,2026-06-22T13:14:22+00:00
trackb_cont_SMTC_20260616,,,,,,174.270004,148.899994,,,,,,-14.553,pending,,2026-06-22T13:14:22+00:00
trackb_cont_SMTC_20260617,,,,,,164.179993,148.899994,,,,,,-14.553,pending,,2026-06-22T13:14:22+00:00
trackb_cont_SMTC_20260618,,,,,,161.679993,152.229996,,,,,,-12.642,pending,,2026-06-22T13:14:22+00:00
trackb_cont_SMTC_20260619,,,,,,,,,,,,,,pending,,2026-06-22T13:14:22+00:00
trackb_cont_SM_20260608,28.469999,,,,,33.549999,26.469999,,,,,,-17.8206,pending,,2026-06-22T13:15:57+00:00
trackb_cont_SNA_20260609,389.390015,,,,,393.940002,377.579987,,,,,,-0.8065,pending,,2026-06-22T13:16:07+00:00
trackb_cont_SNA_20260610,381.26001,,,,,393.940002,377.579987,,,,,,-0.8065,pending,,2026-06-22T13:16:07+00:00
trackb_cont_SNA_20260616,,,,,,392.970001,379.540009,,,,,,-2.9384,pending,,2026-06-22T13:16:07+00:00
trackb_cont_SNA_20260617,,,,,,392.0,379.540009,,,,,,-2.9384,pending,,2026-06-22T13:16:07+00:00
trackb_cont_SNA_20260618,,,,,,390.359985,382.709991,,,,,,0.3803,pending,,2026-06-22T13:16:07+00:00
trackb_cont_SNA_20260619,,,,,,,,,,,,,,pending,,2026-06-22T13:16:07+00:00
trackb_cont_SNDK_20260603,1643.22998,1958.800049,,,,2191.689941,1514.359985,,,,,,-14.9372,pending,,2026-06-22T13:14:52+00:00
trackb_cont_SNDK_20260604,1881.51001,2184.75,,,,2191.689941,1514.359985,,,,,,-14.9372,pending,,2026-06-22T13:14:52+00:00
trackb_cont_SNDK_20260605,1980.099976,,,,,2191.689941,1514.359985,,,,,,-14.9372,pending,,2026-06-22T13:14:52+00:00
trackb_cont_SNDK_20260608,2107.860107,,,,,2191.689941,1536.0,,,,,,-13.7217,pending,,2026-06-22T13:14:52+00:00
trackb_cont_SNDK_20260615,,,,,,2191.689941,1938.0,,,,,,-6.4381,pending,,2026-06-22T13:14:52+00:00
trackb_cont_SNDK_20260616,,,,,,2191.689941,1938.0,,,,,,-7.8139,pending,,2026-06-22T13:14:52+00:00
trackb_cont_SNDK_20260617,,,,,,2191.689941,1938.0,,,,,,-7.8139,pending,,2026-06-22T13:14:52+00:00
trackb_cont_SNDK_20260618,,,,,,2191.689941,2029.0,,,,,,-3.4853,pending,,2026-06-22T13:14:52+00:00
trackb_cont_SNDK_20260619,,,,,,,,,,,,,,pending,,2026-06-22T13:14:52+00:00
trackb_cont_SNDR_20260603,37.060001,35.34,,,,39.27,35.169998,,,,,,-4.1167,pending,,2026-06-22T13:13:52+00:00
trackb_cont_SNDR_20260604,38.110001,35.68,,,,39.27,35.169998,,,,,,-4.1167,pending,,2026-06-22T13:13:52+00:00
trackb_cont_SNDR_20260605,38.439999,,,,,39.27,35.169998,,,,,,-4.1167,pending,,2026-06-22T13:13:52+00:00
trackb_cont_SNDR_20260608,37.689999,,,,,39.27,35.169998,,,,,,-4.1167,pending,,2026-06-22T13:13:52+00:00
trackb_cont_SNDR_20260612,,,,,,38.900002,35.169998,,,,,,-7.7145,pending,,2026-06-22T13:13:52+00:00
trackb_cont_SNDR_20260615,,,,,,38.564999,35.169998,,,,,,-7.7145,pending,,2026-06-22T13:13:52+00:00
trackb_cont_SNDR_20260616,,,,,,37.938,35.169998,,,,,,-6.4628,pending,,2026-06-22T13:13:52+00:00
trackb_cont_SNDR_20260617,,,,,,37.130001,35.169998,,,,,,-6.4628,pending,,2026-06-22T13:13:52+00:00
trackb_cont_SNOW_20260603,239.899994,234.520004,,,,263.640015,219.690002,,,,,,-10.6751,pending,,2026-06-22T13:14:50+00:00
trackb_cont_SNOW_20260604,240.389999,232.289993,,,,253.005005,219.690002,,,,,,-10.6751,pending,,2026-06-22T13:14:50+00:00
trackb_cont_SNOW_20260605,232.779999,,,,,248.639999,219.690002,,,,,,-10.6751,pending,,2026-06-22T13:14:50+00:00
trackb_cont_SNOW_20260608,240.779999,,,,,248.639999,219.690002,,,,,,-7.794,pending,,2026-06-22T13:14:50+00:00
trackb_cont_SNX_20260603,267.809998,283.809998,,,,291.01001,263.709991,,,,,,-5.2144,pending,,2026-06-22T13:14:28+00:00
trackb_cont_SNX_20260604,277.089996,284.559998,,,,291.01001,263.709991,,,,,,-5.2144,pending,,2026-06-22T13:14:28+00:00
trackb_cont_SNX_20260605,280.649994,,,,,291.01001,263.709991,,,,,,-5.2144,pending,,2026-06-22T13:14:28+00:00
trackb_cont_SNX_20260608,284.649994,,,,,291.01001,263.709991,,,,,,-1.8936,pending,,2026-06-22T13:14:28+00:00
trackb_cont_SNX_20260612,,,,,,291.01001,278.519989,,,,,,0.5161,pending,,2026-06-22T13:14:28+00:00
trackb_cont_SNX_20260616,,,,,,291.01001,279.25,,,,,,-1.9505,pending,,2026-06-22T13:14:28+00:00
trackb_cont_SNX_20260617,,,,,,291.01001,279.25,,,,,,-1.9505,pending,,2026-06-22T13:14:28+00:00
trackb_cont_SNX_20260618,,,,,,288.679993,279.25,,,,,,-2.7003,pending,,2026-06-22T13:14:28+00:00
trackb_cont_SNX_20260619,,,,,,,,,,,,,,pending,,2026-06-22T13:14:28+00:00
trackb_cont_SNX_20260622,,,,,,,,,,,,,,pending,,2026-06-22T13:14:28+00:00
trackb_cont_SN_20260603,128.220001,133.559998,,,,141.809998,116.800003,,,,,,-4.3564,pending,,2026-06-22T13:14:07+00:00
trackb_cont_SN_20260604,135.589996,140.839996,,,,141.809998,116.800003,,,,,,-4.3564,pending,,2026-06-22T13:14:07+00:00
trackb_cont_SN_20260605,133.800003,,,,,141.809998,116.800003,,,,,,-4.3564,pending,,2026-06-22T13:14:07+00:00
trackb_cont_SN_20260608,133.089996,,,,,141.809998,116.800003,,,,,,-2.5204,pending,,2026-06-22T13:14:07+00:00
trackb_cont_SN_20260609,136.279999,,,,,141.809998,120.794998,,,,,,2.1263,pending,,2026-06-22T13:14:07+00:00
trackb_cont_SN_20260610,133.559998,,,,,141.809998,126.572998,,,,,,7.0113,pending,,2026-06-22T13:14:07+00:00
trackb_cont_SN_20260616,,,,,,141.809998,133.240997,,,,,,-1.1712,pending,,2026-06-22T13:14:07+00:00
trackb_cont_SN_20260617,,,,,,141.809998,133.240997,,,,,,-1.1712,pending,,2026-06-22T13:14:07+00:00
trackb_cont_SN_20260618,,,,,,141.809998,135.5,,,,,,0.5044,pending,,2026-06-22T13:14:07+00:00
trackb_cont_SN_20260619,,,,,,,,,,,,,,pending,,2026-06-22T13:14:07+00:00
trackb_cont_SN_20260622,,,,,,,,,,,,,,pending,,2026-06-22T13:14:07+00:00
trackb_cont_SOFI_20260603,15.87,17.42,,,,18.700001,15.651,,,,,,-6.1972,pending,,2026-06-22T13:15:30+00:00
trackb_cont_SOFI_20260604,16.67,17.91,,,,18.700001,15.651,,,,,,-6.1972,pending,,2026-06-22T13:15:30+00:00
trackb_cont_SOFI_20260605,16.58,,,,,18.700001,15.651,,,,,,-6.1972,pending,,2026-06-22T13:15:30+00:00
trackb_cont_SOFI_20260608,17.129999,,,,,18.700001,15.651,,,,,,-6.1972,pending,,2026-06-22T13:15:30+00:00
trackb_cont_SOLS_20260603,77.690002,85.139999,,,,89.720001,76.989998,,,,,,-13.1529,pending,,2026-06-22T13:15:16+00:00
trackb_cont_SOLS_20260604,81.169998,85.57,,,,88.459999,76.989998,,,,,,-13.1529,pending,,2026-06-22T13:15:16+00:00
trackb_cont_SOLS_20260605,83.059998,,,,,88.459999,76.989998,,,,,,-13.1529,pending,,2026-06-22T13:15:16+00:00
trackb_cont_SOLV_20260603,80.940002,74.559998,,,,83.419998,74.18,,,,,,-4.5549,pending,,2026-06-22T13:14:37+00:00
trackb_cont_SOLV_20260604,79.220001,75.43,,,,83.419998,74.18,,,,,,-4.5549,pending,,2026-06-22T13:14:37+00:00
trackb_cont_SOLV_20260605,78.870003,,,,,83.419998,74.18,,,,,,-4.5549,pending,,2026-06-22T13:14:37+00:00
trackb_cont_SOLV_20260608,76.900002,,,,,82.720001,74.18,,,,,,-4.5549,pending,,2026-06-22T13:14:37+00:00
trackb_cont_SOLV_20260609,76.559998,,,,,82.720001,74.18,,,,,,-5.8151,pending,,2026-06-22T13:14:37+00:00
trackb_cont_SONO_20260603,14.67,14.29,,,,16.379999,14.07,,,,,,-10.0384,pending,,2026-06-22T13:14:17+00:00
trackb_cont_SONO_20260604,15.44,14.68,,,,16.379999,14.07,,,,,,-10.0384,pending,,2026-06-22T13:14:17+00:00
trackb_cont_SONO_20260605,15.36,,,,,16.370001,14.07,,,,,,-10.0384,pending,,2026-06-22T13:14:17+00:00
trackb_cont_SONO_20260608,14.9,,,,,15.77,14.07,,,,,,-10.0384,pending,,2026-06-22T13:14:17+00:00
trackb_cont_SO_20260612,,,,,,95.290001,92.309998,,,,,,-1.0293,pending,,2026-06-22T13:16:44+00:00
trackb_cont_SO_20260616,,,,,,95.290001,92.309998,,,,,,-2.1727,pending,,2026-06-22T13:16:44+00:00
trackb_cont_SO_20260617,,,,,,94.639999,92.309998,,,,,,-2.1727,pending,,2026-06-22T13:16:44+00:00
trackb_cont_SPB_20260610,80.550003,,,,,85.510002,80.379997,,,,,,-1.2531,pending,,2026-06-22T13:16:20+00:00
trackb_cont_SPB_20260616,,,,,,85.239998,80.379997,,,,,,-5.9003,pending,,2026-06-22T13:16:20+00:00
trackb_cont_SPB_20260617,,,,,,85.230003,80.379997,,,,,,-5.9003,pending,,2026-06-22T13:16:20+00:00
trackb_cont_SPB_20260618,,,,,,85.230003,81.57,,,,,,1.2663,pending,,2026-06-22T13:16:20+00:00
trackb_cont_SPB_20260619,,,,,,,,,,,,,,pending,,2026-06-22T13:16:20+00:00
trackb_cont_SPG_20260608,215.660004,,,,,220.440002,205.179993,,,,,,-2.4393,pending,,2026-06-22T13:15:58+00:00
trackb_cont_SPG_20260612,,,,,,220.440002,208.710007,,,,,,-2.8623,pending,,2026-06-22T13:15:58+00:00
trackb_cont_SPG_20260615,,,,,,219.869995,208.710007,,,,,,-4.5897,pending,,2026-06-22T13:15:58+00:00
trackb_cont_SPG_20260616,,,,,,217.479996,208.710007,,,,,,-3.3078,pending,,2026-06-22T13:15:58+00:00
trackb_cont_SPG_20260617,,,,,,215.809998,208.710007,,,,,,-3.3078,pending,,2026-06-22T13:15:58+00:00
trackb_cont_SPHR_20260603,142.0,152.350006,,,,160.360001,132.610001,,,,,,-4.9936,pending,,2026-06-22T13:15:33+00:00
trackb_cont_SPHR_20260604,150.770004,157.330002,,,,160.360001,132.610001,,,,,,-4.9936,pending,,2026-06-22T13:15:33+00:00
trackb_cont_SPHR_20260605,153.25,,,,,160.360001,132.610001,,,,,,-4.9936,pending,,2026-06-22T13:15:33+00:00
trackb_cont_SPHR_20260608,154.380005,,,,,160.360001,132.610001,,,,,,-4.9936,pending,,2026-06-22T13:15:33+00:00
trackb_cont_SPHR_20260616,,,,,,160.360001,148.190002,,,,,,-3.6601,pending,,2026-06-22T13:15:33+00:00
trackb_cont_SPHR_20260617,,,,,,160.360001,148.190002,,,,,,-3.6601,pending,,2026-06-22T13:15:33+00:00
trackb_cont_SPHR_20260618,,,,,,159.580002,152.444,,,,,,-1.0746,pending,,2026-06-22T13:15:33+00:00
trackb_cont_SPHR_20260619,,,,,,,,,,,,,,pending,,2026-06-22T13:15:33+00:00
trackb_cont_SPHR_20260622,,,,,,,,,,,,,,pending,,2026-06-22T13:15:33+00:00
trackb_cont_SPXC_20260603,223.630005,235.289993,,,,244.770004,217.740005,,,,,,-9.1311,pending,,2026-06-22T13:13:47+00:00
trackb_cont_SPXC_20260604,233.490005,242.970001,,,,244.770004,217.740005,,,,,,-9.1311,pending,,2026-06-22T13:13:47+00:00
trackb_cont_SPXC_20260605,230.050003,,,,,244.770004,217.740005,,,,,,-9.1311,pending,,2026-06-22T13:13:47+00:00
trackb_cont_SPXC_20260608,237.059998,,,,,244.770004,217.740005,,,,,,-9.1311,pending,,2026-06-22T13:13:47+00:00
trackb_cont_SPXC_20260615,,,,,,244.770004,234.529999,,,,,,-1.0735,pending,,2026-06-22T13:13:47+00:00
trackb_cont_SPXC_20260616,,,,,,244.770004,234.529999,,,,,,-2.1762,pending,,2026-06-22T13:13:47+00:00
trackb_cont_SPXC_20260617,,,,,,244.770004,234.880005,,,,,,-2.0303,pending,,2026-06-22T13:13:47+00:00
trackb_cont_SPXC_20260618,,,,,,244.770004,236.710007,,,,,,-1.267,pending,,2026-06-22T13:13:47+00:00
trackb_cont_SPXC_20260619,,,,,,,,,,,,,,pending,,2026-06-22T13:13:47+00:00
trackb_cont_SPXC_20260622,,,,,,,,,,,,,,pending,,2026-06-22T13:13:47+00:00
trackb_cont_SRG_20260603,2.67,2.63,,,,2.9,2.61,,,,,,-4.7445,pending,,2026-06-22T13:13:56+00:00
trackb_cont_SRG_20260604,2.65,2.66,,,,2.86,2.61,,,,,,-4.7445,pending,,2026-06-22T13:13:56+00:00
trackb_cont_SRG_20260605,2.63,,,,,2.74,2.61,,,,,,-4.7445,pending,,2026-06-22T13:13:56+00:00
trackb_cont_SRG_20260608,2.65,,,,,2.74,2.61,,,,,,-2.974,pending,,2026-06-22T13:13:56+00:00
trackb_cont_SSB_20260616,,,,,,99.209999,95.5,,,,,,-2.3767,pending,,2026-06-22T13:17:14+00:00
trackb_cont_SSB_20260617,,,,,,98.669998,95.5,,,,,,-2.3767,pending,,2026-06-22T13:17:14+00:00
trackb_cont_SSB_20260618,,,,,,97.220001,95.949997,,,,,,0.1043,pending,,2026-06-22T13:17:14+00:00
trackb_cont_SSB_20260619,,,,,,,,,,,,,,pending,,2026-06-22T13:17:14+00:00
trackb_cont_SSRM_20260622,,,,,,,,,,,,,,pending,,2026-06-22T13:17:49+00:00
trackb_cont_SSYS_20260603,8.46,8.82,,,,10.43,8.31,,,,,,-17.3545,pending,,2026-06-22T13:14:25+00:00
trackb_cont_SSYS_20260604,9.0,8.92,,,,9.84,8.31,,,,,,-17.3545,pending,,2026-06-22T13:14:25+00:00
trackb_cont_SSYS_20260605,8.92,,,,,9.44,8.31,,,,,,-17.3545,pending,,2026-06-22T13:14:25+00:00
trackb_cont_SSYS_20260608,8.9,,,,,9.35,8.31,,,,,,-17.3545,pending,,2026-06-22T13:14:25+00:00
trackb_cont_STAG_20260615,,,,,,38.990002,37.040001,,,,,,-4.5361,pending,,2026-06-22T13:16:59+00:00
trackb_cont_STAG_20260616,,,,,,38.990002,37.040001,,,,,,-3.9045,pending,,2026-06-22T13:16:59+00:00
trackb_cont_STAG_20260617,,,,,,38.43,37.040001,,,,,,-3.9045,pending,,2026-06-22T13:16:59+00:00
trackb_cont_STAG_20260618,,,,,,37.91,37.27,,,,,,-3.3078,pending,,2026-06-22T13:16:59+00:00
trackb_cont_STAG_20260619,,,,,,,,,,,,,,pending,,2026-06-22T13:16:59+00:00
trackb_cont_STGW_20260603,6.53,6.66,,,,7.24,6.21,,,,,,-6.2642,pending,,2026-06-22T13:14:51+00:00
trackb_cont_STGW_20260604,6.56,6.71,,,,7.05,6.21,,,,,,-6.2642,pending,,2026-06-22T13:14:51+00:00
trackb_cont_STGW_20260605,6.63,,,,,7.05,6.21,,,,,,-6.2642,pending,,2026-06-22T13:14:51+00:00
trackb_cont_STGW_20260608,6.59,,,,,7.05,6.21,,,,,,-6.2642,pending,,2026-06-22T13:14:51+00:00
trackb_cont_STLD_20260603,268.339996,270.130005,,,,288.73999,248.050003,,,,,,-9.8754,pending,,2026-06-22T13:13:58+00:00
trackb_cont_STLD_20260604,279.549988,249.910004,,,,288.73999,248.050003,,,,,,-9.8754,pending,,2026-06-22T13:13:58+00:00
trackb_cont_STLD_20260605,282.76001,,,,,288.73999,248.050003,,,,,,-9.8754,pending,,2026-06-22T13:13:58+00:00
trackb_cont_STLD_20260608,272.190002,,,,,288.73999,248.050003,,,,,,-7.6164,pending,,2026-06-22T13:13:58+00:00
trackb_cont_STLD_20260615,,,,,,288.73999,248.050003,,,,,,-12.6661,pending,,2026-06-22T13:13:58+00:00
trackb_cont_STLD_20260616,,,,,,278.970001,248.050003,,,,,,-9.3318,pending,,2026-06-22T13:13:58+00:00
trackb_cont_STLD_20260617,,,,,,276.390015,248.050003,,,,,,-9.3318,pending,,2026-06-22T13:13:58+00:00
trackb_cont_STLD_20260618,,,,,,261.98999,248.050003,,,,,,-9.3318,pending,,2026-06-22T13:13:58+00:00
trackb_cont_STLD_20260619,,,,,,,,,,,,,,pending,,2026-06-22T13:13:58+00:00
trackb_cont_STRL_20260603,770.25,838.210022,,,,1005.679993,770.219971,,,,,,-18.9268,pending,,2026-06-22T13:14:24+00:00
trackb_cont_STRL_20260604,838.549988,861.880005,,,,1005.679993,770.219971,,,,,,-18.9268,pending,,2026-06-22T13:14:24+00:00
trackb_cont_STRL_20260605,858.98999,,,,,969.880005,770.219971,,,,,,-18.9268,pending,,2026-06-22T13:14:24+00:00
trackb_cont_STRL_20260608,866.669983,,,,,911.049988,770.219971,,,,,,-18.9268,pending,,2026-06-22T13:14:24+00:00
trackb_cont_STT_20260603,161.800003,171.100006,,,,174.660004,155.690002,,,,,,-0.8723,pending,,2026-06-22T13:14:43+00:00
trackb_cont_STT_20260604,164.850006,168.309998,,,,174.660004,158.020004,,,,,,0.6112,pending,,2026-06-22T13:14:43+00:00
trackb_cont_STT_20260605,167.630005,,,,,174.660004,158.679993,,,,,,1.0314,pending,,2026-06-22T13:14:43+00:00
trackb_cont_STT_20260608,167.369995,,,,,174.660004,158.679993,,,,,,-1.898,pending,,2026-06-22T13:14:43+00:00
trackb_cont_STT_20260609,171.289993,,,,,174.660004,158.679993,,,,,,-1.9344,pending,,2026-06-22T13:14:43+00:00
trackb_cont_STT_20260611,168.309998,,,,,174.660004,162.020004,,,,,,0.136,pending,,2026-06-22T13:14:43+00:00
trackb_cont_STT_20260615,,,,,,174.660004,166.910004,,,,,,-1.8263,pending,,2026-06-22T13:14:43+00:00
trackb_cont_STT_20260616,,,,,,174.660004,167.940002,,,,,,-0.3383,pending,,2026-06-22T13:14:43+00:00
trackb_cont_STT_20260617,,,,,,174.660004,167.940002,,,,,,-0.3383,pending,,2026-06-22T13:14:43+00:00
trackb_cont_STT_20260618,,,,,,174.660004,167.940002,,,,,,-1.8469,pending,,2026-06-22T13:14:43+00:00
trackb_cont_STT_20260619,,,,,,,,,,,,,,pending,,2026-06-22T13:14:43+00:00
trackb_cont_STT_20260622,,,,,,,,,,,,,,pending,,2026-06-22T13:14:43+00:00
trackb_cont_STUB_20260603,10.16,11.4,,,,11.92,9.15,,,,,,-4.5383,pending,,2026-06-22T13:14:55+00:00
trackb_cont_STUB_20260604,10.62,11.68,,,,11.92,9.15,,,,,,-4.5383,pending,,2026-06-22T13:14:55+00:00
trackb_cont_STUB_20260605,11.46,,,,,11.92,9.15,,,,,,-4.5383,pending,,2026-06-22T13:14:55+00:00
trackb_cont_STUB_20260608,11.5,,,,,11.92,9.195,,,,,,-4.0689,pending,,2026-06-22T13:14:55+00:00
trackb_cont_STUB_20260616,,,,,,11.92,11.105,,,,,,-1.2011,pending,,2026-06-22T13:14:55+00:00
trackb_cont_STUB_20260617,,,,,,11.92,11.24,,,,,,-0.0,pending,,2026-06-22T13:14:55+00:00
trackb_cont_STUB_20260618,,,,,,11.77,11.24,,,,,,-3.3534,pending,,2026-06-22T13:14:55+00:00
trackb_cont_STUB_20260619,,,,,,,,,,,,,,pending,,2026-06-22T13:14:55+00:00
trackb_cont_STUB_20260622,,,,,,,,,,,,,,pending,,2026-06-22T13:14:55+00:00
trackb_cont_STX_20260603,815.98999,1066.069946,,,,1145.0,801.890015,,,,,,-15.9224,pending,,2026-06-22T13:14:27+00:00
trackb_cont_STX_20260604,868.090027,1070.22998,,,,1145.0,801.890015,,,,,,-15.9224,pending,,2026-06-22T13:14:27+00:00
trackb_cont_STX_20260605,931.039978,,,,,1145.0,801.890015,,,,,,-15.9224,pending,,2026-06-22T13:14:27+00:00
trackb_cont_STX_20260608,1018.799988,,,,,1145.0,801.890015,,,,,,-5.3784,pending,,2026-06-22T13:14:27+00:00
trackb_cont_STX_20260615,,,,,,1145.0,990.780029,,,,,,-2.2051,pending,,2026-06-22T13:14:27+00:00
trackb_cont_STX_20260616,,,,,,1145.0,1012.169983,,,,,,1.6281,pending,,2026-06-22T13:14:27+00:00
trackb_cont_STX_20260617,,,,,,1145.0,1043.900024,,,,,,4.814,pending,,2026-06-22T13:14:27+00:00
trackb_cont_STX_20260618,,,,,,1145.0,1053.530029,,,,,,5.7809,pending,,2026-06-22T13:14:27+00:00
trackb_cont_STX_20260619,,,,,,,,,,,,,,pending,,2026-06-22T13:14:27+00:00
trackb_cont_STX_20260622,,,,,,,,,,,,,,pending,,2026-06-22T13:14:27+00:00
trackb_cont_ST_20260603,47.02,49.459999,,,,53.889999,46.82,,,,,,-11.8267,pending,,2026-06-22T13:14:09+00:00
trackb_cont_ST_20260604,49.849998,50.630001,,,,53.599998,46.82,,,,,,-11.8267,pending,,2026-06-22T13:14:09+00:00
trackb_cont_ST_20260605,50.400002,,,,,52.700001,46.82,,,,,,-11.8267,pending,,2026-06-22T13:14:09+00:00
trackb_cont_ST_20260608,51.369999,,,,,52.700001,46.82,,,,,,-11.8267,pending,,2026-06-22T13:14:09+00:00
trackb_cont_SUI_20260615,,,,,,127.589996,118.300003,,,,,,-6.7843,pending,,2026-06-22T13:17:05+00:00
trackb_cont_SUI_20260616,,,,,,125.099998,118.300003,,,,,,-5.413,pending,,2026-06-22T13:17:05+00:00
trackb_cont_SUI_20260617,,,,,,124.279999,118.300003,,,,,,-5.413,pending,,2026-06-22T13:17:05+00:00
trackb_cont_SUI_20260618,,,,,,123.330002,118.300003,,,,,,-5.413,pending,,2026-06-22T13:17:05+00:00
trackb_cont_SUI_20260619,,,,,,,,,,,,,,pending,,2026-06-22T13:17:05+00:00
trackb_cont_SVV_20260603,9.52,9.66,,,,10.31,8.74,,,,,,-6.7733,pending,,2026-06-22T13:14:20+00:00
trackb_cont_SVV_20260604,9.97,10.15,,,,10.31,8.81,,,,,,-6.0267,pending,,2026-06-22T13:14:20+00:00
trackb_cont_SVV_20260605,9.99,,,,,10.31,8.81,,,,,,-6.0267,pending,,2026-06-22T13:14:20+00:00
trackb_cont_SVV_20260608,10.14,,,,,10.31,8.81,,,,,,-6.0267,pending,,2026-06-22T13:14:20+00:00
trackb_cont_SVV_20260611,10.15,,,,,10.31,9.483,,,,,,-0.3887,pending,,2026-06-22T13:14:20+00:00
trackb_cont_SVV_20260616,,,,,,10.25,9.58,,,,,,-4.0561,pending,,2026-06-22T13:14:20+00:00
trackb_cont_SVV_20260617,,,,,,10.23,9.58,,,,,,-4.0561,pending,,2026-06-22T13:14:20+00:00
trackb_cont_SVV_20260618,,,,,,10.23,9.858,,,,,,-0.1216,pending,,2026-06-22T13:14:20+00:00
trackb_cont_SVV_20260619,,,,,,,,,,,,,,pending,,2026-06-22T13:14:20+00:00
trackb_cont_SVV_20260622,,,,,,,,,,,,,,pending,,2026-06-22T13:14:20+00:00
trackb_cont_SWK_20260611,86.75,,,,,87.410004,78.059998,,,,,,0.7616,pending,,2026-06-22T13:16:32+00:00
trackb_cont_SWK_20260616,,,,,,87.410004,82.199997,,,,,,-3.6286,pending,,2026-06-22T13:16:32+00:00
trackb_cont_SWK_20260617,,,,,,87.410004,82.199997,,,,,,-3.6286,pending,,2026-06-22T13:16:32+00:00
trackb_cont_SWK_20260618,,,,,,87.389999,84.139999,,,,,,2.025,pending,,2026-06-22T13:16:32+00:00
trackb_cont_SWK_20260619,,,,,,,,,,,,,,pending,,2026-06-22T13:16:32+00:00
trackb_cont_SWK_20260622,,,,,,,,,,,,,,pending,,2026-06-22T13:16:32+00:00
trackb_cont_SXC_20260603,9.11,8.73,,,,9.71,8.54,,,,,,-8.7119,pending,,2026-06-22T13:14:02+00:00
trackb_cont_SXC_20260604,9.45,8.64,,,,9.71,8.54,,,,,,-8.7119,pending,,2026-06-22T13:14:02+00:00
trackb_cont_SXC_20260605,9.59,,,,,9.71,8.54,,,,,,-8.7119,pending,,2026-06-22T13:14:02+00:00
trackb_cont_SXC_20260608,9.21,,,,,9.71,8.54,,,,,,-5.9471,pending,,2026-06-22T13:14:02+00:00
trackb_cont_SXC_20260616,,,,,,9.25,8.54,,,,,,-7.5257,pending,,2026-06-22T13:14:02+00:00
trackb_cont_SXC_20260617,,,,,,9.09,8.54,,,,,,-7.5257,pending,,2026-06-22T13:14:02+00:00
trackb_cont_SXT_20260611,113.480003,,,,,126.279999,110.040001,,,,,,-8.1316,pending,,2026-06-22T13:16:30+00:00
trackb_cont_SXT_20260615,,,,,,126.279999,110.040001,,,,,,-12.6667,pending,,2026-06-22T13:16:30+00:00
trackb_cont_SXT_20260616,,,,,,115.099998,110.040001,,,,,,-11.0392,pending,,2026-06-22T13:16:30+00:00
trackb_cont_SXT_20260617,,,,,,114.209999,110.040001,,,,,,-11.0392,pending,,2026-06-22T13:16:30+00:00
trackb_cont_SXT_20260618,,,,,,113.629997,110.559998,,,,,,-10.6189,pending,,2026-06-22T13:16:30+00:00
trackb_cont_SXT_20260619,,,,,,,,,,,,,,pending,,2026-06-22T13:16:30+00:00
trackb_cont_SYF_20260615,,,,,,76.870003,73.904999,,,,,,-2.9991,pending,,2026-06-22T13:17:00+00:00
trackb_cont_SYF_20260616,,,,,,76.870003,73.904999,,,,,,-1.8396,pending,,2026-06-22T13:17:00+00:00
trackb_cont_SYF_20260617,,,,,,76.870003,73.904999,,,,,,-1.8396,pending,,2026-06-22T13:17:00+00:00
trackb_cont_SYY_20260609,79.440002,,,,,80.639999,76.0,,,,,,-0.6276,pending,,2026-06-22T13:15:41+00:00
trackb_cont_SYY_20260611,78.699997,,,,,80.639999,78.339996,,,,,,-0.2547,pending,,2026-06-22T13:15:41+00:00
trackb_cont_SYY_20260612,,,,,,80.639999,78.339996,,,,,,-1.6324,pending,,2026-06-22T13:15:41+00:00
trackb_cont_SYY_20260616,,,,,,80.639999,78.419998,,,,,,-1.2716,pending,,2026-06-22T13:15:41+00:00
trackb_cont_SYY_20260617,,,,,,80.370003,78.419998,,,,,,-1.2716,pending,,2026-06-22T13:15:41+00:00
trackb_cont_SYY_20260618,,,,,,80.370003,78.419998,,,,,,-1.2716,pending,,2026-06-22T13:15:41+00:00
trackb_cont_SYY_20260619,,,,,,,,,,,,,,pending,,2026-06-22T13:15:41+00:00
trackb_cont_TALK_20260603,5.21,5.2,,,,5.22,5.19,,,,,,-0.5747,pending,,2026-06-22T13:15:05+00:00
trackb_cont_TALK_20260604,5.21,5.21,,,,5.22,5.19,,,,,,-0.5747,pending,,2026-06-22T13:15:05+00:00
trackb_cont_TALK_20260605,5.21,,,,,5.22,5.19,,,,,,-0.5747,pending,,2026-06-22T13:15:05+00:00
trackb_cont_TALK_20260608,5.2,,,,,5.22,5.19,,,,,,-0.5747,pending,,2026-06-22T13:15:05+00:00
trackb_cont_TALK_20260610,5.2,,,,,5.22,5.19,,,,,,-0.3839,pending,,2026-06-22T13:15:05+00:00
trackb_cont_TBCH_20260603,13.11,12.48,,,,14.01,12.0,,,,,,-6.1033,pending,,2026-06-22T13:13:57+00:00
trackb_cont_TBCH_20260604,13.39,13.77,,,,14.01,12.0,,,,,,-6.1033,pending,,2026-06-22T13:13:57+00:00
trackb_cont_TBCH_20260605,13.29,,,,,14.01,12.0,,,,,,-6.1033,pending,,2026-06-22T13:13:57+00:00
trackb_cont_TBCH_20260608,13.08,,,,,14.01,12.39,,,,,,-0.9592,pending,,2026-06-22T13:13:57+00:00
trackb_cont_TBCH_20260609,12.81,,,,,14.01,12.39,,,,,,-4.4719,pending,,2026-06-22T13:13:57+00:00
trackb_cont_TBCH_20260616,,,,,,14.01,12.39,,,,,,-6.982,pending,,2026-06-22T13:13:57+00:00
trackb_cont_TBCH_20260617,,,,,,14.01,12.39,,,,,,-6.982,pending,,2026-06-22T13:13:57+00:00
trackb_cont_TBI_20260603,6.55,6.77,,,,7.2,6.38,,,,,,-4.1322,pending,,2026-06-22T13:14:39+00:00
trackb_cont_TBI_20260604,6.87,6.7,,,,7.2,6.38,,,,,,-4.1322,pending,,2026-06-22T13:14:39+00:00
trackb_cont_TBI_20260605,6.98,,,,,7.2,6.38,,,,,,-4.1322,pending,,2026-06-22T13:14:39+00:00
trackb_cont_TBI_20260608,6.95,,,,,7.2,6.38,,,,,,-3.7707,pending,,2026-06-22T13:14:39+00:00
trackb_cont_TBI_20260610,6.77,,,,,7.2,6.38,,,,,,-4.2042,pending,,2026-06-22T13:14:39+00:00
trackb_cont_TBI_20260616,,,,,,7.13,6.64,,,,,,-5.0072,pending,,2026-06-22T13:14:39+00:00
trackb_cont_TBI_20260617,,,,,,7.02,6.64,,,,,,-5.0072,pending,,2026-06-22T13:14:39+00:00
trackb_cont_TBI_20260618,,,,,,6.94,6.66,,,,,,-2.6316,pending,,2026-06-22T13:14:39+00:00
trackb_cont_TBI_20260619,,,,,,,,,,,,,,pending,,2026-06-22T13:14:39+00:00
trackb_cont_TBI_20260622,,,,,,,,,,,,,,pending,,2026-06-22T13:14:39+00:00
trackb_cont_TBLA_20260603,4.72,4.78,,,,5.1,4.51,,,,,,-2.4865,pending,,2026-06-22T13:15:28+00:00
trackb_cont_TBLA_20260604,4.73,4.7,,,,5.1,4.51,,,,,,-2.4865,pending,,2026-06-22T13:15:28+00:00
trackb_cont_TBLA_20260605,4.74,,,,,5.1,4.51,,,,,,-2.4865,pending,,2026-06-22T13:15:28+00:00
trackb_cont_TBLA_20260618,,,,,,4.87,4.64,,,,,,-2.9289,pending,,2026-06-22T13:15:28+00:00
trackb_cont_TBLA_20260619,,,,,,,,,,,,,,pending,,2026-06-22T13:15:28+00:00
trackb_cont_TDG_20260603,1212.359985,1316.75,,,,1337.339966,1201.859985,,,,,,-2.1896,pending,,2026-06-22T13:15:29+00:00
trackb_cont_TDG_20260604,1257.589966,1328.310059,,,,1337.339966,1203.349976,,,,,,-2.0683,pending,,2026-06-22T13:15:29+00:00
trackb_cont_TDG_20260605,1256.050049,,,,,1337.339966,1203.349976,,,,,,-2.0683,pending,,2026-06-22T13:15:29+00:00
trackb_cont_TDG_20260608,1277.349976,,,,,1337.339966,1203.349976,,,,,,-2.0683,pending,,2026-06-22T13:15:29+00:00
trackb_cont_TDG_20260611,1328.310059,,,,,1337.339966,1205.0,,,,,,-0.6071,pending,,2026-06-22T13:15:29+00:00
trackb_cont_TDG_20260615,,,,,,1337.339966,1265.949951,,,,,,-0.5851,pending,,2026-06-22T13:15:29+00:00
trackb_cont_TDG_20260616,,,,,,1337.339966,1278.01001,,,,,,-0.1685,pending,,2026-06-22T13:15:29+00:00
trackb_cont_TDG_20260617,,,,,,1337.339966,1284.920044,,,,,,0.3712,pending,,2026-06-22T13:15:29+00:00
trackb_cont_TDG_20260618,,,,,,1337.339966,1304.859985,,,,,,1.9288,pending,,2026-06-22T13:15:29+00:00
trackb_cont_TDG_20260619,,,,,,,,,,,,,,pending,,2026-06-22T13:15:29+00:00
trackb_cont_TDG_20260622,,,,,,,,,,,,,,pending,,2026-06-22T13:15:29+00:00
trackb_cont_TDOC_20260603,7.03,7.59,,,,8.095,6.74,,,,,,-6.1935,pending,,2026-06-22T13:15:32+00:00
trackb_cont_TDOC_20260604,7.31,8.07,,,,8.095,6.74,,,,,,-6.1935,pending,,2026-06-22T13:15:32+00:00
trackb_cont_TDOC_20260605,7.34,,,,,8.095,6.74,,,,,,-6.1935,pending,,2026-06-22T13:15:32+00:00
trackb_cont_TDOC_20260608,7.46,,,,,8.095,6.74,,,,,,-6.1935,pending,,2026-06-22T13:15:32+00:00
trackb_cont_TDUP_20260616,,,,,,6.12,5.125,,,,,,-1.537,pending,,2026-06-22T13:17:22+00:00
trackb_cont_TDUP_20260617,,,,,,6.12,5.27,,,,,,1.2488,pending,,2026-06-22T13:17:22+00:00
trackb_cont_TDUP_20260618,,,,,,6.12,5.43,,,,,,1.8762,pending,,2026-06-22T13:17:22+00:00
trackb_cont_TDUP_20260619,,,,,,,,,,,,,,pending,,2026-06-22T13:17:22+00:00
trackb_cont_TDUP_20260622,,,,,,,,,,,,,,pending,,2026-06-22T13:17:22+00:00
trackb_cont_TEAM_20260603,91.540001,84.389999,,,,106.260002,81.760002,,,,,,-19.4007,pending,,2026-06-22T13:15:21+00:00
trackb_cont_TEAM_20260604,89.199997,82.720001,,,,106.260002,81.760002,,,,,,-19.4007,pending,,2026-06-22T13:15:21+00:00
trackb_cont_TEAM_20260605,88.519997,,,,,103.372002,81.760002,,,,,,-19.4007,pending,,2026-06-22T13:15:21+00:00
trackb_cont_TEAM_20260608,91.550003,,,,,99.980003,81.760002,,,,,,-19.4007,pending,,2026-06-22T13:15:21+00:00
trackb_cont_TECH_20260612,,,,,,58.25,53.290001,,,,,,-1.3513,pending,,2026-06-22T13:15:50+00:00
trackb_cont_TECH_20260616,,,,,,58.25,54.32,,,,,,-3.0865,pending,,2026-06-22T13:15:50+00:00
trackb_cont_TECH_20260617,,,,,,58.25,54.32,,,,,,-3.0865,pending,,2026-06-22T13:15:50+00:00
trackb_cont_TECH_20260618,,,,,,58.25,55.150002,,,,,,-1.6057,pending,,2026-06-22T13:15:50+00:00
trackb_cont_TECH_20260619,,,,,,,,,,,,,,pending,,2026-06-22T13:15:50+00:00
trackb_cont_TER_20260603,347.589996,408.559998,,,,440.75,340.339996,,,,,,-16.5097,pending,,2026-06-22T13:14:43+00:00
trackb_cont_TER_20260604,381.399994,437.920013,,,,440.75,340.339996,,,,,,-16.5097,pending,,2026-06-22T13:14:43+00:00
trackb_cont_TER_20260605,403.200012,,,,,440.75,340.339996,,,,,,-16.5097,pending,,2026-06-22T13:14:43+00:00
trackb_cont_TER_20260608,432.410004,,,,,440.75,340.339996,,,,,,-16.5097,pending,,2026-06-22T13:14:43+00:00
trackb_cont_TER_20260615,,,,,,440.75,408.23999,,,,,,-5.2851,pending,,2026-06-22T13:14:43+00:00
trackb_cont_TER_20260616,,,,,,440.75,408.23999,,,,,,-5.3093,pending,,2026-06-22T13:14:43+00:00
trackb_cont_TER_20260617,,,,,,440.75,408.23999,,,,,,-5.3093,pending,,2026-06-22T13:14:43+00:00
trackb_cont_TER_20260618,,,,,,439.5,421.829987,,,,,,-2.1571,pending,,2026-06-22T13:14:43+00:00
trackb_cont_TER_20260619,,,,,,,,,,,,,,pending,,2026-06-22T13:14:43+00:00
trackb_cont_TEX_20260616,,,,,,67.739998,63.82,,,,,,-3.4172,pending,,2026-06-22T13:17:22+00:00
trackb_cont_TEX_20260617,,,,,,67.739998,63.82,,,,,,-3.4172,pending,,2026-06-22T13:17:22+00:00
trackb_cont_TEX_20260618,,,,,,67.739998,65.360001,,,,,,-1.0866,pending,,2026-06-22T13:17:22+00:00
trackb_cont_TEX_20260619,,,,,,,,,,,,,,pending,,2026-06-22T13:17:22+00:00
trackb_cont_TE_20260603,7.73,9.04,,,,12.49,7.36,,,,,,-36.4421,pending,,2026-06-22T13:13:54+00:00
trackb_cont_TE_20260604,8.47,9.35,,,,12.49,7.36,,,,,,-36.4421,pending,,2026-06-22T13:13:54+00:00
trackb_cont_TE_20260605,8.5,,,,,11.26,7.36,,,,,,-36.4421,pending,,2026-06-22T13:13:54+00:00
trackb_cont_TE_20260608,8.92,,,,,10.01,7.36,,,,,,-36.4421,pending,,2026-06-22T13:13:54+00:00
trackb_cont_TFC_20260609,49.130001,,,,,52.07,47.810001,,,,,,-2.0889,pending,,2026-06-22T13:16:04+00:00
trackb_cont_TFC_20260612,,,,,,52.07,47.810001,,,,,,-5.663,pending,,2026-06-22T13:16:04+00:00
trackb_cont_TFC_20260615,,,,,,52.07,47.810001,,,,,,-7.171,pending,,2026-06-22T13:16:04+00:00
trackb_cont_TFC_20260616,,,,,,49.93,47.810001,,,,,,-3.2969,pending,,2026-06-22T13:16:04+00:00
trackb_cont_TFC_20260617,,,,,,49.93,47.810001,,,,,,-3.2969,pending,,2026-06-22T13:16:04+00:00
trackb_cont_TFC_20260618,,,,,,49.240002,47.970001,,,,,,-2.9733,pending,,2026-06-22T13:16:04+00:00
trackb_cont_TFC_20260619,,,,,,,,,,,,,,pending,,2026-06-22T13:16:04+00:00
trackb_cont_TGT_20260616,,,,,,134.649994,127.660004,,,,,,-5.3704,pending,,2026-06-22T13:15:49+00:00
trackb_cont_TGT_20260617,,,,,,133.679993,127.660004,,,,,,-5.3704,pending,,2026-06-22T13:15:49+00:00
trackb_cont_TGT_20260618,,,,,,131.800003,128.949997,,,,,,-4.4142,pending,,2026-06-22T13:15:49+00:00
trackb_cont_TGT_20260619,,,,,,,,,,,,,,pending,,2026-06-22T13:15:49+00:00
trackb_cont_THG_20260612,,,,,,201.449997,195.639999,,,,,,-0.2193,pending,,2026-06-22T13:16:47+00:00
trackb_cont_THG_20260616,,,,,,201.449997,197.009995,,,,,,-1.1044,pending,,2026-06-22T13:16:47+00:00
trackb_cont_THG_20260617,,,,,,201.360001,197.009995,,,,,,-1.1044,pending,,2026-06-22T13:16:47+00:00
trackb_cont_THG_20260618,,,,,,201.130005,197.009995,,,,,,-1.1044,pending,,2026-06-22T13:16:47+00:00
trackb_cont_THG_20260619,,,,,,,,,,,,,,pending,,2026-06-22T13:16:47+00:00
trackb_cont_THO_20260611,72.379997,,,,,80.019997,71.589996,,,,,,-4.3426,pending,,2026-06-22T13:15:47+00:00
trackb_cont_TH_20260616,,,,,,20.33,18.65,,,,,,-0.3207,pending,,2026-06-22T13:17:21+00:00
trackb_cont_TH_20260617,,,,,,20.33,18.799999,,,,,,0.481,pending,,2026-06-22T13:17:21+00:00
trackb_cont_TH_20260618,,,,,,20.33,19.290001,,,,,,3.1,pending,,2026-06-22T13:17:21+00:00
trackb_cont_TH_20260619,,,,,,,,,,,,,,pending,,2026-06-22T13:17:21+00:00
trackb_cont_TH_20260622,,,,,,,,,,,,,,pending,,2026-06-22T13:17:21+00:00
trackb_cont_TILE_20260608,31.35,,,,,32.68,30.0,,,,,,-0.4645,pending,,2026-06-22T13:15:56+00:00
trackb_cont_TILE_20260610,30.93,,,,,32.68,30.280001,,,,,,-0.7213,pending,,2026-06-22T13:15:56+00:00
trackb_cont_TILE_20260612,,,,,,32.68,30.82,,,,,,-1.5964,pending,,2026-06-22T13:15:56+00:00
trackb_cont_TILE_20260616,,,,,,32.68,30.82,,,,,,-3.5368,pending,,2026-06-22T13:15:56+00:00
trackb_cont_TILE_20260617,,,,,,32.68,30.82,,,,,,-3.5368,pending,,2026-06-22T13:15:56+00:00
trackb_cont_TILE_20260618,,,,,,32.68,31.26,,,,,,1.0669,pending,,2026-06-22T13:15:56+00:00
trackb_cont_TILE_20260619,,,,,,,,,,,,,,pending,,2026-06-22T13:15:56+00:00
trackb_cont_TILE_20260622,,,,,,,,,,,,,,pending,,2026-06-22T13:15:56+00:00
trackb_cont_TITN_20260603,19.959999,19.41,,,,25.0,18.84,,,,,,-19.3148,pending,,2026-06-22T13:13:55+00:00
trackb_cont_TITN_20260604,19.049999,20.68,,,,25.0,18.84,,,,,,-19.3148,pending,,2026-06-22T13:13:55+00:00
trackb_cont_TITN_20260605,20.26,,,,,25.0,18.84,,,,,,-19.3148,pending,,2026-06-22T13:13:55+00:00
trackb_cont_TITN_20260608,19.91,,,,,25.0,18.84,,,,,,-18.723,pending,,2026-06-22T13:13:55+00:00
trackb_cont_TJX_20260610,164.130005,,,,,170.0,163.130005,,,,,,2.1158,pending,,2026-06-22T13:15:40+00:00
trackb_cont_TJX_20260611,163.809998,,,,,170.0,163.130005,,,,,,-2.7019,pending,,2026-06-22T13:15:40+00:00
trackb_cont_TJX_20260615,,,,,,168.740005,163.130005,,,,,,-1.0314,pending,,2026-06-22T13:15:40+00:00
trackb_cont_TJX_20260616,,,,,,168.050003,163.130005,,,,,,-2.0446,pending,,2026-06-22T13:15:40+00:00
trackb_cont_TJX_20260617,,,,,,167.100006,163.130005,,,,,,-2.0446,pending,,2026-06-22T13:15:40+00:00
trackb_cont_TJX_20260618,,,,,,166.880005,163.130005,,,,,,-2.0446,pending,,2026-06-22T13:15:40+00:00
trackb_cont_TJX_20260619,,,,,,,,,,,,,,pending,,2026-06-22T13:15:40+00:00
trackb_cont_TKO_20260603,206.429993,194.529999,,,,216.699997,192.639999,,,,,,-3.1156,pending,,2026-06-22T13:15:20+00:00
trackb_cont_TKO_20260604,213.699997,198.779999,,,,216.699997,192.639999,,,,,,-3.1156,pending,,2026-06-22T13:15:20+00:00
trackb_cont_TKO_20260605,203.360001,,,,,216.699997,192.639999,,,,,,-3.1156,pending,,2026-06-22T13:15:20+00:00
trackb_cont_TKO_20260612,,,,,,216.699997,192.639999,,,,,,-9.8549,pending,,2026-06-22T13:15:20+00:00
trackb_cont_TKR_20260603,132.389999,139.399994,,,,143.559998,129.770004,,,,,,-1.5514,pending,,2026-06-22T13:13:51+00:00
trackb_cont_TKR_20260604,137.399994,142.360001,,,,143.559998,129.770004,,,,,,-1.5514,pending,,2026-06-22T13:13:51+00:00
trackb_cont_TKR_20260605,137.059998,,,,,143.559998,129.770004,,,,,,-1.5514,pending,,2026-06-22T13:13:51+00:00
trackb_cont_TKR_20260608,139.119995,,,,,143.559998,132.050003,,,,,,0.1783,pending,,2026-06-22T13:13:51+00:00
trackb_cont_TKR_20260609,140.279999,,,,,143.559998,132.240005,,,,,,-1.8044,pending,,2026-06-22T13:13:51+00:00
trackb_cont_TKR_20260610,139.399994,,,,,143.559998,132.240005,,,,,,-1.8044,pending,,2026-06-22T13:13:51+00:00
trackb_cont_TKR_20260616,,,,,,143.559998,138.399994,,,,,,-1.4385,pending,,2026-06-22T13:13:51+00:00
trackb_cont_TKR_20260617,,,,,,143.559998,138.399994,,,,,,-1.4385,pending,,2026-06-22T13:13:51+00:00
trackb_cont_TKR_20260618,,,,,,142.800003,140.25,,,,,,-0.1211,pending,,2026-06-22T13:13:51+00:00
trackb_cont_TKR_20260619,,,,,,,,,,,,,,pending,,2026-06-22T13:13:51+00:00
trackb_cont_TLN_20260603,336.589996,409.809998,,,,449.841003,329.130005,,,,,,-13.4938,pending,,2026-06-22T13:15:34+00:00
trackb_cont_TLN_20260604,344.799988,436.290009,,,,449.841003,329.130005,,,,,,-13.4938,pending,,2026-06-22T13:15:34+00:00
trackb_cont_TLN_20260605,360.540009,,,,,449.841003,329.130005,,,,,,-13.4938,pending,,2026-06-22T13:15:34+00:00
trackb_cont_TLN_20260608,386.209991,,,,,449.841003,329.130005,,,,,,-13.4938,pending,,2026-06-22T13:15:34+00:00
trackb_cont_TLN_20260618,,,,,,449.841003,420.380005,,,,,,2.5792,pending,,2026-06-22T13:15:34+00:00
trackb_cont_TLN_20260619,,,,,,,,,,,,,,pending,,2026-06-22T13:15:34+00:00
trackb_cont_TLN_20260622,,,,,,,,,,,,,,pending,,2026-06-22T13:15:34+00:00
trackb_cont_TLYS_20260603,5.18,4.56,,,,5.9,4.32,,,,,,-3.3557,pending,,2026-06-22T13:15:05+00:00
trackb_cont_TLYS_20260604,5.31,4.43,,,,5.9,4.36,,,,,,-2.4608,pending,,2026-06-22T13:15:05+00:00
trackb_cont_TLYS_20260605,5.45,,,,,5.85,4.36,,,,,,-2.4608,pending,,2026-06-22T13:15:05+00:00
trackb_cont_TLYS_20260608,5.1,,,,,5.85,4.36,,,,,,-15.0097,pending,,2026-06-22T13:15:05+00:00
trackb_cont_TLYS_20260616,,,,,,5.19,4.36,,,,,,-18.5047,pending,,2026-06-22T13:15:05+00:00
trackb_cont_TLYS_20260617,,,,,,4.7,4.36,,,,,,-18.5047,pending,,2026-06-22T13:15:05+00:00
trackb_cont_TLYS_20260618,,,,,,4.59,4.36,,,,,,-18.5047,pending,,2026-06-22T13:15:05+00:00
trackb_cont_TLYS_20260619,,,,,,,,,,,,,,pending,,2026-06-22T13:15:05+00:00
trackb_cont_TMHC_20260603,71.599998,71.589996,,,,72.260002,71.43,,,,,,-0.2165,pending,,2026-06-22T13:13:51+00:00
trackb_cont_TMHC_20260604,71.910004,71.580002,,,,72.260002,71.43,,,,,,-0.2165,pending,,2026-06-22T13:13:51+00:00
trackb_cont_TMHC_20260605,71.900002,,,,,72.260002,71.43,,,,,,-0.2165,pending,,2026-06-22T13:13:51+00:00
trackb_cont_TMHC_20260608,71.949997,,,,,72.260002,71.440002,,,,,,-0.1258,pending,,2026-06-22T13:13:51+00:00
trackb_cont_TMHC_20260610,71.589996,,,,,72.260002,71.449997,,,,,,0.014,pending,,2026-06-22T13:13:51+00:00
trackb_cont_TMHC_20260611,71.580002,,,,,72.260002,71.5,,,,,,-0.1397,pending,,2026-06-22T13:13:51+00:00
trackb_cont_TMHC_20260612,,,,,,72.260002,71.559998,,,,,,-0.4867,pending,,2026-06-22T13:13:51+00:00
trackb_cont_TMHC_20260616,,,,,,72.260002,71.559998,,,,,,-0.5144,pending,,2026-06-22T13:13:51+00:00
trackb_cont_TMHC_20260617,,,,,,72.080002,71.559998,,,,,,-0.5144,pending,,2026-06-22T13:13:51+00:00
trackb_cont_TMHC_20260618,,,,,,71.959999,71.559998,,,,,,-0.5144,pending,,2026-06-22T13:13:51+00:00
trackb_cont_TMHC_20260619,,,,,,,,,,,,,,pending,,2026-06-22T13:13:51+00:00
trackb_cont_TMHC_20260622,,,,,,,,,,,,,,pending,,2026-06-22T13:13:51+00:00
trackb_cont_TMO_20260603,482.040009,461.690002,,,,494.359985,457.640015,,,,,,-3.1593,pending,,2026-06-22T13:15:28+00:00
trackb_cont_TMO_20260604,475.660004,464.609985,,,,494.359985,457.640015,,,,,,-3.1593,pending,,2026-06-22T13:15:28+00:00
trackb_cont_TMO_20260605,469.339996,,,,,494.359985,457.640015,,,,,,-3.1593,pending,,2026-06-22T13:15:28+00:00
trackb_cont_TMO_20260608,473.720001,,,,,494.359985,457.640015,,,,,,-3.1593,pending,,2026-06-22T13:15:28+00:00
trackb_cont_TMO_20260611,464.609985,,,,,484.23999,457.640015,,,,,,-5.0618,pending,,2026-06-22T13:15:28+00:00
trackb_cont_TNET_20260603,47.869999,45.580002,,,,48.740002,43.889999,,,,,,-5.1232,pending,,2026-06-22T13:14:36+00:00
trackb_cont_TNET_20260604,47.82,45.290001,,,,48.740002,43.889999,,,,,,-5.1232,pending,,2026-06-22T13:14:36+00:00
trackb_cont_TNET_20260605,47.380001,,,,,48.740002,43.889999,,,,,,-5.1232,pending,,2026-06-22T13:14:36+00:00
trackb_cont_TNET_20260608,46.68,,,,,48.740002,43.889999,,,,,,-5.1232,pending,,2026-06-22T13:14:36+00:00
trackb_cont_TNET_20260612,,,,,,48.16,43.889999,,,,,,-8.2183,pending,,2026-06-22T13:14:36+00:00
trackb_cont_TNET_20260616,,,,,,47.91,43.889999,,,,,,-6.5176,pending,,2026-06-22T13:14:36+00:00
trackb_cont_TNET_20260617,,,,,,47.900002,43.889999,,,,,,-6.5176,pending,,2026-06-22T13:14:36+00:00
trackb_cont_TNET_20260618,,,,,,45.880001,43.889999,,,,,,-6.5176,pending,,2026-06-22T13:14:36+00:00
trackb_cont_TNET_20260619,,,,,,,,,,,,,,pending,,2026-06-22T13:14:36+00:00
trackb_cont_TNL_20260603,71.209999,75.93,,,,78.120003,69.32,,,,,,-0.4738,pending,,2026-06-22T13:14:03+00:00
trackb_cont_TNL_20260604,73.599998,76.709999,,,,78.120003,69.849998,,,,,,0.2871,pending,,2026-06-22T13:14:03+00:00
trackb_cont_TNL_20260605,74.129997,,,,,78.120003,70.419998,,,,,,1.1055,pending,,2026-06-22T13:14:03+00:00
trackb_cont_TNL_20260608,74.330002,,,,,78.120003,70.610001,,,,,,1.3783,pending,,2026-06-22T13:14:03+00:00
trackb_cont_TNL_20260616,,,,,,78.120003,74.010002,,,,,,-0.2829,pending,,2026-06-22T13:14:03+00:00
trackb_cont_TNL_20260617,,,,,,78.120003,75.099998,,,,,,1.1857,pending,,2026-06-22T13:14:03+00:00
trackb_cont_TNL_20260618,,,,,,78.120003,76.519997,,,,,,0.777,pending,,2026-06-22T13:14:03+00:00
trackb_cont_TNL_20260619,,,,,,,,,,,,,,pending,,2026-06-22T13:14:03+00:00
trackb_cont_TNL_20260622,,,,,,,,,,,,,,pending,,2026-06-22T13:14:03+00:00
trackb_cont_TOL_20260603,138.899994,149.660004,,,,158.0,136.350006,,,,,,-0.3872,pending,,2026-06-22T13:15:15+00:00
trackb_cont_TOL_20260604,147.210007,155.669998,,,,158.0,136.770004,,,,,,-0.0804,pending,,2026-06-22T13:15:15+00:00
trackb_cont_TOL_20260605,147.100006,,,,,158.0,136.770004,,,,,,-0.0804,pending,,2026-06-22T13:15:15+00:00
trackb_cont_TOL_20260608,148.710007,,,,,158.0,136.770004,,,,,,-0.0804,pending,,2026-06-22T13:15:15+00:00
trackb_cont_TOL_20260615,,,,,,158.0,147.979996,,,,,,-2.3396,pending,,2026-06-22T13:15:15+00:00
trackb_cont_TOL_20260616,,,,,,158.0,149.449997,,,,,,0.0067,pending,,2026-06-22T13:15:15+00:00
trackb_cont_TOL_20260617,,,,,,158.0,149.639999,,,,,,0.1338,pending,,2026-06-22T13:15:15+00:00
trackb_cont_TOL_20260618,,,,,,157.919998,151.880005,,,,,,-0.5793,pending,,2026-06-22T13:15:15+00:00
trackb_cont_TOL_20260619,,,,,,,,,,,,,,pending,,2026-06-22T13:15:15+00:00
trackb_cont_TOL_20260622,,,,,,,,,,,,,,pending,,2026-06-22T13:15:15+00:00
trackb_cont_TOMZ_20260603,0.84,0.7,,,,1.08,0.67,,,,,,-34.9515,pending,,2026-06-22T13:14:13+00:00
trackb_cont_TOMZ_20260604,0.79,0.76,,,,1.08,0.67,,,,,,-34.9515,pending,,2026-06-22T13:14:13+00:00
trackb_cont_TOMZ_20260605,0.72,,,,,1.07,0.67,,,,,,-34.9515,pending,,2026-06-22T13:14:13+00:00
trackb_cont_TOMZ_20260608,0.72,,,,,1.05,0.67,,,,,,-35.5769,pending,,2026-06-22T13:14:13+00:00
trackb_cont_TOMZ_20260610,0.7,,,,,0.91,0.67,,,,,,-29.4737,pending,,2026-06-22T13:14:13+00:00
trackb_cont_TREX_20260611,47.130001,,,,,48.880001,42.970001,,,,,,0.4207,pending,,2026-06-22T13:16:29+00:00
trackb_cont_TREX_20260612,,,,,,48.880001,45.349998,,,,,,-2.1364,pending,,2026-06-22T13:16:29+00:00
trackb_cont_TREX_20260615,,,,,,48.880001,45.349998,,,,,,-5.0162,pending,,2026-06-22T13:16:29+00:00
trackb_cont_TREX_20260616,,,,,,48.880001,45.349998,,,,,,-3.2017,pending,,2026-06-22T13:16:29+00:00
trackb_cont_TREX_20260617,,,,,,48.880001,45.349998,,,,,,-3.2017,pending,,2026-06-22T13:16:29+00:00
trackb_cont_TREX_20260618,,,,,,48.880001,46.009998,,,,,,-0.7228,pending,,2026-06-22T13:16:29+00:00
trackb_cont_TREX_20260619,,,,,,,,,,,,,,pending,,2026-06-22T13:16:29+00:00
trackb_cont_TREX_20260622,,,,,,,,,,,,,,pending,,2026-06-22T13:16:29+00:00
trackb_cont_TRGP_20260612,,,,,,274.839996,253.820007,,,,,,-5.7727,pending,,2026-06-22T13:16:43+00:00
trackb_cont_TRGP_20260616,,,,,,263.850006,253.820007,,,,,,-4.4784,pending,,2026-06-22T13:16:43+00:00
trackb_cont_TRGP_20260617,,,,,,262.230011,253.820007,,,,,,-4.4784,pending,,2026-06-22T13:16:43+00:00
trackb_cont_TRGP_20260618,,,,,,262.040009,253.820007,,,,,,-4.4784,pending,,2026-06-22T13:16:43+00:00
trackb_cont_TRGP_20260619,,,,,,,,,,,,,,pending,,2026-06-22T13:16:43+00:00
trackb_cont_TRIP_20260603,11.57,12.61,,,,14.2,11.35,,,,,,-4.421,pending,,2026-06-22T13:14:34+00:00
trackb_cont_TRIP_20260604,11.91,12.97,,,,14.2,11.35,,,,,,-4.421,pending,,2026-06-22T13:14:34+00:00
trackb_cont_TRIP_20260605,12.41,,,,,14.2,11.35,,,,,,-4.421,pending,,2026-06-22T13:14:34+00:00
trackb_cont_TRIP_20260608,12.56,,,,,14.2,11.35,,,,,,-4.3002,pending,,2026-06-22T13:14:34+00:00
trackb_cont_TRIP_20260609,12.81,,,,,14.2,11.35,,,,,,-3.895,pending,,2026-06-22T13:14:34+00:00
trackb_cont_TRIP_20260610,12.61,,,,,14.2,11.35,,,,,,-3.895,pending,,2026-06-22T13:14:34+00:00
trackb_cont_TRIP_20260611,12.97,,,,,14.2,11.35,,,,,,-1.9015,pending,,2026-06-22T13:14:34+00:00
trackb_cont_TRIP_20260612,,,,,,14.2,11.64,,,,,,-2.267,pending,,2026-06-22T13:14:34+00:00
trackb_cont_TRIP_20260615,,,,,,14.2,12.23,,,,,,-11.617,pending,,2026-06-22T13:14:34+00:00
trackb_cont_TRIP_20260616,,,,,,13.01,12.23,,,,,,-6.9608,pending,,2026-06-22T13:14:34+00:00
trackb_cont_TRIP_20260617,,,,,,13.01,12.44,,,,,,-5.3633,pending,,2026-06-22T13:14:34+00:00
trackb_cont_TRIP_20260618,,,,,,13.01,12.44,,,,,,-1.3481,pending,,2026-06-22T13:14:34+00:00
trackb_cont_TRIP_20260619,,,,,,,,,,,,,,pending,,2026-06-22T13:14:34+00:00
trackb_cont_TRIP_20260622,,,,,,,,,,,,,,pending,,2026-06-22T13:14:34+00:00
trackb_cont_TRNO_20260611,64.349998,,,,,67.580002,62.990002,,,,,,-4.8489,pending,,2026-06-22T13:16:30+00:00
trackb_cont_TRNO_20260616,,,,,,67.309998,62.990002,,,,,,-6.0972,pending,,2026-06-22T13:16:30+00:00
trackb_cont_TRNO_20260617,,,,,,67.0,62.990002,,,,,,-6.0972,pending,,2026-06-22T13:16:30+00:00
trackb_cont_TRN_20260618,,,,,,35.549999,34.369999,,,,,,0.2625,pending,,2026-06-22T13:17:40+00:00
trackb_cont_TRN_20260619,,,,,,,,,,,,,,pending,,2026-06-22T13:17:40+00:00
trackb_cont_TRN_20260622,,,,,,,,,,,,,,pending,,2026-06-22T13:17:40+00:00
trackb_cont_TROW_20260609,108.940002,,,,,110.849998,104.599998,,,,,,-0.8061,pending,,2026-06-22T13:16:11+00:00
trackb_cont_TROW_20260615,,,,,,110.849998,106.760002,,,,,,-3.4545,pending,,2026-06-22T13:16:11+00:00
trackb_cont_TROW_20260616,,,,,,110.0,106.760002,,,,,,-3.1524,pending,,2026-06-22T13:16:11+00:00
trackb_cont_TROW_20260617,,,,,,109.639999,106.760002,,,,,,-3.1524,pending,,2026-06-22T13:16:11+00:00
trackb_cont_TROW_20260618,,,,,,109.330002,106.760002,,,,,,-3.1524,pending,,2026-06-22T13:16:11+00:00
trackb_cont_TROW_20260619,,,,,,,,,,,,,,pending,,2026-06-22T13:16:11+00:00
trackb_cont_TRS_20260616,,,,,,44.099998,41.860001,,,,,,-0.0239,pending,,2026-06-22T13:17:17+00:00
trackb_cont_TRS_20260617,,,,,,44.099998,42.200001,,,,,,0.7882,pending,,2026-06-22T13:17:17+00:00
trackb_cont_TRS_20260618,,,,,,44.099998,42.740002,,,,,,2.0779,pending,,2026-06-22T13:17:17+00:00
trackb_cont_TRS_20260619,,,,,,,,,,,,,,pending,,2026-06-22T13:17:17+00:00
trackb_cont_TRS_20260622,,,,,,,,,,,,,,pending,,2026-06-22T13:17:17+00:00
trackb_cont_TRU_20260603,67.849998,64.440002,,,,73.169998,63.580002,,,,,,-7.8751,pending,,2026-06-22T13:14:01+00:00
trackb_cont_TRU_20260604,65.699997,64.599998,,,,73.169998,63.580002,,,,,,-7.8751,pending,,2026-06-22T13:14:01+00:00
trackb_cont_TRU_20260605,66.129997,,,,,71.330002,63.580002,,,,,,-7.8751,pending,,2026-06-22T13:14:01+00:00
trackb_cont_TRV_20260609,307.51001,,,,,311.25,297.01001,,,,,,0.0944,pending,,2026-06-22T13:16:05+00:00
trackb_cont_TRV_20260612,,,,,,311.25,297.01001,,,,,,-2.2672,pending,,2026-06-22T13:16:05+00:00
trackb_cont_TRV_20260616,,,,,,311.25,301.649994,,,,,,-1.6482,pending,,2026-06-22T13:16:05+00:00
trackb_cont_TRV_20260617,,,,,,309.850006,301.649994,,,,,,-1.6482,pending,,2026-06-22T13:16:05+00:00
trackb_cont_TRV_20260618,,,,,,309.850006,301.649994,,,,,,-2.1522,pending,,2026-06-22T13:16:05+00:00
trackb_cont_TRV_20260619,,,,,,,,,,,,,,pending,,2026-06-22T13:16:05+00:00
trackb_cont_TRV_20260622,,,,,,,,,,,,,,pending,,2026-06-22T13:16:05+00:00
trackb_cont_TSQ_20260616,,,,,,6.69,6.26,,,,,,-9.8632,pending,,2026-06-22T13:17:22+00:00
trackb_cont_TSQ_20260617,,,,,,6.69,6.26,,,,,,-9.8632,pending,,2026-06-22T13:17:22+00:00
trackb_cont_TSQ_20260618,,,,,,6.69,6.26,,,,,,-9.8632,pending,,2026-06-22T13:17:22+00:00
trackb_cont_TSQ_20260619,,,,,,,,,,,,,,pending,,2026-06-22T13:17:22+00:00
trackb_cont_TTI_20260603,10.38,10.17,,,,10.77,9.27,,,,,,-7.2072,pending,,2026-06-22T13:14:11+00:00
trackb_cont_TTI_20260604,10.45,10.24,,,,10.77,9.27,,,,,,-7.2072,pending,,2026-06-22T13:14:11+00:00
trackb_cont_TTI_20260605,10.4,,,,,10.77,9.27,,,,,,-7.2072,pending,,2026-06-22T13:14:11+00:00
trackb_cont_TTMI_20260616,,,,,,217.940002,198.809998,,,,,,-2.8394,pending,,2026-06-22T13:17:14+00:00
trackb_cont_TTMI_20260617,,,,,,217.940002,199.520004,,,,,,-2.4924,pending,,2026-06-22T13:17:14+00:00
trackb_cont_TTMI_20260618,,,,,,217.940002,209.619995,,,,,,3.4139,pending,,2026-06-22T13:17:14+00:00
trackb_cont_TTMI_20260619,,,,,,,,,,,,,,pending,,2026-06-22T13:17:14+00:00
trackb_cont_TTMI_20260622,,,,,,,,,,,,,,pending,,2026-06-22T13:17:14+00:00
trackb_cont_TUSK_20260603,3.37,3.04,,,,3.92,2.81,,,,,,-20.6215,pending,,2026-06-22T13:14:08+00:00
trackb_cont_TUSK_20260604,3.19,3.03,,,,3.92,2.81,,,,,,-20.6215,pending,,2026-06-22T13:14:08+00:00
trackb_cont_TUSK_20260605,3.29,,,,,3.79,2.81,,,,,,-20.6215,pending,,2026-06-22T13:14:08+00:00
trackb_cont_TUSK_20260608,3.09,,,,,3.615,2.81,,,,,,-15.3614,pending,,2026-06-22T13:14:08+00:00
trackb_cont_TWFG_20260611,21.67,,,,,22.059999,20.67,,,,,,-5.4005,pending,,2026-06-22T13:16:31+00:00
trackb_cont_TWFG_20260612,,,,,,22.059999,20.67,,,,,,-2.454,pending,,2026-06-22T13:16:31+00:00
trackb_cont_TWFG_20260615,,,,,,22.059999,20.67,,,,,,-4.7026,pending,,2026-06-22T13:16:31+00:00
trackb_cont_TWFG_20260616,,,,,,21.799999,20.67,,,,,,-2.7752,pending,,2026-06-22T13:16:31+00:00
trackb_cont_TWFG_20260617,,,,,,21.799999,20.67,,,,,,-2.7752,pending,,2026-06-22T13:16:31+00:00
trackb_cont_TWFG_20260618,,,,,,21.725,20.67,,,,,,-1.4306,pending,,2026-06-22T13:16:31+00:00
trackb_cont_TWFG_20260619,,,,,,,,,,,,,,pending,,2026-06-22T13:16:31+00:00
trackb_cont_TWFG_20260622,,,,,,,,,,,,,,pending,,2026-06-22T13:16:31+00:00
trackb_cont_TWLO_20260603,207.089996,188.110001,,,,238.479996,179.350006,,,,,,-17.912,pending,,2026-06-22T13:13:59+00:00
trackb_cont_TWLO_20260604,206.619995,186.169998,,,,238.479996,179.350006,,,,,,-17.912,pending,,2026-06-22T13:13:59+00:00
trackb_cont_TWLO_20260605,204.080002,,,,,237.300003,179.350006,,,,,,-17.912,pending,,2026-06-22T13:13:59+00:00
trackb_cont_TWLO_20260608,202.0,,,,,227.5,179.350006,,,,,,-20.6381,pending,,2026-06-22T13:13:59+00:00
trackb_cont_TWLO_20260610,188.110001,,,,,211.740005,179.350006,,,,,,-15.6159,pending,,2026-06-22T13:13:59+00:00
trackb_cont_TWST_20260603,67.769997,82.870003,,,,88.459999,66.43,,,,,,-6.7518,pending,,2026-06-22T13:13:57+00:00
trackb_cont_TWST_20260604,74.050003,87.559998,,,,88.459999,66.43,,,,,,-6.7518,pending,,2026-06-22T13:13:57+00:00
trackb_cont_TWST_20260605,76.169998,,,,,88.459999,66.43,,,,,,-6.7518,pending,,2026-06-22T13:13:57+00:00
trackb_cont_TWST_20260608,80.790001,,,,,88.459999,66.43,,,,,,-6.7518,pending,,2026-06-22T13:13:57+00:00
trackb_cont_TWST_20260615,,,,,,88.459999,77.290001,,,,,,-3.7484,pending,,2026-06-22T13:13:57+00:00
trackb_cont_TWST_20260616,,,,,,88.459999,80.629997,,,,,,-1.3942,pending,,2026-06-22T13:13:57+00:00
trackb_cont_TWST_20260617,,,,,,88.459999,81.620003,,,,,,-0.1834,pending,,2026-06-22T13:13:57+00:00
trackb_cont_TWST_20260618,,,,,,87.769997,84.129997,,,,,,2.8861,pending,,2026-06-22T13:13:57+00:00
trackb_cont_TWST_20260619,,,,,,,,,,,,,,pending,,2026-06-22T13:13:57+00:00
trackb_cont_TXG_20260603,29.110001,32.130001,,,,35.645,28.01,,,,,,-11.2203,pending,,2026-06-22T13:13:58+00:00
trackb_cont_TXG_20260604,29.049999,34.755001,,,,35.645,28.01,,,,,,-11.2203,pending,,2026-06-22T13:13:58+00:00
trackb_cont_TXG_20260605,28.84,,,,,35.639999,28.01,,,,,,-11.2203,pending,,2026-06-22T13:13:58+00:00
trackb_cont_TXG_20260608,32.220001,,,,,35.639999,28.01,,,,,,-11.2203,pending,,2026-06-22T13:13:58+00:00
trackb_cont_TXG_20260610,32.130001,,,,,35.639999,28.01,,,,,,-4.0096,pending,,2026-06-22T13:13:58+00:00
trackb_cont_TXG_20260622,,,,,,,,,,,,,,pending,,2026-06-22T13:13:58+00:00
trackb_cont_UAA_20260615,,,,,,6.2,5.64,,,,,,-8.1433,pending,,2026-06-22T13:16:15+00:00
trackb_cont_UAA_20260616,,,,,,6.13,5.64,,,,,,-4.9705,pending,,2026-06-22T13:16:15+00:00
trackb_cont_UAA_20260617,,,,,,6.09,5.64,,,,,,-4.9705,pending,,2026-06-22T13:16:15+00:00
trackb_cont_UAA_20260618,,,,,,6.08,5.64,,,,,,-4.9705,pending,,2026-06-22T13:16:15+00:00
trackb_cont_UAA_20260619,,,,,,,,,,,,,,pending,,2026-06-22T13:16:15+00:00
trackb_cont_UAL_20260616,,,,,,123.019997,115.400002,,,,,,-4.3911,pending,,2026-06-22T13:17:11+00:00
trackb_cont_UAL_20260617,,,,,,120.68,115.400002,,,,,,-4.3911,pending,,2026-06-22T13:17:11+00:00
trackb_cont_UAL_20260618,,,,,,120.68,117.260002,,,,,,1.2346,pending,,2026-06-22T13:17:11+00:00
trackb_cont_UAL_20260619,,,,,,,,,,,,,,pending,,2026-06-22T13:17:11+00:00
trackb_cont_UAL_20260622,,,,,,,,,,,,,,pending,,2026-06-22T13:17:11+00:00
trackb_cont_UA_20260615,,,,,,6.01,5.52,,,,,,-7.6151,pending,,2026-06-22T13:16:55+00:00
trackb_cont_UA_20260616,,,,,,5.955,5.52,,,,,,-4.3328,pending,,2026-06-22T13:16:55+00:00
trackb_cont_UA_20260617,,,,,,5.9,5.52,,,,,,-4.3328,pending,,2026-06-22T13:16:55+00:00
trackb_cont_UA_20260618,,,,,,5.885,5.57,,,,,,-3.4662,pending,,2026-06-22T13:16:55+00:00
trackb_cont_UA_20260619,,,,,,,,,,,,,,pending,,2026-06-22T13:16:55+00:00
trackb_cont_UCTT_20260603,90.900002,111.610001,,,,123.370003,81.650002,,,,,,-11.7488,pending,,2026-06-22T13:14:26+00:00
trackb_cont_UCTT_20260604,104.830002,121.279999,,,,123.370003,81.650002,,,,,,-11.7488,pending,,2026-06-22T13:14:26+00:00
trackb_cont_UCTT_20260605,108.900002,,,,,123.370003,81.650002,,,,,,-11.7488,pending,,2026-06-22T13:14:26+00:00
trackb_cont_UCTT_20260608,113.550003,,,,,123.370003,82.669998,,,,,,0.7311,pending,,2026-06-22T13:14:26+00:00
trackb_cont_UCTT_20260616,,,,,,123.370003,108.889999,,,,,,-4.365,pending,,2026-06-22T13:14:26+00:00
trackb_cont_UCTT_20260617,,,,,,123.370003,109.919998,,,,,,-3.4604,pending,,2026-06-22T13:14:26+00:00
trackb_cont_UCTT_20260618,,,,,,123.370003,117.199997,,,,,,2.9334,pending,,2026-06-22T13:14:26+00:00
trackb_cont_UCTT_20260619,,,,,,,,,,,,,,pending,,2026-06-22T13:14:26+00:00
trackb_cont_UCTT_20260622,,,,,,,,,,,,,,pending,,2026-06-22T13:14:26+00:00
trackb_cont_UDR_20260608,38.900002,,,,,39.720001,37.389999,,,,,,-4.6173,pending,,2026-06-22T13:15:51+00:00
trackb_cont_UDR_20260609,38.610001,,,,,39.720001,37.389999,,,,,,-3.1598,pending,,2026-06-22T13:15:51+00:00
trackb_cont_UDR_20260611,37.560001,,,,,39.599998,37.389999,,,,,,-4.9084,pending,,2026-06-22T13:15:51+00:00
trackb_cont_UDR_20260615,,,,,,39.419998,37.389999,,,,,,-4.5199,pending,,2026-06-22T13:15:51+00:00
trackb_cont_UDR_20260616,,,,,,39.139999,37.389999,,,,,,-4.4101,pending,,2026-06-22T13:15:51+00:00
trackb_cont_UDR_20260617,,,,,,38.73,37.389999,,,,,,-4.4101,pending,,2026-06-22T13:15:51+00:00
trackb_cont_UDR_20260618,,,,,,38.189999,37.389999,,,,,,-4.4101,pending,,2026-06-22T13:15:51+00:00
trackb_cont_UDR_20260619,,,,,,,,,,,,,,pending,,2026-06-22T13:15:51+00:00
trackb_cont_UEC_20260603,9.42,11.42,,,,15.14,9.36,,,,,,-33.617,pending,,2026-06-22T13:15:32+00:00
trackb_cont_UEC_20260604,10.63,12.01,,,,14.46,9.36,,,,,,-33.617,pending,,2026-06-22T13:15:32+00:00
trackb_cont_UEC_20260605,11.03,,,,,13.86,9.36,,,,,,-33.617,pending,,2026-06-22T13:15:32+00:00
trackb_cont_UEC_20260608,11.77,,,,,13.29,9.36,,,,,,-33.617,pending,,2026-06-22T13:15:32+00:00
trackb_cont_UE_20260616,,,,,,23.200001,21.959999,,,,,,-4.7702,pending,,2026-06-22T13:17:16+00:00
trackb_cont_UE_20260617,,,,,,23.01,21.959999,,,,,,-4.7702,pending,,2026-06-22T13:17:16+00:00
trackb_cont_UE_20260618,,,,,,22.51,22.184999,,,,,,-3.7945,pending,,2026-06-22T13:17:16+00:00
trackb_cont_UE_20260619,,,,,,,,,,,,,,pending,,2026-06-22T13:17:16+00:00
trackb_cont_UFPT_20260603,232.479996,227.679993,,,,243.679993,211.699997,,,,,,-1.3215,pending,,2026-06-22T13:15:37+00:00
trackb_cont_UFPT_20260604,238.600006,239.279999,,,,243.679993,220.309998,,,,,,2.6919,pending,,2026-06-22T13:15:37+00:00
trackb_cont_UFPT_20260605,234.940002,,,,,243.679993,221.380005,,,,,,3.1906,pending,,2026-06-22T13:15:37+00:00
trackb_cont_UFPT_20260611,239.279999,,,,,243.679993,223.869995,,,,,,-3.7035,pending,,2026-06-22T13:15:37+00:00
trackb_cont_UFPT_20260612,,,,,,243.679993,223.869995,,,,,,-6.1735,pending,,2026-06-22T13:15:37+00:00
trackb_cont_UFPT_20260616,,,,,,242.289993,223.869995,,,,,,-4.2472,pending,,2026-06-22T13:15:37+00:00
trackb_cont_UFPT_20260617,,,,,,242.289993,223.869995,,,,,,-4.2472,pending,,2026-06-22T13:15:37+00:00
trackb_cont_UHAL-B_20260603,54.529999,54.049999,,,,56.07,49.029999,,,,,,-0.9895,pending,,2026-06-22T13:15:20+00:00
trackb_cont_UHAL-B_20260604,54.610001,54.84,,,,56.07,49.029999,,,,,,-0.9895,pending,,2026-06-22T13:15:20+00:00
trackb_cont_UHAL-B_20260605,55.400002,,,,,56.07,50.25,,,,,,1.4742,pending,,2026-06-22T13:15:20+00:00
trackb_cont_UHAL-B_20260608,55.049999,,,,,56.07,51.889999,,,,,,4.7859,pending,,2026-06-22T13:15:20+00:00
trackb_cont_UHAL-B_20260609,55.060001,,,,,56.07,52.810001,,,,,,-0.6584,pending,,2026-06-22T13:15:20+00:00
trackb_cont_UHAL-B_20260612,,,,,,56.07,53.73,,,,,,-1.6114,pending,,2026-06-22T13:15:20+00:00
trackb_cont_UHAL-B_20260615,,,,,,56.07,53.73,,,,,,-3.8475,pending,,2026-06-22T13:15:20+00:00
trackb_cont_UHAL-B_20260616,,,,,,56.07,53.73,,,,,,-3.0844,pending,,2026-06-22T13:15:20+00:00
trackb_cont_UHAL-B_20260617,,,,,,55.709999,53.73,,,,,,-3.0844,pending,,2026-06-22T13:15:20+00:00
trackb_cont_UHAL-B_20260618,,,,,,55.099998,54.32,,,,,,-2.0202,pending,,2026-06-22T13:15:20+00:00
trackb_cont_UHAL-B_20260619,,,,,,,,,,,,,,pending,,2026-06-22T13:15:20+00:00
trackb_cont_UHAL_20260603,61.150002,61.27,,,,63.34,54.84,,,,,,-1.0115,pending,,2026-06-22T13:15:28+00:00
trackb_cont_UHAL_20260604,62.029999,62.23,,,,63.34,54.939999,,,,,,-0.831,pending,,2026-06-22T13:15:28+00:00
trackb_cont_UHAL_20260605,62.380001,,,,,63.34,56.389999,,,,,,1.7863,pending,,2026-06-22T13:15:28+00:00
trackb_cont_UHAL_20260608,62.080002,,,,,63.34,57.709999,,,,,,0.278,pending,,2026-06-22T13:15:28+00:00
trackb_cont_UHAL_20260610,61.27,,,,,63.34,60.66,,,,,,1.8982,pending,,2026-06-22T13:15:28+00:00
trackb_cont_UHAL_20260611,62.23,,,,,63.34,60.889999,,,,,,-0.4252,pending,,2026-06-22T13:15:28+00:00
trackb_cont_UHAL_20260612,,,,,,63.34,60.889999,,,,,,-1.8378,pending,,2026-06-22T13:15:28+00:00
trackb_cont_UHAL_20260615,,,,,,63.34,60.889999,,,,,,-3.6855,pending,,2026-06-22T13:15:28+00:00
trackb_cont_UHAL_20260616,,,,,,63.34,60.889999,,,,,,-2.8093,pending,,2026-06-22T13:15:28+00:00
trackb_cont_UHAL_20260617,,,,,,63.080002,60.889999,,,,,,-2.8093,pending,,2026-06-22T13:15:28+00:00
trackb_cont_UHAL_20260618,,,,,,62.639999,61.5,,,,,,0.3754,pending,,2026-06-22T13:15:28+00:00
trackb_cont_UHAL_20260619,,,,,,,,,,,,,,pending,,2026-06-22T13:15:28+00:00
trackb_cont_UHAL_20260622,,,,,,,,,,,,,,pending,,2026-06-22T13:15:28+00:00
trackb_cont_ULCC_20260603,5.535,6.64,,,,7.235,5.31,,,,,,-6.8421,pending,,2026-06-22T13:14:58+00:00
trackb_cont_ULCC_20260604,6.07,7.22,,,,7.235,5.31,,,,,,-6.8421,pending,,2026-06-22T13:14:58+00:00
trackb_cont_ULCC_20260605,6.25,,,,,7.235,5.31,,,,,,-6.8421,pending,,2026-06-22T13:14:58+00:00
trackb_cont_ULCC_20260608,6.57,,,,,7.235,5.31,,,,,,-6.8421,pending,,2026-06-22T13:14:58+00:00
trackb_cont_ULCC_20260610,6.64,,,,,7.235,5.31,,,,,,-11.3523,pending,,2026-06-22T13:14:58+00:00
trackb_cont_ULCC_20260616,,,,,,7.235,6.45,,,,,,-5.9081,pending,,2026-06-22T13:14:58+00:00
trackb_cont_ULCC_20260617,,,,,,7.235,6.571,,,,,,-4.143,pending,,2026-06-22T13:14:58+00:00
trackb_cont_ULCC_20260618,,,,,,7.235,6.815,,,,,,-0.5835,pending,,2026-06-22T13:14:58+00:00
trackb_cont_ULCC_20260619,,,,,,,,,,,,,,pending,,2026-06-22T13:14:58+00:00
trackb_cont_ULCC_20260622,,,,,,,,,,,,,,pending,,2026-06-22T13:14:58+00:00
trackb_cont_UMAC_20260603,22.85,24.450001,,,,32.93,21.940001,,,,,,-25.3741,pending,,2026-06-22T13:14:01+00:00
trackb_cont_UMAC_20260604,25.719999,24.98,,,,32.93,21.940001,,,,,,-25.3741,pending,,2026-06-22T13:14:01+00:00
trackb_cont_UMAC_20260605,24.43,,,,,30.950001,21.940001,,,,,,-25.3741,pending,,2026-06-22T13:14:01+00:00
trackb_cont_UMAC_20260608,24.73,,,,,27.83,21.940001,,,,,,-17.8277,pending,,2026-06-22T13:14:01+00:00
trackb_cont_UMBF_20260612,,,,,,137.559998,125.150002,,,,,,-5.5543,pending,,2026-06-22T13:16:49+00:00
trackb_cont_UMBF_20260615,,,,,,137.559998,125.150002,,,,,,-8.6029,pending,,2026-06-22T13:16:49+00:00
trackb_cont_UMBF_20260616,,,,,,136.910004,125.150002,,,,,,-7.3032,pending,,2026-06-22T13:16:49+00:00
trackb_cont_UMBF_20260617,,,,,,136.470001,131.210007,,,,,,-2.8146,pending,,2026-06-22T13:16:49+00:00
trackb_cont_UMBF_20260618,,,,,,134.470001,132.300003,,,,,,-2.0073,pending,,2026-06-22T13:16:49+00:00
trackb_cont_UMBF_20260619,,,,,,,,,,,,,,pending,,2026-06-22T13:16:49+00:00
trackb_cont_UNFI_20260603,50.59,49.650002,,,,57.02,40.400002,,,,,,-22.128,pending,,2026-06-22T13:14:55+00:00
trackb_cont_UNFI_20260604,49.860001,51.709999,,,,57.02,40.400002,,,,,,-22.128,pending,,2026-06-22T13:14:55+00:00
trackb_cont_UNFI_20260605,50.389999,,,,,57.02,40.400002,,,,,,-22.128,pending,,2026-06-22T13:14:55+00:00
trackb_cont_UNFI_20260608,50.330002,,,,,57.02,40.400002,,,,,,-27.2334,pending,,2026-06-22T13:14:55+00:00
trackb_cont_UNFI_20260609,49.509998,,,,,51.860001,40.400002,,,,,,-21.7661,pending,,2026-06-22T13:14:55+00:00
trackb_cont_UNFI_20260610,49.650002,,,,,51.860001,46.080002,,,,,,-10.7668,pending,,2026-06-22T13:14:55+00:00
trackb_cont_UNF_20260603,272.600006,259.73999,,,,280.5,258.170013,,,,,,-2.4209,pending,,2026-06-22T13:15:28+00:00
trackb_cont_UNF_20260604,275.649994,261.0,,,,280.5,258.170013,,,,,,-2.4209,pending,,2026-06-22T13:15:28+00:00
trackb_cont_UNF_20260605,264.829987,,,,,280.5,258.170013,,,,,,-2.4209,pending,,2026-06-22T13:15:28+00:00
trackb_cont_UNF_20260608,263.829987,,,,,280.5,258.170013,,,,,,-2.4209,pending,,2026-06-22T13:15:28+00:00
trackb_cont_UNF_20260609,265.920013,,,,,280.5,258.170013,,,,,,-2.2343,pending,,2026-06-22T13:15:28+00:00
trackb_cont_UNF_20260610,259.73999,,,,,280.5,258.170013,,,,,,-2.2343,pending,,2026-06-22T13:15:28+00:00
trackb_cont_UNH_20260609,407.649994,,,,,415.980011,398.589996,,,,,,-1.9628,pending,,2026-06-22T13:16:04+00:00
trackb_cont_UNH_20260610,399.529999,,,,,415.980011,398.589996,,,,,,-1.9628,pending,,2026-06-22T13:16:04+00:00
trackb_cont_UNH_20260611,400.959991,,,,,414.160004,398.589996,,,,,,-2.1769,pending,,2026-06-22T13:16:04+00:00
trackb_cont_UNH_20260612,,,,,,414.160004,398.589996,,,,,,-1.7162,pending,,2026-06-22T13:16:04+00:00
trackb_cont_UNH_20260616,,,,,,411.75,398.589996,,,,,,-3.3229,pending,,2026-06-22T13:16:04+00:00
trackb_cont_UNH_20260617,,,,,,411.160004,398.589996,,,,,,-3.3229,pending,,2026-06-22T13:16:04+00:00
trackb_cont_UNIT_20260612,,,,,,12.938,11.39,,,,,,-9.0256,pending,,2026-06-22T13:16:42+00:00
trackb_cont_UNIT_20260616,,,,,,12.77,11.39,,,,,,-10.4208,pending,,2026-06-22T13:16:42+00:00
trackb_cont_UNIT_20260617,,,,,,12.4,11.39,,,,,,-10.4208,pending,,2026-06-22T13:16:42+00:00
trackb_cont_UNIT_20260618,,,,,,11.845,11.39,,,,,,-10.4208,pending,,2026-06-22T13:16:42+00:00
trackb_cont_UNIT_20260619,,,,,,,,,,,,,,pending,,2026-06-22T13:16:42+00:00
trackb_cont_UNM_20260603,90.68,91.620003,,,,93.220001,82.610001,,,,,,-0.6554,pending,,2026-06-22T13:15:00+00:00
trackb_cont_UNM_20260604,91.709999,89.980003,,,,93.220001,84.239998,,,,,,1.3048,pending,,2026-06-22T13:15:00+00:00
trackb_cont_UNM_20260605,92.730003,,,,,93.220001,85.32,,,,,,2.6036,pending,,2026-06-22T13:15:00+00:00
trackb_cont_UNM_20260608,91.82,,,,,93.220001,86.010002,,,,,,3.4333,pending,,2026-06-22T13:15:00+00:00
trackb_cont_UNM_20260611,89.980003,,,,,93.220001,89.610001,,,,,,-1.18,pending,,2026-06-22T13:15:00+00:00
trackb_cont_UNM_20260616,,,,,,92.889999,89.610001,,,,,,-3.0405,pending,,2026-06-22T13:15:00+00:00
trackb_cont_UNM_20260617,,,,,,92.720001,89.610001,,,,,,-3.0405,pending,,2026-06-22T13:15:00+00:00
trackb_cont_UNM_20260618,,,,,,92.57,89.610001,,,,,,-3.0405,pending,,2026-06-22T13:15:00+00:00
trackb_cont_UNM_20260619,,,,,,,,,,,,,,pending,,2026-06-22T13:15:00+00:00
trackb_cont_UNM_20260622,,,,,,,,,,,,,,pending,,2026-06-22T13:15:00+00:00
trackb_cont_UPST_20260603,30.299999,30.459999,,,,34.02,29.139999,,,,,,-3.382,pending,,2026-06-22T13:15:30+00:00
trackb_cont_UPST_20260604,31.790001,32.43,,,,34.02,29.139999,,,,,,-3.382,pending,,2026-06-22T13:15:30+00:00
trackb_cont_UPST_20260605,30.5,,,,,34.02,29.139999,,,,,,-3.382,pending,,2026-06-22T13:15:30+00:00
trackb_cont_UPST_20260608,32.360001,,,,,34.02,29.25,,,,,,-3.0172,pending,,2026-06-22T13:15:30+00:00
trackb_cont_UPS_20260603,103.260002,105.129997,,,,111.220001,102.830002,,,,,,-6.8822,pending,,2026-06-22T13:14:21+00:00
trackb_cont_UPS_20260604,108.650002,104.860001,,,,111.220001,102.830002,,,,,,-6.8822,pending,,2026-06-22T13:14:21+00:00
trackb_cont_UPS_20260605,108.099998,,,,,110.830002,102.830002,,,,,,-6.8822,pending,,2026-06-22T13:14:21+00:00
trackb_cont_UPS_20260608,108.830002,,,,,110.830002,102.830002,,,,,,-5.2607,pending,,2026-06-22T13:14:21+00:00
trackb_cont_UPS_20260616,,,,,,110.830002,104.82,,,,,,-3.4229,pending,,2026-06-22T13:14:21+00:00
trackb_cont_UPS_20260617,,,,,,110.010002,104.82,,,,,,-3.4229,pending,,2026-06-22T13:14:21+00:00
trackb_cont_UPS_20260618,,,,,,107.620003,104.82,,,,,,-3.4229,pending,,2026-06-22T13:14:21+00:00
trackb_cont_UPS_20260619,,,,,,,,,,,,,,pending,,2026-06-22T13:14:21+00:00
trackb_cont_URBN_20260611,76.419998,,,,,79.419998,72.07,,,,,,-0.8529,pending,,2026-06-22T13:16:37+00:00
trackb_cont_URBN_20260615,,,,,,78.860001,72.07,,,,,,-7.4661,pending,,2026-06-22T13:16:37+00:00
trackb_cont_URBN_20260616,,,,,,78.860001,72.07,,,,,,-7.4245,pending,,2026-06-22T13:16:37+00:00
trackb_cont_URBN_20260617,,,,,,77.07,72.07,,,,,,-7.4245,pending,,2026-06-22T13:16:37+00:00
trackb_cont_URBN_20260618,,,,,,77.059998,72.980003,,,,,,0.7037,pending,,2026-06-22T13:16:37+00:00
trackb_cont_URBN_20260619,,,,,,,,,,,,,,pending,,2026-06-22T13:16:37+00:00
trackb_cont_URBN_20260622,,,,,,,,,,,,,,pending,,2026-06-22T13:16:37+00:00
trackb_cont_URG_20260603,1.47,1.55,,,,2.09,1.45,,,,,,-24.282,pending,,2026-06-22T13:14:14+00:00
trackb_cont_URG_20260604,1.57,1.5,,,,1.99,1.45,,,,,,-24.282,pending,,2026-06-22T13:14:14+00:00
trackb_cont_URG_20260605,1.57,,,,,1.94,1.45,,,,,,-24.282,pending,,2026-06-22T13:14:14+00:00
trackb_cont_URI_20260603,1056.349976,1048.969971,,,,1106.880005,995.869995,,,,,,-3.3624,pending,,2026-06-22T13:15:03+00:00
trackb_cont_URI_20260604,1068.48999,1076.810059,,,,1106.880005,1045.920044,,,,,,1.4944,pending,,2026-06-22T13:15:03+00:00
trackb_cont_URI_20260605,1074.23999,,,,,1106.880005,1045.920044,,,,,,1.4944,pending,,2026-06-22T13:15:03+00:00
trackb_cont_URI_20260608,1084.01001,,,,,1106.880005,1045.920044,,,,,,-2.0463,pending,,2026-06-22T13:15:03+00:00
trackb_cont_URI_20260616,,,,,,1091.900024,1048.709961,,,,,,-3.644,pending,,2026-06-22T13:15:03+00:00
trackb_cont_URI_20260617,,,,,,1091.900024,1048.709961,,,,,,-3.644,pending,,2026-06-22T13:15:03+00:00
trackb_cont_URI_20260618,,,,,,1091.900024,1063.589966,,,,,,-2.2768,pending,,2026-06-22T13:15:03+00:00
trackb_cont_URI_20260619,,,,,,,,,,,,,,pending,,2026-06-22T13:15:03+00:00
trackb_cont_USAR_20260603,20.33,23.549999,,,,32.799999,19.885,,,,,,-29.6977,pending,,2026-06-22T13:14:15+00:00
trackb_cont_USAR_20260604,22.559999,24.639999,,,,27.48,19.885,,,,,,-29.6977,pending,,2026-06-22T13:14:15+00:00
trackb_cont_USAR_20260605,21.99,,,,,26.049999,19.885,,,,,,-29.6977,pending,,2026-06-22T13:14:15+00:00
trackb_cont_USB_20260610,57.91,,,,,59.560001,55.799999,,,,,,0.813,pending,,2026-06-22T13:16:18+00:00
trackb_cont_USB_20260612,,,,,,59.560001,57.41,,,,,,-0.3817,pending,,2026-06-22T13:16:18+00:00
trackb_cont_USB_20260615,,,,,,59.560001,57.41,,,,,,-3.04,pending,,2026-06-22T13:16:18+00:00
trackb_cont_USB_20260616,,,,,,59.450001,57.41,,,,,,-1.2641,pending,,2026-06-22T13:16:18+00:00
trackb_cont_USB_20260617,,,,,,59.450001,57.41,,,,,,-1.2641,pending,,2026-06-22T13:16:18+00:00
trackb_cont_USB_20260618,,,,,,58.740002,57.549999,,,,,,-1.0233,pending,,2026-06-22T13:16:18+00:00
trackb_cont_USB_20260619,,,,,,,,,,,,,,pending,,2026-06-22T13:16:18+00:00
trackb_cont_USFD_20260611,91.910004,,,,,95.650002,89.790001,,,,,,-0.4325,pending,,2026-06-22T13:16:29+00:00
trackb_cont_USFD_20260616,,,,,,95.650002,91.779999,,,,,,-2.2577,pending,,2026-06-22T13:16:29+00:00
trackb_cont_USFD_20260617,,,,,,95.650002,91.779999,,,,,,-2.2577,pending,,2026-06-22T13:16:29+00:00
trackb_cont_USFD_20260618,,,,,,95.650002,91.779999,,,,,,-2.2577,pending,,2026-06-22T13:16:29+00:00
trackb_cont_USFD_20260619,,,,,,,,,,,,,,pending,,2026-06-22T13:16:29+00:00
trackb_cont_UTI_20260603,39.75,38.75,,,,45.740002,36.119999,,,,,,-17.0797,pending,,2026-06-22T13:13:55+00:00
trackb_cont_UTI_20260604,40.779999,40.349998,,,,45.740002,36.119999,,,,,,-17.0797,pending,,2026-06-22T13:13:55+00:00
trackb_cont_UTI_20260605,39.139999,,,,,45.02,36.119999,,,,,,-17.0797,pending,,2026-06-22T13:13:55+00:00
trackb_cont_UTI_20260608,36.700001,,,,,44.389999,36.119999,,,,,,-17.0989,pending,,2026-06-22T13:13:55+00:00
trackb_cont_UTI_20260609,38.450001,,,,,41.540001,36.119999,,,,,,-15.9218,pending,,2026-06-22T13:13:55+00:00
trackb_cont_UVV_20260603,54.330002,52.810001,,,,54.509998,51.709999,,,,,,-3.7416,pending,,2026-06-22T13:14:50+00:00
trackb_cont_UVV_20260604,53.259998,52.16,,,,54.509998,51.709999,,,,,,-3.7416,pending,,2026-06-22T13:14:50+00:00
trackb_cont_UVV_20260605,53.93,,,,,54.509998,51.709999,,,,,,-3.7416,pending,,2026-06-22T13:14:50+00:00
trackb_cont_UVV_20260609,53.630001,,,,,54.509998,51.709999,,,,,,-1.9716,pending,,2026-06-22T13:14:50+00:00
trackb_cont_UVV_20260610,52.810001,,,,,54.509998,51.709999,,,,,,-1.9716,pending,,2026-06-22T13:14:50+00:00
trackb_cont_UVV_20260616,,,,,,54.389999,51.709999,,,,,,-2.7459,pending,,2026-06-22T13:14:50+00:00
trackb_cont_UVV_20260617,,,,,,53.619999,51.709999,,,,,,-2.7459,pending,,2026-06-22T13:14:50+00:00
trackb_cont_UVV_20260618,,,,,,53.029999,51.709999,,,,,,-2.7459,pending,,2026-06-22T13:14:50+00:00
trackb_cont_UVV_20260619,,,,,,,,,,,,,,pending,,2026-06-22T13:14:50+00:00
trackb_cont_U_20260603,26.66,26.469999,,,,31.4,25.57,,,,,,-12.4165,pending,,2026-06-22T13:15:18+00:00
trackb_cont_U_20260604,26.709999,27.48,,,,31.4,25.57,,,,,,-12.4165,pending,,2026-06-22T13:15:18+00:00
trackb_cont_U_20260605,27.24,,,,,31.4,25.57,,,,,,-12.4165,pending,,2026-06-22T13:15:18+00:00
trackb_cont_U_20260608,28.49,,,,,29.889999,25.57,,,,,,-12.4165,pending,,2026-06-22T13:15:18+00:00
trackb_cont_VAC_20260603,87.730003,93.959999,,,,100.019997,84.510002,,,,,,-0.2832,pending,,2026-06-22T13:14:17+00:00
trackb_cont_VAC_20260604,92.870003,97.970001,,,,100.019997,85.75,,,,,,1.1799,pending,,2026-06-22T13:14:17+00:00
trackb_cont_VAC_20260605,93.379997,,,,,100.019997,86.629997,,,,,,2.2183,pending,,2026-06-22T13:14:17+00:00
trackb_cont_VAC_20260608,95.32,,,,,100.019997,86.970001,,,,,,-2.816,pending,,2026-06-22T13:14:17+00:00
trackb_cont_VAC_20260615,,,,,,100.019997,93.07,,,,,,-3.7738,pending,,2026-06-22T13:14:17+00:00
trackb_cont_VAC_20260616,,,,,,100.019997,93.07,,,,,,-2.8345,pending,,2026-06-22T13:14:17+00:00
trackb_cont_VAC_20260617,,,,,,100.019997,93.07,,,,,,-2.8345,pending,,2026-06-22T13:14:17+00:00
trackb_cont_VAC_20260618,,,,,,100.019997,94.459999,,,,,,-0.5684,pending,,2026-06-22T13:14:17+00:00
trackb_cont_VAC_20260619,,,,,,,,,,,,,,pending,,2026-06-22T13:14:17+00:00
trackb_cont_VAC_20260622,,,,,,,,,,,,,,pending,,2026-06-22T13:14:17+00:00
trackb_cont_VC_20260603,117.699997,110.400002,,,,125.120003,108.75,,,,,,-11.9647,pending,,2026-06-22T13:14:04+00:00
trackb_cont_VC_20260604,120.050003,113.809998,,,,123.400002,108.75,,,,,,-11.9647,pending,,2026-06-22T13:14:04+00:00
trackb_cont_VC_20260605,118.440002,,,,,122.690002,108.75,,,,,,-11.9647,pending,,2026-06-22T13:14:04+00:00
trackb_cont_VC_20260608,116.889999,,,,,122.690002,108.75,,,,,,-11.9647,pending,,2026-06-22T13:14:04+00:00
trackb_cont_VECO_20260603,65.940002,75.779999,,,,86.629997,57.810001,,,,,,-4.3672,pending,,2026-06-22T13:15:31+00:00
trackb_cont_VECO_20260604,71.550003,79.650002,,,,86.629997,57.810001,,,,,,-4.3672,pending,,2026-06-22T13:15:31+00:00
trackb_cont_VECO_20260605,77.480003,,,,,86.629997,57.810001,,,,,,-4.3672,pending,,2026-06-22T13:15:31+00:00
trackb_cont_VECO_20260608,83.040001,,,,,86.629997,58.799999,,,,,,-2.7295,pending,,2026-06-22T13:15:31+00:00
trackb_cont_VECO_20260616,,,,,,84.160004,74.620003,,,,,,-13.1467,pending,,2026-06-22T13:15:31+00:00
trackb_cont_VECO_20260617,,,,,,81.82,75.379997,,,,,,-12.2621,pending,,2026-06-22T13:15:31+00:00
trackb_cont_VECO_20260618,,,,,,81.82,78.43,,,,,,-8.7121,pending,,2026-06-22T13:15:31+00:00
trackb_cont_VECO_20260619,,,,,,,,,,,,,,pending,,2026-06-22T13:15:31+00:00
trackb_cont_VEEV_20260603,163.759995,154.850006,,,,185.630005,150.389999,,,,,,-14.699,pending,,2026-06-22T13:15:15+00:00
trackb_cont_VEEV_20260604,161.550003,153.300003,,,,185.630005,150.389999,,,,,,-14.699,pending,,2026-06-22T13:15:15+00:00
trackb_cont_VEEV_20260605,159.539993,,,,,181.75,150.389999,,,,,,-14.699,pending,,2026-06-22T13:15:15+00:00
trackb_cont_VEEV_20260608,162.169998,,,,,172.679993,150.389999,,,,,,-14.699,pending,,2026-06-22T13:15:15+00:00
trackb_cont_VELO_20260603,22.68,25.559999,,,,31.75,14.72,,,,,,-27.2727,pending,,2026-06-22T13:15:36+00:00
trackb_cont_VELO_20260604,30.610001,29.860001,,,,31.75,14.72,,,,,,-27.2727,pending,,2026-06-22T13:15:36+00:00
trackb_cont_VELO_20260605,25.5,,,,,31.75,14.72,,,,,,-27.2727,pending,,2026-06-22T13:15:36+00:00
trackb_cont_VGZ_20260603,2.11,2.38,,,,2.66,2.07,,,,,,-10.5832,pending,,2026-06-22T13:15:11+00:00
trackb_cont_VGZ_20260604,2.2,2.39,,,,2.66,2.07,,,,,,-10.5832,pending,,2026-06-22T13:15:11+00:00
trackb_cont_VGZ_20260605,2.34,,,,,2.66,2.07,,,,,,-10.5832,pending,,2026-06-22T13:15:11+00:00
trackb_cont_VGZ_20260608,2.49,,,,,2.66,2.07,,,,,,-4.6083,pending,,2026-06-22T13:15:11+00:00
trackb_cont_VIAV_20260608,54.049999,,,,,57.5,44.259998,,,,,,-6.9386,pending,,2026-06-22T13:15:58+00:00
trackb_cont_VIAV_20260615,,,,,,57.5,46.720001,,,,,,-18.0782,pending,,2026-06-22T13:15:58+00:00
trackb_cont_VIAV_20260616,,,,,,54.389999,46.720001,,,,,,-12.6321,pending,,2026-06-22T13:15:58+00:00
trackb_cont_VIAV_20260617,,,,,,51.889999,46.720001,,,,,,-12.6321,pending,,2026-06-22T13:15:58+00:00
trackb_cont_VIAV_20260618,,,,,,51.889999,46.720001,,,,,,-12.6321,pending,,2026-06-22T13:15:58+00:00
trackb_cont_VIAV_20260619,,,,,,,,,,,,,,pending,,2026-06-22T13:15:58+00:00
trackb_cont_VICI_20260616,,,,,,28.309999,26.27,,,,,,-6.2957,pending,,2026-06-22T13:17:13+00:00
trackb_cont_VICI_20260617,,,,,,27.9,26.27,,,,,,-6.2957,pending,,2026-06-22T13:17:13+00:00
trackb_cont_VICI_20260618,,,,,,27.039,26.27,,,,,,-6.2957,pending,,2026-06-22T13:17:13+00:00
trackb_cont_VICI_20260619,,,,,,,,,,,,,,pending,,2026-06-22T13:17:13+00:00
trackb_cont_VICR_20260603,275.51001,325.170013,,,,343.390015,258.910004,,,,,,-20.8831,pending,,2026-06-22T13:15:13+00:00
trackb_cont_VICR_20260604,298.059998,331.369995,,,,343.390015,258.910004,,,,,,-20.8831,pending,,2026-06-22T13:15:13+00:00
trackb_cont_VICR_20260605,303.769989,,,,,343.390015,258.910004,,,,,,-20.8831,pending,,2026-06-22T13:15:13+00:00
trackb_cont_VICR_20260608,322.410004,,,,,343.390015,258.910004,,,,,,-20.8831,pending,,2026-06-22T13:15:13+00:00
trackb_cont_VISN_20260603,12.07,12.57,,,,13.039,11.561,,,,,,-5.2377,pending,,2026-06-22T13:14:53+00:00
trackb_cont_VISN_20260604,12.65,12.66,,,,13.039,11.561,,,,,,-5.2377,pending,,2026-06-22T13:14:53+00:00
trackb_cont_VISN_20260605,12.66,,,,,13.039,11.561,,,,,,-5.2377,pending,,2026-06-22T13:14:53+00:00
trackb_cont_VISN_20260608,12.76,,,,,13.039,11.561,,,,,,-1.6085,pending,,2026-06-22T13:14:53+00:00
trackb_cont_VISN_20260616,,,,,,12.87,12.41,,,,,,-2.5137,pending,,2026-06-22T13:14:53+00:00
trackb_cont_VISN_20260617,,,,,,12.87,12.41,,,,,,-2.5137,pending,,2026-06-22T13:14:53+00:00
trackb_cont_VISN_20260618,,,,,,12.87,12.565,,,,,,-1.9126,pending,,2026-06-22T13:14:53+00:00
trackb_cont_VISN_20260619,,,,,,,,,,,,,,pending,,2026-06-22T13:14:53+00:00
trackb_cont_VISN_20260622,,,,,,,,,,,,,,pending,,2026-06-22T13:14:53+00:00
trackb_cont_VLO_20260603,257.98999,239.770004,,,,265.609985,232.720001,,,,,,-11.8117,pending,,2026-06-22T13:14:32+00:00
trackb_cont_VLO_20260604,255.600006,236.300003,,,,264.160004,232.720001,,,,,,-11.8117,pending,,2026-06-22T13:14:32+00:00
trackb_cont_VLO_20260605,258.670013,,,,,264.160004,232.720001,,,,,,-11.8117,pending,,2026-06-22T13:14:32+00:00
trackb_cont_VLO_20260608,247.160004,,,,,264.160004,232.720001,,,,,,-11.8117,pending,,2026-06-22T13:14:32+00:00
trackb_cont_VLO_20260609,244.130005,,,,,264.160004,232.720001,,,,,,-9.9346,pending,,2026-06-22T13:14:32+00:00
trackb_cont_VLO_20260616,,,,,,245.970001,232.720001,,,,,,-5.928,pending,,2026-06-22T13:14:32+00:00
trackb_cont_VLO_20260617,,,,,,244.520004,232.720001,,,,,,-5.928,pending,,2026-06-22T13:14:32+00:00
trackb_cont_VLO_20260618,,,,,,238.029999,232.720001,,,,,,-5.928,pending,,2026-06-22T13:14:32+00:00
trackb_cont_VLO_20260619,,,,,,,,,,,,,,pending,,2026-06-22T13:14:32+00:00
trackb_cont_VLY_20260603,14.16,13.91,,,,14.72,13.38,,,,,,-1.3274,pending,,2026-06-22T13:14:16+00:00
trackb_cont_VLY_20260604,14.41,14.09,,,,14.72,13.58,,,,,,0.1475,pending,,2026-06-22T13:14:16+00:00
trackb_cont_VLY_20260605,14.63,,,,,14.72,13.67,,,,,,0.8112,pending,,2026-06-22T13:14:16+00:00
trackb_cont_VLY_20260608,14.29,,,,,14.72,13.67,,,,,,0.8112,pending,,2026-06-22T13:14:16+00:00
trackb_cont_VLY_20260611,14.09,,,,,14.72,13.67,,,,,,-3.4605,pending,,2026-06-22T13:14:16+00:00
trackb_cont_VLY_20260612,,,,,,14.72,13.67,,,,,,-5.1353,pending,,2026-06-22T13:14:16+00:00
trackb_cont_VLY_20260616,,,,,,14.51,13.67,,,,,,-5.0035,pending,,2026-06-22T13:14:16+00:00
trackb_cont_VLY_20260617,,,,,,14.31,13.67,,,,,,-5.0035,pending,,2026-06-22T13:14:16+00:00
trackb_cont_VLY_20260618,,,,,,14.14,13.67,,,,,,-5.0035,pending,,2026-06-22T13:14:16+00:00
trackb_cont_VLY_20260619,,,,,,,,,,,,,,pending,,2026-06-22T13:14:16+00:00
trackb_cont_VMC_20260616,,,,,,306.859985,293.0,,,,,,-0.3977,pending,,2026-06-22T13:16:17+00:00
trackb_cont_VMC_20260617,,,,,,306.859985,293.0,,,,,,-0.3977,pending,,2026-06-22T13:16:17+00:00
trackb_cont_VMC_20260618,,,,,,306.859985,296.679993,,,,,,0.8533,pending,,2026-06-22T13:16:17+00:00
trackb_cont_VMC_20260619,,,,,,,,,,,,,,pending,,2026-06-22T13:16:17+00:00
trackb_cont_VMI_20260603,512.25,565.309998,,,,579.799988,511.230011,,,,,,-6.1757,pending,,2026-06-22T13:13:59+00:00
trackb_cont_VMI_20260604,528.559998,570.309998,,,,579.799988,511.230011,,,,,,-6.1757,pending,,2026-06-22T13:13:59+00:00
trackb_cont_VMI_20260605,546.809998,,,,,579.799988,511.230011,,,,,,-6.1757,pending,,2026-06-22T13:13:59+00:00
trackb_cont_VMI_20260608,540.619995,,,,,579.799988,511.230011,,,,,,-4.2282,pending,,2026-06-22T13:13:59+00:00
trackb_cont_VMI_20260609,556.51001,,,,,579.799988,511.230011,,,,,,-4.5572,pending,,2026-06-22T13:13:59+00:00
trackb_cont_VMI_20260611,570.309998,,,,,579.799988,512.140015,,,,,,-0.0215,pending,,2026-06-22T13:14:00+00:00
trackb_cont_VMI_20260615,,,,,,579.799988,538.679993,,,,,,-3.407,pending,,2026-06-22T13:14:00+00:00
trackb_cont_VMI_20260616,,,,,,579.799988,547.440002,,,,,,-0.2078,pending,,2026-06-22T13:14:00+00:00
trackb_cont_VMI_20260617,,,,,,579.799988,559.690002,,,,,,2.0252,pending,,2026-06-22T13:14:00+00:00
trackb_cont_VMI_20260618,,,,,,579.799988,567.539978,,,,,,3.4562,pending,,2026-06-22T13:14:00+00:00
trackb_cont_VMI_20260619,,,,,,,,,,,,,,pending,,2026-06-22T13:14:00+00:00
trackb_cont_VMI_20260622,,,,,,,,,,,,,,pending,,2026-06-22T13:14:00+00:00
trackb_cont_VNCE_20260622,,,,,,,,,,,,,,pending,,2026-06-22T13:17:49+00:00
trackb_cont_VNO_20260603,38.279999,36.459999,,,,39.27,33.5,,,,,,-0.2976,pending,,2026-06-22T13:13:56+00:00
trackb_cont_VNO_20260604,38.970001,37.810001,,,,39.27,33.900002,,,,,,0.8929,pending,,2026-06-22T13:13:56+00:00
trackb_cont_VNO_20260605,38.27,,,,,39.27,34.549999,,,,,,2.8274,pending,,2026-06-22T13:13:56+00:00
trackb_cont_VNO_20260608,38.330002,,,,,39.27,35.380001,,,,,,0.4828,pending,,2026-06-22T13:13:56+00:00
trackb_cont_VNO_20260609,37.82,,,,,39.27,36.310001,,,,,,0.3039,pending,,2026-06-22T13:13:56+00:00
trackb_cont_VNO_20260612,,,,,,39.16,36.310001,,,,,,-6.8258,pending,,2026-06-22T13:13:56+00:00
trackb_cont_VNO_20260616,,,,,,38.66,36.310001,,,,,,-5.7862,pending,,2026-06-22T13:13:56+00:00
trackb_cont_VNO_20260617,,,,,,38.220001,36.310001,,,,,,-5.7862,pending,,2026-06-22T13:13:56+00:00
trackb_cont_VNO_20260618,,,,,,38.220001,37.209999,,,,,,-3.451,pending,,2026-06-22T13:13:56+00:00
trackb_cont_VNO_20260619,,,,,,,,,,,,,,pending,,2026-06-22T13:13:56+00:00
trackb_cont_VPG_20260603,122.25,133.449997,,,,148.389999,112.389999,,,,,,-13.9104,pending,,2026-06-22T13:14:00+00:00
trackb_cont_VPG_20260604,141.699997,141.339996,,,,148.389999,112.389999,,,,,,-13.9104,pending,,2026-06-22T13:14:00+00:00
trackb_cont_VPG_20260605,139.520004,,,,,148.389999,112.389999,,,,,,-13.9104,pending,,2026-06-22T13:14:00+00:00
trackb_cont_VPG_20260608,146.029999,,,,,148.389999,112.389999,,,,,,-4.3571,pending,,2026-06-22T13:14:00+00:00
trackb_cont_VPG_20260609,138.440002,,,,,148.389999,112.389999,,,,,,-6.3104,pending,,2026-06-22T13:14:00+00:00
trackb_cont_VPG_20260610,133.449997,,,,,148.389999,118.519997,,,,,,-1.2004,pending,,2026-06-22T13:14:00+00:00
trackb_cont_VPG_20260615,,,,,,148.389999,132.970001,,,,,,-9.3345,pending,,2026-06-22T13:14:00+00:00
trackb_cont_VPG_20260616,,,,,,147.960007,132.970001,,,,,,-8.7121,pending,,2026-06-22T13:14:00+00:00
trackb_cont_VPG_20260617,,,,,,145.100006,132.970001,,,,,,-8.7121,pending,,2026-06-22T13:14:00+00:00
trackb_cont_VPG_20260618,,,,,,145.100006,136.110001,,,,,,-6.5564,pending,,2026-06-22T13:14:00+00:00
trackb_cont_VPG_20260619,,,,,,,,,,,,,,pending,,2026-06-22T13:14:00+00:00
trackb_cont_VPG_20260622,,,,,,,,,,,,,,pending,,2026-06-22T13:14:00+00:00
trackb_cont_VRSK_20260603,183.130005,175.350006,,,,185.270004,171.139999,,,,,,-3.8323,pending,,2026-06-22T13:14:59+00:00
trackb_cont_VRSK_20260604,182.0,173.800003,,,,185.270004,171.139999,,,,,,-3.8323,pending,,2026-06-22T13:14:59+00:00
trackb_cont_VRSK_20260605,183.800003,,,,,185.270004,171.139999,,,,,,-3.8323,pending,,2026-06-22T13:14:59+00:00
trackb_cont_VRSK_20260608,180.460007,,,,,185.270004,171.139999,,,,,,-3.8323,pending,,2026-06-22T13:14:59+00:00
trackb_cont_VRSK_20260610,175.350006,,,,,185.270004,171.139999,,,,,,-4.375,pending,,2026-06-22T13:14:59+00:00
trackb_cont_VRSK_20260612,,,,,,184.550003,171.139999,,,,,,-5.967,pending,,2026-06-22T13:14:59+00:00
trackb_cont_VRSK_20260616,,,,,,182.009995,171.139999,,,,,,-6.163,pending,,2026-06-22T13:14:59+00:00
trackb_cont_VRSK_20260617,,,,,,181.289993,171.139999,,,,,,-6.163,pending,,2026-06-22T13:14:59+00:00
trackb_cont_VRSK_20260618,,,,,,178.330002,171.139999,,,,,,-6.163,pending,,2026-06-22T13:14:59+00:00
trackb_cont_VRSK_20260619,,,,,,,,,,,,,,pending,,2026-06-22T13:14:59+00:00
trackb_cont_VRTX_20260609,453.170013,,,,,464.980011,433.799988,,,,,,-2.0679,pending,,2026-06-22T13:16:10+00:00
trackb_cont_VRTX_20260611,451.630005,,,,,464.980011,435.209991,,,,,,-0.1148,pending,,2026-06-22T13:16:10+00:00
trackb_cont_VSTS_20260603,13.02,12.8,,,,13.52,12.17,,,,,,-7.5228,pending,,2026-06-22T13:13:57+00:00
trackb_cont_VSTS_20260604,13.31,12.88,,,,13.52,12.17,,,,,,-7.5228,pending,,2026-06-22T13:13:57+00:00
trackb_cont_VSTS_20260605,13.19,,,,,13.44,12.17,,,,,,-7.5228,pending,,2026-06-22T13:13:57+00:00
trackb_cont_VSTS_20260608,13.14,,,,,13.44,12.17,,,,,,-5.2918,pending,,2026-06-22T13:13:57+00:00
trackb_cont_VSTS_20260610,12.8,,,,,13.44,12.17,,,,,,-2.3274,pending,,2026-06-22T13:13:57+00:00
trackb_cont_VSTS_20260612,,,,,,13.44,12.68,,,,,,-4.7333,pending,,2026-06-22T13:13:57+00:00
trackb_cont_VSTS_20260616,,,,,,13.44,12.68,,,,,,-2.8352,pending,,2026-06-22T13:13:57+00:00
trackb_cont_VSTS_20260617,,,,,,13.44,12.68,,,,,,-2.8352,pending,,2026-06-22T13:13:57+00:00
trackb_cont_VSTS_20260618,,,,,,13.0,12.685,,,,,,-2.7969,pending,,2026-06-22T13:13:57+00:00
trackb_cont_VSTS_20260619,,,,,,,,,,,,,,pending,,2026-06-22T13:13:57+00:00
trackb_cont_VST_20260618,,,,,,170.339996,160.029999,,,,,,-1.6803,pending,,2026-06-22T13:16:23+00:00
trackb_cont_VST_20260619,,,,,,,,,,,,,,pending,,2026-06-22T13:16:23+00:00
trackb_cont_VST_20260622,,,,,,,,,,,,,,pending,,2026-06-22T13:16:23+00:00
trackb_cont_VSXY_20260603,74.239998,78.519997,,,,83.919998,72.0,,,,,,-2.3199,pending,,2026-06-22T13:13:55+00:00
trackb_cont_VSXY_20260604,78.779999,81.980003,,,,83.919998,72.279999,,,,,,-1.94,pending,,2026-06-22T13:13:55+00:00
trackb_cont_VSXY_20260605,78.879997,,,,,83.919998,72.279999,,,,,,-1.94,pending,,2026-06-22T13:13:55+00:00
trackb_cont_VSXY_20260608,79.419998,,,,,83.919998,73.269997,,,,,,-1.7828,pending,,2026-06-22T13:13:55+00:00
trackb_cont_VSXY_20260610,78.519997,,,,,83.919998,73.269997,,,,,,-3.9208,pending,,2026-06-22T13:13:55+00:00
trackb_cont_VSXY_20260616,,,,,,83.919998,78.400002,,,,,,-1.6928,pending,,2026-06-22T13:13:55+00:00
trackb_cont_VSXY_20260617,,,,,,83.919998,78.400002,,,,,,-1.6928,pending,,2026-06-22T13:13:55+00:00
trackb_cont_VSXY_20260618,,,,,,83.919998,79.849998,,,,,,-0.0,pending,,2026-06-22T13:13:55+00:00
trackb_cont_VSXY_20260619,,,,,,,,,,,,,,pending,,2026-06-22T13:13:55+00:00
trackb_cont_VSXY_20260622,,,,,,,,,,,,,,pending,,2026-06-22T13:13:55+00:00
trackb_cont_VVV_20260610,37.439999,,,,,39.009998,36.290001,,,,,,0.304,pending,,2026-06-22T13:16:22+00:00
trackb_cont_VVV_20260615,,,,,,39.009998,37.025002,,,,,,-4.8078,pending,,2026-06-22T13:16:22+00:00
trackb_cont_VVV_20260616,,,,,,38.950001,37.025002,,,,,,-3.329,pending,,2026-06-22T13:16:22+00:00
trackb_cont_VVV_20260617,,,,,,38.349998,37.025002,,,,,,-3.329,pending,,2026-06-22T13:16:22+00:00
trackb_cont_VVV_20260618,,,,,,38.349998,37.82,,,,,,-1.2533,pending,,2026-06-22T13:16:22+00:00
trackb_cont_VVV_20260619,,,,,,,,,,,,,,pending,,2026-06-22T13:16:22+00:00
trackb_cont_VVV_20260622,,,,,,,,,,,,,,pending,,2026-06-22T13:16:22+00:00
trackb_cont_VZ_20260616,,,,,,47.400002,45.23,,,,,,-4.6082,pending,,2026-06-22T13:17:12+00:00
trackb_cont_VZ_20260617,,,,,,46.610001,45.23,,,,,,-4.6082,pending,,2026-06-22T13:17:12+00:00
trackb_cont_VZ_20260618,,,,,,46.060001,45.360001,,,,,,-4.3341,pending,,2026-06-22T13:17:12+00:00
trackb_cont_VZ_20260619,,,,,,,,,,,,,,pending,,2026-06-22T13:17:12+00:00
trackb_cont_V_20260618,,,,,,332.329987,327.0,,,,,,-1.283,pending,,2026-06-22T13:17:38+00:00
trackb_cont_V_20260619,,,,,,,,,,,,,,pending,,2026-06-22T13:17:38+00:00
trackb_cont_V_20260622,,,,,,,,,,,,,,pending,,2026-06-22T13:17:38+00:00
trackb_cont_WAB_20260618,,,,,,278.390015,273.589996,,,,,,0.6364,pending,,2026-06-22T13:17:39+00:00
trackb_cont_WAB_20260619,,,,,,,,,,,,,,pending,,2026-06-22T13:17:39+00:00
trackb_cont_WAB_20260622,,,,,,,,,,,,,,pending,,2026-06-22T13:17:39+00:00
trackb_cont_WALD_20260603,1.87,1.66,,,,1.925,1.59,,,,,,-10.4225,pending,,2026-06-22T13:14:32+00:00
trackb_cont_WALD_20260604,1.86,1.66,,,,1.925,1.59,,,,,,-10.4225,pending,,2026-06-22T13:14:32+00:00
trackb_cont_WALD_20260605,1.86,,,,,1.925,1.61,,,,,,-9.2958,pending,,2026-06-22T13:14:32+00:00
trackb_cont_WALD_20260608,1.82,,,,,1.925,1.61,,,,,,-6.3953,pending,,2026-06-22T13:14:32+00:00
trackb_cont_WALD_20260612,,,,,,1.91,1.62,,,,,,-12.9032,pending,,2026-06-22T13:14:32+00:00
trackb_cont_WALD_20260615,,,,,,1.9,1.62,,,,,,-12.4324,pending,,2026-06-22T13:14:32+00:00
trackb_cont_WALD_20260616,,,,,,1.861,1.62,,,,,,-5.2632,pending,,2026-06-22T13:14:32+00:00
trackb_cont_WALD_20260617,,,,,,1.729,1.62,,,,,,-5.2632,pending,,2026-06-22T13:14:32+00:00
trackb_cont_WALD_20260618,,,,,,1.7,1.625,,,,,,-4.9708,pending,,2026-06-22T13:14:32+00:00
trackb_cont_WALD_20260619,,,,,,,,,,,,,,pending,,2026-06-22T13:14:32+00:00
trackb_cont_WAL_20260611,79.910004,,,,,85.540001,77.379997,,,,,,-5.1367,pending,,2026-06-22T13:16:33+00:00
trackb_cont_WAL_20260612,,,,,,85.540001,77.379997,,,,,,-6.001,pending,,2026-06-22T13:16:33+00:00
trackb_cont_WAL_20260616,,,,,,83.089996,77.379997,,,,,,-6.8665,pending,,2026-06-22T13:16:33+00:00
trackb_cont_WAL_20260617,,,,,,82.129997,77.379997,,,,,,-6.8665,pending,,2026-06-22T13:16:33+00:00
trackb_cont_WATT_20260603,22.92,26.959999,,,,30.5,22.700001,,,,,,-22.0735,pending,,2026-06-22T13:14:13+00:00
trackb_cont_WATT_20260604,24.17,25.23,,,,28.98,22.700001,,,,,,-22.0735,pending,,2026-06-22T13:14:13+00:00
trackb_cont_WATT_20260605,23.709999,,,,,28.870001,22.700001,,,,,,-22.0735,pending,,2026-06-22T13:14:13+00:00
trackb_cont_WAT_20260603,363.179993,357.0,,,,384.98999,351.769989,,,,,,-6.5982,pending,,2026-06-22T13:15:12+00:00
trackb_cont_WAT_20260604,359.73999,355.440002,,,,384.98999,351.769989,,,,,,-6.5982,pending,,2026-06-22T13:15:12+00:00
trackb_cont_WAT_20260605,355.529999,,,,,377.51001,351.769989,,,,,,-6.5982,pending,,2026-06-22T13:15:12+00:00
trackb_cont_WAT_20260608,357.76001,,,,,377.51001,351.769989,,,,,,-6.5982,pending,,2026-06-22T13:15:12+00:00
trackb_cont_WBI_20260608,32.27,,,,,36.209999,28.75,,,,,,-2.3438,pending,,2026-06-22T13:15:57+00:00
trackb_cont_WBS_20260615,,,,,,76.099998,74.230003,,,,,,-0.5493,pending,,2026-06-22T13:16:58+00:00
trackb_cont_WBS_20260616,,,,,,76.099998,74.779999,,,,,,0.4358,pending,,2026-06-22T13:16:58+00:00
trackb_cont_WBS_20260617,,,,,,76.099998,75.010002,,,,,,0.7447,pending,,2026-06-22T13:16:58+00:00
trackb_cont_WBS_20260618,,,,,,75.879997,75.529999,,,,,,-0.1685,pending,,2026-06-22T13:16:58+00:00
trackb_cont_WBS_20260619,,,,,,,,,,,,,,pending,,2026-06-22T13:16:58+00:00
trackb_cont_WBS_20260622,,,,,,,,,,,,,,pending,,2026-06-22T13:16:58+00:00
trackb_cont_WCC_20260603,334.190002,351.880005,,,,377.899994,333.209991,,,,,,-10.9457,pending,,2026-06-22T13:14:34+00:00
trackb_cont_WCC_20260604,344.209991,365.359985,,,,370.049988,333.209991,,,,,,-10.9457,pending,,2026-06-22T13:14:34+00:00
trackb_cont_WCC_20260605,346.769989,,,,,369.23999,333.209991,,,,,,-10.9457,pending,,2026-06-22T13:14:34+00:00
trackb_cont_WCC_20260608,347.790009,,,,,369.23999,333.209991,,,,,,-5.9552,pending,,2026-06-22T13:14:34+00:00
trackb_cont_WDAY_20260603,137.470001,121.830002,,,,153.479996,116.550003,,,,,,-19.2028,pending,,2026-06-22T13:15:10+00:00
trackb_cont_WDAY_20260604,130.529999,116.93,,,,153.479996,116.550003,,,,,,-19.2028,pending,,2026-06-22T13:15:10+00:00
trackb_cont_WDAY_20260605,130.800003,,,,,151.5,116.550003,,,,,,-19.2028,pending,,2026-06-22T13:15:10+00:00
trackb_cont_WDAY_20260608,129.600006,,,,,145.479996,116.550003,,,,,,-19.2028,pending,,2026-06-22T13:15:10+00:00
trackb_cont_WDC_20260603,490.089996,712.130005,,,,799.869995,480.869995,,,,,,-19.5298,pending,,2026-06-22T13:14:10+00:00
trackb_cont_WDC_20260604,529.289978,746.22998,,,,799.869995,480.869995,,,,,,-19.5298,pending,,2026-06-22T13:14:10+00:00
trackb_cont_WDC_20260605,562.929993,,,,,799.869995,480.869995,,,,,,-19.5298,pending,,2026-06-22T13:14:10+00:00
trackb_cont_WDC_20260608,653.530029,,,,,799.869995,480.869995,,,,,,-19.5298,pending,,2026-06-22T13:14:10+00:00
trackb_cont_WDC_20260615,,,,,,799.869995,612.0,,,,,,-4.3645,pending,,2026-06-22T13:14:10+00:00
trackb_cont_WDC_20260616,,,,,,799.869995,667.349976,,,,,,3.4082,pending,,2026-06-22T13:14:10+00:00
trackb_cont_WDC_20260617,,,,,,799.869995,694.119995,,,,,,7.5563,pending,,2026-06-22T13:14:10+00:00
trackb_cont_WDC_20260618,,,,,,799.869995,739.109985,,,,,,-4.0117,pending,,2026-06-22T13:14:10+00:00
trackb_cont_WDC_20260619,,,,,,,,,,,,,,pending,,2026-06-22T13:14:10+00:00
trackb_cont_WDC_20260622,,,,,,,,,,,,,,pending,,2026-06-22T13:14:10+00:00
trackb_cont_WD_20260616,,,,,,52.900002,50.43,,,,,,-4.2711,pending,,2026-06-22T13:17:19+00:00
trackb_cont_WD_20260617,,,,,,52.900002,50.43,,,,,,-4.2711,pending,,2026-06-22T13:17:19+00:00
trackb_cont_WEC_20260616,,,,,,115.5,111.260002,,,,,,-2.5232,pending,,2026-06-22T13:17:25+00:00
trackb_cont_WEC_20260617,,,,,,114.790001,111.260002,,,,,,-2.5232,pending,,2026-06-22T13:17:25+00:00
trackb_cont_WEC_20260618,,,,,,113.559998,111.260002,,,,,,-1.1374,pending,,2026-06-22T13:17:25+00:00
trackb_cont_WEC_20260619,,,,,,,,,,,,,,pending,,2026-06-22T13:17:25+00:00
trackb_cont_WERN_20260603,42.75,39.880001,,,,45.27,39.68,,,,,,-7.935,pending,,2026-06-22T13:13:54+00:00
trackb_cont_WERN_20260604,43.84,40.689999,,,,45.27,39.68,,,,,,-7.935,pending,,2026-06-22T13:13:54+00:00
trackb_cont_WERN_20260605,43.959999,,,,,45.27,39.68,,,,,,-7.935,pending,,2026-06-22T13:13:54+00:00
trackb_cont_WERN_20260608,43.07,,,,,45.27,39.68,,,,,,-8.6977,pending,,2026-06-22T13:13:54+00:00
trackb_cont_WERN_20260610,39.880001,,,,,44.799999,39.68,,,,,,-10.8515,pending,,2026-06-22T13:13:54+00:00
trackb_cont_WERN_20260616,,,,,,43.860001,39.68,,,,,,-7.4303,pending,,2026-06-22T13:13:54+00:00
trackb_cont_WERN_20260617,,,,,,42.119999,39.68,,,,,,-7.4303,pending,,2026-06-22T13:13:54+00:00
trackb_cont_WFC_20260603,81.970001,83.809998,,,,87.080002,77.400002,,,,,,-0.7438,pending,,2026-06-22T13:15:01+00:00
trackb_cont_WFC_20260604,82.400002,82.199997,,,,87.080002,79.720001,,,,,,2.2313,pending,,2026-06-22T13:15:01+00:00
trackb_cont_WFC_20260605,83.730003,,,,,87.080002,80.830002,,,,,,3.6548,pending,,2026-06-22T13:15:01+00:00
trackb_cont_WFC_20260608,83.139999,,,,,87.080002,80.830002,,,,,,-1.3546,pending,,2026-06-22T13:15:01+00:00
trackb_cont_WFC_20260609,85.050003,,,,,87.080002,80.830002,,,,,,-0.1606,pending,,2026-06-22T13:15:01+00:00
trackb_cont_WFC_20260611,82.199997,,,,,87.080002,80.830002,,,,,,-1.3908,pending,,2026-06-22T13:15:01+00:00
trackb_cont_WFC_20260615,,,,,,87.080002,81.949997,,,,,,-3.1783,pending,,2026-06-22T13:15:01+00:00
trackb_cont_WFC_20260616,,,,,,87.080002,81.949997,,,,,,-1.8857,pending,,2026-06-22T13:15:01+00:00
trackb_cont_WFC_20260617,,,,,,87.080002,81.949997,,,,,,-1.8857,pending,,2026-06-22T13:15:01+00:00
trackb_cont_WFC_20260618,,,,,,85.57,81.949997,,,,,,-1.8857,pending,,2026-06-22T13:15:01+00:00
trackb_cont_WFC_20260619,,,,,,,,,,,,,,pending,,2026-06-22T13:15:01+00:00
trackb_cont_WGS_20260608,61.32,,,,,63.310001,51.509998,,,,,,-1.3407,pending,,2026-06-22T13:15:37+00:00
trackb_cont_WGS_20260616,,,,,,62.57,54.959999,,,,,,-10.6341,pending,,2026-06-22T13:15:37+00:00
trackb_cont_WGS_20260617,,,,,,61.700001,54.959999,,,,,,-10.6341,pending,,2026-06-22T13:15:37+00:00
trackb_cont_WGS_20260618,,,,,,59.424999,57.0,,,,,,1.028,pending,,2026-06-22T13:15:37+00:00
trackb_cont_WGS_20260619,,,,,,,,,,,,,,pending,,2026-06-22T13:15:37+00:00
trackb_cont_WGS_20260622,,,,,,,,,,,,,,pending,,2026-06-22T13:15:37+00:00
trackb_cont_WH_20260618,,,,,,86.345001,83.769997,,,,,,-0.8932,pending,,2026-06-22T13:17:39+00:00
trackb_cont_WH_20260619,,,,,,,,,,,,,,pending,,2026-06-22T13:17:39+00:00
trackb_cont_WH_20260622,,,,,,,,,,,,,,pending,,2026-06-22T13:17:39+00:00
trackb_cont_WING_20260616,,,,,,168.139999,148.369995,,,,,,-12.7389,pending,,2026-06-22T13:15:37+00:00
trackb_cont_WING_20260617,,,,,,165.399994,148.369995,,,,,,-12.7389,pending,,2026-06-22T13:15:37+00:00
trackb_cont_WING_20260618,,,,,,165.399994,149.009995,,,,,,-0.6931,pending,,2026-06-22T13:15:37+00:00
trackb_cont_WING_20260619,,,,,,,,,,,,,,pending,,2026-06-22T13:15:37+00:00
trackb_cont_WING_20260622,,,,,,,,,,,,,,pending,,2026-06-22T13:15:37+00:00
trackb_cont_WKC_20260603,31.450001,31.26,,,,32.240002,28.76,,,,,,-1.4731,pending,,2026-06-22T13:15:34+00:00
trackb_cont_WKC_20260604,31.440001,31.120001,,,,32.240002,29.07,,,,,,-0.4111,pending,,2026-06-22T13:15:34+00:00
trackb_cont_WKC_20260605,31.719999,,,,,32.240002,29.219999,,,,,,0.1028,pending,,2026-06-22T13:15:34+00:00
trackb_cont_WKC_20260608,31.27,,,,,32.240002,29.82,,,,,,2.1583,pending,,2026-06-22T13:15:34+00:00
trackb_cont_WKC_20260609,31.370001,,,,,32.240002,29.940001,,,,,,-0.6965,pending,,2026-06-22T13:15:34+00:00
trackb_cont_WKC_20260610,31.26,,,,,32.240002,30.610001,,,,,,1.5257,pending,,2026-06-22T13:15:34+00:00
trackb_cont_WKC_20260611,31.120001,,,,,32.240002,30.610001,,,,,,-2.6709,pending,,2026-06-22T13:15:34+00:00
trackb_cont_WKC_20260615,,,,,,31.969999,30.610001,,,,,,-0.8101,pending,,2026-06-22T13:15:34+00:00
trackb_cont_WKC_20260616,,,,,,31.969999,30.73,,,,,,-1.38,pending,,2026-06-22T13:15:34+00:00
trackb_cont_WKC_20260617,,,,,,31.969999,30.73,,,,,,-1.38,pending,,2026-06-22T13:15:34+00:00
trackb_cont_WKC_20260618,,,,,,31.41,30.780001,,,,,,-1.7398,pending,,2026-06-22T13:15:34+00:00
trackb_cont_WKC_20260619,,,,,,,,,,,,,,pending,,2026-06-22T13:15:34+00:00
trackb_cont_WKC_20260622,,,,,,,,,,,,,,pending,,2026-06-22T13:15:34+00:00
trackb_cont_WMK_20260603,82.059998,76.449997,,,,83.739998,73.760002,,,,,,-2.1751,pending,,2026-06-22T13:14:56+00:00
trackb_cont_WMK_20260604,82.540001,76.739998,,,,83.739998,73.860001,,,,,,-2.0424,pending,,2026-06-22T13:14:56+00:00
trackb_cont_WMK_20260605,82.629997,,,,,83.739998,75.629997,,,,,,0.305,pending,,2026-06-22T13:14:56+00:00
trackb_cont_WMK_20260608,79.239998,,,,,83.739998,75.769997,,,,,,0.4907,pending,,2026-06-22T13:14:56+00:00
trackb_cont_WMK_20260609,79.279999,,,,,83.739998,75.769997,,,,,,-4.9071,pending,,2026-06-22T13:14:56+00:00
trackb_cont_WMK_20260610,76.449997,,,,,83.739998,75.769997,,,,,,-4.9071,pending,,2026-06-22T13:14:56+00:00
trackb_cont_WMK_20260615,,,,,,81.870003,75.769997,,,,,,-5.6413,pending,,2026-06-22T13:14:56+00:00
trackb_cont_WMK_20260616,,,,,,80.339996,75.769997,,,,,,-5.2875,pending,,2026-06-22T13:14:56+00:00
trackb_cont_WMK_20260617,,,,,,78.959999,75.769997,,,,,,-5.2875,pending,,2026-06-22T13:14:56+00:00
trackb_cont_WMK_20260618,,,,,,77.5,75.769997,,,,,,-5.2875,pending,,2026-06-22T13:14:56+00:00
trackb_cont_WMK_20260619,,,,,,,,,,,,,,pending,,2026-06-22T13:14:56+00:00
trackb_cont_WNC_20260616,,,,,,12.1,9.28,,,,,,-5.6431,pending,,2026-06-22T13:15:44+00:00
trackb_cont_WNC_20260617,,,,,,12.1,10.26,,,,,,4.3213,pending,,2026-06-22T13:15:44+00:00
trackb_cont_WNC_20260618,,,,,,12.1,10.64,,,,,,8.1851,pending,,2026-06-22T13:15:44+00:00
trackb_cont_WNC_20260619,,,,,,,,,,,,,,pending,,2026-06-22T13:15:44+00:00
trackb_cont_WOR_20260603,57.490002,59.040001,,,,61.59,56.43,,,,,,-1.6385,pending,,2026-06-22T13:14:29+00:00
trackb_cont_WOR_20260604,58.720001,60.400002,,,,61.59,56.43,,,,,,-1.6385,pending,,2026-06-22T13:14:29+00:00
trackb_cont_WOR_20260605,59.68,,,,,61.59,56.43,,,,,,-1.6385,pending,,2026-06-22T13:14:29+00:00
trackb_cont_WOR_20260608,59.849998,,,,,61.59,56.43,,,,,,-1.5355,pending,,2026-06-22T13:14:29+00:00
trackb_cont_WOR_20260615,,,,,,61.59,58.369999,,,,,,-1.8744,pending,,2026-06-22T13:14:29+00:00
trackb_cont_WOR_20260616,,,,,,61.59,58.369999,,,,,,-2.4158,pending,,2026-06-22T13:14:29+00:00
trackb_cont_WOR_20260617,,,,,,61.59,58.369999,,,,,,-2.4158,pending,,2026-06-22T13:14:29+00:00
trackb_cont_WOR_20260618,,,,,,61.59,59.540001,,,,,,0.8469,pending,,2026-06-22T13:14:29+00:00
trackb_cont_WOR_20260619,,,,,,,,,,,,,,pending,,2026-06-22T13:14:29+00:00
trackb_cont_WOR_20260622,,,,,,,,,,,,,,pending,,2026-06-22T13:14:29+00:00
trackb_cont_WPC_20260611,71.220001,,,,,76.970001,70.949997,,,,,,-6.4478,pending,,2026-06-22T13:16:31+00:00
trackb_cont_WPC_20260616,,,,,,76.529999,70.949997,,,,,,-6.7061,pending,,2026-06-22T13:16:31+00:00
trackb_cont_WPC_20260617,,,,,,75.199997,70.949997,,,,,,-6.7061,pending,,2026-06-22T13:16:31+00:00
trackb_cont_WPC_20260618,,,,,,73.099998,70.949997,,,,,,-1.7721,pending,,2026-06-22T13:16:31+00:00
trackb_cont_WPC_20260619,,,,,,,,,,,,,,pending,,2026-06-22T13:16:31+00:00
trackb_cont_WRB_20260610,68.089996,,,,,68.940002,66.839996,,,,,,0.1348,pending,,2026-06-22T13:16:19+00:00
trackb_cont_WRB_20260612,,,,,,68.940002,66.839996,,,,,,-1.0364,pending,,2026-06-22T13:16:19+00:00
trackb_cont_WRB_20260616,,,,,,68.940002,67.0,,,,,,-1.8818,pending,,2026-06-22T13:16:19+00:00
trackb_cont_WRB_20260617,,,,,,68.889999,67.0,,,,,,-1.8818,pending,,2026-06-22T13:16:19+00:00
trackb_cont_WRB_20260618,,,,,,68.260002,67.0,,,,,,-1.8818,pending,,2026-06-22T13:16:19+00:00
trackb_cont_WRB_20260619,,,,,,,,,,,,,,pending,,2026-06-22T13:16:19+00:00
trackb_cont_WRLD_20260603,171.330002,173.399994,,,,183.0,155.080002,,,,,,-6.5783,pending,,2026-06-22T13:14:51+00:00
trackb_cont_WRLD_20260604,176.970001,177.949997,,,,183.0,155.080002,,,,,,-6.5783,pending,,2026-06-22T13:14:51+00:00
trackb_cont_WRLD_20260605,178.449997,,,,,183.0,164.589996,,,,,,-0.8494,pending,,2026-06-22T13:14:51+00:00
trackb_cont_WRLD_20260608,173.149994,,,,,183.0,164.830002,,,,,,-0.7048,pending,,2026-06-22T13:14:51+00:00
trackb_cont_WRLD_20260616,,,,,,180.949997,164.830002,,,,,,-6.8231,pending,,2026-06-22T13:14:51+00:00
trackb_cont_WRLD_20260617,,,,,,180.949997,172.580002,,,,,,-2.4421,pending,,2026-06-22T13:14:51+00:00
trackb_cont_WSC_20260616,,,,,,29.094999,27.76,,,,,,-2.8861,pending,,2026-06-22T13:17:11+00:00
trackb_cont_WSC_20260617,,,,,,29.094999,27.76,,,,,,-2.8861,pending,,2026-06-22T13:17:11+00:00
trackb_cont_WSC_20260618,,,,,,29.094999,28.16,,,,,,1.1494,pending,,2026-06-22T13:17:11+00:00
trackb_cont_WSC_20260619,,,,,,,,,,,,,,pending,,2026-06-22T13:17:11+00:00
trackb_cont_WSC_20260622,,,,,,,,,,,,,,pending,,2026-06-22T13:17:11+00:00
trackb_cont_WSM_20260603,206.940002,221.149994,,,,234.419998,200.399994,,,,,,-1.7888,pending,,2026-06-22T13:14:27+00:00
trackb_cont_WSM_20260604,218.740005,226.919998,,,,234.419998,201.639999,,,,,,-1.1811,pending,,2026-06-22T13:14:27+00:00
trackb_cont_WSM_20260605,223.539993,,,,,234.419998,201.639999,,,,,,-1.1811,pending,,2026-06-22T13:14:27+00:00
trackb_cont_WSM_20260608,223.289993,,,,,234.419998,201.639999,,,,,,-1.1811,pending,,2026-06-22T13:14:27+00:00
trackb_cont_WSM_20260615,,,,,,234.419998,220.690002,,,,,,-3.6583,pending,,2026-06-22T13:14:27+00:00
trackb_cont_WSM_20260616,,,,,,234.419998,220.690002,,,,,,-1.7299,pending,,2026-06-22T13:14:27+00:00
trackb_cont_WSM_20260617,,,,,,234.419998,220.690002,,,,,,-1.7299,pending,,2026-06-22T13:14:27+00:00
trackb_cont_WSM_20260618,,,,,,230.649994,223.990005,,,,,,-0.2605,pending,,2026-06-22T13:14:27+00:00
trackb_cont_WSM_20260619,,,,,,,,,,,,,,pending,,2026-06-22T13:14:27+00:00
trackb_cont_WSM_20260622,,,,,,,,,,,,,,pending,,2026-06-22T13:14:27+00:00
trackb_cont_WST_20260612,,,,,,333.399994,321.940002,,,,,,-2.5428,pending,,2026-06-22T13:16:44+00:00
trackb_cont_WST_20260616,,,,,,331.679993,321.940002,,,,,,-2.3833,pending,,2026-06-22T13:16:44+00:00
trackb_cont_WST_20260617,,,,,,330.769989,321.940002,,,,,,-2.3833,pending,,2026-06-22T13:16:44+00:00
trackb_cont_WST_20260618,,,,,,329.109985,323.200012,,,,,,-2.0012,pending,,2026-06-22T13:16:44+00:00
trackb_cont_WST_20260619,,,,,,,,,,,,,,pending,,2026-06-22T13:16:44+00:00
trackb_cont_WS_20260603,41.080002,39.200001,,,,44.939999,38.615002,,,,,,-9.3332,pending,,2026-06-22T13:14:43+00:00
trackb_cont_WS_20260604,43.5,40.73,,,,44.939999,38.615002,,,,,,-9.3332,pending,,2026-06-22T13:14:43+00:00
trackb_cont_WS_20260605,43.450001,,,,,44.939999,38.615002,,,,,,-9.3332,pending,,2026-06-22T13:14:43+00:00
trackb_cont_WS_20260608,41.689999,,,,,44.939999,38.615002,,,,,,-9.3332,pending,,2026-06-22T13:14:43+00:00
trackb_cont_WS_20260616,,,,,,43.051998,38.615002,,,,,,-9.8833,pending,,2026-06-22T13:14:43+00:00
trackb_cont_WS_20260617,,,,,,41.564999,38.615002,,,,,,-9.8833,pending,,2026-06-22T13:14:43+00:00
trackb_cont_WS_20260618,,,,,,40.810001,38.615002,,,,,,-9.8833,pending,,2026-06-22T13:14:43+00:00
trackb_cont_WS_20260619,,,,,,,,,,,,,,pending,,2026-06-22T13:14:43+00:00
trackb_cont_WULF_20260603,23.190001,27.860001,,,,29.67,22.99,,,,,,-11.9494,pending,,2026-06-22T13:14:36+00:00
trackb_cont_WULF_20260604,25.35,28.98,,,,29.67,22.99,,,,,,-11.9494,pending,,2026-06-22T13:14:36+00:00
trackb_cont_WULF_20260605,26.059999,,,,,29.67,22.99,,,,,,-11.9494,pending,,2026-06-22T13:14:36+00:00
trackb_cont_WULF_20260608,28.17,,,,,29.67,23.059999,,,,,,-11.6814,pending,,2026-06-22T13:14:36+00:00
trackb_cont_WULF_20260616,,,,,,29.67,27.4,,,,,,-3.1117,pending,,2026-06-22T13:14:36+00:00
trackb_cont_WULF_20260617,,,,,,29.67,27.4,,,,,,-3.1117,pending,,2026-06-22T13:14:36+00:00
trackb_cont_WULF_20260618,,,,,,29.67,28.09,,,,,,0.8256,pending,,2026-06-22T13:14:36+00:00
trackb_cont_WULF_20260619,,,,,,,,,,,,,,pending,,2026-06-22T13:14:36+00:00
trackb_cont_WULF_20260622,,,,,,,,,,,,,,pending,,2026-06-22T13:14:36+00:00
trackb_cont_WWD_20260615,,,,,,445.290009,394.410004,,,,,,-0.3877,pending,,2026-06-22T13:17:02+00:00
trackb_cont_WWD_20260616,,,,,,445.290009,405.51001,,,,,,0.8355,pending,,2026-06-22T13:17:02+00:00
trackb_cont_WWD_20260617,,,,,,445.290009,418.720001,,,,,,4.1204,pending,,2026-06-22T13:17:02+00:00
trackb_cont_WWD_20260618,,,,,,445.290009,426.320007,,,,,,-1.9571,pending,,2026-06-22T13:17:02+00:00
trackb_cont_WWD_20260619,,,,,,,,,,,,,,pending,,2026-06-22T13:17:02+00:00
trackb_cont_WWD_20260622,,,,,,,,,,,,,,pending,,2026-06-22T13:17:02+00:00
trackb_cont_WWW_20260611,17.6,,,,,18.73,16.540001,,,,,,-3.6692,pending,,2026-06-22T13:16:24+00:00
trackb_cont_WWW_20260615,,,,,,18.67,16.540001,,,,,,-11.3137,pending,,2026-06-22T13:16:24+00:00
trackb_cont_WWW_20260616,,,,,,18.290001,16.540001,,,,,,-6.0761,pending,,2026-06-22T13:16:24+00:00
trackb_cont_WWW_20260617,,,,,,17.969999,16.540001,,,,,,-6.0761,pending,,2026-06-22T13:16:24+00:00
trackb_cont_WYNN_20260603,105.260002,102.309998,,,,111.290001,102.080002,,,,,,-1.3052,pending,,2026-06-22T13:15:29+00:00
trackb_cont_WYNN_20260604,107.75,105.529999,,,,111.290001,102.080002,,,,,,-1.3052,pending,,2026-06-22T13:15:29+00:00
trackb_cont_WYNN_20260605,107.269997,,,,,111.290001,102.080002,,,,,,-1.3052,pending,,2026-06-22T13:15:29+00:00
trackb_cont_WYNN_20260608,105.959999,,,,,111.290001,102.080002,,,,,,-1.3052,pending,,2026-06-22T13:15:29+00:00
trackb_cont_WYNN_20260611,105.529999,,,,,111.290001,102.080002,,,,,,-3.0211,pending,,2026-06-22T13:15:29+00:00
trackb_cont_WYNN_20260616,,,,,,106.900002,102.080002,,,,,,-3.8795,pending,,2026-06-22T13:15:29+00:00
trackb_cont_WYNN_20260617,,,,,,106.75,102.080002,,,,,,-3.8795,pending,,2026-06-22T13:15:29+00:00
trackb_cont_WYNN_20260618,,,,,,106.75,103.330002,,,,,,-2.7024,pending,,2026-06-22T13:15:29+00:00
trackb_cont_WYNN_20260619,,,,,,,,,,,,,,pending,,2026-06-22T13:15:29+00:00
trackb_cont_WY_20260603,24.16,24.33,,,,25.42,23.77,,,,,,-3.0982,pending,,2026-06-22T13:14:57+00:00
trackb_cont_WY_20260604,24.33,24.32,,,,25.42,23.77,,,,,,-3.0982,pending,,2026-06-22T13:14:57+00:00
trackb_cont_WY_20260605,24.85,,,,,25.42,23.77,,,,,,-3.0982,pending,,2026-06-22T13:14:57+00:00
trackb_cont_WY_20260608,24.65,,,,,25.42,23.77,,,,,,-2.9003,pending,,2026-06-22T13:14:57+00:00
trackb_cont_WY_20260611,24.32,,,,,25.42,23.77,,,,,,-1.6142,pending,,2026-06-22T13:14:57+00:00
trackb_cont_WY_20260616,,,,,,25.18,24.209999,,,,,,-2.5951,pending,,2026-06-22T13:14:57+00:00
trackb_cont_WY_20260617,,,,,,24.940001,24.209999,,,,,,-2.5951,pending,,2026-06-22T13:14:57+00:00
trackb_cont_W_20260603,68.669998,81.589996,,,,90.521004,66.75,,,,,,-2.6507,pending,,2026-06-22T13:15:08+00:00
trackb_cont_W_20260604,77.68,88.519997,,,,90.521004,66.75,,,,,,-2.6507,pending,,2026-06-22T13:15:08+00:00
trackb_cont_W_20260605,77.589996,,,,,90.521004,66.75,,,,,,-2.6507,pending,,2026-06-22T13:15:08+00:00
trackb_cont_W_20260608,82.989998,,,,,90.521004,66.75,,,,,,-2.6507,pending,,2026-06-22T13:15:08+00:00
trackb_cont_W_20260611,88.519997,,,,,90.521004,70.0,,,,,,1.9368,pending,,2026-06-22T13:15:08+00:00
trackb_cont_W_20260616,,,,,,90.521004,81.160004,,,,,,-2.6392,pending,,2026-06-22T13:15:08+00:00
trackb_cont_W_20260617,,,,,,90.521004,81.160004,,,,,,-2.6392,pending,,2026-06-22T13:15:08+00:00
trackb_cont_W_20260618,,,,,,90.521004,84.139999,,,,,,0.9357,pending,,2026-06-22T13:15:08+00:00
trackb_cont_W_20260619,,,,,,,,,,,,,,pending,,2026-06-22T13:15:08+00:00
trackb_cont_XHR_20260603,18.459999,19.530001,,,,20.200001,17.549999,,,,,,-0.7353,pending,,2026-06-22T13:14:24+00:00
trackb_cont_XHR_20260604,19.23,20.02,,,,20.200001,17.809999,,,,,,0.7353,pending,,2026-06-22T13:14:24+00:00
trackb_cont_XHR_20260605,19.450001,,,,,20.200001,18.17,,,,,,2.7715,pending,,2026-06-22T13:14:24+00:00
trackb_cont_XHR_20260608,19.129999,,,,,20.200001,18.17,,,,,,2.7715,pending,,2026-06-22T13:14:24+00:00
trackb_cont_XHR_20260609,19.6,,,,,20.200001,18.17,,,,,,-0.8729,pending,,2026-06-22T13:14:24+00:00
trackb_cont_XHR_20260610,19.530001,,,,,20.200001,18.424999,,,,,,0.5183,pending,,2026-06-22T13:14:24+00:00
trackb_cont_XHR_20260611,20.02,,,,,20.200001,18.75,,,,,,1.571,pending,,2026-06-22T13:14:24+00:00
trackb_cont_XHR_20260616,,,,,,20.200001,19.09,,,,,,0.0786,pending,,2026-06-22T13:14:24+00:00
trackb_cont_XHR_20260617,,,,,,20.200001,19.33,,,,,,1.3368,pending,,2026-06-22T13:14:24+00:00
trackb_cont_XHR_20260618,,,,,,20.200001,19.795,,,,,,3.7746,pending,,2026-06-22T13:14:24+00:00
trackb_cont_XHR_20260619,,,,,,,,,,,,,,pending,,2026-06-22T13:14:24+00:00
trackb_cont_XIFR_20260603,11.47,11.63,,,,12.68,11.26,,,,,,-10.6349,pending,,2026-06-22T13:14:54+00:00
trackb_cont_XIFR_20260604,11.56,11.82,,,,12.26,11.26,,,,,,-10.6349,pending,,2026-06-22T13:14:54+00:00
trackb_cont_XIFR_20260605,11.66,,,,,12.05,11.26,,,,,,-10.6349,pending,,2026-06-22T13:14:54+00:00
trackb_cont_XMAX_20260603,8.61,8.2,,,,8.75,8.1,,,,,,-5.5944,pending,,2026-06-22T13:15:17+00:00
trackb_cont_XMAX_20260604,8.63,8.23,,,,8.75,8.1,,,,,,-5.5944,pending,,2026-06-22T13:15:17+00:00
trackb_cont_XMAX_20260605,8.1,,,,,8.75,8.1,,,,,,-5.5944,pending,,2026-06-22T13:15:17+00:00
trackb_cont_XMAX_20260608,8.41,,,,,8.75,8.1,,,,,,-5.5944,pending,,2026-06-22T13:15:17+00:00
trackb_cont_XMAX_20260612,,,,,,8.75,8.1,,,,,,-6.1414,pending,,2026-06-22T13:15:17+00:00
trackb_cont_XOS_20260603,3.66,3.385,,,,8.27,3.037,,,,,,-51.1626,pending,,2026-06-22T13:15:11+00:00
trackb_cont_XOS_20260604,4.27,3.12,,,,6.2,3.037,,,,,,-51.1626,pending,,2026-06-22T13:15:11+00:00
trackb_cont_XOS_20260605,3.5,,,,,5.48,3.037,,,,,,-51.1626,pending,,2026-06-22T13:15:11+00:00
trackb_cont_XOS_20260608,3.41,,,,,5.2,3.037,,,,,,-51.1626,pending,,2026-06-22T13:15:11+00:00
trackb_cont_XPOF_20260615,,,,,,7.04,6.42,,,,,,-3.3133,pending,,2026-06-22T13:16:54+00:00
trackb_cont_XPOF_20260616,,,,,,7.04,6.555,,,,,,-4.9311,pending,,2026-06-22T13:16:54+00:00
trackb_cont_XPOF_20260617,,,,,,6.99,6.555,,,,,,-4.9311,pending,,2026-06-22T13:16:54+00:00
trackb_cont_XPOF_20260618,,,,,,6.99,6.6,,,,,,-4.2785,pending,,2026-06-22T13:16:54+00:00
trackb_cont_XPOF_20260619,,,,,,,,,,,,,,pending,,2026-06-22T13:16:54+00:00
trackb_cont_XPOF_20260622,,,,,,,,,,,,,,pending,,2026-06-22T13:16:54+00:00
trackb_cont_XPO_20260603,216.259995,201.789993,,,,232.050003,199.369995,,,,,,-9.1771,pending,,2026-06-22T13:14:52+00:00
trackb_cont_XPO_20260604,227.649994,199.5,,,,232.050003,199.369995,,,,,,-9.1771,pending,,2026-06-22T13:14:52+00:00
trackb_cont_XPO_20260605,228.330002,,,,,232.050003,199.369995,,,,,,-9.1771,pending,,2026-06-22T13:14:52+00:00
trackb_cont_XPO_20260608,220.740005,,,,,232.050003,199.369995,,,,,,-9.1771,pending,,2026-06-22T13:14:52+00:00
trackb_cont_XPO_20260615,,,,,,231.009995,199.369995,,,,,,-11.4147,pending,,2026-06-22T13:14:52+00:00
trackb_cont_XPO_20260616,,,,,,224.160004,199.369995,,,,,,-9.0673,pending,,2026-06-22T13:14:52+00:00
trackb_cont_XPO_20260617,,,,,,214.789993,199.369995,,,,,,-9.0673,pending,,2026-06-22T13:14:52+00:00
trackb_cont_XRN_20260603,37.0,34.959999,,,,37.869999,34.73,,,,,,-2.4712,pending,,2026-06-22T13:15:26+00:00
trackb_cont_XRN_20260604,37.189999,35.099998,,,,37.869999,34.73,,,,,,-2.4712,pending,,2026-06-22T13:15:26+00:00
trackb_cont_XRN_20260605,37.080002,,,,,37.869999,34.73,,,,,,-2.4712,pending,,2026-06-22T13:15:26+00:00
trackb_cont_XRN_20260608,36.310001,,,,,37.869999,34.73,,,,,,-2.4712,pending,,2026-06-22T13:15:26+00:00
trackb_cont_XRN_20260611,35.099998,,,,,37.869999,34.73,,,,,,-6.1351,pending,,2026-06-22T13:15:26+00:00
trackb_cont_XRN_20260616,,,,,,36.560001,34.73,,,,,,-6.1858,pending,,2026-06-22T13:15:26+00:00
trackb_cont_XRN_20260617,,,,,,36.006001,34.73,,,,,,-6.1858,pending,,2026-06-22T13:15:26+00:00
trackb_cont_XRN_20260618,,,,,,35.68,34.890999,,,,,,-5.7509,pending,,2026-06-22T13:15:26+00:00
trackb_cont_XRN_20260619,,,,,,,,,,,,,,pending,,2026-06-22T13:15:26+00:00
trackb_cont_XYZ_20260618,,,,,,75.089996,72.404999,,,,,,-0.5972,pending,,2026-06-22T13:16:38+00:00
trackb_cont_XYZ_20260619,,,,,,,,,,,,,,pending,,2026-06-22T13:16:38+00:00
trackb_cont_YETI_20260603,48.27,47.240002,,,,51.889999,45.049999,,,,,,-4.6763,pending,,2026-06-22T13:15:23+00:00
trackb_cont_YETI_20260604,50.68,48.970001,,,,51.889999,46.68,,,,,,-1.2273,pending,,2026-06-22T13:15:23+00:00
trackb_cont_YETI_20260605,50.419998,,,,,51.889999,46.68,,,,,,-1.2273,pending,,2026-06-22T13:15:23+00:00
trackb_cont_YETI_20260608,49.880001,,,,,51.889999,46.68,,,,,,-1.4566,pending,,2026-06-22T13:15:23+00:00
trackb_cont_YETI_20260610,47.240002,,,,,51.889999,47.110001,,,,,,-1.1747,pending,,2026-06-22T13:15:23+00:00
trackb_cont_YETI_20260616,,,,,,50.41,47.110001,,,,,,-5.7988,pending,,2026-06-22T13:15:23+00:00
trackb_cont_YETI_20260617,,,,,,50.41,47.110001,,,,,,-5.7988,pending,,2026-06-22T13:15:23+00:00
trackb_cont_YORW_20260610,29.559999,,,,,30.790001,29.4,,,,,,-0.9768,pending,,2026-06-22T13:16:19+00:00
trackb_cont_YORW_20260611,29.530001,,,,,30.459999,29.4,,,,,,-2.8741,pending,,2026-06-22T13:16:19+00:00
trackb_cont_ZBH_20260615,,,,,,89.720001,86.589996,,,,,,-2.8607,pending,,2026-06-22T13:17:06+00:00
trackb_cont_ZBH_20260616,,,,,,89.720001,86.589996,,,,,,-1.5239,pending,,2026-06-22T13:17:06+00:00
trackb_cont_ZBH_20260617,,,,,,89.370003,86.589996,,,,,,-1.5239,pending,,2026-06-22T13:17:06+00:00
trackb_cont_ZBRA_20260603,216.789993,232.979996,,,,252.369995,211.860001,,,,,,-13.9655,pending,,2026-06-22T13:15:01+00:00
trackb_cont_ZBRA_20260604,222.440002,235.979996,,,,252.369995,211.860001,,,,,,-13.9655,pending,,2026-06-22T13:15:01+00:00
trackb_cont_ZBRA_20260605,228.419998,,,,,245.649994,211.860001,,,,,,-13.9655,pending,,2026-06-22T13:15:01+00:00
trackb_cont_ZBRA_20260608,240.050003,,,,,245.649994,211.860001,,,,,,-13.9655,pending,,2026-06-22T13:15:01+00:00
trackb_cont_ZD_20260603,45.799999,44.32,,,,48.509998,43.860001,,,,,,-1.8243,pending,,2026-06-22T13:15:07+00:00
trackb_cont_ZD_20260604,45.740002,46.029999,,,,48.509998,43.860001,,,,,,-1.8243,pending,,2026-06-22T13:15:07+00:00
trackb_cont_ZD_20260605,46.259998,,,,,48.509998,43.860001,,,,,,-1.8243,pending,,2026-06-22T13:15:07+00:00
trackb_cont_ZD_20260608,45.849998,,,,,47.709999,43.860001,,,,,,-4.2567,pending,,2026-06-22T13:15:07+00:00
trackb_cont_ZD_20260611,46.029999,,,,,47.709999,43.860001,,,,,,-4.2358,pending,,2026-06-22T13:15:07+00:00
trackb_cont_ZD_20260615,,,,,,47.709999,43.860001,,,,,,-6.1015,pending,,2026-06-22T13:15:07+00:00
trackb_cont_ZD_20260616,,,,,,46.91,43.860001,,,,,,-5.106,pending,,2026-06-22T13:15:07+00:00
trackb_cont_ZD_20260617,,,,,,46.91,43.860001,,,,,,-5.106,pending,,2026-06-22T13:15:07+00:00
trackb_cont_ZD_20260618,,,,,,46.91,44.130001,,,,,,-4.5218,pending,,2026-06-22T13:15:07+00:00
trackb_cont_ZD_20260619,,,,,,,,,,,,,,pending,,2026-06-22T13:15:07+00:00
trackb_cont_ZION_20260612,,,,,,67.989998,65.540001,,,,,,-1.3546,pending,,2026-06-22T13:16:45+00:00
trackb_cont_ZION_20260615,,,,,,67.989998,65.540001,,,,,,-3.2905,pending,,2026-06-22T13:16:45+00:00
trackb_cont_ZION_20260616,,,,,,67.690002,65.540001,,,,,,-1.8201,pending,,2026-06-22T13:16:45+00:00
trackb_cont_ZION_20260617,,,,,,67.690002,65.540001,,,,,,-1.8201,pending,,2026-06-22T13:16:45+00:00
trackb_cont_ZION_20260618,,,,,,67.419998,65.959999,,,,,,-1.1909,pending,,2026-06-22T13:16:45+00:00
trackb_cont_ZION_20260619,,,,,,,,,,,,,,pending,,2026-06-22T13:16:45+00:00
trackb_cont_ZION_20260622,,,,,,,,,,,,,,pending,,2026-06-22T13:16:45+00:00
trackb_cont_ZM_20260603,93.959999,87.389999,,,,110.735001,85.010002,,,,,,-19.7943,pending,,2026-06-22T13:14:45+00:00
trackb_cont_ZM_20260604,92.32,86.360001,,,,106.830002,85.010002,,,,,,-19.7943,pending,,2026-06-22T13:14:45+00:00
trackb_cont_ZM_20260605,93.68,,,,,105.959999,85.010002,,,,,,-19.7943,pending,,2026-06-22T13:14:45+00:00
trackb_cont_ZONE_20260603,0.636,0.913,,,,1.01,0.57,,,,,,-25.069,pending,,2026-06-22T13:15:26+00:00
trackb_cont_ZONE_20260604,0.701,0.984,,,,1.01,0.57,,,,,,-25.069,pending,,2026-06-22T13:15:26+00:00
trackb_cont_ZONE_20260605,0.81,,,,,1.01,0.57,,,,,,-25.069,pending,,2026-06-22T13:15:26+00:00
trackb_cont_ZONE_20260608,0.77,,,,,1.01,0.57,,,,,,-25.069,pending,,2026-06-22T13:15:26+00:00
trackb_cont_ZONE_20260616,,,,,,1.01,0.715,,,,,,-9.5166,pending,,2026-06-22T13:15:26+00:00
trackb_cont_ZONE_20260617,,,,,,1.01,0.787,,,,,,-0.405,pending,,2026-06-22T13:15:26+00:00
trackb_cont_ZONE_20260618,,,,,,1.01,0.873,,,,,,10.4784,pending,,2026-06-22T13:15:26+00:00
trackb_cont_ZONE_20260619,,,,,,,,,,,,,,pending,,2026-06-22T13:15:26+00:00
trackb_cont_ZONE_20260622,,,,,,,,,,,,,,pending,,2026-06-22T13:15:26+00:00
trackb_rev_AAOI_20260618,,,,,,174.759995,158.039993,,,,,,-9.2819,pending,,2026-06-22T13:17:42+00:00
trackb_rev_AAOI_20260619,,,,,,,,,,,,,,pending,,2026-06-22T13:17:42+00:00
trackb_rev_AAOI_20260622,,,,,,,,,,,,,,pending,,2026-06-22T13:17:42+00:00
trackb_rev_ABAT_20260612,,,,,,3.69,3.02,,,,,,-11.6959,pending,,2026-06-22T13:14:03+00:00
trackb_rev_ABT_20260603,89.169998,88.5,,,,92.730003,86.720001,,,,,,-0.6188,pending,,2026-06-22T13:15:43+00:00
trackb_rev_ABT_20260604,89.650002,88.410004,,,,92.730003,87.07,,,,,,-0.2177,pending,,2026-06-22T13:15:43+00:00
trackb_rev_ABT_20260605,88.18,,,,,92.730003,87.07,,,,,,-0.2177,pending,,2026-06-22T13:15:43+00:00
trackb_rev_ABT_20260608,88.669998,,,,,92.019997,87.07,,,,,,-0.2177,pending,,2026-06-22T13:15:43+00:00
trackb_rev_ABT_20260612,,,,,,91.580002,87.07,,,,,,-2.8779,pending,,2026-06-22T13:15:43+00:00
trackb_rev_ABT_20260615,,,,,,91.580002,87.730003,,,,,,-0.9036,pending,,2026-06-22T13:15:43+00:00
trackb_rev_ABT_20260616,,,,,,91.580002,87.760002,,,,,,-1.1712,pending,,2026-06-22T13:15:43+00:00
trackb_rev_ABT_20260617,,,,,,91.580002,87.760002,,,,,,-1.1712,pending,,2026-06-22T13:15:43+00:00
trackb_rev_ABT_20260618,,,,,,89.440002,87.760002,,,,,,-1.1712,pending,,2026-06-22T13:15:43+00:00
trackb_rev_ABT_20260619,,,,,,,,,,,,,,pending,,2026-06-22T13:15:43+00:00
trackb_rev_ACHC_20260616,,,,,,25.5,23.43,,,,,,-5.0648,pending,,2026-06-22T13:17:29+00:00
trackb_rev_ACHC_20260617,,,,,,24.92,23.43,,,,,,-5.0648,pending,,2026-06-22T13:17:29+00:00
trackb_rev_ACHC_20260618,,,,,,24.92,23.790001,,,,,,1.234,pending,,2026-06-22T13:17:29+00:00
trackb_rev_ACHC_20260619,,,,,,,,,,,,,,pending,,2026-06-22T13:17:29+00:00
trackb_rev_ACHC_20260622,,,,,,,,,,,,,,pending,,2026-06-22T13:17:29+00:00
trackb_rev_ADBE_20260611,195.160004,,,,,232.5,190.119995,,,,,,-18.5363,pending,,2026-06-22T13:16:37+00:00
trackb_rev_ADBE_20260612,,,,,,211.990005,190.119995,,,,,,-13.1079,pending,,2026-06-22T13:16:37+00:00
trackb_rev_ADC_20260618,,,,,,74.330002,72.989998,,,,,,-1.111,pending,,2026-06-22T13:17:02+00:00
trackb_rev_ADC_20260619,,,,,,,,,,,,,,pending,,2026-06-22T13:17:02+00:00
trackb_rev_ADC_20260622,,,,,,,,,,,,,,pending,,2026-06-22T13:17:02+00:00
trackb_rev_ADTN_20260610,15.09,,,,,15.86,14.26,,,,,,-10.9863,pending,,2026-06-22T13:15:35+00:00
trackb_rev_ADTN_20260615,,,,,,15.86,14.55,,,,,,-6.7905,pending,,2026-06-22T13:15:35+00:00
trackb_rev_ADTN_20260616,,,,,,15.86,14.55,,,,,,-3.8023,pending,,2026-06-22T13:15:35+00:00
trackb_rev_ADTN_20260617,,,,,,15.86,14.61,,,,,,-3.4056,pending,,2026-06-22T13:15:35+00:00
trackb_rev_ADUS_20260622,,,,,,,,,,,,,,pending,,2026-06-22T13:17:41+00:00
trackb_rev_AEE_20260622,,,,,,,,,,,,,,pending,,2026-06-22T13:17:52+00:00
trackb_rev_AEO_20260603,17.530001,17.1,,,,19.280001,15.63,,,,,,-2.0437,pending,,2026-06-22T13:15:45+00:00
trackb_rev_AEO_20260604,18.290001,17.809999,,,,19.280001,16.120001,,,,,,1.0272,pending,,2026-06-22T13:15:45+00:00
trackb_rev_AEO_20260605,18.790001,,,,,19.280001,16.219999,,,,,,1.6539,pending,,2026-06-22T13:15:45+00:00
trackb_rev_AEO_20260608,18.459999,,,,,19.280001,16.42,,,,,,2.9074,pending,,2026-06-22T13:15:45+00:00
trackb_rev_AGCO_20260616,,,,,,116.849998,111.410004,,,,,,-1.8328,pending,,2026-06-22T13:17:31+00:00
trackb_rev_AGCO_20260617,,,,,,116.849998,111.410004,,,,,,-1.8328,pending,,2026-06-22T13:17:31+00:00
trackb_rev_AGCO_20260618,,,,,,114.910004,112.870003,,,,,,-0.5244,pending,,2026-06-22T13:17:31+00:00
trackb_rev_AGCO_20260619,,,,,,,,,,,,,,pending,,2026-06-22T13:17:31+00:00
trackb_rev_AGCO_20260622,,,,,,,,,,,,,,pending,,2026-06-22T13:17:31+00:00
trackb_rev_AGNC_20260622,,,,,,,,,,,,,,pending,,2026-06-22T13:17:52+00:00
trackb_rev_AIRE_20260609,2.11,,,,,2.398,1.91,,,,,,-9.4787,pending,,2026-06-22T13:16:15+00:00
trackb_rev_AIRE_20260610,2.29,,,,,2.398,1.95,,,,,,-7.5829,pending,,2026-06-22T13:16:15+00:00
trackb_rev_AIRE_20260611,2.22,,,,,2.398,1.98,,,,,,-0.5025,pending,,2026-06-22T13:16:15+00:00
trackb_rev_AIRE_20260612,,,,,,2.398,1.981,,,,,,-3.835,pending,,2026-06-22T13:16:15+00:00
trackb_rev_AJG_20260603,220.139999,216.089996,,,,225.339996,199.690002,,,,,,-0.8712,pending,,2026-06-22T13:15:42+00:00
trackb_rev_AJG_20260604,220.899994,214.059998,,,,225.339996,206.419998,,,,,,2.4697,pending,,2026-06-22T13:15:42+00:00
trackb_rev_AJG_20260605,218.690002,,,,,225.339996,211.289993,,,,,,4.8872,pending,,2026-06-22T13:15:42+00:00
trackb_rev_AKR_20260622,,,,,,,,,,,,,,pending,,2026-06-22T13:17:52+00:00
trackb_rev_ALBT_20260609,0.311,,,,,0.385,0.286,,,,,,-16.129,pending,,2026-06-22T13:16:16+00:00
trackb_rev_ALBT_20260610,0.36,,,,,0.385,0.286,,,,,,-16.129,pending,,2026-06-22T13:16:16+00:00
trackb_rev_ALBT_20260611,0.34,,,,,0.385,0.286,,,,,,-17.8161,pending,,2026-06-22T13:16:16+00:00
trackb_rev_ALBT_20260616,,,,,,0.385,0.286,,,,,,-19.4366,pending,,2026-06-22T13:16:16+00:00
trackb_rev_ALBT_20260617,,,,,,0.385,0.298,,,,,,-16.0563,pending,,2026-06-22T13:16:16+00:00
trackb_rev_ALBT_20260618,,,,,,0.359,0.326,,,,,,-9.4444,pending,,2026-06-22T13:16:16+00:00
trackb_rev_ALBT_20260619,,,,,,,,,,,,,,pending,,2026-06-22T13:16:16+00:00
trackb_rev_ALBT_20260622,,,,,,,,,,,,,,pending,,2026-06-22T13:16:16+00:00
trackb_rev_ALGN_20260609,179.520004,,,,,185.0,169.300003,,,,,,-1.5984,pending,,2026-06-22T13:16:12+00:00
trackb_rev_ALGN_20260610,173.529999,,,,,185.0,169.300003,,,,,,-1.5984,pending,,2026-06-22T13:16:12+00:00
trackb_rev_ALGN_20260612,,,,,,185.0,172.160004,,,,,,-2.4644,pending,,2026-06-22T13:16:12+00:00
trackb_rev_ALGT_20260612,,,,,,102.559998,86.959999,,,,,,1.0693,pending,,2026-06-22T13:15:22+00:00
trackb_rev_ALG_20260616,,,,,,162.839996,149.820007,,,,,,-2.7963,pending,,2026-06-22T13:17:32+00:00
trackb_rev_ALG_20260617,,,,,,162.839996,152.630005,,,,,,-0.9732,pending,,2026-06-22T13:17:32+00:00
trackb_rev_ALG_20260618,,,,,,162.839996,158.149994,,,,,,2.6082,pending,,2026-06-22T13:17:32+00:00
trackb_rev_ALG_20260619,,,,,,,,,,,,,,pending,,2026-06-22T13:17:32+00:00
trackb_rev_ALG_20260622,,,,,,,,,,,,,,pending,,2026-06-22T13:17:32+00:00
trackb_rev_ALM_20260610,18.280001,,,,,19.17,15.11,,,,,,-8.1459,pending,,2026-06-22T13:15:29+00:00
trackb_rev_ALSN_20260615,,,,,,123.010002,117.959999,,,,,,-2.0347,pending,,2026-06-22T13:17:08+00:00
trackb_rev_ALSN_20260616,,,,,,123.010002,117.959999,,,,,,-2.1444,pending,,2026-06-22T13:17:08+00:00
trackb_rev_ALSN_20260617,,,,,,123.010002,117.959999,,,,,,-2.1444,pending,,2026-06-22T13:17:08+00:00
trackb_rev_ALSN_20260618,,,,,,121.529999,118.940002,,,,,,-1.3315,pending,,2026-06-22T13:17:08+00:00
trackb_rev_ALSN_20260619,,,,,,,,,,,,,,pending,,2026-06-22T13:17:08+00:00
trackb_rev_ALSN_20260622,,,,,,,,,,,,,,pending,,2026-06-22T13:17:08+00:00
trackb_rev_ALTG_20260611,7.67,,,,,7.85,6.27,,,,,,-2.3364,pending,,2026-06-22T13:16:39+00:00
trackb_rev_AME_20260616,,,,,,238.669998,230.529999,,,,,,-0.065,pending,,2026-06-22T13:17:26+00:00
trackb_rev_AME_20260617,,,,,,238.669998,230.529999,,,,,,-0.065,pending,,2026-06-22T13:17:26+00:00
trackb_rev_AMLX_20260616,,,,,,16.200001,14.81,,,,,,-4.2044,pending,,2026-06-22T13:17:34+00:00
trackb_rev_AMLX_20260617,,,,,,16.200001,15.025,,,,,,-2.8137,pending,,2026-06-22T13:17:34+00:00
trackb_rev_AMLX_20260618,,,,,,16.200001,15.315,,,,,,-0.9379,pending,,2026-06-22T13:17:34+00:00
trackb_rev_AMLX_20260619,,,,,,,,,,,,,,pending,,2026-06-22T13:17:34+00:00
trackb_rev_AMPX_20260616,,,,,,16.799999,14.84,,,,,,-12.0593,pending,,2026-06-22T13:14:39+00:00
trackb_rev_AMPX_20260617,,,,,,16.190001,14.84,,,,,,-12.0593,pending,,2026-06-22T13:14:39+00:00
trackb_rev_AMPX_20260618,,,,,,16.190001,14.84,,,,,,-12.0593,pending,,2026-06-22T13:14:39+00:00
trackb_rev_AMPX_20260619,,,,,,,,,,,,,,pending,,2026-06-22T13:14:39+00:00
trackb_rev_AMRZ_20260609,55.619999,,,,,56.990002,50.41,,,,,,-0.7677,pending,,2026-06-22T13:14:37+00:00
trackb_rev_AMRZ_20260611,55.349998,,,,,56.990002,50.41,,,,,,-0.198,pending,,2026-06-22T13:14:37+00:00
trackb_rev_AMRZ_20260615,,,,,,56.990002,53.91,,,,,,-2.9523,pending,,2026-06-22T13:14:37+00:00
trackb_rev_AMRZ_20260616,,,,,,56.990002,54.02,,,,,,-1.1528,pending,,2026-06-22T13:14:37+00:00
trackb_rev_AMRZ_20260617,,,,,,56.990002,54.209999,,,,,,-0.8051,pending,,2026-06-22T13:14:37+00:00
trackb_rev_AMRZ_20260618,,,,,,56.630001,54.290001,,,,,,-0.6587,pending,,2026-06-22T13:14:37+00:00
trackb_rev_AMRZ_20260619,,,,,,,,,,,,,,pending,,2026-06-22T13:14:37+00:00
trackb_rev_AMR_20260611,185.770004,,,,,202.279999,185.0,,,,,,-4.7815,pending,,2026-06-22T13:14:18+00:00
trackb_rev_AMSF_20260603,32.049999,31.219999,,,,32.48,30.049999,,,,,,-1.5722,pending,,2026-06-22T13:15:46+00:00
trackb_rev_AMSF_20260604,31.799999,31.32,,,,32.48,30.049999,,,,,,-1.5722,pending,,2026-06-22T13:15:46+00:00
trackb_rev_AMSF_20260605,31.530001,,,,,32.48,30.879999,,,,,,1.1464,pending,,2026-06-22T13:15:46+00:00
trackb_rev_AMSF_20260622,,,,,,,,,,,,,,pending,,2026-06-22T13:15:46+00:00
trackb_rev_AMT_20260618,,,,,,181.899994,175.0,,,,,,-3.3523,pending,,2026-06-22T13:14:43+00:00
trackb_rev_AMT_20260619,,,,,,,,,,,,,,pending,,2026-06-22T13:14:43+00:00
trackb_rev_AMT_20260622,,,,,,,,,,,,,,pending,,2026-06-22T13:14:43+00:00
trackb_rev_AM_20260622,,,,,,,,,,,,,,pending,,2026-06-22T13:17:53+00:00
trackb_rev_ANDE_20260616,,,,,,71.529999,67.239998,,,,,,-3.3491,pending,,2026-06-22T13:16:47+00:00
trackb_rev_ANDE_20260617,,,,,,71.529999,67.239998,,,,,,-3.3491,pending,,2026-06-22T13:16:47+00:00
trackb_rev_ANDE_20260618,,,,,,71.529999,69.410004,,,,,,-0.23,pending,,2026-06-22T13:16:47+00:00
trackb_rev_ANDE_20260619,,,,,,,,,,,,,,pending,,2026-06-22T13:16:47+00:00
trackb_rev_ANDE_20260622,,,,,,,,,,,,,,pending,,2026-06-22T13:16:47+00:00
trackb_rev_ANF_20260603,85.330002,84.709999,,,,94.809998,73.919998,,,,,,-1.9108,pending,,2026-06-22T13:15:48+00:00
trackb_rev_ANF_20260604,90.620003,87.239998,,,,94.809998,74.419998,,,,,,-1.2473,pending,,2026-06-22T13:15:48+00:00
trackb_rev_ANF_20260605,90.57,,,,,94.809998,74.419998,,,,,,-1.2473,pending,,2026-06-22T13:15:48+00:00
trackb_rev_ANF_20260608,91.099998,,,,,94.809998,75.370003,,,,,,0.0398,pending,,2026-06-22T13:15:48+00:00
trackb_rev_ANF_20260609,89.059998,,,,,94.809998,81.099998,,,,,,1.9869,pending,,2026-06-22T13:15:48+00:00
trackb_rev_ANF_20260611,87.239998,,,,,94.809998,84.589996,,,,,,-0.8672,pending,,2026-06-22T13:15:48+00:00
trackb_rev_AN_20260612,,,,,,197.759995,185.169998,,,,,,-4.586,pending,,2026-06-22T13:16:53+00:00
trackb_rev_AN_20260616,,,,,,197.759995,185.169998,,,,,,-4.9874,pending,,2026-06-22T13:16:53+00:00
trackb_rev_AN_20260617,,,,,,197.149994,185.169998,,,,,,-4.9874,pending,,2026-06-22T13:16:53+00:00
trackb_rev_AN_20260618,,,,,,191.0,186.869995,,,,,,-4.1151,pending,,2026-06-22T13:16:53+00:00
trackb_rev_AN_20260619,,,,,,,,,,,,,,pending,,2026-06-22T13:16:53+00:00
trackb_rev_APEI_20260616,,,,,,53.299999,50.610001,,,,,,-1.8615,pending,,2026-06-22T13:17:37+00:00
trackb_rev_APEI_20260617,,,,,,53.16,50.900002,,,,,,-1.2992,pending,,2026-06-22T13:17:37+00:00
trackb_rev_APEI_20260618,,,,,,52.810001,50.900002,,,,,,-2.6769,pending,,2026-06-22T13:17:37+00:00
trackb_rev_APEI_20260619,,,,,,,,,,,,,,pending,,2026-06-22T13:17:37+00:00
trackb_rev_APEI_20260622,,,,,,,,,,,,,,pending,,2026-06-22T13:17:37+00:00
trackb_rev_APG_20260616,,,,,,43.035,41.571999,,,,,,0.5612,pending,,2026-06-22T13:17:37+00:00
trackb_rev_APG_20260617,,,,,,43.035,41.779999,,,,,,1.0643,pending,,2026-06-22T13:17:37+00:00
trackb_rev_APG_20260618,,,,,,42.740002,42.189999,,,,,,2.0561,pending,,2026-06-22T13:17:37+00:00
trackb_rev_APG_20260619,,,,,,,,,,,,,,pending,,2026-06-22T13:17:37+00:00
trackb_rev_ARCC_20260618,,,,,,18.299999,17.99,,,,,,-0.9361,pending,,2026-06-22T13:16:45+00:00
trackb_rev_ARCC_20260619,,,,,,,,,,,,,,pending,,2026-06-22T13:16:45+00:00
trackb_rev_ARCC_20260622,,,,,,,,,,,,,,pending,,2026-06-22T13:16:45+00:00
trackb_rev_AREC_20260610,2.11,,,,,2.305,2.01,,,,,,-6.7285,pending,,2026-06-22T13:14:22+00:00
trackb_rev_AREC_20260616,,,,,,2.26,2.08,,,,,,-7.1429,pending,,2026-06-22T13:14:22+00:00
trackb_rev_AREC_20260617,,,,,,2.195,2.08,,,,,,-7.1429,pending,,2026-06-22T13:14:22+00:00
trackb_rev_ARI_20260622,,,,,,,,,,,,,,pending,,2026-06-22T13:15:29+00:00
trackb_rev_ARLO_20260612,,,,,,13.52,12.57,,,,,,-1.1015,pending,,2026-06-22T13:16:56+00:00
trackb_rev_ARRY_20260611,8.0,,,,,8.416,6.82,,,,,,-0.2195,pending,,2026-06-22T13:14:48+00:00
trackb_rev_ARR_20260618,,,,,,16.92,16.690001,,,,,,-0.7139,pending,,2026-06-22T13:14:56+00:00
trackb_rev_ARR_20260619,,,,,,,,,,,,,,pending,,2026-06-22T13:14:56+00:00
trackb_rev_ARR_20260622,,,,,,,,,,,,,,pending,,2026-06-22T13:14:56+00:00
trackb_rev_ASIX_20260609,21.299999,,,,,22.879999,19.559999,,,,,,-8.4698,pending,,2026-06-22T13:16:15+00:00
trackb_rev_ASO_20260608,49.25,,,,,57.139999,48.608002,,,,,,-6.0715,pending,,2026-06-22T13:16:02+00:00
trackb_rev_ASO_20260611,51.82,,,,,53.264999,48.919998,,,,,,-1.9246,pending,,2026-06-22T13:16:02+00:00
trackb_rev_ASTE_20260616,,,,,,56.279999,51.959999,,,,,,-0.6881,pending,,2026-06-22T13:17:30+00:00
trackb_rev_ASTE_20260617,,,,,,56.279999,52.610001,,,,,,0.5543,pending,,2026-06-22T13:17:30+00:00
trackb_rev_ASTE_20260618,,,,,,56.279999,54.0,,,,,,3.211,pending,,2026-06-22T13:17:30+00:00
trackb_rev_ASTE_20260619,,,,,,,,,,,,,,pending,,2026-06-22T13:17:30+00:00
trackb_rev_ASTE_20260622,,,,,,,,,,,,,,pending,,2026-06-22T13:17:30+00:00
trackb_rev_ASTS_20260612,,,,,,97.730003,77.120003,,,,,,-20.9512,pending,,2026-06-22T13:15:14+00:00
trackb_rev_AVAV_20260616,,,,,,172.990005,163.940002,,,,,,-5.6053,pending,,2026-06-22T13:15:12+00:00
trackb_rev_AVAV_20260617,,,,,,172.990005,163.940002,,,,,,-5.6053,pending,,2026-06-22T13:15:12+00:00
trackb_rev_AVB_20260618,,,,,,182.240005,177.190002,,,,,,-2.2589,pending,,2026-06-22T13:15:52+00:00
trackb_rev_AVB_20260619,,,,,,,,,,,,,,pending,,2026-06-22T13:15:52+00:00
trackb_rev_AVB_20260622,,,,,,,,,,,,,,pending,,2026-06-22T13:15:52+00:00
trackb_rev_AVGO_20260609,376.709991,,,,,412.700012,370.329987,,,,,,-6.6238,pending,,2026-06-22T13:14:21+00:00
trackb_rev_AVGO_20260610,392.899994,,,,,412.700012,370.549988,,,,,,-6.5683,pending,,2026-06-22T13:14:21+00:00
trackb_rev_AVGO_20260611,411.350006,,,,,412.700012,370.549988,,,,,,-0.4166,pending,,2026-06-22T13:14:21+00:00
trackb_rev_AVGO_20260612,,,,,,412.700012,376.459991,,,,,,-2.3627,pending,,2026-06-22T13:14:21+00:00
trackb_rev_AVY_20260622,,,,,,,,,,,,,,pending,,2026-06-22T13:17:51+00:00
trackb_rev_AWK_20260616,,,,,,128.740005,124.480003,,,,,,-2.361,pending,,2026-06-22T13:17:37+00:00
trackb_rev_AWK_20260617,,,,,,128.539993,124.480003,,,,,,-2.361,pending,,2026-06-22T13:17:37+00:00
trackb_rev_AWK_20260618,,,,,,127.550003,124.529999,,,,,,-2.3218,pending,,2026-06-22T13:17:37+00:00
trackb_rev_AWK_20260619,,,,,,,,,,,,,,pending,,2026-06-22T13:17:37+00:00
trackb_rev_AWK_20260622,,,,,,,,,,,,,,pending,,2026-06-22T13:17:37+00:00
trackb_rev_AYI_20260612,,,,,,317.970001,284.399994,,,,,,-1.4553,pending,,2026-06-22T13:14:12+00:00
trackb_rev_BAER_20260609,1.84,,,,,1.995,1.81,,,,,,-5.7292,pending,,2026-06-22T13:16:14+00:00
trackb_rev_BAER_20260610,1.92,,,,,1.995,1.81,,,,,,-5.7292,pending,,2026-06-22T13:16:14+00:00
trackb_rev_BAH_20260612,,,,,,77.959999,66.349998,,,,,,-14.0544,pending,,2026-06-22T13:15:27+00:00
trackb_rev_BAH_20260615,,,,,,77.870003,66.349998,,,,,,-13.8647,pending,,2026-06-22T13:15:27+00:00
trackb_rev_BAH_20260616,,,,,,75.790001,66.349998,,,,,,-11.3205,pending,,2026-06-22T13:15:27+00:00
trackb_rev_BAH_20260617,,,,,,74.919998,66.349998,,,,,,-11.3205,pending,,2026-06-22T13:15:27+00:00
trackb_rev_BALL_20260618,,,,,,58.75,57.599998,,,,,,-0.6383,pending,,2026-06-22T13:17:45+00:00
trackb_rev_BALL_20260619,,,,,,,,,,,,,,pending,,2026-06-22T13:17:45+00:00
trackb_rev_BALL_20260622,,,,,,,,,,,,,,pending,,2026-06-22T13:17:45+00:00
trackb_rev_BBAI_20260616,,,,,,4.11,3.76,,,,,,-8.5247,pending,,2026-06-22T13:15:08+00:00
trackb_rev_BBAI_20260617,,,,,,4.03,3.76,,,,,,-8.5247,pending,,2026-06-22T13:15:08+00:00
trackb_rev_BBAI_20260618,,,,,,3.94,3.76,,,,,,-8.5247,pending,,2026-06-22T13:15:08+00:00
trackb_rev_BBAI_20260619,,,,,,,,,,,,,,pending,,2026-06-22T13:15:08+00:00
trackb_rev_BBIO_20260618,,,,,,68.599998,65.591003,,,,,,-2.6695,pending,,2026-06-22T13:17:45+00:00
trackb_rev_BBIO_20260619,,,,,,,,,,,,,,pending,,2026-06-22T13:17:45+00:00
trackb_rev_BBIO_20260622,,,,,,,,,,,,,,pending,,2026-06-22T13:17:45+00:00
trackb_rev_BBUC_20260610,31.91,,,,,33.580002,31.08,,,,,,-2.2026,pending,,2026-06-22T13:16:24+00:00
trackb_rev_BBWI_20260608,19.459999,,,,,21.709999,17.290001,,,,,,-0.8032,pending,,2026-06-22T13:16:03+00:00
trackb_rev_BBW_20260603,33.799999,31.6,,,,36.509998,31.540001,,,,,,-11.3298,pending,,2026-06-22T13:15:48+00:00
trackb_rev_BBW_20260604,33.889999,32.369999,,,,36.509998,31.540001,,,,,,-11.3298,pending,,2026-06-22T13:15:48+00:00
trackb_rev_BBW_20260605,32.130001,,,,,36.0,31.540001,,,,,,-11.3298,pending,,2026-06-22T13:15:48+00:00
trackb_rev_BBW_20260608,32.509998,,,,,34.450001,31.540001,,,,,,-11.3298,pending,,2026-06-22T13:15:48+00:00
trackb_rev_BC_20260612,,,,,,85.75,80.239998,,,,,,-1.6908,pending,,2026-06-22T13:16:34+00:00
trackb_rev_BDC_20260616,,,,,,128.479996,115.809998,,,,,,0.1817,pending,,2026-06-22T13:17:29+00:00
trackb_rev_BDC_20260617,,,,,,128.479996,118.300003,,,,,,2.3356,pending,,2026-06-22T13:17:29+00:00
trackb_rev_BDC_20260618,,,,,,128.479996,122.75,,,,,,6.1851,pending,,2026-06-22T13:17:29+00:00
trackb_rev_BDC_20260619,,,,,,,,,,,,,,pending,,2026-06-22T13:17:29+00:00
trackb_rev_BDX_20260612,,,,,,149.0,140.630005,,,,,,-4.5606,pending,,2026-06-22T13:16:51+00:00
trackb_rev_BDX_20260616,,,,,,146.889999,140.630005,,,,,,-3.9413,pending,,2026-06-22T13:16:51+00:00
trackb_rev_BDX_20260617,,,,,,145.600006,140.630005,,,,,,-3.9413,pending,,2026-06-22T13:16:51+00:00
trackb_rev_BDX_20260618,,,,,,144.699997,141.75,,,,,,-3.1762,pending,,2026-06-22T13:16:51+00:00
trackb_rev_BDX_20260619,,,,,,,,,,,,,,pending,,2026-06-22T13:16:51+00:00
trackb_rev_BDX_20260622,,,,,,,,,,,,,,pending,,2026-06-22T13:16:51+00:00
trackb_rev_BEPC_20260612,,,,,,37.810001,35.919998,,,,,,-4.6709,pending,,2026-06-22T13:14:55+00:00
trackb_rev_BEPC_20260616,,,,,,37.599998,35.919998,,,,,,-2.2851,pending,,2026-06-22T13:14:55+00:00
trackb_rev_BEPC_20260617,,,,,,37.599998,35.919998,,,,,,-2.2851,pending,,2026-06-22T13:14:55+00:00
trackb_rev_BEPC_20260618,,,,,,37.599998,36.32,,,,,,-1.197,pending,,2026-06-22T13:14:55+00:00
trackb_rev_BEPC_20260619,,,,,,,,,,,,,,pending,,2026-06-22T13:14:55+00:00
trackb_rev_BETR_20260612,,,,,,30.5,24.056,,,,,,-0.1826,pending,,2026-06-22T13:16:57+00:00
trackb_rev_BF-A_20260618,,,,,,26.969999,25.709999,,,,,,0.7445,pending,,2026-06-22T13:17:44+00:00
trackb_rev_BF-A_20260619,,,,,,,,,,,,,,pending,,2026-06-22T13:17:44+00:00
trackb_rev_BF-A_20260622,,,,,,,,,,,,,,pending,,2026-06-22T13:17:44+00:00
trackb_rev_BF-B_20260618,,,,,,26.85,25.610001,,,,,,-0.7172,pending,,2026-06-22T13:17:15+00:00
trackb_rev_BF-B_20260619,,,,,,,,,,,,,,pending,,2026-06-22T13:17:15+00:00
trackb_rev_BF-B_20260622,,,,,,,,,,,,,,pending,,2026-06-22T13:17:15+00:00
trackb_rev_BFRG_20260603,0.678,0.698,,,,0.78,0.504,,,,,,-31.9195,pending,,2026-06-22T13:15:47+00:00
trackb_rev_BFRG_20260604,0.628,0.723,,,,0.78,0.504,,,,,,-31.9195,pending,,2026-06-22T13:15:47+00:00
trackb_rev_BFRG_20260605,0.618,,,,,0.755,0.504,,,,,,-31.9195,pending,,2026-06-22T13:15:47+00:00
trackb_rev_BFRG_20260608,0.639,,,,,0.75,0.504,,,,,,-31.9195,pending,,2026-06-22T13:15:47+00:00
trackb_rev_BFRG_20260611,0.723,,,,,0.75,0.504,,,,,,-25.6637,pending,,2026-06-22T13:15:47+00:00
trackb_rev_BFRG_20260615,,,,,,0.75,0.62,,,,,,0.0,pending,,2026-06-22T13:15:47+00:00
trackb_rev_BFRG_20260616,,,,,,0.75,0.64,,,,,,-3.0303,pending,,2026-06-22T13:15:47+00:00
trackb_rev_BFRG_20260617,,,,,,0.75,0.66,,,,,,0.0,pending,,2026-06-22T13:15:47+00:00
trackb_rev_BFRG_20260618,,,,,,0.73,0.673,,,,,,1.9697,pending,,2026-06-22T13:15:47+00:00
trackb_rev_BFRG_20260619,,,,,,,,,,,,,,pending,,2026-06-22T13:15:47+00:00
trackb_rev_BG_20260622,,,,,,,,,,,,,,pending,,2026-06-22T13:15:26+00:00
trackb_rev_BJ_20260618,,,,,,86.324997,83.709999,,,,,,-2.7589,pending,,2026-06-22T13:17:42+00:00
trackb_rev_BJ_20260619,,,,,,,,,,,,,,pending,,2026-06-22T13:17:42+00:00
trackb_rev_BJ_20260622,,,,,,,,,,,,,,pending,,2026-06-22T13:17:42+00:00
trackb_rev_BKNG_20260603,160.639999,171.630005,,,,176.800003,158.119995,,,,,,-4.7011,pending,,2026-06-22T13:15:50+00:00
trackb_rev_BKNG_20260604,163.589996,171.779999,,,,176.800003,158.119995,,,,,,-4.7011,pending,,2026-06-22T13:15:50+00:00
trackb_rev_BKNG_20260605,164.940002,,,,,176.800003,158.119995,,,,,,-4.7011,pending,,2026-06-22T13:15:50+00:00
trackb_rev_BKNG_20260608,174.639999,,,,,176.800003,158.119995,,,,,,-4.7011,pending,,2026-06-22T13:15:50+00:00
trackb_rev_BKNG_20260610,171.630005,,,,,176.800003,158.119995,,,,,,-2.5755,pending,,2026-06-22T13:15:50+00:00
trackb_rev_BKNG_20260616,,,,,,176.710007,170.289993,,,,,,-2.1996,pending,,2026-06-22T13:15:50+00:00
trackb_rev_BKNG_20260617,,,,,,176.580002,170.289993,,,,,,-2.1996,pending,,2026-06-22T13:15:50+00:00
trackb_rev_BKNG_20260618,,,,,,174.449997,170.289993,,,,,,-2.1996,pending,,2026-06-22T13:15:50+00:00
trackb_rev_BKNG_20260619,,,,,,,,,,,,,,pending,,2026-06-22T13:15:50+00:00
trackb_rev_BKSY_20260610,29.52,,,,,35.98,27.52,,,,,,-19.72,pending,,2026-06-22T13:16:23+00:00
trackb_rev_BLDR_20260608,77.809998,,,,,82.690002,71.5,,,,,,-2.906,pending,,2026-06-22T13:16:01+00:00
trackb_rev_BLDR_20260609,78.739998,,,,,82.690002,72.660004,,,,,,-0.6291,pending,,2026-06-22T13:16:01+00:00
trackb_rev_BLDR_20260611,80.589996,,,,,82.690002,72.660004,,,,,,-2.6266,pending,,2026-06-22T13:16:01+00:00
trackb_rev_BLDR_20260616,,,,,,82.690002,75.940002,,,,,,-3.4763,pending,,2026-06-22T13:16:01+00:00
trackb_rev_BLDR_20260617,,,,,,82.690002,75.940002,,,,,,-3.4763,pending,,2026-06-22T13:16:01+00:00
trackb_rev_BLDR_20260618,,,,,,82.690002,77.5,,,,,,-1.4935,pending,,2026-06-22T13:16:01+00:00
trackb_rev_BLDR_20260619,,,,,,,,,,,,,,pending,,2026-06-22T13:16:01+00:00
trackb_rev_BLDR_20260622,,,,,,,,,,,,,,pending,,2026-06-22T13:16:01+00:00
trackb_rev_BMI_20260603,128.429993,134.649994,,,,138.220001,124.449997,,,,,,-3.0612,pending,,2026-06-22T13:15:38+00:00
trackb_rev_BMI_20260604,130.520004,135.5,,,,138.220001,125.599998,,,,,,-2.1654,pending,,2026-06-22T13:15:38+00:00
trackb_rev_BMI_20260605,131.729996,,,,,138.220001,125.599998,,,,,,-2.1654,pending,,2026-06-22T13:15:38+00:00
trackb_rev_BMI_20260608,134.399994,,,,,138.220001,126.0,,,,,,-0.4189,pending,,2026-06-22T13:15:38+00:00
trackb_rev_BMI_20260609,135.380005,,,,,138.220001,126.160004,,,,,,-3.207,pending,,2026-06-22T13:15:38+00:00
trackb_rev_BMI_20260610,134.649994,,,,,138.220001,126.160004,,,,,,-3.207,pending,,2026-06-22T13:15:38+00:00
trackb_rev_BMY_20260603,55.599998,55.279999,,,,57.82,53.439999,,,,,,-2.4016,pending,,2026-06-22T13:15:49+00:00
trackb_rev_BMY_20260604,56.900002,54.0,,,,57.82,53.439999,,,,,,-2.4016,pending,,2026-06-22T13:15:49+00:00
trackb_rev_BMY_20260605,57.130001,,,,,57.82,53.439999,,,,,,-2.4016,pending,,2026-06-22T13:15:49+00:00
trackb_rev_BOXL_20260610,4.058999,,,,,5.303999,3.583799,,,,,,412.7037,pending,,2026-06-22T13:16:25+00:00
trackb_rev_BRC_20260611,85.309998,,,,,85.940002,77.610001,,,,,,-0.3339,pending,,2026-06-22T13:14:35+00:00
trackb_rev_BRC_20260612,,,,,,85.940002,80.389999,,,,,,-0.9609,pending,,2026-06-22T13:14:35+00:00
trackb_rev_BRO_20260615,,,,,,61.0,58.049999,,,,,,-2.8614,pending,,2026-06-22T13:17:09+00:00
trackb_rev_BRO_20260616,,,,,,61.0,58.049999,,,,,,-2.4206,pending,,2026-06-22T13:17:09+00:00
trackb_rev_BRO_20260617,,,,,,61.0,58.049999,,,,,,-2.4206,pending,,2026-06-22T13:17:09+00:00
trackb_rev_BRO_20260618,,,,,,59.110001,58.049999,,,,,,-1.6768,pending,,2026-06-22T13:17:09+00:00
trackb_rev_BRO_20260619,,,,,,,,,,,,,,pending,,2026-06-22T13:17:09+00:00
trackb_rev_BRO_20260622,,,,,,,,,,,,,,pending,,2026-06-22T13:17:09+00:00
trackb_rev_BR_20260611,137.600006,,,,,147.130005,135.979996,,,,,,-7.1429,pending,,2026-06-22T13:16:38+00:00
trackb_rev_BR_20260616,,,,,,146.169998,135.979996,,,,,,-5.5302,pending,,2026-06-22T13:16:38+00:00
trackb_rev_BR_20260617,,,,,,146.169998,135.979996,,,,,,-5.5302,pending,,2026-06-22T13:16:38+00:00
trackb_rev_BR_20260618,,,,,,139.229996,135.979996,,,,,,-5.5302,pending,,2026-06-22T13:16:38+00:00
trackb_rev_BR_20260619,,,,,,,,,,,,,,pending,,2026-06-22T13:16:38+00:00
trackb_rev_BXMT_20260616,,,,,,18.58,17.82,,,,,,-2.0341,pending,,2026-06-22T13:17:34+00:00
trackb_rev_BXMT_20260617,,,,,,18.459999,17.82,,,,,,-2.0341,pending,,2026-06-22T13:17:34+00:00
trackb_rev_BXMT_20260618,,,,,,18.209999,17.940001,,,,,,-0.6743,pending,,2026-06-22T13:17:34+00:00
trackb_rev_BXMT_20260619,,,,,,,,,,,,,,pending,,2026-06-22T13:17:34+00:00
trackb_rev_BXMT_20260622,,,,,,,,,,,,,,pending,,2026-06-22T13:17:34+00:00
trackb_rev_BYD_20260622,,,,,,,,,,,,,,pending,,2026-06-22T13:15:27+00:00
trackb_rev_CACI_20260603,521.140015,494.940002,,,,544.23999,461.730011,,,,,,-13.0774,pending,,2026-06-22T13:15:39+00:00
trackb_rev_CACI_20260604,525.419983,466.420013,,,,544.23999,461.730011,,,,,,-13.0774,pending,,2026-06-22T13:15:39+00:00
trackb_rev_CACI_20260605,519.400024,,,,,544.23999,461.730011,,,,,,-13.0774,pending,,2026-06-22T13:15:39+00:00
trackb_rev_CACI_20260608,507.559998,,,,,537.799988,461.730011,,,,,,-13.0774,pending,,2026-06-22T13:15:39+00:00
trackb_rev_CAH_20260603,216.300003,226.279999,,,,229.779999,195.509995,,,,,,-0.7009,pending,,2026-06-22T13:15:38+00:00
trackb_rev_CAH_20260604,221.160004,221.770004,,,,229.779999,197.529999,,,,,,0.3251,pending,,2026-06-22T13:15:38+00:00
trackb_rev_CAH_20260605,223.850006,,,,,229.779999,201.0,,,,,,2.0875,pending,,2026-06-22T13:15:38+00:00
trackb_rev_CAH_20260608,226.399994,,,,,229.779999,201.0,,,,,,2.0875,pending,,2026-06-22T13:15:38+00:00
trackb_rev_CAL_20260610,12.49,,,,,15.01,12.45,,,,,,-8.6574,pending,,2026-06-22T13:14:44+00:00
trackb_rev_CAR_20260603,186.830002,180.880005,,,,191.970001,169.149994,,,,,,-2.885,pending,,2026-06-22T13:15:37+00:00
trackb_rev_CAR_20260604,189.610001,188.429993,,,,191.970001,170.339996,,,,,,-2.2018,pending,,2026-06-22T13:15:37+00:00
trackb_rev_CAR_20260605,187.119995,,,,,191.970001,170.339996,,,,,,-2.2018,pending,,2026-06-22T13:15:37+00:00
trackb_rev_CAR_20260608,190.070007,,,,,191.970001,175.0,,,,,,0.4737,pending,,2026-06-22T13:15:37+00:00
trackb_rev_CAR_20260610,180.880005,,,,,191.970001,178.320007,,,,,,-0.4355,pending,,2026-06-22T13:15:37+00:00
trackb_rev_CAR_20260612,,,,,,191.970001,178.320007,,,,,,-5.9543,pending,,2026-06-22T13:15:37+00:00
trackb_rev_CAR_20260616,,,,,,191.970001,178.320007,,,,,,-5.7655,pending,,2026-06-22T13:15:37+00:00
trackb_rev_CAR_20260617,,,,,,191.210007,178.320007,,,,,,-5.7655,pending,,2026-06-22T13:15:37+00:00
trackb_rev_CAR_20260618,,,,,,191.210007,181.160004,,,,,,-4.2646,pending,,2026-06-22T13:15:37+00:00
trackb_rev_CAR_20260619,,,,,,,,,,,,,,pending,,2026-06-22T13:15:37+00:00
trackb_rev_CAR_20260622,,,,,,,,,,,,,,pending,,2026-06-22T13:15:37+00:00
trackb_rev_CBRE_20260616,,,,,,138.110001,129.880005,,,,,,-2.9805,pending,,2026-06-22T13:17:26+00:00
trackb_rev_CBRE_20260617,,,,,,138.110001,129.880005,,,,,,-2.9805,pending,,2026-06-22T13:17:26+00:00
trackb_rev_CBRE_20260618,,,,,,134.399994,129.880005,,,,,,-2.9805,pending,,2026-06-22T13:17:26+00:00
trackb_rev_CBRE_20260619,,,,,,,,,,,,,,pending,,2026-06-22T13:17:26+00:00
trackb_rev_CBRE_20260622,,,,,,,,,,,,,,pending,,2026-06-22T13:17:26+00:00
trackb_rev_CCI_20260618,,,,,,86.339996,81.82,,,,,,-5.2241,pending,,2026-06-22T13:16:47+00:00
trackb_rev_CCI_20260619,,,,,,,,,,,,,,pending,,2026-06-22T13:16:47+00:00
trackb_rev_CCI_20260622,,,,,,,,,,,,,,pending,,2026-06-22T13:16:47+00:00
trackb_rev_CCL_20260612,,,,,,31.6,27.93,,,,,,-0.6757,pending,,2026-06-22T13:14:48+00:00
trackb_rev_CCOI_20260603,14.46,14.61,,,,17.950001,14.13,,,,,,-14.2597,pending,,2026-06-22T13:15:40+00:00
trackb_rev_CCOI_20260604,14.94,14.19,,,,17.950001,14.13,,,,,,-14.2597,pending,,2026-06-22T13:15:40+00:00
trackb_rev_CCOI_20260605,15.86,,,,,17.950001,14.13,,,,,,-14.2597,pending,,2026-06-22T13:15:40+00:00
trackb_rev_CCOI_20260608,16.450001,,,,,17.950001,14.13,,,,,,-14.2597,pending,,2026-06-22T13:15:40+00:00
trackb_rev_CCS_20260610,59.889999,,,,,63.709999,56.939999,,,,,,2.8355,pending,,2026-06-22T13:15:51+00:00
trackb_rev_CDZI_20260612,,,,,,4.22,3.77,,,,,,-6.2189,pending,,2026-06-22T13:15:31+00:00
trackb_rev_CELH_20260610,30.379999,,,,,31.67,27.74,,,,,,-0.9286,pending,,2026-06-22T13:16:23+00:00
trackb_rev_CERT_20260609,6.05,,,,,6.245,4.965,,,,,,-4.8851,pending,,2026-06-22T13:16:14+00:00
trackb_rev_CERT_20260611,5.54,,,,,6.245,4.965,,,,,,-4.1506,pending,,2026-06-22T13:16:14+00:00
trackb_rev_CERT_20260615,,,,,,6.245,5.16,,,,,,-1.9943,pending,,2026-06-22T13:16:14+00:00
trackb_rev_CERT_20260616,,,,,,6.245,5.24,,,,,,-0.7576,pending,,2026-06-22T13:16:14+00:00
trackb_rev_CERT_20260617,,,,,,6.245,5.515,,,,,,4.4508,pending,,2026-06-22T13:16:14+00:00
trackb_rev_CG_20260622,,,,,,,,,,,,,,pending,,2026-06-22T13:17:53+00:00
trackb_rev_CHDN_20260612,,,,,,94.0,86.279999,,,,,,-0.9073,pending,,2026-06-22T13:16:53+00:00
trackb_rev_CHDN_20260616,,,,,,94.0,86.75,,,,,,-4.1648,pending,,2026-06-22T13:16:53+00:00
trackb_rev_CHDN_20260617,,,,,,90.980003,86.75,,,,,,-4.1648,pending,,2026-06-22T13:16:53+00:00
trackb_rev_CHDN_20260618,,,,,,88.699997,86.75,,,,,,-1.1509,pending,,2026-06-22T13:16:53+00:00
trackb_rev_CHDN_20260619,,,,,,,,,,,,,,pending,,2026-06-22T13:16:53+00:00
trackb_rev_CHDN_20260622,,,,,,,,,,,,,,pending,,2026-06-22T13:16:53+00:00
trackb_rev_CHH_20260608,112.0,,,,,117.93,102.610001,,,,,,-6.5568,pending,,2026-06-22T13:15:59+00:00
trackb_rev_CHH_20260610,113.790001,,,,,117.93,102.610001,,,,,,-2.6655,pending,,2026-06-22T13:15:59+00:00
trackb_rev_CIEN_20260609,430.299988,,,,,479.51001,417.339996,,,,,,-10.5706,pending,,2026-06-22T13:13:51+00:00
trackb_rev_CIM_20260618,,,,,,13.47,13.25,,,,,,-0.8605,pending,,2026-06-22T13:17:47+00:00
trackb_rev_CIM_20260619,,,,,,,,,,,,,,pending,,2026-06-22T13:17:47+00:00
trackb_rev_CIM_20260622,,,,,,,,,,,,,,pending,,2026-06-22T13:17:47+00:00
trackb_rev_CLX_20260603,99.32,94.970001,,,,100.730003,88.150002,,,,,,-0.799,pending,,2026-06-22T13:15:39+00:00
trackb_rev_CLX_20260604,98.300003,95.800003,,,,100.730003,88.589996,,,,,,-0.3039,pending,,2026-06-22T13:15:39+00:00
trackb_rev_CLX_20260605,96.82,,,,,100.730003,90.150002,,,,,,1.4517,pending,,2026-06-22T13:15:39+00:00
trackb_rev_CLX_20260608,95.980003,,,,,100.730003,92.779999,,,,,,4.4114,pending,,2026-06-22T13:15:39+00:00
trackb_rev_CMCO_20260610,13.98,,,,,15.7,11.99,,,,,,-3.7721,pending,,2026-06-22T13:15:04+00:00
trackb_rev_CNM_20260615,,,,,,49.91,46.195,,,,,,-7.1364,pending,,2026-06-22T13:14:58+00:00
trackb_rev_CNM_20260616,,,,,,49.91,46.195,,,,,,-3.9805,pending,,2026-06-22T13:14:58+00:00
trackb_rev_CNM_20260617,,,,,,49.91,46.195,,,,,,-3.9805,pending,,2026-06-22T13:14:58+00:00
trackb_rev_CNM_20260618,,,,,,49.91,46.5,,,,,,0.1508,pending,,2026-06-22T13:14:58+00:00
trackb_rev_CNM_20260619,,,,,,,,,,,,,,pending,,2026-06-22T13:14:58+00:00
trackb_rev_CNM_20260622,,,,,,,,,,,,,,pending,,2026-06-22T13:14:58+00:00
trackb_rev_COKE_20260608,185.429993,,,,,194.210007,176.389999,,,,,,-1.9565,pending,,2026-06-22T13:16:04+00:00
trackb_rev_COKE_20260622,,,,,,,,,,,,,,pending,,2026-06-22T13:16:04+00:00
trackb_rev_COO_20260603,67.690002,65.050003,,,,69.0,59.59,,,,,,-0.8651,pending,,2026-06-22T13:15:49+00:00
trackb_rev_COO_20260604,67.510002,65.910004,,,,69.0,61.09,,,,,,1.6303,pending,,2026-06-22T13:15:49+00:00
trackb_rev_COO_20260605,67.879997,,,,,69.0,64.940002,,,,,,8.0353,pending,,2026-06-22T13:15:49+00:00
trackb_rev_COO_20260608,67.760002,,,,,69.0,64.940002,,,,,,8.0353,pending,,2026-06-22T13:15:49+00:00
trackb_rev_COR_20260603,281.23999,277.089996,,,,284.929993,261.290009,,,,,,-0.6936,pending,,2026-06-22T13:15:51+00:00
trackb_rev_COR_20260604,281.480011,271.829987,,,,284.929993,266.720001,,,,,,1.3701,pending,,2026-06-22T13:15:51+00:00
trackb_rev_COR_20260605,281.670013,,,,,284.929993,270.029999,,,,,,2.6281,pending,,2026-06-22T13:15:51+00:00
trackb_rev_COR_20260608,281.429993,,,,,284.929993,270.029999,,,,,,-1.8216,pending,,2026-06-22T13:15:51+00:00
trackb_rev_COR_20260610,277.089996,,,,,284.929993,270.029999,,,,,,-1.4777,pending,,2026-06-22T13:15:51+00:00
trackb_rev_COR_20260612,,,,,,283.839996,270.029999,,,,,,-4.0678,pending,,2026-06-22T13:15:51+00:00
trackb_rev_COR_20260616,,,,,,282.51001,270.029999,,,,,,-3.7601,pending,,2026-06-22T13:15:51+00:00
trackb_rev_COR_20260617,,,,,,281.320007,270.029999,,,,,,-3.7601,pending,,2026-06-22T13:15:51+00:00
trackb_rev_COR_20260618,,,,,,278.839996,270.029999,,,,,,-2.3753,pending,,2026-06-22T13:15:51+00:00
trackb_rev_COR_20260619,,,,,,,,,,,,,,pending,,2026-06-22T13:15:51+00:00
trackb_rev_COR_20260622,,,,,,,,,,,,,,pending,,2026-06-22T13:15:51+00:00
trackb_rev_COUR_20260612,,,,,,5.51,5.22,,,,,,-2.0638,pending,,2026-06-22T13:16:52+00:00
trackb_rev_COUR_20260616,,,,,,5.45,5.22,,,,,,-1.6949,pending,,2026-06-22T13:16:52+00:00
trackb_rev_COUR_20260617,,,,,,5.45,5.22,,,,,,-1.6949,pending,,2026-06-22T13:16:52+00:00
trackb_rev_COUR_20260618,,,,,,5.41,5.22,,,,,,-1.6949,pending,,2026-06-22T13:16:52+00:00
trackb_rev_COUR_20260619,,,,,,,,,,,,,,pending,,2026-06-22T13:16:52+00:00
trackb_rev_COUR_20260622,,,,,,,,,,,,,,pending,,2026-06-22T13:16:52+00:00
trackb_rev_CPNG_20260612,,,,,,19.605,16.309999,,,,,,-5.4493,pending,,2026-06-22T13:16:50+00:00
trackb_rev_CPNG_20260615,,,,,,19.605,16.795,,,,,,-3.0312,pending,,2026-06-22T13:16:50+00:00
trackb_rev_CPNG_20260616,,,,,,19.605,17.1,,,,,,0.7364,pending,,2026-06-22T13:16:50+00:00
trackb_rev_CPNG_20260617,,,,,,19.605,17.77,,,,,,4.6834,pending,,2026-06-22T13:16:50+00:00
trackb_rev_CRAI_20260612,,,,,,154.240005,137.75,,,,,,-6.724,pending,,2026-06-22T13:16:54+00:00
trackb_rev_CRAI_20260616,,,,,,150.389999,137.75,,,,,,-6.3053,pending,,2026-06-22T13:16:54+00:00
trackb_rev_CRAI_20260617,,,,,,150.389999,137.75,,,,,,-6.3053,pending,,2026-06-22T13:16:54+00:00
trackb_rev_CRAI_20260618,,,,,,149.389999,137.75,,,,,,-6.3053,pending,,2026-06-22T13:16:54+00:00
trackb_rev_CRAI_20260619,,,,,,,,,,,,,,pending,,2026-06-22T13:16:54+00:00
trackb_rev_CRAI_20260622,,,,,,,,,,,,,,pending,,2026-06-22T13:16:54+00:00
trackb_rev_CRH_20260615,,,,,,115.489998,108.949997,,,,,,-3.1986,pending,,2026-06-22T13:17:09+00:00
trackb_rev_CRH_20260616,,,,,,115.489998,108.949997,,,,,,-1.8778,pending,,2026-06-22T13:17:09+00:00
trackb_rev_CRH_20260617,,,,,,115.489998,108.949997,,,,,,-1.8778,pending,,2026-06-22T13:17:09+00:00
trackb_rev_CRM_20260616,,,,,,166.300003,149.800003,,,,,,-9.7101,pending,,2026-06-22T13:15:14+00:00
trackb_rev_CRM_20260617,,,,,,161.429993,149.800003,,,,,,-9.7101,pending,,2026-06-22T13:15:14+00:00
trackb_rev_CRM_20260618,,,,,,154.470001,149.800003,,,,,,-9.7101,pending,,2026-06-22T13:15:14+00:00
trackb_rev_CRM_20260619,,,,,,,,,,,,,,pending,,2026-06-22T13:15:14+00:00
trackb_rev_CRWV_20260616,,,,,,122.0,107.620003,,,,,,-0.3611,pending,,2026-06-22T13:17:26+00:00
trackb_rev_CRWV_20260617,,,,,,122.0,114.125,,,,,,5.6615,pending,,2026-06-22T13:17:26+00:00
trackb_rev_CSGP_20260612,,,,,,34.080002,29.530001,,,,,,-9.5559,pending,,2026-06-22T13:16:52+00:00
trackb_rev_CSGP_20260616,,,,,,32.720001,29.530001,,,,,,-8.3204,pending,,2026-06-22T13:16:52+00:00
trackb_rev_CSGP_20260617,,,,,,32.560001,29.530001,,,,,,-8.3204,pending,,2026-06-22T13:16:52+00:00
trackb_rev_CSGP_20260618,,,,,,30.73,29.530001,,,,,,-3.0532,pending,,2026-06-22T13:16:52+00:00
trackb_rev_CSGP_20260619,,,,,,,,,,,,,,pending,,2026-06-22T13:16:52+00:00
trackb_rev_CSGP_20260622,,,,,,,,,,,,,,pending,,2026-06-22T13:16:52+00:00
trackb_rev_CSL_20260616,,,,,,367.26001,341.0,,,,,,-4.4068,pending,,2026-06-22T13:17:30+00:00
trackb_rev_CSL_20260617,,,,,,367.26001,341.0,,,,,,-4.4068,pending,,2026-06-22T13:17:30+00:00
trackb_rev_CSL_20260618,,,,,,367.26001,347.899994,,,,,,-2.4725,pending,,2026-06-22T13:17:30+00:00
trackb_rev_CSL_20260619,,,,,,,,,,,,,,pending,,2026-06-22T13:17:30+00:00
trackb_rev_CSL_20260622,,,,,,,,,,,,,,pending,,2026-06-22T13:17:30+00:00
trackb_rev_CTAS_20260622,,,,,,,,,,,,,,pending,,2026-06-22T13:14:56+00:00
trackb_rev_CTNT_20260616,,,,,,2.35,1.465,,,,,,-13.3136,pending,,2026-06-22T13:17:34+00:00
trackb_rev_CTNT_20260617,,,,,,2.35,1.465,,,,,,-13.3136,pending,,2026-06-22T13:17:34+00:00
trackb_rev_CTNT_20260618,,,,,,2.35,1.465,,,,,,-7.571,pending,,2026-06-22T13:17:34+00:00
trackb_rev_CTNT_20260619,,,,,,,,,,,,,,pending,,2026-06-22T13:17:34+00:00
trackb_rev_CTNT_20260622,,,,,,,,,,,,,,pending,,2026-06-22T13:17:34+00:00
trackb_rev_CTRN_20260610,56.84,,,,,63.099998,43.34,,,,,,-0.5963,pending,,2026-06-22T13:16:23+00:00
trackb_rev_CTSH_20260603,51.810001,48.82,,,,55.560001,43.41,,,,,,-18.3255,pending,,2026-06-22T13:15:38+00:00
trackb_rev_CTSH_20260604,51.18,43.700001,,,,55.560001,43.41,,,,,,-18.3255,pending,,2026-06-22T13:15:38+00:00
trackb_rev_CTSH_20260605,52.169998,,,,,54.610001,43.41,,,,,,-18.3255,pending,,2026-06-22T13:15:38+00:00
trackb_rev_CTSH_20260608,50.82,,,,,54.369999,43.41,,,,,,-18.3255,pending,,2026-06-22T13:15:38+00:00
trackb_rev_CTSH_20260612,,,,,,52.310001,43.41,,,,,,-15.1817,pending,,2026-06-22T13:15:38+00:00
trackb_rev_CTSH_20260615,,,,,,52.130001,43.41,,,,,,-15.8884,pending,,2026-06-22T13:15:38+00:00
trackb_rev_CTSH_20260616,,,,,,51.599998,43.41,,,,,,-14.6397,pending,,2026-06-22T13:15:38+00:00
trackb_rev_CTSH_20260617,,,,,,50.970001,43.41,,,,,,-14.6397,pending,,2026-06-22T13:15:38+00:00
trackb_rev_CTSH_20260618,,,,,,46.439999,43.41,,,,,,-14.6397,pending,,2026-06-22T13:15:38+00:00
trackb_rev_CTSH_20260619,,,,,,,,,,,,,,pending,,2026-06-22T13:15:38+00:00
trackb_rev_CURI_20260609,2.56,,,,,2.99,2.445,,,,,,-13.9085,pending,,2026-06-22T13:14:21+00:00
trackb_rev_CURI_20260610,2.49,,,,,2.81,2.445,,,,,,-13.9085,pending,,2026-06-22T13:14:21+00:00
trackb_rev_CURI_20260616,,,,,,2.655,2.445,,,,,,-5.0485,pending,,2026-06-22T13:14:21+00:00
trackb_rev_CURI_20260617,,,,,,2.62,2.445,,,,,,-5.0485,pending,,2026-06-22T13:14:21+00:00
trackb_rev_CURI_20260618,,,,,,2.54,2.445,,,,,,-5.0485,pending,,2026-06-22T13:14:21+00:00
trackb_rev_CURI_20260619,,,,,,,,,,,,,,pending,,2026-06-22T13:14:21+00:00
trackb_rev_CVNA_20260612,,,,,,71.5,62.41,,,,,,-7.977,pending,,2026-06-22T13:16:51+00:00
trackb_rev_CVSA_20260618,,,,,,119.419998,115.5,,,,,,-1.5681,pending,,2026-06-22T13:17:07+00:00
trackb_rev_CVSA_20260619,,,,,,,,,,,,,,pending,,2026-06-22T13:17:07+00:00
trackb_rev_CVSA_20260622,,,,,,,,,,,,,,pending,,2026-06-22T13:17:07+00:00
trackb_rev_CWEN_20260611,37.419998,,,,,39.0,36.700001,,,,,,-1.8717,pending,,2026-06-22T13:14:16+00:00
trackb_rev_CWEN_20260612,,,,,,39.0,36.700001,,,,,,-2.6267,pending,,2026-06-22T13:14:16+00:00
trackb_rev_CWEN_20260615,,,,,,39.0,36.700001,,,,,,-3.3956,pending,,2026-06-22T13:14:16+00:00
trackb_rev_CWEN_20260616,,,,,,39.0,36.700001,,,,,,-4.6382,pending,,2026-06-22T13:14:16+00:00
trackb_rev_CWEN_20260617,,,,,,37.939999,36.700001,,,,,,-4.6382,pending,,2026-06-22T13:14:16+00:00
trackb_rev_CWH_20260608,7.74,,,,,8.63,6.48,,,,,,1.092,pending,,2026-06-22T13:16:00+00:00
trackb_rev_CWH_20260610,7.2,,,,,8.63,7.04,,,,,,3.0747,pending,,2026-06-22T13:16:00+00:00
trackb_rev_DAN_20260615,,,,,,31.620001,27.870001,,,,,,-11.4957,pending,,2026-06-22T13:14:17+00:00
trackb_rev_DAN_20260616,,,,,,30.379999,27.870001,,,,,,-7.883,pending,,2026-06-22T13:14:17+00:00
trackb_rev_DAN_20260617,,,,,,29.92,27.870001,,,,,,-7.883,pending,,2026-06-22T13:14:17+00:00
trackb_rev_DBI_20260611,6.32,,,,,7.11,6.2,,,,,,-11.4286,pending,,2026-06-22T13:13:49+00:00
trackb_rev_DBI_20260616,,,,,,6.89,6.2,,,,,,-5.8466,pending,,2026-06-22T13:13:49+00:00
trackb_rev_DBI_20260617,,,,,,6.77,6.2,,,,,,-5.8466,pending,,2026-06-22T13:13:49+00:00
trackb_rev_DBI_20260618,,,,,,6.54,6.2,,,,,,-0.3215,pending,,2026-06-22T13:13:49+00:00
trackb_rev_DBI_20260619,,,,,,,,,,,,,,pending,,2026-06-22T13:13:49+00:00
trackb_rev_DBI_20260622,,,,,,,,,,,,,,pending,,2026-06-22T13:13:49+00:00
trackb_rev_DCH_20260612,,,,,,6.79,6.1,,,,,,-2.0867,pending,,2026-06-22T13:16:56+00:00
trackb_rev_DEA_20260618,,,,,,23.35,23.01,,,,,,-0.1302,pending,,2026-06-22T13:15:35+00:00
trackb_rev_DEA_20260619,,,,,,,,,,,,,,pending,,2026-06-22T13:15:35+00:00
trackb_rev_DEA_20260622,,,,,,,,,,,,,,pending,,2026-06-22T13:15:35+00:00
trackb_rev_DEVS_20260611,0.23,,,,,0.288,0.19,,,,,,-35.5932,pending,,2026-06-22T13:14:56+00:00
trackb_rev_DEVS_20260612,,,,,,0.28,0.19,,,,,,-31.4079,pending,,2026-06-22T13:14:56+00:00
trackb_rev_DEVS_20260616,,,,,,0.262,0.19,,,,,,-26.9512,pending,,2026-06-22T13:14:56+00:00
trackb_rev_DEVS_20260617,,,,,,0.24,0.212,,,,,,-18.4929,pending,,2026-06-22T13:14:56+00:00
trackb_rev_DEVS_20260618,,,,,,0.239,0.217,,,,,,-16.5706,pending,,2026-06-22T13:14:56+00:00
trackb_rev_DEVS_20260619,,,,,,,,,,,,,,pending,,2026-06-22T13:14:56+00:00
trackb_rev_DEVS_20260622,,,,,,,,,,,,,,pending,,2026-06-22T13:14:56+00:00
trackb_rev_DE_20260612,,,,,,598.47998,567.25,,,,,,-0.2444,pending,,2026-06-22T13:14:59+00:00
trackb_rev_DFH_20260608,14.91,,,,,16.139999,14.15,,,,,,-3.0822,pending,,2026-06-22T13:15:32+00:00
trackb_rev_DGX_20260603,203.779999,197.759995,,,,207.5,192.380005,,,,,,-0.7419,pending,,2026-06-22T13:15:43+00:00
trackb_rev_DGX_20260604,203.830002,195.0,,,,207.5,192.830002,,,,,,-0.5098,pending,,2026-06-22T13:15:43+00:00
trackb_rev_DGX_20260605,203.059998,,,,,207.5,192.830002,,,,,,-0.5098,pending,,2026-06-22T13:15:43+00:00
trackb_rev_DGX_20260608,202.179993,,,,,207.5,192.830002,,,,,,-0.5098,pending,,2026-06-22T13:15:43+00:00
trackb_rev_DHR_20260603,183.630005,177.759995,,,,189.210007,173.630005,,,,,,-1.7708,pending,,2026-06-22T13:15:40+00:00
trackb_rev_DHR_20260604,180.789993,177.169998,,,,189.210007,174.220001,,,,,,-1.437,pending,,2026-06-22T13:15:40+00:00
trackb_rev_DHR_20260605,180.100006,,,,,189.210007,174.220001,,,,,,-1.437,pending,,2026-06-22T13:15:40+00:00
trackb_rev_DHR_20260608,181.100006,,,,,189.210007,174.220001,,,,,,-1.437,pending,,2026-06-22T13:15:40+00:00
trackb_rev_DHR_20260615,,,,,,183.550003,174.220001,,,,,,-3.7166,pending,,2026-06-22T13:15:40+00:00
trackb_rev_DHR_20260616,,,,,,183.550003,174.220001,,,,,,-3.6793,pending,,2026-06-22T13:15:40+00:00
trackb_rev_DHR_20260617,,,,,,182.419998,174.220001,,,,,,-3.6793,pending,,2026-06-22T13:15:40+00:00
trackb_rev_DHR_20260618,,,,,,178.509995,174.220001,,,,,,-1.0114,pending,,2026-06-22T13:15:40+00:00
trackb_rev_DHR_20260619,,,,,,,,,,,,,,pending,,2026-06-22T13:15:40+00:00
trackb_rev_DHR_20260622,,,,,,,,,,,,,,pending,,2026-06-22T13:15:40+00:00
trackb_rev_DINO_20260618,,,,,,65.779999,63.849998,,,,,,-1.7723,pending,,2026-06-22T13:14:37+00:00
trackb_rev_DINO_20260619,,,,,,,,,,,,,,pending,,2026-06-22T13:14:37+00:00
trackb_rev_DINO_20260622,,,,,,,,,,,,,,pending,,2026-06-22T13:14:37+00:00
trackb_rev_DJT_20260609,8.16,,,,,8.58,7.75,,,,,,-4.908,pending,,2026-06-22T13:16:12+00:00
trackb_rev_DJT_20260612,,,,,,8.58,7.8,,,,,,-5.4545,pending,,2026-06-22T13:16:12+00:00
trackb_rev_DJT_20260616,,,,,,8.58,7.995,,,,,,-5.7749,pending,,2026-06-22T13:16:12+00:00
trackb_rev_DJT_20260617,,,,,,8.56,7.995,,,,,,-5.7749,pending,,2026-06-22T13:16:12+00:00
trackb_rev_DJT_20260618,,,,,,8.56,7.995,,,,,,-5.7749,pending,,2026-06-22T13:16:12+00:00
trackb_rev_DJT_20260619,,,,,,,,,,,,,,pending,,2026-06-22T13:16:12+00:00
trackb_rev_DKS_20260609,225.889999,,,,,234.779999,212.690002,,,,,,-0.3234,pending,,2026-06-22T13:16:12+00:00
trackb_rev_DK_20260618,,,,,,42.34,41.259998,,,,,,-1.3862,pending,,2026-06-22T13:15:56+00:00
trackb_rev_DK_20260619,,,,,,,,,,,,,,pending,,2026-06-22T13:15:56+00:00
trackb_rev_DK_20260622,,,,,,,,,,,,,,pending,,2026-06-22T13:15:56+00:00
trackb_rev_DOCS_20260612,,,,,,21.07,19.620001,,,,,,-1.998,pending,,2026-06-22T13:16:52+00:00
trackb_rev_DOCS_20260616,,,,,,21.07,19.785,,,,,,-3.6523,pending,,2026-06-22T13:16:52+00:00
trackb_rev_DOCS_20260617,,,,,,21.07,19.785,,,,,,-3.6523,pending,,2026-06-22T13:16:52+00:00
trackb_rev_DOCS_20260622,,,,,,,,,,,,,,pending,,2026-06-22T13:16:52+00:00
trackb_rev_DOUG_20260612,,,,,,1.8,1.71,,,,,,-2.2857,pending,,2026-06-22T13:16:56+00:00
trackb_rev_DOV_20260612,,,,,,228.050003,216.289993,,,,,,-1.025,pending,,2026-06-22T13:16:55+00:00
trackb_rev_DPZ_20260616,,,,,,323.829987,311.01001,,,,,,-2.7136,pending,,2026-06-22T13:17:27+00:00
trackb_rev_DPZ_20260617,,,,,,322.670013,311.01001,,,,,,-2.7136,pending,,2026-06-22T13:17:27+00:00
trackb_rev_DPZ_20260618,,,,,,320.850006,311.01001,,,,,,-2.7136,pending,,2026-06-22T13:17:27+00:00
trackb_rev_DPZ_20260619,,,,,,,,,,,,,,pending,,2026-06-22T13:17:27+00:00
trackb_rev_DRVN_20260608,13.46,,,,,14.63,12.515,,,,,,-3.7308,pending,,2026-06-22T13:16:02+00:00
trackb_rev_DRVN_20260610,12.55,,,,,14.63,12.515,,,,,,-7.0898,pending,,2026-06-22T13:16:02+00:00
trackb_rev_DTCX_20260612,,,,,,2.28,1.99,,,,,,-6.1321,pending,,2026-06-22T13:16:57+00:00
trackb_rev_DTCX_20260615,,,,,,2.239,1.99,,,,,,-9.1324,pending,,2026-06-22T13:16:57+00:00
trackb_rev_DTCX_20260616,,,,,,2.175,1.99,,,,,,-7.8704,pending,,2026-06-22T13:16:57+00:00
trackb_rev_DTCX_20260617,,,,,,2.17,1.99,,,,,,-7.8704,pending,,2026-06-22T13:16:57+00:00
trackb_rev_DV_20260615,,,,,,10.625,10.035,,,,,,-2.6673,pending,,2026-06-22T13:16:48+00:00
trackb_rev_DV_20260616,,,,,,10.625,10.14,,,,,,-0.295,pending,,2026-06-22T13:16:48+00:00
trackb_rev_DV_20260617,,,,,,10.565,10.18,,,,,,0.0983,pending,,2026-06-22T13:16:48+00:00
trackb_rev_DV_20260618,,,,,,10.485,10.18,,,,,,0.0983,pending,,2026-06-22T13:16:48+00:00
trackb_rev_DV_20260619,,,,,,,,,,,,,,pending,,2026-06-22T13:16:48+00:00
trackb_rev_DX_20260616,,,,,,13.32,13.01,,,,,,-1.2898,pending,,2026-06-22T13:17:35+00:00
trackb_rev_DX_20260617,,,,,,13.24,13.01,,,,,,-1.2898,pending,,2026-06-22T13:17:35+00:00
trackb_rev_DX_20260618,,,,,,13.17,13.01,,,,,,-1.2898,pending,,2026-06-22T13:17:35+00:00
trackb_rev_DX_20260619,,,,,,,,,,,,,,pending,,2026-06-22T13:17:35+00:00
trackb_rev_EAT_20260609,153.550003,,,,,166.479996,145.960007,,,,,,-0.1232,pending,,2026-06-22T13:16:13+00:00
trackb_rev_ECL_20260608,268.579987,,,,,276.779999,255.0,,,,,,-1.1513,pending,,2026-06-22T13:16:04+00:00
trackb_rev_EDHL_20260603,3.5,5.87,,,,17.49,2.6,,,,,,-1.1407,pending,,2026-06-22T13:15:44+00:00
trackb_rev_EDHL_20260604,5.98,5.58,,,,17.49,3.1,,,,,,17.8707,pending,,2026-06-22T13:15:44+00:00
trackb_rev_EDHL_20260605,8.64,,,,,17.49,3.1,,,,,,17.8707,pending,,2026-06-22T13:15:44+00:00
trackb_rev_EDHL_20260608,7.38,,,,,17.49,3.1,,,,,,17.8707,pending,,2026-06-22T13:15:44+00:00
trackb_rev_ED_20260618,,,,,,107.849998,105.690002,,,,,,-1.3303,pending,,2026-06-22T13:17:44+00:00
trackb_rev_ED_20260619,,,,,,,,,,,,,,pending,,2026-06-22T13:17:44+00:00
trackb_rev_ED_20260622,,,,,,,,,,,,,,pending,,2026-06-22T13:17:44+00:00
trackb_rev_EEIQ_20260610,3.34,,,,,3.7,2.86,,,,,,-19.4366,pending,,2026-06-22T13:16:25+00:00
trackb_rev_EEIQ_20260611,3.45,,,,,3.7,2.86,,,,,,-17.1015,pending,,2026-06-22T13:16:25+00:00
trackb_rev_EEIQ_20260616,,,,,,3.7,2.86,,,,,,-8.1744,pending,,2026-06-22T13:16:25+00:00
trackb_rev_EEIQ_20260617,,,,,,3.7,2.86,,,,,,-8.1744,pending,,2026-06-22T13:16:25+00:00
trackb_rev_EEIQ_20260618,,,,,,3.7,3.23,,,,,,3.7051,pending,,2026-06-22T13:16:25+00:00
trackb_rev_EEIQ_20260619,,,,,,,,,,,,,,pending,,2026-06-22T13:16:25+00:00
trackb_rev_EEIQ_20260622,,,,,,,,,,,,,,pending,,2026-06-22T13:16:25+00:00
trackb_rev_EFX_20260609,167.130005,,,,,172.0,152.949997,,,,,,-8.8987,pending,,2026-06-22T13:14:46+00:00
trackb_rev_EFX_20260611,153.929993,,,,,168.309998,152.949997,,,,,,-7.8947,pending,,2026-06-22T13:14:46+00:00
trackb_rev_EFX_20260612,,,,,,168.309998,152.949997,,,,,,-4.1547,pending,,2026-06-22T13:14:46+00:00
trackb_rev_EFX_20260616,,,,,,167.910004,152.949997,,,,,,-7.9585,pending,,2026-06-22T13:14:46+00:00
trackb_rev_EFX_20260617,,,,,,167.130005,152.949997,,,,,,-7.9585,pending,,2026-06-22T13:14:46+00:00
trackb_rev_EFX_20260618,,,,,,156.429993,152.949997,,,,,,-0.6883,pending,,2026-06-22T13:14:46+00:00
trackb_rev_EFX_20260619,,,,,,,,,,,,,,pending,,2026-06-22T13:14:46+00:00
trackb_rev_EFX_20260622,,,,,,,,,,,,,,pending,,2026-06-22T13:14:46+00:00
trackb_rev_EHTH_20260618,,,,,,1.66,1.59,,,,,,-3.6364,pending,,2026-06-22T13:17:02+00:00
trackb_rev_EHTH_20260619,,,,,,,,,,,,,,pending,,2026-06-22T13:17:02+00:00
trackb_rev_EHTH_20260622,,,,,,,,,,,,,,pending,,2026-06-22T13:17:02+00:00
trackb_rev_ELME_20260616,,,,,,2.05,2.01,,,,,,-0.9852,pending,,2026-06-22T13:17:35+00:00
trackb_rev_ELME_20260617,,,,,,2.04,2.01,,,,,,-0.9852,pending,,2026-06-22T13:17:35+00:00
trackb_rev_ELME_20260618,,,,,,2.03,2.01,,,,,,-0.9852,pending,,2026-06-22T13:17:35+00:00
trackb_rev_ELME_20260619,,,,,,,,,,,,,,pending,,2026-06-22T13:17:35+00:00
trackb_rev_ELME_20260622,,,,,,,,,,,,,,pending,,2026-06-22T13:17:35+00:00
trackb_rev_ELS_20260618,,,,,,63.529999,61.860001,,,,,,-1.9962,pending,,2026-06-22T13:16:35+00:00
trackb_rev_ELS_20260619,,,,,,,,,,,,,,pending,,2026-06-22T13:16:35+00:00
trackb_rev_ELS_20260622,,,,,,,,,,,,,,pending,,2026-06-22T13:16:35+00:00
trackb_rev_EMN_20260610,72.120003,,,,,77.129997,71.300003,,,,,,-0.5163,pending,,2026-06-22T13:14:51+00:00
trackb_rev_EMN_20260612,,,,,,77.129997,71.43,,,,,,-2.5777,pending,,2026-06-22T13:14:51+00:00
trackb_rev_EMR_20260612,,,,,,152.880005,141.380005,,,,,,-0.4997,pending,,2026-06-22T13:16:51+00:00
trackb_rev_ENTG_20260612,,,,,,180.940002,142.429993,,,,,,-1.7182,pending,,2026-06-22T13:16:51+00:00
trackb_rev_ENVX_20260612,,,,,,7.396,6.53,,,,,,-2.5373,pending,,2026-06-22T13:14:42+00:00
trackb_rev_ENVX_20260615,,,,,,7.396,6.615,,,,,,-9.816,pending,,2026-06-22T13:14:42+00:00
trackb_rev_ENVX_20260616,,,,,,7.13,6.615,,,,,,-7.8049,pending,,2026-06-22T13:14:42+00:00
trackb_rev_ENVX_20260617,,,,,,7.12,6.62,,,,,,-7.7352,pending,,2026-06-22T13:14:42+00:00
trackb_rev_EOG_20260618,,,,,,132.419998,129.059998,,,,,,-2.1569,pending,,2026-06-22T13:17:42+00:00
trackb_rev_EOG_20260619,,,,,,,,,,,,,,pending,,2026-06-22T13:17:42+00:00
trackb_rev_EOG_20260622,,,,,,,,,,,,,,pending,,2026-06-22T13:17:42+00:00
trackb_rev_EPAM_20260603,93.040001,87.699997,,,,101.93,76.019997,,,,,,-21.8263,pending,,2026-06-22T13:15:41+00:00
trackb_rev_EPAM_20260604,92.760002,76.639999,,,,101.5,76.019997,,,,,,-21.8263,pending,,2026-06-22T13:15:41+00:00
trackb_rev_EPAM_20260605,95.379997,,,,,100.309998,76.019997,,,,,,-21.8263,pending,,2026-06-22T13:15:41+00:00
trackb_rev_EPAM_20260608,92.720001,,,,,99.150002,76.019997,,,,,,-21.8263,pending,,2026-06-22T13:15:41+00:00
trackb_rev_EPAM_20260609,93.330002,,,,,98.470001,76.019997,,,,,,-21.402,pending,,2026-06-22T13:15:41+00:00
trackb_rev_EPAM_20260611,76.639999,,,,,96.330002,76.019997,,,,,,-18.2932,pending,,2026-06-22T13:15:41+00:00
trackb_rev_EPC_20260610,22.559999,,,,,24.1,20.4,,,,,,0.5917,pending,,2026-06-22T13:16:25+00:00
trackb_rev_ERIE_20260616,,,,,,228.289993,219.050003,,,,,,-2.345,pending,,2026-06-22T13:16:45+00:00
trackb_rev_ERIE_20260617,,,,,,228.289993,219.050003,,,,,,-2.345,pending,,2026-06-22T13:16:45+00:00
trackb_rev_ERIE_20260618,,,,,,223.729996,219.050003,,,,,,-2.345,pending,,2026-06-22T13:16:45+00:00
trackb_rev_ERIE_20260619,,,,,,,,,,,,,,pending,,2026-06-22T13:16:45+00:00
trackb_rev_ETD_20260603,21.35,21.07,,,,22.16,20.26,,,,,,-1.0259,pending,,2026-06-22T13:15:43+00:00
trackb_rev_ETD_20260604,22.129999,21.17,,,,22.16,20.32,,,,,,-0.7328,pending,,2026-06-22T13:15:43+00:00
trackb_rev_ETD_20260605,21.58,,,,,22.16,20.32,,,,,,-0.7328,pending,,2026-06-22T13:15:43+00:00
trackb_rev_ETD_20260608,21.459999,,,,,22.16,20.32,,,,,,-0.7328,pending,,2026-06-22T13:15:43+00:00
trackb_rev_ETD_20260610,21.07,,,,,22.16,20.950001,,,,,,1.2566,pending,,2026-06-22T13:15:43+00:00
trackb_rev_ETR_20260622,,,,,,,,,,,,,,pending,,2026-06-22T13:17:51+00:00
trackb_rev_EU_20260610,1.62,,,,,1.75,1.27,,,,,,-5.9259,pending,,2026-06-22T13:16:25+00:00
trackb_rev_EVGO_20260612,,,,,,2.11,1.87,,,,,,-5.5556,pending,,2026-06-22T13:15:13+00:00
trackb_rev_EVGO_20260616,,,,,,2.09,1.87,,,,,,-6.9652,pending,,2026-06-22T13:15:13+00:00
trackb_rev_EVGO_20260617,,,,,,2.02,1.87,,,,,,-6.9652,pending,,2026-06-22T13:15:13+00:00
trackb_rev_EVLV_20260608,6.13,,,,,6.335,5.53,,,,,,-6.4298,pending,,2026-06-22T13:16:03+00:00
trackb_rev_EVLV_20260609,5.92,,,,,6.335,5.53,,,,,,-4.9828,pending,,2026-06-22T13:16:03+00:00
trackb_rev_EVLV_20260610,5.62,,,,,6.335,5.53,,,,,,-4.9828,pending,,2026-06-22T13:16:03+00:00
trackb_rev_EVLV_20260611,5.65,,,,,6.335,5.53,,,,,,-5.3082,pending,,2026-06-22T13:16:03+00:00
trackb_rev_EVLV_20260612,,,,,,6.335,5.53,,,,,,-9.9349,pending,,2026-06-22T13:16:03+00:00
trackb_rev_EVLV_20260616,,,,,,6.2,5.53,,,,,,-10.5901,pending,,2026-06-22T13:16:03+00:00
trackb_rev_EVLV_20260617,,,,,,6.0,5.53,,,,,,-10.5901,pending,,2026-06-22T13:16:03+00:00
trackb_rev_EVLV_20260618,,,,,,5.83,5.53,,,,,,-10.5901,pending,,2026-06-22T13:16:03+00:00
trackb_rev_EVLV_20260619,,,,,,,,,,,,,,pending,,2026-06-22T13:16:03+00:00
trackb_rev_EVTV_20260603,1.69,1.4,,,,2.03,1.34,,,,,,-31.282,pending,,2026-06-22T13:15:45+00:00
trackb_rev_EVTV_20260604,1.67,1.45,,,,1.93,1.34,,,,,,-31.282,pending,,2026-06-22T13:15:45+00:00
trackb_rev_EVTV_20260605,1.62,,,,,1.88,1.34,,,,,,-31.282,pending,,2026-06-22T13:15:45+00:00
trackb_rev_EXC_20260603,45.610001,45.560001,,,,47.009998,44.150002,,,,,,-3.7917,pending,,2026-06-22T13:15:49+00:00
trackb_rev_EXC_20260604,45.509998,45.810001,,,,47.009998,44.150002,,,,,,-3.7917,pending,,2026-06-22T13:15:49+00:00
trackb_rev_EXC_20260605,46.209999,,,,,47.009998,44.599998,,,,,,-2.8111,pending,,2026-06-22T13:15:49+00:00
trackb_rev_EXC_20260608,46.18,,,,,47.009998,44.599998,,,,,,-2.8111,pending,,2026-06-22T13:15:49+00:00
trackb_rev_EXC_20260609,46.59,,,,,47.009998,44.599998,,,,,,-0.4464,pending,,2026-06-22T13:15:49+00:00
trackb_rev_EXC_20260622,,,,,,,,,,,,,,pending,,2026-06-22T13:15:49+00:00
trackb_rev_EXLS_20260611,25.93,,,,,29.190001,25.65,,,,,,-11.6127,pending,,2026-06-22T13:16:39+00:00
trackb_rev_EXLS_20260615,,,,,,29.190001,25.65,,,,,,-11.795,pending,,2026-06-22T13:16:39+00:00
trackb_rev_EXLS_20260616,,,,,,29.190001,25.65,,,,,,-9.9368,pending,,2026-06-22T13:16:39+00:00
trackb_rev_EXLS_20260617,,,,,,29.190001,25.65,,,,,,-9.9368,pending,,2026-06-22T13:16:39+00:00
trackb_rev_EXLS_20260618,,,,,,27.26,25.65,,,,,,-9.9368,pending,,2026-06-22T13:16:39+00:00
trackb_rev_EXLS_20260619,,,,,,,,,,,,,,pending,,2026-06-22T13:16:39+00:00
trackb_rev_EXPE_20260611,240.899994,,,,,246.5,216.179993,,,,,,-1.2606,pending,,2026-06-22T13:16:37+00:00
trackb_rev_EXPE_20260616,,,,,,246.5,237.089996,,,,,,0.7564,pending,,2026-06-22T13:16:37+00:00
trackb_rev_EXPE_20260617,,,,,,244.360001,238.809998,,,,,,1.4874,pending,,2026-06-22T13:16:37+00:00
trackb_rev_EXPE_20260618,,,,,,243.759995,238.850006,,,,,,1.5044,pending,,2026-06-22T13:16:37+00:00
trackb_rev_EXPE_20260619,,,,,,,,,,,,,,pending,,2026-06-22T13:16:37+00:00
trackb_rev_EYE_20260622,,,,,,,,,,,,,,pending,,2026-06-22T13:17:52+00:00
trackb_rev_FAST_20260622,,,,,,,,,,,,,,pending,,2026-06-22T13:16:36+00:00
trackb_rev_FCN_20260615,,,,,,158.699997,141.639999,,,,,,-9.6165,pending,,2026-06-22T13:17:08+00:00
trackb_rev_FCN_20260616,,,,,,158.699997,141.639999,,,,,,-8.9337,pending,,2026-06-22T13:17:08+00:00
trackb_rev_FCN_20260617,,,,,,154.220001,141.639999,,,,,,-8.9337,pending,,2026-06-22T13:17:08+00:00
trackb_rev_FCN_20260618,,,,,,151.039993,141.639999,,,,,,-6.2204,pending,,2026-06-22T13:17:08+00:00
trackb_rev_FCN_20260619,,,,,,,,,,,,,,pending,,2026-06-22T13:17:08+00:00
trackb_rev_FCN_20260622,,,,,,,,,,,,,,pending,,2026-06-22T13:17:08+00:00
trackb_rev_FCPT_20260622,,,,,,,,,,,,,,pending,,2026-06-22T13:17:03+00:00
trackb_rev_FCUV_20260616,,,,,,0.775,0.567,,,,,,-28.8136,pending,,2026-06-22T13:17:35+00:00
trackb_rev_FCUV_20260617,,,,,,0.72,0.567,,,,,,-28.8136,pending,,2026-06-22T13:17:35+00:00
trackb_rev_FCUV_20260618,,,,,,0.676,0.567,,,,,,-16.6177,pending,,2026-06-22T13:17:35+00:00
trackb_rev_FCUV_20260619,,,,,,,,,,,,,,pending,,2026-06-22T13:17:35+00:00
trackb_rev_FDS_20260622,,,,,,,,,,,,,,pending,,2026-06-22T13:15:13+00:00
trackb_rev_FERG_20260615,,,,,,241.860001,229.580002,,,,,,-2.9998,pending,,2026-06-22T13:17:10+00:00
trackb_rev_FERG_20260616,,,,,,241.860001,229.580002,,,,,,-2.8377,pending,,2026-06-22T13:17:10+00:00
trackb_rev_FERG_20260617,,,,,,241.860001,229.580002,,,,,,-2.8377,pending,,2026-06-22T13:17:10+00:00
trackb_rev_FERG_20260618,,,,,,241.860001,231.029999,,,,,,-2.224,pending,,2026-06-22T13:17:10+00:00
trackb_rev_FERG_20260619,,,,,,,,,,,,,,pending,,2026-06-22T13:17:10+00:00
trackb_rev_FERG_20260622,,,,,,,,,,,,,,pending,,2026-06-22T13:17:10+00:00
trackb_rev_FE_20260603,46.43,46.139999,,,,48.099998,45.09,,,,,,-2.1059,pending,,2026-06-22T13:15:44+00:00
trackb_rev_FE_20260604,46.669998,46.450001,,,,48.099998,45.09,,,,,,-2.1059,pending,,2026-06-22T13:15:44+00:00
trackb_rev_FE_20260605,47.029999,,,,,48.099998,45.509998,,,,,,-1.1941,pending,,2026-06-22T13:15:44+00:00
trackb_rev_FE_20260608,47.34,,,,,48.099998,45.509998,,,,,,-1.9604,pending,,2026-06-22T13:15:44+00:00
trackb_rev_FE_20260612,,,,,,48.099998,45.91,,,,,,-1.6285,pending,,2026-06-22T13:15:44+00:00
trackb_rev_FE_20260616,,,,,,48.099998,45.91,,,,,,-3.2251,pending,,2026-06-22T13:15:44+00:00
trackb_rev_FE_20260617,,,,,,47.830002,45.91,,,,,,-3.2251,pending,,2026-06-22T13:15:44+00:00
trackb_rev_FE_20260618,,,,,,47.009998,46.0,,,,,,-3.0354,pending,,2026-06-22T13:15:44+00:00
trackb_rev_FE_20260619,,,,,,,,,,,,,,pending,,2026-06-22T13:15:44+00:00
trackb_rev_FE_20260622,,,,,,,,,,,,,,pending,,2026-06-22T13:15:44+00:00
trackb_rev_FGI_20260618,,,,,,4.89,4.46,,,,,,-3.2538,pending,,2026-06-22T13:16:47+00:00
trackb_rev_FGI_20260619,,,,,,,,,,,,,,pending,,2026-06-22T13:16:47+00:00
trackb_rev_FGI_20260622,,,,,,,,,,,,,,pending,,2026-06-22T13:16:47+00:00
trackb_rev_FG_20260618,,,,,,27.58,26.754999,,,,,,-0.1306,pending,,2026-06-22T13:17:04+00:00
trackb_rev_FG_20260619,,,,,,,,,,,,,,pending,,2026-06-22T13:17:04+00:00
trackb_rev_FG_20260622,,,,,,,,,,,,,,pending,,2026-06-22T13:17:04+00:00
trackb_rev_FIG_20260612,,,,,,19.860001,17.83,,,,,,-7.8077,pending,,2026-06-22T13:16:52+00:00
trackb_rev_FIP_20260616,,,,,,5.05,4.74,,,,,,-6.3241,pending,,2026-06-22T13:17:36+00:00
trackb_rev_FIP_20260617,,,,,,5.045,4.74,,,,,,-6.3241,pending,,2026-06-22T13:17:36+00:00
trackb_rev_FIP_20260618,,,,,,4.96,4.742,,,,,,-2.8279,pending,,2026-06-22T13:17:36+00:00
trackb_rev_FIP_20260619,,,,,,,,,,,,,,pending,,2026-06-22T13:17:36+00:00
trackb_rev_FIP_20260622,,,,,,,,,,,,,,pending,,2026-06-22T13:17:36+00:00
trackb_rev_FISV_20260603,53.279999,48.77,,,,57.02,47.369999,,,,,,-10.7069,pending,,2026-06-22T13:15:50+00:00
trackb_rev_FISV_20260604,53.060001,47.860001,,,,57.02,47.369999,,,,,,-10.7069,pending,,2026-06-22T13:15:50+00:00
trackb_rev_FISV_20260605,53.779999,,,,,55.830002,47.369999,,,,,,-10.7069,pending,,2026-06-22T13:15:50+00:00
trackb_rev_FISV_20260608,47.91,,,,,54.389999,47.369999,,,,,,-12.9708,pending,,2026-06-22T13:15:50+00:00
trackb_rev_FLO_20260616,,,,,,7.82,7.18,,,,,,-8.3599,pending,,2026-06-22T13:17:33+00:00
trackb_rev_FLO_20260617,,,,,,7.81,7.18,,,,,,-8.3599,pending,,2026-06-22T13:17:33+00:00
trackb_rev_FLO_20260618,,,,,,7.81,7.3,,,,,,-6.8283,pending,,2026-06-22T13:17:33+00:00
trackb_rev_FLO_20260619,,,,,,,,,,,,,,pending,,2026-06-22T13:17:33+00:00
trackb_rev_FLO_20260622,,,,,,,,,,,,,,pending,,2026-06-22T13:17:33+00:00
trackb_rev_FLS_20260610,78.93,,,,,82.519997,72.809998,,,,,,-2.7384,pending,,2026-06-22T13:14:03+00:00
trackb_rev_FLS_20260612,,,,,,82.519997,77.550003,,,,,,-0.7042,pending,,2026-06-22T13:14:03+00:00
trackb_rev_FLUT_20260608,108.980003,,,,,119.440002,98.934998,,,,,,-1.5474,pending,,2026-06-22T13:16:03+00:00
trackb_rev_FLUT_20260609,108.919998,,,,,119.440002,99.349998,,,,,,-5.3359,pending,,2026-06-22T13:16:03+00:00
trackb_rev_FLUT_20260618,,,,,,105.029999,99.349998,,,,,,-1.036,pending,,2026-06-22T13:16:03+00:00
trackb_rev_FLUT_20260619,,,,,,,,,,,,,,pending,,2026-06-22T13:16:03+00:00
trackb_rev_FLUT_20260622,,,,,,,,,,,,,,pending,,2026-06-22T13:16:03+00:00
trackb_rev_FLY_20260610,31.15,,,,,39.529999,28.827,,,,,,-20.3234,pending,,2026-06-22T13:16:23+00:00
trackb_rev_FMFC_20260616,,,,,,0.385,0.231,,,,,,-40.1554,pending,,2026-06-22T13:17:36+00:00
trackb_rev_FMFC_20260617,,,,,,0.33,0.231,,,,,,-40.1554,pending,,2026-06-22T13:17:36+00:00
trackb_rev_FMFC_20260618,,,,,,0.278,0.231,,,,,,-40.1554,pending,,2026-06-22T13:17:36+00:00
trackb_rev_FMFC_20260619,,,,,,,,,,,,,,pending,,2026-06-22T13:17:36+00:00
trackb_rev_FMFC_20260622,,,,,,,,,,,,,,pending,,2026-06-22T13:17:36+00:00
trackb_rev_FNF_20260622,,,,,,,,,,,,,,pending,,2026-06-22T13:17:53+00:00
trackb_rev_FOSL_20260611,4.29,,,,,4.68,3.97,,,,,,-5.4762,pending,,2026-06-22T13:16:40+00:00
trackb_rev_FOSL_20260612,,,,,,4.68,4.16,,,,,,-0.4785,pending,,2026-06-22T13:16:40+00:00
trackb_rev_FOSL_20260616,,,,,,4.54,4.16,,,,,,-5.0228,pending,,2026-06-22T13:16:40+00:00
trackb_rev_FOSL_20260617,,,,,,4.54,4.16,,,,,,-5.0228,pending,,2026-06-22T13:16:40+00:00
trackb_rev_FOSL_20260618,,,,,,4.3,4.18,,,,,,-4.5662,pending,,2026-06-22T13:16:40+00:00
trackb_rev_FOSL_20260619,,,,,,,,,,,,,,pending,,2026-06-22T13:16:40+00:00
trackb_rev_FRPT_20260609,57.09,,,,,57.93,49.451,,,,,,-3.7918,pending,,2026-06-22T13:16:17+00:00
trackb_rev_FRPT_20260610,55.66,,,,,57.93,49.451,,,,,,-3.7918,pending,,2026-06-22T13:16:17+00:00
trackb_rev_FRPT_20260616,,,,,,57.93,54.094002,,,,,,-1.3783,pending,,2026-06-22T13:16:17+00:00
trackb_rev_FRPT_20260617,,,,,,57.93,54.77,,,,,,-0.1459,pending,,2026-06-22T13:16:17+00:00
trackb_rev_FRPT_20260618,,,,,,56.860001,54.77,,,,,,-2.7867,pending,,2026-06-22T13:16:17+00:00
trackb_rev_FRPT_20260619,,,,,,,,,,,,,,pending,,2026-06-22T13:16:17+00:00
trackb_rev_FRPT_20260622,,,,,,,,,,,,,,pending,,2026-06-22T13:16:17+00:00
trackb_rev_FSP_20260609,0.67,,,,,0.74,0.58,,,,,,-7.9365,pending,,2026-06-22T13:16:16+00:00
trackb_rev_FTCI_20260616,,,,,,5.6,4.295,,,,,,-6.6304,pending,,2026-06-22T13:14:07+00:00
trackb_rev_FTCI_20260617,,,,,,5.6,4.44,,,,,,-3.4783,pending,,2026-06-22T13:14:07+00:00
trackb_rev_FTCI_20260618,,,,,,5.6,4.985,,,,,,8.3696,pending,,2026-06-22T13:14:07+00:00
trackb_rev_FTCI_20260619,,,,,,,,,,,,,,pending,,2026-06-22T13:14:07+00:00
trackb_rev_FUBO_20260609,9.28,,,,,10.76,8.48,,,,,,-12.5773,pending,,2026-06-22T13:16:15+00:00
trackb_rev_FUBO_20260611,9.22,,,,,10.76,8.48,,,,,,-15.0301,pending,,2026-06-22T13:16:15+00:00
trackb_rev_FUBO_20260612,,,,,,10.36,8.48,,,,,,-19.0067,pending,,2026-06-22T13:16:15+00:00
trackb_rev_FUBO_20260615,,,,,,10.26,8.48,,,,,,-16.2055,pending,,2026-06-22T13:16:15+00:00
trackb_rev_FUBO_20260616,,,,,,9.97,8.48,,,,,,-16.7403,pending,,2026-06-22T13:16:15+00:00
trackb_rev_FUBO_20260617,,,,,,9.4,8.48,,,,,,-16.7403,pending,,2026-06-22T13:16:15+00:00
trackb_rev_FUL_20260610,64.769997,,,,,66.449997,61.099998,,,,,,1.7824,pending,,2026-06-22T13:15:25+00:00
trackb_rev_FWRD_20260609,13.77,,,,,14.47,10.6,,,,,,-7.8261,pending,,2026-06-22T13:16:16+00:00
trackb_rev_FWRD_20260615,,,,,,14.18,13.05,,,,,,-3.1899,pending,,2026-06-22T13:16:16+00:00
trackb_rev_FWRD_20260616,,,,,,14.18,13.05,,,,,,-2.2106,pending,,2026-06-22T13:16:16+00:00
trackb_rev_FWRD_20260617,,,,,,14.18,13.05,,,,,,-2.2106,pending,,2026-06-22T13:16:16+00:00
trackb_rev_FWRD_20260618,,,,,,14.18,13.44,,,,,,0.7119,pending,,2026-06-22T13:16:16+00:00
trackb_rev_FWRD_20260619,,,,,,,,,,,,,,pending,,2026-06-22T13:16:16+00:00
trackb_rev_GAME_20260612,,,,,,0.478,0.413,,,,,,-7.6063,pending,,2026-06-22T13:16:57+00:00
trackb_rev_GAME_20260616,,,,,,0.478,0.413,,,,,,-7.4821,pending,,2026-06-22T13:16:57+00:00
trackb_rev_GAME_20260617,,,,,,0.445,0.413,,,,,,-7.4821,pending,,2026-06-22T13:16:57+00:00
trackb_rev_GAME_20260618,,,,,,0.444,0.413,,,,,,-7.4821,pending,,2026-06-22T13:16:57+00:00
trackb_rev_GAME_20260619,,,,,,,,,,,,,,pending,,2026-06-22T13:16:57+00:00
trackb_rev_GAME_20260622,,,,,,,,,,,,,,pending,,2026-06-22T13:16:57+00:00
trackb_rev_GAP_20260608,22.1,,,,,22.41,20.870001,,,,,,-3.2004,pending,,2026-06-22T13:16:01+00:00
trackb_rev_GAP_20260610,20.940001,,,,,22.41,20.870001,,,,,,-1.9728,pending,,2026-06-22T13:16:01+00:00
trackb_rev_GATX_20260622,,,,,,,,,,,,,,pending,,2026-06-22T13:17:51+00:00
trackb_rev_GEHC_20260603,63.759998,61.150002,,,,66.440002,59.970001,,,,,,-2.6224,pending,,2026-06-22T13:15:43+00:00
trackb_rev_GEHC_20260604,64.510002,61.59,,,,66.440002,59.970001,,,,,,-2.6224,pending,,2026-06-22T13:15:43+00:00
trackb_rev_GEHC_20260605,65.18,,,,,66.440002,59.970001,,,,,,-2.6224,pending,,2026-06-22T13:15:43+00:00
trackb_rev_GEHC_20260608,64.760002,,,,,66.440002,59.970001,,,,,,-2.6224,pending,,2026-06-22T13:15:43+00:00
trackb_rev_GEHC_20260612,,,,,,66.440002,59.970001,,,,,,-7.0377,pending,,2026-06-22T13:15:43+00:00
trackb_rev_GEHC_20260615,,,,,,66.440002,59.970001,,,,,,-9.212,pending,,2026-06-22T13:15:43+00:00
trackb_rev_GEHC_20260616,,,,,,65.084999,59.970001,,,,,,-7.9438,pending,,2026-06-22T13:15:43+00:00
trackb_rev_GEHC_20260617,,,,,,63.34,59.970001,,,,,,-7.9438,pending,,2026-06-22T13:15:43+00:00
trackb_rev_GEHC_20260618,,,,,,62.035,59.970001,,,,,,-0.9415,pending,,2026-06-22T13:15:43+00:00
trackb_rev_GEHC_20260619,,,,,,,,,,,,,,pending,,2026-06-22T13:15:43+00:00
trackb_rev_GEHC_20260622,,,,,,,,,,,,,,pending,,2026-06-22T13:15:43+00:00
trackb_rev_GFL_20260618,,,,,,35.455002,34.389999,,,,,,-1.939,pending,,2026-06-22T13:17:44+00:00
trackb_rev_GFL_20260619,,,,,,,,,,,,,,pending,,2026-06-22T13:17:44+00:00
trackb_rev_GFL_20260622,,,,,,,,,,,,,,pending,,2026-06-22T13:17:44+00:00
trackb_rev_GIPR_20260603,0.204,0.18,,,,0.22,0.173,,,,,,-16.9467,pending,,2026-06-22T13:15:46+00:00
trackb_rev_GIPR_20260604,0.195,0.173,,,,0.22,0.173,,,,,,-16.9467,pending,,2026-06-22T13:15:46+00:00
trackb_rev_GIPR_20260605,0.189,,,,,0.21,0.173,,,,,,-16.9467,pending,,2026-06-22T13:15:46+00:00
trackb_rev_GIPR_20260608,0.192,,,,,0.21,0.173,,,,,,-16.9467,pending,,2026-06-22T13:15:46+00:00
trackb_rev_GIS_20260618,,,,,,33.77,33.209999,,,,,,-0.0,pending,,2026-06-22T13:17:15+00:00
trackb_rev_GIS_20260619,,,,,,,,,,,,,,pending,,2026-06-22T13:17:15+00:00
trackb_rev_GIS_20260622,,,,,,,,,,,,,,pending,,2026-06-22T13:17:15+00:00
trackb_rev_GLPI_20260618,,,,,,45.514999,44.375,,,,,,-1.9554,pending,,2026-06-22T13:16:45+00:00
trackb_rev_GLPI_20260619,,,,,,,,,,,,,,pending,,2026-06-22T13:16:45+00:00
trackb_rev_GLPI_20260622,,,,,,,,,,,,,,pending,,2026-06-22T13:16:45+00:00
trackb_rev_GMED_20260603,80.860001,75.419998,,,,83.169998,74.669998,,,,,,-4.306,pending,,2026-06-22T13:15:50+00:00
trackb_rev_GMED_20260604,80.519997,79.230003,,,,83.169998,74.669998,,,,,,-4.306,pending,,2026-06-22T13:15:50+00:00
trackb_rev_GMED_20260605,80.389999,,,,,83.169998,74.669998,,,,,,-4.306,pending,,2026-06-22T13:15:50+00:00
trackb_rev_GMED_20260608,77.32,,,,,83.169998,74.669998,,,,,,-4.306,pending,,2026-06-22T13:15:50+00:00
trackb_rev_GMED_20260610,75.419998,,,,,83.169998,74.669998,,,,,,-4.636,pending,,2026-06-22T13:15:50+00:00
trackb_rev_GME_20260616,,,,,,21.93,21.129999,,,,,,-3.0409,pending,,2026-06-22T13:17:27+00:00
trackb_rev_GME_20260617,,,,,,21.93,21.23,,,,,,-2.5821,pending,,2026-06-22T13:17:27+00:00
trackb_rev_GME_20260618,,,,,,21.67,21.35,,,,,,-2.0314,pending,,2026-06-22T13:17:27+00:00
trackb_rev_GME_20260619,,,,,,,,,,,,,,pending,,2026-06-22T13:17:27+00:00
trackb_rev_GME_20260622,,,,,,,,,,,,,,pending,,2026-06-22T13:17:27+00:00
trackb_rev_GNK_20260618,,,,,,24.455,23.41,,,,,,-1.4316,pending,,2026-06-22T13:17:46+00:00
trackb_rev_GNK_20260619,,,,,,,,,,,,,,pending,,2026-06-22T13:17:46+00:00
trackb_rev_GNK_20260622,,,,,,,,,,,,,,pending,,2026-06-22T13:17:46+00:00
trackb_rev_GNRC_20260612,,,,,,289.0,255.690002,,,,,,-0.6373,pending,,2026-06-22T13:14:54+00:00
trackb_rev_GOLF_20260609,97.599998,,,,,108.660004,91.440002,,,,,,1.0164,pending,,2026-06-22T13:16:15+00:00
trackb_rev_GOLF_20260610,100.489998,,,,,108.660004,92.410004,,,,,,2.0879,pending,,2026-06-22T13:16:15+00:00
trackb_rev_GPC_20260611,108.699997,,,,,111.309998,98.809998,,,,,,0.3861,pending,,2026-06-22T13:16:40+00:00
trackb_rev_GPGI_20260618,,,,,,14.74,14.15,,,,,,0.2125,pending,,2026-06-22T13:17:44+00:00
trackb_rev_GPGI_20260619,,,,,,,,,,,,,,pending,,2026-06-22T13:17:44+00:00
trackb_rev_GPI_20260618,,,,,,313.309998,306.230011,,,,,,0.3802,pending,,2026-06-22T13:17:43+00:00
trackb_rev_GPI_20260619,,,,,,,,,,,,,,pending,,2026-06-22T13:17:43+00:00
trackb_rev_GPI_20260622,,,,,,,,,,,,,,pending,,2026-06-22T13:17:43+00:00
trackb_rev_GTLS_20260622,,,,,,,,,,,,,,pending,,2026-06-22T13:15:30+00:00
trackb_rev_GTY_20260622,,,,,,,,,,,,,,pending,,2026-06-22T13:17:07+00:00
trackb_rev_GT_20260609,6.31,,,,,6.78,5.79,,,,,,-0.1724,pending,,2026-06-22T13:16:17+00:00
trackb_rev_GT_20260610,6.16,,,,,6.78,5.79,,,,,,-0.1724,pending,,2026-06-22T13:16:17+00:00
trackb_rev_GT_20260611,6.19,,,,,6.78,5.86,,,,,,-0.1704,pending,,2026-06-22T13:16:17+00:00
trackb_rev_GT_20260612,,,,,,6.78,6.0,,,,,,0.1669,pending,,2026-06-22T13:16:17+00:00
trackb_rev_GT_20260616,,,,,,6.71,6.0,,,,,,-11.1111,pending,,2026-06-22T13:16:17+00:00
trackb_rev_GT_20260617,,,,,,6.39,6.0,,,,,,-11.1111,pending,,2026-06-22T13:16:17+00:00
trackb_rev_GT_20260618,,,,,,6.24,6.0,,,,,,-11.1111,pending,,2026-06-22T13:16:17+00:00
trackb_rev_GT_20260619,,,,,,,,,,,,,,pending,,2026-06-22T13:16:17+00:00
trackb_rev_GWRS_20260603,7.06,6.85,,,,7.42,6.685,,,,,,-5.4455,pending,,2026-06-22T13:15:45+00:00
trackb_rev_GWRS_20260604,6.99,7.09,,,,7.42,6.685,,,,,,-5.4455,pending,,2026-06-22T13:15:45+00:00
trackb_rev_GWRS_20260605,7.03,,,,,7.42,6.685,,,,,,-5.4455,pending,,2026-06-22T13:15:45+00:00
trackb_rev_GWRS_20260608,6.72,,,,,7.27,6.685,,,,,,-5.4455,pending,,2026-06-22T13:15:45+00:00
trackb_rev_GWRS_20260609,6.88,,,,,7.17,6.685,,,,,,-5.1773,pending,,2026-06-22T13:15:45+00:00
trackb_rev_GWRS_20260611,7.09,,,,,7.15,6.685,,,,,,-5.3116,pending,,2026-06-22T13:15:45+00:00
trackb_rev_GWRS_20260612,,,,,,7.15,6.685,,,,,,-4.3634,pending,,2026-06-22T13:15:45+00:00
trackb_rev_GXAI_20260612,,,,,,1.26,1.17,,,,,,-4.0984,pending,,2026-06-22T13:16:56+00:00
trackb_rev_GXAI_20260616,,,,,,1.24,1.18,,,,,,-3.6735,pending,,2026-06-22T13:16:56+00:00
trackb_rev_GXAI_20260617,,,,,,1.235,1.18,,,,,,-3.6735,pending,,2026-06-22T13:16:56+00:00
trackb_rev_GXAI_20260618,,,,,,1.235,1.18,,,,,,-3.6735,pending,,2026-06-22T13:16:56+00:00
trackb_rev_GXAI_20260619,,,,,,,,,,,,,,pending,,2026-06-22T13:16:56+00:00
trackb_rev_GXO_20260611,48.639999,,,,,51.560001,47.810001,,,,,,0.0209,pending,,2026-06-22T13:16:39+00:00
trackb_rev_GXO_20260615,,,,,,51.560001,48.0,,,,,,-6.4692,pending,,2026-06-22T13:16:39+00:00
trackb_rev_GXO_20260616,,,,,,50.77,48.0,,,,,,-3.9231,pending,,2026-06-22T13:16:39+00:00
trackb_rev_GXO_20260617,,,,,,50.16,48.0,,,,,,-3.9231,pending,,2026-06-22T13:16:39+00:00
trackb_rev_GXO_20260618,,,,,,49.400002,48.244999,,,,,,-3.4327,pending,,2026-06-22T13:16:39+00:00
trackb_rev_GXO_20260619,,,,,,,,,,,,,,pending,,2026-06-22T13:16:39+00:00
trackb_rev_HAYW_20260612,,,,,,15.31,14.57,,,,,,-0.9517,pending,,2026-06-22T13:16:30+00:00
trackb_rev_HFFG_20260603,1.91,1.83,,,,2.0,1.8,,,,,,-2.7027,pending,,2026-06-22T13:15:47+00:00
trackb_rev_HFFG_20260604,1.88,1.89,,,,2.0,1.8,,,,,,-2.7027,pending,,2026-06-22T13:15:47+00:00
trackb_rev_HFFG_20260605,1.9,,,,,2.0,1.8,,,,,,-2.7027,pending,,2026-06-22T13:15:47+00:00
trackb_rev_HFFG_20260608,1.8,,,,,2.0,1.8,,,,,,-2.7027,pending,,2026-06-22T13:15:47+00:00
trackb_rev_HLMN_20260616,,,,,,8.15,7.705,,,,,,-3.7477,pending,,2026-06-22T13:17:33+00:00
trackb_rev_HLMN_20260617,,,,,,8.15,7.705,,,,,,-3.7477,pending,,2026-06-22T13:17:33+00:00
trackb_rev_HLMN_20260618,,,,,,8.15,7.75,,,,,,-3.1855,pending,,2026-06-22T13:17:33+00:00
trackb_rev_HLMN_20260619,,,,,,,,,,,,,,pending,,2026-06-22T13:17:33+00:00
trackb_rev_HNI_20260612,,,,,,35.25,32.02,,,,,,-3.3213,pending,,2026-06-22T13:16:54+00:00
trackb_rev_HNI_20260616,,,,,,35.25,32.02,,,,,,-4.7024,pending,,2026-06-22T13:16:54+00:00
trackb_rev_HNI_20260617,,,,,,35.25,32.02,,,,,,-4.7024,pending,,2026-06-22T13:16:54+00:00
trackb_rev_HNI_20260618,,,,,,35.25,32.639999,,,,,,0.7097,pending,,2026-06-22T13:16:54+00:00
trackb_rev_HNI_20260619,,,,,,,,,,,,,,pending,,2026-06-22T13:16:54+00:00
trackb_rev_HNI_20260622,,,,,,,,,,,,,,pending,,2026-06-22T13:16:54+00:00
trackb_rev_HNST_20260610,3.56,,,,,3.77,3.37,,,,,,-0.0,pending,,2026-06-22T13:16:24+00:00
trackb_rev_HON_20260609,229.490005,,,,,234.699997,205.520004,,,,,,-2.9651,pending,,2026-06-22T13:14:44+00:00
trackb_rev_HON_20260612,,,,,,234.699997,219.160004,,,,,,0.0183,pending,,2026-06-22T13:14:44+00:00
trackb_rev_HOV_20260609,121.040001,,,,,134.050003,108.730003,,,,,,0.6666,pending,,2026-06-22T13:14:30+00:00
trackb_rev_HOV_20260610,120.870003,,,,,134.050003,110.959999,,,,,,2.7312,pending,,2026-06-22T13:14:30+00:00
trackb_rev_HROW_20260608,38.93,,,,,42.98,32.779999,,,,,,-1.2353,pending,,2026-06-22T13:16:03+00:00
trackb_rev_HROW_20260609,38.400002,,,,,42.98,33.09,,,,,,-0.0302,pending,,2026-06-22T13:16:03+00:00
trackb_rev_HROW_20260610,41.939999,,,,,42.98,33.09,,,,,,-0.0302,pending,,2026-06-22T13:16:03+00:00
trackb_rev_HROW_20260612,,,,,,42.98,37.459999,,,,,,-0.5047,pending,,2026-06-22T13:16:03+00:00
trackb_rev_HTFL_20260608,32.82,,,,,34.310001,27.98,,,,,,-0.427,pending,,2026-06-22T13:16:03+00:00
trackb_rev_HTFL_20260609,32.049999,,,,,34.310001,27.98,,,,,,-1.652,pending,,2026-06-22T13:16:03+00:00
trackb_rev_HTFL_20260611,33.639999,,,,,34.310001,28.950001,,,,,,-1.631,pending,,2026-06-22T13:16:03+00:00
trackb_rev_HUBB_20260616,,,,,,529.974976,496.592499,,,,,,0.2286,pending,,2026-06-22T13:17:30+00:00
trackb_rev_HUBB_20260617,,,,,,529.974976,503.929993,,,,,,1.7095,pending,,2026-06-22T13:17:30+00:00
trackb_rev_HUBS_20260611,176.029999,,,,,195.0,171.649994,,,,,,-10.9653,pending,,2026-06-22T13:15:21+00:00
trackb_rev_HUBS_20260615,,,,,,195.0,171.649994,,,,,,-11.046,pending,,2026-06-22T13:15:21+00:00
trackb_rev_HUBS_20260616,,,,,,187.779999,171.649994,,,,,,-8.5265,pending,,2026-06-22T13:15:21+00:00
trackb_rev_HUBS_20260617,,,,,,186.0,171.649994,,,,,,-8.5265,pending,,2026-06-22T13:15:21+00:00
trackb_rev_HUBS_20260618,,,,,,183.139999,171.649994,,,,,,-8.5265,pending,,2026-06-22T13:15:21+00:00
trackb_rev_HUBS_20260619,,,,,,,,,,,,,,pending,,2026-06-22T13:15:21+00:00
trackb_rev_HURN_20260616,,,,,,109.0,89.800003,,,,,,-15.0586,pending,,2026-06-22T13:17:30+00:00
trackb_rev_HURN_20260617,,,,,,108.830002,89.800003,,,,,,-15.0586,pending,,2026-06-22T13:17:30+00:00
trackb_rev_HURN_20260618,,,,,,106.040001,89.800003,,,,,,-15.0586,pending,,2026-06-22T13:17:30+00:00
trackb_rev_HURN_20260619,,,,,,,,,,,,,,pending,,2026-06-22T13:17:30+00:00
trackb_rev_IAUX_20260610,1.52,,,,,1.62,1.36,,,,,,-2.8571,pending,,2026-06-22T13:14:39+00:00
trackb_rev_IDXX_20260603,556.940002,546.090027,,,,581.469971,543.890015,,,,,,-2.683,pending,,2026-06-22T13:15:51+00:00
trackb_rev_IDXX_20260604,557.909973,562.090027,,,,581.469971,543.890015,,,,,,-2.683,pending,,2026-06-22T13:15:51+00:00
trackb_rev_IDXX_20260605,560.880005,,,,,581.469971,543.890015,,,,,,-2.683,pending,,2026-06-22T13:15:51+00:00
trackb_rev_IDXX_20260616,,,,,,574.080017,543.890015,,,,,,-4.0098,pending,,2026-06-22T13:15:51+00:00
trackb_rev_IDXX_20260617,,,,,,573.0,543.890015,,,,,,-4.0098,pending,,2026-06-22T13:15:51+00:00
trackb_rev_IDXX_20260618,,,,,,563.849976,546.179993,,,,,,-3.6057,pending,,2026-06-22T13:15:51+00:00
trackb_rev_IDXX_20260619,,,,,,,,,,,,,,pending,,2026-06-22T13:15:51+00:00
trackb_rev_IDXX_20260622,,,,,,,,,,,,,,pending,,2026-06-22T13:15:51+00:00
trackb_rev_IIIN_20260612,,,,,,29.889999,28.379999,,,,,,-1.7993,pending,,2026-06-22T13:16:53+00:00
trackb_rev_IMKTA_20260603,93.610001,87.07,,,,94.690002,85.690002,,,,,,-4.4278,pending,,2026-06-22T13:15:48+00:00
trackb_rev_IMKTA_20260604,93.050003,87.43,,,,94.690002,85.690002,,,,,,-4.4278,pending,,2026-06-22T13:15:48+00:00
trackb_rev_IMKTA_20260605,92.010002,,,,,94.690002,85.720001,,,,,,-4.3944,pending,,2026-06-22T13:15:48+00:00
trackb_rev_IMKTA_20260608,88.32,,,,,94.690002,85.720001,,,,,,-4.3944,pending,,2026-06-22T13:15:48+00:00
trackb_rev_IMKTA_20260618,,,,,,87.93,85.720001,,,,,,-1.5505,pending,,2026-06-22T13:15:48+00:00
trackb_rev_IMKTA_20260619,,,,,,,,,,,,,,pending,,2026-06-22T13:15:48+00:00
trackb_rev_IMKTA_20260622,,,,,,,,,,,,,,pending,,2026-06-22T13:15:48+00:00
trackb_rev_IPAR_20260603,98.360001,96.589996,,,,103.129997,87.709999,,,,,,-2.685,pending,,2026-06-22T13:15:49+00:00
trackb_rev_IPAR_20260604,100.150002,99.089996,,,,103.129997,87.879997,,,,,,-2.4964,pending,,2026-06-22T13:15:49+00:00
trackb_rev_IPAR_20260605,101.779999,,,,,103.129997,88.669998,,,,,,-1.6199,pending,,2026-06-22T13:15:49+00:00
trackb_rev_IPAR_20260608,99.419998,,,,,103.129997,91.269997,,,,,,-0.0,pending,,2026-06-22T13:15:49+00:00
trackb_rev_IPAR_20260609,100.169998,,,,,103.129997,92.760002,,,,,,0.4005,pending,,2026-06-22T13:15:49+00:00
trackb_rev_IPAR_20260610,96.589996,,,,,103.129997,95.709999,,,,,,3.5935,pending,,2026-06-22T13:15:49+00:00
trackb_rev_IPGP_20260610,113.639999,,,,,121.730003,101.449997,,,,,,-8.8254,pending,,2026-06-22T13:14:07+00:00
trackb_rev_IQV_20260618,,,,,,171.0,162.220001,,,,,,-4.8563,pending,,2026-06-22T13:15:25+00:00
trackb_rev_IQV_20260619,,,,,,,,,,,,,,pending,,2026-06-22T13:15:25+00:00
trackb_rev_IQV_20260622,,,,,,,,,,,,,,pending,,2026-06-22T13:15:25+00:00
trackb_rev_IRT_20260618,,,,,,16.15,15.73,,,,,,-1.6568,pending,,2026-06-22T13:17:22+00:00
trackb_rev_IRT_20260619,,,,,,,,,,,,,,pending,,2026-06-22T13:17:22+00:00
trackb_rev_IRT_20260622,,,,,,,,,,,,,,pending,,2026-06-22T13:17:22+00:00
trackb_rev_IR_20260615,,,,,,80.860001,75.900002,,,,,,-1.5309,pending,,2026-06-22T13:17:08+00:00
trackb_rev_IR_20260616,,,,,,80.860001,76.410004,,,,,,-1.7866,pending,,2026-06-22T13:17:08+00:00
trackb_rev_IR_20260617,,,,,,80.860001,76.860001,,,,,,-1.2082,pending,,2026-06-22T13:17:08+00:00
trackb_rev_ITRI_20260610,79.260002,,,,,82.639999,78.5,,,,,,-4.0342,pending,,2026-06-22T13:16:24+00:00
trackb_rev_ITW_20260616,,,,,,269.51001,261.0,,,,,,-0.5752,pending,,2026-06-22T13:17:30+00:00
trackb_rev_ITW_20260617,,,,,,269.51001,261.0,,,,,,-0.5752,pending,,2026-06-22T13:17:30+00:00
trackb_rev_IT_20260616,,,,,,146.5,126.169998,,,,,,-13.6561,pending,,2026-06-22T13:15:20+00:00
trackb_rev_IT_20260617,,,,,,142.369995,126.169998,,,,,,-13.6561,pending,,2026-06-22T13:15:20+00:00
trackb_rev_IVDA_20260609,0.52,,,,,0.7,0.27,,,,,,-6.8965,pending,,2026-06-22T13:16:16+00:00
trackb_rev_IVDA_20260610,0.46,,,,,0.7,0.27,,,,,,-6.8965,pending,,2026-06-22T13:16:16+00:00
trackb_rev_IVDA_20260611,0.43,,,,,0.7,0.27,,,,,,0.0,pending,,2026-06-22T13:16:16+00:00
trackb_rev_IVR_20260616,,,,,,8.22,7.98,,,,,,-1.7846,pending,,2026-06-22T13:17:36+00:00
trackb_rev_IVR_20260617,,,,,,8.2,7.98,,,,,,-1.7846,pending,,2026-06-22T13:17:36+00:00
trackb_rev_IVR_20260618,,,,,,8.14,7.98,,,,,,-1.7846,pending,,2026-06-22T13:17:36+00:00
trackb_rev_IVR_20260619,,,,,,,,,,,,,,pending,,2026-06-22T13:17:36+00:00
trackb_rev_JBGS_20260616,,,,,,14.44,13.71,,,,,,-4.2598,pending,,2026-06-22T13:17:32+00:00
trackb_rev_JBGS_20260617,,,,,,14.44,13.71,,,,,,-4.2598,pending,,2026-06-22T13:17:32+00:00
trackb_rev_JBGS_20260618,,,,,,14.44,13.99,,,,,,-0.5686,pending,,2026-06-22T13:17:32+00:00
trackb_rev_JBGS_20260619,,,,,,,,,,,,,,pending,,2026-06-22T13:17:32+00:00
trackb_rev_JBGS_20260622,,,,,,,,,,,,,,pending,,2026-06-22T13:17:32+00:00
trackb_rev_JBLU_20260609,5.22,,,,,5.69,4.56,,,,,,-4.2017,pending,,2026-06-22T13:16:13+00:00
trackb_rev_JFB_20260608,5.05,,,,,5.8,4.301,,,,,,-22.7828,pending,,2026-06-22T13:16:01+00:00
trackb_rev_JFB_20260616,,,,,,5.39,4.301,,,,,,-19.9814,pending,,2026-06-22T13:16:01+00:00
trackb_rev_JFB_20260617,,,,,,5.21,4.301,,,,,,-19.9814,pending,,2026-06-22T13:16:01+00:00
trackb_rev_JJSF_20260611,74.580002,,,,,81.360001,73.059998,,,,,,-7.8689,pending,,2026-06-22T13:16:39+00:00
trackb_rev_JJSF_20260618,,,,,,75.550003,74.279999,,,,,,-0.2953,pending,,2026-06-22T13:16:39+00:00
trackb_rev_JJSF_20260619,,,,,,,,,,,,,,pending,,2026-06-22T13:16:39+00:00
trackb_rev_JJSF_20260622,,,,,,,,,,,,,,pending,,2026-06-22T13:16:39+00:00
trackb_rev_JLL_20260616,,,,,,313.359985,292.290009,,,,,,-2.5424,pending,,2026-06-22T13:17:29+00:00
trackb_rev_JLL_20260617,,,,,,313.359985,292.290009,,,,,,-2.5424,pending,,2026-06-22T13:17:29+00:00
trackb_rev_JLL_20260618,,,,,,307.480011,292.290009,,,,,,-4.9409,pending,,2026-06-22T13:17:29+00:00
trackb_rev_JLL_20260619,,,,,,,,,,,,,,pending,,2026-06-22T13:17:29+00:00
trackb_rev_JLL_20260622,,,,,,,,,,,,,,pending,,2026-06-22T13:17:29+00:00
trackb_rev_JNJ_20260603,238.490005,234.199997,,,,241.600006,222.0,,,,,,-1.1268,pending,,2026-06-22T13:15:44+00:00
trackb_rev_JNJ_20260604,238.330002,228.389999,,,,241.600006,225.899994,,,,,,0.6102,pending,,2026-06-22T13:15:44+00:00
trackb_rev_JNJ_20260605,240.869995,,,,,241.600006,227.600006,,,,,,1.3673,pending,,2026-06-22T13:15:44+00:00
trackb_rev_JRVR_20260618,,,,,,4.08,3.82,,,,,,-5.2109,pending,,2026-06-22T13:17:47+00:00
trackb_rev_JRVR_20260619,,,,,,,,,,,,,,pending,,2026-06-22T13:17:47+00:00
trackb_rev_JRVR_20260622,,,,,,,,,,,,,,pending,,2026-06-22T13:17:47+00:00
trackb_rev_J_20260609,124.82,,,,,128.899994,119.620003,,,,,,-0.2834,pending,,2026-06-22T13:16:13+00:00
trackb_rev_J_20260610,122.849998,,,,,128.899994,119.620003,,,,,,-0.2834,pending,,2026-06-22T13:16:13+00:00
trackb_rev_J_20260612,,,,,,128.899994,119.620003,,,,,,-5.2965,pending,,2026-06-22T13:16:13+00:00
trackb_rev_KBR_20260612,,,,,,36.25,32.459999,,,,,,-8.2014,pending,,2026-06-22T13:16:08+00:00
trackb_rev_KBR_20260618,,,,,,33.959999,32.459999,,,,,,-3.9361,pending,,2026-06-22T13:16:08+00:00
trackb_rev_KBR_20260619,,,,,,,,,,,,,,pending,,2026-06-22T13:16:08+00:00
trackb_rev_KBR_20260622,,,,,,,,,,,,,,pending,,2026-06-22T13:16:08+00:00
trackb_rev_KIDZ_20260616,,,,,,1.672,1.31,,,,,,-22.4852,pending,,2026-06-22T13:17:31+00:00
trackb_rev_KIDZ_20260617,,,,,,1.55,1.31,,,,,,-22.4852,pending,,2026-06-22T13:17:31+00:00
trackb_rev_KIDZ_20260618,,,,,,1.55,1.45,,,,,,-14.2012,pending,,2026-06-22T13:17:31+00:00
trackb_rev_KIDZ_20260619,,,,,,,,,,,,,,pending,,2026-06-22T13:17:31+00:00
trackb_rev_KMT_20260618,,,,,,37.380001,35.990002,,,,,,-2.6245,pending,,2026-06-22T13:17:46+00:00
trackb_rev_KMT_20260619,,,,,,,,,,,,,,pending,,2026-06-22T13:17:46+00:00
trackb_rev_KMT_20260622,,,,,,,,,,,,,,pending,,2026-06-22T13:17:46+00:00
trackb_rev_KNF_20260616,,,,,,88.305,81.279999,,,,,,1.082,pending,,2026-06-22T13:17:31+00:00
trackb_rev_KNF_20260617,,,,,,88.305,81.860001,,,,,,1.8033,pending,,2026-06-22T13:17:31+00:00
trackb_rev_KNF_20260618,,,,,,88.305,84.32,,,,,,1.0304,pending,,2026-06-22T13:17:31+00:00
trackb_rev_KNF_20260619,,,,,,,,,,,,,,pending,,2026-06-22T13:17:31+00:00
trackb_rev_KNSL_20260618,,,,,,312.820007,305.279999,,,,,,-2.4103,pending,,2026-06-22T13:17:43+00:00
trackb_rev_KNSL_20260619,,,,,,,,,,,,,,pending,,2026-06-22T13:17:43+00:00
trackb_rev_KNSL_20260622,,,,,,,,,,,,,,pending,,2026-06-22T13:17:43+00:00
trackb_rev_KR_20260622,,,,,,,,,,,,,,pending,,2026-06-22T13:17:54+00:00
trackb_rev_KTB_20260608,79.220001,,,,,82.224998,71.620003,,,,,,2.2121,pending,,2026-06-22T13:15:59+00:00
trackb_rev_KTB_20260609,77.480003,,,,,82.224998,73.040001,,,,,,1.0934,pending,,2026-06-22T13:15:59+00:00
trackb_rev_KTOS_20260603,54.82,56.16,,,,63.59,52.939999,,,,,,-10.2636,pending,,2026-06-22T13:15:41+00:00
trackb_rev_KTOS_20260604,58.779999,54.209999,,,,63.59,52.939999,,,,,,-10.2636,pending,,2026-06-22T13:15:41+00:00
trackb_rev_KTOS_20260605,57.75,,,,,62.099998,52.939999,,,,,,-10.2636,pending,,2026-06-22T13:15:41+00:00
trackb_rev_KTOS_20260608,57.02,,,,,61.700001,52.939999,,,,,,-10.2636,pending,,2026-06-22T13:15:41+00:00
trackb_rev_KTOS_20260612,,,,,,61.700001,52.939999,,,,,,-9.9354,pending,,2026-06-22T13:15:41+00:00
trackb_rev_KTOS_20260615,,,,,,59.5,52.939999,,,,,,-10.5755,pending,,2026-06-22T13:15:41+00:00
trackb_rev_KTOS_20260616,,,,,,58.400002,52.939999,,,,,,-8.9752,pending,,2026-06-22T13:15:41+00:00
trackb_rev_KTOS_20260617,,,,,,58.400002,52.939999,,,,,,-8.9752,pending,,2026-06-22T13:15:41+00:00
trackb_rev_KTOS_20260618,,,,,,56.75,52.939999,,,,,,-8.9752,pending,,2026-06-22T13:15:41+00:00
trackb_rev_KTOS_20260619,,,,,,,,,,,,,,pending,,2026-06-22T13:15:41+00:00
trackb_rev_LADR_20260616,,,,,,10.35,10.06,,,,,,-0.5929,pending,,2026-06-22T13:16:29+00:00
trackb_rev_LADR_20260617,,,,,,10.35,10.06,,,,,,-0.5929,pending,,2026-06-22T13:16:29+00:00
trackb_rev_LEG_20260608,10.77,,,,,11.32,9.84,,,,,,-1.6983,pending,,2026-06-22T13:16:01+00:00
trackb_rev_LE_20260609,12.13,,,,,12.94,10.51,,,,,,-6.2444,pending,,2026-06-22T13:16:14+00:00
trackb_rev_LHX_20260603,303.0,313.170013,,,,318.519989,291.660004,,,,,,-5.2529,pending,,2026-06-22T13:15:43+00:00
trackb_rev_LHX_20260604,312.170013,294.820007,,,,318.519989,291.660004,,,,,,-5.2529,pending,,2026-06-22T13:15:43+00:00
trackb_rev_LHX_20260605,307.790009,,,,,318.519989,291.660004,,,,,,-5.2529,pending,,2026-06-22T13:15:43+00:00
trackb_rev_LHX_20260608,304.170013,,,,,318.519989,291.660004,,,,,,-5.2529,pending,,2026-06-22T13:15:43+00:00
trackb_rev_LHX_20260618,,,,,,317.570007,291.660004,,,,,,-7.516,pending,,2026-06-22T13:15:43+00:00
trackb_rev_LHX_20260619,,,,,,,,,,,,,,pending,,2026-06-22T13:15:43+00:00
trackb_rev_LHX_20260622,,,,,,,,,,,,,,pending,,2026-06-22T13:15:43+00:00
trackb_rev_LH_20260618,,,,,,260.059998,254.029999,,,,,,-1.8336,pending,,2026-06-22T13:16:07+00:00
trackb_rev_LH_20260619,,,,,,,,,,,,,,pending,,2026-06-22T13:16:07+00:00
trackb_rev_LH_20260622,,,,,,,,,,,,,,pending,,2026-06-22T13:16:07+00:00
trackb_rev_LILAK_20260603,5.353261,5.25,,,,5.597826,4.755,,,,,,-38.5659,pending,,2026-06-22T13:15:47+00:00
trackb_rev_LILAK_20260604,5.380435,4.79,,,,5.597826,4.755,,,,,,-38.5659,pending,,2026-06-22T13:15:47+00:00
trackb_rev_LILAK_20260605,5.570652,,,,,5.597826,4.755,,,,,,-38.5659,pending,,2026-06-22T13:15:47+00:00
trackb_rev_LILAK_20260608,5.271739,,,,,5.597826,4.755,,,,,,-38.5659,pending,,2026-06-22T13:15:47+00:00
trackb_rev_LMB_20260612,,,,,,84.357002,78.029999,,,,,,-4.1047,pending,,2026-06-22T13:16:53+00:00
trackb_rev_LMB_20260616,,,,,,83.0,78.620003,,,,,,-2.2686,pending,,2026-06-22T13:16:53+00:00
trackb_rev_LMB_20260617,,,,,,83.0,79.129997,,,,,,-1.6347,pending,,2026-06-22T13:16:53+00:00
trackb_rev_LMB_20260618,,,,,,83.0,79.129997,,,,,,-1.6347,pending,,2026-06-22T13:16:53+00:00
trackb_rev_LMB_20260619,,,,,,,,,,,,,,pending,,2026-06-22T13:16:53+00:00
trackb_rev_LMND_20260603,55.860001,57.279999,,,,61.798,50.25,,,,,,-4.3404,pending,,2026-06-22T13:15:40+00:00
trackb_rev_LMND_20260604,57.18,58.84,,,,61.798,50.25,,,,,,-4.3404,pending,,2026-06-22T13:15:40+00:00
trackb_rev_LMND_20260605,57.490002,,,,,61.798,50.25,,,,,,-4.3404,pending,,2026-06-22T13:15:40+00:00
trackb_rev_LMND_20260608,60.75,,,,,61.798,50.25,,,,,,-2.3513,pending,,2026-06-22T13:15:40+00:00
trackb_rev_LMT_20260603,525.02002,532.320007,,,,550.98999,505.179993,,,,,,-3.5272,pending,,2026-06-22T13:15:39+00:00
trackb_rev_LMT_20260604,548.679993,510.950012,,,,550.98999,505.179993,,,,,,-3.5272,pending,,2026-06-22T13:15:39+00:00
trackb_rev_LMT_20260605,540.330017,,,,,550.98999,505.179993,,,,,,-3.5272,pending,,2026-06-22T13:15:39+00:00
trackb_rev_LMT_20260608,530.359985,,,,,550.98999,505.179993,,,,,,-3.5272,pending,,2026-06-22T13:15:39+00:00
trackb_rev_LMT_20260618,,,,,,536.900024,505.179993,,,,,,-5.5738,pending,,2026-06-22T13:15:39+00:00
trackb_rev_LMT_20260619,,,,,,,,,,,,,,pending,,2026-06-22T13:15:39+00:00
trackb_rev_LMT_20260622,,,,,,,,,,,,,,pending,,2026-06-22T13:15:39+00:00
trackb_rev_LOCL_20260603,1.39,1.32,,,,1.65,1.21,,,,,,-23.4129,pending,,2026-06-22T13:15:46+00:00
trackb_rev_LOCL_20260604,1.36,1.29,,,,1.58,1.21,,,,,,-23.4129,pending,,2026-06-22T13:15:46+00:00
trackb_rev_LOCL_20260605,1.35,,,,,1.53,1.21,,,,,,-23.4129,pending,,2026-06-22T13:15:46+00:00
trackb_rev_LOCL_20260608,1.32,,,,,1.505,1.21,,,,,,-23.4129,pending,,2026-06-22T13:15:46+00:00
trackb_rev_LOVE_20260618,,,,,,14.96,13.85,,,,,,-1.283,pending,,2026-06-22T13:15:58+00:00
trackb_rev_LOVE_20260619,,,,,,,,,,,,,,pending,,2026-06-22T13:15:58+00:00
trackb_rev_LOVE_20260622,,,,,,,,,,,,,,pending,,2026-06-22T13:15:58+00:00
trackb_rev_LPLA_20260616,,,,,,308.529999,290.959991,,,,,,-2.5031,pending,,2026-06-22T13:17:37+00:00
trackb_rev_LPLA_20260617,,,,,,308.529999,290.959991,,,,,,-2.5031,pending,,2026-06-22T13:17:37+00:00
trackb_rev_LRN_20260618,,,,,,84.419998,80.220001,,,,,,-3.1633,pending,,2026-06-22T13:14:15+00:00
trackb_rev_LRN_20260619,,,,,,,,,,,,,,pending,,2026-06-22T13:14:15+00:00
trackb_rev_LRN_20260622,,,,,,,,,,,,,,pending,,2026-06-22T13:14:15+00:00
trackb_rev_LVS_20260612,,,,,,51.669998,48.009998,,,,,,-5.1373,pending,,2026-06-22T13:16:51+00:00
trackb_rev_LVS_20260616,,,,,,50.139999,48.009998,,,,,,-3.0689,pending,,2026-06-22T13:16:51+00:00
trackb_rev_LVS_20260617,,,,,,49.16,48.009998,,,,,,-3.0689,pending,,2026-06-22T13:16:51+00:00
trackb_rev_LVS_20260618,,,,,,49.049999,48.029999,,,,,,-3.0285,pending,,2026-06-22T13:16:51+00:00
trackb_rev_LVS_20260619,,,,,,,,,,,,,,pending,,2026-06-22T13:16:51+00:00
trackb_rev_LVS_20260622,,,,,,,,,,,,,,pending,,2026-06-22T13:16:51+00:00
trackb_rev_LZ_20260608,5.98,,,,,6.14,5.375,,,,,,-6.3589,pending,,2026-06-22T13:16:02+00:00
trackb_rev_MBC_20260608,9.17,,,,,9.35,8.4,,,,,,-0.7092,pending,,2026-06-22T13:16:00+00:00
trackb_rev_MCD_20260618,,,,,,284.76001,277.929993,,,,,,-2.0787,pending,,2026-06-22T13:17:42+00:00
trackb_rev_MCD_20260619,,,,,,,,,,,,,,pending,,2026-06-22T13:17:42+00:00
trackb_rev_MCD_20260622,,,,,,,,,,,,,,pending,,2026-06-22T13:17:42+00:00
trackb_rev_MCK_20260616,,,,,,787.570007,747.400024,,,,,,-3.8541,pending,,2026-06-22T13:17:29+00:00
trackb_rev_MCK_20260617,,,,,,784.669983,747.400024,,,,,,-3.8541,pending,,2026-06-22T13:17:29+00:00
trackb_rev_MCK_20260618,,,,,,778.01001,747.400024,,,,,,-3.6247,pending,,2026-06-22T13:17:29+00:00
trackb_rev_MCK_20260619,,,,,,,,,,,,,,pending,,2026-06-22T13:17:29+00:00
trackb_rev_MCK_20260622,,,,,,,,,,,,,,pending,,2026-06-22T13:17:29+00:00
trackb_rev_MCO_20260616,,,,,,472.429993,448.850006,,,,,,-2.3517,pending,,2026-06-22T13:17:29+00:00
trackb_rev_MCO_20260617,,,,,,472.429993,448.850006,,,,,,-2.3517,pending,,2026-06-22T13:17:29+00:00
trackb_rev_MCO_20260618,,,,,,460.25,448.850006,,,,,,-2.3517,pending,,2026-06-22T13:17:29+00:00
trackb_rev_MCO_20260619,,,,,,,,,,,,,,pending,,2026-06-22T13:17:29+00:00
trackb_rev_MEDP_20260603,465.730011,457.089996,,,,479.299988,434.380005,,,,,,-1.0794,pending,,2026-06-22T13:15:38+00:00
trackb_rev_MEDP_20260604,475.070007,460.200012,,,,479.299988,442.950012,,,,,,0.8722,pending,,2026-06-22T13:15:38+00:00
trackb_rev_MEDP_20260605,467.339996,,,,,479.299988,442.950012,,,,,,0.8722,pending,,2026-06-22T13:15:38+00:00
trackb_rev_METC_20260612,,,,,,15.69,13.78,,,,,,-7.3302,pending,,2026-06-22T13:14:32+00:00
trackb_rev_METC_20260618,,,,,,14.89,13.94,,,,,,-4.0606,pending,,2026-06-22T13:14:32+00:00
trackb_rev_METC_20260619,,,,,,,,,,,,,,pending,,2026-06-22T13:14:32+00:00
trackb_rev_METC_20260622,,,,,,,,,,,,,,pending,,2026-06-22T13:14:32+00:00
trackb_rev_MHK_20260612,,,,,,116.029999,107.050003,,,,,,-2.1033,pending,,2026-06-22T13:14:59+00:00
trackb_rev_MH_20260603,12.8,10.1,,,,13.19,9.39,,,,,,-18.5956,pending,,2026-06-22T13:15:43+00:00
trackb_rev_MH_20260604,12.36,9.68,,,,13.19,9.39,,,,,,-18.5956,pending,,2026-06-22T13:15:43+00:00
trackb_rev_MH_20260605,11.76,,,,,13.19,9.39,,,,,,-18.5956,pending,,2026-06-22T13:15:43+00:00
trackb_rev_MH_20260608,10.29,,,,,13.19,9.39,,,,,,-18.5956,pending,,2026-06-22T13:15:43+00:00
trackb_rev_MH_20260609,10.31,,,,,13.19,9.39,,,,,,-21.1587,pending,,2026-06-22T13:15:43+00:00
trackb_rev_MH_20260616,,,,,,10.99,9.39,,,,,,-13.8224,pending,,2026-06-22T13:15:43+00:00
trackb_rev_MH_20260617,,,,,,10.99,9.39,,,,,,-13.8224,pending,,2026-06-22T13:15:43+00:00
trackb_rev_MIRA_20260609,0.95,,,,,1.02,0.932,,,,,,-6.8,pending,,2026-06-22T13:16:15+00:00
trackb_rev_MIRA_20260610,0.978,,,,,1.0,0.932,,,,,,-6.8,pending,,2026-06-22T13:16:15+00:00
trackb_rev_MKC_20260616,,,,,,48.389999,45.860001,,,,,,-3.9883,pending,,2026-06-22T13:17:31+00:00
trackb_rev_MKC_20260617,,,,,,47.580002,45.860001,,,,,,-3.9883,pending,,2026-06-22T13:17:31+00:00
trackb_rev_MKC_20260618,,,,,,47.169998,45.900002,,,,,,-1.3009,pending,,2026-06-22T13:17:31+00:00
trackb_rev_MKC_20260619,,,,,,,,,,,,,,pending,,2026-06-22T13:17:31+00:00
trackb_rev_MKC_20260622,,,,,,,,,,,,,,pending,,2026-06-22T13:17:31+00:00
trackb_rev_MLAB_20260618,,,,,,97.800003,94.139999,,,,,,-0.8531,pending,,2026-06-22T13:14:46+00:00
trackb_rev_MLAB_20260619,,,,,,,,,,,,,,pending,,2026-06-22T13:14:46+00:00
trackb_rev_MLAB_20260622,,,,,,,,,,,,,,pending,,2026-06-22T13:14:46+00:00
trackb_rev_MLKN_20260608,15.59,,,,,16.809999,14.42,,,,,,-2.4357,pending,,2026-06-22T13:16:01+00:00
trackb_rev_MLKN_20260609,15.7,,,,,16.809999,14.66,,,,,,0.9642,pending,,2026-06-22T13:16:01+00:00
trackb_rev_MLM_20260611,609.119995,,,,,616.609985,545.559998,,,,,,-1.3222,pending,,2026-06-22T13:16:38+00:00
trackb_rev_MLM_20260612,,,,,,616.609985,565.0,,,,,,-0.0955,pending,,2026-06-22T13:16:38+00:00
trackb_rev_MLM_20260616,,,,,,616.609985,586.880005,,,,,,-0.7702,pending,,2026-06-22T13:16:38+00:00
trackb_rev_MLM_20260617,,,,,,616.609985,586.880005,,,,,,-0.7702,pending,,2026-06-22T13:16:38+00:00
trackb_rev_MMSI_20260603,66.989998,65.239998,,,,69.080002,60.02,,,,,,-1.0061,pending,,2026-06-22T13:15:42+00:00
trackb_rev_MMSI_20260604,66.889999,67.220001,,,,69.080002,61.880001,,,,,,2.0617,pending,,2026-06-22T13:15:42+00:00
trackb_rev_MMSI_20260605,66.529999,,,,,69.080002,63.169998,,,,,,4.1893,pending,,2026-06-22T13:15:42+00:00
trackb_rev_MMSI_20260608,66.940002,,,,,69.080002,64.040001,,,,,,5.6243,pending,,2026-06-22T13:15:42+00:00
trackb_rev_MMSI_20260622,,,,,,,,,,,,,,pending,,2026-06-22T13:15:42+00:00
trackb_rev_MMS_20260616,,,,,,62.07,55.259998,,,,,,-10.2922,pending,,2026-06-22T13:17:32+00:00
trackb_rev_MMS_20260617,,,,,,61.619999,55.259998,,,,,,-10.2922,pending,,2026-06-22T13:17:32+00:00
trackb_rev_MMS_20260618,,,,,,59.009998,55.259998,,,,,,-6.9384,pending,,2026-06-22T13:17:32+00:00
trackb_rev_MMS_20260619,,,,,,,,,,,,,,pending,,2026-06-22T13:17:32+00:00
trackb_rev_MMS_20260622,,,,,,,,,,,,,,pending,,2026-06-22T13:17:32+00:00
trackb_rev_MOD_20260612,,,,,,302.98999,265.51001,,,,,,-2.2099,pending,,2026-06-22T13:14:57+00:00
trackb_rev_MORN_20260615,,,,,,178.240005,153.380005,,,,,,-12.7283,pending,,2026-06-22T13:17:08+00:00
trackb_rev_MORN_20260616,,,,,,176.880005,153.380005,,,,,,-12.7432,pending,,2026-06-22T13:17:08+00:00
trackb_rev_MORN_20260617,,,,,,172.429993,153.380005,,,,,,-12.7432,pending,,2026-06-22T13:17:08+00:00
trackb_rev_MORN_20260618,,,,,,163.169998,153.380005,,,,,,-6.6464,pending,,2026-06-22T13:17:08+00:00
trackb_rev_MORN_20260619,,,,,,,,,,,,,,pending,,2026-06-22T13:17:08+00:00
trackb_rev_MORN_20260622,,,,,,,,,,,,,,pending,,2026-06-22T13:17:08+00:00
trackb_rev_MOS_20260603,19.82,22.51,,,,24.290001,19.799999,,,,,,-16.4557,pending,,2026-06-22T13:15:48+00:00
trackb_rev_MOS_20260604,21.09,22.9,,,,24.290001,19.799999,,,,,,-16.4557,pending,,2026-06-22T13:15:48+00:00
trackb_rev_MOS_20260605,22.690001,,,,,24.290001,19.799999,,,,,,-16.4557,pending,,2026-06-22T13:15:48+00:00
trackb_rev_MOS_20260608,22.52,,,,,24.290001,19.799999,,,,,,-10.9712,pending,,2026-06-22T13:15:48+00:00
trackb_rev_MOS_20260610,22.51,,,,,24.290001,19.799999,,,,,,-7.3901,pending,,2026-06-22T13:15:48+00:00
trackb_rev_MOS_20260612,,,,,,24.290001,21.35,,,,,,1.2328,pending,,2026-06-22T13:15:48+00:00
trackb_rev_MP_20260610,60.84,,,,,62.459999,53.290001,,,,,,-7.4505,pending,,2026-06-22T13:15:04+00:00
trackb_rev_MP_20260611,60.880001,,,,,62.459999,53.310001,,,,,,-0.2619,pending,,2026-06-22T13:15:04+00:00
trackb_rev_MP_20260612,,,,,,62.459999,56.029999,,,,,,-2.0112,pending,,2026-06-22T13:15:04+00:00
trackb_rev_MRK_20260603,119.089996,115.440002,,,,123.459999,111.57,,,,,,-3.8273,pending,,2026-06-22T13:15:38+00:00
trackb_rev_MRK_20260604,120.760002,113.870003,,,,123.459999,111.57,,,,,,-3.8273,pending,,2026-06-22T13:15:38+00:00
trackb_rev_MRK_20260605,119.050003,,,,,123.459999,111.57,,,,,,-3.8273,pending,,2026-06-22T13:15:38+00:00
trackb_rev_MRK_20260608,114.900002,,,,,122.709999,111.57,,,,,,-3.8273,pending,,2026-06-22T13:15:38+00:00
trackb_rev_MRK_20260618,,,,,,114.940002,111.57,,,,,,-2.7289,pending,,2026-06-22T13:15:38+00:00
trackb_rev_MRK_20260619,,,,,,,,,,,,,,pending,,2026-06-22T13:15:38+00:00
trackb_rev_MRK_20260622,,,,,,,,,,,,,,pending,,2026-06-22T13:15:38+00:00
trackb_rev_MRP_20260612,,,,,,29.719999,27.945,,,,,,-4.5594,pending,,2026-06-22T13:15:55+00:00
trackb_rev_MRSH_20260618,,,,,,165.0,160.679993,,,,,,-2.0632,pending,,2026-06-22T13:17:19+00:00
trackb_rev_MRSH_20260619,,,,,,,,,,,,,,pending,,2026-06-22T13:17:19+00:00
trackb_rev_MRSH_20260622,,,,,,,,,,,,,,pending,,2026-06-22T13:17:19+00:00
trackb_rev_MSEX_20260622,,,,,,,,,,,,,,pending,,2026-06-22T13:14:24+00:00
trackb_rev_MSFT_20260611,379.399994,,,,,401.75,373.279999,,,,,,-6.06,pending,,2026-06-22T13:16:37+00:00
trackb_rev_MSI_20260616,,,,,,416.459991,392.420013,,,,,,-4.7305,pending,,2026-06-22T13:17:26+00:00
trackb_rev_MSI_20260617,,,,,,407.209991,392.420013,,,,,,-4.7305,pending,,2026-06-22T13:17:26+00:00
trackb_rev_MSI_20260618,,,,,,400.600006,392.420013,,,,,,-4.7305,pending,,2026-06-22T13:17:26+00:00
trackb_rev_MSI_20260619,,,,,,,,,,,,,,pending,,2026-06-22T13:17:26+00:00
trackb_rev_MSS_20260612,,,,,,1.085,0.716,,,,,,-33.0841,pending,,2026-06-22T13:16:57+00:00
trackb_rev_MSS_20260616,,,,,,0.877,0.716,,,,,,-17.3496,pending,,2026-06-22T13:16:57+00:00
trackb_rev_MSS_20260617,,,,,,0.804,0.716,,,,,,-17.3496,pending,,2026-06-22T13:16:57+00:00
trackb_rev_MSS_20260618,,,,,,0.804,0.72,,,,,,-6.4935,pending,,2026-06-22T13:16:57+00:00
trackb_rev_MSS_20260619,,,,,,,,,,,,,,pending,,2026-06-22T13:16:57+00:00
trackb_rev_MSS_20260622,,,,,,,,,,,,,,pending,,2026-06-22T13:16:57+00:00
trackb_rev_MTD_20260609,1151.569946,,,,,1169.310059,1113.900024,,,,,,-2.1934,pending,,2026-06-22T13:16:13+00:00
trackb_rev_MTD_20260612,,,,,,1167.390015,1121.060059,,,,,,-1.7691,pending,,2026-06-22T13:16:13+00:00
trackb_rev_MTD_20260616,,,,,,1166.199951,1121.060059,,,,,,-2.9339,pending,,2026-06-22T13:16:13+00:00
trackb_rev_MTD_20260617,,,,,,1156.069946,1121.060059,,,,,,-2.9339,pending,,2026-06-22T13:16:13+00:00
trackb_rev_MTD_20260618,,,,,,1151.579956,1129.530029,,,,,,-2.2005,pending,,2026-06-22T13:16:13+00:00
trackb_rev_MTD_20260619,,,,,,,,,,,,,,pending,,2026-06-22T13:16:13+00:00
trackb_rev_MTD_20260622,,,,,,,,,,,,,,pending,,2026-06-22T13:16:13+00:00
trackb_rev_MTG_20260618,,,,,,26.49,25.92,,,,,,-1.9296,pending,,2026-06-22T13:17:46+00:00
trackb_rev_MTG_20260619,,,,,,,,,,,,,,pending,,2026-06-22T13:17:46+00:00
trackb_rev_MTG_20260622,,,,,,,,,,,,,,pending,,2026-06-22T13:17:46+00:00
trackb_rev_MTW_20260616,,,,,,13.39,12.58,,,,,,-0.5534,pending,,2026-06-22T13:17:33+00:00
trackb_rev_MTW_20260617,,,,,,13.39,12.58,,,,,,-0.5534,pending,,2026-06-22T13:17:33+00:00
trackb_rev_MTW_20260618,,,,,,13.39,12.97,,,,,,2.5296,pending,,2026-06-22T13:17:33+00:00
trackb_rev_MTW_20260619,,,,,,,,,,,,,,pending,,2026-06-22T13:17:33+00:00
trackb_rev_MUR_20260618,,,,,,34.799999,33.740002,,,,,,-4.338,pending,,2026-06-22T13:17:43+00:00
trackb_rev_MUR_20260619,,,,,,,,,,,,,,pending,,2026-06-22T13:17:43+00:00
trackb_rev_MUR_20260622,,,,,,,,,,,,,,pending,,2026-06-22T13:17:43+00:00
trackb_rev_NB_20260609,5.19,,,,,5.765,4.765,,,,,,-4.509,pending,,2026-06-22T13:14:34+00:00
trackb_rev_NB_20260611,5.31,,,,,5.765,4.88,,,,,,0.8264,pending,,2026-06-22T13:14:34+00:00
trackb_rev_NB_20260612,,,,,,5.765,5.165,,,,,,-4.7048,pending,,2026-06-22T13:14:34+00:00
trackb_rev_NB_20260616,,,,,,5.47,5.165,,,,,,-5.5759,pending,,2026-06-22T13:14:34+00:00
trackb_rev_NB_20260617,,,,,,5.4,5.165,,,,,,-5.5759,pending,,2026-06-22T13:14:34+00:00
trackb_rev_NCLH_20260603,17.92,19.83,,,,20.84,17.700001,,,,,,-3.4633,pending,,2026-06-22T13:15:44+00:00
trackb_rev_NCLH_20260604,19.059999,20.440001,,,,20.84,17.700001,,,,,,-3.4633,pending,,2026-06-22T13:15:44+00:00
trackb_rev_NCLH_20260605,19.43,,,,,20.84,17.700001,,,,,,-3.4633,pending,,2026-06-22T13:15:44+00:00
trackb_rev_NCLH_20260612,,,,,,20.84,18.76,,,,,,-1.574,pending,,2026-06-22T13:15:44+00:00
trackb_rev_NI_20260618,,,,,,47.41,46.84,,,,,,-0.1918,pending,,2026-06-22T13:17:46+00:00
trackb_rev_NI_20260619,,,,,,,,,,,,,,pending,,2026-06-22T13:17:46+00:00
trackb_rev_NI_20260622,,,,,,,,,,,,,,pending,,2026-06-22T13:17:46+00:00
trackb_rev_NKE_20260603,43.959999,44.189999,,,,46.310001,42.650002,,,,,,-1.7718,pending,,2026-06-22T13:15:41+00:00
trackb_rev_NKE_20260604,45.959999,45.200001,,,,46.310001,42.650002,,,,,,-1.7718,pending,,2026-06-22T13:15:41+00:00
trackb_rev_NKE_20260605,44.93,,,,,46.310001,42.650002,,,,,,-1.7718,pending,,2026-06-22T13:15:41+00:00
trackb_rev_NKE_20260608,45.200001,,,,,46.310001,42.650002,,,,,,-0.7678,pending,,2026-06-22T13:15:41+00:00
trackb_rev_NKE_20260610,44.189999,,,,,46.310001,43.310001,,,,,,0.1851,pending,,2026-06-22T13:15:41+00:00
trackb_rev_NLOP_20260609,11.78,,,,,12.19,11.52,,,,,,-3.1933,pending,,2026-06-22T13:16:16+00:00
trackb_rev_NLOP_20260610,11.65,,,,,12.09,11.52,,,,,,-3.1933,pending,,2026-06-22T13:16:16+00:00
trackb_rev_NLOP_20260611,11.6,,,,,11.98,11.52,,,,,,-2.3729,pending,,2026-06-22T13:16:16+00:00
trackb_rev_NLOP_20260612,,,,,,11.98,11.555,,,,,,-0.8154,pending,,2026-06-22T13:16:16+00:00
trackb_rev_NLOP_20260616,,,,,,11.9,11.555,,,,,,-1.4919,pending,,2026-06-22T13:16:16+00:00
trackb_rev_NLOP_20260617,,,,,,11.855,11.555,,,,,,-1.4919,pending,,2026-06-22T13:16:16+00:00
trackb_rev_NLOP_20260618,,,,,,11.75,11.555,,,,,,-1.4919,pending,,2026-06-22T13:16:16+00:00
trackb_rev_NLOP_20260619,,,,,,,,,,,,,,pending,,2026-06-22T13:16:16+00:00
trackb_rev_NLOP_20260622,,,,,,,,,,,,,,pending,,2026-06-22T13:16:16+00:00
trackb_rev_NMIH_20260622,,,,,,,,,,,,,,pending,,2026-06-22T13:17:52+00:00
trackb_rev_NMRK_20260615,,,,,,15.715,14.685,,,,,,-4.7665,pending,,2026-06-22T13:17:09+00:00
trackb_rev_NMRK_20260616,,,,,,15.715,14.685,,,,,,-2.6516,pending,,2026-06-22T13:17:09+00:00
trackb_rev_NMRK_20260617,,,,,,15.715,14.685,,,,,,-2.6516,pending,,2026-06-22T13:17:09+00:00
trackb_rev_NOV_20260622,,,,,,,,,,,,,,pending,,2026-06-22T13:15:52+00:00
trackb_rev_NRGV_20260616,,,,,,4.37,3.96,,,,,,-4.4632,pending,,2026-06-22T13:15:07+00:00
trackb_rev_NRGV_20260617,,,,,,4.315,3.96,,,,,,-4.4632,pending,,2026-06-22T13:15:07+00:00
trackb_rev_NRGV_20260618,,,,,,4.28,4.05,,,,,,-2.2919,pending,,2026-06-22T13:15:07+00:00
trackb_rev_NRGV_20260619,,,,,,,,,,,,,,pending,,2026-06-22T13:15:07+00:00
trackb_rev_NTGR_20260610,22.77,,,,,25.07,22.32,,,,,,-11.4286,pending,,2026-06-22T13:15:02+00:00
trackb_rev_NTST_20260622,,,,,,,,,,,,,,pending,,2026-06-22T13:17:23+00:00
trackb_rev_NVST_20260616,,,,,,26.200001,24.52,,,,,,-1.2882,pending,,2026-06-22T13:17:33+00:00
trackb_rev_NVST_20260617,,,,,,26.200001,24.700001,,,,,,-0.5636,pending,,2026-06-22T13:17:33+00:00
trackb_rev_NVST_20260618,,,,,,26.040001,25.145,,,,,,1.1464,pending,,2026-06-22T13:17:33+00:00
trackb_rev_NVST_20260619,,,,,,,,,,,,,,pending,,2026-06-22T13:17:33+00:00
trackb_rev_NVST_20260622,,,,,,,,,,,,,,pending,,2026-06-22T13:17:33+00:00
trackb_rev_NWN_20260622,,,,,,,,,,,,,,pending,,2026-06-22T13:17:52+00:00
trackb_rev_NWSA_20260615,,,,,,26.59,24.92,,,,,,-2.5611,pending,,2026-06-22T13:16:09+00:00
trackb_rev_NWSA_20260616,,,,,,26.59,24.92,,,,,,-2.5039,pending,,2026-06-22T13:16:09+00:00
trackb_rev_NWSA_20260617,,,,,,26.59,24.92,,,,,,-2.5039,pending,,2026-06-22T13:16:09+00:00
trackb_rev_NWSA_20260618,,,,,,25.99,24.92,,,,,,-2.5039,pending,,2026-06-22T13:16:09+00:00
trackb_rev_NWSA_20260619,,,,,,,,,,,,,,pending,,2026-06-22T13:16:09+00:00
trackb_rev_NWSA_20260622,,,,,,,,,,,,,,pending,,2026-06-22T13:16:09+00:00
trackb_rev_NWS_20260616,,,,,,30.309999,28.440001,,,,,,-2.0661,pending,,2026-06-22T13:16:50+00:00
trackb_rev_NWS_20260617,,,,,,30.309999,28.440001,,,,,,-2.0661,pending,,2026-06-22T13:16:50+00:00
trackb_rev_NWS_20260618,,,,,,29.6,28.440001,,,,,,-2.0661,pending,,2026-06-22T13:16:50+00:00
trackb_rev_NWS_20260619,,,,,,,,,,,,,,pending,,2026-06-22T13:16:50+00:00
trackb_rev_NWS_20260622,,,,,,,,,,,,,,pending,,2026-06-22T13:16:50+00:00
trackb_rev_NXT_20260611,125.900002,,,,,129.729996,111.790001,,,,,,-0.1429,pending,,2026-06-22T13:15:18+00:00
trackb_rev_OKE_20260618,,,,,,85.290001,83.080002,,,,,,-2.2588,pending,,2026-06-22T13:17:48+00:00
trackb_rev_OKE_20260619,,,,,,,,,,,,,,pending,,2026-06-22T13:17:48+00:00
trackb_rev_OKE_20260622,,,,,,,,,,,,,,pending,,2026-06-22T13:17:48+00:00
trackb_rev_OLLI_20260603,78.300003,77.470001,,,,88.839996,73.610001,,,,,,-7.8377,pending,,2026-06-22T13:15:46+00:00
trackb_rev_OLLI_20260604,83.650002,76.910004,,,,88.839996,73.610001,,,,,,-7.8377,pending,,2026-06-22T13:15:46+00:00
trackb_rev_OLLI_20260605,83.25,,,,,88.839996,74.989998,,,,,,-6.1099,pending,,2026-06-22T13:15:46+00:00
trackb_rev_OLLI_20260608,85.0,,,,,88.839996,75.910004,,,,,,-4.9581,pending,,2026-06-22T13:15:46+00:00
trackb_rev_OLOX_20260622,,,,,,,,,,,,,,pending,,2026-06-22T13:15:06+00:00
trackb_rev_OMF_20260612,,,,,,59.57,56.59,,,,,,-0.2292,pending,,2026-06-22T13:16:54+00:00
trackb_rev_ONDS_20260611,9.27,,,,,9.97,8.92,,,,,,-4.189,pending,,2026-06-22T13:14:27+00:00
trackb_rev_ONDS_20260612,,,,,,9.97,8.92,,,,,,-9.2574,pending,,2026-06-22T13:14:27+00:00
trackb_rev_ONDS_20260616,,,,,,9.74,8.92,,,,,,-8.1265,pending,,2026-06-22T13:14:27+00:00
trackb_rev_ONDS_20260617,,,,,,9.5,8.92,,,,,,-8.1265,pending,,2026-06-22T13:14:27+00:00
trackb_rev_ONT_20260611,17.190001,,,,,17.665001,16.32,,,,,,-2.9149,pending,,2026-06-22T13:16:39+00:00
trackb_rev_ONT_20260616,,,,,,17.665001,16.32,,,,,,-4.6172,pending,,2026-06-22T13:16:39+00:00
trackb_rev_ONT_20260617,,,,,,17.665001,16.674999,,,,,,-2.5424,pending,,2026-06-22T13:16:39+00:00
trackb_rev_ONT_20260618,,,,,,17.665001,16.77,,,,,,-1.9871,pending,,2026-06-22T13:16:39+00:00
trackb_rev_ONT_20260619,,,,,,,,,,,,,,pending,,2026-06-22T13:16:39+00:00
trackb_rev_OPAL_20260610,1.82,,,,,2.04,1.76,,,,,,-17.5644,pending,,2026-06-22T13:15:04+00:00
trackb_rev_OPAL_20260616,,,,,,1.941,1.76,,,,,,-9.5395,pending,,2026-06-22T13:15:04+00:00
trackb_rev_OPAL_20260617,,,,,,1.9,1.76,,,,,,-9.5395,pending,,2026-06-22T13:15:04+00:00
trackb_rev_OPAL_20260618,,,,,,1.87,1.76,,,,,,-9.5395,pending,,2026-06-22T13:15:04+00:00
trackb_rev_OPAL_20260619,,,,,,,,,,,,,,pending,,2026-06-22T13:15:04+00:00
trackb_rev_OPCH_20260603,21.379999,21.709999,,,,22.48,19.870001,,,,,,-1.9975,pending,,2026-06-22T13:15:42+00:00
trackb_rev_OPCH_20260604,20.780001,21.99,,,,22.48,19.870001,,,,,,-1.9975,pending,,2026-06-22T13:15:42+00:00
trackb_rev_OPCH_20260605,20.76,,,,,22.48,19.870001,,,,,,-1.9975,pending,,2026-06-22T13:15:42+00:00
trackb_rev_OPCH_20260608,21.23,,,,,22.48,19.870001,,,,,,-1.9975,pending,,2026-06-22T13:15:42+00:00
trackb_rev_OPCH_20260609,21.620001,,,,,22.48,20.33,,,,,,1.245,pending,,2026-06-22T13:15:42+00:00
trackb_rev_OPCH_20260622,,,,,,,,,,,,,,pending,,2026-06-22T13:15:42+00:00
trackb_rev_OPEN_20260609,4.75,,,,,5.03,4.08,,,,,,-5.3364,pending,,2026-06-22T13:14:48+00:00
trackb_rev_OPEN_20260616,,,,,,5.03,4.43,,,,,,-4.8335,pending,,2026-06-22T13:14:48+00:00
trackb_rev_OPEN_20260617,,,,,,4.86,4.43,,,,,,-4.8335,pending,,2026-06-22T13:14:48+00:00
trackb_rev_OPEN_20260618,,,,,,4.59,4.43,,,,,,-4.8335,pending,,2026-06-22T13:14:48+00:00
trackb_rev_OPEN_20260619,,,,,,,,,,,,,,pending,,2026-06-22T13:14:48+00:00
trackb_rev_ORBS_20260603,0.89,1.03,,,,1.13,0.84,,,,,,-11.3924,pending,,2026-06-22T13:15:47+00:00
trackb_rev_ORBS_20260604,0.89,1.03,,,,1.13,0.84,,,,,,-11.3924,pending,,2026-06-22T13:15:47+00:00
trackb_rev_ORBS_20260605,0.878,,,,,1.13,0.84,,,,,,-11.3924,pending,,2026-06-22T13:15:47+00:00
trackb_rev_ORBS_20260608,1.05,,,,,1.13,0.864,,,,,,-8.8608,pending,,2026-06-22T13:15:47+00:00
trackb_rev_ORBS_20260610,1.03,,,,,1.13,0.87,,,,,,-0.3436,pending,,2026-06-22T13:15:47+00:00
trackb_rev_ORBS_20260612,,,,,,1.13,0.87,,,,,,-2.2472,pending,,2026-06-22T13:15:47+00:00
trackb_rev_ORBS_20260615,,,,,,1.13,0.969,,,,,,-5.0093,pending,,2026-06-22T13:15:47+00:00
trackb_rev_ORBS_20260616,,,,,,1.13,0.985,,,,,,-3.9024,pending,,2026-06-22T13:15:47+00:00
trackb_rev_ORBS_20260617,,,,,,1.13,0.985,,,,,,-3.9024,pending,,2026-06-22T13:15:47+00:00
trackb_rev_ORCL_20260616,,,,,,195.320007,177.699997,,,,,,-8.3501,pending,,2026-06-22T13:14:18+00:00
trackb_rev_ORCL_20260617,,,,,,190.190002,177.699997,,,,,,-8.3501,pending,,2026-06-22T13:14:18+00:00
trackb_rev_ORGN_20260603,1.22,1.12,,,,1.44,1.05,,,,,,-21.0526,pending,,2026-06-22T13:15:46+00:00
trackb_rev_ORGN_20260604,1.12,1.09,,,,1.44,1.05,,,,,,-21.0526,pending,,2026-06-22T13:15:46+00:00
trackb_rev_ORGN_20260605,1.11,,,,,1.37,1.05,,,,,,-21.0526,pending,,2026-06-22T13:15:46+00:00
trackb_rev_ORGN_20260608,1.145,,,,,1.33,1.05,,,,,,-19.8473,pending,,2026-06-22T13:15:46+00:00
trackb_rev_ORGN_20260609,1.09,,,,,1.32,1.05,,,,,,-17.9688,pending,,2026-06-22T13:15:46+00:00
trackb_rev_ORLY_20260618,,,,,,89.339996,86.290001,,,,,,-2.3869,pending,,2026-06-22T13:17:47+00:00
trackb_rev_ORLY_20260619,,,,,,,,,,,,,,pending,,2026-06-22T13:17:47+00:00
trackb_rev_ORLY_20260622,,,,,,,,,,,,,,pending,,2026-06-22T13:17:47+00:00
trackb_rev_OSIS_20260616,,,,,,231.389999,216.279999,,,,,,-2.638,pending,,2026-06-22T13:17:31+00:00
trackb_rev_OSIS_20260617,,,,,,231.389999,216.279999,,,,,,-2.638,pending,,2026-06-22T13:17:31+00:00
trackb_rev_OSIS_20260618,,,,,,227.289993,216.279999,,,,,,-0.5655,pending,,2026-06-22T13:17:31+00:00
trackb_rev_OSIS_20260619,,,,,,,,,,,,,,pending,,2026-06-22T13:17:31+00:00
trackb_rev_OSIS_20260622,,,,,,,,,,,,,,pending,,2026-06-22T13:17:31+00:00
trackb_rev_OSK_20260611,139.539993,,,,,143.009995,128.229996,,,,,,1.0083,pending,,2026-06-22T13:16:38+00:00
trackb_rev_OSK_20260612,,,,,,143.009995,133.360001,,,,,,-0.4479,pending,,2026-06-22T13:16:38+00:00
trackb_rev_OSK_20260616,,,,,,143.009995,135.809998,,,,,,-1.6369,pending,,2026-06-22T13:16:38+00:00
trackb_rev_OSK_20260617,,,,,,143.009995,135.809998,,,,,,-1.6369,pending,,2026-06-22T13:16:38+00:00
trackb_rev_OSK_20260618,,,,,,142.289993,139.490005,,,,,,1.0285,pending,,2026-06-22T13:16:38+00:00
trackb_rev_OSK_20260619,,,,,,,,,,,,,,pending,,2026-06-22T13:16:38+00:00
trackb_rev_OSK_20260622,,,,,,,,,,,,,,pending,,2026-06-22T13:16:38+00:00
trackb_rev_OTIS_20260618,,,,,,74.400002,72.790001,,,,,,-0.7229,pending,,2026-06-22T13:17:45+00:00
trackb_rev_OTIS_20260619,,,,,,,,,,,,,,pending,,2026-06-22T13:17:45+00:00
trackb_rev_OTIS_20260622,,,,,,,,,,,,,,pending,,2026-06-22T13:17:45+00:00
trackb_rev_OXM_20260616,,,,,,37.779999,35.369999,,,,,,-2.776,pending,,2026-06-22T13:15:33+00:00
trackb_rev_OXM_20260617,,,,,,37.41,35.369999,,,,,,-2.776,pending,,2026-06-22T13:15:33+00:00
trackb_rev_OXM_20260618,,,,,,37.330002,35.970001,,,,,,-1.1267,pending,,2026-06-22T13:15:33+00:00
trackb_rev_OXM_20260619,,,,,,,,,,,,,,pending,,2026-06-22T13:15:33+00:00
trackb_rev_O_20260618,,,,,,60.900002,60.220001,,,,,,-1.0678,pending,,2026-06-22T13:17:16+00:00
trackb_rev_O_20260619,,,,,,,,,,,,,,pending,,2026-06-22T13:17:16+00:00
trackb_rev_O_20260622,,,,,,,,,,,,,,pending,,2026-06-22T13:17:16+00:00
trackb_rev_PAL_20260610,7.39,,,,,8.71,7.37,,,,,,2.933,pending,,2026-06-22T13:16:25+00:00
trackb_rev_PATH_20260615,,,,,,11.08,9.88,,,,,,-8.6876,pending,,2026-06-22T13:15:25+00:00
trackb_rev_PATH_20260616,,,,,,10.85,9.88,,,,,,-8.5609,pending,,2026-06-22T13:15:25+00:00
trackb_rev_PATH_20260617,,,,,,10.8,9.88,,,,,,-8.5609,pending,,2026-06-22T13:15:25+00:00
trackb_rev_PATH_20260618,,,,,,10.36,9.88,,,,,,-8.5609,pending,,2026-06-22T13:15:25+00:00
trackb_rev_PATH_20260619,,,,,,,,,,,,,,pending,,2026-06-22T13:15:25+00:00
trackb_rev_PBF_20260622,,,,,,,,,,,,,,pending,,2026-06-22T13:16:04+00:00
trackb_rev_PCAR_20260612,,,,,,122.580002,116.360001,,,,,,-1.0376,pending,,2026-06-22T13:15:53+00:00
trackb_rev_PCG_20260618,,,,,,16.700001,16.4,,,,,,-0.304,pending,,2026-06-22T13:16:05+00:00
trackb_rev_PCG_20260619,,,,,,,,,,,,,,pending,,2026-06-22T13:16:05+00:00
trackb_rev_PCG_20260622,,,,,,,,,,,,,,pending,,2026-06-22T13:16:05+00:00
trackb_rev_PEG_20260618,,,,,,80.889999,79.300003,,,,,,-0.1385,pending,,2026-06-22T13:17:07+00:00
trackb_rev_PEG_20260619,,,,,,,,,,,,,,pending,,2026-06-22T13:17:07+00:00
trackb_rev_PEG_20260622,,,,,,,,,,,,,,pending,,2026-06-22T13:17:07+00:00
trackb_rev_PEN_20260622,,,,,,,,,,,,,,pending,,2026-06-22T13:17:54+00:00
trackb_rev_PESI_20260611,11.0,,,,,11.34,9.33,,,,,,-1.2698,pending,,2026-06-22T13:16:40+00:00
trackb_rev_PESI_20260615,,,,,,11.34,10.15,,,,,,-9.6597,pending,,2026-06-22T13:16:40+00:00
trackb_rev_PESI_20260616,,,,,,11.34,10.15,,,,,,-8.2279,pending,,2026-06-22T13:16:40+00:00
trackb_rev_PESI_20260617,,,,,,11.34,10.5,,,,,,-5.0633,pending,,2026-06-22T13:16:40+00:00
trackb_rev_PESI_20260618,,,,,,11.34,10.74,,,,,,-2.8933,pending,,2026-06-22T13:16:40+00:00
trackb_rev_PESI_20260619,,,,,,,,,,,,,,pending,,2026-06-22T13:16:40+00:00
trackb_rev_PESI_20260622,,,,,,,,,,,,,,pending,,2026-06-22T13:16:40+00:00
trackb_rev_PFE_20260618,,,,,,25.66,24.940001,,,,,,-2.8059,pending,,2026-06-22T13:17:24+00:00
trackb_rev_PFE_20260619,,,,,,,,,,,,,,pending,,2026-06-22T13:17:24+00:00
trackb_rev_PFE_20260622,,,,,,,,,,,,,,pending,,2026-06-22T13:17:24+00:00
trackb_rev_PHM_20260608,122.839996,,,,,128.559998,117.010002,,,,,,-1.174,pending,,2026-06-22T13:16:00+00:00
trackb_rev_PHM_20260610,121.879997,,,,,128.559998,118.059998,,,,,,0.2973,pending,,2026-06-22T13:16:00+00:00
trackb_rev_PHR_20260616,,,,,,9.66,9.017,,,,,,-1.7756,pending,,2026-06-22T13:15:17+00:00
trackb_rev_PHR_20260617,,,,,,9.66,9.07,,,,,,-1.1983,pending,,2026-06-22T13:15:17+00:00
trackb_rev_PHR_20260618,,,,,,9.48,9.07,,,,,,-1.1983,pending,,2026-06-22T13:15:17+00:00
trackb_rev_PHR_20260619,,,,,,,,,,,,,,pending,,2026-06-22T13:15:17+00:00
trackb_rev_PH_20260615,,,,,,964.97998,918.340027,,,,,,-1.0543,pending,,2026-06-22T13:17:10+00:00
trackb_rev_PH_20260616,,,,,,964.97998,921.929993,,,,,,-0.6594,pending,,2026-06-22T13:17:10+00:00
trackb_rev_PH_20260617,,,,,,964.97998,932.039978,,,,,,0.4299,pending,,2026-06-22T13:17:10+00:00
trackb_rev_PH_20260618,,,,,,964.97998,949.099976,,,,,,2.2682,pending,,2026-06-22T13:17:10+00:00
trackb_rev_PH_20260619,,,,,,,,,,,,,,pending,,2026-06-22T13:17:10+00:00
trackb_rev_PLBY_20260616,,,,,,1.54,1.43,,,,,,-4.3478,pending,,2026-06-22T13:17:34+00:00
trackb_rev_PLBY_20260617,,,,,,1.54,1.43,,,,,,-4.3478,pending,,2026-06-22T13:17:34+00:00
trackb_rev_PLBY_20260618,,,,,,1.477,1.43,,,,,,-4.3478,pending,,2026-06-22T13:17:34+00:00
trackb_rev_PLBY_20260619,,,,,,,,,,,,,,pending,,2026-06-22T13:17:34+00:00
trackb_rev_PLBY_20260622,,,,,,,,,,,,,,pending,,2026-06-22T13:17:34+00:00
trackb_rev_PLD_20260618,,,,,,141.490005,139.429993,,,,,,-0.8251,pending,,2026-06-22T13:16:27+00:00
trackb_rev_PLD_20260619,,,,,,,,,,,,,,pending,,2026-06-22T13:16:27+00:00
trackb_rev_PLD_20260622,,,,,,,,,,,,,,pending,,2026-06-22T13:16:27+00:00
trackb_rev_PLNT_20260608,49.98,,,,,53.130001,49.330002,,,,,,-2.6638,pending,,2026-06-22T13:16:02+00:00
trackb_rev_PLNT_20260610,50.209999,,,,,53.130001,49.330002,,,,,,-2.7597,pending,,2026-06-22T13:16:02+00:00
trackb_rev_PLTR_20260609,133.25,,,,,136.990005,125.010002,,,,,,-8.3974,pending,,2026-06-22T13:16:12+00:00
trackb_rev_PLTR_20260616,,,,,,136.100006,125.010002,,,,,,-6.8619,pending,,2026-06-22T13:16:12+00:00
trackb_rev_PLTR_20260617,,,,,,136.100006,125.010002,,,,,,-6.8619,pending,,2026-06-22T13:16:12+00:00
trackb_rev_PLTR_20260618,,,,,,131.429993,125.010002,,,,,,-6.8619,pending,,2026-06-22T13:16:12+00:00
trackb_rev_PLTR_20260619,,,,,,,,,,,,,,pending,,2026-06-22T13:16:12+00:00
trackb_rev_PL_20260609,28.209999,,,,,34.369999,26.33,,,,,,-19.5785,pending,,2026-06-22T13:15:13+00:00
trackb_rev_PL_20260610,28.219999,,,,,34.32,26.33,,,,,,-19.5785,pending,,2026-06-22T13:15:13+00:00
trackb_rev_PMNT_20260616,,,,,,0.212,0.111,,,,,,-39.9675,pending,,2026-06-22T13:17:36+00:00
trackb_rev_PMNT_20260617,,,,,,0.212,0.111,,,,,,-39.9675,pending,,2026-06-22T13:17:36+00:00
trackb_rev_POOL_20260611,198.990005,,,,,205.229996,186.309998,,,,,,-1.8853,pending,,2026-06-22T13:16:38+00:00
trackb_rev_POOL_20260612,,,,,,205.229996,189.889999,,,,,,-1.2738,pending,,2026-06-22T13:16:38+00:00
trackb_rev_POOL_20260616,,,,,,205.229996,189.889999,,,,,,-2.2496,pending,,2026-06-22T13:16:38+00:00
trackb_rev_POOL_20260617,,,,,,205.229996,192.479996,,,,,,-0.9163,pending,,2026-06-22T13:16:38+00:00
trackb_rev_POOL_20260618,,,,,,205.229996,194.369995,,,,,,-0.8316,pending,,2026-06-22T13:16:38+00:00
trackb_rev_POOL_20260619,,,,,,,,,,,,,,pending,,2026-06-22T13:16:38+00:00
trackb_rev_POOL_20260622,,,,,,,,,,,,,,pending,,2026-06-22T13:16:38+00:00
trackb_rev_POWL_20260612,,,,,,311.799988,283.880005,,,,,,-2.2788,pending,,2026-06-22T13:16:50+00:00
trackb_rev_PPC_20260612,,,,,,30.360001,27.17,,,,,,-8.3951,pending,,2026-06-22T13:16:55+00:00
trackb_rev_PPC_20260615,,,,,,29.969999,27.17,,,,,,-8.9477,pending,,2026-06-22T13:16:55+00:00
trackb_rev_PPC_20260616,,,,,,29.389999,27.17,,,,,,-5.9862,pending,,2026-06-22T13:16:55+00:00
trackb_rev_PPC_20260617,,,,,,29.030001,27.17,,,,,,-5.9862,pending,,2026-06-22T13:16:55+00:00
trackb_rev_PPC_20260618,,,,,,28.42,27.17,,,,,,-5.9862,pending,,2026-06-22T13:16:55+00:00
trackb_rev_PPC_20260619,,,,,,,,,,,,,,pending,,2026-06-22T13:16:55+00:00
trackb_rev_PPC_20260622,,,,,,,,,,,,,,pending,,2026-06-22T13:16:55+00:00
trackb_rev_PRDO_20260616,,,,,,32.669998,31.290001,,,,,,-5.3253,pending,,2026-06-22T13:17:33+00:00
trackb_rev_PRDO_20260617,,,,,,32.290001,31.290001,,,,,,-5.3253,pending,,2026-06-22T13:17:33+00:00
trackb_rev_PRDO_20260618,,,,,,32.290001,31.559999,,,,,,-0.661,pending,,2026-06-22T13:17:33+00:00
trackb_rev_PRDO_20260619,,,,,,,,,,,,,,pending,,2026-06-22T13:17:33+00:00
trackb_rev_PRDO_20260622,,,,,,,,,,,,,,pending,,2026-06-22T13:17:33+00:00
trackb_rev_PRIM_20260608,101.339996,,,,,125.959999,87.400002,,,,,,-28.2666,pending,,2026-06-22T13:15:59+00:00
trackb_rev_PRIM_20260609,103.269997,,,,,119.639999,87.400002,,,,,,-28.839,pending,,2026-06-22T13:15:59+00:00
trackb_rev_PRIM_20260610,101.660004,,,,,106.800003,87.400002,,,,,,-28.839,pending,,2026-06-22T13:15:59+00:00
trackb_rev_PRIM_20260612,,,,,,106.800003,93.199997,,,,,,-1.3757,pending,,2026-06-22T13:15:59+00:00
trackb_rev_PSKY_20260612,,,,,,10.97,9.75,,,,,,-7.0543,pending,,2026-06-22T13:16:52+00:00
trackb_rev_PSKY_20260615,,,,,,10.97,9.75,,,,,,-9.8474,pending,,2026-06-22T13:16:52+00:00
trackb_rev_PSKY_20260616,,,,,,10.79,9.75,,,,,,-6.8323,pending,,2026-06-22T13:16:52+00:00
trackb_rev_PSKY_20260617,,,,,,10.29,9.75,,,,,,-6.8323,pending,,2026-06-22T13:16:52+00:00
trackb_rev_PSKY_20260618,,,,,,10.2,9.75,,,,,,-6.8323,pending,,2026-06-22T13:16:52+00:00
trackb_rev_PSKY_20260619,,,,,,,,,,,,,,pending,,2026-06-22T13:16:52+00:00
trackb_rev_PSX_20260618,,,,,,167.0,164.100006,,,,,,-1.1595,pending,,2026-06-22T13:14:28+00:00
trackb_rev_PSX_20260619,,,,,,,,,,,,,,pending,,2026-06-22T13:14:28+00:00
trackb_rev_PSX_20260622,,,,,,,,,,,,,,pending,,2026-06-22T13:14:28+00:00
trackb_rev_PVH_20260608,83.260002,,,,,85.279999,75.370003,,,,,,-3.1234,pending,,2026-06-22T13:14:04+00:00
trackb_rev_PVH_20260609,81.669998,,,,,85.279999,76.209999,,,,,,-0.7682,pending,,2026-06-22T13:14:04+00:00
trackb_rev_PVH_20260611,77.07,,,,,85.279999,76.230003,,,,,,-2.6685,pending,,2026-06-22T13:14:04+00:00
trackb_rev_PVH_20260612,,,,,,85.279999,76.230003,,,,,,-6.8207,pending,,2026-06-22T13:14:04+00:00
trackb_rev_QNST_20260609,12.95,,,,,13.15,11.78,,,,,,-0.6745,pending,,2026-06-22T13:16:17+00:00
trackb_rev_QNST_20260610,12.77,,,,,13.15,11.78,,,,,,-0.6745,pending,,2026-06-22T13:16:17+00:00
trackb_rev_QNST_20260616,,,,,,13.15,12.48,,,,,,1.4634,pending,,2026-06-22T13:16:17+00:00
trackb_rev_QNST_20260617,,,,,,13.15,12.63,,,,,,2.6829,pending,,2026-06-22T13:16:17+00:00
trackb_rev_QS_20260612,,,,,,8.08,6.87,,,,,,-4.9793,pending,,2026-06-22T13:14:57+00:00
trackb_rev_QUBT_20260611,10.76,,,,,11.515,9.33,,,,,,-2.0986,pending,,2026-06-22T13:16:37+00:00
trackb_rev_QUBT_20260612,,,,,,11.515,9.68,,,,,,-2.3209,pending,,2026-06-22T13:16:37+00:00
trackb_rev_RAIL_20260616,,,,,,9.63,8.16,,,,,,1.1779,pending,,2026-06-22T13:17:36+00:00
trackb_rev_RAIL_20260617,,,,,,9.63,8.7,,,,,,7.8735,pending,,2026-06-22T13:17:36+00:00
trackb_rev_RAIL_20260618,,,,,,9.63,9.21,,,,,,14.1971,pending,,2026-06-22T13:17:36+00:00
trackb_rev_RAIL_20260619,,,,,,,,,,,,,,pending,,2026-06-22T13:17:36+00:00
trackb_rev_RBC_20260612,,,,,,640.02002,600.859985,,,,,,-1.0865,pending,,2026-06-22T13:16:58+00:00
trackb_rev_RBLX_20260603,41.5,48.02,,,,53.02,40.68,,,,,,-5.6477,pending,,2026-06-22T13:15:39+00:00
trackb_rev_RBLX_20260604,43.490002,51.529999,,,,53.02,40.68,,,,,,-5.6477,pending,,2026-06-22T13:15:39+00:00
trackb_rev_RBLX_20260605,43.310001,,,,,53.02,40.68,,,,,,-5.6477,pending,,2026-06-22T13:15:39+00:00
trackb_rev_RBLX_20260608,45.66,,,,,53.02,40.68,,,,,,-5.6477,pending,,2026-06-22T13:15:39+00:00
trackb_rev_RBLX_20260610,48.02,,,,,53.02,40.68,,,,,,-3.8298,pending,,2026-06-22T13:15:39+00:00
trackb_rev_RCAT_20260612,,,,,,12.265,10.571,,,,,,-11.9817,pending,,2026-06-22T13:14:31+00:00
trackb_rev_RCAT_20260616,,,,,,11.993,10.571,,,,,,-13.6349,pending,,2026-06-22T13:14:31+00:00
trackb_rev_RCAT_20260617,,,,,,11.705,10.571,,,,,,-13.6349,pending,,2026-06-22T13:14:31+00:00
trackb_rev_RCAT_20260618,,,,,,11.575,10.73,,,,,,-12.3359,pending,,2026-06-22T13:14:31+00:00
trackb_rev_RCAT_20260619,,,,,,,,,,,,,,pending,,2026-06-22T13:14:31+00:00
trackb_rev_RCAT_20260622,,,,,,,,,,,,,,pending,,2026-06-22T13:14:31+00:00
trackb_rev_RCL_20260612,,,,,,319.450012,283.450012,,,,,,-1.5662,pending,,2026-06-22T13:14:05+00:00
trackb_rev_REG_20260622,,,,,,,,,,,,,,pending,,2026-06-22T13:16:46+00:00
trackb_rev_RENX_20260616,,,,,,1.83,1.71,,,,,,-2.0619,pending,,2026-06-22T13:17:35+00:00
trackb_rev_RENX_20260617,,,,,,1.825,1.73,,,,,,-0.9164,pending,,2026-06-22T13:17:35+00:00
trackb_rev_RENX_20260618,,,,,,1.82,1.73,,,,,,-0.9164,pending,,2026-06-22T13:17:35+00:00
trackb_rev_RENX_20260619,,,,,,,,,,,,,,pending,,2026-06-22T13:17:35+00:00
trackb_rev_RENX_20260622,,,,,,,,,,,,,,pending,,2026-06-22T13:17:35+00:00
trackb_rev_REZI_20260616,,,,,,33.139999,30.370001,,,,,,-4.8708,pending,,2026-06-22T13:17:30+00:00
trackb_rev_REZI_20260617,,,,,,32.700001,30.370001,,,,,,-4.8708,pending,,2026-06-22T13:17:30+00:00
trackb_rev_REZI_20260618,,,,,,31.91,30.82,,,,,,-3.4612,pending,,2026-06-22T13:17:30+00:00
trackb_rev_REZI_20260619,,,,,,,,,,,,,,pending,,2026-06-22T13:17:30+00:00
trackb_rev_RHLD_20260618,,,,,,132.0,126.589996,,,,,,-1.4557,pending,,2026-06-22T13:17:00+00:00
trackb_rev_RHLD_20260619,,,,,,,,,,,,,,pending,,2026-06-22T13:17:00+00:00
trackb_rev_RH_20260618,,,,,,148.470001,137.25,,,,,,-0.9919,pending,,2026-06-22T13:14:10+00:00
trackb_rev_RH_20260619,,,,,,,,,,,,,,pending,,2026-06-22T13:14:10+00:00
trackb_rev_RH_20260622,,,,,,,,,,,,,,pending,,2026-06-22T13:14:10+00:00
trackb_rev_RIME_20260603,0.68,0.75,,,,0.79,0.63,,,,,,-12.2807,pending,,2026-06-22T13:15:47+00:00
trackb_rev_RIME_20260604,0.68,0.73,,,,0.79,0.63,,,,,,-12.2807,pending,,2026-06-22T13:15:47+00:00
trackb_rev_RIME_20260605,0.66,,,,,0.79,0.63,,,,,,-12.2807,pending,,2026-06-22T13:15:47+00:00
trackb_rev_RIME_20260608,0.68,,,,,0.79,0.63,,,,,,-5.9701,pending,,2026-06-22T13:15:47+00:00
trackb_rev_RIME_20260610,0.75,,,,,0.79,0.63,,,,,,-7.3529,pending,,2026-06-22T13:15:47+00:00
trackb_rev_RIME_20260612,,,,,,0.79,0.63,,,,,,-7.3529,pending,,2026-06-22T13:15:47+00:00
trackb_rev_RLI_20260603,53.939999,52.75,,,,54.849998,49.919998,,,,,,-1.5967,pending,,2026-06-22T13:15:39+00:00
trackb_rev_RLI_20260604,54.130001,53.09,,,,54.849998,50.25,,,,,,-0.9462,pending,,2026-06-22T13:15:39+00:00
trackb_rev_RLI_20260605,54.349998,,,,,54.849998,50.830002,,,,,,0.1971,pending,,2026-06-22T13:15:39+00:00
trackb_rev_RLI_20260608,53.59,,,,,54.849998,51.560001,,,,,,1.6361,pending,,2026-06-22T13:15:39+00:00
trackb_rev_ROCK_20260610,40.52,,,,,42.900002,37.119999,,,,,,-3.3082,pending,,2026-06-22T13:16:24+00:00
trackb_rev_ROCK_20260612,,,,,,42.900002,39.330002,,,,,,-0.203,pending,,2026-06-22T13:16:24+00:00
trackb_rev_ROLR_20260615,,,,,,6.714,5.57,,,,,,-13.7851,pending,,2026-06-22T13:16:32+00:00
trackb_rev_ROLR_20260616,,,,,,6.218,5.57,,,,,,-8.3882,pending,,2026-06-22T13:16:32+00:00
trackb_rev_ROLR_20260617,,,,,,6.218,5.57,,,,,,-8.3882,pending,,2026-06-22T13:16:32+00:00
trackb_rev_ROLR_20260618,,,,,,5.99,5.57,,,,,,-8.3882,pending,,2026-06-22T13:16:32+00:00
trackb_rev_ROLR_20260619,,,,,,,,,,,,,,pending,,2026-06-22T13:16:32+00:00
trackb_rev_ROP_20260611,330.26001,,,,,339.660004,325.799988,,,,,,-2.4843,pending,,2026-06-22T13:16:39+00:00
trackb_rev_ROP_20260612,,,,,,339.660004,325.799988,,,,,,-2.0769,pending,,2026-06-22T13:16:39+00:00
trackb_rev_ROP_20260615,,,,,,339.660004,325.799988,,,,,,-3.418,pending,,2026-06-22T13:16:39+00:00
trackb_rev_ROP_20260616,,,,,,339.660004,325.799988,,,,,,-2.5616,pending,,2026-06-22T13:16:39+00:00
trackb_rev_ROP_20260617,,,,,,339.660004,325.799988,,,,,,-2.5616,pending,,2026-06-22T13:16:39+00:00
trackb_rev_ROP_20260618,,,,,,332.040009,325.799988,,,,,,-1.2638,pending,,2026-06-22T13:16:39+00:00
trackb_rev_ROP_20260619,,,,,,,,,,,,,,pending,,2026-06-22T13:16:39+00:00
trackb_rev_ROP_20260622,,,,,,,,,,,,,,pending,,2026-06-22T13:16:39+00:00
trackb_rev_RRX_20260612,,,,,,232.639999,209.960007,,,,,,-0.6059,pending,,2026-06-22T13:16:53+00:00
trackb_rev_RSG_20260622,,,,,,,,,,,,,,pending,,2026-06-22T13:17:51+00:00
trackb_rev_RUN_20260609,12.64,,,,,13.625,11.7,,,,,,-13.0758,pending,,2026-06-22T13:16:12+00:00
trackb_rev_RUN_20260610,12.44,,,,,13.56,11.7,,,,,,-13.0758,pending,,2026-06-22T13:16:12+00:00
trackb_rev_RVLV_20260608,20.77,,,,,22.41,18.795,,,,,,-0.4502,pending,,2026-06-22T13:16:01+00:00
trackb_rev_RVLV_20260609,21.219999,,,,,22.41,19.6,,,,,,0.3071,pending,,2026-06-22T13:16:01+00:00
trackb_rev_RVLV_20260610,20.65,,,,,22.41,19.92,,,,,,1.9447,pending,,2026-06-22T13:16:01+00:00
trackb_rev_RVLV_20260616,,,,,,22.41,20.559999,,,,,,-1.7913,pending,,2026-06-22T13:16:01+00:00
trackb_rev_RVLV_20260617,,,,,,22.41,20.559999,,,,,,-1.7913,pending,,2026-06-22T13:16:01+00:00
trackb_rev_RVLV_20260618,,,,,,22.41,20.809999,,,,,,-0.5971,pending,,2026-06-22T13:16:01+00:00
trackb_rev_RVLV_20260619,,,,,,,,,,,,,,pending,,2026-06-22T13:16:01+00:00
trackb_rev_RVLV_20260622,,,,,,,,,,,,,,pending,,2026-06-22T13:16:01+00:00
trackb_rev_RYAN_20260603,34.669998,35.279999,,,,36.900002,30.67,,,,,,-2.5421,pending,,2026-06-22T13:15:40+00:00
trackb_rev_RYAN_20260604,34.490002,34.970001,,,,36.900002,31.17,,,,,,-0.9533,pending,,2026-06-22T13:15:40+00:00
trackb_rev_RYAN_20260605,35.639999,,,,,36.900002,31.17,,,,,,-0.9533,pending,,2026-06-22T13:15:40+00:00
trackb_rev_RYN_20260622,,,,,,,,,,,,,,pending,,2026-06-22T13:16:21+00:00
trackb_rev_SAFE_20260622,,,,,,,,,,,,,,pending,,2026-06-22T13:16:08+00:00
trackb_rev_SAFX_20260609,0.367,,,,,0.429,0.322,,,,,,-15.2632,pending,,2026-06-22T13:16:16+00:00
trackb_rev_SAFX_20260611,0.416,,,,,0.429,0.322,,,,,,-15.0396,pending,,2026-06-22T13:16:16+00:00
trackb_rev_SBAC_20260618,,,,,,192.300003,186.350006,,,,,,-2.7248,pending,,2026-06-22T13:17:48+00:00
trackb_rev_SBAC_20260619,,,,,,,,,,,,,,pending,,2026-06-22T13:17:48+00:00
trackb_rev_SBAC_20260622,,,,,,,,,,,,,,pending,,2026-06-22T13:17:48+00:00
trackb_rev_SBC_20260612,,,,,,3.14,2.87,,,,,,-4.0134,pending,,2026-06-22T13:16:57+00:00
trackb_rev_SBEV_20260616,,,,,,0.198,0.178,,,,,,-8.9048,pending,,2026-06-22T13:17:34+00:00
trackb_rev_SBEV_20260617,,,,,,0.195,0.178,,,,,,-8.9048,pending,,2026-06-22T13:17:34+00:00
trackb_rev_SBEV_20260618,,,,,,0.193,0.178,,,,,,-0.3917,pending,,2026-06-22T13:17:34+00:00
trackb_rev_SBEV_20260619,,,,,,,,,,,,,,pending,,2026-06-22T13:17:34+00:00
trackb_rev_SBEV_20260622,,,,,,,,,,,,,,pending,,2026-06-22T13:17:34+00:00
trackb_rev_SBGI_20260615,,,,,,14.13,13.29,,,,,,-5.2068,pending,,2026-06-22T13:17:09+00:00
trackb_rev_SBGI_20260616,,,,,,13.98,13.29,,,,,,-2.0994,pending,,2026-06-22T13:17:09+00:00
trackb_rev_SBGI_20260617,,,,,,13.98,13.52,,,,,,-0.4052,pending,,2026-06-22T13:17:09+00:00
trackb_rev_SBGI_20260618,,,,,,13.98,13.54,,,,,,-0.8785,pending,,2026-06-22T13:17:09+00:00
trackb_rev_SBGI_20260619,,,,,,,,,,,,,,pending,,2026-06-22T13:17:09+00:00
trackb_rev_SBGI_20260622,,,,,,,,,,,,,,pending,,2026-06-22T13:17:09+00:00
trackb_rev_SBH_20260612,,,,,,14.2,12.98,,,,,,-4.2773,pending,,2026-06-22T13:16:55+00:00
trackb_rev_SBH_20260622,,,,,,,,,,,,,,pending,,2026-06-22T13:16:55+00:00
trackb_rev_SCVL_20260608,16.85,,,,,17.74,15.89,,,,,,-2.6944,pending,,2026-06-22T13:16:00+00:00
trackb_rev_SCVL_20260609,16.299999,,,,,17.74,15.89,,,,,,-5.0209,pending,,2026-06-22T13:16:00+00:00
trackb_rev_SCVL_20260611,15.94,,,,,17.74,15.89,,,,,,-4.5646,pending,,2026-06-22T13:16:00+00:00
trackb_rev_SDOT_20260609,8.67,,,,,39.860001,8.67,,,,,,-57.7691,pending,,2026-06-22T13:16:14+00:00
trackb_rev_SDOT_20260615,,,,,,26.93,8.67,,,,,,-62.2551,pending,,2026-06-22T13:16:14+00:00
trackb_rev_SDOT_20260616,,,,,,23.860001,8.67,,,,,,-63.9606,pending,,2026-06-22T13:16:14+00:00
trackb_rev_SDOT_20260617,,,,,,20.6,11.0,,,,,,-54.2753,pending,,2026-06-22T13:16:14+00:00
trackb_rev_SDOT_20260618,,,,,,16.950001,14.038,,,,,,-41.6469,pending,,2026-06-22T13:16:14+00:00
trackb_rev_SDOT_20260619,,,,,,,,,,,,,,pending,,2026-06-22T13:16:14+00:00
trackb_rev_SFD_20260603,26.83,25.030001,,,,27.094999,24.639999,,,,,,-5.9901,pending,,2026-06-22T13:15:45+00:00
trackb_rev_SFD_20260604,26.58,24.940001,,,,27.094999,24.639999,,,,,,-5.9901,pending,,2026-06-22T13:15:45+00:00
trackb_rev_SFD_20260605,26.77,,,,,27.094999,24.639999,,,,,,-5.9901,pending,,2026-06-22T13:15:45+00:00
trackb_rev_SFD_20260608,25.93,,,,,27.08,24.639999,,,,,,-5.9901,pending,,2026-06-22T13:15:45+00:00
trackb_rev_SFD_20260616,,,,,,26.115,24.639999,,,,,,-6.0976,pending,,2026-06-22T13:15:45+00:00
trackb_rev_SFD_20260617,,,,,,26.030001,24.639999,,,,,,-6.0976,pending,,2026-06-22T13:15:45+00:00
trackb_rev_SFD_20260618,,,,,,25.290001,24.639999,,,,,,-6.0976,pending,,2026-06-22T13:15:45+00:00
trackb_rev_SFD_20260619,,,,,,,,,,,,,,pending,,2026-06-22T13:15:45+00:00
trackb_rev_SFD_20260622,,,,,,,,,,,,,,pending,,2026-06-22T13:15:45+00:00
trackb_rev_SFIX_20260609,4.16,,,,,4.305,3.52,,,,,,-3.8251,pending,,2026-06-22T13:16:14+00:00
trackb_rev_SFM_20260603,86.82,79.660004,,,,88.900002,76.860001,,,,,,-1.4868,pending,,2026-06-22T13:15:42+00:00
trackb_rev_SFM_20260604,88.120003,80.489998,,,,88.900002,76.860001,,,,,,-1.4868,pending,,2026-06-22T13:15:42+00:00
trackb_rev_SFM_20260605,86.330002,,,,,88.900002,76.860001,,,,,,-1.4868,pending,,2026-06-22T13:15:42+00:00
trackb_rev_SFM_20260608,85.389999,,,,,88.900002,76.860001,,,,,,-1.4868,pending,,2026-06-22T13:15:42+00:00
trackb_rev_SGI_20260608,74.260002,,,,,78.389999,66.779999,,,,,,-1.8086,pending,,2026-06-22T13:15:59+00:00
trackb_rev_SGI_20260616,,,,,,77.279999,73.510002,,,,,,-1.8165,pending,,2026-06-22T13:15:59+00:00
trackb_rev_SGI_20260617,,,,,,77.279999,73.510002,,,,,,-1.8165,pending,,2026-06-22T13:15:59+00:00
trackb_rev_SKIL_20260611,7.51,,,,,7.9,5.002,,,,,,-5.4442,pending,,2026-06-22T13:16:40+00:00
trackb_rev_SKIN_20260608,0.655,,,,,0.709,0.598,,,,,,-1.6447,pending,,2026-06-22T13:16:02+00:00
trackb_rev_SKIN_20260610,0.65,,,,,0.709,0.613,,,,,,-3.3123,pending,,2026-06-22T13:16:02+00:00
trackb_rev_SKYH_20260612,,,,,,9.605,9.14,,,,,,0.2193,pending,,2026-06-22T13:16:56+00:00
trackb_rev_SKYH_20260615,,,,,,9.605,9.23,,,,,,-0.7527,pending,,2026-06-22T13:16:56+00:00
trackb_rev_SKYH_20260616,,,,,,9.605,9.25,,,,,,-2.4262,pending,,2026-06-22T13:16:56+00:00
trackb_rev_SKYH_20260617,,,,,,9.605,9.25,,,,,,-2.4262,pending,,2026-06-22T13:16:56+00:00
trackb_rev_SKYH_20260618,,,,,,9.605,9.4,,,,,,-0.8439,pending,,2026-06-22T13:16:56+00:00
trackb_rev_SKYH_20260619,,,,,,,,,,,,,,pending,,2026-06-22T13:16:56+00:00
trackb_rev_SKYH_20260622,,,,,,,,,,,,,,pending,,2026-06-22T13:16:56+00:00
trackb_rev_SLDP_20260609,2.74,,,,,3.0,2.68,,,,,,-9.3063,pending,,2026-06-22T13:14:11+00:00
trackb_rev_SLDP_20260615,,,,,,3.0,2.68,,,,,,-10.2178,pending,,2026-06-22T13:14:11+00:00
trackb_rev_SLDP_20260616,,,,,,2.88,2.68,,,,,,-7.4266,pending,,2026-06-22T13:14:11+00:00
trackb_rev_SLDP_20260617,,,,,,2.88,2.68,,,,,,-7.4266,pending,,2026-06-22T13:14:11+00:00
trackb_rev_SLM_20260612,,,,,,23.559999,21.719999,,,,,,-1.897,pending,,2026-06-22T13:16:32+00:00
trackb_rev_SMCI_20260616,,,,,,30.91,27.709999,,,,,,-10.8286,pending,,2026-06-22T13:14:05+00:00
trackb_rev_SMCI_20260617,,,,,,30.91,27.709999,,,,,,-10.8286,pending,,2026-06-22T13:14:05+00:00
trackb_rev_SMPL_20260622,,,,,,,,,,,,,,pending,,2026-06-22T13:16:30+00:00
trackb_rev_SMR_20260609,9.89,,,,,11.8,9.12,,,,,,-15.2416,pending,,2026-06-22T13:14:16+00:00
trackb_rev_SOFI_20260612,,,,,,18.700001,16.23,,,,,,-2.6395,pending,,2026-06-22T13:15:30+00:00
trackb_rev_SOFI_20260615,,,,,,18.700001,17.01,,,,,,-1.534,pending,,2026-06-22T13:15:30+00:00
trackb_rev_SOFI_20260616,,,,,,18.700001,17.112,,,,,,-0.1342,pending,,2026-06-22T13:15:30+00:00
trackb_rev_SOFI_20260617,,,,,,18.700001,17.264999,,,,,,0.7587,pending,,2026-06-22T13:15:30+00:00
trackb_rev_SONO_20260612,,,,,,15.59,14.07,,,,,,-8.8731,pending,,2026-06-22T13:14:17+00:00
trackb_rev_SON_20260616,,,,,,52.130001,50.060001,,,,,,-1.4761,pending,,2026-06-22T13:17:32+00:00
trackb_rev_SON_20260617,,,,,,52.130001,50.32,,,,,,-0.9644,pending,,2026-06-22T13:17:32+00:00
trackb_rev_SON_20260618,,,,,,51.810001,50.43,,,,,,-0.7479,pending,,2026-06-22T13:17:32+00:00
trackb_rev_SON_20260619,,,,,,,,,,,,,,pending,,2026-06-22T13:17:32+00:00
trackb_rev_SO_20260618,,,,,,94.260002,92.440002,,,,,,-0.4362,pending,,2026-06-22T13:16:44+00:00
trackb_rev_SO_20260619,,,,,,,,,,,,,,pending,,2026-06-22T13:16:44+00:00
trackb_rev_SO_20260622,,,,,,,,,,,,,,pending,,2026-06-22T13:16:44+00:00
trackb_rev_SPGI_20260616,,,,,,436.369995,407.980011,,,,,,-4.6237,pending,,2026-06-22T13:17:27+00:00
trackb_rev_SPGI_20260617,,,,,,434.079987,407.980011,,,,,,-4.6237,pending,,2026-06-22T13:17:27+00:00
trackb_rev_SPGI_20260618,,,,,,418.0,407.980011,,,,,,-4.6237,pending,,2026-06-22T13:17:27+00:00
trackb_rev_SPGI_20260619,,,,,,,,,,,,,,pending,,2026-06-22T13:17:27+00:00
trackb_rev_SPGI_20260622,,,,,,,,,,,,,,pending,,2026-06-22T13:17:27+00:00
trackb_rev_SPIR_20260610,18.15,,,,,20.15,16.01,,,,,,-5.9342,pending,,2026-06-22T13:16:23+00:00
trackb_rev_STEM_20260610,7.68,,,,,8.32,7.2,,,,,,-7.455,pending,,2026-06-22T13:16:24+00:00
trackb_rev_STGW_20260610,6.66,,,,,7.05,6.4,,,,,,-0.6211,pending,,2026-06-22T13:14:51+00:00
trackb_rev_STGW_20260611,6.71,,,,,7.05,6.4,,,,,,-1.9908,pending,,2026-06-22T13:14:51+00:00
trackb_rev_STGW_20260612,,,,,,7.05,6.53,,,,,,-0.4573,pending,,2026-06-22T13:14:51+00:00
trackb_rev_STRA_20260615,,,,,,77.379997,73.019997,,,,,,-4.349,pending,,2026-06-22T13:17:08+00:00
trackb_rev_STRA_20260616,,,,,,75.800003,74.129997,,,,,,-0.995,pending,,2026-06-22T13:17:08+00:00
trackb_rev_STRA_20260617,,,,,,75.769997,74.129997,,,,,,-0.995,pending,,2026-06-22T13:17:08+00:00
trackb_rev_STRA_20260618,,,,,,75.589996,74.129997,,,,,,-0.995,pending,,2026-06-22T13:17:08+00:00
trackb_rev_STRA_20260619,,,,,,,,,,,,,,pending,,2026-06-22T13:17:08+00:00
trackb_rev_STRA_20260622,,,,,,,,,,,,,,pending,,2026-06-22T13:17:08+00:00
trackb_rev_STWD_20260622,,,,,,,,,,,,,,pending,,2026-06-22T13:17:53+00:00
trackb_rev_SUI_20260622,,,,,,,,,,,,,,pending,,2026-06-22T13:17:05+00:00
trackb_rev_SWX_20260618,,,,,,88.57,86.779999,,,,,,-0.3674,pending,,2026-06-22T13:17:45+00:00
trackb_rev_SWX_20260619,,,,,,,,,,,,,,pending,,2026-06-22T13:17:45+00:00
trackb_rev_SWX_20260622,,,,,,,,,,,,,,pending,,2026-06-22T13:17:45+00:00
trackb_rev_SXT_20260622,,,,,,,,,,,,,,pending,,2026-06-22T13:16:30+00:00
trackb_rev_SYK_20260603,308.839996,301.140015,,,,315.470001,291.73999,,,,,,-0.4861,pending,,2026-06-22T13:15:37+00:00
trackb_rev_SYK_20260604,305.640015,307.799988,,,,315.470001,298.019989,,,,,,1.6561,pending,,2026-06-22T13:15:37+00:00
trackb_rev_SYK_20260605,312.200012,,,,,315.470001,299.190002,,,,,,2.0552,pending,,2026-06-22T13:15:37+00:00
trackb_rev_SYK_20260608,307.940002,,,,,315.470001,299.190002,,,,,,2.0552,pending,,2026-06-22T13:15:37+00:00
trackb_rev_SYY_20260603,78.540001,79.0,,,,80.639999,73.650002,,,,,,-1.9438,pending,,2026-06-22T13:15:41+00:00
trackb_rev_SYY_20260604,79.639999,78.699997,,,,80.639999,74.239998,,,,,,-1.1583,pending,,2026-06-22T13:15:41+00:00
trackb_rev_SYY_20260605,79.190002,,,,,80.639999,74.5,,,,,,-0.8121,pending,,2026-06-22T13:15:41+00:00
trackb_rev_SYY_20260608,79.690002,,,,,80.639999,76.0,,,,,,1.1849,pending,,2026-06-22T13:15:41+00:00
trackb_rev_TDS_20260618,,,,,,39.75,38.93,,,,,,-1.5054,pending,,2026-06-22T13:17:47+00:00
trackb_rev_TDS_20260619,,,,,,,,,,,,,,pending,,2026-06-22T13:17:47+00:00
trackb_rev_TDS_20260622,,,,,,,,,,,,,,pending,,2026-06-22T13:17:47+00:00
trackb_rev_TDY_20260618,,,,,,631.830017,612.059998,,,,,,-0.5347,pending,,2026-06-22T13:17:43+00:00
trackb_rev_TDY_20260619,,,,,,,,,,,,,,pending,,2026-06-22T13:17:43+00:00
trackb_rev_TDY_20260622,,,,,,,,,,,,,,pending,,2026-06-22T13:17:43+00:00
trackb_rev_TECH_20260603,52.5,55.0,,,,58.25,49.040001,,,,,,-1.7923,pending,,2026-06-22T13:15:50+00:00
trackb_rev_TECH_20260604,54.02,57.939999,,,,58.25,51.27,,,,,,2.6735,pending,,2026-06-22T13:15:50+00:00
trackb_rev_TECH_20260605,54.0,,,,,58.25,51.27,,,,,,2.6735,pending,,2026-06-22T13:15:50+00:00
trackb_rev_TECH_20260608,56.169998,,,,,58.25,51.93,,,,,,3.9952,pending,,2026-06-22T13:15:50+00:00
trackb_rev_TECH_20260609,56.029999,,,,,58.25,51.970001,,,,,,-1.2915,pending,,2026-06-22T13:15:50+00:00
trackb_rev_TEM_20260616,,,,,,54.224998,48.709999,,,,,,-7.0509,pending,,2026-06-22T13:17:26+00:00
trackb_rev_TEM_20260617,,,,,,52.654999,48.709999,,,,,,-7.0509,pending,,2026-06-22T13:17:26+00:00
trackb_rev_TEM_20260618,,,,,,51.014999,48.849998,,,,,,-6.7837,pending,,2026-06-22T13:17:26+00:00
trackb_rev_TEM_20260619,,,,,,,,,,,,,,pending,,2026-06-22T13:17:26+00:00
trackb_rev_TFC_20260622,,,,,,,,,,,,,,pending,,2026-06-22T13:16:04+00:00
trackb_rev_TFX_20260618,,,,,,127.300003,124.290001,,,,,,-1.0863,pending,,2026-06-22T13:17:44+00:00
trackb_rev_TFX_20260619,,,,,,,,,,,,,,pending,,2026-06-22T13:17:44+00:00
trackb_rev_TFX_20260622,,,,,,,,,,,,,,pending,,2026-06-22T13:17:44+00:00
trackb_rev_TGT_20260603,127.980003,127.809998,,,,137.869995,120.769997,,,,,,-3.3763,pending,,2026-06-22T13:15:49+00:00
trackb_rev_TGT_20260604,132.639999,130.740005,,,,137.869995,120.769997,,,,,,-3.3763,pending,,2026-06-22T13:15:49+00:00
trackb_rev_TGT_20260605,135.229996,,,,,137.869995,120.769997,,,,,,-3.3763,pending,,2026-06-22T13:15:49+00:00
trackb_rev_TGT_20260609,133.399994,,,,,137.869995,123.980003,,,,,,0.0081,pending,,2026-06-22T13:15:49+00:00
trackb_rev_TGT_20260610,127.809998,,,,,137.869995,125.370003,,,,,,1.1293,pending,,2026-06-22T13:15:49+00:00
trackb_rev_TG_20260616,,,,,,8.08,7.63,,,,,,-4.8628,pending,,2026-06-22T13:17:34+00:00
trackb_rev_TG_20260617,,,,,,7.88,7.63,,,,,,-4.8628,pending,,2026-06-22T13:17:34+00:00
trackb_rev_TG_20260618,,,,,,7.88,7.66,,,,,,-4.4888,pending,,2026-06-22T13:17:34+00:00
trackb_rev_TG_20260619,,,,,,,,,,,,,,pending,,2026-06-22T13:17:34+00:00
trackb_rev_TG_20260622,,,,,,,,,,,,,,pending,,2026-06-22T13:17:34+00:00
trackb_rev_THO_20260603,74.839996,71.919998,,,,80.870003,69.709999,,,,,,-9.9063,pending,,2026-06-22T13:15:47+00:00
trackb_rev_THO_20260604,76.730003,72.379997,,,,80.870003,71.589996,,,,,,-7.4766,pending,,2026-06-22T13:15:47+00:00
trackb_rev_THO_20260605,77.169998,,,,,80.870003,71.589996,,,,,,-7.4766,pending,,2026-06-22T13:15:47+00:00
trackb_rev_THO_20260608,75.980003,,,,,80.870003,71.589996,,,,,,-7.4766,pending,,2026-06-22T13:15:47+00:00
trackb_rev_THO_20260616,,,,,,76.699997,71.589996,,,,,,-6.3571,pending,,2026-06-22T13:15:47+00:00
trackb_rev_THO_20260617,,,,,,76.510002,71.589996,,,,,,-6.3571,pending,,2026-06-22T13:15:47+00:00
trackb_rev_THO_20260618,,,,,,74.18,72.150002,,,,,,-5.6246,pending,,2026-06-22T13:15:47+00:00
trackb_rev_THO_20260619,,,,,,,,,,,,,,pending,,2026-06-22T13:15:47+00:00
trackb_rev_TIC_20260618,,,,,,8.45,8.02,,,,,,-1.1097,pending,,2026-06-22T13:17:47+00:00
trackb_rev_TIC_20260619,,,,,,,,,,,,,,pending,,2026-06-22T13:17:47+00:00
trackb_rev_TIC_20260622,,,,,,,,,,,,,,pending,,2026-06-22T13:17:47+00:00
trackb_rev_TITN_20260612,,,,,,20.940001,18.84,,,,,,-1.1024,pending,,2026-06-22T13:13:55+00:00
trackb_rev_TITN_20260616,,,,,,20.940001,19.209999,,,,,,-5.1592,pending,,2026-06-22T13:13:55+00:00
trackb_rev_TITN_20260617,,,,,,20.940001,19.209999,,,,,,-5.1592,pending,,2026-06-22T13:13:55+00:00
trackb_rev_TITN_20260618,,,,,,20.940001,19.58,,,,,,0.8758,pending,,2026-06-22T13:13:55+00:00
trackb_rev_TITN_20260619,,,,,,,,,,,,,,pending,,2026-06-22T13:13:55+00:00
trackb_rev_TITN_20260622,,,,,,,,,,,,,,pending,,2026-06-22T13:13:55+00:00
trackb_rev_TJX_20260603,167.660004,164.130005,,,,170.0,153.0,,,,,,-2.5788,pending,,2026-06-22T13:15:40+00:00
trackb_rev_TJX_20260604,168.339996,163.809998,,,,170.0,157.929993,,,,,,0.5603,pending,,2026-06-22T13:15:40+00:00
trackb_rev_TJX_20260605,168.410004,,,,,170.0,158.649994,,,,,,1.0188,pending,,2026-06-22T13:15:40+00:00
trackb_rev_TJX_20260608,167.330002,,,,,170.0,159.119995,,,,,,1.318,pending,,2026-06-22T13:15:40+00:00
trackb_rev_TLN_20260612,,,,,,449.841003,348.834991,,,,,,1.1702,pending,,2026-06-22T13:15:34+00:00
trackb_rev_TLYS_20260622,,,,,,,,,,,,,,pending,,2026-06-22T13:15:05+00:00
trackb_rev_TMDX_20260609,75.82,,,,,80.720001,70.650002,,,,,,-0.6888,pending,,2026-06-22T13:16:13+00:00
trackb_rev_TMDX_20260610,73.220001,,,,,80.720001,71.324997,,,,,,0.26,pending,,2026-06-22T13:16:13+00:00
trackb_rev_TMDX_20260615,,,,,,80.720001,72.830002,,,,,,-2.6532,pending,,2026-06-22T13:16:13+00:00
trackb_rev_TMDX_20260616,,,,,,80.720001,72.830002,,,,,,-2.6207,pending,,2026-06-22T13:16:13+00:00
trackb_rev_TMDX_20260617,,,,,,80.720001,72.830002,,,,,,-2.6207,pending,,2026-06-22T13:16:13+00:00
trackb_rev_TMDX_20260618,,,,,,80.720001,75.114998,,,,,,0.4345,pending,,2026-06-22T13:16:13+00:00
trackb_rev_TMDX_20260619,,,,,,,,,,,,,,pending,,2026-06-22T13:16:13+00:00
trackb_rev_TMDX_20260622,,,,,,,,,,,,,,pending,,2026-06-22T13:16:13+00:00
trackb_rev_TMO_20260609,472.630005,,,,,494.359985,457.640015,,,,,,-2.5531,pending,,2026-06-22T13:15:28+00:00
trackb_rev_TMO_20260616,,,,,,477.440002,457.640015,,,,,,-3.1982,pending,,2026-06-22T13:15:28+00:00
trackb_rev_TMO_20260617,,,,,,472.149994,457.640015,,,,,,-3.1982,pending,,2026-06-22T13:15:28+00:00
trackb_rev_TMO_20260618,,,,,,467.940002,459.0,,,,,,-2.9106,pending,,2026-06-22T13:15:28+00:00
trackb_rev_TMO_20260619,,,,,,,,,,,,,,pending,,2026-06-22T13:15:28+00:00
trackb_rev_TMO_20260622,,,,,,,,,,,,,,pending,,2026-06-22T13:15:28+00:00
trackb_rev_TOMZ_20260616,,,,,,0.9,0.69,,,,,,-1.2876,pending,,2026-06-22T13:14:13+00:00
trackb_rev_TOMZ_20260617,,,,,,0.78,0.69,,,,,,-1.2876,pending,,2026-06-22T13:14:13+00:00
trackb_rev_TOMZ_20260618,,,,,,0.78,0.7,,,,,,0.1431,pending,,2026-06-22T13:14:13+00:00
trackb_rev_TOMZ_20260619,,,,,,,,,,,,,,pending,,2026-06-22T13:14:13+00:00
trackb_rev_TRNO_20260618,,,,,,64.720001,62.990002,,,,,,-1.3005,pending,,2026-06-22T13:16:30+00:00
trackb_rev_TRNO_20260619,,,,,,,,,,,,,,pending,,2026-06-22T13:16:30+00:00
trackb_rev_TRNO_20260622,,,,,,,,,,,,,,pending,,2026-06-22T13:16:30+00:00
trackb_rev_TRUG_20260616,,,,,,1.47,1.28,,,,,,-11.7241,pending,,2026-06-22T13:17:35+00:00
trackb_rev_TRUG_20260617,,,,,,1.45,1.28,,,,,,-11.7241,pending,,2026-06-22T13:17:35+00:00
trackb_rev_TRUG_20260618,,,,,,1.404,1.35,,,,,,-6.8966,pending,,2026-06-22T13:17:35+00:00
trackb_rev_TRUG_20260619,,,,,,,,,,,,,,pending,,2026-06-22T13:17:35+00:00
trackb_rev_TRU_20260616,,,,,,70.07,63.580002,,,,,,-6.5412,pending,,2026-06-22T13:14:01+00:00
trackb_rev_TRU_20260617,,,,,,70.07,63.580002,,,,,,-6.5412,pending,,2026-06-22T13:14:01+00:00
trackb_rev_TSQ_20260622,,,,,,,,,,,,,,pending,,2026-06-22T13:17:22+00:00
trackb_rev_TTC_20260616,,,,,,93.529999,88.610001,,,,,,-1.5936,pending,,2026-06-22T13:17:32+00:00
trackb_rev_TTC_20260617,,,,,,93.529999,90.290001,,,,,,0.2721,pending,,2026-06-22T13:17:32+00:00
trackb_rev_TTC_20260618,,,,,,93.529999,91.309998,,,,,,0.4842,pending,,2026-06-22T13:17:32+00:00
trackb_rev_TTC_20260619,,,,,,,,,,,,,,pending,,2026-06-22T13:17:32+00:00
trackb_rev_TTC_20260622,,,,,,,,,,,,,,pending,,2026-06-22T13:17:32+00:00
trackb_rev_TTEK_20260611,27.360001,,,,,29.0,26.790001,,,,,,-1.326,pending,,2026-06-22T13:16:41+00:00
trackb_rev_TTEK_20260616,,,,,,29.0,26.790001,,,,,,-5.0,pending,,2026-06-22T13:16:41+00:00
trackb_rev_TTEK_20260617,,,,,,29.0,26.790001,,,,,,-5.0,pending,,2026-06-22T13:16:41+00:00
trackb_rev_TTEK_20260618,,,,,,28.41,26.790001,,,,,,-4.9831,pending,,2026-06-22T13:16:41+00:00
trackb_rev_TTEK_20260619,,,,,,,,,,,,,,pending,,2026-06-22T13:16:41+00:00
trackb_rev_TTEK_20260622,,,,,,,,,,,,,,pending,,2026-06-22T13:16:41+00:00
trackb_rev_TWI_20260615,,,,,,8.04,7.32,,,,,,-8.3281,pending,,2026-06-22T13:17:09+00:00
trackb_rev_TWI_20260616,,,,,,7.71,7.32,,,,,,-5.0584,pending,,2026-06-22T13:17:09+00:00
trackb_rev_TWI_20260617,,,,,,7.65,7.32,,,,,,-5.0584,pending,,2026-06-22T13:17:09+00:00
trackb_rev_TWI_20260618,,,,,,7.65,7.43,,,,,,0.9511,pending,,2026-06-22T13:17:09+00:00
trackb_rev_TWI_20260619,,,,,,,,,,,,,,pending,,2026-06-22T13:17:09+00:00
trackb_rev_TWI_20260622,,,,,,,,,,,,,,pending,,2026-06-22T13:17:09+00:00
trackb_rev_UAA_20260609,5.84,,,,,6.2,5.63,,,,,,-0.7055,pending,,2026-06-22T13:16:15+00:00
trackb_rev_UAA_20260610,5.7,,,,,6.2,5.64,,,,,,-0.5291,pending,,2026-06-22T13:16:15+00:00
trackb_rev_UAA_20260622,,,,,,,,,,,,,,pending,,2026-06-22T13:16:15+00:00
trackb_rev_UAVS_20260612,,,,,,0.96,0.89,,,,,,-5.3192,pending,,2026-06-22T13:16:56+00:00
trackb_rev_UA_20260612,,,,,,6.025,5.52,,,,,,-5.3173,pending,,2026-06-22T13:16:55+00:00
trackb_rev_UA_20260622,,,,,,,,,,,,,,pending,,2026-06-22T13:16:55+00:00
trackb_rev_UGI_20260603,34.790001,33.619999,,,,35.48,33.369999,,,,,,-4.5754,pending,,2026-06-22T13:15:41+00:00
trackb_rev_UGI_20260604,34.77,33.810001,,,,35.48,33.369999,,,,,,-4.5754,pending,,2026-06-22T13:15:41+00:00
trackb_rev_UGI_20260605,35.029999,,,,,35.48,33.369999,,,,,,-4.5754,pending,,2026-06-22T13:15:41+00:00
trackb_rev_UGI_20260608,34.360001,,,,,35.48,33.369999,,,,,,-4.5754,pending,,2026-06-22T13:15:41+00:00
trackb_rev_UGI_20260622,,,,,,,,,,,,,,pending,,2026-06-22T13:15:41+00:00
trackb_rev_UNFI_20260618,,,,,,51.860001,49.389999,,,,,,-0.5237,pending,,2026-06-22T13:14:55+00:00
trackb_rev_UNFI_20260619,,,,,,,,,,,,,,pending,,2026-06-22T13:14:55+00:00
trackb_rev_UNFI_20260622,,,,,,,,,,,,,,pending,,2026-06-22T13:14:55+00:00
trackb_rev_UNF_20260622,,,,,,,,,,,,,,pending,,2026-06-22T13:15:28+00:00
trackb_rev_UONE_20260612,,,,,,6.9,5.6,,,,,,-1.5817,pending,,2026-06-22T13:16:55+00:00
trackb_rev_UONE_20260616,,,,,,6.9,5.73,,,,,,-6.979,pending,,2026-06-22T13:16:55+00:00
trackb_rev_UONE_20260617,,,,,,6.9,5.74,,,,,,-6.8167,pending,,2026-06-22T13:16:55+00:00
trackb_rev_UONE_20260618,,,,,,6.9,5.92,,,,,,-3.8945,pending,,2026-06-22T13:16:55+00:00
trackb_rev_UONE_20260619,,,,,,,,,,,,,,pending,,2026-06-22T13:16:55+00:00
trackb_rev_UPST_20260615,,,,,,34.02,30.040001,,,,,,-8.2356,pending,,2026-06-22T13:15:30+00:00
trackb_rev_UPST_20260616,,,,,,33.950001,30.040001,,,,,,-8.6652,pending,,2026-06-22T13:15:30+00:00
trackb_rev_UPST_20260617,,,,,,33.950001,30.040001,,,,,,-8.6652,pending,,2026-06-22T13:15:30+00:00
trackb_rev_UPWK_20260609,8.43,,,,,8.96,7.99,,,,,,-9.9211,pending,,2026-06-22T13:16:17+00:00
trackb_rev_UPWK_20260616,,,,,,8.58,7.99,,,,,,-6.2207,pending,,2026-06-22T13:16:17+00:00
trackb_rev_UPWK_20260617,,,,,,8.37,7.99,,,,,,-6.2207,pending,,2026-06-22T13:16:17+00:00
trackb_rev_UPWK_20260618,,,,,,8.27,7.99,,,,,,-6.2207,pending,,2026-06-22T13:16:17+00:00
trackb_rev_UPWK_20260619,,,,,,,,,,,,,,pending,,2026-06-22T13:16:17+00:00
trackb_rev_URG_20260616,,,,,,1.8,1.45,,,,,,-17.3789,pending,,2026-06-22T13:14:14+00:00
trackb_rev_URG_20260617,,,,,,1.77,1.45,,,,,,-17.3789,pending,,2026-06-22T13:14:14+00:00
trackb_rev_URG_20260618,,,,,,1.62,1.45,,,,,,-17.3789,pending,,2026-06-22T13:14:14+00:00
trackb_rev_URG_20260619,,,,,,,,,,,,,,pending,,2026-06-22T13:14:14+00:00
trackb_rev_USLM_20260610,110.370003,,,,,115.209999,103.0,,,,,,-2.5267,pending,,2026-06-22T13:16:25+00:00
trackb_rev_USLM_20260612,,,,,,115.209999,104.419998,,,,,,-1.4441,pending,,2026-06-22T13:16:25+00:00
trackb_rev_VEEV_20260612,,,,,,166.899994,150.389999,,,,,,-6.9081,pending,,2026-06-22T13:15:15+00:00
trackb_rev_VEEV_20260615,,,,,,166.899994,150.389999,,,,,,-9.7163,pending,,2026-06-22T13:15:15+00:00
trackb_rev_VEEV_20260616,,,,,,163.759995,150.389999,,,,,,-7.7362,pending,,2026-06-22T13:15:15+00:00
trackb_rev_VEEV_20260617,,,,,,163.759995,150.389999,,,,,,-7.7362,pending,,2026-06-22T13:15:15+00:00
trackb_rev_VEEV_20260618,,,,,,154.0,150.389999,,,,,,-7.7362,pending,,2026-06-22T13:15:15+00:00
trackb_rev_VEEV_20260619,,,,,,,,,,,,,,pending,,2026-06-22T13:15:15+00:00
trackb_rev_VG_20260603,13.29,11.05,,,,13.82,10.59,,,,,,-17.9388,pending,,2026-06-22T13:15:45+00:00
trackb_rev_VG_20260604,12.75,11.02,,,,13.82,10.59,,,,,,-17.9388,pending,,2026-06-22T13:15:45+00:00
trackb_rev_VG_20260605,13.08,,,,,13.82,10.59,,,,,,-17.9388,pending,,2026-06-22T13:15:45+00:00
trackb_rev_VITL_20260603,10.54,10.85,,,,11.49,9.61,,,,,,-1.5369,pending,,2026-06-22T13:15:50+00:00
trackb_rev_VITL_20260604,11.0,10.41,,,,11.49,9.61,,,,,,-1.5369,pending,,2026-06-22T13:15:50+00:00
trackb_rev_VITL_20260605,10.6,,,,,11.49,9.69,,,,,,-0.7172,pending,,2026-06-22T13:15:50+00:00
trackb_rev_VITL_20260608,10.61,,,,,11.49,9.85,,,,,,-1.8924,pending,,2026-06-22T13:15:50+00:00
trackb_rev_VITL_20260610,10.85,,,,,11.49,10.3,,,,,,2.3857,pending,,2026-06-22T13:15:50+00:00
trackb_rev_VITL_20260611,10.41,,,,,11.49,10.3,,,,,,-2.277,pending,,2026-06-22T13:15:50+00:00
trackb_rev_VITL_20260616,,,,,,11.49,10.3,,,,,,-3.5581,pending,,2026-06-22T13:15:50+00:00
trackb_rev_VITL_20260617,,,,,,11.49,10.32,,,,,,-3.3708,pending,,2026-06-22T13:15:50+00:00
trackb_rev_VITL_20260618,,,,,,11.155,10.32,,,,,,-4.8848,pending,,2026-06-22T13:15:50+00:00
trackb_rev_VITL_20260619,,,,,,,,,,,,,,pending,,2026-06-22T13:15:50+00:00
trackb_rev_VITL_20260622,,,,,,,,,,,,,,pending,,2026-06-22T13:15:50+00:00
trackb_rev_VLO_20260622,,,,,,,,,,,,,,pending,,2026-06-22T13:14:32+00:00
trackb_rev_VLTO_20260622,,,,,,,,,,,,,,pending,,2026-06-22T13:17:53+00:00
trackb_rev_VMC_20260609,300.829987,,,,,306.859985,271.630005,,,,,,0.6112,pending,,2026-06-22T13:16:17+00:00
trackb_rev_VMC_20260611,302.839996,,,,,306.859985,271.859985,,,,,,-0.2971,pending,,2026-06-22T13:16:17+00:00
trackb_rev_VNT_20260618,,,,,,30.219999,29.610001,,,,,,-0.1181,pending,,2026-06-22T13:17:45+00:00
trackb_rev_VNT_20260619,,,,,,,,,,,,,,pending,,2026-06-22T13:17:45+00:00
trackb_rev_VNT_20260622,,,,,,,,,,,,,,pending,,2026-06-22T13:17:45+00:00
trackb_rev_VRA_20260618,,,,,,4.07,3.73,,,,,,-1.061,pending,,2026-06-22T13:17:46+00:00
trackb_rev_VRA_20260619,,,,,,,,,,,,,,pending,,2026-06-22T13:17:46+00:00
trackb_rev_VRA_20260622,,,,,,,,,,,,,,pending,,2026-06-22T13:17:46+00:00
trackb_rev_VRSK_20260622,,,,,,,,,,,,,,pending,,2026-06-22T13:14:59+00:00
trackb_rev_VST_20260610,158.830002,,,,,170.339996,137.910004,,,,,,-6.1198,pending,,2026-06-22T13:16:23+00:00
trackb_rev_VST_20260611,163.75,,,,,170.339996,139.570007,,,,,,0.7435,pending,,2026-06-22T13:16:23+00:00
trackb_rev_VST_20260612,,,,,,170.339996,147.0,,,,,,0.4236,pending,,2026-06-22T13:16:23+00:00
trackb_rev_WAL_20260618,,,,,,80.32,78.849998,,,,,,-0.4608,pending,,2026-06-22T13:16:33+00:00
trackb_rev_WAL_20260619,,,,,,,,,,,,,,pending,,2026-06-22T13:16:33+00:00
trackb_rev_WAL_20260622,,,,,,,,,,,,,,pending,,2026-06-22T13:16:33+00:00
trackb_rev_WATT_20260611,25.23,,,,,28.870001,22.870001,,,,,,-0.2181,pending,,2026-06-22T13:14:13+00:00
trackb_rev_WAY_20260608,18.549999,,,,,20.120001,17.75,,,,,,-11.25,pending,,2026-06-22T13:16:02+00:00
trackb_rev_WAY_20260612,,,,,,19.4,17.75,,,,,,-3.794,pending,,2026-06-22T13:16:02+00:00
trackb_rev_WAY_20260615,,,,,,19.4,17.75,,,,,,-6.7752,pending,,2026-06-22T13:16:02+00:00
trackb_rev_WAY_20260616,,,,,,18.895,17.75,,,,,,-5.1816,pending,,2026-06-22T13:16:02+00:00
trackb_rev_WAY_20260617,,,,,,18.895,17.75,,,,,,-5.1816,pending,,2026-06-22T13:16:02+00:00
trackb_rev_WAY_20260618,,,,,,18.639999,17.860001,,,,,,-4.594,pending,,2026-06-22T13:16:02+00:00
trackb_rev_WAY_20260619,,,,,,,,,,,,,,pending,,2026-06-22T13:16:02+00:00
trackb_rev_WEC_20260622,,,,,,,,,,,,,,pending,,2026-06-22T13:17:25+00:00
trackb_rev_WELL_20260618,,,,,,208.520004,202.899994,,,,,,-2.4402,pending,,2026-06-22T13:17:48+00:00
trackb_rev_WELL_20260619,,,,,,,,,,,,,,pending,,2026-06-22T13:17:48+00:00
trackb_rev_WELL_20260622,,,,,,,,,,,,,,pending,,2026-06-22T13:17:48+00:00
trackb_rev_WGS_20260603,54.32,56.419998,,,,63.310001,51.0,,,,,,-2.5416,pending,,2026-06-22T13:15:37+00:00
trackb_rev_WGS_20260604,60.990002,59.009998,,,,63.310001,51.509998,,,,,,-1.567,pending,,2026-06-22T13:15:37+00:00
trackb_rev_WGS_20260605,59.919998,,,,,63.310001,51.509998,,,,,,-1.567,pending,,2026-06-22T13:15:37+00:00
trackb_rev_WGS_20260609,60.599998,,,,,63.310001,52.279999,,,,,,0.9266,pending,,2026-06-22T13:15:37+00:00
trackb_rev_WGS_20260610,56.419998,,,,,63.310001,52.509998,,,,,,1.3707,pending,,2026-06-22T13:15:37+00:00
trackb_rev_WING_20260603,145.589996,150.050003,,,,172.740005,135.770004,,,,,,-5.1952,pending,,2026-06-22T13:15:37+00:00
trackb_rev_WING_20260604,153.880005,161.779999,,,,172.740005,138.0,,,,,,-3.638,pending,,2026-06-22T13:15:37+00:00
trackb_rev_WING_20260605,162.289993,,,,,172.740005,138.0,,,,,,-3.638,pending,,2026-06-22T13:15:37+00:00
trackb_rev_WING_20260608,166.220001,,,,,172.740005,138.0,,,,,,-2.9741,pending,,2026-06-22T13:15:37+00:00
trackb_rev_WING_20260612,,,,,,172.740005,148.369995,,,,,,-3.5807,pending,,2026-06-22T13:15:37+00:00
trackb_rev_WKHS_20260612,,,,,,3.2,2.77,,,,,,-11.7834,pending,,2026-06-22T13:16:55+00:00
trackb_rev_WM_20260616,,,,,,219.520004,212.220001,,,,,,-2.2275,pending,,2026-06-22T13:17:27+00:00
trackb_rev_WM_20260617,,,,,,218.75,212.220001,,,,,,-2.2275,pending,,2026-06-22T13:17:27+00:00
trackb_rev_WM_20260618,,,,,,216.940002,212.220001,,,,,,-1.7136,pending,,2026-06-22T13:17:27+00:00
trackb_rev_WM_20260619,,,,,,,,,,,,,,pending,,2026-06-22T13:17:27+00:00
trackb_rev_WM_20260622,,,,,,,,,,,,,,pending,,2026-06-22T13:17:27+00:00
trackb_rev_WNC_20260603,8.26,10.8,,,,12.1,7.21,,,,,,-7.5048,pending,,2026-06-22T13:15:44+00:00
trackb_rev_WNC_20260604,8.94,11.36,,,,12.1,7.21,,,,,,-7.5048,pending,,2026-06-22T13:15:44+00:00
trackb_rev_WNC_20260605,9.71,,,,,12.1,7.21,,,,,,-7.5048,pending,,2026-06-22T13:15:44+00:00
trackb_rev_WNC_20260608,9.46,,,,,12.1,7.45,,,,,,1.4986,pending,,2026-06-22T13:15:44+00:00
trackb_rev_WNC_20260610,10.8,,,,,12.1,7.87,,,,,,1.4175,pending,,2026-06-22T13:15:44+00:00
trackb_rev_WPC_20260622,,,,,,,,,,,,,,pending,,2026-06-22T13:16:31+00:00
trackb_rev_WSO_20260618,,,,,,401.339996,388.380005,,,,,,-0.0232,pending,,2026-06-22T13:17:42+00:00
trackb_rev_WSO_20260619,,,,,,,,,,,,,,pending,,2026-06-22T13:17:42+00:00
trackb_rev_WSO_20260622,,,,,,,,,,,,,,pending,,2026-06-22T13:17:42+00:00
trackb_rev_WTRG_20260616,,,,,,37.98,36.34,,,,,,-4.0148,pending,,2026-06-22T13:17:36+00:00
trackb_rev_WTRG_20260617,,,,,,37.91,36.34,,,,,,-4.0148,pending,,2026-06-22T13:17:36+00:00
trackb_rev_WTRG_20260618,,,,,,37.41,36.34,,,,,,-1.4909,pending,,2026-06-22T13:17:36+00:00
trackb_rev_WTRG_20260619,,,,,,,,,,,,,,pending,,2026-06-22T13:17:36+00:00
trackb_rev_WTRG_20260622,,,,,,,,,,,,,,pending,,2026-06-22T13:17:36+00:00
trackb_rev_WWW_20260610,16.700001,,,,,18.73,16.540001,,,,,,-1.5476,pending,,2026-06-22T13:16:24+00:00
trackb_rev_WWW_20260618,,,,,,17.799999,16.9,,,,,,-0.3244,pending,,2026-06-22T13:16:24+00:00
trackb_rev_WWW_20260619,,,,,,,,,,,,,,pending,,2026-06-22T13:16:24+00:00
trackb_rev_WWW_20260622,,,,,,,,,,,,,,pending,,2026-06-22T13:16:24+00:00
trackb_rev_WY_20260612,,,,,,25.42,24.209999,,,,,,-0.4932,pending,,2026-06-22T13:14:57+00:00
trackb_rev_W_20260609,83.160004,,,,,90.521004,67.610001,,,,,,0.685,pending,,2026-06-22T13:15:08+00:00
trackb_rev_W_20260610,81.589996,,,,,90.521004,68.25,,,,,,1.6381,pending,,2026-06-22T13:15:08+00:00
trackb_rev_XEL_20260622,,,,,,,,,,,,,,pending,,2026-06-22T13:17:54+00:00
trackb_rev_XPOF_20260612,,,,,,7.04,6.28,,,,,,-1.2579,pending,,2026-06-22T13:16:54+00:00
trackb_rev_XRAY_20260616,,,,,,10.94,10.01,,,,,,-0.6452,pending,,2026-06-22T13:17:28+00:00
trackb_rev_XRAY_20260617,,,,,,10.94,10.01,,,,,,-0.6452,pending,,2026-06-22T13:17:28+00:00
trackb_rev_XRAY_20260618,,,,,,10.45,10.06,,,,,,-0.1489,pending,,2026-06-22T13:17:28+00:00
trackb_rev_XRAY_20260619,,,,,,,,,,,,,,pending,,2026-06-22T13:17:28+00:00
trackb_rev_XRN_20260622,,,,,,,,,,,,,,pending,,2026-06-22T13:15:26+00:00
trackb_rev_XYL_20260612,,,,,,113.080002,108.800003,,,,,,-0.2292,pending,,2026-06-22T13:16:57+00:00
trackb_rev_XYL_20260616,,,,,,113.080002,109.82,,,,,,-1.6346,pending,,2026-06-22T13:16:57+00:00
trackb_rev_XYL_20260617,,,,,,113.080002,109.82,,,,,,-1.6346,pending,,2026-06-22T13:16:57+00:00
trackb_rev_XYL_20260618,,,,,,112.739998,110.75,,,,,,-0.8016,pending,,2026-06-22T13:16:57+00:00
trackb_rev_XYL_20260619,,,,,,,,,,,,,,pending,,2026-06-22T13:16:57+00:00
trackb_rev_XYZ_20260611,74.779999,,,,,76.165001,65.459999,,,,,,-1.756,pending,,2026-06-22T13:16:38+00:00
trackb_rev_YELP_20260612,,,,,,23.99,22.129999,,,,,,-3.8662,pending,,2026-06-22T13:16:54+00:00
trackb_rev_YELP_20260615,,,,,,23.99,22.129999,,,,,,-5.629,pending,,2026-06-22T13:16:54+00:00
trackb_rev_YELP_20260616,,,,,,23.370001,22.129999,,,,,,-3.573,pending,,2026-06-22T13:16:54+00:00
trackb_rev_YELP_20260617,,,,,,23.23,22.129999,,,,,,-3.573,pending,,2026-06-22T13:16:54+00:00
trackb_rev_YELP_20260618,,,,,,22.99,22.129999,,,,,,-0.6955,pending,,2026-06-22T13:16:54+00:00
trackb_rev_YELP_20260619,,,,,,,,,,,,,,pending,,2026-06-22T13:16:54+00:00
trackb_rev_YELP_20260622,,,,,,,,,,,,,,pending,,2026-06-22T13:16:54+00:00
trackb_rev_YORW_20260616,,,,,,30.23,29.4,,,,,,-1.491,pending,,2026-06-22T13:16:19+00:00
trackb_rev_YORW_20260617,,,,,,30.17,29.4,,,,,,-1.491,pending,,2026-06-22T13:16:19+00:00
trackb_rev_YORW_20260618,,,,,,30.17,29.42,,,,,,-1.424,pending,,2026-06-22T13:16:19+00:00
trackb_rev_YORW_20260619,,,,,,,,,,,,,,pending,,2026-06-22T13:16:19+00:00
trackb_rev_YUM_20260618,,,,,,154.710007,151.199997,,,,,,-2.2466,pending,,2026-06-22T13:17:43+00:00
trackb_rev_YUM_20260619,,,,,,,,,,,,,,pending,,2026-06-22T13:17:43+00:00
trackb_rev_YUM_20260622,,,,,,,,,,,,,,pending,,2026-06-22T13:17:43+00:00
trackb_rev_ZM_20260616,,,,,,93.629997,85.010002,,,,,,-10.1374,pending,,2026-06-22T13:14:45+00:00
trackb_rev_ZM_20260617,,,,,,91.599998,85.010002,,,,,,-10.1374,pending,,2026-06-22T13:14:45+00:00
trackb_rev_ZTS_20260616,,,,,,80.580002,76.800003,,,,,,-3.7473,pending,,2026-06-22T13:17:27+00:00
trackb_rev_ZTS_20260617,,,,,,80.019997,76.800003,,,,,,-3.7473,pending,,2026-06-22T13:17:27+00:00
trackb_rev_ZTS_20260618,,,,,,79.059998,77.309998,,,,,,0.0647,pending,,2026-06-22T13:17:27+00:00
trackb_rev_ZTS_20260619,,,,,,,,,,,,,,pending,,2026-06-22T13:17:27+00:00
trackb_rev_ZTS_20260622,,,,,,,,,,,,,,pending,,2026-06-22T13:17:27+00:00
trackb_rev_ZWS_20260622,,,,,,,,,,,,,,pending,,2026-06-22T13:17:51+00:00
